CreationID,Interval,SLA,EndTime,Cpu,Core,Ram,BwUp,BwDown
0,0,19,20,a1,2,4096,1000,1000
1,0,16,20,a1,4,8192,1000,1000
2,0,18,20,a1,8,16384,1000,1000
3,0,19,20,a1,16,32768,1000,1000
4,1,17,21,a1,4,16384,1000,1000
5,1,21,21,a1,2,4096,1000,1000
6,1,24,21,a1,4,8192,1000,1000
7,1,21,21,a1,8,16384,1000,1000
8,1,21,21,a1,16,32768,1000,1000
9,1,23,21,a1,4,16384,1000,1000
10,2,18,22,a1,2,4096,1000,1000
11,3,18,23,a1,4,8192,1000,1000
12,3,18,23,a1,8,16384,1000,1000
13,3,17,23,a1,16,32768,1000,1000
14,3,17,23,a1,4,16384,1000,1000
15,3,21,23,a1,2,4096,1000,1000
16,3,21,23,a1,4,8192,1000,1000
17,3,14,23,a1,8,16384,1000,1000
18,3,16,23,a1,16,32768,1000,1000
19,3,18,23,a1,4,16384,1000,1000
20,3,21,23,a1,2,4096,1000,1000
21,3,25,23,a1,4,8192,1000,1000
22,3,18,23,a1,8,16384,1000,1000
23,3,21,23,a1,16,32768,1000,1000
24,3,22,23,a1,4,16384,1000,1000
25,3,22,23,a1,2,4096,1000,1000
26,3,20,23,a1,4,8192,1000,1000
27,3,20,23,a1,8,16384,1000,1000
28,3,21,23,a1,16,32768,1000,1000
29,4,24,24,a1,4,16384,1000,1000
30,5,23,25,a1,2,4096,1000,1000
31,6,17,26,a1,4,8192,1000,1000
32,6,17,26,a1,8,16384,1000,1000
33,6,15,26,a1,16,32768,1000,1000
34,6,18,26,a1,4,16384,1000,1000
35,6,26,26,a1,2,4096,1000,1000
36,6,19,26,a1,4,8192,1000,1000
37,6,22,26,a1,8,16384,1000,1000
38,6,21,26,a1,16,32768,1000,1000
39,6,23,26,a1,4,16384,1000,1000
40,6,26,26,a1,2,4096,1000,1000
41,6,14,26,a1,4,8192,1000,1000
42,7,24,27,a1,8,16384,1000,1000
43,7,27,27,a1,16,32768,1000,1000
44,7,25,27,a1,4,16384,1000,1000
45,7,21,27,a1,2,4096,1000,1000
46,7,19,27,a1,4,8192,1000,1000
47,8,19,28,a1,8,16384,1000,1000
48,9,23,29,a1,16,32768,1000,1000
49,10,20,30,a1,4,16384,1000,1000
50,10,24,30,a1,2,4096,1000,1000
51,10,11,30,a1,4,8192,1000,1000
52,10,22,30,a1,8,16384,1000,1000
53,10,20,30,a1,16,32768,1000,1000
54,10,22,30,a1,4,16384,1000,1000
55,10,20,30,a1,2,4096,1000,1000
56,10,19,30,a1,4,8192,1000,1000
57,10,19,30,a1,8,16384,1000,1000
58,10,20,30,a1,16,32768,1000,1000
59,10,19,30,a1,4,16384,1000,1000
60,10,24,30,a1,2,4096,1000,1000
61,11,18,31,a1,4,8192,1000,1000
62,12,21,32,a1,8,16384,1000,1000
63,13,17,33,a1,16,32768,1000,1000
64,14,23,34,a1,4,16384,1000,1000
65,14,21,34,a1,2,4096,1000,1000
66,14,17,34,a1,4,8192,1000,1000
67,14,18,34,a1,8,16384,1000,1000
68,14,17,34,a1,16,32768,1000,1000
69,14,18,34,a1,4,16384,1000,1000
70,14,13,34,a1,2,4096,1000,1000
71,14,20,34,a1,4,8192,1000,1000
72,14,22,34,a1,8,16384,1000,1000
73,15,17,35,a1,16,32768,1000,1000
74,16,17,36,a1,4,16384,1000,1000
75,17,20,37,a1,2,4096,1000,1000
76,17,16,37,a1,4,8192,1000,1000
77,17,19,37,a1,8,16384,1000,1000
78,17,20,37,a1,16,32768,1000,1000
79,17,21,37,a1,4,16384,1000,1000
80,17,19,37,a1,2,4096,1000,1000
81,17,16,37,a1,4,8192,1000,1000
82,17,20,37,a1,8,16384,1000,1000
83,17,24,37,a1,16,32768,1000,1000
84,17,18,37,a1,4,16384,1000,1000
85,17,22,37,a1,2,4096,1000,1000
86,17,18,37,a1,4,8192,1000,1000
87,17,14,37,a1,8,16384,1000,1000
88,17,21,37,a1,16,32768,1000,1000
89,17,26,37,a1,4,16384,1000,1000
90,17,24,37,a1,2,4096,1000,1000
91,17,22,37,a1,4,8192,1000,1000
92,17,22,37,a1,8,16384,1000,1000
93,17,16,37,a1,16,32768,1000,1000
94,17,21,37,a1,4,16384,1000,1000
95,18,17,38,a1,2,4096,1000,1000
96,18,21,38,a1,4,8192,1000,1000
97,18,16,38,a1,8,16384,1000,1000
98,18,18,38,a1,16,32768,1000,1000
99,19,17,39,a1,4,16384,1000,1000
100,19,20,39,a1,2,4096,1000,1000
101,19,20,39,a1,4,8192,1000,1000
102,19,22,39,a1,8,16384,1000,1000
103,19,22,39,a1,16,32768,1000,1000
104,19,21,39,a1,4,16384,1000,1000
105,19,18,39,a1,2,4096,1000,1000
106,19,17,39,a1,4,8192,1000,1000
107,20,22,40,a1,8,16384,1000,1000
108,20,22,40,a1,16,32768,1000,1000
109,20,22,40,a1,4,16384,1000,1000
110,21,22,41,a1,2,4096,1000,1000
111,22,18,42,a1,4,8192,1000,1000
112,22,16,42,a1,8,16384,1000,1000
113,22,22,42,a1,16,32768,1000,1000
114,22,23,42,a1,4,16384,1000,1000
115,22,19,42,a1,2,4096,1000,1000
116,22,15,42,a1,4,8192,1000,1000
117,23,15,43,a1,8,16384,1000,1000
118,24,21,44,a1,16,32768,1000,1000
119,25,16,45,a1,4,16384,1000,1000
120,25,22,45,a1,2,4096,1000,1000
121,25,16,45,a1,4,8192,1000,1000
122,25,20,45,a1,8,16384,1000,1000
123,25,21,45,a1,16,32768,1000,1000
124,25,15,45,a1,4,16384,1000,1000
125,25,18,45,a1,2,4096,1000,1000
126,25,20,45,a1,4,8192,1000,1000
127,25,18,45,a1,8,16384,1000,1000
128,25,20,45,a1,16,32768,1000,1000
129,25,23,45,a1,4,16384,1000,1000
130,26,19,46,a1,2,4096,1000,1000
131,26,22,46,a1,4,8192,1000,1000
132,26,25,46,a1,8,16384,1000,1000
133,26,18,46,a1,16,32768,1000,1000
134,26,22,46,a1,4,16384,1000,1000
135,26,14,46,a1,2,4096,1000,1000
136,26,20,46,a1,4,8192,1000,1000
137,26,26,46,a1,8,16384,1000,1000
138,26,18,46,a1,16,32768,1000,1000
139,26,20,46,a1,4,16384,1000,1000
140,26,22,46,a1,2,4096,1000,1000
141,26,19,46,a1,4,8192,1000,1000
142,26,23,46,a1,8,16384,1000,1000
143,26,18,46,a1,16,32768,1000,1000
144,27,22,47,a1,4,16384,1000,1000
145,27,23,47,a1,2,4096,1000,1000
146,27,20,47,a1,4,8192,1000,1000
147,27,20,47,a1,8,16384,1000,1000
148,27,19,47,a1,16,32768,1000,1000
149,27,16,47,a1,4,16384,1000,1000
150,27,13,47,a1,2,4096,1000,1000
151,27,20,47,a1,4,8192,1000,1000
152,27,18,47,a1,8,16384,1000,1000
153,27,18,47,a1,16,32768,1000,1000
154,27,20,47,a1,4,16384,1000,1000
155,28,20,48,a1,2,4096,1000,1000
156,29,17,49,a1,4,8192,1000,1000
157,30,15,50,a1,8,16384,1000,1000
158,30,19,50,a1,16,32768,1000,1000
159,30,17,50,a1,4,16384,1000,1000
160,30,24,50,a1,2,4096,1000,1000
161,30,20,50,a1,4,8192,1000,1000
162,30,16,50,a1,8,16384,1000,1000
163,30,24,50,a1,16,32768,1000,1000
164,30,20,50,a1,4,16384,1000,1000
165,30,23,50,a1,2,4096,1000,1000
166,30,26,50,a1,4,8192,1000,1000
167,30,17,50,a1,8,16384,1000,1000
168,31,24,51,a1,16,32768,1000,1000
169,32,15,52,a1,4,16384,1000,1000
170,32,19,52,a1,2,4096,1000,1000
171,32,19,52,a1,4,8192,1000,1000
172,33,19,53,a1,8,16384,1000,1000
173,33,23,53,a1,16,32768,1000,1000
174,33,19,53,a1,4,16384,1000,1000
175,33,25,53,a1,2,4096,1000,1000
176,33,18,53,a1,4,8192,1000,1000
177,33,21,53,a1,8,16384,1000,1000
178,33,26,53,a1,16,32768,1000,1000
179,33,17,53,a1,4,16384,1000,1000
180,33,22,53,a1,2,4096,1000,1000
181,33,22,53,a1,4,8192,1000,1000
182,34,18,54,a1,8,16384,1000,1000
183,35,22,55,a1,16,32768,1000,1000
184,35,20,55,a1,4,16384,1000,1000
185,35,12,55,a1,2,4096,1000,1000
186,35,18,55,a1,4,8192,1000,1000
187,35,22,55,a1,8,16384,1000,1000
188,35,21,55,a1,16,32768,1000,1000
189,35,19,55,a1,4,16384,1000,1000
190,35,23,55,a1,2,4096,1000,1000
191,35,14,55,a1,4,8192,1000,1000
192,36,18,56,a1,8,16384,1000,1000
193,36,18,56,a1,16,32768,1000,1000
194,37,21,57,a1,4,16384,1000,1000
195,38,20,58,a1,2,4096,1000,1000
196,39,21,59,a1,4,8192,1000,1000
197,40,17,60,a1,8,16384,1000,1000
198,40,16,60,a1,16,32768,1000,1000
199,40,24,60,a1,4,16384,1000,1000
200,40,24,60,a1,2,4096,1000,1000
201,40,22,60,a1,4,8192,1000,1000
202,40,21,60,a1,8,16384,1000,1000
203,41,21,61,a1,16,32768,1000,1000
204,42,18,62,a1,4,16384,1000,1000
205,43,19,63,a1,2,4096,1000,1000
206,44,24,64,a1,4,8192,1000,1000
207,44,20,64,a1,8,16384,1000,1000
208,44,17,64,a1,16,32768,1000,1000
209,44,22,64,a1,4,16384,1000,1000
210,44,16,64,a1,2,4096,1000,1000
211,44,18,64,a1,4,8192,1000,1000
212,45,18,65,a1,8,16384,1000,1000
213,45,21,65,a1,16,32768,1000,1000
214,45,22,65,a1,4,16384,1000,1000
215,45,22,65,a1,2,4096,1000,1000
216,45,18,65,a1,4,8192,1000,1000
217,45,20,65,a1,8,16384,1000,1000
218,45,23,65,a1,16,32768,1000,1000
219,45,23,65,a1,4,16384,1000,1000
220,45,18,65,a1,2,4096,1000,1000
221,46,23,66,a1,4,8192,1000,1000
222,47,21,67,a1,8,16384,1000,1000
223,48,19,68,a1,16,32768,1000,1000
224,49,21,69,a1,4,16384,1000,1000
225,50,17,70,a1,2,4096,1000,1000
226,51,19,71,a1,4,8192,1000,1000
227,52,18,72,a1,8,16384,1000,1000
228,53,18,73,a1,16,32768,1000,1000
229,53,20,73,a1,4,16384,1000,1000
230,53,14,73,a1,2,4096,1000,1000
231,53,17,73,a1,4,8192,1000,1000
232,53,19,73,a1,8,16384,1000,1000
233,53,26,73,a1,16,32768,1000,1000
234,54,21,74,a1,4,16384,1000,1000
235,54,14,74,a1,2,4096,1000,1000
236,54,22,74,a1,4,8192,1000,1000
237,54,20,74,a1,8,16384,1000,1000
238,54,18,74,a1,16,32768,1000,1000
239,54,17,74,a1,4,16384,1000,1000
240,54,15,74,a1,2,4096,1000,1000
241,55,18,75,a1,4,8192,1000,1000
242,56,22,76,a1,8,16384,1000,1000
243,57,22,77,a1,16,32768,1000,1000
244,57,20,77,a1,4,16384,1000,1000
245,57,18,77,a1,2,4096,1000,1000
246,57,23,77,a1,4,8192,1000,1000
247,57,19,77,a1,8,16384,1000,1000
248,57,19,77,a1,16,32768,1000,1000
249,58,16,78,a1,4,16384,1000,1000
250,59,17,79,a1,2,4096,1000,1000
251,59,21,79,a1,4,8192,1000,1000
252,59,17,79,a1,8,16384,1000,1000
253,60,14,80,a1,16,32768,1000,1000
254,61,18,81,a1,4,16384,1000,1000
255,62,22,82,a1,2,4096,1000,1000
256,63,24,83,a1,4,8192,1000,1000
257,64,19,84,a1,8,16384,1000,1000
258,64,15,84,a1,16,32768,1000,1000
259,65,18,85,a1,4,16384,1000,1000
260,66,18,86,a1,2,4096,1000,1000
261,66,16,86,a1,4,8192,1000,1000
262,66,19,86,a1,8,16384,1000,1000
263,67,18,87,a1,16,32768,1000,1000
264,68,20,88,a1,4,16384,1000,1000
265,69,17,89,a1,2,4096,1000,1000
266,69,26,89,a1,4,8192,1000,1000
267,69,21,89,a1,8,16384,1000,1000
268,69,19,89,a1,16,32768,1000,1000
269,69,19,89,a1,4,16384,1000,1000
270,69,19,89,a1,2,4096,1000,1000
271,69,19,89,a1,4,8192,1000,1000
272,69,17,89,a1,8,16384,1000,1000
273,69,16,89,a1,16,32768,1000,1000
274,70,21,90,a1,4,16384,1000,1000
275,71,28,91,a1,2,4096,1000,1000
276,72,18,92,a1,4,8192,1000,1000
277,73,22,93,a1,8,16384,1000,1000
278,74,24,94,a1,16,32768,1000,1000
279,75,18,95,a1,4,16384,1000,1000
280,75,19,95,a1,2,4096,1000,1000
281,75,22,95,a1,4,8192,1000,1000
282,75,19,95,a1,8,16384,1000,1000
283,75,20,95,a1,16,32768,1000,1000
284,76,24,96,a1,4,16384,1000,1000
285,76,20,96,a1,2,4096,1000,1000
286,76,17,96,a1,4,8192,1000,1000
287,77,16,97,a1,8,16384,1000,1000
288,77,18,97,a1,16,32768,1000,1000
289,77,18,97,a1,4,16384,1000,1000
290,77,21,97,a1,2,4096,1000,1000
291,77,18,97,a1,4,8192,1000,1000
292,77,16,97,a1,8,16384,1000,1000
293,77,17,97,a1,16,32768,1000,1000
294,77,25,97,a1,4,16384,1000,1000
295,77,16,97,a1,2,4096,1000,1000
296,77,23,97,a1,4,8192,1000,1000
297,78,19,98,a1,8,16384,1000,1000
298,78,24,98,a1,16,32768,1000,1000
299,78,21,98,a1,4,16384,1000,1000
300,78,20,98,a1,2,4096,1000,1000
301,78,16,98,a1,4,8192,1000,1000
302,78,12,98,a1,8,16384,1000,1000
303,78,23,98,a1,16,32768,1000,1000
304,78,21,98,a1,4,16384,1000,1000
305,78,13,98,a1,2,4096,1000,1000
306,79,20,99,a1,4,8192,1000,1000
307,80,23,100,a1,8,16384,1000,1000
308,81,18,101,a1,16,32768,1000,1000
309,82,18,102,a1,4,16384,1000,1000
310,83,20,103,a1,2,4096,1000,1000
311,83,20,103,a1,4,8192,1000,1000
312,83,18,103,a1,8,16384,1000,1000
313,83,18,103,a1,16,32768,1000,1000
314,83,24,103,a1,4,16384,1000,1000
315,83,23,103,a1,2,4096,1000,1000
316,83,19,103,a1,4,8192,1000,1000
317,84,21,104,a1,8,16384,1000,1000
318,85,23,105,a1,16,32768,1000,1000
319,86,22,106,a1,4,16384,1000,1000
320,86,21,106,a1,2,4096,1000,1000
321,86,18,106,a1,4,8192,1000,1000
322,86,20,106,a1,8,16384,1000,1000
323,86,21,106,a1,16,32768,1000,1000
324,86,25,106,a1,4,16384,1000,1000
325,86,19,106,a1,2,4096,1000,1000
326,87,24,107,a1,4,8192,1000,1000
327,88,23,108,a1,8,16384,1000,1000
328,89,14,109,a1,16,32768,1000,1000
329,89,20,109,a1,4,16384,1000,1000
330,89,18,109,a1,2,4096,1000,1000
331,90,19,110,a1,4,8192,1000,1000
332,91,15,111,a1,8,16384,1000,1000
333,91,21,111,a1,16,32768,1000,1000
334,91,14,111,a1,4,16384,1000,1000
335,91,17,111,a1,2,4096,1000,1000
336,91,18,111,a1,4,8192,1000,1000
337,91,16,111,a1,8,16384,1000,1000
338,91,21,111,a1,16,32768,1000,1000
339,91,21,111,a1,4,16384,1000,1000
340,91,17,111,a1,2,4096,1000,1000
341,91,22,111,a1,4,8192,1000,1000
342,91,22,111,a1,8,16384,1000,1000
343,91,21,111,a1,16,32768,1000,1000
344,91,18,111,a1,4,16384,1000,1000
345,91,19,111,a1,2,4096,1000,1000
346,91,24,111,a1,4,8192,1000,1000
347,91,14,111,a1,8,16384,1000,1000
348,91,16,111,a1,16,32768,1000,1000
349,91,20,111,a1,4,16384,1000,1000
350,91,20,111,a1,2,4096,1000,1000
351,92,21,112,a1,4,8192,1000,1000
352,93,20,113,a1,8,16384,1000,1000
353,94,20,114,a1,16,32768,1000,1000
354,95,18,115,a1,4,16384,1000,1000
355,95,16,115,a1,2,4096,1000,1000
356,95,20,115,a1,4,8192,1000,1000
357,95,21,115,a1,8,16384,1000,1000
358,96,20,116,a1,16,32768,1000,1000
359,96,23,116,a1,4,16384,1000,1000
360,96,19,116,a1,2,4096,1000,1000
361,96,15,116,a1,4,8192,1000,1000
362,97,19,117,a1,8,16384,1000,1000
363,98,17,118,a1,16,32768,1000,1000
364,98,19,118,a1,4,16384,1000,1000
365,98,25,118,a1,2,4096,1000,1000
366,98,23,118,a1,4,8192,1000,1000
367,98,19,118,a1,8,16384,1000,1000
368,98,19,118,a1,16,32768,1000,1000
369,98,21,118,a1,4,16384,1000,1000
370,98,19,118,a1,2,4096,1000,1000
371,98,22,118,a1,4,8192,1000,1000
372,98,18,118,a1,8,16384,1000,1000
373,98,19,118,a1,16,32768,1000,1000
374,98,20,118,a1,4,16384,1000,1000
375,98,20,118,a1,2,4096,1000,1000
376,98,22,118,a1,4,8192,1000,1000
377,98,21,118,a1,8,16384,1000,1000
378,99,16,119,a1,16,32768,1000,1000
379,100,15,120,a1,4,16384,1000,1000
380,100,15,120,a1,2,4096,1000,1000
381,100,20,120,a1,4,8192,1000,1000
382,100,24,120,a1,8,16384,1000,1000
383,101,20,121,a1,16,32768,1000,1000
384,102,18,122,a1,4,16384,1000,1000
385,103,25,123,a1,2,4096,1000,1000
386,104,17,124,a1,4,8192,1000,1000
387,104,19,124,a1,8,16384,1000,1000
388,104,23,124,a1,16,32768,1000,1000
389,105,18,125,a1,4,16384,1000,1000
390,105,12,125,a1,2,4096,1000,1000
391,105,24,125,a1,4,8192,1000,1000
392,105,22,125,a1,8,16384,1000,1000
393,105,22,125,a1,16,32768,1000,1000
394,105,18,125,a1,4,16384,1000,1000
395,105,20,125,a1,2,4096,1000,1000
396,105,16,125,a1,4,8192,1000,1000
397,105,20,125,a1,8,16384,1000,1000
398,105,19,125,a1,16,32768,1000,1000
399,105,16,125,a1,4,16384,1000,1000
400,106,21,126,a1,2,4096,1000,1000
401,107,25,127,a1,4,8192,1000,1000
402,108,26,128,a1,8,16384,1000,1000
403,109,18,129,a1,16,32768,1000,1000
404,110,18,130,a1,4,16384,1000,1000
405,111,18,131,a1,2,4096,1000,1000
406,111,18,131,a1,4,8192,1000,1000
407,111,26,131,a1,8,16384,1000,1000
408,111,24,131,a1,16,32768,1000,1000
409,111,14,131,a1,4,16384,1000,1000
410,111,25,131,a1,2,4096,1000,1000
411,111,19,131,a1,4,8192,1000,1000
412,112,17,132,a1,8,16384,1000,1000
413,113,18,133,a1,16,32768,1000,1000
414,114,16,134,a1,4,16384,1000,1000
415,114,22,134,a1,2,4096,1000,1000
416,114,21,134,a1,4,8192,1000,1000
417,114,21,134,a1,8,16384,1000,1000
418,114,21,134,a1,16,32768,1000,1000
419,114,20,134,a1,4,16384,1000,1000
420,114,15,134,a1,2,4096,1000,1000
421,114,21,134,a1,4,8192,1000,1000
422,114,21,134,a1,8,16384,1000,1000
423,114,20,134,a1,16,32768,1000,1000
424,114,24,134,a1,4,16384,1000,1000
425,115,17,135,a1,2,4096,1000,1000
426,115,16,135,a1,4,8192,1000,1000
427,115,19,135,a1,8,16384,1000,1000
428,115,21,135,a1,16,32768,1000,1000
429,115,18,135,a1,4,16384,1000,1000
430,115,19,135,a1,2,4096,1000,1000
431,115,20,135,a1,4,8192,1000,1000
432,115,18,135,a1,8,16384,1000,1000
433,115,25,135,a1,16,32768,1000,1000
434,116,26,136,a1,4,16384,1000,1000
435,117,20,137,a1,2,4096,1000,1000
436,117,15,137,a1,4,8192,1000,1000
437,117,22,137,a1,8,16384,1000,1000
438,117,20,137,a1,16,32768,1000,1000
439,117,19,137,a1,4,16384,1000,1000
440,117,17,137,a1,2,4096,1000,1000
441,117,24,137,a1,4,8192,1000,1000
442,117,23,137,a1,8,16384,1000,1000
443,117,16,137,a1,16,32768,1000,1000
444,117,17,137,a1,4,16384,1000,1000
445,117,19,137,a1,2,4096,1000,1000
446,117,22,137,a1,4,8192,1000,1000
447,118,19,138,a1,8,16384,1000,1000
448,119,24,139,a1,16,32768,1000,1000
449,119,22,139,a1,4,16384,1000,1000
450,119,21,139,a1,2,4096,1000,1000
451,119,20,139,a1,4,8192,1000,1000
452,119,22,139,a1,8,16384,1000,1000
453,119,22,139,a1,16,32768,1000,1000
454,119,20,139,a1,4,16384,1000,1000
455,119,19,139,a1,2,4096,1000,1000
456,119,18,139,a1,4,8192,1000,1000
457,119,16,139,a1,8,16384,1000,1000
458,119,26,139,a1,16,32768,1000,1000
459,119,22,139,a1,4,16384,1000,1000
460,119,22,139,a1,2,4096,1000,1000
461,119,24,139,a1,4,8192,1000,1000
462,119,22,139,a1,8,16384,1000,1000
463,119,22,139,a1,16,32768,1000,1000
464,119,22,139,a1,4,16384,1000,1000
465,119,17,139,a1,2,4096,1000,1000
466,119,18,139,a1,4,8192,1000,1000
467,119,25,139,a1,8,16384,1000,1000
468,119,18,139,a1,16,32768,1000,1000
469,119,16,139,a1,4,16384,1000,1000
470,119,20,139,a1,2,4096,1000,1000
471,119,22,139,a1,4,8192,1000,1000
472,119,15,139,a1,8,16384,1000,1000
473,119,25,139,a1,16,32768,1000,1000
474,119,22,139,a1,4,16384,1000,1000
475,120,20,140,a1,2,4096,1000,1000
476,120,20,140,a1,4,8192,1000,1000
477,120,22,140,a1,8,16384,1000,1000
478,120,16,140,a1,16,32768,1000,1000
479,120,21,140,a1,4,16384,1000,1000
480,120,19,140,a1,2,4096,1000,1000
481,120,19,140,a1,4,8192,1000,1000
482,120,19,140,a1,8,16384,1000,1000
483,120,17,140,a1,16,32768,1000,1000
484,120,23,140,a1,4,16384,1000,1000
485,120,20,140,a1,2,4096,1000,1000
486,121,16,141,a1,4,8192,1000,1000
487,121,20,141,a1,8,16384,1000,1000
488,121,20,141,a1,16,32768,1000,1000
489,121,18,141,a1,4,16384,1000,1000
490,122,18,142,a1,2,4096,1000,1000
491,122,19,142,a1,4,8192,1000,1000
492,122,21,142,a1,8,16384,1000,1000
493,122,21,142,a1,16,32768,1000,1000
494,122,23,142,a1,4,16384,1000,1000
495,122,16,142,a1,2,4096,1000,1000
496,122,25,142,a1,4,8192,1000,1000
497,122,19,142,a1,8,16384,1000,1000
498,122,20,142,a1,16,32768,1000,1000
499,122,23,142,a1,4,16384,1000,1000
500,122,22,142,a1,2,4096,1000,1000
501,122,22,142,a1,4,8192,1000,1000
502,122,19,142,a1,8,16384,1000,1000
503,122,21,142,a1,16,32768,1000,1000
504,122,16,142,a1,4,16384,1000,1000
505,122,24,142,a1,2,4096,1000,1000
506,122,23,142,a1,4,8192,1000,1000
507,122,21,142,a1,8,16384,1000,1000
508,123,18,143,a1,16,32768,1000,1000
509,123,20,143,a1,4,16384,1000,1000
510,123,22,143,a1,2,4096,1000,1000
511,123,12,143,a1,4,8192,1000,1000
512,123,19,143,a1,8,16384,1000,1000
513,123,21,143,a1,16,32768,1000,1000
514,123,18,143,a1,4,16384,1000,1000
515,123,20,143,a1,2,4096,1000,1000
516,124,26,144,a1,4,8192,1000,1000
517,124,23,144,a1,8,16384,1000,1000
518,124,19,144,a1,16,32768,1000,1000
519,124,22,144,a1,4,16384,1000,1000
520,124,13,144,a1,2,4096,1000,1000
521,125,23,145,a1,4,8192,1000,1000
522,126,16,146,a1,8,16384,1000,1000
523,126,22,146,a1,16,32768,1000,1000
524,126,20,146,a1,4,16384,1000,1000
525,126,19,146,a1,2,4096,1000,1000
526,126,23,146,a1,4,8192,1000,1000
527,126,22,146,a1,8,16384,1000,1000
528,126,17,146,a1,16,32768,1000,1000
529,126,17,146,a1,4,16384,1000,1000
530,126,16,146,a1,2,4096,1000,1000
531,126,20,146,a1,4,8192,1000,1000
532,126,20,146,a1,8,16384,1000,1000
533,126,15,146,a1,16,32768,1000,1000
534,126,19,146,a1,4,16384,1000,1000
535,126,23,146,a1,2,4096,1000,1000
536,126,16,146,a1,4,8192,1000,1000
537,126,18,146,a1,8,16384,1000,1000
538,126,18,146,a1,16,32768,1000,1000
539,126,20,146,a1,4,16384,1000,1000
540,126,16,146,a1,2,4096,1000,1000
541,126,19,146,a1,4,8192,1000,1000
542,127,22,147,a1,8,16384,1000,1000
543,128,14,148,a1,16,32768,1000,1000
544,129,23,149,a1,4,16384,1000,1000
545,129,20,149,a1,2,4096,1000,1000
546,129,22,149,a1,4,8192,1000,1000
547,129,17,149,a1,8,16384,1000,1000
548,129,19,149,a1,16,32768,1000,1000
549,129,23,149,a1,4,16384,1000,1000
550,129,25,149,a1,2,4096,1000,1000
551,129,17,149,a1,4,8192,1000,1000
552,129,22,149,a1,8,16384,1000,1000
553,129,19,149,a1,16,32768,1000,1000
554,129,22,149,a1,4,16384,1000,1000
555,130,19,150,a1,2,4096,1000,1000
556,130,20,150,a1,4,8192,1000,1000
557,130,19,150,a1,8,16384,1000,1000
558,130,18,150,a1,16,32768,1000,1000
559,130,14,150,a1,4,16384,1000,1000
560,130,24,150,a1,2,4096,1000,1000
561,130,17,150,a1,4,8192,1000,1000
562,130,22,150,a1,8,16384,1000,1000
563,130,18,150,a1,16,32768,1000,1000
564,130,18,150,a1,4,16384,1000,1000
565,130,19,150,a1,2,4096,1000,1000
566,130,19,150,a1,4,8192,1000,1000
567,130,18,150,a1,8,16384,1000,1000
568,130,19,150,a1,16,32768,1000,1000
569,130,19,150,a1,4,16384,1000,1000
570,130,19,150,a1,2,4096,1000,1000
571,131,16,151,a1,4,8192,1000,1000
572,132,17,152,a1,8,16384,1000,1000
573,133,21,153,a1,16,32768,1000,1000
574,134,19,154,a1,4,16384,1000,1000
575,134,17,154,a1,2,4096,1000,1000
576,134,21,154,a1,4,8192,1000,1000
577,134,21,154,a1,8,16384,1000,1000
578,135,24,155,a1,16,32768,1000,1000
579,136,18,156,a1,4,16384,1000,1000
580,136,23,156,a1,2,4096,1000,1000
581,136,16,156,a1,4,8192,1000,1000
582,136,23,156,a1,8,16384,1000,1000
583,136,19,156,a1,16,32768,1000,1000
584,136,22,156,a1,4,16384,1000,1000
585,136,15,156,a1,2,4096,1000,1000
586,136,22,156,a1,4,8192,1000,1000
587,136,19,156,a1,8,16384,1000,1000
588,136,20,156,a1,16,32768,1000,1000
589,136,17,156,a1,4,16384,1000,1000
590,136,25,156,a1,2,4096,1000,1000
591,136,22,156,a1,4,8192,1000,1000
592,136,22,156,a1,8,16384,1000,1000
593,137,16,157,a1,16,32768,1000,1000
594,138,20,158,a1,4,16384,1000,1000
595,138,16,158,a1,2,4096,1000,1000
596,138,17,158,a1,4,8192,1000,1000
597,138,18,158,a1,8,16384,1000,1000
598,138,21,158,a1,16,32768,1000,1000
599,138,22,158,a1,4,16384,1000,1000
600,138,13,158,a1,2,4096,1000,1000
601,138,18,158,a1,4,8192,1000,1000
602,138,23,158,a1,8,16384,1000,1000
603,138,19,158,a1,16,32768,1000,1000
604,138,18,158,a1,4,16384,1000,1000
605,138,26,158,a1,2,4096,1000,1000
606,138,22,158,a1,4,8192,1000,1000
607,139,19,159,a1,8,16384,1000,1000
608,139,19,159,a1,16,32768,1000,1000
609,139,18,159,a1,4,16384,1000,1000
610,140,24,160,a1,2,4096,1000,1000
611,140,22,160,a1,4,8192,1000,1000
612,141,22,161,a1,8,16384,1000,1000
613,142,15,162,a1,16,32768,1000,1000
614,142,21,162,a1,4,16384,1000,1000
615,143,23,163,a1,2,4096,1000,1000
616,144,23,164,a1,4,8192,1000,1000
617,145,21,165,a1,8,16384,1000,1000
618,145,17,165,a1,16,32768,1000,1000
619,145,20,165,a1,4,16384,1000,1000
620,145,18,165,a1,2,4096,1000,1000
621,145,20,165,a1,4,8192,1000,1000
622,145,19,165,a1,8,16384,1000,1000
623,145,20,165,a1,16,32768,1000,1000
624,145,25,165,a1,4,16384,1000,1000
625,145,18,165,a1,2,4096,1000,1000
626,146,23,166,a1,4,8192,1000,1000
627,146,26,166,a1,8,16384,1000,1000
628,147,17,167,a1,16,32768,1000,1000
629,147,18,167,a1,4,16384,1000,1000
630,147,20,167,a1,2,4096,1000,1000
631,147,18,167,a1,4,8192,1000,1000
632,147,26,167,a1,8,16384,1000,1000
633,148,14,168,a1,16,32768,1000,1000
634,149,19,169,a1,4,16384,1000,1000
635,150,22,170,a1,2,4096,1000,1000
636,150,22,170,a1,4,8192,1000,1000
637,151,20,171,a1,8,16384,1000,1000
638,151,20,171,a1,16,32768,1000,1000
639,152,22,172,a1,4,16384,1000,1000
640,152,19,172,a1,2,4096,1000,1000
641,152,22,172,a1,4,8192,1000,1000
642,152,24,172,a1,8,16384,1000,1000
643,152,23,172,a1,16,32768,1000,1000
644,152,16,172,a1,4,16384,1000,1000
645,153,13,173,a1,2,4096,1000,1000
646,154,18,174,a1,4,8192,1000,1000
647,154,20,174,a1,8,16384,1000,1000
648,154,19,174,a1,16,32768,1000,1000
649,154,14,174,a1,4,16384,1000,1000
650,154,20,174,a1,2,4096,1000,1000
651,154,15,174,a1,4,8192,1000,1000
652,154,22,174,a1,8,16384,1000,1000
653,154,19,174,a1,16,32768,1000,1000
654,154,20,174,a1,4,16384,1000,1000
655,154,15,174,a1,2,4096,1000,1000
656,154,25,174,a1,4,8192,1000,1000
657,154,15,174,a1,8,16384,1000,1000
658,154,16,174,a1,16,32768,1000,1000
659,154,17,174,a1,4,16384,1000,1000
660,154,17,174,a1,2,4096,1000,1000
661,155,24,175,a1,4,8192,1000,1000
662,156,17,176,a1,8,16384,1000,1000
663,157,16,177,a1,16,32768,1000,1000
664,157,17,177,a1,4,16384,1000,1000
665,157,18,177,a1,2,4096,1000,1000
666,157,18,177,a1,4,8192,1000,1000
667,157,24,177,a1,8,16384,1000,1000
668,157,19,177,a1,16,32768,1000,1000
669,157,11,177,a1,4,16384,1000,1000
670,157,18,177,a1,2,4096,1000,1000
671,157,20,177,a1,4,8192,1000,1000
672,157,24,177,a1,8,16384,1000,1000
673,157,16,177,a1,16,32768,1000,1000
674,157,25,177,a1,4,16384,1000,1000
675,158,21,178,a1,2,4096,1000,1000
676,158,22,178,a1,4,8192,1000,1000
677,159,14,179,a1,8,16384,1000,1000
678,160,22,180,a1,16,32768,1000,1000
679,160,23,180,a1,4,16384,1000,1000
680,160,16,180,a1,2,4096,1000,1000
681,160,18,180,a1,4,8192,1000,1000
682,160,17,180,a1,8,16384,1000,1000
683,160,21,180,a1,16,32768,1000,1000
684,160,15,180,a1,4,16384,1000,1000
685,160,15,180,a1,2,4096,1000,1000
686,160,17,180,a1,4,8192,1000,1000
687,160,18,180,a1,8,16384,1000,1000
688,160,15,180,a1,16,32768,1000,1000
689,160,16,180,a1,4,16384,1000,1000
690,161,14,181,a1,2,4096,1000,1000
691,162,19,182,a1,4,8192,1000,1000
692,163,16,183,a1,8,16384,1000,1000
693,164,22,184,a1,16,32768,1000,1000
694,164,18,184,a1,4,16384,1000,1000
695,164,14,184,a1,2,4096,1000,1000
696,164,19,184,a1,4,8192,1000,1000
697,164,25,184,a1,8,16384,1000,1000
698,164,21,184,a1,16,32768,1000,1000
699,164,22,184,a1,4,16384,1000,1000
700,164,20,184,a1,2,4096,1000,1000
701,164,13,184,a1,4,8192,1000,1000
702,164,18,184,a1,8,16384,1000,1000
703,164,17,184,a1,16,32768,1000,1000
704,164,18,184,a1,4,16384,1000,1000
705,164,24,184,a1,2,4096,1000,1000
706,164,19,184,a1,4,8192,1000,1000
707,164,14,184,a1,8,16384,1000,1000
708,164,16,184,a1,16,32768,1000,1000
709,164,16,184,a1,4,16384,1000,1000
710,164,17,184,a1,2,4096,1000,1000
711,164,22,184,a1,4,8192,1000,1000
712,164,23,184,a1,8,16384,1000,1000
713,164,19,184,a1,16,32768,1000,1000
714,164,24,184,a1,4,16384,1000,1000
715,164,16,184,a1,2,4096,1000,1000
716,164,19,184,a1,4,8192,1000,1000
717,164,22,184,a1,8,16384,1000,1000
718,164,22,184,a1,16,32768,1000,1000
719,164,18,184,a1,4,16384,1000,1000
720,164,24,184,a1,2,4096,1000,1000
721,165,23,185,a1,4,8192,1000,1000
722,166,19,186,a1,8,16384,1000,1000
723,166,22,186,a1,16,32768,1000,1000
724,166,19,186,a1,4,16384,1000,1000
725,166,20,186,a1,2,4096,1000,1000
726,166,19,186,a1,4,8192,1000,1000
727,166,17,186,a1,8,16384,1000,1000
728,166,20,186,a1,16,32768,1000,1000
729,166,17,186,a1,4,16384,1000,1000
730,166,22,186,a1,2,4096,1000,1000
731,166,21,186,a1,4,8192,1000,1000
732,166,20,186,a1,8,16384,1000,1000
733,166,21,186,a1,16,32768,1000,1000
734,166,20,186,a1,4,16384,1000,1000
735,166,17,186,a1,2,4096,1000,1000
736,166,20,186,a1,4,8192,1000,1000
737,166,22,186,a1,8,16384,1000,1000
738,166,18,186,a1,16,32768,1000,1000
739,167,18,187,a1,4,16384,1000,1000
740,168,21,188,a1,2,4096,1000,1000
741,169,21,189,a1,4,8192,1000,1000
742,170,19,190,a1,8,16384,1000,1000
743,170,20,190,a1,16,32768,1000,1000
744,170,26,190,a1,4,16384,1000,1000
745,170,19,190,a1,2,4096,1000,1000
746,170,20,190,a1,4,8192,1000,1000
747,170,25,190,a1,8,16384,1000,1000
748,170,15,190,a1,16,32768,1000,1000
749,170,21,190,a1,4,16384,1000,1000
750,170,24,190,a1,2,4096,1000,1000
751,170,15,190,a1,4,8192,1000,1000
752,170,20,190,a1,8,16384,1000,1000
753,170,27,190,a1,16,32768,1000,1000
754,171,19,191,a1,4,16384,1000,1000
755,172,18,192,a1,2,4096,1000,1000
756,173,20,193,a1,4,8192,1000,1000
757,173,15,193,a1,8,16384,1000,1000
758,173,25,193,a1,16,32768,1000,1000
759,173,26,193,a1,4,16384,1000,1000
760,173,23,193,a1,2,4096,1000,1000
761,173,18,193,a1,4,8192,1000,1000
762,173,13,193,a1,8,16384,1000,1000
763,173,22,193,a1,16,32768,1000,1000
764,173,20,193,a1,4,16384,1000,1000
765,173,23,193,a1,2,4096,1000,1000
766,173,19,193,a1,4,8192,1000,1000
767,173,19,193,a1,8,16384,1000,1000
768,173,16,193,a1,16,32768,1000,1000
769,173,16,193,a1,4,16384,1000,1000
770,173,23,193,a1,2,4096,1000,1000
771,173,21,193,a1,4,8192,1000,1000
772,173,19,193,a1,8,16384,1000,1000
773,173,23,193,a1,16,32768,1000,1000
774,173,24,193,a1,4,16384,1000,1000
775,173,15,193,a1,2,4096,1000,1000
776,174,20,194,a1,4,8192,1000,1000
777,174,19,194,a1,8,16384,1000,1000
778,174,19,194,a1,16,32768,1000,1000
779,174,20,194,a1,4,16384,1000,1000
780,174,22,194,a1,2,4096,1000,1000
781,174,20,194,a1,4,8192,1000,1000
782,174,17,194,a1,8,16384,1000,1000
783,174,19,194,a1,16,32768,1000,1000
784,174,17,194,a1,4,16384,1000,1000
785,174,18,194,a1,2,4096,1000,1000
786,174,22,194,a1,4,8192,1000,1000
787,174,22,194,a1,8,16384,1000,1000
788,174,18,194,a1,16,32768,1000,1000
789,175,18,195,a1,4,16384,1000,1000
790,175,25,195,a1,2,4096,1000,1000
791,176,22,196,a1,4,8192,1000,1000
792,177,18,197,a1,8,16384,1000,1000
793,177,16,197,a1,16,32768,1000,1000
794,177,19,197,a1,4,16384,1000,1000
795,177,21,197,a1,2,4096,1000,1000
796,177,16,197,a1,4,8192,1000,1000
797,178,15,198,a1,8,16384,1000,1000
798,179,19,199,a1,16,32768,1000,1000
799,180,20,200,a1,4,16384,1000,1000
800,181,17,201,a1,2,4096,1000,1000
801,182,18,202,a1,4,8192,1000,1000
802,183,20,203,a1,8,16384,1000,1000
803,183,16,203,a1,16,32768,1000,1000
804,183,21,203,a1,4,16384,1000,1000
805,183,22,203,a1,2,4096,1000,1000
806,183,21,203,a1,4,8192,1000,1000
807,183,19,203,a1,8,16384,1000,1000
808,183,22,203,a1,16,32768,1000,1000
809,183,17,203,a1,4,16384,1000,1000
810,183,21,203,a1,2,4096,1000,1000
811,183,21,203,a1,4,8192,1000,1000
812,183,20,203,a1,8,16384,1000,1000
813,183,18,203,a1,16,32768,1000,1000
814,183,19,203,a1,4,16384,1000,1000
815,183,21,203,a1,2,4096,1000,1000
816,184,22,204,a1,4,8192,1000,1000
817,185,24,205,a1,8,16384,1000,1000
818,185,19,205,a1,16,32768,1000,1000
819,185,21,205,a1,4,16384,1000,1000
820,185,20,205,a1,2,4096,1000,1000
821,185,19,205,a1,4,8192,1000,1000
822,185,17,205,a1,8,16384,1000,1000
823,185,19,205,a1,16,32768,1000,1000
824,185,17,205,a1,4,16384,1000,1000
825,185,19,205,a1,2,4096,1000,1000
826,185,21,205,a1,4,8192,1000,1000
827,186,18,206,a1,8,16384,1000,1000
828,186,13,206,a1,16,32768,1000,1000
829,186,14,206,a1,4,16384,1000,1000
830,186,22,206,a1,2,4096,1000,1000
831,187,19,207,a1,4,8192,1000,1000
832,188,19,208,a1,8,16384,1000,1000
833,188,18,208,a1,16,32768,1000,1000
834,188,17,208,a1,4,16384,1000,1000
835,188,19,208,a1,2,4096,1000,1000
836,188,23,208,a1,4,8192,1000,1000
837,188,21,208,a1,8,16384,1000,1000
838,189,22,209,a1,16,32768,1000,1000
839,189,18,209,a1,4,16384,1000,1000
840,189,16,209,a1,2,4096,1000,1000
841,189,24,209,a1,4,8192,1000,1000
842,189,22,209,a1,8,16384,1000,1000
843,190,19,210,a1,16,32768,1000,1000
844,190,26,210,a1,4,16384,1000,1000
845,190,22,210,a1,2,4096,1000,1000
846,190,21,210,a1,4,8192,1000,1000
847,190,25,210,a1,8,16384,1000,1000
848,190,19,210,a1,16,32768,1000,1000
849,190,21,210,a1,4,16384,1000,1000
850,191,13,211,a1,2,4096,1000,1000
851,191,22,211,a1,4,8192,1000,1000
852,191,21,211,a1,8,16384,1000,1000
853,191,15,211,a1,16,32768,1000,1000
854,191,23,211,a1,4,16384,1000,1000
855,191,24,211,a1,2,4096,1000,1000
856,191,20,211,a1,4,8192,1000,1000
857,191,17,211,a1,8,16384,1000,1000
858,191,22,211,a1,16,32768,1000,1000
859,191,23,211,a1,4,16384,1000,1000
860,191,22,211,a1,2,4096,1000,1000
861,191,18,211,a1,4,8192,1000,1000
862,191,22,211,a1,8,16384,1000,1000
863,191,14,211,a1,16,32768,1000,1000
864,192,15,212,a1,4,16384,1000,1000
865,192,17,212,a1,2,4096,1000,1000
866,192,23,212,a1,4,8192,1000,1000
867,192,9,212,a1,8,16384,1000,1000
868,192,19,212,a1,16,32768,1000,1000
869,192,22,212,a1,4,16384,1000,1000
870,192,23,212,a1,2,4096,1000,1000
871,192,12,212,a1,4,8192,1000,1000
872,192,17,212,a1,8,16384,1000,1000
873,193,19,213,a1,16,32768,1000,1000
874,193,19,213,a1,4,16384,1000,1000
875,193,21,213,a1,2,4096,1000,1000
876,193,21,213,a1,4,8192,1000,1000
877,193,21,213,a1,8,16384,1000,1000
878,193,16,213,a1,16,32768,1000,1000
879,193,14,213,a1,4,16384,1000,1000
880,194,18,214,a1,2,4096,1000,1000
881,194,21,214,a1,4,8192,1000,1000
882,194,23,214,a1,8,16384,1000,1000
883,195,19,215,a1,16,32768,1000,1000
884,195,13,215,a1,4,16384,1000,1000
885,195,20,215,a1,2,4096,1000,1000
886,195,20,215,a1,4,8192,1000,1000
887,196,15,216,a1,8,16384,1000,1000
888,196,23,216,a1,16,32768,1000,1000
889,196,21,216,a1,4,16384,1000,1000
890,196,20,216,a1,2,4096,1000,1000
891,196,20,216,a1,4,8192,1000,1000
892,196,20,216,a1,8,16384,1000,1000
893,196,21,216,a1,16,32768,1000,1000
894,196,22,216,a1,4,16384,1000,1000
895,196,20,216,a1,2,4096,1000,1000
896,197,22,217,a1,4,8192,1000,1000
897,198,16,218,a1,8,16384,1000,1000
898,198,18,218,a1,16,32768,1000,1000
899,198,15,218,a1,4,16384,1000,1000
900,198,18,218,a1,2,4096,1000,1000
901,199,25,219,a1,4,8192,1000,1000
902,199,16,219,a1,8,16384,1000,1000
903,199,26,219,a1,16,32768,1000,1000
904,199,15,219,a1,4,16384,1000,1000
905,199,20,219,a1,2,4096,1000,1000
906,199,21,219,a1,4,8192,1000,1000
907,199,21,219,a1,8,16384,1000,1000
908,199,21,219,a1,16,32768,1000,1000
909,199,19,219,a1,4,16384,1000,1000
910,199,20,219,a1,2,4096,1000,1000
911,199,17,219,a1,4,8192,1000,1000
912,199,19,219,a1,8,16384,1000,1000
913,200,18,220,a1,16,32768,1000,1000
914,200,24,220,a1,4,16384,1000,1000
915,200,17,220,a1,2,4096,1000,1000
916,200,25,220,a1,4,8192,1000,1000
917,200,20,220,a1,8,16384,1000,1000
918,200,18,220,a1,16,32768,1000,1000
919,200,16,220,a1,4,16384,1000,1000
920,200,25,220,a1,2,4096,1000,1000
921,200,27,220,a1,4,8192,1000,1000
922,200,19,220,a1,8,16384,1000,1000
923,201,22,221,a1,16,32768,1000,1000
924,201,20,221,a1,4,16384,1000,1000
925,201,25,221,a1,2,4096,1000,1000
926,201,22,221,a1,4,8192,1000,1000
927,201,18,221,a1,8,16384,1000,1000
928,201,21,221,a1,16,32768,1000,1000
929,201,20,221,a1,4,16384,1000,1000
930,201,22,221,a1,2,4096,1000,1000
931,202,16,222,a1,4,8192,1000,1000
932,202,18,222,a1,8,16384,1000,1000
933,202,22,222,a1,16,32768,1000,1000
934,202,17,222,a1,4,16384,1000,1000
935,202,17,222,a1,2,4096,1000,1000
936,202,20,222,a1,4,8192,1000,1000
937,202,20,222,a1,8,16384,1000,1000
938,202,24,222,a1,16,32768,1000,1000
939,202,20,222,a1,4,16384,1000,1000
940,202,22,222,a1,2,4096,1000,1000
941,202,18,222,a1,4,8192,1000,1000
942,202,22,222,a1,8,16384,1000,1000
943,202,22,222,a1,16,32768,1000,1000
944,202,21,222,a1,4,16384,1000,1000
945,202,18,222,a1,2,4096,1000,1000
946,202,26,222,a1,4,8192,1000,1000
947,203,15,223,a1,8,16384,1000,1000
948,204,19,224,a1,16,32768,1000,1000
949,204,18,224,a1,4,16384,1000,1000
950,204,24,224,a1,2,4096,1000,1000
951,204,20,224,a1,4,8192,1000,1000
952,205,18,225,a1,8,16384,1000,1000
953,206,17,226,a1,16,32768,1000,1000
954,206,21,226,a1,4,16384,1000,1000
955,206,23,226,a1,2,4096,1000,1000
956,206,21,226,a1,4,8192,1000,1000
957,206,19,226,a1,8,16384,1000,1000
958,206,19,226,a1,16,32768,1000,1000
959,207,23,227,a1,4,16384,1000,1000
960,208,18,228,a1,2,4096,1000,1000
961,208,17,228,a1,4,8192,1000,1000
962,208,17,228,a1,8,16384,1000,1000
963,208,24,228,a1,16,32768,1000,1000
964,208,24,228,a1,4,16384,1000,1000
965,209,22,229,a1,2,4096,1000,1000
966,209,19,229,a1,4,8192,1000,1000
967,209,18,229,a1,8,16384,1000,1000
968,209,21,229,a1,16,32768,1000,1000
969,209,11,229,a1,4,16384,1000,1000
970,209,15,229,a1,2,4096,1000,1000
971,209,17,229,a1,4,8192,1000,1000
972,209,18,229,a1,8,16384,1000,1000
973,209,17,229,a1,16,32768,1000,1000
974,209,18,229,a1,4,16384,1000,1000
975,209,22,229,a1,2,4096,1000,1000
976,209,21,229,a1,4,8192,1000,1000
977,209,24,229,a1,8,16384,1000,1000
978,209,18,229,a1,16,32768,1000,1000
979,209,22,229,a1,4,16384,1000,1000
980,209,22,229,a1,2,4096,1000,1000
981,210,21,230,a1,4,8192,1000,1000
982,210,17,230,a1,8,16384,1000,1000
983,210,20,230,a1,16,32768,1000,1000
984,210,17,230,a1,4,16384,1000,1000
985,210,18,230,a1,2,4096,1000,1000
986,210,18,230,a1,4,8192,1000,1000
987,210,18,230,a1,8,16384,1000,1000
988,210,22,230,a1,16,32768,1000,1000
989,210,18,230,a1,4,16384,1000,1000
990,210,21,230,a1,2,4096,1000,1000
991,210,21,230,a1,4,8192,1000,1000
992,210,21,230,a1,8,16384,1000,1000
993,210,16,230,a1,16,32768,1000,1000
994,210,19,230,a1,4,16384,1000,1000
995,210,19,230,a1,2,4096,1000,1000
996,210,20,230,a1,4,8192,1000,1000
997,210,19,230,a1,8,16384,1000,1000
998,210,21,230,a1,16,32768,1000,1000
999,210,17,230,a1,4,16384,1000,1000
1000,210,21,230,a1,2,4096,1000,1000
1001,210,25,230,a1,4,8192,1000,1000
1002,211,22,231,a1,8,16384,1000,1000
1003,212,24,232,a1,16,32768,1000,1000
1004,213,19,233,a1,4,16384,1000,1000
1005,213,19,233,a1,2,4096,1000,1000
1006,213,17,233,a1,4,8192,1000,1000
1007,213,15,233,a1,8,16384,1000,1000
1008,213,16,233,a1,16,32768,1000,1000
1009,213,20,233,a1,4,16384,1000,1000
1010,213,20,233,a1,2,4096,1000,1000
1011,213,20,233,a1,4,8192,1000,1000
1012,213,17,233,a1,8,16384,1000,1000
1013,213,25,233,a1,16,32768,1000,1000
1014,213,18,233,a1,4,16384,1000,1000
1015,213,20,233,a1,2,4096,1000,1000
1016,213,25,233,a1,4,8192,1000,1000
1017,213,18,233,a1,8,16384,1000,1000
1018,213,22,233,a1,16,32768,1000,1000
1019,213,19,233,a1,4,16384,1000,1000
1020,213,24,233,a1,2,4096,1000,1000
1021,213,19,233,a1,4,8192,1000,1000
1022,214,19,234,a1,8,16384,1000,1000
1023,215,19,235,a1,16,32768,1000,1000
1024,215,20,235,a1,4,16384,1000,1000
1025,216,23,236,a1,2,4096,1000,1000
1026,217,20,237,a1,4,8192,1000,1000
1027,218,17,238,a1,8,16384,1000,1000
1028,218,22,238,a1,16,32768,1000,1000
1029,218,21,238,a1,4,16384,1000,1000
1030,218,19,238,a1,2,4096,1000,1000
1031,218,17,238,a1,4,8192,1000,1000
1032,218,19,238,a1,8,16384,1000,1000
1033,218,23,238,a1,16,32768,1000,1000
1034,218,21,238,a1,4,16384,1000,1000
1035,218,16,238,a1,2,4096,1000,1000
1036,218,23,238,a1,4,8192,1000,1000
1037,219,22,239,a1,8,16384,1000,1000
1038,220,23,240,a1,16,32768,1000,1000
1039,221,14,241,a1,4,16384,1000,1000
1040,221,22,241,a1,2,4096,1000,1000
1041,221,22,241,a1,4,8192,1000,1000
1042,221,17,241,a1,8,16384,1000,1000
1043,221,20,241,a1,16,32768,1000,1000
1044,221,23,241,a1,4,16384,1000,1000
1045,222,23,242,a1,2,4096,1000,1000
1046,223,26,243,a1,4,8192,1000,1000
1047,224,17,244,a1,8,16384,1000,1000
1048,225,18,245,a1,16,32768,1000,1000
1049,225,16,245,a1,4,16384,1000,1000
1050,225,20,245,a1,2,4096,1000,1000
1051,225,18,245,a1,4,8192,1000,1000
1052,225,15,245,a1,8,16384,1000,1000
1053,225,19,245,a1,16,32768,1000,1000
1054,225,16,245,a1,4,16384,1000,1000
1055,225,21,245,a1,2,4096,1000,1000
1056,225,22,245,a1,4,8192,1000,1000
1057,225,19,245,a1,8,16384,1000,1000
1058,225,27,245,a1,16,32768,1000,1000
1059,225,22,245,a1,4,16384,1000,1000
1060,225,20,245,a1,2,4096,1000,1000
1061,225,22,245,a1,4,8192,1000,1000
1062,225,19,245,a1,8,16384,1000,1000
1063,226,16,246,a1,16,32768,1000,1000
1064,226,24,246,a1,4,16384,1000,1000
1065,226,24,246,a1,2,4096,1000,1000
1066,226,18,246,a1,4,8192,1000,1000
1067,226,17,246,a1,8,16384,1000,1000
1068,226,23,246,a1,16,32768,1000,1000
1069,226,19,246,a1,4,16384,1000,1000
1070,226,14,246,a1,2,4096,1000,1000
1071,226,21,246,a1,4,8192,1000,1000
1072,226,18,246,a1,8,16384,1000,1000
1073,226,19,246,a1,16,32768,1000,1000
1074,226,15,246,a1,4,16384,1000,1000
1075,226,21,246,a1,2,4096,1000,1000
1076,226,21,246,a1,4,8192,1000,1000
1077,226,20,246,a1,8,16384,1000,1000
1078,226,15,246,a1,16,32768,1000,1000
1079,226,24,246,a1,4,16384,1000,1000
1080,227,16,247,a1,2,4096,1000,1000
1081,228,20,248,a1,4,8192,1000,1000
1082,229,18,249,a1,8,16384,1000,1000
1083,229,20,249,a1,16,32768,1000,1000
1084,229,16,249,a1,4,16384,1000,1000
1085,229,19,249,a1,2,4096,1000,1000
1086,229,21,249,a1,4,8192,1000,1000
1087,230,18,250,a1,8,16384,1000,1000
1088,230,17,250,a1,16,32768,1000,1000
1089,230,19,250,a1,4,16384,1000,1000
1090,230,18,250,a1,2,4096,1000,1000
1091,230,23,250,a1,4,8192,1000,1000
1092,230,25,250,a1,8,16384,1000,1000
1093,230,20,250,a1,16,32768,1000,1000
1094,230,23,250,a1,4,16384,1000,1000
1095,230,20,250,a1,2,4096,1000,1000
1096,230,18,250,a1,4,8192,1000,1000
1097,230,23,250,a1,8,16384,1000,1000
1098,230,25,250,a1,16,32768,1000,1000
1099,230,19,250,a1,4,16384,1000,1000
1100,230,22,250,a1,2,4096,1000,1000
1101,231,18,251,a1,4,8192,1000,1000
1102,231,19,251,a1,8,16384,1000,1000
1103,231,18,251,a1,16,32768,1000,1000
1104,231,16,251,a1,4,16384,1000,1000
1105,231,15,251,a1,2,4096,1000,1000
1106,231,21,251,a1,4,8192,1000,1000
1107,231,17,251,a1,8,16384,1000,1000
1108,232,17,252,a1,16,32768,1000,1000
1109,233,26,253,a1,4,16384,1000,1000
1110,233,25,253,a1,2,4096,1000,1000
1111,233,25,253,a1,4,8192,1000,1000
1112,233,19,253,a1,8,16384,1000,1000
1113,233,20,253,a1,16,32768,1000,1000
1114,233,26,253,a1,4,16384,1000,1000
1115,233,21,253,a1,2,4096,1000,1000
1116,233,22,253,a1,4,8192,1000,1000
1117,233,14,253,a1,8,16384,1000,1000
1118,234,20,254,a1,16,32768,1000,1000
1119,235,18,255,a1,4,16384,1000,1000
1120,236,17,256,a1,2,4096,1000,1000
1121,236,18,256,a1,4,8192,1000,1000
1122,236,19,256,a1,8,16384,1000,1000
1123,236,21,256,a1,16,32768,1000,1000
1124,236,18,256,a1,4,16384,1000,1000
1125,236,14,256,a1,2,4096,1000,1000
1126,236,19,256,a1,4,8192,1000,1000
1127,236,22,256,a1,8,16384,1000,1000
1128,236,21,256,a1,16,32768,1000,1000
1129,236,19,256,a1,4,16384,1000,1000
1130,236,18,256,a1,2,4096,1000,1000
1131,236,18,256,a1,4,8192,1000,1000
1132,236,18,256,a1,8,16384,1000,1000
1133,236,23,256,a1,16,32768,1000,1000
1134,236,17,256,a1,4,16384,1000,1000
1135,237,17,257,a1,2,4096,1000,1000
1136,237,25,257,a1,4,8192,1000,1000
1137,237,18,257,a1,8,16384,1000,1000
1138,237,23,257,a1,16,32768,1000,1000
1139,237,19,257,a1,4,16384,1000,1000
1140,237,19,257,a1,2,4096,1000,1000
1141,237,24,257,a1,4,8192,1000,1000
1142,237,21,257,a1,8,16384,1000,1000
1143,237,22,257,a1,16,32768,1000,1000
1144,237,15,257,a1,4,16384,1000,1000
1145,238,22,258,a1,2,4096,1000,1000
1146,238,18,258,a1,4,8192,1000,1000
1147,238,23,258,a1,8,16384,1000,1000
1148,238,19,258,a1,16,32768,1000,1000
1149,238,24,258,a1,4,16384,1000,1000
1150,238,22,258,a1,2,4096,1000,1000
1151,238,25,258,a1,4,8192,1000,1000
1152,238,18,258,a1,8,16384,1000,1000
1153,238,19,258,a1,16,32768,1000,1000
1154,238,21,258,a1,4,16384,1000,1000
1155,238,14,258,a1,2,4096,1000,1000
1156,239,16,259,a1,4,8192,1000,1000
1157,239,21,259,a1,8,16384,1000,1000
1158,239,20,259,a1,16,32768,1000,1000
1159,240,20,260,a1,4,16384,1000,1000
1160,241,16,261,a1,2,4096,1000,1000
1161,241,19,261,a1,4,8192,1000,1000
1162,242,16,262,a1,8,16384,1000,1000
1163,242,16,262,a1,16,32768,1000,1000
1164,242,16,262,a1,4,16384,1000,1000
1165,242,22,262,a1,2,4096,1000,1000
1166,242,15,262,a1,4,8192,1000,1000
1167,242,22,262,a1,8,16384,1000,1000
1168,242,22,262,a1,16,32768,1000,1000
1169,242,21,262,a1,4,16384,1000,1000
1170,242,21,262,a1,2,4096,1000,1000
1171,242,18,262,a1,4,8192,1000,1000
1172,242,23,262,a1,8,16384,1000,1000
1173,242,20,262,a1,16,32768,1000,1000
1174,242,21,262,a1,4,16384,1000,1000
1175,243,26,263,a1,2,4096,1000,1000
1176,244,18,264,a1,4,8192,1000,1000
1177,244,16,264,a1,8,16384,1000,1000
1178,244,21,264,a1,16,32768,1000,1000
1179,244,21,264,a1,4,16384,1000,1000
1180,244,15,264,a1,2,4096,1000,1000
1181,244,17,264,a1,4,8192,1000,1000
1182,245,16,265,a1,8,16384,1000,1000
1183,245,20,265,a1,16,32768,1000,1000
1184,245,14,265,a1,4,16384,1000,1000
1185,245,15,265,a1,2,4096,1000,1000
1186,245,23,265,a1,4,8192,1000,1000
1187,245,17,265,a1,8,16384,1000,1000
1188,245,16,265,a1,16,32768,1000,1000
1189,245,23,265,a1,4,16384,1000,1000
1190,245,20,265,a1,2,4096,1000,1000
1191,245,19,265,a1,4,8192,1000,1000
1192,246,19,266,a1,8,16384,1000,1000
1193,246,21,266,a1,16,32768,1000,1000
1194,246,17,266,a1,4,16384,1000,1000
1195,246,25,266,a1,2,4096,1000,1000
1196,246,18,266,a1,4,8192,1000,1000
1197,246,22,266,a1,8,16384,1000,1000
1198,246,16,266,a1,16,32768,1000,1000
1199,246,24,266,a1,4,16384,1000,1000
1200,246,18,266,a1,2,4096,1000,1000
1201,246,15,266,a1,4,8192,1000,1000
1202,247,20,267,a1,8,16384,1000,1000
1203,248,21,268,a1,16,32768,1000,1000
1204,248,19,268,a1,4,16384,1000,1000
1205,248,22,268,a1,2,4096,1000,1000
1206,248,18,268,a1,4,8192,1000,1000
1207,248,22,268,a1,8,16384,1000,1000
1208,248,26,268,a1,16,32768,1000,1000
1209,249,25,269,a1,4,16384,1000,1000
1210,249,21,269,a1,2,4096,1000,1000
1211,249,19,269,a1,4,8192,1000,1000
1212,249,19,269,a1,8,16384,1000,1000
1213,249,18,269,a1,16,32768,1000,1000
1214,249,14,269,a1,4,16384,1000,1000
1215,249,16,269,a1,2,4096,1000,1000
1216,249,24,269,a1,4,8192,1000,1000
1217,249,18,269,a1,8,16384,1000,1000
1218,249,21,269,a1,16,32768,1000,1000
1219,249,26,269,a1,4,16384,1000,1000
1220,249,16,269,a1,2,4096,1000,1000
1221,249,21,269,a1,4,8192,1000,1000
1222,249,15,269,a1,8,16384,1000,1000
1223,249,19,269,a1,16,32768,1000,1000
1224,249,20,269,a1,4,16384,1000,1000
1225,249,23,269,a1,2,4096,1000,1000
1226,250,17,270,a1,4,8192,1000,1000
1227,251,19,271,a1,8,16384,1000,1000
1228,251,24,271,a1,16,32768,1000,1000
1229,251,20,271,a1,4,16384,1000,1000
1230,252,21,272,a1,2,4096,1000,1000
1231,252,19,272,a1,4,8192,1000,1000
1232,252,19,272,a1,8,16384,1000,1000
1233,252,21,272,a1,16,32768,1000,1000
1234,252,13,272,a1,4,16384,1000,1000
1235,252,20,272,a1,2,4096,1000,1000
1236,252,19,272,a1,4,8192,1000,1000
1237,252,26,272,a1,8,16384,1000,1000
1238,253,20,273,a1,16,32768,1000,1000
1239,253,18,273,a1,4,16384,1000,1000
1240,253,22,273,a1,2,4096,1000,1000
1241,253,27,273,a1,4,8192,1000,1000
1242,253,17,273,a1,8,16384,1000,1000
1243,253,18,273,a1,16,32768,1000,1000
1244,253,24,273,a1,4,16384,1000,1000
1245,253,14,273,a1,2,4096,1000,1000
1246,253,21,273,a1,4,8192,1000,1000
1247,253,17,273,a1,8,16384,1000,1000
1248,253,25,273,a1,16,32768,1000,1000
1249,253,23,273,a1,4,16384,1000,1000
1250,253,18,273,a1,2,4096,1000,1000
1251,253,23,273,a1,4,8192,1000,1000
1252,253,17,273,a1,8,16384,1000,1000
1253,254,18,274,a1,16,32768,1000,1000
1254,255,19,275,a1,4,16384,1000,1000
1255,256,18,276,a1,2,4096,1000,1000
1256,257,16,277,a1,4,8192,1000,1000
1257,257,20,277,a1,8,16384,1000,1000
1258,257,16,277,a1,16,32768,1000,1000
1259,257,16,277,a1,4,16384,1000,1000
1260,257,23,277,a1,2,4096,1000,1000
1261,257,13,277,a1,4,8192,1000,1000
1262,257,17,277,a1,8,16384,1000,1000
1263,257,22,277,a1,16,32768,1000,1000
1264,257,23,277,a1,4,16384,1000,1000
1265,257,19,277,a1,2,4096,1000,1000
1266,257,11,277,a1,4,8192,1000,1000
1267,258,16,278,a1,8,16384,1000,1000
1268,259,18,279,a1,16,32768,1000,1000
1269,260,20,280,a1,4,16384,1000,1000
1270,261,17,281,a1,2,4096,1000,1000
1271,261,19,281,a1,4,8192,1000,1000
1272,261,20,281,a1,8,16384,1000,1000
1273,261,18,281,a1,16,32768,1000,1000
1274,261,18,281,a1,4,16384,1000,1000
1275,261,20,281,a1,2,4096,1000,1000
1276,261,22,281,a1,4,8192,1000,1000
1277,261,18,281,a1,8,16384,1000,1000
1278,261,17,281,a1,16,32768,1000,1000
1279,261,19,281,a1,4,16384,1000,1000
1280,261,14,281,a1,2,4096,1000,1000
1281,261,18,281,a1,4,8192,1000,1000
1282,261,13,281,a1,8,16384,1000,1000
1283,261,18,281,a1,16,32768,1000,1000
1284,261,17,281,a1,4,16384,1000,1000
1285,261,19,281,a1,2,4096,1000,1000
1286,261,24,281,a1,4,8192,1000,1000
1287,261,23,281,a1,8,16384,1000,1000
1288,261,14,281,a1,16,32768,1000,1000
1289,261,19,281,a1,4,16384,1000,1000
1290,261,22,281,a1,2,4096,1000,1000
1291,261,24,281,a1,4,8192,1000,1000
1292,261,24,281,a1,8,16384,1000,1000
1293,261,20,281,a1,16,32768,1000,1000
1294,261,22,281,a1,4,16384,1000,1000
1295,261,18,281,a1,2,4096,1000,1000
1296,261,22,281,a1,4,8192,1000,1000
1297,262,24,282,a1,8,16384,1000,1000
1298,263,12,283,a1,16,32768,1000,1000
1299,264,18,284,a1,4,16384,1000,1000
1300,265,20,285,a1,2,4096,1000,1000
1301,266,19,286,a1,4,8192,1000,1000
1302,267,20,287,a1,8,16384,1000,1000
1303,268,21,288,a1,16,32768,1000,1000
1304,268,16,288,a1,4,16384,1000,1000
1305,268,23,288,a1,2,4096,1000,1000
1306,268,20,288,a1,4,8192,1000,1000
1307,269,21,289,a1,8,16384,1000,1000
1308,269,18,289,a1,16,32768,1000,1000
1309,269,20,289,a1,4,16384,1000,1000
1310,269,20,289,a1,2,4096,1000,1000
1311,269,19,289,a1,4,8192,1000,1000
1312,269,14,289,a1,8,16384,1000,1000
1313,270,21,290,a1,16,32768,1000,1000
1314,270,22,290,a1,4,16384,1000,1000
1315,270,17,290,a1,2,4096,1000,1000
1316,270,21,290,a1,4,8192,1000,1000
1317,270,25,290,a1,8,16384,1000,1000
1318,270,23,290,a1,16,32768,1000,1000
1319,270,22,290,a1,4,16384,1000,1000
1320,270,20,290,a1,2,4096,1000,1000
1321,271,20,291,a1,4,8192,1000,1000
1322,272,20,292,a1,8,16384,1000,1000
1323,273,28,293,a1,16,32768,1000,1000
1324,274,18,294,a1,4,16384,1000,1000
1325,274,19,294,a1,2,4096,1000,1000
1326,274,16,294,a1,4,8192,1000,1000
1327,274,20,294,a1,8,16384,1000,1000
1328,275,18,295,a1,16,32768,1000,1000
1329,275,21,295,a1,4,16384,1000,1000
1330,275,18,295,a1,2,4096,1000,1000
1331,275,18,295,a1,4,8192,1000,1000
1332,275,19,295,a1,8,16384,1000,1000
1333,276,21,296,a1,16,32768,1000,1000
1334,277,17,297,a1,4,16384,1000,1000
1335,278,19,298,a1,2,4096,1000,1000
1336,279,25,299,a1,4,8192,1000,1000
1337,280,18,300,a1,8,16384,1000,1000
1338,281,25,301,a1,16,32768,1000,1000
1339,282,20,302,a1,4,16384,1000,1000
1340,283,18,303,a1,2,4096,1000,1000
1341,284,15,304,a1,4,8192,1000,1000
1342,284,19,304,a1,8,16384,1000,1000
1343,284,20,304,a1,16,32768,1000,1000
1344,284,23,304,a1,4,16384,1000,1000
1345,285,17,305,a1,2,4096,1000,1000
1346,286,18,306,a1,4,8192,1000,1000
1347,286,21,306,a1,8,16384,1000,1000
1348,286,19,306,a1,16,32768,1000,1000
1349,286,14,306,a1,4,16384,1000,1000
1350,286,20,306,a1,2,4096,1000,1000
1351,287,20,307,a1,4,8192,1000,1000
1352,288,19,308,a1,8,16384,1000,1000
1353,289,17,309,a1,16,32768,1000,1000
1354,289,22,309,a1,4,16384,1000,1000
1355,289,19,309,a1,2,4096,1000,1000
1356,289,15,309,a1,4,8192,1000,1000
1357,289,19,309,a1,8,16384,1000,1000
1358,289,17,309,a1,16,32768,1000,1000
1359,289,23,309,a1,4,16384,1000,1000
1360,289,21,309,a1,2,4096,1000,1000
1361,289,21,309,a1,4,8192,1000,1000
1362,289,17,309,a1,8,16384,1000,1000
1363,289,17,309,a1,16,32768,1000,1000
1364,289,19,309,a1,4,16384,1000,1000
1365,290,18,310,a1,2,4096,1000,1000
1366,291,19,311,a1,4,8192,1000,1000
1367,292,16,312,a1,8,16384,1000,1000
1368,293,15,313,a1,16,32768,1000,1000
1369,293,21,313,a1,4,16384,1000,1000
1370,293,22,313,a1,2,4096,1000,1000
1371,294,23,314,a1,4,8192,1000,1000
1372,295,20,315,a1,8,16384,1000,1000
1373,296,19,316,a1,16,32768,1000,1000
1374,296,16,316,a1,4,16384,1000,1000
1375,296,18,316,a1,2,4096,1000,1000
1376,297,20,317,a1,4,8192,1000,1000
1377,297,19,317,a1,8,16384,1000,1000
1378,298,17,318,a1,16,32768,1000,1000
1379,299,21,319,a1,4,16384,1000,1000
1380,300,20,320,a1,2,4096,1000,1000
1381,301,18,321,a1,4,8192,1000,1000
1382,302,19,322,a1,8,16384,1000,1000
1383,303,21,323,a1,16,32768,1000,1000
1384,304,18,324,a1,4,16384,1000,1000
1385,305,18,325,a1,2,4096,1000,1000
1386,305,20,325,a1,4,8192,1000,1000
1387,305,20,325,a1,8,16384,1000,1000
1388,305,26,325,a1,16,32768,1000,1000
1389,305,19,325,a1,4,16384,1000,1000
1390,305,17,325,a1,2,4096,1000,1000
1391,306,27,326,a1,4,8192,1000,1000
1392,307,22,327,a1,8,16384,1000,1000
1393,308,17,328,a1,16,32768,1000,1000
1394,308,17,328,a1,4,16384,1000,1000
1395,308,24,328,a1,2,4096,1000,1000
1396,308,24,328,a1,4,8192,1000,1000
1397,309,22,329,a1,8,16384,1000,1000
1398,310,17,330,a1,16,32768,1000,1000
1399,310,24,330,a1,4,16384,1000,1000
1400,310,22,330,a1,2,4096,1000,1000
1401,311,20,331,a1,4,8192,1000,1000
1402,311,16,331,a1,8,16384,1000,1000
1403,311,22,331,a1,16,32768,1000,1000
1404,311,15,331,a1,4,16384,1000,1000
1405,311,19,331,a1,2,4096,1000,1000
1406,311,20,331,a1,4,8192,1000,1000
1407,311,21,331,a1,8,16384,1000,1000
1408,311,20,331,a1,16,32768,1000,1000
1409,311,21,331,a1,4,16384,1000,1000
1410,311,18,331,a1,2,4096,1000,1000
1411,311,20,331,a1,4,8192,1000,1000
1412,311,16,331,a1,8,16384,1000,1000
1413,311,23,331,a1,16,32768,1000,1000
1414,311,21,331,a1,4,16384,1000,1000
1415,311,22,331,a1,2,4096,1000,1000
1416,311,23,331,a1,4,8192,1000,1000
1417,311,23,331,a1,8,16384,1000,1000
1418,311,18,331,a1,16,32768,1000,1000
1419,311,22,331,a1,4,16384,1000,1000
1420,311,19,331,a1,2,4096,1000,1000
1421,311,17,331,a1,4,8192,1000,1000
1422,312,22,332,a1,8,16384,1000,1000
1423,312,19,332,a1,16,32768,1000,1000
1424,312,16,332,a1,4,16384,1000,1000
1425,312,25,332,a1,2,4096,1000,1000
1426,313,15,333,a1,4,8192,1000,1000
1427,314,15,334,a1,8,16384,1000,1000
1428,314,13,334,a1,16,32768,1000,1000
1429,314,16,334,a1,4,16384,1000,1000
1430,314,19,334,a1,2,4096,1000,1000
1431,314,17,334,a1,4,8192,1000,1000
1432,314,17,334,a1,8,16384,1000,1000
1433,315,18,335,a1,16,32768,1000,1000
1434,316,16,336,a1,4,16384,1000,1000
1435,317,18,337,a1,2,4096,1000,1000
1436,318,19,338,a1,4,8192,1000,1000
1437,319,20,339,a1,8,16384,1000,1000
1438,320,20,340,a1,16,32768,1000,1000
1439,321,19,341,a1,4,16384,1000,1000
1440,322,18,342,a1,2,4096,1000,1000
1441,323,19,343,a1,4,8192,1000,1000
1442,324,21,344,a1,8,16384,1000,1000
1443,325,22,345,a1,16,32768,1000,1000
1444,325,19,345,a1,4,16384,1000,1000
1445,325,19,345,a1,2,4096,1000,1000
1446,325,19,345,a1,4,8192,1000,1000
1447,325,20,345,a1,8,16384,1000,1000
1448,325,20,345,a1,16,32768,1000,1000
1449,325,24,345,a1,4,16384,1000,1000
1450,325,21,345,a1,2,4096,1000,1000
1451,325,24,345,a1,4,8192,1000,1000
1452,325,19,345,a1,8,16384,1000,1000
1453,325,14,345,a1,16,32768,1000,1000
1454,325,22,345,a1,4,16384,1000,1000
1455,325,16,345,a1,2,4096,1000,1000
1456,325,24,345,a1,4,8192,1000,1000
1457,325,18,345,a1,8,16384,1000,1000
1458,325,15,345,a1,16,32768,1000,1000
1459,325,20,345,a1,4,16384,1000,1000
1460,325,15,345,a1,2,4096,1000,1000
1461,326,21,346,a1,4,8192,1000,1000
1462,327,17,347,a1,8,16384,1000,1000
1463,327,26,347,a1,16,32768,1000,1000
1464,327,21,347,a1,4,16384,1000,1000
1465,327,17,347,a1,2,4096,1000,1000
1466,327,21,347,a1,4,8192,1000,1000
1467,327,16,347,a1,8,16384,1000,1000
1468,327,20,347,a1,16,32768,1000,1000
1469,327,22,347,a1,4,16384,1000,1000
1470,327,18,347,a1,2,4096,1000,1000
1471,327,17,347,a1,4,8192,1000,1000
1472,327,19,347,a1,8,16384,1000,1000
1473,327,23,347,a1,16,32768,1000,1000
1474,327,19,347,a1,4,16384,1000,1000
1475,327,17,347,a1,2,4096,1000,1000
1476,328,13,348,a1,4,8192,1000,1000
1477,329,18,349,a1,8,16384,1000,1000
1478,330,21,350,a1,16,32768,1000,1000
1479,331,18,351,a1,4,16384,1000,1000
1480,332,23,352,a1,2,4096,1000,1000
1481,332,25,352,a1,4,8192,1000,1000
1482,332,15,352,a1,8,16384,1000,1000
1483,333,19,353,a1,16,32768,1000,1000
1484,334,18,354,a1,4,16384,1000,1000
1485,335,22,355,a1,2,4096,1000,1000
1486,336,21,356,a1,4,8192,1000,1000
1487,336,16,356,a1,8,16384,1000,1000
1488,336,21,356,a1,16,32768,1000,1000
1489,336,17,356,a1,4,16384,1000,1000
1490,336,18,356,a1,2,4096,1000,1000
1491,337,14,357,a1,4,8192,1000,1000
1492,338,20,358,a1,8,16384,1000,1000
1493,338,21,358,a1,16,32768,1000,1000
1494,338,27,358,a1,4,16384,1000,1000
1495,338,17,358,a1,2,4096,1000,1000
1496,339,23,359,a1,4,8192,1000,1000
1497,340,13,360,a1,8,16384,1000,1000
1498,341,16,361,a1,16,32768,1000,1000
1499,342,18,362,a1,4,16384,1000,1000
1500,342,19,362,a1,2,4096,1000,1000
1501,342,20,362,a1,4,8192,1000,1000
1502,342,15,362,a1,8,16384,1000,1000
1503,342,18,362,a1,16,32768,1000,1000
1504,343,24,363,a1,4,16384,1000,1000
1505,344,18,364,a1,2,4096,1000,1000
1506,344,16,364,a1,4,8192,1000,1000
1507,344,22,364,a1,8,16384,1000,1000
1508,344,20,364,a1,16,32768,1000,1000
1509,344,17,364,a1,4,16384,1000,1000
1510,345,18,365,a1,2,4096,1000,1000
1511,346,16,366,a1,4,8192,1000,1000
1512,347,21,367,a1,8,16384,1000,1000
1513,348,21,368,a1,16,32768,1000,1000
1514,348,20,368,a1,4,16384,1000,1000
1515,349,14,369,a1,2,4096,1000,1000
1516,349,18,369,a1,4,8192,1000,1000
1517,350,17,370,a1,8,16384,1000,1000
1518,351,15,371,a1,16,32768,1000,1000
1519,352,14,372,a1,4,16384,1000,1000
1520,352,22,372,a1,2,4096,1000,1000
1521,352,26,372,a1,4,8192,1000,1000
1522,352,18,372,a1,8,16384,1000,1000
1523,352,20,372,a1,16,32768,1000,1000
1524,353,19,373,a1,4,16384,1000,1000
1525,353,18,373,a1,2,4096,1000,1000
1526,353,23,373,a1,4,8192,1000,1000
1527,353,21,373,a1,8,16384,1000,1000
1528,353,22,373,a1,16,32768,1000,1000
1529,353,21,373,a1,4,16384,1000,1000
1530,353,14,373,a1,2,4096,1000,1000
1531,353,17,373,a1,4,8192,1000,1000
1532,353,19,373,a1,8,16384,1000,1000
1533,353,21,373,a1,16,32768,1000,1000
1534,353,20,373,a1,4,16384,1000,1000
1535,353,22,373,a1,2,4096,1000,1000
1536,353,23,373,a1,4,8192,1000,1000
1537,353,22,373,a1,8,16384,1000,1000
1538,353,23,373,a1,16,32768,1000,1000
1539,354,13,374,a1,4,16384,1000,1000
1540,355,21,375,a1,2,4096,1000,1000
1541,356,11,376,a1,4,8192,1000,1000
1542,357,23,377,a1,8,16384,1000,1000
1543,358,20,378,a1,16,32768,1000,1000
1544,359,24,379,a1,4,16384,1000,1000
1545,359,21,379,a1,2,4096,1000,1000
1546,359,17,379,a1,4,8192,1000,1000
1547,359,17,379,a1,8,16384,1000,1000
1548,359,28,379,a1,16,32768,1000,1000
1549,359,18,379,a1,4,16384,1000,1000
1550,359,16,379,a1,2,4096,1000,1000
1551,359,18,379,a1,4,8192,1000,1000
1552,359,24,379,a1,8,16384,1000,1000
1553,359,17,379,a1,16,32768,1000,1000
1554,359,20,379,a1,4,16384,1000,1000
1555,359,18,379,a1,2,4096,1000,1000
1556,359,20,379,a1,4,8192,1000,1000
1557,359,18,379,a1,8,16384,1000,1000
1558,360,20,380,a1,16,32768,1000,1000
1559,361,21,381,a1,4,16384,1000,1000
1560,362,25,382,a1,2,4096,1000,1000
1561,362,18,382,a1,4,8192,1000,1000
1562,362,17,382,a1,8,16384,1000,1000
1563,362,21,382,a1,16,32768,1000,1000
1564,362,24,382,a1,4,16384,1000,1000
1565,362,23,382,a1,2,4096,1000,1000
1566,362,20,382,a1,4,8192,1000,1000
1567,362,21,382,a1,8,16384,1000,1000
1568,363,23,383,a1,16,32768,1000,1000
1569,364,16,384,a1,4,16384,1000,1000
1570,364,19,384,a1,2,4096,1000,1000
1571,364,16,384,a1,4,8192,1000,1000
1572,364,27,384,a1,8,16384,1000,1000
1573,364,20,384,a1,16,32768,1000,1000
1574,365,16,385,a1,4,16384,1000,1000
1575,366,17,386,a1,2,4096,1000,1000
1576,367,17,387,a1,4,8192,1000,1000
1577,367,23,387,a1,8,16384,1000,1000
1578,367,16,387,a1,16,32768,1000,1000
1579,367,20,387,a1,4,16384,1000,1000
1580,367,20,387,a1,2,4096,1000,1000
1581,368,20,388,a1,4,8192,1000,1000
1582,368,19,388,a1,8,16384,1000,1000
1583,368,21,388,a1,16,32768,1000,1000
1584,368,21,388,a1,4,16384,1000,1000
1585,368,18,388,a1,2,4096,1000,1000
1586,368,18,388,a1,4,8192,1000,1000
1587,369,18,389,a1,8,16384,1000,1000
1588,370,22,390,a1,16,32768,1000,1000
1589,371,20,391,a1,4,16384,1000,1000
1590,371,23,391,a1,2,4096,1000,1000
1591,371,16,391,a1,4,8192,1000,1000
1592,372,22,392,a1,8,16384,1000,1000
1593,373,21,393,a1,16,32768,1000,1000
1594,374,22,394,a1,4,16384,1000,1000
1595,374,22,394,a1,2,4096,1000,1000
1596,374,18,394,a1,4,8192,1000,1000
1597,374,19,394,a1,8,16384,1000,1000
1598,374,22,394,a1,16,32768,1000,1000
1599,374,22,394,a1,4,16384,1000,1000
1600,375,20,395,a1,2,4096,1000,1000
1601,376,23,396,a1,4,8192,1000,1000
1602,377,15,397,a1,8,16384,1000,1000
1603,377,26,397,a1,16,32768,1000,1000
1604,377,21,397,a1,4,16384,1000,1000
1605,378,17,398,a1,2,4096,1000,1000
1606,379,25,399,a1,4,8192,1000,1000
1607,380,17,400,a1,8,16384,1000,1000
1608,381,16,401,a1,16,32768,1000,1000
1609,382,23,402,a1,4,16384,1000,1000
1610,382,16,402,a1,2,4096,1000,1000
1611,382,20,402,a1,4,8192,1000,1000
1612,382,21,402,a1,8,16384,1000,1000
1613,382,20,402,a1,16,32768,1000,1000
1614,382,19,402,a1,4,16384,1000,1000
1615,382,15,402,a1,2,4096,1000,1000
1616,382,17,402,a1,4,8192,1000,1000
1617,382,26,402,a1,8,16384,1000,1000
1618,382,20,402,a1,16,32768,1000,1000
1619,382,17,402,a1,4,16384,1000,1000
1620,382,16,402,a1,2,4096,1000,1000
1621,382,19,402,a1,4,8192,1000,1000
1622,382,17,402,a1,8,16384,1000,1000
1623,382,23,402,a1,16,32768,1000,1000
1624,383,20,403,a1,4,16384,1000,1000
1625,383,23,403,a1,2,4096,1000,1000
1626,383,18,403,a1,4,8192,1000,1000
1627,383,22,403,a1,8,16384,1000,1000
1628,383,16,403,a1,16,32768,1000,1000
1629,383,23,403,a1,4,16384,1000,1000
1630,383,17,403,a1,2,4096,1000,1000
1631,383,21,403,a1,4,8192,1000,1000
1632,383,19,403,a1,8,16384,1000,1000
1633,383,15,403,a1,16,32768,1000,1000
1634,383,20,403,a1,4,16384,1000,1000
1635,383,16,403,a1,2,4096,1000,1000
1636,384,24,404,a1,4,8192,1000,1000
1637,384,23,404,a1,8,16384,1000,1000
1638,384,24,404,a1,16,32768,1000,1000
1639,384,17,404,a1,4,16384,1000,1000
1640,384,16,404,a1,2,4096,1000,1000
1641,384,19,404,a1,4,8192,1000,1000
1642,384,25,404,a1,8,16384,1000,1000
1643,384,20,404,a1,16,32768,1000,1000
1644,384,15,404,a1,4,16384,1000,1000
1645,384,24,404,a1,2,4096,1000,1000
1646,384,17,404,a1,4,8192,1000,1000
1647,384,17,404,a1,8,16384,1000,1000
1648,384,19,404,a1,16,32768,1000,1000
1649,384,21,404,a1,4,16384,1000,1000
1650,384,17,404,a1,2,4096,1000,1000
1651,384,19,404,a1,4,8192,1000,1000
1652,384,19,404,a1,8,16384,1000,1000
1653,385,19,405,a1,16,32768,1000,1000
1654,386,20,406,a1,4,16384,1000,1000
1655,386,22,406,a1,2,4096,1000,1000
1656,386,26,406,a1,4,8192,1000,1000
1657,386,19,406,a1,8,16384,1000,1000
1658,387,18,407,a1,16,32768,1000,1000
1659,388,18,408,a1,4,16384,1000,1000
1660,388,23,408,a1,2,4096,1000,1000
1661,388,20,408,a1,4,8192,1000,1000
1662,388,26,408,a1,8,16384,1000,1000
1663,388,20,408,a1,16,32768,1000,1000
1664,388,20,408,a1,4,16384,1000,1000
1665,388,22,408,a1,2,4096,1000,1000
1666,388,22,408,a1,4,8192,1000,1000
1667,388,26,408,a1,8,16384,1000,1000
1668,388,15,408,a1,16,32768,1000,1000
1669,388,21,408,a1,4,16384,1000,1000
1670,388,22,408,a1,2,4096,1000,1000
1671,388,16,408,a1,4,8192,1000,1000
1672,388,19,408,a1,8,16384,1000,1000
1673,388,25,408,a1,16,32768,1000,1000
1674,389,21,409,a1,4,16384,1000,1000
1675,390,17,410,a1,2,4096,1000,1000
1676,390,26,410,a1,4,8192,1000,1000
1677,390,15,410,a1,8,16384,1000,1000
1678,390,25,410,a1,16,32768,1000,1000
1679,390,23,410,a1,4,16384,1000,1000
1680,390,20,410,a1,2,4096,1000,1000
1681,390,25,410,a1,4,8192,1000,1000
1682,391,17,411,a1,8,16384,1000,1000
1683,391,21,411,a1,16,32768,1000,1000
1684,391,19,411,a1,4,16384,1000,1000
1685,391,26,411,a1,2,4096,1000,1000
1686,391,19,411,a1,4,8192,1000,1000
1687,391,19,411,a1,8,16384,1000,1000
1688,391,18,411,a1,16,32768,1000,1000
1689,391,22,411,a1,4,16384,1000,1000
1690,391,17,411,a1,2,4096,1000,1000
1691,391,18,411,a1,4,8192,1000,1000
1692,391,19,411,a1,8,16384,1000,1000
1693,391,19,411,a1,16,32768,1000,1000
1694,391,20,411,a1,4,16384,1000,1000
1695,391,17,411,a1,2,4096,1000,1000
1696,391,22,411,a1,4,8192,1000,1000
1697,391,22,411,a1,8,16384,1000,1000
1698,391,15,411,a1,16,32768,1000,1000
1699,391,20,411,a1,4,16384,1000,1000
1700,391,20,411,a1,2,4096,1000,1000
1701,391,21,411,a1,4,8192,1000,1000
1702,391,18,411,a1,8,16384,1000,1000
1703,391,13,411,a1,16,32768,1000,1000
1704,392,17,412,a1,4,16384,1000,1000
1705,393,20,413,a1,2,4096,1000,1000
1706,393,19,413,a1,4,8192,1000,1000
1707,394,21,414,a1,8,16384,1000,1000
1708,395,18,415,a1,16,32768,1000,1000
1709,395,17,415,a1,4,16384,1000,1000
1710,395,24,415,a1,2,4096,1000,1000
1711,396,14,416,a1,4,8192,1000,1000
1712,397,20,417,a1,8,16384,1000,1000
1713,398,21,418,a1,16,32768,1000,1000
1714,399,16,419,a1,4,16384,1000,1000
1715,399,21,419,a1,2,4096,1000,1000
1716,399,19,419,a1,4,8192,1000,1000
1717,399,19,419,a1,8,16384,1000,1000
1718,399,21,419,a1,16,32768,1000,1000
1719,399,17,419,a1,4,16384,1000,1000
1720,399,19,419,a1,2,4096,1000,1000
1721,399,19,419,a1,4,8192,1000,1000
1722,399,19,419,a1,8,16384,1000,1000
1723,399,18,419,a1,16,32768,1000,1000
1724,399,18,419,a1,4,16384,1000,1000
1725,399,22,419,a1,2,4096,1000,1000
1726,399,15,419,a1,4,8192,1000,1000
1727,399,20,419,a1,8,16384,1000,1000
1728,399,18,419,a1,16,32768,1000,1000
1729,399,22,419,a1,4,16384,1000,1000
1730,400,16,420,a1,2,4096,1000,1000
1731,400,17,420,a1,4,8192,1000,1000
1732,400,19,420,a1,8,16384,1000,1000
1733,400,13,420,a1,16,32768,1000,1000
1734,400,20,420,a1,4,16384,1000,1000
1735,400,18,420,a1,2,4096,1000,1000
1736,400,18,420,a1,4,8192,1000,1000
1737,400,19,420,a1,8,16384,1000,1000
1738,400,20,420,a1,16,32768,1000,1000
1739,401,18,421,a1,4,16384,1000,1000
1740,401,28,421,a1,2,4096,1000,1000
1741,401,21,421,a1,4,8192,1000,1000
1742,401,19,421,a1,8,16384,1000,1000
1743,401,19,421,a1,16,32768,1000,1000
1744,401,20,421,a1,4,16384,1000,1000
1745,401,21,421,a1,2,4096,1000,1000
1746,401,16,421,a1,4,8192,1000,1000
1747,401,19,421,a1,8,16384,1000,1000
1748,401,19,421,a1,16,32768,1000,1000
1749,401,14,421,a1,4,16384,1000,1000
1750,401,18,421,a1,2,4096,1000,1000
1751,401,22,421,a1,4,8192,1000,1000
1752,402,18,422,a1,8,16384,1000,1000
1753,403,20,423,a1,16,32768,1000,1000
1754,403,21,423,a1,4,16384,1000,1000
1755,403,26,423,a1,2,4096,1000,1000
1756,403,28,423,a1,4,8192,1000,1000
1757,403,22,423,a1,8,16384,1000,1000
1758,404,15,424,a1,16,32768,1000,1000
1759,404,19,424,a1,4,16384,1000,1000
1760,404,13,424,a1,2,4096,1000,1000
1761,405,18,425,a1,4,8192,1000,1000
1762,405,19,425,a1,8,16384,1000,1000
1763,405,22,425,a1,16,32768,1000,1000
1764,405,14,425,a1,4,16384,1000,1000
1765,405,16,425,a1,2,4096,1000,1000
1766,406,18,426,a1,4,8192,1000,1000
1767,407,21,427,a1,8,16384,1000,1000
1768,408,18,428,a1,16,32768,1000,1000
1769,409,21,429,a1,4,16384,1000,1000
1770,409,16,429,a1,2,4096,1000,1000
1771,409,17,429,a1,4,8192,1000,1000
1772,409,19,429,a1,8,16384,1000,1000
1773,409,19,429,a1,16,32768,1000,1000
1774,409,20,429,a1,4,16384,1000,1000
1775,409,21,429,a1,2,4096,1000,1000
1776,410,25,430,a1,4,8192,1000,1000
1777,411,21,431,a1,8,16384,1000,1000
1778,411,20,431,a1,16,32768,1000,1000
1779,411,16,431,a1,4,16384,1000,1000
1780,411,19,431,a1,2,4096,1000,1000
1781,411,22,431,a1,4,8192,1000,1000
1782,411,17,431,a1,8,16384,1000,1000
1783,411,24,431,a1,16,32768,1000,1000
1784,411,14,431,a1,4,16384,1000,1000
1785,411,18,431,a1,2,4096,1000,1000
1786,411,15,431,a1,4,8192,1000,1000
1787,411,22,431,a1,8,16384,1000,1000
1788,411,18,431,a1,16,32768,1000,1000
1789,411,19,431,a1,4,16384,1000,1000
1790,411,18,431,a1,2,4096,1000,1000
1791,411,16,431,a1,4,8192,1000,1000
1792,411,19,431,a1,8,16384,1000,1000
1793,411,22,431,a1,16,32768,1000,1000
1794,411,27,431,a1,4,16384,1000,1000
1795,412,20,432,a1,2,4096,1000,1000
1796,413,17,433,a1,4,8192,1000,1000
1797,414,16,434,a1,8,16384,1000,1000
1798,415,18,435,a1,16,32768,1000,1000
1799,415,22,435,a1,4,16384,1000,1000
1800,415,18,435,a1,2,4096,1000,1000
1801,415,18,435,a1,4,8192,1000,1000
1802,415,25,435,a1,8,16384,1000,1000
1803,415,13,435,a1,16,32768,1000,1000
1804,415,20,435,a1,4,16384,1000,1000
1805,415,18,435,a1,2,4096,1000,1000
1806,415,13,435,a1,4,8192,1000,1000
1807,415,18,435,a1,8,16384,1000,1000
1808,415,23,435,a1,16,32768,1000,1000
1809,415,22,435,a1,4,16384,1000,1000
1810,415,20,435,a1,2,4096,1000,1000
1811,416,18,436,a1,4,8192,1000,1000
1812,417,17,437,a1,8,16384,1000,1000
1813,417,21,437,a1,16,32768,1000,1000
1814,417,18,437,a1,4,16384,1000,1000
1815,417,17,437,a1,2,4096,1000,1000
1816,417,19,437,a1,4,8192,1000,1000
1817,417,15,437,a1,8,16384,1000,1000
1818,417,19,437,a1,16,32768,1000,1000
1819,417,15,437,a1,4,16384,1000,1000
1820,417,17,437,a1,2,4096,1000,1000
1821,417,21,437,a1,4,8192,1000,1000
1822,417,18,437,a1,8,16384,1000,1000
1823,417,21,437,a1,16,32768,1000,1000
1824,417,16,437,a1,4,16384,1000,1000
1825,418,17,438,a1,2,4096,1000,1000
1826,419,18,439,a1,4,8192,1000,1000
1827,420,20,440,a1,8,16384,1000,1000
1828,420,18,440,a1,16,32768,1000,1000
1829,420,18,440,a1,4,16384,1000,1000
1830,420,14,440,a1,2,4096,1000,1000
1831,420,24,440,a1,4,8192,1000,1000
1832,420,19,440,a1,8,16384,1000,1000
1833,420,19,440,a1,16,32768,1000,1000
1834,420,15,440,a1,4,16384,1000,1000
1835,420,22,440,a1,2,4096,1000,1000
1836,420,18,440,a1,4,8192,1000,1000
1837,421,21,441,a1,8,16384,1000,1000
1838,422,19,442,a1,16,32768,1000,1000
1839,423,23,443,a1,4,16384,1000,1000
1840,424,21,444,a1,2,4096,1000,1000
1841,424,22,444,a1,4,8192,1000,1000
1842,424,19,444,a1,8,16384,1000,1000
1843,424,26,444,a1,16,32768,1000,1000
1844,424,22,444,a1,4,16384,1000,1000
1845,424,19,444,a1,2,4096,1000,1000
1846,424,18,444,a1,4,8192,1000,1000
1847,424,22,444,a1,8,16384,1000,1000
1848,425,17,445,a1,16,32768,1000,1000
1849,426,14,446,a1,4,16384,1000,1000
1850,427,20,447,a1,2,4096,1000,1000
1851,428,27,448,a1,4,8192,1000,1000
1852,428,19,448,a1,8,16384,1000,1000
1853,428,25,448,a1,16,32768,1000,1000
1854,428,14,448,a1,4,16384,1000,1000
1855,428,22,448,a1,2,4096,1000,1000
1856,428,24,448,a1,4,8192,1000,1000
1857,428,20,448,a1,8,16384,1000,1000
1858,428,14,448,a1,16,32768,1000,1000
1859,428,22,448,a1,4,16384,1000,1000
1860,429,16,449,a1,2,4096,1000,1000
1861,430,18,450,a1,4,8192,1000,1000
1862,431,19,451,a1,8,16384,1000,1000
1863,431,17,451,a1,16,32768,1000,1000
1864,431,19,451,a1,4,16384,1000,1000
1865,431,23,451,a1,2,4096,1000,1000
1866,431,19,451,a1,4,8192,1000,1000
1867,431,18,451,a1,8,16384,1000,1000
1868,431,19,451,a1,16,32768,1000,1000
1869,432,24,452,a1,4,16384,1000,1000
1870,433,24,453,a1,2,4096,1000,1000
1871,434,19,454,a1,4,8192,1000,1000
1872,434,15,454,a1,8,16384,1000,1000
1873,434,18,454,a1,16,32768,1000,1000
1874,434,17,454,a1,4,16384,1000,1000
1875,434,26,454,a1,2,4096,1000,1000
1876,434,20,454,a1,4,8192,1000,1000
1877,434,19,454,a1,8,16384,1000,1000
1878,434,23,454,a1,16,32768,1000,1000
1879,434,23,454,a1,4,16384,1000,1000
1880,434,18,454,a1,2,4096,1000,1000
1881,434,19,454,a1,4,8192,1000,1000
1882,434,19,454,a1,8,16384,1000,1000
1883,435,23,455,a1,16,32768,1000,1000
1884,435,16,455,a1,4,16384,1000,1000
1885,435,16,455,a1,2,4096,1000,1000
1886,435,17,455,a1,4,8192,1000,1000
1887,435,20,455,a1,8,16384,1000,1000
1888,435,22,455,a1,16,32768,1000,1000
1889,436,17,456,a1,4,16384,1000,1000
1890,436,17,456,a1,2,4096,1000,1000
1891,436,20,456,a1,4,8192,1000,1000
1892,436,16,456,a1,8,16384,1000,1000
1893,436,20,456,a1,16,32768,1000,1000
1894,436,20,456,a1,4,16384,1000,1000
1895,436,18,456,a1,2,4096,1000,1000
1896,436,20,456,a1,4,8192,1000,1000
1897,436,16,456,a1,8,16384,1000,1000
1898,436,15,456,a1,16,32768,1000,1000
1899,436,19,456,a1,4,16384,1000,1000
1900,436,22,456,a1,2,4096,1000,1000
1901,436,21,456,a1,4,8192,1000,1000
1902,437,18,457,a1,8,16384,1000,1000
1903,438,18,458,a1,16,32768,1000,1000
1904,438,22,458,a1,4,16384,1000,1000
1905,439,18,459,a1,2,4096,1000,1000
1906,440,18,460,a1,4,8192,1000,1000
1907,440,17,460,a1,8,16384,1000,1000
1908,440,19,460,a1,16,32768,1000,1000
1909,440,23,460,a1,4,16384,1000,1000
1910,440,19,460,a1,2,4096,1000,1000
1911,440,27,460,a1,4,8192,1000,1000
1912,440,17,460,a1,8,16384,1000,1000
1913,440,21,460,a1,16,32768,1000,1000
1914,440,19,460,a1,4,16384,1000,1000
1915,441,16,461,a1,2,4096,1000,1000
1916,441,21,461,a1,4,8192,1000,1000
1917,441,21,461,a1,8,16384,1000,1000
1918,441,21,461,a1,16,32768,1000,1000
1919,441,16,461,a1,4,16384,1000,1000
1920,441,14,461,a1,2,4096,1000,1000
1921,441,19,461,a1,4,8192,1000,1000
1922,441,21,461,a1,8,16384,1000,1000
1923,441,21,461,a1,16,32768,1000,1000
1924,441,13,461,a1,4,16384,1000,1000
1925,441,17,461,a1,2,4096,1000,1000
1926,441,16,461,a1,4,8192,1000,1000
1927,441,19,461,a1,8,16384,1000,1000
1928,442,18,462,a1,16,32768,1000,1000
1929,442,21,462,a1,4,16384,1000,1000
1930,442,23,462,a1,2,4096,1000,1000
1931,442,22,462,a1,4,8192,1000,1000
1932,442,20,462,a1,8,16384,1000,1000
1933,442,22,462,a1,16,32768,1000,1000
1934,442,20,462,a1,4,16384,1000,1000
1935,442,13,462,a1,2,4096,1000,1000
1936,442,21,462,a1,4,8192,1000,1000
1937,442,19,462,a1,8,16384,1000,1000
1938,442,18,462,a1,16,32768,1000,1000
1939,442,25,462,a1,4,16384,1000,1000
1940,442,19,462,a1,2,4096,1000,1000
1941,443,16,463,a1,4,8192,1000,1000
1942,444,17,464,a1,8,16384,1000,1000
1943,444,17,464,a1,16,32768,1000,1000
1944,444,18,464,a1,4,16384,1000,1000
1945,444,14,464,a1,2,4096,1000,1000
1946,444,19,464,a1,4,8192,1000,1000
1947,445,19,465,a1,8,16384,1000,1000
1948,446,20,466,a1,16,32768,1000,1000
1949,446,20,466,a1,4,16384,1000,1000
1950,446,16,466,a1,2,4096,1000,1000
1951,446,18,466,a1,4,8192,1000,1000
1952,446,19,466,a1,8,16384,1000,1000
1953,447,22,467,a1,16,32768,1000,1000
1954,448,20,468,a1,4,16384,1000,1000
1955,448,20,468,a1,2,4096,1000,1000
1956,448,15,468,a1,4,8192,1000,1000
1957,448,21,468,a1,8,16384,1000,1000
1958,448,20,468,a1,16,32768,1000,1000
1959,448,20,468,a1,4,16384,1000,1000
1960,448,22,468,a1,2,4096,1000,1000
1961,448,25,468,a1,4,8192,1000,1000
1962,448,17,468,a1,8,16384,1000,1000
1963,448,15,468,a1,16,32768,1000,1000
1964,448,23,468,a1,4,16384,1000,1000
1965,448,23,468,a1,2,4096,1000,1000
1966,448,17,468,a1,4,8192,1000,1000
1967,448,15,468,a1,8,16384,1000,1000
1968,449,18,469,a1,16,32768,1000,1000
1969,449,21,469,a1,4,16384,1000,1000
1970,449,18,469,a1,2,4096,1000,1000
1971,449,20,469,a1,4,8192,1000,1000
1972,449,16,469,a1,8,16384,1000,1000
1973,449,20,469,a1,16,32768,1000,1000
1974,449,14,469,a1,4,16384,1000,1000
1975,450,21,470,a1,2,4096,1000,1000
1976,451,23,471,a1,4,8192,1000,1000
1977,451,18,471,a1,8,16384,1000,1000
1978,451,17,471,a1,16,32768,1000,1000
1979,451,18,471,a1,4,16384,1000,1000
1980,451,15,471,a1,2,4096,1000,1000
1981,451,23,471,a1,4,8192,1000,1000
1982,451,18,471,a1,8,16384,1000,1000
1983,452,25,472,a1,16,32768,1000,1000
1984,452,19,472,a1,4,16384,1000,1000
1985,452,25,472,a1,2,4096,1000,1000
1986,452,19,472,a1,4,8192,1000,1000
1987,453,13,473,a1,8,16384,1000,1000
1988,454,19,474,a1,16,32768,1000,1000
1989,454,23,474,a1,4,16384,1000,1000
1990,454,22,474,a1,2,4096,1000,1000
1991,454,19,474,a1,4,8192,1000,1000
1992,454,14,474,a1,8,16384,1000,1000
1993,454,15,474,a1,16,32768,1000,1000
1994,454,18,474,a1,4,16384,1000,1000
1995,454,19,474,a1,2,4096,1000,1000
1996,455,16,475,a1,4,8192,1000,1000
1997,455,16,475,a1,8,16384,1000,1000
1998,455,19,475,a1,16,32768,1000,1000
1999,455,15,475,a1,4,16384,1000,1000
2000,456,16,476,a1,2,4096,1000,1000
2001,457,21,477,a1,4,8192,1000,1000
2002,457,23,477,a1,8,16384,1000,1000
2003,457,14,477,a1,16,32768,1000,1000
2004,457,20,477,a1,4,16384,1000,1000
2005,457,17,477,a1,2,4096,1000,1000
2006,457,15,477,a1,4,8192,1000,1000
2007,457,22,477,a1,8,16384,1000,1000
2008,457,17,477,a1,16,32768,1000,1000
2009,457,17,477,a1,4,16384,1000,1000
2010,458,21,478,a1,2,4096,1000,1000
2011,458,15,478,a1,4,8192,1000,1000
2012,458,21,478,a1,8,16384,1000,1000
2013,458,25,478,a1,16,32768,1000,1000
2014,458,20,478,a1,4,16384,1000,1000
2015,458,18,478,a1,2,4096,1000,1000
2016,459,24,479,a1,4,8192,1000,1000
2017,460,25,480,a1,8,16384,1000,1000
2018,461,15,481,a1,16,32768,1000,1000
2019,462,18,482,a1,4,16384,1000,1000
2020,462,14,482,a1,2,4096,1000,1000
2021,462,17,482,a1,4,8192,1000,1000
2022,462,15,482,a1,8,16384,1000,1000
2023,462,17,482,a1,16,32768,1000,1000
2024,462,21,482,a1,4,16384,1000,1000
2025,463,19,483,a1,2,4096,1000,1000
2026,464,18,484,a1,4,8192,1000,1000
2027,465,23,485,a1,8,16384,1000,1000
2028,465,19,485,a1,16,32768,1000,1000
2029,465,19,485,a1,4,16384,1000,1000
2030,465,22,485,a1,2,4096,1000,1000
2031,465,22,485,a1,4,8192,1000,1000
2032,465,23,485,a1,8,16384,1000,1000
2033,465,15,485,a1,16,32768,1000,1000
2034,465,24,485,a1,4,16384,1000,1000
2035,465,15,485,a1,2,4096,1000,1000
2036,465,15,485,a1,4,8192,1000,1000
2037,465,21,485,a1,8,16384,1000,1000
2038,466,16,486,a1,16,32768,1000,1000
2039,467,20,487,a1,4,16384,1000,1000
2040,467,24,487,a1,2,4096,1000,1000
2041,467,21,487,a1,4,8192,1000,1000
2042,467,17,487,a1,8,16384,1000,1000
2043,467,21,487,a1,16,32768,1000,1000
2044,467,19,487,a1,4,16384,1000,1000
2045,467,19,487,a1,2,4096,1000,1000
2046,467,22,487,a1,4,8192,1000,1000
2047,467,24,487,a1,8,16384,1000,1000
2048,468,28,488,a1,16,32768,1000,1000
2049,469,17,489,a1,4,16384,1000,1000
2050,470,19,490,a1,2,4096,1000,1000
2051,470,20,490,a1,4,8192,1000,1000
2052,470,21,490,a1,8,16384,1000,1000
2053,470,20,490,a1,16,32768,1000,1000
2054,470,26,490,a1,4,16384,1000,1000
2055,470,17,490,a1,2,4096,1000,1000
2056,470,16,490,a1,4,8192,1000,1000
2057,470,24,490,a1,8,16384,1000,1000
2058,471,17,491,a1,16,32768,1000,1000
2059,472,16,492,a1,4,16384,1000,1000
2060,473,21,493,a1,2,4096,1000,1000
2061,474,20,494,a1,4,8192,1000,1000
2062,475,18,495,a1,8,16384,1000,1000
2063,475,24,495,a1,16,32768,1000,1000
2064,475,18,495,a1,4,16384,1000,1000
2065,475,18,495,a1,2,4096,1000,1000
2066,475,13,495,a1,4,8192,1000,1000
2067,475,20,495,a1,8,16384,1000,1000
2068,475,19,495,a1,16,32768,1000,1000
2069,475,18,495,a1,4,16384,1000,1000
2070,475,26,495,a1,2,4096,1000,1000
2071,475,20,495,a1,4,8192,1000,1000
2072,476,22,496,a1,8,16384,1000,1000
2073,476,14,496,a1,16,32768,1000,1000
2074,476,21,496,a1,4,16384,1000,1000
2075,476,18,496,a1,2,4096,1000,1000
2076,476,21,496,a1,4,8192,1000,1000
2077,476,14,496,a1,8,16384,1000,1000
2078,476,17,496,a1,16,32768,1000,1000
2079,476,22,496,a1,4,16384,1000,1000
2080,476,20,496,a1,2,4096,1000,1000
2081,477,21,497,a1,4,8192,1000,1000
2082,477,21,497,a1,8,16384,1000,1000
2083,477,16,497,a1,16,32768,1000,1000
2084,477,21,497,a1,4,16384,1000,1000
2085,477,18,497,a1,2,4096,1000,1000
2086,477,16,497,a1,4,8192,1000,1000
2087,477,18,497,a1,8,16384,1000,1000
2088,477,21,497,a1,16,32768,1000,1000
2089,477,19,497,a1,4,16384,1000,1000
2090,477,20,497,a1,2,4096,1000,1000
2091,477,17,497,a1,4,8192,1000,1000
2092,477,23,497,a1,8,16384,1000,1000
2093,477,23,497,a1,16,32768,1000,1000
2094,477,11,497,a1,4,16384,1000,1000
2095,477,17,497,a1,2,4096,1000,1000
2096,477,25,497,a1,4,8192,1000,1000
2097,477,20,497,a1,8,16384,1000,1000
2098,477,23,497,a1,16,32768,1000,1000
2099,477,19,497,a1,4,16384,1000,1000
2100,478,15,498,a1,2,4096,1000,1000
2101,479,15,499,a1,4,8192,1000,1000
2102,480,21,500,a1,8,16384,1000,1000
2103,480,19,500,a1,16,32768,1000,1000
2104,480,19,500,a1,4,16384,1000,1000
2105,480,15,500,a1,2,4096,1000,1000
2106,480,19,500,a1,4,8192,1000,1000
2107,480,17,500,a1,8,16384,1000,1000
2108,480,20,500,a1,16,32768,1000,1000
2109,480,15,500,a1,4,16384,1000,1000
2110,480,17,500,a1,2,4096,1000,1000
2111,480,21,500,a1,4,8192,1000,1000
2112,480,13,500,a1,8,16384,1000,1000
2113,480,18,500,a1,16,32768,1000,1000
2114,480,16,500,a1,4,16384,1000,1000
2115,480,15,500,a1,2,4096,1000,1000
2116,480,19,500,a1,4,8192,1000,1000
2117,480,20,500,a1,8,16384,1000,1000
2118,480,19,500,a1,16,32768,1000,1000
2119,480,22,500,a1,4,16384,1000,1000
2120,481,19,501,a1,2,4096,1000,1000
2121,482,19,502,a1,4,8192,1000,1000
2122,483,21,503,a1,8,16384,1000,1000
2123,483,17,503,a1,16,32768,1000,1000
2124,483,18,503,a1,4,16384,1000,1000
2125,483,21,503,a1,2,4096,1000,1000
2126,483,17,503,a1,4,8192,1000,1000
2127,483,25,503,a1,8,16384,1000,1000
2128,483,19,503,a1,16,32768,1000,1000
2129,483,18,503,a1,4,16384,1000,1000
2130,483,26,503,a1,2,4096,1000,1000
2131,484,13,504,a1,4,8192,1000,1000
2132,484,22,504,a1,8,16384,1000,1000
2133,485,19,505,a1,16,32768,1000,1000
2134,486,24,506,a1,4,16384,1000,1000
2135,486,18,506,a1,2,4096,1000,1000
2136,486,26,506,a1,4,8192,1000,1000
2137,486,20,506,a1,8,16384,1000,1000
2138,487,22,507,a1,16,32768,1000,1000
2139,488,23,508,a1,4,16384,1000,1000
2140,489,15,509,a1,2,4096,1000,1000
2141,490,21,510,a1,4,8192,1000,1000
2142,490,22,510,a1,8,16384,1000,1000
2143,490,27,510,a1,16,32768,1000,1000
2144,491,10,511,a1,4,16384,1000,1000
2145,491,16,511,a1,2,4096,1000,1000
2146,491,21,511,a1,4,8192,1000,1000
2147,491,22,511,a1,8,16384,1000,1000
2148,491,23,511,a1,16,32768,1000,1000
2149,491,18,511,a1,4,16384,1000,1000
2150,491,26,511,a1,2,4096,1000,1000
2151,491,24,511,a1,4,8192,1000,1000
2152,491,15,511,a1,8,16384,1000,1000
2153,491,23,511,a1,16,32768,1000,1000
2154,491,19,511,a1,4,16384,1000,1000
2155,491,19,511,a1,2,4096,1000,1000
2156,491,15,511,a1,4,8192,1000,1000
2157,491,18,511,a1,8,16384,1000,1000
2158,491,22,511,a1,16,32768,1000,1000
2159,491,20,511,a1,4,16384,1000,1000
2160,491,21,511,a1,2,4096,1000,1000
2161,491,15,511,a1,4,8192,1000,1000
2162,491,21,511,a1,8,16384,1000,1000
2163,491,22,511,a1,16,32768,1000,1000
2164,492,18,512,a1,4,16384,1000,1000
2165,492,23,512,a1,2,4096,1000,1000
2166,492,16,512,a1,4,8192,1000,1000
2167,492,14,512,a1,8,16384,1000,1000
2168,492,21,512,a1,16,32768,1000,1000
2169,492,21,512,a1,4,16384,1000,1000
2170,492,17,512,a1,2,4096,1000,1000
2171,492,22,512,a1,4,8192,1000,1000
2172,492,22,512,a1,8,16384,1000,1000
2173,492,28,512,a1,16,32768,1000,1000
2174,493,19,513,a1,4,16384,1000,1000
2175,493,26,513,a1,2,4096,1000,1000
2176,493,16,513,a1,4,8192,1000,1000
2177,493,19,513,a1,8,16384,1000,1000
2178,494,14,514,a1,16,32768,1000,1000
2179,494,21,514,a1,4,16384,1000,1000
2180,494,19,514,a1,2,4096,1000,1000
2181,494,22,514,a1,4,8192,1000,1000
2182,494,23,514,a1,8,16384,1000,1000
2183,494,15,514,a1,16,32768,1000,1000
2184,494,18,514,a1,4,16384,1000,1000
2185,494,16,514,a1,2,4096,1000,1000
2186,494,17,514,a1,4,8192,1000,1000
2187,494,16,514,a1,8,16384,1000,1000
2188,494,21,514,a1,16,32768,1000,1000
2189,494,21,514,a1,4,16384,1000,1000
2190,494,18,514,a1,2,4096,1000,1000
2191,494,24,514,a1,4,8192,1000,1000
2192,494,21,514,a1,8,16384,1000,1000
2193,494,19,514,a1,16,32768,1000,1000
2194,494,20,514,a1,4,16384,1000,1000
2195,494,15,514,a1,2,4096,1000,1000
2196,494,19,514,a1,4,8192,1000,1000
2197,495,21,515,a1,8,16384,1000,1000
2198,496,15,516,a1,16,32768,1000,1000
2199,496,13,516,a1,4,16384,1000,1000
2200,496,18,516,a1,2,4096,1000,1000
2201,496,22,516,a1,4,8192,1000,1000
2202,496,16,516,a1,8,16384,1000,1000
2203,496,19,516,a1,16,32768,1000,1000
2204,497,18,517,a1,4,16384,1000,1000
2205,498,21,518,a1,2,4096,1000,1000
2206,499,25,519,a1,4,8192,1000,1000
2207,499,15,519,a1,8,16384,1000,1000
2208,499,18,519,a1,16,32768,1000,1000
2209,499,15,519,a1,4,16384,1000,1000
2210,499,19,519,a1,2,4096,1000,1000
2211,500,19,520,a1,4,8192,1000,1000
2212,501,15,521,a1,8,16384,1000,1000
2213,502,19,522,a1,16,32768,1000,1000
2214,502,19,522,a1,4,16384,1000,1000
2215,502,22,522,a1,2,4096,1000,1000
2216,502,21,522,a1,4,8192,1000,1000
2217,502,22,522,a1,8,16384,1000,1000
2218,502,20,522,a1,16,32768,1000,1000
2219,502,19,522,a1,4,16384,1000,1000
2220,502,23,522,a1,2,4096,1000,1000
2221,502,18,522,a1,4,8192,1000,1000
2222,502,21,522,a1,8,16384,1000,1000
2223,502,13,522,a1,16,32768,1000,1000
2224,502,18,522,a1,4,16384,1000,1000
2225,502,17,522,a1,2,4096,1000,1000
2226,502,22,522,a1,4,8192,1000,1000
2227,502,22,522,a1,8,16384,1000,1000
2228,502,20,522,a1,16,32768,1000,1000
2229,503,22,523,a1,4,16384,1000,1000
2230,503,23,523,a1,2,4096,1000,1000
2231,503,21,523,a1,4,8192,1000,1000
2232,503,21,523,a1,8,16384,1000,1000
2233,503,19,523,a1,16,32768,1000,1000
2234,503,21,523,a1,4,16384,1000,1000
2235,503,23,523,a1,2,4096,1000,1000
2236,503,24,523,a1,4,8192,1000,1000
2237,503,19,523,a1,8,16384,1000,1000
2238,503,19,523,a1,16,32768,1000,1000
2239,503,16,523,a1,4,16384,1000,1000
2240,504,20,524,a1,2,4096,1000,1000
2241,505,21,525,a1,4,8192,1000,1000
2242,505,23,525,a1,8,16384,1000,1000
2243,505,17,525,a1,16,32768,1000,1000
2244,505,19,525,a1,4,16384,1000,1000
2245,505,17,525,a1,2,4096,1000,1000
2246,505,9,525,a1,4,8192,1000,1000
2247,505,20,525,a1,8,16384,1000,1000
2248,505,23,525,a1,16,32768,1000,1000
2249,506,19,526,a1,4,16384,1000,1000
2250,507,20,527,a1,2,4096,1000,1000
2251,507,18,527,a1,4,8192,1000,1000
2252,507,20,527,a1,8,16384,1000,1000
2253,507,18,527,a1,16,32768,1000,1000
2254,507,17,527,a1,4,16384,1000,1000
2255,508,21,528,a1,2,4096,1000,1000
2256,508,27,528,a1,4,8192,1000,1000
2257,508,16,528,a1,8,16384,1000,1000
2258,508,20,528,a1,16,32768,1000,1000
2259,509,19,529,a1,4,16384,1000,1000
2260,509,20,529,a1,2,4096,1000,1000
2261,509,20,529,a1,4,8192,1000,1000
2262,509,17,529,a1,8,16384,1000,1000
2263,510,21,530,a1,16,32768,1000,1000
2264,510,17,530,a1,4,16384,1000,1000
2265,510,23,530,a1,2,4096,1000,1000
2266,510,14,530,a1,4,8192,1000,1000
2267,510,22,530,a1,8,16384,1000,1000
2268,510,13,530,a1,16,32768,1000,1000
2269,511,18,531,a1,4,16384,1000,1000
2270,511,18,531,a1,2,4096,1000,1000
2271,511,19,531,a1,4,8192,1000,1000
2272,511,20,531,a1,8,16384,1000,1000
2273,511,15,531,a1,16,32768,1000,1000
2274,511,14,531,a1,4,16384,1000,1000
2275,511,18,531,a1,2,4096,1000,1000
2276,511,20,531,a1,4,8192,1000,1000
2277,512,23,532,a1,8,16384,1000,1000
2278,512,19,532,a1,16,32768,1000,1000
2279,512,12,532,a1,4,16384,1000,1000
2280,513,16,533,a1,2,4096,1000,1000
2281,513,15,533,a1,4,8192,1000,1000
2282,513,22,533,a1,8,16384,1000,1000
2283,514,17,534,a1,16,32768,1000,1000
2284,515,26,535,a1,4,16384,1000,1000
2285,515,18,535,a1,2,4096,1000,1000
2286,515,24,535,a1,4,8192,1000,1000
2287,515,20,535,a1,8,16384,1000,1000
2288,515,18,535,a1,16,32768,1000,1000
2289,515,20,535,a1,4,16384,1000,1000
2290,515,17,535,a1,2,4096,1000,1000
2291,515,22,535,a1,4,8192,1000,1000
2292,516,21,536,a1,8,16384,1000,1000
2293,517,15,537,a1,16,32768,1000,1000
2294,518,21,538,a1,4,16384,1000,1000
2295,519,21,539,a1,2,4096,1000,1000
2296,520,20,540,a1,4,8192,1000,1000
2297,520,15,540,a1,8,16384,1000,1000
2298,520,13,540,a1,16,32768,1000,1000
2299,520,18,540,a1,4,16384,1000,1000
2300,520,20,540,a1,2,4096,1000,1000
2301,520,21,540,a1,4,8192,1000,1000
2302,520,18,540,a1,8,16384,1000,1000
2303,520,12,540,a1,16,32768,1000,1000
2304,520,15,540,a1,4,16384,1000,1000
2305,520,23,540,a1,2,4096,1000,1000
2306,520,18,540,a1,4,8192,1000,1000
2307,520,15,540,a1,8,16384,1000,1000
2308,521,19,541,a1,16,32768,1000,1000
2309,522,17,542,a1,4,16384,1000,1000
2310,523,21,543,a1,2,4096,1000,1000
2311,524,21,544,a1,4,8192,1000,1000
2312,525,29,545,a1,8,16384,1000,1000
2313,526,15,546,a1,16,32768,1000,1000
2314,526,21,546,a1,4,16384,1000,1000
2315,526,22,546,a1,2,4096,1000,1000
2316,526,22,546,a1,4,8192,1000,1000
2317,526,20,546,a1,8,16384,1000,1000
2318,526,17,546,a1,16,32768,1000,1000
2319,526,21,546,a1,4,16384,1000,1000
2320,526,23,546,a1,2,4096,1000,1000
2321,526,18,546,a1,4,8192,1000,1000
2322,526,17,546,a1,8,16384,1000,1000
2323,526,16,546,a1,16,32768,1000,1000
2324,527,17,547,a1,4,16384,1000,1000
2325,528,19,548,a1,2,4096,1000,1000
2326,528,19,548,a1,4,8192,1000,1000
2327,529,20,549,a1,8,16384,1000,1000
2328,530,12,550,a1,16,32768,1000,1000
2329,531,20,551,a1,4,16384,1000,1000
2330,532,22,552,a1,2,4096,1000,1000
2331,532,19,552,a1,4,8192,1000,1000
2332,532,18,552,a1,8,16384,1000,1000
2333,532,18,552,a1,16,32768,1000,1000
2334,532,16,552,a1,4,16384,1000,1000
2335,532,20,552,a1,2,4096,1000,1000
2336,532,19,552,a1,4,8192,1000,1000
2337,532,19,552,a1,8,16384,1000,1000
2338,532,17,552,a1,16,32768,1000,1000
2339,532,16,552,a1,4,16384,1000,1000
2340,532,21,552,a1,2,4096,1000,1000
2341,532,19,552,a1,4,8192,1000,1000
2342,532,20,552,a1,8,16384,1000,1000
2343,532,24,552,a1,16,32768,1000,1000
2344,532,19,552,a1,4,16384,1000,1000
2345,532,19,552,a1,2,4096,1000,1000
2346,532,17,552,a1,4,8192,1000,1000
2347,532,18,552,a1,8,16384,1000,1000
2348,533,25,553,a1,16,32768,1000,1000
2349,534,21,554,a1,4,16384,1000,1000
2350,534,16,554,a1,2,4096,1000,1000
2351,534,14,554,a1,4,8192,1000,1000
2352,535,25,555,a1,8,16384,1000,1000
2353,535,25,555,a1,16,32768,1000,1000
2354,535,21,555,a1,4,16384,1000,1000
2355,535,22,555,a1,2,4096,1000,1000
2356,535,17,555,a1,4,8192,1000,1000
2357,535,24,555,a1,8,16384,1000,1000
2358,535,20,555,a1,16,32768,1000,1000
2359,535,23,555,a1,4,16384,1000,1000
2360,535,28,555,a1,2,4096,1000,1000
2361,535,24,555,a1,4,8192,1000,1000
2362,535,18,555,a1,8,16384,1000,1000
2363,535,16,555,a1,16,32768,1000,1000
2364,535,18,555,a1,4,16384,1000,1000
2365,536,18,556,a1,2,4096,1000,1000
2366,536,22,556,a1,4,8192,1000,1000
2367,536,20,556,a1,8,16384,1000,1000
2368,536,18,556,a1,16,32768,1000,1000
2369,536,27,556,a1,4,16384,1000,1000
2370,536,21,556,a1,2,4096,1000,1000
2371,536,23,556,a1,4,8192,1000,1000
2372,536,17,556,a1,8,16384,1000,1000
2373,536,21,556,a1,16,32768,1000,1000
2374,536,20,556,a1,4,16384,1000,1000
2375,536,18,556,a1,2,4096,1000,1000
2376,536,21,556,a1,4,8192,1000,1000
2377,536,16,556,a1,8,16384,1000,1000
2378,536,18,556,a1,16,32768,1000,1000
2379,536,18,556,a1,4,16384,1000,1000
2380,536,18,556,a1,2,4096,1000,1000
2381,536,26,556,a1,4,8192,1000,1000
2382,536,14,556,a1,8,16384,1000,1000
2383,537,21,557,a1,16,32768,1000,1000
2384,537,21,557,a1,4,16384,1000,1000
2385,537,15,557,a1,2,4096,1000,1000
2386,537,17,557,a1,4,8192,1000,1000
2387,537,19,557,a1,8,16384,1000,1000
2388,537,22,557,a1,16,32768,1000,1000
2389,537,21,557,a1,4,16384,1000,1000
2390,537,20,557,a1,2,4096,1000,1000
2391,537,20,557,a1,4,8192,1000,1000
2392,537,20,557,a1,8,16384,1000,1000
2393,537,19,557,a1,16,32768,1000,1000
2394,537,14,557,a1,4,16384,1000,1000
2395,538,19,558,a1,2,4096,1000,1000
2396,539,20,559,a1,4,8192,1000,1000
2397,539,23,559,a1,8,16384,1000,1000
2398,539,16,559,a1,16,32768,1000,1000
2399,539,14,559,a1,4,16384,1000,1000
2400,539,25,559,a1,2,4096,1000,1000
2401,539,15,559,a1,4,8192,1000,1000
2402,539,20,559,a1,8,16384,1000,1000
2403,539,13,559,a1,16,32768,1000,1000
2404,539,22,559,a1,4,16384,1000,1000
2405,540,24,560,a1,2,4096,1000,1000
2406,541,21,561,a1,4,8192,1000,1000
2407,542,16,562,a1,8,16384,1000,1000
2408,542,19,562,a1,16,32768,1000,1000
2409,542,19,562,a1,4,16384,1000,1000
2410,543,24,563,a1,2,4096,1000,1000
2411,543,19,563,a1,4,8192,1000,1000
2412,544,20,564,a1,8,16384,1000,1000
2413,544,20,564,a1,16,32768,1000,1000
2414,544,17,564,a1,4,16384,1000,1000
2415,544,20,564,a1,2,4096,1000,1000
2416,544,15,564,a1,4,8192,1000,1000
2417,544,18,564,a1,8,16384,1000,1000
2418,544,20,564,a1,16,32768,1000,1000
2419,544,16,564,a1,4,16384,1000,1000
2420,544,17,564,a1,2,4096,1000,1000
2421,544,24,564,a1,4,8192,1000,1000
2422,544,22,564,a1,8,16384,1000,1000
2423,544,21,564,a1,16,32768,1000,1000
2424,544,18,564,a1,4,16384,1000,1000
2425,544,20,564,a1,2,4096,1000,1000
2426,544,22,564,a1,4,8192,1000,1000
2427,544,20,564,a1,8,16384,1000,1000
2428,544,20,564,a1,16,32768,1000,1000
2429,544,23,564,a1,4,16384,1000,1000
2430,544,16,564,a1,2,4096,1000,1000
2431,544,15,564,a1,4,8192,1000,1000
2432,544,17,564,a1,8,16384,1000,1000
2433,544,18,564,a1,16,32768,1000,1000
2434,544,23,564,a1,4,16384,1000,1000
2435,544,18,564,a1,2,4096,1000,1000
2436,544,16,564,a1,4,8192,1000,1000
2437,544,15,564,a1,8,16384,1000,1000
2438,544,21,564,a1,16,32768,1000,1000
2439,544,19,564,a1,4,16384,1000,1000
2440,544,17,564,a1,2,4096,1000,1000
2441,545,21,565,a1,4,8192,1000,1000
2442,545,22,565,a1,8,16384,1000,1000
2443,545,19,565,a1,16,32768,1000,1000
2444,545,16,565,a1,4,16384,1000,1000
2445,545,17,565,a1,2,4096,1000,1000
2446,545,19,565,a1,4,8192,1000,1000
2447,545,17,565,a1,8,16384,1000,1000
2448,545,24,565,a1,16,32768,1000,1000
2449,545,20,565,a1,4,16384,1000,1000
2450,545,19,565,a1,2,4096,1000,1000
2451,546,17,566,a1,4,8192,1000,1000
2452,546,21,566,a1,8,16384,1000,1000
2453,546,23,566,a1,16,32768,1000,1000
2454,546,19,566,a1,4,16384,1000,1000
2455,546,19,566,a1,2,4096,1000,1000
2456,546,21,566,a1,4,8192,1000,1000
2457,546,22,566,a1,8,16384,1000,1000
2458,546,20,566,a1,16,32768,1000,1000
2459,546,18,566,a1,4,16384,1000,1000
2460,546,21,566,a1,2,4096,1000,1000
2461,546,16,566,a1,4,8192,1000,1000
2462,546,15,566,a1,8,16384,1000,1000
2463,546,18,566,a1,16,32768,1000,1000
2464,546,16,566,a1,4,16384,1000,1000
2465,546,21,566,a1,2,4096,1000,1000
2466,547,16,567,a1,4,8192,1000,1000
2467,548,22,568,a1,8,16384,1000,1000
2468,548,19,568,a1,16,32768,1000,1000
2469,548,20,568,a1,4,16384,1000,1000
2470,548,19,568,a1,2,4096,1000,1000
2471,548,27,568,a1,4,8192,1000,1000
2472,548,20,568,a1,8,16384,1000,1000
2473,548,22,568,a1,16,32768,1000,1000
2474,548,19,568,a1,4,16384,1000,1000
2475,549,14,569,a1,2,4096,1000,1000
2476,550,21,570,a1,4,8192,1000,1000
2477,551,19,571,a1,8,16384,1000,1000
2478,551,20,571,a1,16,32768,1000,1000
2479,551,19,571,a1,4,16384,1000,1000
2480,551,25,571,a1,2,4096,1000,1000
2481,551,17,571,a1,4,8192,1000,1000
2482,551,24,571,a1,8,16384,1000,1000
2483,551,23,571,a1,16,32768,1000,1000
2484,551,17,571,a1,4,16384,1000,1000
2485,551,21,571,a1,2,4096,1000,1000
2486,552,20,572,a1,4,8192,1000,1000
2487,552,21,572,a1,8,16384,1000,1000
2488,552,17,572,a1,16,32768,1000,1000
2489,552,15,572,a1,4,16384,1000,1000
2490,552,18,572,a1,2,4096,1000,1000
2491,552,24,572,a1,4,8192,1000,1000
2492,553,20,573,a1,8,16384,1000,1000
2493,554,20,574,a1,16,32768,1000,1000
2494,555,21,575,a1,4,16384,1000,1000
2495,555,23,575,a1,2,4096,1000,1000
2496,555,20,575,a1,4,8192,1000,1000
2497,555,20,575,a1,8,16384,1000,1000
2498,555,22,575,a1,16,32768,1000,1000
2499,555,14,575,a1,4,16384,1000,1000
2500,555,22,575,a1,2,4096,1000,1000
2501,555,19,575,a1,4,8192,1000,1000
2502,555,22,575,a1,8,16384,1000,1000
2503,556,16,576,a1,16,32768,1000,1000
2504,557,20,577,a1,4,16384,1000,1000
2505,557,22,577,a1,2,4096,1000,1000
2506,557,19,577,a1,4,8192,1000,1000
2507,557,19,577,a1,8,16384,1000,1000
2508,557,16,577,a1,16,32768,1000,1000
2509,557,18,577,a1,4,16384,1000,1000
2510,557,18,577,a1,2,4096,1000,1000
2511,557,22,577,a1,4,8192,1000,1000
2512,557,13,577,a1,8,16384,1000,1000
2513,557,18,577,a1,16,32768,1000,1000
2514,558,16,578,a1,4,16384,1000,1000
2515,559,14,579,a1,2,4096,1000,1000
2516,559,19,579,a1,4,8192,1000,1000
2517,559,18,579,a1,8,16384,1000,1000
2518,559,21,579,a1,16,32768,1000,1000
2519,559,15,579,a1,4,16384,1000,1000
2520,559,18,579,a1,2,4096,1000,1000
2521,559,17,579,a1,4,8192,1000,1000
2522,559,19,579,a1,8,16384,1000,1000
2523,559,18,579,a1,16,32768,1000,1000
2524,559,22,579,a1,4,16384,1000,1000
2525,559,20,579,a1,2,4096,1000,1000
2526,559,23,579,a1,4,8192,1000,1000
2527,559,17,579,a1,8,16384,1000,1000
2528,559,18,579,a1,16,32768,1000,1000
2529,559,21,579,a1,4,16384,1000,1000
2530,560,16,580,a1,2,4096,1000,1000
2531,560,18,580,a1,4,8192,1000,1000
2532,561,19,581,a1,8,16384,1000,1000
2533,561,15,581,a1,16,32768,1000,1000
2534,561,20,581,a1,4,16384,1000,1000
2535,561,18,581,a1,2,4096,1000,1000
2536,561,21,581,a1,4,8192,1000,1000
2537,561,28,581,a1,8,16384,1000,1000
2538,561,18,581,a1,16,32768,1000,1000
2539,561,18,581,a1,4,16384,1000,1000
2540,561,22,581,a1,2,4096,1000,1000
2541,561,22,581,a1,4,8192,1000,1000
2542,561,24,581,a1,8,16384,1000,1000
2543,561,24,581,a1,16,32768,1000,1000
2544,561,22,581,a1,4,16384,1000,1000
2545,561,24,581,a1,2,4096,1000,1000
2546,561,20,581,a1,4,8192,1000,1000
2547,561,22,581,a1,8,16384,1000,1000
2548,561,22,581,a1,16,32768,1000,1000
2549,562,21,582,a1,4,16384,1000,1000
2550,562,22,582,a1,2,4096,1000,1000
2551,562,22,582,a1,4,8192,1000,1000
2552,562,24,582,a1,8,16384,1000,1000
2553,562,18,582,a1,16,32768,1000,1000
2554,562,18,582,a1,4,16384,1000,1000
2555,562,22,582,a1,2,4096,1000,1000
2556,562,21,582,a1,4,8192,1000,1000
2557,562,18,582,a1,8,16384,1000,1000
2558,562,15,582,a1,16,32768,1000,1000
2559,562,17,582,a1,4,16384,1000,1000
2560,562,20,582,a1,2,4096,1000,1000
2561,562,24,582,a1,4,8192,1000,1000
2562,562,21,582,a1,8,16384,1000,1000
2563,562,22,582,a1,16,32768,1000,1000
2564,563,27,583,a1,4,16384,1000,1000
2565,564,23,584,a1,2,4096,1000,1000
2566,565,19,585,a1,4,8192,1000,1000
2567,565,20,585,a1,8,16384,1000,1000
2568,566,21,586,a1,16,32768,1000,1000
2569,567,14,587,a1,4,16384,1000,1000
2570,567,18,587,a1,2,4096,1000,1000
2571,567,12,587,a1,4,8192,1000,1000
2572,567,21,587,a1,8,16384,1000,1000
2573,568,24,588,a1,16,32768,1000,1000
2574,569,24,589,a1,4,16384,1000,1000
2575,569,20,589,a1,2,4096,1000,1000
2576,569,22,589,a1,4,8192,1000,1000
2577,569,14,589,a1,8,16384,1000,1000
2578,569,19,589,a1,16,32768,1000,1000
2579,569,20,589,a1,4,16384,1000,1000
2580,569,21,589,a1,2,4096,1000,1000
2581,569,16,589,a1,4,8192,1000,1000
2582,570,24,590,a1,8,16384,1000,1000
2583,571,25,591,a1,16,32768,1000,1000
2584,571,17,591,a1,4,16384,1000,1000
2585,571,14,591,a1,2,4096,1000,1000
2586,571,23,591,a1,4,8192,1000,1000
2587,571,13,591,a1,8,16384,1000,1000
2588,571,19,591,a1,16,32768,1000,1000
2589,571,12,591,a1,4,16384,1000,1000
2590,571,20,591,a1,2,4096,1000,1000
2591,571,22,591,a1,4,8192,1000,1000
2592,571,26,591,a1,8,16384,1000,1000
2593,571,14,591,a1,16,32768,1000,1000
2594,571,19,591,a1,4,16384,1000,1000
2595,571,20,591,a1,2,4096,1000,1000
2596,571,21,591,a1,4,8192,1000,1000
2597,571,19,591,a1,8,16384,1000,1000
2598,572,18,592,a1,16,32768,1000,1000
2599,573,14,593,a1,4,16384,1000,1000
2600,574,15,594,a1,2,4096,1000,1000
2601,574,18,594,a1,4,8192,1000,1000
2602,574,17,594,a1,8,16384,1000,1000
2603,574,19,594,a1,16,32768,1000,1000
2604,574,18,594,a1,4,16384,1000,1000
2605,574,16,594,a1,2,4096,1000,1000
2606,575,20,595,a1,4,8192,1000,1000
2607,576,21,596,a1,8,16384,1000,1000
2608,576,21,596,a1,16,32768,1000,1000
2609,576,22,596,a1,4,16384,1000,1000
2610,576,26,596,a1,2,4096,1000,1000
2611,576,25,596,a1,4,8192,1000,1000
2612,576,16,596,a1,8,16384,1000,1000
2613,576,18,596,a1,16,32768,1000,1000
2614,576,24,596,a1,4,16384,1000,1000
2615,577,23,597,a1,2,4096,1000,1000
2616,577,25,597,a1,4,8192,1000,1000
2617,578,16,598,a1,8,16384,1000,1000
2618,578,14,598,a1,16,32768,1000,1000
2619,578,16,598,a1,4,16384,1000,1000
2620,578,18,598,a1,2,4096,1000,1000
2621,578,20,598,a1,4,8192,1000,1000
2622,578,17,598,a1,8,16384,1000,1000
2623,579,18,599,a1,16,32768,1000,1000
2624,580,20,600,a1,4,16384,1000,1000
2625,580,22,600,a1,2,4096,1000,1000
2626,580,19,600,a1,4,8192,1000,1000
2627,580,20,600,a1,8,16384,1000,1000
2628,580,23,600,a1,16,32768,1000,1000
2629,580,21,600,a1,4,16384,1000,1000
2630,580,21,600,a1,2,4096,1000,1000
2631,580,24,600,a1,4,8192,1000,1000
2632,580,17,600,a1,8,16384,1000,1000
2633,580,20,600,a1,16,32768,1000,1000
2634,580,14,600,a1,4,16384,1000,1000
2635,581,23,601,a1,2,4096,1000,1000
2636,582,14,602,a1,4,8192,1000,1000
2637,582,18,602,a1,8,16384,1000,1000
2638,582,24,602,a1,16,32768,1000,1000
2639,582,20,602,a1,4,16384,1000,1000
2640,582,20,602,a1,2,4096,1000,1000
2641,583,19,603,a1,4,8192,1000,1000
2642,584,16,604,a1,8,16384,1000,1000
2643,584,20,604,a1,16,32768,1000,1000
2644,584,17,604,a1,4,16384,1000,1000
2645,584,21,604,a1,2,4096,1000,1000
2646,585,14,605,a1,4,8192,1000,1000
2647,586,20,606,a1,8,16384,1000,1000
2648,586,14,606,a1,16,32768,1000,1000
2649,586,20,606,a1,4,16384,1000,1000
2650,586,17,606,a1,2,4096,1000,1000
2651,586,23,606,a1,4,8192,1000,1000
2652,586,19,606,a1,8,16384,1000,1000
2653,586,17,606,a1,16,32768,1000,1000
2654,586,21,606,a1,4,16384,1000,1000
2655,587,22,607,a1,2,4096,1000,1000
2656,587,22,607,a1,4,8192,1000,1000
2657,587,23,607,a1,8,16384,1000,1000
2658,587,21,607,a1,16,32768,1000,1000
2659,587,21,607,a1,4,16384,1000,1000
2660,587,18,607,a1,2,4096,1000,1000
2661,587,20,607,a1,4,8192,1000,1000
2662,587,18,607,a1,8,16384,1000,1000
2663,587,21,607,a1,16,32768,1000,1000
2664,588,14,608,a1,4,16384,1000,1000
2665,589,17,609,a1,2,4096,1000,1000
2666,590,19,610,a1,4,8192,1000,1000
2667,590,18,610,a1,8,16384,1000,1000
2668,590,23,610,a1,16,32768,1000,1000
2669,591,15,611,a1,4,16384,1000,1000
2670,591,22,611,a1,2,4096,1000,1000
2671,591,19,611,a1,4,8192,1000,1000
2672,591,14,611,a1,8,16384,1000,1000
2673,591,16,611,a1,16,32768,1000,1000
2674,591,17,611,a1,4,16384,1000,1000
2675,592,17,612,a1,2,4096,1000,1000
2676,593,21,613,a1,4,8192,1000,1000
2677,594,20,614,a1,8,16384,1000,1000
2678,594,18,614,a1,16,32768,1000,1000
2679,594,21,614,a1,4,16384,1000,1000
2680,595,14,615,a1,2,4096,1000,1000
2681,595,15,615,a1,4,8192,1000,1000
2682,595,19,615,a1,8,16384,1000,1000
2683,595,22,615,a1,16,32768,1000,1000
2684,595,19,615,a1,4,16384,1000,1000
2685,596,20,616,a1,2,4096,1000,1000
2686,596,19,616,a1,4,8192,1000,1000
2687,596,16,616,a1,8,16384,1000,1000
2688,596,24,616,a1,16,32768,1000,1000
2689,596,20,616,a1,4,16384,1000,1000
2690,596,18,616,a1,2,4096,1000,1000
2691,596,23,616,a1,4,8192,1000,1000
2692,596,15,616,a1,8,16384,1000,1000
2693,596,22,616,a1,16,32768,1000,1000
2694,596,21,616,a1,4,16384,1000,1000
2695,596,18,616,a1,2,4096,1000,1000
2696,596,19,616,a1,4,8192,1000,1000
2697,596,16,616,a1,8,16384,1000,1000
2698,597,25,617,a1,16,32768,1000,1000
2699,598,21,618,a1,4,16384,1000,1000
2700,599,16,619,a1,2,4096,1000,1000
2701,599,20,619,a1,4,8192,1000,1000
2702,599,18,619,a1,8,16384,1000,1000
2703,600,15,620,a1,16,32768,1000,1000
2704,601,24,621,a1,4,16384,1000,1000
2705,602,20,622,a1,2,4096,1000,1000
2706,603,19,623,a1,4,8192,1000,1000
2707,603,25,623,a1,8,16384,1000,1000
2708,603,20,623,a1,16,32768,1000,1000
2709,603,20,623,a1,4,16384,1000,1000
2710,603,21,623,a1,2,4096,1000,1000
2711,603,19,623,a1,4,8192,1000,1000
2712,603,16,623,a1,8,16384,1000,1000
2713,603,16,623,a1,16,32768,1000,1000
2714,603,16,623,a1,4,16384,1000,1000
2715,603,20,623,a1,2,4096,1000,1000
2716,603,22,623,a1,4,8192,1000,1000
2717,603,25,623,a1,8,16384,1000,1000
2718,603,24,623,a1,16,32768,1000,1000
2719,604,20,624,a1,4,16384,1000,1000
2720,604,19,624,a1,2,4096,1000,1000
2721,604,22,624,a1,4,8192,1000,1000
2722,604,20,624,a1,8,16384,1000,1000
2723,604,17,624,a1,16,32768,1000,1000
2724,604,17,624,a1,4,16384,1000,1000
2725,604,20,624,a1,2,4096,1000,1000
2726,604,20,624,a1,4,8192,1000,1000
2727,604,13,624,a1,8,16384,1000,1000
2728,604,17,624,a1,16,32768,1000,1000
2729,604,20,624,a1,4,16384,1000,1000
2730,604,23,624,a1,2,4096,1000,1000
2731,604,20,624,a1,4,8192,1000,1000
2732,604,16,624,a1,8,16384,1000,1000
2733,604,18,624,a1,16,32768,1000,1000
2734,604,19,624,a1,4,16384,1000,1000
2735,604,19,624,a1,2,4096,1000,1000
2736,604,20,624,a1,4,8192,1000,1000
2737,604,17,624,a1,8,16384,1000,1000
2738,604,20,624,a1,16,32768,1000,1000
2739,604,18,624,a1,4,16384,1000,1000
2740,604,24,624,a1,2,4096,1000,1000
2741,604,20,624,a1,4,8192,1000,1000
2742,604,21,624,a1,8,16384,1000,1000
2743,604,18,624,a1,16,32768,1000,1000
2744,605,14,625,a1,4,16384,1000,1000
2745,606,20,626,a1,2,4096,1000,1000
2746,607,26,627,a1,4,8192,1000,1000
2747,608,24,628,a1,8,16384,1000,1000
2748,608,19,628,a1,16,32768,1000,1000
2749,608,17,628,a1,4,16384,1000,1000
2750,608,20,628,a1,2,4096,1000,1000
2751,608,17,628,a1,4,8192,1000,1000
2752,608,22,628,a1,8,16384,1000,1000
2753,608,20,628,a1,16,32768,1000,1000
2754,608,16,628,a1,4,16384,1000,1000
2755,609,16,629,a1,2,4096,1000,1000
2756,609,19,629,a1,4,8192,1000,1000
2757,610,22,630,a1,8,16384,1000,1000
2758,610,13,630,a1,16,32768,1000,1000
2759,610,22,630,a1,4,16384,1000,1000
2760,610,24,630,a1,2,4096,1000,1000
2761,611,22,631,a1,4,8192,1000,1000
2762,612,18,632,a1,8,16384,1000,1000
2763,613,22,633,a1,16,32768,1000,1000
2764,614,14,634,a1,4,16384,1000,1000
2765,615,19,635,a1,2,4096,1000,1000
2766,615,16,635,a1,4,8192,1000,1000
2767,615,25,635,a1,8,16384,1000,1000
2768,615,21,635,a1,16,32768,1000,1000
2769,615,17,635,a1,4,16384,1000,1000
2770,615,17,635,a1,2,4096,1000,1000
2771,616,16,636,a1,4,8192,1000,1000
2772,617,21,637,a1,8,16384,1000,1000
2773,617,17,637,a1,16,32768,1000,1000
2774,617,19,637,a1,4,16384,1000,1000
2775,617,25,637,a1,2,4096,1000,1000
2776,617,25,637,a1,4,8192,1000,1000
2777,617,15,637,a1,8,16384,1000,1000
2778,617,21,637,a1,16,32768,1000,1000
2779,617,19,637,a1,4,16384,1000,1000
2780,617,20,637,a1,2,4096,1000,1000
2781,617,22,637,a1,4,8192,1000,1000
2782,617,20,637,a1,8,16384,1000,1000
2783,618,16,638,a1,16,32768,1000,1000
2784,619,23,639,a1,4,16384,1000,1000
2785,619,18,639,a1,2,4096,1000,1000
2786,619,17,639,a1,4,8192,1000,1000
2787,619,22,639,a1,8,16384,1000,1000
2788,619,24,639,a1,16,32768,1000,1000
2789,619,17,639,a1,4,16384,1000,1000
2790,619,20,639,a1,2,4096,1000,1000
2791,619,19,639,a1,4,8192,1000,1000
2792,620,20,640,a1,8,16384,1000,1000
2793,621,25,641,a1,16,32768,1000,1000
2794,621,19,641,a1,4,16384,1000,1000
2795,621,16,641,a1,2,4096,1000,1000
2796,621,22,641,a1,4,8192,1000,1000
2797,621,20,641,a1,8,16384,1000,1000
2798,621,21,641,a1,16,32768,1000,1000
2799,621,25,641,a1,4,16384,1000,1000
2800,621,15,641,a1,2,4096,1000,1000
2801,621,21,641,a1,4,8192,1000,1000
2802,621,19,641,a1,8,16384,1000,1000
2803,621,16,641,a1,16,32768,1000,1000
2804,621,16,641,a1,4,16384,1000,1000
2805,621,21,641,a1,2,4096,1000,1000
2806,622,18,642,a1,4,8192,1000,1000
2807,623,21,643,a1,8,16384,1000,1000
2808,624,22,644,a1,16,32768,1000,1000
2809,625,21,645,a1,4,16384,1000,1000
2810,625,22,645,a1,2,4096,1000,1000
2811,625,20,645,a1,4,8192,1000,1000
2812,625,23,645,a1,8,16384,1000,1000
2813,625,21,645,a1,16,32768,1000,1000
2814,625,20,645,a1,4,16384,1000,1000
2815,626,17,646,a1,2,4096,1000,1000
2816,627,19,647,a1,4,8192,1000,1000
2817,627,24,647,a1,8,16384,1000,1000
2818,627,24,647,a1,16,32768,1000,1000
2819,627,20,647,a1,4,16384,1000,1000
2820,627,19,647,a1,2,4096,1000,1000
2821,627,12,647,a1,4,8192,1000,1000
2822,628,26,648,a1,8,16384,1000,1000
2823,629,21,649,a1,16,32768,1000,1000
2824,630,16,650,a1,4,16384,1000,1000
2825,630,18,650,a1,2,4096,1000,1000
2826,631,21,651,a1,4,8192,1000,1000
2827,632,19,652,a1,8,16384,1000,1000
2828,632,21,652,a1,16,32768,1000,1000
2829,632,16,652,a1,4,16384,1000,1000
2830,632,14,652,a1,2,4096,1000,1000
2831,633,17,653,a1,4,8192,1000,1000
2832,633,19,653,a1,8,16384,1000,1000
2833,633,19,653,a1,16,32768,1000,1000
2834,633,17,653,a1,4,16384,1000,1000
2835,633,21,653,a1,2,4096,1000,1000
2836,633,24,653,a1,4,8192,1000,1000
2837,633,18,653,a1,8,16384,1000,1000
2838,633,19,653,a1,16,32768,1000,1000
2839,633,18,653,a1,4,16384,1000,1000
2840,634,23,654,a1,2,4096,1000,1000
2841,635,23,655,a1,4,8192,1000,1000
2842,635,16,655,a1,8,16384,1000,1000
2843,635,21,655,a1,16,32768,1000,1000
2844,635,19,655,a1,4,16384,1000,1000
2845,635,18,655,a1,2,4096,1000,1000
2846,635,21,655,a1,4,8192,1000,1000
2847,635,21,655,a1,8,16384,1000,1000
2848,636,20,656,a1,16,32768,1000,1000
2849,636,20,656,a1,4,16384,1000,1000
2850,636,21,656,a1,2,4096,1000,1000
2851,636,21,656,a1,4,8192,1000,1000
2852,636,23,656,a1,8,16384,1000,1000
2853,636,22,656,a1,16,32768,1000,1000
2854,636,20,656,a1,4,16384,1000,1000
2855,636,22,656,a1,2,4096,1000,1000
2856,636,17,656,a1,4,8192,1000,1000
2857,636,17,656,a1,8,16384,1000,1000
2858,636,24,656,a1,16,32768,1000,1000
2859,636,23,656,a1,4,16384,1000,1000
2860,636,22,656,a1,2,4096,1000,1000
2861,636,20,656,a1,4,8192,1000,1000
2862,637,22,657,a1,8,16384,1000,1000
2863,638,22,658,a1,16,32768,1000,1000
2864,638,20,658,a1,4,16384,1000,1000
2865,638,19,658,a1,2,4096,1000,1000
2866,638,19,658,a1,4,8192,1000,1000
2867,638,21,658,a1,8,16384,1000,1000
2868,638,17,658,a1,16,32768,1000,1000
2869,638,22,658,a1,4,16384,1000,1000
2870,638,17,658,a1,2,4096,1000,1000
2871,638,25,658,a1,4,8192,1000,1000
2872,638,16,658,a1,8,16384,1000,1000
2873,638,18,658,a1,16,32768,1000,1000
2874,638,18,658,a1,4,16384,1000,1000
2875,638,22,658,a1,2,4096,1000,1000
2876,638,20,658,a1,4,8192,1000,1000
2877,639,23,659,a1,8,16384,1000,1000
2878,640,17,660,a1,16,32768,1000,1000
2879,640,22,660,a1,4,16384,1000,1000
2880,640,23,660,a1,2,4096,1000,1000
2881,640,15,660,a1,4,8192,1000,1000
2882,640,24,660,a1,8,16384,1000,1000
2883,640,17,660,a1,16,32768,1000,1000
2884,640,20,660,a1,4,16384,1000,1000
2885,640,14,660,a1,2,4096,1000,1000
2886,640,15,660,a1,4,8192,1000,1000
2887,640,13,660,a1,8,16384,1000,1000
2888,640,21,660,a1,16,32768,1000,1000
2889,640,20,660,a1,4,16384,1000,1000
2890,640,16,660,a1,2,4096,1000,1000
2891,641,21,661,a1,4,8192,1000,1000
2892,642,21,662,a1,8,16384,1000,1000
2893,643,24,663,a1,16,32768,1000,1000
2894,644,17,664,a1,4,16384,1000,1000
2895,645,20,665,a1,2,4096,1000,1000
2896,646,17,666,a1,4,8192,1000,1000
2897,646,20,666,a1,8,16384,1000,1000
2898,646,26,666,a1,16,32768,1000,1000
2899,646,20,666,a1,4,16384,1000,1000
2900,646,14,666,a1,2,4096,1000,1000
2901,646,15,666,a1,4,8192,1000,1000
2902,646,17,666,a1,8,16384,1000,1000
2903,646,18,666,a1,16,32768,1000,1000
2904,646,20,666,a1,4,16384,1000,1000
2905,646,16,666,a1,2,4096,1000,1000
2906,647,16,667,a1,4,8192,1000,1000
2907,648,20,668,a1,8,16384,1000,1000
2908,649,23,669,a1,16,32768,1000,1000
2909,649,17,669,a1,4,16384,1000,1000
2910,649,19,669,a1,2,4096,1000,1000
2911,649,26,669,a1,4,8192,1000,1000
2912,649,23,669,a1,8,16384,1000,1000
2913,650,19,670,a1,16,32768,1000,1000
2914,650,19,670,a1,4,16384,1000,1000
2915,650,17,670,a1,2,4096,1000,1000
2916,650,21,670,a1,4,8192,1000,1000
2917,650,20,670,a1,8,16384,1000,1000
2918,651,21,671,a1,16,32768,1000,1000
2919,652,21,672,a1,4,16384,1000,1000
2920,652,15,672,a1,2,4096,1000,1000
2921,652,24,672,a1,4,8192,1000,1000
2922,652,21,672,a1,8,16384,1000,1000
2923,652,15,672,a1,16,32768,1000,1000
2924,652,14,672,a1,4,16384,1000,1000
2925,652,21,672,a1,2,4096,1000,1000
2926,652,19,672,a1,4,8192,1000,1000
2927,652,18,672,a1,8,16384,1000,1000
2928,652,17,672,a1,16,32768,1000,1000
2929,653,25,673,a1,4,16384,1000,1000
2930,653,20,673,a1,2,4096,1000,1000
2931,653,20,673,a1,4,8192,1000,1000
2932,653,18,673,a1,8,16384,1000,1000
2933,653,17,673,a1,16,32768,1000,1000
2934,653,17,673,a1,4,16384,1000,1000
2935,654,17,674,a1,2,4096,1000,1000
2936,655,21,675,a1,4,8192,1000,1000
2937,656,21,676,a1,8,16384,1000,1000
2938,657,24,677,a1,16,32768,1000,1000
2939,658,22,678,a1,4,16384,1000,1000
2940,658,22,678,a1,2,4096,1000,1000
2941,658,19,678,a1,4,8192,1000,1000
2942,658,19,678,a1,8,16384,1000,1000
2943,659,23,679,a1,16,32768,1000,1000
2944,659,20,679,a1,4,16384,1000,1000
2945,659,20,679,a1,2,4096,1000,1000
2946,659,19,679,a1,4,8192,1000,1000
2947,659,22,679,a1,8,16384,1000,1000
2948,659,16,679,a1,16,32768,1000,1000
2949,659,18,679,a1,4,16384,1000,1000
2950,659,22,679,a1,2,4096,1000,1000
2951,659,21,679,a1,4,8192,1000,1000
2952,659,15,679,a1,8,16384,1000,1000
2953,659,22,679,a1,16,32768,1000,1000
2954,659,20,679,a1,4,16384,1000,1000
2955,660,17,680,a1,2,4096,1000,1000
2956,660,21,680,a1,4,8192,1000,1000
2957,660,21,680,a1,8,16384,1000,1000
2958,660,15,680,a1,16,32768,1000,1000
2959,660,21,680,a1,4,16384,1000,1000
2960,660,17,680,a1,2,4096,1000,1000
2961,660,22,680,a1,4,8192,1000,1000
2962,660,22,680,a1,8,16384,1000,1000
2963,660,18,680,a1,16,32768,1000,1000
2964,660,18,680,a1,4,16384,1000,1000
2965,660,23,680,a1,2,4096,1000,1000
2966,660,19,680,a1,4,8192,1000,1000
2967,661,21,681,a1,8,16384,1000,1000
2968,662,20,682,a1,16,32768,1000,1000
2969,663,18,683,a1,4,16384,1000,1000
2970,664,18,684,a1,2,4096,1000,1000
2971,665,24,685,a1,4,8192,1000,1000
2972,666,15,686,a1,8,16384,1000,1000
2973,667,20,687,a1,16,32768,1000,1000
2974,668,22,688,a1,4,16384,1000,1000
2975,668,20,688,a1,2,4096,1000,1000
2976,668,22,688,a1,4,8192,1000,1000
2977,668,22,688,a1,8,16384,1000,1000
2978,668,22,688,a1,16,32768,1000,1000
2979,668,15,688,a1,4,16384,1000,1000
2980,669,19,689,a1,2,4096,1000,1000
2981,669,13,689,a1,4,8192,1000,1000
2982,669,22,689,a1,8,16384,1000,1000
2983,669,20,689,a1,16,32768,1000,1000
2984,669,21,689,a1,4,16384,1000,1000
2985,669,23,689,a1,2,4096,1000,1000
2986,669,21,689,a1,4,8192,1000,1000
2987,669,19,689,a1,8,16384,1000,1000
2988,669,19,689,a1,16,32768,1000,1000
2989,670,20,690,a1,4,16384,1000,1000
2990,671,24,691,a1,2,4096,1000,1000
2991,672,21,692,a1,4,8192,1000,1000
2992,673,19,693,a1,8,16384,1000,1000
2993,674,22,694,a1,16,32768,1000,1000
2994,675,20,695,a1,4,16384,1000,1000
2995,675,20,695,a1,2,4096,1000,1000
2996,675,22,695,a1,4,8192,1000,1000
2997,675,20,695,a1,8,16384,1000,1000
2998,675,27,695,a1,16,32768,1000,1000
2999,675,17,695,a1,4,16384,1000,1000
3000,675,16,695,a1,2,4096,1000,1000
3001,675,16,695,a1,4,8192,1000,1000
3002,675,18,695,a1,8,16384,1000,1000
3003,675,18,695,a1,16,32768,1000,1000
3004,675,25,695,a1,4,16384,1000,1000
3005,675,19,695,a1,2,4096,1000,1000
3006,676,16,696,a1,4,8192,1000,1000
3007,677,20,697,a1,8,16384,1000,1000
3008,678,17,698,a1,16,32768,1000,1000
3009,679,22,699,a1,4,16384,1000,1000
3010,679,20,699,a1,2,4096,1000,1000
3011,679,24,699,a1,4,8192,1000,1000
3012,679,13,699,a1,8,16384,1000,1000
3013,679,20,699,a1,16,32768,1000,1000
3014,679,18,699,a1,4,16384,1000,1000
3015,679,19,699,a1,2,4096,1000,1000
3016,679,21,699,a1,4,8192,1000,1000
3017,679,21,699,a1,8,16384,1000,1000
3018,680,17,700,a1,16,32768,1000,1000
3019,680,23,700,a1,4,16384,1000,1000
3020,680,19,700,a1,2,4096,1000,1000
3021,680,17,700,a1,4,8192,1000,1000
3022,680,20,700,a1,8,16384,1000,1000
3023,680,21,700,a1,16,32768,1000,1000
3024,680,22,700,a1,4,16384,1000,1000
3025,680,16,700,a1,2,4096,1000,1000
3026,680,17,700,a1,4,8192,1000,1000
3027,680,19,700,a1,8,16384,1000,1000
3028,680,18,700,a1,16,32768,1000,1000
3029,680,20,700,a1,4,16384,1000,1000
3030,680,19,700,a1,2,4096,1000,1000
3031,681,18,701,a1,4,8192,1000,1000
3032,681,16,701,a1,8,16384,1000,1000
3033,682,22,702,a1,16,32768,1000,1000
3034,682,20,702,a1,4,16384,1000,1000
3035,682,22,702,a1,2,4096,1000,1000
3036,683,21,703,a1,4,8192,1000,1000
3037,684,16,704,a1,8,16384,1000,1000
3038,685,15,705,a1,16,32768,1000,1000
3039,685,23,705,a1,4,16384,1000,1000
3040,685,20,705,a1,2,4096,1000,1000
3041,685,22,705,a1,4,8192,1000,1000
3042,685,18,705,a1,8,16384,1000,1000
3043,685,20,705,a1,16,32768,1000,1000
3044,685,20,705,a1,4,16384,1000,1000
3045,685,16,705,a1,2,4096,1000,1000
3046,686,19,706,a1,4,8192,1000,1000
3047,687,24,707,a1,8,16384,1000,1000
3048,688,21,708,a1,16,32768,1000,1000
3049,688,18,708,a1,4,16384,1000,1000
3050,688,21,708,a1,2,4096,1000,1000
3051,688,17,708,a1,4,8192,1000,1000
3052,688,16,708,a1,8,16384,1000,1000
3053,688,22,708,a1,16,32768,1000,1000
3054,688,26,708,a1,4,16384,1000,1000
3055,688,22,708,a1,2,4096,1000,1000
3056,688,23,708,a1,4,8192,1000,1000
3057,689,21,709,a1,8,16384,1000,1000
3058,690,19,710,a1,16,32768,1000,1000
3059,691,14,711,a1,4,16384,1000,1000
3060,692,21,712,a1,2,4096,1000,1000
3061,692,19,712,a1,4,8192,1000,1000
3062,692,19,712,a1,8,16384,1000,1000
3063,692,20,712,a1,16,32768,1000,1000
3064,692,18,712,a1,4,16384,1000,1000
3065,692,16,712,a1,2,4096,1000,1000
3066,692,17,712,a1,4,8192,1000,1000
3067,692,18,712,a1,8,16384,1000,1000
3068,692,22,712,a1,16,32768,1000,1000
3069,692,18,712,a1,4,16384,1000,1000
3070,692,15,712,a1,2,4096,1000,1000
3071,692,19,712,a1,4,8192,1000,1000
3072,692,17,712,a1,8,16384,1000,1000
3073,692,15,712,a1,16,32768,1000,1000
3074,692,12,712,a1,4,16384,1000,1000
3075,692,17,712,a1,2,4096,1000,1000
3076,692,14,712,a1,4,8192,1000,1000
3077,692,17,712,a1,8,16384,1000,1000
3078,692,15,712,a1,16,32768,1000,1000
3079,692,20,712,a1,4,16384,1000,1000
3080,692,21,712,a1,2,4096,1000,1000
3081,692,19,712,a1,4,8192,1000,1000
3082,692,19,712,a1,8,16384,1000,1000
3083,692,19,712,a1,16,32768,1000,1000
3084,692,20,712,a1,4,16384,1000,1000
3085,693,14,713,a1,2,4096,1000,1000
3086,693,17,713,a1,4,8192,1000,1000
3087,693,19,713,a1,8,16384,1000,1000
3088,693,22,713,a1,16,32768,1000,1000
3089,693,21,713,a1,4,16384,1000,1000
3090,693,17,713,a1,2,4096,1000,1000
3091,693,17,713,a1,4,8192,1000,1000
3092,693,21,713,a1,8,16384,1000,1000
3093,693,20,713,a1,16,32768,1000,1000
3094,693,24,713,a1,4,16384,1000,1000
3095,693,20,713,a1,2,4096,1000,1000
3096,693,23,713,a1,4,8192,1000,1000
3097,693,18,713,a1,8,16384,1000,1000
3098,693,22,713,a1,16,32768,1000,1000
3099,693,18,713,a1,4,16384,1000,1000
3100,694,19,714,a1,2,4096,1000,1000
3101,695,23,715,a1,4,8192,1000,1000
3102,696,22,716,a1,8,16384,1000,1000
3103,697,20,717,a1,16,32768,1000,1000
3104,698,16,718,a1,4,16384,1000,1000
3105,699,25,719,a1,2,4096,1000,1000
3106,699,20,719,a1,4,8192,1000,1000
3107,700,22,720,a1,8,16384,1000,1000
3108,701,15,721,a1,16,32768,1000,1000
3109,701,16,721,a1,4,16384,1000,1000
3110,701,21,721,a1,2,4096,1000,1000
3111,701,16,721,a1,4,8192,1000,1000
3112,701,22,721,a1,8,16384,1000,1000
3113,701,23,721,a1,16,32768,1000,1000
3114,701,20,721,a1,4,16384,1000,1000
3115,701,25,721,a1,2,4096,1000,1000
3116,701,17,721,a1,4,8192,1000,1000
3117,701,21,721,a1,8,16384,1000,1000
3118,701,21,721,a1,16,32768,1000,1000
3119,701,18,721,a1,4,16384,1000,1000
3120,701,19,721,a1,2,4096,1000,1000
3121,701,18,721,a1,4,8192,1000,1000
3122,701,23,721,a1,8,16384,1000,1000
3123,702,16,722,a1,16,32768,1000,1000
3124,702,14,722,a1,4,16384,1000,1000
3125,702,19,722,a1,2,4096,1000,1000
3126,702,14,722,a1,4,8192,1000,1000
3127,702,20,722,a1,8,16384,1000,1000
3128,702,20,722,a1,16,32768,1000,1000
3129,702,16,722,a1,4,16384,1000,1000
3130,703,22,723,a1,2,4096,1000,1000
3131,703,18,723,a1,4,8192,1000,1000
3132,703,23,723,a1,8,16384,1000,1000
3133,703,21,723,a1,16,32768,1000,1000
3134,703,18,723,a1,4,16384,1000,1000
3135,703,19,723,a1,2,4096,1000,1000
3136,703,21,723,a1,4,8192,1000,1000
3137,703,21,723,a1,8,16384,1000,1000
3138,703,23,723,a1,16,32768,1000,1000
3139,703,20,723,a1,4,16384,1000,1000
3140,703,20,723,a1,2,4096,1000,1000
3141,704,16,724,a1,4,8192,1000,1000
3142,705,16,725,a1,8,16384,1000,1000
3143,706,17,726,a1,16,32768,1000,1000
3144,707,19,727,a1,4,16384,1000,1000
3145,707,18,727,a1,2,4096,1000,1000
3146,707,23,727,a1,4,8192,1000,1000
3147,707,23,727,a1,8,16384,1000,1000
3148,707,19,727,a1,16,32768,1000,1000
3149,707,19,727,a1,4,16384,1000,1000
3150,708,15,728,a1,2,4096,1000,1000
3151,709,20,729,a1,4,8192,1000,1000
3152,709,18,729,a1,8,16384,1000,1000
3153,709,12,729,a1,16,32768,1000,1000
3154,709,17,729,a1,4,16384,1000,1000
3155,709,19,729,a1,2,4096,1000,1000
3156,710,19,730,a1,4,8192,1000,1000
3157,710,12,730,a1,8,16384,1000,1000
3158,710,21,730,a1,16,32768,1000,1000
3159,710,21,730,a1,4,16384,1000,1000
3160,710,20,730,a1,2,4096,1000,1000
3161,711,13,731,a1,4,8192,1000,1000
3162,712,24,732,a1,8,16384,1000,1000
3163,713,21,733,a1,16,32768,1000,1000
3164,714,15,734,a1,4,16384,1000,1000
3165,715,19,735,a1,2,4096,1000,1000
3166,715,19,735,a1,4,8192,1000,1000
3167,715,24,735,a1,8,16384,1000,1000
3168,715,18,735,a1,16,32768,1000,1000
3169,715,14,735,a1,4,16384,1000,1000
3170,715,20,735,a1,2,4096,1000,1000
3171,716,25,736,a1,4,8192,1000,1000
3172,716,13,736,a1,8,16384,1000,1000
3173,716,15,736,a1,16,32768,1000,1000
3174,716,21,736,a1,4,16384,1000,1000
3175,717,13,737,a1,2,4096,1000,1000
3176,717,20,737,a1,4,8192,1000,1000
3177,717,19,737,a1,8,16384,1000,1000
3178,717,19,737,a1,16,32768,1000,1000
3179,717,18,737,a1,4,16384,1000,1000
3180,717,16,737,a1,2,4096,1000,1000
3181,717,15,737,a1,4,8192,1000,1000
3182,718,13,738,a1,8,16384,1000,1000
3183,719,15,739,a1,16,32768,1000,1000
3184,719,24,739,a1,4,16384,1000,1000
3185,719,21,739,a1,2,4096,1000,1000
3186,719,18,739,a1,4,8192,1000,1000
3187,719,20,739,a1,8,16384,1000,1000
3188,719,23,739,a1,16,32768,1000,1000
3189,719,20,739,a1,4,16384,1000,1000
3190,719,27,739,a1,2,4096,1000,1000
3191,719,20,739,a1,4,8192,1000,1000
3192,719,21,739,a1,8,16384,1000,1000
3193,719,23,739,a1,16,32768,1000,1000
3194,719,22,739,a1,4,16384,1000,1000
3195,719,20,739,a1,2,4096,1000,1000
3196,719,18,739,a1,4,8192,1000,1000
3197,719,15,739,a1,8,16384,1000,1000
3198,720,17,740,a1,16,32768,1000,1000
3199,721,18,741,a1,4,16384,1000,1000
3200,722,21,742,a1,2,4096,1000,1000
3201,722,20,742,a1,4,8192,1000,1000
3202,722,19,742,a1,8,16384,1000,1000
3203,722,17,742,a1,16,32768,1000,1000
3204,722,15,742,a1,4,16384,1000,1000
3205,722,13,742,a1,2,4096,1000,1000
3206,722,21,742,a1,4,8192,1000,1000
3207,722,19,742,a1,8,16384,1000,1000
3208,722,23,742,a1,16,32768,1000,1000
3209,722,17,742,a1,4,16384,1000,1000
3210,722,25,742,a1,2,4096,1000,1000
3211,723,16,743,a1,4,8192,1000,1000
3212,723,23,743,a1,8,16384,1000,1000
3213,723,13,743,a1,16,32768,1000,1000
3214,723,19,743,a1,4,16384,1000,1000
3215,723,21,743,a1,2,4096,1000,1000
3216,723,21,743,a1,4,8192,1000,1000
3217,723,19,743,a1,8,16384,1000,1000
3218,723,12,743,a1,16,32768,1000,1000
3219,723,21,743,a1,4,16384,1000,1000
3220,723,24,743,a1,2,4096,1000,1000
3221,723,19,743,a1,4,8192,1000,1000
3222,723,19,743,a1,8,16384,1000,1000
3223,723,21,743,a1,16,32768,1000,1000
3224,723,18,743,a1,4,16384,1000,1000
3225,723,22,743,a1,2,4096,1000,1000
3226,724,24,744,a1,4,8192,1000,1000
3227,724,17,744,a1,8,16384,1000,1000
3228,724,20,744,a1,16,32768,1000,1000
3229,724,20,744,a1,4,16384,1000,1000
3230,724,16,744,a1,2,4096,1000,1000
3231,724,20,744,a1,4,8192,1000,1000
3232,724,19,744,a1,8,16384,1000,1000
3233,724,24,744,a1,16,32768,1000,1000
3234,725,20,745,a1,4,16384,1000,1000
3235,726,18,746,a1,2,4096,1000,1000
3236,727,20,747,a1,4,8192,1000,1000
3237,727,22,747,a1,8,16384,1000,1000
3238,727,22,747,a1,16,32768,1000,1000
3239,727,19,747,a1,4,16384,1000,1000
3240,727,24,747,a1,2,4096,1000,1000
3241,727,17,747,a1,4,8192,1000,1000
3242,727,17,747,a1,8,16384,1000,1000
3243,727,25,747,a1,16,32768,1000,1000
3244,727,19,747,a1,4,16384,1000,1000
3245,727,17,747,a1,2,4096,1000,1000
3246,727,23,747,a1,4,8192,1000,1000
3247,728,16,748,a1,8,16384,1000,1000
3248,729,20,749,a1,16,32768,1000,1000
3249,730,21,750,a1,4,16384,1000,1000
3250,731,18,751,a1,2,4096,1000,1000
3251,732,12,752,a1,4,8192,1000,1000
3252,732,16,752,a1,8,16384,1000,1000
3253,733,17,753,a1,16,32768,1000,1000
3254,734,17,754,a1,4,16384,1000,1000
3255,735,16,755,a1,2,4096,1000,1000
3256,736,17,756,a1,4,8192,1000,1000
3257,737,24,757,a1,8,16384,1000,1000
3258,737,18,757,a1,16,32768,1000,1000
3259,737,20,757,a1,4,16384,1000,1000
3260,737,23,757,a1,2,4096,1000,1000
3261,737,19,757,a1,4,8192,1000,1000
3262,737,23,757,a1,8,16384,1000,1000
3263,737,19,757,a1,16,32768,1000,1000
3264,737,20,757,a1,4,16384,1000,1000
3265,737,17,757,a1,2,4096,1000,1000
3266,737,18,757,a1,4,8192,1000,1000
3267,737,23,757,a1,8,16384,1000,1000
3268,737,18,757,a1,16,32768,1000,1000
3269,737,16,757,a1,4,16384,1000,1000
3270,738,23,758,a1,2,4096,1000,1000
3271,738,17,758,a1,4,8192,1000,1000
3272,738,19,758,a1,8,16384,1000,1000
3273,738,20,758,a1,16,32768,1000,1000
3274,738,22,758,a1,4,16384,1000,1000
3275,738,20,758,a1,2,4096,1000,1000
3276,738,15,758,a1,4,8192,1000,1000
3277,738,22,758,a1,8,16384,1000,1000
3278,738,18,758,a1,16,32768,1000,1000
3279,738,12,758,a1,4,16384,1000,1000
3280,738,12,758,a1,2,4096,1000,1000
3281,738,21,758,a1,4,8192,1000,1000
3282,738,28,758,a1,8,16384,1000,1000
3283,738,24,758,a1,16,32768,1000,1000
3284,739,22,759,a1,4,16384,1000,1000
3285,739,20,759,a1,2,4096,1000,1000
3286,739,19,759,a1,4,8192,1000,1000
3287,740,16,760,a1,8,16384,1000,1000
3288,741,14,761,a1,16,32768,1000,1000
3289,741,14,761,a1,4,16384,1000,1000
3290,741,19,761,a1,2,4096,1000,1000
3291,741,22,761,a1,4,8192,1000,1000
3292,741,16,761,a1,8,16384,1000,1000
3293,742,23,762,a1,16,32768,1000,1000
3294,743,24,763,a1,4,16384,1000,1000
3295,743,23,763,a1,2,4096,1000,1000
3296,743,20,763,a1,4,8192,1000,1000
3297,743,20,763,a1,8,16384,1000,1000
3298,743,18,763,a1,16,32768,1000,1000
3299,743,18,763,a1,4,16384,1000,1000
3300,743,24,763,a1,2,4096,1000,1000
3301,743,14,763,a1,4,8192,1000,1000
3302,744,17,764,a1,8,16384,1000,1000
3303,745,16,765,a1,16,32768,1000,1000
3304,746,20,766,a1,4,16384,1000,1000
3305,747,15,767,a1,2,4096,1000,1000
3306,748,15,768,a1,4,8192,1000,1000
3307,748,18,768,a1,8,16384,1000,1000
3308,749,18,769,a1,16,32768,1000,1000
3309,749,21,769,a1,4,16384,1000,1000
3310,749,16,769,a1,2,4096,1000,1000
3311,749,16,769,a1,4,8192,1000,1000
3312,750,23,770,a1,8,16384,1000,1000
3313,750,21,770,a1,16,32768,1000,1000
3314,750,22,770,a1,4,16384,1000,1000
3315,751,20,771,a1,2,4096,1000,1000
3316,751,21,771,a1,4,8192,1000,1000
3317,751,26,771,a1,8,16384,1000,1000
3318,752,20,772,a1,16,32768,1000,1000
3319,753,14,773,a1,4,16384,1000,1000
3320,754,24,774,a1,2,4096,1000,1000
3321,755,18,775,a1,4,8192,1000,1000
3322,755,23,775,a1,8,16384,1000,1000
3323,755,15,775,a1,16,32768,1000,1000
3324,755,15,775,a1,4,16384,1000,1000
3325,755,21,775,a1,2,4096,1000,1000
3326,755,19,775,a1,4,8192,1000,1000
3327,755,23,775,a1,8,16384,1000,1000
3328,755,23,775,a1,16,32768,1000,1000
3329,755,10,775,a1,4,16384,1000,1000
3330,755,17,775,a1,2,4096,1000,1000
3331,755,13,775,a1,4,8192,1000,1000
3332,755,14,775,a1,8,16384,1000,1000
3333,755,20,775,a1,16,32768,1000,1000
3334,755,12,775,a1,4,16384,1000,1000
3335,755,21,775,a1,2,4096,1000,1000
3336,755,22,775,a1,4,8192,1000,1000
3337,755,22,775,a1,8,16384,1000,1000
3338,755,21,775,a1,16,32768,1000,1000
3339,755,25,775,a1,4,16384,1000,1000
3340,756,20,776,a1,2,4096,1000,1000
3341,757,16,777,a1,4,8192,1000,1000
3342,757,21,777,a1,8,16384,1000,1000
3343,757,21,777,a1,16,32768,1000,1000
3344,757,20,777,a1,4,16384,1000,1000
3345,757,20,777,a1,2,4096,1000,1000
3346,757,20,777,a1,4,8192,1000,1000
3347,758,18,778,a1,8,16384,1000,1000
3348,759,20,779,a1,16,32768,1000,1000
3349,760,24,780,a1,4,16384,1000,1000
3350,761,26,781,a1,2,4096,1000,1000
3351,762,19,782,a1,4,8192,1000,1000
3352,763,17,783,a1,8,16384,1000,1000
3353,763,19,783,a1,16,32768,1000,1000
3354,763,22,783,a1,4,16384,1000,1000
3355,764,16,784,a1,2,4096,1000,1000
3356,765,20,785,a1,4,8192,1000,1000
3357,765,16,785,a1,8,16384,1000,1000
3358,765,19,785,a1,16,32768,1000,1000
3359,765,18,785,a1,4,16384,1000,1000
3360,765,17,785,a1,2,4096,1000,1000
3361,766,15,786,a1,4,8192,1000,1000
3362,767,18,787,a1,8,16384,1000,1000
3363,768,19,788,a1,16,32768,1000,1000
3364,769,20,789,a1,4,16384,1000,1000
3365,770,18,790,a1,2,4096,1000,1000
3366,771,19,791,a1,4,8192,1000,1000
3367,771,18,791,a1,8,16384,1000,1000
3368,771,20,791,a1,16,32768,1000,1000
3369,771,24,791,a1,4,16384,1000,1000
3370,771,26,791,a1,2,4096,1000,1000
3371,772,19,792,a1,4,8192,1000,1000
3372,773,15,793,a1,8,16384,1000,1000
3373,773,23,793,a1,16,32768,1000,1000
3374,773,24,793,a1,4,16384,1000,1000
3375,773,19,793,a1,2,4096,1000,1000
3376,773,17,793,a1,4,8192,1000,1000
3377,773,21,793,a1,8,16384,1000,1000
3378,774,20,794,a1,16,32768,1000,1000
3379,775,17,795,a1,4,16384,1000,1000
3380,775,17,795,a1,2,4096,1000,1000
3381,775,16,795,a1,4,8192,1000,1000
3382,776,19,796,a1,8,16384,1000,1000
3383,777,16,797,a1,16,32768,1000,1000
3384,778,22,798,a1,4,16384,1000,1000
3385,778,18,798,a1,2,4096,1000,1000
3386,778,19,798,a1,4,8192,1000,1000
3387,778,16,798,a1,8,16384,1000,1000
3388,778,22,798,a1,16,32768,1000,1000
3389,779,21,799,a1,4,16384,1000,1000
3390,779,18,799,a1,2,4096,1000,1000
3391,779,18,799,a1,4,8192,1000,1000
3392,779,22,799,a1,8,16384,1000,1000
3393,779,20,799,a1,16,32768,1000,1000
3394,779,18,799,a1,4,16384,1000,1000
3395,779,21,799,a1,2,4096,1000,1000
3396,779,23,799,a1,4,8192,1000,1000
3397,779,15,799,a1,8,16384,1000,1000
3398,779,22,799,a1,16,32768,1000,1000
3399,779,22,799,a1,4,16384,1000,1000
3400,780,15,800,a1,2,4096,1000,1000
3401,781,19,801,a1,4,8192,1000,1000
3402,782,14,802,a1,8,16384,1000,1000
3403,783,21,803,a1,16,32768,1000,1000
3404,784,22,804,a1,4,16384,1000,1000
3405,784,20,804,a1,2,4096,1000,1000
3406,784,18,804,a1,4,8192,1000,1000
3407,784,23,804,a1,8,16384,1000,1000
3408,784,18,804,a1,16,32768,1000,1000
3409,785,18,805,a1,4,16384,1000,1000
3410,786,22,806,a1,2,4096,1000,1000
3411,786,14,806,a1,4,8192,1000,1000
3412,786,18,806,a1,8,16384,1000,1000
3413,786,17,806,a1,16,32768,1000,1000
3414,786,20,806,a1,4,16384,1000,1000
3415,786,23,806,a1,2,4096,1000,1000
3416,786,21,806,a1,4,8192,1000,1000
3417,786,18,806,a1,8,16384,1000,1000
3418,786,23,806,a1,16,32768,1000,1000
3419,786,17,806,a1,4,16384,1000,1000
3420,786,18,806,a1,2,4096,1000,1000
3421,786,22,806,a1,4,8192,1000,1000
3422,786,17,806,a1,8,16384,1000,1000
3423,786,18,806,a1,16,32768,1000,1000
3424,786,17,806,a1,4,16384,1000,1000
3425,786,21,806,a1,2,4096,1000,1000
3426,786,15,806,a1,4,8192,1000,1000
3427,786,20,806,a1,8,16384,1000,1000
3428,786,18,806,a1,16,32768,1000,1000
3429,786,13,806,a1,4,16384,1000,1000
3430,786,21,806,a1,2,4096,1000,1000
3431,786,20,806,a1,4,8192,1000,1000
3432,786,16,806,a1,8,16384,1000,1000
3433,787,19,807,a1,16,32768,1000,1000
3434,788,24,808,a1,4,16384,1000,1000
3435,789,15,809,a1,2,4096,1000,1000
3436,790,17,810,a1,4,8192,1000,1000
3437,790,18,810,a1,8,16384,1000,1000
3438,790,24,810,a1,16,32768,1000,1000
3439,791,16,811,a1,4,16384,1000,1000
3440,791,17,811,a1,2,4096,1000,1000
3441,791,16,811,a1,4,8192,1000,1000
3442,791,19,811,a1,8,16384,1000,1000
3443,791,19,811,a1,16,32768,1000,1000
3444,791,18,811,a1,4,16384,1000,1000
3445,791,17,811,a1,2,4096,1000,1000
3446,791,18,811,a1,4,8192,1000,1000
3447,791,19,811,a1,8,16384,1000,1000
3448,791,21,811,a1,16,32768,1000,1000
3449,792,19,812,a1,4,16384,1000,1000
3450,793,21,813,a1,2,4096,1000,1000
3451,794,26,814,a1,4,8192,1000,1000
3452,795,17,815,a1,8,16384,1000,1000
3453,796,21,816,a1,16,32768,1000,1000
3454,797,15,817,a1,4,16384,1000,1000
3455,797,23,817,a1,2,4096,1000,1000
3456,797,22,817,a1,4,8192,1000,1000
3457,797,22,817,a1,8,16384,1000,1000
3458,797,16,817,a1,16,32768,1000,1000
3459,797,22,817,a1,4,16384,1000,1000
3460,797,20,817,a1,2,4096,1000,1000
3461,797,22,817,a1,4,8192,1000,1000
3462,797,14,817,a1,8,16384,1000,1000
3463,797,20,817,a1,16,32768,1000,1000
3464,797,21,817,a1,4,16384,1000,1000
3465,797,20,817,a1,2,4096,1000,1000
3466,797,19,817,a1,4,8192,1000,1000
3467,797,25,817,a1,8,16384,1000,1000
3468,797,21,817,a1,16,32768,1000,1000
3469,797,24,817,a1,4,16384,1000,1000
3470,797,16,817,a1,2,4096,1000,1000
3471,797,22,817,a1,4,8192,1000,1000
3472,797,24,817,a1,8,16384,1000,1000
3473,797,21,817,a1,16,32768,1000,1000
3474,798,24,818,a1,4,16384,1000,1000
3475,799,21,819,a1,2,4096,1000,1000
3476,800,24,820,a1,4,8192,1000,1000
3477,800,22,820,a1,8,16384,1000,1000
3478,800,19,820,a1,16,32768,1000,1000
3479,800,21,820,a1,4,16384,1000,1000
3480,800,17,820,a1,2,4096,1000,1000
3481,800,19,820,a1,4,8192,1000,1000
3482,800,21,820,a1,8,16384,1000,1000
3483,800,22,820,a1,16,32768,1000,1000
3484,800,19,820,a1,4,16384,1000,1000
3485,801,20,821,a1,2,4096,1000,1000
3486,802,22,822,a1,4,8192,1000,1000
3487,803,21,823,a1,8,16384,1000,1000
3488,804,15,824,a1,16,32768,1000,1000
3489,804,24,824,a1,4,16384,1000,1000
3490,804,21,824,a1,2,4096,1000,1000
3491,804,13,824,a1,4,8192,1000,1000
3492,804,19,824,a1,8,16384,1000,1000
3493,804,28,824,a1,16,32768,1000,1000
3494,805,21,825,a1,4,16384,1000,1000
3495,805,24,825,a1,2,4096,1000,1000
3496,805,24,825,a1,4,8192,1000,1000
3497,805,20,825,a1,8,16384,1000,1000
3498,805,18,825,a1,16,32768,1000,1000
3499,805,19,825,a1,4,16384,1000,1000
3500,805,27,825,a1,2,4096,1000,1000
3501,805,19,825,a1,4,8192,1000,1000
3502,805,21,825,a1,8,16384,1000,1000
3503,805,20,825,a1,16,32768,1000,1000
3504,805,21,825,a1,4,16384,1000,1000
3505,806,17,826,a1,2,4096,1000,1000
3506,806,25,826,a1,4,8192,1000,1000
3507,806,18,826,a1,8,16384,1000,1000
3508,806,23,826,a1,16,32768,1000,1000
3509,806,21,826,a1,4,16384,1000,1000
3510,806,19,826,a1,2,4096,1000,1000
3511,807,25,827,a1,4,8192,1000,1000
3512,807,14,827,a1,8,16384,1000,1000
3513,807,17,827,a1,16,32768,1000,1000
3514,807,20,827,a1,4,16384,1000,1000
3515,807,24,827,a1,2,4096,1000,1000
3516,807,21,827,a1,4,8192,1000,1000
3517,807,20,827,a1,8,16384,1000,1000
3518,807,23,827,a1,16,32768,1000,1000
3519,807,23,827,a1,4,16384,1000,1000
3520,807,23,827,a1,2,4096,1000,1000
3521,807,24,827,a1,4,8192,1000,1000
3522,807,16,827,a1,8,16384,1000,1000
3523,807,17,827,a1,16,32768,1000,1000
3524,807,21,827,a1,4,16384,1000,1000
3525,807,20,827,a1,2,4096,1000,1000
3526,807,17,827,a1,4,8192,1000,1000
3527,807,25,827,a1,8,16384,1000,1000
3528,807,15,827,a1,16,32768,1000,1000
3529,807,20,827,a1,4,16384,1000,1000
3530,807,14,827,a1,2,4096,1000,1000
3531,808,19,828,a1,4,8192,1000,1000
3532,809,23,829,a1,8,16384,1000,1000
3533,809,15,829,a1,16,32768,1000,1000
3534,809,19,829,a1,4,16384,1000,1000
3535,809,22,829,a1,2,4096,1000,1000
3536,809,19,829,a1,4,8192,1000,1000
3537,810,21,830,a1,8,16384,1000,1000
3538,811,23,831,a1,16,32768,1000,1000
3539,812,19,832,a1,4,16384,1000,1000
3540,812,21,832,a1,2,4096,1000,1000
3541,812,21,832,a1,4,8192,1000,1000
3542,812,17,832,a1,8,16384,1000,1000
3543,812,17,832,a1,16,32768,1000,1000
3544,812,19,832,a1,4,16384,1000,1000
3545,812,24,832,a1,2,4096,1000,1000
3546,812,17,832,a1,4,8192,1000,1000
3547,812,22,832,a1,8,16384,1000,1000
3548,812,18,832,a1,16,32768,1000,1000
3549,812,16,832,a1,4,16384,1000,1000
3550,812,18,832,a1,2,4096,1000,1000
3551,812,15,832,a1,4,8192,1000,1000
3552,813,19,833,a1,8,16384,1000,1000
3553,813,22,833,a1,16,32768,1000,1000
3554,813,18,833,a1,4,16384,1000,1000
3555,813,19,833,a1,2,4096,1000,1000
3556,813,15,833,a1,4,8192,1000,1000
3557,814,21,834,a1,8,16384,1000,1000
3558,814,18,834,a1,16,32768,1000,1000
3559,814,23,834,a1,4,16384,1000,1000
3560,814,17,834,a1,2,4096,1000,1000
3561,814,22,834,a1,4,8192,1000,1000
3562,814,21,834,a1,8,16384,1000,1000
3563,814,22,834,a1,16,32768,1000,1000
3564,814,21,834,a1,4,16384,1000,1000
3565,815,21,835,a1,2,4096,1000,1000
3566,816,19,836,a1,4,8192,1000,1000
3567,817,20,837,a1,8,16384,1000,1000
3568,818,18,838,a1,16,32768,1000,1000
3569,819,24,839,a1,4,16384,1000,1000
3570,819,23,839,a1,2,4096,1000,1000
3571,819,18,839,a1,4,8192,1000,1000
3572,819,18,839,a1,8,16384,1000,1000
3573,819,17,839,a1,16,32768,1000,1000
3574,819,20,839,a1,4,16384,1000,1000
3575,819,21,839,a1,2,4096,1000,1000
3576,819,19,839,a1,4,8192,1000,1000
3577,819,22,839,a1,8,16384,1000,1000
3578,819,19,839,a1,16,32768,1000,1000
3579,819,18,839,a1,4,16384,1000,1000
3580,819,17,839,a1,2,4096,1000,1000
3581,819,16,839,a1,4,8192,1000,1000
3582,820,21,840,a1,8,16384,1000,1000
3583,820,16,840,a1,16,32768,1000,1000
3584,820,18,840,a1,4,16384,1000,1000
3585,821,22,841,a1,2,4096,1000,1000
3586,822,19,842,a1,4,8192,1000,1000
3587,822,17,842,a1,8,16384,1000,1000
3588,822,22,842,a1,16,32768,1000,1000
3589,822,22,842,a1,4,16384,1000,1000
3590,822,12,842,a1,2,4096,1000,1000
3591,822,19,842,a1,4,8192,1000,1000
3592,822,19,842,a1,8,16384,1000,1000
3593,822,19,842,a1,16,32768,1000,1000
3594,822,19,842,a1,4,16384,1000,1000
3595,822,15,842,a1,2,4096,1000,1000
3596,823,23,843,a1,4,8192,1000,1000
3597,824,22,844,a1,8,16384,1000,1000
3598,824,19,844,a1,16,32768,1000,1000
3599,824,19,844,a1,4,16384,1000,1000
3600,825,16,845,a1,2,4096,1000,1000
3601,826,16,846,a1,4,8192,1000,1000
3602,827,21,847,a1,8,16384,1000,1000
3603,828,17,848,a1,16,32768,1000,1000
3604,828,14,848,a1,4,16384,1000,1000
3605,828,23,848,a1,2,4096,1000,1000
3606,828,18,848,a1,4,8192,1000,1000
3607,829,21,849,a1,8,16384,1000,1000
3608,830,23,850,a1,16,32768,1000,1000
3609,830,22,850,a1,4,16384,1000,1000
3610,830,18,850,a1,2,4096,1000,1000
3611,831,19,851,a1,4,8192,1000,1000
3612,832,17,852,a1,8,16384,1000,1000
3613,833,18,853,a1,16,32768,1000,1000
3614,833,19,853,a1,4,16384,1000,1000
3615,833,18,853,a1,2,4096,1000,1000
3616,833,18,853,a1,4,8192,1000,1000
3617,833,21,853,a1,8,16384,1000,1000
3618,833,17,853,a1,16,32768,1000,1000
3619,833,20,853,a1,4,16384,1000,1000
3620,833,21,853,a1,2,4096,1000,1000
3621,833,19,853,a1,4,8192,1000,1000
3622,833,25,853,a1,8,16384,1000,1000
3623,833,23,853,a1,16,32768,1000,1000
3624,833,19,853,a1,4,16384,1000,1000
3625,833,20,853,a1,2,4096,1000,1000
3626,833,16,853,a1,4,8192,1000,1000
3627,833,23,853,a1,8,16384,1000,1000
3628,833,19,853,a1,16,32768,1000,1000
3629,833,23,853,a1,4,16384,1000,1000
3630,833,19,853,a1,2,4096,1000,1000
3631,833,20,853,a1,4,8192,1000,1000
3632,833,16,853,a1,8,16384,1000,1000
3633,833,21,853,a1,16,32768,1000,1000
3634,834,21,854,a1,4,16384,1000,1000
3635,835,17,855,a1,2,4096,1000,1000
3636,835,18,855,a1,4,8192,1000,1000
3637,835,20,855,a1,8,16384,1000,1000
3638,835,17,855,a1,16,32768,1000,1000
3639,835,22,855,a1,4,16384,1000,1000
3640,835,19,855,a1,2,4096,1000,1000
3641,835,24,855,a1,4,8192,1000,1000
3642,835,21,855,a1,8,16384,1000,1000
3643,835,16,855,a1,16,32768,1000,1000
3644,835,17,855,a1,4,16384,1000,1000
3645,835,17,855,a1,2,4096,1000,1000
3646,835,14,855,a1,4,8192,1000,1000
3647,835,19,855,a1,8,16384,1000,1000
3648,836,22,856,a1,16,32768,1000,1000
3649,837,17,857,a1,4,16384,1000,1000
3650,838,22,858,a1,2,4096,1000,1000
3651,838,21,858,a1,4,8192,1000,1000
3652,839,16,859,a1,8,16384,1000,1000
3653,840,16,860,a1,16,32768,1000,1000
3654,841,16,861,a1,4,16384,1000,1000
3655,841,18,861,a1,2,4096,1000,1000
3656,841,20,861,a1,4,8192,1000,1000
3657,841,23,861,a1,8,16384,1000,1000
3658,841,26,861,a1,16,32768,1000,1000
3659,841,21,861,a1,4,16384,1000,1000
3660,841,20,861,a1,2,4096,1000,1000
3661,841,23,861,a1,4,8192,1000,1000
3662,841,21,861,a1,8,16384,1000,1000
3663,841,17,861,a1,16,32768,1000,1000
3664,841,20,861,a1,4,16384,1000,1000
3665,842,21,862,a1,2,4096,1000,1000
3666,842,16,862,a1,4,8192,1000,1000
3667,842,19,862,a1,8,16384,1000,1000
3668,842,22,862,a1,16,32768,1000,1000
3669,842,16,862,a1,4,16384,1000,1000
3670,842,18,862,a1,2,4096,1000,1000
3671,842,18,862,a1,4,8192,1000,1000
3672,842,18,862,a1,8,16384,1000,1000
3673,842,20,862,a1,16,32768,1000,1000
3674,843,20,863,a1,4,16384,1000,1000
3675,843,22,863,a1,2,4096,1000,1000
3676,843,12,863,a1,4,8192,1000,1000
3677,843,18,863,a1,8,16384,1000,1000
3678,843,18,863,a1,16,32768,1000,1000
3679,843,18,863,a1,4,16384,1000,1000
3680,843,16,863,a1,2,4096,1000,1000
3681,843,16,863,a1,4,8192,1000,1000
3682,843,24,863,a1,8,16384,1000,1000
3683,844,18,864,a1,16,32768,1000,1000
3684,845,20,865,a1,4,16384,1000,1000
3685,845,22,865,a1,2,4096,1000,1000
3686,845,18,865,a1,4,8192,1000,1000
3687,845,18,865,a1,8,16384,1000,1000
3688,845,26,865,a1,16,32768,1000,1000
3689,845,23,865,a1,4,16384,1000,1000
3690,845,16,865,a1,2,4096,1000,1000
3691,845,17,865,a1,4,8192,1000,1000
3692,846,19,866,a1,8,16384,1000,1000
3693,846,19,866,a1,16,32768,1000,1000
3694,846,19,866,a1,4,16384,1000,1000
3695,846,21,866,a1,2,4096,1000,1000
3696,846,16,866,a1,4,8192,1000,1000
3697,846,18,866,a1,8,16384,1000,1000
3698,846,20,866,a1,16,32768,1000,1000
3699,846,22,866,a1,4,16384,1000,1000
3700,846,20,866,a1,2,4096,1000,1000
3701,846,20,866,a1,4,8192,1000,1000
3702,846,17,866,a1,8,16384,1000,1000
3703,846,25,866,a1,16,32768,1000,1000
3704,846,18,866,a1,4,16384,1000,1000
3705,846,17,866,a1,2,4096,1000,1000
3706,846,16,866,a1,4,8192,1000,1000
3707,846,14,866,a1,8,16384,1000,1000
3708,846,16,866,a1,16,32768,1000,1000
3709,846,22,866,a1,4,16384,1000,1000
3710,846,26,866,a1,2,4096,1000,1000
3711,846,19,866,a1,4,8192,1000,1000
3712,846,19,866,a1,8,16384,1000,1000
3713,846,20,866,a1,16,32768,1000,1000
3714,846,21,866,a1,4,16384,1000,1000
3715,847,21,867,a1,2,4096,1000,1000
3716,848,20,868,a1,4,8192,1000,1000
3717,848,18,868,a1,8,16384,1000,1000
3718,848,16,868,a1,16,32768,1000,1000
3719,848,21,868,a1,4,16384,1000,1000
3720,848,20,868,a1,2,4096,1000,1000
3721,848,21,868,a1,4,8192,1000,1000
3722,849,22,869,a1,8,16384,1000,1000
3723,849,22,869,a1,16,32768,1000,1000
3724,849,22,869,a1,4,16384,1000,1000
3725,849,27,869,a1,2,4096,1000,1000
3726,849,21,869,a1,4,8192,1000,1000
3727,849,15,869,a1,8,16384,1000,1000
3728,849,16,869,a1,16,32768,1000,1000
3729,849,23,869,a1,4,16384,1000,1000
3730,849,24,869,a1,2,4096,1000,1000
3731,849,14,869,a1,4,8192,1000,1000
3732,850,20,870,a1,8,16384,1000,1000
3733,851,20,871,a1,16,32768,1000,1000
3734,851,18,871,a1,4,16384,1000,1000
3735,851,23,871,a1,2,4096,1000,1000
3736,851,16,871,a1,4,8192,1000,1000
3737,851,23,871,a1,8,16384,1000,1000
3738,851,25,871,a1,16,32768,1000,1000
3739,852,21,872,a1,4,16384,1000,1000
3740,853,19,873,a1,2,4096,1000,1000
3741,854,20,874,a1,4,8192,1000,1000
3742,854,23,874,a1,8,16384,1000,1000
3743,854,18,874,a1,16,32768,1000,1000
3744,854,18,874,a1,4,16384,1000,1000
3745,854,19,874,a1,2,4096,1000,1000
3746,854,24,874,a1,4,8192,1000,1000
3747,854,14,874,a1,8,16384,1000,1000
3748,854,16,874,a1,16,32768,1000,1000
3749,854,20,874,a1,4,16384,1000,1000
3750,854,23,874,a1,2,4096,1000,1000
3751,854,20,874,a1,4,8192,1000,1000
3752,854,25,874,a1,8,16384,1000,1000
3753,854,22,874,a1,16,32768,1000,1000
3754,854,18,874,a1,4,16384,1000,1000
3755,855,18,875,a1,2,4096,1000,1000
3756,856,23,876,a1,4,8192,1000,1000
3757,857,18,877,a1,8,16384,1000,1000
3758,858,23,878,a1,16,32768,1000,1000
3759,858,24,878,a1,4,16384,1000,1000
3760,858,21,878,a1,2,4096,1000,1000
3761,858,24,878,a1,4,8192,1000,1000
3762,858,18,878,a1,8,16384,1000,1000
3763,859,25,879,a1,16,32768,1000,1000
3764,860,20,880,a1,4,16384,1000,1000
3765,861,19,881,a1,2,4096,1000,1000
3766,862,17,882,a1,4,8192,1000,1000
3767,862,16,882,a1,8,16384,1000,1000
3768,862,16,882,a1,16,32768,1000,1000
3769,862,15,882,a1,4,16384,1000,1000
3770,862,18,882,a1,2,4096,1000,1000
3771,862,27,882,a1,4,8192,1000,1000
3772,862,22,882,a1,8,16384,1000,1000
3773,862,18,882,a1,16,32768,1000,1000
3774,863,24,883,a1,4,16384,1000,1000
3775,863,19,883,a1,2,4096,1000,1000
3776,863,15,883,a1,4,8192,1000,1000
3777,863,21,883,a1,8,16384,1000,1000
3778,863,17,883,a1,16,32768,1000,1000
3779,864,23,884,a1,4,16384,1000,1000
3780,864,18,884,a1,2,4096,1000,1000
3781,864,16,884,a1,4,8192,1000,1000
3782,864,22,884,a1,8,16384,1000,1000
3783,864,18,884,a1,16,32768,1000,1000
3784,864,21,884,a1,4,16384,1000,1000
3785,864,21,884,a1,2,4096,1000,1000
3786,864,16,884,a1,4,8192,1000,1000
3787,864,18,884,a1,8,16384,1000,1000
3788,864,22,884,a1,16,32768,1000,1000
3789,864,21,884,a1,4,16384,1000,1000
3790,864,18,884,a1,2,4096,1000,1000
3791,864,19,884,a1,4,8192,1000,1000
3792,864,19,884,a1,8,16384,1000,1000
3793,864,20,884,a1,16,32768,1000,1000
3794,864,23,884,a1,4,16384,1000,1000
3795,865,20,885,a1,2,4096,1000,1000
3796,865,16,885,a1,4,8192,1000,1000
3797,865,18,885,a1,8,16384,1000,1000
3798,865,14,885,a1,16,32768,1000,1000
3799,865,14,885,a1,4,16384,1000,1000
3800,865,17,885,a1,2,4096,1000,1000
3801,865,18,885,a1,4,8192,1000,1000
3802,865,18,885,a1,8,16384,1000,1000
3803,865,13,885,a1,16,32768,1000,1000
3804,865,22,885,a1,4,16384,1000,1000
3805,865,24,885,a1,2,4096,1000,1000
3806,865,19,885,a1,4,8192,1000,1000
3807,865,25,885,a1,8,16384,1000,1000
3808,865,19,885,a1,16,32768,1000,1000
3809,865,24,885,a1,4,16384,1000,1000
3810,865,16,885,a1,2,4096,1000,1000
3811,865,20,885,a1,4,8192,1000,1000
3812,865,16,885,a1,8,16384,1000,1000
3813,865,17,885,a1,16,32768,1000,1000
3814,865,19,885,a1,4,16384,1000,1000
3815,865,15,885,a1,2,4096,1000,1000
3816,865,18,885,a1,4,8192,1000,1000
3817,865,19,885,a1,8,16384,1000,1000
3818,865,18,885,a1,16,32768,1000,1000
3819,865,20,885,a1,4,16384,1000,1000
3820,865,19,885,a1,2,4096,1000,1000
3821,865,23,885,a1,4,8192,1000,1000
3822,865,20,885,a1,8,16384,1000,1000
3823,865,18,885,a1,16,32768,1000,1000
3824,865,19,885,a1,4,16384,1000,1000
3825,865,21,885,a1,2,4096,1000,1000
3826,865,16,885,a1,4,8192,1000,1000
3827,866,23,886,a1,8,16384,1000,1000
3828,867,19,887,a1,16,32768,1000,1000
3829,868,18,888,a1,4,16384,1000,1000
3830,869,18,889,a1,2,4096,1000,1000
3831,869,19,889,a1,4,8192,1000,1000
3832,869,18,889,a1,8,16384,1000,1000
3833,869,26,889,a1,16,32768,1000,1000
3834,869,17,889,a1,4,16384,1000,1000
3835,869,19,889,a1,2,4096,1000,1000
3836,869,20,889,a1,4,8192,1000,1000
3837,869,22,889,a1,8,16384,1000,1000
3838,870,16,890,a1,16,32768,1000,1000
3839,871,17,891,a1,4,16384,1000,1000
3840,872,20,892,a1,2,4096,1000,1000
3841,873,22,893,a1,4,8192,1000,1000
3842,874,20,894,a1,8,16384,1000,1000
3843,875,16,895,a1,16,32768,1000,1000
3844,875,19,895,a1,4,16384,1000,1000
3845,875,26,895,a1,2,4096,1000,1000
3846,875,13,895,a1,4,8192,1000,1000
3847,875,29,895,a1,8,16384,1000,1000
3848,875,16,895,a1,16,32768,1000,1000
3849,875,20,895,a1,4,16384,1000,1000
3850,875,21,895,a1,2,4096,1000,1000
3851,875,15,895,a1,4,8192,1000,1000
3852,875,13,895,a1,8,16384,1000,1000
3853,875,15,895,a1,16,32768,1000,1000
3854,875,22,895,a1,4,16384,1000,1000
3855,875,16,895,a1,2,4096,1000,1000
3856,875,20,895,a1,4,8192,1000,1000
3857,876,14,896,a1,8,16384,1000,1000
3858,876,17,896,a1,16,32768,1000,1000
3859,876,20,896,a1,4,16384,1000,1000
3860,876,21,896,a1,2,4096,1000,1000
3861,876,18,896,a1,4,8192,1000,1000
3862,876,22,896,a1,8,16384,1000,1000
3863,876,21,896,a1,16,32768,1000,1000
3864,876,15,896,a1,4,16384,1000,1000
3865,876,23,896,a1,2,4096,1000,1000
3866,876,15,896,a1,4,8192,1000,1000
3867,876,18,896,a1,8,16384,1000,1000
3868,876,17,896,a1,16,32768,1000,1000
3869,876,15,896,a1,4,16384,1000,1000
3870,876,18,896,a1,2,4096,1000,1000
3871,876,15,896,a1,4,8192,1000,1000
3872,876,24,896,a1,8,16384,1000,1000
3873,876,13,896,a1,16,32768,1000,1000
3874,876,21,896,a1,4,16384,1000,1000
3875,877,19,897,a1,2,4096,1000,1000
3876,877,15,897,a1,4,8192,1000,1000
3877,877,20,897,a1,8,16384,1000,1000
3878,877,23,897,a1,16,32768,1000,1000
3879,877,20,897,a1,4,16384,1000,1000
3880,877,22,897,a1,2,4096,1000,1000
3881,877,16,897,a1,4,8192,1000,1000
3882,877,20,897,a1,8,16384,1000,1000
3883,877,16,897,a1,16,32768,1000,1000
3884,877,19,897,a1,4,16384,1000,1000
3885,878,15,898,a1,2,4096,1000,1000
3886,878,20,898,a1,4,8192,1000,1000
3887,878,20,898,a1,8,16384,1000,1000
3888,878,18,898,a1,16,32768,1000,1000
3889,878,21,898,a1,4,16384,1000,1000
3890,878,19,898,a1,2,4096,1000,1000
3891,878,18,898,a1,4,8192,1000,1000
3892,878,18,898,a1,8,16384,1000,1000
3893,879,15,899,a1,16,32768,1000,1000
3894,880,26,900,a1,4,16384,1000,1000
3895,880,20,900,a1,2,4096,1000,1000
3896,880,19,900,a1,4,8192,1000,1000
3897,880,18,900,a1,8,16384,1000,1000
3898,880,14,900,a1,16,32768,1000,1000
3899,880,23,900,a1,4,16384,1000,1000
3900,880,20,900,a1,2,4096,1000,1000
3901,880,26,900,a1,4,8192,1000,1000
3902,880,23,900,a1,8,16384,1000,1000
3903,881,18,901,a1,16,32768,1000,1000
3904,882,19,902,a1,4,16384,1000,1000
3905,883,19,903,a1,2,4096,1000,1000
3906,883,20,903,a1,4,8192,1000,1000
3907,883,24,903,a1,8,16384,1000,1000
3908,883,24,903,a1,16,32768,1000,1000
3909,883,20,903,a1,4,16384,1000,1000
3910,883,18,903,a1,2,4096,1000,1000
3911,883,23,903,a1,4,8192,1000,1000
3912,883,22,903,a1,8,16384,1000,1000
3913,883,16,903,a1,16,32768,1000,1000
3914,883,22,903,a1,4,16384,1000,1000
3915,883,22,903,a1,2,4096,1000,1000
3916,883,23,903,a1,4,8192,1000,1000
3917,883,19,903,a1,8,16384,1000,1000
3918,883,20,903,a1,16,32768,1000,1000
3919,883,25,903,a1,4,16384,1000,1000
3920,883,21,903,a1,2,4096,1000,1000
3921,883,21,903,a1,4,8192,1000,1000
3922,884,20,904,a1,8,16384,1000,1000
3923,884,19,904,a1,16,32768,1000,1000
3924,884,20,904,a1,4,16384,1000,1000
3925,884,22,904,a1,2,4096,1000,1000
3926,884,17,904,a1,4,8192,1000,1000
3927,884,20,904,a1,8,16384,1000,1000
3928,884,20,904,a1,16,32768,1000,1000
3929,884,19,904,a1,4,16384,1000,1000
3930,884,16,904,a1,2,4096,1000,1000
3931,884,19,904,a1,4,8192,1000,1000
3932,884,18,904,a1,8,16384,1000,1000
3933,884,22,904,a1,16,32768,1000,1000
3934,884,12,904,a1,4,16384,1000,1000
3935,885,22,905,a1,2,4096,1000,1000
3936,886,14,906,a1,4,8192,1000,1000
3937,887,20,907,a1,8,16384,1000,1000
3938,888,13,908,a1,16,32768,1000,1000
3939,889,22,909,a1,4,16384,1000,1000
3940,889,19,909,a1,2,4096,1000,1000
3941,890,12,910,a1,4,8192,1000,1000
3942,890,16,910,a1,8,16384,1000,1000
3943,890,19,910,a1,16,32768,1000,1000
3944,890,19,910,a1,4,16384,1000,1000
3945,890,21,910,a1,2,4096,1000,1000
3946,890,21,910,a1,4,8192,1000,1000
3947,890,24,910,a1,8,16384,1000,1000
3948,890,19,910,a1,16,32768,1000,1000
3949,890,19,910,a1,4,16384,1000,1000
3950,890,23,910,a1,2,4096,1000,1000
3951,890,26,910,a1,4,8192,1000,1000
3952,890,17,910,a1,8,16384,1000,1000
3953,890,18,910,a1,16,32768,1000,1000
3954,890,21,910,a1,4,16384,1000,1000
3955,891,18,911,a1,2,4096,1000,1000
3956,892,25,912,a1,4,8192,1000,1000
3957,893,19,913,a1,8,16384,1000,1000
3958,894,18,914,a1,16,32768,1000,1000
3959,895,21,915,a1,4,16384,1000,1000
3960,895,14,915,a1,2,4096,1000,1000
3961,895,19,915,a1,4,8192,1000,1000
3962,895,16,915,a1,8,16384,1000,1000
3963,896,17,916,a1,16,32768,1000,1000
3964,896,20,916,a1,4,16384,1000,1000
3965,896,21,916,a1,2,4096,1000,1000
3966,896,25,916,a1,4,8192,1000,1000
3967,897,23,917,a1,8,16384,1000,1000
3968,897,15,917,a1,16,32768,1000,1000
3969,897,19,917,a1,4,16384,1000,1000
3970,897,18,917,a1,2,4096,1000,1000
3971,897,19,917,a1,4,8192,1000,1000
3972,897,24,917,a1,8,16384,1000,1000
3973,897,18,917,a1,16,32768,1000,1000
3974,898,19,918,a1,4,16384,1000,1000
3975,899,20,919,a1,2,4096,1000,1000
3976,899,20,919,a1,4,8192,1000,1000
3977,899,18,919,a1,8,16384,1000,1000
3978,899,22,919,a1,16,32768,1000,1000
3979,899,23,919,a1,4,16384,1000,1000
3980,899,14,919,a1,2,4096,1000,1000
3981,899,16,919,a1,4,8192,1000,1000
3982,899,20,919,a1,8,16384,1000,1000
3983,899,17,919,a1,16,32768,1000,1000
3984,899,21,919,a1,4,16384,1000,1000
3985,899,24,919,a1,2,4096,1000,1000
3986,899,20,919,a1,4,8192,1000,1000
3987,899,20,919,a1,8,16384,1000,1000
3988,899,19,919,a1,16,32768,1000,1000
3989,899,19,919,a1,4,16384,1000,1000
3990,899,19,919,a1,2,4096,1000,1000
3991,899,20,919,a1,4,8192,1000,1000
3992,899,19,919,a1,8,16384,1000,1000
3993,899,21,919,a1,16,32768,1000,1000
3994,899,15,919,a1,4,16384,1000,1000
3995,899,23,919,a1,2,4096,1000,1000
3996,899,17,919,a1,4,8192,1000,1000
3997,899,22,919,a1,8,16384,1000,1000
3998,899,19,919,a1,16,32768,1000,1000
3999,900,22,920,a1,4,16384,1000,1000
4000,901,17,921,a1,2,4096,1000,1000
4001,902,22,922,a1,4,8192,1000,1000
4002,903,21,923,a1,8,16384,1000,1000
4003,903,18,923,a1,16,32768,1000,1000
4004,903,20,923,a1,4,16384,1000,1000
4005,903,19,923,a1,2,4096,1000,1000
4006,903,19,923,a1,4,8192,1000,1000
4007,903,24,923,a1,8,16384,1000,1000
4008,903,19,923,a1,16,32768,1000,1000
4009,903,19,923,a1,4,16384,1000,1000
4010,903,17,923,a1,2,4096,1000,1000
4011,903,22,923,a1,4,8192,1000,1000
4012,903,14,923,a1,8,16384,1000,1000
4013,903,23,923,a1,16,32768,1000,1000
4014,903,20,923,a1,4,16384,1000,1000
4015,903,19,923,a1,2,4096,1000,1000
4016,904,17,924,a1,4,8192,1000,1000
4017,905,22,925,a1,8,16384,1000,1000
4018,906,20,926,a1,16,32768,1000,1000
4019,906,20,926,a1,4,16384,1000,1000
4020,906,24,926,a1,2,4096,1000,1000
4021,906,20,926,a1,4,8192,1000,1000
4022,906,20,926,a1,8,16384,1000,1000
4023,906,15,926,a1,16,32768,1000,1000
4024,906,19,926,a1,4,16384,1000,1000
4025,906,17,926,a1,2,4096,1000,1000
4026,906,19,926,a1,4,8192,1000,1000
4027,906,18,926,a1,8,16384,1000,1000
4028,906,21,926,a1,16,32768,1000,1000
4029,907,22,927,a1,4,16384,1000,1000
4030,908,20,928,a1,2,4096,1000,1000
4031,908,19,928,a1,4,8192,1000,1000
4032,908,16,928,a1,8,16384,1000,1000
4033,908,22,928,a1,16,32768,1000,1000
4034,908,23,928,a1,4,16384,1000,1000
4035,909,17,929,a1,2,4096,1000,1000
4036,910,19,930,a1,4,8192,1000,1000
4037,911,20,931,a1,8,16384,1000,1000
4038,911,24,931,a1,16,32768,1000,1000
4039,911,20,931,a1,4,16384,1000,1000
4040,911,21,931,a1,2,4096,1000,1000
4041,911,16,931,a1,4,8192,1000,1000
4042,911,24,931,a1,8,16384,1000,1000
4043,911,26,931,a1,16,32768,1000,1000
4044,911,13,931,a1,4,16384,1000,1000
4045,911,24,931,a1,2,4096,1000,1000
4046,911,24,931,a1,4,8192,1000,1000
4047,912,21,932,a1,8,16384,1000,1000
4048,912,19,932,a1,16,32768,1000,1000
4049,912,19,932,a1,4,16384,1000,1000
4050,912,16,932,a1,2,4096,1000,1000
4051,912,20,932,a1,4,8192,1000,1000
4052,913,20,933,a1,8,16384,1000,1000
4053,914,21,934,a1,16,32768,1000,1000
4054,914,20,934,a1,4,16384,1000,1000
4055,914,23,934,a1,2,4096,1000,1000
4056,914,19,934,a1,4,8192,1000,1000
4057,914,22,934,a1,8,16384,1000,1000
4058,914,19,934,a1,16,32768,1000,1000
4059,914,18,934,a1,4,16384,1000,1000
4060,914,20,934,a1,2,4096,1000,1000
4061,914,19,934,a1,4,8192,1000,1000
4062,914,20,934,a1,8,16384,1000,1000
4063,915,24,935,a1,16,32768,1000,1000
4064,915,24,935,a1,4,16384,1000,1000
4065,916,24,936,a1,2,4096,1000,1000
4066,917,21,937,a1,4,8192,1000,1000
4067,918,19,938,a1,8,16384,1000,1000
4068,918,19,938,a1,16,32768,1000,1000
4069,918,20,938,a1,4,16384,1000,1000
4070,919,21,939,a1,2,4096,1000,1000
4071,919,14,939,a1,4,8192,1000,1000
4072,919,23,939,a1,8,16384,1000,1000
4073,919,20,939,a1,16,32768,1000,1000
4074,919,24,939,a1,4,16384,1000,1000
4075,919,21,939,a1,2,4096,1000,1000
4076,919,22,939,a1,4,8192,1000,1000
4077,919,20,939,a1,8,16384,1000,1000
4078,919,16,939,a1,16,32768,1000,1000
4079,919,20,939,a1,4,16384,1000,1000
4080,919,21,939,a1,2,4096,1000,1000
4081,919,17,939,a1,4,8192,1000,1000
4082,920,22,940,a1,8,16384,1000,1000
4083,920,18,940,a1,16,32768,1000,1000
4084,920,16,940,a1,4,16384,1000,1000
4085,920,12,940,a1,2,4096,1000,1000
4086,920,23,940,a1,4,8192,1000,1000
4087,920,19,940,a1,8,16384,1000,1000
4088,920,22,940,a1,16,32768,1000,1000
4089,921,19,941,a1,4,16384,1000,1000
4090,922,18,942,a1,2,4096,1000,1000
4091,923,17,943,a1,4,8192,1000,1000
4092,923,17,943,a1,8,16384,1000,1000
4093,923,20,943,a1,16,32768,1000,1000
4094,923,30,943,a1,4,16384,1000,1000
4095,923,24,943,a1,2,4096,1000,1000
4096,923,19,943,a1,4,8192,1000,1000
4097,923,20,943,a1,8,16384,1000,1000
4098,924,21,944,a1,16,32768,1000,1000
4099,924,21,944,a1,4,16384,1000,1000
4100,924,20,944,a1,2,4096,1000,1000
4101,924,15,944,a1,4,8192,1000,1000
4102,924,17,944,a1,8,16384,1000,1000
4103,924,14,944,a1,16,32768,1000,1000
4104,924,28,944,a1,4,16384,1000,1000
4105,924,18,944,a1,2,4096,1000,1000
4106,924,19,944,a1,4,8192,1000,1000
4107,924,22,944,a1,8,16384,1000,1000
4108,924,11,944,a1,16,32768,1000,1000
4109,924,24,944,a1,4,16384,1000,1000
4110,924,16,944,a1,2,4096,1000,1000
4111,924,22,944,a1,4,8192,1000,1000
4112,924,25,944,a1,8,16384,1000,1000
4113,924,20,944,a1,16,32768,1000,1000
4114,925,23,945,a1,4,16384,1000,1000
4115,926,20,946,a1,2,4096,1000,1000
4116,927,16,947,a1,4,8192,1000,1000
4117,928,18,948,a1,8,16384,1000,1000
4118,928,18,948,a1,16,32768,1000,1000
4119,928,19,948,a1,4,16384,1000,1000
4120,928,13,948,a1,2,4096,1000,1000
4121,928,26,948,a1,4,8192,1000,1000
4122,928,14,948,a1,8,16384,1000,1000
4123,928,15,948,a1,16,32768,1000,1000
4124,928,18,948,a1,4,16384,1000,1000
4125,928,24,948,a1,2,4096,1000,1000
4126,928,20,948,a1,4,8192,1000,1000
4127,928,24,948,a1,8,16384,1000,1000
4128,928,24,948,a1,16,32768,1000,1000
4129,928,16,948,a1,4,16384,1000,1000
4130,928,12,948,a1,2,4096,1000,1000
4131,928,22,948,a1,4,8192,1000,1000
4132,928,24,948,a1,8,16384,1000,1000
4133,928,24,948,a1,16,32768,1000,1000
4134,928,21,948,a1,4,16384,1000,1000
4135,928,18,948,a1,2,4096,1000,1000
4136,928,18,948,a1,4,8192,1000,1000
4137,928,23,948,a1,8,16384,1000,1000
4138,928,21,948,a1,16,32768,1000,1000
4139,928,23,948,a1,4,16384,1000,1000
4140,928,15,948,a1,2,4096,1000,1000
4141,928,18,948,a1,4,8192,1000,1000
4142,928,21,948,a1,8,16384,1000,1000
4143,929,22,949,a1,16,32768,1000,1000
4144,929,22,949,a1,4,16384,1000,1000
4145,929,18,949,a1,2,4096,1000,1000
4146,929,18,949,a1,4,8192,1000,1000
4147,929,21,949,a1,8,16384,1000,1000
4148,929,24,949,a1,16,32768,1000,1000
4149,929,25,949,a1,4,16384,1000,1000
4150,929,18,949,a1,2,4096,1000,1000
4151,929,22,949,a1,4,8192,1000,1000
4152,930,19,950,a1,8,16384,1000,1000
4153,930,18,950,a1,16,32768,1000,1000
4154,930,21,950,a1,4,16384,1000,1000
4155,930,19,950,a1,2,4096,1000,1000
4156,930,19,950,a1,4,8192,1000,1000
4157,930,25,950,a1,8,16384,1000,1000
4158,930,23,950,a1,16,32768,1000,1000
4159,930,18,950,a1,4,16384,1000,1000
4160,930,22,950,a1,2,4096,1000,1000
4161,930,22,950,a1,4,8192,1000,1000
4162,930,25,950,a1,8,16384,1000,1000
4163,930,26,950,a1,16,32768,1000,1000
4164,930,24,950,a1,4,16384,1000,1000
4165,930,16,950,a1,2,4096,1000,1000
4166,930,19,950,a1,4,8192,1000,1000
4167,930,19,950,a1,8,16384,1000,1000
4168,931,14,951,a1,16,32768,1000,1000
4169,932,17,952,a1,4,16384,1000,1000
4170,932,20,952,a1,2,4096,1000,1000
4171,932,23,952,a1,4,8192,1000,1000
4172,932,17,952,a1,8,16384,1000,1000
4173,932,22,952,a1,16,32768,1000,1000
4174,932,14,952,a1,4,16384,1000,1000
4175,932,15,952,a1,2,4096,1000,1000
4176,932,18,952,a1,4,8192,1000,1000
4177,932,20,952,a1,8,16384,1000,1000
4178,932,23,952,a1,16,32768,1000,1000
4179,932,15,952,a1,4,16384,1000,1000
4180,932,19,952,a1,2,4096,1000,1000
4181,932,22,952,a1,4,8192,1000,1000
4182,932,18,952,a1,8,16384,1000,1000
4183,932,18,952,a1,16,32768,1000,1000
4184,932,26,952,a1,4,16384,1000,1000
4185,932,18,952,a1,2,4096,1000,1000
4186,932,17,952,a1,4,8192,1000,1000
4187,932,18,952,a1,8,16384,1000,1000
4188,933,15,953,a1,16,32768,1000,1000
4189,933,16,953,a1,4,16384,1000,1000
4190,933,25,953,a1,2,4096,1000,1000
4191,933,19,953,a1,4,8192,1000,1000
4192,933,20,953,a1,8,16384,1000,1000
4193,933,16,953,a1,16,32768,1000,1000
4194,933,17,953,a1,4,16384,1000,1000
4195,933,14,953,a1,2,4096,1000,1000
4196,933,20,953,a1,4,8192,1000,1000
4197,933,21,953,a1,8,16384,1000,1000
4198,933,20,953,a1,16,32768,1000,1000
4199,933,13,953,a1,4,16384,1000,1000
4200,934,16,954,a1,2,4096,1000,1000
4201,935,20,955,a1,4,8192,1000,1000
4202,936,17,956,a1,8,16384,1000,1000
4203,937,20,957,a1,16,32768,1000,1000
4204,937,17,957,a1,4,16384,1000,1000
4205,937,23,957,a1,2,4096,1000,1000
4206,937,17,957,a1,4,8192,1000,1000
4207,937,18,957,a1,8,16384,1000,1000
4208,938,24,958,a1,16,32768,1000,1000
4209,938,19,958,a1,4,16384,1000,1000
4210,938,17,958,a1,2,4096,1000,1000
4211,938,23,958,a1,4,8192,1000,1000
4212,938,18,958,a1,8,16384,1000,1000
4213,938,20,958,a1,16,32768,1000,1000
4214,938,22,958,a1,4,16384,1000,1000
4215,938,21,958,a1,2,4096,1000,1000
4216,938,17,958,a1,4,8192,1000,1000
4217,938,24,958,a1,8,16384,1000,1000
4218,938,19,958,a1,16,32768,1000,1000
4219,938,22,958,a1,4,16384,1000,1000
4220,938,18,958,a1,2,4096,1000,1000
4221,938,18,958,a1,4,8192,1000,1000
4222,938,19,958,a1,8,16384,1000,1000
4223,938,22,958,a1,16,32768,1000,1000
4224,938,18,958,a1,4,16384,1000,1000
4225,938,23,958,a1,2,4096,1000,1000
4226,939,16,959,a1,4,8192,1000,1000
4227,939,17,959,a1,8,16384,1000,1000
4228,939,19,959,a1,16,32768,1000,1000
4229,939,22,959,a1,4,16384,1000,1000
4230,940,17,960,a1,2,4096,1000,1000
4231,941,22,961,a1,4,8192,1000,1000
4232,942,16,962,a1,8,16384,1000,1000
4233,942,19,962,a1,16,32768,1000,1000
4234,942,20,962,a1,4,16384,1000,1000
4235,942,18,962,a1,2,4096,1000,1000
4236,942,18,962,a1,4,8192,1000,1000
4237,942,18,962,a1,8,16384,1000,1000
4238,942,17,962,a1,16,32768,1000,1000
4239,942,17,962,a1,4,16384,1000,1000
4240,942,21,962,a1,2,4096,1000,1000
4241,942,19,962,a1,4,8192,1000,1000
4242,942,21,962,a1,8,16384,1000,1000
4243,942,21,962,a1,16,32768,1000,1000
4244,942,19,962,a1,4,16384,1000,1000
4245,942,19,962,a1,2,4096,1000,1000
4246,942,20,962,a1,4,8192,1000,1000
4247,942,19,962,a1,8,16384,1000,1000
4248,942,22,962,a1,16,32768,1000,1000
4249,942,16,962,a1,4,16384,1000,1000
4250,942,17,962,a1,2,4096,1000,1000
4251,942,20,962,a1,4,8192,1000,1000
4252,942,22,962,a1,8,16384,1000,1000
4253,943,19,963,a1,16,32768,1000,1000
4254,943,24,963,a1,4,16384,1000,1000
4255,944,21,964,a1,2,4096,1000,1000
4256,945,23,965,a1,4,8192,1000,1000
4257,946,20,966,a1,8,16384,1000,1000
4258,947,20,967,a1,16,32768,1000,1000
4259,947,20,967,a1,4,16384,1000,1000
4260,948,24,968,a1,2,4096,1000,1000
4261,949,22,969,a1,4,8192,1000,1000
4262,949,20,969,a1,8,16384,1000,1000
4263,950,20,970,a1,16,32768,1000,1000
4264,950,18,970,a1,4,16384,1000,1000
4265,950,18,970,a1,2,4096,1000,1000
4266,950,21,970,a1,4,8192,1000,1000
4267,950,25,970,a1,8,16384,1000,1000
4268,950,14,970,a1,16,32768,1000,1000
4269,950,23,970,a1,4,16384,1000,1000
4270,950,20,970,a1,2,4096,1000,1000
4271,951,19,971,a1,4,8192,1000,1000
4272,952,17,972,a1,8,16384,1000,1000
4273,953,19,973,a1,16,32768,1000,1000
4274,953,23,973,a1,4,16384,1000,1000
4275,953,16,973,a1,2,4096,1000,1000
4276,953,22,973,a1,4,8192,1000,1000
4277,953,18,973,a1,8,16384,1000,1000
4278,953,17,973,a1,16,32768,1000,1000
4279,953,20,973,a1,4,16384,1000,1000
4280,953,13,973,a1,2,4096,1000,1000
4281,954,19,974,a1,4,8192,1000,1000
4282,955,24,975,a1,8,16384,1000,1000
4283,955,26,975,a1,16,32768,1000,1000
4284,955,19,975,a1,4,16384,1000,1000
4285,955,24,975,a1,2,4096,1000,1000
4286,955,17,975,a1,4,8192,1000,1000
4287,956,16,976,a1,8,16384,1000,1000
4288,957,21,977,a1,16,32768,1000,1000
4289,958,22,978,a1,4,16384,1000,1000
4290,958,18,978,a1,2,4096,1000,1000
4291,958,20,978,a1,4,8192,1000,1000
4292,958,22,978,a1,8,16384,1000,1000
4293,958,25,978,a1,16,32768,1000,1000
4294,958,19,978,a1,4,16384,1000,1000
4295,958,19,978,a1,2,4096,1000,1000
4296,958,23,978,a1,4,8192,1000,1000
4297,958,13,978,a1,8,16384,1000,1000
4298,958,20,978,a1,16,32768,1000,1000
4299,958,13,978,a1,4,16384,1000,1000
4300,958,18,978,a1,2,4096,1000,1000
4301,958,22,978,a1,4,8192,1000,1000
4302,959,24,979,a1,8,16384,1000,1000
4303,959,20,979,a1,16,32768,1000,1000
4304,959,25,979,a1,4,16384,1000,1000
4305,959,20,979,a1,2,4096,1000,1000
4306,959,20,979,a1,4,8192,1000,1000
4307,959,22,979,a1,8,16384,1000,1000
4308,959,21,979,a1,16,32768,1000,1000
4309,959,20,979,a1,4,16384,1000,1000
4310,959,17,979,a1,2,4096,1000,1000
4311,959,21,979,a1,4,8192,1000,1000
4312,959,16,979,a1,8,16384,1000,1000
4313,959,19,979,a1,16,32768,1000,1000
4314,959,20,979,a1,4,16384,1000,1000
4315,960,18,980,a1,2,4096,1000,1000
4316,961,21,981,a1,4,8192,1000,1000
4317,962,17,982,a1,8,16384,1000,1000
4318,962,15,982,a1,16,32768,1000,1000
4319,963,19,983,a1,4,16384,1000,1000
4320,964,24,984,a1,2,4096,1000,1000
4321,965,22,985,a1,4,8192,1000,1000
4322,965,22,985,a1,8,16384,1000,1000
4323,965,21,985,a1,16,32768,1000,1000
4324,965,22,985,a1,4,16384,1000,1000
4325,965,18,985,a1,2,4096,1000,1000
4326,966,18,986,a1,4,8192,1000,1000
4327,966,15,986,a1,8,16384,1000,1000
4328,967,20,987,a1,16,32768,1000,1000
4329,968,19,988,a1,4,16384,1000,1000
4330,969,20,989,a1,2,4096,1000,1000
4331,970,19,990,a1,4,8192,1000,1000
4332,971,24,991,a1,8,16384,1000,1000
4333,971,30,991,a1,16,32768,1000,1000
4334,971,20,991,a1,4,16384,1000,1000
4335,971,18,991,a1,2,4096,1000,1000
4336,971,14,991,a1,4,8192,1000,1000
4337,971,17,991,a1,8,16384,1000,1000
4338,971,24,991,a1,16,32768,1000,1000
4339,971,18,991,a1,4,16384,1000,1000
4340,971,18,991,a1,2,4096,1000,1000
4341,971,18,991,a1,4,8192,1000,1000
4342,971,19,991,a1,8,16384,1000,1000
4343,971,18,991,a1,16,32768,1000,1000
4344,971,13,991,a1,4,16384,1000,1000
4345,971,20,991,a1,2,4096,1000,1000
4346,971,23,991,a1,4,8192,1000,1000
4347,971,19,991,a1,8,16384,1000,1000
4348,971,18,991,a1,16,32768,1000,1000
4349,971,21,991,a1,4,16384,1000,1000
4350,972,18,992,a1,2,4096,1000,1000
4351,973,20,993,a1,4,8192,1000,1000
4352,973,19,993,a1,8,16384,1000,1000
4353,973,24,993,a1,16,32768,1000,1000
4354,973,15,993,a1,4,16384,1000,1000
4355,974,20,994,a1,2,4096,1000,1000
4356,974,22,994,a1,4,8192,1000,1000
4357,974,17,994,a1,8,16384,1000,1000
4358,975,20,995,a1,16,32768,1000,1000
4359,976,22,996,a1,4,16384,1000,1000
4360,976,15,996,a1,2,4096,1000,1000
4361,976,19,996,a1,4,8192,1000,1000
4362,976,16,996,a1,8,16384,1000,1000
4363,976,20,996,a1,16,32768,1000,1000
4364,976,20,996,a1,4,16384,1000,1000
4365,976,19,996,a1,2,4096,1000,1000
4366,976,19,996,a1,4,8192,1000,1000
4367,976,25,996,a1,8,16384,1000,1000
4368,976,18,996,a1,16,32768,1000,1000
4369,976,21,996,a1,4,16384,1000,1000
4370,976,17,996,a1,2,4096,1000,1000
4371,976,18,996,a1,4,8192,1000,1000
4372,976,20,996,a1,8,16384,1000,1000
4373,976,21,996,a1,16,32768,1000,1000
4374,976,18,996,a1,4,16384,1000,1000
4375,976,18,996,a1,2,4096,1000,1000
4376,977,16,997,a1,4,8192,1000,1000
4377,978,19,998,a1,8,16384,1000,1000
4378,978,19,998,a1,16,32768,1000,1000
4379,978,22,998,a1,4,16384,1000,1000
4380,978,19,998,a1,2,4096,1000,1000
4381,978,23,998,a1,4,8192,1000,1000
4382,978,18,998,a1,8,16384,1000,1000
4383,978,14,998,a1,16,32768,1000,1000
4384,978,22,998,a1,4,16384,1000,1000
4385,978,20,998,a1,2,4096,1000,1000
4386,978,21,998,a1,4,8192,1000,1000
4387,978,16,998,a1,8,16384,1000,1000
4388,978,22,998,a1,16,32768,1000,1000
4389,978,14,998,a1,4,16384,1000,1000
4390,978,21,998,a1,2,4096,1000,1000
4391,978,22,998,a1,4,8192,1000,1000
4392,978,24,998,a1,8,16384,1000,1000
4393,978,17,998,a1,16,32768,1000,1000
4394,978,23,998,a1,4,16384,1000,1000
4395,978,19,998,a1,2,4096,1000,1000
4396,979,19,999,a1,4,8192,1000,1000
4397,979,18,999,a1,8,16384,1000,1000
4398,979,24,999,a1,16,32768,1000,1000
4399,980,22,1000,a1,4,16384,1000,1000
4400,980,18,1000,a1,2,4096,1000,1000
4401,980,22,1000,a1,4,8192,1000,1000
4402,980,19,1000,a1,8,16384,1000,1000
4403,980,24,1000,a1,16,32768,1000,1000
4404,980,14,1000,a1,4,16384,1000,1000
4405,981,24,1001,a1,2,4096,1000,1000
4406,982,20,1002,a1,4,8192,1000,1000
4407,982,22,1002,a1,8,16384,1000,1000
4408,982,20,1002,a1,16,32768,1000,1000
4409,983,18,1003,a1,4,16384,1000,1000
4410,984,20,1004,a1,2,4096,1000,1000
4411,985,19,1005,a1,4,8192,1000,1000
4412,986,24,1006,a1,8,16384,1000,1000
4413,987,17,1007,a1,16,32768,1000,1000
4414,988,23,1008,a1,4,16384,1000,1000
4415,989,18,1009,a1,2,4096,1000,1000
4416,989,17,1009,a1,4,8192,1000,1000
4417,989,17,1009,a1,8,16384,1000,1000
4418,989,18,1009,a1,16,32768,1000,1000
4419,989,14,1009,a1,4,16384,1000,1000
4420,989,18,1009,a1,2,4096,1000,1000
4421,989,22,1009,a1,4,8192,1000,1000
4422,989,17,1009,a1,8,16384,1000,1000
4423,989,14,1009,a1,16,32768,1000,1000
4424,989,19,1009,a1,4,16384,1000,1000
4425,990,17,1010,a1,2,4096,1000,1000
4426,991,21,1011,a1,4,8192,1000,1000
4427,991,25,1011,a1,8,16384,1000,1000
4428,991,22,1011,a1,16,32768,1000,1000
4429,991,16,1011,a1,4,16384,1000,1000
4430,991,18,1011,a1,2,4096,1000,1000
4431,992,21,1012,a1,4,8192,1000,1000
4432,993,25,1013,a1,8,16384,1000,1000
4433,993,20,1013,a1,16,32768,1000,1000
4434,993,17,1013,a1,4,16384,1000,1000
4435,993,20,1013,a1,2,4096,1000,1000
4436,994,21,1014,a1,4,8192,1000,1000
4437,994,26,1014,a1,8,16384,1000,1000
4438,994,18,1014,a1,16,32768,1000,1000
4439,994,18,1014,a1,4,16384,1000,1000
4440,994,22,1014,a1,2,4096,1000,1000
4441,994,20,1014,a1,4,8192,1000,1000
4442,994,20,1014,a1,8,16384,1000,1000
4443,995,17,1015,a1,16,32768,1000,1000
4444,996,22,1016,a1,4,16384,1000,1000
4445,997,21,1017,a1,2,4096,1000,1000
4446,998,18,1018,a1,4,8192,1000,1000
4447,998,23,1018,a1,8,16384,1000,1000
4448,998,16,1018,a1,16,32768,1000,1000
4449,998,20,1018,a1,4,16384,1000,1000
4450,998,22,1018,a1,2,4096,1000,1000
4451,998,22,1018,a1,4,8192,1000,1000
4452,998,18,1018,a1,8,16384,1000,1000
4453,998,20,1018,a1,16,32768,1000,1000
4454,998,17,1018,a1,4,16384,1000,1000
4455,998,24,1018,a1,2,4096,1000,1000
4456,998,14,1018,a1,4,8192,1000,1000
4457,998,20,1018,a1,8,16384,1000,1000
4458,998,19,1018,a1,16,32768,1000,1000
4459,998,23,1018,a1,4,16384,1000,1000
4460,999,19,1019,a1,2,4096,1000,1000
4461,1000,19,1020,a1,4,8192,1000,1000
4462,1001,26,1021,a1,8,16384,1000,1000
4463,1001,20,1021,a1,16,32768,1000,1000
4464,1001,18,1021,a1,4,16384,1000,1000
4465,1001,18,1021,a1,2,4096,1000,1000
4466,1001,20,1021,a1,4,8192,1000,1000
4467,1001,22,1021,a1,8,16384,1000,1000
4468,1001,23,1021,a1,16,32768,1000,1000
4469,1001,18,1021,a1,4,16384,1000,1000
4470,1001,13,1021,a1,2,4096,1000,1000
4471,1001,18,1021,a1,4,8192,1000,1000
4472,1002,22,1022,a1,8,16384,1000,1000
4473,1003,22,1023,a1,16,32768,1000,1000
4474,1004,15,1024,a1,4,16384,1000,1000
4475,1004,19,1024,a1,2,4096,1000,1000
4476,1004,23,1024,a1,4,8192,1000,1000
4477,1004,17,1024,a1,8,16384,1000,1000
4478,1004,21,1024,a1,16,32768,1000,1000
4479,1004,20,1024,a1,4,16384,1000,1000
4480,1004,22,1024,a1,2,4096,1000,1000
4481,1004,15,1024,a1,4,8192,1000,1000
4482,1004,19,1024,a1,8,16384,1000,1000
4483,1004,19,1024,a1,16,32768,1000,1000
4484,1005,21,1025,a1,4,16384,1000,1000
4485,1006,18,1026,a1,2,4096,1000,1000
4486,1007,20,1027,a1,4,8192,1000,1000
4487,1007,17,1027,a1,8,16384,1000,1000
4488,1007,18,1027,a1,16,32768,1000,1000
4489,1007,24,1027,a1,4,16384,1000,1000
4490,1007,20,1027,a1,2,4096,1000,1000
4491,1007,26,1027,a1,4,8192,1000,1000
4492,1007,20,1027,a1,8,16384,1000,1000
4493,1007,18,1027,a1,16,32768,1000,1000
4494,1007,20,1027,a1,4,16384,1000,1000
4495,1007,19,1027,a1,2,4096,1000,1000
4496,1008,18,1028,a1,4,8192,1000,1000
4497,1009,12,1029,a1,8,16384,1000,1000
4498,1010,18,1030,a1,16,32768,1000,1000
4499,1011,18,1031,a1,4,16384,1000,1000
4500,1012,14,1032,a1,2,4096,1000,1000
4501,1013,18,1033,a1,4,8192,1000,1000
4502,1014,17,1034,a1,8,16384,1000,1000
4503,1015,23,1035,a1,16,32768,1000,1000
4504,1015,21,1035,a1,4,16384,1000,1000
4505,1015,21,1035,a1,2,4096,1000,1000
4506,1015,19,1035,a1,4,8192,1000,1000
4507,1015,18,1035,a1,8,16384,1000,1000
4508,1015,17,1035,a1,16,32768,1000,1000
4509,1015,20,1035,a1,4,16384,1000,1000
4510,1015,13,1035,a1,2,4096,1000,1000
4511,1015,17,1035,a1,4,8192,1000,1000
4512,1015,22,1035,a1,8,16384,1000,1000
4513,1015,14,1035,a1,16,32768,1000,1000
4514,1015,18,1035,a1,4,16384,1000,1000
4515,1016,21,1036,a1,2,4096,1000,1000
4516,1017,19,1037,a1,4,8192,1000,1000
4517,1018,22,1038,a1,8,16384,1000,1000
4518,1019,25,1039,a1,16,32768,1000,1000
4519,1019,23,1039,a1,4,16384,1000,1000
4520,1019,22,1039,a1,2,4096,1000,1000
4521,1019,18,1039,a1,4,8192,1000,1000
4522,1019,24,1039,a1,8,16384,1000,1000
4523,1019,16,1039,a1,16,32768,1000,1000
4524,1019,19,1039,a1,4,16384,1000,1000
4525,1020,16,1040,a1,2,4096,1000,1000
4526,1020,19,1040,a1,4,8192,1000,1000
4527,1020,21,1040,a1,8,16384,1000,1000
4528,1020,19,1040,a1,16,32768,1000,1000
4529,1020,15,1040,a1,4,16384,1000,1000
4530,1021,20,1041,a1,2,4096,1000,1000
4531,1022,16,1042,a1,4,8192,1000,1000
4532,1022,21,1042,a1,8,16384,1000,1000
4533,1022,20,1042,a1,16,32768,1000,1000
4534,1022,21,1042,a1,4,16384,1000,1000
4535,1022,20,1042,a1,2,4096,1000,1000
4536,1023,18,1043,a1,4,8192,1000,1000
4537,1023,23,1043,a1,8,16384,1000,1000
4538,1023,20,1043,a1,16,32768,1000,1000
4539,1023,23,1043,a1,4,16384,1000,1000
4540,1023,19,1043,a1,2,4096,1000,1000
4541,1023,23,1043,a1,4,8192,1000,1000
4542,1023,15,1043,a1,8,16384,1000,1000
4543,1023,23,1043,a1,16,32768,1000,1000
4544,1023,25,1043,a1,4,16384,1000,1000
4545,1024,17,1044,a1,2,4096,1000,1000
4546,1025,20,1045,a1,4,8192,1000,1000
4547,1026,23,1046,a1,8,16384,1000,1000
4548,1027,22,1047,a1,16,32768,1000,1000
4549,1028,17,1048,a1,4,16384,1000,1000
4550,1028,14,1048,a1,2,4096,1000,1000
4551,1029,20,1049,a1,4,8192,1000,1000
4552,1030,15,1050,a1,8,16384,1000,1000
4553,1030,22,1050,a1,16,32768,1000,1000
4554,1030,20,1050,a1,4,16384,1000,1000
4555,1030,16,1050,a1,2,4096,1000,1000
4556,1030,21,1050,a1,4,8192,1000,1000
4557,1030,21,1050,a1,8,16384,1000,1000
4558,1030,25,1050,a1,16,32768,1000,1000
4559,1030,16,1050,a1,4,16384,1000,1000
4560,1030,16,1050,a1,2,4096,1000,1000
4561,1030,20,1050,a1,4,8192,1000,1000
4562,1030,20,1050,a1,8,16384,1000,1000
4563,1030,21,1050,a1,16,32768,1000,1000
4564,1030,26,1050,a1,4,16384,1000,1000
4565,1030,17,1050,a1,2,4096,1000,1000
4566,1030,20,1050,a1,4,8192,1000,1000
4567,1030,16,1050,a1,8,16384,1000,1000
4568,1031,17,1051,a1,16,32768,1000,1000
4569,1032,18,1052,a1,4,16384,1000,1000
4570,1032,16,1052,a1,2,4096,1000,1000
4571,1032,24,1052,a1,4,8192,1000,1000
4572,1032,12,1052,a1,8,16384,1000,1000
4573,1032,19,1052,a1,16,32768,1000,1000
4574,1032,24,1052,a1,4,16384,1000,1000
4575,1032,17,1052,a1,2,4096,1000,1000
4576,1032,19,1052,a1,4,8192,1000,1000
4577,1032,21,1052,a1,8,16384,1000,1000
4578,1032,21,1052,a1,16,32768,1000,1000
4579,1032,20,1052,a1,4,16384,1000,1000
4580,1032,23,1052,a1,2,4096,1000,1000
4581,1032,22,1052,a1,4,8192,1000,1000
4582,1032,20,1052,a1,8,16384,1000,1000
4583,1032,17,1052,a1,16,32768,1000,1000
4584,1032,21,1052,a1,4,16384,1000,1000
4585,1032,18,1052,a1,2,4096,1000,1000
4586,1032,20,1052,a1,4,8192,1000,1000
4587,1032,23,1052,a1,8,16384,1000,1000
4588,1032,17,1052,a1,16,32768,1000,1000
4589,1032,18,1052,a1,4,16384,1000,1000
4590,1033,19,1053,a1,2,4096,1000,1000
4591,1034,19,1054,a1,4,8192,1000,1000
4592,1034,27,1054,a1,8,16384,1000,1000
4593,1034,17,1054,a1,16,32768,1000,1000
4594,1034,19,1054,a1,4,16384,1000,1000
4595,1034,22,1054,a1,2,4096,1000,1000
4596,1034,16,1054,a1,4,8192,1000,1000
4597,1034,19,1054,a1,8,16384,1000,1000
4598,1034,15,1054,a1,16,32768,1000,1000
4599,1034,20,1054,a1,4,16384,1000,1000
4600,1034,19,1054,a1,2,4096,1000,1000
4601,1034,15,1054,a1,4,8192,1000,1000
4602,1034,24,1054,a1,8,16384,1000,1000
4603,1034,15,1054,a1,16,32768,1000,1000
4604,1034,17,1054,a1,4,16384,1000,1000
4605,1034,16,1054,a1,2,4096,1000,1000
4606,1034,17,1054,a1,4,8192,1000,1000
4607,1034,20,1054,a1,8,16384,1000,1000
4608,1034,21,1054,a1,16,32768,1000,1000
4609,1034,16,1054,a1,4,16384,1000,1000
4610,1034,21,1054,a1,2,4096,1000,1000
4611,1034,18,1054,a1,4,8192,1000,1000
4612,1034,18,1054,a1,8,16384,1000,1000
4613,1034,24,1054,a1,16,32768,1000,1000
4614,1034,25,1054,a1,4,16384,1000,1000
4615,1035,23,1055,a1,2,4096,1000,1000
4616,1036,17,1056,a1,4,8192,1000,1000
4617,1036,16,1056,a1,8,16384,1000,1000
4618,1036,23,1056,a1,16,32768,1000,1000
4619,1036,20,1056,a1,4,16384,1000,1000
4620,1037,27,1057,a1,2,4096,1000,1000
4621,1037,21,1057,a1,4,8192,1000,1000
4622,1037,18,1057,a1,8,16384,1000,1000
4623,1037,20,1057,a1,16,32768,1000,1000
4624,1037,24,1057,a1,4,16384,1000,1000
4625,1037,22,1057,a1,2,4096,1000,1000
4626,1037,19,1057,a1,4,8192,1000,1000
4627,1037,19,1057,a1,8,16384,1000,1000
4628,1037,15,1057,a1,16,32768,1000,1000
4629,1037,21,1057,a1,4,16384,1000,1000
4630,1037,21,1057,a1,2,4096,1000,1000
4631,1037,17,1057,a1,4,8192,1000,1000
4632,1037,16,1057,a1,8,16384,1000,1000
4633,1037,18,1057,a1,16,32768,1000,1000
4634,1037,13,1057,a1,4,16384,1000,1000
4635,1037,15,1057,a1,2,4096,1000,1000
4636,1037,20,1057,a1,4,8192,1000,1000
4637,1037,20,1057,a1,8,16384,1000,1000
4638,1038,19,1058,a1,16,32768,1000,1000
4639,1039,19,1059,a1,4,16384,1000,1000
4640,1040,16,1060,a1,2,4096,1000,1000
4641,1041,18,1061,a1,4,8192,1000,1000
4642,1041,23,1061,a1,8,16384,1000,1000
4643,1041,16,1061,a1,16,32768,1000,1000
4644,1041,16,1061,a1,4,16384,1000,1000
4645,1041,24,1061,a1,2,4096,1000,1000
4646,1041,16,1061,a1,4,8192,1000,1000
4647,1041,23,1061,a1,8,16384,1000,1000
4648,1041,19,1061,a1,16,32768,1000,1000
4649,1041,18,1061,a1,4,16384,1000,1000
4650,1041,22,1061,a1,2,4096,1000,1000
4651,1041,16,1061,a1,4,8192,1000,1000
4652,1041,16,1061,a1,8,16384,1000,1000
4653,1042,20,1062,a1,16,32768,1000,1000
4654,1042,21,1062,a1,4,16384,1000,1000
4655,1042,16,1062,a1,2,4096,1000,1000
4656,1042,23,1062,a1,4,8192,1000,1000
4657,1042,12,1062,a1,8,16384,1000,1000
4658,1042,17,1062,a1,16,32768,1000,1000
4659,1043,16,1063,a1,4,16384,1000,1000
4660,1044,17,1064,a1,2,4096,1000,1000
4661,1044,21,1064,a1,4,8192,1000,1000
4662,1044,18,1064,a1,8,16384,1000,1000
4663,1044,20,1064,a1,16,32768,1000,1000
4664,1044,18,1064,a1,4,16384,1000,1000
4665,1045,19,1065,a1,2,4096,1000,1000
4666,1046,19,1066,a1,4,8192,1000,1000
4667,1046,18,1066,a1,8,16384,1000,1000
4668,1047,21,1067,a1,16,32768,1000,1000
4669,1047,18,1067,a1,4,16384,1000,1000
4670,1047,18,1067,a1,2,4096,1000,1000
4671,1048,21,1068,a1,4,8192,1000,1000
4672,1049,16,1069,a1,8,16384,1000,1000
4673,1050,17,1070,a1,16,32768,1000,1000
4674,1050,17,1070,a1,4,16384,1000,1000
4675,1051,19,1071,a1,2,4096,1000,1000
4676,1051,20,1071,a1,4,8192,1000,1000
4677,1051,18,1071,a1,8,16384,1000,1000
4678,1051,16,1071,a1,16,32768,1000,1000
4679,1051,15,1071,a1,4,16384,1000,1000
4680,1051,16,1071,a1,2,4096,1000,1000
4681,1052,23,1072,a1,4,8192,1000,1000
4682,1053,19,1073,a1,8,16384,1000,1000
4683,1053,21,1073,a1,16,32768,1000,1000
4684,1053,19,1073,a1,4,16384,1000,1000
4685,1053,15,1073,a1,2,4096,1000,1000
4686,1053,20,1073,a1,4,8192,1000,1000
4687,1053,21,1073,a1,8,16384,1000,1000
4688,1053,21,1073,a1,16,32768,1000,1000
4689,1053,15,1073,a1,4,16384,1000,1000
4690,1053,15,1073,a1,2,4096,1000,1000
4691,1054,17,1074,a1,4,8192,1000,1000
4692,1055,23,1075,a1,8,16384,1000,1000
4693,1056,26,1076,a1,16,32768,1000,1000
4694,1056,18,1076,a1,4,16384,1000,1000
4695,1056,21,1076,a1,2,4096,1000,1000
4696,1056,18,1076,a1,4,8192,1000,1000
4697,1056,23,1076,a1,8,16384,1000,1000
4698,1057,17,1077,a1,16,32768,1000,1000
4699,1058,23,1078,a1,4,16384,1000,1000
4700,1058,18,1078,a1,2,4096,1000,1000
4701,1058,27,1078,a1,4,8192,1000,1000
4702,1058,14,1078,a1,8,16384,1000,1000
4703,1058,19,1078,a1,16,32768,1000,1000
4704,1059,22,1079,a1,4,16384,1000,1000
4705,1059,24,1079,a1,2,4096,1000,1000
4706,1059,21,1079,a1,4,8192,1000,1000
4707,1059,21,1079,a1,8,16384,1000,1000
4708,1059,16,1079,a1,16,32768,1000,1000
4709,1059,20,1079,a1,4,16384,1000,1000
4710,1060,22,1080,a1,2,4096,1000,1000
4711,1060,18,1080,a1,4,8192,1000,1000
4712,1060,19,1080,a1,8,16384,1000,1000
4713,1060,15,1080,a1,16,32768,1000,1000
4714,1060,20,1080,a1,4,16384,1000,1000
4715,1060,16,1080,a1,2,4096,1000,1000
4716,1060,17,1080,a1,4,8192,1000,1000
4717,1060,26,1080,a1,8,16384,1000,1000
4718,1060,18,1080,a1,16,32768,1000,1000
4719,1060,17,1080,a1,4,16384,1000,1000
4720,1061,18,1081,a1,2,4096,1000,1000
4721,1061,15,1081,a1,4,8192,1000,1000
4722,1061,18,1081,a1,8,16384,1000,1000
4723,1061,17,1081,a1,16,32768,1000,1000
4724,1061,15,1081,a1,4,16384,1000,1000
4725,1061,19,1081,a1,2,4096,1000,1000
4726,1061,23,1081,a1,4,8192,1000,1000
4727,1061,20,1081,a1,8,16384,1000,1000
4728,1061,22,1081,a1,16,32768,1000,1000
4729,1061,21,1081,a1,4,16384,1000,1000
4730,1061,19,1081,a1,2,4096,1000,1000
4731,1061,18,1081,a1,4,8192,1000,1000
4732,1061,18,1081,a1,8,16384,1000,1000
4733,1061,16,1081,a1,16,32768,1000,1000
4734,1061,20,1081,a1,4,16384,1000,1000
4735,1062,25,1082,a1,2,4096,1000,1000
4736,1063,24,1083,a1,4,8192,1000,1000
4737,1063,21,1083,a1,8,16384,1000,1000
4738,1063,17,1083,a1,16,32768,1000,1000
4739,1064,17,1084,a1,4,16384,1000,1000
4740,1065,21,1085,a1,2,4096,1000,1000
4741,1066,24,1086,a1,4,8192,1000,1000
4742,1067,26,1087,a1,8,16384,1000,1000
4743,1068,16,1088,a1,16,32768,1000,1000
4744,1068,16,1088,a1,4,16384,1000,1000
4745,1069,15,1089,a1,2,4096,1000,1000
4746,1070,19,1090,a1,4,8192,1000,1000
4747,1071,21,1091,a1,8,16384,1000,1000
4748,1072,20,1092,a1,16,32768,1000,1000
4749,1073,18,1093,a1,4,16384,1000,1000
4750,1073,20,1093,a1,2,4096,1000,1000
4751,1073,20,1093,a1,4,8192,1000,1000
4752,1073,18,1093,a1,8,16384,1000,1000
4753,1073,22,1093,a1,16,32768,1000,1000
4754,1073,19,1093,a1,4,16384,1000,1000
4755,1073,21,1093,a1,2,4096,1000,1000
4756,1073,19,1093,a1,4,8192,1000,1000
4757,1073,20,1093,a1,8,16384,1000,1000
4758,1073,18,1093,a1,16,32768,1000,1000
4759,1073,22,1093,a1,4,16384,1000,1000
4760,1073,13,1093,a1,2,4096,1000,1000
4761,1074,24,1094,a1,4,8192,1000,1000
4762,1075,22,1095,a1,8,16384,1000,1000
4763,1076,18,1096,a1,16,32768,1000,1000
4764,1076,18,1096,a1,4,16384,1000,1000
4765,1076,19,1096,a1,2,4096,1000,1000
4766,1077,18,1097,a1,4,8192,1000,1000
4767,1077,20,1097,a1,8,16384,1000,1000
4768,1078,17,1098,a1,16,32768,1000,1000
4769,1078,21,1098,a1,4,16384,1000,1000
4770,1078,21,1098,a1,2,4096,1000,1000
4771,1078,18,1098,a1,4,8192,1000,1000
4772,1078,17,1098,a1,8,16384,1000,1000
4773,1078,21,1098,a1,16,32768,1000,1000
4774,1078,22,1098,a1,4,16384,1000,1000
4775,1078,17,1098,a1,2,4096,1000,1000
4776,1078,17,1098,a1,4,8192,1000,1000
4777,1078,23,1098,a1,8,16384,1000,1000
4778,1078,23,1098,a1,16,32768,1000,1000
4779,1078,12,1098,a1,4,16384,1000,1000
4780,1078,20,1098,a1,2,4096,1000,1000
4781,1079,22,1099,a1,4,8192,1000,1000
4782,1080,22,1100,a1,8,16384,1000,1000
4783,1080,22,1100,a1,16,32768,1000,1000
4784,1080,22,1100,a1,4,16384,1000,1000
4785,1080,14,1100,a1,2,4096,1000,1000
4786,1080,21,1100,a1,4,8192,1000,1000
4787,1080,21,1100,a1,8,16384,1000,1000
4788,1080,23,1100,a1,16,32768,1000,1000
4789,1080,20,1100,a1,4,16384,1000,1000
4790,1080,24,1100,a1,2,4096,1000,1000
4791,1080,18,1100,a1,4,8192,1000,1000
4792,1080,16,1100,a1,8,16384,1000,1000
4793,1081,17,1101,a1,16,32768,1000,1000
4794,1081,14,1101,a1,4,16384,1000,1000
4795,1081,16,1101,a1,2,4096,1000,1000
4796,1081,18,1101,a1,4,8192,1000,1000
4797,1081,19,1101,a1,8,16384,1000,1000
4798,1081,16,1101,a1,16,32768,1000,1000
4799,1081,18,1101,a1,4,16384,1000,1000
4800,1081,16,1101,a1,2,4096,1000,1000
4801,1081,22,1101,a1,4,8192,1000,1000
4802,1081,21,1101,a1,8,16384,1000,1000
4803,1081,20,1101,a1,16,32768,1000,1000
4804,1082,21,1102,a1,4,16384,1000,1000
4805,1083,17,1103,a1,2,4096,1000,1000
4806,1083,22,1103,a1,4,8192,1000,1000
4807,1083,21,1103,a1,8,16384,1000,1000
4808,1083,23,1103,a1,16,32768,1000,1000
4809,1083,21,1103,a1,4,16384,1000,1000
4810,1083,23,1103,a1,2,4096,1000,1000
4811,1083,15,1103,a1,4,8192,1000,1000
4812,1083,20,1103,a1,8,16384,1000,1000
4813,1083,20,1103,a1,16,32768,1000,1000
4814,1083,21,1103,a1,4,16384,1000,1000
4815,1084,22,1104,a1,2,4096,1000,1000
4816,1084,18,1104,a1,4,8192,1000,1000
4817,1084,19,1104,a1,8,16384,1000,1000
4818,1084,16,1104,a1,16,32768,1000,1000
4819,1085,21,1105,a1,4,16384,1000,1000
4820,1085,20,1105,a1,2,4096,1000,1000
4821,1085,20,1105,a1,4,8192,1000,1000
4822,1085,18,1105,a1,8,16384,1000,1000
4823,1085,24,1105,a1,16,32768,1000,1000
4824,1085,22,1105,a1,4,16384,1000,1000
4825,1085,18,1105,a1,2,4096,1000,1000
4826,1085,23,1105,a1,4,8192,1000,1000
4827,1085,21,1105,a1,8,16384,1000,1000
4828,1085,20,1105,a1,16,32768,1000,1000
4829,1086,23,1106,a1,4,16384,1000,1000
4830,1086,17,1106,a1,2,4096,1000,1000
4831,1086,21,1106,a1,4,8192,1000,1000
4832,1086,19,1106,a1,8,16384,1000,1000
4833,1086,21,1106,a1,16,32768,1000,1000
4834,1086,20,1106,a1,4,16384,1000,1000
4835,1086,19,1106,a1,2,4096,1000,1000
4836,1086,18,1106,a1,4,8192,1000,1000
4837,1086,19,1106,a1,8,16384,1000,1000
4838,1086,22,1106,a1,16,32768,1000,1000
4839,1086,22,1106,a1,4,16384,1000,1000
4840,1086,20,1106,a1,2,4096,1000,1000
4841,1086,22,1106,a1,4,8192,1000,1000
4842,1086,19,1106,a1,8,16384,1000,1000
4843,1086,20,1106,a1,16,32768,1000,1000
4844,1086,21,1106,a1,4,16384,1000,1000
4845,1086,20,1106,a1,2,4096,1000,1000
4846,1086,18,1106,a1,4,8192,1000,1000
4847,1086,19,1106,a1,8,16384,1000,1000
4848,1086,22,1106,a1,16,32768,1000,1000
4849,1086,20,1106,a1,4,16384,1000,1000
4850,1086,23,1106,a1,2,4096,1000,1000
4851,1086,17,1106,a1,4,8192,1000,1000
4852,1086,16,1106,a1,8,16384,1000,1000
4853,1086,17,1106,a1,16,32768,1000,1000
4854,1086,20,1106,a1,4,16384,1000,1000
4855,1087,22,1107,a1,2,4096,1000,1000
4856,1087,15,1107,a1,4,8192,1000,1000
4857,1087,18,1107,a1,8,16384,1000,1000
4858,1087,22,1107,a1,16,32768,1000,1000
4859,1087,19,1107,a1,4,16384,1000,1000
4860,1087,16,1107,a1,2,4096,1000,1000
4861,1087,18,1107,a1,4,8192,1000,1000
4862,1087,17,1107,a1,8,16384,1000,1000
4863,1087,19,1107,a1,16,32768,1000,1000
4864,1087,18,1107,a1,4,16384,1000,1000
4865,1087,19,1107,a1,2,4096,1000,1000
4866,1088,21,1108,a1,4,8192,1000,1000
4867,1088,22,1108,a1,8,16384,1000,1000
4868,1088,22,1108,a1,16,32768,1000,1000
4869,1088,15,1108,a1,4,16384,1000,1000
4870,1088,17,1108,a1,2,4096,1000,1000
4871,1088,14,1108,a1,4,8192,1000,1000
4872,1088,16,1108,a1,8,16384,1000,1000
4873,1089,25,1109,a1,16,32768,1000,1000
4874,1089,20,1109,a1,4,16384,1000,1000
4875,1089,20,1109,a1,2,4096,1000,1000
4876,1089,21,1109,a1,4,8192,1000,1000
4877,1089,20,1109,a1,8,16384,1000,1000
4878,1089,10,1109,a1,16,32768,1000,1000
4879,1089,19,1109,a1,4,16384,1000,1000
4880,1089,22,1109,a1,2,4096,1000,1000
4881,1089,19,1109,a1,4,8192,1000,1000
4882,1089,17,1109,a1,8,16384,1000,1000
4883,1089,24,1109,a1,16,32768,1000,1000
4884,1090,24,1110,a1,4,16384,1000,1000
4885,1090,15,1110,a1,2,4096,1000,1000
4886,1090,24,1110,a1,4,8192,1000,1000
4887,1090,26,1110,a1,8,16384,1000,1000
4888,1090,17,1110,a1,16,32768,1000,1000
4889,1090,20,1110,a1,4,16384,1000,1000
4890,1091,20,1111,a1,2,4096,1000,1000
4891,1091,22,1111,a1,4,8192,1000,1000
4892,1092,22,1112,a1,8,16384,1000,1000
4893,1092,23,1112,a1,16,32768,1000,1000
4894,1092,16,1112,a1,4,16384,1000,1000
4895,1092,18,1112,a1,2,4096,1000,1000
4896,1092,18,1112,a1,4,8192,1000,1000
4897,1092,15,1112,a1,8,16384,1000,1000
4898,1092,21,1112,a1,16,32768,1000,1000
4899,1092,23,1112,a1,4,16384,1000,1000
4900,1092,16,1112,a1,2,4096,1000,1000
4901,1092,19,1112,a1,4,8192,1000,1000
4902,1092,20,1112,a1,8,16384,1000,1000
4903,1092,17,1112,a1,16,32768,1000,1000
4904,1092,20,1112,a1,4,16384,1000,1000
4905,1092,19,1112,a1,2,4096,1000,1000
4906,1092,21,1112,a1,4,8192,1000,1000
4907,1092,22,1112,a1,8,16384,1000,1000
4908,1092,20,1112,a1,16,32768,1000,1000
4909,1092,23,1112,a1,4,16384,1000,1000
4910,1092,22,1112,a1,2,4096,1000,1000
4911,1092,25,1112,a1,4,8192,1000,1000
4912,1092,15,1112,a1,8,16384,1000,1000
4913,1092,18,1112,a1,16,32768,1000,1000
4914,1092,21,1112,a1,4,16384,1000,1000
4915,1093,16,1113,a1,2,4096,1000,1000
4916,1093,21,1113,a1,4,8192,1000,1000
4917,1093,17,1113,a1,8,16384,1000,1000
4918,1093,23,1113,a1,16,32768,1000,1000
4919,1093,20,1113,a1,4,16384,1000,1000
4920,1093,20,1113,a1,2,4096,1000,1000
4921,1093,16,1113,a1,4,8192,1000,1000
4922,1093,14,1113,a1,8,16384,1000,1000
4923,1093,21,1113,a1,16,32768,1000,1000
4924,1093,16,1113,a1,4,16384,1000,1000
4925,1093,20,1113,a1,2,4096,1000,1000
4926,1093,19,1113,a1,4,8192,1000,1000
4927,1093,21,1113,a1,8,16384,1000,1000
4928,1093,13,1113,a1,16,32768,1000,1000
4929,1094,19,1114,a1,4,16384,1000,1000
4930,1094,19,1114,a1,2,4096,1000,1000
4931,1094,17,1114,a1,4,8192,1000,1000
4932,1094,17,1114,a1,8,16384,1000,1000
4933,1094,21,1114,a1,16,32768,1000,1000
4934,1094,18,1114,a1,4,16384,1000,1000
4935,1094,21,1114,a1,2,4096,1000,1000
4936,1095,16,1115,a1,4,8192,1000,1000
4937,1095,21,1115,a1,8,16384,1000,1000
4938,1096,19,1116,a1,16,32768,1000,1000
4939,1097,20,1117,a1,4,16384,1000,1000
4940,1098,27,1118,a1,2,4096,1000,1000
4941,1099,22,1119,a1,4,8192,1000,1000
4942,1100,21,1120,a1,8,16384,1000,1000
4943,1101,23,1121,a1,16,32768,1000,1000
4944,1102,19,1122,a1,4,16384,1000,1000
4945,1102,23,1122,a1,2,4096,1000,1000
4946,1102,18,1122,a1,4,8192,1000,1000
4947,1102,16,1122,a1,8,16384,1000,1000
4948,1102,24,1122,a1,16,32768,1000,1000
4949,1102,21,1122,a1,4,16384,1000,1000
4950,1102,24,1122,a1,2,4096,1000,1000
4951,1102,17,1122,a1,4,8192,1000,1000
4952,1102,22,1122,a1,8,16384,1000,1000
4953,1102,19,1122,a1,16,32768,1000,1000
4954,1103,19,1123,a1,4,16384,1000,1000
4955,1103,19,1123,a1,2,4096,1000,1000
4956,1103,19,1123,a1,4,8192,1000,1000
4957,1103,12,1123,a1,8,16384,1000,1000
4958,1103,14,1123,a1,16,32768,1000,1000
4959,1103,19,1123,a1,4,16384,1000,1000
4960,1103,23,1123,a1,2,4096,1000,1000
4961,1103,15,1123,a1,4,8192,1000,1000
4962,1104,16,1124,a1,8,16384,1000,1000
4963,1105,21,1125,a1,16,32768,1000,1000
4964,1106,19,1126,a1,4,16384,1000,1000
4965,1107,23,1127,a1,2,4096,1000,1000
4966,1107,21,1127,a1,4,8192,1000,1000
4967,1107,16,1127,a1,8,16384,1000,1000
4968,1107,14,1127,a1,16,32768,1000,1000
4969,1108,20,1128,a1,4,16384,1000,1000
4970,1108,25,1128,a1,2,4096,1000,1000
4971,1108,20,1128,a1,4,8192,1000,1000
4972,1108,23,1128,a1,8,16384,1000,1000
4973,1108,20,1128,a1,16,32768,1000,1000
4974,1108,19,1128,a1,4,16384,1000,1000
4975,1108,20,1128,a1,2,4096,1000,1000
4976,1108,16,1128,a1,4,8192,1000,1000
4977,1108,20,1128,a1,8,16384,1000,1000
4978,1108,19,1128,a1,16,32768,1000,1000
4979,1108,20,1128,a1,4,16384,1000,1000
4980,1108,24,1128,a1,2,4096,1000,1000
4981,1108,18,1128,a1,4,8192,1000,1000
4982,1108,22,1128,a1,8,16384,1000,1000
4983,1108,18,1128,a1,16,32768,1000,1000
4984,1108,18,1128,a1,4,16384,1000,1000
4985,1109,19,1129,a1,2,4096,1000,1000
4986,1110,21,1130,a1,4,8192,1000,1000
4987,1110,18,1130,a1,8,16384,1000,1000
4988,1110,21,1130,a1,16,32768,1000,1000
4989,1110,18,1130,a1,4,16384,1000,1000
4990,1111,20,1131,a1,2,4096,1000,1000
4991,1112,15,1132,a1,4,8192,1000,1000
4992,1113,22,1133,a1,8,16384,1000,1000
4993,1114,20,1134,a1,16,32768,1000,1000
4994,1114,19,1134,a1,4,16384,1000,1000
4995,1114,18,1134,a1,2,4096,1000,1000
4996,1115,24,1135,a1,4,8192,1000,1000
4997,1115,20,1135,a1,8,16384,1000,1000
4998,1115,14,1135,a1,16,32768,1000,1000
4999,1115,14,1135,a1,4,16384,1000,1000
5000,1115,23,1135,a1,2,4096,1000,1000
5001,1115,20,1135,a1,4,8192,1000,1000
5002,1115,21,1135,a1,8,16384,1000,1000
5003,1116,20,1136,a1,16,32768,1000,1000
5004,1116,21,1136,a1,4,16384,1000,1000
5005,1116,18,1136,a1,2,4096,1000,1000
5006,1116,20,1136,a1,4,8192,1000,1000
5007,1117,17,1137,a1,8,16384,1000,1000
5008,1117,15,1137,a1,16,32768,1000,1000
5009,1117,22,1137,a1,4,16384,1000,1000
5010,1117,16,1137,a1,2,4096,1000,1000
5011,1117,21,1137,a1,4,8192,1000,1000
5012,1117,18,1137,a1,8,16384,1000,1000
5013,1117,18,1137,a1,16,32768,1000,1000
5014,1117,18,1137,a1,4,16384,1000,1000
5015,1117,14,1137,a1,2,4096,1000,1000
5016,1117,19,1137,a1,4,8192,1000,1000
5017,1117,18,1137,a1,8,16384,1000,1000
5018,1117,21,1137,a1,16,32768,1000,1000
5019,1117,17,1137,a1,4,16384,1000,1000
5020,1117,22,1137,a1,2,4096,1000,1000
5021,1117,23,1137,a1,4,8192,1000,1000
5022,1117,22,1137,a1,8,16384,1000,1000
5023,1117,17,1137,a1,16,32768,1000,1000
5024,1117,21,1137,a1,4,16384,1000,1000
5025,1117,21,1137,a1,2,4096,1000,1000
5026,1117,19,1137,a1,4,8192,1000,1000
5027,1117,17,1137,a1,8,16384,1000,1000
5028,1118,20,1138,a1,16,32768,1000,1000
5029,1119,18,1139,a1,4,16384,1000,1000
5030,1120,22,1140,a1,2,4096,1000,1000
5031,1120,18,1140,a1,4,8192,1000,1000
5032,1121,24,1141,a1,8,16384,1000,1000
5033,1121,20,1141,a1,16,32768,1000,1000
5034,1121,20,1141,a1,4,16384,1000,1000
5035,1121,22,1141,a1,2,4096,1000,1000
5036,1121,19,1141,a1,4,8192,1000,1000
5037,1121,19,1141,a1,8,16384,1000,1000
5038,1121,18,1141,a1,16,32768,1000,1000
5039,1121,21,1141,a1,4,16384,1000,1000
5040,1121,16,1141,a1,2,4096,1000,1000
5041,1121,23,1141,a1,4,8192,1000,1000
5042,1121,23,1141,a1,8,16384,1000,1000
5043,1121,13,1141,a1,16,32768,1000,1000
5044,1121,22,1141,a1,4,16384,1000,1000
5045,1121,23,1141,a1,2,4096,1000,1000
5046,1121,21,1141,a1,4,8192,1000,1000
5047,1121,17,1141,a1,8,16384,1000,1000
5048,1122,16,1142,a1,16,32768,1000,1000
5049,1123,17,1143,a1,4,16384,1000,1000
5050,1124,23,1144,a1,2,4096,1000,1000
5051,1125,13,1145,a1,4,8192,1000,1000
5052,1125,24,1145,a1,8,16384,1000,1000
5053,1125,24,1145,a1,16,32768,1000,1000
5054,1125,20,1145,a1,4,16384,1000,1000
5055,1125,19,1145,a1,2,4096,1000,1000
5056,1125,20,1145,a1,4,8192,1000,1000
5057,1125,25,1145,a1,8,16384,1000,1000
5058,1125,19,1145,a1,16,32768,1000,1000
5059,1125,21,1145,a1,4,16384,1000,1000
5060,1125,16,1145,a1,2,4096,1000,1000
5061,1126,16,1146,a1,4,8192,1000,1000
5062,1127,25,1147,a1,8,16384,1000,1000
5063,1128,20,1148,a1,16,32768,1000,1000
5064,1129,21,1149,a1,4,16384,1000,1000
5065,1129,18,1149,a1,2,4096,1000,1000
5066,1129,22,1149,a1,4,8192,1000,1000
5067,1129,18,1149,a1,8,16384,1000,1000
5068,1130,18,1150,a1,16,32768,1000,1000
5069,1131,21,1151,a1,4,16384,1000,1000
5070,1131,16,1151,a1,2,4096,1000,1000
5071,1131,19,1151,a1,4,8192,1000,1000
5072,1131,17,1151,a1,8,16384,1000,1000
5073,1132,20,1152,a1,16,32768,1000,1000
5074,1132,20,1152,a1,4,16384,1000,1000
5075,1132,25,1152,a1,2,4096,1000,1000
5076,1132,21,1152,a1,4,8192,1000,1000
5077,1132,21,1152,a1,8,16384,1000,1000
5078,1132,15,1152,a1,16,32768,1000,1000
5079,1132,17,1152,a1,4,16384,1000,1000
5080,1132,22,1152,a1,2,4096,1000,1000
5081,1133,16,1153,a1,4,8192,1000,1000
5082,1133,20,1153,a1,8,16384,1000,1000
5083,1133,19,1153,a1,16,32768,1000,1000
5084,1133,20,1153,a1,4,16384,1000,1000
5085,1133,22,1153,a1,2,4096,1000,1000
5086,1133,22,1153,a1,4,8192,1000,1000
5087,1133,21,1153,a1,8,16384,1000,1000
5088,1133,23,1153,a1,16,32768,1000,1000
5089,1133,19,1153,a1,4,16384,1000,1000
5090,1133,19,1153,a1,2,4096,1000,1000
5091,1134,22,1154,a1,4,8192,1000,1000
5092,1135,20,1155,a1,8,16384,1000,1000
5093,1135,19,1155,a1,16,32768,1000,1000
5094,1135,21,1155,a1,4,16384,1000,1000
5095,1135,20,1155,a1,2,4096,1000,1000
5096,1135,16,1155,a1,4,8192,1000,1000
5097,1136,18,1156,a1,8,16384,1000,1000
5098,1137,19,1157,a1,16,32768,1000,1000
5099,1138,14,1158,a1,4,16384,1000,1000
5100,1139,19,1159,a1,2,4096,1000,1000
5101,1139,18,1159,a1,4,8192,1000,1000
5102,1139,19,1159,a1,8,16384,1000,1000
5103,1139,17,1159,a1,16,32768,1000,1000
5104,1139,21,1159,a1,4,16384,1000,1000
5105,1139,18,1159,a1,2,4096,1000,1000
5106,1140,21,1160,a1,4,8192,1000,1000
5107,1141,19,1161,a1,8,16384,1000,1000
5108,1142,18,1162,a1,16,32768,1000,1000
5109,1142,22,1162,a1,4,16384,1000,1000
5110,1142,17,1162,a1,2,4096,1000,1000
5111,1142,22,1162,a1,4,8192,1000,1000
5112,1142,18,1162,a1,8,16384,1000,1000
5113,1142,26,1162,a1,16,32768,1000,1000
5114,1142,15,1162,a1,4,16384,1000,1000
5115,1143,17,1163,a1,2,4096,1000,1000
5116,1143,21,1163,a1,4,8192,1000,1000
5117,1143,18,1163,a1,8,16384,1000,1000
5118,1143,24,1163,a1,16,32768,1000,1000
5119,1143,20,1163,a1,4,16384,1000,1000
5120,1143,19,1163,a1,2,4096,1000,1000
5121,1143,19,1163,a1,4,8192,1000,1000
5122,1143,21,1163,a1,8,16384,1000,1000
5123,1143,21,1163,a1,16,32768,1000,1000
5124,1143,20,1163,a1,4,16384,1000,1000
5125,1143,19,1163,a1,2,4096,1000,1000
5126,1143,26,1163,a1,4,8192,1000,1000
5127,1143,22,1163,a1,8,16384,1000,1000
5128,1143,22,1163,a1,16,32768,1000,1000
5129,1143,18,1163,a1,4,16384,1000,1000
5130,1143,15,1163,a1,2,4096,1000,1000
5131,1144,20,1164,a1,4,8192,1000,1000
5132,1145,19,1165,a1,8,16384,1000,1000
5133,1145,14,1165,a1,16,32768,1000,1000
5134,1145,21,1165,a1,4,16384,1000,1000
5135,1145,18,1165,a1,2,4096,1000,1000
5136,1146,21,1166,a1,4,8192,1000,1000
5137,1146,21,1166,a1,8,16384,1000,1000
5138,1146,18,1166,a1,16,32768,1000,1000
5139,1146,16,1166,a1,4,16384,1000,1000
5140,1146,15,1166,a1,2,4096,1000,1000
5141,1146,14,1166,a1,4,8192,1000,1000
5142,1146,18,1166,a1,8,16384,1000,1000
5143,1146,21,1166,a1,16,32768,1000,1000
5144,1146,16,1166,a1,4,16384,1000,1000
5145,1146,19,1166,a1,2,4096,1000,1000
5146,1146,13,1166,a1,4,8192,1000,1000
5147,1146,20,1166,a1,8,16384,1000,1000
5148,1146,21,1166,a1,16,32768,1000,1000
5149,1146,20,1166,a1,4,16384,1000,1000
5150,1146,20,1166,a1,2,4096,1000,1000
5151,1146,18,1166,a1,4,8192,1000,1000
5152,1146,19,1166,a1,8,16384,1000,1000
5153,1146,23,1166,a1,16,32768,1000,1000
5154,1146,22,1166,a1,4,16384,1000,1000
5155,1147,17,1167,a1,2,4096,1000,1000
5156,1148,22,1168,a1,4,8192,1000,1000
5157,1148,20,1168,a1,8,16384,1000,1000
5158,1148,20,1168,a1,16,32768,1000,1000
5159,1148,17,1168,a1,4,16384,1000,1000
5160,1148,23,1168,a1,2,4096,1000,1000
5161,1148,17,1168,a1,4,8192,1000,1000
5162,1148,23,1168,a1,8,16384,1000,1000
5163,1148,26,1168,a1,16,32768,1000,1000
5164,1148,22,1168,a1,4,16384,1000,1000
5165,1148,14,1168,a1,2,4096,1000,1000
5166,1148,22,1168,a1,4,8192,1000,1000
5167,1148,14,1168,a1,8,16384,1000,1000
5168,1148,23,1168,a1,16,32768,1000,1000
5169,1148,22,1168,a1,4,16384,1000,1000
5170,1149,15,1169,a1,2,4096,1000,1000
5171,1149,23,1169,a1,4,8192,1000,1000
5172,1149,18,1169,a1,8,16384,1000,1000
5173,1149,22,1169,a1,16,32768,1000,1000
5174,1149,20,1169,a1,4,16384,1000,1000
5175,1149,16,1169,a1,2,4096,1000,1000
5176,1149,20,1169,a1,4,8192,1000,1000
5177,1149,18,1169,a1,8,16384,1000,1000
5178,1150,24,1170,a1,16,32768,1000,1000
5179,1150,23,1170,a1,4,16384,1000,1000
5180,1150,23,1170,a1,2,4096,1000,1000
5181,1150,21,1170,a1,4,8192,1000,1000
5182,1150,22,1170,a1,8,16384,1000,1000
5183,1150,26,1170,a1,16,32768,1000,1000
5184,1150,22,1170,a1,4,16384,1000,1000
5185,1150,19,1170,a1,2,4096,1000,1000
5186,1150,23,1170,a1,4,8192,1000,1000
5187,1150,16,1170,a1,8,16384,1000,1000
5188,1150,17,1170,a1,16,32768,1000,1000
5189,1150,25,1170,a1,4,16384,1000,1000
5190,1150,21,1170,a1,2,4096,1000,1000
5191,1150,18,1170,a1,4,8192,1000,1000
5192,1150,20,1170,a1,8,16384,1000,1000
5193,1151,19,1171,a1,16,32768,1000,1000
5194,1151,18,1171,a1,4,16384,1000,1000
5195,1151,18,1171,a1,2,4096,1000,1000
5196,1151,18,1171,a1,4,8192,1000,1000
5197,1152,20,1172,a1,8,16384,1000,1000
5198,1152,20,1172,a1,16,32768,1000,1000
5199,1152,22,1172,a1,4,16384,1000,1000
5200,1152,19,1172,a1,2,4096,1000,1000
5201,1152,18,1172,a1,4,8192,1000,1000
5202,1152,21,1172,a1,8,16384,1000,1000
5203,1152,20,1172,a1,16,32768,1000,1000
5204,1152,17,1172,a1,4,16384,1000,1000
5205,1152,18,1172,a1,2,4096,1000,1000
5206,1152,20,1172,a1,4,8192,1000,1000
5207,1152,19,1172,a1,8,16384,1000,1000
5208,1152,14,1172,a1,16,32768,1000,1000
5209,1152,20,1172,a1,4,16384,1000,1000
5210,1152,22,1172,a1,2,4096,1000,1000
5211,1152,19,1172,a1,4,8192,1000,1000
5212,1152,19,1172,a1,8,16384,1000,1000
5213,1153,22,1173,a1,16,32768,1000,1000
5214,1154,24,1174,a1,4,16384,1000,1000
5215,1155,21,1175,a1,2,4096,1000,1000
5216,1155,18,1175,a1,4,8192,1000,1000
5217,1155,16,1175,a1,8,16384,1000,1000
5218,1155,19,1175,a1,16,32768,1000,1000
5219,1155,15,1175,a1,4,16384,1000,1000
5220,1156,27,1176,a1,2,4096,1000,1000
5221,1156,23,1176,a1,4,8192,1000,1000
5222,1156,15,1176,a1,8,16384,1000,1000
5223,1156,20,1176,a1,16,32768,1000,1000
5224,1157,17,1177,a1,4,16384,1000,1000
5225,1158,19,1178,a1,2,4096,1000,1000
5226,1159,24,1179,a1,4,8192,1000,1000
5227,1159,23,1179,a1,8,16384,1000,1000
5228,1159,19,1179,a1,16,32768,1000,1000
5229,1159,20,1179,a1,4,16384,1000,1000
5230,1159,20,1179,a1,2,4096,1000,1000
5231,1160,21,1180,a1,4,8192,1000,1000
5232,1161,22,1181,a1,8,16384,1000,1000
5233,1161,21,1181,a1,16,32768,1000,1000
5234,1161,23,1181,a1,4,16384,1000,1000
5235,1161,21,1181,a1,2,4096,1000,1000
5236,1162,24,1182,a1,4,8192,1000,1000
5237,1162,12,1182,a1,8,16384,1000,1000
5238,1162,21,1182,a1,16,32768,1000,1000
5239,1162,23,1182,a1,4,16384,1000,1000
5240,1162,22,1182,a1,2,4096,1000,1000
5241,1162,19,1182,a1,4,8192,1000,1000
5242,1163,21,1183,a1,8,16384,1000,1000
5243,1163,18,1183,a1,16,32768,1000,1000
5244,1163,22,1183,a1,4,16384,1000,1000
5245,1163,17,1183,a1,2,4096,1000,1000
5246,1163,19,1183,a1,4,8192,1000,1000
5247,1163,16,1183,a1,8,16384,1000,1000
5248,1163,19,1183,a1,16,32768,1000,1000
5249,1163,18,1183,a1,4,16384,1000,1000
5250,1163,18,1183,a1,2,4096,1000,1000
5251,1163,23,1183,a1,4,8192,1000,1000
5252,1163,14,1183,a1,8,16384,1000,1000
5253,1163,20,1183,a1,16,32768,1000,1000
5254,1163,20,1183,a1,4,16384,1000,1000
5255,1163,21,1183,a1,2,4096,1000,1000
5256,1163,20,1183,a1,4,8192,1000,1000
5257,1163,19,1183,a1,8,16384,1000,1000
5258,1164,18,1184,a1,16,32768,1000,1000
5259,1165,22,1185,a1,4,16384,1000,1000
5260,1165,24,1185,a1,2,4096,1000,1000
5261,1165,17,1185,a1,4,8192,1000,1000
5262,1165,19,1185,a1,8,16384,1000,1000
5263,1165,17,1185,a1,16,32768,1000,1000
5264,1165,17,1185,a1,4,16384,1000,1000
5265,1165,19,1185,a1,2,4096,1000,1000
5266,1165,17,1185,a1,4,8192,1000,1000
5267,1165,21,1185,a1,8,16384,1000,1000
5268,1165,16,1185,a1,16,32768,1000,1000
5269,1165,23,1185,a1,4,16384,1000,1000
5270,1165,17,1185,a1,2,4096,1000,1000
5271,1165,18,1185,a1,4,8192,1000,1000
5272,1165,20,1185,a1,8,16384,1000,1000
5273,1165,22,1185,a1,16,32768,1000,1000
5274,1165,17,1185,a1,4,16384,1000,1000
5275,1166,19,1186,a1,2,4096,1000,1000
5276,1167,23,1187,a1,4,8192,1000,1000
5277,1168,18,1188,a1,8,16384,1000,1000
5278,1169,24,1189,a1,16,32768,1000,1000
5279,1170,20,1190,a1,4,16384,1000,1000
5280,1170,19,1190,a1,2,4096,1000,1000
5281,1170,23,1190,a1,4,8192,1000,1000
5282,1170,16,1190,a1,8,16384,1000,1000
5283,1170,20,1190,a1,16,32768,1000,1000
5284,1170,16,1190,a1,4,16384,1000,1000
5285,1170,19,1190,a1,2,4096,1000,1000
5286,1170,19,1190,a1,4,8192,1000,1000
5287,1170,17,1190,a1,8,16384,1000,1000
5288,1170,18,1190,a1,16,32768,1000,1000
5289,1170,20,1190,a1,4,16384,1000,1000
5290,1170,17,1190,a1,2,4096,1000,1000
5291,1170,20,1190,a1,4,8192,1000,1000
5292,1170,14,1190,a1,8,16384,1000,1000
5293,1170,17,1190,a1,16,32768,1000,1000
5294,1170,19,1190,a1,4,16384,1000,1000
5295,1170,17,1190,a1,2,4096,1000,1000
5296,1171,20,1191,a1,4,8192,1000,1000
5297,1172,17,1192,a1,8,16384,1000,1000
5298,1172,15,1192,a1,16,32768,1000,1000
5299,1172,20,1192,a1,4,16384,1000,1000
5300,1172,17,1192,a1,2,4096,1000,1000
5301,1172,18,1192,a1,4,8192,1000,1000
5302,1172,21,1192,a1,8,16384,1000,1000
5303,1172,16,1192,a1,16,32768,1000,1000
5304,1173,18,1193,a1,4,16384,1000,1000
5305,1173,20,1193,a1,2,4096,1000,1000
5306,1173,23,1193,a1,4,8192,1000,1000
5307,1173,18,1193,a1,8,16384,1000,1000
5308,1173,24,1193,a1,16,32768,1000,1000
5309,1173,23,1193,a1,4,16384,1000,1000
5310,1173,17,1193,a1,2,4096,1000,1000
5311,1173,24,1193,a1,4,8192,1000,1000
5312,1173,18,1193,a1,8,16384,1000,1000
5313,1173,20,1193,a1,16,32768,1000,1000
5314,1174,20,1194,a1,4,16384,1000,1000
5315,1175,25,1195,a1,2,4096,1000,1000
5316,1175,27,1195,a1,4,8192,1000,1000
5317,1175,20,1195,a1,8,16384,1000,1000
5318,1175,24,1195,a1,16,32768,1000,1000
5319,1175,17,1195,a1,4,16384,1000,1000
5320,1175,23,1195,a1,2,4096,1000,1000
5321,1175,18,1195,a1,4,8192,1000,1000
5322,1175,19,1195,a1,8,16384,1000,1000
5323,1175,20,1195,a1,16,32768,1000,1000
5324,1175,18,1195,a1,4,16384,1000,1000
5325,1175,13,1195,a1,2,4096,1000,1000
5326,1175,23,1195,a1,4,8192,1000,1000
5327,1175,18,1195,a1,8,16384,1000,1000
5328,1175,21,1195,a1,16,32768,1000,1000
5329,1175,22,1195,a1,4,16384,1000,1000
5330,1175,19,1195,a1,2,4096,1000,1000
5331,1175,23,1195,a1,4,8192,1000,1000
5332,1175,22,1195,a1,8,16384,1000,1000
5333,1176,22,1196,a1,16,32768,1000,1000
5334,1176,22,1196,a1,4,16384,1000,1000
5335,1176,24,1196,a1,2,4096,1000,1000
5336,1176,18,1196,a1,4,8192,1000,1000
5337,1176,27,1196,a1,8,16384,1000,1000
5338,1176,23,1196,a1,16,32768,1000,1000
5339,1176,16,1196,a1,4,16384,1000,1000
5340,1176,25,1196,a1,2,4096,1000,1000
5341,1176,15,1196,a1,4,8192,1000,1000
5342,1176,22,1196,a1,8,16384,1000,1000
5343,1176,27,1196,a1,16,32768,1000,1000
5344,1177,19,1197,a1,4,16384,1000,1000
5345,1178,23,1198,a1,2,4096,1000,1000
5346,1178,23,1198,a1,4,8192,1000,1000
5347,1178,21,1198,a1,8,16384,1000,1000
5348,1178,18,1198,a1,16,32768,1000,1000
5349,1178,25,1198,a1,4,16384,1000,1000
5350,1178,23,1198,a1,2,4096,1000,1000
5351,1178,19,1198,a1,4,8192,1000,1000
5352,1178,24,1198,a1,8,16384,1000,1000
5353,1179,22,1199,a1,16,32768,1000,1000
5354,1180,17,1200,a1,4,16384,1000,1000
5355,1180,19,1200,a1,2,4096,1000,1000
5356,1180,21,1200,a1,4,8192,1000,1000
5357,1180,18,1200,a1,8,16384,1000,1000
5358,1180,20,1200,a1,16,32768,1000,1000
5359,1180,20,1200,a1,4,16384,1000,1000
5360,1180,14,1200,a1,2,4096,1000,1000
5361,1180,23,1200,a1,4,8192,1000,1000
5362,1180,19,1200,a1,8,16384,1000,1000
5363,1180,21,1200,a1,16,32768,1000,1000
5364,1180,19,1200,a1,4,16384,1000,1000
5365,1181,21,1201,a1,2,4096,1000,1000
5366,1181,14,1201,a1,4,8192,1000,1000
5367,1181,24,1201,a1,8,16384,1000,1000
5368,1181,21,1201,a1,16,32768,1000,1000
5369,1181,21,1201,a1,4,16384,1000,1000
5370,1181,24,1201,a1,2,4096,1000,1000
5371,1181,22,1201,a1,4,8192,1000,1000
5372,1181,21,1201,a1,8,16384,1000,1000
5373,1181,20,1201,a1,16,32768,1000,1000
5374,1182,15,1202,a1,4,16384,1000,1000
5375,1182,19,1202,a1,2,4096,1000,1000
5376,1182,14,1202,a1,4,8192,1000,1000
5377,1182,21,1202,a1,8,16384,1000,1000
5378,1182,20,1202,a1,16,32768,1000,1000
5379,1182,25,1202,a1,4,16384,1000,1000
5380,1182,19,1202,a1,2,4096,1000,1000
5381,1182,16,1202,a1,4,8192,1000,1000
5382,1182,18,1202,a1,8,16384,1000,1000
5383,1182,20,1202,a1,16,32768,1000,1000
5384,1182,14,1202,a1,4,16384,1000,1000
5385,1182,18,1202,a1,2,4096,1000,1000
5386,1182,21,1202,a1,4,8192,1000,1000
5387,1182,10,1202,a1,8,16384,1000,1000
5388,1182,22,1202,a1,16,32768,1000,1000
5389,1182,22,1202,a1,4,16384,1000,1000
5390,1182,16,1202,a1,2,4096,1000,1000
5391,1183,19,1203,a1,4,8192,1000,1000
5392,1183,20,1203,a1,8,16384,1000,1000
5393,1183,19,1203,a1,16,32768,1000,1000
5394,1183,19,1203,a1,4,16384,1000,1000
5395,1183,19,1203,a1,2,4096,1000,1000
5396,1183,24,1203,a1,4,8192,1000,1000
5397,1183,17,1203,a1,8,16384,1000,1000
5398,1183,19,1203,a1,16,32768,1000,1000
5399,1183,22,1203,a1,4,16384,1000,1000
5400,1183,21,1203,a1,2,4096,1000,1000
5401,1183,20,1203,a1,4,8192,1000,1000
5402,1184,19,1204,a1,8,16384,1000,1000
5403,1185,17,1205,a1,16,32768,1000,1000
5404,1185,20,1205,a1,4,16384,1000,1000
5405,1185,21,1205,a1,2,4096,1000,1000
5406,1185,23,1205,a1,4,8192,1000,1000
5407,1185,21,1205,a1,8,16384,1000,1000
5408,1185,17,1205,a1,16,32768,1000,1000
5409,1185,16,1205,a1,4,16384,1000,1000
5410,1185,24,1205,a1,2,4096,1000,1000
5411,1185,19,1205,a1,4,8192,1000,1000
5412,1185,22,1205,a1,8,16384,1000,1000
5413,1185,20,1205,a1,16,32768,1000,1000
5414,1185,23,1205,a1,4,16384,1000,1000
5415,1186,17,1206,a1,2,4096,1000,1000
5416,1186,21,1206,a1,4,8192,1000,1000
5417,1186,13,1206,a1,8,16384,1000,1000
5418,1186,21,1206,a1,16,32768,1000,1000
5419,1186,19,1206,a1,4,16384,1000,1000
5420,1186,14,1206,a1,2,4096,1000,1000
5421,1186,24,1206,a1,4,8192,1000,1000
5422,1186,18,1206,a1,8,16384,1000,1000
5423,1186,17,1206,a1,16,32768,1000,1000
5424,1186,20,1206,a1,4,16384,1000,1000
5425,1186,11,1206,a1,2,4096,1000,1000
5426,1187,20,1207,a1,4,8192,1000,1000
5427,1188,16,1208,a1,8,16384,1000,1000
5428,1188,15,1208,a1,16,32768,1000,1000
5429,1188,18,1208,a1,4,16384,1000,1000
5430,1188,22,1208,a1,2,4096,1000,1000
5431,1188,20,1208,a1,4,8192,1000,1000
5432,1188,21,1208,a1,8,16384,1000,1000
5433,1188,22,1208,a1,16,32768,1000,1000
5434,1188,21,1208,a1,4,16384,1000,1000
5435,1188,21,1208,a1,2,4096,1000,1000
5436,1188,16,1208,a1,4,8192,1000,1000
5437,1189,20,1209,a1,8,16384,1000,1000
5438,1190,23,1210,a1,16,32768,1000,1000
5439,1191,19,1211,a1,4,16384,1000,1000
5440,1191,17,1211,a1,2,4096,1000,1000
5441,1191,15,1211,a1,4,8192,1000,1000
5442,1191,16,1211,a1,8,16384,1000,1000
5443,1191,17,1211,a1,16,32768,1000,1000
5444,1191,21,1211,a1,4,16384,1000,1000
5445,1191,14,1211,a1,2,4096,1000,1000
5446,1192,22,1212,a1,4,8192,1000,1000
5447,1192,21,1212,a1,8,16384,1000,1000
5448,1193,17,1213,a1,16,32768,1000,1000
5449,1194,27,1214,a1,4,16384,1000,1000
5450,1194,18,1214,a1,2,4096,1000,1000
5451,1194,17,1214,a1,4,8192,1000,1000
5452,1194,17,1214,a1,8,16384,1000,1000
5453,1194,22,1214,a1,16,32768,1000,1000
5454,1194,19,1214,a1,4,16384,1000,1000
5455,1194,21,1214,a1,2,4096,1000,1000
5456,1194,16,1214,a1,4,8192,1000,1000
5457,1195,17,1215,a1,8,16384,1000,1000
5458,1195,17,1215,a1,16,32768,1000,1000
5459,1195,21,1215,a1,4,16384,1000,1000
5460,1195,15,1215,a1,2,4096,1000,1000
5461,1195,24,1215,a1,4,8192,1000,1000
5462,1195,16,1215,a1,8,16384,1000,1000
5463,1195,14,1215,a1,16,32768,1000,1000
5464,1195,20,1215,a1,4,16384,1000,1000
5465,1195,17,1215,a1,2,4096,1000,1000
5466,1195,20,1215,a1,4,8192,1000,1000
5467,1195,22,1215,a1,8,16384,1000,1000
5468,1195,25,1215,a1,16,32768,1000,1000
5469,1196,21,1216,a1,4,16384,1000,1000
5470,1196,23,1216,a1,2,4096,1000,1000
5471,1196,18,1216,a1,4,8192,1000,1000
5472,1196,14,1216,a1,8,16384,1000,1000
5473,1196,21,1216,a1,16,32768,1000,1000
5474,1196,23,1216,a1,4,16384,1000,1000
5475,1196,22,1216,a1,2,4096,1000,1000
5476,1196,15,1216,a1,4,8192,1000,1000
5477,1196,17,1216,a1,8,16384,1000,1000
5478,1196,19,1216,a1,16,32768,1000,1000
5479,1196,22,1216,a1,4,16384,1000,1000
5480,1196,16,1216,a1,2,4096,1000,1000
5481,1196,22,1216,a1,4,8192,1000,1000
5482,1196,14,1216,a1,8,16384,1000,1000
5483,1196,23,1216,a1,16,32768,1000,1000
5484,1197,18,1217,a1,4,16384,1000,1000
5485,1197,19,1217,a1,2,4096,1000,1000
5486,1197,17,1217,a1,4,8192,1000,1000
5487,1197,19,1217,a1,8,16384,1000,1000
5488,1197,23,1217,a1,16,32768,1000,1000
5489,1197,21,1217,a1,4,16384,1000,1000
5490,1197,21,1217,a1,2,4096,1000,1000
5491,1197,22,1217,a1,4,8192,1000,1000
5492,1197,22,1217,a1,8,16384,1000,1000
5493,1197,22,1217,a1,16,32768,1000,1000
5494,1197,25,1217,a1,4,16384,1000,1000
5495,1197,17,1217,a1,2,4096,1000,1000
5496,1197,19,1217,a1,4,8192,1000,1000
5497,1197,21,1217,a1,8,16384,1000,1000
5498,1197,23,1217,a1,16,32768,1000,1000
5499,1198,21,1218,a1,4,16384,1000,1000
5500,1198,25,1218,a1,2,4096,1000,1000
5501,1198,20,1218,a1,4,8192,1000,1000
5502,1198,20,1218,a1,8,16384,1000,1000
5503,1198,22,1218,a1,16,32768,1000,1000
5504,1198,22,1218,a1,4,16384,1000,1000
5505,1199,18,1219,a1,2,4096,1000,1000
5506,1200,21,1220,a1,4,8192,1000,1000
5507,1200,16,1220,a1,8,16384,1000,1000
5508,1200,22,1220,a1,16,32768,1000,1000
5509,1200,17,1220,a1,4,16384,1000,1000
5510,1200,22,1220,a1,2,4096,1000,1000
5511,1201,21,1221,a1,4,8192,1000,1000
5512,1201,21,1221,a1,8,16384,1000,1000
5513,1201,18,1221,a1,16,32768,1000,1000
5514,1201,25,1221,a1,4,16384,1000,1000
5515,1201,22,1221,a1,2,4096,1000,1000
5516,1201,18,1221,a1,4,8192,1000,1000
5517,1201,21,1221,a1,8,16384,1000,1000
5518,1201,18,1221,a1,16,32768,1000,1000
5519,1201,19,1221,a1,4,16384,1000,1000
5520,1201,23,1221,a1,2,4096,1000,1000
5521,1201,17,1221,a1,4,8192,1000,1000
5522,1201,17,1221,a1,8,16384,1000,1000
5523,1201,24,1221,a1,16,32768,1000,1000
5524,1201,19,1221,a1,4,16384,1000,1000
5525,1201,17,1221,a1,2,4096,1000,1000
5526,1202,15,1222,a1,4,8192,1000,1000
5527,1202,23,1222,a1,8,16384,1000,1000
5528,1202,22,1222,a1,16,32768,1000,1000
5529,1202,15,1222,a1,4,16384,1000,1000
5530,1202,16,1222,a1,2,4096,1000,1000
5531,1202,18,1222,a1,4,8192,1000,1000
5532,1202,19,1222,a1,8,16384,1000,1000
5533,1202,19,1222,a1,16,32768,1000,1000
5534,1202,19,1222,a1,4,16384,1000,1000
5535,1202,26,1222,a1,2,4096,1000,1000
5536,1202,21,1222,a1,4,8192,1000,1000
5537,1202,20,1222,a1,8,16384,1000,1000
5538,1202,16,1222,a1,16,32768,1000,1000
5539,1202,15,1222,a1,4,16384,1000,1000
5540,1203,17,1223,a1,2,4096,1000,1000
5541,1204,18,1224,a1,4,8192,1000,1000
5542,1204,21,1224,a1,8,16384,1000,1000
5543,1204,18,1224,a1,16,32768,1000,1000
5544,1204,28,1224,a1,4,16384,1000,1000
5545,1205,20,1225,a1,2,4096,1000,1000
5546,1206,21,1226,a1,4,8192,1000,1000
5547,1206,20,1226,a1,8,16384,1000,1000
5548,1206,22,1226,a1,16,32768,1000,1000
5549,1206,24,1226,a1,4,16384,1000,1000
5550,1206,23,1226,a1,2,4096,1000,1000
5551,1206,16,1226,a1,4,8192,1000,1000
5552,1206,20,1226,a1,8,16384,1000,1000
5553,1206,20,1226,a1,16,32768,1000,1000
5554,1207,16,1227,a1,4,16384,1000,1000
5555,1208,21,1228,a1,2,4096,1000,1000
5556,1209,21,1229,a1,4,8192,1000,1000
5557,1209,18,1229,a1,8,16384,1000,1000
5558,1210,26,1230,a1,16,32768,1000,1000
5559,1211,21,1231,a1,4,16384,1000,1000
5560,1211,17,1231,a1,2,4096,1000,1000
5561,1211,20,1231,a1,4,8192,1000,1000
5562,1211,20,1231,a1,8,16384,1000,1000
5563,1211,12,1231,a1,16,32768,1000,1000
5564,1211,21,1231,a1,4,16384,1000,1000
5565,1211,16,1231,a1,2,4096,1000,1000
5566,1211,19,1231,a1,4,8192,1000,1000
5567,1211,15,1231,a1,8,16384,1000,1000
5568,1211,22,1231,a1,16,32768,1000,1000
5569,1212,19,1232,a1,4,16384,1000,1000
5570,1212,19,1232,a1,2,4096,1000,1000
5571,1212,19,1232,a1,4,8192,1000,1000
5572,1213,24,1233,a1,8,16384,1000,1000
5573,1214,17,1234,a1,16,32768,1000,1000
5574,1215,23,1235,a1,4,16384,1000,1000
5575,1215,18,1235,a1,2,4096,1000,1000
5576,1215,19,1235,a1,4,8192,1000,1000
5577,1215,21,1235,a1,8,16384,1000,1000
5578,1215,21,1235,a1,16,32768,1000,1000
5579,1216,18,1236,a1,4,16384,1000,1000
5580,1216,18,1236,a1,2,4096,1000,1000
5581,1216,19,1236,a1,4,8192,1000,1000
5582,1216,23,1236,a1,8,16384,1000,1000
5583,1216,16,1236,a1,16,32768,1000,1000
5584,1216,16,1236,a1,4,16384,1000,1000
5585,1216,21,1236,a1,2,4096,1000,1000
5586,1216,18,1236,a1,4,8192,1000,1000
5587,1216,20,1236,a1,8,16384,1000,1000
5588,1216,21,1236,a1,16,32768,1000,1000
5589,1216,16,1236,a1,4,16384,1000,1000
5590,1217,21,1237,a1,2,4096,1000,1000
5591,1217,19,1237,a1,4,8192,1000,1000
5592,1217,22,1237,a1,8,16384,1000,1000
5593,1217,22,1237,a1,16,32768,1000,1000
5594,1217,18,1237,a1,4,16384,1000,1000
5595,1218,17,1238,a1,2,4096,1000,1000
5596,1218,23,1238,a1,4,8192,1000,1000
5597,1218,18,1238,a1,8,16384,1000,1000
5598,1218,25,1238,a1,16,32768,1000,1000
5599,1219,18,1239,a1,4,16384,1000,1000
5600,1220,18,1240,a1,2,4096,1000,1000
5601,1221,20,1241,a1,4,8192,1000,1000
5602,1221,18,1241,a1,8,16384,1000,1000
5603,1221,13,1241,a1,16,32768,1000,1000
5604,1221,17,1241,a1,4,16384,1000,1000
5605,1221,20,1241,a1,2,4096,1000,1000
5606,1221,16,1241,a1,4,8192,1000,1000
5607,1221,17,1241,a1,8,16384,1000,1000
5608,1221,19,1241,a1,16,32768,1000,1000
5609,1221,20,1241,a1,4,16384,1000,1000
5610,1221,24,1241,a1,2,4096,1000,1000
5611,1221,18,1241,a1,4,8192,1000,1000
5612,1221,22,1241,a1,8,16384,1000,1000
5613,1221,17,1241,a1,16,32768,1000,1000
5614,1221,19,1241,a1,4,16384,1000,1000
5615,1221,21,1241,a1,2,4096,1000,1000
5616,1221,21,1241,a1,4,8192,1000,1000
5617,1222,22,1242,a1,8,16384,1000,1000
5618,1222,17,1242,a1,16,32768,1000,1000
5619,1222,15,1242,a1,4,16384,1000,1000
5620,1222,18,1242,a1,2,4096,1000,1000
5621,1222,18,1242,a1,4,8192,1000,1000
5622,1223,18,1243,a1,8,16384,1000,1000
5623,1223,18,1243,a1,16,32768,1000,1000
5624,1224,22,1244,a1,4,16384,1000,1000
5625,1225,21,1245,a1,2,4096,1000,1000
5626,1226,17,1246,a1,4,8192,1000,1000
5627,1227,18,1247,a1,8,16384,1000,1000
5628,1227,22,1247,a1,16,32768,1000,1000
5629,1227,22,1247,a1,4,16384,1000,1000
5630,1227,16,1247,a1,2,4096,1000,1000
5631,1227,20,1247,a1,4,8192,1000,1000
5632,1227,19,1247,a1,8,16384,1000,1000
5633,1228,15,1248,a1,16,32768,1000,1000
5634,1228,17,1248,a1,4,16384,1000,1000
5635,1228,24,1248,a1,2,4096,1000,1000
5636,1228,14,1248,a1,4,8192,1000,1000
5637,1229,16,1249,a1,8,16384,1000,1000
5638,1230,22,1250,a1,16,32768,1000,1000
5639,1230,15,1250,a1,4,16384,1000,1000
5640,1230,19,1250,a1,2,4096,1000,1000
5641,1230,21,1250,a1,4,8192,1000,1000
5642,1230,23,1250,a1,8,16384,1000,1000
5643,1231,20,1251,a1,16,32768,1000,1000
5644,1232,22,1252,a1,4,16384,1000,1000
5645,1233,22,1253,a1,2,4096,1000,1000
5646,1234,22,1254,a1,4,8192,1000,1000
5647,1234,13,1254,a1,8,16384,1000,1000
5648,1234,17,1254,a1,16,32768,1000,1000
5649,1234,16,1254,a1,4,16384,1000,1000
5650,1234,19,1254,a1,2,4096,1000,1000
5651,1234,20,1254,a1,4,8192,1000,1000
5652,1234,18,1254,a1,8,16384,1000,1000
5653,1234,17,1254,a1,16,32768,1000,1000
5654,1234,19,1254,a1,4,16384,1000,1000
5655,1234,18,1254,a1,2,4096,1000,1000
5656,1234,22,1254,a1,4,8192,1000,1000
5657,1234,12,1254,a1,8,16384,1000,1000
5658,1234,21,1254,a1,16,32768,1000,1000
5659,1234,21,1254,a1,4,16384,1000,1000
5660,1234,17,1254,a1,2,4096,1000,1000
5661,1234,22,1254,a1,4,8192,1000,1000
5662,1234,16,1254,a1,8,16384,1000,1000
5663,1234,19,1254,a1,16,32768,1000,1000
5664,1234,19,1254,a1,4,16384,1000,1000
5665,1234,17,1254,a1,2,4096,1000,1000
5666,1234,26,1254,a1,4,8192,1000,1000
5667,1234,26,1254,a1,8,16384,1000,1000
5668,1235,23,1255,a1,16,32768,1000,1000
5669,1236,14,1256,a1,4,16384,1000,1000
5670,1236,19,1256,a1,2,4096,1000,1000
5671,1236,20,1256,a1,4,8192,1000,1000
5672,1237,23,1257,a1,8,16384,1000,1000
5673,1237,22,1257,a1,16,32768,1000,1000
5674,1237,17,1257,a1,4,16384,1000,1000
5675,1237,17,1257,a1,2,4096,1000,1000
5676,1237,15,1257,a1,4,8192,1000,1000
5677,1237,20,1257,a1,8,16384,1000,1000
5678,1237,14,1257,a1,16,32768,1000,1000
5679,1237,17,1257,a1,4,16384,1000,1000
5680,1237,16,1257,a1,2,4096,1000,1000
5681,1238,19,1258,a1,4,8192,1000,1000
5682,1238,23,1258,a1,8,16384,1000,1000
5683,1238,18,1258,a1,16,32768,1000,1000
5684,1238,19,1258,a1,4,16384,1000,1000
5685,1239,20,1259,a1,2,4096,1000,1000
5686,1239,22,1259,a1,4,8192,1000,1000
5687,1239,19,1259,a1,8,16384,1000,1000
5688,1239,21,1259,a1,16,32768,1000,1000
5689,1239,20,1259,a1,4,16384,1000,1000
5690,1239,24,1259,a1,2,4096,1000,1000
5691,1239,22,1259,a1,4,8192,1000,1000
5692,1240,24,1260,a1,8,16384,1000,1000
5693,1240,23,1260,a1,16,32768,1000,1000
5694,1240,18,1260,a1,4,16384,1000,1000
5695,1240,14,1260,a1,2,4096,1000,1000
5696,1240,24,1260,a1,4,8192,1000,1000
5697,1240,17,1260,a1,8,16384,1000,1000
5698,1240,22,1260,a1,16,32768,1000,1000
5699,1241,22,1261,a1,4,16384,1000,1000
5700,1242,19,1262,a1,2,4096,1000,1000
5701,1242,19,1262,a1,4,8192,1000,1000
5702,1242,23,1262,a1,8,16384,1000,1000
5703,1242,20,1262,a1,16,32768,1000,1000
5704,1242,18,1262,a1,4,16384,1000,1000
5705,1242,21,1262,a1,2,4096,1000,1000
5706,1242,15,1262,a1,4,8192,1000,1000
5707,1242,21,1262,a1,8,16384,1000,1000
5708,1242,19,1262,a1,16,32768,1000,1000
5709,1242,17,1262,a1,4,16384,1000,1000
5710,1242,20,1262,a1,2,4096,1000,1000
5711,1242,19,1262,a1,4,8192,1000,1000
5712,1242,22,1262,a1,8,16384,1000,1000
5713,1242,17,1262,a1,16,32768,1000,1000
5714,1242,20,1262,a1,4,16384,1000,1000
5715,1243,22,1263,a1,2,4096,1000,1000
5716,1244,25,1264,a1,4,8192,1000,1000
5717,1245,20,1265,a1,8,16384,1000,1000
5718,1246,24,1266,a1,16,32768,1000,1000
5719,1247,16,1267,a1,4,16384,1000,1000
5720,1248,20,1268,a1,2,4096,1000,1000
5721,1249,19,1269,a1,4,8192,1000,1000
5722,1249,21,1269,a1,8,16384,1000,1000
5723,1249,21,1269,a1,16,32768,1000,1000
5724,1249,18,1269,a1,4,16384,1000,1000
5725,1249,21,1269,a1,2,4096,1000,1000
5726,1249,20,1269,a1,4,8192,1000,1000
5727,1250,22,1270,a1,8,16384,1000,1000
5728,1250,16,1270,a1,16,32768,1000,1000
5729,1251,15,1271,a1,4,16384,1000,1000
5730,1252,16,1272,a1,2,4096,1000,1000
5731,1253,16,1273,a1,4,8192,1000,1000
5732,1254,14,1274,a1,8,16384,1000,1000
5733,1255,15,1275,a1,16,32768,1000,1000
5734,1256,24,1276,a1,4,16384,1000,1000
5735,1257,20,1277,a1,2,4096,1000,1000
5736,1258,23,1278,a1,4,8192,1000,1000
5737,1258,15,1278,a1,8,16384,1000,1000
5738,1258,20,1278,a1,16,32768,1000,1000
5739,1258,13,1278,a1,4,16384,1000,1000
5740,1258,19,1278,a1,2,4096,1000,1000
5741,1258,20,1278,a1,4,8192,1000,1000
5742,1258,23,1278,a1,8,16384,1000,1000
5743,1258,20,1278,a1,16,32768,1000,1000
5744,1259,17,1279,a1,4,16384,1000,1000
5745,1259,14,1279,a1,2,4096,1000,1000
5746,1260,19,1280,a1,4,8192,1000,1000
5747,1261,24,1281,a1,8,16384,1000,1000
5748,1262,19,1282,a1,16,32768,1000,1000
5749,1263,19,1283,a1,4,16384,1000,1000
5750,1264,12,1284,a1,2,4096,1000,1000
5751,1264,23,1284,a1,4,8192,1000,1000
5752,1264,19,1284,a1,8,16384,1000,1000
5753,1264,21,1284,a1,16,32768,1000,1000
5754,1264,19,1284,a1,4,16384,1000,1000
5755,1264,20,1284,a1,2,4096,1000,1000
5756,1265,17,1285,a1,4,8192,1000,1000
5757,1265,18,1285,a1,8,16384,1000,1000
5758,1265,23,1285,a1,16,32768,1000,1000
5759,1265,21,1285,a1,4,16384,1000,1000
5760,1265,20,1285,a1,2,4096,1000,1000
5761,1265,20,1285,a1,4,8192,1000,1000
5762,1265,22,1285,a1,8,16384,1000,1000
5763,1265,19,1285,a1,16,32768,1000,1000
5764,1265,23,1285,a1,4,16384,1000,1000
5765,1265,27,1285,a1,2,4096,1000,1000
5766,1265,15,1285,a1,4,8192,1000,1000
5767,1265,17,1285,a1,8,16384,1000,1000
5768,1265,17,1285,a1,16,32768,1000,1000
5769,1265,20,1285,a1,4,16384,1000,1000
5770,1265,19,1285,a1,2,4096,1000,1000
5771,1266,18,1286,a1,4,8192,1000,1000
5772,1267,15,1287,a1,8,16384,1000,1000
5773,1268,20,1288,a1,16,32768,1000,1000
5774,1269,20,1289,a1,4,16384,1000,1000
5775,1269,22,1289,a1,2,4096,1000,1000
5776,1269,18,1289,a1,4,8192,1000,1000
5777,1269,21,1289,a1,8,16384,1000,1000
5778,1269,16,1289,a1,16,32768,1000,1000
5779,1269,20,1289,a1,4,16384,1000,1000
5780,1270,21,1290,a1,2,4096,1000,1000
5781,1270,16,1290,a1,4,8192,1000,1000
5782,1271,22,1291,a1,8,16384,1000,1000
5783,1271,25,1291,a1,16,32768,1000,1000
5784,1271,17,1291,a1,4,16384,1000,1000
5785,1271,18,1291,a1,2,4096,1000,1000
5786,1271,17,1291,a1,4,8192,1000,1000
5787,1271,17,1291,a1,8,16384,1000,1000
5788,1272,18,1292,a1,16,32768,1000,1000
5789,1273,16,1293,a1,4,16384,1000,1000
5790,1274,23,1294,a1,2,4096,1000,1000
5791,1274,22,1294,a1,4,8192,1000,1000
5792,1274,19,1294,a1,8,16384,1000,1000
5793,1274,24,1294,a1,16,32768,1000,1000
5794,1274,19,1294,a1,4,16384,1000,1000
5795,1274,23,1294,a1,2,4096,1000,1000
5796,1274,16,1294,a1,4,8192,1000,1000
5797,1274,16,1294,a1,8,16384,1000,1000
5798,1274,21,1294,a1,16,32768,1000,1000
5799,1274,15,1294,a1,4,16384,1000,1000
5800,1274,18,1294,a1,2,4096,1000,1000
5801,1274,22,1294,a1,4,8192,1000,1000
5802,1274,22,1294,a1,8,16384,1000,1000
5803,1274,17,1294,a1,16,32768,1000,1000
5804,1274,19,1294,a1,4,16384,1000,1000
5805,1275,15,1295,a1,2,4096,1000,1000
5806,1276,24,1296,a1,4,8192,1000,1000
5807,1276,22,1296,a1,8,16384,1000,1000
5808,1276,27,1296,a1,16,32768,1000,1000
5809,1276,17,1296,a1,4,16384,1000,1000
5810,1277,21,1297,a1,2,4096,1000,1000
5811,1277,14,1297,a1,4,8192,1000,1000
5812,1277,20,1297,a1,8,16384,1000,1000
5813,1277,18,1297,a1,16,32768,1000,1000
5814,1277,20,1297,a1,4,16384,1000,1000
5815,1277,23,1297,a1,2,4096,1000,1000
5816,1277,19,1297,a1,4,8192,1000,1000
5817,1277,23,1297,a1,8,16384,1000,1000
5818,1278,13,1298,a1,16,32768,1000,1000
5819,1278,19,1298,a1,4,16384,1000,1000
5820,1278,14,1298,a1,2,4096,1000,1000
5821,1278,23,1298,a1,4,8192,1000,1000
5822,1278,21,1298,a1,8,16384,1000,1000
5823,1278,14,1298,a1,16,32768,1000,1000
5824,1278,20,1298,a1,4,16384,1000,1000
5825,1278,21,1298,a1,2,4096,1000,1000
5826,1279,20,1299,a1,4,8192,1000,1000
5827,1280,17,1300,a1,8,16384,1000,1000
5828,1280,16,1300,a1,16,32768,1000,1000
5829,1280,21,1300,a1,4,16384,1000,1000
5830,1280,22,1300,a1,2,4096,1000,1000
5831,1280,22,1300,a1,4,8192,1000,1000
5832,1280,22,1300,a1,8,16384,1000,1000
5833,1280,16,1300,a1,16,32768,1000,1000
5834,1280,21,1300,a1,4,16384,1000,1000
5835,1280,18,1300,a1,2,4096,1000,1000
5836,1281,20,1301,a1,4,8192,1000,1000
5837,1282,15,1302,a1,8,16384,1000,1000
5838,1282,21,1302,a1,16,32768,1000,1000
5839,1282,19,1302,a1,4,16384,1000,1000
5840,1282,23,1302,a1,2,4096,1000,1000
5841,1282,17,1302,a1,4,8192,1000,1000
5842,1282,15,1302,a1,8,16384,1000,1000
5843,1282,21,1302,a1,16,32768,1000,1000
5844,1282,21,1302,a1,4,16384,1000,1000
5845,1282,17,1302,a1,2,4096,1000,1000
5846,1282,23,1302,a1,4,8192,1000,1000
5847,1282,25,1302,a1,8,16384,1000,1000
5848,1283,17,1303,a1,16,32768,1000,1000
5849,1283,23,1303,a1,4,16384,1000,1000
5850,1283,18,1303,a1,2,4096,1000,1000
5851,1283,24,1303,a1,4,8192,1000,1000
5852,1283,24,1303,a1,8,16384,1000,1000
5853,1283,22,1303,a1,16,32768,1000,1000
5854,1283,20,1303,a1,4,16384,1000,1000
5855,1283,19,1303,a1,2,4096,1000,1000
5856,1283,19,1303,a1,4,8192,1000,1000
5857,1284,18,1304,a1,8,16384,1000,1000
5858,1284,24,1304,a1,16,32768,1000,1000
5859,1284,19,1304,a1,4,16384,1000,1000
5860,1285,20,1305,a1,2,4096,1000,1000
5861,1286,18,1306,a1,4,8192,1000,1000
5862,1286,17,1306,a1,8,16384,1000,1000
5863,1287,17,1307,a1,16,32768,1000,1000
5864,1288,18,1308,a1,4,16384,1000,1000
5865,1289,24,1309,a1,2,4096,1000,1000
5866,1290,12,1310,a1,4,8192,1000,1000
5867,1290,20,1310,a1,8,16384,1000,1000
5868,1290,15,1310,a1,16,32768,1000,1000
5869,1290,18,1310,a1,4,16384,1000,1000
5870,1290,17,1310,a1,2,4096,1000,1000
5871,1290,15,1310,a1,4,8192,1000,1000
5872,1290,21,1310,a1,8,16384,1000,1000
5873,1290,25,1310,a1,16,32768,1000,1000
5874,1290,16,1310,a1,4,16384,1000,1000
5875,1291,16,1311,a1,2,4096,1000,1000
5876,1291,13,1311,a1,4,8192,1000,1000
5877,1291,18,1311,a1,8,16384,1000,1000
5878,1291,21,1311,a1,16,32768,1000,1000
5879,1291,17,1311,a1,4,16384,1000,1000
5880,1291,22,1311,a1,2,4096,1000,1000
5881,1291,23,1311,a1,4,8192,1000,1000
5882,1291,20,1311,a1,8,16384,1000,1000
5883,1292,22,1312,a1,16,32768,1000,1000
5884,1293,17,1313,a1,4,16384,1000,1000
5885,1294,22,1314,a1,2,4096,1000,1000
5886,1295,21,1315,a1,4,8192,1000,1000
5887,1295,21,1315,a1,8,16384,1000,1000
5888,1295,19,1315,a1,16,32768,1000,1000
5889,1295,23,1315,a1,4,16384,1000,1000
5890,1295,19,1315,a1,2,4096,1000,1000
5891,1295,17,1315,a1,4,8192,1000,1000
5892,1295,19,1315,a1,8,16384,1000,1000
5893,1295,18,1315,a1,16,32768,1000,1000
5894,1295,20,1315,a1,4,16384,1000,1000
5895,1296,24,1316,a1,2,4096,1000,1000
5896,1296,21,1316,a1,4,8192,1000,1000
5897,1296,20,1316,a1,8,16384,1000,1000
5898,1296,16,1316,a1,16,32768,1000,1000
5899,1296,18,1316,a1,4,16384,1000,1000
5900,1296,18,1316,a1,2,4096,1000,1000
5901,1296,17,1316,a1,4,8192,1000,1000
5902,1296,28,1316,a1,8,16384,1000,1000
5903,1296,21,1316,a1,16,32768,1000,1000
5904,1296,17,1316,a1,4,16384,1000,1000
5905,1296,20,1316,a1,2,4096,1000,1000
5906,1297,18,1317,a1,4,8192,1000,1000
5907,1298,13,1318,a1,8,16384,1000,1000
5908,1298,20,1318,a1,16,32768,1000,1000
5909,1298,19,1318,a1,4,16384,1000,1000
5910,1299,18,1319,a1,2,4096,1000,1000
5911,1299,19,1319,a1,4,8192,1000,1000
5912,1299,21,1319,a1,8,16384,1000,1000
5913,1299,23,1319,a1,16,32768,1000,1000
5914,1299,19,1319,a1,4,16384,1000,1000
5915,1299,18,1319,a1,2,4096,1000,1000
5916,1299,19,1319,a1,4,8192,1000,1000
5917,1299,20,1319,a1,8,16384,1000,1000
5918,1299,24,1319,a1,16,32768,1000,1000
5919,1299,22,1319,a1,4,16384,1000,1000
5920,1299,21,1319,a1,2,4096,1000,1000
5921,1299,22,1319,a1,4,8192,1000,1000
5922,1300,18,1320,a1,8,16384,1000,1000
5923,1301,21,1321,a1,16,32768,1000,1000
5924,1302,16,1322,a1,4,16384,1000,1000
5925,1303,18,1323,a1,2,4096,1000,1000
5926,1303,16,1323,a1,4,8192,1000,1000
5927,1303,18,1323,a1,8,16384,1000,1000
5928,1303,19,1323,a1,16,32768,1000,1000
5929,1304,18,1324,a1,4,16384,1000,1000
5930,1305,18,1325,a1,2,4096,1000,1000
5931,1306,19,1326,a1,4,8192,1000,1000
5932,1307,20,1327,a1,8,16384,1000,1000
5933,1308,24,1328,a1,16,32768,1000,1000
5934,1308,19,1328,a1,4,16384,1000,1000
5935,1308,21,1328,a1,2,4096,1000,1000
5936,1308,18,1328,a1,4,8192,1000,1000
5937,1308,20,1328,a1,8,16384,1000,1000
5938,1308,19,1328,a1,16,32768,1000,1000
5939,1308,13,1328,a1,4,16384,1000,1000
5940,1308,23,1328,a1,2,4096,1000,1000
5941,1308,19,1328,a1,4,8192,1000,1000
5942,1308,14,1328,a1,8,16384,1000,1000
5943,1309,21,1329,a1,16,32768,1000,1000
5944,1310,17,1330,a1,4,16384,1000,1000
5945,1311,21,1331,a1,2,4096,1000,1000
5946,1311,19,1331,a1,4,8192,1000,1000
5947,1311,19,1331,a1,8,16384,1000,1000
5948,1311,23,1331,a1,16,32768,1000,1000
5949,1311,23,1331,a1,4,16384,1000,1000
5950,1311,24,1331,a1,2,4096,1000,1000
5951,1311,19,1331,a1,4,8192,1000,1000
5952,1311,16,1331,a1,8,16384,1000,1000
5953,1311,20,1331,a1,16,32768,1000,1000
5954,1311,20,1331,a1,4,16384,1000,1000
5955,1311,24,1331,a1,2,4096,1000,1000
5956,1311,23,1331,a1,4,8192,1000,1000
5957,1311,23,1331,a1,8,16384,1000,1000
5958,1311,19,1331,a1,16,32768,1000,1000
5959,1311,21,1331,a1,4,16384,1000,1000
5960,1311,17,1331,a1,2,4096,1000,1000
5961,1311,17,1331,a1,4,8192,1000,1000
5962,1312,23,1332,a1,8,16384,1000,1000
5963,1312,17,1332,a1,16,32768,1000,1000
5964,1312,14,1332,a1,4,16384,1000,1000
5965,1312,16,1332,a1,2,4096,1000,1000
5966,1312,23,1332,a1,4,8192,1000,1000
5967,1312,17,1332,a1,8,16384,1000,1000
5968,1312,17,1332,a1,16,32768,1000,1000
5969,1312,20,1332,a1,4,16384,1000,1000
5970,1312,15,1332,a1,2,4096,1000,1000
5971,1312,18,1332,a1,4,8192,1000,1000
5972,1313,20,1333,a1,8,16384,1000,1000
5973,1314,19,1334,a1,16,32768,1000,1000
5974,1314,20,1334,a1,4,16384,1000,1000
5975,1314,14,1334,a1,2,4096,1000,1000
5976,1314,19,1334,a1,4,8192,1000,1000
5977,1314,24,1334,a1,8,16384,1000,1000
5978,1314,25,1334,a1,16,32768,1000,1000
5979,1314,23,1334,a1,4,16384,1000,1000
5980,1314,18,1334,a1,2,4096,1000,1000
5981,1314,22,1334,a1,4,8192,1000,1000
5982,1314,17,1334,a1,8,16384,1000,1000
5983,1314,25,1334,a1,16,32768,1000,1000
5984,1314,19,1334,a1,4,16384,1000,1000
5985,1314,22,1334,a1,2,4096,1000,1000
5986,1314,18,1334,a1,4,8192,1000,1000
5987,1314,18,1334,a1,8,16384,1000,1000
5988,1314,24,1334,a1,16,32768,1000,1000
5989,1315,18,1335,a1,4,16384,1000,1000
5990,1316,18,1336,a1,2,4096,1000,1000
5991,1316,14,1336,a1,4,8192,1000,1000
5992,1317,25,1337,a1,8,16384,1000,1000
5993,1318,25,1338,a1,16,32768,1000,1000
5994,1319,17,1339,a1,4,16384,1000,1000
5995,1320,18,1340,a1,2,4096,1000,1000
5996,1321,19,1341,a1,4,8192,1000,1000
5997,1321,20,1341,a1,8,16384,1000,1000
5998,1321,22,1341,a1,16,32768,1000,1000
5999,1321,21,1341,a1,4,16384,1000,1000
6000,1321,21,1341,a1,2,4096,1000,1000
6001,1321,24,1341,a1,4,8192,1000,1000
6002,1321,24,1341,a1,8,16384,1000,1000
6003,1321,23,1341,a1,16,32768,1000,1000
6004,1321,19,1341,a1,4,16384,1000,1000
6005,1321,22,1341,a1,2,4096,1000,1000
6006,1321,20,1341,a1,4,8192,1000,1000
6007,1322,18,1342,a1,8,16384,1000,1000
6008,1322,26,1342,a1,16,32768,1000,1000
6009,1322,26,1342,a1,4,16384,1000,1000
6010,1322,21,1342,a1,2,4096,1000,1000
6011,1322,19,1342,a1,4,8192,1000,1000
6012,1322,21,1342,a1,8,16384,1000,1000
6013,1323,18,1343,a1,16,32768,1000,1000
6014,1323,24,1343,a1,4,16384,1000,1000
6015,1323,19,1343,a1,2,4096,1000,1000
6016,1323,16,1343,a1,4,8192,1000,1000
6017,1323,18,1343,a1,8,16384,1000,1000
6018,1323,25,1343,a1,16,32768,1000,1000
6019,1323,17,1343,a1,4,16384,1000,1000
6020,1323,22,1343,a1,2,4096,1000,1000
6021,1323,21,1343,a1,4,8192,1000,1000
6022,1323,19,1343,a1,8,16384,1000,1000
6023,1323,22,1343,a1,16,32768,1000,1000
6024,1324,22,1344,a1,4,16384,1000,1000
6025,1324,17,1344,a1,2,4096,1000,1000
6026,1324,22,1344,a1,4,8192,1000,1000
6027,1324,21,1344,a1,8,16384,1000,1000
6028,1324,21,1344,a1,16,32768,1000,1000
6029,1325,16,1345,a1,4,16384,1000,1000
6030,1326,22,1346,a1,2,4096,1000,1000
6031,1326,17,1346,a1,4,8192,1000,1000
6032,1326,23,1346,a1,8,16384,1000,1000
6033,1326,22,1346,a1,16,32768,1000,1000
6034,1326,19,1346,a1,4,16384,1000,1000
6035,1326,24,1346,a1,2,4096,1000,1000
6036,1326,17,1346,a1,4,8192,1000,1000
6037,1326,20,1346,a1,8,16384,1000,1000
6038,1326,22,1346,a1,16,32768,1000,1000
6039,1326,20,1346,a1,4,16384,1000,1000
6040,1326,20,1346,a1,2,4096,1000,1000
6041,1326,20,1346,a1,4,8192,1000,1000
6042,1326,20,1346,a1,8,16384,1000,1000
6043,1326,20,1346,a1,16,32768,1000,1000
6044,1326,23,1346,a1,4,16384,1000,1000
6045,1326,21,1346,a1,2,4096,1000,1000
6046,1326,17,1346,a1,4,8192,1000,1000
6047,1327,18,1347,a1,8,16384,1000,1000
6048,1327,14,1347,a1,16,32768,1000,1000
6049,1328,16,1348,a1,4,16384,1000,1000
6050,1329,17,1349,a1,2,4096,1000,1000
6051,1330,22,1350,a1,4,8192,1000,1000
6052,1331,21,1351,a1,8,16384,1000,1000
6053,1332,16,1352,a1,16,32768,1000,1000
6054,1332,21,1352,a1,4,16384,1000,1000
6055,1332,20,1352,a1,2,4096,1000,1000
6056,1332,24,1352,a1,4,8192,1000,1000
6057,1332,22,1352,a1,8,16384,1000,1000
6058,1332,15,1352,a1,16,32768,1000,1000
6059,1332,19,1352,a1,4,16384,1000,1000
6060,1332,18,1352,a1,2,4096,1000,1000
6061,1332,23,1352,a1,4,8192,1000,1000
6062,1332,19,1352,a1,8,16384,1000,1000
6063,1332,17,1352,a1,16,32768,1000,1000
6064,1332,18,1352,a1,4,16384,1000,1000
6065,1333,20,1353,a1,2,4096,1000,1000
6066,1333,22,1353,a1,4,8192,1000,1000
6067,1333,18,1353,a1,8,16384,1000,1000
6068,1333,21,1353,a1,16,32768,1000,1000
6069,1333,18,1353,a1,4,16384,1000,1000
6070,1333,18,1353,a1,2,4096,1000,1000
6071,1333,17,1353,a1,4,8192,1000,1000
6072,1334,19,1354,a1,8,16384,1000,1000
6073,1335,19,1355,a1,16,32768,1000,1000
6074,1336,21,1356,a1,4,16384,1000,1000
6075,1336,19,1356,a1,2,4096,1000,1000
6076,1337,18,1357,a1,4,8192,1000,1000
6077,1338,25,1358,a1,8,16384,1000,1000
6078,1339,20,1359,a1,16,32768,1000,1000
6079,1340,20,1360,a1,4,16384,1000,1000
6080,1340,17,1360,a1,2,4096,1000,1000
6081,1340,21,1360,a1,4,8192,1000,1000
6082,1340,19,1360,a1,8,16384,1000,1000
6083,1340,18,1360,a1,16,32768,1000,1000
6084,1341,21,1361,a1,4,16384,1000,1000
6085,1341,17,1361,a1,2,4096,1000,1000
6086,1341,18,1361,a1,4,8192,1000,1000
6087,1342,22,1362,a1,8,16384,1000,1000
6088,1343,18,1363,a1,16,32768,1000,1000
6089,1344,17,1364,a1,4,16384,1000,1000
6090,1344,23,1364,a1,2,4096,1000,1000
6091,1344,25,1364,a1,4,8192,1000,1000
6092,1344,22,1364,a1,8,16384,1000,1000
6093,1345,14,1365,a1,16,32768,1000,1000
6094,1345,23,1365,a1,4,16384,1000,1000
6095,1345,22,1365,a1,2,4096,1000,1000
6096,1345,28,1365,a1,4,8192,1000,1000
6097,1345,20,1365,a1,8,16384,1000,1000
6098,1345,18,1365,a1,16,32768,1000,1000
6099,1346,22,1366,a1,4,16384,1000,1000
6100,1346,18,1366,a1,2,4096,1000,1000
6101,1346,21,1366,a1,4,8192,1000,1000
6102,1346,20,1366,a1,8,16384,1000,1000
6103,1347,23,1367,a1,16,32768,1000,1000
6104,1348,21,1368,a1,4,16384,1000,1000
6105,1349,22,1369,a1,2,4096,1000,1000
6106,1349,19,1369,a1,4,8192,1000,1000
6107,1349,22,1369,a1,8,16384,1000,1000
6108,1349,21,1369,a1,16,32768,1000,1000
6109,1350,17,1370,a1,4,16384,1000,1000
6110,1351,20,1371,a1,2,4096,1000,1000
6111,1352,14,1372,a1,4,8192,1000,1000
6112,1352,24,1372,a1,8,16384,1000,1000
6113,1352,20,1372,a1,16,32768,1000,1000
6114,1352,18,1372,a1,4,16384,1000,1000
6115,1352,15,1372,a1,2,4096,1000,1000
6116,1352,17,1372,a1,4,8192,1000,1000
6117,1352,23,1372,a1,8,16384,1000,1000
6118,1352,17,1372,a1,16,32768,1000,1000
6119,1352,21,1372,a1,4,16384,1000,1000
6120,1352,25,1372,a1,2,4096,1000,1000
6121,1352,18,1372,a1,4,8192,1000,1000
6122,1352,21,1372,a1,8,16384,1000,1000
6123,1352,15,1372,a1,16,32768,1000,1000
6124,1352,20,1372,a1,4,16384,1000,1000
6125,1352,18,1372,a1,2,4096,1000,1000
6126,1352,19,1372,a1,4,8192,1000,1000
6127,1352,23,1372,a1,8,16384,1000,1000
6128,1352,18,1372,a1,16,32768,1000,1000
6129,1353,17,1373,a1,4,16384,1000,1000
6130,1353,20,1373,a1,2,4096,1000,1000
6131,1353,23,1373,a1,4,8192,1000,1000
6132,1353,23,1373,a1,8,16384,1000,1000
6133,1353,17,1373,a1,16,32768,1000,1000
6134,1353,15,1373,a1,4,16384,1000,1000
6135,1353,19,1373,a1,2,4096,1000,1000
6136,1353,14,1373,a1,4,8192,1000,1000
6137,1353,26,1373,a1,8,16384,1000,1000
6138,1353,21,1373,a1,16,32768,1000,1000
6139,1353,15,1373,a1,4,16384,1000,1000
6140,1353,25,1373,a1,2,4096,1000,1000
6141,1353,26,1373,a1,4,8192,1000,1000
6142,1353,13,1373,a1,8,16384,1000,1000
6143,1353,24,1373,a1,16,32768,1000,1000
6144,1354,21,1374,a1,4,16384,1000,1000
6145,1354,25,1374,a1,2,4096,1000,1000
6146,1354,18,1374,a1,4,8192,1000,1000
6147,1355,24,1375,a1,8,16384,1000,1000
6148,1356,17,1376,a1,16,32768,1000,1000
6149,1356,20,1376,a1,4,16384,1000,1000
6150,1356,21,1376,a1,2,4096,1000,1000
6151,1356,20,1376,a1,4,8192,1000,1000
6152,1356,22,1376,a1,8,16384,1000,1000
6153,1356,21,1376,a1,16,32768,1000,1000
6154,1356,24,1376,a1,4,16384,1000,1000
6155,1356,19,1376,a1,2,4096,1000,1000
6156,1356,18,1376,a1,4,8192,1000,1000
6157,1356,12,1376,a1,8,16384,1000,1000
6158,1356,26,1376,a1,16,32768,1000,1000
6159,1356,16,1376,a1,4,16384,1000,1000
6160,1356,17,1376,a1,2,4096,1000,1000
6161,1356,21,1376,a1,4,8192,1000,1000
6162,1357,19,1377,a1,8,16384,1000,1000
6163,1357,21,1377,a1,16,32768,1000,1000
6164,1357,16,1377,a1,4,16384,1000,1000
6165,1357,22,1377,a1,2,4096,1000,1000
6166,1357,23,1377,a1,4,8192,1000,1000
6167,1357,20,1377,a1,8,16384,1000,1000
6168,1357,15,1377,a1,16,32768,1000,1000
6169,1357,22,1377,a1,4,16384,1000,1000
6170,1357,22,1377,a1,2,4096,1000,1000
6171,1357,16,1377,a1,4,8192,1000,1000
6172,1357,15,1377,a1,8,16384,1000,1000
6173,1357,19,1377,a1,16,32768,1000,1000
6174,1358,25,1378,a1,4,16384,1000,1000
6175,1359,18,1379,a1,2,4096,1000,1000
6176,1360,23,1380,a1,4,8192,1000,1000
6177,1360,20,1380,a1,8,16384,1000,1000
6178,1360,19,1380,a1,16,32768,1000,1000
6179,1360,15,1380,a1,4,16384,1000,1000
6180,1360,25,1380,a1,2,4096,1000,1000
6181,1360,23,1380,a1,4,8192,1000,1000
6182,1360,20,1380,a1,8,16384,1000,1000
6183,1360,21,1380,a1,16,32768,1000,1000
6184,1360,15,1380,a1,4,16384,1000,1000
6185,1360,24,1380,a1,2,4096,1000,1000
6186,1361,12,1381,a1,4,8192,1000,1000
6187,1362,12,1382,a1,8,16384,1000,1000
6188,1362,19,1382,a1,16,32768,1000,1000
6189,1362,17,1382,a1,4,16384,1000,1000
6190,1362,21,1382,a1,2,4096,1000,1000
6191,1362,17,1382,a1,4,8192,1000,1000
6192,1362,22,1382,a1,8,16384,1000,1000
6193,1363,17,1383,a1,16,32768,1000,1000
6194,1363,18,1383,a1,4,16384,1000,1000
6195,1363,22,1383,a1,2,4096,1000,1000
6196,1363,16,1383,a1,4,8192,1000,1000
6197,1363,19,1383,a1,8,16384,1000,1000
6198,1363,26,1383,a1,16,32768,1000,1000
6199,1363,20,1383,a1,4,16384,1000,1000
6200,1363,19,1383,a1,2,4096,1000,1000
6201,1363,21,1383,a1,4,8192,1000,1000
6202,1363,21,1383,a1,8,16384,1000,1000
6203,1363,18,1383,a1,16,32768,1000,1000
6204,1363,15,1383,a1,4,16384,1000,1000
6205,1363,18,1383,a1,2,4096,1000,1000
6206,1363,18,1383,a1,4,8192,1000,1000
6207,1363,20,1383,a1,8,16384,1000,1000
6208,1363,17,1383,a1,16,32768,1000,1000
6209,1363,11,1383,a1,4,16384,1000,1000
6210,1364,20,1384,a1,2,4096,1000,1000
6211,1365,16,1385,a1,4,8192,1000,1000
6212,1366,20,1386,a1,8,16384,1000,1000
6213,1367,23,1387,a1,16,32768,1000,1000
6214,1368,19,1388,a1,4,16384,1000,1000
6215,1368,13,1388,a1,2,4096,1000,1000
6216,1368,20,1388,a1,4,8192,1000,1000
6217,1368,20,1388,a1,8,16384,1000,1000
6218,1368,28,1388,a1,16,32768,1000,1000
6219,1368,20,1388,a1,4,16384,1000,1000
6220,1368,19,1388,a1,2,4096,1000,1000
6221,1368,23,1388,a1,4,8192,1000,1000
6222,1368,19,1388,a1,8,16384,1000,1000
6223,1369,22,1389,a1,16,32768,1000,1000
6224,1370,22,1390,a1,4,16384,1000,1000
6225,1370,15,1390,a1,2,4096,1000,1000
6226,1370,22,1390,a1,4,8192,1000,1000
6227,1370,18,1390,a1,8,16384,1000,1000
6228,1370,20,1390,a1,16,32768,1000,1000
6229,1370,22,1390,a1,4,16384,1000,1000
6230,1370,18,1390,a1,2,4096,1000,1000
6231,1370,20,1390,a1,4,8192,1000,1000
6232,1370,13,1390,a1,8,16384,1000,1000
6233,1370,23,1390,a1,16,32768,1000,1000
6234,1370,19,1390,a1,4,16384,1000,1000
6235,1370,18,1390,a1,2,4096,1000,1000
6236,1370,16,1390,a1,4,8192,1000,1000
6237,1370,15,1390,a1,8,16384,1000,1000
6238,1370,13,1390,a1,16,32768,1000,1000
6239,1370,23,1390,a1,4,16384,1000,1000
6240,1370,20,1390,a1,2,4096,1000,1000
6241,1370,18,1390,a1,4,8192,1000,1000
6242,1371,23,1391,a1,8,16384,1000,1000
6243,1372,19,1392,a1,16,32768,1000,1000
6244,1373,23,1393,a1,4,16384,1000,1000
6245,1373,19,1393,a1,2,4096,1000,1000
6246,1373,21,1393,a1,4,8192,1000,1000
6247,1373,20,1393,a1,8,16384,1000,1000
6248,1373,18,1393,a1,16,32768,1000,1000
6249,1373,17,1393,a1,4,16384,1000,1000
6250,1373,18,1393,a1,2,4096,1000,1000
6251,1373,24,1393,a1,4,8192,1000,1000
6252,1373,15,1393,a1,8,16384,1000,1000
6253,1374,19,1394,a1,16,32768,1000,1000
6254,1375,19,1395,a1,4,16384,1000,1000
6255,1376,20,1396,a1,2,4096,1000,1000
6256,1376,18,1396,a1,4,8192,1000,1000
6257,1376,17,1396,a1,8,16384,1000,1000
6258,1376,21,1396,a1,16,32768,1000,1000
6259,1376,16,1396,a1,4,16384,1000,1000
6260,1376,21,1396,a1,2,4096,1000,1000
6261,1376,20,1396,a1,4,8192,1000,1000
6262,1376,18,1396,a1,8,16384,1000,1000
6263,1376,16,1396,a1,16,32768,1000,1000
6264,1376,17,1396,a1,4,16384,1000,1000
6265,1376,20,1396,a1,2,4096,1000,1000
6266,1377,22,1397,a1,4,8192,1000,1000
6267,1377,19,1397,a1,8,16384,1000,1000
6268,1377,20,1397,a1,16,32768,1000,1000
6269,1377,15,1397,a1,4,16384,1000,1000
6270,1377,22,1397,a1,2,4096,1000,1000
6271,1377,19,1397,a1,4,8192,1000,1000
6272,1377,19,1397,a1,8,16384,1000,1000
6273,1377,22,1397,a1,16,32768,1000,1000
6274,1377,18,1397,a1,4,16384,1000,1000
6275,1377,20,1397,a1,2,4096,1000,1000
6276,1377,16,1397,a1,4,8192,1000,1000
6277,1377,13,1397,a1,8,16384,1000,1000
6278,1377,18,1397,a1,16,32768,1000,1000
6279,1377,23,1397,a1,4,16384,1000,1000
6280,1377,15,1397,a1,2,4096,1000,1000
6281,1377,21,1397,a1,4,8192,1000,1000
6282,1377,17,1397,a1,8,16384,1000,1000
6283,1377,22,1397,a1,16,32768,1000,1000
6284,1377,25,1397,a1,4,16384,1000,1000
6285,1377,21,1397,a1,2,4096,1000,1000
6286,1377,16,1397,a1,4,8192,1000,1000
6287,1378,16,1398,a1,8,16384,1000,1000
6288,1379,16,1399,a1,16,32768,1000,1000
6289,1380,22,1400,a1,4,16384,1000,1000
6290,1381,24,1401,a1,2,4096,1000,1000
6291,1381,16,1401,a1,4,8192,1000,1000
6292,1381,20,1401,a1,8,16384,1000,1000
6293,1381,22,1401,a1,16,32768,1000,1000
6294,1381,20,1401,a1,4,16384,1000,1000
6295,1381,16,1401,a1,2,4096,1000,1000
6296,1382,24,1402,a1,4,8192,1000,1000
6297,1382,21,1402,a1,8,16384,1000,1000
6298,1382,21,1402,a1,16,32768,1000,1000
6299,1382,20,1402,a1,4,16384,1000,1000
6300,1382,20,1402,a1,2,4096,1000,1000
6301,1382,22,1402,a1,4,8192,1000,1000
6302,1382,20,1402,a1,8,16384,1000,1000
6303,1382,19,1402,a1,16,32768,1000,1000
6304,1382,22,1402,a1,4,16384,1000,1000
6305,1383,21,1403,a1,2,4096,1000,1000
6306,1383,19,1403,a1,4,8192,1000,1000
6307,1383,22,1403,a1,8,16384,1000,1000
6308,1384,20,1404,a1,16,32768,1000,1000
6309,1384,21,1404,a1,4,16384,1000,1000
6310,1384,19,1404,a1,2,4096,1000,1000
6311,1384,18,1404,a1,4,8192,1000,1000
6312,1384,20,1404,a1,8,16384,1000,1000
6313,1384,15,1404,a1,16,32768,1000,1000
6314,1384,19,1404,a1,4,16384,1000,1000
6315,1385,18,1405,a1,2,4096,1000,1000
6316,1386,22,1406,a1,4,8192,1000,1000
6317,1386,19,1406,a1,8,16384,1000,1000
6318,1386,15,1406,a1,16,32768,1000,1000
6319,1386,21,1406,a1,4,16384,1000,1000
6320,1387,19,1407,a1,2,4096,1000,1000
6321,1388,13,1408,a1,4,8192,1000,1000
6322,1388,19,1408,a1,8,16384,1000,1000
6323,1388,14,1408,a1,16,32768,1000,1000
6324,1388,15,1408,a1,4,16384,1000,1000
6325,1388,18,1408,a1,2,4096,1000,1000
6326,1388,19,1408,a1,4,8192,1000,1000
6327,1388,17,1408,a1,8,16384,1000,1000
6328,1388,16,1408,a1,16,32768,1000,1000
6329,1388,22,1408,a1,4,16384,1000,1000
6330,1388,14,1408,a1,2,4096,1000,1000
6331,1388,14,1408,a1,4,8192,1000,1000
6332,1388,24,1408,a1,8,16384,1000,1000
6333,1388,21,1408,a1,16,32768,1000,1000
6334,1389,16,1409,a1,4,16384,1000,1000
6335,1389,25,1409,a1,2,4096,1000,1000
6336,1389,20,1409,a1,4,8192,1000,1000
6337,1389,19,1409,a1,8,16384,1000,1000
6338,1389,21,1409,a1,16,32768,1000,1000
6339,1389,21,1409,a1,4,16384,1000,1000
6340,1389,20,1409,a1,2,4096,1000,1000
6341,1389,24,1409,a1,4,8192,1000,1000
6342,1389,16,1409,a1,8,16384,1000,1000
6343,1389,17,1409,a1,16,32768,1000,1000
6344,1389,23,1409,a1,4,16384,1000,1000
6345,1390,20,1410,a1,2,4096,1000,1000
6346,1390,15,1410,a1,4,8192,1000,1000
6347,1390,21,1410,a1,8,16384,1000,1000
6348,1390,19,1410,a1,16,32768,1000,1000
6349,1390,22,1410,a1,4,16384,1000,1000
6350,1390,24,1410,a1,2,4096,1000,1000
6351,1391,24,1411,a1,4,8192,1000,1000
6352,1392,18,1412,a1,8,16384,1000,1000
6353,1392,26,1412,a1,16,32768,1000,1000
6354,1392,23,1412,a1,4,16384,1000,1000
6355,1392,20,1412,a1,2,4096,1000,1000
6356,1393,19,1413,a1,4,8192,1000,1000
6357,1394,20,1414,a1,8,16384,1000,1000
6358,1394,20,1414,a1,16,32768,1000,1000
6359,1394,22,1414,a1,4,16384,1000,1000
6360,1394,15,1414,a1,2,4096,1000,1000
6361,1394,20,1414,a1,4,8192,1000,1000
6362,1394,23,1414,a1,8,16384,1000,1000
6363,1394,21,1414,a1,16,32768,1000,1000
6364,1394,19,1414,a1,4,16384,1000,1000
6365,1394,18,1414,a1,2,4096,1000,1000
6366,1394,17,1414,a1,4,8192,1000,1000
6367,1394,20,1414,a1,8,16384,1000,1000
6368,1394,17,1414,a1,16,32768,1000,1000
6369,1394,20,1414,a1,4,16384,1000,1000
6370,1394,18,1414,a1,2,4096,1000,1000
6371,1394,13,1414,a1,4,8192,1000,1000
6372,1394,22,1414,a1,8,16384,1000,1000
6373,1394,18,1414,a1,16,32768,1000,1000
6374,1394,22,1414,a1,4,16384,1000,1000
6375,1394,19,1414,a1,2,4096,1000,1000
6376,1394,19,1414,a1,4,8192,1000,1000
6377,1394,22,1414,a1,8,16384,1000,1000
6378,1395,23,1415,a1,16,32768,1000,1000
6379,1396,18,1416,a1,4,16384,1000,1000
6380,1397,25,1417,a1,2,4096,1000,1000
6381,1398,22,1418,a1,4,8192,1000,1000
6382,1399,15,1419,a1,8,16384,1000,1000
6383,1399,23,1419,a1,16,32768,1000,1000
6384,1399,17,1419,a1,4,16384,1000,1000
6385,1399,22,1419,a1,2,4096,1000,1000
6386,1399,20,1419,a1,4,8192,1000,1000
6387,1399,17,1419,a1,8,16384,1000,1000
6388,1399,16,1419,a1,16,32768,1000,1000
6389,1399,17,1419,a1,4,16384,1000,1000
6390,1399,17,1419,a1,2,4096,1000,1000
6391,1399,16,1419,a1,4,8192,1000,1000
6392,1399,24,1419,a1,8,16384,1000,1000
6393,1399,21,1419,a1,16,32768,1000,1000
6394,1399,23,1419,a1,4,16384,1000,1000
6395,1399,19,1419,a1,2,4096,1000,1000
6396,1399,21,1419,a1,4,8192,1000,1000
6397,1399,21,1419,a1,8,16384,1000,1000
6398,1399,20,1419,a1,16,32768,1000,1000
6399,1399,19,1419,a1,4,16384,1000,1000
6400,1399,23,1419,a1,2,4096,1000,1000
6401,1399,20,1419,a1,4,8192,1000,1000
6402,1399,18,1419,a1,8,16384,1000,1000
6403,1400,21,1420,a1,16,32768,1000,1000
6404,1400,18,1420,a1,4,16384,1000,1000
6405,1400,22,1420,a1,2,4096,1000,1000
6406,1400,22,1420,a1,4,8192,1000,1000
6407,1400,20,1420,a1,8,16384,1000,1000
6408,1400,21,1420,a1,16,32768,1000,1000
6409,1400,13,1420,a1,4,16384,1000,1000
6410,1401,21,1421,a1,2,4096,1000,1000
6411,1402,21,1422,a1,4,8192,1000,1000
6412,1403,20,1423,a1,8,16384,1000,1000
6413,1403,20,1423,a1,16,32768,1000,1000
6414,1404,20,1424,a1,4,16384,1000,1000
6415,1404,26,1424,a1,2,4096,1000,1000
6416,1405,20,1425,a1,4,8192,1000,1000
6417,1405,28,1425,a1,8,16384,1000,1000
6418,1406,15,1426,a1,16,32768,1000,1000
6419,1407,23,1427,a1,4,16384,1000,1000
6420,1408,20,1428,a1,2,4096,1000,1000
6421,1408,15,1428,a1,4,8192,1000,1000
6422,1408,16,1428,a1,8,16384,1000,1000
6423,1408,18,1428,a1,16,32768,1000,1000
6424,1408,18,1428,a1,4,16384,1000,1000
6425,1408,18,1428,a1,2,4096,1000,1000
6426,1409,22,1429,a1,4,8192,1000,1000
6427,1410,24,1430,a1,8,16384,1000,1000
6428,1411,23,1431,a1,16,32768,1000,1000
6429,1411,20,1431,a1,4,16384,1000,1000
6430,1411,22,1431,a1,2,4096,1000,1000
6431,1411,19,1431,a1,4,8192,1000,1000
6432,1411,18,1431,a1,8,16384,1000,1000
6433,1411,18,1431,a1,16,32768,1000,1000
6434,1411,21,1431,a1,4,16384,1000,1000
6435,1411,20,1431,a1,2,4096,1000,1000
6436,1411,20,1431,a1,4,8192,1000,1000
6437,1411,20,1431,a1,8,16384,1000,1000
6438,1411,19,1431,a1,16,32768,1000,1000
6439,1411,22,1431,a1,4,16384,1000,1000
6440,1411,20,1431,a1,2,4096,1000,1000
6441,1411,21,1431,a1,4,8192,1000,1000
6442,1411,20,1431,a1,8,16384,1000,1000
6443,1412,23,1432,a1,16,32768,1000,1000
6444,1413,17,1433,a1,4,16384,1000,1000
6445,1414,11,1434,a1,2,4096,1000,1000
6446,1414,21,1434,a1,4,8192,1000,1000
6447,1414,25,1434,a1,8,16384,1000,1000
6448,1414,25,1434,a1,16,32768,1000,1000
6449,1415,24,1435,a1,4,16384,1000,1000
6450,1416,24,1436,a1,2,4096,1000,1000
6451,1416,20,1436,a1,4,8192,1000,1000
6452,1416,22,1436,a1,8,16384,1000,1000
6453,1416,13,1436,a1,16,32768,1000,1000
6454,1416,15,1436,a1,4,16384,1000,1000
6455,1416,19,1436,a1,2,4096,1000,1000
6456,1417,16,1437,a1,4,8192,1000,1000
6457,1417,19,1437,a1,8,16384,1000,1000
6458,1417,21,1437,a1,16,32768,1000,1000
6459,1417,13,1437,a1,4,16384,1000,1000
6460,1417,15,1437,a1,2,4096,1000,1000
6461,1417,15,1437,a1,4,8192,1000,1000
6462,1417,18,1437,a1,8,16384,1000,1000
6463,1417,21,1437,a1,16,32768,1000,1000
6464,1417,24,1437,a1,4,16384,1000,1000
6465,1417,18,1437,a1,2,4096,1000,1000
6466,1417,19,1437,a1,4,8192,1000,1000
6467,1417,16,1437,a1,8,16384,1000,1000
6468,1417,17,1437,a1,16,32768,1000,1000
6469,1418,20,1438,a1,4,16384,1000,1000
6470,1418,25,1438,a1,2,4096,1000,1000
6471,1418,19,1438,a1,4,8192,1000,1000
6472,1419,18,1439,a1,8,16384,1000,1000
6473,1419,20,1439,a1,16,32768,1000,1000
6474,1419,19,1439,a1,4,16384,1000,1000
6475,1419,17,1439,a1,2,4096,1000,1000
6476,1419,20,1439,a1,4,8192,1000,1000
6477,1419,20,1439,a1,8,16384,1000,1000
6478,1419,19,1439,a1,16,32768,1000,1000
6479,1419,22,1439,a1,4,16384,1000,1000
6480,1419,16,1439,a1,2,4096,1000,1000
6481,1419,23,1439,a1,4,8192,1000,1000
6482,1419,21,1439,a1,8,16384,1000,1000
6483,1419,19,1439,a1,16,32768,1000,1000
6484,1420,17,1440,a1,4,16384,1000,1000
6485,1421,20,1441,a1,2,4096,1000,1000
6486,1421,18,1441,a1,4,8192,1000,1000
6487,1421,23,1441,a1,8,16384,1000,1000
6488,1421,18,1441,a1,16,32768,1000,1000
6489,1421,20,1441,a1,4,16384,1000,1000
6490,1422,20,1442,a1,2,4096,1000,1000
6491,1423,23,1443,a1,4,8192,1000,1000
6492,1423,19,1443,a1,8,16384,1000,1000
6493,1423,13,1443,a1,16,32768,1000,1000
6494,1423,20,1443,a1,4,16384,1000,1000
6495,1423,23,1443,a1,2,4096,1000,1000
6496,1423,18,1443,a1,4,8192,1000,1000
6497,1423,18,1443,a1,8,16384,1000,1000
6498,1423,22,1443,a1,16,32768,1000,1000
6499,1423,20,1443,a1,4,16384,1000,1000
6500,1423,20,1443,a1,2,4096,1000,1000
6501,1424,24,1444,a1,4,8192,1000,1000
6502,1425,20,1445,a1,8,16384,1000,1000
6503,1425,18,1445,a1,16,32768,1000,1000
6504,1425,15,1445,a1,4,16384,1000,1000
6505,1425,19,1445,a1,2,4096,1000,1000
6506,1425,22,1445,a1,4,8192,1000,1000
6507,1426,19,1446,a1,8,16384,1000,1000
6508,1426,24,1446,a1,16,32768,1000,1000
6509,1426,18,1446,a1,4,16384,1000,1000
6510,1426,24,1446,a1,2,4096,1000,1000
6511,1426,19,1446,a1,4,8192,1000,1000
6512,1426,21,1446,a1,8,16384,1000,1000
6513,1426,20,1446,a1,16,32768,1000,1000
6514,1426,19,1446,a1,4,16384,1000,1000
6515,1426,19,1446,a1,2,4096,1000,1000
6516,1426,17,1446,a1,4,8192,1000,1000
6517,1426,11,1446,a1,8,16384,1000,1000
6518,1426,20,1446,a1,16,32768,1000,1000
6519,1426,21,1446,a1,4,16384,1000,1000
6520,1426,17,1446,a1,2,4096,1000,1000
6521,1427,17,1447,a1,4,8192,1000,1000
6522,1428,15,1448,a1,8,16384,1000,1000
6523,1429,21,1449,a1,16,32768,1000,1000
6524,1430,24,1450,a1,4,16384,1000,1000
6525,1431,20,1451,a1,2,4096,1000,1000
6526,1432,23,1452,a1,4,8192,1000,1000
6527,1432,21,1452,a1,8,16384,1000,1000
6528,1432,20,1452,a1,16,32768,1000,1000
6529,1432,17,1452,a1,4,16384,1000,1000
6530,1432,19,1452,a1,2,4096,1000,1000
6531,1432,21,1452,a1,4,8192,1000,1000
6532,1433,16,1453,a1,8,16384,1000,1000
6533,1433,18,1453,a1,16,32768,1000,1000
6534,1433,22,1453,a1,4,16384,1000,1000
6535,1433,18,1453,a1,2,4096,1000,1000
6536,1433,22,1453,a1,4,8192,1000,1000
6537,1433,21,1453,a1,8,16384,1000,1000
6538,1433,19,1453,a1,16,32768,1000,1000
6539,1434,21,1454,a1,4,16384,1000,1000
6540,1434,23,1454,a1,2,4096,1000,1000
6541,1434,17,1454,a1,4,8192,1000,1000
6542,1434,19,1454,a1,8,16384,1000,1000
6543,1434,21,1454,a1,16,32768,1000,1000
6544,1435,25,1455,a1,4,16384,1000,1000
6545,1436,19,1456,a1,2,4096,1000,1000
6546,1437,21,1457,a1,4,8192,1000,1000
6547,1438,21,1458,a1,8,16384,1000,1000
6548,1438,19,1458,a1,16,32768,1000,1000
6549,1438,18,1458,a1,4,16384,1000,1000
6550,1438,19,1458,a1,2,4096,1000,1000
6551,1438,16,1458,a1,4,8192,1000,1000
6552,1438,21,1458,a1,8,16384,1000,1000
6553,1438,25,1458,a1,16,32768,1000,1000
6554,1438,19,1458,a1,4,16384,1000,1000
6555,1438,20,1458,a1,2,4096,1000,1000
6556,1438,19,1458,a1,4,8192,1000,1000
6557,1439,20,1459,a1,8,16384,1000,1000
6558,1440,20,1460,a1,16,32768,1000,1000
6559,1441,24,1461,a1,4,16384,1000,1000
6560,1441,16,1461,a1,2,4096,1000,1000
6561,1441,18,1461,a1,4,8192,1000,1000
6562,1441,22,1461,a1,8,16384,1000,1000
6563,1441,16,1461,a1,16,32768,1000,1000
6564,1441,21,1461,a1,4,16384,1000,1000
6565,1441,24,1461,a1,2,4096,1000,1000
6566,1441,19,1461,a1,4,8192,1000,1000
6567,1441,18,1461,a1,8,16384,1000,1000
6568,1441,15,1461,a1,16,32768,1000,1000
6569,1441,20,1461,a1,4,16384,1000,1000
6570,1441,19,1461,a1,2,4096,1000,1000
6571,1441,23,1461,a1,4,8192,1000,1000
6572,1442,21,1462,a1,8,16384,1000,1000
6573,1443,15,1463,a1,16,32768,1000,1000
6574,1443,14,1463,a1,4,16384,1000,1000
6575,1444,21,1464,a1,2,4096,1000,1000
6576,1444,22,1464,a1,4,8192,1000,1000
6577,1444,20,1464,a1,8,16384,1000,1000
6578,1444,16,1464,a1,16,32768,1000,1000
6579,1444,23,1464,a1,4,16384,1000,1000
6580,1444,24,1464,a1,2,4096,1000,1000
6581,1444,18,1464,a1,4,8192,1000,1000
6582,1444,17,1464,a1,8,16384,1000,1000
6583,1444,16,1464,a1,16,32768,1000,1000
6584,1444,17,1464,a1,4,16384,1000,1000
6585,1444,16,1464,a1,2,4096,1000,1000
6586,1444,16,1464,a1,4,8192,1000,1000
6587,1444,21,1464,a1,8,16384,1000,1000
6588,1444,20,1464,a1,16,32768,1000,1000
6589,1444,22,1464,a1,4,16384,1000,1000
6590,1444,24,1464,a1,2,4096,1000,1000
6591,1444,25,1464,a1,4,8192,1000,1000
6592,1444,17,1464,a1,8,16384,1000,1000
6593,1444,20,1464,a1,16,32768,1000,1000
6594,1444,23,1464,a1,4,16384,1000,1000
6595,1444,17,1464,a1,2,4096,1000,1000
6596,1444,16,1464,a1,4,8192,1000,1000
6597,1445,23,1465,a1,8,16384,1000,1000
6598,1446,21,1466,a1,16,32768,1000,1000
6599,1446,16,1466,a1,4,16384,1000,1000
6600,1446,16,1466,a1,2,4096,1000,1000
6601,1446,14,1466,a1,4,8192,1000,1000
6602,1446,20,1466,a1,8,16384,1000,1000
6603,1446,22,1466,a1,16,32768,1000,1000
6604,1446,19,1466,a1,4,16384,1000,1000
6605,1446,26,1466,a1,2,4096,1000,1000
6606,1446,20,1466,a1,4,8192,1000,1000
6607,1447,22,1467,a1,8,16384,1000,1000
6608,1447,22,1467,a1,16,32768,1000,1000
6609,1448,19,1468,a1,4,16384,1000,1000
6610,1449,17,1469,a1,2,4096,1000,1000
6611,1450,14,1470,a1,4,8192,1000,1000
6612,1451,15,1471,a1,8,16384,1000,1000
6613,1452,23,1472,a1,16,32768,1000,1000
6614,1453,20,1473,a1,4,16384,1000,1000
6615,1454,23,1474,a1,2,4096,1000,1000
6616,1455,22,1475,a1,4,8192,1000,1000
6617,1456,21,1476,a1,8,16384,1000,1000
6618,1457,22,1477,a1,16,32768,1000,1000
6619,1458,19,1478,a1,4,16384,1000,1000
6620,1458,20,1478,a1,2,4096,1000,1000
6621,1458,20,1478,a1,4,8192,1000,1000
6622,1458,17,1478,a1,8,16384,1000,1000
6623,1459,23,1479,a1,16,32768,1000,1000
6624,1459,18,1479,a1,4,16384,1000,1000
6625,1459,23,1479,a1,2,4096,1000,1000
6626,1459,21,1479,a1,4,8192,1000,1000
6627,1459,26,1479,a1,8,16384,1000,1000
6628,1459,10,1479,a1,16,32768,1000,1000
6629,1459,20,1479,a1,4,16384,1000,1000
6630,1459,16,1479,a1,2,4096,1000,1000
6631,1460,23,1480,a1,4,8192,1000,1000
6632,1461,19,1481,a1,8,16384,1000,1000
6633,1462,27,1482,a1,16,32768,1000,1000
6634,1463,21,1483,a1,4,16384,1000,1000
6635,1464,22,1484,a1,2,4096,1000,1000
6636,1464,16,1484,a1,4,8192,1000,1000
6637,1464,27,1484,a1,8,16384,1000,1000
6638,1464,20,1484,a1,16,32768,1000,1000
6639,1464,20,1484,a1,4,16384,1000,1000
6640,1465,20,1485,a1,2,4096,1000,1000
6641,1465,20,1485,a1,4,8192,1000,1000
6642,1465,16,1485,a1,8,16384,1000,1000
6643,1466,16,1486,a1,16,32768,1000,1000
6644,1466,24,1486,a1,4,16384,1000,1000
6645,1466,20,1486,a1,2,4096,1000,1000
6646,1466,20,1486,a1,4,8192,1000,1000
6647,1466,23,1486,a1,8,16384,1000,1000
6648,1466,19,1486,a1,16,32768,1000,1000
6649,1466,20,1486,a1,4,16384,1000,1000
6650,1466,18,1486,a1,2,4096,1000,1000
6651,1466,16,1486,a1,4,8192,1000,1000
6652,1466,20,1486,a1,8,16384,1000,1000
6653,1466,20,1486,a1,16,32768,1000,1000
6654,1466,14,1486,a1,4,16384,1000,1000
6655,1466,21,1486,a1,2,4096,1000,1000
6656,1466,18,1486,a1,4,8192,1000,1000
6657,1466,23,1486,a1,8,16384,1000,1000
6658,1466,16,1486,a1,16,32768,1000,1000
6659,1466,24,1486,a1,4,16384,1000,1000
6660,1466,19,1486,a1,2,4096,1000,1000
6661,1467,21,1487,a1,4,8192,1000,1000
6662,1468,15,1488,a1,8,16384,1000,1000
6663,1469,21,1489,a1,16,32768,1000,1000
6664,1469,17,1489,a1,4,16384,1000,1000
6665,1469,17,1489,a1,2,4096,1000,1000
6666,1469,20,1489,a1,4,8192,1000,1000
6667,1469,19,1489,a1,8,16384,1000,1000
6668,1469,19,1489,a1,16,32768,1000,1000
6669,1469,16,1489,a1,4,16384,1000,1000
6670,1469,23,1489,a1,2,4096,1000,1000
6671,1469,17,1489,a1,4,8192,1000,1000
6672,1469,17,1489,a1,8,16384,1000,1000
6673,1469,21,1489,a1,16,32768,1000,1000
6674,1469,23,1489,a1,4,16384,1000,1000
6675,1469,17,1489,a1,2,4096,1000,1000
6676,1469,21,1489,a1,4,8192,1000,1000
6677,1469,21,1489,a1,8,16384,1000,1000
6678,1469,21,1489,a1,16,32768,1000,1000
6679,1470,17,1490,a1,4,16384,1000,1000
6680,1470,17,1490,a1,2,4096,1000,1000
6681,1470,22,1490,a1,4,8192,1000,1000
6682,1471,19,1491,a1,8,16384,1000,1000
6683,1471,16,1491,a1,16,32768,1000,1000
6684,1471,22,1491,a1,4,16384,1000,1000
6685,1471,22,1491,a1,2,4096,1000,1000
6686,1471,23,1491,a1,4,8192,1000,1000
6687,1471,19,1491,a1,8,16384,1000,1000
6688,1471,21,1491,a1,16,32768,1000,1000
6689,1471,15,1491,a1,4,16384,1000,1000
6690,1471,17,1491,a1,2,4096,1000,1000
6691,1472,15,1492,a1,4,8192,1000,1000
6692,1472,18,1492,a1,8,16384,1000,1000
6693,1472,22,1492,a1,16,32768,1000,1000
6694,1472,20,1492,a1,4,16384,1000,1000
6695,1472,23,1492,a1,2,4096,1000,1000
6696,1472,20,1492,a1,4,8192,1000,1000
6697,1472,19,1492,a1,8,16384,1000,1000
6698,1472,16,1492,a1,16,32768,1000,1000
6699,1472,16,1492,a1,4,16384,1000,1000
6700,1472,13,1492,a1,2,4096,1000,1000
6701,1472,23,1492,a1,4,8192,1000,1000
6702,1472,25,1492,a1,8,16384,1000,1000
6703,1472,20,1492,a1,16,32768,1000,1000
6704,1472,17,1492,a1,4,16384,1000,1000
6705,1472,16,1492,a1,2,4096,1000,1000
6706,1472,22,1492,a1,4,8192,1000,1000
6707,1473,14,1493,a1,8,16384,1000,1000
6708,1473,18,1493,a1,16,32768,1000,1000
6709,1473,17,1493,a1,4,16384,1000,1000
6710,1473,24,1493,a1,2,4096,1000,1000
6711,1473,17,1493,a1,4,8192,1000,1000
6712,1473,23,1493,a1,8,16384,1000,1000
6713,1474,19,1494,a1,16,32768,1000,1000
6714,1474,18,1494,a1,4,16384,1000,1000
6715,1474,23,1494,a1,2,4096,1000,1000
6716,1474,25,1494,a1,4,8192,1000,1000
6717,1474,19,1494,a1,8,16384,1000,1000
6718,1474,20,1494,a1,16,32768,1000,1000
6719,1474,22,1494,a1,4,16384,1000,1000
6720,1474,22,1494,a1,2,4096,1000,1000
6721,1474,15,1494,a1,4,8192,1000,1000
6722,1474,18,1494,a1,8,16384,1000,1000
6723,1474,20,1494,a1,16,32768,1000,1000
6724,1474,19,1494,a1,4,16384,1000,1000
6725,1474,17,1494,a1,2,4096,1000,1000
6726,1474,18,1494,a1,4,8192,1000,1000
6727,1474,22,1494,a1,8,16384,1000,1000
6728,1475,24,1495,a1,16,32768,1000,1000
6729,1475,18,1495,a1,4,16384,1000,1000
6730,1475,15,1495,a1,2,4096,1000,1000
6731,1475,24,1495,a1,4,8192,1000,1000
6732,1475,22,1495,a1,8,16384,1000,1000
6733,1475,19,1495,a1,16,32768,1000,1000
6734,1476,17,1496,a1,4,16384,1000,1000
6735,1476,20,1496,a1,2,4096,1000,1000
6736,1476,16,1496,a1,4,8192,1000,1000
6737,1476,23,1496,a1,8,16384,1000,1000
6738,1476,18,1496,a1,16,32768,1000,1000
6739,1477,19,1497,a1,4,16384,1000,1000
6740,1477,17,1497,a1,2,4096,1000,1000
6741,1477,19,1497,a1,4,8192,1000,1000
6742,1477,21,1497,a1,8,16384,1000,1000
6743,1477,20,1497,a1,16,32768,1000,1000
6744,1477,19,1497,a1,4,16384,1000,1000
6745,1478,23,1498,a1,2,4096,1000,1000
6746,1479,16,1499,a1,4,8192,1000,1000
6747,1480,22,1500,a1,8,16384,1000,1000
6748,1481,17,1501,a1,16,32768,1000,1000
6749,1482,17,1502,a1,4,16384,1000,1000
6750,1483,15,1503,a1,2,4096,1000,1000
6751,1483,18,1503,a1,4,8192,1000,1000
6752,1483,20,1503,a1,8,16384,1000,1000
6753,1483,15,1503,a1,16,32768,1000,1000
6754,1483,10,1503,a1,4,16384,1000,1000
6755,1483,24,1503,a1,2,4096,1000,1000
6756,1483,24,1503,a1,4,8192,1000,1000
6757,1483,15,1503,a1,8,16384,1000,1000
6758,1483,19,1503,a1,16,32768,1000,1000
6759,1483,16,1503,a1,4,16384,1000,1000
6760,1483,15,1503,a1,2,4096,1000,1000
6761,1483,16,1503,a1,4,8192,1000,1000
6762,1483,16,1503,a1,8,16384,1000,1000
6763,1483,17,1503,a1,16,32768,1000,1000
6764,1483,21,1503,a1,4,16384,1000,1000
6765,1483,22,1503,a1,2,4096,1000,1000
6766,1483,21,1503,a1,4,8192,1000,1000
6767,1483,17,1503,a1,8,16384,1000,1000
6768,1483,18,1503,a1,16,32768,1000,1000
6769,1483,24,1503,a1,4,16384,1000,1000
6770,1484,16,1504,a1,2,4096,1000,1000
6771,1485,20,1505,a1,4,8192,1000,1000
6772,1486,20,1506,a1,8,16384,1000,1000
6773,1487,21,1507,a1,16,32768,1000,1000
6774,1487,20,1507,a1,4,16384,1000,1000
6775,1487,19,1507,a1,2,4096,1000,1000
6776,1487,22,1507,a1,4,8192,1000,1000
6777,1487,18,1507,a1,8,16384,1000,1000
6778,1487,19,1507,a1,16,32768,1000,1000
6779,1488,20,1508,a1,4,16384,1000,1000
6780,1489,20,1509,a1,2,4096,1000,1000
6781,1490,18,1510,a1,4,8192,1000,1000
6782,1491,22,1511,a1,8,16384,1000,1000
6783,1492,24,1512,a1,16,32768,1000,1000
6784,1492,21,1512,a1,4,16384,1000,1000
6785,1492,22,1512,a1,2,4096,1000,1000
6786,1492,13,1512,a1,4,8192,1000,1000
6787,1492,22,1512,a1,8,16384,1000,1000
6788,1492,16,1512,a1,16,32768,1000,1000
6789,1492,23,1512,a1,4,16384,1000,1000
6790,1492,18,1512,a1,2,4096,1000,1000
6791,1492,10,1512,a1,4,8192,1000,1000
6792,1492,23,1512,a1,8,16384,1000,1000
6793,1492,17,1512,a1,16,32768,1000,1000
6794,1492,20,1512,a1,4,16384,1000,1000
6795,1493,17,1513,a1,2,4096,1000,1000
6796,1493,17,1513,a1,4,8192,1000,1000
6797,1493,15,1513,a1,8,16384,1000,1000
6798,1493,28,1513,a1,16,32768,1000,1000
6799,1493,17,1513,a1,4,16384,1000,1000
6800,1493,22,1513,a1,2,4096,1000,1000
6801,1493,22,1513,a1,4,8192,1000,1000
6802,1493,18,1513,a1,8,16384,1000,1000
6803,1493,23,1513,a1,16,32768,1000,1000
6804,1493,23,1513,a1,4,16384,1000,1000
6805,1494,17,1514,a1,2,4096,1000,1000
6806,1495,23,1515,a1,4,8192,1000,1000
6807,1496,23,1516,a1,8,16384,1000,1000
6808,1496,23,1516,a1,16,32768,1000,1000
6809,1497,20,1517,a1,4,16384,1000,1000
6810,1497,24,1517,a1,2,4096,1000,1000
6811,1497,19,1517,a1,4,8192,1000,1000
6812,1497,22,1517,a1,8,16384,1000,1000
6813,1497,21,1517,a1,16,32768,1000,1000
6814,1497,16,1517,a1,4,16384,1000,1000
6815,1497,13,1517,a1,2,4096,1000,1000
6816,1497,14,1517,a1,4,8192,1000,1000
6817,1497,24,1517,a1,8,16384,1000,1000
6818,1498,16,1518,a1,16,32768,1000,1000
6819,1499,19,1519,a1,4,16384,1000,1000
6820,1499,16,1519,a1,2,4096,1000,1000
6821,1499,17,1519,a1,4,8192,1000,1000
6822,1499,19,1519,a1,8,16384,1000,1000
6823,1499,21,1519,a1,16,32768,1000,1000
6824,1499,17,1519,a1,4,16384,1000,1000
6825,1499,18,1519,a1,2,4096,1000,1000
6826,1499,20,1519,a1,4,8192,1000,1000
6827,1500,18,1520,a1,8,16384,1000,1000
6828,1500,23,1520,a1,16,32768,1000,1000
6829,1501,21,1521,a1,4,16384,1000,1000
6830,1502,19,1522,a1,2,4096,1000,1000
6831,1502,19,1522,a1,4,8192,1000,1000
6832,1503,24,1523,a1,8,16384,1000,1000
6833,1504,16,1524,a1,16,32768,1000,1000
6834,1505,18,1525,a1,4,16384,1000,1000
6835,1505,18,1525,a1,2,4096,1000,1000
6836,1506,17,1526,a1,4,8192,1000,1000
6837,1506,14,1526,a1,8,16384,1000,1000
6838,1506,15,1526,a1,16,32768,1000,1000
6839,1506,18,1526,a1,4,16384,1000,1000
6840,1506,17,1526,a1,2,4096,1000,1000
6841,1506,14,1526,a1,4,8192,1000,1000
6842,1506,20,1526,a1,8,16384,1000,1000
6843,1506,16,1526,a1,16,32768,1000,1000
6844,1506,22,1526,a1,4,16384,1000,1000
6845,1506,22,1526,a1,2,4096,1000,1000
6846,1506,30,1526,a1,4,8192,1000,1000
6847,1506,16,1526,a1,8,16384,1000,1000
6848,1506,16,1526,a1,16,32768,1000,1000
6849,1506,20,1526,a1,4,16384,1000,1000
6850,1506,22,1526,a1,2,4096,1000,1000
6851,1506,17,1526,a1,4,8192,1000,1000
6852,1506,15,1526,a1,8,16384,1000,1000
6853,1506,20,1526,a1,16,32768,1000,1000
6854,1506,22,1526,a1,4,16384,1000,1000
6855,1506,25,1526,a1,2,4096,1000,1000
6856,1506,26,1526,a1,4,8192,1000,1000
6857,1506,21,1526,a1,8,16384,1000,1000
6858,1506,13,1526,a1,16,32768,1000,1000
6859,1506,15,1526,a1,4,16384,1000,1000
6860,1506,20,1526,a1,2,4096,1000,1000
6861,1506,22,1526,a1,4,8192,1000,1000
6862,1506,21,1526,a1,8,16384,1000,1000
6863,1506,22,1526,a1,16,32768,1000,1000
6864,1506,10,1526,a1,4,16384,1000,1000
6865,1506,14,1526,a1,2,4096,1000,1000
6866,1506,23,1526,a1,4,8192,1000,1000
6867,1507,19,1527,a1,8,16384,1000,1000
6868,1508,19,1528,a1,16,32768,1000,1000
6869,1508,20,1528,a1,4,16384,1000,1000
6870,1508,21,1528,a1,2,4096,1000,1000
6871,1508,16,1528,a1,4,8192,1000,1000
6872,1509,22,1529,a1,8,16384,1000,1000
6873,1510,17,1530,a1,16,32768,1000,1000
6874,1510,19,1530,a1,4,16384,1000,1000
6875,1510,20,1530,a1,2,4096,1000,1000
6876,1510,20,1530,a1,4,8192,1000,1000
6877,1510,20,1530,a1,8,16384,1000,1000
6878,1510,23,1530,a1,16,32768,1000,1000
6879,1510,19,1530,a1,4,16384,1000,1000
6880,1510,19,1530,a1,2,4096,1000,1000
6881,1510,20,1530,a1,4,8192,1000,1000
6882,1510,20,1530,a1,8,16384,1000,1000
6883,1510,25,1530,a1,16,32768,1000,1000
6884,1510,23,1530,a1,4,16384,1000,1000
6885,1510,21,1530,a1,2,4096,1000,1000
6886,1511,20,1531,a1,4,8192,1000,1000
6887,1511,20,1531,a1,8,16384,1000,1000
6888,1511,16,1531,a1,16,32768,1000,1000
6889,1511,21,1531,a1,4,16384,1000,1000
6890,1511,19,1531,a1,2,4096,1000,1000
6891,1511,22,1531,a1,4,8192,1000,1000
6892,1511,19,1531,a1,8,16384,1000,1000
6893,1511,20,1531,a1,16,32768,1000,1000
6894,1511,21,1531,a1,4,16384,1000,1000
6895,1512,20,1532,a1,2,4096,1000,1000
6896,1513,16,1533,a1,4,8192,1000,1000
6897,1513,21,1533,a1,8,16384,1000,1000
6898,1513,24,1533,a1,16,32768,1000,1000
6899,1513,22,1533,a1,4,16384,1000,1000
6900,1513,24,1533,a1,2,4096,1000,1000
6901,1513,14,1533,a1,4,8192,1000,1000
6902,1513,18,1533,a1,8,16384,1000,1000
6903,1513,28,1533,a1,16,32768,1000,1000
6904,1513,19,1533,a1,4,16384,1000,1000
6905,1513,20,1533,a1,2,4096,1000,1000
6906,1514,19,1534,a1,4,8192,1000,1000
6907,1515,23,1535,a1,8,16384,1000,1000
6908,1515,16,1535,a1,16,32768,1000,1000
6909,1515,16,1535,a1,4,16384,1000,1000
6910,1515,15,1535,a1,2,4096,1000,1000
6911,1515,20,1535,a1,4,8192,1000,1000
6912,1516,16,1536,a1,8,16384,1000,1000
6913,1516,18,1536,a1,16,32768,1000,1000
6914,1516,22,1536,a1,4,16384,1000,1000
6915,1516,17,1536,a1,2,4096,1000,1000
6916,1516,23,1536,a1,4,8192,1000,1000
6917,1516,21,1536,a1,8,16384,1000,1000
6918,1516,20,1536,a1,16,32768,1000,1000
6919,1517,16,1537,a1,4,16384,1000,1000
6920,1518,21,1538,a1,2,4096,1000,1000
6921,1519,20,1539,a1,4,8192,1000,1000
6922,1520,19,1540,a1,8,16384,1000,1000
6923,1520,20,1540,a1,16,32768,1000,1000
6924,1520,16,1540,a1,4,16384,1000,1000
6925,1520,17,1540,a1,2,4096,1000,1000
6926,1520,15,1540,a1,4,8192,1000,1000
6927,1520,16,1540,a1,8,16384,1000,1000
6928,1520,20,1540,a1,16,32768,1000,1000
6929,1520,20,1540,a1,4,16384,1000,1000
6930,1520,22,1540,a1,2,4096,1000,1000
6931,1520,20,1540,a1,4,8192,1000,1000
6932,1520,21,1540,a1,8,16384,1000,1000
6933,1520,19,1540,a1,16,32768,1000,1000
6934,1520,15,1540,a1,4,16384,1000,1000
6935,1520,18,1540,a1,2,4096,1000,1000
6936,1520,20,1540,a1,4,8192,1000,1000
6937,1520,22,1540,a1,8,16384,1000,1000
6938,1520,16,1540,a1,16,32768,1000,1000
6939,1520,20,1540,a1,4,16384,1000,1000
6940,1520,23,1540,a1,2,4096,1000,1000
6941,1520,16,1540,a1,4,8192,1000,1000
6942,1520,20,1540,a1,8,16384,1000,1000
6943,1521,19,1541,a1,16,32768,1000,1000
6944,1522,21,1542,a1,4,16384,1000,1000
6945,1522,20,1542,a1,2,4096,1000,1000
6946,1522,18,1542,a1,4,8192,1000,1000
6947,1522,15,1542,a1,8,16384,1000,1000
6948,1522,21,1542,a1,16,32768,1000,1000
6949,1522,19,1542,a1,4,16384,1000,1000
6950,1522,22,1542,a1,2,4096,1000,1000
6951,1522,21,1542,a1,4,8192,1000,1000
6952,1523,20,1543,a1,8,16384,1000,1000
6953,1523,21,1543,a1,16,32768,1000,1000
6954,1523,21,1543,a1,4,16384,1000,1000
6955,1524,22,1544,a1,2,4096,1000,1000
6956,1525,16,1545,a1,4,8192,1000,1000
6957,1525,23,1545,a1,8,16384,1000,1000
6958,1525,18,1545,a1,16,32768,1000,1000
6959,1525,17,1545,a1,4,16384,1000,1000
6960,1526,17,1546,a1,2,4096,1000,1000
6961,1526,17,1546,a1,4,8192,1000,1000
6962,1526,11,1546,a1,8,16384,1000,1000
6963,1527,19,1547,a1,16,32768,1000,1000
6964,1528,21,1548,a1,4,16384,1000,1000
6965,1528,16,1548,a1,2,4096,1000,1000
6966,1529,16,1549,a1,4,8192,1000,1000
6967,1530,16,1550,a1,8,16384,1000,1000
6968,1531,19,1551,a1,16,32768,1000,1000
6969,1531,16,1551,a1,4,16384,1000,1000
6970,1531,22,1551,a1,2,4096,1000,1000
6971,1531,16,1551,a1,4,8192,1000,1000
6972,1532,21,1552,a1,8,16384,1000,1000
6973,1532,20,1552,a1,16,32768,1000,1000
6974,1532,23,1552,a1,4,16384,1000,1000
6975,1532,21,1552,a1,2,4096,1000,1000
6976,1532,19,1552,a1,4,8192,1000,1000
6977,1532,13,1552,a1,8,16384,1000,1000
6978,1532,17,1552,a1,16,32768,1000,1000
6979,1532,24,1552,a1,4,16384,1000,1000
6980,1532,19,1552,a1,2,4096,1000,1000
6981,1532,25,1552,a1,4,8192,1000,1000
6982,1532,20,1552,a1,8,16384,1000,1000
6983,1532,25,1552,a1,16,32768,1000,1000
6984,1532,13,1552,a1,4,16384,1000,1000
6985,1533,15,1553,a1,2,4096,1000,1000
6986,1534,16,1554,a1,4,8192,1000,1000
6987,1534,20,1554,a1,8,16384,1000,1000
6988,1534,18,1554,a1,16,32768,1000,1000
6989,1534,26,1554,a1,4,16384,1000,1000
6990,1534,15,1554,a1,2,4096,1000,1000
6991,1534,22,1554,a1,4,8192,1000,1000
6992,1534,16,1554,a1,8,16384,1000,1000
6993,1534,23,1554,a1,16,32768,1000,1000
6994,1534,19,1554,a1,4,16384,1000,1000
6995,1534,20,1554,a1,2,4096,1000,1000
6996,1534,23,1554,a1,4,8192,1000,1000
6997,1534,24,1554,a1,8,16384,1000,1000
6998,1534,21,1554,a1,16,32768,1000,1000
6999,1534,18,1554,a1,4,16384,1000,1000
7000,1534,21,1554,a1,2,4096,1000,1000
7001,1534,20,1554,a1,4,8192,1000,1000
7002,1534,17,1554,a1,8,16384,1000,1000
7003,1534,19,1554,a1,16,32768,1000,1000
7004,1534,19,1554,a1,4,16384,1000,1000
7005,1535,20,1555,a1,2,4096,1000,1000
7006,1536,21,1556,a1,4,8192,1000,1000
7007,1536,25,1556,a1,8,16384,1000,1000
7008,1536,24,1556,a1,16,32768,1000,1000
7009,1536,21,1556,a1,4,16384,1000,1000
7010,1537,25,1557,a1,2,4096,1000,1000
7011,1538,15,1558,a1,4,8192,1000,1000
7012,1539,19,1559,a1,8,16384,1000,1000
7013,1539,20,1559,a1,16,32768,1000,1000
7014,1539,21,1559,a1,4,16384,1000,1000
7015,1540,17,1560,a1,2,4096,1000,1000
7016,1541,17,1561,a1,4,8192,1000,1000
7017,1542,25,1562,a1,8,16384,1000,1000
7018,1543,22,1563,a1,16,32768,1000,1000
7019,1544,16,1564,a1,4,16384,1000,1000
7020,1545,19,1565,a1,2,4096,1000,1000
7021,1546,13,1566,a1,4,8192,1000,1000
7022,1546,17,1566,a1,8,16384,1000,1000
7023,1546,15,1566,a1,16,32768,1000,1000
7024,1546,11,1566,a1,4,16384,1000,1000
7025,1546,20,1566,a1,2,4096,1000,1000
7026,1547,19,1567,a1,4,8192,1000,1000
7027,1548,22,1568,a1,8,16384,1000,1000
7028,1548,17,1568,a1,16,32768,1000,1000
7029,1548,21,1568,a1,4,16384,1000,1000
7030,1548,15,1568,a1,2,4096,1000,1000
7031,1548,18,1568,a1,4,8192,1000,1000
7032,1548,18,1568,a1,8,16384,1000,1000
7033,1548,19,1568,a1,16,32768,1000,1000
7034,1548,14,1568,a1,4,16384,1000,1000
7035,1548,17,1568,a1,2,4096,1000,1000
7036,1548,22,1568,a1,4,8192,1000,1000
7037,1548,14,1568,a1,8,16384,1000,1000
7038,1548,17,1568,a1,16,32768,1000,1000
7039,1548,19,1568,a1,4,16384,1000,1000
7040,1549,20,1569,a1,2,4096,1000,1000
7041,1550,17,1570,a1,4,8192,1000,1000
7042,1550,15,1570,a1,8,16384,1000,1000
7043,1550,23,1570,a1,16,32768,1000,1000
7044,1550,17,1570,a1,4,16384,1000,1000
7045,1550,18,1570,a1,2,4096,1000,1000
7046,1550,20,1570,a1,4,8192,1000,1000
7047,1550,16,1570,a1,8,16384,1000,1000
7048,1550,21,1570,a1,16,32768,1000,1000
7049,1550,20,1570,a1,4,16384,1000,1000
7050,1550,22,1570,a1,2,4096,1000,1000
7051,1550,20,1570,a1,4,8192,1000,1000
7052,1550,18,1570,a1,8,16384,1000,1000
7053,1550,21,1570,a1,16,32768,1000,1000
7054,1550,17,1570,a1,4,16384,1000,1000
7055,1550,12,1570,a1,2,4096,1000,1000
7056,1551,22,1571,a1,4,8192,1000,1000
7057,1552,20,1572,a1,8,16384,1000,1000
7058,1552,20,1572,a1,16,32768,1000,1000
7059,1553,20,1573,a1,4,16384,1000,1000
7060,1554,18,1574,a1,2,4096,1000,1000
7061,1554,24,1574,a1,4,8192,1000,1000
7062,1554,17,1574,a1,8,16384,1000,1000
7063,1554,20,1574,a1,16,32768,1000,1000
7064,1554,22,1574,a1,4,16384,1000,1000
7065,1554,22,1574,a1,2,4096,1000,1000
7066,1554,21,1574,a1,4,8192,1000,1000
7067,1554,17,1574,a1,8,16384,1000,1000
7068,1554,22,1574,a1,16,32768,1000,1000
7069,1554,17,1574,a1,4,16384,1000,1000
7070,1555,23,1575,a1,2,4096,1000,1000
7071,1556,20,1576,a1,4,8192,1000,1000
7072,1556,14,1576,a1,8,16384,1000,1000
7073,1556,19,1576,a1,16,32768,1000,1000
7074,1556,17,1576,a1,4,16384,1000,1000
7075,1556,20,1576,a1,2,4096,1000,1000
7076,1556,25,1576,a1,4,8192,1000,1000
7077,1556,24,1576,a1,8,16384,1000,1000
7078,1556,15,1576,a1,16,32768,1000,1000
7079,1557,18,1577,a1,4,16384,1000,1000
7080,1558,14,1578,a1,2,4096,1000,1000
7081,1559,22,1579,a1,4,8192,1000,1000
7082,1560,25,1580,a1,8,16384,1000,1000
7083,1561,16,1581,a1,16,32768,1000,1000
7084,1561,19,1581,a1,4,16384,1000,1000
7085,1561,22,1581,a1,2,4096,1000,1000
7086,1561,18,1581,a1,4,8192,1000,1000
7087,1561,21,1581,a1,8,16384,1000,1000
7088,1561,27,1581,a1,16,32768,1000,1000
7089,1561,14,1581,a1,4,16384,1000,1000
7090,1561,22,1581,a1,2,4096,1000,1000
7091,1561,24,1581,a1,4,8192,1000,1000
7092,1561,22,1581,a1,8,16384,1000,1000
7093,1561,16,1581,a1,16,32768,1000,1000
7094,1561,16,1581,a1,4,16384,1000,1000
7095,1561,19,1581,a1,2,4096,1000,1000
7096,1561,21,1581,a1,4,8192,1000,1000
7097,1561,27,1581,a1,8,16384,1000,1000
7098,1561,19,1581,a1,16,32768,1000,1000
7099,1561,20,1581,a1,4,16384,1000,1000
7100,1561,16,1581,a1,2,4096,1000,1000
7101,1562,21,1582,a1,4,8192,1000,1000
7102,1562,17,1582,a1,8,16384,1000,1000
7103,1562,20,1582,a1,16,32768,1000,1000
7104,1562,13,1582,a1,4,16384,1000,1000
7105,1562,20,1582,a1,2,4096,1000,1000
7106,1562,21,1582,a1,4,8192,1000,1000
7107,1562,18,1582,a1,8,16384,1000,1000
7108,1562,15,1582,a1,16,32768,1000,1000
7109,1562,22,1582,a1,4,16384,1000,1000
7110,1562,19,1582,a1,2,4096,1000,1000
7111,1562,24,1582,a1,4,8192,1000,1000
7112,1562,13,1582,a1,8,16384,1000,1000
7113,1562,18,1582,a1,16,32768,1000,1000
7114,1562,18,1582,a1,4,16384,1000,1000
7115,1563,21,1583,a1,2,4096,1000,1000
7116,1564,20,1584,a1,4,8192,1000,1000
7117,1565,17,1585,a1,8,16384,1000,1000
7118,1565,20,1585,a1,16,32768,1000,1000
7119,1566,24,1586,a1,4,16384,1000,1000
7120,1566,26,1586,a1,2,4096,1000,1000
7121,1566,22,1586,a1,4,8192,1000,1000
7122,1566,17,1586,a1,8,16384,1000,1000
7123,1566,18,1586,a1,16,32768,1000,1000
7124,1566,16,1586,a1,4,16384,1000,1000
7125,1566,21,1586,a1,2,4096,1000,1000
7126,1566,17,1586,a1,4,8192,1000,1000
7127,1567,17,1587,a1,8,16384,1000,1000
7128,1567,26,1587,a1,16,32768,1000,1000
7129,1567,18,1587,a1,4,16384,1000,1000
7130,1567,25,1587,a1,2,4096,1000,1000
7131,1567,20,1587,a1,4,8192,1000,1000
7132,1567,18,1587,a1,8,16384,1000,1000
7133,1568,23,1588,a1,16,32768,1000,1000
7134,1568,17,1588,a1,4,16384,1000,1000
7135,1568,19,1588,a1,2,4096,1000,1000
7136,1568,26,1588,a1,4,8192,1000,1000
7137,1568,16,1588,a1,8,16384,1000,1000
7138,1568,22,1588,a1,16,32768,1000,1000
7139,1568,20,1588,a1,4,16384,1000,1000
7140,1568,18,1588,a1,2,4096,1000,1000
7141,1568,20,1588,a1,4,8192,1000,1000
7142,1569,23,1589,a1,8,16384,1000,1000
7143,1570,20,1590,a1,16,32768,1000,1000
7144,1570,22,1590,a1,4,16384,1000,1000
7145,1570,20,1590,a1,2,4096,1000,1000
7146,1570,22,1590,a1,4,8192,1000,1000
7147,1570,21,1590,a1,8,16384,1000,1000
7148,1570,16,1590,a1,16,32768,1000,1000
7149,1570,22,1590,a1,4,16384,1000,1000
7150,1570,17,1590,a1,2,4096,1000,1000
7151,1570,20,1590,a1,4,8192,1000,1000
7152,1570,22,1590,a1,8,16384,1000,1000
7153,1570,18,1590,a1,16,32768,1000,1000
7154,1570,23,1590,a1,4,16384,1000,1000
7155,1570,20,1590,a1,2,4096,1000,1000
7156,1570,19,1590,a1,4,8192,1000,1000
7157,1570,21,1590,a1,8,16384,1000,1000
7158,1570,19,1590,a1,16,32768,1000,1000
7159,1570,18,1590,a1,4,16384,1000,1000
7160,1570,23,1590,a1,2,4096,1000,1000
7161,1570,21,1590,a1,4,8192,1000,1000
7162,1570,20,1590,a1,8,16384,1000,1000
7163,1570,13,1590,a1,16,32768,1000,1000
7164,1570,18,1590,a1,4,16384,1000,1000
7165,1570,20,1590,a1,2,4096,1000,1000
7166,1570,19,1590,a1,4,8192,1000,1000
7167,1570,23,1590,a1,8,16384,1000,1000
7168,1570,20,1590,a1,16,32768,1000,1000
7169,1570,18,1590,a1,4,16384,1000,1000
7170,1571,22,1591,a1,2,4096,1000,1000
7171,1572,18,1592,a1,4,8192,1000,1000
7172,1573,21,1593,a1,8,16384,1000,1000
7173,1574,17,1594,a1,16,32768,1000,1000
7174,1574,19,1594,a1,4,16384,1000,1000
7175,1574,20,1594,a1,2,4096,1000,1000
7176,1574,19,1594,a1,4,8192,1000,1000
7177,1574,24,1594,a1,8,16384,1000,1000
7178,1574,18,1594,a1,16,32768,1000,1000
7179,1574,17,1594,a1,4,16384,1000,1000
7180,1574,18,1594,a1,2,4096,1000,1000
7181,1574,15,1594,a1,4,8192,1000,1000
7182,1574,20,1594,a1,8,16384,1000,1000
7183,1575,22,1595,a1,16,32768,1000,1000
7184,1576,19,1596,a1,4,16384,1000,1000
7185,1576,26,1596,a1,2,4096,1000,1000
7186,1576,17,1596,a1,4,8192,1000,1000
7187,1576,21,1596,a1,8,16384,1000,1000
7188,1576,23,1596,a1,16,32768,1000,1000
7189,1576,18,1596,a1,4,16384,1000,1000
7190,1576,21,1596,a1,2,4096,1000,1000
7191,1576,22,1596,a1,4,8192,1000,1000
7192,1576,23,1596,a1,8,16384,1000,1000
7193,1576,20,1596,a1,16,32768,1000,1000
7194,1576,19,1596,a1,4,16384,1000,1000
7195,1576,20,1596,a1,2,4096,1000,1000
7196,1576,20,1596,a1,4,8192,1000,1000
7197,1576,14,1596,a1,8,16384,1000,1000
7198,1576,15,1596,a1,16,32768,1000,1000
7199,1576,21,1596,a1,4,16384,1000,1000
7200,1576,19,1596,a1,2,4096,1000,1000
7201,1576,20,1596,a1,4,8192,1000,1000
7202,1577,18,1597,a1,8,16384,1000,1000
7203,1578,21,1598,a1,16,32768,1000,1000
7204,1579,13,1599,a1,4,16384,1000,1000
7205,1580,17,1600,a1,2,4096,1000,1000
7206,1581,19,1601,a1,4,8192,1000,1000
7207,1581,18,1601,a1,8,16384,1000,1000
7208,1581,14,1601,a1,16,32768,1000,1000
7209,1581,21,1601,a1,4,16384,1000,1000
7210,1581,23,1601,a1,2,4096,1000,1000
7211,1581,24,1601,a1,4,8192,1000,1000
7212,1581,18,1601,a1,8,16384,1000,1000
7213,1581,24,1601,a1,16,32768,1000,1000
7214,1581,19,1601,a1,4,16384,1000,1000
7215,1581,18,1601,a1,2,4096,1000,1000
7216,1581,15,1601,a1,4,8192,1000,1000
7217,1581,16,1601,a1,8,16384,1000,1000
7218,1581,20,1601,a1,16,32768,1000,1000
7219,1582,16,1602,a1,4,16384,1000,1000
7220,1583,21,1603,a1,2,4096,1000,1000
7221,1583,21,1603,a1,4,8192,1000,1000
7222,1583,21,1603,a1,8,16384,1000,1000
7223,1583,18,1603,a1,16,32768,1000,1000
7224,1583,17,1603,a1,4,16384,1000,1000
7225,1583,23,1603,a1,2,4096,1000,1000
7226,1583,19,1603,a1,4,8192,1000,1000
7227,1583,17,1603,a1,8,16384,1000,1000
7228,1584,22,1604,a1,16,32768,1000,1000
7229,1584,15,1604,a1,4,16384,1000,1000
7230,1584,18,1604,a1,2,4096,1000,1000
7231,1584,24,1604,a1,4,8192,1000,1000
7232,1584,22,1604,a1,8,16384,1000,1000
7233,1584,22,1604,a1,16,32768,1000,1000
7234,1585,18,1605,a1,4,16384,1000,1000
7235,1585,23,1605,a1,2,4096,1000,1000
7236,1585,24,1605,a1,4,8192,1000,1000
7237,1585,26,1605,a1,8,16384,1000,1000
7238,1585,18,1605,a1,16,32768,1000,1000
7239,1585,20,1605,a1,4,16384,1000,1000
7240,1585,18,1605,a1,2,4096,1000,1000
7241,1585,22,1605,a1,4,8192,1000,1000
7242,1585,20,1605,a1,8,16384,1000,1000
7243,1585,18,1605,a1,16,32768,1000,1000
7244,1585,19,1605,a1,4,16384,1000,1000
7245,1585,18,1605,a1,2,4096,1000,1000
7246,1585,20,1605,a1,4,8192,1000,1000
7247,1586,22,1606,a1,8,16384,1000,1000
7248,1586,17,1606,a1,16,32768,1000,1000
7249,1586,22,1606,a1,4,16384,1000,1000
7250,1586,23,1606,a1,2,4096,1000,1000
7251,1586,19,1606,a1,4,8192,1000,1000
7252,1586,19,1606,a1,8,16384,1000,1000
7253,1586,17,1606,a1,16,32768,1000,1000
7254,1586,18,1606,a1,4,16384,1000,1000
7255,1586,20,1606,a1,2,4096,1000,1000
7256,1586,23,1606,a1,4,8192,1000,1000
7257,1587,19,1607,a1,8,16384,1000,1000
7258,1588,18,1608,a1,16,32768,1000,1000
7259,1588,20,1608,a1,4,16384,1000,1000
7260,1588,24,1608,a1,2,4096,1000,1000
7261,1588,17,1608,a1,4,8192,1000,1000
7262,1588,21,1608,a1,8,16384,1000,1000
7263,1588,18,1608,a1,16,32768,1000,1000
7264,1588,18,1608,a1,4,16384,1000,1000
7265,1588,22,1608,a1,2,4096,1000,1000
7266,1588,24,1608,a1,4,8192,1000,1000
7267,1588,23,1608,a1,8,16384,1000,1000
7268,1588,15,1608,a1,16,32768,1000,1000
7269,1588,19,1608,a1,4,16384,1000,1000
7270,1588,16,1608,a1,2,4096,1000,1000
7271,1588,23,1608,a1,4,8192,1000,1000
7272,1588,13,1608,a1,8,16384,1000,1000
7273,1589,17,1609,a1,16,32768,1000,1000
7274,1589,16,1609,a1,4,16384,1000,1000
7275,1589,20,1609,a1,2,4096,1000,1000
7276,1589,21,1609,a1,4,8192,1000,1000
7277,1589,23,1609,a1,8,16384,1000,1000
7278,1589,19,1609,a1,16,32768,1000,1000
7279,1589,20,1609,a1,4,16384,1000,1000
7280,1589,15,1609,a1,2,4096,1000,1000
7281,1590,23,1610,a1,4,8192,1000,1000
7282,1591,19,1611,a1,8,16384,1000,1000
7283,1592,15,1612,a1,16,32768,1000,1000
7284,1592,18,1612,a1,4,16384,1000,1000
7285,1592,17,1612,a1,2,4096,1000,1000
7286,1592,20,1612,a1,4,8192,1000,1000
7287,1592,19,1612,a1,8,16384,1000,1000
7288,1592,20,1612,a1,16,32768,1000,1000
7289,1592,18,1612,a1,4,16384,1000,1000
7290,1592,19,1612,a1,2,4096,1000,1000
7291,1592,16,1612,a1,4,8192,1000,1000
7292,1592,20,1612,a1,8,16384,1000,1000
7293,1592,17,1612,a1,16,32768,1000,1000
7294,1592,16,1612,a1,4,16384,1000,1000
7295,1592,21,1612,a1,2,4096,1000,1000
7296,1592,16,1612,a1,4,8192,1000,1000
7297,1592,19,1612,a1,8,16384,1000,1000
7298,1592,21,1612,a1,16,32768,1000,1000
7299,1592,22,1612,a1,4,16384,1000,1000
7300,1593,23,1613,a1,2,4096,1000,1000
7301,1594,24,1614,a1,4,8192,1000,1000
7302,1595,24,1615,a1,8,16384,1000,1000
7303,1595,21,1615,a1,16,32768,1000,1000
7304,1595,22,1615,a1,4,16384,1000,1000
7305,1595,22,1615,a1,2,4096,1000,1000
7306,1596,15,1616,a1,4,8192,1000,1000
7307,1596,23,1616,a1,8,16384,1000,1000
7308,1596,19,1616,a1,16,32768,1000,1000
7309,1596,17,1616,a1,4,16384,1000,1000
7310,1596,16,1616,a1,2,4096,1000,1000
7311,1596,16,1616,a1,4,8192,1000,1000
7312,1596,18,1616,a1,8,16384,1000,1000
7313,1596,14,1616,a1,16,32768,1000,1000
7314,1596,18,1616,a1,4,16384,1000,1000
7315,1597,20,1617,a1,2,4096,1000,1000
7316,1597,20,1617,a1,4,8192,1000,1000
7317,1597,27,1617,a1,8,16384,1000,1000
7318,1597,26,1617,a1,16,32768,1000,1000
7319,1597,18,1617,a1,4,16384,1000,1000
7320,1597,17,1617,a1,2,4096,1000,1000
7321,1597,24,1617,a1,4,8192,1000,1000
7322,1597,20,1617,a1,8,16384,1000,1000
7323,1598,19,1618,a1,16,32768,1000,1000
7324,1599,18,1619,a1,4,16384,1000,1000
7325,1600,22,1620,a1,2,4096,1000,1000
7326,1600,16,1620,a1,4,8192,1000,1000
7327,1600,16,1620,a1,8,16384,1000,1000
7328,1600,23,1620,a1,16,32768,1000,1000
7329,1600,14,1620,a1,4,16384,1000,1000
7330,1600,17,1620,a1,2,4096,1000,1000
7331,1600,21,1620,a1,4,8192,1000,1000
7332,1600,18,1620,a1,8,16384,1000,1000
7333,1600,17,1620,a1,16,32768,1000,1000
7334,1600,17,1620,a1,4,16384,1000,1000
7335,1600,16,1620,a1,2,4096,1000,1000
7336,1600,17,1620,a1,4,8192,1000,1000
7337,1600,20,1620,a1,8,16384,1000,1000
7338,1601,24,1621,a1,16,32768,1000,1000
7339,1602,22,1622,a1,4,16384,1000,1000
7340,1603,20,1623,a1,2,4096,1000,1000
7341,1603,23,1623,a1,4,8192,1000,1000
7342,1603,22,1623,a1,8,16384,1000,1000
7343,1604,19,1624,a1,16,32768,1000,1000
7344,1604,17,1624,a1,4,16384,1000,1000
7345,1604,23,1624,a1,2,4096,1000,1000
7346,1605,20,1625,a1,4,8192,1000,1000
7347,1605,23,1625,a1,8,16384,1000,1000
7348,1605,23,1625,a1,16,32768,1000,1000
7349,1605,17,1625,a1,4,16384,1000,1000
7350,1605,19,1625,a1,2,4096,1000,1000
7351,1605,25,1625,a1,4,8192,1000,1000
7352,1605,15,1625,a1,8,16384,1000,1000
7353,1605,24,1625,a1,16,32768,1000,1000
7354,1605,17,1625,a1,4,16384,1000,1000
7355,1605,22,1625,a1,2,4096,1000,1000
7356,1605,19,1625,a1,4,8192,1000,1000
7357,1605,17,1625,a1,8,16384,1000,1000
7358,1606,25,1626,a1,16,32768,1000,1000
7359,1606,17,1626,a1,4,16384,1000,1000
7360,1606,19,1626,a1,2,4096,1000,1000
7361,1606,24,1626,a1,4,8192,1000,1000
7362,1606,21,1626,a1,8,16384,1000,1000
7363,1606,16,1626,a1,16,32768,1000,1000
7364,1606,15,1626,a1,4,16384,1000,1000
7365,1606,24,1626,a1,2,4096,1000,1000
7366,1607,16,1627,a1,4,8192,1000,1000
7367,1607,14,1627,a1,8,16384,1000,1000
7368,1607,20,1627,a1,16,32768,1000,1000
7369,1607,22,1627,a1,4,16384,1000,1000
7370,1607,18,1627,a1,2,4096,1000,1000
7371,1607,16,1627,a1,4,8192,1000,1000
7372,1608,18,1628,a1,8,16384,1000,1000
7373,1609,22,1629,a1,16,32768,1000,1000
7374,1609,22,1629,a1,4,16384,1000,1000
7375,1609,18,1629,a1,2,4096,1000,1000
7376,1609,16,1629,a1,4,8192,1000,1000
7377,1610,16,1630,a1,8,16384,1000,1000
7378,1610,22,1630,a1,16,32768,1000,1000
7379,1610,13,1630,a1,4,16384,1000,1000
7380,1610,21,1630,a1,2,4096,1000,1000
7381,1610,16,1630,a1,4,8192,1000,1000
7382,1610,24,1630,a1,8,16384,1000,1000
7383,1611,23,1631,a1,16,32768,1000,1000
7384,1611,24,1631,a1,4,16384,1000,1000
7385,1611,19,1631,a1,2,4096,1000,1000
7386,1611,20,1631,a1,4,8192,1000,1000
7387,1611,18,1631,a1,8,16384,1000,1000
7388,1611,20,1631,a1,16,32768,1000,1000
7389,1611,22,1631,a1,4,16384,1000,1000
7390,1611,18,1631,a1,2,4096,1000,1000
7391,1611,16,1631,a1,4,8192,1000,1000
7392,1611,18,1631,a1,8,16384,1000,1000
7393,1611,21,1631,a1,16,32768,1000,1000
7394,1611,16,1631,a1,4,16384,1000,1000
7395,1612,18,1632,a1,2,4096,1000,1000
7396,1612,20,1632,a1,4,8192,1000,1000
7397,1612,15,1632,a1,8,16384,1000,1000
7398,1612,21,1632,a1,16,32768,1000,1000
7399,1612,20,1632,a1,4,16384,1000,1000
7400,1613,15,1633,a1,2,4096,1000,1000
7401,1614,23,1634,a1,4,8192,1000,1000
7402,1615,20,1635,a1,8,16384,1000,1000
7403,1616,20,1636,a1,16,32768,1000,1000
7404,1616,18,1636,a1,4,16384,1000,1000
7405,1616,21,1636,a1,2,4096,1000,1000
7406,1616,21,1636,a1,4,8192,1000,1000
7407,1616,20,1636,a1,8,16384,1000,1000
7408,1616,20,1636,a1,16,32768,1000,1000
7409,1616,25,1636,a1,4,16384,1000,1000
7410,1616,23,1636,a1,2,4096,1000,1000
7411,1616,19,1636,a1,4,8192,1000,1000
7412,1616,16,1636,a1,8,16384,1000,1000
7413,1616,21,1636,a1,16,32768,1000,1000
7414,1616,19,1636,a1,4,16384,1000,1000
7415,1616,17,1636,a1,2,4096,1000,1000
7416,1616,23,1636,a1,4,8192,1000,1000
7417,1616,15,1636,a1,8,16384,1000,1000
7418,1616,17,1636,a1,16,32768,1000,1000
7419,1616,16,1636,a1,4,16384,1000,1000
7420,1616,21,1636,a1,2,4096,1000,1000
7421,1616,17,1636,a1,4,8192,1000,1000
7422,1616,22,1636,a1,8,16384,1000,1000
7423,1617,19,1637,a1,16,32768,1000,1000
7424,1617,18,1637,a1,4,16384,1000,1000
7425,1617,14,1637,a1,2,4096,1000,1000
7426,1617,20,1637,a1,4,8192,1000,1000
7427,1617,21,1637,a1,8,16384,1000,1000
7428,1617,21,1637,a1,16,32768,1000,1000
7429,1617,18,1637,a1,4,16384,1000,1000
7430,1617,16,1637,a1,2,4096,1000,1000
7431,1617,21,1637,a1,4,8192,1000,1000
7432,1617,27,1637,a1,8,16384,1000,1000
7433,1617,24,1637,a1,16,32768,1000,1000
7434,1617,21,1637,a1,4,16384,1000,1000
7435,1617,19,1637,a1,2,4096,1000,1000
7436,1617,23,1637,a1,4,8192,1000,1000
7437,1617,18,1637,a1,8,16384,1000,1000
7438,1617,22,1637,a1,16,32768,1000,1000
7439,1617,19,1637,a1,4,16384,1000,1000
7440,1617,20,1637,a1,2,4096,1000,1000
7441,1617,21,1637,a1,4,8192,1000,1000
7442,1617,12,1637,a1,8,16384,1000,1000
7443,1618,21,1638,a1,16,32768,1000,1000
7444,1619,22,1639,a1,4,16384,1000,1000
7445,1620,18,1640,a1,2,4096,1000,1000
7446,1620,20,1640,a1,4,8192,1000,1000
7447,1620,20,1640,a1,8,16384,1000,1000
7448,1620,20,1640,a1,16,32768,1000,1000
7449,1620,19,1640,a1,4,16384,1000,1000
7450,1620,25,1640,a1,2,4096,1000,1000
7451,1620,15,1640,a1,4,8192,1000,1000
7452,1620,15,1640,a1,8,16384,1000,1000
7453,1620,25,1640,a1,16,32768,1000,1000
7454,1621,23,1641,a1,4,16384,1000,1000
7455,1621,23,1641,a1,2,4096,1000,1000
7456,1621,19,1641,a1,4,8192,1000,1000
7457,1621,25,1641,a1,8,16384,1000,1000
7458,1621,22,1641,a1,16,32768,1000,1000
7459,1621,19,1641,a1,4,16384,1000,1000
7460,1621,20,1641,a1,2,4096,1000,1000
7461,1621,24,1641,a1,4,8192,1000,1000
7462,1621,18,1641,a1,8,16384,1000,1000
7463,1621,20,1641,a1,16,32768,1000,1000
7464,1621,15,1641,a1,4,16384,1000,1000
7465,1621,18,1641,a1,2,4096,1000,1000
7466,1621,16,1641,a1,4,8192,1000,1000
7467,1621,21,1641,a1,8,16384,1000,1000
7468,1621,15,1641,a1,16,32768,1000,1000
7469,1621,21,1641,a1,4,16384,1000,1000
7470,1621,23,1641,a1,2,4096,1000,1000
7471,1622,17,1642,a1,4,8192,1000,1000
7472,1623,18,1643,a1,8,16384,1000,1000
7473,1623,17,1643,a1,16,32768,1000,1000
7474,1623,18,1643,a1,4,16384,1000,1000
7475,1623,15,1643,a1,2,4096,1000,1000
7476,1623,14,1643,a1,4,8192,1000,1000
7477,1623,17,1643,a1,8,16384,1000,1000
7478,1623,21,1643,a1,16,32768,1000,1000
7479,1623,23,1643,a1,4,16384,1000,1000
7480,1623,20,1643,a1,2,4096,1000,1000
7481,1623,21,1643,a1,4,8192,1000,1000
7482,1624,24,1644,a1,8,16384,1000,1000
7483,1624,15,1644,a1,16,32768,1000,1000
7484,1624,22,1644,a1,4,16384,1000,1000
7485,1624,17,1644,a1,2,4096,1000,1000
7486,1624,17,1644,a1,4,8192,1000,1000
7487,1624,20,1644,a1,8,16384,1000,1000
7488,1624,20,1644,a1,16,32768,1000,1000
7489,1624,22,1644,a1,4,16384,1000,1000
7490,1624,20,1644,a1,2,4096,1000,1000
7491,1624,18,1644,a1,4,8192,1000,1000
7492,1624,20,1644,a1,8,16384,1000,1000
7493,1624,23,1644,a1,16,32768,1000,1000
7494,1624,20,1644,a1,4,16384,1000,1000
7495,1624,19,1644,a1,2,4096,1000,1000
7496,1624,10,1644,a1,4,8192,1000,1000
7497,1624,15,1644,a1,8,16384,1000,1000
7498,1624,20,1644,a1,16,32768,1000,1000
7499,1624,20,1644,a1,4,16384,1000,1000
7500,1624,18,1644,a1,2,4096,1000,1000
7501,1624,22,1644,a1,4,8192,1000,1000
7502,1625,20,1645,a1,8,16384,1000,1000
7503,1626,20,1646,a1,16,32768,1000,1000
7504,1626,21,1646,a1,4,16384,1000,1000
7505,1626,23,1646,a1,2,4096,1000,1000
7506,1626,22,1646,a1,4,8192,1000,1000
7507,1626,21,1646,a1,8,16384,1000,1000
7508,1627,18,1647,a1,16,32768,1000,1000
7509,1628,18,1648,a1,4,16384,1000,1000
7510,1629,21,1649,a1,2,4096,1000,1000
7511,1630,22,1650,a1,4,8192,1000,1000
7512,1630,19,1650,a1,8,16384,1000,1000
7513,1630,13,1650,a1,16,32768,1000,1000
7514,1630,15,1650,a1,4,16384,1000,1000
7515,1631,23,1651,a1,2,4096,1000,1000
7516,1632,23,1652,a1,4,8192,1000,1000
7517,1632,17,1652,a1,8,16384,1000,1000
7518,1632,23,1652,a1,16,32768,1000,1000
7519,1632,14,1652,a1,4,16384,1000,1000
7520,1632,25,1652,a1,2,4096,1000,1000
7521,1632,23,1652,a1,4,8192,1000,1000
7522,1632,20,1652,a1,8,16384,1000,1000
7523,1632,16,1652,a1,16,32768,1000,1000
7524,1632,19,1652,a1,4,16384,1000,1000
7525,1632,19,1652,a1,2,4096,1000,1000
7526,1632,18,1652,a1,4,8192,1000,1000
7527,1632,14,1652,a1,8,16384,1000,1000
7528,1633,19,1653,a1,16,32768,1000,1000
7529,1633,16,1653,a1,4,16384,1000,1000
7530,1634,16,1654,a1,2,4096,1000,1000
7531,1634,15,1654,a1,4,8192,1000,1000
7532,1634,14,1654,a1,8,16384,1000,1000
7533,1635,23,1655,a1,16,32768,1000,1000
7534,1635,18,1655,a1,4,16384,1000,1000
7535,1635,16,1655,a1,2,4096,1000,1000
7536,1635,19,1655,a1,4,8192,1000,1000
7537,1635,21,1655,a1,8,16384,1000,1000
7538,1635,23,1655,a1,16,32768,1000,1000
7539,1635,18,1655,a1,4,16384,1000,1000
7540,1635,17,1655,a1,2,4096,1000,1000
7541,1635,21,1655,a1,4,8192,1000,1000
7542,1635,21,1655,a1,8,16384,1000,1000
7543,1635,23,1655,a1,16,32768,1000,1000
7544,1635,16,1655,a1,4,16384,1000,1000
7545,1635,19,1655,a1,2,4096,1000,1000
7546,1635,16,1655,a1,4,8192,1000,1000
7547,1635,21,1655,a1,8,16384,1000,1000
7548,1635,11,1655,a1,16,32768,1000,1000
7549,1635,17,1655,a1,4,16384,1000,1000
7550,1635,13,1655,a1,2,4096,1000,1000
7551,1635,16,1655,a1,4,8192,1000,1000
7552,1635,14,1655,a1,8,16384,1000,1000
7553,1635,18,1655,a1,16,32768,1000,1000
7554,1635,16,1655,a1,4,16384,1000,1000
7555,1635,18,1655,a1,2,4096,1000,1000
7556,1636,14,1656,a1,4,8192,1000,1000
7557,1636,23,1656,a1,8,16384,1000,1000
7558,1636,18,1656,a1,16,32768,1000,1000
7559,1636,18,1656,a1,4,16384,1000,1000
7560,1636,21,1656,a1,2,4096,1000,1000
7561,1636,20,1656,a1,4,8192,1000,1000
7562,1636,19,1656,a1,8,16384,1000,1000
7563,1636,22,1656,a1,16,32768,1000,1000
7564,1636,19,1656,a1,4,16384,1000,1000
7565,1636,27,1656,a1,2,4096,1000,1000
7566,1637,17,1657,a1,4,8192,1000,1000
7567,1637,18,1657,a1,8,16384,1000,1000
7568,1637,21,1657,a1,16,32768,1000,1000
7569,1638,23,1658,a1,4,16384,1000,1000
7570,1638,16,1658,a1,2,4096,1000,1000
7571,1638,17,1658,a1,4,8192,1000,1000
7572,1638,23,1658,a1,8,16384,1000,1000
7573,1638,20,1658,a1,16,32768,1000,1000
7574,1638,24,1658,a1,4,16384,1000,1000
7575,1638,20,1658,a1,2,4096,1000,1000
7576,1638,15,1658,a1,4,8192,1000,1000
7577,1638,22,1658,a1,8,16384,1000,1000
7578,1638,14,1658,a1,16,32768,1000,1000
7579,1638,19,1658,a1,4,16384,1000,1000
7580,1638,23,1658,a1,2,4096,1000,1000
7581,1638,17,1658,a1,4,8192,1000,1000
7582,1638,16,1658,a1,8,16384,1000,1000
7583,1638,21,1658,a1,16,32768,1000,1000
7584,1638,20,1658,a1,4,16384,1000,1000
7585,1638,21,1658,a1,2,4096,1000,1000
7586,1638,16,1658,a1,4,8192,1000,1000
7587,1638,16,1658,a1,8,16384,1000,1000
7588,1638,21,1658,a1,16,32768,1000,1000
7589,1638,21,1658,a1,4,16384,1000,1000
7590,1638,20,1658,a1,2,4096,1000,1000
7591,1638,18,1658,a1,4,8192,1000,1000
7592,1638,18,1658,a1,8,16384,1000,1000
7593,1638,16,1658,a1,16,32768,1000,1000
7594,1639,24,1659,a1,4,16384,1000,1000
7595,1640,21,1660,a1,2,4096,1000,1000
7596,1640,20,1660,a1,4,8192,1000,1000
7597,1640,25,1660,a1,8,16384,1000,1000
7598,1640,18,1660,a1,16,32768,1000,1000
7599,1640,18,1660,a1,4,16384,1000,1000
7600,1640,16,1660,a1,2,4096,1000,1000
7601,1640,24,1660,a1,4,8192,1000,1000
7602,1640,24,1660,a1,8,16384,1000,1000
7603,1640,17,1660,a1,16,32768,1000,1000
7604,1641,22,1661,a1,4,16384,1000,1000
7605,1642,19,1662,a1,2,4096,1000,1000
7606,1643,23,1663,a1,4,8192,1000,1000
7607,1643,22,1663,a1,8,16384,1000,1000
7608,1643,21,1663,a1,16,32768,1000,1000
7609,1643,22,1663,a1,4,16384,1000,1000
7610,1643,20,1663,a1,2,4096,1000,1000
7611,1643,18,1663,a1,4,8192,1000,1000
7612,1643,19,1663,a1,8,16384,1000,1000
7613,1644,25,1664,a1,16,32768,1000,1000
7614,1645,17,1665,a1,4,16384,1000,1000
7615,1646,24,1666,a1,2,4096,1000,1000
7616,1647,21,1667,a1,4,8192,1000,1000
7617,1647,16,1667,a1,8,16384,1000,1000
7618,1647,19,1667,a1,16,32768,1000,1000
7619,1647,18,1667,a1,4,16384,1000,1000
7620,1647,16,1667,a1,2,4096,1000,1000
7621,1647,26,1667,a1,4,8192,1000,1000
7622,1647,24,1667,a1,8,16384,1000,1000
7623,1647,24,1667,a1,16,32768,1000,1000
7624,1647,15,1667,a1,4,16384,1000,1000
7625,1647,19,1667,a1,2,4096,1000,1000
7626,1648,12,1668,a1,4,8192,1000,1000
7627,1648,23,1668,a1,8,16384,1000,1000
7628,1648,22,1668,a1,16,32768,1000,1000
7629,1648,21,1668,a1,4,16384,1000,1000
7630,1648,16,1668,a1,2,4096,1000,1000
7631,1648,18,1668,a1,4,8192,1000,1000
7632,1649,20,1669,a1,8,16384,1000,1000
7633,1650,23,1670,a1,16,32768,1000,1000
7634,1651,22,1671,a1,4,16384,1000,1000
7635,1651,24,1671,a1,2,4096,1000,1000
7636,1651,16,1671,a1,4,8192,1000,1000
7637,1651,17,1671,a1,8,16384,1000,1000
7638,1651,25,1671,a1,16,32768,1000,1000
7639,1651,22,1671,a1,4,16384,1000,1000
7640,1651,17,1671,a1,2,4096,1000,1000
7641,1651,14,1671,a1,4,8192,1000,1000
7642,1651,21,1671,a1,8,16384,1000,1000
7643,1651,19,1671,a1,16,32768,1000,1000
7644,1651,20,1671,a1,4,16384,1000,1000
7645,1651,20,1671,a1,2,4096,1000,1000
7646,1651,20,1671,a1,4,8192,1000,1000
7647,1651,25,1671,a1,8,16384,1000,1000
7648,1651,17,1671,a1,16,32768,1000,1000
7649,1652,23,1672,a1,4,16384,1000,1000
7650,1653,17,1673,a1,2,4096,1000,1000
7651,1654,19,1674,a1,4,8192,1000,1000
7652,1655,27,1675,a1,8,16384,1000,1000
7653,1656,15,1676,a1,16,32768,1000,1000
7654,1657,22,1677,a1,4,16384,1000,1000
7655,1658,23,1678,a1,2,4096,1000,1000
7656,1658,28,1678,a1,4,8192,1000,1000
7657,1658,21,1678,a1,8,16384,1000,1000
7658,1658,18,1678,a1,16,32768,1000,1000
7659,1658,23,1678,a1,4,16384,1000,1000
7660,1659,22,1679,a1,2,4096,1000,1000
7661,1660,18,1680,a1,4,8192,1000,1000
7662,1661,19,1681,a1,8,16384,1000,1000
7663,1661,21,1681,a1,16,32768,1000,1000
7664,1661,17,1681,a1,4,16384,1000,1000
7665,1661,20,1681,a1,2,4096,1000,1000
7666,1661,14,1681,a1,4,8192,1000,1000
7667,1661,19,1681,a1,8,16384,1000,1000
7668,1661,22,1681,a1,16,32768,1000,1000
7669,1661,19,1681,a1,4,16384,1000,1000
7670,1661,17,1681,a1,2,4096,1000,1000
7671,1662,18,1682,a1,4,8192,1000,1000
7672,1663,19,1683,a1,8,16384,1000,1000
7673,1663,18,1683,a1,16,32768,1000,1000
7674,1663,19,1683,a1,4,16384,1000,1000
7675,1663,24,1683,a1,2,4096,1000,1000
7676,1663,15,1683,a1,4,8192,1000,1000
7677,1663,21,1683,a1,8,16384,1000,1000
7678,1663,21,1683,a1,16,32768,1000,1000
7679,1663,12,1683,a1,4,16384,1000,1000
7680,1663,21,1683,a1,2,4096,1000,1000
7681,1664,21,1684,a1,4,8192,1000,1000
7682,1665,22,1685,a1,8,16384,1000,1000
7683,1666,17,1686,a1,16,32768,1000,1000
7684,1667,16,1687,a1,4,16384,1000,1000
7685,1668,22,1688,a1,2,4096,1000,1000
7686,1669,20,1689,a1,4,8192,1000,1000
7687,1669,19,1689,a1,8,16384,1000,1000
7688,1669,24,1689,a1,16,32768,1000,1000
7689,1669,22,1689,a1,4,16384,1000,1000
7690,1669,23,1689,a1,2,4096,1000,1000
7691,1669,17,1689,a1,4,8192,1000,1000
7692,1670,21,1690,a1,8,16384,1000,1000
7693,1671,19,1691,a1,16,32768,1000,1000
7694,1671,14,1691,a1,4,16384,1000,1000
7695,1671,19,1691,a1,2,4096,1000,1000
7696,1671,21,1691,a1,4,8192,1000,1000
7697,1671,19,1691,a1,8,16384,1000,1000
7698,1671,22,1691,a1,16,32768,1000,1000
7699,1671,22,1691,a1,4,16384,1000,1000
7700,1672,19,1692,a1,2,4096,1000,1000
7701,1672,22,1692,a1,4,8192,1000,1000
7702,1672,20,1692,a1,8,16384,1000,1000
7703,1672,22,1692,a1,16,32768,1000,1000
7704,1673,16,1693,a1,4,16384,1000,1000
7705,1674,17,1694,a1,2,4096,1000,1000
7706,1675,19,1695,a1,4,8192,1000,1000
7707,1676,21,1696,a1,8,16384,1000,1000
7708,1676,17,1696,a1,16,32768,1000,1000
7709,1676,19,1696,a1,4,16384,1000,1000
7710,1676,18,1696,a1,2,4096,1000,1000
7711,1676,23,1696,a1,4,8192,1000,1000
7712,1676,25,1696,a1,8,16384,1000,1000
7713,1676,22,1696,a1,16,32768,1000,1000
7714,1677,19,1697,a1,4,16384,1000,1000
7715,1677,21,1697,a1,2,4096,1000,1000
7716,1677,20,1697,a1,4,8192,1000,1000
7717,1677,25,1697,a1,8,16384,1000,1000
7718,1677,19,1697,a1,16,32768,1000,1000
7719,1677,23,1697,a1,4,16384,1000,1000
7720,1677,22,1697,a1,2,4096,1000,1000
7721,1677,24,1697,a1,4,8192,1000,1000
7722,1677,22,1697,a1,8,16384,1000,1000
7723,1677,21,1697,a1,16,32768,1000,1000
7724,1677,17,1697,a1,4,16384,1000,1000
7725,1678,20,1698,a1,2,4096,1000,1000
7726,1678,17,1698,a1,4,8192,1000,1000
7727,1678,22,1698,a1,8,16384,1000,1000
7728,1678,22,1698,a1,16,32768,1000,1000
7729,1678,20,1698,a1,4,16384,1000,1000
7730,1678,19,1698,a1,2,4096,1000,1000
7731,1678,20,1698,a1,4,8192,1000,1000
7732,1678,20,1698,a1,8,16384,1000,1000
7733,1678,18,1698,a1,16,32768,1000,1000
7734,1678,21,1698,a1,4,16384,1000,1000
7735,1679,19,1699,a1,2,4096,1000,1000
7736,1679,19,1699,a1,4,8192,1000,1000
7737,1679,22,1699,a1,8,16384,1000,1000
7738,1679,16,1699,a1,16,32768,1000,1000
7739,1679,19,1699,a1,4,16384,1000,1000
7740,1679,22,1699,a1,2,4096,1000,1000
7741,1679,21,1699,a1,4,8192,1000,1000
7742,1679,18,1699,a1,8,16384,1000,1000
7743,1679,24,1699,a1,16,32768,1000,1000
7744,1679,16,1699,a1,4,16384,1000,1000
7745,1679,19,1699,a1,2,4096,1000,1000
7746,1679,19,1699,a1,4,8192,1000,1000
7747,1680,14,1700,a1,8,16384,1000,1000
7748,1681,23,1701,a1,16,32768,1000,1000
7749,1682,18,1702,a1,4,16384,1000,1000
7750,1682,18,1702,a1,2,4096,1000,1000
7751,1682,21,1702,a1,4,8192,1000,1000
7752,1682,18,1702,a1,8,16384,1000,1000
7753,1682,18,1702,a1,16,32768,1000,1000
7754,1682,17,1702,a1,4,16384,1000,1000
7755,1682,14,1702,a1,2,4096,1000,1000
7756,1682,17,1702,a1,4,8192,1000,1000
7757,1682,21,1702,a1,8,16384,1000,1000
7758,1683,21,1703,a1,16,32768,1000,1000
7759,1684,15,1704,a1,4,16384,1000,1000
7760,1685,22,1705,a1,2,4096,1000,1000
7761,1686,18,1706,a1,4,8192,1000,1000
7762,1687,25,1707,a1,8,16384,1000,1000
7763,1687,21,1707,a1,16,32768,1000,1000
7764,1687,17,1707,a1,4,16384,1000,1000
7765,1687,20,1707,a1,2,4096,1000,1000
7766,1687,25,1707,a1,4,8192,1000,1000
7767,1687,19,1707,a1,8,16384,1000,1000
7768,1688,20,1708,a1,16,32768,1000,1000
7769,1689,15,1709,a1,4,16384,1000,1000
7770,1690,20,1710,a1,2,4096,1000,1000
7771,1690,22,1710,a1,4,8192,1000,1000
7772,1690,19,1710,a1,8,16384,1000,1000
7773,1690,26,1710,a1,16,32768,1000,1000
7774,1690,17,1710,a1,4,16384,1000,1000
7775,1690,23,1710,a1,2,4096,1000,1000
7776,1690,22,1710,a1,4,8192,1000,1000
7777,1690,20,1710,a1,8,16384,1000,1000
7778,1690,19,1710,a1,16,32768,1000,1000
7779,1690,20,1710,a1,4,16384,1000,1000
7780,1691,18,1711,a1,2,4096,1000,1000
7781,1692,20,1712,a1,4,8192,1000,1000
7782,1693,21,1713,a1,8,16384,1000,1000
7783,1693,20,1713,a1,16,32768,1000,1000
7784,1693,25,1713,a1,4,16384,1000,1000
7785,1693,21,1713,a1,2,4096,1000,1000
7786,1693,12,1713,a1,4,8192,1000,1000
7787,1694,15,1714,a1,8,16384,1000,1000
7788,1694,19,1714,a1,16,32768,1000,1000
7789,1695,26,1715,a1,4,16384,1000,1000
7790,1696,18,1716,a1,2,4096,1000,1000
7791,1696,17,1716,a1,4,8192,1000,1000
7792,1696,18,1716,a1,8,16384,1000,1000
7793,1696,21,1716,a1,16,32768,1000,1000
7794,1696,17,1716,a1,4,16384,1000,1000
7795,1696,22,1716,a1,2,4096,1000,1000
7796,1696,22,1716,a1,4,8192,1000,1000
7797,1696,18,1716,a1,8,16384,1000,1000
7798,1696,15,1716,a1,16,32768,1000,1000
7799,1696,27,1716,a1,4,16384,1000,1000
7800,1697,20,1717,a1,2,4096,1000,1000
7801,1697,18,1717,a1,4,8192,1000,1000
7802,1697,21,1717,a1,8,16384,1000,1000
7803,1698,17,1718,a1,16,32768,1000,1000
7804,1698,18,1718,a1,4,16384,1000,1000
7805,1698,21,1718,a1,2,4096,1000,1000
7806,1699,19,1719,a1,4,8192,1000,1000
7807,1699,17,1719,a1,8,16384,1000,1000
7808,1699,15,1719,a1,16,32768,1000,1000
7809,1699,17,1719,a1,4,16384,1000,1000
7810,1699,17,1719,a1,2,4096,1000,1000
7811,1699,22,1719,a1,4,8192,1000,1000
7812,1699,26,1719,a1,8,16384,1000,1000
7813,1699,19,1719,a1,16,32768,1000,1000
7814,1699,14,1719,a1,4,16384,1000,1000
7815,1699,20,1719,a1,2,4096,1000,1000
7816,1699,27,1719,a1,4,8192,1000,1000
7817,1699,20,1719,a1,8,16384,1000,1000
7818,1699,18,1719,a1,16,32768,1000,1000
7819,1699,20,1719,a1,4,16384,1000,1000
7820,1700,14,1720,a1,2,4096,1000,1000
7821,1701,18,1721,a1,4,8192,1000,1000
7822,1701,20,1721,a1,8,16384,1000,1000
7823,1701,25,1721,a1,16,32768,1000,1000
7824,1701,22,1721,a1,4,16384,1000,1000
7825,1702,25,1722,a1,2,4096,1000,1000
7826,1703,17,1723,a1,4,8192,1000,1000
7827,1704,22,1724,a1,8,16384,1000,1000
7828,1704,15,1724,a1,16,32768,1000,1000
7829,1704,21,1724,a1,4,16384,1000,1000
7830,1704,24,1724,a1,2,4096,1000,1000
7831,1704,20,1724,a1,4,8192,1000,1000
7832,1704,22,1724,a1,8,16384,1000,1000
7833,1704,19,1724,a1,16,32768,1000,1000
7834,1704,16,1724,a1,4,16384,1000,1000
7835,1705,18,1725,a1,2,4096,1000,1000
7836,1706,14,1726,a1,4,8192,1000,1000
7837,1706,25,1726,a1,8,16384,1000,1000
7838,1706,21,1726,a1,16,32768,1000,1000
7839,1706,20,1726,a1,4,16384,1000,1000
7840,1706,22,1726,a1,2,4096,1000,1000
7841,1706,17,1726,a1,4,8192,1000,1000
7842,1706,19,1726,a1,8,16384,1000,1000
7843,1707,26,1727,a1,16,32768,1000,1000
7844,1707,18,1727,a1,4,16384,1000,1000
7845,1707,26,1727,a1,2,4096,1000,1000
7846,1707,23,1727,a1,4,8192,1000,1000
7847,1707,21,1727,a1,8,16384,1000,1000
7848,1707,20,1727,a1,16,32768,1000,1000
7849,1708,18,1728,a1,4,16384,1000,1000
7850,1708,16,1728,a1,2,4096,1000,1000
7851,1708,19,1728,a1,4,8192,1000,1000
7852,1708,13,1728,a1,8,16384,1000,1000
7853,1708,20,1728,a1,16,32768,1000,1000
7854,1708,14,1728,a1,4,16384,1000,1000
7855,1708,21,1728,a1,2,4096,1000,1000
7856,1708,21,1728,a1,4,8192,1000,1000
7857,1709,20,1729,a1,8,16384,1000,1000
7858,1709,23,1729,a1,16,32768,1000,1000
7859,1709,19,1729,a1,4,16384,1000,1000
7860,1709,22,1729,a1,2,4096,1000,1000
7861,1710,20,1730,a1,4,8192,1000,1000
7862,1711,19,1731,a1,8,16384,1000,1000
7863,1712,14,1732,a1,16,32768,1000,1000
7864,1712,17,1732,a1,4,16384,1000,1000
7865,1712,16,1732,a1,2,4096,1000,1000
7866,1712,21,1732,a1,4,8192,1000,1000
7867,1712,21,1732,a1,8,16384,1000,1000
7868,1712,19,1732,a1,16,32768,1000,1000
7869,1712,19,1732,a1,4,16384,1000,1000
7870,1712,26,1732,a1,2,4096,1000,1000
7871,1712,20,1732,a1,4,8192,1000,1000
7872,1712,19,1732,a1,8,16384,1000,1000
7873,1713,15,1733,a1,16,32768,1000,1000
7874,1714,24,1734,a1,4,16384,1000,1000
7875,1714,23,1734,a1,2,4096,1000,1000
7876,1714,21,1734,a1,4,8192,1000,1000
7877,1714,15,1734,a1,8,16384,1000,1000
7878,1714,18,1734,a1,16,32768,1000,1000
7879,1714,19,1734,a1,4,16384,1000,1000
7880,1714,23,1734,a1,2,4096,1000,1000
7881,1714,21,1734,a1,4,8192,1000,1000
7882,1714,24,1734,a1,8,16384,1000,1000
7883,1714,16,1734,a1,16,32768,1000,1000
7884,1714,17,1734,a1,4,16384,1000,1000
7885,1714,24,1734,a1,2,4096,1000,1000
7886,1714,22,1734,a1,4,8192,1000,1000
7887,1715,14,1735,a1,8,16384,1000,1000
7888,1716,24,1736,a1,16,32768,1000,1000
7889,1717,17,1737,a1,4,16384,1000,1000
7890,1718,22,1738,a1,2,4096,1000,1000
7891,1718,17,1738,a1,4,8192,1000,1000
7892,1719,21,1739,a1,8,16384,1000,1000
7893,1719,19,1739,a1,16,32768,1000,1000
7894,1719,14,1739,a1,4,16384,1000,1000
7895,1719,19,1739,a1,2,4096,1000,1000
7896,1719,18,1739,a1,4,8192,1000,1000
7897,1719,18,1739,a1,8,16384,1000,1000
7898,1719,23,1739,a1,16,32768,1000,1000
7899,1719,17,1739,a1,4,16384,1000,1000
7900,1719,18,1739,a1,2,4096,1000,1000
7901,1719,14,1739,a1,4,8192,1000,1000
7902,1719,22,1739,a1,8,16384,1000,1000
7903,1719,22,1739,a1,16,32768,1000,1000
7904,1719,21,1739,a1,4,16384,1000,1000
7905,1719,18,1739,a1,2,4096,1000,1000
7906,1719,18,1739,a1,4,8192,1000,1000
7907,1719,21,1739,a1,8,16384,1000,1000
7908,1720,18,1740,a1,16,32768,1000,1000
7909,1720,21,1740,a1,4,16384,1000,1000
7910,1720,23,1740,a1,2,4096,1000,1000
7911,1720,19,1740,a1,4,8192,1000,1000
7912,1720,17,1740,a1,8,16384,1000,1000
7913,1720,20,1740,a1,16,32768,1000,1000
7914,1720,14,1740,a1,4,16384,1000,1000
7915,1720,19,1740,a1,2,4096,1000,1000
7916,1720,23,1740,a1,4,8192,1000,1000
7917,1720,20,1740,a1,8,16384,1000,1000
7918,1720,21,1740,a1,16,32768,1000,1000
7919,1720,23,1740,a1,4,16384,1000,1000
7920,1720,21,1740,a1,2,4096,1000,1000
7921,1720,21,1740,a1,4,8192,1000,1000
7922,1720,18,1740,a1,8,16384,1000,1000
7923,1720,21,1740,a1,16,32768,1000,1000
7924,1720,24,1740,a1,4,16384,1000,1000
7925,1720,17,1740,a1,2,4096,1000,1000
7926,1720,19,1740,a1,4,8192,1000,1000
7927,1720,17,1740,a1,8,16384,1000,1000
7928,1720,21,1740,a1,16,32768,1000,1000
7929,1720,18,1740,a1,4,16384,1000,1000
7930,1721,24,1741,a1,2,4096,1000,1000
7931,1722,14,1742,a1,4,8192,1000,1000
7932,1722,21,1742,a1,8,16384,1000,1000
7933,1722,19,1742,a1,16,32768,1000,1000
7934,1722,25,1742,a1,4,16384,1000,1000
7935,1722,19,1742,a1,2,4096,1000,1000
7936,1722,19,1742,a1,4,8192,1000,1000
7937,1722,20,1742,a1,8,16384,1000,1000
7938,1722,18,1742,a1,16,32768,1000,1000
7939,1723,22,1743,a1,4,16384,1000,1000
7940,1724,17,1744,a1,2,4096,1000,1000
7941,1724,21,1744,a1,4,8192,1000,1000
7942,1724,20,1744,a1,8,16384,1000,1000
7943,1724,19,1744,a1,16,32768,1000,1000
7944,1724,23,1744,a1,4,16384,1000,1000
7945,1724,20,1744,a1,2,4096,1000,1000
7946,1724,18,1744,a1,4,8192,1000,1000
7947,1724,17,1744,a1,8,16384,1000,1000
7948,1725,25,1745,a1,16,32768,1000,1000
7949,1725,20,1745,a1,4,16384,1000,1000
7950,1726,20,1746,a1,2,4096,1000,1000
7951,1727,19,1747,a1,4,8192,1000,1000
7952,1728,22,1748,a1,8,16384,1000,1000
7953,1728,11,1748,a1,16,32768,1000,1000
7954,1728,19,1748,a1,4,16384,1000,1000
7955,1728,14,1748,a1,2,4096,1000,1000
7956,1728,22,1748,a1,4,8192,1000,1000
7957,1728,16,1748,a1,8,16384,1000,1000
7958,1728,17,1748,a1,16,32768,1000,1000
7959,1728,20,1748,a1,4,16384,1000,1000
7960,1728,21,1748,a1,2,4096,1000,1000
7961,1728,22,1748,a1,4,8192,1000,1000
7962,1728,22,1748,a1,8,16384,1000,1000
7963,1728,25,1748,a1,16,32768,1000,1000
7964,1728,23,1748,a1,4,16384,1000,1000
7965,1728,15,1748,a1,2,4096,1000,1000
7966,1728,24,1748,a1,4,8192,1000,1000
7967,1729,19,1749,a1,8,16384,1000,1000
7968,1730,19,1750,a1,16,32768,1000,1000
7969,1730,19,1750,a1,4,16384,1000,1000
7970,1731,22,1751,a1,2,4096,1000,1000
7971,1732,19,1752,a1,4,8192,1000,1000
7972,1733,21,1753,a1,8,16384,1000,1000
7973,1734,18,1754,a1,16,32768,1000,1000
7974,1735,22,1755,a1,4,16384,1000,1000
7975,1736,20,1756,a1,2,4096,1000,1000
7976,1736,21,1756,a1,4,8192,1000,1000
7977,1736,22,1756,a1,8,16384,1000,1000
7978,1736,14,1756,a1,16,32768,1000,1000
7979,1736,21,1756,a1,4,16384,1000,1000
7980,1736,17,1756,a1,2,4096,1000,1000
7981,1736,19,1756,a1,4,8192,1000,1000
7982,1736,17,1756,a1,8,16384,1000,1000
7983,1736,19,1756,a1,16,32768,1000,1000
7984,1737,16,1757,a1,4,16384,1000,1000
7985,1738,20,1758,a1,2,4096,1000,1000
7986,1739,20,1759,a1,4,8192,1000,1000
7987,1740,13,1760,a1,8,16384,1000,1000
7988,1740,20,1760,a1,16,32768,1000,1000
7989,1740,23,1760,a1,4,16384,1000,1000
7990,1740,15,1760,a1,2,4096,1000,1000
7991,1740,20,1760,a1,4,8192,1000,1000
7992,1740,23,1760,a1,8,16384,1000,1000
7993,1740,20,1760,a1,16,32768,1000,1000
7994,1740,19,1760,a1,4,16384,1000,1000
7995,1740,17,1760,a1,2,4096,1000,1000
7996,1740,19,1760,a1,4,8192,1000,1000
7997,1740,20,1760,a1,8,16384,1000,1000
7998,1740,24,1760,a1,16,32768,1000,1000
7999,1740,18,1760,a1,4,16384,1000,1000
8000,1740,23,1760,a1,2,4096,1000,1000
8001,1740,18,1760,a1,4,8192,1000,1000
8002,1740,18,1760,a1,8,16384,1000,1000
8003,1741,18,1761,a1,16,32768,1000,1000
8004,1741,20,1761,a1,4,16384,1000,1000
8005,1741,19,1761,a1,2,4096,1000,1000
8006,1741,23,1761,a1,4,8192,1000,1000
8007,1741,20,1761,a1,8,16384,1000,1000
8008,1741,19,1761,a1,16,32768,1000,1000
8009,1741,16,1761,a1,4,16384,1000,1000
8010,1741,20,1761,a1,2,4096,1000,1000
8011,1741,16,1761,a1,4,8192,1000,1000
8012,1742,20,1762,a1,8,16384,1000,1000
8013,1743,16,1763,a1,16,32768,1000,1000
8014,1744,21,1764,a1,4,16384,1000,1000
8015,1744,18,1764,a1,2,4096,1000,1000
8016,1744,20,1764,a1,4,8192,1000,1000
8017,1744,16,1764,a1,8,16384,1000,1000
8018,1744,25,1764,a1,16,32768,1000,1000
8019,1744,15,1764,a1,4,16384,1000,1000
8020,1744,21,1764,a1,2,4096,1000,1000
8021,1744,20,1764,a1,4,8192,1000,1000
8022,1744,21,1764,a1,8,16384,1000,1000
8023,1744,20,1764,a1,16,32768,1000,1000
8024,1744,17,1764,a1,4,16384,1000,1000
8025,1744,17,1764,a1,2,4096,1000,1000
8026,1744,22,1764,a1,4,8192,1000,1000
8027,1744,26,1764,a1,8,16384,1000,1000
8028,1745,22,1765,a1,16,32768,1000,1000
8029,1746,14,1766,a1,4,16384,1000,1000
8030,1746,20,1766,a1,2,4096,1000,1000
8031,1746,18,1766,a1,4,8192,1000,1000
8032,1746,18,1766,a1,8,16384,1000,1000
8033,1746,24,1766,a1,16,32768,1000,1000
8034,1746,20,1766,a1,4,16384,1000,1000
8035,1746,21,1766,a1,2,4096,1000,1000
8036,1746,16,1766,a1,4,8192,1000,1000
8037,1746,20,1766,a1,8,16384,1000,1000
8038,1746,20,1766,a1,16,32768,1000,1000
8039,1746,14,1766,a1,4,16384,1000,1000
8040,1746,24,1766,a1,2,4096,1000,1000
8041,1747,20,1767,a1,4,8192,1000,1000
8042,1748,15,1768,a1,8,16384,1000,1000
8043,1749,23,1769,a1,16,32768,1000,1000
8044,1750,16,1770,a1,4,16384,1000,1000
8045,1751,21,1771,a1,2,4096,1000,1000
8046,1752,21,1772,a1,4,8192,1000,1000
8047,1752,18,1772,a1,8,16384,1000,1000
8048,1752,17,1772,a1,16,32768,1000,1000
8049,1752,20,1772,a1,4,16384,1000,1000
8050,1752,16,1772,a1,2,4096,1000,1000
8051,1752,23,1772,a1,4,8192,1000,1000
8052,1752,22,1772,a1,8,16384,1000,1000
8053,1752,13,1772,a1,16,32768,1000,1000
8054,1752,19,1772,a1,4,16384,1000,1000
8055,1753,19,1773,a1,2,4096,1000,1000
8056,1753,19,1773,a1,4,8192,1000,1000
8057,1753,19,1773,a1,8,16384,1000,1000
8058,1753,22,1773,a1,16,32768,1000,1000
8059,1753,20,1773,a1,4,16384,1000,1000
8060,1753,19,1773,a1,2,4096,1000,1000
8061,1753,18,1773,a1,4,8192,1000,1000
8062,1753,18,1773,a1,8,16384,1000,1000
8063,1753,26,1773,a1,16,32768,1000,1000
8064,1753,18,1773,a1,4,16384,1000,1000
8065,1753,17,1773,a1,2,4096,1000,1000
8066,1753,14,1773,a1,4,8192,1000,1000
8067,1753,22,1773,a1,8,16384,1000,1000
8068,1753,22,1773,a1,16,32768,1000,1000
8069,1753,24,1773,a1,4,16384,1000,1000
8070,1753,20,1773,a1,2,4096,1000,1000
8071,1753,20,1773,a1,4,8192,1000,1000
8072,1753,16,1773,a1,8,16384,1000,1000
8073,1754,22,1774,a1,16,32768,1000,1000
8074,1754,21,1774,a1,4,16384,1000,1000
8075,1754,17,1774,a1,2,4096,1000,1000
8076,1755,17,1775,a1,4,8192,1000,1000
8077,1756,13,1776,a1,8,16384,1000,1000
8078,1756,20,1776,a1,16,32768,1000,1000
8079,1756,24,1776,a1,4,16384,1000,1000
8080,1756,23,1776,a1,2,4096,1000,1000
8081,1756,17,1776,a1,4,8192,1000,1000
8082,1756,16,1776,a1,8,16384,1000,1000
8083,1756,18,1776,a1,16,32768,1000,1000
8084,1756,20,1776,a1,4,16384,1000,1000
8085,1756,21,1776,a1,2,4096,1000,1000
8086,1756,18,1776,a1,4,8192,1000,1000
8087,1756,20,1776,a1,8,16384,1000,1000
8088,1757,22,1777,a1,16,32768,1000,1000
8089,1758,19,1778,a1,4,16384,1000,1000
8090,1759,22,1779,a1,2,4096,1000,1000
8091,1760,14,1780,a1,4,8192,1000,1000
8092,1760,18,1780,a1,8,16384,1000,1000
8093,1760,21,1780,a1,16,32768,1000,1000
8094,1760,19,1780,a1,4,16384,1000,1000
8095,1760,21,1780,a1,2,4096,1000,1000
8096,1761,21,1781,a1,4,8192,1000,1000
8097,1762,17,1782,a1,8,16384,1000,1000
8098,1763,22,1783,a1,16,32768,1000,1000
8099,1764,21,1784,a1,4,16384,1000,1000
8100,1765,24,1785,a1,2,4096,1000,1000
8101,1766,22,1786,a1,4,8192,1000,1000
8102,1766,17,1786,a1,8,16384,1000,1000
8103,1767,17,1787,a1,16,32768,1000,1000
8104,1767,20,1787,a1,4,16384,1000,1000
8105,1767,22,1787,a1,2,4096,1000,1000
8106,1767,26,1787,a1,4,8192,1000,1000
8107,1767,18,1787,a1,8,16384,1000,1000
8108,1767,20,1787,a1,16,32768,1000,1000
8109,1768,15,1788,a1,4,16384,1000,1000
8110,1769,21,1789,a1,2,4096,1000,1000
8111,1769,16,1789,a1,4,8192,1000,1000
8112,1769,20,1789,a1,8,16384,1000,1000
8113,1769,15,1789,a1,16,32768,1000,1000
8114,1769,20,1789,a1,4,16384,1000,1000
8115,1769,17,1789,a1,2,4096,1000,1000
8116,1769,21,1789,a1,4,8192,1000,1000
8117,1769,18,1789,a1,8,16384,1000,1000
8118,1769,12,1789,a1,16,32768,1000,1000
8119,1769,21,1789,a1,4,16384,1000,1000
8120,1769,22,1789,a1,2,4096,1000,1000
8121,1770,18,1790,a1,4,8192,1000,1000
8122,1771,21,1791,a1,8,16384,1000,1000
8123,1771,24,1791,a1,16,32768,1000,1000
8124,1771,20,1791,a1,4,16384,1000,1000
8125,1771,14,1791,a1,2,4096,1000,1000
8126,1771,23,1791,a1,4,8192,1000,1000
8127,1771,11,1791,a1,8,16384,1000,1000
8128,1772,22,1792,a1,16,32768,1000,1000
8129,1773,21,1793,a1,4,16384,1000,1000
8130,1774,20,1794,a1,2,4096,1000,1000
8131,1775,20,1795,a1,4,8192,1000,1000
8132,1776,16,1796,a1,8,16384,1000,1000
8133,1777,21,1797,a1,16,32768,1000,1000
8134,1778,22,1798,a1,4,16384,1000,1000
8135,1779,22,1799,a1,2,4096,1000,1000
8136,1780,21,1800,a1,4,8192,1000,1000
8137,1781,23,1801,a1,8,16384,1000,1000
8138,1781,24,1801,a1,16,32768,1000,1000
8139,1781,16,1801,a1,4,16384,1000,1000
8140,1781,24,1801,a1,2,4096,1000,1000
8141,1781,20,1801,a1,4,8192,1000,1000
8142,1781,15,1801,a1,8,16384,1000,1000
8143,1781,19,1801,a1,16,32768,1000,1000
8144,1781,17,1801,a1,4,16384,1000,1000
8145,1781,19,1801,a1,2,4096,1000,1000
8146,1781,16,1801,a1,4,8192,1000,1000
8147,1781,17,1801,a1,8,16384,1000,1000
8148,1781,18,1801,a1,16,32768,1000,1000
8149,1781,22,1801,a1,4,16384,1000,1000
8150,1781,17,1801,a1,2,4096,1000,1000
8151,1781,20,1801,a1,4,8192,1000,1000
8152,1781,23,1801,a1,8,16384,1000,1000
8153,1782,16,1802,a1,16,32768,1000,1000
8154,1783,17,1803,a1,4,16384,1000,1000
8155,1783,20,1803,a1,2,4096,1000,1000
8156,1783,21,1803,a1,4,8192,1000,1000
8157,1783,18,1803,a1,8,16384,1000,1000
8158,1784,24,1804,a1,16,32768,1000,1000
8159,1784,16,1804,a1,4,16384,1000,1000
8160,1784,19,1804,a1,2,4096,1000,1000
8161,1784,18,1804,a1,4,8192,1000,1000
8162,1784,16,1804,a1,8,16384,1000,1000
8163,1785,17,1805,a1,16,32768,1000,1000
8164,1786,19,1806,a1,4,16384,1000,1000
8165,1786,23,1806,a1,2,4096,1000,1000
8166,1786,23,1806,a1,4,8192,1000,1000
8167,1786,27,1806,a1,8,16384,1000,1000
8168,1787,24,1807,a1,16,32768,1000,1000
8169,1788,15,1808,a1,4,16384,1000,1000
8170,1789,21,1809,a1,2,4096,1000,1000
8171,1789,24,1809,a1,4,8192,1000,1000
8172,1790,18,1810,a1,8,16384,1000,1000
8173,1790,25,1810,a1,16,32768,1000,1000
8174,1790,22,1810,a1,4,16384,1000,1000
8175,1790,20,1810,a1,2,4096,1000,1000
8176,1790,19,1810,a1,4,8192,1000,1000
8177,1790,17,1810,a1,8,16384,1000,1000
8178,1790,21,1810,a1,16,32768,1000,1000
8179,1790,23,1810,a1,4,16384,1000,1000
8180,1790,22,1810,a1,2,4096,1000,1000
8181,1790,22,1810,a1,4,8192,1000,1000
8182,1790,18,1810,a1,8,16384,1000,1000
8183,1790,20,1810,a1,16,32768,1000,1000
8184,1791,19,1811,a1,4,16384,1000,1000
8185,1791,18,1811,a1,2,4096,1000,1000
8186,1792,19,1812,a1,4,8192,1000,1000
8187,1792,22,1812,a1,8,16384,1000,1000
8188,1792,20,1812,a1,16,32768,1000,1000
8189,1792,22,1812,a1,4,16384,1000,1000
8190,1792,18,1812,a1,2,4096,1000,1000
8191,1792,14,1812,a1,4,8192,1000,1000
8192,1793,15,1813,a1,8,16384,1000,1000
8193,1794,21,1814,a1,16,32768,1000,1000
8194,1794,16,1814,a1,4,16384,1000,1000
8195,1795,16,1815,a1,2,4096,1000,1000
8196,1796,19,1816,a1,4,8192,1000,1000
8197,1796,17,1816,a1,8,16384,1000,1000
8198,1796,17,1816,a1,16,32768,1000,1000
8199,1797,14,1817,a1,4,16384,1000,1000
8200,1798,16,1818,a1,2,4096,1000,1000
8201,1798,20,1818,a1,4,8192,1000,1000
8202,1799,17,1819,a1,8,16384,1000,1000
8203,1800,16,1820,a1,16,32768,1000,1000
8204,1801,19,1821,a1,4,16384,1000,1000
8205,1802,16,1822,a1,2,4096,1000,1000
8206,1802,17,1822,a1,4,8192,1000,1000
8207,1802,19,1822,a1,8,16384,1000,1000
8208,1802,24,1822,a1,16,32768,1000,1000
8209,1802,16,1822,a1,4,16384,1000,1000
8210,1802,16,1822,a1,2,4096,1000,1000
8211,1802,19,1822,a1,4,8192,1000,1000
8212,1803,20,1823,a1,8,16384,1000,1000
8213,1804,19,1824,a1,16,32768,1000,1000
8214,1804,19,1824,a1,4,16384,1000,1000
8215,1805,20,1825,a1,2,4096,1000,1000
8216,1805,15,1825,a1,4,8192,1000,1000
8217,1805,24,1825,a1,8,16384,1000,1000
8218,1805,22,1825,a1,16,32768,1000,1000
8219,1805,15,1825,a1,4,16384,1000,1000
8220,1805,17,1825,a1,2,4096,1000,1000
8221,1805,20,1825,a1,4,8192,1000,1000
8222,1805,20,1825,a1,8,16384,1000,1000
8223,1805,18,1825,a1,16,32768,1000,1000
8224,1805,23,1825,a1,4,16384,1000,1000
8225,1805,22,1825,a1,2,4096,1000,1000
8226,1805,13,1825,a1,4,8192,1000,1000
8227,1805,19,1825,a1,8,16384,1000,1000
8228,1805,18,1825,a1,16,32768,1000,1000
8229,1805,21,1825,a1,4,16384,1000,1000
8230,1805,19,1825,a1,2,4096,1000,1000
8231,1806,19,1826,a1,4,8192,1000,1000
8232,1807,21,1827,a1,8,16384,1000,1000
8233,1808,19,1828,a1,16,32768,1000,1000
8234,1808,17,1828,a1,4,16384,1000,1000
8235,1808,23,1828,a1,2,4096,1000,1000
8236,1808,22,1828,a1,4,8192,1000,1000
8237,1808,22,1828,a1,8,16384,1000,1000
8238,1808,22,1828,a1,16,32768,1000,1000
8239,1808,21,1828,a1,4,16384,1000,1000
8240,1808,14,1828,a1,2,4096,1000,1000
8241,1808,27,1828,a1,4,8192,1000,1000
8242,1808,15,1828,a1,8,16384,1000,1000
8243,1809,22,1829,a1,16,32768,1000,1000
8244,1809,20,1829,a1,4,16384,1000,1000
8245,1809,14,1829,a1,2,4096,1000,1000
8246,1809,20,1829,a1,4,8192,1000,1000
8247,1809,20,1829,a1,8,16384,1000,1000
8248,1809,16,1829,a1,16,32768,1000,1000
8249,1809,14,1829,a1,4,16384,1000,1000
8250,1809,15,1829,a1,2,4096,1000,1000
8251,1809,16,1829,a1,4,8192,1000,1000
8252,1809,19,1829,a1,8,16384,1000,1000
8253,1809,18,1829,a1,16,32768,1000,1000
8254,1809,22,1829,a1,4,16384,1000,1000
8255,1809,18,1829,a1,2,4096,1000,1000
8256,1810,22,1830,a1,4,8192,1000,1000
8257,1810,22,1830,a1,8,16384,1000,1000
8258,1810,19,1830,a1,16,32768,1000,1000
8259,1810,14,1830,a1,4,16384,1000,1000
8260,1811,15,1831,a1,2,4096,1000,1000
8261,1811,19,1831,a1,4,8192,1000,1000
8262,1811,19,1831,a1,8,16384,1000,1000
8263,1811,22,1831,a1,16,32768,1000,1000
8264,1811,19,1831,a1,4,16384,1000,1000
8265,1811,25,1831,a1,2,4096,1000,1000
8266,1811,16,1831,a1,4,8192,1000,1000
8267,1811,14,1831,a1,8,16384,1000,1000
8268,1811,19,1831,a1,16,32768,1000,1000
8269,1811,22,1831,a1,4,16384,1000,1000
8270,1811,20,1831,a1,2,4096,1000,1000
8271,1812,19,1832,a1,4,8192,1000,1000
8272,1813,23,1833,a1,8,16384,1000,1000
8273,1813,20,1833,a1,16,32768,1000,1000
8274,1814,21,1834,a1,4,16384,1000,1000
8275,1815,24,1835,a1,2,4096,1000,1000
8276,1815,25,1835,a1,4,8192,1000,1000
8277,1815,17,1835,a1,8,16384,1000,1000
8278,1815,21,1835,a1,16,32768,1000,1000
8279,1815,17,1835,a1,4,16384,1000,1000
8280,1815,16,1835,a1,2,4096,1000,1000
8281,1815,19,1835,a1,4,8192,1000,1000
8282,1815,21,1835,a1,8,16384,1000,1000
8283,1815,21,1835,a1,16,32768,1000,1000
8284,1815,22,1835,a1,4,16384,1000,1000
8285,1815,18,1835,a1,2,4096,1000,1000
8286,1815,19,1835,a1,4,8192,1000,1000
8287,1815,20,1835,a1,8,16384,1000,1000
8288,1815,24,1835,a1,16,32768,1000,1000
8289,1815,18,1835,a1,4,16384,1000,1000
8290,1815,23,1835,a1,2,4096,1000,1000
8291,1816,23,1836,a1,4,8192,1000,1000
8292,1817,18,1837,a1,8,16384,1000,1000
8293,1818,22,1838,a1,16,32768,1000,1000
8294,1819,24,1839,a1,4,16384,1000,1000
8295,1820,22,1840,a1,2,4096,1000,1000
8296,1820,21,1840,a1,4,8192,1000,1000
8297,1820,19,1840,a1,8,16384,1000,1000
8298,1820,18,1840,a1,16,32768,1000,1000
8299,1821,24,1841,a1,4,16384,1000,1000
8300,1822,23,1842,a1,2,4096,1000,1000
8301,1822,21,1842,a1,4,8192,1000,1000
8302,1822,20,1842,a1,8,16384,1000,1000
8303,1822,18,1842,a1,16,32768,1000,1000
8304,1822,21,1842,a1,4,16384,1000,1000
8305,1822,23,1842,a1,2,4096,1000,1000
8306,1822,17,1842,a1,4,8192,1000,1000
8307,1822,16,1842,a1,8,16384,1000,1000
8308,1822,17,1842,a1,16,32768,1000,1000
8309,1823,18,1843,a1,4,16384,1000,1000
8310,1824,21,1844,a1,2,4096,1000,1000
8311,1824,21,1844,a1,4,8192,1000,1000
8312,1824,18,1844,a1,8,16384,1000,1000
8313,1824,20,1844,a1,16,32768,1000,1000
8314,1824,18,1844,a1,4,16384,1000,1000
8315,1824,20,1844,a1,2,4096,1000,1000
8316,1824,26,1844,a1,4,8192,1000,1000
8317,1824,15,1844,a1,8,16384,1000,1000
8318,1824,22,1844,a1,16,32768,1000,1000
8319,1824,18,1844,a1,4,16384,1000,1000
8320,1825,23,1845,a1,2,4096,1000,1000
8321,1826,20,1846,a1,4,8192,1000,1000
8322,1827,14,1847,a1,8,16384,1000,1000
8323,1828,21,1848,a1,16,32768,1000,1000
8324,1829,21,1849,a1,4,16384,1000,1000
8325,1830,23,1850,a1,2,4096,1000,1000
8326,1831,21,1851,a1,4,8192,1000,1000
8327,1831,20,1851,a1,8,16384,1000,1000
8328,1831,19,1851,a1,16,32768,1000,1000
8329,1831,20,1851,a1,4,16384,1000,1000
8330,1831,25,1851,a1,2,4096,1000,1000
8331,1831,21,1851,a1,4,8192,1000,1000
8332,1832,13,1852,a1,8,16384,1000,1000
8333,1832,19,1852,a1,16,32768,1000,1000
8334,1832,16,1852,a1,4,16384,1000,1000
8335,1832,15,1852,a1,2,4096,1000,1000
8336,1832,20,1852,a1,4,8192,1000,1000
8337,1833,18,1853,a1,8,16384,1000,1000
8338,1834,27,1854,a1,16,32768,1000,1000
8339,1835,19,1855,a1,4,16384,1000,1000
8340,1836,19,1856,a1,2,4096,1000,1000
8341,1837,19,1857,a1,4,8192,1000,1000
8342,1838,22,1858,a1,8,16384,1000,1000
8343,1838,18,1858,a1,16,32768,1000,1000
8344,1838,22,1858,a1,4,16384,1000,1000
8345,1838,21,1858,a1,2,4096,1000,1000
8346,1838,24,1858,a1,4,8192,1000,1000
8347,1838,23,1858,a1,8,16384,1000,1000
8348,1839,19,1859,a1,16,32768,1000,1000
8349,1839,18,1859,a1,4,16384,1000,1000
8350,1839,19,1859,a1,2,4096,1000,1000
8351,1839,23,1859,a1,4,8192,1000,1000
8352,1839,21,1859,a1,8,16384,1000,1000
8353,1839,24,1859,a1,16,32768,1000,1000
8354,1840,20,1860,a1,4,16384,1000,1000
8355,1841,23,1861,a1,2,4096,1000,1000
8356,1841,20,1861,a1,4,8192,1000,1000
8357,1841,23,1861,a1,8,16384,1000,1000
8358,1842,16,1862,a1,16,32768,1000,1000
8359,1842,18,1862,a1,4,16384,1000,1000
8360,1842,23,1862,a1,2,4096,1000,1000
8361,1842,19,1862,a1,4,8192,1000,1000
8362,1842,23,1862,a1,8,16384,1000,1000
8363,1842,21,1862,a1,16,32768,1000,1000
8364,1842,19,1862,a1,4,16384,1000,1000
8365,1842,22,1862,a1,2,4096,1000,1000
8366,1843,18,1863,a1,4,8192,1000,1000
8367,1843,15,1863,a1,8,16384,1000,1000
8368,1843,17,1863,a1,16,32768,1000,1000
8369,1843,22,1863,a1,4,16384,1000,1000
8370,1843,18,1863,a1,2,4096,1000,1000
8371,1843,21,1863,a1,4,8192,1000,1000
8372,1843,24,1863,a1,8,16384,1000,1000
8373,1843,18,1863,a1,16,32768,1000,1000
8374,1843,19,1863,a1,4,16384,1000,1000
8375,1843,23,1863,a1,2,4096,1000,1000
8376,1843,22,1863,a1,4,8192,1000,1000
8377,1843,18,1863,a1,8,16384,1000,1000
8378,1843,13,1863,a1,16,32768,1000,1000
8379,1843,18,1863,a1,4,16384,1000,1000
8380,1843,21,1863,a1,2,4096,1000,1000
8381,1843,26,1863,a1,4,8192,1000,1000
8382,1844,20,1864,a1,8,16384,1000,1000
8383,1844,21,1864,a1,16,32768,1000,1000
8384,1844,22,1864,a1,4,16384,1000,1000
8385,1844,22,1864,a1,2,4096,1000,1000
8386,1844,18,1864,a1,4,8192,1000,1000
8387,1844,19,1864,a1,8,16384,1000,1000
8388,1844,15,1864,a1,16,32768,1000,1000
8389,1844,17,1864,a1,4,16384,1000,1000
8390,1844,21,1864,a1,2,4096,1000,1000
8391,1844,17,1864,a1,4,8192,1000,1000
8392,1844,25,1864,a1,8,16384,1000,1000
8393,1844,19,1864,a1,16,32768,1000,1000
8394,1844,20,1864,a1,4,16384,1000,1000
8395,1844,15,1864,a1,2,4096,1000,1000
8396,1844,20,1864,a1,4,8192,1000,1000
8397,1844,17,1864,a1,8,16384,1000,1000
8398,1844,17,1864,a1,16,32768,1000,1000
8399,1844,18,1864,a1,4,16384,1000,1000
8400,1844,19,1864,a1,2,4096,1000,1000
8401,1844,21,1864,a1,4,8192,1000,1000
8402,1845,15,1865,a1,8,16384,1000,1000
8403,1846,20,1866,a1,16,32768,1000,1000
8404,1846,21,1866,a1,4,16384,1000,1000
8405,1846,14,1866,a1,2,4096,1000,1000
8406,1846,21,1866,a1,4,8192,1000,1000
8407,1846,21,1866,a1,8,16384,1000,1000
8408,1846,20,1866,a1,16,32768,1000,1000
8409,1846,16,1866,a1,4,16384,1000,1000
8410,1846,20,1866,a1,2,4096,1000,1000
8411,1846,22,1866,a1,4,8192,1000,1000
8412,1846,23,1866,a1,8,16384,1000,1000
8413,1846,15,1866,a1,16,32768,1000,1000
8414,1846,18,1866,a1,4,16384,1000,1000
8415,1847,24,1867,a1,2,4096,1000,1000
8416,1847,24,1867,a1,4,8192,1000,1000
8417,1847,17,1867,a1,8,16384,1000,1000
8418,1848,21,1868,a1,16,32768,1000,1000
8419,1849,23,1869,a1,4,16384,1000,1000
8420,1850,19,1870,a1,2,4096,1000,1000
8421,1851,22,1871,a1,4,8192,1000,1000
8422,1852,23,1872,a1,8,16384,1000,1000
8423,1853,15,1873,a1,16,32768,1000,1000
8424,1854,24,1874,a1,4,16384,1000,1000
8425,1855,21,1875,a1,2,4096,1000,1000
8426,1856,20,1876,a1,4,8192,1000,1000
8427,1857,18,1877,a1,8,16384,1000,1000
8428,1858,16,1878,a1,16,32768,1000,1000
8429,1859,19,1879,a1,4,16384,1000,1000
8430,1860,22,1880,a1,2,4096,1000,1000
8431,1861,19,1881,a1,4,8192,1000,1000
8432,1862,20,1882,a1,8,16384,1000,1000
8433,1862,19,1882,a1,16,32768,1000,1000
8434,1863,21,1883,a1,4,16384,1000,1000
8435,1863,15,1883,a1,2,4096,1000,1000
8436,1863,19,1883,a1,4,8192,1000,1000
8437,1864,21,1884,a1,8,16384,1000,1000
8438,1864,17,1884,a1,16,32768,1000,1000
8439,1864,14,1884,a1,4,16384,1000,1000
8440,1864,19,1884,a1,2,4096,1000,1000
8441,1864,20,1884,a1,4,8192,1000,1000
8442,1864,18,1884,a1,8,16384,1000,1000
8443,1864,20,1884,a1,16,32768,1000,1000
8444,1864,21,1884,a1,4,16384,1000,1000
8445,1864,18,1884,a1,2,4096,1000,1000
8446,1864,15,1884,a1,4,8192,1000,1000
8447,1865,21,1885,a1,8,16384,1000,1000
8448,1866,22,1886,a1,16,32768,1000,1000
8449,1866,22,1886,a1,4,16384,1000,1000
8450,1866,17,1886,a1,2,4096,1000,1000
8451,1866,21,1886,a1,4,8192,1000,1000
8452,1866,17,1886,a1,8,16384,1000,1000
8453,1866,20,1886,a1,16,32768,1000,1000
8454,1866,22,1886,a1,4,16384,1000,1000
8455,1867,24,1887,a1,2,4096,1000,1000
8456,1867,20,1887,a1,4,8192,1000,1000
8457,1867,23,1887,a1,8,16384,1000,1000
8458,1867,19,1887,a1,16,32768,1000,1000
8459,1867,19,1887,a1,4,16384,1000,1000
8460,1867,15,1887,a1,2,4096,1000,1000
8461,1867,19,1887,a1,4,8192,1000,1000
8462,1867,23,1887,a1,8,16384,1000,1000
8463,1867,23,1887,a1,16,32768,1000,1000
8464,1867,16,1887,a1,4,16384,1000,1000
8465,1867,19,1887,a1,2,4096,1000,1000
8466,1868,13,1888,a1,4,8192,1000,1000
8467,1868,17,1888,a1,8,16384,1000,1000
8468,1868,17,1888,a1,16,32768,1000,1000
8469,1868,19,1888,a1,4,16384,1000,1000
8470,1868,23,1888,a1,2,4096,1000,1000
8471,1868,22,1888,a1,4,8192,1000,1000
8472,1869,13,1889,a1,8,16384,1000,1000
8473,1870,23,1890,a1,16,32768,1000,1000
8474,1870,21,1890,a1,4,16384,1000,1000
8475,1870,16,1890,a1,2,4096,1000,1000
8476,1870,26,1890,a1,4,8192,1000,1000
8477,1870,18,1890,a1,8,16384,1000,1000
8478,1870,18,1890,a1,16,32768,1000,1000
8479,1870,17,1890,a1,4,16384,1000,1000
8480,1870,19,1890,a1,2,4096,1000,1000
8481,1870,19,1890,a1,4,8192,1000,1000
8482,1870,18,1890,a1,8,16384,1000,1000
8483,1870,18,1890,a1,16,32768,1000,1000
8484,1870,19,1890,a1,4,16384,1000,1000
8485,1871,22,1891,a1,2,4096,1000,1000
8486,1871,16,1891,a1,4,8192,1000,1000
8487,1872,20,1892,a1,8,16384,1000,1000
8488,1873,19,1893,a1,16,32768,1000,1000
8489,1874,22,1894,a1,4,16384,1000,1000
8490,1874,14,1894,a1,2,4096,1000,1000
8491,1874,23,1894,a1,4,8192,1000,1000
8492,1874,18,1894,a1,8,16384,1000,1000
8493,1874,23,1894,a1,16,32768,1000,1000
8494,1874,18,1894,a1,4,16384,1000,1000
8495,1874,17,1894,a1,2,4096,1000,1000
8496,1874,21,1894,a1,4,8192,1000,1000
8497,1875,19,1895,a1,8,16384,1000,1000
8498,1876,20,1896,a1,16,32768,1000,1000
8499,1877,17,1897,a1,4,16384,1000,1000
8500,1877,16,1897,a1,2,4096,1000,1000
8501,1877,19,1897,a1,4,8192,1000,1000
8502,1877,26,1897,a1,8,16384,1000,1000
8503,1877,24,1897,a1,16,32768,1000,1000
8504,1878,18,1898,a1,4,16384,1000,1000
8505,1878,16,1898,a1,2,4096,1000,1000
8506,1878,21,1898,a1,4,8192,1000,1000
8507,1878,16,1898,a1,8,16384,1000,1000
8508,1878,16,1898,a1,16,32768,1000,1000
8509,1878,17,1898,a1,4,16384,1000,1000
8510,1878,25,1898,a1,2,4096,1000,1000
8511,1878,12,1898,a1,4,8192,1000,1000
8512,1878,18,1898,a1,8,16384,1000,1000
8513,1878,19,1898,a1,16,32768,1000,1000
8514,1878,19,1898,a1,4,16384,1000,1000
8515,1878,21,1898,a1,2,4096,1000,1000
8516,1878,23,1898,a1,4,8192,1000,1000
8517,1878,23,1898,a1,8,16384,1000,1000
8518,1879,19,1899,a1,16,32768,1000,1000
8519,1879,17,1899,a1,4,16384,1000,1000
8520,1879,22,1899,a1,2,4096,1000,1000
8521,1880,24,1900,a1,4,8192,1000,1000
8522,1880,21,1900,a1,8,16384,1000,1000
8523,1880,15,1900,a1,16,32768,1000,1000
8524,1880,19,1900,a1,4,16384,1000,1000
8525,1880,24,1900,a1,2,4096,1000,1000
8526,1880,26,1900,a1,4,8192,1000,1000
8527,1880,17,1900,a1,8,16384,1000,1000
8528,1880,24,1900,a1,16,32768,1000,1000
8529,1880,18,1900,a1,4,16384,1000,1000
8530,1880,18,1900,a1,2,4096,1000,1000
8531,1880,20,1900,a1,4,8192,1000,1000
8532,1881,18,1901,a1,8,16384,1000,1000
8533,1881,16,1901,a1,16,32768,1000,1000
8534,1882,18,1902,a1,4,16384,1000,1000
8535,1882,16,1902,a1,2,4096,1000,1000
8536,1883,17,1903,a1,4,8192,1000,1000
8537,1883,26,1903,a1,8,16384,1000,1000
8538,1883,25,1903,a1,16,32768,1000,1000
8539,1883,16,1903,a1,4,16384,1000,1000
8540,1883,21,1903,a1,2,4096,1000,1000
8541,1883,17,1903,a1,4,8192,1000,1000
8542,1883,20,1903,a1,8,16384,1000,1000
8543,1884,17,1904,a1,16,32768,1000,1000
8544,1884,18,1904,a1,4,16384,1000,1000
8545,1884,20,1904,a1,2,4096,1000,1000
8546,1884,23,1904,a1,4,8192,1000,1000
8547,1884,19,1904,a1,8,16384,1000,1000
8548,1884,19,1904,a1,16,32768,1000,1000
8549,1884,25,1904,a1,4,16384,1000,1000
8550,1885,17,1905,a1,2,4096,1000,1000
8551,1886,23,1906,a1,4,8192,1000,1000
8552,1886,21,1906,a1,8,16384,1000,1000
8553,1886,19,1906,a1,16,32768,1000,1000
8554,1886,18,1906,a1,4,16384,1000,1000
8555,1886,19,1906,a1,2,4096,1000,1000
8556,1886,20,1906,a1,4,8192,1000,1000
8557,1886,16,1906,a1,8,16384,1000,1000
8558,1886,21,1906,a1,16,32768,1000,1000
8559,1887,21,1907,a1,4,16384,1000,1000
8560,1888,18,1908,a1,2,4096,1000,1000
8561,1889,22,1909,a1,4,8192,1000,1000
8562,1890,14,1910,a1,8,16384,1000,1000
8563,1890,22,1910,a1,16,32768,1000,1000
8564,1890,17,1910,a1,4,16384,1000,1000
8565,1890,20,1910,a1,2,4096,1000,1000
8566,1890,15,1910,a1,4,8192,1000,1000
8567,1890,19,1910,a1,8,16384,1000,1000
8568,1891,25,1911,a1,16,32768,1000,1000
8569,1891,17,1911,a1,4,16384,1000,1000
8570,1891,19,1911,a1,2,4096,1000,1000
8571,1891,20,1911,a1,4,8192,1000,1000
8572,1891,26,1911,a1,8,16384,1000,1000
8573,1891,24,1911,a1,16,32768,1000,1000
8574,1891,16,1911,a1,4,16384,1000,1000
8575,1891,20,1911,a1,2,4096,1000,1000
8576,1891,25,1911,a1,4,8192,1000,1000
8577,1891,19,1911,a1,8,16384,1000,1000
8578,1891,18,1911,a1,16,32768,1000,1000
8579,1891,18,1911,a1,4,16384,1000,1000
8580,1891,18,1911,a1,2,4096,1000,1000
8581,1891,20,1911,a1,4,8192,1000,1000
8582,1891,21,1911,a1,8,16384,1000,1000
8583,1891,17,1911,a1,16,32768,1000,1000
8584,1892,22,1912,a1,4,16384,1000,1000
8585,1893,19,1913,a1,2,4096,1000,1000
8586,1894,24,1914,a1,4,8192,1000,1000
8587,1894,13,1914,a1,8,16384,1000,1000
8588,1894,16,1914,a1,16,32768,1000,1000
8589,1894,20,1914,a1,4,16384,1000,1000
8590,1894,19,1914,a1,2,4096,1000,1000
8591,1894,18,1914,a1,4,8192,1000,1000
8592,1894,18,1914,a1,8,16384,1000,1000
8593,1894,21,1914,a1,16,32768,1000,1000
8594,1894,16,1914,a1,4,16384,1000,1000
8595,1894,22,1914,a1,2,4096,1000,1000
8596,1894,24,1914,a1,4,8192,1000,1000
8597,1894,13,1914,a1,8,16384,1000,1000
8598,1895,20,1915,a1,16,32768,1000,1000
8599,1895,24,1915,a1,4,16384,1000,1000
8600,1895,21,1915,a1,2,4096,1000,1000
8601,1895,13,1915,a1,4,8192,1000,1000
8602,1896,19,1916,a1,8,16384,1000,1000
8603,1897,16,1917,a1,16,32768,1000,1000
8604,1898,17,1918,a1,4,16384,1000,1000
8605,1898,17,1918,a1,2,4096,1000,1000
8606,1898,20,1918,a1,4,8192,1000,1000
8607,1898,22,1918,a1,8,16384,1000,1000
8608,1898,22,1918,a1,16,32768,1000,1000
8609,1898,23,1918,a1,4,16384,1000,1000
8610,1898,17,1918,a1,2,4096,1000,1000
8611,1899,20,1919,a1,4,8192,1000,1000
8612,1900,22,1920,a1,8,16384,1000,1000
8613,1900,20,1920,a1,16,32768,1000,1000
8614,1900,21,1920,a1,4,16384,1000,1000
8615,1901,20,1921,a1,2,4096,1000,1000
8616,1901,22,1921,a1,4,8192,1000,1000
8617,1901,23,1921,a1,8,16384,1000,1000
8618,1901,20,1921,a1,16,32768,1000,1000
8619,1901,14,1921,a1,4,16384,1000,1000
8620,1901,24,1921,a1,2,4096,1000,1000
8621,1901,17,1921,a1,4,8192,1000,1000
8622,1901,19,1921,a1,8,16384,1000,1000
8623,1901,21,1921,a1,16,32768,1000,1000
8624,1901,23,1921,a1,4,16384,1000,1000
8625,1901,23,1921,a1,2,4096,1000,1000
8626,1901,19,1921,a1,4,8192,1000,1000
8627,1902,27,1922,a1,8,16384,1000,1000
8628,1903,21,1923,a1,16,32768,1000,1000
8629,1904,18,1924,a1,4,16384,1000,1000
8630,1905,22,1925,a1,2,4096,1000,1000
8631,1905,16,1925,a1,4,8192,1000,1000
8632,1906,17,1926,a1,8,16384,1000,1000
8633,1906,16,1926,a1,16,32768,1000,1000
8634,1906,20,1926,a1,4,16384,1000,1000
8635,1906,23,1926,a1,2,4096,1000,1000
8636,1906,21,1926,a1,4,8192,1000,1000
8637,1906,21,1926,a1,8,16384,1000,1000
8638,1906,19,1926,a1,16,32768,1000,1000
8639,1906,17,1926,a1,4,16384,1000,1000
8640,1906,19,1926,a1,2,4096,1000,1000
8641,1906,25,1926,a1,4,8192,1000,1000
8642,1906,22,1926,a1,8,16384,1000,1000
8643,1906,19,1926,a1,16,32768,1000,1000
8644,1906,19,1926,a1,4,16384,1000,1000
8645,1906,23,1926,a1,2,4096,1000,1000
8646,1906,21,1926,a1,4,8192,1000,1000
8647,1906,14,1926,a1,8,16384,1000,1000
8648,1906,19,1926,a1,16,32768,1000,1000
8649,1906,14,1926,a1,4,16384,1000,1000
8650,1906,17,1926,a1,2,4096,1000,1000
8651,1907,14,1927,a1,4,8192,1000,1000
8652,1908,18,1928,a1,8,16384,1000,1000
8653,1909,17,1929,a1,16,32768,1000,1000
8654,1909,15,1929,a1,4,16384,1000,1000
8655,1909,17,1929,a1,2,4096,1000,1000
8656,1909,11,1929,a1,4,8192,1000,1000
8657,1909,24,1929,a1,8,16384,1000,1000
8658,1909,20,1929,a1,16,32768,1000,1000
8659,1909,20,1929,a1,4,16384,1000,1000
8660,1909,22,1929,a1,2,4096,1000,1000
8661,1909,18,1929,a1,4,8192,1000,1000
8662,1909,24,1929,a1,8,16384,1000,1000
8663,1909,21,1929,a1,16,32768,1000,1000
8664,1909,16,1929,a1,4,16384,1000,1000
8665,1909,19,1929,a1,2,4096,1000,1000
8666,1909,20,1929,a1,4,8192,1000,1000
8667,1910,20,1930,a1,8,16384,1000,1000
8668,1911,16,1931,a1,16,32768,1000,1000
8669,1912,23,1932,a1,4,16384,1000,1000
8670,1913,16,1933,a1,2,4096,1000,1000
8671,1913,15,1933,a1,4,8192,1000,1000
8672,1913,22,1933,a1,8,16384,1000,1000
8673,1913,20,1933,a1,16,32768,1000,1000
8674,1913,18,1933,a1,4,16384,1000,1000
8675,1913,16,1933,a1,2,4096,1000,1000
8676,1914,22,1934,a1,4,8192,1000,1000
8677,1915,23,1935,a1,8,16384,1000,1000
8678,1915,13,1935,a1,16,32768,1000,1000
8679,1915,21,1935,a1,4,16384,1000,1000
8680,1915,22,1935,a1,2,4096,1000,1000
8681,1915,14,1935,a1,4,8192,1000,1000
8682,1915,26,1935,a1,8,16384,1000,1000
8683,1915,20,1935,a1,16,32768,1000,1000
8684,1915,17,1935,a1,4,16384,1000,1000
8685,1915,19,1935,a1,2,4096,1000,1000
8686,1915,17,1935,a1,4,8192,1000,1000
8687,1915,17,1935,a1,8,16384,1000,1000
8688,1915,19,1935,a1,16,32768,1000,1000
8689,1915,24,1935,a1,4,16384,1000,1000
8690,1916,22,1936,a1,2,4096,1000,1000
8691,1917,15,1937,a1,4,8192,1000,1000
8692,1917,18,1937,a1,8,16384,1000,1000
8693,1917,17,1937,a1,16,32768,1000,1000
8694,1917,21,1937,a1,4,16384,1000,1000
8695,1917,18,1937,a1,2,4096,1000,1000
8696,1917,17,1937,a1,4,8192,1000,1000
8697,1917,22,1937,a1,8,16384,1000,1000
8698,1917,17,1937,a1,16,32768,1000,1000
8699,1917,21,1937,a1,4,16384,1000,1000
8700,1917,16,1937,a1,2,4096,1000,1000
8701,1917,19,1937,a1,4,8192,1000,1000
8702,1917,24,1937,a1,8,16384,1000,1000
8703,1917,18,1937,a1,16,32768,1000,1000
8704,1917,20,1937,a1,4,16384,1000,1000
8705,1917,26,1937,a1,2,4096,1000,1000
8706,1917,20,1937,a1,4,8192,1000,1000
8707,1917,18,1937,a1,8,16384,1000,1000
8708,1917,21,1937,a1,16,32768,1000,1000
8709,1918,21,1938,a1,4,16384,1000,1000
8710,1919,14,1939,a1,2,4096,1000,1000
8711,1920,18,1940,a1,4,8192,1000,1000
8712,1921,23,1941,a1,8,16384,1000,1000
8713,1921,17,1941,a1,16,32768,1000,1000
8714,1921,18,1941,a1,4,16384,1000,1000
8715,1921,27,1941,a1,2,4096,1000,1000
8716,1921,25,1941,a1,4,8192,1000,1000
8717,1921,18,1941,a1,8,16384,1000,1000
8718,1921,16,1941,a1,16,32768,1000,1000
8719,1922,21,1942,a1,4,16384,1000,1000
8720,1922,19,1942,a1,2,4096,1000,1000
8721,1922,23,1942,a1,4,8192,1000,1000
8722,1922,21,1942,a1,8,16384,1000,1000
8723,1922,21,1942,a1,16,32768,1000,1000
8724,1922,18,1942,a1,4,16384,1000,1000
8725,1922,21,1942,a1,2,4096,1000,1000
8726,1922,20,1942,a1,4,8192,1000,1000
8727,1922,25,1942,a1,8,16384,1000,1000
8728,1922,17,1942,a1,16,32768,1000,1000
8729,1922,21,1942,a1,4,16384,1000,1000
8730,1922,24,1942,a1,2,4096,1000,1000
8731,1922,17,1942,a1,4,8192,1000,1000
8732,1922,22,1942,a1,8,16384,1000,1000
8733,1922,18,1942,a1,16,32768,1000,1000
8734,1922,21,1942,a1,4,16384,1000,1000
8735,1922,26,1942,a1,2,4096,1000,1000
8736,1922,20,1942,a1,4,8192,1000,1000
8737,1922,21,1942,a1,8,16384,1000,1000
8738,1922,16,1942,a1,16,32768,1000,1000
8739,1922,18,1942,a1,4,16384,1000,1000
8740,1922,16,1942,a1,2,4096,1000,1000
8741,1922,21,1942,a1,4,8192,1000,1000
8742,1922,21,1942,a1,8,16384,1000,1000
8743,1922,23,1942,a1,16,32768,1000,1000
8744,1922,18,1942,a1,4,16384,1000,1000
8745,1922,18,1942,a1,2,4096,1000,1000
8746,1922,18,1942,a1,4,8192,1000,1000
8747,1922,26,1942,a1,8,16384,1000,1000
8748,1922,17,1942,a1,16,32768,1000,1000
8749,1922,16,1942,a1,4,16384,1000,1000
8750,1922,19,1942,a1,2,4096,1000,1000
8751,1922,14,1942,a1,4,8192,1000,1000
8752,1922,22,1942,a1,8,16384,1000,1000
8753,1922,17,1942,a1,16,32768,1000,1000
8754,1923,20,1943,a1,4,16384,1000,1000
8755,1924,26,1944,a1,2,4096,1000,1000
8756,1924,21,1944,a1,4,8192,1000,1000
8757,1924,17,1944,a1,8,16384,1000,1000
8758,1924,17,1944,a1,16,32768,1000,1000
8759,1924,17,1944,a1,4,16384,1000,1000
8760,1924,18,1944,a1,2,4096,1000,1000
8761,1924,16,1944,a1,4,8192,1000,1000
8762,1924,20,1944,a1,8,16384,1000,1000
8763,1924,18,1944,a1,16,32768,1000,1000
8764,1925,13,1945,a1,4,16384,1000,1000
8765,1926,15,1946,a1,2,4096,1000,1000
8766,1926,22,1946,a1,4,8192,1000,1000
8767,1926,22,1946,a1,8,16384,1000,1000
8768,1926,16,1946,a1,16,32768,1000,1000
8769,1926,21,1946,a1,4,16384,1000,1000
8770,1926,19,1946,a1,2,4096,1000,1000
8771,1926,19,1946,a1,4,8192,1000,1000
8772,1926,22,1946,a1,8,16384,1000,1000
8773,1926,12,1946,a1,16,32768,1000,1000
8774,1927,17,1947,a1,4,16384,1000,1000
8775,1927,25,1947,a1,2,4096,1000,1000
8776,1927,28,1947,a1,4,8192,1000,1000
8777,1927,18,1947,a1,8,16384,1000,1000
8778,1928,23,1948,a1,16,32768,1000,1000
8779,1928,19,1948,a1,4,16384,1000,1000
8780,1928,13,1948,a1,2,4096,1000,1000
8781,1928,17,1948,a1,4,8192,1000,1000
8782,1928,18,1948,a1,8,16384,1000,1000
8783,1928,15,1948,a1,16,32768,1000,1000
8784,1928,21,1948,a1,4,16384,1000,1000
8785,1928,25,1948,a1,2,4096,1000,1000
8786,1928,21,1948,a1,4,8192,1000,1000
8787,1928,21,1948,a1,8,16384,1000,1000
8788,1929,22,1949,a1,16,32768,1000,1000
8789,1930,22,1950,a1,4,16384,1000,1000
8790,1931,15,1951,a1,2,4096,1000,1000
8791,1932,16,1952,a1,4,8192,1000,1000
8792,1932,21,1952,a1,8,16384,1000,1000
8793,1932,19,1952,a1,16,32768,1000,1000
8794,1932,19,1952,a1,4,16384,1000,1000
8795,1932,18,1952,a1,2,4096,1000,1000
8796,1932,16,1952,a1,4,8192,1000,1000
8797,1932,19,1952,a1,8,16384,1000,1000
8798,1932,13,1952,a1,16,32768,1000,1000
8799,1933,18,1953,a1,4,16384,1000,1000
8800,1934,22,1954,a1,2,4096,1000,1000
8801,1935,20,1955,a1,4,8192,1000,1000
8802,1935,21,1955,a1,8,16384,1000,1000
8803,1935,23,1955,a1,16,32768,1000,1000
8804,1935,18,1955,a1,4,16384,1000,1000
8805,1935,21,1955,a1,2,4096,1000,1000
8806,1935,20,1955,a1,4,8192,1000,1000
8807,1935,23,1955,a1,8,16384,1000,1000
8808,1935,20,1955,a1,16,32768,1000,1000
8809,1935,18,1955,a1,4,16384,1000,1000
8810,1935,21,1955,a1,2,4096,1000,1000
8811,1936,15,1956,a1,4,8192,1000,1000
8812,1936,19,1956,a1,8,16384,1000,1000
8813,1937,18,1957,a1,16,32768,1000,1000
8814,1938,17,1958,a1,4,16384,1000,1000
8815,1938,20,1958,a1,2,4096,1000,1000
8816,1938,20,1958,a1,4,8192,1000,1000
8817,1938,26,1958,a1,8,16384,1000,1000
8818,1938,18,1958,a1,16,32768,1000,1000
8819,1939,21,1959,a1,4,16384,1000,1000
8820,1940,12,1960,a1,2,4096,1000,1000
8821,1940,19,1960,a1,4,8192,1000,1000
8822,1940,17,1960,a1,8,16384,1000,1000
8823,1940,22,1960,a1,16,32768,1000,1000
8824,1940,18,1960,a1,4,16384,1000,1000
8825,1940,22,1960,a1,2,4096,1000,1000
8826,1941,15,1961,a1,4,8192,1000,1000
8827,1941,20,1961,a1,8,16384,1000,1000
8828,1941,19,1961,a1,16,32768,1000,1000
8829,1941,16,1961,a1,4,16384,1000,1000
8830,1941,17,1961,a1,2,4096,1000,1000
8831,1941,26,1961,a1,4,8192,1000,1000
8832,1941,21,1961,a1,8,16384,1000,1000
8833,1941,20,1961,a1,16,32768,1000,1000
8834,1941,19,1961,a1,4,16384,1000,1000
8835,1941,15,1961,a1,2,4096,1000,1000
8836,1941,18,1961,a1,4,8192,1000,1000
8837,1941,17,1961,a1,8,16384,1000,1000
8838,1942,17,1962,a1,16,32768,1000,1000
8839,1943,19,1963,a1,4,16384,1000,1000
8840,1944,16,1964,a1,2,4096,1000,1000
8841,1945,20,1965,a1,4,8192,1000,1000
8842,1946,22,1966,a1,8,16384,1000,1000
8843,1946,20,1966,a1,16,32768,1000,1000
8844,1946,23,1966,a1,4,16384,1000,1000
8845,1946,17,1966,a1,2,4096,1000,1000
8846,1946,21,1966,a1,4,8192,1000,1000
8847,1946,24,1966,a1,8,16384,1000,1000
8848,1946,21,1966,a1,16,32768,1000,1000
8849,1946,24,1966,a1,4,16384,1000,1000
8850,1946,18,1966,a1,2,4096,1000,1000
8851,1946,20,1966,a1,4,8192,1000,1000
8852,1946,17,1966,a1,8,16384,1000,1000
8853,1946,22,1966,a1,16,32768,1000,1000
8854,1946,19,1966,a1,4,16384,1000,1000
8855,1946,21,1966,a1,2,4096,1000,1000
8856,1946,19,1966,a1,4,8192,1000,1000
8857,1947,19,1967,a1,8,16384,1000,1000
8858,1947,18,1967,a1,16,32768,1000,1000
8859,1947,21,1967,a1,4,16384,1000,1000
8860,1947,21,1967,a1,2,4096,1000,1000
8861,1947,20,1967,a1,4,8192,1000,1000
8862,1947,23,1967,a1,8,16384,1000,1000
8863,1947,20,1967,a1,16,32768,1000,1000
8864,1947,21,1967,a1,4,16384,1000,1000
8865,1948,20,1968,a1,2,4096,1000,1000
8866,1949,23,1969,a1,4,8192,1000,1000
8867,1949,20,1969,a1,8,16384,1000,1000
8868,1949,23,1969,a1,16,32768,1000,1000
8869,1949,16,1969,a1,4,16384,1000,1000
8870,1949,19,1969,a1,2,4096,1000,1000
8871,1949,19,1969,a1,4,8192,1000,1000
8872,1949,18,1969,a1,8,16384,1000,1000
8873,1949,17,1969,a1,16,32768,1000,1000
8874,1949,20,1969,a1,4,16384,1000,1000
8875,1949,16,1969,a1,2,4096,1000,1000
8876,1949,13,1969,a1,4,8192,1000,1000
8877,1949,25,1969,a1,8,16384,1000,1000
8878,1949,17,1969,a1,16,32768,1000,1000
8879,1949,18,1969,a1,4,16384,1000,1000
8880,1949,22,1969,a1,2,4096,1000,1000
8881,1950,15,1970,a1,4,8192,1000,1000
8882,1951,17,1971,a1,8,16384,1000,1000
8883,1951,19,1971,a1,16,32768,1000,1000
8884,1951,16,1971,a1,4,16384,1000,1000
8885,1951,16,1971,a1,2,4096,1000,1000
8886,1951,21,1971,a1,4,8192,1000,1000
8887,1951,13,1971,a1,8,16384,1000,1000
8888,1951,12,1971,a1,16,32768,1000,1000
8889,1951,15,1971,a1,4,16384,1000,1000
8890,1951,23,1971,a1,2,4096,1000,1000
8891,1951,15,1971,a1,4,8192,1000,1000
8892,1951,17,1971,a1,8,16384,1000,1000
8893,1951,18,1971,a1,16,32768,1000,1000
8894,1951,19,1971,a1,4,16384,1000,1000
8895,1951,26,1971,a1,2,4096,1000,1000
8896,1952,12,1972,a1,4,8192,1000,1000
8897,1952,15,1972,a1,8,16384,1000,1000
8898,1952,25,1972,a1,16,32768,1000,1000
8899,1952,21,1972,a1,4,16384,1000,1000
8900,1953,23,1973,a1,2,4096,1000,1000
8901,1953,14,1973,a1,4,8192,1000,1000
8902,1953,19,1973,a1,8,16384,1000,1000
8903,1953,24,1973,a1,16,32768,1000,1000
8904,1953,18,1973,a1,4,16384,1000,1000
8905,1953,15,1973,a1,2,4096,1000,1000
8906,1954,20,1974,a1,4,8192,1000,1000
8907,1954,18,1974,a1,8,16384,1000,1000
8908,1954,20,1974,a1,16,32768,1000,1000
8909,1954,20,1974,a1,4,16384,1000,1000
8910,1955,19,1975,a1,2,4096,1000,1000
8911,1955,17,1975,a1,4,8192,1000,1000
8912,1955,25,1975,a1,8,16384,1000,1000
8913,1956,19,1976,a1,16,32768,1000,1000
8914,1957,20,1977,a1,4,16384,1000,1000
8915,1957,21,1977,a1,2,4096,1000,1000
8916,1957,18,1977,a1,4,8192,1000,1000
8917,1957,18,1977,a1,8,16384,1000,1000
8918,1957,17,1977,a1,16,32768,1000,1000
8919,1957,22,1977,a1,4,16384,1000,1000
8920,1957,20,1977,a1,2,4096,1000,1000
8921,1957,15,1977,a1,4,8192,1000,1000
8922,1957,19,1977,a1,8,16384,1000,1000
8923,1957,19,1977,a1,16,32768,1000,1000
8924,1957,24,1977,a1,4,16384,1000,1000
8925,1957,18,1977,a1,2,4096,1000,1000
8926,1957,19,1977,a1,4,8192,1000,1000
8927,1957,19,1977,a1,8,16384,1000,1000
8928,1957,21,1977,a1,16,32768,1000,1000
8929,1958,19,1978,a1,4,16384,1000,1000
8930,1959,20,1979,a1,2,4096,1000,1000
8931,1960,20,1980,a1,4,8192,1000,1000
8932,1961,19,1981,a1,8,16384,1000,1000
8933,1962,21,1982,a1,16,32768,1000,1000
8934,1963,24,1983,a1,4,16384,1000,1000
8935,1964,15,1984,a1,2,4096,1000,1000
8936,1965,19,1985,a1,4,8192,1000,1000
8937,1966,23,1986,a1,8,16384,1000,1000
8938,1967,15,1987,a1,16,32768,1000,1000
8939,1968,22,1988,a1,4,16384,1000,1000
8940,1969,17,1989,a1,2,4096,1000,1000
8941,1969,22,1989,a1,4,8192,1000,1000
8942,1969,20,1989,a1,8,16384,1000,1000
8943,1969,17,1989,a1,16,32768,1000,1000
8944,1969,17,1989,a1,4,16384,1000,1000
8945,1969,21,1989,a1,2,4096,1000,1000
8946,1969,19,1989,a1,4,8192,1000,1000
8947,1969,17,1989,a1,8,16384,1000,1000
8948,1969,16,1989,a1,16,32768,1000,1000
8949,1969,23,1989,a1,4,16384,1000,1000
8950,1969,13,1989,a1,2,4096,1000,1000
8951,1970,18,1990,a1,4,8192,1000,1000
8952,1971,18,1991,a1,8,16384,1000,1000
8953,1972,21,1992,a1,16,32768,1000,1000
8954,1973,22,1993,a1,4,16384,1000,1000
8955,1974,18,1994,a1,2,4096,1000,1000
8956,1975,17,1995,a1,4,8192,1000,1000
8957,1975,18,1995,a1,8,16384,1000,1000
8958,1975,22,1995,a1,16,32768,1000,1000
8959,1975,25,1995,a1,4,16384,1000,1000
8960,1975,20,1995,a1,2,4096,1000,1000
8961,1975,19,1995,a1,4,8192,1000,1000
8962,1975,18,1995,a1,8,16384,1000,1000
8963,1975,23,1995,a1,16,32768,1000,1000
8964,1975,17,1995,a1,4,16384,1000,1000
8965,1975,23,1995,a1,2,4096,1000,1000
8966,1975,14,1995,a1,4,8192,1000,1000
8967,1975,21,1995,a1,8,16384,1000,1000
8968,1976,21,1996,a1,16,32768,1000,1000
8969,1976,22,1996,a1,4,16384,1000,1000
8970,1976,19,1996,a1,2,4096,1000,1000
8971,1976,22,1996,a1,4,8192,1000,1000
8972,1976,19,1996,a1,8,16384,1000,1000
8973,1976,17,1996,a1,16,32768,1000,1000
8974,1976,18,1996,a1,4,16384,1000,1000
8975,1976,20,1996,a1,2,4096,1000,1000
8976,1977,18,1997,a1,4,8192,1000,1000
8977,1978,22,1998,a1,8,16384,1000,1000
8978,1979,23,1999,a1,16,32768,1000,1000
8979,1979,20,1999,a1,4,16384,1000,1000
8980,1979,18,1999,a1,2,4096,1000,1000
8981,1979,21,1999,a1,4,8192,1000,1000
8982,1979,17,1999,a1,8,16384,1000,1000
8983,1979,17,1999,a1,16,32768,1000,1000
8984,1979,13,1999,a1,4,16384,1000,1000
8985,1979,23,1999,a1,2,4096,1000,1000
8986,1979,20,1999,a1,4,8192,1000,1000
8987,1979,14,1999,a1,8,16384,1000,1000
8988,1979,17,1999,a1,16,32768,1000,1000
8989,1979,19,1999,a1,4,16384,1000,1000
8990,1979,20,1999,a1,2,4096,1000,1000
8991,1979,24,1999,a1,4,8192,1000,1000
8992,1979,19,1999,a1,8,16384,1000,1000
8993,1979,21,1999,a1,16,32768,1000,1000
8994,1979,25,1999,a1,4,16384,1000,1000
8995,1979,15,1999,a1,2,4096,1000,1000
8996,1980,14,2000,a1,4,8192,1000,1000
8997,1981,19,2001,a1,8,16384,1000,1000
8998,1982,16,2002,a1,16,32768,1000,1000
8999,1983,16,2003,a1,4,16384,1000,1000
9000,1983,24,2003,a1,2,4096,1000,1000
9001,1983,23,2003,a1,4,8192,1000,1000
9002,1983,16,2003,a1,8,16384,1000,1000
9003,1983,20,2003,a1,16,32768,1000,1000
9004,1983,20,2003,a1,4,16384,1000,1000
9005,1983,18,2003,a1,2,4096,1000,1000
9006,1983,22,2003,a1,4,8192,1000,1000
9007,1983,21,2003,a1,8,16384,1000,1000
9008,1983,18,2003,a1,16,32768,1000,1000
9009,1983,18,2003,a1,4,16384,1000,1000
9010,1983,19,2003,a1,2,4096,1000,1000
9011,1983,20,2003,a1,4,8192,1000,1000
9012,1984,23,2004,a1,8,16384,1000,1000
9013,1984,17,2004,a1,16,32768,1000,1000
9014,1984,26,2004,a1,4,16384,1000,1000
9015,1984,19,2004,a1,2,4096,1000,1000
9016,1984,20,2004,a1,4,8192,1000,1000
9017,1984,17,2004,a1,8,16384,1000,1000
9018,1984,16,2004,a1,16,32768,1000,1000
9019,1984,22,2004,a1,4,16384,1000,1000
9020,1984,19,2004,a1,2,4096,1000,1000
9021,1984,16,2004,a1,4,8192,1000,1000
9022,1984,17,2004,a1,8,16384,1000,1000
9023,1984,13,2004,a1,16,32768,1000,1000
9024,1984,12,2004,a1,4,16384,1000,1000
9025,1984,18,2004,a1,2,4096,1000,1000
9026,1984,26,2004,a1,4,8192,1000,1000
9027,1984,21,2004,a1,8,16384,1000,1000
9028,1984,22,2004,a1,16,32768,1000,1000
9029,1984,22,2004,a1,4,16384,1000,1000
9030,1984,12,2004,a1,2,4096,1000,1000
9031,1984,20,2004,a1,4,8192,1000,1000
9032,1985,24,2005,a1,8,16384,1000,1000
9033,1986,21,2006,a1,16,32768,1000,1000
9034,1987,17,2007,a1,4,16384,1000,1000
9035,1988,25,2008,a1,2,4096,1000,1000
9036,1988,25,2008,a1,4,8192,1000,1000
9037,1988,20,2008,a1,8,16384,1000,1000
9038,1988,15,2008,a1,16,32768,1000,1000
9039,1988,20,2008,a1,4,16384,1000,1000
9040,1988,19,2008,a1,2,4096,1000,1000
9041,1988,22,2008,a1,4,8192,1000,1000
9042,1988,23,2008,a1,8,16384,1000,1000
9043,1989,21,2009,a1,16,32768,1000,1000
9044,1990,25,2010,a1,4,16384,1000,1000
9045,1991,18,2011,a1,2,4096,1000,1000
9046,1992,23,2012,a1,4,8192,1000,1000
9047,1992,22,2012,a1,8,16384,1000,1000
9048,1992,19,2012,a1,16,32768,1000,1000
9049,1992,17,2012,a1,4,16384,1000,1000
9050,1992,20,2012,a1,2,4096,1000,1000
9051,1992,18,2012,a1,4,8192,1000,1000
9052,1992,18,2012,a1,8,16384,1000,1000
9053,1992,23,2012,a1,16,32768,1000,1000
9054,1992,21,2012,a1,4,16384,1000,1000
9055,1992,16,2012,a1,2,4096,1000,1000
9056,1992,18,2012,a1,4,8192,1000,1000
9057,1992,20,2012,a1,8,16384,1000,1000
9058,1992,18,2012,a1,16,32768,1000,1000
9059,1993,17,2013,a1,4,16384,1000,1000
9060,1994,24,2014,a1,2,4096,1000,1000
9061,1995,21,2015,a1,4,8192,1000,1000
9062,1996,23,2016,a1,8,16384,1000,1000
9063,1996,23,2016,a1,16,32768,1000,1000
9064,1996,20,2016,a1,4,16384,1000,1000
9065,1996,15,2016,a1,2,4096,1000,1000
9066,1996,19,2016,a1,4,8192,1000,1000
9067,1996,19,2016,a1,8,16384,1000,1000
9068,1996,21,2016,a1,16,32768,1000,1000
9069,1996,23,2016,a1,4,16384,1000,1000
9070,1996,22,2016,a1,2,4096,1000,1000
9071,1997,14,2017,a1,4,8192,1000,1000
9072,1998,19,2018,a1,8,16384,1000,1000
9073,1999,22,2019,a1,16,32768,1000,1000
