Interval,Power_Consumption,CPU_Utilization,Ram_Utilization,Inactivevmids,CPU_Imbalance,Ram_Imbalance
1,288.75,"[0.0, 0.0, 0.125, 0.0, 0.0, 0.0, 0.0, 0.0, 0.0, 0.0, 0.0, 0.0, 0.0, 0.0, 0.0, 0.0, 0.0, 0.0, 0.0, 0.0, 0.0]","[0.0, 0.0, 0.0625, 0.0, 0.0, 0.0, 0.0, 0.0, 0.0, 0.0, 0.0, 0.0, 0.0, 0.0, 0.0, 0.0, 0.0, 0.0, 0.0, 0.0, 0.0]","[1, 2]",4.47213595499958,4.47213595499958
2,406.875,"[0.0, 0.0, 0.125, 0.0, 0.0, 0.0, 0.0, 0.0, 0.0, 0.0, 0.0, 0.0, 0.0, 0.0, 0.0, 0.0, 0.125, 0.0, 0.0, 0.0, 0.0]","[0.0, 0.0, 0.0625, 0.0, 0.0, 0.0, 0.0, 0.0, 0.0, 0.0, 0.0, 0.0, 0.0, 0.0, 0.0, 0.0, 0.0625, 0.0, 0.0, 0.0, 0.0]",[2],3.082207001484488,3.082207001484488
3,406.875,"[0.0625, 0.0, 0.125, 0.0, 0.0, 0.0, 0.0, 0.0, 0.0, 0.0, 0.0, 0.0, 0.0, 0.0, 0.0, 0.0, 0.125, 0.0, 0.0, 0.0, 0.0]","[0.0625, 0.0, 0.0625, 0.0, 0.0, 0.0, 0.0, 0.0, 0.0, 0.0, 0.0, 0.0, 0.0, 0.0, 0.0, 0.0, 0.0625, 0.0, 0.0, 0.0, 0.0]",[3],2.5612496949731396,2.449489742783178
4,446.25,"[0.0625, 0.0, 0.125, 0.0, 0.0, 0.0, 0.0, 0.0, 0.0625, 0.0, 0.0, 0.0, 0.0, 0.0, 0.0, 0.0, 0.125, 0.0, 0.0, 0.0, 0.0]","[0.0625, 0.0, 0.0625, 0.0, 0.0, 0.0, 0.0, 0.0, 0.0625, 0.0, 0.0, 0.0, 0.0, 0.0, 0.0, 0.0, 0.0625, 0.0, 0.0, 0.0, 0.0]",[4],2.1984843263788196,2.0615528128088303
5,605.625,"[0.0625, 0.0, 0.125, 0.0, 0.0, 0.0, 0.0, 0.0, 0.0625, 0.0, 0.0, 0.0, 0.0, 0.0625, 0.0, 0.0, 0.125, 0.0, 0.0, 0.0, 0.0]","[0.0625, 0.0, 0.0625, 0.0, 0.0, 0.0, 0.0, 0.0, 0.0625, 0.0, 0.0, 0.0, 0.0, 0.0625, 0.0, 0.0, 0.0625, 0.0, 0.0, 0.0, 0.0]",[5],1.927248223318863,1.788854381999832
6,645.3125,"[0.0625, 0.0, 0.125, 0.0, 0.0, 0.0, 0.0, 0.0, 0.0625, 0.0, 0.0, 0.0, 0.0, 0.0625, 0.0, 0.0, 0.125, 0.0, 0.0, 0.0, 0.0]","[0.0625, 0.0, 0.0625, 0.0, 0.0, 0.0, 0.0, 0.0, 0.0625, 0.0, 0.0, 0.0, 0.0, 0.0625, 0.0, 0.0, 0.0625, 0.0, 0.0, 0.0, 0.0]","[5, 6]",1.927248223318863,1.788854381999832
7,804.6875,"[0.0625, 0.0, 0.125, 0.0, 0.0, 0.0, 0.0, 0.0, 0.0625, 0.0, 0.0, 0.0, 0.0, 0.0625, 0.0, 0.0, 0.125, 0.0, 0.0, 0.0, 0.0625]","[0.0625, 0.0, 0.0625, 0.0, 0.0, 0.0, 0.0, 0.0, 0.0625, 0.0, 0.0, 0.0, 0.0, 0.0625, 0.0, 0.0, 0.0625, 0.0, 0.0, 0.0, 0.0625]","[5, 7, 8]",1.713913650100261,1.5811388300841898
8,863.4375,"[0.0625, 0.0, 0.125, 0.0, 0.0, 0.0, 0.0, 0.0625, 0.0625, 0.03125, 0.0, 0.0, 0.0, 0.0625, 0.0, 0.0, 0.125, 0.0, 0.0, 0.0, 0.0625]","[0.0625, 0.0, 0.0625, 0.0, 0.0, 0.0, 0.0, 0.03125, 0.0625, 0.015625, 0.0, 0.0, 0.0, 0.0625, 0.0, 0.0, 0.0625, 0.0, 0.0, 0.0, 0.0625]","[5, 9]",1.4432957053475883,1.3818339337909356
9,943.125,"[0.0625, 0.0, 0.125, 0.0, 0.0625, 0.0, 0.0, 0.0625, 0.0625, 0.03125, 0.0, 0.0, 0.0, 0.0625, 0.0, 0.0, 0.125, 0.0, 0.0, 0.0, 0.0625]","[0.0625, 0.0, 0.0625, 0.0, 0.03125, 0.0, 0.0, 0.03125, 0.0625, 0.015625, 0.0, 0.0, 0.0, 0.0625, 0.0, 0.0, 0.0625, 0.0, 0.0, 0.0, 0.0625]",[5],1.3093073414159542,1.2735300215599579
10,942.8125,"[0.0625, 0.0, 0.125, 0.0, 0.0625, 0.0, 0.0, 0.0625, 0.0625, 0.03125, 0.0, 0.0, 0.0, 0.0625, 0.0, 0.0, 0.125, 0.0, 0.0, 0.0, 0.0625]","[0.0625, 0.0, 0.0625, 0.0, 0.03125, 0.0, 0.0, 0.03125, 0.0625, 0.015625, 0.0, 0.0, 0.0, 0.0625, 0.0, 0.0, 0.0625, 0.0, 0.0, 0.0, 0.0625]","[5, 10]",1.3093073414159542,1.2735300215599579
11,1142.1875,"[0.0625, 0.0, 0.125, 0.0, 0.0625, 0.0, 0.0, 0.0625, 0.0625, 0.03125, 0.0625, 0.0, 0.0, 0.0625, 0.0, 0.0, 0.125, 0.0, 0.0, 0.0, 0.0625]","[0.0625, 0.0, 0.0625, 0.0, 0.03125, 0.0, 0.0, 0.03125, 0.0625, 0.015625, 0.0625, 0.0, 0.0, 0.0625, 0.0, 0.0, 0.0625, 0.0, 0.0, 0.0, 0.0625]",[5],1.1922877565914858,1.1547005383792517
12,1062.1875,"[0.0625, 0.0, 0.125, 0.0625, 0.0625, 0.0, 0.0, 0.0625, 0.0625, 0.03125, 0.0625, 0.0, 0.0, 0.0625, 0.0, 0.0, 0.125, 0.0, 0.0, 0.0, 0.0625]","[0.0625, 0.0, 0.0625, 0.0625, 0.03125, 0.0, 0.0, 0.03125, 0.0625, 0.015625, 0.0625, 0.0, 0.0, 0.0625, 0.0, 0.0, 0.0625, 0.0, 0.0, 0.0, 0.0625]",[11],1.0881176406988355,1.0495398831863565
13,1081.875,"[0.0625, 0.0, 0.125, 0.0625, 0.0625, 0.0, 0.0, 0.0625, 0.0625, 0.03125, 0.0625, 0.0, 0.0, 0.0625, 0.03125, 0.0, 0.125, 0.0, 0.0, 0.0, 0.0625]","[0.0625, 0.0, 0.0625, 0.0625, 0.03125, 0.0, 0.0, 0.03125, 0.0625, 0.015625, 0.0625, 0.0, 0.0, 0.0625, 0.015625, 0.0, 0.0625, 0.0, 0.0, 0.0, 0.0625]","[12, 13]",1.0248394303441712,1.0034566297335588
14,1260.46875,"[0.0625, 0.0, 0.125, 0.0625, 0.0625, 0.0, 0.0, 0.0625, 0.0625, 0.03125, 0.0625, 0.0, 0.0, 0.0625, 0.03125, 0.0, 0.125, 0.0, 0.0, 0.0, 0.0625]","[0.0625, 0.0, 0.0625, 0.0625, 0.03125, 0.0, 0.0, 0.03125, 0.0625, 0.015625, 0.0625, 0.0, 0.0, 0.0625, 0.015625, 0.0, 0.0625, 0.0, 0.0, 0.0, 0.0625]","[12, 13, 14]",1.0248394303441712,1.0034566297335588
15,1180.46875,"[0.0625, 0.0625, 0.125, 0.0625, 0.0625, 0.0, 0.0, 0.0625, 0.0625, 0.03125, 0.0625, 0.0, 0.0, 0.0625, 0.03125, 0.0625, 0.125, 0.015625, 0.0, 0.0, 0.0625]","[0.0625, 0.03125, 0.0625, 0.0625, 0.03125, 0.0, 0.0, 0.03125, 0.0625, 0.015625, 0.0625, 0.0, 0.0, 0.0625, 0.015625, 0.03125, 0.0625, 0.015625, 0.0, 0.0, 0.0625]","[15, 16]",0.8222908986219313,0.818261027244613
16,1378.90625,"[0.0625, 0.0625, 0.125, 0.0625, 0.0625, 0.0, 0.0, 0.0625, 0.0625, 0.03125, 0.0625, 0.125, 0.03125, 0.0625, 0.03125, 0.0625, 0.125, 0.015625, 0.0, 0.0, 0.0625]","[0.0625, 0.03125, 0.0625, 0.0625, 0.03125, 0.0, 0.0, 0.03125, 0.0625, 0.015625, 0.0625, 0.0625, 0.015625, 0.0625, 0.015625, 0.03125, 0.0625, 0.015625, 0.0, 0.0, 0.0625]",[17],0.7214787873163774,0.7034142923389222
17,1418.59375,"[0.0625, 0.0625, 0.125, 0.0625, 0.0625, 0.0, 0.0, 0.0625, 0.0625, 0.03125, 0.0625, 0.125, 0.03125, 0.0625, 0.03125, 0.0625, 0.125, 0.015625, 0.0, 0.03125, 0.0625]","[0.0625, 0.03125, 0.0625, 0.0625, 0.03125, 0.0, 0.0, 0.03125, 0.0625, 0.015625, 0.0625, 0.0625, 0.015625, 0.0625, 0.015625, 0.03125, 0.0625, 0.015625, 0.0, 0.015625, 0.0625]","[18, 19]",0.6738835000684298,0.6656941400122486
18,1617.65625,"[0.0625, 0.0625, 0.125, 0.0625, 0.0625, 0.0, 0.0625, 0.0625, 0.0625, 0.03125, 0.0625, 0.125, 0.03125, 0.0625, 0.03125, 0.0625, 0.125, 0.046875, 0.0, 0.03125, 0.0625]","[0.0625, 0.03125, 0.0625, 0.0625, 0.03125, 0.0, 0.0625, 0.03125, 0.0625, 0.015625, 0.0625, 0.0625, 0.015625, 0.0625, 0.015625, 0.03125, 0.0625, 0.046875, 0.0, 0.015625, 0.0625]",[20],0.5677888985317925,0.5586287816631715
19,1776.40625,"[0.0625, 0.0625, 0.125, 0.0625, 0.0625, 0.0, 0.0625, 0.0625, 0.0625, 0.03125, 0.0625, 0.125, 0.03125, 0.0625, 0.03125, 0.0625, 0.125, 0.046875, 0.0, 0.03125, 0.0625]","[0.0625, 0.03125, 0.0625, 0.0625, 0.03125, 0.0, 0.0625, 0.03125, 0.0625, 0.015625, 0.0625, 0.0625, 0.015625, 0.0625, 0.015625, 0.03125, 0.0625, 0.046875, 0.0, 0.015625, 0.0625]","[20, 21]",0.5677888985317925,0.5586287816631715
20,1716.875,"[0.0625, 0.0625, 0.125, 0.0625, 0.0625, 0.0, 0.0625, 0.0625, 0.0625, 0.03125, 0.0625, 0.125, 0.03125, 0.0625, 0.03125, 0.0625, 0.125, 0.046875, 0.0, 0.046875, 0.0625]","[0.0625, 0.03125, 0.0625, 0.0625, 0.03125, 0.0, 0.0625, 0.03125, 0.0625, 0.015625, 0.0625, 0.0625, 0.015625, 0.0625, 0.015625, 0.03125, 0.0625, 0.046875, 0.0, 0.0234375, 0.0625]",[21],0.5531161722459397,0.5450264310722225
21,1677.1875,"[0.0625, 0.0625, 0.125, 0.0625, 0.0625, 0.0, 0.0625, 0.0625, 0.0625, 0.03125, 0.0625, 0.125, 0.03125, 0.0625, 0.03125, 0.0625, 0.125, 0.046875, 0.0, 0.046875, 0.0625]","[0.0625, 0.03125, 0.0625, 0.0625, 0.03125, 0.0, 0.0625, 0.03125, 0.0625, 0.015625, 0.0625, 0.0625, 0.015625, 0.0625, 0.015625, 0.03125, 0.0625, 0.046875, 0.0, 0.0234375, 0.0625]","[21, 22]",0.5531161722459397,0.5450264310722225
22,1716.25,"[0.0625, 0.0625, 0.125, 0.0625, 0.0625, 0.0, 0.0625, 0.0625, 0.0625, 0.09375, 0.0625, 0.125, 0.03125, 0.0625, 0.03125, 0.0625, 0.125, 0.046875, 0.0, 0.046875, 0.0625]","[0.0625, 0.03125, 0.0625, 0.0625, 0.03125, 0.0, 0.0625, 0.03125, 0.0625, 0.078125, 0.0625, 0.0625, 0.015625, 0.0625, 0.015625, 0.03125, 0.0625, 0.046875, 0.0, 0.0234375, 0.0625]","[22, 23]",0.5289252355124539,0.520465968645446
23,1756.25,"[0.0625, 0.0625, 0.125, 0.0625, 0.0625, 0.0, 0.0625, 0.0625, 0.0625, 0.09375, 0.0625, 0.125, 0.03125, 0.0625, 0.03125, 0.0625, 0.125, 0.046875, 0.0, 0.046875, 0.0625]","[0.0625, 0.03125, 0.0625, 0.0625, 0.03125, 0.0, 0.0625, 0.03125, 0.0625, 0.078125, 0.0625, 0.0625, 0.015625, 0.0625, 0.015625, 0.03125, 0.0625, 0.046875, 0.0, 0.0234375, 0.0625]","[22, 23]",0.5289252355124539,0.520465968645446
24,1795.9375,"[0.0625, 0.0625, 0.125, 0.0625, 0.0625, 0.03125, 0.0625, 0.0625, 0.0625, 0.09375, 0.0625, 0.125, 0.03125, 0.0625, 0.03125, 0.0625, 0.125, 0.046875, 0.0, 0.046875, 0.0625]","[0.0625, 0.03125, 0.0625, 0.0625, 0.03125, 0.015625, 0.0625, 0.03125, 0.0625, 0.078125, 0.0625, 0.0625, 0.015625, 0.0625, 0.015625, 0.03125, 0.0625, 0.046875, 0.0, 0.0234375, 0.0625]",[22],0.48196236688517924,0.48472324954099766
25,1875.3125,"[0.0625, 0.0625, 0.125, 0.0625, 0.0625, 0.03125, 0.0625, 0.0625, 0.0625, 0.09375, 0.0625, 0.125, 0.03125, 0.0625, 0.03125, 0.0625, 0.125, 0.046875, 0.0, 0.046875, 0.0625]","[0.0625, 0.03125, 0.0625, 0.0625, 0.03125, 0.015625, 0.0625, 0.03125, 0.0625, 0.078125, 0.0625, 0.0625, 0.015625, 0.0625, 0.015625, 0.03125, 0.0625, 0.046875, 0.0, 0.0234375, 0.0625]",[22],0.48196236688517924,0.48472324954099766
26,1795.9375,"[0.0625, 0.0625, 0.125, 0.0625, 0.0625, 0.09375, 0.0625, 0.0625, 0.0625, 0.09375, 0.0625, 0.125, 0.03125, 0.0625, 0.03125, 0.0625, 0.125, 0.046875, 0.0, 0.046875, 0.0625]","[0.0625, 0.03125, 0.0625, 0.0625, 0.03125, 0.046875, 0.0625, 0.03125, 0.0625, 0.078125, 0.0625, 0.0625, 0.015625, 0.0625, 0.015625, 0.03125, 0.0625, 0.046875, 0.0, 0.0234375, 0.0625]",[24],0.45623255928106243,0.44742820653150595
27,1835.625,"[0.0625, 0.0625, 0.125, 0.0625, 0.0625, 0.09375, 0.0625, 0.0625, 0.0625, 0.09375, 0.0625, 0.125, 0.03125, 0.0625, 0.03125, 0.0625, 0.125, 0.046875, 0.03125, 0.046875, 0.0625]","[0.0625, 0.03125, 0.0625, 0.0625, 0.03125, 0.046875, 0.0625, 0.03125, 0.0625, 0.078125, 0.0625, 0.0625, 0.015625, 0.0625, 0.015625, 0.03125, 0.0625, 0.046875, 0.03125, 0.0234375, 0.0625]",[25],0.4075724621576668,0.38354470935978235
28,1875.0,"[0.0625, 0.0625, 0.125, 0.0625, 0.0625, 0.09375, 0.0625, 0.0625, 0.0625, 0.09375, 0.0625, 0.125, 0.03125, 0.0625, 0.03125, 0.0625, 0.125, 0.046875, 0.03125, 0.046875, 0.0625]","[0.0625, 0.03125, 0.0625, 0.0625, 0.03125, 0.046875, 0.0625, 0.03125, 0.0625, 0.078125, 0.0625, 0.0625, 0.015625, 0.0625, 0.015625, 0.03125, 0.0625, 0.046875, 0.03125, 0.0234375, 0.0625]","[25, 26]",0.4075724621576668,0.38354470935978235
29,2014.0625,"[0.0625, 0.0625, 0.125, 0.0625, 0.0625, 0.09375, 0.0625, 0.09375, 0.0625, 0.09375, 0.0625, 0.125, 0.15625, 0.0625, 0.03125, 0.0625, 0.125, 0.046875, 0.03125, 0.046875, 0.0625]","[0.0625, 0.03125, 0.0625, 0.0625, 0.03125, 0.046875, 0.0625, 0.046875, 0.0625, 0.078125, 0.0625, 0.0625, 0.078125, 0.0625, 0.015625, 0.03125, 0.0625, 0.046875, 0.03125, 0.0234375, 0.0625]",[27],0.4275678919089515,0.3377466070303742
30,2172.8125,"[0.0625, 0.0625, 0.125, 0.0625, 0.0625, 0.09375, 0.0625, 0.09375, 0.0625, 0.09375, 0.0625, 0.125, 0.15625, 0.0625, 0.03125, 0.0625, 0.125, 0.046875, 0.15625, 0.046875, 0.0625]","[0.0625, 0.03125, 0.0625, 0.0625, 0.03125, 0.046875, 0.0625, 0.046875, 0.0625, 0.078125, 0.0625, 0.0625, 0.078125, 0.0625, 0.015625, 0.03125, 0.0625, 0.046875, 0.09375, 0.0234375, 0.0625]","[28, 29]",0.4285281363415519,0.3471387978822605
31,2370.9375,"[0.0625, 0.0625, 0.125, 0.0625, 0.0625, 0.09375, 0.0625, 0.09375, 0.0625, 0.09375, 0.0625, 0.125, 0.15625, 0.0625, 0.03125, 0.0625, 0.125, 0.046875, 0.15625, 0.171875, 0.0625]","[0.0625, 0.03125, 0.0625, 0.0625, 0.03125, 0.046875, 0.0625, 0.046875, 0.0625, 0.078125, 0.0625, 0.0625, 0.078125, 0.0625, 0.015625, 0.03125, 0.0625, 0.046875, 0.09375, 0.0859375, 0.0625]","[29, 30]",0.44441052888565746,0.3251510495059136
32,2390.625,"[0.0625, 0.0625, 0.125, 0.0625, 0.0625, 0.09375, 0.0625, 0.09375, 0.0625, 0.09375, 0.0625, 0.125, 0.15625, 0.0625, 0.09375, 0.0625, 0.125, 0.046875, 0.15625, 0.171875, 0.0625]","[0.0625, 0.03125, 0.0625, 0.0625, 0.03125, 0.046875, 0.0625, 0.046875, 0.0625, 0.078125, 0.0625, 0.0625, 0.078125, 0.0625, 0.078125, 0.03125, 0.0625, 0.046875, 0.09375, 0.0859375, 0.0625]","[29, 31]",0.40670938459197636,0.27518603057675833
33,2490.0,"[0.0625, 0.125, 0.125, 0.0625, 0.0625, 0.09375, 0.0625, 0.09375, 0.0625, 0.09375, 0.0625, 0.125, 0.15625, 0.09375, 0.09375, 0.0625, 0.125, 0.046875, 0.15625, 0.171875, 0.0625]","[0.0625, 0.0625, 0.0625, 0.0625, 0.03125, 0.046875, 0.0625, 0.046875, 0.0625, 0.078125, 0.0625, 0.0625, 0.078125, 0.09375, 0.078125, 0.03125, 0.0625, 0.046875, 0.09375, 0.0859375, 0.0625]","[32, 33]",0.3819345800493849,0.26335275436719774
34,2549.53125,"[0.0625, 0.125, 0.125, 0.0625, 0.078125, 0.09375, 0.0625, 0.09375, 0.0625, 0.09375, 0.0625, 0.125, 0.15625, 0.09375, 0.09375, 0.0625, 0.125, 0.078125, 0.15625, 0.171875, 0.0625]","[0.0625, 0.0625, 0.0625, 0.0625, 0.0390625, 0.046875, 0.0625, 0.046875, 0.0625, 0.078125, 0.0625, 0.0625, 0.078125, 0.09375, 0.078125, 0.03125, 0.0625, 0.109375, 0.09375, 0.0859375, 0.0625]","[34, 35]",0.35296574112051576,0.2731842411809833
35,2589.0625,"[0.0625, 0.125, 0.125, 0.0625, 0.078125, 0.09375, 0.0625, 0.09375, 0.0625, 0.09375, 0.0625, 0.125, 0.15625, 0.09375, 0.09375, 0.09375, 0.125, 0.078125, 0.15625, 0.171875, 0.0625]","[0.0625, 0.0625, 0.0625, 0.0625, 0.0390625, 0.046875, 0.0625, 0.046875, 0.0625, 0.078125, 0.0625, 0.0625, 0.078125, 0.09375, 0.078125, 0.046875, 0.0625, 0.109375, 0.09375, 0.0859375, 0.0625]","[35, 36, 37]",0.3387633180772574,0.2526277787378604
36,2847.8125,"[0.0625, 0.125, 0.125, 0.0625, 0.140625, 0.09375, 0.078125, 0.09375, 0.0625, 0.09375, 0.0625, 0.125, 0.15625, 0.15625, 0.09375, 0.09375, 0.125, 0.078125, 0.15625, 0.171875, 0.0625]","[0.0625, 0.0625, 0.0625, 0.0625, 0.0703125, 0.046875, 0.078125, 0.046875, 0.0625, 0.078125, 0.0625, 0.0625, 0.078125, 0.15625, 0.078125, 0.046875, 0.0625, 0.109375, 0.09375, 0.0859375, 0.0625]",[38],0.33508104939071315,0.32788304108284955
37,2887.5,"[0.0625, 0.125, 0.125, 0.0625, 0.140625, 0.09375, 0.078125, 0.09375, 0.0625, 0.09375, 0.0625, 0.125, 0.15625, 0.15625, 0.09375, 0.09375, 0.125, 0.078125, 0.15625, 0.171875, 0.0625]","[0.0625, 0.0625, 0.0625, 0.0625, 0.0703125, 0.046875, 0.078125, 0.046875, 0.0625, 0.078125, 0.0625, 0.0625, 0.078125, 0.15625, 0.078125, 0.046875, 0.0625, 0.109375, 0.09375, 0.0859375, 0.0625]",[38],0.33508104939071315,0.32788304108284955
38,2926.5625,"[0.0625, 0.125, 0.125, 0.0625, 0.140625, 0.09375, 0.078125, 0.09375, 0.0625, 0.09375, 0.0625, 0.125, 0.15625, 0.15625, 0.09375, 0.09375, 0.125, 0.078125, 0.15625, 0.171875, 0.0625]","[0.0625, 0.0625, 0.0625, 0.0625, 0.0703125, 0.046875, 0.078125, 0.046875, 0.0625, 0.078125, 0.0625, 0.0625, 0.078125, 0.15625, 0.078125, 0.046875, 0.0625, 0.109375, 0.09375, 0.0859375, 0.0625]","[38, 39]",0.33508104939071315,0.32788304108284955
39,3006.5625,"[0.0625, 0.125, 0.125, 0.0625, 0.140625, 0.15625, 0.078125, 0.09375, 0.0625, 0.09375, 0.0625, 0.125, 0.15625, 0.15625, 0.09375, 0.09375, 0.125, 0.078125, 0.15625, 0.171875, 0.0625]","[0.0625, 0.0625, 0.0625, 0.0625, 0.0703125, 0.078125, 0.078125, 0.046875, 0.0625, 0.078125, 0.0625, 0.0625, 0.078125, 0.15625, 0.078125, 0.046875, 0.0625, 0.109375, 0.09375, 0.0859375, 0.0625]","[38, 40]",0.3394386765305169,0.3118493225902535
40,2986.875,"[0.0625, 0.125, 0.125, 0.0625, 0.140625, 0.15625, 0.078125, 0.09375, 0.0625, 0.09375, 0.0625, 0.125, 0.15625, 0.15625, 0.09375, 0.09375, 0.125, 0.078125, 0.15625, 0.171875, 0.0625]","[0.0625, 0.0625, 0.0625, 0.0625, 0.0703125, 0.078125, 0.078125, 0.046875, 0.0625, 0.078125, 0.0625, 0.0625, 0.078125, 0.15625, 0.078125, 0.046875, 0.0625, 0.109375, 0.09375, 0.0859375, 0.0625]",[38],0.3394386765305169,0.3118493225902535
41,3005.9375,"[0.0625, 0.125, 0.125, 0.0625, 0.140625, 0.15625, 0.078125, 0.09375, 0.0625, 0.09375, 0.0625, 0.125, 0.15625, 0.15625, 0.09375, 0.09375, 0.125, 0.078125, 0.15625, 0.171875, 0.0625]","[0.0625, 0.0625, 0.0625, 0.0625, 0.0703125, 0.078125, 0.078125, 0.046875, 0.0625, 0.078125, 0.0625, 0.0625, 0.078125, 0.15625, 0.078125, 0.046875, 0.0625, 0.109375, 0.09375, 0.0859375, 0.0625]",[38],0.3394386765305169,0.3118493225902535
42,2967.03125,"[0.0625, 0.125, 0.125, 0.0625, 0.140625, 0.15625, 0.078125, 0.09375, 0.0, 0.09375, 0.0625, 0.125, 0.15625, 0.15625, 0.09375, 0.09375, 0.125, 0.078125, 0.15625, 0.171875, 0.0625]","[0.0625, 0.0625, 0.0625, 0.0625, 0.0703125, 0.078125, 0.078125, 0.046875, 0.0, 0.078125, 0.0625, 0.0625, 0.078125, 0.15625, 0.078125, 0.046875, 0.0625, 0.109375, 0.09375, 0.0859375, 0.0625]",[3],0.4028267505936646,0.392599178021724
43,2927.1875,"[0.0625, 0.125, 0.125, 0.0625, 0.140625, 0.15625, 0.078125, 0.09375, 0.0, 0.09375, 0.0625, 0.125, 0.15625, 0.15625, 0.09375, 0.09375, 0.125, 0.078125, 0.15625, 0.171875, 0.0625]","[0.0625, 0.0625, 0.0625, 0.0625, 0.0703125, 0.078125, 0.078125, 0.046875, 0.0, 0.078125, 0.0625, 0.0625, 0.078125, 0.15625, 0.078125, 0.046875, 0.0625, 0.109375, 0.09375, 0.0859375, 0.0625]",[3],0.4028267505936646,0.392599178021724
44,2966.5625,"[0.0625, 0.125, 0.125, 0.0625, 0.140625, 0.15625, 0.078125, 0.09375, 0.125, 0.09375, 0.0625, 0.125, 0.15625, 0.15625, 0.09375, 0.09375, 0.125, 0.078125, 0.15625, 0.171875, 0.0625]","[0.0625, 0.0625, 0.0625, 0.0625, 0.0703125, 0.078125, 0.078125, 0.046875, 0.0625, 0.078125, 0.0625, 0.0625, 0.078125, 0.15625, 0.078125, 0.046875, 0.0625, 0.109375, 0.09375, 0.0859375, 0.0625]",[38],0.3183289703016886,0.3118493225902535
45,3046.25,"[0.0625, 0.125, 0.125, 0.0625, 0.140625, 0.15625, 0.078125, 0.09375, 0.125, 0.09375, 0.0625, 0.125, 0.15625, 0.15625, 0.09375, 0.09375, 0.125, 0.078125, 0.15625, 0.171875, 0.09375]","[0.0625, 0.0625, 0.0625, 0.0625, 0.0703125, 0.078125, 0.078125, 0.046875, 0.0625, 0.078125, 0.0625, 0.0625, 0.078125, 0.15625, 0.078125, 0.046875, 0.0625, 0.109375, 0.09375, 0.0859375, 0.09375]",[40],0.3011979774278841,0.308239410240441
46,3085.9375,"[0.0625, 0.125, 0.125, 0.09375, 0.140625, 0.15625, 0.078125, 0.09375, 0.125, 0.09375, 0.0625, 0.125, 0.15625, 0.15625, 0.09375, 0.09375, 0.125, 0.078125, 0.15625, 0.171875, 0.09375]","[0.0625, 0.0625, 0.0625, 0.09375, 0.0703125, 0.078125, 0.078125, 0.046875, 0.0625, 0.078125, 0.0625, 0.0625, 0.078125, 0.15625, 0.078125, 0.046875, 0.0625, 0.109375, 0.09375, 0.0859375, 0.09375]","[41, 42, 43]",0.2833431718087198,0.3035325791858576
47,3363.4375,"[0.0625, 0.125, 0.125, 0.09375, 0.140625, 0.15625, 0.078125, 0.09375, 0.125, 0.09375, 0.125, 0.25, 0.15625, 0.15625, 0.09375, 0.09375, 0.125, 0.078125, 0.15625, 0.171875, 0.09375]","[0.0625, 0.0625, 0.0625, 0.09375, 0.0703125, 0.078125, 0.078125, 0.046875, 0.0625, 0.078125, 0.125, 0.125, 0.078125, 0.15625, 0.078125, 0.046875, 0.0625, 0.109375, 0.09375, 0.0859375, 0.09375]",[43],0.335623813908051,0.3199993024545969
48,3402.8125,"[0.0625, 0.125, 0.125, 0.09375, 0.140625, 0.15625, 0.078125, 0.09375, 0.125, 0.09375, 0.125, 0.25, 0.15625, 0.15625, 0.09375, 0.09375, 0.125, 0.078125, 0.15625, 0.171875, 0.09375]","[0.0625, 0.0625, 0.0625, 0.09375, 0.0703125, 0.078125, 0.078125, 0.046875, 0.0625, 0.078125, 0.125, 0.125, 0.078125, 0.15625, 0.078125, 0.046875, 0.0625, 0.109375, 0.09375, 0.0859375, 0.09375]",[43],0.335623813908051,0.3199993024545969
49,3403.4375,"[0.0625, 0.125, 0.125, 0.09375, 0.203125, 0.15625, 0.078125, 0.09375, 0.125, 0.09375, 0.125, 0.25, 0.15625, 0.15625, 0.09375, 0.09375, 0.125, 0.078125, 0.15625, 0.171875, 0.09375]","[0.0625, 0.0625, 0.0625, 0.09375, 0.1015625, 0.078125, 0.078125, 0.046875, 0.0625, 0.078125, 0.125, 0.125, 0.078125, 0.15625, 0.078125, 0.046875, 0.0625, 0.109375, 0.09375, 0.0859375, 0.09375]",[44],0.35333311571014603,0.31560667223694766
50,3442.8125,"[0.125, 0.125, 0.125, 0.09375, 0.203125, 0.15625, 0.078125, 0.09375, 0.125, 0.09375, 0.125, 0.25, 0.15625, 0.15625, 0.09375, 0.09375, 0.125, 0.078125, 0.15625, 0.171875, 0.09375]","[0.125, 0.0625, 0.0625, 0.09375, 0.1015625, 0.078125, 0.078125, 0.046875, 0.0625, 0.078125, 0.125, 0.125, 0.078125, 0.15625, 0.078125, 0.046875, 0.0625, 0.109375, 0.09375, 0.0859375, 0.09375]","[45, 46]",0.32713217174155645,0.3141885578290953
51,3541.484375,"[0.125, 0.125, 0.125, 0.09375, 0.203125, 0.09375, 0.078125, 0.09375, 0.125, 0.09375, 0.125, 0.25, 0.15625, 0.15625, 0.09375, 0.09375, 0.125, 0.078125, 0.15625, 0.171875, 0.09375]","[0.125, 0.0625, 0.0625, 0.09375, 0.1015625, 0.046875, 0.078125, 0.046875, 0.0625, 0.078125, 0.125, 0.125, 0.078125, 0.15625, 0.078125, 0.046875, 0.0625, 0.109375, 0.09375, 0.0859375, 0.09375]","[22, 45]",0.3364788152017668,0.3346004947426785
52,3462.5,"[0.125, 0.125, 0.125, 0.09375, 0.203125, 0.09375, 0.078125, 0.09375, 0.125, 0.125, 0.125, 0.25, 0.15625, 0.15625, 0.09375, 0.09375, 0.125, 0.078125, 0.15625, 0.171875, 0.09375]","[0.125, 0.0625, 0.0625, 0.09375, 0.1015625, 0.046875, 0.078125, 0.046875, 0.0625, 0.09375, 0.125, 0.125, 0.078125, 0.15625, 0.078125, 0.046875, 0.0625, 0.109375, 0.09375, 0.0859375, 0.09375]",[45],0.3276512279908226,0.33152038210631574
53,3541.875,"[0.125, 0.125, 0.125, 0.09375, 0.203125, 0.21875, 0.078125, 0.09375, 0.125, 0.125, 0.125, 0.25, 0.15625, 0.15625, 0.09375, 0.09375, 0.125, 0.078125, 0.15625, 0.171875, 0.09375]","[0.125, 0.0625, 0.0625, 0.09375, 0.1015625, 0.109375, 0.078125, 0.046875, 0.0625, 0.09375, 0.125, 0.125, 0.078125, 0.15625, 0.078125, 0.046875, 0.0625, 0.109375, 0.09375, 0.0859375, 0.09375]",[46],0.33884334848837566,0.3083984819346329
54,3700.625,"[0.125, 0.125, 0.125, 0.09375, 0.203125, 0.21875, 0.078125, 0.09375, 0.125, 0.125, 0.125, 0.25, 0.28125, 0.15625, 0.09375, 0.09375, 0.125, 0.078125, 0.15625, 0.171875, 0.09375]","[0.125, 0.0625, 0.0625, 0.09375, 0.1015625, 0.109375, 0.078125, 0.046875, 0.0625, 0.09375, 0.125, 0.125, 0.140625, 0.15625, 0.078125, 0.046875, 0.0625, 0.109375, 0.09375, 0.0859375, 0.09375]","[47, 48]",0.3937607558153563,0.31844622779992227
55,3759.6875,"[0.125, 0.125, 0.125, 0.09375, 0.203125, 0.21875, 0.078125, 0.09375, 0.125, 0.125, 0.125, 0.25, 0.28125, 0.15625, 0.09375, 0.09375, 0.125, 0.078125, 0.15625, 0.171875, 0.09375]","[0.125, 0.0625, 0.0625, 0.09375, 0.1015625, 0.109375, 0.078125, 0.046875, 0.0625, 0.09375, 0.125, 0.125, 0.140625, 0.15625, 0.078125, 0.046875, 0.0625, 0.109375, 0.09375, 0.0859375, 0.09375]","[47, 48]",0.3937607558153563,0.31844622779992227
56,3759.6875,"[0.125, 0.125, 0.125, 0.09375, 0.203125, 0.21875, 0.078125, 0.09375, 0.125, 0.125, 0.125, 0.25, 0.28125, 0.15625, 0.09375, 0.09375, 0.125, 0.078125, 0.15625, 0.171875, 0.09375]","[0.125, 0.0625, 0.0625, 0.09375, 0.1015625, 0.109375, 0.078125, 0.046875, 0.0625, 0.09375, 0.125, 0.125, 0.140625, 0.15625, 0.078125, 0.046875, 0.0625, 0.109375, 0.09375, 0.0859375, 0.09375]","[47, 48]",0.3937607558153563,0.31844622779992227
57,3799.21875,"[0.125, 0.125, 0.125, 0.09375, 0.203125, 0.21875, 0.078125, 0.09375, 0.125, 0.125, 0.125, 0.25, 0.28125, 0.15625, 0.09375, 0.09375, 0.125, 0.09375, 0.15625, 0.171875, 0.09375]","[0.125, 0.0625, 0.0625, 0.09375, 0.1015625, 0.109375, 0.078125, 0.046875, 0.0625, 0.09375, 0.125, 0.125, 0.140625, 0.15625, 0.078125, 0.046875, 0.0625, 0.125, 0.09375, 0.0859375, 0.09375]","[48, 49]",0.38642454257164477,0.3222359055660602
58,4038.59375,"[0.125, 0.125, 0.125, 0.09375, 0.203125, 0.21875, 0.078125, 0.09375, 0.125, 0.125, 0.125, 0.25, 0.28125, 0.15625, 0.09375, 0.09375, 0.125, 0.09375, 0.15625, 0.171875, 0.15625]","[0.125, 0.0625, 0.0625, 0.09375, 0.1015625, 0.109375, 0.078125, 0.046875, 0.0625, 0.09375, 0.125, 0.125, 0.140625, 0.15625, 0.078125, 0.046875, 0.0625, 0.125, 0.09375, 0.0859375, 0.15625]",[48],0.3718316086634022,0.34129062386890796
59,3919.21875,"[0.125, 0.125, 0.125, 0.09375, 0.203125, 0.21875, 0.078125, 0.09375, 0.125, 0.125, 0.125, 0.25, 0.28125, 0.15625, 0.09375, 0.09375, 0.125, 0.09375, 0.15625, 0.171875, 0.15625]","[0.125, 0.0625, 0.0625, 0.09375, 0.1015625, 0.109375, 0.078125, 0.046875, 0.0625, 0.09375, 0.125, 0.125, 0.140625, 0.15625, 0.078125, 0.046875, 0.0625, 0.125, 0.09375, 0.0859375, 0.15625]",[48],0.3718316086634022,0.34129062386890796
60,3899.53125,"[0.125, 0.125, 0.125, 0.09375, 0.203125, 0.21875, 0.078125, 0.09375, 0.125, 0.125, 0.125, 0.25, 0.28125, 0.15625, 0.09375, 0.09375, 0.125, 0.09375, 0.15625, 0.171875, 0.15625]","[0.125, 0.0625, 0.0625, 0.09375, 0.1015625, 0.109375, 0.078125, 0.046875, 0.0625, 0.09375, 0.125, 0.125, 0.140625, 0.15625, 0.078125, 0.046875, 0.0625, 0.125, 0.09375, 0.0859375, 0.15625]",[48],0.3718316086634022,0.34129062386890796
61,4039.21875,"[0.125, 0.125, 0.125, 0.09375, 0.203125, 0.21875, 0.078125, 0.09375, 0.125, 0.125, 0.125, 0.25, 0.28125, 0.15625, 0.09375, 0.09375, 0.125, 0.09375, 0.15625, 0.171875, 0.15625]","[0.125, 0.0625, 0.0625, 0.09375, 0.1015625, 0.109375, 0.078125, 0.046875, 0.0625, 0.09375, 0.125, 0.125, 0.140625, 0.15625, 0.078125, 0.046875, 0.0625, 0.125, 0.09375, 0.0859375, 0.15625]",[48],0.3718316086634022,0.34129062386890796
62,3959.21875,"[0.125, 0.125, 0.125, 0.09375, 0.203125, 0.21875, 0.078125, 0.09375, 0.125, 0.125, 0.125, 0.25, 0.28125, 0.15625, 0.09375, 0.09375, 0.125, 0.09375, 0.15625, 0.171875, 0.15625]","[0.125, 0.0625, 0.0625, 0.09375, 0.1015625, 0.109375, 0.078125, 0.046875, 0.0625, 0.09375, 0.125, 0.125, 0.140625, 0.15625, 0.078125, 0.046875, 0.0625, 0.125, 0.09375, 0.0859375, 0.15625]",[48],0.3718316086634022,0.34129062386890796
63,3959.21875,"[0.125, 0.125, 0.125, 0.09375, 0.203125, 0.21875, 0.078125, 0.09375, 0.125, 0.125, 0.125, 0.25, 0.28125, 0.15625, 0.09375, 0.09375, 0.125, 0.15625, 0.15625, 0.171875, 0.15625]","[0.125, 0.0625, 0.0625, 0.09375, 0.1015625, 0.109375, 0.078125, 0.046875, 0.0625, 0.09375, 0.125, 0.125, 0.140625, 0.15625, 0.078125, 0.046875, 0.0625, 0.1875, 0.09375, 0.0859375, 0.15625]",[50],0.3565605955093593,0.3799746154657005
64,4118.59375,"[0.125, 0.125, 0.125, 0.09375, 0.203125, 0.21875, 0.140625, 0.09375, 0.125, 0.125, 0.125, 0.25, 0.28125, 0.15625, 0.09375, 0.09375, 0.125, 0.15625, 0.15625, 0.171875, 0.15625]","[0.125, 0.0625, 0.0625, 0.09375, 0.1015625, 0.109375, 0.140625, 0.046875, 0.0625, 0.09375, 0.125, 0.125, 0.140625, 0.15625, 0.078125, 0.046875, 0.0625, 0.1875, 0.09375, 0.0859375, 0.15625]","[51, 52, 53]",0.33440830600609084,0.37517061861063034
65,4197.65625,"[0.125, 0.15625, 0.125, 0.09375, 0.203125, 0.21875, 0.140625, 0.09375, 0.125, 0.125, 0.125, 0.25, 0.28125, 0.15625, 0.09375, 0.09375, 0.15625, 0.15625, 0.15625, 0.171875, 0.15625]","[0.125, 0.078125, 0.0625, 0.09375, 0.1015625, 0.109375, 0.140625, 0.046875, 0.0625, 0.09375, 0.125, 0.125, 0.140625, 0.15625, 0.078125, 0.046875, 0.078125, 0.1875, 0.09375, 0.0859375, 0.15625]",[51],0.3237936931761188,0.3573213839508789
66,4236.71875,"[0.125, 0.15625, 0.125, 0.09375, 0.140625, 0.21875, 0.140625, 0.09375, 0.125, 0.125, 0.125, 0.25, 0.28125, 0.15625, 0.09375, 0.09375, 0.15625, 0.15625, 0.15625, 0.171875, 0.15625]","[0.125, 0.078125, 0.0625, 0.09375, 0.0703125, 0.109375, 0.140625, 0.046875, 0.0625, 0.09375, 0.125, 0.125, 0.140625, 0.15625, 0.078125, 0.046875, 0.078125, 0.1875, 0.09375, 0.0859375, 0.15625]","[9, 51, 54]",0.3217332579945223,0.3692453859013702
67,4316.09375,"[0.125, 0.15625, 0.1875, 0.09375, 0.265625, 0.21875, 0.140625, 0.09375, 0.125, 0.125, 0.125, 0.25, 0.28125, 0.15625, 0.09375, 0.09375, 0.15625, 0.15625, 0.15625, 0.171875, 0.15625]","[0.125, 0.078125, 0.09375, 0.09375, 0.1328125, 0.109375, 0.140625, 0.046875, 0.0625, 0.09375, 0.125, 0.125, 0.140625, 0.15625, 0.078125, 0.046875, 0.078125, 0.1875, 0.09375, 0.0859375, 0.15625]","[9, 55]",0.34056171048492273,0.3413743668369571
68,4474.84375,"[0.125, 0.15625, 0.1875, 0.09375, 0.265625, 0.21875, 0.140625, 0.09375, 0.125, 0.125, 0.125, 0.25, 0.28125, 0.15625, 0.09375, 0.09375, 0.15625, 0.15625, 0.15625, 0.296875, 0.15625]","[0.125, 0.078125, 0.09375, 0.09375, 0.1328125, 0.109375, 0.140625, 0.046875, 0.0625, 0.09375, 0.125, 0.125, 0.140625, 0.15625, 0.078125, 0.046875, 0.078125, 0.1875, 0.09375, 0.1484375, 0.15625]","[9, 56]",0.3739539097084957,0.3384116748146258
69,4553.59375,"[0.125, 0.15625, 0.1875, 0.09375, 0.265625, 0.21875, 0.140625, 0.09375, 0.1875, 0.125, 0.125, 0.25, 0.28125, 0.15625, 0.09375, 0.21875, 0.15625, 0.15625, 0.15625, 0.296875, 0.15625]","[0.125, 0.078125, 0.09375, 0.09375, 0.1328125, 0.109375, 0.140625, 0.046875, 0.09375, 0.09375, 0.125, 0.125, 0.140625, 0.15625, 0.078125, 0.109375, 0.078125, 0.1875, 0.09375, 0.1484375, 0.15625]",[57],0.3439372619682262,0.2872229942155386
70,4573.28125,"[0.125, 0.15625, 0.1875, 0.09375, 0.265625, 0.21875, 0.140625, 0.125, 0.1875, 0.125, 0.125, 0.25, 0.28125, 0.15625, 0.09375, 0.21875, 0.15625, 0.15625, 0.15625, 0.296875, 0.15625]","[0.125, 0.078125, 0.09375, 0.09375, 0.1328125, 0.109375, 0.140625, 0.0625, 0.09375, 0.09375, 0.125, 0.125, 0.140625, 0.15625, 0.078125, 0.109375, 0.078125, 0.1875, 0.09375, 0.1484375, 0.15625]",[58],0.3316420045684888,0.2733002526448404
71,4592.96875,"[0.125, 0.15625, 0.1875, 0.09375, 0.265625, 0.21875, 0.140625, 0.125, 0.1875, 0.125, 0.125, 0.25, 0.28125, 0.15625, 0.09375, 0.21875, 0.15625, 0.15625, 0.15625, 0.296875, 0.15625]","[0.125, 0.078125, 0.09375, 0.09375, 0.1328125, 0.109375, 0.140625, 0.0625, 0.09375, 0.09375, 0.125, 0.125, 0.140625, 0.15625, 0.078125, 0.109375, 0.078125, 0.1875, 0.09375, 0.1484375, 0.15625]",[58],0.3316420045684888,0.2733002526448404
72,4652.65625,"[0.125, 0.15625, 0.1875, 0.15625, 0.265625, 0.21875, 0.140625, 0.125, 0.1875, 0.125, 0.125, 0.25, 0.28125, 0.15625, 0.09375, 0.21875, 0.15625, 0.15625, 0.15625, 0.296875, 0.15625]","[0.125, 0.078125, 0.09375, 0.15625, 0.1328125, 0.109375, 0.140625, 0.0625, 0.09375, 0.09375, 0.125, 0.125, 0.140625, 0.15625, 0.078125, 0.109375, 0.078125, 0.1875, 0.09375, 0.1484375, 0.15625]","[59, 60]",0.31092117494827276,0.2728791591184483
73,4731.71875,"[0.125, 0.15625, 0.1875, 0.15625, 0.265625, 0.21875, 0.140625, 0.125, 0.1875, 0.125, 0.125, 0.25, 0.28125, 0.15625, 0.09375, 0.21875, 0.15625, 0.15625, 0.15625, 0.296875, 0.15625]","[0.125, 0.078125, 0.09375, 0.15625, 0.1328125, 0.109375, 0.140625, 0.0625, 0.09375, 0.09375, 0.125, 0.125, 0.140625, 0.15625, 0.078125, 0.109375, 0.078125, 0.1875, 0.09375, 0.1484375, 0.15625]",[59],0.31092117494827276,0.2728791591184483
74,4731.40625,"[0.125, 0.15625, 0.1875, 0.15625, 0.265625, 0.21875, 0.140625, 0.125, 0.1875, 0.125, 0.125, 0.25, 0.28125, 0.15625, 0.09375, 0.21875, 0.15625, 0.15625, 0.15625, 0.296875, 0.15625]","[0.125, 0.078125, 0.09375, 0.15625, 0.1328125, 0.109375, 0.140625, 0.0625, 0.09375, 0.09375, 0.125, 0.125, 0.140625, 0.15625, 0.078125, 0.109375, 0.078125, 0.1875, 0.09375, 0.1484375, 0.15625]","[59, 60]",0.31092117494827276,0.2728791591184483
75,4711.71875,"[0.125, 0.1875, 0.1875, 0.15625, 0.265625, 0.21875, 0.140625, 0.125, 0.1875, 0.125, 0.125, 0.25, 0.28125, 0.125, 0.09375, 0.21875, 0.15625, 0.15625, 0.15625, 0.296875, 0.15625]","[0.125, 0.09375, 0.09375, 0.15625, 0.1328125, 0.109375, 0.140625, 0.0625, 0.09375, 0.09375, 0.125, 0.125, 0.140625, 0.125, 0.078125, 0.109375, 0.078125, 0.1875, 0.09375, 0.1484375, 0.15625]",[29],0.31561543373466294,0.25899148690645724
76,4632.03125,"[0.125, 0.1875, 0.1875, 0.15625, 0.265625, 0.21875, 0.140625, 0.125, 0.1875, 0.125, 0.125, 0.25, 0.28125, 0.125, 0.09375, 0.21875, 0.15625, 0.15625, 0.15625, 0.296875, 0.15625]","[0.125, 0.09375, 0.09375, 0.15625, 0.1328125, 0.109375, 0.140625, 0.0625, 0.09375, 0.09375, 0.125, 0.125, 0.140625, 0.125, 0.078125, 0.109375, 0.078125, 0.1875, 0.09375, 0.1484375, 0.15625]","[29, 60, 61]",0.31561543373466294,0.25899148690645724
77,4691.25,"[0.125, 0.1875, 0.1875, 0.171875, 0.265625, 0.21875, 0.140625, 0.1875, 0.1875, 0.125, 0.125, 0.25, 0.28125, 0.125, 0.09375, 0.21875, 0.21875, 0.15625, 0.15625, 0.296875, 0.15625]","[0.125, 0.09375, 0.09375, 0.171875, 0.1328125, 0.109375, 0.140625, 0.125, 0.09375, 0.09375, 0.125, 0.125, 0.140625, 0.125, 0.078125, 0.109375, 0.140625, 0.1875, 0.09375, 0.1484375, 0.15625]","[62, 63]",0.29751397976930194,0.2220014959510973
78,4750.3125,"[0.125, 0.1875, 0.1875, 0.171875, 0.265625, 0.21875, 0.140625, 0.1875, 0.1875, 0.1875, 0.125, 0.25, 0.28125, 0.125, 0.09375, 0.21875, 0.21875, 0.15625, 0.15625, 0.296875, 0.15625]","[0.125, 0.09375, 0.09375, 0.171875, 0.1328125, 0.109375, 0.140625, 0.125, 0.09375, 0.125, 0.125, 0.125, 0.140625, 0.125, 0.078125, 0.109375, 0.140625, 0.1875, 0.09375, 0.1484375, 0.15625]",[63],0.2840560344154489,0.2125652656412551
79,4890.0,"[0.125, 0.1875, 0.1875, 0.171875, 0.265625, 0.21875, 0.140625, 0.1875, 0.1875, 0.1875, 0.125, 0.25, 0.28125, 0.125, 0.09375, 0.21875, 0.21875, 0.15625, 0.15625, 0.296875, 0.15625]","[0.125, 0.09375, 0.09375, 0.171875, 0.1328125, 0.109375, 0.140625, 0.125, 0.09375, 0.125, 0.125, 0.125, 0.140625, 0.125, 0.078125, 0.109375, 0.140625, 0.1875, 0.09375, 0.1484375, 0.15625]","[63, 64]",0.2840560344154489,0.2125652656412551
80,4809.6875,"[0.1875, 0.1875, 0.1875, 0.171875, 0.265625, 0.21875, 0.140625, 0.1875, 0.1875, 0.1875, 0.15625, 0.25, 0.28125, 0.125, 0.09375, 0.21875, 0.21875, 0.15625, 0.15625, 0.296875, 0.15625]","[0.1875, 0.09375, 0.09375, 0.171875, 0.1328125, 0.109375, 0.140625, 0.125, 0.09375, 0.125, 0.15625, 0.125, 0.140625, 0.125, 0.078125, 0.109375, 0.140625, 0.1875, 0.09375, 0.1484375, 0.15625]",[65],0.2600079043604407,0.232992949004287
81,4849.0625,"[0.1875, 0.1875, 0.1875, 0.171875, 0.265625, 0.21875, 0.140625, 0.1875, 0.1875, 0.1875, 0.15625, 0.25, 0.28125, 0.125, 0.125, 0.21875, 0.21875, 0.15625, 0.15625, 0.296875, 0.15625]","[0.1875, 0.09375, 0.09375, 0.171875, 0.1328125, 0.109375, 0.140625, 0.125, 0.09375, 0.125, 0.15625, 0.125, 0.140625, 0.125, 0.125, 0.109375, 0.140625, 0.1875, 0.09375, 0.1484375, 0.15625]",[11],0.2448281609667623,0.21188788950164167
82,4988.75,"[0.1875, 0.1875, 0.1875, 0.171875, 0.265625, 0.21875, 0.140625, 0.1875, 0.1875, 0.1875, 0.15625, 0.25, 0.28125, 0.125, 0.125, 0.21875, 0.21875, 0.15625, 0.15625, 0.296875, 0.15625]","[0.1875, 0.09375, 0.09375, 0.171875, 0.1328125, 0.109375, 0.140625, 0.125, 0.09375, 0.125, 0.15625, 0.125, 0.140625, 0.125, 0.125, 0.109375, 0.140625, 0.1875, 0.09375, 0.1484375, 0.15625]",[11],0.2448281609667623,0.21188788950164167
83,4868.75,"[0.1875, 0.125, 0.25, 0.171875, 0.265625, 0.21875, 0.140625, 0.1875, 0.1875, 0.1875, 0.15625, 0.25, 0.28125, 0.125, 0.125, 0.21875, 0.21875, 0.15625, 0.15625, 0.296875, 0.15625]","[0.1875, 0.0625, 0.15625, 0.171875, 0.1328125, 0.109375, 0.140625, 0.125, 0.09375, 0.125, 0.15625, 0.125, 0.140625, 0.125, 0.125, 0.109375, 0.140625, 0.1875, 0.09375, 0.1484375, 0.15625]","[31, 66]",0.26435138888368587,0.22433027899522195
84,4888.59375,"[0.1875, 0.125, 0.25, 0.171875, 0.265625, 0.21875, 0.140625, 0.1875, 0.1875, 0.15625, 0.171875, 0.25, 0.28125, 0.125, 0.125, 0.21875, 0.21875, 0.15625, 0.15625, 0.296875, 0.15625]","[0.1875, 0.0625, 0.15625, 0.171875, 0.1328125, 0.109375, 0.140625, 0.125, 0.09375, 0.109375, 0.171875, 0.125, 0.140625, 0.125, 0.125, 0.109375, 0.140625, 0.1875, 0.09375, 0.1484375, 0.15625]",[22],0.2663812866511249,0.23283677321884316
85,4869.21875,"[0.1875, 0.125, 0.25, 0.171875, 0.265625, 0.21875, 0.140625, 0.1875, 0.1875, 0.15625, 0.171875, 0.25, 0.28125, 0.125, 0.125, 0.21875, 0.21875, 0.15625, 0.15625, 0.296875, 0.15625]","[0.1875, 0.0625, 0.15625, 0.171875, 0.1328125, 0.109375, 0.140625, 0.125, 0.09375, 0.109375, 0.171875, 0.125, 0.140625, 0.125, 0.125, 0.109375, 0.140625, 0.1875, 0.09375, 0.1484375, 0.15625]","[22, 66]",0.2663812866511249,0.23283677321884316
86,5027.65625,"[0.1875, 0.1875, 0.25, 0.171875, 0.265625, 0.21875, 0.140625, 0.1875, 0.1875, 0.15625, 0.171875, 0.25, 0.28125, 0.125, 0.125, 0.21875, 0.21875, 0.15625, 0.28125, 0.296875, 0.15625]","[0.1875, 0.09375, 0.15625, 0.171875, 0.1328125, 0.109375, 0.140625, 0.125, 0.09375, 0.109375, 0.171875, 0.125, 0.140625, 0.125, 0.125, 0.109375, 0.140625, 0.1875, 0.15625, 0.1484375, 0.15625]","[67, 68]",0.25522681130318203,0.19566495037718112
87,5265.78125,"[0.1875, 0.1875, 0.25, 0.171875, 0.265625, 0.21875, 0.140625, 0.1875, 0.1875, 0.15625, 0.171875, 0.25, 0.28125, 0.125, 0.125, 0.21875, 0.21875, 0.15625, 0.28125, 0.296875, 0.15625]","[0.1875, 0.09375, 0.15625, 0.171875, 0.1328125, 0.109375, 0.140625, 0.125, 0.09375, 0.109375, 0.171875, 0.125, 0.140625, 0.125, 0.125, 0.109375, 0.140625, 0.1875, 0.15625, 0.1484375, 0.15625]",[67],0.25522681130318203,0.19566495037718112
88,5067.03125,"[0.1875, 0.1875, 0.25, 0.171875, 0.265625, 0.21875, 0.140625, 0.1875, 0.1875, 0.15625, 0.171875, 0.25, 0.28125, 0.125, 0.125, 0.21875, 0.21875, 0.15625, 0.28125, 0.296875, 0.15625]","[0.1875, 0.09375, 0.15625, 0.171875, 0.1328125, 0.109375, 0.140625, 0.125, 0.09375, 0.109375, 0.171875, 0.125, 0.140625, 0.125, 0.125, 0.109375, 0.140625, 0.1875, 0.15625, 0.1484375, 0.15625]","[67, 68]",0.25522681130318203,0.19566495037718112
89,5226.71875,"[0.1875, 0.1875, 0.25, 0.171875, 0.265625, 0.25, 0.140625, 0.1875, 0.1875, 0.15625, 0.171875, 0.25, 0.28125, 0.125, 0.125, 0.21875, 0.21875, 0.15625, 0.28125, 0.296875, 0.15625]","[0.1875, 0.09375, 0.15625, 0.171875, 0.1328125, 0.125, 0.140625, 0.125, 0.09375, 0.109375, 0.171875, 0.125, 0.140625, 0.125, 0.125, 0.109375, 0.140625, 0.1875, 0.15625, 0.1484375, 0.15625]",[68],0.25787129533770026,0.1903097288692433
90,5226.09375,"[0.1875, 0.1875, 0.125, 0.171875, 0.265625, 0.25, 0.140625, 0.1875, 0.1875, 0.15625, 0.171875, 0.25, 0.28125, 0.125, 0.125, 0.21875, 0.21875, 0.15625, 0.28125, 0.296875, 0.15625]","[0.1875, 0.09375, 0.09375, 0.171875, 0.1328125, 0.125, 0.140625, 0.125, 0.09375, 0.109375, 0.171875, 0.125, 0.140625, 0.125, 0.125, 0.109375, 0.140625, 0.1875, 0.15625, 0.1484375, 0.15625]","[0, 68]",0.2728487167173618,0.2046446263505356
91,5087.03125,"[0.1875, 0.125, 0.125, 0.171875, 0.265625, 0.125, 0.140625, 0.1875, 0.1875, 0.28125, 0.171875, 0.25, 0.28125, 0.125, 0.125, 0.21875, 0.21875, 0.15625, 0.28125, 0.296875, 0.15625]","[0.1875, 0.0625, 0.09375, 0.171875, 0.1328125, 0.0625, 0.140625, 0.125, 0.09375, 0.171875, 0.171875, 0.125, 0.140625, 0.125, 0.125, 0.109375, 0.140625, 0.1875, 0.15625, 0.1484375, 0.15625]",[0],0.30468805137273625,0.2599915705160761
92,4908.59375,"[0.1875, 0.125, 0.125, 0.171875, 0.265625, 0.125, 0.140625, 0.1875, 0.1875, 0.28125, 0.171875, 0.25, 0.28125, 0.125, 0.125, 0.21875, 0.21875, 0.15625, 0.28125, 0.296875, 0.15625]","[0.1875, 0.0625, 0.09375, 0.171875, 0.1328125, 0.0625, 0.140625, 0.125, 0.09375, 0.171875, 0.171875, 0.125, 0.140625, 0.125, 0.125, 0.109375, 0.140625, 0.1875, 0.15625, 0.1484375, 0.15625]",[0],0.30468805137273625,0.2599915705160761
93,4888.90625,"[0.1875, 0.15625, 0.125, 0.171875, 0.265625, 0.125, 0.140625, 0.1875, 0.1875, 0.28125, 0.171875, 0.25, 0.28125, 0.125, 0.125, 0.21875, 0.21875, 0.15625, 0.28125, 0.296875, 0.15625]","[0.1875, 0.078125, 0.09375, 0.171875, 0.1328125, 0.0625, 0.140625, 0.125, 0.09375, 0.171875, 0.171875, 0.125, 0.140625, 0.125, 0.125, 0.109375, 0.140625, 0.1875, 0.15625, 0.1484375, 0.15625]",[12],0.2953077998319027,0.24819721932121397
94,4908.59375,"[0.1875, 0.15625, 0.125, 0.171875, 0.265625, 0.125, 0.140625, 0.1875, 0.1875, 0.28125, 0.171875, 0.25, 0.28125, 0.125, 0.125, 0.21875, 0.21875, 0.15625, 0.28125, 0.296875, 0.15625]","[0.1875, 0.078125, 0.09375, 0.171875, 0.1328125, 0.0625, 0.140625, 0.125, 0.09375, 0.171875, 0.171875, 0.125, 0.140625, 0.125, 0.125, 0.109375, 0.140625, 0.1875, 0.15625, 0.1484375, 0.15625]",[12],0.2953077998319027,0.24819721932121397
95,4928.28125,"[0.1875, 0.15625, 0.125, 0.171875, 0.265625, 0.125, 0.140625, 0.1875, 0.1875, 0.28125, 0.171875, 0.25, 0.28125, 0.125, 0.125, 0.21875, 0.21875, 0.15625, 0.28125, 0.296875, 0.15625]","[0.1875, 0.078125, 0.09375, 0.171875, 0.1328125, 0.0625, 0.140625, 0.125, 0.09375, 0.171875, 0.171875, 0.125, 0.140625, 0.125, 0.125, 0.109375, 0.140625, 0.1875, 0.15625, 0.1484375, 0.15625]",[12],0.2953077998319027,0.24819721932121397
96,4908.59375,"[0.1875, 0.15625, 0.15625, 0.171875, 0.265625, 0.125, 0.140625, 0.1875, 0.1875, 0.28125, 0.171875, 0.25, 0.28125, 0.125, 0.125, 0.21875, 0.21875, 0.15625, 0.28125, 0.296875, 0.15625]","[0.1875, 0.078125, 0.109375, 0.171875, 0.1328125, 0.0625, 0.140625, 0.125, 0.09375, 0.171875, 0.171875, 0.125, 0.140625, 0.125, 0.125, 0.109375, 0.140625, 0.1875, 0.15625, 0.1484375, 0.15625]","[45, 69]",0.28569801103015396,0.2412121142551174
97,5027.65625,"[0.1875, 0.15625, 0.15625, 0.171875, 0.265625, 0.125, 0.140625, 0.1875, 0.1875, 0.28125, 0.171875, 0.25, 0.28125, 0.15625, 0.125, 0.21875, 0.21875, 0.15625, 0.28125, 0.296875, 0.15625]","[0.1875, 0.078125, 0.109375, 0.171875, 0.1328125, 0.0625, 0.140625, 0.125, 0.09375, 0.171875, 0.171875, 0.125, 0.140625, 0.15625, 0.125, 0.109375, 0.140625, 0.1875, 0.15625, 0.1484375, 0.15625]",[45],0.2758344964722393,0.23982584379977315
98,5027.65625,"[0.1875, 0.15625, 0.15625, 0.171875, 0.265625, 0.125, 0.140625, 0.1875, 0.1875, 0.28125, 0.171875, 0.25, 0.28125, 0.15625, 0.1875, 0.21875, 0.21875, 0.15625, 0.28125, 0.296875, 0.15625]","[0.1875, 0.078125, 0.109375, 0.171875, 0.1328125, 0.0625, 0.140625, 0.125, 0.09375, 0.171875, 0.171875, 0.125, 0.140625, 0.15625, 0.15625, 0.109375, 0.140625, 0.1875, 0.15625, 0.1484375, 0.15625]",[70],0.25966955108131634,0.23798293529472336
99,5067.03125,"[0.1875, 0.21875, 0.15625, 0.171875, 0.265625, 0.125, 0.140625, 0.1875, 0.1875, 0.28125, 0.171875, 0.25, 0.28125, 0.15625, 0.1875, 0.21875, 0.21875, 0.15625, 0.28125, 0.296875, 0.15625]","[0.1875, 0.140625, 0.109375, 0.171875, 0.1328125, 0.0625, 0.140625, 0.125, 0.09375, 0.171875, 0.171875, 0.125, 0.140625, 0.15625, 0.15625, 0.109375, 0.140625, 0.1875, 0.15625, 0.1484375, 0.15625]","[71, 72]",0.25151442132059026,0.21231641461771322
100,5146.5625,"[0.1875, 0.21875, 0.15625, 0.171875, 0.265625, 0.125, 0.140625, 0.1875, 0.1875, 0.28125, 0.171875, 0.25, 0.28125, 0.15625, 0.1875, 0.21875, 0.21875, 0.15625, 0.28125, 0.296875, 0.171875]","[0.1875, 0.140625, 0.109375, 0.171875, 0.1328125, 0.0625, 0.140625, 0.125, 0.09375, 0.171875, 0.171875, 0.125, 0.140625, 0.15625, 0.15625, 0.109375, 0.140625, 0.1875, 0.15625, 0.1484375, 0.1875]","[72, 73, 74, 75]",0.24770528456720592,0.21985647159872673
101,5424.6875,"[0.1875, 0.21875, 0.15625, 0.171875, 0.265625, 0.1875, 0.203125, 0.1875, 0.1875, 0.28125, 0.171875, 0.25, 0.28125, 0.15625, 0.1875, 0.21875, 0.28125, 0.15625, 0.28125, 0.328125, 0.171875]","[0.1875, 0.140625, 0.109375, 0.171875, 0.1328125, 0.09375, 0.203125, 0.125, 0.09375, 0.171875, 0.171875, 0.125, 0.140625, 0.15625, 0.15625, 0.109375, 0.171875, 0.1875, 0.15625, 0.1796875, 0.1875]","[76, 77]",0.2350399060407168,0.21076031000277246
102,5601.875,"[0.1875, 0.21875, 0.1875, 0.171875, 0.265625, 0.1875, 0.140625, 0.1875, 0.4375, 0.28125, 0.171875, 0.25, 0.28125, 0.15625, 0.1875, 0.21875, 0.28125, 0.15625, 0.28125, 0.328125, 0.171875]","[0.1875, 0.140625, 0.125, 0.171875, 0.1328125, 0.09375, 0.140625, 0.125, 0.21875, 0.171875, 0.171875, 0.125, 0.140625, 0.15625, 0.15625, 0.109375, 0.171875, 0.1875, 0.15625, 0.1796875, 0.1875]","[18, 78]",0.30938544884282887,0.1924578740504624
103,5561.25,"[0.1875, 0.21875, 0.1875, 0.171875, 0.265625, 0.1875, 0.140625, 0.1875, 0.4375, 0.28125, 0.171875, 0.25, 0.28125, 0.15625, 0.25, 0.21875, 0.28125, 0.15625, 0.28125, 0.328125, 0.171875]","[0.1875, 0.140625, 0.125, 0.171875, 0.1328125, 0.09375, 0.140625, 0.125, 0.21875, 0.171875, 0.171875, 0.125, 0.140625, 0.15625, 0.1875, 0.109375, 0.171875, 0.1875, 0.15625, 0.1796875, 0.1875]","[18, 79]",0.30370595671866407,0.1957890020745122
104,5521.25,"[0.1875, 0.25, 0.21875, 0.171875, 0.265625, 0.1875, 0.140625, 0.1875, 0.4375, 0.28125, 0.171875, 0.25, 0.28125, 0.15625, 0.25, 0.21875, 0.28125, 0.15625, 0.28125, 0.328125, 0.171875]","[0.1875, 0.15625, 0.140625, 0.171875, 0.1328125, 0.09375, 0.140625, 0.125, 0.21875, 0.171875, 0.171875, 0.125, 0.140625, 0.15625, 0.1875, 0.109375, 0.171875, 0.1875, 0.15625, 0.1796875, 0.1875]",[80],0.29761129885658,0.18882659340800093
105,5540.9375,"[0.1875, 0.21875, 0.21875, 0.171875, 0.265625, 0.1875, 0.140625, 0.21875, 0.4375, 0.28125, 0.171875, 0.25, 0.28125, 0.15625, 0.25, 0.21875, 0.28125, 0.15625, 0.28125, 0.328125, 0.171875]","[0.1875, 0.140625, 0.140625, 0.171875, 0.1328125, 0.09375, 0.140625, 0.140625, 0.21875, 0.171875, 0.171875, 0.125, 0.140625, 0.15625, 0.1875, 0.109375, 0.171875, 0.1875, 0.15625, 0.1796875, 0.1875]","[59, 81]",0.2946975516403229,0.18633568127456301
106,5699.6875,"[0.1875, 0.21875, 0.21875, 0.171875, 0.265625, 0.1875, 0.140625, 0.25, 0.4375, 0.28125, 0.171875, 0.25, 0.28125, 0.15625, 0.25, 0.21875, 0.28125, 0.15625, 0.28125, 0.328125, 0.171875]","[0.1875, 0.140625, 0.140625, 0.171875, 0.1328125, 0.09375, 0.140625, 0.15625, 0.21875, 0.171875, 0.171875, 0.125, 0.140625, 0.15625, 0.1875, 0.109375, 0.171875, 0.1875, 0.15625, 0.1796875, 0.1875]",[59],0.2929590120783473,0.18390936418592388
107,5620.3125,"[0.1875, 0.21875, 0.21875, 0.171875, 0.265625, 0.1875, 0.140625, 0.25, 0.4375, 0.28125, 0.171875, 0.25, 0.28125, 0.15625, 0.25, 0.21875, 0.28125, 0.15625, 0.28125, 0.328125, 0.171875]","[0.1875, 0.140625, 0.140625, 0.171875, 0.1328125, 0.09375, 0.140625, 0.15625, 0.21875, 0.171875, 0.171875, 0.125, 0.140625, 0.15625, 0.1875, 0.109375, 0.171875, 0.1875, 0.15625, 0.1796875, 0.1875]","[59, 82]",0.2929590120783473,0.18390936418592388
108,5699.375,"[0.1875, 0.15625, 0.21875, 0.171875, 0.265625, 0.1875, 0.140625, 0.25, 0.4375, 0.28125, 0.171875, 0.25, 0.28125, 0.15625, 0.25, 0.21875, 0.28125, 0.15625, 0.28125, 0.328125, 0.171875]","[0.1875, 0.078125, 0.140625, 0.171875, 0.1328125, 0.09375, 0.140625, 0.15625, 0.21875, 0.171875, 0.171875, 0.125, 0.140625, 0.15625, 0.1875, 0.109375, 0.171875, 0.1875, 0.15625, 0.1796875, 0.1875]",[59],0.3050391899217826,0.21645099590942626
109,5521.25,"[0.1875, 0.15625, 0.21875, 0.171875, 0.140625, 0.1875, 0.140625, 0.25, 0.4375, 0.28125, 0.171875, 0.25, 0.28125, 0.15625, 0.25, 0.21875, 0.28125, 0.15625, 0.28125, 0.328125, 0.171875]","[0.1875, 0.078125, 0.140625, 0.171875, 0.0703125, 0.09375, 0.140625, 0.15625, 0.21875, 0.171875, 0.171875, 0.125, 0.140625, 0.15625, 0.1875, 0.109375, 0.171875, 0.1875, 0.15625, 0.1796875, 0.1875]",[51],0.32223153975371827,0.24923440178179426
110,5382.1875,"[0.1875, 0.21875, 0.21875, 0.171875, 0.140625, 0.1875, 0.140625, 0.25, 0.4375, 0.28125, 0.171875, 0.25, 0.28125, 0.15625, 0.25, 0.21875, 0.28125, 0.15625, 0.28125, 0.328125, 0.171875]","[0.1875, 0.109375, 0.140625, 0.171875, 0.0703125, 0.09375, 0.140625, 0.15625, 0.21875, 0.171875, 0.171875, 0.125, 0.140625, 0.15625, 0.1875, 0.109375, 0.171875, 0.1875, 0.15625, 0.1796875, 0.1875]","[59, 70]",0.31095591229713154,0.2312037120803451
111,5501.40625,"[0.1875, 0.21875, 0.21875, 0.171875, 0.203125, 0.1875, 0.15625, 0.25, 0.4375, 0.28125, 0.171875, 0.25, 0.28125, 0.15625, 0.25, 0.21875, 0.28125, 0.15625, 0.28125, 0.328125, 0.171875]","[0.1875, 0.109375, 0.140625, 0.171875, 0.1015625, 0.09375, 0.171875, 0.15625, 0.21875, 0.171875, 0.171875, 0.125, 0.140625, 0.15625, 0.1875, 0.109375, 0.171875, 0.1875, 0.15625, 0.1796875, 0.1875]",[82],0.29145386993246714,0.20769435863659177
112,5580.78125,"[0.1875, 0.21875, 0.21875, 0.171875, 0.203125, 0.1875, 0.15625, 0.25, 0.4375, 0.28125, 0.171875, 0.25, 0.28125, 0.15625, 0.25, 0.21875, 0.28125, 0.21875, 0.15625, 0.328125, 0.171875]","[0.1875, 0.109375, 0.140625, 0.171875, 0.1015625, 0.09375, 0.171875, 0.15625, 0.21875, 0.171875, 0.171875, 0.125, 0.140625, 0.15625, 0.1875, 0.109375, 0.171875, 0.25, 0.09375, 0.1796875, 0.1875]","[22, 83]",0.2913443618892234,0.2564721183393164
113,5541.09375,"[0.1875, 0.21875, 0.21875, 0.171875, 0.203125, 0.1875, 0.15625, 0.25, 0.4375, 0.28125, 0.171875, 0.25, 0.28125, 0.15625, 0.25, 0.21875, 0.28125, 0.21875, 0.15625, 0.328125, 0.171875]","[0.1875, 0.109375, 0.140625, 0.171875, 0.1015625, 0.09375, 0.171875, 0.15625, 0.21875, 0.171875, 0.171875, 0.125, 0.140625, 0.15625, 0.1875, 0.109375, 0.171875, 0.25, 0.09375, 0.1796875, 0.1875]","[22, 83]",0.2913443618892234,0.2564721183393164
114,5481.5625,"[0.1875, 0.21875, 0.21875, 0.171875, 0.234375, 0.1875, 0.15625, 0.25, 0.4375, 0.28125, 0.171875, 0.25, 0.28125, 0.15625, 0.25, 0.21875, 0.28125, 0.21875, 0.171875, 0.328125, 0.171875]","[0.1875, 0.109375, 0.140625, 0.171875, 0.1171875, 0.09375, 0.171875, 0.15625, 0.21875, 0.171875, 0.171875, 0.125, 0.140625, 0.15625, 0.1875, 0.109375, 0.171875, 0.25, 0.1015625, 0.1796875, 0.1875]","[84, 85]",0.284273907572494,0.24536111371724634
115,5541.09375,"[0.1875, 0.21875, 0.21875, 0.171875, 0.234375, 0.1875, 0.15625, 0.25, 0.4375, 0.28125, 0.171875, 0.25, 0.28125, 0.15625, 0.25, 0.15625, 0.28125, 0.21875, 0.1875, 0.328125, 0.171875]","[0.1875, 0.109375, 0.140625, 0.171875, 0.1171875, 0.09375, 0.171875, 0.15625, 0.21875, 0.171875, 0.171875, 0.125, 0.140625, 0.15625, 0.1875, 0.078125, 0.171875, 0.25, 0.109375, 0.1796875, 0.1875]",[13],0.2928699256415508,0.259216145408047
116,5501.71875,"[0.1875, 0.21875, 0.21875, 0.171875, 0.234375, 0.1875, 0.15625, 0.25, 0.4375, 0.28125, 0.171875, 0.25, 0.28125, 0.15625, 0.25, 0.15625, 0.28125, 0.21875, 0.21875, 0.203125, 0.171875]","[0.1875, 0.109375, 0.140625, 0.171875, 0.1171875, 0.09375, 0.171875, 0.15625, 0.21875, 0.171875, 0.171875, 0.125, 0.140625, 0.15625, 0.1875, 0.078125, 0.171875, 0.25, 0.125, 0.1171875, 0.1875]","[55, 84]",0.28017499856887723,0.26189790769163174
117,5581.09375,"[0.1875, 0.21875, 0.21875, 0.171875, 0.234375, 0.1875, 0.15625, 0.25, 0.4375, 0.28125, 0.171875, 0.25, 0.28125, 0.15625, 0.25, 0.15625, 0.28125, 0.21875, 0.21875, 0.203125, 0.171875]","[0.1875, 0.109375, 0.140625, 0.171875, 0.1171875, 0.09375, 0.171875, 0.15625, 0.21875, 0.171875, 0.171875, 0.125, 0.140625, 0.15625, 0.1875, 0.078125, 0.171875, 0.25, 0.125, 0.1171875, 0.1875]","[55, 84]",0.28017499856887723,0.26189790769163174
118,5541.09375,"[0.1875, 0.28125, 0.21875, 0.171875, 0.234375, 0.3125, 0.15625, 0.25, 0.4375, 0.28125, 0.171875, 0.25, 0.28125, 0.15625, 0.25, 0.15625, 0.28125, 0.21875, 0.21875, 0.203125, 0.171875]","[0.1875, 0.140625, 0.140625, 0.171875, 0.1171875, 0.15625, 0.171875, 0.15625, 0.21875, 0.171875, 0.171875, 0.125, 0.140625, 0.15625, 0.1875, 0.078125, 0.171875, 0.25, 0.125, 0.1171875, 0.1875]",[86],0.2823095467651696,0.23136740491919872
119,5580.46875,"[0.1875, 0.28125, 0.21875, 0.171875, 0.234375, 0.3125, 0.15625, 0.25, 0.4375, 0.28125, 0.171875, 0.25, 0.28125, 0.15625, 0.25, 0.21875, 0.28125, 0.21875, 0.21875, 0.203125, 0.171875]","[0.1875, 0.140625, 0.140625, 0.171875, 0.1171875, 0.15625, 0.171875, 0.15625, 0.21875, 0.171875, 0.171875, 0.125, 0.140625, 0.15625, 0.1875, 0.140625, 0.171875, 0.25, 0.125, 0.1171875, 0.1875]","[87, 88, 89]",0.26960076491131224,0.19992318194808167
120,5719.21875,"[0.1875, 0.28125, 0.25, 0.171875, 0.234375, 0.3125, 0.15625, 0.25, 0.4375, 0.28125, 0.171875, 0.25, 0.28125, 0.15625, 0.25, 0.21875, 0.28125, 0.21875, 0.21875, 0.203125, 0.171875]","[0.1875, 0.140625, 0.15625, 0.171875, 0.1171875, 0.15625, 0.171875, 0.15625, 0.21875, 0.171875, 0.171875, 0.125, 0.140625, 0.15625, 0.1875, 0.140625, 0.171875, 0.25, 0.125, 0.1171875, 0.1875]",[87],0.26769030771422186,0.19700960734981393
121,5758.90625,"[0.1875, 0.28125, 0.25, 0.171875, 0.234375, 0.3125, 0.15625, 0.25, 0.4375, 0.28125, 0.171875, 0.25, 0.28125, 0.15625, 0.25, 0.21875, 0.28125, 0.21875, 0.21875, 0.203125, 0.171875]","[0.1875, 0.140625, 0.15625, 0.171875, 0.1171875, 0.15625, 0.171875, 0.15625, 0.21875, 0.171875, 0.171875, 0.125, 0.140625, 0.15625, 0.1875, 0.140625, 0.171875, 0.25, 0.125, 0.1171875, 0.1875]","[87, 88]",0.26769030771422186,0.19700960734981393
122,5719.21875,"[0.1875, 0.28125, 0.25, 0.171875, 0.296875, 0.3125, 0.15625, 0.25, 0.4375, 0.28125, 0.171875, 0.25, 0.28125, 0.15625, 0.25, 0.21875, 0.28125, 0.21875, 0.21875, 0.203125, 0.171875]","[0.1875, 0.140625, 0.15625, 0.171875, 0.1484375, 0.15625, 0.171875, 0.15625, 0.21875, 0.171875, 0.171875, 0.125, 0.140625, 0.15625, 0.1875, 0.140625, 0.171875, 0.25, 0.125, 0.1171875, 0.1875]","[87, 90]",0.26954549671428996,0.18631877637930574
123,5877.96875,"[0.1875, 0.28125, 0.25, 0.203125, 0.296875, 0.3125, 0.15625, 0.25, 0.4375, 0.28125, 0.171875, 0.25, 0.28125, 0.15625, 0.25, 0.21875, 0.28125, 0.21875, 0.34375, 0.203125, 0.171875]","[0.1875, 0.140625, 0.15625, 0.203125, 0.1484375, 0.15625, 0.171875, 0.15625, 0.21875, 0.171875, 0.171875, 0.125, 0.140625, 0.15625, 0.1875, 0.140625, 0.171875, 0.25, 0.1875, 0.1171875, 0.1875]","[91, 92]",0.26986957283676843,0.18139405101245187
124,6076.09375,"[0.25, 0.28125, 0.25, 0.203125, 0.296875, 0.3125, 0.15625, 0.25, 0.4375, 0.28125, 0.171875, 0.25, 0.28125, 0.15625, 0.25, 0.21875, 0.28125, 0.21875, 0.34375, 0.203125, 0.171875]","[0.25, 0.140625, 0.15625, 0.203125, 0.1484375, 0.15625, 0.171875, 0.15625, 0.21875, 0.171875, 0.171875, 0.125, 0.140625, 0.15625, 0.1875, 0.140625, 0.171875, 0.25, 0.1875, 0.1171875, 0.1875]",[92],0.2611950277111619,0.20376232962358973
125,6076.09375,"[0.25, 0.28125, 0.25, 0.203125, 0.296875, 0.3125, 0.15625, 0.25, 0.4375, 0.28125, 0.171875, 0.25, 0.28125, 0.15625, 0.25, 0.21875, 0.28125, 0.21875, 0.34375, 0.328125, 0.171875]","[0.25, 0.140625, 0.15625, 0.203125, 0.1484375, 0.15625, 0.171875, 0.15625, 0.21875, 0.171875, 0.171875, 0.125, 0.140625, 0.15625, 0.1875, 0.140625, 0.171875, 0.25, 0.1875, 0.1796875, 0.1875]","[93, 94]",0.25931906372573965,0.1877893120307764
126,6175.46875,"[0.25, 0.28125, 0.25, 0.203125, 0.296875, 0.3125, 0.15625, 0.25, 0.4375, 0.28125, 0.171875, 0.25, 0.28125, 0.15625, 0.25, 0.21875, 0.28125, 0.21875, 0.34375, 0.328125, 0.171875]","[0.25, 0.140625, 0.15625, 0.203125, 0.1484375, 0.15625, 0.171875, 0.15625, 0.21875, 0.171875, 0.171875, 0.125, 0.140625, 0.15625, 0.1875, 0.140625, 0.171875, 0.25, 0.1875, 0.1796875, 0.1875]",[93],0.25931906372573965,0.1877893120307764
127,6234.84375,"[0.25, 0.28125, 0.25, 0.203125, 0.296875, 0.3125, 0.15625, 0.25, 0.4375, 0.28125, 0.171875, 0.375, 0.28125, 0.15625, 0.25, 0.21875, 0.28125, 0.21875, 0.34375, 0.328125, 0.171875]","[0.25, 0.140625, 0.15625, 0.203125, 0.1484375, 0.15625, 0.171875, 0.15625, 0.21875, 0.171875, 0.171875, 0.1875, 0.140625, 0.15625, 0.1875, 0.140625, 0.171875, 0.25, 0.1875, 0.1796875, 0.1875]","[94, 95]",0.27083101195959475,0.1741058432766793
128,6413.90625,"[0.25, 0.28125, 0.25, 0.203125, 0.296875, 0.3125, 0.15625, 0.25, 0.4375, 0.28125, 0.171875, 0.375, 0.28125, 0.15625, 0.25, 0.21875, 0.28125, 0.21875, 0.34375, 0.328125, 0.171875]","[0.25, 0.140625, 0.15625, 0.203125, 0.1484375, 0.15625, 0.171875, 0.15625, 0.21875, 0.171875, 0.171875, 0.1875, 0.140625, 0.15625, 0.1875, 0.140625, 0.171875, 0.25, 0.1875, 0.1796875, 0.1875]",[94],0.27083101195959475,0.1741058432766793
129,6274.53125,"[0.25, 0.28125, 0.25, 0.203125, 0.296875, 0.3125, 0.140625, 0.25, 0.4375, 0.28125, 0.171875, 0.375, 0.3125, 0.15625, 0.25, 0.21875, 0.28125, 0.21875, 0.34375, 0.328125, 0.171875]","[0.25, 0.140625, 0.15625, 0.203125, 0.1484375, 0.15625, 0.140625, 0.15625, 0.21875, 0.171875, 0.171875, 0.1875, 0.171875, 0.15625, 0.1875, 0.140625, 0.171875, 0.25, 0.1875, 0.1796875, 0.1875]","[59, 95]",0.2772106310812903,0.1741058432766793
130,6334.296875,"[0.25, 0.28125, 0.25, 0.203125, 0.296875, 0.3125, 0.171875, 0.25, 0.4375, 0.28125, 0.171875, 0.375, 0.3125, 0.15625, 0.25, 0.21875, 0.28125, 0.21875, 0.34375, 0.328125, 0.171875]","[0.25, 0.140625, 0.15625, 0.203125, 0.1484375, 0.15625, 0.171875, 0.15625, 0.21875, 0.171875, 0.171875, 0.1875, 0.171875, 0.15625, 0.1875, 0.140625, 0.171875, 0.25, 0.1875, 0.1796875, 0.1875]","[59, 96]",0.26722328076461305,0.1665705088105315
131,6513.125,"[0.25, 0.34375, 0.25, 0.203125, 0.296875, 0.3125, 0.234375, 0.25, 0.4375, 0.28125, 0.171875, 0.375, 0.3125, 0.15625, 0.25, 0.21875, 0.28125, 0.21875, 0.34375, 0.328125, 0.171875]","[0.25, 0.171875, 0.15625, 0.203125, 0.1484375, 0.15625, 0.234375, 0.15625, 0.21875, 0.171875, 0.171875, 0.1875, 0.171875, 0.15625, 0.1875, 0.140625, 0.171875, 0.25, 0.1875, 0.1796875, 0.1875]","[97, 98]",0.2582125304947073,0.16729517013274808
132,6671.25,"[0.25, 0.34375, 0.25, 0.203125, 0.296875, 0.3125, 0.234375, 0.25, 0.4375, 0.28125, 0.234375, 0.375, 0.3125, 0.15625, 0.25, 0.34375, 0.28125, 0.21875, 0.34375, 0.328125, 0.171875]","[0.25, 0.171875, 0.15625, 0.203125, 0.1484375, 0.15625, 0.234375, 0.15625, 0.21875, 0.171875, 0.234375, 0.1875, 0.171875, 0.15625, 0.1875, 0.203125, 0.171875, 0.25, 0.1875, 0.1796875, 0.1875]",[99],0.240629032686543,0.16280414709527116
133,6711.09375,"[0.25, 0.34375, 0.25, 0.203125, 0.296875, 0.3125, 0.234375, 0.25, 0.4375, 0.28125, 0.234375, 0.375, 0.3125, 0.171875, 0.25, 0.34375, 0.28125, 0.21875, 0.34375, 0.328125, 0.171875]","[0.25, 0.171875, 0.15625, 0.203125, 0.1484375, 0.15625, 0.234375, 0.15625, 0.21875, 0.171875, 0.234375, 0.1875, 0.171875, 0.1875, 0.1875, 0.203125, 0.171875, 0.25, 0.1875, 0.1796875, 0.1875]","[100, 101]",0.23537284404752273,0.15678085305763254
134,6909.53125,"[0.25, 0.34375, 0.25, 0.234375, 0.296875, 0.3125, 0.234375, 0.25, 0.4375, 0.28125, 0.234375, 0.375, 0.3125, 0.171875, 0.25, 0.34375, 0.28125, 0.21875, 0.34375, 0.328125, 0.171875]","[0.25, 0.171875, 0.15625, 0.265625, 0.1484375, 0.15625, 0.234375, 0.15625, 0.21875, 0.171875, 0.234375, 0.1875, 0.171875, 0.1875, 0.1875, 0.203125, 0.171875, 0.25, 0.1875, 0.1796875, 0.1875]",[101],0.22908088729444054,0.17438212333678582
135,6910.15625,"[0.25, 0.34375, 0.25, 0.234375, 0.296875, 0.3125, 0.234375, 0.25, 0.4375, 0.28125, 0.234375, 0.375, 0.3125, 0.171875, 0.25, 0.34375, 0.28125, 0.21875, 0.34375, 0.328125, 0.171875]","[0.25, 0.171875, 0.15625, 0.265625, 0.1484375, 0.15625, 0.234375, 0.15625, 0.21875, 0.171875, 0.234375, 0.1875, 0.171875, 0.1875, 0.1875, 0.203125, 0.171875, 0.25, 0.1875, 0.1796875, 0.1875]","[101, 102, 103]",0.22908088729444054,0.17438212333678582
136,6829.6875,"[0.25, 0.34375, 0.3125, 0.234375, 0.296875, 0.25, 0.234375, 0.28125, 0.1875, 0.28125, 0.234375, 0.375, 0.3125, 0.171875, 0.25, 0.34375, 0.28125, 0.21875, 0.34375, 0.328125, 0.171875]","[0.25, 0.171875, 0.1875, 0.265625, 0.1484375, 0.125, 0.234375, 0.171875, 0.09375, 0.171875, 0.234375, 0.1875, 0.171875, 0.1875, 0.1875, 0.203125, 0.171875, 0.25, 0.1875, 0.1796875, 0.1875]",[73],0.2111900530476906,0.21294445447271312
137,6592.8125,"[0.25, 0.34375, 0.3125, 0.234375, 0.296875, 0.25, 0.234375, 0.28125, 0.1875, 0.28125, 0.234375, 0.375, 0.3125, 0.171875, 0.25, 0.34375, 0.28125, 0.234375, 0.34375, 0.328125, 0.171875]","[0.25, 0.171875, 0.1875, 0.265625, 0.1484375, 0.125, 0.234375, 0.171875, 0.09375, 0.171875, 0.234375, 0.1875, 0.171875, 0.1875, 0.1875, 0.203125, 0.171875, 0.265625, 0.1875, 0.1796875, 0.1875]",[76],0.20843968440175578,0.21867800347577773
138,6750.3125,"[0.25, 0.34375, 0.3125, 0.234375, 0.296875, 0.25, 0.234375, 0.28125, 0.1875, 0.28125, 0.234375, 0.375, 0.3125, 0.171875, 0.25, 0.34375, 0.28125, 0.234375, 0.34375, 0.328125, 0.171875]","[0.25, 0.171875, 0.1875, 0.265625, 0.1484375, 0.125, 0.234375, 0.171875, 0.09375, 0.171875, 0.234375, 0.1875, 0.171875, 0.1875, 0.1875, 0.203125, 0.171875, 0.265625, 0.1875, 0.1796875, 0.1875]",[76],0.20843968440175578,0.21867800347577773
139,6671.5625,"[0.25, 0.34375, 0.3125, 0.234375, 0.296875, 0.25, 0.234375, 0.28125, 0.1875, 0.28125, 0.234375, 0.375, 0.3125, 0.171875, 0.25, 0.34375, 0.28125, 0.234375, 0.34375, 0.328125, 0.171875]","[0.25, 0.171875, 0.1875, 0.265625, 0.1484375, 0.125, 0.234375, 0.171875, 0.09375, 0.171875, 0.234375, 0.1875, 0.171875, 0.1875, 0.1875, 0.203125, 0.171875, 0.265625, 0.1875, 0.1796875, 0.1875]","[76, 101]",0.20843968440175578,0.21867800347577773
140,6692.1875,"[0.25, 0.34375, 0.3125, 0.234375, 0.296875, 0.25, 0.171875, 0.28125, 0.21875, 0.28125, 0.234375, 0.375, 0.3125, 0.171875, 0.25, 0.34375, 0.28125, 0.234375, 0.34375, 0.328125, 0.171875]","[0.25, 0.171875, 0.1875, 0.265625, 0.1484375, 0.125, 0.171875, 0.171875, 0.109375, 0.171875, 0.234375, 0.1875, 0.171875, 0.1875, 0.1875, 0.203125, 0.171875, 0.265625, 0.1875, 0.1796875, 0.1875]","[75, 76]",0.21610945537689163,0.20693978369099084
141,6532.34375,"[0.25, 0.34375, 0.3125, 0.234375, 0.296875, 0.25, 0.109375, 0.28125, 0.28125, 0.28125, 0.234375, 0.375, 0.3125, 0.171875, 0.25, 0.34375, 0.28125, 0.234375, 0.34375, 0.328125, 0.171875]","[0.25, 0.171875, 0.1875, 0.265625, 0.1484375, 0.125, 0.109375, 0.171875, 0.140625, 0.171875, 0.234375, 0.1875, 0.171875, 0.1875, 0.1875, 0.203125, 0.171875, 0.265625, 0.1875, 0.1796875, 0.1875]",[50],0.23575206541675756,0.21479292353334173
142,6372.96875,"[0.25, 0.34375, 0.3125, 0.234375, 0.296875, 0.25, 0.125, 0.28125, 0.28125, 0.28125, 0.203125, 0.375, 0.3125, 0.171875, 0.25, 0.34375, 0.28125, 0.234375, 0.34375, 0.328125, 0.171875]","[0.25, 0.171875, 0.1875, 0.265625, 0.1484375, 0.125, 0.140625, 0.171875, 0.140625, 0.171875, 0.203125, 0.1875, 0.171875, 0.1875, 0.1875, 0.203125, 0.171875, 0.265625, 0.1875, 0.1796875, 0.1875]",[63],0.23424078974635057,0.1951204756041764
143,6353.125,"[0.25, 0.34375, 0.3125, 0.234375, 0.296875, 0.265625, 0.125, 0.28125, 0.28125, 0.28125, 0.203125, 0.375, 0.3125, 0.171875, 0.25, 0.34375, 0.28125, 0.234375, 0.34375, 0.328125, 0.171875]","[0.25, 0.171875, 0.1875, 0.265625, 0.1484375, 0.1328125, 0.140625, 0.171875, 0.140625, 0.171875, 0.203125, 0.1875, 0.171875, 0.1875, 0.1875, 0.203125, 0.171875, 0.265625, 0.1875, 0.1796875, 0.1875]",[75],0.23304736330163187,0.1915543810620372
144,6392.96875,"[0.25, 0.34375, 0.3125, 0.234375, 0.296875, 0.265625, 0.125, 0.28125, 0.28125, 0.28125, 0.203125, 0.375, 0.3125, 0.171875, 0.25, 0.34375, 0.28125, 0.234375, 0.34375, 0.328125, 0.171875]","[0.25, 0.171875, 0.1875, 0.265625, 0.1484375, 0.1328125, 0.140625, 0.171875, 0.140625, 0.171875, 0.203125, 0.1875, 0.171875, 0.1875, 0.1875, 0.203125, 0.171875, 0.265625, 0.1875, 0.1796875, 0.1875]","[75, 104]",0.23304736330163187,0.1915543810620372
145,6392.65625,"[0.25, 0.34375, 0.3125, 0.234375, 0.296875, 0.265625, 0.125, 0.28125, 0.3125, 0.28125, 0.203125, 0.375, 0.3125, 0.171875, 0.25, 0.34375, 0.21875, 0.234375, 0.34375, 0.328125, 0.171875]","[0.25, 0.171875, 0.1875, 0.265625, 0.1484375, 0.1328125, 0.140625, 0.171875, 0.15625, 0.171875, 0.203125, 0.1875, 0.171875, 0.1875, 0.1875, 0.203125, 0.140625, 0.265625, 0.1875, 0.1796875, 0.1875]","[72, 75]",0.24012501449835064,0.19477061025760015
146,6532.1875,"[0.25, 0.34375, 0.3125, 0.234375, 0.296875, 0.265625, 0.125, 0.25, 0.3125, 0.28125, 0.203125, 0.375, 0.3125, 0.171875, 0.25, 0.34375, 0.21875, 0.234375, 0.34375, 0.328125, 0.234375]","[0.25, 0.171875, 0.1875, 0.265625, 0.1484375, 0.1328125, 0.140625, 0.15625, 0.15625, 0.171875, 0.203125, 0.1875, 0.171875, 0.1875, 0.1875, 0.203125, 0.140625, 0.265625, 0.1875, 0.1796875, 0.25]",[57],0.22754153011921605,0.2083070434021566
147,6492.8125,"[0.25, 0.34375, 0.3125, 0.234375, 0.296875, 0.265625, 0.125, 0.25, 0.3125, 0.28125, 0.203125, 0.375, 0.3125, 0.171875, 0.25, 0.34375, 0.25, 0.234375, 0.34375, 0.328125, 0.234375]","[0.25, 0.171875, 0.1875, 0.265625, 0.1484375, 0.1328125, 0.140625, 0.15625, 0.15625, 0.171875, 0.203125, 0.1875, 0.171875, 0.1875, 0.1875, 0.203125, 0.15625, 0.265625, 0.1875, 0.1796875, 0.25]",[72],0.2229749263727122,0.20343329512036792
148,6652.1875,"[0.25, 0.34375, 0.3125, 0.234375, 0.296875, 0.265625, 0.125, 0.25, 0.3125, 0.28125, 0.203125, 0.375, 0.3125, 0.171875, 0.25, 0.34375, 0.25, 0.234375, 0.34375, 0.328125, 0.234375]","[0.25, 0.171875, 0.1875, 0.265625, 0.1484375, 0.1328125, 0.140625, 0.15625, 0.15625, 0.171875, 0.203125, 0.1875, 0.171875, 0.1875, 0.1875, 0.203125, 0.15625, 0.265625, 0.1875, 0.1796875, 0.25]",[72],0.2229749263727122,0.20343329512036792
149,6512.5,"[0.25, 0.34375, 0.3125, 0.234375, 0.296875, 0.265625, 0.125, 0.25, 0.3125, 0.28125, 0.203125, 0.375, 0.1875, 0.171875, 0.28125, 0.34375, 0.25, 0.234375, 0.34375, 0.328125, 0.234375]","[0.25, 0.171875, 0.1875, 0.265625, 0.1484375, 0.1328125, 0.140625, 0.15625, 0.15625, 0.171875, 0.203125, 0.1875, 0.109375, 0.1875, 0.203125, 0.203125, 0.15625, 0.265625, 0.1875, 0.1796875, 0.25]","[46, 105]",0.2335316617442634,0.22527494711485874
150,6551.875,"[0.25, 0.34375, 0.3125, 0.234375, 0.296875, 0.265625, 0.125, 0.3125, 0.3125, 0.28125, 0.203125, 0.375, 0.1875, 0.171875, 0.28125, 0.34375, 0.25, 0.234375, 0.34375, 0.328125, 0.234375]","[0.25, 0.171875, 0.1875, 0.265625, 0.1484375, 0.1328125, 0.140625, 0.1875, 0.15625, 0.171875, 0.203125, 0.1875, 0.109375, 0.1875, 0.203125, 0.203125, 0.15625, 0.265625, 0.1875, 0.1796875, 0.25]","[105, 106]",0.23304736330163184,0.22059441491696827
151,6512.5,"[0.25, 0.34375, 0.3125, 0.234375, 0.296875, 0.265625, 0.125, 0.3125, 0.3125, 0.28125, 0.203125, 0.375, 0.21875, 0.171875, 0.28125, 0.34375, 0.25, 0.234375, 0.34375, 0.328125, 0.234375]","[0.25, 0.171875, 0.1875, 0.265625, 0.1484375, 0.1328125, 0.140625, 0.1875, 0.15625, 0.171875, 0.203125, 0.1875, 0.140625, 0.1875, 0.203125, 0.203125, 0.15625, 0.265625, 0.1875, 0.1796875, 0.25]",[106],0.2257697077608044,0.2064458176794796
152,6591.5625,"[0.25, 0.34375, 0.3125, 0.234375, 0.296875, 0.390625, 0.125, 0.3125, 0.3125, 0.28125, 0.203125, 0.375, 0.21875, 0.171875, 0.28125, 0.34375, 0.25, 0.234375, 0.34375, 0.328125, 0.234375]","[0.25, 0.171875, 0.1875, 0.265625, 0.1484375, 0.1953125, 0.140625, 0.1875, 0.15625, 0.171875, 0.203125, 0.1875, 0.140625, 0.1875, 0.203125, 0.203125, 0.15625, 0.265625, 0.1875, 0.1796875, 0.25]","[107, 108]",0.2386129574045252,0.19235682615786182
153,6710.78125,"[0.25, 0.28125, 0.3125, 0.234375, 0.296875, 0.390625, 0.125, 0.3125, 0.3125, 0.28125, 0.203125, 0.375, 0.28125, 0.171875, 0.28125, 0.34375, 0.25, 0.234375, 0.34375, 0.328125, 0.234375]","[0.25, 0.140625, 0.1875, 0.265625, 0.1484375, 0.1953125, 0.140625, 0.1875, 0.15625, 0.171875, 0.203125, 0.1875, 0.171875, 0.1875, 0.203125, 0.203125, 0.15625, 0.265625, 0.1875, 0.1796875, 0.25]",[66],0.2283240859915422,0.19235682615786182
154,6670.9375,"[0.25, 0.28125, 0.3125, 0.234375, 0.296875, 0.390625, 0.125, 0.3125, 0.3125, 0.28125, 0.203125, 0.375, 0.28125, 0.171875, 0.28125, 0.34375, 0.3125, 0.234375, 0.34375, 0.328125, 0.234375]","[0.25, 0.140625, 0.1875, 0.265625, 0.1484375, 0.1953125, 0.140625, 0.1875, 0.15625, 0.171875, 0.203125, 0.1875, 0.171875, 0.1875, 0.203125, 0.203125, 0.21875, 0.265625, 0.1875, 0.1796875, 0.25]","[107, 109, 110]",0.22615566426626998,0.18680267154202615
155,6889.84375,"[0.25, 0.28125, 0.3125, 0.234375, 0.296875, 0.390625, 0.125, 0.25, 0.3125, 0.3125, 0.203125, 0.375, 0.28125, 0.171875, 0.28125, 0.34375, 0.3125, 0.234375, 0.34375, 0.328125, 0.203125]","[0.25, 0.140625, 0.1875, 0.265625, 0.1484375, 0.1953125, 0.140625, 0.125, 0.15625, 0.1875, 0.203125, 0.1875, 0.171875, 0.1875, 0.203125, 0.203125, 0.21875, 0.265625, 0.1875, 0.1796875, 0.21875]","[38, 61, 107]",0.23480746951978773,0.19601073760458074
156,6970.0,"[0.25, 0.28125, 0.3125, 0.234375, 0.296875, 0.390625, 0.1875, 0.25, 0.3125, 0.3125, 0.203125, 0.375, 0.28125, 0.234375, 0.28125, 0.34375, 0.3125, 0.234375, 0.34375, 0.328125, 0.203125]","[0.25, 0.140625, 0.1875, 0.265625, 0.1484375, 0.1953125, 0.203125, 0.125, 0.15625, 0.1875, 0.203125, 0.1875, 0.171875, 0.25, 0.203125, 0.203125, 0.21875, 0.265625, 0.1875, 0.1796875, 0.21875]",[107],0.19463487220357176,0.19070063337403886
157,6969.0625,"[0.25, 0.28125, 0.3125, 0.234375, 0.296875, 0.390625, 0.171875, 0.25, 0.3125, 0.3125, 0.203125, 0.375, 0.28125, 0.234375, 0.28125, 0.34375, 0.3125, 0.234375, 0.34375, 0.328125, 0.203125]","[0.25, 0.140625, 0.1875, 0.265625, 0.1484375, 0.1953125, 0.171875, 0.125, 0.15625, 0.1875, 0.203125, 0.1875, 0.171875, 0.25, 0.203125, 0.203125, 0.21875, 0.265625, 0.1875, 0.1796875, 0.21875]",[50],0.2000268649160908,0.19401291132631893
158,6929.84375,"[0.25, 0.28125, 0.3125, 0.234375, 0.296875, 0.390625, 0.109375, 0.25, 0.3125, 0.3125, 0.203125, 0.375, 0.28125, 0.234375, 0.28125, 0.34375, 0.3125, 0.234375, 0.34375, 0.328125, 0.203125]","[0.25, 0.140625, 0.1875, 0.265625, 0.1484375, 0.1953125, 0.109375, 0.125, 0.15625, 0.1875, 0.203125, 0.1875, 0.171875, 0.25, 0.203125, 0.203125, 0.21875, 0.265625, 0.1875, 0.1796875, 0.21875]","[50, 59]",0.22706561866347685,0.2177690206713824
159,6870.3125,"[0.25, 0.28125, 0.3125, 0.234375, 0.296875, 0.390625, 0.171875, 0.25, 0.3125, 0.3125, 0.21875, 0.375, 0.25, 0.234375, 0.28125, 0.34375, 0.3125, 0.234375, 0.34375, 0.328125, 0.203125]","[0.25, 0.140625, 0.1875, 0.265625, 0.1484375, 0.1953125, 0.171875, 0.125, 0.15625, 0.1875, 0.21875, 0.1875, 0.140625, 0.25, 0.203125, 0.203125, 0.21875, 0.265625, 0.1875, 0.1796875, 0.21875]","[94, 107, 109]",0.19881922913183267,0.20396078054371145
160,7108.4375,"[0.25, 0.28125, 0.3125, 0.234375, 0.296875, 0.390625, 0.171875, 0.375, 0.3125, 0.3125, 0.21875, 0.375, 0.25, 0.234375, 0.28125, 0.34375, 0.3125, 0.234375, 0.34375, 0.328125, 0.265625]","[0.25, 0.140625, 0.1875, 0.265625, 0.1484375, 0.1953125, 0.171875, 0.1875, 0.15625, 0.1875, 0.21875, 0.1875, 0.140625, 0.25, 0.203125, 0.203125, 0.21875, 0.265625, 0.1875, 0.1796875, 0.28125]",[107],0.19232731454051794,0.20148722192133908
161,7148.125,"[0.25, 0.28125, 0.3125, 0.234375, 0.296875, 0.390625, 0.171875, 0.375, 0.3125, 0.3125, 0.21875, 0.375, 0.25, 0.234375, 0.28125, 0.34375, 0.3125, 0.234375, 0.34375, 0.328125, 0.265625]","[0.25, 0.140625, 0.1875, 0.265625, 0.1484375, 0.1953125, 0.171875, 0.1875, 0.15625, 0.1875, 0.21875, 0.1875, 0.140625, 0.25, 0.203125, 0.203125, 0.21875, 0.265625, 0.1875, 0.1796875, 0.28125]","[107, 111]",0.19232731454051794,0.20148722192133908
162,7127.96875,"[0.25, 0.28125, 0.3125, 0.234375, 0.296875, 0.390625, 0.171875, 0.375, 0.375, 0.3125, 0.21875, 0.375, 0.265625, 0.234375, 0.28125, 0.34375, 0.3125, 0.234375, 0.34375, 0.328125, 0.265625]","[0.25, 0.140625, 0.1875, 0.265625, 0.1484375, 0.1953125, 0.171875, 0.1875, 0.1875, 0.1875, 0.21875, 0.1875, 0.1484375, 0.25, 0.203125, 0.203125, 0.21875, 0.265625, 0.1875, 0.1796875, 0.28125]",[112],0.19718272837058867,0.19138975058773822
163,7207.65625,"[0.25, 0.28125, 0.3125, 0.234375, 0.296875, 0.390625, 0.203125, 0.375, 0.375, 0.3125, 0.21875, 0.375, 0.265625, 0.234375, 0.28125, 0.34375, 0.3125, 0.234375, 0.34375, 0.203125, 0.265625]","[0.25, 0.140625, 0.1875, 0.265625, 0.1484375, 0.1953125, 0.203125, 0.1875, 0.1875, 0.1875, 0.21875, 0.1875, 0.1484375, 0.25, 0.203125, 0.203125, 0.21875, 0.265625, 0.1875, 0.1171875, 0.28125]","[92, 113]",0.20060022047189335,0.2097161954004844
164,7148.203125,"[0.25, 0.28125, 0.3125, 0.234375, 0.296875, 0.390625, 0.203125, 0.34375, 0.375, 0.3125, 0.21875, 0.375, 0.265625, 0.21875, 0.28125, 0.34375, 0.3125, 0.234375, 0.34375, 0.265625, 0.265625]","[0.25, 0.140625, 0.1875, 0.265625, 0.1484375, 0.1953125, 0.203125, 0.171875, 0.1875, 0.1875, 0.21875, 0.1875, 0.1484375, 0.21875, 0.203125, 0.203125, 0.21875, 0.265625, 0.1875, 0.1484375, 0.28125]","[92, 99, 102]",0.1865561765181859,0.1939411475790525
165,7407.34375,"[0.25, 0.28125, 0.3125, 0.234375, 0.296875, 0.390625, 0.203125, 0.34375, 0.375, 0.3125, 0.21875, 0.375, 0.265625, 0.28125, 0.28125, 0.34375, 0.3125, 0.234375, 0.34375, 0.265625, 0.265625]","[0.25, 0.140625, 0.1875, 0.265625, 0.1484375, 0.1953125, 0.203125, 0.171875, 0.1875, 0.1875, 0.21875, 0.1875, 0.1484375, 0.28125, 0.203125, 0.203125, 0.21875, 0.265625, 0.1875, 0.1484375, 0.28125]",[92],0.17647884050157728,0.20818920725476875
166,7386.875,"[0.25, 0.28125, 0.3125, 0.234375, 0.421875, 0.390625, 0.203125, 0.34375, 0.375, 0.3125, 0.21875, 0.375, 0.265625, 0.28125, 0.28125, 0.34375, 0.3125, 0.234375, 0.34375, 0.265625, 0.265625]","[0.25, 0.140625, 0.1875, 0.265625, 0.2109375, 0.1953125, 0.203125, 0.171875, 0.1875, 0.1875, 0.21875, 0.1875, 0.1484375, 0.28125, 0.203125, 0.203125, 0.21875, 0.265625, 0.1875, 0.1484375, 0.28125]","[102, 114]",0.19508970787364388,0.19629875754880938
167,7466.25,"[0.25, 0.28125, 0.3125, 0.234375, 0.421875, 0.390625, 0.203125, 0.34375, 0.34375, 0.3125, 0.21875, 0.375, 0.265625, 0.28125, 0.28125, 0.34375, 0.3125, 0.234375, 0.34375, 0.296875, 0.265625]","[0.25, 0.140625, 0.1875, 0.265625, 0.2109375, 0.1953125, 0.203125, 0.171875, 0.171875, 0.1875, 0.21875, 0.1875, 0.1484375, 0.28125, 0.203125, 0.203125, 0.21875, 0.265625, 0.1875, 0.1796875, 0.28125]","[101, 102]",0.1883791840637668,0.19033574261436206
168,7605.625,"[0.25, 0.28125, 0.3125, 0.234375, 0.421875, 0.390625, 0.265625, 0.34375, 0.40625, 0.3125, 0.21875, 0.375, 0.265625, 0.28125, 0.28125, 0.34375, 0.3125, 0.234375, 0.34375, 0.296875, 0.265625]","[0.25, 0.140625, 0.1875, 0.265625, 0.2109375, 0.1953125, 0.265625, 0.171875, 0.203125, 0.1875, 0.21875, 0.1875, 0.1484375, 0.28125, 0.203125, 0.203125, 0.21875, 0.265625, 0.1875, 0.1796875, 0.28125]","[115, 116, 117, 118]",0.1851036501450254,0.19102677317636776
169,7784.21875,"[0.28125, 0.28125, 0.3125, 0.203125, 0.421875, 0.375, 0.265625, 0.34375, 0.40625, 0.3125, 0.21875, 0.375, 0.234375, 0.28125, 0.28125, 0.34375, 0.3125, 0.234375, 0.34375, 0.328125, 0.265625]","[0.265625, 0.140625, 0.1875, 0.234375, 0.2109375, 0.1875, 0.265625, 0.171875, 0.203125, 0.1875, 0.21875, 0.1875, 0.1328125, 0.28125, 0.203125, 0.203125, 0.21875, 0.265625, 0.1875, 0.2109375, 0.28125]","[16, 40]",0.19155079733104208,0.19292177855975523
170,7645.15625,"[0.28125, 0.21875, 0.3125, 0.203125, 0.421875, 0.375, 0.265625, 0.34375, 0.40625, 0.3125, 0.21875, 0.375, 0.265625, 0.28125, 0.28125, 0.34375, 0.3125, 0.234375, 0.34375, 0.328125, 0.265625]","[0.265625, 0.109375, 0.1875, 0.234375, 0.2109375, 0.1875, 0.265625, 0.171875, 0.203125, 0.1875, 0.21875, 0.1875, 0.1484375, 0.28125, 0.203125, 0.203125, 0.21875, 0.265625, 0.1875, 0.2109375, 0.28125]",[40],0.19703021631203702,0.20221518034654098
171,7724.84375,"[0.28125, 0.21875, 0.3125, 0.203125, 0.421875, 0.375, 0.265625, 0.34375, 0.40625, 0.3125, 0.21875, 0.375, 0.265625, 0.28125, 0.28125, 0.34375, 0.3125, 0.234375, 0.34375, 0.328125, 0.265625]","[0.265625, 0.109375, 0.1875, 0.234375, 0.2109375, 0.1875, 0.265625, 0.171875, 0.203125, 0.1875, 0.21875, 0.1875, 0.1484375, 0.28125, 0.203125, 0.203125, 0.21875, 0.265625, 0.1875, 0.2109375, 0.28125]","[40, 63]",0.19703021631203702,0.20221518034654098
172,7665.15625,"[0.28125, 0.21875, 0.3125, 0.203125, 0.421875, 0.375, 0.265625, 0.34375, 0.40625, 0.3125, 0.21875, 0.375, 0.265625, 0.28125, 0.28125, 0.34375, 0.3125, 0.234375, 0.34375, 0.328125, 0.265625]","[0.265625, 0.109375, 0.1875, 0.234375, 0.2109375, 0.1875, 0.265625, 0.171875, 0.203125, 0.1875, 0.21875, 0.1875, 0.1484375, 0.28125, 0.203125, 0.203125, 0.21875, 0.265625, 0.1875, 0.2109375, 0.28125]","[40, 63]",0.19703021631203702,0.20221518034654098
173,7684.53125,"[0.28125, 0.34375, 0.3125, 0.203125, 0.421875, 0.375, 0.265625, 0.34375, 0.40625, 0.3125, 0.21875, 0.375, 0.265625, 0.28125, 0.28125, 0.34375, 0.3125, 0.234375, 0.34375, 0.328125, 0.265625]","[0.265625, 0.171875, 0.1875, 0.234375, 0.2109375, 0.1875, 0.265625, 0.171875, 0.203125, 0.1875, 0.21875, 0.1875, 0.1484375, 0.28125, 0.203125, 0.203125, 0.21875, 0.265625, 0.1875, 0.2109375, 0.28125]",[63],0.1847301215594317,0.17441666211312581
174,7684.53125,"[0.28125, 0.34375, 0.3125, 0.203125, 0.421875, 0.375, 0.234375, 0.3125, 0.40625, 0.3125, 0.21875, 0.375, 0.265625, 0.28125, 0.21875, 0.34375, 0.3125, 0.234375, 0.34375, 0.328125, 0.265625]","[0.265625, 0.171875, 0.1875, 0.234375, 0.2109375, 0.1875, 0.234375, 0.15625, 0.203125, 0.1875, 0.21875, 0.1875, 0.1484375, 0.28125, 0.140625, 0.203125, 0.21875, 0.265625, 0.1875, 0.2109375, 0.28125]",[30],0.20081671587658753,0.1905725099594167
175,7525.78125,"[0.28125, 0.34375, 0.3125, 0.203125, 0.421875, 0.375, 0.234375, 0.3125, 0.40625, 0.3125, 0.21875, 0.375, 0.265625, 0.28125, 0.25, 0.34375, 0.3125, 0.234375, 0.34375, 0.328125, 0.265625]","[0.265625, 0.171875, 0.1875, 0.234375, 0.2109375, 0.1875, 0.234375, 0.15625, 0.203125, 0.1875, 0.21875, 0.1875, 0.1484375, 0.28125, 0.15625, 0.203125, 0.21875, 0.265625, 0.1875, 0.2109375, 0.28125]","[63, 81]",0.19412948180358827,0.18439990576547882
176,7585.15625,"[0.28125, 0.34375, 0.3125, 0.140625, 0.421875, 0.375, 0.234375, 0.3125, 0.40625, 0.3125, 0.21875, 0.375, 0.265625, 0.28125, 0.28125, 0.34375, 0.3125, 0.234375, 0.34375, 0.328125, 0.265625]","[0.265625, 0.171875, 0.1875, 0.171875, 0.2109375, 0.1875, 0.234375, 0.15625, 0.203125, 0.1875, 0.21875, 0.1875, 0.1484375, 0.28125, 0.171875, 0.203125, 0.21875, 0.265625, 0.1875, 0.2109375, 0.28125]","[58, 81]",0.2129526805664223,0.1841944277009782
177,7624.21875,"[0.28125, 0.34375, 0.3125, 0.140625, 0.421875, 0.375, 0.234375, 0.3125, 0.40625, 0.3125, 0.21875, 0.375, 0.265625, 0.28125, 0.28125, 0.34375, 0.3125, 0.234375, 0.34375, 0.328125, 0.265625]","[0.265625, 0.171875, 0.1875, 0.171875, 0.2109375, 0.1875, 0.234375, 0.15625, 0.203125, 0.1875, 0.21875, 0.1875, 0.1484375, 0.28125, 0.171875, 0.203125, 0.21875, 0.265625, 0.1875, 0.2109375, 0.28125]","[58, 81, 84]",0.2129526805664223,0.1841944277009782
178,7604.84375,"[0.28125, 0.34375, 0.3125, 0.140625, 0.421875, 0.375, 0.234375, 0.3125, 0.40625, 0.3125, 0.21875, 0.375, 0.296875, 0.28125, 0.28125, 0.34375, 0.3125, 0.234375, 0.34375, 0.328125, 0.265625]","[0.265625, 0.171875, 0.1875, 0.171875, 0.2109375, 0.1875, 0.234375, 0.15625, 0.203125, 0.1875, 0.21875, 0.1875, 0.1640625, 0.28125, 0.171875, 0.203125, 0.21875, 0.265625, 0.1875, 0.2109375, 0.28125]","[58, 84]",0.21012095578962633,0.17865816706613807
179,7564.84375,"[0.28125, 0.34375, 0.3125, 0.140625, 0.421875, 0.375, 0.234375, 0.3125, 0.40625, 0.3125, 0.203125, 0.375, 0.296875, 0.28125, 0.3125, 0.34375, 0.3125, 0.234375, 0.34375, 0.328125, 0.265625]","[0.265625, 0.171875, 0.1875, 0.171875, 0.2109375, 0.1875, 0.234375, 0.15625, 0.203125, 0.1875, 0.203125, 0.1875, 0.1640625, 0.28125, 0.1875, 0.203125, 0.21875, 0.265625, 0.1875, 0.2109375, 0.28125]",[58],0.2124861031867892,0.1756231057785314
180,7525.46875,"[0.28125, 0.34375, 0.3125, 0.140625, 0.421875, 0.375, 0.234375, 0.3125, 0.40625, 0.3125, 0.1875, 0.375, 0.296875, 0.28125, 0.3125, 0.34375, 0.3125, 0.234375, 0.34375, 0.328125, 0.265625]","[0.265625, 0.171875, 0.1875, 0.171875, 0.2109375, 0.1875, 0.234375, 0.15625, 0.203125, 0.1875, 0.1875, 0.1875, 0.1640625, 0.28125, 0.1875, 0.203125, 0.21875, 0.265625, 0.1875, 0.2109375, 0.28125]",[31],0.21710471967108724,0.1774565715353906
181,7565.15625,"[0.28125, 0.34375, 0.3125, 0.140625, 0.421875, 0.375, 0.234375, 0.3125, 0.40625, 0.3125, 0.25, 0.375, 0.296875, 0.28125, 0.3125, 0.34375, 0.3125, 0.234375, 0.34375, 0.328125, 0.265625]","[0.265625, 0.171875, 0.1875, 0.171875, 0.2109375, 0.1875, 0.234375, 0.15625, 0.203125, 0.1875, 0.25, 0.1875, 0.1640625, 0.28125, 0.1875, 0.203125, 0.21875, 0.265625, 0.1875, 0.2109375, 0.28125]","[58, 59]",0.20174877772466965,0.17876982367032157
182,7763.28125,"[0.28125, 0.34375, 0.3125, 0.140625, 0.421875, 0.375, 0.234375, 0.3125, 0.40625, 0.3125, 0.25, 0.375, 0.296875, 0.28125, 0.375, 0.34375, 0.3125, 0.234375, 0.34375, 0.328125, 0.265625]","[0.265625, 0.171875, 0.1875, 0.171875, 0.2109375, 0.1875, 0.234375, 0.15625, 0.203125, 0.1875, 0.25, 0.1875, 0.1640625, 0.28125, 0.25, 0.203125, 0.21875, 0.265625, 0.1875, 0.2109375, 0.28125]","[58, 95, 115, 116]",0.2048895086523604,0.17888094324703338
183,8040.46875,"[0.28125, 0.34375, 0.3125, 0.140625, 0.546875, 0.375, 0.234375, 0.3125, 0.40625, 0.3125, 0.25, 0.375, 0.296875, 0.28125, 0.375, 0.34375, 0.28125, 0.234375, 0.34375, 0.328125, 0.265625]","[0.265625, 0.171875, 0.1875, 0.171875, 0.2734375, 0.1875, 0.234375, 0.15625, 0.203125, 0.1875, 0.25, 0.1875, 0.1640625, 0.28125, 0.25, 0.203125, 0.203125, 0.265625, 0.1875, 0.2109375, 0.28125]",[57],0.24818789622765658,0.18715113888060472
184,7902.34375,"[0.28125, 0.34375, 0.3125, 0.140625, 0.546875, 0.375, 0.234375, 0.3125, 0.40625, 0.3125, 0.25, 0.375, 0.421875, 0.28125, 0.375, 0.34375, 0.28125, 0.21875, 0.34375, 0.328125, 0.265625]","[0.265625, 0.171875, 0.1875, 0.171875, 0.2734375, 0.1875, 0.234375, 0.15625, 0.203125, 0.1875, 0.25, 0.1875, 0.2265625, 0.28125, 0.25, 0.203125, 0.203125, 0.25, 0.1875, 0.2109375, 0.28125]",[47],0.2561612186862947,0.17420807950218492
185,8041.25,"[0.28125, 0.34375, 0.3125, 0.265625, 0.546875, 0.375, 0.234375, 0.3125, 0.40625, 0.3125, 0.25, 0.375, 0.421875, 0.28125, 0.375, 0.34375, 0.28125, 0.21875, 0.34375, 0.328125, 0.265625]","[0.265625, 0.171875, 0.1875, 0.296875, 0.2734375, 0.1875, 0.234375, 0.15625, 0.203125, 0.1875, 0.25, 0.1875, 0.2265625, 0.28125, 0.25, 0.203125, 0.203125, 0.25, 0.1875, 0.2109375, 0.28125]","[58, 95]",0.2231211730231796,0.17897493257271022
186,8240.3125,"[0.28125, 0.34375, 0.3125, 0.265625, 0.546875, 0.375, 0.234375, 0.3125, 0.40625, 0.3125, 0.25, 0.375, 0.421875, 0.28125, 0.375, 0.34375, 0.28125, 0.21875, 0.34375, 0.328125, 0.265625]","[0.265625, 0.171875, 0.1875, 0.296875, 0.2734375, 0.1875, 0.234375, 0.15625, 0.203125, 0.1875, 0.25, 0.1875, 0.2265625, 0.28125, 0.25, 0.203125, 0.203125, 0.25, 0.1875, 0.2109375, 0.28125]","[58, 95, 115]",0.2231211730231796,0.17897493257271022
187,8399.0625,"[0.28125, 0.34375, 0.3125, 0.265625, 0.546875, 0.375, 0.234375, 0.3125, 0.40625, 0.3125, 0.25, 0.375, 0.421875, 0.28125, 0.375, 0.34375, 0.28125, 0.25, 0.46875, 0.328125, 0.265625]","[0.265625, 0.171875, 0.1875, 0.296875, 0.2734375, 0.1875, 0.234375, 0.15625, 0.203125, 0.1875, 0.25, 0.1875, 0.2265625, 0.28125, 0.25, 0.203125, 0.203125, 0.3125, 0.25, 0.2109375, 0.28125]","[115, 119]",0.23023337596318963,0.18891247639654338
188,8438.28125,"[0.28125, 0.34375, 0.3125, 0.265625, 0.546875, 0.375, 0.234375, 0.3125, 0.40625, 0.3125, 0.25, 0.375, 0.421875, 0.28125, 0.375, 0.34375, 0.28125, 0.25, 0.46875, 0.453125, 0.265625]","[0.265625, 0.171875, 0.1875, 0.296875, 0.2734375, 0.1875, 0.234375, 0.15625, 0.203125, 0.1875, 0.25, 0.1875, 0.2265625, 0.28125, 0.25, 0.203125, 0.203125, 0.3125, 0.25, 0.2734375, 0.28125]",[119],0.23788106899501918,0.18976026981431068
189,8418.125,"[0.28125, 0.34375, 0.3125, 0.265625, 0.546875, 0.375, 0.234375, 0.3125, 0.40625, 0.3125, 0.25, 0.375, 0.421875, 0.28125, 0.375, 0.34375, 0.28125, 0.25, 0.46875, 0.453125, 0.265625]","[0.265625, 0.171875, 0.1875, 0.296875, 0.2734375, 0.1875, 0.234375, 0.15625, 0.203125, 0.1875, 0.25, 0.1875, 0.2265625, 0.28125, 0.25, 0.203125, 0.203125, 0.3125, 0.25, 0.2734375, 0.28125]",[119],0.23788106899501918,0.18976026981431068
190,8437.8125,"[0.28125, 0.34375, 0.3125, 0.265625, 0.546875, 0.375, 0.234375, 0.3125, 0.40625, 0.3125, 0.25, 0.375, 0.421875, 0.28125, 0.375, 0.34375, 0.34375, 0.25, 0.46875, 0.453125, 0.265625]","[0.265625, 0.171875, 0.1875, 0.296875, 0.2734375, 0.1875, 0.234375, 0.15625, 0.203125, 0.1875, 0.25, 0.1875, 0.2265625, 0.28125, 0.25, 0.203125, 0.234375, 0.3125, 0.25, 0.2734375, 0.28125]","[120, 121, 122]",0.23262105259961768,0.1864506340423435
191,8655.859375,"[0.28125, 0.34375, 0.3125, 0.265625, 0.546875, 0.5, 0.2421875, 0.3125, 0.40625, 0.3125, 0.25, 0.375, 0.421875, 0.28125, 0.375, 0.34375, 0.34375, 0.25, 0.46875, 0.453125, 0.265625]","[0.265625, 0.171875, 0.1875, 0.296875, 0.2734375, 0.25, 0.2421875, 0.15625, 0.203125, 0.1875, 0.25, 0.1875, 0.2265625, 0.28125, 0.25, 0.203125, 0.234375, 0.3125, 0.25, 0.2734375, 0.28125]",[120],0.24559161446383487,0.17898561032752597
192,8656.328125,"[0.28125, 0.34375, 0.3125, 0.265625, 0.546875, 0.5, 0.2421875, 0.3125, 0.40625, 0.3125, 0.25, 0.375, 0.421875, 0.28125, 0.375, 0.34375, 0.34375, 0.25, 0.46875, 0.453125, 0.265625]","[0.265625, 0.171875, 0.1875, 0.296875, 0.2734375, 0.25, 0.2421875, 0.15625, 0.203125, 0.1875, 0.25, 0.1875, 0.2265625, 0.28125, 0.25, 0.203125, 0.234375, 0.3125, 0.25, 0.2734375, 0.28125]","[120, 123]",0.24559161446383487,0.17898561032752597
193,8815.078125,"[0.28125, 0.34375, 0.3125, 0.265625, 0.546875, 0.5, 0.2578125, 0.3125, 0.40625, 0.3125, 0.25, 0.375, 0.421875, 0.28125, 0.375, 0.34375, 0.34375, 0.25, 0.46875, 0.453125, 0.265625]","[0.265625, 0.171875, 0.1875, 0.296875, 0.2734375, 0.25, 0.2734375, 0.15625, 0.203125, 0.1875, 0.25, 0.1875, 0.2265625, 0.28125, 0.25, 0.203125, 0.234375, 0.3125, 0.25, 0.2734375, 0.28125]","[120, 124, 125]",0.24258021426821152,0.18073906173657678
194,8814.765625,"[0.28125, 0.34375, 0.3125, 0.265625, 0.546875, 0.5, 0.2578125, 0.1875, 0.40625, 0.3125, 0.25, 0.375, 0.421875, 0.28125, 0.375, 0.34375, 0.34375, 0.25, 0.46875, 0.4375, 0.265625]","[0.265625, 0.171875, 0.1875, 0.296875, 0.2734375, 0.25, 0.2734375, 0.125, 0.203125, 0.1875, 0.25, 0.1875, 0.2265625, 0.28125, 0.25, 0.203125, 0.234375, 0.3125, 0.25, 0.265625, 0.28125]","[7, 20]",0.2640583418280325,0.19472577084252035
195,8735.078125,"[0.28125, 0.34375, 0.3125, 0.265625, 0.546875, 0.5, 0.2578125, 0.1875, 0.40625, 0.3125, 0.25, 0.375, 0.421875, 0.28125, 0.375, 0.34375, 0.34375, 0.25, 0.46875, 0.4375, 0.265625]","[0.265625, 0.171875, 0.1875, 0.296875, 0.2734375, 0.25, 0.2734375, 0.125, 0.203125, 0.1875, 0.25, 0.1875, 0.2265625, 0.28125, 0.25, 0.203125, 0.234375, 0.3125, 0.25, 0.265625, 0.28125]",[7],0.2640583418280325,0.19472577084252035
196,8715.234375,"[0.28125, 0.34375, 0.3125, 0.265625, 0.546875, 0.5, 0.2578125, 0.4375, 0.40625, 0.3125, 0.25, 0.375, 0.421875, 0.28125, 0.375, 0.34375, 0.34375, 0.25, 0.46875, 0.4375, 0.265625]","[0.265625, 0.171875, 0.1875, 0.296875, 0.2734375, 0.25, 0.2734375, 0.25, 0.203125, 0.1875, 0.25, 0.1875, 0.2265625, 0.28125, 0.25, 0.203125, 0.234375, 0.3125, 0.25, 0.265625, 0.28125]",[20],0.24100583138006682,0.15969138335349112
197,8793.984375,"[0.28125, 0.34375, 0.375, 0.265625, 0.546875, 0.5, 0.2578125, 0.4375, 0.40625, 0.3125, 0.25, 0.375, 0.421875, 0.28125, 0.375, 0.34375, 0.34375, 0.25, 0.46875, 0.4375, 0.265625]","[0.265625, 0.171875, 0.1875, 0.296875, 0.2734375, 0.25, 0.2734375, 0.25, 0.203125, 0.1875, 0.25, 0.1875, 0.2265625, 0.28125, 0.25, 0.203125, 0.234375, 0.3125, 0.25, 0.265625, 0.28125]",[11],0.23767421665514737,0.15969138335349112
198,8774.296875,"[0.28125, 0.34375, 0.375, 0.265625, 0.546875, 0.5, 0.2578125, 0.4375, 0.40625, 0.3125, 0.25, 0.375, 0.421875, 0.28125, 0.375, 0.34375, 0.34375, 0.25, 0.46875, 0.4375, 0.265625]","[0.265625, 0.171875, 0.1875, 0.296875, 0.2734375, 0.25, 0.2734375, 0.25, 0.203125, 0.1875, 0.25, 0.1875, 0.2265625, 0.28125, 0.25, 0.203125, 0.234375, 0.3125, 0.25, 0.265625, 0.28125]","[11, 94]",0.23767421665514737,0.15969138335349112
199,8833.359375,"[0.28125, 0.40625, 0.375, 0.265625, 0.546875, 0.5, 0.2578125, 0.4375, 0.40625, 0.375, 0.25, 0.375, 0.421875, 0.28125, 0.375, 0.34375, 0.34375, 0.25, 0.46875, 0.4375, 0.265625]","[0.265625, 0.203125, 0.1875, 0.296875, 0.2734375, 0.25, 0.2734375, 0.25, 0.203125, 0.25, 0.25, 0.1875, 0.2265625, 0.28125, 0.25, 0.203125, 0.234375, 0.3125, 0.25, 0.265625, 0.28125]",[120],0.23329946327535964,0.1386234547547851
200,8912.109375,"[0.28125, 0.40625, 0.375, 0.265625, 0.484375, 0.5, 0.2578125, 0.4375, 0.40625, 0.375, 0.25, 0.375, 0.421875, 0.28125, 0.375, 0.34375, 0.34375, 0.25, 0.46875, 0.4375, 0.265625]","[0.265625, 0.203125, 0.1875, 0.296875, 0.2421875, 0.25, 0.2734375, 0.25, 0.203125, 0.25, 0.25, 0.1875, 0.2265625, 0.28125, 0.25, 0.203125, 0.234375, 0.3125, 0.25, 0.265625, 0.28125]",[70],0.22003436541149618,0.1374788782188966
201,8773.671875,"[0.28125, 0.40625, 0.375, 0.265625, 0.484375, 0.5, 0.2578125, 0.4375, 0.40625, 0.3125, 0.25, 0.375, 0.421875, 0.28125, 0.375, 0.34375, 0.34375, 0.25, 0.46875, 0.4375, 0.265625]","[0.265625, 0.203125, 0.1875, 0.296875, 0.2421875, 0.25, 0.2734375, 0.25, 0.203125, 0.21875, 0.25, 0.1875, 0.2265625, 0.28125, 0.25, 0.203125, 0.234375, 0.3125, 0.25, 0.265625, 0.28125]","[62, 70]",0.2235941910353639,0.14024535159560966
202,8832.734375,"[0.28125, 0.40625, 0.375, 0.265625, 0.484375, 0.5, 0.2578125, 0.4375, 0.40625, 0.4375, 0.25, 0.375, 0.421875, 0.28125, 0.375, 0.40625, 0.34375, 0.25, 0.46875, 0.4375, 0.265625]","[0.265625, 0.203125, 0.1875, 0.296875, 0.2421875, 0.25, 0.2734375, 0.25, 0.203125, 0.28125, 0.25, 0.1875, 0.2265625, 0.28125, 0.25, 0.265625, 0.234375, 0.3125, 0.25, 0.265625, 0.28125]",[120],0.22162731628196375,0.13324992405019528
203,8872.421875,"[0.28125, 0.40625, 0.375, 0.265625, 0.484375, 0.5, 0.2578125, 0.4375, 0.40625, 0.4375, 0.25, 0.40625, 0.421875, 0.28125, 0.375, 0.40625, 0.34375, 0.25, 0.46875, 0.4375, 0.265625]","[0.265625, 0.203125, 0.1875, 0.296875, 0.2421875, 0.25, 0.2734375, 0.25, 0.203125, 0.28125, 0.25, 0.203125, 0.2265625, 0.28125, 0.25, 0.265625, 0.234375, 0.3125, 0.25, 0.265625, 0.28125]","[125, 126]",0.2218161919322377,0.12783734521365703
204,9071.015625,"[0.28125, 0.40625, 0.375, 0.265625, 0.484375, 0.5, 0.2578125, 0.4375, 0.40625, 0.4375, 0.25, 0.40625, 0.390625, 0.28125, 0.375, 0.40625, 0.34375, 0.25, 0.46875, 0.4375, 0.265625]","[0.265625, 0.203125, 0.1875, 0.296875, 0.2421875, 0.25, 0.2734375, 0.25, 0.203125, 0.28125, 0.25, 0.203125, 0.2109375, 0.28125, 0.25, 0.265625, 0.234375, 0.3125, 0.25, 0.265625, 0.28125]",[16],0.22085097133713452,0.13114558195314246
205,8872.421875,"[0.28125, 0.40625, 0.375, 0.265625, 0.484375, 0.5, 0.2578125, 0.4375, 0.40625, 0.4375, 0.25, 0.4375, 0.390625, 0.28125, 0.375, 0.40625, 0.34375, 0.25, 0.46875, 0.4375, 0.265625]","[0.265625, 0.203125, 0.1875, 0.296875, 0.2421875, 0.25, 0.2734375, 0.25, 0.203125, 0.28125, 0.25, 0.234375, 0.2109375, 0.28125, 0.25, 0.265625, 0.234375, 0.3125, 0.25, 0.265625, 0.28125]","[125, 126]",0.22258296624040924,0.12441046788328251
206,9109.921875,"[0.28125, 0.40625, 0.5, 0.265625, 0.484375, 0.5, 0.2578125, 0.4375, 0.40625, 0.4375, 0.25, 0.4375, 0.390625, 0.28125, 0.375, 0.40625, 0.34375, 0.25, 0.46875, 0.4375, 0.265625]","[0.265625, 0.203125, 0.25, 0.296875, 0.2421875, 0.25, 0.2734375, 0.25, 0.203125, 0.28125, 0.25, 0.234375, 0.2109375, 0.28125, 0.25, 0.265625, 0.234375, 0.3125, 0.25, 0.265625, 0.28125]",[126],0.2312681102555524,0.10930397983845189
207,8990.859375,"[0.28125, 0.40625, 0.5, 0.265625, 0.484375, 0.5, 0.2578125, 0.4375, 0.40625, 0.4375, 0.25, 0.4375, 0.421875, 0.28125, 0.375, 0.40625, 0.34375, 0.25, 0.46875, 0.4375, 0.203125]","[0.265625, 0.203125, 0.25, 0.296875, 0.2421875, 0.25, 0.2734375, 0.25, 0.203125, 0.28125, 0.25, 0.234375, 0.2265625, 0.28125, 0.25, 0.265625, 0.234375, 0.3125, 0.25, 0.265625, 0.21875]","[75, 127]",0.24608315039432774,0.10812462352269601
208,8891.015625,"[0.28125, 0.40625, 0.5, 0.265625, 0.484375, 0.5, 0.2578125, 0.4375, 0.40625, 0.4375, 0.25, 0.4375, 0.421875, 0.28125, 0.375, 0.40625, 0.34375, 0.25, 0.46875, 0.4375, 0.21875]","[0.265625, 0.203125, 0.25, 0.296875, 0.2421875, 0.25, 0.2734375, 0.25, 0.203125, 0.28125, 0.25, 0.234375, 0.2265625, 0.28125, 0.25, 0.265625, 0.234375, 0.3125, 0.25, 0.265625, 0.234375]","[75, 128, 129]",0.24204326095860376,0.10492845864875092
209,9069.84375,"[0.28125, 0.40625, 0.5, 0.265625, 0.484375, 0.5, 0.2578125, 0.4375, 0.40625, 0.4375, 0.25, 0.4375, 0.421875, 0.28125, 0.375, 0.40625, 0.34375, 0.25, 0.46875, 0.4375, 0.21875]","[0.265625, 0.203125, 0.25, 0.296875, 0.2421875, 0.25, 0.2734375, 0.25, 0.203125, 0.28125, 0.25, 0.234375, 0.2265625, 0.28125, 0.25, 0.265625, 0.234375, 0.3125, 0.25, 0.265625, 0.234375]",[75],0.24204326095860376,0.10492845864875092
210,8950.703125,"[0.28125, 0.40625, 0.5, 0.265625, 0.484375, 0.5, 0.2578125, 0.4375, 0.40625, 0.4375, 0.25, 0.4375, 0.484375, 0.28125, 0.375, 0.40625, 0.34375, 0.25, 0.46875, 0.4375, 0.21875]","[0.265625, 0.203125, 0.25, 0.296875, 0.2421875, 0.25, 0.2734375, 0.25, 0.203125, 0.28125, 0.25, 0.234375, 0.2578125, 0.28125, 0.25, 0.265625, 0.234375, 0.3125, 0.25, 0.265625, 0.234375]",[128],0.24673853544825267,0.10166706771667242
211,8990.078125,"[0.28125, 0.40625, 0.5, 0.265625, 0.484375, 0.5, 0.2578125, 0.4375, 0.40625, 0.4375, 0.25, 0.4375, 0.484375, 0.28125, 0.375, 0.40625, 0.34375, 0.25, 0.46875, 0.4375, 0.21875]","[0.265625, 0.203125, 0.25, 0.296875, 0.2421875, 0.25, 0.2734375, 0.25, 0.203125, 0.28125, 0.25, 0.234375, 0.2578125, 0.28125, 0.25, 0.265625, 0.234375, 0.3125, 0.25, 0.265625, 0.234375]","[128, 129]",0.24673853544825267,0.10166706771667242
212,9010.390625,"[0.28125, 0.40625, 0.5, 0.265625, 0.484375, 0.5, 0.2578125, 0.4375, 0.40625, 0.4375, 0.25, 0.4375, 0.484375, 0.28125, 0.375, 0.40625, 0.34375, 0.25, 0.46875, 0.4375, 0.21875]","[0.265625, 0.203125, 0.25, 0.296875, 0.2421875, 0.25, 0.2734375, 0.25, 0.203125, 0.28125, 0.25, 0.234375, 0.2578125, 0.28125, 0.25, 0.265625, 0.234375, 0.3125, 0.25, 0.265625, 0.234375]",[128],0.24673853544825267,0.10166706771667242
213,9029.453125,"[0.28125, 0.40625, 0.5, 0.265625, 0.484375, 0.5, 0.2578125, 0.4375, 0.40625, 0.4375, 0.25, 0.4375, 0.484375, 0.28125, 0.375, 0.40625, 0.34375, 0.25, 0.46875, 0.4375, 0.21875]","[0.265625, 0.203125, 0.25, 0.296875, 0.2421875, 0.25, 0.2734375, 0.25, 0.203125, 0.28125, 0.25, 0.234375, 0.2578125, 0.28125, 0.25, 0.265625, 0.234375, 0.3125, 0.25, 0.265625, 0.234375]",[128],0.24673853544825267,0.10166706771667242
214,8970.625,"[0.28125, 0.40625, 0.5, 0.265625, 0.484375, 0.5, 0.2578125, 0.4375, 0.40625, 0.4375, 0.25, 0.4375, 0.484375, 0.28125, 0.375, 0.40625, 0.34375, 0.25, 0.46875, 0.4375, 0.21875]","[0.265625, 0.203125, 0.25, 0.296875, 0.2421875, 0.25, 0.2734375, 0.25, 0.203125, 0.28125, 0.25, 0.234375, 0.2578125, 0.28125, 0.25, 0.265625, 0.234375, 0.3125, 0.25, 0.265625, 0.234375]",[128],0.24673853544825267,0.10166706771667242
215,8970.390625,"[0.28125, 0.40625, 0.5, 0.265625, 0.484375, 0.5, 0.2578125, 0.4375, 0.4375, 0.4375, 0.25, 0.4375, 0.484375, 0.28125, 0.375, 0.40625, 0.34375, 0.25, 0.46875, 0.4375, 0.21875]","[0.265625, 0.203125, 0.25, 0.296875, 0.2421875, 0.25, 0.2734375, 0.25, 0.21875, 0.28125, 0.25, 0.234375, 0.2578125, 0.28125, 0.25, 0.265625, 0.234375, 0.3125, 0.25, 0.265625, 0.234375]","[129, 130]",0.2475970628568888,0.09626815582990657
216,9169.609375,"[0.28125, 0.40625, 0.5, 0.265625, 0.484375, 0.5, 0.2734375, 0.4375, 0.4375, 0.4375, 0.25, 0.4375, 0.484375, 0.28125, 0.375, 0.40625, 0.34375, 0.25, 0.46875, 0.4375, 0.21875]","[0.265625, 0.203125, 0.25, 0.296875, 0.2421875, 0.25, 0.3046875, 0.25, 0.21875, 0.28125, 0.25, 0.234375, 0.2578125, 0.28125, 0.25, 0.265625, 0.234375, 0.3125, 0.25, 0.265625, 0.234375]","[130, 131]",0.24472474337694675,0.1031260303983784
217,9128.984375,"[0.28125, 0.40625, 0.5, 0.265625, 0.484375, 0.5, 0.2734375, 0.4375, 0.4375, 0.4375, 0.3125, 0.4375, 0.484375, 0.28125, 0.375, 0.40625, 0.34375, 0.25, 0.46875, 0.4375, 0.21875]","[0.265625, 0.203125, 0.25, 0.296875, 0.2421875, 0.25, 0.3046875, 0.25, 0.21875, 0.28125, 0.3125, 0.234375, 0.2578125, 0.28125, 0.25, 0.265625, 0.234375, 0.3125, 0.25, 0.265625, 0.234375]","[130, 132]",0.234302712006525,0.11131252454321554
218,9208.984375,"[0.28125, 0.40625, 0.5, 0.265625, 0.484375, 0.5, 0.2734375, 0.4375, 0.40625, 0.4375, 0.3125, 0.4375, 0.484375, 0.28125, 0.375, 0.40625, 0.34375, 0.25, 0.46875, 0.4375, 0.25]","[0.265625, 0.203125, 0.25, 0.296875, 0.2421875, 0.25, 0.3046875, 0.25, 0.203125, 0.28125, 0.3125, 0.234375, 0.2578125, 0.28125, 0.25, 0.265625, 0.234375, 0.3125, 0.25, 0.265625, 0.265625]","[104, 130, 133]",0.22603058130389322,0.11378337576381897
219,9367.734375,"[0.28125, 0.4375, 0.5, 0.265625, 0.484375, 0.5, 0.2734375, 0.4375, 0.40625, 0.4375, 0.3125, 0.4375, 0.484375, 0.28125, 0.375, 0.40625, 0.34375, 0.25, 0.46875, 0.46875, 0.25]","[0.265625, 0.21875, 0.25, 0.296875, 0.2421875, 0.25, 0.3046875, 0.25, 0.203125, 0.28125, 0.3125, 0.234375, 0.2578125, 0.28125, 0.25, 0.265625, 0.234375, 0.3125, 0.25, 0.28125, 0.265625]","[104, 134]",0.22898086140259719,0.10937632708457874
220,9287.734375,"[0.28125, 0.4375, 0.5, 0.265625, 0.484375, 0.5, 0.2734375, 0.4375, 0.46875, 0.4375, 0.25, 0.4375, 0.484375, 0.28125, 0.375, 0.40625, 0.34375, 0.25, 0.46875, 0.46875, 0.25]","[0.265625, 0.21875, 0.25, 0.296875, 0.2421875, 0.25, 0.3046875, 0.25, 0.234375, 0.28125, 0.25, 0.234375, 0.2578125, 0.28125, 0.25, 0.265625, 0.234375, 0.3125, 0.25, 0.28125, 0.265625]",[104],0.24224213644138987,0.09220748993547681
221,9248.359375,"[0.28125, 0.4375, 0.5, 0.265625, 0.484375, 0.5, 0.2734375, 0.4375, 0.40625, 0.4375, 0.25, 0.5, 0.484375, 0.28125, 0.375, 0.40625, 0.34375, 0.25, 0.46875, 0.46875, 0.25]","[0.265625, 0.21875, 0.25, 0.296875, 0.2421875, 0.25, 0.3046875, 0.25, 0.203125, 0.28125, 0.25, 0.265625, 0.2578125, 0.28125, 0.25, 0.265625, 0.234375, 0.3125, 0.25, 0.28125, 0.265625]","[107, 131, 135]",0.24480820293342226,0.09934656403127047
222,9467.578125,"[0.28125, 0.4375, 0.5, 0.265625, 0.484375, 0.5, 0.2734375, 0.4375, 0.40625, 0.4375, 0.265625, 0.5, 0.484375, 0.28125, 0.375, 0.40625, 0.34375, 0.25, 0.46875, 0.46875, 0.25]","[0.265625, 0.21875, 0.25, 0.296875, 0.2421875, 0.25, 0.3046875, 0.25, 0.203125, 0.28125, 0.265625, 0.265625, 0.2578125, 0.28125, 0.25, 0.265625, 0.234375, 0.3125, 0.25, 0.28125, 0.265625]","[107, 135, 136]",0.24170686301235167,0.09869558326430529
223,9427.734375,"[0.3125, 0.4375, 0.5, 0.265625, 0.484375, 0.5, 0.2734375, 0.4375, 0.40625, 0.4375, 0.265625, 0.5, 0.484375, 0.28125, 0.375, 0.40625, 0.34375, 0.25, 0.46875, 0.46875, 0.3125]","[0.28125, 0.21875, 0.25, 0.296875, 0.2421875, 0.25, 0.3046875, 0.25, 0.203125, 0.28125, 0.265625, 0.265625, 0.2578125, 0.28125, 0.25, 0.265625, 0.234375, 0.3125, 0.25, 0.28125, 0.328125]","[135, 137]",0.22609891954378125,0.11186836803707866
224,9586.484375,"[0.3125, 0.4375, 0.5, 0.265625, 0.484375, 0.5, 0.2734375, 0.4375, 0.40625, 0.4375, 0.265625, 0.5, 0.484375, 0.28125, 0.375, 0.40625, 0.34375, 0.25, 0.46875, 0.46875, 0.3125]","[0.28125, 0.21875, 0.25, 0.296875, 0.2421875, 0.25, 0.3046875, 0.25, 0.203125, 0.28125, 0.265625, 0.265625, 0.2578125, 0.28125, 0.25, 0.265625, 0.234375, 0.3125, 0.25, 0.28125, 0.328125]","[135, 137]",0.22609891954378125,0.11186836803707866
225,9506.484375,"[0.3125, 0.4375, 0.5, 0.265625, 0.484375, 0.5, 0.2734375, 0.4375, 0.40625, 0.4375, 0.265625, 0.5, 0.484375, 0.28125, 0.375, 0.40625, 0.34375, 0.25, 0.46875, 0.4375, 0.3125]","[0.28125, 0.21875, 0.25, 0.296875, 0.2421875, 0.25, 0.3046875, 0.25, 0.203125, 0.28125, 0.265625, 0.265625, 0.2578125, 0.28125, 0.25, 0.265625, 0.234375, 0.3125, 0.25, 0.25, 0.328125]",[117],0.22422919824084644,0.11228710430180618
226,9407.890625,"[0.3125, 0.4375, 0.5, 0.265625, 0.484375, 0.5, 0.2734375, 0.4375, 0.40625, 0.4375, 0.265625, 0.5, 0.484375, 0.28125, 0.375, 0.40625, 0.34375, 0.1875, 0.46875, 0.4375, 0.3125]","[0.28125, 0.21875, 0.25, 0.296875, 0.2421875, 0.25, 0.3046875, 0.25, 0.203125, 0.28125, 0.265625, 0.265625, 0.2578125, 0.28125, 0.25, 0.265625, 0.234375, 0.25, 0.25, 0.25, 0.328125]","[48, 117]",0.24041570105864657,0.10600593553871211
227,9487.265625,"[0.3125, 0.4375, 0.5, 0.296875, 0.484375, 0.5, 0.2734375, 0.4375, 0.40625, 0.4375, 0.265625, 0.5, 0.484375, 0.28125, 0.375, 0.40625, 0.34375, 0.1875, 0.46875, 0.4375, 0.3125]","[0.28125, 0.21875, 0.25, 0.328125, 0.2421875, 0.25, 0.3046875, 0.25, 0.203125, 0.28125, 0.265625, 0.265625, 0.2578125, 0.28125, 0.25, 0.265625, 0.234375, 0.25, 0.25, 0.25, 0.328125]",[117],0.23507731922500485,0.11539161837964673
228,9348.203125,"[0.3125, 0.4375, 0.5, 0.296875, 0.484375, 0.5, 0.2734375, 0.4375, 0.40625, 0.4375, 0.203125, 0.5, 0.484375, 0.28125, 0.375, 0.40625, 0.34375, 0.1875, 0.46875, 0.4375, 0.3125]","[0.28125, 0.21875, 0.25, 0.328125, 0.2421875, 0.25, 0.3046875, 0.25, 0.203125, 0.28125, 0.203125, 0.265625, 0.2578125, 0.28125, 0.25, 0.265625, 0.234375, 0.25, 0.25, 0.25, 0.328125]",[10],0.24945505263759327,0.12633687209613378
229,9288.515625,"[0.3125, 0.4375, 0.5, 0.296875, 0.484375, 0.5, 0.2734375, 0.4375, 0.40625, 0.4375, 0.203125, 0.5, 0.484375, 0.28125, 0.375, 0.40625, 0.34375, 0.1875, 0.46875, 0.4375, 0.3125]","[0.28125, 0.21875, 0.25, 0.328125, 0.2421875, 0.25, 0.3046875, 0.25, 0.203125, 0.28125, 0.203125, 0.265625, 0.2578125, 0.28125, 0.25, 0.265625, 0.234375, 0.25, 0.25, 0.25, 0.328125]",[10],0.24945505263759327,0.12633687209613378
230,9408.515625,"[0.3125, 0.4375, 0.5, 0.296875, 0.484375, 0.5, 0.2734375, 0.4375, 0.40625, 0.4375, 0.203125, 0.5, 0.484375, 0.34375, 0.375, 0.40625, 0.34375, 0.1875, 0.46875, 0.4375, 0.3125]","[0.28125, 0.21875, 0.25, 0.328125, 0.2421875, 0.25, 0.3046875, 0.25, 0.203125, 0.28125, 0.203125, 0.265625, 0.2578125, 0.34375, 0.25, 0.265625, 0.234375, 0.25, 0.25, 0.25, 0.328125]",[117],0.24155746722842317,0.14168785735228137
231,9447.890625,"[0.3125, 0.4375, 0.5, 0.296875, 0.484375, 0.5, 0.2734375, 0.4375, 0.46875, 0.4375, 0.203125, 0.5, 0.484375, 0.34375, 0.375, 0.40625, 0.34375, 0.1875, 0.46875, 0.4375, 0.3125]","[0.28125, 0.21875, 0.25, 0.328125, 0.2421875, 0.25, 0.3046875, 0.25, 0.265625, 0.28125, 0.203125, 0.265625, 0.2578125, 0.34375, 0.25, 0.265625, 0.234375, 0.25, 0.25, 0.25, 0.328125]","[135, 137]",0.24358497847839614,0.13092399472779762
232,9646.328125,"[0.3125, 0.4375, 0.5, 0.296875, 0.484375, 0.5, 0.2734375, 0.4375, 0.46875, 0.4375, 0.203125, 0.5, 0.484375, 0.34375, 0.375, 0.40625, 0.34375, 0.1875, 0.46875, 0.4375, 0.3125]","[0.28125, 0.21875, 0.25, 0.328125, 0.2421875, 0.25, 0.3046875, 0.25, 0.265625, 0.28125, 0.203125, 0.265625, 0.2578125, 0.34375, 0.25, 0.265625, 0.234375, 0.25, 0.25, 0.25, 0.328125]",[135],0.24358497847839614,0.13092399472779762
233,9527.265625,"[0.25, 0.4375, 0.5, 0.296875, 0.484375, 0.5, 0.2734375, 0.4375, 0.46875, 0.4375, 0.203125, 0.5, 0.484375, 0.34375, 0.375, 0.40625, 0.34375, 0.1875, 0.46875, 0.4375, 0.3125]","[0.21875, 0.21875, 0.25, 0.328125, 0.2421875, 0.25, 0.3046875, 0.25, 0.265625, 0.28125, 0.203125, 0.265625, 0.2578125, 0.34375, 0.25, 0.265625, 0.234375, 0.25, 0.25, 0.25, 0.328125]","[91, 135]",0.25402231770732764,0.13683349098564704
234,9467.734375,"[0.25, 0.4375, 0.5, 0.296875, 0.484375, 0.5, 0.2734375, 0.4375, 0.46875, 0.4375, 0.203125, 0.5, 0.484375, 0.28125, 0.375, 0.40625, 0.34375, 0.1875, 0.46875, 0.453125, 0.3125]","[0.21875, 0.21875, 0.25, 0.328125, 0.2421875, 0.25, 0.3046875, 0.25, 0.265625, 0.28125, 0.203125, 0.265625, 0.2578125, 0.28125, 0.25, 0.265625, 0.234375, 0.25, 0.25, 0.2578125, 0.328125]","[38, 135, 137]",0.2623659782795512,0.12030972364021211
235,9466.484375,"[0.25, 0.5625, 0.5, 0.296875, 0.484375, 0.5, 0.2734375, 0.4375, 0.46875, 0.4375, 0.265625, 0.5, 0.484375, 0.28125, 0.375, 0.375, 0.34375, 0.1875, 0.453125, 0.453125, 0.3125]","[0.21875, 0.28125, 0.25, 0.328125, 0.2421875, 0.25, 0.3046875, 0.25, 0.265625, 0.28125, 0.265625, 0.265625, 0.2578125, 0.28125, 0.25, 0.25, 0.234375, 0.25, 0.2421875, 0.2578125, 0.328125]","[22, 34]",0.26148083837220315,0.10404074266614309
236,9506.015625,"[0.25, 0.5625, 0.5, 0.296875, 0.484375, 0.5, 0.2734375, 0.4375, 0.46875, 0.4375, 0.265625, 0.5, 0.484375, 0.28125, 0.375, 0.375, 0.34375, 0.1875, 0.453125, 0.453125, 0.3125]","[0.21875, 0.28125, 0.25, 0.328125, 0.2421875, 0.25, 0.3046875, 0.25, 0.265625, 0.28125, 0.265625, 0.265625, 0.2578125, 0.28125, 0.25, 0.25, 0.234375, 0.25, 0.2421875, 0.2578125, 0.328125]",[22],0.26148083837220315,0.10404074266614309
237,9466.328125,"[0.25, 0.5625, 0.5, 0.296875, 0.484375, 0.5, 0.2734375, 0.4375, 0.46875, 0.3125, 0.265625, 0.5, 0.484375, 0.28125, 0.375, 0.375, 0.34375, 0.1875, 0.453125, 0.453125, 0.3125]","[0.21875, 0.28125, 0.25, 0.328125, 0.2421875, 0.25, 0.3046875, 0.25, 0.265625, 0.21875, 0.265625, 0.265625, 0.2578125, 0.28125, 0.25, 0.25, 0.234375, 0.25, 0.2421875, 0.2578125, 0.328125]","[22, 34, 62]",0.2676757305995173,0.11047788244066913
238,9625.703125,"[0.21875, 0.5625, 0.5, 0.296875, 0.421875, 0.5, 0.3359375, 0.4375, 0.46875, 0.4375, 0.265625, 0.5, 0.484375, 0.28125, 0.375, 0.375, 0.34375, 0.1875, 0.453125, 0.453125, 0.3125]","[0.203125, 0.28125, 0.25, 0.328125, 0.2109375, 0.25, 0.3671875, 0.25, 0.265625, 0.28125, 0.265625, 0.265625, 0.2578125, 0.28125, 0.25, 0.25, 0.234375, 0.25, 0.2421875, 0.2578125, 0.328125]","[22, 36]",0.25725034889811177,0.13977478264573343
239,9684.140625,"[0.46875, 0.5625, 0.5, 0.296875, 0.421875, 0.5, 0.3359375, 0.4375, 0.46875, 0.4375, 0.265625, 0.5, 0.484375, 0.28125, 0.34375, 0.375, 0.46875, 0.1875, 0.328125, 0.453125, 0.3125]","[0.328125, 0.28125, 0.25, 0.328125, 0.2109375, 0.25, 0.3671875, 0.25, 0.265625, 0.28125, 0.265625, 0.265625, 0.2578125, 0.28125, 0.234375, 0.25, 0.296875, 0.25, 0.1796875, 0.2578125, 0.328125]",[27],0.2384772244772157,0.15297319146583596
240,9585.078125,"[0.46875, 0.5625, 0.5, 0.296875, 0.421875, 0.5, 0.3359375, 0.4375, 0.46875, 0.4375, 0.265625, 0.5, 0.484375, 0.28125, 0.34375, 0.375, 0.46875, 0.1875, 0.328125, 0.453125, 0.3125]","[0.328125, 0.28125, 0.25, 0.328125, 0.2109375, 0.25, 0.3671875, 0.25, 0.265625, 0.28125, 0.265625, 0.265625, 0.2578125, 0.28125, 0.234375, 0.25, 0.296875, 0.25, 0.1796875, 0.2578125, 0.328125]","[27, 72]",0.2384772244772157,0.15297319146583596
241,9743.828125,"[0.46875, 0.5625, 0.5, 0.296875, 0.421875, 0.5, 0.3359375, 0.4375, 0.46875, 0.4375, 0.265625, 0.5, 0.484375, 0.28125, 0.34375, 0.375, 0.46875, 0.25, 0.453125, 0.453125, 0.3125]","[0.328125, 0.28125, 0.25, 0.328125, 0.2109375, 0.25, 0.3671875, 0.25, 0.265625, 0.28125, 0.265625, 0.265625, 0.2578125, 0.28125, 0.234375, 0.25, 0.296875, 0.3125, 0.2421875, 0.2578125, 0.328125]",[136],0.21617096498246668,0.13469713058623747
242,9783.515625,"[0.46875, 0.5625, 0.5, 0.296875, 0.390625, 0.5, 0.3359375, 0.4375, 0.46875, 0.3125, 0.265625, 0.5, 0.359375, 0.28125, 0.34375, 0.375, 0.46875, 0.25, 0.453125, 0.453125, 0.3125]","[0.328125, 0.28125, 0.25, 0.328125, 0.1953125, 0.25, 0.3671875, 0.25, 0.265625, 0.21875, 0.265625, 0.265625, 0.1953125, 0.28125, 0.234375, 0.25, 0.296875, 0.3125, 0.2421875, 0.2578125, 0.328125]",[26],0.2251092691604137,0.16179727777782266
243,9506.328125,"[0.46875, 0.5625, 0.5, 0.296875, 0.390625, 0.5, 0.3359375, 0.375, 0.46875, 0.3125, 0.265625, 0.5, 0.359375, 0.28125, 0.34375, 0.375, 0.46875, 0.25, 0.453125, 0.453125, 0.3125]","[0.328125, 0.28125, 0.25, 0.328125, 0.1953125, 0.25, 0.3671875, 0.21875, 0.265625, 0.21875, 0.265625, 0.265625, 0.1953125, 0.28125, 0.234375, 0.25, 0.296875, 0.3125, 0.2421875, 0.2578125, 0.328125]","[26, 46, 68]",0.2258958872907173,0.16703544207849758
244,9526.015625,"[0.46875, 0.5625, 0.5, 0.296875, 0.390625, 0.5, 0.3359375, 0.375, 0.46875, 0.34375, 0.265625, 0.5, 0.359375, 0.28125, 0.34375, 0.375, 0.46875, 0.25, 0.453125, 0.453125, 0.3125]","[0.328125, 0.28125, 0.25, 0.328125, 0.1953125, 0.25, 0.3671875, 0.21875, 0.265625, 0.265625, 0.265625, 0.265625, 0.1953125, 0.28125, 0.234375, 0.25, 0.296875, 0.3125, 0.2421875, 0.2578125, 0.328125]",[8],0.22221238889321074,0.16057637576354872
245,9605.703125,"[0.21875, 0.5625, 0.5, 0.296875, 0.390625, 0.5, 0.3359375, 0.375, 0.46875, 0.34375, 0.265625, 0.5, 0.359375, 0.28125, 0.34375, 0.375, 0.46875, 0.25, 0.453125, 0.453125, 0.3125]","[0.203125, 0.28125, 0.25, 0.328125, 0.1953125, 0.25, 0.3671875, 0.21875, 0.265625, 0.265625, 0.265625, 0.265625, 0.1953125, 0.28125, 0.234375, 0.25, 0.296875, 0.3125, 0.2421875, 0.2578125, 0.328125]",[8],0.24473829971942795,0.165150934943299
246,9368.828125,"[0.21875, 0.5625, 0.5, 0.296875, 0.390625, 0.5, 0.3359375, 0.375, 0.40625, 0.34375, 0.265625, 0.5, 0.421875, 0.28125, 0.34375, 0.375, 0.46875, 0.25, 0.453125, 0.453125, 0.3125]","[0.203125, 0.28125, 0.25, 0.328125, 0.1953125, 0.25, 0.3671875, 0.21875, 0.203125, 0.265625, 0.265625, 0.265625, 0.2265625, 0.28125, 0.234375, 0.25, 0.296875, 0.3125, 0.2421875, 0.2578125, 0.328125]",[36],0.24083240330423022,0.1668544509539873
247,9349.140625,"[0.21875, 0.5625, 0.5, 0.296875, 0.390625, 0.5, 0.3359375, 0.375, 0.40625, 0.34375, 0.265625, 0.5, 0.421875, 0.25, 0.34375, 0.375, 0.46875, 0.25, 0.453125, 0.453125, 0.3125]","[0.203125, 0.28125, 0.25, 0.328125, 0.1953125, 0.25, 0.3671875, 0.21875, 0.203125, 0.265625, 0.265625, 0.265625, 0.2265625, 0.25, 0.234375, 0.25, 0.296875, 0.3125, 0.2421875, 0.2578125, 0.328125]","[36, 46, 68]",0.24666205410700284,0.1673691730308134
248,9446.953125,"[0.21875, 0.5625, 0.5, 0.296875, 0.390625, 0.5, 0.3359375, 0.375, 0.40625, 0.34375, 0.265625, 0.5, 0.421875, 0.25, 0.34375, 0.375, 0.46875, 0.265625, 0.453125, 0.453125, 0.3125]","[0.203125, 0.28125, 0.25, 0.328125, 0.1953125, 0.25, 0.3671875, 0.21875, 0.203125, 0.265625, 0.265625, 0.265625, 0.2265625, 0.25, 0.234375, 0.25, 0.296875, 0.328125, 0.2421875, 0.2578125, 0.328125]",[36],0.24359875660086763,0.17063776728309296
249,9427.109375,"[0.21875, 0.5625, 0.4375, 0.296875, 0.390625, 0.5, 0.3359375, 0.375, 0.40625, 0.34375, 0.265625, 0.5, 0.421875, 0.25, 0.34375, 0.375, 0.46875, 0.265625, 0.453125, 0.453125, 0.296875]","[0.203125, 0.28125, 0.21875, 0.328125, 0.1953125, 0.25, 0.3671875, 0.21875, 0.203125, 0.265625, 0.265625, 0.265625, 0.2265625, 0.25, 0.234375, 0.25, 0.296875, 0.328125, 0.2421875, 0.2578125, 0.296875]",[36],0.24013319865297836,0.16932130263336506
250,9347.890625,"[0.46875, 0.5625, 0.4375, 0.296875, 0.390625, 0.5, 0.3359375, 0.375, 0.40625, 0.34375, 0.265625, 0.5, 0.421875, 0.25, 0.34375, 0.375, 0.46875, 0.265625, 0.453125, 0.453125, 0.296875]","[0.328125, 0.28125, 0.21875, 0.328125, 0.1953125, 0.25, 0.3671875, 0.21875, 0.203125, 0.265625, 0.265625, 0.265625, 0.2265625, 0.25, 0.234375, 0.25, 0.296875, 0.328125, 0.2421875, 0.2578125, 0.296875]","[54, 68]",0.21857428220963573,0.16722421947589203
251,9466.328125,"[0.46875, 0.5625, 0.4375, 0.296875, 0.421875, 0.5, 0.3359375, 0.375, 0.40625, 0.34375, 0.265625, 0.5, 0.421875, 0.25, 0.46875, 0.375, 0.46875, 0.265625, 0.453125, 0.453125, 0.296875]","[0.328125, 0.28125, 0.21875, 0.328125, 0.2265625, 0.25, 0.3671875, 0.21875, 0.203125, 0.265625, 0.265625, 0.265625, 0.2265625, 0.25, 0.296875, 0.25, 0.296875, 0.328125, 0.2421875, 0.2578125, 0.296875]",[69],0.21699796379751712,0.15678093504422422
252,9505.703125,"[0.46875, 0.5625, 0.4375, 0.296875, 0.421875, 0.5, 0.3359375, 0.375, 0.46875, 0.34375, 0.265625, 0.375, 0.421875, 0.25, 0.40625, 0.375, 0.46875, 0.265625, 0.453125, 0.453125, 0.296875]","[0.328125, 0.28125, 0.21875, 0.328125, 0.2265625, 0.25, 0.3671875, 0.21875, 0.265625, 0.265625, 0.265625, 0.203125, 0.2265625, 0.25, 0.265625, 0.25, 0.296875, 0.328125, 0.2421875, 0.2578125, 0.296875]",[71],0.21278723632379676,0.1560317460241357
253,9386.953125,"[0.46875, 0.5625, 0.4375, 0.296875, 0.421875, 0.5, 0.3359375, 0.375, 0.46875, 0.34375, 0.265625, 0.4375, 0.421875, 0.1875, 0.40625, 0.375, 0.46875, 0.265625, 0.453125, 0.453125, 0.296875]","[0.328125, 0.28125, 0.21875, 0.328125, 0.2265625, 0.25, 0.3671875, 0.21875, 0.265625, 0.265625, 0.265625, 0.234375, 0.2265625, 0.1875, 0.265625, 0.25, 0.296875, 0.328125, 0.2421875, 0.2578125, 0.296875]",[4],0.22918012178772504,0.16326929569497237
254,9267.265625,"[0.46875, 0.5625, 0.4375, 0.296875, 0.421875, 0.5, 0.3359375, 0.375, 0.46875, 0.34375, 0.265625, 0.4375, 0.421875, 0.1875, 0.40625, 0.375, 0.46875, 0.265625, 0.453125, 0.453125, 0.296875]","[0.328125, 0.28125, 0.21875, 0.328125, 0.2265625, 0.25, 0.3671875, 0.21875, 0.265625, 0.265625, 0.265625, 0.234375, 0.2265625, 0.1875, 0.265625, 0.25, 0.296875, 0.328125, 0.2421875, 0.2578125, 0.296875]",[4],0.22918012178772504,0.16326929569497237
255,9306.953125,"[0.46875, 0.5625, 0.4375, 0.296875, 0.421875, 0.5, 0.3359375, 0.375, 0.46875, 0.34375, 0.328125, 0.4375, 0.421875, 0.1875, 0.40625, 0.375, 0.46875, 0.265625, 0.453125, 0.453125, 0.296875]","[0.328125, 0.28125, 0.21875, 0.328125, 0.2265625, 0.25, 0.3671875, 0.21875, 0.265625, 0.265625, 0.328125, 0.234375, 0.2265625, 0.1875, 0.265625, 0.25, 0.296875, 0.328125, 0.2421875, 0.2578125, 0.296875]","[78, 83]",0.21918087501336425,0.16856955715809308
256,9505.546875,"[0.46875, 0.5625, 0.4375, 0.296875, 0.546875, 0.5, 0.3359375, 0.375, 0.46875, 0.34375, 0.328125, 0.4375, 0.421875, 0.1875, 0.40625, 0.375, 0.46875, 0.265625, 0.453125, 0.453125, 0.296875]","[0.328125, 0.28125, 0.21875, 0.328125, 0.2890625, 0.25, 0.3671875, 0.21875, 0.265625, 0.265625, 0.328125, 0.234375, 0.2265625, 0.1875, 0.265625, 0.25, 0.296875, 0.328125, 0.2421875, 0.2578125, 0.296875]",[78],0.23016360712486206,0.16348324342641463
257,9485.546875,"[0.46875, 0.5625, 0.4375, 0.296875, 0.546875, 0.5, 0.3203125, 0.375, 0.46875, 0.34375, 0.328125, 0.3125, 0.421875, 0.1875, 0.40625, 0.375, 0.46875, 0.265625, 0.453125, 0.453125, 0.296875]","[0.328125, 0.28125, 0.21875, 0.328125, 0.2890625, 0.25, 0.3515625, 0.21875, 0.265625, 0.265625, 0.328125, 0.171875, 0.2265625, 0.1875, 0.265625, 0.25, 0.296875, 0.328125, 0.2421875, 0.2578125, 0.296875]",[37],0.23920376344946617,0.17669399084560233
258,9306.796875,"[0.46875, 0.5625, 0.4375, 0.296875, 0.546875, 0.5, 0.3203125, 0.375, 0.46875, 0.34375, 0.328125, 0.34375, 0.421875, 0.1875, 0.40625, 0.375, 0.46875, 0.265625, 0.453125, 0.453125, 0.296875]","[0.328125, 0.28125, 0.21875, 0.328125, 0.2890625, 0.25, 0.3515625, 0.21875, 0.265625, 0.265625, 0.328125, 0.203125, 0.2265625, 0.1875, 0.265625, 0.25, 0.296875, 0.328125, 0.2421875, 0.2578125, 0.296875]",[42],0.2356115342684674,0.16593077138927342
259,9346.484375,"[0.46875, 0.5625, 0.4375, 0.296875, 0.546875, 0.5, 0.3203125, 0.375, 0.46875, 0.34375, 0.328125, 0.34375, 0.421875, 0.1875, 0.40625, 0.375, 0.46875, 0.296875, 0.453125, 0.453125, 0.296875]","[0.328125, 0.28125, 0.21875, 0.328125, 0.2890625, 0.25, 0.3515625, 0.21875, 0.265625, 0.265625, 0.328125, 0.203125, 0.2265625, 0.1875, 0.265625, 0.25, 0.296875, 0.390625, 0.2421875, 0.2578125, 0.296875]","[78, 93]",0.23004554326281765,0.18411134502353496
260,9525.546875,"[0.46875, 0.5625, 0.4375, 0.296875, 0.546875, 0.5, 0.3203125, 0.375, 0.46875, 0.34375, 0.328125, 0.34375, 0.421875, 0.1875, 0.40625, 0.40625, 0.46875, 0.296875, 0.453125, 0.453125, 0.296875]","[0.328125, 0.28125, 0.21875, 0.328125, 0.2890625, 0.25, 0.3515625, 0.21875, 0.265625, 0.265625, 0.328125, 0.203125, 0.2265625, 0.1875, 0.265625, 0.265625, 0.296875, 0.390625, 0.2421875, 0.2578125, 0.296875]",[78],0.2288694052890801,0.1827473775558549
261,9406.015625,"[0.46875, 0.5625, 0.4375, 0.265625, 0.546875, 0.5, 0.3203125, 0.375, 0.46875, 0.34375, 0.328125, 0.34375, 0.421875, 0.1875, 0.40625, 0.40625, 0.46875, 0.296875, 0.453125, 0.453125, 0.296875]","[0.328125, 0.28125, 0.21875, 0.296875, 0.2890625, 0.25, 0.3515625, 0.21875, 0.265625, 0.265625, 0.328125, 0.203125, 0.2265625, 0.1875, 0.265625, 0.265625, 0.296875, 0.390625, 0.2421875, 0.2578125, 0.296875]","[78, 87]",0.2344762783713965,0.17943992411958942
262,9445.703125,"[0.46875, 0.5625, 0.4375, 0.265625, 0.53125, 0.5, 0.3203125, 0.375, 0.46875, 0.34375, 0.328125, 0.34375, 0.421875, 0.1875, 0.40625, 0.40625, 0.4375, 0.296875, 0.515625, 0.453125, 0.296875]","[0.328125, 0.28125, 0.21875, 0.296875, 0.28125, 0.25, 0.3515625, 0.21875, 0.265625, 0.265625, 0.328125, 0.203125, 0.2265625, 0.1875, 0.265625, 0.265625, 0.28125, 0.390625, 0.2734375, 0.2578125, 0.296875]",[32],0.23591576765421116,0.17625026298415508
263,9405.703125,"[0.46875, 0.5625, 0.4375, 0.265625, 0.53125, 0.5, 0.3203125, 0.4375, 0.46875, 0.34375, 0.328125, 0.34375, 0.421875, 0.1875, 0.40625, 0.40625, 0.4375, 0.296875, 0.390625, 0.453125, 0.296875]","[0.328125, 0.28125, 0.21875, 0.296875, 0.28125, 0.25, 0.3515625, 0.25, 0.265625, 0.265625, 0.328125, 0.203125, 0.2265625, 0.1875, 0.265625, 0.265625, 0.28125, 0.390625, 0.2109375, 0.2578125, 0.296875]","[52, 72]",0.22929215784131135,0.17973939141760797
264,9446.171875,"[0.46875, 0.5, 0.4375, 0.265625, 0.53125, 0.5, 0.3203125, 0.4375, 0.46875, 0.34375, 0.328125, 0.34375, 0.421875, 0.265625, 0.40625, 0.40625, 0.4375, 0.296875, 0.390625, 0.453125, 0.296875]","[0.328125, 0.25, 0.21875, 0.296875, 0.28125, 0.25, 0.3515625, 0.25, 0.265625, 0.265625, 0.328125, 0.203125, 0.2265625, 0.28125, 0.265625, 0.265625, 0.28125, 0.390625, 0.2109375, 0.2578125, 0.296875]","[51, 87, 117, 136]",0.19803972211338913,0.16528943828701254
265,9585.546875,"[0.46875, 0.5, 0.4375, 0.265625, 0.53125, 0.5, 0.3203125, 0.4375, 0.40625, 0.34375, 0.328125, 0.34375, 0.421875, 0.28125, 0.40625, 0.40625, 0.3125, 0.296875, 0.40625, 0.421875, 0.296875]","[0.328125, 0.25, 0.21875, 0.296875, 0.28125, 0.25, 0.3515625, 0.25, 0.234375, 0.265625, 0.328125, 0.203125, 0.2265625, 0.3125, 0.265625, 0.265625, 0.21875, 0.390625, 0.21875, 0.2265625, 0.296875]","[1, 51]",0.19633236819704852,0.1803867198567477
266,9387.734375,"[0.46875, 0.5, 0.4375, 0.265625, 0.53125, 0.5, 0.3203125, 0.4375, 0.40625, 0.34375, 0.328125, 0.34375, 0.421875, 0.28125, 0.40625, 0.40625, 0.375, 0.296875, 0.40625, 0.421875, 0.234375]","[0.328125, 0.25, 0.21875, 0.296875, 0.28125, 0.25, 0.3515625, 0.25, 0.234375, 0.265625, 0.328125, 0.203125, 0.2265625, 0.3125, 0.265625, 0.265625, 0.25, 0.390625, 0.21875, 0.2265625, 0.234375]",[1],0.20407582470117233,0.17827843202440527
267,9347.421875,"[0.46875, 0.5, 0.4375, 0.390625, 0.53125, 0.5, 0.3203125, 0.4375, 0.40625, 0.34375, 0.328125, 0.34375, 0.421875, 0.28125, 0.40625, 0.40625, 0.375, 0.296875, 0.40625, 0.421875, 0.234375]","[0.328125, 0.25, 0.21875, 0.421875, 0.28125, 0.25, 0.3515625, 0.25, 0.234375, 0.265625, 0.328125, 0.203125, 0.2265625, 0.3125, 0.265625, 0.265625, 0.25, 0.390625, 0.21875, 0.2265625, 0.234375]",[6],0.18871267349370868,0.21021815290073004
268,9387.265625,"[0.46875, 0.5, 0.4375, 0.390625, 0.53125, 0.5, 0.3203125, 0.4375, 0.40625, 0.34375, 0.328125, 0.34375, 0.359375, 0.28125, 0.40625, 0.40625, 0.375, 0.296875, 0.40625, 0.421875, 0.25]","[0.328125, 0.25, 0.21875, 0.421875, 0.28125, 0.25, 0.3515625, 0.25, 0.234375, 0.265625, 0.328125, 0.203125, 0.1953125, 0.3125, 0.265625, 0.265625, 0.25, 0.390625, 0.21875, 0.2265625, 0.265625]",[56],0.18606137486706475,0.2138452535874619
269,9327.8125,"[0.46875, 0.5, 0.4375, 0.390625, 0.53125, 0.5, 0.3203125, 0.4375, 0.40625, 0.34375, 0.328125, 0.34375, 0.359375, 0.28125, 0.40625, 0.40625, 0.375, 0.296875, 0.40625, 0.421875, 0.25]","[0.328125, 0.25, 0.21875, 0.421875, 0.28125, 0.25, 0.3515625, 0.25, 0.234375, 0.265625, 0.328125, 0.203125, 0.1953125, 0.3125, 0.265625, 0.265625, 0.25, 0.390625, 0.21875, 0.2265625, 0.265625]","[56, 87, 108]",0.18606137486706475,0.2138452535874619
270,9645.859375,"[0.46875, 0.5, 0.4375, 0.390625, 0.40625, 0.5, 0.3203125, 0.4375, 0.40625, 0.34375, 0.328125, 0.46875, 0.359375, 0.28125, 0.40625, 0.40625, 0.375, 0.296875, 0.40625, 0.421875, 0.25]","[0.328125, 0.25, 0.21875, 0.421875, 0.21875, 0.25, 0.3515625, 0.25, 0.234375, 0.265625, 0.328125, 0.265625, 0.1953125, 0.3125, 0.265625, 0.265625, 0.25, 0.390625, 0.21875, 0.2265625, 0.265625]","[56, 87, 92]",0.17248744728638873,0.21094856231691403
271,9525.703125,"[0.46875, 0.5, 0.4375, 0.390625, 0.40625, 0.5, 0.3203125, 0.5, 0.40625, 0.34375, 0.328125, 0.46875, 0.359375, 0.28125, 0.4375, 0.40625, 0.375, 0.296875, 0.40625, 0.421875, 0.25]","[0.328125, 0.25, 0.21875, 0.421875, 0.21875, 0.25, 0.3515625, 0.28125, 0.234375, 0.265625, 0.328125, 0.265625, 0.1953125, 0.3125, 0.28125, 0.265625, 0.25, 0.390625, 0.21875, 0.2265625, 0.265625]","[92, 114]",0.18028739988549372,0.20816191166806475
272,9486.015625,"[0.46875, 0.4375, 0.4375, 0.390625, 0.40625, 0.5, 0.3203125, 0.5, 0.40625, 0.40625, 0.328125, 0.46875, 0.359375, 0.28125, 0.4375, 0.40625, 0.375, 0.296875, 0.40625, 0.421875, 0.25]","[0.328125, 0.21875, 0.21875, 0.421875, 0.21875, 0.25, 0.3515625, 0.28125, 0.234375, 0.296875, 0.328125, 0.265625, 0.1953125, 0.3125, 0.28125, 0.265625, 0.25, 0.390625, 0.21875, 0.2265625, 0.265625]",[94],0.1701038126403869,0.21247944813007957
273,9386.796875,"[0.46875, 0.4375, 0.4375, 0.390625, 0.40625, 0.5, 0.3203125, 0.5, 0.40625, 0.40625, 0.328125, 0.46875, 0.359375, 0.28125, 0.4375, 0.40625, 0.375, 0.296875, 0.40625, 0.421875, 0.25]","[0.328125, 0.21875, 0.21875, 0.421875, 0.21875, 0.25, 0.3515625, 0.28125, 0.234375, 0.296875, 0.328125, 0.265625, 0.1953125, 0.3125, 0.28125, 0.265625, 0.25, 0.390625, 0.21875, 0.2265625, 0.265625]","[94, 132]",0.1701038126403869,0.21247944813007957
274,9486.171875,"[0.46875, 0.4375, 0.4375, 0.390625, 0.40625, 0.5, 0.3203125, 0.5, 0.40625, 0.40625, 0.328125, 0.46875, 0.421875, 0.28125, 0.4375, 0.40625, 0.375, 0.234375, 0.40625, 0.421875, 0.265625]","[0.328125, 0.21875, 0.21875, 0.421875, 0.21875, 0.25, 0.3515625, 0.28125, 0.234375, 0.296875, 0.328125, 0.265625, 0.2265625, 0.3125, 0.28125, 0.265625, 0.25, 0.328125, 0.21875, 0.2265625, 0.296875]",[82],0.17960553955264047,0.19070797808147213
275,9426.71875,"[0.46875, 0.4375, 0.4375, 0.390625, 0.40625, 0.5, 0.3203125, 0.5, 0.40625, 0.40625, 0.328125, 0.46875, 0.421875, 0.28125, 0.4375, 0.40625, 0.375, 0.234375, 0.40625, 0.421875, 0.2734375]","[0.328125, 0.21875, 0.21875, 0.421875, 0.21875, 0.25, 0.3515625, 0.28125, 0.234375, 0.296875, 0.328125, 0.265625, 0.2265625, 0.3125, 0.28125, 0.265625, 0.25, 0.328125, 0.21875, 0.2265625, 0.3046875]","[137, 138, 139]",0.17775683484791377,0.19104580966562856
276,9565.0,"[0.46875, 0.4375, 0.4375, 0.390625, 0.40625, 0.5, 0.3203125, 0.5, 0.40625, 0.40625, 0.328125, 0.46875, 0.421875, 0.28125, 0.4375, 0.40625, 0.375, 0.234375, 0.40625, 0.421875, 0.2734375]","[0.328125, 0.21875, 0.21875, 0.421875, 0.21875, 0.25, 0.3515625, 0.28125, 0.234375, 0.296875, 0.328125, 0.265625, 0.2265625, 0.3125, 0.28125, 0.265625, 0.25, 0.328125, 0.21875, 0.2265625, 0.3046875]","[137, 138]",0.17775683484791377,0.19104580966562856
277,9506.09375,"[0.46875, 0.4375, 0.4375, 0.390625, 0.40625, 0.5, 0.3203125, 0.5, 0.40625, 0.40625, 0.265625, 0.46875, 0.421875, 0.28125, 0.4375, 0.40625, 0.375, 0.234375, 0.40625, 0.421875, 0.2734375]","[0.328125, 0.21875, 0.21875, 0.421875, 0.21875, 0.25, 0.3515625, 0.28125, 0.234375, 0.296875, 0.265625, 0.265625, 0.2265625, 0.3125, 0.28125, 0.265625, 0.25, 0.328125, 0.21875, 0.2265625, 0.3046875]","[31, 137]",0.1893428510073081,0.18880935987371658
278,9387.109375,"[0.40625, 0.4375, 0.4375, 0.390625, 0.40625, 0.5, 0.3203125, 0.5, 0.40625, 0.40625, 0.265625, 0.46875, 0.421875, 0.2890625, 0.4375, 0.40625, 0.375, 0.234375, 0.375, 0.421875, 0.2734375]","[0.265625, 0.21875, 0.21875, 0.421875, 0.21875, 0.25, 0.3515625, 0.28125, 0.234375, 0.296875, 0.265625, 0.265625, 0.2265625, 0.3203125, 0.28125, 0.265625, 0.25, 0.328125, 0.203125, 0.2265625, 0.3046875]",[13],0.1852075943976196,0.19048949615187877
279,9447.578125,"[0.40625, 0.4375, 0.4375, 0.390625, 0.40625, 0.5, 0.3046875, 0.5, 0.40625, 0.40625, 0.265625, 0.46875, 0.421875, 0.2890625, 0.4375, 0.40625, 0.375, 0.234375, 0.375, 0.421875, 0.3359375]","[0.265625, 0.21875, 0.21875, 0.421875, 0.21875, 0.25, 0.3203125, 0.28125, 0.234375, 0.296875, 0.265625, 0.265625, 0.2265625, 0.3203125, 0.28125, 0.265625, 0.25, 0.328125, 0.203125, 0.2265625, 0.3671875]",[44],0.17702069295222744,0.19609259054658607
280,9447.421875,"[0.40625, 0.4375, 0.4375, 0.390625, 0.40625, 0.5, 0.3046875, 0.5, 0.40625, 0.40625, 0.265625, 0.46875, 0.421875, 0.2890625, 0.4375, 0.40625, 0.375, 0.265625, 0.375, 0.421875, 0.3359375]","[0.265625, 0.21875, 0.21875, 0.421875, 0.21875, 0.25, 0.3203125, 0.28125, 0.234375, 0.296875, 0.265625, 0.265625, 0.2265625, 0.3203125, 0.28125, 0.265625, 0.25, 0.390625, 0.203125, 0.2265625, 0.3671875]","[123, 137]",0.1683958201833611,0.21047440447915683
281,9546.71875,"[0.40625, 0.4375, 0.4375, 0.390625, 0.40625, 0.5, 0.3046875, 0.5, 0.40625, 0.40625, 0.265625, 0.46875, 0.421875, 0.296875, 0.4375, 0.40625, 0.375, 0.265625, 0.375, 0.421875, 0.3359375]","[0.265625, 0.21875, 0.21875, 0.421875, 0.21875, 0.25, 0.3203125, 0.28125, 0.234375, 0.296875, 0.265625, 0.265625, 0.2265625, 0.328125, 0.28125, 0.265625, 0.25, 0.390625, 0.203125, 0.2265625, 0.3671875]","[123, 138]",0.16679674932317629,0.21131112800560253
282,9526.40625,"[0.40625, 0.4375, 0.4375, 0.390625, 0.40625, 0.5, 0.3046875, 0.5, 0.40625, 0.40625, 0.265625, 0.46875, 0.421875, 0.2890625, 0.4375, 0.40625, 0.375, 0.265625, 0.375, 0.421875, 0.3359375]","[0.265625, 0.21875, 0.21875, 0.421875, 0.21875, 0.25, 0.3203125, 0.28125, 0.234375, 0.296875, 0.265625, 0.265625, 0.2265625, 0.3203125, 0.28125, 0.265625, 0.25, 0.390625, 0.203125, 0.2265625, 0.3671875]",[123],0.1683958201833611,0.21047440447915683
283,9486.796875,"[0.40625, 0.4375, 0.4375, 0.328125, 0.40625, 0.5, 0.3046875, 0.5, 0.40625, 0.40625, 0.265625, 0.46875, 0.421875, 0.2890625, 0.4375, 0.40625, 0.375, 0.265625, 0.375, 0.421875, 0.3359375]","[0.265625, 0.21875, 0.21875, 0.359375, 0.21875, 0.25, 0.3203125, 0.28125, 0.234375, 0.296875, 0.265625, 0.265625, 0.2265625, 0.3203125, 0.28125, 0.265625, 0.25, 0.390625, 0.203125, 0.2265625, 0.3671875]","[5, 123]",0.17336757434409436,0.1896071121756255
284,9447.109375,"[0.40625, 0.4375, 0.5, 0.328125, 0.40625, 0.5, 0.3046875, 0.5, 0.40625, 0.40625, 0.265625, 0.46875, 0.421875, 0.2890625, 0.4375, 0.40625, 0.375, 0.265625, 0.375, 0.421875, 0.3359375]","[0.265625, 0.21875, 0.25, 0.359375, 0.21875, 0.25, 0.3203125, 0.28125, 0.234375, 0.296875, 0.265625, 0.265625, 0.2265625, 0.3203125, 0.28125, 0.265625, 0.25, 0.390625, 0.203125, 0.2265625, 0.3671875]",[5],0.18046466110269022,0.18443209050253673
285,9566.171875,"[0.40625, 0.4375, 0.5, 0.328125, 0.53125, 0.5, 0.3046875, 0.5, 0.40625, 0.40625, 0.265625, 0.46875, 0.421875, 0.2890625, 0.4375, 0.28125, 0.375, 0.265625, 0.375, 0.421875, 0.3359375]","[0.265625, 0.21875, 0.25, 0.359375, 0.28125, 0.25, 0.3203125, 0.28125, 0.234375, 0.296875, 0.265625, 0.265625, 0.2265625, 0.3203125, 0.28125, 0.203125, 0.25, 0.390625, 0.203125, 0.2265625, 0.3671875]",[98],0.20540480025524266,0.18775617170767875
286,9566.171875,"[0.40625, 0.4375, 0.5, 0.328125, 0.53125, 0.5, 0.3046875, 0.5, 0.40625, 0.40625, 0.265625, 0.46875, 0.421875, 0.2890625, 0.4375, 0.40625, 0.375, 0.265625, 0.375, 0.421875, 0.3359375]","[0.265625, 0.21875, 0.25, 0.359375, 0.28125, 0.25, 0.3203125, 0.28125, 0.234375, 0.296875, 0.265625, 0.265625, 0.2265625, 0.3203125, 0.28125, 0.265625, 0.25, 0.390625, 0.203125, 0.2265625, 0.3671875]","[137, 138]",0.1924143988852007,0.1769166216439775
287,9685.234375,"[0.40625, 0.4375, 0.5, 0.328125, 0.53125, 0.5, 0.3046875, 0.5, 0.40625, 0.40625, 0.296875, 0.46875, 0.421875, 0.2890625, 0.4375, 0.40625, 0.375, 0.265625, 0.375, 0.484375, 0.3359375]","[0.265625, 0.21875, 0.25, 0.359375, 0.28125, 0.25, 0.3203125, 0.28125, 0.234375, 0.296875, 0.296875, 0.265625, 0.2265625, 0.3203125, 0.28125, 0.265625, 0.25, 0.390625, 0.203125, 0.2578125, 0.3671875]","[139, 140]",0.18948107333392541,0.17133018244749154
288,9725.0,"[0.40625, 0.4375, 0.5, 0.328125, 0.53125, 0.5, 0.3125, 0.5, 0.40625, 0.40625, 0.296875, 0.46875, 0.421875, 0.2890625, 0.4375, 0.40625, 0.375, 0.265625, 0.390625, 0.484375, 0.3359375]","[0.265625, 0.21875, 0.25, 0.359375, 0.28125, 0.25, 0.328125, 0.28125, 0.234375, 0.296875, 0.296875, 0.265625, 0.2265625, 0.3203125, 0.28125, 0.265625, 0.25, 0.390625, 0.2109375, 0.2578125, 0.3671875]",[141],0.18728812279101237,0.17005302088163218
289,9764.375,"[0.40625, 0.4375, 0.5, 0.328125, 0.53125, 0.5, 0.3125, 0.5, 0.40625, 0.40625, 0.296875, 0.46875, 0.421875, 0.2890625, 0.4375, 0.40625, 0.375, 0.265625, 0.390625, 0.484375, 0.3359375]","[0.265625, 0.21875, 0.25, 0.359375, 0.28125, 0.25, 0.328125, 0.28125, 0.234375, 0.296875, 0.296875, 0.265625, 0.2265625, 0.3203125, 0.28125, 0.265625, 0.25, 0.390625, 0.2109375, 0.2578125, 0.3671875]","[141, 142]",0.18728812279101237,0.17005302088163218
290,9844.21875,"[0.40625, 0.4375, 0.5, 0.328125, 0.53125, 0.5, 0.3125, 0.5, 0.40625, 0.40625, 0.296875, 0.46875, 0.421875, 0.3046875, 0.4375, 0.40625, 0.375, 0.265625, 0.390625, 0.484375, 0.3359375]","[0.265625, 0.21875, 0.25, 0.359375, 0.28125, 0.25, 0.328125, 0.28125, 0.234375, 0.296875, 0.296875, 0.265625, 0.2265625, 0.3515625, 0.28125, 0.265625, 0.25, 0.390625, 0.2109375, 0.2578125, 0.3671875]","[141, 143]",0.18430551041206508,0.1750472061158616
291,9804.53125,"[0.40625, 0.4375, 0.5, 0.328125, 0.53125, 0.5, 0.28125, 0.5, 0.40625, 0.40625, 0.296875, 0.46875, 0.421875, 0.3046875, 0.4375, 0.40625, 0.375, 0.265625, 0.40625, 0.484375, 0.3359375]","[0.265625, 0.21875, 0.25, 0.359375, 0.28125, 0.25, 0.296875, 0.28125, 0.234375, 0.296875, 0.296875, 0.265625, 0.2265625, 0.3515625, 0.28125, 0.265625, 0.25, 0.390625, 0.21875, 0.2578125, 0.3671875]",[112],0.18973491427419648,0.17058877190638633
292,9784.375,"[0.40625, 0.40625, 0.5, 0.328125, 0.53125, 0.5, 0.28125, 0.5, 0.40625, 0.40625, 0.359375, 0.46875, 0.421875, 0.3046875, 0.4375, 0.40625, 0.375, 0.265625, 0.40625, 0.484375, 0.3359375]","[0.265625, 0.203125, 0.25, 0.359375, 0.28125, 0.25, 0.296875, 0.28125, 0.234375, 0.296875, 0.359375, 0.265625, 0.2265625, 0.3515625, 0.28125, 0.265625, 0.25, 0.390625, 0.21875, 0.2578125, 0.3671875]",[53],0.18069322694950934,0.18263643314556224
293,9922.1875,"[0.40625, 0.65625, 0.46875, 0.328125, 0.53125, 0.5, 0.28125, 0.5, 0.375, 0.40625, 0.359375, 0.46875, 0.421875, 0.3046875, 0.4375, 0.40625, 0.375, 0.265625, 0.40625, 0.484375, 0.3359375]","[0.265625, 0.328125, 0.234375, 0.359375, 0.28125, 0.25, 0.296875, 0.28125, 0.21875, 0.296875, 0.359375, 0.265625, 0.2265625, 0.3515625, 0.28125, 0.265625, 0.25, 0.390625, 0.21875, 0.2578125, 0.3671875]","[12, 128]",0.216760698931392,0.17688466243023082
294,10000.9375,"[0.40625, 0.65625, 0.53125, 0.328125, 0.53125, 0.5, 0.28125, 0.5, 0.375, 0.40625, 0.359375, 0.46875, 0.421875, 0.3046875, 0.4375, 0.40625, 0.375, 0.265625, 0.40625, 0.484375, 0.3359375]","[0.265625, 0.328125, 0.296875, 0.359375, 0.28125, 0.25, 0.296875, 0.28125, 0.21875, 0.296875, 0.359375, 0.265625, 0.2265625, 0.3515625, 0.28125, 0.265625, 0.25, 0.390625, 0.21875, 0.2578125, 0.3671875]",[12],0.22171061273754683,0.1702256909697569
295,9941.875,"[0.40625, 0.65625, 0.53125, 0.328125, 0.53125, 0.5, 0.28125, 0.5, 0.375, 0.40625, 0.359375, 0.46875, 0.421875, 0.3046875, 0.4375, 0.40625, 0.375, 0.265625, 0.40625, 0.484375, 0.3359375]","[0.265625, 0.328125, 0.296875, 0.359375, 0.28125, 0.25, 0.296875, 0.28125, 0.21875, 0.296875, 0.359375, 0.265625, 0.2265625, 0.3515625, 0.28125, 0.265625, 0.25, 0.390625, 0.21875, 0.2578125, 0.3671875]",[12],0.22171061273754683,0.1702256909697569
296,10080.9375,"[0.40625, 0.65625, 0.53125, 0.328125, 0.53125, 0.5, 0.28125, 0.5, 0.375, 0.40625, 0.359375, 0.46875, 0.421875, 0.3046875, 0.4375, 0.40625, 0.375, 0.265625, 0.40625, 0.484375, 0.3359375]","[0.265625, 0.328125, 0.296875, 0.359375, 0.28125, 0.25, 0.296875, 0.28125, 0.21875, 0.296875, 0.359375, 0.265625, 0.2265625, 0.3515625, 0.28125, 0.265625, 0.25, 0.390625, 0.21875, 0.2578125, 0.3671875]","[12, 141]",0.22171061273754683,0.1702256909697569
297,10001.71875,"[0.40625, 0.65625, 0.53125, 0.328125, 0.53125, 0.5, 0.28125, 0.5, 0.375, 0.40625, 0.359375, 0.46875, 0.453125, 0.3046875, 0.4375, 0.40625, 0.3125, 0.265625, 0.40625, 0.484375, 0.3359375]","[0.265625, 0.328125, 0.296875, 0.359375, 0.28125, 0.25, 0.296875, 0.28125, 0.21875, 0.296875, 0.359375, 0.265625, 0.2578125, 0.3515625, 0.28125, 0.265625, 0.1875, 0.390625, 0.21875, 0.2578125, 0.3671875]",[29],0.22886072651911502,0.18068157728334786
298,9961.875,"[0.40625, 0.65625, 0.53125, 0.328125, 0.53125, 0.5, 0.28125, 0.5, 0.375, 0.40625, 0.359375, 0.46875, 0.453125, 0.3046875, 0.4375, 0.40625, 0.3125, 0.265625, 0.390625, 0.484375, 0.3359375]","[0.265625, 0.328125, 0.296875, 0.359375, 0.28125, 0.25, 0.296875, 0.28125, 0.21875, 0.296875, 0.359375, 0.265625, 0.2578125, 0.3515625, 0.28125, 0.265625, 0.1875, 0.390625, 0.2109375, 0.2578125, 0.3671875]",[29],0.22960488949288724,0.18273605507643598
299,9922.34375,"[0.40625, 0.65625, 0.53125, 0.328125, 0.53125, 0.5, 0.28125, 0.5, 0.375, 0.40625, 0.359375, 0.46875, 0.453125, 0.3046875, 0.4375, 0.40625, 0.34375, 0.265625, 0.390625, 0.484375, 0.3359375]","[0.265625, 0.328125, 0.296875, 0.359375, 0.28125, 0.25, 0.296875, 0.28125, 0.21875, 0.296875, 0.359375, 0.265625, 0.2578125, 0.3515625, 0.28125, 0.265625, 0.203125, 0.390625, 0.2109375, 0.2578125, 0.3671875]",[136],0.22545672709981596,0.17763324589031995
300,10001.09375,"[0.40625, 0.65625, 0.53125, 0.328125, 0.53125, 0.5, 0.28125, 0.5, 0.375, 0.40625, 0.359375, 0.46875, 0.453125, 0.3046875, 0.4375, 0.40625, 0.46875, 0.265625, 0.375, 0.484375, 0.3359375]","[0.265625, 0.328125, 0.296875, 0.359375, 0.28125, 0.25, 0.296875, 0.28125, 0.21875, 0.296875, 0.359375, 0.265625, 0.2578125, 0.3515625, 0.28125, 0.265625, 0.265625, 0.390625, 0.203125, 0.2578125, 0.3671875]","[85, 141, 144]",0.2213098898552626,0.166661810624049
301,10139.6875,"[0.40625, 0.65625, 0.53125, 0.328125, 0.53125, 0.5, 0.28125, 0.5, 0.375, 0.40625, 0.359375, 0.46875, 0.453125, 0.3046875, 0.4375, 0.40625, 0.46875, 0.265625, 0.375, 0.484375, 0.3359375]","[0.265625, 0.328125, 0.296875, 0.359375, 0.28125, 0.25, 0.296875, 0.28125, 0.21875, 0.296875, 0.359375, 0.265625, 0.2578125, 0.3515625, 0.28125, 0.265625, 0.265625, 0.390625, 0.203125, 0.2578125, 0.3671875]","[85, 141, 144]",0.2213098898552626,0.166661810624049
302,10259.375,"[0.40625, 0.65625, 0.53125, 0.328125, 0.53125, 0.5, 0.28125, 0.5, 0.4375, 0.40625, 0.359375, 0.46875, 0.453125, 0.3046875, 0.4375, 0.40625, 0.46875, 0.328125, 0.375, 0.484375, 0.3984375]","[0.265625, 0.328125, 0.296875, 0.359375, 0.28125, 0.25, 0.296875, 0.28125, 0.25, 0.296875, 0.359375, 0.265625, 0.2578125, 0.3515625, 0.28125, 0.265625, 0.265625, 0.453125, 0.203125, 0.2578125, 0.4296875]",[145],0.20057512432853047,0.19866619256821932
303,10299.0625,"[0.40625, 0.65625, 0.53125, 0.328125, 0.53125, 0.5, 0.21875, 0.5, 0.4375, 0.34375, 0.359375, 0.46875, 0.453125, 0.3046875, 0.4375, 0.40625, 0.46875, 0.3125, 0.375, 0.484375, 0.3984375]","[0.265625, 0.328125, 0.296875, 0.359375, 0.28125, 0.25, 0.234375, 0.28125, 0.25, 0.234375, 0.359375, 0.265625, 0.2578125, 0.3515625, 0.28125, 0.265625, 0.265625, 0.4375, 0.203125, 0.2578125, 0.4296875]","[14, 26]",0.22367159874428338,0.20734658137563552
304,10080.3125,"[0.40625, 0.53125, 0.53125, 0.328125, 0.53125, 0.5, 0.21875, 0.5, 0.4375, 0.375, 0.359375, 0.46875, 0.453125, 0.3046875, 0.3125, 0.40625, 0.46875, 0.3125, 0.390625, 0.484375, 0.3984375]","[0.265625, 0.265625, 0.296875, 0.359375, 0.28125, 0.25, 0.234375, 0.28125, 0.25, 0.25, 0.359375, 0.265625, 0.2578125, 0.3515625, 0.21875, 0.265625, 0.265625, 0.4375, 0.2109375, 0.2578125, 0.4296875]",[50],0.2052538620303341,0.21285238884749524
305,10080.3125,"[0.40625, 0.53125, 0.53125, 0.328125, 0.53125, 0.5, 0.21875, 0.5, 0.4375, 0.375, 0.359375, 0.46875, 0.453125, 0.3046875, 0.3125, 0.40625, 0.46875, 0.3125, 0.390625, 0.484375, 0.3984375]","[0.265625, 0.265625, 0.296875, 0.359375, 0.28125, 0.25, 0.234375, 0.28125, 0.25, 0.25, 0.359375, 0.265625, 0.2578125, 0.3515625, 0.21875, 0.265625, 0.265625, 0.4375, 0.2109375, 0.2578125, 0.4296875]",[50],0.2052538620303341,0.21285238884749524
306,9962.1875,"[0.40625, 0.5, 0.53125, 0.328125, 0.53125, 0.5, 0.21875, 0.5, 0.4375, 0.375, 0.359375, 0.46875, 0.453125, 0.3046875, 0.375, 0.40625, 0.46875, 0.296875, 0.390625, 0.484375, 0.3984375]","[0.265625, 0.25, 0.296875, 0.359375, 0.28125, 0.25, 0.234375, 0.28125, 0.25, 0.25, 0.359375, 0.265625, 0.2578125, 0.3515625, 0.28125, 0.265625, 0.265625, 0.421875, 0.2109375, 0.2578125, 0.4296875]",[46],0.19682468185999355,0.20033901078202213
307,9942.34375,"[0.40625, 0.5, 0.53125, 0.328125, 0.53125, 0.5, 0.21875, 0.5, 0.4375, 0.375, 0.359375, 0.46875, 0.453125, 0.3046875, 0.375, 0.40625, 0.46875, 0.296875, 0.390625, 0.484375, 0.3984375]","[0.265625, 0.25, 0.296875, 0.359375, 0.28125, 0.25, 0.234375, 0.28125, 0.25, 0.25, 0.359375, 0.265625, 0.2578125, 0.3515625, 0.28125, 0.265625, 0.265625, 0.421875, 0.2109375, 0.2578125, 0.4296875]","[46, 68]",0.19682468185999355,0.20033901078202213
308,9981.71875,"[0.40625, 0.5, 0.53125, 0.328125, 0.53125, 0.5, 0.21875, 0.5, 0.46875, 0.375, 0.296875, 0.46875, 0.453125, 0.3046875, 0.375, 0.40625, 0.46875, 0.296875, 0.390625, 0.484375, 0.3984375]","[0.265625, 0.25, 0.296875, 0.359375, 0.28125, 0.25, 0.234375, 0.28125, 0.265625, 0.25, 0.296875, 0.265625, 0.2578125, 0.3515625, 0.28125, 0.265625, 0.265625, 0.421875, 0.2109375, 0.2578125, 0.4296875]","[38, 68, 130]",0.20662315246207785,0.19330603719899453
309,10001.875,"[0.4375, 0.5, 0.53125, 0.328125, 0.53125, 0.5, 0.234375, 0.5, 0.46875, 0.375, 0.296875, 0.46875, 0.453125, 0.3046875, 0.375, 0.40625, 0.46875, 0.296875, 0.390625, 0.484375, 0.3984375]","[0.28125, 0.25, 0.296875, 0.359375, 0.28125, 0.25, 0.25, 0.28125, 0.265625, 0.25, 0.296875, 0.265625, 0.2578125, 0.3515625, 0.28125, 0.265625, 0.265625, 0.421875, 0.2109375, 0.2578125, 0.4296875]","[38, 135]",0.20180546679555392,0.189464774461549
310,9982.03125,"[0.4375, 0.5, 0.53125, 0.328125, 0.53125, 0.5, 0.234375, 0.5, 0.46875, 0.40625, 0.296875, 0.46875, 0.453125, 0.3046875, 0.375, 0.40625, 0.46875, 0.296875, 0.390625, 0.484375, 0.3984375]","[0.28125, 0.25, 0.296875, 0.359375, 0.28125, 0.25, 0.25, 0.28125, 0.265625, 0.265625, 0.296875, 0.265625, 0.2578125, 0.3515625, 0.28125, 0.265625, 0.265625, 0.421875, 0.2109375, 0.2578125, 0.4296875]","[38, 145]",0.19995044408278928,0.18749009530433652
311,10140.9375,"[0.4375, 0.5, 0.53125, 0.328125, 0.53125, 0.5, 0.234375, 0.5, 0.46875, 0.40625, 0.296875, 0.46875, 0.453125, 0.3046875, 0.375, 0.40625, 0.46875, 0.296875, 0.390625, 0.484375, 0.3984375]","[0.28125, 0.25, 0.296875, 0.359375, 0.28125, 0.25, 0.25, 0.28125, 0.265625, 0.265625, 0.296875, 0.265625, 0.2578125, 0.3515625, 0.28125, 0.265625, 0.265625, 0.421875, 0.2109375, 0.2578125, 0.4296875]",[38],0.19995044408278928,0.18749009530433652
312,9982.03125,"[0.4375, 0.5, 0.53125, 0.328125, 0.53125, 0.5, 0.25, 0.5, 0.46875, 0.375, 0.296875, 0.46875, 0.453125, 0.2890625, 0.375, 0.40625, 0.46875, 0.296875, 0.390625, 0.484375, 0.3984375]","[0.28125, 0.25, 0.296875, 0.359375, 0.28125, 0.25, 0.265625, 0.28125, 0.265625, 0.25, 0.296875, 0.265625, 0.2578125, 0.3203125, 0.28125, 0.265625, 0.265625, 0.421875, 0.2109375, 0.2578125, 0.4296875]","[52, 135, 145, 146]",0.20064071478284617,0.1839513123839663
313,10041.5625,"[0.4375, 0.5, 0.53125, 0.328125, 0.53125, 0.5, 0.25, 0.5, 0.46875, 0.375, 0.296875, 0.46875, 0.453125, 0.2265625, 0.34375, 0.40625, 0.46875, 0.296875, 0.390625, 0.484375, 0.3984375]","[0.28125, 0.25, 0.296875, 0.359375, 0.28125, 0.25, 0.265625, 0.28125, 0.265625, 0.25, 0.296875, 0.265625, 0.2578125, 0.2578125, 0.265625, 0.265625, 0.265625, 0.421875, 0.2109375, 0.2578125, 0.4296875]",[35],0.2181391325520087,0.18648423006668763
314,9763.125,"[0.4375, 0.5, 0.53125, 0.328125, 0.53125, 0.5, 0.25, 0.5, 0.46875, 0.375, 0.296875, 0.46875, 0.453125, 0.2265625, 0.34375, 0.40625, 0.46875, 0.296875, 0.390625, 0.484375, 0.3984375]","[0.28125, 0.25, 0.296875, 0.359375, 0.28125, 0.25, 0.265625, 0.28125, 0.265625, 0.25, 0.296875, 0.265625, 0.2578125, 0.2578125, 0.265625, 0.265625, 0.265625, 0.421875, 0.2109375, 0.2578125, 0.4296875]","[35, 52, 63]",0.2181391325520087,0.18648423006668763
315,9901.25,"[0.4375, 0.5, 0.53125, 0.328125, 0.53125, 0.5, 0.25, 0.5, 0.46875, 0.5, 0.296875, 0.46875, 0.453125, 0.2265625, 0.34375, 0.40625, 0.46875, 0.296875, 0.421875, 0.484375, 0.3984375]","[0.28125, 0.25, 0.296875, 0.359375, 0.28125, 0.25, 0.265625, 0.28125, 0.265625, 0.3125, 0.296875, 0.265625, 0.2578125, 0.2578125, 0.265625, 0.265625, 0.265625, 0.421875, 0.2421875, 0.2578125, 0.4296875]",[63],0.21727274750532022,0.17653980128167046
316,9901.71875,"[0.1875, 0.5, 0.53125, 0.328125, 0.53125, 0.5, 0.234375, 0.5, 0.46875, 0.5, 0.296875, 0.46875, 0.453125, 0.2265625, 0.34375, 0.40625, 0.46875, 0.296875, 0.421875, 0.484375, 0.3984375]","[0.15625, 0.25, 0.296875, 0.359375, 0.28125, 0.25, 0.234375, 0.28125, 0.265625, 0.3125, 0.296875, 0.265625, 0.2578125, 0.2578125, 0.265625, 0.265625, 0.265625, 0.421875, 0.2421875, 0.2578125, 0.4296875]",[36],0.257325196714063,0.210135152709624
317,9704.375,"[0.1875, 0.5, 0.53125, 0.328125, 0.53125, 0.5, 0.234375, 0.5, 0.46875, 0.5, 0.296875, 0.46875, 0.453125, 0.2265625, 0.34375, 0.40625, 0.46875, 0.296875, 0.421875, 0.359375, 0.3984375]","[0.15625, 0.25, 0.296875, 0.359375, 0.28125, 0.25, 0.234375, 0.28125, 0.265625, 0.3125, 0.296875, 0.265625, 0.2578125, 0.2578125, 0.265625, 0.265625, 0.265625, 0.421875, 0.2421875, 0.1953125, 0.4296875]","[28, 36]",0.25860139937324517,0.22183785405141382
318,9682.96875,"[0.1875, 0.5, 0.53125, 0.328125, 0.53125, 0.5, 0.234375, 0.5, 0.5, 0.5, 0.296875, 0.46875, 0.453125, 0.2265625, 0.34375, 0.40625, 0.46875, 0.296875, 0.421875, 0.359375, 0.3984375]","[0.15625, 0.25, 0.296875, 0.359375, 0.28125, 0.25, 0.234375, 0.28125, 0.28125, 0.3125, 0.296875, 0.265625, 0.2578125, 0.2578125, 0.265625, 0.265625, 0.265625, 0.421875, 0.2421875, 0.1953125, 0.4296875]","[36, 63]",0.2605727447940835,0.22100652711757782
319,9762.34375,"[0.1875, 0.5, 0.53125, 0.328125, 0.40625, 0.5, 0.234375, 0.5, 0.5, 0.5, 0.296875, 0.46875, 0.453125, 0.2265625, 0.34375, 0.40625, 0.46875, 0.296875, 0.421875, 0.421875, 0.3984375]","[0.15625, 0.25, 0.296875, 0.359375, 0.21875, 0.25, 0.234375, 0.28125, 0.28125, 0.3125, 0.296875, 0.265625, 0.2578125, 0.2578125, 0.265625, 0.265625, 0.265625, 0.421875, 0.2421875, 0.2265625, 0.4296875]","[36, 116, 129]",0.2519443650668912,0.22128477612780578
320,9644.84375,"[0.21875, 0.5, 0.53125, 0.328125, 0.40625, 0.5, 0.234375, 0.5, 0.5, 0.5, 0.296875, 0.46875, 0.453125, 0.2265625, 0.34375, 0.4375, 0.46875, 0.296875, 0.421875, 0.421875, 0.3984375]","[0.171875, 0.25, 0.296875, 0.359375, 0.21875, 0.25, 0.234375, 0.28125, 0.28125, 0.3125, 0.296875, 0.265625, 0.2578125, 0.2578125, 0.265625, 0.28125, 0.265625, 0.421875, 0.2421875, 0.2265625, 0.4296875]","[36, 135]",0.24349147551125772,0.21485585567541896
321,9584.84375,"[0.21875, 0.5, 0.53125, 0.328125, 0.40625, 0.5, 0.265625, 0.5, 0.5, 0.5, 0.296875, 0.46875, 0.453125, 0.2265625, 0.375, 0.4375, 0.46875, 0.265625, 0.421875, 0.421875, 0.3984375]","[0.171875, 0.25, 0.296875, 0.359375, 0.21875, 0.25, 0.265625, 0.28125, 0.28125, 0.3125, 0.296875, 0.265625, 0.2578125, 0.2578125, 0.28125, 0.28125, 0.265625, 0.359375, 0.2421875, 0.2265625, 0.4296875]","[95, 145]",0.23975396836126237,0.19140145193545985
322,9722.5,"[0.21875, 0.5, 0.53125, 0.328125, 0.40625, 0.5, 0.265625, 0.5, 0.5, 0.5, 0.296875, 0.46875, 0.453125, 0.2265625, 0.375, 0.4375, 0.46875, 0.265625, 0.421875, 0.421875, 0.3984375]","[0.171875, 0.25, 0.296875, 0.359375, 0.21875, 0.25, 0.265625, 0.28125, 0.28125, 0.3125, 0.296875, 0.265625, 0.2578125, 0.2578125, 0.28125, 0.28125, 0.265625, 0.359375, 0.2421875, 0.2265625, 0.4296875]","[95, 145, 146]",0.23975396836126237,0.19140145193545985
323,9783.28125,"[0.34375, 0.5, 0.53125, 0.328125, 0.40625, 0.5, 0.265625, 0.5, 0.5, 0.5, 0.296875, 0.46875, 0.453125, 0.2890625, 0.375, 0.4375, 0.46875, 0.265625, 0.421875, 0.359375, 0.3984375]","[0.265625, 0.25, 0.296875, 0.359375, 0.21875, 0.25, 0.265625, 0.28125, 0.28125, 0.3125, 0.296875, 0.265625, 0.2578125, 0.3203125, 0.28125, 0.28125, 0.265625, 0.359375, 0.2421875, 0.1953125, 0.4296875]","[137, 147]",0.2054627620545509,0.17700717259932816
324,9822.96875,"[0.34375, 0.5, 0.5, 0.328125, 0.46875, 0.5, 0.265625, 0.5, 0.5, 0.5, 0.296875, 0.46875, 0.453125, 0.2890625, 0.375, 0.4375, 0.46875, 0.265625, 0.421875, 0.359375, 0.3984375]","[0.265625, 0.25, 0.28125, 0.359375, 0.25, 0.25, 0.265625, 0.28125, 0.28125, 0.3125, 0.296875, 0.265625, 0.2578125, 0.3203125, 0.28125, 0.28125, 0.265625, 0.359375, 0.2421875, 0.1953125, 0.4296875]",[77],0.20250338862555953,0.1710091518338419
325,9783.4375,"[0.34375, 0.5, 0.5, 0.328125, 0.46875, 0.5, 0.265625, 0.46875, 0.5, 0.5, 0.296875, 0.46875, 0.453125, 0.2890625, 0.375, 0.4375, 0.46875, 0.265625, 0.421875, 0.359375, 0.3828125]","[0.265625, 0.25, 0.28125, 0.359375, 0.25, 0.25, 0.265625, 0.265625, 0.28125, 0.3125, 0.296875, 0.265625, 0.2578125, 0.3203125, 0.28125, 0.28125, 0.265625, 0.359375, 0.2421875, 0.1953125, 0.4140625]","[25, 77, 127]",0.2007877050004279,0.16499192641526828
326,9803.359375,"[0.34375, 0.25, 0.5, 0.328125, 0.46875, 0.5, 0.2734375, 0.46875, 0.5, 0.5, 0.328125, 0.46875, 0.453125, 0.2890625, 0.375, 0.4375, 0.46875, 0.265625, 0.421875, 0.390625, 0.3828125]","[0.265625, 0.125, 0.28125, 0.359375, 0.25, 0.25, 0.2734375, 0.265625, 0.28125, 0.3125, 0.359375, 0.265625, 0.2578125, 0.3203125, 0.28125, 0.28125, 0.265625, 0.359375, 0.2421875, 0.2265625, 0.4140625]","[53, 137, 148, 149]",0.20880839193042752,0.20547391339504043
327,9764.21875,"[0.34375, 0.3125, 0.5, 0.328125, 0.46875, 0.5, 0.2734375, 0.46875, 0.5, 0.5, 0.328125, 0.46875, 0.453125, 0.296875, 0.375, 0.4375, 0.46875, 0.265625, 0.421875, 0.390625, 0.3828125]","[0.265625, 0.15625, 0.28125, 0.359375, 0.25, 0.25, 0.2734375, 0.265625, 0.28125, 0.3125, 0.359375, 0.265625, 0.2578125, 0.328125, 0.28125, 0.28125, 0.265625, 0.359375, 0.2421875, 0.2265625, 0.4140625]",[53],0.19485094695055408,0.19179638055901937
328,9744.53125,"[0.34375, 0.375, 0.5, 0.328125, 0.46875, 0.5, 0.2734375, 0.46875, 0.5, 0.5, 0.328125, 0.46875, 0.453125, 0.296875, 0.375, 0.40625, 0.46875, 0.265625, 0.421875, 0.390625, 0.3828125]","[0.265625, 0.21875, 0.28125, 0.359375, 0.25, 0.25, 0.2734375, 0.265625, 0.28125, 0.3125, 0.359375, 0.265625, 0.2578125, 0.328125, 0.28125, 0.265625, 0.265625, 0.359375, 0.2421875, 0.2265625, 0.4140625]",[116],0.18753783671205254,0.1712651708455934
329,9744.6875,"[0.34375, 0.375, 0.5, 0.328125, 0.46875, 0.5, 0.2734375, 0.46875, 0.5, 0.5, 0.328125, 0.46875, 0.453125, 0.296875, 0.375, 0.40625, 0.46875, 0.265625, 0.421875, 0.390625, 0.3828125]","[0.265625, 0.21875, 0.28125, 0.359375, 0.25, 0.25, 0.2734375, 0.265625, 0.28125, 0.3125, 0.359375, 0.265625, 0.2578125, 0.328125, 0.28125, 0.265625, 0.265625, 0.359375, 0.2421875, 0.2265625, 0.4140625]","[116, 137]",0.18753783671205254,0.1712651708455934
330,9962.34375,"[0.34375, 0.5, 0.5, 0.328125, 0.46875, 0.5, 0.2734375, 0.46875, 0.4375, 0.5, 0.328125, 0.46875, 0.453125, 0.296875, 0.375, 0.40625, 0.46875, 0.265625, 0.421875, 0.515625, 0.3828125]","[0.265625, 0.28125, 0.28125, 0.359375, 0.25, 0.25, 0.2734375, 0.265625, 0.25, 0.3125, 0.359375, 0.265625, 0.2578125, 0.328125, 0.28125, 0.265625, 0.265625, 0.359375, 0.2421875, 0.2890625, 0.4140625]",[101],0.19113753825137178,0.1559783871343246
331,9962.65625,"[0.34375, 0.5, 0.5, 0.328125, 0.46875, 0.5, 0.2734375, 0.46875, 0.4375, 0.5, 0.328125, 0.46875, 0.421875, 0.296875, 0.375, 0.40625, 0.46875, 0.265625, 0.421875, 0.515625, 0.3828125]","[0.265625, 0.28125, 0.28125, 0.359375, 0.25, 0.25, 0.2734375, 0.265625, 0.25, 0.3125, 0.359375, 0.265625, 0.2265625, 0.328125, 0.28125, 0.265625, 0.265625, 0.359375, 0.2421875, 0.2890625, 0.4140625]",[12],0.1907401037867968,0.1621528387639346
332,9922.96875,"[0.34375, 0.5, 0.5, 0.328125, 0.46875, 0.5, 0.2734375, 0.46875, 0.4375, 0.5, 0.328125, 0.46875, 0.421875, 0.296875, 0.375, 0.40625, 0.46875, 0.265625, 0.453125, 0.515625, 0.3828125]","[0.265625, 0.28125, 0.28125, 0.359375, 0.25, 0.25, 0.2734375, 0.265625, 0.25, 0.3125, 0.359375, 0.265625, 0.2265625, 0.328125, 0.28125, 0.265625, 0.265625, 0.359375, 0.2578125, 0.2890625, 0.4140625]","[101, 150]",0.19113753825137178,0.15953309221175438
333,10122.03125,"[0.34375, 0.5, 0.5, 0.328125, 0.46875, 0.5, 0.3359375, 0.46875, 0.4375, 0.5, 0.328125, 0.46875, 0.421875, 0.296875, 0.375, 0.40625, 0.46875, 0.265625, 0.453125, 0.515625, 0.3828125]","[0.265625, 0.28125, 0.28125, 0.359375, 0.25, 0.25, 0.3359375, 0.265625, 0.25, 0.3125, 0.359375, 0.265625, 0.2265625, 0.328125, 0.28125, 0.265625, 0.265625, 0.359375, 0.2578125, 0.2890625, 0.4140625]",[101],0.17948327750629317,0.16065857416974222
334,10122.1875,"[0.34375, 0.5, 0.5, 0.328125, 0.46875, 0.5, 0.3359375, 0.46875, 0.4375, 0.5, 0.328125, 0.46875, 0.421875, 0.296875, 0.375, 0.40625, 0.46875, 0.265625, 0.453125, 0.515625, 0.3828125]","[0.265625, 0.28125, 0.28125, 0.359375, 0.25, 0.25, 0.3359375, 0.265625, 0.25, 0.3125, 0.359375, 0.265625, 0.2265625, 0.328125, 0.28125, 0.265625, 0.265625, 0.359375, 0.2578125, 0.2890625, 0.4140625]",[101],0.17948327750629317,0.16065857416974222
335,10102.03125,"[0.375, 0.5, 0.5, 0.328125, 0.46875, 0.5, 0.3359375, 0.46875, 0.4375, 0.5, 0.328125, 0.34375, 0.421875, 0.296875, 0.375, 0.40625, 0.46875, 0.265625, 0.453125, 0.515625, 0.3828125]","[0.28125, 0.28125, 0.28125, 0.359375, 0.25, 0.25, 0.3359375, 0.265625, 0.25, 0.3125, 0.359375, 0.203125, 0.2265625, 0.328125, 0.28125, 0.265625, 0.265625, 0.359375, 0.2578125, 0.2890625, 0.4140625]","[15, 151]",0.180454745758093,0.17305118453082322
336,10141.71875,"[0.375, 0.375, 0.5, 0.328125, 0.46875, 0.3125, 0.3359375, 0.46875, 0.4375, 0.5, 0.328125, 0.34375, 0.453125, 0.296875, 0.375, 0.40625, 0.46875, 0.265625, 0.453125, 0.515625, 0.3828125]","[0.28125, 0.21875, 0.28125, 0.359375, 0.25, 0.15625, 0.3359375, 0.265625, 0.25, 0.3125, 0.359375, 0.203125, 0.2578125, 0.328125, 0.28125, 0.265625, 0.265625, 0.359375, 0.2578125, 0.2890625, 0.4140625]","[39, 40, 122]",0.18175752497203843,0.20412397174217392
337,9745.3125,"[0.375, 0.375, 0.5, 0.328125, 0.46875, 0.328125, 0.3359375, 0.46875, 0.4375, 0.5, 0.328125, 0.34375, 0.453125, 0.296875, 0.375, 0.40625, 0.46875, 0.265625, 0.453125, 0.515625, 0.3828125]","[0.28125, 0.21875, 0.28125, 0.359375, 0.25, 0.1640625, 0.3359375, 0.265625, 0.25, 0.3125, 0.359375, 0.203125, 0.2578125, 0.328125, 0.28125, 0.265625, 0.265625, 0.359375, 0.2578125, 0.2890625, 0.4140625]",[39],0.179370437412814,0.20103593202097397
338,9705.625,"[0.375, 0.375, 0.5, 0.328125, 0.46875, 0.328125, 0.3203125, 0.46875, 0.4375, 0.5, 0.328125, 0.34375, 0.453125, 0.296875, 0.375, 0.40625, 0.46875, 0.265625, 0.453125, 0.515625, 0.3828125]","[0.28125, 0.21875, 0.28125, 0.359375, 0.25, 0.1640625, 0.3203125, 0.265625, 0.25, 0.3125, 0.359375, 0.203125, 0.2578125, 0.328125, 0.28125, 0.265625, 0.265625, 0.359375, 0.2578125, 0.2890625, 0.4140625]","[38, 39, 122, 151]",0.181557083371117,0.19960660476310216
339,9884.375,"[0.4375, 0.375, 0.5, 0.328125, 0.46875, 0.296875, 0.3359375, 0.46875, 0.4375, 0.5, 0.328125, 0.34375, 0.453125, 0.328125, 0.375, 0.40625, 0.46875, 0.265625, 0.453125, 0.515625, 0.3828125]","[0.34375, 0.21875, 0.28125, 0.359375, 0.25, 0.1484375, 0.3515625, 0.265625, 0.25, 0.3125, 0.359375, 0.203125, 0.2578125, 0.359375, 0.28125, 0.265625, 0.265625, 0.359375, 0.2578125, 0.2890625, 0.4140625]","[38, 67, 152, 153]",0.17850493911816387,0.2149491935749944
340,9943.4375,"[0.4375, 0.375, 0.5, 0.328125, 0.46875, 0.359375, 0.3359375, 0.40625, 0.4375, 0.5, 0.328125, 0.34375, 0.328125, 0.328125, 0.375, 0.40625, 0.46875, 0.265625, 0.453125, 0.515625, 0.3828125]","[0.34375, 0.21875, 0.28125, 0.359375, 0.25, 0.1796875, 0.3515625, 0.203125, 0.25, 0.3125, 0.359375, 0.203125, 0.1953125, 0.359375, 0.28125, 0.265625, 0.265625, 0.359375, 0.2578125, 0.2890625, 0.4140625]","[38, 57, 67]",0.1715554099393536,0.22698864377109632
341,9864.6875,"[0.4375, 0.375, 0.5, 0.328125, 0.46875, 0.359375, 0.3359375, 0.40625, 0.4375, 0.5, 0.328125, 0.34375, 0.453125, 0.328125, 0.375, 0.40625, 0.46875, 0.265625, 0.4375, 0.515625, 0.3828125]","[0.34375, 0.21875, 0.28125, 0.359375, 0.25, 0.1796875, 0.3515625, 0.203125, 0.25, 0.3125, 0.359375, 0.203125, 0.2578125, 0.359375, 0.28125, 0.265625, 0.265625, 0.359375, 0.25, 0.2890625, 0.4140625]",[26],0.1660553819204101,0.21578885120378705
342,9825.15625,"[0.4375, 0.375, 0.5, 0.328125, 0.46875, 0.359375, 0.3359375, 0.40625, 0.4375, 0.5, 0.359375, 0.34375, 0.453125, 0.328125, 0.375, 0.40625, 0.46875, 0.265625, 0.4375, 0.515625, 0.3828125]","[0.34375, 0.21875, 0.28125, 0.359375, 0.25, 0.1796875, 0.3515625, 0.203125, 0.25, 0.3125, 0.421875, 0.203125, 0.2578125, 0.359375, 0.28125, 0.265625, 0.265625, 0.359375, 0.25, 0.2890625, 0.4140625]",[38],0.16213061523326772,0.2295442343669065
343,9844.84375,"[0.4375, 0.375, 0.5, 0.328125, 0.46875, 0.359375, 0.3359375, 0.40625, 0.4375, 0.5, 0.359375, 0.34375, 0.453125, 0.328125, 0.375, 0.40625, 0.34375, 0.265625, 0.4375, 0.390625, 0.3828125]","[0.34375, 0.21875, 0.28125, 0.359375, 0.25, 0.1796875, 0.3515625, 0.203125, 0.25, 0.3125, 0.421875, 0.203125, 0.2578125, 0.359375, 0.28125, 0.265625, 0.203125, 0.359375, 0.25, 0.2265625, 0.4140625]","[38, 57]",0.15168994867161342,0.24715505837961477
344,9825.15625,"[0.4375, 0.375, 0.5, 0.328125, 0.46875, 0.359375, 0.3359375, 0.40625, 0.4375, 0.5, 0.359375, 0.34375, 0.453125, 0.328125, 0.375, 0.40625, 0.46875, 0.265625, 0.4375, 0.359375, 0.3828125]","[0.34375, 0.21875, 0.28125, 0.359375, 0.25, 0.1796875, 0.3515625, 0.203125, 0.25, 0.3125, 0.421875, 0.203125, 0.2578125, 0.359375, 0.28125, 0.265625, 0.265625, 0.359375, 0.25, 0.1953125, 0.4140625]","[38, 115]",0.15414901777209045,0.2437839714546455
345,9825.46875,"[0.40625, 0.4375, 0.5, 0.328125, 0.46875, 0.359375, 0.3359375, 0.40625, 0.4375, 0.5, 0.359375, 0.34375, 0.453125, 0.390625, 0.375, 0.40625, 0.46875, 0.265625, 0.4375, 0.359375, 0.3828125]","[0.328125, 0.28125, 0.28125, 0.359375, 0.25, 0.1796875, 0.3515625, 0.203125, 0.25, 0.3125, 0.421875, 0.203125, 0.2578125, 0.421875, 0.28125, 0.265625, 0.265625, 0.359375, 0.25, 0.1953125, 0.4140625]",[124],0.14705421712831312,0.24663420519805934
346,9825.625,"[0.40625, 0.4375, 0.5, 0.296875, 0.46875, 0.359375, 0.3359375, 0.40625, 0.4375, 0.5, 0.359375, 0.34375, 0.453125, 0.390625, 0.375, 0.40625, 0.46875, 0.265625, 0.4375, 0.359375, 0.3828125]","[0.328125, 0.28125, 0.28125, 0.296875, 0.25, 0.1796875, 0.3515625, 0.203125, 0.25, 0.3125, 0.421875, 0.203125, 0.2578125, 0.421875, 0.28125, 0.265625, 0.265625, 0.359375, 0.25, 0.1953125, 0.4140625]",[100],0.15304611767377346,0.2437432298823186
347,9924.84375,"[0.40625, 0.3125, 0.5, 0.296875, 0.46875, 0.359375, 0.3359375, 0.40625, 0.4375, 0.5, 0.359375, 0.46875, 0.453125, 0.390625, 0.375, 0.40625, 0.46875, 0.265625, 0.4375, 0.359375, 0.3828125]","[0.328125, 0.21875, 0.28125, 0.296875, 0.25, 0.1796875, 0.3515625, 0.203125, 0.25, 0.3125, 0.421875, 0.265625, 0.2578125, 0.421875, 0.28125, 0.265625, 0.265625, 0.359375, 0.25, 0.1953125, 0.4140625]","[116, 124]",0.16047885128737913,0.24144912490895787
348,10163.59375,"[0.40625, 0.3125, 0.5, 0.296875, 0.46875, 0.359375, 0.3359375, 0.40625, 0.4375, 0.5, 0.359375, 0.46875, 0.453125, 0.390625, 0.375, 0.40625, 0.46875, 0.265625, 0.4375, 0.484375, 0.3828125]","[0.328125, 0.21875, 0.28125, 0.296875, 0.25, 0.1796875, 0.3515625, 0.203125, 0.25, 0.3125, 0.421875, 0.265625, 0.2578125, 0.421875, 0.28125, 0.265625, 0.265625, 0.359375, 0.25, 0.2578125, 0.4140625]","[124, 127]",0.1624915425145936,0.22945500733143337
349,10182.1875,"[0.40625, 0.3125, 0.5, 0.296875, 0.46875, 0.359375, 0.3359375, 0.40625, 0.4375, 0.5, 0.328125, 0.46875, 0.453125, 0.390625, 0.375, 0.40625, 0.46875, 0.265625, 0.4375, 0.484375, 0.3828125]","[0.328125, 0.21875, 0.28125, 0.296875, 0.25, 0.1796875, 0.3515625, 0.203125, 0.25, 0.3125, 0.359375, 0.265625, 0.2578125, 0.421875, 0.28125, 0.265625, 0.265625, 0.359375, 0.25, 0.2578125, 0.4140625]",[26],0.16646559506035213,0.21589422613999465
350,10043.90625,"[0.40625, 0.25, 0.5, 0.296875, 0.46875, 0.359375, 0.3359375, 0.40625, 0.4375, 0.5, 0.328125, 0.46875, 0.453125, 0.390625, 0.375, 0.40625, 0.46875, 0.265625, 0.4375, 0.421875, 0.3828125]","[0.328125, 0.1875, 0.28125, 0.296875, 0.25, 0.1796875, 0.3515625, 0.203125, 0.25, 0.3125, 0.359375, 0.265625, 0.2578125, 0.421875, 0.28125, 0.265625, 0.265625, 0.359375, 0.25, 0.2265625, 0.4140625]",[26],0.17632123551675988,0.22870605406923408
351,9886.09375,"[0.40625, 0.25, 0.5, 0.328125, 0.4375, 0.359375, 0.3359375, 0.40625, 0.4375, 0.5, 0.328125, 0.46875, 0.453125, 0.390625, 0.375, 0.40625, 0.46875, 0.265625, 0.4375, 0.421875, 0.3828125]","[0.328125, 0.1875, 0.28125, 0.328125, 0.21875, 0.1796875, 0.3515625, 0.203125, 0.25, 0.3125, 0.359375, 0.265625, 0.2578125, 0.421875, 0.28125, 0.265625, 0.265625, 0.359375, 0.25, 0.2265625, 0.4140625]","[54, 63]",0.1686650508548185,0.234834757765562
352,10043.59375,"[0.34375, 0.5, 0.5, 0.328125, 0.4375, 0.359375, 0.3359375, 0.40625, 0.4375, 0.5, 0.328125, 0.46875, 0.453125, 0.390625, 0.375, 0.40625, 0.46875, 0.265625, 0.46875, 0.421875, 0.3828125]","[0.265625, 0.3125, 0.28125, 0.328125, 0.21875, 0.1796875, 0.3515625, 0.203125, 0.25, 0.3125, 0.359375, 0.265625, 0.2578125, 0.421875, 0.28125, 0.265625, 0.265625, 0.359375, 0.265625, 0.2265625, 0.4140625]",[64],0.15773019980209477,0.21724462953844598
353,10043.59375,"[0.34375, 0.5, 0.5, 0.328125, 0.4375, 0.359375, 0.3359375, 0.46875, 0.4375, 0.5, 0.328125, 0.46875, 0.453125, 0.390625, 0.375, 0.40625, 0.46875, 0.265625, 0.46875, 0.421875, 0.3828125]","[0.265625, 0.3125, 0.28125, 0.328125, 0.21875, 0.1796875, 0.3515625, 0.265625, 0.25, 0.3125, 0.359375, 0.265625, 0.2578125, 0.421875, 0.28125, 0.265625, 0.265625, 0.359375, 0.265625, 0.2265625, 0.4140625]",[124],0.15965002812640175,0.2056409486571173
354,10122.96875,"[0.34375, 0.5, 0.5, 0.328125, 0.4375, 0.359375, 0.3359375, 0.46875, 0.4375, 0.5, 0.328125, 0.46875, 0.453125, 0.390625, 0.375, 0.40625, 0.46875, 0.203125, 0.46875, 0.421875, 0.3828125]","[0.265625, 0.3125, 0.28125, 0.328125, 0.21875, 0.1796875, 0.3515625, 0.265625, 0.25, 0.3125, 0.359375, 0.265625, 0.2578125, 0.421875, 0.28125, 0.265625, 0.265625, 0.296875, 0.265625, 0.2265625, 0.4140625]",[124],0.17923441734331316,0.20137275020413428
355,10003.59375,"[0.34375, 0.5, 0.5, 0.328125, 0.4375, 0.359375, 0.2734375, 0.46875, 0.4375, 0.5, 0.328125, 0.46875, 0.453125, 0.390625, 0.375, 0.34375, 0.46875, 0.203125, 0.46875, 0.421875, 0.3828125]","[0.265625, 0.3125, 0.28125, 0.328125, 0.21875, 0.1796875, 0.2890625, 0.265625, 0.25, 0.3125, 0.359375, 0.265625, 0.2578125, 0.421875, 0.28125, 0.203125, 0.265625, 0.296875, 0.265625, 0.2265625, 0.4140625]",[86],0.19469580859428143,0.20897647630925031
356,9785.3125,"[0.34375, 0.5, 0.5, 0.328125, 0.4375, 0.359375, 0.2734375, 0.46875, 0.4375, 0.5, 0.328125, 0.46875, 0.453125, 0.390625, 0.375, 0.34375, 0.46875, 0.203125, 0.46875, 0.421875, 0.3828125]","[0.265625, 0.3125, 0.28125, 0.328125, 0.21875, 0.1796875, 0.2890625, 0.265625, 0.25, 0.3125, 0.359375, 0.265625, 0.2578125, 0.421875, 0.28125, 0.203125, 0.265625, 0.296875, 0.265625, 0.2265625, 0.4140625]",[86],0.19469580859428143,0.20897647630925031
357,9805.15625,"[0.34375, 0.5, 0.5, 0.328125, 0.4375, 0.390625, 0.2734375, 0.46875, 0.4375, 0.5, 0.328125, 0.46875, 0.453125, 0.390625, 0.375, 0.34375, 0.40625, 0.203125, 0.46875, 0.421875, 0.3828125]","[0.265625, 0.3125, 0.28125, 0.328125, 0.21875, 0.1953125, 0.2890625, 0.265625, 0.25, 0.3125, 0.359375, 0.265625, 0.2578125, 0.421875, 0.28125, 0.203125, 0.234375, 0.296875, 0.265625, 0.2265625, 0.4140625]",[51],0.19071146991401586,0.20823608714365627
358,9925.15625,"[0.34375, 0.5, 0.5, 0.328125, 0.4375, 0.390625, 0.3359375, 0.46875, 0.4375, 0.5, 0.328125, 0.46875, 0.453125, 0.390625, 0.375, 0.34375, 0.40625, 0.203125, 0.46875, 0.421875, 0.3828125]","[0.265625, 0.3125, 0.28125, 0.328125, 0.21875, 0.1953125, 0.3515625, 0.265625, 0.25, 0.3125, 0.359375, 0.265625, 0.2578125, 0.421875, 0.28125, 0.203125, 0.234375, 0.296875, 0.265625, 0.2265625, 0.4140625]",[124],0.1796359088712797,0.21227848038920014
359,9944.84375,"[0.375, 0.5, 0.5, 0.328125, 0.4375, 0.390625, 0.3359375, 0.46875, 0.4375, 0.5, 0.328125, 0.46875, 0.453125, 0.390625, 0.375, 0.34375, 0.40625, 0.203125, 0.46875, 0.421875, 0.3828125]","[0.28125, 0.3125, 0.28125, 0.328125, 0.21875, 0.1953125, 0.3515625, 0.265625, 0.25, 0.3125, 0.359375, 0.265625, 0.2578125, 0.421875, 0.28125, 0.203125, 0.234375, 0.296875, 0.265625, 0.2265625, 0.4140625]",[127],0.17666685458882941,0.21117091557908488
360,9964.53125,"[0.375, 0.5, 0.5, 0.328125, 0.4375, 0.390625, 0.3359375, 0.46875, 0.4375, 0.5, 0.328125, 0.46875, 0.390625, 0.390625, 0.375, 0.34375, 0.40625, 0.203125, 0.46875, 0.421875, 0.3828125]","[0.28125, 0.3125, 0.28125, 0.328125, 0.21875, 0.1953125, 0.3515625, 0.265625, 0.25, 0.3125, 0.359375, 0.265625, 0.2265625, 0.421875, 0.28125, 0.203125, 0.234375, 0.296875, 0.265625, 0.2265625, 0.4140625]",[75],0.17612044894867412,0.21601884076176733
361,9904.84375,"[0.375, 0.5, 0.5, 0.328125, 0.4375, 0.390625, 0.3359375, 0.46875, 0.4375, 0.5, 0.328125, 0.46875, 0.390625, 0.390625, 0.375, 0.34375, 0.40625, 0.203125, 0.46875, 0.421875, 0.3828125]","[0.28125, 0.3125, 0.28125, 0.328125, 0.21875, 0.1953125, 0.3515625, 0.265625, 0.25, 0.3125, 0.359375, 0.265625, 0.2265625, 0.421875, 0.28125, 0.203125, 0.234375, 0.296875, 0.265625, 0.2265625, 0.4140625]","[75, 127]",0.17612044894867412,0.21601884076176733
362,9983.90625,"[0.375, 0.5, 0.5, 0.328125, 0.4375, 0.390625, 0.3359375, 0.46875, 0.4375, 0.46875, 0.328125, 0.46875, 0.390625, 0.328125, 0.375, 0.46875, 0.40625, 0.203125, 0.46875, 0.421875, 0.3828125]","[0.28125, 0.3125, 0.28125, 0.328125, 0.21875, 0.1953125, 0.3515625, 0.265625, 0.25, 0.296875, 0.359375, 0.265625, 0.2265625, 0.359375, 0.28125, 0.265625, 0.234375, 0.296875, 0.265625, 0.2265625, 0.4140625]",[14],0.1764355219384898,0.18725233547158152
363,9923.90625,"[0.375, 0.5, 0.5, 0.328125, 0.4375, 0.390625, 0.3359375, 0.46875, 0.4375, 0.46875, 0.234375, 0.46875, 0.390625, 0.328125, 0.375, 0.46875, 0.40625, 0.328125, 0.46875, 0.421875, 0.3828125]","[0.28125, 0.3125, 0.28125, 0.328125, 0.21875, 0.1953125, 0.3515625, 0.265625, 0.25, 0.296875, 0.265625, 0.265625, 0.2265625, 0.359375, 0.28125, 0.265625, 0.234375, 0.421875, 0.265625, 0.2265625, 0.4140625]","[41, 99]",0.1659358891250541,0.2061682307683372
364,9883.90625,"[0.375, 0.5, 0.5, 0.328125, 0.4375, 0.390625, 0.3359375, 0.46875, 0.4375, 0.46875, 0.234375, 0.46875, 0.390625, 0.328125, 0.375, 0.46875, 0.40625, 0.328125, 0.46875, 0.421875, 0.3828125]","[0.28125, 0.3125, 0.28125, 0.328125, 0.21875, 0.1953125, 0.3515625, 0.265625, 0.25, 0.296875, 0.265625, 0.265625, 0.2265625, 0.359375, 0.28125, 0.265625, 0.234375, 0.421875, 0.265625, 0.2265625, 0.4140625]","[41, 99]",0.1659358891250541,0.2061682307683372
365,9864.375,"[0.375, 0.5, 0.5, 0.359375, 0.4375, 0.390625, 0.3359375, 0.46875, 0.4375, 0.46875, 0.234375, 0.46875, 0.390625, 0.328125, 0.375, 0.46875, 0.40625, 0.328125, 0.34375, 0.421875, 0.3828125]","[0.28125, 0.3125, 0.28125, 0.359375, 0.21875, 0.1953125, 0.3515625, 0.265625, 0.25, 0.296875, 0.265625, 0.265625, 0.2265625, 0.359375, 0.28125, 0.265625, 0.234375, 0.421875, 0.203125, 0.2265625, 0.4140625]","[41, 58]",0.16379678210371088,0.22100396554675092
366,9745.15625,"[0.375, 0.5, 0.5, 0.359375, 0.4375, 0.390625, 0.3359375, 0.46875, 0.4375, 0.46875, 0.234375, 0.46875, 0.390625, 0.296875, 0.375, 0.46875, 0.40625, 0.328125, 0.34375, 0.421875, 0.3828125]","[0.28125, 0.3125, 0.28125, 0.359375, 0.21875, 0.1953125, 0.3515625, 0.265625, 0.25, 0.296875, 0.265625, 0.265625, 0.2265625, 0.328125, 0.28125, 0.265625, 0.234375, 0.421875, 0.203125, 0.2265625, 0.4140625]","[39, 41]",0.16931153587365075,0.2171025117273417
367,9665.625,"[0.375, 0.5, 0.5, 0.359375, 0.4375, 0.421875, 0.3359375, 0.46875, 0.4375, 0.46875, 0.234375, 0.46875, 0.390625, 0.296875, 0.375, 0.46875, 0.40625, 0.328125, 0.34375, 0.421875, 0.3828125]","[0.28125, 0.3125, 0.28125, 0.359375, 0.21875, 0.2265625, 0.3515625, 0.265625, 0.25, 0.296875, 0.265625, 0.265625, 0.2265625, 0.328125, 0.28125, 0.265625, 0.234375, 0.421875, 0.203125, 0.2265625, 0.4140625]",[39],0.16900946771793693,0.20967255064850637
368,9665.625,"[0.375, 0.5, 0.5, 0.359375, 0.375, 0.421875, 0.3359375, 0.46875, 0.4375, 0.46875, 0.234375, 0.46875, 0.390625, 0.296875, 0.375, 0.46875, 0.40625, 0.328125, 0.34375, 0.421875, 0.3828125]","[0.28125, 0.3125, 0.28125, 0.359375, 0.1875, 0.2265625, 0.3515625, 0.265625, 0.25, 0.296875, 0.265625, 0.265625, 0.2265625, 0.328125, 0.28125, 0.265625, 0.234375, 0.421875, 0.203125, 0.2265625, 0.4140625]",[39],0.16953281332107453,0.21776959249268432
369,9606.09375,"[0.375, 0.5, 0.5, 0.359375, 0.375, 0.421875, 0.3359375, 0.46875, 0.4375, 0.46875, 0.234375, 0.46875, 0.390625, 0.296875, 0.375, 0.46875, 0.40625, 0.328125, 0.34375, 0.421875, 0.3828125]","[0.28125, 0.3125, 0.28125, 0.359375, 0.1875, 0.2265625, 0.3515625, 0.265625, 0.25, 0.296875, 0.265625, 0.265625, 0.2265625, 0.328125, 0.28125, 0.265625, 0.234375, 0.421875, 0.203125, 0.2265625, 0.4140625]",[39],0.16953281332107453,0.21776959249268432
370,9606.09375,"[0.375, 0.5, 0.5, 0.359375, 0.40625, 0.421875, 0.3046875, 0.46875, 0.4375, 0.46875, 0.234375, 0.46875, 0.390625, 0.296875, 0.375, 0.46875, 0.40625, 0.328125, 0.34375, 0.421875, 0.3828125]","[0.28125, 0.3125, 0.28125, 0.359375, 0.21875, 0.2265625, 0.3203125, 0.265625, 0.25, 0.296875, 0.265625, 0.265625, 0.2265625, 0.328125, 0.28125, 0.265625, 0.234375, 0.421875, 0.203125, 0.2265625, 0.4140625]","[58, 127]",0.17338400776803897,0.20613583759398238
371,9645.78125,"[0.375, 0.5, 0.5, 0.359375, 0.4375, 0.421875, 0.3046875, 0.46875, 0.4375, 0.46875, 0.171875, 0.46875, 0.390625, 0.296875, 0.375, 0.46875, 0.40625, 0.328125, 0.34375, 0.421875, 0.3828125]","[0.28125, 0.3125, 0.28125, 0.359375, 0.234375, 0.2265625, 0.3203125, 0.265625, 0.25, 0.296875, 0.203125, 0.265625, 0.2265625, 0.328125, 0.28125, 0.265625, 0.234375, 0.421875, 0.203125, 0.2265625, 0.4140625]","[58, 112, 129]",0.1951986066773363,0.2138160262963929
372,9605.625,"[0.375, 0.5, 0.5, 0.359375, 0.4375, 0.421875, 0.3046875, 0.46875, 0.4375, 0.46875, 0.171875, 0.46875, 0.390625, 0.296875, 0.375, 0.34375, 0.40625, 0.328125, 0.234375, 0.421875, 0.3828125]","[0.28125, 0.3125, 0.28125, 0.359375, 0.234375, 0.2265625, 0.3203125, 0.265625, 0.25, 0.296875, 0.203125, 0.265625, 0.2265625, 0.328125, 0.28125, 0.203125, 0.234375, 0.421875, 0.1484375, 0.2265625, 0.4140625]","[9, 90]",0.21509724933674088,0.24094257322827806
373,9387.8125,"[0.375, 0.5, 0.5, 0.359375, 0.4375, 0.421875, 0.3046875, 0.46875, 0.4375, 0.46875, 0.171875, 0.46875, 0.390625, 0.296875, 0.375, 0.34375, 0.40625, 0.328125, 0.234375, 0.421875, 0.3828125]","[0.28125, 0.3125, 0.28125, 0.359375, 0.234375, 0.2265625, 0.3203125, 0.265625, 0.25, 0.296875, 0.203125, 0.265625, 0.2265625, 0.328125, 0.28125, 0.203125, 0.234375, 0.421875, 0.1484375, 0.2265625, 0.4140625]","[9, 90]",0.21509724933674088,0.24094257322827806
374,9447.65625,"[0.375, 0.5, 0.5, 0.359375, 0.4375, 0.4375, 0.3046875, 0.46875, 0.4375, 0.46875, 0.171875, 0.46875, 0.390625, 0.296875, 0.34375, 0.34375, 0.40625, 0.328125, 0.234375, 0.421875, 0.3203125]","[0.28125, 0.3125, 0.28125, 0.359375, 0.234375, 0.234375, 0.3203125, 0.265625, 0.25, 0.296875, 0.203125, 0.265625, 0.2265625, 0.328125, 0.265625, 0.203125, 0.234375, 0.421875, 0.1484375, 0.2265625, 0.3515625]","[36, 49]",0.2223632465214393,0.22421670313048295
375,9169.375,"[0.375, 0.5, 0.4375, 0.359375, 0.4375, 0.4375, 0.3046875, 0.46875, 0.4375, 0.46875, 0.171875, 0.46875, 0.390625, 0.296875, 0.34375, 0.34375, 0.40625, 0.328125, 0.265625, 0.421875, 0.3203125]","[0.28125, 0.3125, 0.25, 0.359375, 0.234375, 0.234375, 0.3203125, 0.265625, 0.25, 0.296875, 0.203125, 0.265625, 0.2265625, 0.328125, 0.265625, 0.203125, 0.234375, 0.421875, 0.1640625, 0.2265625, 0.3515625]","[49, 90]",0.20861919552730618,0.22012935117604948
376,9427.65625,"[0.375, 0.5, 0.4375, 0.359375, 0.4375, 0.4375, 0.3046875, 0.46875, 0.4375, 0.46875, 0.171875, 0.46875, 0.390625, 0.296875, 0.34375, 0.34375, 0.40625, 0.296875, 0.265625, 0.546875, 0.3203125]","[0.28125, 0.3125, 0.25, 0.359375, 0.234375, 0.234375, 0.3203125, 0.265625, 0.25, 0.296875, 0.203125, 0.265625, 0.2265625, 0.328125, 0.265625, 0.203125, 0.234375, 0.359375, 0.1640625, 0.2890625, 0.3515625]",[42],0.22830949991128058,0.19418752668517297
377,9249.0625,"[0.375, 0.5, 0.4375, 0.359375, 0.4375, 0.40625, 0.3046875, 0.46875, 0.4375, 0.46875, 0.1875, 0.46875, 0.390625, 0.296875, 0.34375, 0.34375, 0.40625, 0.296875, 0.265625, 0.546875, 0.3203125]","[0.28125, 0.3125, 0.25, 0.359375, 0.234375, 0.21875, 0.3203125, 0.265625, 0.25, 0.296875, 0.21875, 0.265625, 0.2265625, 0.328125, 0.265625, 0.203125, 0.234375, 0.359375, 0.1640625, 0.2890625, 0.3515625]","[23, 49]",0.22249294323433083,0.19337185390075273
378,9288.75,"[0.375, 0.5, 0.4375, 0.359375, 0.46875, 0.40625, 0.3046875, 0.46875, 0.4375, 0.46875, 0.1875, 0.46875, 0.390625, 0.296875, 0.34375, 0.34375, 0.40625, 0.296875, 0.265625, 0.421875, 0.3203125]","[0.28125, 0.3125, 0.25, 0.359375, 0.265625, 0.21875, 0.3203125, 0.265625, 0.25, 0.296875, 0.21875, 0.265625, 0.2265625, 0.328125, 0.265625, 0.203125, 0.234375, 0.359375, 0.1640625, 0.2265625, 0.3515625]","[49, 90]",0.2089546674676513,0.19494686614129383
379,9288.4375,"[0.4375, 0.5, 0.4375, 0.359375, 0.46875, 0.375, 0.3046875, 0.46875, 0.4375, 0.40625, 0.1875, 0.46875, 0.390625, 0.296875, 0.34375, 0.34375, 0.40625, 0.296875, 0.390625, 0.421875, 0.2890625]","[0.3125, 0.3125, 0.25, 0.359375, 0.265625, 0.203125, 0.3203125, 0.265625, 0.25, 0.234375, 0.21875, 0.265625, 0.2265625, 0.328125, 0.265625, 0.203125, 0.234375, 0.359375, 0.2265625, 0.2265625, 0.3203125]",[11],0.19689734828530048,0.1789531838410608
380,9169.375,"[0.4375, 0.5, 0.4375, 0.359375, 0.46875, 0.375, 0.3046875, 0.46875, 0.4375, 0.40625, 0.21875, 0.46875, 0.390625, 0.296875, 0.34375, 0.34375, 0.40625, 0.296875, 0.375, 0.421875, 0.2890625]","[0.3125, 0.3125, 0.25, 0.359375, 0.265625, 0.203125, 0.3203125, 0.265625, 0.25, 0.234375, 0.25, 0.265625, 0.2265625, 0.328125, 0.265625, 0.203125, 0.234375, 0.359375, 0.21875, 0.2265625, 0.3203125]",[58],0.18701861887073457,0.17551041802971326
381,9228.90625,"[0.4375, 0.5, 0.4375, 0.359375, 0.46875, 0.4375, 0.3046875, 0.46875, 0.4375, 0.40625, 0.21875, 0.46875, 0.359375, 0.296875, 0.34375, 0.34375, 0.40625, 0.296875, 0.375, 0.421875, 0.2890625]","[0.3125, 0.3125, 0.25, 0.359375, 0.265625, 0.234375, 0.3203125, 0.265625, 0.25, 0.234375, 0.25, 0.265625, 0.1953125, 0.328125, 0.265625, 0.203125, 0.234375, 0.359375, 0.21875, 0.2265625, 0.3203125]","[86, 103, 105]",0.18916491633122567,0.1764161173177451
382,9288.28125,"[0.4375, 0.5, 0.4375, 0.359375, 0.40625, 0.4375, 0.3046875, 0.46875, 0.4375, 0.40625, 0.203125, 0.46875, 0.390625, 0.296875, 0.34375, 0.34375, 0.40625, 0.296875, 0.40625, 0.421875, 0.2890625]","[0.3125, 0.3125, 0.25, 0.359375, 0.234375, 0.234375, 0.3203125, 0.265625, 0.25, 0.234375, 0.234375, 0.265625, 0.2109375, 0.328125, 0.265625, 0.203125, 0.234375, 0.359375, 0.234375, 0.2265625, 0.3203125]","[42, 43, 105]",0.1883188507396368,0.17440545986369718
383,9268.59375,"[0.4375, 0.5, 0.4375, 0.359375, 0.40625, 0.4375, 0.3046875, 0.46875, 0.4375, 0.40625, 0.203125, 0.46875, 0.421875, 0.296875, 0.34375, 0.34375, 0.40625, 0.296875, 0.40625, 0.421875, 0.2890625]","[0.3125, 0.3125, 0.25, 0.359375, 0.234375, 0.234375, 0.3203125, 0.265625, 0.25, 0.234375, 0.234375, 0.265625, 0.2265625, 0.328125, 0.265625, 0.203125, 0.234375, 0.359375, 0.234375, 0.2265625, 0.3203125]",[43],0.18874050490169236,0.17090994346276697
384,9248.75,"[0.4375, 0.5, 0.4375, 0.359375, 0.40625, 0.4375, 0.3046875, 0.46875, 0.4375, 0.40625, 0.203125, 0.46875, 0.421875, 0.296875, 0.34375, 0.34375, 0.40625, 0.296875, 0.40625, 0.421875, 0.2890625]","[0.3125, 0.3125, 0.25, 0.359375, 0.234375, 0.234375, 0.3203125, 0.265625, 0.25, 0.234375, 0.234375, 0.265625, 0.2265625, 0.328125, 0.265625, 0.203125, 0.234375, 0.359375, 0.234375, 0.2265625, 0.3203125]","[43, 105]",0.18874050490169236,0.17090994346276697
385,9446.5625,"[0.4375, 0.5, 0.4375, 0.359375, 0.40625, 0.4375, 0.3046875, 0.46875, 0.4375, 0.40625, 0.203125, 0.46875, 0.421875, 0.296875, 0.34375, 0.34375, 0.40625, 0.296875, 0.40625, 0.421875, 0.2890625]","[0.3125, 0.3125, 0.25, 0.359375, 0.234375, 0.234375, 0.3203125, 0.265625, 0.25, 0.234375, 0.234375, 0.265625, 0.2265625, 0.328125, 0.265625, 0.203125, 0.234375, 0.359375, 0.234375, 0.2265625, 0.3203125]",[43],0.18874050490169236,0.17090994346276697
386,9288.4375,"[0.4375, 0.5, 0.4375, 0.359375, 0.40625, 0.4375, 0.3046875, 0.46875, 0.4375, 0.40625, 0.265625, 0.34375, 0.421875, 0.296875, 0.34375, 0.34375, 0.40625, 0.296875, 0.40625, 0.421875, 0.2890625]","[0.3125, 0.3125, 0.25, 0.359375, 0.234375, 0.234375, 0.3203125, 0.265625, 0.25, 0.234375, 0.296875, 0.203125, 0.2265625, 0.328125, 0.265625, 0.203125, 0.234375, 0.359375, 0.234375, 0.2265625, 0.3203125]","[105, 108]",0.16815574754699156,0.17821370787477545
387,9188.90625,"[0.4375, 0.5, 0.4375, 0.359375, 0.40625, 0.4375, 0.3046875, 0.46875, 0.4375, 0.40625, 0.265625, 0.34375, 0.421875, 0.296875, 0.34375, 0.34375, 0.40625, 0.3125, 0.40625, 0.421875, 0.2265625]","[0.3125, 0.3125, 0.25, 0.359375, 0.234375, 0.234375, 0.3203125, 0.265625, 0.25, 0.234375, 0.296875, 0.203125, 0.2265625, 0.328125, 0.265625, 0.203125, 0.234375, 0.375, 0.234375, 0.2265625, 0.2578125]","[105, 107]",0.18140066310154548,0.1807264148845903
388,9089.375,"[0.4375, 0.5, 0.4375, 0.359375, 0.40625, 0.4375, 0.3046875, 0.46875, 0.4375, 0.40625, 0.265625, 0.40625, 0.421875, 0.296875, 0.34375, 0.34375, 0.40625, 0.3125, 0.40625, 0.421875, 0.2265625]","[0.3125, 0.3125, 0.25, 0.359375, 0.234375, 0.234375, 0.3203125, 0.265625, 0.25, 0.234375, 0.296875, 0.234375, 0.2265625, 0.328125, 0.265625, 0.203125, 0.234375, 0.375, 0.234375, 0.2265625, 0.2578125]",[107],0.1792360281168287,0.17394543084454325
389,9228.28125,"[0.4375, 0.5, 0.4375, 0.234375, 0.53125, 0.4375, 0.3046875, 0.46875, 0.4375, 0.40625, 0.265625, 0.40625, 0.421875, 0.296875, 0.34375, 0.34375, 0.40625, 0.3125, 0.40625, 0.421875, 0.2265625]","[0.3125, 0.3125, 0.25, 0.234375, 0.296875, 0.234375, 0.3203125, 0.265625, 0.25, 0.234375, 0.296875, 0.234375, 0.2265625, 0.328125, 0.265625, 0.203125, 0.234375, 0.375, 0.234375, 0.2265625, 0.2578125]",[47],0.21461801344651857,0.1608754256981221
390,9108.90625,"[0.375, 0.5, 0.375, 0.234375, 0.53125, 0.4375, 0.3046875, 0.46875, 0.4375, 0.40625, 0.265625, 0.40625, 0.421875, 0.28125, 0.34375, 0.40625, 0.40625, 0.3125, 0.40625, 0.421875, 0.2265625]","[0.28125, 0.3125, 0.1875, 0.234375, 0.296875, 0.234375, 0.3203125, 0.265625, 0.25, 0.234375, 0.296875, 0.234375, 0.2265625, 0.296875, 0.265625, 0.234375, 0.234375, 0.375, 0.234375, 0.2265625, 0.2578125]",[90],0.21354102490971733,0.1588116461292464
391,9149.0625,"[0.375, 0.5, 0.375, 0.234375, 0.53125, 0.5625, 0.3046875, 0.46875, 0.4375, 0.40625, 0.265625, 0.40625, 0.421875, 0.28125, 0.34375, 0.40625, 0.40625, 0.3125, 0.40625, 0.421875, 0.2265625]","[0.28125, 0.3125, 0.1875, 0.234375, 0.296875, 0.296875, 0.3203125, 0.265625, 0.25, 0.234375, 0.296875, 0.234375, 0.2265625, 0.296875, 0.265625, 0.234375, 0.234375, 0.375, 0.234375, 0.2265625, 0.2578125]",[112],0.23156770996682582,0.15762907692806968
392,9188.75,"[0.375, 0.4375, 0.375, 0.265625, 0.53125, 0.5625, 0.3046875, 0.21875, 0.4375, 0.40625, 0.265625, 0.375, 0.421875, 0.28125, 0.34375, 0.40625, 0.40625, 0.3125, 0.40625, 0.421875, 0.2265625]","[0.28125, 0.25, 0.1875, 0.265625, 0.296875, 0.296875, 0.3203125, 0.140625, 0.25, 0.234375, 0.296875, 0.203125, 0.2265625, 0.296875, 0.265625, 0.234375, 0.234375, 0.375, 0.234375, 0.2265625, 0.2578125]","[7, 16]",0.23868145971623095,0.19117654706345794
393,9011.25,"[0.375, 0.46875, 0.375, 0.265625, 0.53125, 0.5625, 0.3046875, 0.28125, 0.4375, 0.40625, 0.265625, 0.375, 0.421875, 0.28125, 0.34375, 0.40625, 0.40625, 0.3125, 0.40625, 0.421875, 0.2265625]","[0.28125, 0.265625, 0.1875, 0.265625, 0.296875, 0.296875, 0.3203125, 0.171875, 0.25, 0.234375, 0.296875, 0.203125, 0.2265625, 0.296875, 0.265625, 0.234375, 0.234375, 0.375, 0.234375, 0.2265625, 0.2578125]",[38],0.22830827692435796,0.17729784916740082
394,9030.9375,"[0.375, 0.46875, 0.375, 0.265625, 0.53125, 0.5625, 0.3046875, 0.28125, 0.4375, 0.40625, 0.265625, 0.375, 0.421875, 0.28125, 0.3125, 0.40625, 0.40625, 0.3125, 0.40625, 0.421875, 0.2265625]","[0.28125, 0.265625, 0.1875, 0.265625, 0.296875, 0.296875, 0.3203125, 0.171875, 0.25, 0.234375, 0.296875, 0.203125, 0.2265625, 0.296875, 0.21875, 0.234375, 0.234375, 0.375, 0.234375, 0.2265625, 0.2578125]",[50],0.23135458510370432,0.1816569744182325
395,9030.9375,"[0.375, 0.46875, 0.375, 0.265625, 0.53125, 0.5625, 0.3046875, 0.34375, 0.4375, 0.40625, 0.265625, 0.375, 0.421875, 0.28125, 0.3125, 0.40625, 0.40625, 0.3125, 0.40625, 0.421875, 0.2265625]","[0.28125, 0.265625, 0.1875, 0.265625, 0.296875, 0.296875, 0.3203125, 0.203125, 0.25, 0.234375, 0.296875, 0.203125, 0.2265625, 0.296875, 0.21875, 0.234375, 0.234375, 0.375, 0.234375, 0.2265625, 0.2578125]",[114],0.2237351420791651,0.1717891456845501
396,9050.625,"[0.375, 0.46875, 0.375, 0.265625, 0.53125, 0.5625, 0.3046875, 0.34375, 0.4375, 0.40625, 0.265625, 0.375, 0.421875, 0.28125, 0.3125, 0.40625, 0.40625, 0.3125, 0.40625, 0.421875, 0.2265625]","[0.28125, 0.265625, 0.1875, 0.265625, 0.296875, 0.296875, 0.3203125, 0.203125, 0.25, 0.234375, 0.296875, 0.203125, 0.2265625, 0.296875, 0.21875, 0.234375, 0.234375, 0.375, 0.234375, 0.2265625, 0.2578125]","[114, 117]",0.2237351420791651,0.1717891456845501
397,9070.546875,"[0.375, 0.46875, 0.375, 0.265625, 0.53125, 0.5625, 0.3046875, 0.375, 0.4375, 0.40625, 0.265625, 0.375, 0.421875, 0.28125, 0.3125, 0.40625, 0.40625, 0.3125, 0.40625, 0.421875, 0.2265625]","[0.28125, 0.265625, 0.1875, 0.265625, 0.296875, 0.296875, 0.3203125, 0.21875, 0.25, 0.234375, 0.296875, 0.203125, 0.2265625, 0.296875, 0.21875, 0.234375, 0.234375, 0.375, 0.234375, 0.2265625, 0.2578125]",[114],0.22201809855070864,0.16821185184452436
398,9090.0,"[0.375, 0.46875, 0.375, 0.265625, 0.53125, 0.5625, 0.3046875, 0.375, 0.4375, 0.40625, 0.265625, 0.375, 0.421875, 0.28125, 0.375, 0.40625, 0.40625, 0.3125, 0.40625, 0.421875, 0.2265625]","[0.28125, 0.265625, 0.1875, 0.265625, 0.296875, 0.296875, 0.3203125, 0.21875, 0.25, 0.234375, 0.296875, 0.203125, 0.2265625, 0.296875, 0.25, 0.234375, 0.234375, 0.375, 0.234375, 0.2265625, 0.2578125]",[128],0.2169331989746678,0.16397597625013743
399,9109.6875,"[0.375, 0.46875, 0.28125, 0.265625, 0.53125, 0.5625, 0.3046875, 0.375, 0.4375, 0.40625, 0.265625, 0.375, 0.421875, 0.28125, 0.34375, 0.40625, 0.40625, 0.25, 0.40625, 0.421875, 0.2265625]","[0.28125, 0.265625, 0.140625, 0.265625, 0.296875, 0.296875, 0.3203125, 0.21875, 0.25, 0.234375, 0.296875, 0.203125, 0.2265625, 0.296875, 0.234375, 0.234375, 0.234375, 0.3125, 0.234375, 0.2265625, 0.2578125]",[20],0.238600083822282,0.1639346024559963
400,8971.5625,"[0.375, 0.46875, 0.28125, 0.296875, 0.53125, 0.5625, 0.3046875, 0.375, 0.4375, 0.40625, 0.265625, 0.375, 0.421875, 0.28125, 0.34375, 0.40625, 0.40625, 0.25, 0.40625, 0.421875, 0.2265625]","[0.28125, 0.265625, 0.140625, 0.296875, 0.296875, 0.296875, 0.3203125, 0.21875, 0.25, 0.234375, 0.296875, 0.203125, 0.2265625, 0.296875, 0.234375, 0.234375, 0.234375, 0.3125, 0.234375, 0.2265625, 0.2578125]","[27, 84, 129]",0.2335057347812752,0.16669145608073246
401,9247.5,"[0.375, 0.46875, 0.53125, 0.296875, 0.53125, 0.5625, 0.3046875, 0.375, 0.4375, 0.40625, 0.265625, 0.375, 0.421875, 0.28125, 0.34375, 0.40625, 0.40625, 0.25, 0.40625, 0.421875, 0.2265625]","[0.28125, 0.265625, 0.265625, 0.296875, 0.296875, 0.296875, 0.3203125, 0.21875, 0.25, 0.234375, 0.296875, 0.203125, 0.2265625, 0.296875, 0.234375, 0.234375, 0.234375, 0.3125, 0.234375, 0.2265625, 0.2578125]",[27],0.2355884770143279,0.1300905989382436
402,9168.75,"[0.375, 0.46875, 0.53125, 0.296875, 0.53125, 0.5625, 0.3046875, 0.375, 0.4375, 0.40625, 0.265625, 0.375, 0.421875, 0.28125, 0.34375, 0.40625, 0.40625, 0.25, 0.40625, 0.421875, 0.2265625]","[0.28125, 0.265625, 0.265625, 0.296875, 0.296875, 0.296875, 0.3203125, 0.21875, 0.25, 0.234375, 0.296875, 0.203125, 0.2265625, 0.296875, 0.234375, 0.234375, 0.234375, 0.3125, 0.234375, 0.2265625, 0.2578125]",[27],0.2355884770143279,0.1300905989382436
403,9148.75,"[0.375, 0.46875, 0.53125, 0.296875, 0.53125, 0.5625, 0.3046875, 0.34375, 0.4375, 0.40625, 0.265625, 0.375, 0.421875, 0.28125, 0.34375, 0.40625, 0.40625, 0.25, 0.40625, 0.421875, 0.2265625]","[0.28125, 0.265625, 0.265625, 0.296875, 0.296875, 0.296875, 0.3203125, 0.203125, 0.25, 0.234375, 0.296875, 0.203125, 0.2265625, 0.296875, 0.234375, 0.234375, 0.234375, 0.3125, 0.234375, 0.2265625, 0.2578125]","[56, 80]",0.2375790362166081,0.1345893224378729
404,9208.046875,"[0.375, 0.46875, 0.53125, 0.296875, 0.53125, 0.5625, 0.3046875, 0.46875, 0.4375, 0.40625, 0.265625, 0.375, 0.421875, 0.28125, 0.34375, 0.40625, 0.40625, 0.125, 0.40625, 0.421875, 0.2265625]","[0.28125, 0.265625, 0.265625, 0.296875, 0.296875, 0.296875, 0.3203125, 0.265625, 0.25, 0.234375, 0.296875, 0.203125, 0.2265625, 0.296875, 0.234375, 0.234375, 0.234375, 0.1875, 0.234375, 0.2265625, 0.2578125]","[14, 56]",0.2722333667079804,0.13391829870755026
405,9188.125,"[0.375, 0.4375, 0.53125, 0.296875, 0.53125, 0.5625, 0.3046875, 0.46875, 0.4375, 0.40625, 0.265625, 0.4375, 0.421875, 0.28125, 0.34375, 0.40625, 0.40625, 0.1875, 0.25, 0.421875, 0.2265625]","[0.28125, 0.25, 0.265625, 0.296875, 0.296875, 0.296875, 0.3203125, 0.265625, 0.25, 0.234375, 0.296875, 0.234375, 0.2265625, 0.296875, 0.234375, 0.234375, 0.234375, 0.25, 0.15625, 0.2265625, 0.2578125]","[49, 63]",0.26663196655843857,0.14031486813801572
406,9148.59375,"[0.375, 0.4375, 0.53125, 0.296875, 0.53125, 0.5625, 0.3046875, 0.46875, 0.4375, 0.40625, 0.265625, 0.453125, 0.421875, 0.28125, 0.34375, 0.40625, 0.40625, 0.1875, 0.25, 0.421875, 0.2265625]","[0.28125, 0.25, 0.265625, 0.296875, 0.296875, 0.296875, 0.3203125, 0.265625, 0.25, 0.234375, 0.296875, 0.2421875, 0.2265625, 0.296875, 0.234375, 0.234375, 0.234375, 0.25, 0.15625, 0.2265625, 0.2578125]",[49],0.2673373973020149,0.139337462679057
407,9069.21875,"[0.375, 0.375, 0.53125, 0.296875, 0.53125, 0.5625, 0.3046875, 0.46875, 0.4375, 0.40625, 0.265625, 0.453125, 0.421875, 0.28125, 0.34375, 0.40625, 0.40625, 0.1875, 0.3125, 0.421875, 0.2265625]","[0.28125, 0.21875, 0.265625, 0.296875, 0.296875, 0.296875, 0.3203125, 0.265625, 0.25, 0.234375, 0.296875, 0.2421875, 0.2265625, 0.296875, 0.234375, 0.234375, 0.234375, 0.25, 0.1875, 0.2265625, 0.2578125]",[79],0.2576088110118919,0.12890453930232207
408,9069.53125,"[0.375, 0.375, 0.53125, 0.296875, 0.53125, 0.5625, 0.3046875, 0.46875, 0.4375, 0.40625, 0.265625, 0.453125, 0.421875, 0.28125, 0.34375, 0.40625, 0.40625, 0.1875, 0.34375, 0.421875, 0.2265625]","[0.28125, 0.21875, 0.265625, 0.296875, 0.296875, 0.296875, 0.3203125, 0.265625, 0.25, 0.234375, 0.296875, 0.2421875, 0.2265625, 0.296875, 0.234375, 0.234375, 0.234375, 0.25, 0.21875, 0.2265625, 0.2578125]","[96, 129]",0.2544541471432477,0.11820562366740882
409,9248.59375,"[0.375, 0.375, 0.53125, 0.296875, 0.53125, 0.5625, 0.3046875, 0.46875, 0.375, 0.40625, 0.265625, 0.453125, 0.421875, 0.28125, 0.375, 0.40625, 0.40625, 0.1875, 0.34375, 0.421875, 0.2890625]","[0.28125, 0.21875, 0.265625, 0.296875, 0.296875, 0.296875, 0.3203125, 0.265625, 0.21875, 0.234375, 0.296875, 0.2421875, 0.2265625, 0.296875, 0.25, 0.234375, 0.234375, 0.25, 0.21875, 0.2265625, 0.3203125]",[85],0.2403789221133256,0.1302477740228688
410,9228.90625,"[0.375, 0.40625, 0.53125, 0.296875, 0.53125, 0.5625, 0.3046875, 0.46875, 0.375, 0.40625, 0.265625, 0.453125, 0.421875, 0.28125, 0.375, 0.40625, 0.40625, 0.1875, 0.34375, 0.421875, 0.2890625]","[0.28125, 0.234375, 0.265625, 0.296875, 0.296875, 0.296875, 0.3203125, 0.265625, 0.21875, 0.234375, 0.296875, 0.2421875, 0.2265625, 0.296875, 0.25, 0.234375, 0.234375, 0.25, 0.21875, 0.2265625, 0.3203125]",[135],0.2396695651098196,0.12690081841897896
411,9268.28125,"[0.375, 0.40625, 0.53125, 0.296875, 0.53125, 0.5625, 0.3046875, 0.46875, 0.375, 0.40625, 0.265625, 0.453125, 0.421875, 0.28125, 0.375, 0.40625, 0.40625, 0.1875, 0.34375, 0.421875, 0.2890625]","[0.28125, 0.234375, 0.265625, 0.296875, 0.296875, 0.296875, 0.3203125, 0.265625, 0.21875, 0.234375, 0.296875, 0.2421875, 0.2265625, 0.296875, 0.25, 0.234375, 0.234375, 0.25, 0.21875, 0.2265625, 0.3203125]","[135, 136, 138]",0.2396695651098196,0.12690081841897896
412,9367.34375,"[0.375, 0.40625, 0.53125, 0.296875, 0.53125, 0.5625, 0.3046875, 0.46875, 0.46875, 0.40625, 0.265625, 0.453125, 0.421875, 0.28125, 0.375, 0.40625, 0.40625, 0.1875, 0.34375, 0.421875, 0.2890625]","[0.28125, 0.234375, 0.265625, 0.296875, 0.296875, 0.296875, 0.3203125, 0.265625, 0.296875, 0.234375, 0.296875, 0.2421875, 0.2265625, 0.296875, 0.25, 0.234375, 0.234375, 0.25, 0.21875, 0.2265625, 0.3203125]","[136, 141]",0.2410295378065479,0.12243954477336665
413,9605.46875,"[0.375, 0.40625, 0.53125, 0.296875, 0.53125, 0.5, 0.3046875, 0.46875, 0.46875, 0.40625, 0.265625, 0.453125, 0.421875, 0.28125, 0.375, 0.40625, 0.40625, 0.3125, 0.46875, 0.421875, 0.2890625]","[0.28125, 0.234375, 0.265625, 0.296875, 0.296875, 0.265625, 0.3203125, 0.265625, 0.296875, 0.234375, 0.296875, 0.2421875, 0.2265625, 0.296875, 0.25, 0.234375, 0.234375, 0.375, 0.28125, 0.2265625, 0.3203125]","[147, 148]",0.20115611047361823,0.13773116446088451
414,9605.3125,"[0.375, 0.4375, 0.53125, 0.296875, 0.53125, 0.5, 0.3046875, 0.46875, 0.46875, 0.40625, 0.265625, 0.453125, 0.421875, 0.296875, 0.375, 0.40625, 0.40625, 0.3125, 0.46875, 0.421875, 0.2890625]","[0.28125, 0.25, 0.265625, 0.296875, 0.296875, 0.265625, 0.3203125, 0.265625, 0.296875, 0.234375, 0.296875, 0.2421875, 0.2265625, 0.3125, 0.25, 0.234375, 0.234375, 0.375, 0.28125, 0.2265625, 0.3203125]","[85, 150]",0.19843782909632152,0.13687868596916689
415,9704.6875,"[0.375, 0.4375, 0.53125, 0.296875, 0.53125, 0.5, 0.3046875, 0.46875, 0.46875, 0.40625, 0.265625, 0.453125, 0.421875, 0.296875, 0.375, 0.34375, 0.40625, 0.3125, 0.46875, 0.421875, 0.2890625]","[0.28125, 0.25, 0.265625, 0.296875, 0.296875, 0.265625, 0.3203125, 0.265625, 0.296875, 0.234375, 0.296875, 0.2421875, 0.2265625, 0.3125, 0.25, 0.171875, 0.234375, 0.375, 0.28125, 0.2265625, 0.3203125]","[70, 85]",0.2022727087846779,0.15750301466073052
416,9605.3125,"[0.375, 0.4375, 0.53125, 0.296875, 0.53125, 0.5, 0.3046875, 0.46875, 0.40625, 0.40625, 0.265625, 0.453125, 0.421875, 0.296875, 0.375, 0.4375, 0.40625, 0.3125, 0.46875, 0.421875, 0.2890625]","[0.28125, 0.25, 0.265625, 0.296875, 0.296875, 0.265625, 0.3203125, 0.265625, 0.234375, 0.234375, 0.296875, 0.2421875, 0.2265625, 0.3125, 0.25, 0.21875, 0.234375, 0.375, 0.28125, 0.2265625, 0.3203125]","[69, 150]",0.19673208768275274,0.14420918080605127
417,9803.4375,"[0.375, 0.4375, 0.53125, 0.296875, 0.53125, 0.5, 0.3046875, 0.46875, 0.40625, 0.40625, 0.265625, 0.453125, 0.546875, 0.296875, 0.3125, 0.4375, 0.40625, 0.28125, 0.46875, 0.421875, 0.2890625]","[0.28125, 0.25, 0.265625, 0.296875, 0.296875, 0.265625, 0.3203125, 0.265625, 0.234375, 0.234375, 0.296875, 0.2421875, 0.2890625, 0.3125, 0.1875, 0.21875, 0.234375, 0.3125, 0.28125, 0.2265625, 0.3203125]","[33, 59]",0.22044427643362774,0.13552547573155183
418,9724.6875,"[0.375, 0.4375, 0.53125, 0.296875, 0.53125, 0.5, 0.3046875, 0.46875, 0.40625, 0.40625, 0.265625, 0.453125, 0.484375, 0.296875, 0.375, 0.4375, 0.40625, 0.3125, 0.46875, 0.421875, 0.2890625]","[0.28125, 0.25, 0.265625, 0.296875, 0.296875, 0.265625, 0.3203125, 0.265625, 0.234375, 0.234375, 0.296875, 0.2421875, 0.2578125, 0.3125, 0.25, 0.21875, 0.234375, 0.375, 0.28125, 0.2265625, 0.3203125]","[69, 132]",0.2000335275066187,0.13920765095578824
419,9704.6875,"[0.40625, 0.4375, 0.53125, 0.296875, 0.53125, 0.5, 0.3046875, 0.46875, 0.28125, 0.40625, 0.265625, 0.453125, 0.484375, 0.296875, 0.375, 0.4375, 0.40625, 0.3125, 0.46875, 0.421875, 0.2890625]","[0.296875, 0.25, 0.265625, 0.296875, 0.296875, 0.265625, 0.3203125, 0.265625, 0.171875, 0.234375, 0.296875, 0.2421875, 0.2578125, 0.3125, 0.25, 0.21875, 0.234375, 0.375, 0.28125, 0.2265625, 0.3203125]","[3, 132]",0.2121499186727901,0.1600807320602603
420,9665.3125,"[0.40625, 0.4375, 0.53125, 0.296875, 0.53125, 0.5, 0.3046875, 0.46875, 0.34375, 0.40625, 0.265625, 0.453125, 0.484375, 0.296875, 0.375, 0.4375, 0.40625, 0.3125, 0.46875, 0.421875, 0.2890625]","[0.296875, 0.25, 0.265625, 0.296875, 0.296875, 0.265625, 0.3203125, 0.265625, 0.234375, 0.234375, 0.296875, 0.2421875, 0.2578125, 0.3125, 0.25, 0.21875, 0.234375, 0.375, 0.28125, 0.2265625, 0.3203125]",[3],0.20274606550606425,0.13997084244475302
421,9645.3125,"[0.40625, 0.4375, 0.53125, 0.296875, 0.53125, 0.5, 0.3046875, 0.46875, 0.3125, 0.4375, 0.265625, 0.453125, 0.484375, 0.2890625, 0.375, 0.4375, 0.40625, 0.3125, 0.46875, 0.421875, 0.2890625]","[0.296875, 0.25, 0.265625, 0.296875, 0.296875, 0.265625, 0.3203125, 0.265625, 0.21875, 0.25, 0.296875, 0.2421875, 0.2578125, 0.3046875, 0.25, 0.21875, 0.234375, 0.375, 0.28125, 0.2265625, 0.3203125]",[138],0.2083636477318019,0.14001579210545964
422,9625.546875,"[0.40625, 0.4375, 0.53125, 0.296875, 0.53125, 0.5, 0.3046875, 0.46875, 0.3125, 0.4375, 0.265625, 0.453125, 0.484375, 0.2890625, 0.375, 0.4375, 0.40625, 0.3125, 0.46875, 0.421875, 0.2890625]","[0.296875, 0.25, 0.265625, 0.296875, 0.296875, 0.265625, 0.3203125, 0.265625, 0.21875, 0.25, 0.296875, 0.2421875, 0.2578125, 0.3046875, 0.25, 0.21875, 0.234375, 0.375, 0.28125, 0.2265625, 0.3203125]","[138, 149]",0.2083636477318019,0.14001579210545964
423,9684.765625,"[0.40625, 0.4375, 0.53125, 0.296875, 0.53125, 0.5, 0.3046875, 0.46875, 0.3125, 0.4375, 0.265625, 0.453125, 0.453125, 0.2890625, 0.375, 0.4375, 0.40625, 0.28125, 0.46875, 0.421875, 0.2890625]","[0.296875, 0.25, 0.265625, 0.296875, 0.296875, 0.265625, 0.3203125, 0.265625, 0.21875, 0.25, 0.296875, 0.2421875, 0.2421875, 0.3046875, 0.25, 0.21875, 0.234375, 0.3125, 0.28125, 0.2265625, 0.3203125]","[42, 44]",0.21144285116824227,0.12096482898238299
424,9605.078125,"[0.40625, 0.4375, 0.53125, 0.296875, 0.53125, 0.5, 0.3046875, 0.46875, 0.375, 0.4375, 0.265625, 0.453125, 0.453125, 0.2890625, 0.375, 0.4375, 0.40625, 0.28125, 0.46875, 0.421875, 0.2890625]","[0.296875, 0.25, 0.265625, 0.296875, 0.296875, 0.265625, 0.3203125, 0.265625, 0.28125, 0.25, 0.296875, 0.2421875, 0.2421875, 0.3046875, 0.25, 0.21875, 0.234375, 0.3125, 0.28125, 0.2265625, 0.3203125]","[44, 138, 149, 152]",0.20487169031502703,0.11243758657678825
425,9863.4375,"[0.40625, 0.4375, 0.53125, 0.296875, 0.53125, 0.5, 0.3125, 0.46875, 0.375, 0.4375, 0.265625, 0.453125, 0.453125, 0.2890625, 0.375, 0.4375, 0.5, 0.28125, 0.46875, 0.453125, 0.2890625]","[0.296875, 0.25, 0.265625, 0.296875, 0.296875, 0.265625, 0.328125, 0.265625, 0.28125, 0.25, 0.296875, 0.2421875, 0.2421875, 0.3046875, 0.25, 0.21875, 0.28125, 0.3125, 0.28125, 0.2578125, 0.3203125]","[29, 152, 153]",0.2084409741991209,0.10264159335094275
426,9862.65625,"[0.40625, 0.4375, 0.53125, 0.296875, 0.53125, 0.5, 0.3125, 0.46875, 0.375, 0.4375, 0.265625, 0.453125, 0.453125, 0.2890625, 0.3125, 0.4375, 0.5, 0.28125, 0.46875, 0.453125, 0.2890625]","[0.296875, 0.25, 0.265625, 0.296875, 0.296875, 0.265625, 0.328125, 0.265625, 0.28125, 0.25, 0.296875, 0.2421875, 0.2421875, 0.3046875, 0.1875, 0.21875, 0.28125, 0.3125, 0.28125, 0.2578125, 0.3203125]","[29, 65]",0.21531299514434257,0.12344267996967351
427,9743.4375,"[0.40625, 0.4375, 0.53125, 0.296875, 0.53125, 0.5, 0.3125, 0.46875, 0.375, 0.4375, 0.265625, 0.453125, 0.453125, 0.2890625, 0.4375, 0.4375, 0.5, 0.28125, 0.46875, 0.453125, 0.2890625]","[0.296875, 0.25, 0.265625, 0.296875, 0.296875, 0.265625, 0.328125, 0.265625, 0.28125, 0.25, 0.296875, 0.2421875, 0.2421875, 0.3046875, 0.25, 0.21875, 0.28125, 0.3125, 0.28125, 0.2578125, 0.3203125]",[65],0.20667662003187706,0.10264159335094275
428,9763.125,"[0.40625, 0.4375, 0.46875, 0.296875, 0.53125, 0.5, 0.3125, 0.46875, 0.375, 0.4375, 0.265625, 0.453125, 0.453125, 0.28125, 0.4375, 0.5, 0.5, 0.28125, 0.46875, 0.453125, 0.2890625]","[0.296875, 0.25, 0.234375, 0.296875, 0.296875, 0.265625, 0.328125, 0.265625, 0.28125, 0.25, 0.296875, 0.2421875, 0.2421875, 0.296875, 0.25, 0.25, 0.28125, 0.3125, 0.28125, 0.2578125, 0.3203125]","[31, 123]",0.2055285920624443,0.09855798004734354
429,9901.953125,"[0.40625, 0.4375, 0.46875, 0.296875, 0.53125, 0.5, 0.3125, 0.46875, 0.375, 0.3125, 0.265625, 0.578125, 0.421875, 0.28125, 0.4375, 0.5, 0.5, 0.28125, 0.46875, 0.453125, 0.2890625]","[0.296875, 0.25, 0.234375, 0.296875, 0.296875, 0.265625, 0.328125, 0.265625, 0.28125, 0.1875, 0.296875, 0.3046875, 0.2265625, 0.296875, 0.25, 0.25, 0.28125, 0.3125, 0.28125, 0.2578125, 0.3203125]","[62, 123, 126]",0.22818453082062484,0.12195150456949704
430,10059.765625,"[0.40625, 0.4375, 0.46875, 0.296875, 0.53125, 0.5, 0.25, 0.46875, 0.375, 0.3125, 0.265625, 0.578125, 0.421875, 0.28125, 0.4375, 0.5, 0.5, 0.28125, 0.46875, 0.453125, 0.2890625]","[0.296875, 0.25, 0.234375, 0.296875, 0.296875, 0.265625, 0.265625, 0.265625, 0.28125, 0.1875, 0.296875, 0.3046875, 0.2265625, 0.296875, 0.25, 0.25, 0.28125, 0.3125, 0.28125, 0.2578125, 0.3203125]","[62, 102, 123]",0.23956521013846194,0.11553210115773754
431,9683.4375,"[0.40625, 0.4375, 0.46875, 0.296875, 0.53125, 0.5, 0.25, 0.53125, 0.375, 0.3125, 0.265625, 0.578125, 0.421875, 0.28125, 0.4375, 0.5, 0.5, 0.28125, 0.46875, 0.453125, 0.2890625]","[0.296875, 0.25, 0.234375, 0.296875, 0.296875, 0.265625, 0.265625, 0.328125, 0.28125, 0.1875, 0.296875, 0.3046875, 0.2265625, 0.296875, 0.25, 0.25, 0.28125, 0.3125, 0.28125, 0.2578125, 0.3203125]","[62, 123, 126]",0.24465801183991004,0.12195150456949704
432,9881.953125,"[0.40625, 0.4375, 0.46875, 0.296875, 0.53125, 0.5, 0.25, 0.53125, 0.375, 0.40625, 0.265625, 0.578125, 0.421875, 0.28125, 0.4375, 0.5, 0.5, 0.28125, 0.46875, 0.453125, 0.3515625]","[0.296875, 0.25, 0.234375, 0.296875, 0.296875, 0.265625, 0.265625, 0.328125, 0.28125, 0.234375, 0.296875, 0.3046875, 0.2265625, 0.296875, 0.25, 0.25, 0.28125, 0.3125, 0.28125, 0.2578125, 0.3828125]",[3],0.22765588315411128,0.1268780980700413
433,9862.265625,"[0.40625, 0.4375, 0.46875, 0.296875, 0.53125, 0.5, 0.25, 0.53125, 0.40625, 0.40625, 0.265625, 0.578125, 0.421875, 0.28125, 0.4375, 0.5, 0.5, 0.28125, 0.46875, 0.453125, 0.3515625]","[0.296875, 0.25, 0.234375, 0.296875, 0.296875, 0.265625, 0.265625, 0.328125, 0.296875, 0.234375, 0.296875, 0.3046875, 0.2265625, 0.296875, 0.25, 0.25, 0.28125, 0.3125, 0.28125, 0.2578125, 0.3828125]",[62],0.225850090172228,0.12714936339362876
434,10021.640625,"[0.40625, 0.4375, 0.46875, 0.265625, 0.53125, 0.5, 0.25, 0.53125, 0.40625, 0.40625, 0.265625, 0.578125, 0.421875, 0.28125, 0.4375, 0.5, 0.4375, 0.28125, 0.46875, 0.453125, 0.3515625]","[0.296875, 0.25, 0.234375, 0.265625, 0.296875, 0.265625, 0.265625, 0.328125, 0.296875, 0.234375, 0.296875, 0.3046875, 0.2265625, 0.296875, 0.25, 0.25, 0.21875, 0.3125, 0.28125, 0.2578125, 0.3828125]",[48],0.2293516948137964,0.1373337610155355
435,9822.890625,"[0.40625, 0.4375, 0.46875, 0.234375, 0.53125, 0.5, 0.25, 0.53125, 0.40625, 0.40625, 0.265625, 0.578125, 0.421875, 0.28125, 0.4375, 0.5, 0.4375, 0.28125, 0.46875, 0.453125, 0.3515625]","[0.296875, 0.25, 0.234375, 0.234375, 0.296875, 0.265625, 0.265625, 0.328125, 0.296875, 0.234375, 0.296875, 0.3046875, 0.2421875, 0.296875, 0.25, 0.25, 0.21875, 0.3125, 0.28125, 0.2578125, 0.3828125]",[62],0.2362961298419901,0.1384668413912811
436,9783.203125,"[0.40625, 0.4375, 0.46875, 0.234375, 0.53125, 0.5, 0.25, 0.53125, 0.40625, 0.40625, 0.265625, 0.578125, 0.453125, 0.28125, 0.4375, 0.5, 0.4375, 0.28125, 0.46875, 0.453125, 0.3515625]","[0.296875, 0.25, 0.234375, 0.234375, 0.296875, 0.265625, 0.265625, 0.328125, 0.296875, 0.234375, 0.296875, 0.3046875, 0.2578125, 0.296875, 0.25, 0.25, 0.21875, 0.3125, 0.28125, 0.2578125, 0.3828125]","[66, 81, 112]",0.23636576147139302,0.13622429526150462
437,9862.421875,"[0.40625, 0.4375, 0.46875, 0.234375, 0.53125, 0.5, 0.25, 0.53125, 0.40625, 0.4375, 0.296875, 0.578125, 0.453125, 0.28125, 0.4375, 0.5, 0.4375, 0.28125, 0.46875, 0.453125, 0.2890625]","[0.296875, 0.25, 0.234375, 0.234375, 0.296875, 0.265625, 0.265625, 0.328125, 0.296875, 0.25, 0.359375, 0.3046875, 0.2578125, 0.296875, 0.25, 0.25, 0.21875, 0.3125, 0.28125, 0.2578125, 0.3203125]",[13],0.2386579790340457,0.12637558980581956
438,9722.578125,"[0.40625, 0.4375, 0.46875, 0.234375, 0.53125, 0.5, 0.25, 0.53125, 0.40625, 0.3125, 0.296875, 0.578125, 0.453125, 0.28125, 0.4375, 0.4375, 0.4375, 0.28125, 0.46875, 0.421875, 0.2890625]","[0.296875, 0.25, 0.234375, 0.234375, 0.296875, 0.265625, 0.265625, 0.328125, 0.296875, 0.1875, 0.359375, 0.3046875, 0.2578125, 0.296875, 0.25, 0.21875, 0.21875, 0.3125, 0.28125, 0.2265625, 0.3203125]","[13, 44, 52]",0.2441447594075424,0.1552726281129288
439,9882.890625,"[0.40625, 0.4375, 0.46875, 0.359375, 0.53125, 0.5, 0.3125, 0.40625, 0.40625, 0.3125, 0.296875, 0.578125, 0.453125, 0.28125, 0.4375, 0.4375, 0.4375, 0.28125, 0.46875, 0.421875, 0.2890625]","[0.296875, 0.25, 0.234375, 0.359375, 0.296875, 0.265625, 0.328125, 0.265625, 0.296875, 0.1875, 0.359375, 0.3046875, 0.2578125, 0.296875, 0.25, 0.21875, 0.21875, 0.3125, 0.28125, 0.2265625, 0.3203125]","[13, 70]",0.20461120279065037,0.1629003488575154
440,9823.828125,"[0.40625, 0.4375, 0.46875, 0.359375, 0.53125, 0.5, 0.3125, 0.4375, 0.40625, 0.375, 0.296875, 0.578125, 0.390625, 0.28125, 0.4375, 0.4375, 0.4375, 0.28125, 0.453125, 0.421875, 0.2890625]","[0.296875, 0.25, 0.234375, 0.359375, 0.296875, 0.265625, 0.328125, 0.28125, 0.296875, 0.21875, 0.359375, 0.3046875, 0.2265625, 0.296875, 0.25, 0.21875, 0.21875, 0.3125, 0.2734375, 0.2265625, 0.3203125]","[8, 80]",0.19669567408835179,0.15773813463620281
441,9923.828125,"[0.40625, 0.4375, 0.46875, 0.359375, 0.53125, 0.5, 0.3125, 0.4375, 0.40625, 0.375, 0.296875, 0.578125, 0.390625, 0.34375, 0.4375, 0.4375, 0.4375, 0.28125, 0.453125, 0.421875, 0.3046875]","[0.296875, 0.25, 0.234375, 0.359375, 0.296875, 0.265625, 0.328125, 0.28125, 0.296875, 0.21875, 0.359375, 0.3046875, 0.2265625, 0.359375, 0.25, 0.21875, 0.21875, 0.3125, 0.2734375, 0.2265625, 0.3359375]","[81, 143]",0.18333427422233906,0.16960373945261853
442,10081.953125,"[0.375, 0.4375, 0.46875, 0.359375, 0.53125, 0.5, 0.3125, 0.4375, 0.40625, 0.375, 0.296875, 0.578125, 0.390625, 0.34375, 0.40625, 0.4375, 0.4375, 0.28125, 0.515625, 0.421875, 0.3046875]","[0.28125, 0.25, 0.234375, 0.359375, 0.296875, 0.265625, 0.328125, 0.28125, 0.296875, 0.21875, 0.359375, 0.3046875, 0.2265625, 0.359375, 0.234375, 0.21875, 0.21875, 0.3125, 0.3046875, 0.2265625, 0.3359375]","[38, 124]",0.1907176731213032,0.1721770437001967
443,10201.328125,"[0.375, 0.4375, 0.46875, 0.359375, 0.40625, 0.5, 0.3125, 0.375, 0.40625, 0.375, 0.296875, 0.578125, 0.390625, 0.34375, 0.40625, 0.4375, 0.4375, 0.28125, 0.515625, 0.546875, 0.3046875]","[0.28125, 0.25, 0.234375, 0.359375, 0.234375, 0.265625, 0.328125, 0.25, 0.296875, 0.21875, 0.359375, 0.3046875, 0.2265625, 0.359375, 0.234375, 0.21875, 0.21875, 0.3125, 0.3046875, 0.2890625, 0.3359375]","[7, 38]",0.19524593027973403,0.17305090177170707
444,10042.578125,"[0.34375, 0.5, 0.46875, 0.359375, 0.40625, 0.5, 0.3125, 0.375, 0.40625, 0.5, 0.296875, 0.578125, 0.390625, 0.34375, 0.40625, 0.4375, 0.4375, 0.28125, 0.515625, 0.546875, 0.3046875]","[0.265625, 0.28125, 0.234375, 0.359375, 0.234375, 0.265625, 0.328125, 0.25, 0.296875, 0.28125, 0.359375, 0.3046875, 0.2265625, 0.359375, 0.234375, 0.21875, 0.21875, 0.3125, 0.3046875, 0.2890625, 0.3359375]","[68, 107]",0.20367237121563042,0.1623471828802309
445,10101.640625,"[0.40625, 0.5, 0.46875, 0.359375, 0.40625, 0.5, 0.3125, 0.375, 0.40625, 0.5, 0.296875, 0.578125, 0.390625, 0.34375, 0.40625, 0.4375, 0.4375, 0.28125, 0.515625, 0.546875, 0.3046875]","[0.296875, 0.28125, 0.234375, 0.359375, 0.234375, 0.265625, 0.328125, 0.25, 0.296875, 0.28125, 0.359375, 0.3046875, 0.2265625, 0.359375, 0.234375, 0.21875, 0.21875, 0.3125, 0.3046875, 0.2890625, 0.3359375]",[107],0.19870897030271029,0.16112116511890906
446,10141.015625,"[0.40625, 0.5, 0.46875, 0.359375, 0.40625, 0.5, 0.3125, 0.3125, 0.40625, 0.4375, 0.296875, 0.578125, 0.390625, 0.34375, 0.53125, 0.4375, 0.4375, 0.28125, 0.515625, 0.546875, 0.2421875]","[0.296875, 0.28125, 0.234375, 0.359375, 0.234375, 0.265625, 0.328125, 0.21875, 0.296875, 0.21875, 0.359375, 0.3046875, 0.2265625, 0.359375, 0.296875, 0.21875, 0.21875, 0.3125, 0.3046875, 0.2890625, 0.2734375]","[21, 50]",0.2220813252469171,0.16787263065170713
447,9982.109375,"[0.34375, 0.5, 0.46875, 0.359375, 0.40625, 0.5, 0.3125, 0.3125, 0.40625, 0.4375, 0.296875, 0.578125, 0.390625, 0.34375, 0.53125, 0.4375, 0.5, 0.28125, 0.515625, 0.546875, 0.2421875]","[0.234375, 0.28125, 0.234375, 0.359375, 0.234375, 0.265625, 0.328125, 0.21875, 0.296875, 0.21875, 0.359375, 0.3046875, 0.2265625, 0.359375, 0.296875, 0.21875, 0.25, 0.3125, 0.3046875, 0.2890625, 0.2734375]","[21, 109]",0.22926685989981613,0.16686498213390724
448,10101.640625,"[0.34375, 0.5, 0.46875, 0.359375, 0.40625, 0.5, 0.25, 0.375, 0.40625, 0.4375, 0.296875, 0.578125, 0.390625, 0.34375, 0.53125, 0.4375, 0.5, 0.28125, 0.515625, 0.546875, 0.2421875]","[0.234375, 0.28125, 0.234375, 0.359375, 0.234375, 0.265625, 0.265625, 0.25, 0.296875, 0.21875, 0.359375, 0.3046875, 0.2265625, 0.359375, 0.296875, 0.21875, 0.25, 0.3125, 0.3046875, 0.2890625, 0.2734375]","[21, 52]",0.23393463132162626,0.1582145831613832
449,10020.390625,"[0.34375, 0.5, 0.46875, 0.359375, 0.40625, 0.5, 0.25, 0.375, 0.40625, 0.5625, 0.296875, 0.578125, 0.359375, 0.34375, 0.53125, 0.4375, 0.5, 0.28125, 0.390625, 0.453125, 0.2421875]","[0.234375, 0.28125, 0.234375, 0.359375, 0.234375, 0.265625, 0.265625, 0.25, 0.296875, 0.28125, 0.359375, 0.3046875, 0.2109375, 0.359375, 0.296875, 0.21875, 0.25, 0.3125, 0.2421875, 0.2265625, 0.2734375]","[52, 74]",0.2358285861119312,0.1625959530957421
450,9603.515625,"[0.34375, 0.5, 0.46875, 0.359375, 0.40625, 0.5, 0.25, 0.375, 0.40625, 0.5625, 0.296875, 0.578125, 0.359375, 0.34375, 0.53125, 0.4375, 0.5, 0.28125, 0.390625, 0.4375, 0.2421875]","[0.234375, 0.28125, 0.234375, 0.359375, 0.234375, 0.265625, 0.265625, 0.25, 0.296875, 0.28125, 0.359375, 0.3046875, 0.2109375, 0.359375, 0.296875, 0.21875, 0.25, 0.3125, 0.2421875, 0.21875, 0.2734375]",[52],0.23556109945432585,0.16437409929170227
451,9563.984375,"[0.34375, 0.5, 0.46875, 0.359375, 0.40625, 0.5, 0.25, 0.375, 0.34375, 0.5625, 0.296875, 0.578125, 0.359375, 0.34375, 0.53125, 0.4375, 0.5, 0.28125, 0.390625, 0.4375, 0.2421875]","[0.234375, 0.28125, 0.234375, 0.359375, 0.234375, 0.265625, 0.265625, 0.25, 0.265625, 0.28125, 0.359375, 0.3046875, 0.2109375, 0.359375, 0.296875, 0.21875, 0.25, 0.3125, 0.2421875, 0.21875, 0.2734375]",[52],0.23969580720889555,0.16427560126292254
452,9504.609375,"[0.34375, 0.5, 0.46875, 0.359375, 0.40625, 0.5, 0.25, 0.40625, 0.34375, 0.5625, 0.296875, 0.578125, 0.359375, 0.34375, 0.53125, 0.4375, 0.5, 0.28125, 0.390625, 0.4375, 0.2421875]","[0.234375, 0.28125, 0.234375, 0.359375, 0.234375, 0.265625, 0.265625, 0.265625, 0.265625, 0.28125, 0.359375, 0.3046875, 0.2109375, 0.359375, 0.296875, 0.21875, 0.25, 0.3125, 0.2421875, 0.21875, 0.2734375]","[74, 91]",0.2382430858006923,0.1629190836934796
453,9603.984375,"[0.34375, 0.5, 0.46875, 0.359375, 0.40625, 0.5, 0.28125, 0.40625, 0.34375, 0.5625, 0.296875, 0.578125, 0.359375, 0.34375, 0.46875, 0.4375, 0.5, 0.28125, 0.390625, 0.4375, 0.2421875]","[0.234375, 0.28125, 0.234375, 0.359375, 0.234375, 0.265625, 0.296875, 0.265625, 0.265625, 0.28125, 0.359375, 0.3046875, 0.2109375, 0.359375, 0.265625, 0.21875, 0.25, 0.3125, 0.2421875, 0.21875, 0.2734375]","[45, 91]",0.2263204581858469,0.1629190836934796
454,9743.984375,"[0.34375, 0.5, 0.46875, 0.359375, 0.40625, 0.5, 0.28125, 0.40625, 0.34375, 0.5625, 0.296875, 0.578125, 0.359375, 0.34375, 0.46875, 0.4375, 0.5, 0.28125, 0.390625, 0.4375, 0.2421875]","[0.234375, 0.28125, 0.234375, 0.359375, 0.234375, 0.265625, 0.296875, 0.265625, 0.265625, 0.28125, 0.359375, 0.3046875, 0.2109375, 0.359375, 0.265625, 0.21875, 0.25, 0.3125, 0.2421875, 0.21875, 0.2734375]","[45, 91, 103]",0.2263204581858469,0.1629190836934796
455,9763.828125,"[0.34375, 0.5, 0.46875, 0.359375, 0.40625, 0.5, 0.28125, 0.40625, 0.34375, 0.5625, 0.296875, 0.578125, 0.375, 0.34375, 0.46875, 0.4375, 0.5, 0.3125, 0.390625, 0.4375, 0.2421875]","[0.234375, 0.28125, 0.234375, 0.359375, 0.234375, 0.265625, 0.296875, 0.265625, 0.265625, 0.28125, 0.359375, 0.3046875, 0.21875, 0.359375, 0.265625, 0.21875, 0.25, 0.34375, 0.2421875, 0.21875, 0.2734375]",[91],0.21988470568250507,0.16653462285380527
456,9624.140625,"[0.34375, 0.5, 0.46875, 0.359375, 0.40625, 0.5, 0.28125, 0.40625, 0.34375, 0.5625, 0.296875, 0.578125, 0.375, 0.34375, 0.46875, 0.4375, 0.5, 0.3125, 0.390625, 0.4375, 0.2421875]","[0.234375, 0.28125, 0.234375, 0.359375, 0.234375, 0.265625, 0.296875, 0.265625, 0.265625, 0.28125, 0.359375, 0.3046875, 0.21875, 0.359375, 0.265625, 0.21875, 0.25, 0.34375, 0.2421875, 0.21875, 0.2734375]","[3, 113]",0.21988470568250507,0.16653462285380527
457,9803.203125,"[0.34375, 0.5, 0.46875, 0.359375, 0.40625, 0.5, 0.28125, 0.40625, 0.34375, 0.5625, 0.296875, 0.578125, 0.375, 0.34375, 0.46875, 0.4375, 0.5, 0.3125, 0.390625, 0.4375, 0.3046875]","[0.234375, 0.28125, 0.234375, 0.359375, 0.234375, 0.265625, 0.296875, 0.265625, 0.265625, 0.28125, 0.359375, 0.3046875, 0.21875, 0.359375, 0.265625, 0.21875, 0.25, 0.34375, 0.2421875, 0.21875, 0.3359375]","[113, 122]",0.2070347832389752,0.17123699281387827
458,10001.328125,"[0.46875, 0.5, 0.46875, 0.359375, 0.40625, 0.5, 0.28125, 0.40625, 0.34375, 0.5625, 0.296875, 0.578125, 0.375, 0.34375, 0.46875, 0.4375, 0.5, 0.3125, 0.328125, 0.4375, 0.3046875]","[0.296875, 0.28125, 0.234375, 0.359375, 0.234375, 0.265625, 0.296875, 0.265625, 0.265625, 0.28125, 0.359375, 0.3046875, 0.21875, 0.359375, 0.265625, 0.21875, 0.25, 0.34375, 0.2109375, 0.21875, 0.3359375]","[78, 113]",0.20901477698604934,0.17321516360182887
459,9921.328125,"[0.46875, 0.5, 0.46875, 0.359375, 0.40625, 0.5, 0.28125, 0.40625, 0.34375, 0.5625, 0.296875, 0.578125, 0.375, 0.34375, 0.46875, 0.5625, 0.5, 0.3125, 0.328125, 0.4375, 0.3046875]","[0.296875, 0.28125, 0.234375, 0.359375, 0.234375, 0.265625, 0.296875, 0.265625, 0.265625, 0.28125, 0.359375, 0.3046875, 0.21875, 0.359375, 0.265625, 0.28125, 0.25, 0.34375, 0.2109375, 0.21875, 0.3359375]",[78],0.21937239034912612,0.1645269281092388
460,9921.328125,"[0.46875, 0.5, 0.46875, 0.359375, 0.40625, 0.5, 0.28125, 0.40625, 0.34375, 0.5625, 0.296875, 0.578125, 0.34375, 0.34375, 0.46875, 0.5625, 0.5, 0.3125, 0.328125, 0.4375, 0.3046875]","[0.296875, 0.28125, 0.234375, 0.359375, 0.234375, 0.265625, 0.296875, 0.265625, 0.265625, 0.28125, 0.359375, 0.3046875, 0.1875, 0.359375, 0.265625, 0.28125, 0.25, 0.34375, 0.2109375, 0.21875, 0.3359375]",[48],0.22243269225283505,0.17412055740248789
461,9821.953125,"[0.46875, 0.5, 0.46875, 0.359375, 0.40625, 0.5, 0.28125, 0.40625, 0.375, 0.5625, 0.296875, 0.578125, 0.34375, 0.34375, 0.46875, 0.5625, 0.5, 0.3125, 0.296875, 0.4375, 0.3046875]","[0.296875, 0.28125, 0.234375, 0.359375, 0.234375, 0.265625, 0.296875, 0.265625, 0.28125, 0.28125, 0.359375, 0.3046875, 0.1875, 0.359375, 0.265625, 0.28125, 0.25, 0.34375, 0.1796875, 0.21875, 0.3359375]","[24, 78]",0.22422218088131002,0.18323805996947357
462,9980.390625,"[0.46875, 0.5, 0.53125, 0.359375, 0.40625, 0.5, 0.28125, 0.40625, 0.375, 0.5625, 0.296875, 0.578125, 0.328125, 0.34375, 0.46875, 0.5625, 0.5, 0.25, 0.296875, 0.4375, 0.3046875]","[0.296875, 0.28125, 0.265625, 0.359375, 0.234375, 0.265625, 0.296875, 0.265625, 0.28125, 0.28125, 0.359375, 0.3046875, 0.1796875, 0.359375, 0.265625, 0.28125, 0.25, 0.28125, 0.1796875, 0.21875, 0.3359375]","[14, 78, 111]",0.2421546271420032,0.1768146055333202
463,9960.546875,"[0.46875, 0.5, 0.53125, 0.234375, 0.40625, 0.5, 0.28125, 0.40625, 0.375, 0.5625, 0.296875, 0.578125, 0.359375, 0.34375, 0.46875, 0.5625, 0.5, 0.25, 0.296875, 0.46875, 0.3046875]","[0.296875, 0.28125, 0.265625, 0.234375, 0.234375, 0.265625, 0.296875, 0.265625, 0.28125, 0.28125, 0.359375, 0.3046875, 0.2109375, 0.359375, 0.265625, 0.28125, 0.25, 0.28125, 0.1796875, 0.25, 0.3359375]",[1],0.25909681597192274,0.1546692316521567
464,9801.796875,"[0.46875, 0.5, 0.53125, 0.234375, 0.40625, 0.5, 0.28125, 0.40625, 0.375, 0.5625, 0.296875, 0.578125, 0.359375, 0.34375, 0.46875, 0.4375, 0.5, 0.25, 0.296875, 0.46875, 0.3046875]","[0.296875, 0.28125, 0.265625, 0.234375, 0.234375, 0.265625, 0.296875, 0.265625, 0.28125, 0.28125, 0.359375, 0.3046875, 0.2109375, 0.359375, 0.265625, 0.21875, 0.25, 0.28125, 0.1796875, 0.25, 0.3359375]","[1, 14]",0.2504963251128925,0.1623557870682577
465,9662.890625,"[0.46875, 0.5, 0.53125, 0.234375, 0.40625, 0.5, 0.28125, 0.40625, 0.375, 0.5625, 0.296875, 0.578125, 0.359375, 0.328125, 0.46875, 0.5625, 0.5, 0.25, 0.296875, 0.46875, 0.3046875]","[0.296875, 0.28125, 0.265625, 0.234375, 0.234375, 0.265625, 0.296875, 0.265625, 0.28125, 0.28125, 0.359375, 0.3046875, 0.2109375, 0.328125, 0.265625, 0.28125, 0.25, 0.28125, 0.1796875, 0.25, 0.3359375]","[1, 98]",0.26086465723316177,0.14641167166330646
466,9801.328125,"[0.46875, 0.5, 0.53125, 0.234375, 0.40625, 0.375, 0.28125, 0.40625, 0.375, 0.5625, 0.296875, 0.578125, 0.359375, 0.328125, 0.46875, 0.5625, 0.5, 0.25, 0.421875, 0.46875, 0.3046875]","[0.296875, 0.28125, 0.265625, 0.234375, 0.234375, 0.203125, 0.296875, 0.265625, 0.28125, 0.28125, 0.359375, 0.3046875, 0.2109375, 0.328125, 0.265625, 0.28125, 0.25, 0.28125, 0.2421875, 0.25, 0.3359375]",[1],0.2502120712316998,0.1399126702375652
467,9761.953125,"[0.46875, 0.5, 0.53125, 0.234375, 0.40625, 0.375, 0.28125, 0.40625, 0.375, 0.5625, 0.296875, 0.578125, 0.359375, 0.328125, 0.46875, 0.5625, 0.375, 0.375, 0.421875, 0.46875, 0.3046875]","[0.296875, 0.28125, 0.265625, 0.234375, 0.234375, 0.203125, 0.296875, 0.265625, 0.28125, 0.28125, 0.359375, 0.3046875, 0.2109375, 0.328125, 0.265625, 0.28125, 0.1875, 0.40625, 0.2421875, 0.25, 0.3359375]","[55, 57]",0.23215343741747346,0.1848985622475015
468,9861.796875,"[0.46875, 0.5, 0.53125, 0.25, 0.40625, 0.375, 0.28125, 0.40625, 0.375, 0.5625, 0.234375, 0.578125, 0.359375, 0.328125, 0.46875, 0.5625, 0.375, 0.375, 0.421875, 0.46875, 0.3046875]","[0.296875, 0.28125, 0.265625, 0.25, 0.234375, 0.203125, 0.296875, 0.265625, 0.28125, 0.28125, 0.296875, 0.3046875, 0.2109375, 0.328125, 0.265625, 0.28125, 0.1875, 0.40625, 0.2421875, 0.25, 0.3359375]",[4],0.2411386894927462,0.173038997185307
469,9703.046875,"[0.46875, 0.5, 0.53125, 0.296875, 0.40625, 0.375, 0.28125, 0.40625, 0.375, 0.5625, 0.234375, 0.578125, 0.359375, 0.328125, 0.46875, 0.5625, 0.375, 0.375, 0.421875, 0.46875, 0.3046875]","[0.296875, 0.28125, 0.265625, 0.296875, 0.234375, 0.203125, 0.296875, 0.265625, 0.28125, 0.28125, 0.296875, 0.3046875, 0.2109375, 0.328125, 0.265625, 0.28125, 0.1875, 0.40625, 0.2421875, 0.25, 0.3359375]","[55, 60]",0.23215343741747346,0.17126419823867176
470,10000.703125,"[0.46875, 0.5, 0.53125, 0.296875, 0.40625, 0.375, 0.28125, 0.40625, 0.375, 0.5625, 0.234375, 0.578125, 0.359375, 0.265625, 0.46875, 0.5625, 0.375, 0.375, 0.421875, 0.46875, 0.3046875]","[0.296875, 0.28125, 0.265625, 0.296875, 0.234375, 0.203125, 0.296875, 0.265625, 0.28125, 0.28125, 0.296875, 0.3046875, 0.2109375, 0.265625, 0.265625, 0.28125, 0.1875, 0.40625, 0.2421875, 0.25, 0.3359375]",[55],0.24237080311745657,0.16810530248066893
471,9543.515625,"[0.46875, 0.5, 0.53125, 0.296875, 0.40625, 0.375, 0.28125, 0.40625, 0.375, 0.5625, 0.171875, 0.578125, 0.359375, 0.265625, 0.46875, 0.5625, 0.375, 0.375, 0.421875, 0.46875, 0.3046875]","[0.296875, 0.28125, 0.265625, 0.296875, 0.234375, 0.203125, 0.296875, 0.265625, 0.28125, 0.28125, 0.234375, 0.3046875, 0.2109375, 0.265625, 0.265625, 0.28125, 0.1875, 0.40625, 0.2421875, 0.25, 0.3359375]",[55],0.2588134943259078,0.17154388204119964
472,9601.953125,"[0.46875, 0.5, 0.53125, 0.296875, 0.40625, 0.375, 0.28125, 0.40625, 0.375, 0.5625, 0.171875, 0.578125, 0.359375, 0.265625, 0.46875, 0.5625, 0.375, 0.375, 0.421875, 0.46875, 0.3046875]","[0.296875, 0.28125, 0.265625, 0.296875, 0.234375, 0.203125, 0.296875, 0.265625, 0.28125, 0.28125, 0.234375, 0.3046875, 0.2109375, 0.265625, 0.265625, 0.28125, 0.1875, 0.40625, 0.2421875, 0.25, 0.3359375]",[55],0.2588134943259078,0.17154388204119964
473,9483.828125,"[0.46875, 0.5, 0.53125, 0.296875, 0.40625, 0.375, 0.28125, 0.40625, 0.375, 0.5625, 0.171875, 0.578125, 0.359375, 0.265625, 0.46875, 0.5625, 0.4375, 0.375, 0.421875, 0.46875, 0.3046875]","[0.296875, 0.28125, 0.265625, 0.296875, 0.234375, 0.203125, 0.296875, 0.265625, 0.28125, 0.28125, 0.234375, 0.3046875, 0.2109375, 0.265625, 0.265625, 0.28125, 0.25, 0.40625, 0.2421875, 0.25, 0.3359375]",[60],0.2567571235970858,0.1566452939275254
474,9523.515625,"[0.46875, 0.5, 0.53125, 0.296875, 0.40625, 0.375, 0.28125, 0.40625, 0.375, 0.5625, 0.171875, 0.578125, 0.359375, 0.265625, 0.46875, 0.5, 0.4375, 0.375, 0.421875, 0.46875, 0.3046875]","[0.296875, 0.28125, 0.265625, 0.296875, 0.234375, 0.203125, 0.296875, 0.265625, 0.28125, 0.28125, 0.234375, 0.3046875, 0.2109375, 0.265625, 0.265625, 0.25, 0.25, 0.40625, 0.2421875, 0.25, 0.3359375]","[47, 60]",0.25000156376567284,0.1584463898076282
475,9643.203125,"[0.46875, 0.5, 0.53125, 0.296875, 0.40625, 0.375, 0.28125, 0.40625, 0.4375, 0.5625, 0.171875, 0.578125, 0.359375, 0.265625, 0.46875, 0.5, 0.4375, 0.375, 0.421875, 0.46875, 0.3046875]","[0.296875, 0.28125, 0.265625, 0.296875, 0.234375, 0.203125, 0.296875, 0.265625, 0.3125, 0.28125, 0.234375, 0.3046875, 0.2109375, 0.265625, 0.265625, 0.25, 0.25, 0.40625, 0.2421875, 0.25, 0.3359375]",[60],0.24800278413754417,0.16055620920350486
476,9642.578125,"[0.46875, 0.5, 0.53125, 0.296875, 0.40625, 0.375, 0.28125, 0.40625, 0.4375, 0.5625, 0.296875, 0.578125, 0.359375, 0.265625, 0.46875, 0.5, 0.4375, 0.375, 0.421875, 0.46875, 0.3046875]","[0.296875, 0.28125, 0.265625, 0.296875, 0.234375, 0.203125, 0.296875, 0.265625, 0.3125, 0.28125, 0.359375, 0.3046875, 0.2109375, 0.265625, 0.265625, 0.25, 0.25, 0.40625, 0.2421875, 0.25, 0.3359375]","[97, 134, 136]",0.21786862899635437,0.16657940600840002
477,9999.765625,"[0.40625, 0.5, 0.53125, 0.296875, 0.40625, 0.375, 0.21875, 0.40625, 0.4375, 0.53125, 0.296875, 0.578125, 0.359375, 0.265625, 0.46875, 0.5, 0.4375, 0.375, 0.421875, 0.5, 0.3046875]","[0.265625, 0.28125, 0.265625, 0.296875, 0.234375, 0.203125, 0.234375, 0.265625, 0.3125, 0.265625, 0.359375, 0.3046875, 0.2109375, 0.265625, 0.265625, 0.25, 0.25, 0.40625, 0.2421875, 0.28125, 0.3359375]","[61, 110]",0.22949444826448756,0.17011054798371597
478,9523.515625,"[0.40625, 0.5, 0.53125, 0.296875, 0.40625, 0.375, 0.21875, 0.40625, 0.4375, 0.40625, 0.296875, 0.578125, 0.375, 0.265625, 0.46875, 0.5, 0.4375, 0.375, 0.421875, 0.5, 0.3046875]","[0.265625, 0.28125, 0.265625, 0.296875, 0.234375, 0.203125, 0.234375, 0.265625, 0.3125, 0.203125, 0.359375, 0.3046875, 0.21875, 0.265625, 0.265625, 0.25, 0.25, 0.40625, 0.2421875, 0.28125, 0.3359375]","[38, 61, 134]",0.22189565361545197,0.1791894068783503
479,9484.140625,"[0.40625, 0.5, 0.53125, 0.296875, 0.40625, 0.375, 0.203125, 0.4375, 0.4375, 0.40625, 0.296875, 0.578125, 0.375, 0.28125, 0.46875, 0.5, 0.4375, 0.375, 0.421875, 0.5, 0.3046875]","[0.265625, 0.28125, 0.265625, 0.296875, 0.234375, 0.203125, 0.21875, 0.28125, 0.3125, 0.203125, 0.359375, 0.3046875, 0.21875, 0.28125, 0.265625, 0.25, 0.25, 0.40625, 0.2421875, 0.28125, 0.3359375]","[61, 130]",0.22299868598839337,0.18126040935735982
480,9583.671875,"[0.40625, 0.5, 0.53125, 0.296875, 0.40625, 0.4375, 0.203125, 0.4375, 0.4375, 0.40625, 0.296875, 0.578125, 0.375, 0.28125, 0.46875, 0.5, 0.4375, 0.375, 0.421875, 0.5, 0.3046875]","[0.265625, 0.28125, 0.265625, 0.296875, 0.234375, 0.234375, 0.21875, 0.28125, 0.3125, 0.203125, 0.359375, 0.3046875, 0.21875, 0.28125, 0.265625, 0.25, 0.25, 0.40625, 0.2421875, 0.28125, 0.3359375]","[61, 136]",0.22122924392571597,0.174073375936455
481,9563.671875,"[0.40625, 0.5, 0.53125, 0.296875, 0.40625, 0.4375, 0.21875, 0.4375, 0.4375, 0.40625, 0.296875, 0.578125, 0.375, 0.28125, 0.46875, 0.5, 0.4375, 0.375, 0.421875, 0.5, 0.3046875]","[0.265625, 0.28125, 0.265625, 0.296875, 0.234375, 0.234375, 0.234375, 0.28125, 0.3125, 0.203125, 0.359375, 0.3046875, 0.21875, 0.28125, 0.265625, 0.25, 0.25, 0.40625, 0.2421875, 0.28125, 0.3359375]",[61],0.21680881802885255,0.17080675170161463
482,9703.203125,"[0.40625, 0.5, 0.53125, 0.296875, 0.40625, 0.4375, 0.28125, 0.4375, 0.4375, 0.40625, 0.296875, 0.578125, 0.375, 0.28125, 0.46875, 0.5, 0.4375, 0.375, 0.421875, 0.5, 0.3046875]","[0.265625, 0.28125, 0.265625, 0.296875, 0.234375, 0.234375, 0.296875, 0.28125, 0.3125, 0.203125, 0.359375, 0.3046875, 0.21875, 0.28125, 0.265625, 0.25, 0.25, 0.40625, 0.2421875, 0.28125, 0.3359375]","[142, 143, 145]",0.20172460969525546,0.1661942189227296
483,9802.1875,"[0.40625, 0.5, 0.5, 0.296875, 0.40625, 0.4375, 0.28125, 0.4375, 0.4375, 0.46875, 0.296875, 0.578125, 0.375, 0.2890625, 0.46875, 0.5, 0.4375, 0.375, 0.421875, 0.5, 0.3046875]","[0.265625, 0.28125, 0.25, 0.296875, 0.234375, 0.234375, 0.296875, 0.28125, 0.3125, 0.234375, 0.359375, 0.3046875, 0.21875, 0.2890625, 0.265625, 0.25, 0.25, 0.40625, 0.2421875, 0.28125, 0.3359375]",[89],0.1970389154957864,0.1598569673561736
484,9782.5,"[0.40625, 0.5, 0.5, 0.296875, 0.40625, 0.4375, 0.28125, 0.4375, 0.4375, 0.46875, 0.296875, 0.578125, 0.40625, 0.2890625, 0.46875, 0.5, 0.4375, 0.375, 0.421875, 0.5, 0.3046875]","[0.265625, 0.28125, 0.25, 0.296875, 0.234375, 0.234375, 0.296875, 0.28125, 0.3125, 0.234375, 0.359375, 0.3046875, 0.25, 0.2890625, 0.265625, 0.25, 0.25, 0.40625, 0.2421875, 0.28125, 0.3359375]",[142],0.19522766014505805,0.15339780320579033
485,9821.875,"[0.40625, 0.5, 0.5, 0.296875, 0.40625, 0.4375, 0.28125, 0.4375, 0.4375, 0.53125, 0.296875, 0.578125, 0.40625, 0.2890625, 0.46875, 0.5, 0.4375, 0.375, 0.421875, 0.5, 0.3046875]","[0.265625, 0.28125, 0.25, 0.296875, 0.234375, 0.234375, 0.296875, 0.28125, 0.3125, 0.265625, 0.359375, 0.3046875, 0.25, 0.2890625, 0.265625, 0.25, 0.25, 0.40625, 0.2421875, 0.28125, 0.3359375]","[146, 152]",0.2008521719827586,0.14856663200089143
486,10140.0,"[0.40625, 0.5, 0.5, 0.296875, 0.40625, 0.3125, 0.28125, 0.4375, 0.4375, 0.53125, 0.296875, 0.578125, 0.53125, 0.2890625, 0.46875, 0.5, 0.4375, 0.375, 0.421875, 0.5, 0.3046875]","[0.265625, 0.28125, 0.25, 0.296875, 0.234375, 0.171875, 0.296875, 0.28125, 0.3125, 0.265625, 0.359375, 0.3046875, 0.3125, 0.2890625, 0.265625, 0.25, 0.25, 0.40625, 0.2421875, 0.28125, 0.3359375]","[90, 152]",0.21605393854532629,0.16690932383815904
487,10020.9375,"[0.34375, 0.5, 0.5, 0.296875, 0.40625, 0.3125, 0.28125, 0.4375, 0.4375, 0.53125, 0.296875, 0.578125, 0.53125, 0.3515625, 0.46875, 0.5, 0.4375, 0.375, 0.421875, 0.5, 0.3046875]","[0.203125, 0.28125, 0.25, 0.296875, 0.234375, 0.171875, 0.296875, 0.28125, 0.3125, 0.265625, 0.359375, 0.3046875, 0.3125, 0.3515625, 0.265625, 0.25, 0.25, 0.40625, 0.2421875, 0.28125, 0.3359375]","[2, 90, 153]",0.2117328642286717,0.18499748227512966
488,10100.625,"[0.34375, 0.5, 0.5, 0.296875, 0.40625, 0.375, 0.28125, 0.4375, 0.4375, 0.53125, 0.296875, 0.578125, 0.53125, 0.3515625, 0.40625, 0.5, 0.4375, 0.375, 0.421875, 0.46875, 0.3046875]","[0.203125, 0.28125, 0.25, 0.296875, 0.234375, 0.203125, 0.296875, 0.28125, 0.3125, 0.265625, 0.359375, 0.3046875, 0.3125, 0.3515625, 0.234375, 0.25, 0.25, 0.40625, 0.2421875, 0.265625, 0.3359375]","[2, 17, 90]",0.20210029897142873,0.17960405821843742
489,10180.46875,"[0.34375, 0.5, 0.5, 0.296875, 0.40625, 0.375, 0.296875, 0.4375, 0.4375, 0.53125, 0.296875, 0.578125, 0.53125, 0.3515625, 0.40625, 0.5, 0.4375, 0.375, 0.453125, 0.4375, 0.3046875]","[0.203125, 0.28125, 0.25, 0.296875, 0.234375, 0.203125, 0.328125, 0.28125, 0.3125, 0.265625, 0.359375, 0.3046875, 0.3125, 0.3515625, 0.234375, 0.25, 0.25, 0.40625, 0.2734375, 0.25, 0.3359375]",[2],0.1983347028967462,0.17979681776174225
490,10141.40625,"[0.34375, 0.5, 0.5, 0.296875, 0.40625, 0.375, 0.296875, 0.4375, 0.4375, 0.53125, 0.296875, 0.578125, 0.53125, 0.3515625, 0.40625, 0.5, 0.4375, 0.375, 0.453125, 0.4375, 0.3046875]","[0.203125, 0.28125, 0.25, 0.296875, 0.234375, 0.203125, 0.328125, 0.28125, 0.3125, 0.265625, 0.359375, 0.3046875, 0.3125, 0.3515625, 0.234375, 0.25, 0.25, 0.40625, 0.2734375, 0.25, 0.3359375]",[2],0.1983347028967462,0.17979681776174225
491,10021.40625,"[0.34375, 0.5, 0.5, 0.296875, 0.40625, 0.375, 0.296875, 0.4375, 0.4375, 0.53125, 0.296875, 0.578125, 0.53125, 0.3515625, 0.40625, 0.5, 0.4375, 0.375, 0.453125, 0.4375, 0.3046875]","[0.203125, 0.28125, 0.25, 0.296875, 0.234375, 0.203125, 0.328125, 0.28125, 0.3125, 0.265625, 0.359375, 0.3046875, 0.3125, 0.3515625, 0.234375, 0.25, 0.25, 0.40625, 0.2734375, 0.25, 0.3359375]","[2, 114]",0.1983347028967462,0.17979681776174225
492,10061.25,"[0.34375, 0.5, 0.46875, 0.296875, 0.34375, 0.375, 0.3125, 0.4375, 0.4375, 0.53125, 0.296875, 0.578125, 0.53125, 0.3515625, 0.40625, 0.5, 0.4375, 0.375, 0.453125, 0.4375, 0.3046875]","[0.203125, 0.28125, 0.234375, 0.296875, 0.203125, 0.203125, 0.34375, 0.28125, 0.3125, 0.265625, 0.359375, 0.3046875, 0.3125, 0.3515625, 0.234375, 0.25, 0.25, 0.40625, 0.2734375, 0.25, 0.3359375]",[18],0.19840336598305622,0.19190641900714872
493,10081.5625,"[0.34375, 0.5, 0.46875, 0.296875, 0.34375, 0.5, 0.3125, 0.4375, 0.4375, 0.46875, 0.296875, 0.578125, 0.53125, 0.3515625, 0.40625, 0.5, 0.4375, 0.375, 0.453125, 0.4375, 0.3046875]","[0.203125, 0.28125, 0.234375, 0.296875, 0.203125, 0.265625, 0.34375, 0.28125, 0.3125, 0.234375, 0.359375, 0.3046875, 0.3125, 0.3515625, 0.234375, 0.25, 0.25, 0.40625, 0.2734375, 0.25, 0.3359375]","[88, 114]",0.19335751297168663,0.18451237330605488
494,10240.3125,"[0.34375, 0.5, 0.46875, 0.296875, 0.46875, 0.5, 0.3125, 0.4375, 0.375, 0.46875, 0.296875, 0.546875, 0.53125, 0.3515625, 0.40625, 0.5, 0.4375, 0.375, 0.453125, 0.4375, 0.3046875]","[0.203125, 0.28125, 0.234375, 0.296875, 0.265625, 0.265625, 0.34375, 0.28125, 0.25, 0.234375, 0.359375, 0.2890625, 0.3125, 0.3515625, 0.234375, 0.25, 0.25, 0.40625, 0.2734375, 0.25, 0.3359375]","[114, 120]",0.18511606316907547,0.17476640555470702
495,10161.484375,"[0.34375, 0.5, 0.46875, 0.296875, 0.46875, 0.5, 0.3125, 0.4375, 0.375, 0.46875, 0.296875, 0.546875, 0.53125, 0.3515625, 0.40625, 0.5, 0.4375, 0.34375, 0.453125, 0.4375, 0.3046875]","[0.203125, 0.28125, 0.234375, 0.296875, 0.265625, 0.265625, 0.34375, 0.28125, 0.25, 0.234375, 0.359375, 0.2890625, 0.3125, 0.3515625, 0.234375, 0.25, 0.25, 0.34375, 0.2734375, 0.25, 0.3359375]",[33],0.18848196007158252,0.15572553071705225
496,10160.9375,"[0.34375, 0.5, 0.46875, 0.296875, 0.46875, 0.5, 0.3125, 0.4375, 0.375, 0.46875, 0.296875, 0.546875, 0.53125, 0.3515625, 0.40625, 0.5, 0.4375, 0.34375, 0.453125, 0.4375, 0.3046875]","[0.203125, 0.28125, 0.234375, 0.296875, 0.265625, 0.265625, 0.34375, 0.28125, 0.25, 0.234375, 0.359375, 0.2890625, 0.3125, 0.3515625, 0.234375, 0.25, 0.25, 0.34375, 0.2734375, 0.25, 0.3359375]",[33],0.18848196007158252,0.15572553071705225
497,10161.5625,"[0.34375, 0.5, 0.46875, 0.296875, 0.46875, 0.5, 0.3125, 0.4375, 0.375, 0.46875, 0.296875, 0.53125, 0.53125, 0.3515625, 0.40625, 0.5, 0.4375, 0.34375, 0.453125, 0.4375, 0.3046875]","[0.203125, 0.28125, 0.234375, 0.296875, 0.265625, 0.265625, 0.34375, 0.28125, 0.25, 0.234375, 0.359375, 0.28125, 0.3125, 0.3515625, 0.234375, 0.25, 0.25, 0.34375, 0.2734375, 0.25, 0.3359375]",[33],0.18605476210817973,0.15580798516118963
498,10141.71875,"[0.34375, 0.5, 0.34375, 0.296875, 0.46875, 0.5, 0.3125, 0.4375, 0.375, 0.46875, 0.296875, 0.53125, 0.53125, 0.3515625, 0.40625, 0.5, 0.4375, 0.34375, 0.453125, 0.4375, 0.3046875]","[0.203125, 0.28125, 0.171875, 0.296875, 0.265625, 0.265625, 0.34375, 0.28125, 0.25, 0.234375, 0.359375, 0.28125, 0.3125, 0.3515625, 0.234375, 0.25, 0.25, 0.34375, 0.2734375, 0.25, 0.3359375]",[33],0.19026481660359856,0.17514829307113675
499,10141.09375,"[0.34375, 0.5, 0.59375, 0.296875, 0.46875, 0.5, 0.3125, 0.40625, 0.375, 0.46875, 0.296875, 0.53125, 0.53125, 0.3515625, 0.40625, 0.5, 0.4375, 0.34375, 0.453125, 0.4375, 0.3046875]","[0.203125, 0.28125, 0.296875, 0.296875, 0.265625, 0.265625, 0.34375, 0.265625, 0.25, 0.234375, 0.359375, 0.28125, 0.3125, 0.3515625, 0.234375, 0.25, 0.25, 0.34375, 0.2734375, 0.25, 0.3359375]","[63, 70, 114]",0.20326230837743633,0.15112266457805587
500,10358.90625,"[0.40625, 0.5, 0.59375, 0.296875, 0.46875, 0.625, 0.3125, 0.34375, 0.4375, 0.46875, 0.296875, 0.53125, 0.5, 0.3515625, 0.40625, 0.5, 0.4375, 0.34375, 0.453125, 0.4375, 0.3046875]","[0.265625, 0.28125, 0.296875, 0.296875, 0.265625, 0.328125, 0.34375, 0.234375, 0.3125, 0.234375, 0.359375, 0.28125, 0.28125, 0.3515625, 0.234375, 0.25, 0.25, 0.34375, 0.2734375, 0.25, 0.3359375]","[32, 89]",0.21600948752247612,0.13981597203106846
501,10478.28125,"[0.40625, 0.5, 0.59375, 0.296875, 0.46875, 0.625, 0.3125, 0.34375, 0.4375, 0.46875, 0.296875, 0.53125, 0.5, 0.3515625, 0.28125, 0.5, 0.4375, 0.34375, 0.453125, 0.5625, 0.3046875]","[0.265625, 0.28125, 0.296875, 0.296875, 0.265625, 0.328125, 0.34375, 0.234375, 0.3125, 0.234375, 0.359375, 0.28125, 0.28125, 0.3515625, 0.171875, 0.25, 0.25, 0.34375, 0.2734375, 0.3125, 0.3359375]","[32, 107]",0.23822749755041844,0.15847371077187816
502,10438.59375,"[0.40625, 0.5, 0.59375, 0.296875, 0.4375, 0.625, 0.3125, 0.34375, 0.4375, 0.46875, 0.296875, 0.53125, 0.5, 0.3515625, 0.34375, 0.5, 0.4375, 0.34375, 0.453125, 0.5625, 0.3046875]","[0.265625, 0.28125, 0.296875, 0.296875, 0.25, 0.328125, 0.34375, 0.234375, 0.3125, 0.234375, 0.359375, 0.28125, 0.28125, 0.3515625, 0.234375, 0.25, 0.25, 0.34375, 0.2734375, 0.3125, 0.3359375]",[107],0.22851836090347688,0.13853281523994052
503,10438.28125,"[0.40625, 0.5, 0.59375, 0.296875, 0.4375, 0.625, 0.3125, 0.34375, 0.4375, 0.46875, 0.296875, 0.53125, 0.5, 0.3515625, 0.34375, 0.5, 0.4375, 0.34375, 0.453125, 0.53125, 0.3046875]","[0.265625, 0.28125, 0.296875, 0.296875, 0.25, 0.328125, 0.34375, 0.234375, 0.3125, 0.234375, 0.359375, 0.28125, 0.28125, 0.3515625, 0.234375, 0.25, 0.25, 0.34375, 0.2734375, 0.28125, 0.3359375]","[97, 107]",0.22515993305978643,0.13843707023920834
504,10378.90625,"[0.40625, 0.5, 0.59375, 0.296875, 0.4375, 0.625, 0.3125, 0.34375, 0.4375, 0.46875, 0.296875, 0.53125, 0.5, 0.3515625, 0.34375, 0.5, 0.4375, 0.34375, 0.453125, 0.53125, 0.3046875]","[0.265625, 0.28125, 0.296875, 0.296875, 0.25, 0.328125, 0.34375, 0.234375, 0.3125, 0.234375, 0.359375, 0.28125, 0.28125, 0.3515625, 0.234375, 0.25, 0.25, 0.34375, 0.2734375, 0.28125, 0.3359375]","[97, 107]",0.22515993305978643,0.13843707023920834
505,10438.28125,"[0.40625, 0.5, 0.59375, 0.296875, 0.4375, 0.625, 0.3125, 0.46875, 0.4375, 0.46875, 0.296875, 0.53125, 0.53125, 0.3515625, 0.34375, 0.5, 0.4375, 0.34375, 0.453125, 0.53125, 0.3046875]","[0.265625, 0.28125, 0.296875, 0.296875, 0.25, 0.328125, 0.34375, 0.296875, 0.3125, 0.234375, 0.359375, 0.28125, 0.3125, 0.3515625, 0.234375, 0.25, 0.25, 0.34375, 0.2734375, 0.28125, 0.3359375]",[120],0.22045701647249594,0.13014739329083377
506,10457.96875,"[0.40625, 0.5, 0.59375, 0.296875, 0.4375, 0.625, 0.3125, 0.46875, 0.4375, 0.5, 0.296875, 0.53125, 0.53125, 0.3515625, 0.34375, 0.5, 0.4375, 0.34375, 0.453125, 0.53125, 0.3046875]","[0.265625, 0.28125, 0.296875, 0.296875, 0.25, 0.328125, 0.34375, 0.296875, 0.3125, 0.25, 0.359375, 0.28125, 0.3125, 0.3515625, 0.234375, 0.25, 0.25, 0.34375, 0.2734375, 0.28125, 0.3359375]",[125],0.221355340814505,0.12631759866977205
507,10497.34375,"[0.40625, 0.5, 0.59375, 0.28125, 0.4375, 0.625, 0.3125, 0.46875, 0.4375, 0.5, 0.296875, 0.53125, 0.53125, 0.3515625, 0.40625, 0.5, 0.4375, 0.34375, 0.453125, 0.53125, 0.3046875]","[0.265625, 0.28125, 0.296875, 0.28125, 0.25, 0.328125, 0.34375, 0.296875, 0.3125, 0.25, 0.359375, 0.28125, 0.3125, 0.3515625, 0.265625, 0.25, 0.25, 0.34375, 0.2734375, 0.28125, 0.3359375]","[57, 127, 133]",0.2183599648127303,0.12016364775917482
508,10835.3125,"[0.40625, 0.5, 0.59375, 0.28125, 0.4375, 0.625, 0.3125, 0.46875, 0.4375, 0.5, 0.296875, 0.53125, 0.53125, 0.3515625, 0.40625, 0.5, 0.4375, 0.34375, 0.453125, 0.53125, 0.3671875]","[0.265625, 0.28125, 0.296875, 0.28125, 0.25, 0.328125, 0.34375, 0.296875, 0.3125, 0.25, 0.359375, 0.28125, 0.3125, 0.3515625, 0.265625, 0.25, 0.25, 0.34375, 0.2734375, 0.28125, 0.3984375]","[57, 127]",0.20936545230159073,0.13717862645307435
509,10715.9375,"[0.40625, 0.5, 0.59375, 0.3125, 0.4375, 0.625, 0.3125, 0.46875, 0.4375, 0.5, 0.296875, 0.53125, 0.53125, 0.3515625, 0.40625, 0.5, 0.5, 0.34375, 0.453125, 0.53125, 0.3671875]","[0.265625, 0.28125, 0.296875, 0.3125, 0.25, 0.328125, 0.34375, 0.296875, 0.3125, 0.25, 0.359375, 0.28125, 0.3125, 0.3515625, 0.265625, 0.25, 0.3125, 0.34375, 0.2734375, 0.28125, 0.3984375]","[135, 145]",0.2035714116280418,0.12984123056304953
510,10835.15625,"[0.40625, 0.5, 0.59375, 0.375, 0.4375, 0.609375, 0.3125, 0.46875, 0.4375, 0.5, 0.296875, 0.53125, 0.53125, 0.3671875, 0.40625, 0.5, 0.5, 0.34375, 0.453125, 0.53125, 0.3671875]","[0.265625, 0.28125, 0.296875, 0.375, 0.25, 0.3203125, 0.34375, 0.296875, 0.3125, 0.25, 0.359375, 0.28125, 0.3125, 0.3671875, 0.265625, 0.25, 0.3125, 0.34375, 0.2734375, 0.28125, 0.3984375]",[40],0.18951410636189078,0.1402316196665465
511,10894.0625,"[0.40625, 0.5, 0.59375, 0.375, 0.4375, 0.609375, 0.3125, 0.46875, 0.4375, 0.625, 0.296875, 0.53125, 0.53125, 0.3671875, 0.40625, 0.5, 0.4375, 0.34375, 0.453125, 0.53125, 0.3671875]","[0.265625, 0.28125, 0.296875, 0.375, 0.25, 0.3203125, 0.34375, 0.296875, 0.3125, 0.3125, 0.359375, 0.28125, 0.3125, 0.3671875, 0.265625, 0.25, 0.25, 0.34375, 0.2734375, 0.28125, 0.3984375]","[127, 154]",0.20331504169916723,0.1402316196665465
512,11033.28125,"[0.40625, 0.5, 0.59375, 0.375, 0.4375, 0.625, 0.3125, 0.46875, 0.4375, 0.625, 0.296875, 0.53125, 0.53125, 0.3671875, 0.40625, 0.5, 0.4375, 0.34375, 0.453125, 0.53125, 0.3671875]","[0.265625, 0.28125, 0.296875, 0.375, 0.25, 0.328125, 0.34375, 0.296875, 0.3125, 0.3125, 0.359375, 0.28125, 0.3125, 0.3671875, 0.265625, 0.25, 0.25, 0.34375, 0.2734375, 0.28125, 0.3984375]",[127],0.20585203570691424,0.14055380429154685
513,11033.28125,"[0.40625, 0.5, 0.59375, 0.375, 0.4375, 0.625, 0.3125, 0.46875, 0.4375, 0.625, 0.296875, 0.53125, 0.53125, 0.3671875, 0.40625, 0.5, 0.4375, 0.34375, 0.453125, 0.53125, 0.3671875]","[0.265625, 0.28125, 0.296875, 0.375, 0.25, 0.328125, 0.34375, 0.296875, 0.3125, 0.3125, 0.359375, 0.28125, 0.3125, 0.3671875, 0.265625, 0.25, 0.25, 0.34375, 0.2734375, 0.28125, 0.3984375]","[127, 155, 156]",0.20585203570691424,0.14055380429154685
514,10953.4375,"[0.34375, 0.46875, 0.59375, 0.375, 0.453125, 0.5625, 0.3125, 0.46875, 0.4375, 0.625, 0.296875, 0.53125, 0.53125, 0.3671875, 0.40625, 0.5, 0.375, 0.34375, 0.453125, 0.53125, 0.3671875]","[0.234375, 0.265625, 0.296875, 0.375, 0.2578125, 0.296875, 0.34375, 0.296875, 0.3125, 0.3125, 0.359375, 0.28125, 0.3125, 0.3671875, 0.265625, 0.25, 0.1875, 0.34375, 0.2734375, 0.28125, 0.3984375]",[0],0.20715209879671329,0.16663398692779044
515,10795.3125,"[0.34375, 0.46875, 0.59375, 0.375, 0.453125, 0.5625, 0.3125, 0.46875, 0.4375, 0.625, 0.296875, 0.53125, 0.53125, 0.3671875, 0.40625, 0.5, 0.375, 0.34375, 0.453125, 0.53125, 0.3671875]","[0.234375, 0.265625, 0.296875, 0.375, 0.2578125, 0.296875, 0.34375, 0.296875, 0.3125, 0.3125, 0.359375, 0.28125, 0.3125, 0.3671875, 0.265625, 0.25, 0.1875, 0.34375, 0.2734375, 0.28125, 0.3984375]","[0, 55]",0.20715209879671329,0.16663398692779044
516,10775.625,"[0.375, 0.46875, 0.59375, 0.375, 0.453125, 0.5625, 0.3125, 0.46875, 0.4375, 0.625, 0.296875, 0.53125, 0.53125, 0.3671875, 0.40625, 0.5, 0.375, 0.34375, 0.453125, 0.53125, 0.3671875]","[0.25, 0.265625, 0.296875, 0.375, 0.2578125, 0.296875, 0.34375, 0.296875, 0.3125, 0.3125, 0.359375, 0.28125, 0.3125, 0.3671875, 0.265625, 0.25, 0.1875, 0.34375, 0.2734375, 0.28125, 0.3984375]",[55],0.2033162561134746,0.1632993161855452
517,10775.625,"[0.375, 0.46875, 0.59375, 0.34375, 0.453125, 0.4375, 0.3125, 0.46875, 0.4375, 0.625, 0.296875, 0.53125, 0.53125, 0.3671875, 0.40625, 0.5, 0.375, 0.34375, 0.453125, 0.5, 0.3671875]","[0.25, 0.265625, 0.296875, 0.34375, 0.2578125, 0.234375, 0.34375, 0.296875, 0.3125, 0.3125, 0.359375, 0.28125, 0.3125, 0.3671875, 0.265625, 0.25, 0.1875, 0.34375, 0.2734375, 0.25, 0.3984375]","[50, 58, 68]",0.19892507538544252,0.17035605459859868
518,10596.5625,"[0.4375, 0.46875, 0.59375, 0.34375, 0.453125, 0.4375, 0.3125, 0.46875, 0.4375, 0.625, 0.296875, 0.53125, 0.53125, 0.3671875, 0.40625, 0.5, 0.375, 0.34375, 0.453125, 0.5, 0.3671875]","[0.28125, 0.265625, 0.296875, 0.34375, 0.2578125, 0.234375, 0.34375, 0.296875, 0.3125, 0.3125, 0.359375, 0.28125, 0.3125, 0.3671875, 0.265625, 0.25, 0.1875, 0.34375, 0.2734375, 0.25, 0.3984375]","[58, 68]",0.1950227260548551,0.16643566632465157
519,10596.875,"[0.4375, 0.46875, 0.59375, 0.375, 0.328125, 0.4375, 0.3125, 0.46875, 0.4375, 0.625, 0.296875, 0.53125, 0.53125, 0.3671875, 0.40625, 0.5, 0.375, 0.34375, 0.453125, 0.5, 0.3671875]","[0.28125, 0.265625, 0.296875, 0.375, 0.1953125, 0.234375, 0.34375, 0.296875, 0.3125, 0.3125, 0.359375, 0.28125, 0.3125, 0.3671875, 0.265625, 0.25, 0.1875, 0.34375, 0.2734375, 0.25, 0.3984375]",[68],0.20140495355599775,0.1867720394147771
520,10497.1875,"[0.4375, 0.46875, 0.59375, 0.375, 0.328125, 0.3125, 0.3125, 0.46875, 0.4375, 0.625, 0.296875, 0.53125, 0.53125, 0.3671875, 0.40625, 0.5, 0.5, 0.34375, 0.453125, 0.5, 0.3671875]","[0.28125, 0.265625, 0.296875, 0.375, 0.1953125, 0.171875, 0.34375, 0.296875, 0.3125, 0.3125, 0.359375, 0.28125, 0.3125, 0.3671875, 0.265625, 0.25, 0.25, 0.34375, 0.2734375, 0.25, 0.3984375]",[18],0.21089761509154004,0.18960412359253215
521,10417.8125,"[0.4375, 0.46875, 0.59375, 0.375, 0.328125, 0.375, 0.3125, 0.46875, 0.4375, 0.625, 0.296875, 0.53125, 0.53125, 0.3671875, 0.40625, 0.5, 0.5, 0.34375, 0.453125, 0.5, 0.3671875]","[0.28125, 0.265625, 0.296875, 0.375, 0.1953125, 0.203125, 0.34375, 0.296875, 0.3125, 0.3125, 0.359375, 0.28125, 0.3125, 0.3671875, 0.265625, 0.25, 0.25, 0.34375, 0.2734375, 0.25, 0.3984375]",[70],0.20243774334608233,0.17866703679821166
522,10437.65625,"[0.4375, 0.46875, 0.34375, 0.375, 0.328125, 0.375, 0.3125, 0.46875, 0.4375, 0.625, 0.296875, 0.53125, 0.53125, 0.3671875, 0.40625, 0.5, 0.5, 0.34375, 0.421875, 0.5, 0.3671875]","[0.28125, 0.265625, 0.171875, 0.375, 0.1953125, 0.203125, 0.34375, 0.296875, 0.3125, 0.3125, 0.359375, 0.28125, 0.3125, 0.3671875, 0.265625, 0.25, 0.25, 0.34375, 0.2421875, 0.25, 0.3984375]","[70, 79]",0.1967812473497504,0.20782913040007958
523,10536.875,"[0.4375, 0.46875, 0.59375, 0.375, 0.453125, 0.359375, 0.3125, 0.46875, 0.4375, 0.625, 0.296875, 0.53125, 0.53125, 0.3671875, 0.40625, 0.5, 0.5, 0.34375, 0.421875, 0.5, 0.3671875]","[0.28125, 0.265625, 0.296875, 0.375, 0.2578125, 0.1953125, 0.34375, 0.296875, 0.3125, 0.3125, 0.359375, 0.28125, 0.3125, 0.3671875, 0.265625, 0.25, 0.25, 0.34375, 0.2421875, 0.25, 0.3984375]",[84],0.19456276951224974,0.1705388396157721
524,10556.40625,"[0.4375, 0.46875, 0.59375, 0.375, 0.453125, 0.296875, 0.3125, 0.46875, 0.4375, 0.625, 0.296875, 0.53125, 0.53125, 0.3671875, 0.40625, 0.5, 0.5, 0.3125, 0.421875, 0.5, 0.3671875]","[0.28125, 0.265625, 0.296875, 0.375, 0.2578125, 0.1640625, 0.34375, 0.296875, 0.3125, 0.3125, 0.359375, 0.28125, 0.3125, 0.3671875, 0.265625, 0.25, 0.25, 0.3125, 0.2421875, 0.25, 0.3984375]",[19],0.20941089581970374,0.1805173653150305
525,10417.8125,"[0.4375, 0.46875, 0.59375, 0.375, 0.453125, 0.296875, 0.3125, 0.46875, 0.4375, 0.625, 0.296875, 0.53125, 0.53125, 0.3671875, 0.40625, 0.5, 0.5, 0.3125, 0.390625, 0.5, 0.3671875]","[0.28125, 0.265625, 0.296875, 0.375, 0.2578125, 0.1640625, 0.34375, 0.296875, 0.3125, 0.3125, 0.359375, 0.28125, 0.3125, 0.3671875, 0.265625, 0.25, 0.25, 0.3125, 0.2109375, 0.25, 0.3984375]",[19],0.21128138915927086,0.18776752100565502
526,10437.96875,"[0.4375, 0.46875, 0.59375, 0.375, 0.453125, 0.296875, 0.3125, 0.46875, 0.4375, 0.625, 0.296875, 0.53125, 0.53125, 0.3671875, 0.40625, 0.5, 0.5, 0.3125, 0.390625, 0.375, 0.3984375]","[0.28125, 0.265625, 0.296875, 0.375, 0.2578125, 0.1640625, 0.34375, 0.296875, 0.3125, 0.3125, 0.359375, 0.28125, 0.3125, 0.3671875, 0.265625, 0.25, 0.25, 0.3125, 0.2109375, 0.1875, 0.4296875]","[35, 84, 88]",0.21107683165555252,0.21216980225958604
527,10557.03125,"[0.4375, 0.46875, 0.59375, 0.3125, 0.484375, 0.296875, 0.3125, 0.40625, 0.4375, 0.625, 0.296875, 0.53125, 0.53125, 0.3671875, 0.40625, 0.5, 0.5, 0.3125, 0.453125, 0.375, 0.3984375]","[0.28125, 0.265625, 0.296875, 0.3125, 0.2734375, 0.1640625, 0.34375, 0.265625, 0.3125, 0.3125, 0.359375, 0.28125, 0.3125, 0.3671875, 0.265625, 0.25, 0.25, 0.3125, 0.2421875, 0.1875, 0.4296875]","[4, 35]",0.21857057116574558,0.1989523364935494
528,10339.0625,"[0.4375, 0.46875, 0.59375, 0.3125, 0.484375, 0.296875, 0.3125, 0.40625, 0.4375, 0.625, 0.296875, 0.53125, 0.40625, 0.3671875, 0.40625, 0.5, 0.5, 0.3125, 0.453125, 0.375, 0.3984375]","[0.28125, 0.265625, 0.296875, 0.3125, 0.2734375, 0.1640625, 0.34375, 0.265625, 0.3125, 0.3125, 0.359375, 0.28125, 0.25, 0.3671875, 0.265625, 0.25, 0.25, 0.3125, 0.2421875, 0.1875, 0.4296875]",[9],0.21545782824304438,0.20228473893522078
529,10160.46875,"[0.4375, 0.46875, 0.59375, 0.3125, 0.484375, 0.296875, 0.3125, 0.375, 0.4375, 0.625, 0.296875, 0.53125, 0.40625, 0.359375, 0.40625, 0.5, 0.5, 0.3125, 0.453125, 0.40625, 0.3984375]","[0.28125, 0.265625, 0.296875, 0.3125, 0.2734375, 0.1640625, 0.34375, 0.25, 0.3125, 0.3125, 0.359375, 0.28125, 0.25, 0.359375, 0.265625, 0.25, 0.25, 0.3125, 0.2421875, 0.203125, 0.4296875]","[35, 38]",0.21623358124441708,0.19798274285880008
530,10239.609375,"[0.4375, 0.46875, 0.59375, 0.3125, 0.484375, 0.359375, 0.3125, 0.375, 0.4375, 0.625, 0.296875, 0.53125, 0.40625, 0.359375, 0.40625, 0.5, 0.5, 0.3125, 0.453125, 0.40625, 0.3984375]","[0.28125, 0.265625, 0.296875, 0.3125, 0.2734375, 0.1953125, 0.34375, 0.25, 0.3125, 0.3125, 0.359375, 0.28125, 0.25, 0.359375, 0.265625, 0.25, 0.25, 0.3125, 0.2421875, 0.203125, 0.4296875]",[35],0.20717320548174803,0.1869058534369522
531,10239.921875,"[0.4375, 0.46875, 0.59375, 0.3125, 0.484375, 0.390625, 0.3125, 0.375, 0.4375, 0.625, 0.296875, 0.53125, 0.40625, 0.359375, 0.40625, 0.5, 0.5, 0.3125, 0.453125, 0.40625, 0.3984375]","[0.28125, 0.265625, 0.296875, 0.3125, 0.2734375, 0.2109375, 0.34375, 0.25, 0.3125, 0.3125, 0.359375, 0.28125, 0.25, 0.359375, 0.265625, 0.25, 0.25, 0.3125, 0.2421875, 0.203125, 0.4296875]",[87],0.20435977762391175,0.18229868077593833
532,10279.609375,"[0.4375, 0.46875, 0.59375, 0.3125, 0.484375, 0.390625, 0.3125, 0.375, 0.4375, 0.625, 0.328125, 0.53125, 0.40625, 0.359375, 0.40625, 0.5, 0.5, 0.3125, 0.453125, 0.40625, 0.3984375]","[0.28125, 0.265625, 0.296875, 0.3125, 0.2734375, 0.2109375, 0.34375, 0.25, 0.3125, 0.3125, 0.421875, 0.28125, 0.25, 0.359375, 0.265625, 0.25, 0.25, 0.3125, 0.2421875, 0.203125, 0.4296875]",[99],0.19897777758377425,0.1989632384698004
533,10299.453125,"[0.4375, 0.46875, 0.59375, 0.3125, 0.484375, 0.390625, 0.3125, 0.375, 0.4375, 0.625, 0.328125, 0.53125, 0.40625, 0.359375, 0.40625, 0.5, 0.5, 0.3125, 0.453125, 0.40625, 0.3984375]","[0.28125, 0.265625, 0.296875, 0.3125, 0.2734375, 0.2109375, 0.34375, 0.25, 0.3125, 0.3125, 0.421875, 0.28125, 0.25, 0.359375, 0.265625, 0.25, 0.25, 0.3125, 0.2421875, 0.203125, 0.4296875]",[99],0.19897777758377425,0.1989632384698004
534,10319.296875,"[0.4375, 0.46875, 0.59375, 0.3125, 0.484375, 0.421875, 0.3125, 0.375, 0.4375, 0.625, 0.328125, 0.53125, 0.40625, 0.359375, 0.40625, 0.5, 0.5, 0.3125, 0.453125, 0.40625, 0.3984375]","[0.28125, 0.265625, 0.296875, 0.3125, 0.2734375, 0.2421875, 0.34375, 0.25, 0.3125, 0.3125, 0.421875, 0.28125, 0.25, 0.359375, 0.265625, 0.25, 0.25, 0.3125, 0.2421875, 0.203125, 0.4296875]","[111, 116]",0.1972870050262933,0.1921069996971194
535,10398.515625,"[0.4375, 0.46875, 0.59375, 0.3125, 0.484375, 0.421875, 0.3125, 0.4375, 0.4375, 0.625, 0.328125, 0.53125, 0.40625, 0.359375, 0.40625, 0.5, 0.5, 0.3125, 0.453125, 0.40625, 0.3984375]","[0.28125, 0.265625, 0.296875, 0.3125, 0.2734375, 0.2421875, 0.34375, 0.3125, 0.3125, 0.3125, 0.421875, 0.28125, 0.25, 0.375, 0.265625, 0.25, 0.25, 0.3125, 0.2421875, 0.203125, 0.4296875]","[127, 143, 146]",0.19374354377268868,0.19045970117256472
536,10517.421875,"[0.4375, 0.46875, 0.59375, 0.3125, 0.484375, 0.421875, 0.3125, 0.4375, 0.4375, 0.625, 0.328125, 0.53125, 0.40625, 0.359375, 0.40625, 0.5, 0.5, 0.3125, 0.453125, 0.40625, 0.3984375]","[0.28125, 0.265625, 0.296875, 0.3125, 0.2734375, 0.2421875, 0.34375, 0.3125, 0.3125, 0.3125, 0.421875, 0.28125, 0.25, 0.375, 0.265625, 0.25, 0.25, 0.3125, 0.2421875, 0.203125, 0.4296875]",[127],0.19374354377268868,0.19045970117256472
537,10378.515625,"[0.4375, 0.46875, 0.59375, 0.3125, 0.484375, 0.421875, 0.3125, 0.4375, 0.4375, 0.625, 0.328125, 0.53125, 0.40625, 0.359375, 0.40625, 0.5, 0.5, 0.3125, 0.453125, 0.40625, 0.3984375]","[0.28125, 0.265625, 0.296875, 0.3125, 0.2734375, 0.2421875, 0.34375, 0.3125, 0.3125, 0.3125, 0.421875, 0.28125, 0.25, 0.375, 0.265625, 0.25, 0.25, 0.3125, 0.2421875, 0.203125, 0.4296875]",[127],0.19374354377268868,0.19045970117256472
538,10398.359375,"[0.4375, 0.46875, 0.59375, 0.3125, 0.484375, 0.421875, 0.3125, 0.4375, 0.4375, 0.625, 0.328125, 0.53125, 0.40625, 0.359375, 0.40625, 0.5, 0.5, 0.3125, 0.453125, 0.4375, 0.3984375]","[0.28125, 0.265625, 0.296875, 0.3125, 0.2734375, 0.2421875, 0.34375, 0.3125, 0.3125, 0.3125, 0.421875, 0.28125, 0.25, 0.375, 0.265625, 0.25, 0.25, 0.3125, 0.2421875, 0.21875, 0.4296875]","[143, 146]",0.19252497511741204,0.18612831595434373
539,10517.421875,"[0.4375, 0.46875, 0.59375, 0.3125, 0.484375, 0.453125, 0.3125, 0.4375, 0.4375, 0.625, 0.328125, 0.53125, 0.40625, 0.359375, 0.40625, 0.5, 0.5, 0.3125, 0.453125, 0.4375, 0.3984375]","[0.28125, 0.265625, 0.296875, 0.3125, 0.2734375, 0.2578125, 0.34375, 0.3125, 0.3125, 0.3125, 0.421875, 0.28125, 0.25, 0.375, 0.265625, 0.25, 0.25, 0.3125, 0.2421875, 0.21875, 0.4296875]","[143, 148]",0.19188573272378048,0.18349099390670476
540,10636.171875,"[0.4375, 0.46875, 0.59375, 0.3125, 0.484375, 0.421875, 0.3125, 0.4375, 0.4375, 0.625, 0.328125, 0.53125, 0.40625, 0.359375, 0.40625, 0.5, 0.5, 0.3125, 0.453125, 0.4375, 0.3984375]","[0.28125, 0.265625, 0.296875, 0.3125, 0.2734375, 0.2421875, 0.34375, 0.3125, 0.3125, 0.3125, 0.421875, 0.28125, 0.25, 0.375, 0.265625, 0.25, 0.25, 0.3125, 0.2421875, 0.21875, 0.4296875]",[35],0.19252497511741204,0.18612831595434373
541,10418.046875,"[0.4375, 0.46875, 0.59375, 0.3125, 0.484375, 0.421875, 0.3125, 0.4375, 0.4375, 0.625, 0.328125, 0.53125, 0.40625, 0.359375, 0.40625, 0.5, 0.5, 0.3125, 0.453125, 0.4375, 0.3359375]","[0.28125, 0.265625, 0.296875, 0.3125, 0.2734375, 0.2421875, 0.34375, 0.3125, 0.3125, 0.3125, 0.421875, 0.28125, 0.25, 0.375, 0.265625, 0.25, 0.25, 0.3125, 0.2421875, 0.21875, 0.3671875]","[35, 143]",0.19930435855462766,0.16832280922470186
542,10437.421875,"[0.40625, 0.46875, 0.59375, 0.3125, 0.484375, 0.421875, 0.28125, 0.4375, 0.4375, 0.625, 0.328125, 0.53125, 0.53125, 0.359375, 0.40625, 0.5, 0.5, 0.3125, 0.421875, 0.4375, 0.3359375]","[0.265625, 0.265625, 0.296875, 0.3125, 0.2734375, 0.2421875, 0.3125, 0.3125, 0.3125, 0.3125, 0.421875, 0.28125, 0.3125, 0.375, 0.265625, 0.25, 0.25, 0.3125, 0.2421875, 0.21875, 0.3671875]","[49, 69]",0.20959305842413764,0.16275627183022778
543,10457.265625,"[0.40625, 0.46875, 0.59375, 0.3125, 0.484375, 0.421875, 0.28125, 0.4375, 0.4375, 0.625, 0.328125, 0.53125, 0.53125, 0.359375, 0.40625, 0.5, 0.5, 0.3125, 0.421875, 0.4375, 0.3359375]","[0.265625, 0.265625, 0.296875, 0.3125, 0.2734375, 0.2421875, 0.3125, 0.3125, 0.3125, 0.3125, 0.421875, 0.28125, 0.3125, 0.375, 0.265625, 0.25, 0.25, 0.3125, 0.2421875, 0.21875, 0.3671875]","[49, 69, 74]",0.20959305842413764,0.16275627183022778
544,10357.65625,"[0.46875, 0.46875, 0.59375, 0.3125, 0.484375, 0.453125, 0.2890625, 0.4375, 0.4375, 0.625, 0.328125, 0.53125, 0.53125, 0.359375, 0.40625, 0.5, 0.5, 0.3125, 0.421875, 0.4375, 0.3359375]","[0.296875, 0.265625, 0.296875, 0.3125, 0.2734375, 0.2734375, 0.3203125, 0.3125, 0.3125, 0.3125, 0.421875, 0.28125, 0.3125, 0.375, 0.265625, 0.25, 0.25, 0.3125, 0.2421875, 0.21875, 0.3671875]",[144],0.2058916455310131,0.15564134296356655
545,10397.34375,"[0.46875, 0.46875, 0.59375, 0.28125, 0.484375, 0.453125, 0.2890625, 0.4375, 0.4375, 0.625, 0.328125, 0.53125, 0.53125, 0.359375, 0.40625, 0.5, 0.5, 0.3125, 0.453125, 0.4375, 0.3359375]","[0.296875, 0.265625, 0.296875, 0.28125, 0.2734375, 0.2734375, 0.3203125, 0.3125, 0.3125, 0.3125, 0.421875, 0.28125, 0.3125, 0.375, 0.265625, 0.25, 0.25, 0.3125, 0.2734375, 0.21875, 0.3671875]",[58],0.21108248646150002,0.15139853464935624
546,10397.34375,"[0.46875, 0.46875, 0.59375, 0.28125, 0.46875, 0.453125, 0.2890625, 0.4375, 0.4375, 0.625, 0.296875, 0.53125, 0.53125, 0.359375, 0.40625, 0.5, 0.5, 0.3125, 0.453125, 0.46875, 0.3359375]","[0.296875, 0.265625, 0.296875, 0.28125, 0.265625, 0.2734375, 0.3203125, 0.3125, 0.3125, 0.3125, 0.359375, 0.28125, 0.3125, 0.375, 0.265625, 0.25, 0.25, 0.3125, 0.2734375, 0.25, 0.3671875]","[66, 148, 153]",0.2158506351539222,0.12262786789699316
547,10536.09375,"[0.5, 0.46875, 0.59375, 0.28125, 0.46875, 0.453125, 0.2890625, 0.4375, 0.4375, 0.625, 0.296875, 0.53125, 0.53125, 0.359375, 0.40625, 0.5, 0.5, 0.3125, 0.453125, 0.59375, 0.3359375]","[0.3125, 0.265625, 0.296875, 0.28125, 0.265625, 0.2734375, 0.3203125, 0.3125, 0.3125, 0.3125, 0.359375, 0.28125, 0.3125, 0.375, 0.265625, 0.25, 0.25, 0.3125, 0.2734375, 0.3125, 0.3671875]",[148],0.22574875414938614,0.1166784529642839
548,10555.9375,"[0.5, 0.46875, 0.59375, 0.3125, 0.46875, 0.453125, 0.2890625, 0.4375, 0.4375, 0.625, 0.296875, 0.53125, 0.53125, 0.359375, 0.40625, 0.5, 0.5, 0.3125, 0.453125, 0.59375, 0.3359375]","[0.3125, 0.265625, 0.296875, 0.3125, 0.265625, 0.2734375, 0.3203125, 0.3125, 0.3125, 0.3125, 0.359375, 0.28125, 0.3125, 0.375, 0.265625, 0.25, 0.25, 0.3125, 0.2734375, 0.3125, 0.3671875]",[154],0.21998837529780302,0.11547495733725163
549,10595.3125,"[0.5, 0.46875, 0.59375, 0.3125, 0.46875, 0.453125, 0.2734375, 0.4375, 0.4375, 0.5, 0.296875, 0.53125, 0.53125, 0.359375, 0.46875, 0.5, 0.5, 0.3125, 0.453125, 0.59375, 0.2734375]","[0.3125, 0.265625, 0.296875, 0.3125, 0.265625, 0.2734375, 0.3046875, 0.3125, 0.3125, 0.25, 0.359375, 0.28125, 0.3125, 0.375, 0.296875, 0.25, 0.25, 0.3125, 0.2734375, 0.3125, 0.3046875]",[3],0.2190263732421439,0.108350708377029
550,10397.03125,"[0.5, 0.46875, 0.59375, 0.3125, 0.46875, 0.453125, 0.2734375, 0.4375, 0.4375, 0.5, 0.296875, 0.53125, 0.53125, 0.359375, 0.46875, 0.5, 0.5, 0.3125, 0.453125, 0.59375, 0.2734375]","[0.3125, 0.265625, 0.296875, 0.3125, 0.265625, 0.2734375, 0.3046875, 0.3125, 0.3125, 0.25, 0.359375, 0.28125, 0.3125, 0.375, 0.296875, 0.25, 0.25, 0.3125, 0.2734375, 0.3125, 0.3046875]",[3],0.2190263732421439,0.108350708377029
551,10356.71875,"[0.5, 0.46875, 0.59375, 0.3125, 0.46875, 0.453125, 0.2734375, 0.4375, 0.4375, 0.5, 0.296875, 0.53125, 0.5, 0.359375, 0.46875, 0.5, 0.5, 0.3125, 0.453125, 0.59375, 0.2734375]","[0.3125, 0.265625, 0.296875, 0.3125, 0.265625, 0.2734375, 0.3046875, 0.3125, 0.3125, 0.25, 0.359375, 0.28125, 0.28125, 0.375, 0.296875, 0.25, 0.25, 0.3125, 0.2734375, 0.3125, 0.3046875]","[3, 15, 126]",0.21712007520760632,0.10877996413949212
552,10515.625,"[0.46875, 0.46875, 0.59375, 0.3125, 0.46875, 0.421875, 0.2734375, 0.4375, 0.4375, 0.5625, 0.296875, 0.53125, 0.5, 0.359375, 0.46875, 0.5, 0.5, 0.3125, 0.421875, 0.59375, 0.2890625]","[0.296875, 0.265625, 0.296875, 0.3125, 0.265625, 0.2421875, 0.3046875, 0.3125, 0.3125, 0.3125, 0.359375, 0.28125, 0.28125, 0.375, 0.296875, 0.25, 0.25, 0.3125, 0.2578125, 0.3125, 0.3359375]",[12],0.2197286200638206,0.11485152117683808
553,10337.1875,"[0.46875, 0.46875, 0.59375, 0.3125, 0.46875, 0.484375, 0.2578125, 0.4375, 0.4375, 0.5625, 0.296875, 0.5, 0.5, 0.359375, 0.46875, 0.5, 0.375, 0.3125, 0.421875, 0.59375, 0.2734375]","[0.296875, 0.265625, 0.296875, 0.3125, 0.265625, 0.2734375, 0.2734375, 0.3125, 0.3125, 0.3125, 0.359375, 0.25, 0.28125, 0.375, 0.296875, 0.25, 0.1875, 0.3125, 0.2578125, 0.3125, 0.3046875]","[6, 15, 22, 37]",0.2266771747182401,0.13411877853838253
554,10297.8125,"[0.46875, 0.46875, 0.59375, 0.3125, 0.46875, 0.484375, 0.2734375, 0.4375, 0.4375, 0.5625, 0.296875, 0.5, 0.375, 0.375, 0.46875, 0.5, 0.375, 0.3125, 0.421875, 0.59375, 0.2734375]","[0.296875, 0.265625, 0.296875, 0.3125, 0.265625, 0.2734375, 0.2890625, 0.3125, 0.3125, 0.3125, 0.359375, 0.25, 0.21875, 0.390625, 0.296875, 0.25, 0.1875, 0.3125, 0.2578125, 0.3125, 0.3046875]",[6],0.2239886122942414,0.15005016089987136
555,10099.375,"[0.46875, 0.46875, 0.59375, 0.3125, 0.46875, 0.484375, 0.2734375, 0.4375, 0.4375, 0.5625, 0.296875, 0.5, 0.375, 0.375, 0.46875, 0.5, 0.4375, 0.3125, 0.421875, 0.59375, 0.2734375]","[0.296875, 0.265625, 0.296875, 0.3125, 0.265625, 0.2734375, 0.2890625, 0.3125, 0.3125, 0.3125, 0.359375, 0.25, 0.21875, 0.390625, 0.296875, 0.25, 0.21875, 0.3125, 0.2578125, 0.3125, 0.3046875]",[15],0.22072669409010698,0.13865100939570127
556,10179.0625,"[0.46875, 0.4375, 0.59375, 0.3125, 0.46875, 0.484375, 0.3046875, 0.4375, 0.4375, 0.5625, 0.296875, 0.5, 0.375, 0.375, 0.46875, 0.5, 0.4375, 0.3125, 0.421875, 0.59375, 0.2734375]","[0.296875, 0.25, 0.296875, 0.3125, 0.265625, 0.2734375, 0.3203125, 0.3125, 0.3125, 0.3125, 0.359375, 0.25, 0.21875, 0.390625, 0.296875, 0.25, 0.21875, 0.3125, 0.2578125, 0.3125, 0.3046875]","[16, 67]",0.21470536734821785,0.14205771216659033
557,10477.5,"[0.46875, 0.4375, 0.59375, 0.3125, 0.46875, 0.484375, 0.3046875, 0.4375, 0.4375, 0.5625, 0.296875, 0.5, 0.375, 0.375, 0.46875, 0.5, 0.4375, 0.3125, 0.421875, 0.59375, 0.2734375]","[0.296875, 0.25, 0.296875, 0.3125, 0.265625, 0.2734375, 0.3203125, 0.3125, 0.3125, 0.3125, 0.359375, 0.25, 0.21875, 0.390625, 0.296875, 0.25, 0.21875, 0.3125, 0.2578125, 0.3125, 0.3046875]",[16],0.21470536734821785,0.14205771216659033
558,10179.21875,"[0.46875, 0.4375, 0.59375, 0.3125, 0.46875, 0.484375, 0.3046875, 0.4375, 0.4375, 0.5625, 0.296875, 0.5, 0.375, 0.375, 0.46875, 0.5, 0.4375, 0.3125, 0.421875, 0.59375, 0.2734375]","[0.296875, 0.25, 0.296875, 0.3125, 0.265625, 0.2734375, 0.3203125, 0.3125, 0.3125, 0.3125, 0.359375, 0.25, 0.21875, 0.390625, 0.296875, 0.25, 0.21875, 0.3125, 0.2578125, 0.3125, 0.3046875]","[16, 67, 90]",0.21470536734821785,0.14205771216659033
559,10377.5,"[0.46875, 0.4375, 0.59375, 0.3125, 0.46875, 0.484375, 0.2890625, 0.4375, 0.4375, 0.5625, 0.296875, 0.5, 0.5, 0.375, 0.46875, 0.5, 0.4375, 0.3125, 0.453125, 0.59375, 0.2734375]","[0.296875, 0.25, 0.296875, 0.3125, 0.265625, 0.2734375, 0.3046875, 0.3125, 0.3125, 0.3125, 0.359375, 0.25, 0.28125, 0.390625, 0.296875, 0.25, 0.21875, 0.3125, 0.2890625, 0.3125, 0.3046875]","[25, 67, 99, 118]",0.21440979746460884,0.12528796086091573
560,10496.796875,"[0.46875, 0.4375, 0.59375, 0.3125, 0.4375, 0.484375, 0.2890625, 0.4375, 0.4375, 0.5625, 0.296875, 0.5, 0.5, 0.375, 0.4375, 0.46875, 0.5, 0.3125, 0.453125, 0.59375, 0.2890625]","[0.296875, 0.25, 0.296875, 0.3125, 0.25, 0.2734375, 0.3046875, 0.3125, 0.3125, 0.3125, 0.359375, 0.25, 0.28125, 0.390625, 0.28125, 0.234375, 0.25, 0.3125, 0.2890625, 0.3125, 0.3203125]","[25, 27]",0.2113604183224251,0.12475508813138328
561,10397.5,"[0.46875, 0.4375, 0.59375, 0.34375, 0.4375, 0.484375, 0.2890625, 0.4375, 0.4375, 0.5625, 0.296875, 0.5, 0.5, 0.375, 0.4375, 0.34375, 0.375, 0.3125, 0.453125, 0.59375, 0.2890625]","[0.296875, 0.25, 0.296875, 0.34375, 0.25, 0.2734375, 0.3046875, 0.3125, 0.3125, 0.3125, 0.359375, 0.25, 0.28125, 0.390625, 0.28125, 0.171875, 0.1875, 0.3125, 0.2890625, 0.3125, 0.3203125]",[27],0.21572911228036049,0.16982174221006677
562,10357.8125,"[0.46875, 0.4375, 0.59375, 0.34375, 0.4375, 0.484375, 0.2890625, 0.4375, 0.4375, 0.5625, 0.296875, 0.5, 0.5, 0.375, 0.4375, 0.59375, 0.375, 0.3125, 0.453125, 0.59375, 0.2890625]","[0.296875, 0.25, 0.296875, 0.34375, 0.25, 0.2734375, 0.3046875, 0.3125, 0.3125, 0.3125, 0.359375, 0.25, 0.28125, 0.390625, 0.28125, 0.296875, 0.1875, 0.3125, 0.2890625, 0.3125, 0.3203125]","[67, 75]",0.22014006666540906,0.14019414807966915
563,10417.03125,"[0.46875, 0.4375, 0.59375, 0.34375, 0.4375, 0.484375, 0.2890625, 0.4375, 0.4375, 0.5625, 0.296875, 0.5, 0.5, 0.375, 0.4375, 0.59375, 0.4375, 0.3125, 0.453125, 0.59375, 0.2890625]","[0.296875, 0.25, 0.296875, 0.34375, 0.25, 0.2734375, 0.3046875, 0.3125, 0.3125, 0.3125, 0.359375, 0.25, 0.28125, 0.390625, 0.28125, 0.296875, 0.21875, 0.3125, 0.2890625, 0.3125, 0.3203125]","[67, 85, 88]",0.2162595360202691,0.12767008215631126
564,10515.9375,"[0.46875, 0.4375, 0.59375, 0.34375, 0.4375, 0.484375, 0.2890625, 0.4375, 0.4375, 0.5625, 0.296875, 0.5, 0.53125, 0.3125, 0.4375, 0.59375, 0.4375, 0.3125, 0.453125, 0.59375, 0.2890625]","[0.296875, 0.25, 0.296875, 0.34375, 0.25, 0.2734375, 0.3046875, 0.3125, 0.3125, 0.3125, 0.359375, 0.25, 0.3125, 0.328125, 0.28125, 0.296875, 0.21875, 0.3125, 0.2890625, 0.3125, 0.3203125]",[67],0.22631037850223137,0.11075879595982134
565,10297.1875,"[0.40625, 0.46875, 0.59375, 0.34375, 0.4375, 0.484375, 0.2890625, 0.4375, 0.4375, 0.5625, 0.296875, 0.5, 0.53125, 0.3125, 0.4375, 0.59375, 0.4375, 0.3125, 0.453125, 0.59375, 0.2890625]","[0.234375, 0.265625, 0.296875, 0.34375, 0.25, 0.2734375, 0.3046875, 0.3125, 0.3125, 0.3125, 0.359375, 0.25, 0.3125, 0.328125, 0.28125, 0.296875, 0.21875, 0.3125, 0.2890625, 0.3125, 0.3203125]",[85],0.22768396629769327,0.11776993753900018
566,10297.5,"[0.375, 0.46875, 0.59375, 0.34375, 0.4375, 0.484375, 0.2890625, 0.4375, 0.4375, 0.5625, 0.328125, 0.5, 0.53125, 0.3125, 0.4375, 0.59375, 0.4375, 0.3125, 0.453125, 0.59375, 0.2890625]","[0.21875, 0.265625, 0.296875, 0.34375, 0.25, 0.2734375, 0.3046875, 0.3125, 0.3125, 0.3125, 0.421875, 0.25, 0.3125, 0.328125, 0.28125, 0.296875, 0.21875, 0.3125, 0.2890625, 0.3125, 0.3203125]","[0, 95, 115]",0.22501875181204276,0.14573024320908903
567,10555.3125,"[0.375, 0.46875, 0.59375, 0.34375, 0.4375, 0.484375, 0.2890625, 0.4375, 0.4375, 0.5625, 0.328125, 0.5, 0.53125, 0.3125, 0.4375, 0.59375, 0.4375, 0.3125, 0.453125, 0.59375, 0.2890625]","[0.21875, 0.265625, 0.296875, 0.34375, 0.25, 0.2734375, 0.3046875, 0.3125, 0.3125, 0.3125, 0.421875, 0.25, 0.3125, 0.328125, 0.28125, 0.296875, 0.21875, 0.3125, 0.2890625, 0.3125, 0.3203125]",[0],0.22501875181204276,0.14573024320908903
568,10297.5,"[0.375, 0.46875, 0.59375, 0.34375, 0.4375, 0.484375, 0.2890625, 0.4375, 0.4375, 0.53125, 0.328125, 0.5, 0.53125, 0.3125, 0.4375, 0.59375, 0.46875, 0.3125, 0.453125, 0.59375, 0.2890625]","[0.21875, 0.265625, 0.296875, 0.34375, 0.25, 0.2734375, 0.3046875, 0.3125, 0.3125, 0.296875, 0.421875, 0.25, 0.3125, 0.328125, 0.28125, 0.296875, 0.234375, 0.3125, 0.2890625, 0.3125, 0.3203125]",[95],0.2217782199780907,0.1411319120330936
569,10297.5,"[0.40625, 0.46875, 0.59375, 0.34375, 0.4375, 0.484375, 0.2890625, 0.4375, 0.4375, 0.53125, 0.328125, 0.5, 0.53125, 0.3125, 0.4375, 0.59375, 0.46875, 0.3125, 0.453125, 0.59375, 0.2890625]","[0.234375, 0.265625, 0.296875, 0.34375, 0.25, 0.2734375, 0.3046875, 0.3125, 0.3125, 0.296875, 0.421875, 0.25, 0.3125, 0.328125, 0.28125, 0.296875, 0.234375, 0.3125, 0.2890625, 0.3125, 0.3203125]",[112],0.21931830331779703,0.136496336947187
570,10337.34375,"[0.40625, 0.46875, 0.59375, 0.34375, 0.4375, 0.484375, 0.3046875, 0.375, 0.4375, 0.53125, 0.328125, 0.5, 0.53125, 0.3125, 0.4375, 0.59375, 0.46875, 0.3125, 0.453125, 0.46875, 0.2890625]","[0.234375, 0.265625, 0.296875, 0.34375, 0.25, 0.2734375, 0.3359375, 0.28125, 0.3125, 0.296875, 0.421875, 0.25, 0.3125, 0.328125, 0.28125, 0.296875, 0.234375, 0.3125, 0.2890625, 0.25, 0.3203125]",[109],0.2091523037062111,0.14433756729740646
571,10158.90625,"[0.4375, 0.46875, 0.59375, 0.34375, 0.4375, 0.484375, 0.3046875, 0.375, 0.4375, 0.53125, 0.328125, 0.5, 0.53125, 0.3125, 0.4375, 0.59375, 0.46875, 0.3125, 0.453125, 0.46875, 0.2890625]","[0.25, 0.265625, 0.296875, 0.34375, 0.25, 0.2734375, 0.3359375, 0.28125, 0.3125, 0.296875, 0.421875, 0.25, 0.3125, 0.328125, 0.28125, 0.296875, 0.234375, 0.3125, 0.2890625, 0.25, 0.3203125]",[115],0.2080109075737399,0.1408103260390296
572,10198.28125,"[0.4375, 0.46875, 0.59375, 0.34375, 0.4375, 0.484375, 0.296875, 0.375, 0.4375, 0.53125, 0.328125, 0.5, 0.53125, 0.3125, 0.4375, 0.59375, 0.46875, 0.3125, 0.421875, 0.46875, 0.2890625]","[0.25, 0.265625, 0.296875, 0.34375, 0.25, 0.2734375, 0.328125, 0.28125, 0.3125, 0.296875, 0.421875, 0.25, 0.3125, 0.328125, 0.28125, 0.296875, 0.234375, 0.3125, 0.2734375, 0.25, 0.3203125]",[49],0.20998707652620205,0.14103873850008167
573,10138.671875,"[0.5, 0.46875, 0.59375, 0.34375, 0.4375, 0.484375, 0.296875, 0.375, 0.4375, 0.53125, 0.328125, 0.5, 0.53125, 0.3125, 0.4375, 0.59375, 0.46875, 0.3125, 0.421875, 0.46875, 0.2890625]","[0.3125, 0.265625, 0.296875, 0.34375, 0.25, 0.2734375, 0.328125, 0.28125, 0.3125, 0.296875, 0.421875, 0.25, 0.3125, 0.328125, 0.28125, 0.296875, 0.234375, 0.3125, 0.2734375, 0.25, 0.3203125]","[86, 115, 136]",0.21119990525207663,0.13608137792861819
574,10238.046875,"[0.5, 0.46875, 0.59375, 0.375, 0.4375, 0.484375, 0.296875, 0.375, 0.4375, 0.53125, 0.328125, 0.5, 0.53125, 0.3125, 0.4375, 0.59375, 0.46875, 0.328125, 0.359375, 0.46875, 0.2890625]","[0.3125, 0.265625, 0.296875, 0.40625, 0.25, 0.2734375, 0.328125, 0.28125, 0.3125, 0.296875, 0.421875, 0.25, 0.3125, 0.328125, 0.28125, 0.296875, 0.234375, 0.328125, 0.2421875, 0.25, 0.3203125]",[84],0.20989629329761597,0.1582376612564581
575,10158.203125,"[0.5, 0.46875, 0.59375, 0.375, 0.4375, 0.484375, 0.296875, 0.4375, 0.4375, 0.53125, 0.328125, 0.5, 0.53125, 0.3125, 0.4375, 0.59375, 0.46875, 0.328125, 0.359375, 0.46875, 0.2890625]","[0.3125, 0.265625, 0.296875, 0.40625, 0.25, 0.2734375, 0.328125, 0.3125, 0.3125, 0.296875, 0.421875, 0.25, 0.3125, 0.328125, 0.28125, 0.296875, 0.234375, 0.328125, 0.2421875, 0.25, 0.3203125]",[115],0.2062596692384832,0.15710554646049463
576,10197.890625,"[0.5, 0.46875, 0.59375, 0.375, 0.4375, 0.484375, 0.2890625, 0.4375, 0.40625, 0.53125, 0.328125, 0.5, 0.53125, 0.3125, 0.4375, 0.59375, 0.46875, 0.328125, 0.359375, 0.34375, 0.2890625]","[0.3125, 0.265625, 0.296875, 0.40625, 0.25, 0.2734375, 0.3203125, 0.3125, 0.296875, 0.296875, 0.421875, 0.25, 0.3125, 0.328125, 0.28125, 0.296875, 0.234375, 0.328125, 0.2421875, 0.1875, 0.3203125]","[48, 89]",0.21586343411498377,0.17455919949238946
577,10159.0625,"[0.5, 0.46875, 0.59375, 0.375, 0.4375, 0.484375, 0.3046875, 0.4375, 0.40625, 0.53125, 0.328125, 0.5, 0.53125, 0.3125, 0.4375, 0.59375, 0.46875, 0.328125, 0.359375, 0.34375, 0.3515625]","[0.3125, 0.265625, 0.296875, 0.40625, 0.25, 0.2734375, 0.3359375, 0.3125, 0.296875, 0.296875, 0.421875, 0.25, 0.3125, 0.328125, 0.28125, 0.296875, 0.234375, 0.328125, 0.2421875, 0.1875, 0.3828125]",[115],0.20301470754899983,0.18353589021699632
578,10198.75,"[0.5, 0.46875, 0.59375, 0.375, 0.4375, 0.484375, 0.3046875, 0.4375, 0.40625, 0.53125, 0.328125, 0.5, 0.53125, 0.3125, 0.4375, 0.59375, 0.40625, 0.328125, 0.359375, 0.34375, 0.3515625]","[0.3125, 0.265625, 0.296875, 0.40625, 0.25, 0.2734375, 0.3359375, 0.3125, 0.296875, 0.296875, 0.421875, 0.25, 0.3125, 0.328125, 0.28125, 0.296875, 0.203125, 0.328125, 0.2421875, 0.1875, 0.3828125]","[55, 115]",0.2039505484165192,0.19162303654299262
579,10218.28125,"[0.5, 0.46875, 0.59375, 0.375, 0.4375, 0.421875, 0.3046875, 0.4375, 0.40625, 0.53125, 0.328125, 0.5, 0.53125, 0.3125, 0.4375, 0.59375, 0.40625, 0.328125, 0.359375, 0.34375, 0.3515625]","[0.3125, 0.265625, 0.296875, 0.40625, 0.25, 0.2421875, 0.3359375, 0.3125, 0.296875, 0.296875, 0.421875, 0.25, 0.3125, 0.328125, 0.28125, 0.296875, 0.203125, 0.328125, 0.2421875, 0.1875, 0.3828125]",[55],0.20341166785661305,0.1960867155112758
580,10079.6875,"[0.5, 0.46875, 0.59375, 0.375, 0.4375, 0.421875, 0.2421875, 0.4375, 0.40625, 0.53125, 0.328125, 0.5, 0.53125, 0.3125, 0.4375, 0.59375, 0.46875, 0.328125, 0.359375, 0.34375, 0.3515625]","[0.3125, 0.265625, 0.296875, 0.40625, 0.25, 0.2421875, 0.2734375, 0.3125, 0.296875, 0.296875, 0.421875, 0.25, 0.3125, 0.328125, 0.28125, 0.296875, 0.234375, 0.328125, 0.2421875, 0.1875, 0.3828125]",[61],0.2161718358130708,0.1888270776689039
581,9960.0,"[0.5, 0.46875, 0.59375, 0.375, 0.4375, 0.421875, 0.2421875, 0.4375, 0.40625, 0.46875, 0.328125, 0.5, 0.53125, 0.3125, 0.4375, 0.59375, 0.46875, 0.328125, 0.359375, 0.375, 0.3515625]","[0.3125, 0.265625, 0.296875, 0.40625, 0.25, 0.2421875, 0.2734375, 0.3125, 0.296875, 0.265625, 0.421875, 0.25, 0.3125, 0.328125, 0.28125, 0.296875, 0.234375, 0.328125, 0.2421875, 0.203125, 0.3828125]",[92],0.20865441376727809,0.18605728274679487
582,10000.0,"[0.5, 0.46875, 0.59375, 0.375, 0.4375, 0.484375, 0.2421875, 0.4375, 0.34375, 0.46875, 0.328125, 0.5, 0.53125, 0.3125, 0.4375, 0.59375, 0.46875, 0.328125, 0.359375, 0.375, 0.3515625]","[0.3125, 0.265625, 0.296875, 0.40625, 0.25, 0.2734375, 0.2734375, 0.3125, 0.234375, 0.265625, 0.421875, 0.25, 0.3125, 0.328125, 0.28125, 0.296875, 0.234375, 0.328125, 0.2421875, 0.203125, 0.3828125]","[42, 115, 121, 130]",0.21471848334922014,0.1889428674131169
583,10079.375,"[0.5, 0.46875, 0.59375, 0.375, 0.4375, 0.484375, 0.2421875, 0.4375, 0.40625, 0.46875, 0.328125, 0.5, 0.53125, 0.3125, 0.40625, 0.59375, 0.46875, 0.328125, 0.359375, 0.40625, 0.3515625]","[0.3125, 0.265625, 0.296875, 0.40625, 0.25, 0.2734375, 0.2734375, 0.3125, 0.265625, 0.265625, 0.421875, 0.25, 0.3125, 0.328125, 0.265625, 0.296875, 0.234375, 0.328125, 0.2421875, 0.21875, 0.3828125]",[96],0.2080184251933165,0.18097496167945654
584,10059.6875,"[0.5, 0.46875, 0.59375, 0.375, 0.4375, 0.484375, 0.2421875, 0.4375, 0.40625, 0.46875, 0.296875, 0.5, 0.53125, 0.3125, 0.40625, 0.59375, 0.46875, 0.328125, 0.359375, 0.40625, 0.3515625]","[0.3125, 0.265625, 0.296875, 0.40625, 0.25, 0.2734375, 0.2734375, 0.3125, 0.265625, 0.265625, 0.359375, 0.25, 0.3125, 0.328125, 0.265625, 0.296875, 0.234375, 0.328125, 0.2421875, 0.21875, 0.3828125]",[58],0.21320298115955327,0.16336591266437175
585,10059.6875,"[0.5, 0.46875, 0.59375, 0.34375, 0.4375, 0.484375, 0.2421875, 0.4375, 0.40625, 0.34375, 0.265625, 0.5, 0.53125, 0.3125, 0.40625, 0.59375, 0.46875, 0.328125, 0.359375, 0.46875, 0.3515625]","[0.3125, 0.265625, 0.296875, 0.375, 0.25, 0.2734375, 0.2734375, 0.3125, 0.265625, 0.203125, 0.296875, 0.25, 0.3125, 0.328125, 0.265625, 0.296875, 0.234375, 0.328125, 0.2421875, 0.25, 0.3828125]",[20],0.22777476704902813,0.15273964081027697
586,9941.25,"[0.5, 0.46875, 0.59375, 0.3125, 0.4375, 0.484375, 0.2421875, 0.4375, 0.40625, 0.34375, 0.265625, 0.5, 0.53125, 0.3125, 0.40625, 0.59375, 0.46875, 0.3125, 0.390625, 0.46875, 0.3515625]","[0.3125, 0.265625, 0.296875, 0.3125, 0.25, 0.2734375, 0.2734375, 0.3125, 0.265625, 0.203125, 0.296875, 0.25, 0.3125, 0.328125, 0.265625, 0.296875, 0.234375, 0.3125, 0.2578125, 0.25, 0.3828125]","[21, 73, 77]",0.23173339871270426,0.1347814391230212
587,9980.46875,"[0.5, 0.46875, 0.59375, 0.3125, 0.4375, 0.484375, 0.2421875, 0.4375, 0.4375, 0.34375, 0.296875, 0.5, 0.53125, 0.3125, 0.40625, 0.59375, 0.46875, 0.3125, 0.390625, 0.46875, 0.3515625]","[0.3125, 0.265625, 0.296875, 0.3125, 0.25, 0.2734375, 0.2734375, 0.3125, 0.28125, 0.203125, 0.328125, 0.25, 0.3125, 0.328125, 0.265625, 0.296875, 0.234375, 0.3125, 0.2578125, 0.25, 0.3828125]",[21],0.2249732253998232,0.1367373499252612
588,9960.78125,"[0.5, 0.40625, 0.59375, 0.3125, 0.4375, 0.484375, 0.2421875, 0.4375, 0.4375, 0.375, 0.296875, 0.5, 0.515625, 0.3125, 0.40625, 0.59375, 0.46875, 0.3125, 0.390625, 0.46875, 0.3515625]","[0.3125, 0.234375, 0.296875, 0.3125, 0.25, 0.2734375, 0.2734375, 0.3125, 0.28125, 0.21875, 0.328125, 0.25, 0.3046875, 0.328125, 0.265625, 0.296875, 0.234375, 0.3125, 0.2578125, 0.25, 0.3828125]",[87],0.22075969963957245,0.13622395262863293
589,10060.3125,"[0.5, 0.40625, 0.59375, 0.3125, 0.4375, 0.484375, 0.2421875, 0.4375, 0.4375, 0.375, 0.296875, 0.5, 0.515625, 0.3125, 0.40625, 0.59375, 0.46875, 0.3125, 0.390625, 0.46875, 0.3515625]","[0.3125, 0.234375, 0.296875, 0.3125, 0.25, 0.2734375, 0.2734375, 0.3125, 0.28125, 0.21875, 0.328125, 0.25, 0.3046875, 0.328125, 0.265625, 0.296875, 0.234375, 0.3125, 0.2578125, 0.25, 0.3828125]",[87],0.22075969963957245,0.13622395262863293
590,9921.25,"[0.5, 0.40625, 0.59375, 0.3125, 0.4375, 0.484375, 0.2421875, 0.4375, 0.4375, 0.375, 0.296875, 0.5, 0.515625, 0.3125, 0.40625, 0.59375, 0.46875, 0.3125, 0.390625, 0.46875, 0.3515625]","[0.3125, 0.234375, 0.296875, 0.3125, 0.25, 0.2734375, 0.2734375, 0.3125, 0.28125, 0.21875, 0.328125, 0.25, 0.3046875, 0.328125, 0.265625, 0.296875, 0.234375, 0.3125, 0.2578125, 0.25, 0.3828125]","[87, 110]",0.22075969963957245,0.13622395262863293
591,10080.15625,"[0.5, 0.40625, 0.59375, 0.3125, 0.4375, 0.484375, 0.2421875, 0.4375, 0.4375, 0.375, 0.296875, 0.5, 0.515625, 0.3125, 0.40625, 0.59375, 0.46875, 0.3125, 0.390625, 0.46875, 0.3515625]","[0.3125, 0.234375, 0.296875, 0.3125, 0.25, 0.2734375, 0.2734375, 0.3125, 0.28125, 0.21875, 0.328125, 0.25, 0.3046875, 0.328125, 0.265625, 0.296875, 0.234375, 0.3125, 0.2578125, 0.25, 0.3828125]","[87, 110]",0.22075969963957245,0.13622395262863293
592,10060.0,"[0.5, 0.40625, 0.59375, 0.3125, 0.4375, 0.453125, 0.2421875, 0.40625, 0.4375, 0.5, 0.296875, 0.5, 0.515625, 0.3125, 0.40625, 0.59375, 0.40625, 0.3125, 0.390625, 0.46875, 0.3515625]","[0.3125, 0.234375, 0.296875, 0.3125, 0.25, 0.2421875, 0.2734375, 0.296875, 0.28125, 0.28125, 0.328125, 0.25, 0.3046875, 0.328125, 0.265625, 0.296875, 0.203125, 0.3125, 0.2578125, 0.25, 0.3828125]","[41, 87]",0.22016502149905764,0.13835536797270404
593,10080.0,"[0.5, 0.40625, 0.59375, 0.34375, 0.4375, 0.453125, 0.2421875, 0.40625, 0.4375, 0.5, 0.296875, 0.4375, 0.515625, 0.3125, 0.40625, 0.59375, 0.40625, 0.3125, 0.515625, 0.46875, 0.3515625]","[0.3125, 0.234375, 0.296875, 0.34375, 0.25, 0.2421875, 0.2734375, 0.296875, 0.28125, 0.28125, 0.328125, 0.21875, 0.3046875, 0.328125, 0.265625, 0.296875, 0.203125, 0.3125, 0.3203125, 0.25, 0.3828125]",[104],0.21531549726508686,0.14969170476008828
594,10040.0,"[0.5, 0.40625, 0.59375, 0.34375, 0.4375, 0.453125, 0.2421875, 0.40625, 0.4375, 0.5, 0.296875, 0.4375, 0.515625, 0.3125, 0.40625, 0.59375, 0.40625, 0.3125, 0.515625, 0.46875, 0.3515625]","[0.3125, 0.234375, 0.296875, 0.34375, 0.25, 0.2421875, 0.2734375, 0.296875, 0.28125, 0.28125, 0.328125, 0.21875, 0.3046875, 0.328125, 0.265625, 0.296875, 0.203125, 0.3125, 0.3203125, 0.25, 0.3828125]","[104, 115]",0.21531549726508686,0.14969170476008828
595,10119.21875,"[0.5, 0.40625, 0.59375, 0.34375, 0.4375, 0.453125, 0.2421875, 0.40625, 0.4375, 0.5, 0.296875, 0.4375, 0.515625, 0.3125, 0.40625, 0.59375, 0.40625, 0.3125, 0.515625, 0.46875, 0.3515625]","[0.3125, 0.234375, 0.296875, 0.34375, 0.25, 0.2421875, 0.2734375, 0.296875, 0.28125, 0.28125, 0.328125, 0.21875, 0.3046875, 0.328125, 0.265625, 0.296875, 0.203125, 0.3125, 0.3203125, 0.25, 0.3828125]","[104, 115]",0.21531549726508686,0.14969170476008828
596,10179.84375,"[0.46875, 0.40625, 0.59375, 0.34375, 0.4375, 0.453125, 0.3046875, 0.40625, 0.4375, 0.5, 0.296875, 0.453125, 0.515625, 0.3125, 0.40625, 0.59375, 0.40625, 0.3125, 0.515625, 0.46875, 0.3515625]","[0.296875, 0.234375, 0.296875, 0.34375, 0.25, 0.2421875, 0.3359375, 0.296875, 0.28125, 0.28125, 0.328125, 0.2265625, 0.3046875, 0.328125, 0.265625, 0.296875, 0.203125, 0.3125, 0.3203125, 0.25, 0.3828125]",[101],0.20026825110525168,0.14935489292691556
597,10318.90625,"[0.46875, 0.40625, 0.59375, 0.34375, 0.4375, 0.578125, 0.3046875, 0.40625, 0.4375, 0.5, 0.296875, 0.453125, 0.515625, 0.3125, 0.40625, 0.59375, 0.40625, 0.3125, 0.515625, 0.46875, 0.3515625]","[0.296875, 0.234375, 0.296875, 0.34375, 0.25, 0.3046875, 0.3359375, 0.296875, 0.28125, 0.28125, 0.328125, 0.2265625, 0.3046875, 0.328125, 0.265625, 0.296875, 0.203125, 0.3125, 0.3203125, 0.25, 0.3828125]",[117],0.21066719121055563,0.14365890318875593
598,10338.59375,"[0.34375, 0.40625, 0.53125, 0.34375, 0.4375, 0.578125, 0.3046875, 0.40625, 0.4375, 0.5, 0.296875, 0.453125, 0.515625, 0.3125, 0.4375, 0.59375, 0.40625, 0.3125, 0.515625, 0.46875, 0.3515625]","[0.203125, 0.234375, 0.265625, 0.34375, 0.25, 0.3046875, 0.3359375, 0.296875, 0.28125, 0.28125, 0.328125, 0.2265625, 0.3046875, 0.328125, 0.28125, 0.296875, 0.203125, 0.3125, 0.3203125, 0.25, 0.3828125]","[24, 74]",0.20744043095756196,0.16036039239309818
599,10299.21875,"[0.34375, 0.46875, 0.53125, 0.34375, 0.4375, 0.578125, 0.3046875, 0.40625, 0.4375, 0.5, 0.296875, 0.453125, 0.515625, 0.3125, 0.4375, 0.59375, 0.46875, 0.3125, 0.515625, 0.46875, 0.34375]","[0.203125, 0.296875, 0.265625, 0.34375, 0.25, 0.3046875, 0.3359375, 0.296875, 0.28125, 0.28125, 0.328125, 0.2265625, 0.3046875, 0.328125, 0.28125, 0.296875, 0.265625, 0.3125, 0.3203125, 0.25, 0.375]",[82],0.20684750487017575,0.1357156790121341
600,10358.046875,"[0.46875, 0.46875, 0.53125, 0.34375, 0.4375, 0.578125, 0.3046875, 0.40625, 0.4375, 0.5, 0.296875, 0.453125, 0.515625, 0.3125, 0.4375, 0.59375, 0.46875, 0.3125, 0.515625, 0.46875, 0.34375]","[0.265625, 0.296875, 0.265625, 0.34375, 0.25, 0.3046875, 0.3359375, 0.296875, 0.28125, 0.28125, 0.328125, 0.2265625, 0.3046875, 0.328125, 0.28125, 0.296875, 0.265625, 0.3125, 0.3203125, 0.25, 0.375]","[114, 119]",0.19962941971386736,0.11821222766763004
601,10437.578125,"[0.46875, 0.46875, 0.53125, 0.34375, 0.4375, 0.578125, 0.3046875, 0.40625, 0.4375, 0.5, 0.328125, 0.453125, 0.515625, 0.3125, 0.4375, 0.59375, 0.46875, 0.3125, 0.515625, 0.46875, 0.34375]","[0.265625, 0.296875, 0.265625, 0.34375, 0.25, 0.3046875, 0.3359375, 0.296875, 0.28125, 0.28125, 0.390625, 0.2265625, 0.3046875, 0.328125, 0.28125, 0.296875, 0.265625, 0.3125, 0.3203125, 0.25, 0.375]",[119],0.1940051277442125,0.1335699893179768
602,10437.421875,"[0.40625, 0.46875, 0.53125, 0.34375, 0.4375, 0.578125, 0.3046875, 0.40625, 0.4375, 0.5, 0.328125, 0.453125, 0.515625, 0.3125, 0.4375, 0.59375, 0.46875, 0.3125, 0.515625, 0.46875, 0.34375]","[0.203125, 0.296875, 0.265625, 0.34375, 0.25, 0.3046875, 0.3359375, 0.296875, 0.28125, 0.28125, 0.390625, 0.2265625, 0.3046875, 0.328125, 0.28125, 0.296875, 0.265625, 0.3125, 0.3203125, 0.25, 0.375]",[49],0.1953580301776983,0.14993373007045377
603,10398.046875,"[0.40625, 0.46875, 0.53125, 0.34375, 0.4375, 0.578125, 0.3046875, 0.40625, 0.375, 0.5, 0.328125, 0.453125, 0.515625, 0.3125, 0.4375, 0.59375, 0.46875, 0.3125, 0.515625, 0.46875, 0.34375]","[0.203125, 0.296875, 0.265625, 0.34375, 0.25, 0.3046875, 0.3359375, 0.296875, 0.25, 0.28125, 0.390625, 0.2265625, 0.3046875, 0.328125, 0.28125, 0.296875, 0.265625, 0.3125, 0.3203125, 0.25, 0.375]",[49],0.19899358119611468,0.15400700210205875
604,10358.828125,"[0.40625, 0.46875, 0.53125, 0.34375, 0.4375, 0.578125, 0.3046875, 0.40625, 0.375, 0.5, 0.328125, 0.453125, 0.515625, 0.3125, 0.4375, 0.59375, 0.46875, 0.3125, 0.515625, 0.46875, 0.34375]","[0.203125, 0.296875, 0.265625, 0.34375, 0.25, 0.3046875, 0.3359375, 0.296875, 0.25, 0.28125, 0.390625, 0.2265625, 0.3046875, 0.328125, 0.28125, 0.296875, 0.265625, 0.3125, 0.3203125, 0.25, 0.375]",[49],0.19899358119611468,0.15400700210205875
605,10477.734375,"[0.40625, 0.46875, 0.53125, 0.34375, 0.5625, 0.578125, 0.3046875, 0.40625, 0.375, 0.5, 0.328125, 0.453125, 0.515625, 0.3125, 0.4375, 0.59375, 0.46875, 0.3125, 0.515625, 0.46875, 0.34375]","[0.203125, 0.296875, 0.265625, 0.34375, 0.3125, 0.3046875, 0.3359375, 0.296875, 0.25, 0.28125, 0.390625, 0.2265625, 0.3046875, 0.328125, 0.28125, 0.296875, 0.265625, 0.3125, 0.3203125, 0.25, 0.375]",[76],0.20604858491793573,0.14922511700414398
606,10636.484375,"[0.40625, 0.46875, 0.53125, 0.34375, 0.5625, 0.578125, 0.3046875, 0.40625, 0.375, 0.5, 0.328125, 0.453125, 0.515625, 0.3125, 0.4375, 0.59375, 0.46875, 0.3125, 0.515625, 0.46875, 0.34375]","[0.203125, 0.296875, 0.265625, 0.34375, 0.3125, 0.3046875, 0.3359375, 0.296875, 0.25, 0.28125, 0.390625, 0.2265625, 0.3046875, 0.328125, 0.28125, 0.296875, 0.265625, 0.3125, 0.3203125, 0.25, 0.375]","[76, 119, 121]",0.20604858491793573,0.14922511700414398
607,10615.859375,"[0.34375, 0.46875, 0.53125, 0.34375, 0.5625, 0.515625, 0.3046875, 0.4375, 0.5, 0.5, 0.328125, 0.390625, 0.515625, 0.3125, 0.4375, 0.59375, 0.46875, 0.3125, 0.515625, 0.46875, 0.328125]","[0.171875, 0.296875, 0.265625, 0.34375, 0.3125, 0.2734375, 0.3359375, 0.3125, 0.3125, 0.28125, 0.390625, 0.1953125, 0.3046875, 0.328125, 0.28125, 0.296875, 0.265625, 0.3125, 0.3203125, 0.25, 0.34375]","[38, 50]",0.2061121276014811,0.16260983929195333
608,10416.953125,"[0.40625, 0.46875, 0.53125, 0.34375, 0.5625, 0.515625, 0.3046875, 0.4375, 0.5, 0.5, 0.328125, 0.390625, 0.515625, 0.3125, 0.5, 0.59375, 0.46875, 0.3125, 0.515625, 0.46875, 0.328125]","[0.234375, 0.296875, 0.265625, 0.34375, 0.3125, 0.2734375, 0.3359375, 0.3125, 0.3125, 0.28125, 0.390625, 0.1953125, 0.3046875, 0.328125, 0.3125, 0.296875, 0.265625, 0.3125, 0.3203125, 0.25, 0.34375]",[71],0.20060670159809424,0.13928562773078043
609,10456.796875,"[0.28125, 0.46875, 0.53125, 0.34375, 0.5625, 0.515625, 0.3046875, 0.4375, 0.5, 0.5, 0.328125, 0.390625, 0.515625, 0.3125, 0.5, 0.59375, 0.34375, 0.3125, 0.515625, 0.46875, 0.328125]","[0.171875, 0.296875, 0.265625, 0.34375, 0.3125, 0.2734375, 0.3359375, 0.3125, 0.3125, 0.28125, 0.390625, 0.1953125, 0.3046875, 0.328125, 0.3125, 0.296875, 0.203125, 0.3125, 0.3203125, 0.25, 0.34375]",[68],0.22461653071394946,0.17589404572198294
610,10298.828125,"[0.34375, 0.46875, 0.53125, 0.34375, 0.5625, 0.515625, 0.3046875, 0.4375, 0.5, 0.5, 0.328125, 0.390625, 0.515625, 0.3125, 0.5, 0.59375, 0.34375, 0.3125, 0.515625, 0.46875, 0.328125]","[0.234375, 0.296875, 0.265625, 0.34375, 0.3125, 0.2734375, 0.3359375, 0.3125, 0.3125, 0.28125, 0.390625, 0.1953125, 0.3046875, 0.328125, 0.3125, 0.296875, 0.203125, 0.3125, 0.3203125, 0.25, 0.34375]","[71, 94]",0.2144026679896457,0.15523902462455752
611,10536.953125,"[0.46875, 0.46875, 0.53125, 0.34375, 0.5625, 0.515625, 0.3046875, 0.4375, 0.5, 0.5, 0.328125, 0.390625, 0.515625, 0.375, 0.5, 0.59375, 0.34375, 0.3125, 0.484375, 0.46875, 0.328125]","[0.296875, 0.296875, 0.265625, 0.34375, 0.3125, 0.2734375, 0.3359375, 0.3125, 0.3125, 0.28125, 0.390625, 0.1953125, 0.3046875, 0.390625, 0.3125, 0.296875, 0.203125, 0.3125, 0.2890625, 0.25, 0.34375]",[121],0.19667426335179025,0.15812342539379368
612,10536.953125,"[0.46875, 0.46875, 0.53125, 0.34375, 0.5625, 0.515625, 0.3046875, 0.4375, 0.5, 0.46875, 0.328125, 0.390625, 0.515625, 0.375, 0.5, 0.59375, 0.34375, 0.3125, 0.484375, 0.46875, 0.328125]","[0.296875, 0.296875, 0.265625, 0.34375, 0.3125, 0.2734375, 0.3359375, 0.3125, 0.3125, 0.265625, 0.390625, 0.1953125, 0.3046875, 0.390625, 0.3125, 0.296875, 0.203125, 0.3125, 0.2890625, 0.25, 0.34375]","[21, 121]",0.19563734305865446,0.1599233289209584
613,10596.015625,"[0.46875, 0.40625, 0.53125, 0.34375, 0.5625, 0.515625, 0.2421875, 0.4375, 0.5, 0.40625, 0.328125, 0.390625, 0.546875, 0.375, 0.5, 0.59375, 0.46875, 0.3125, 0.484375, 0.46875, 0.328125]","[0.296875, 0.234375, 0.265625, 0.34375, 0.3125, 0.2734375, 0.2734375, 0.3125, 0.3125, 0.203125, 0.390625, 0.1953125, 0.3203125, 0.390625, 0.3125, 0.296875, 0.265625, 0.3125, 0.2890625, 0.25, 0.34375]",[51],0.20773916722308958,0.16865829505473381
614,10377.578125,"[0.46875, 0.40625, 0.53125, 0.34375, 0.5625, 0.515625, 0.2421875, 0.4375, 0.5, 0.4375, 0.328125, 0.390625, 0.546875, 0.375, 0.5, 0.59375, 0.46875, 0.3125, 0.484375, 0.46875, 0.328125]","[0.296875, 0.234375, 0.265625, 0.34375, 0.3125, 0.2734375, 0.2734375, 0.3125, 0.3125, 0.21875, 0.390625, 0.1953125, 0.3203125, 0.390625, 0.3125, 0.296875, 0.265625, 0.3125, 0.2890625, 0.25, 0.34375]","[53, 122, 126]",0.2063868876038199,0.16390858997999422
615,10576.015625,"[0.46875, 0.40625, 0.53125, 0.34375, 0.5625, 0.515625, 0.2421875, 0.4375, 0.5, 0.4375, 0.328125, 0.390625, 0.546875, 0.375, 0.5, 0.59375, 0.46875, 0.375, 0.484375, 0.46875, 0.328125]","[0.296875, 0.234375, 0.265625, 0.34375, 0.3125, 0.2734375, 0.2734375, 0.3125, 0.3125, 0.21875, 0.390625, 0.1953125, 0.3203125, 0.390625, 0.3125, 0.296875, 0.265625, 0.375, 0.2890625, 0.25, 0.34375]","[53, 126, 136]",0.1976326976920205,0.17156652651850085
616,10674.921875,"[0.46875, 0.40625, 0.53125, 0.34375, 0.5625, 0.515625, 0.2421875, 0.4375, 0.5, 0.5, 0.328125, 0.390625, 0.546875, 0.375, 0.5, 0.59375, 0.46875, 0.375, 0.5, 0.59375, 0.328125]","[0.296875, 0.234375, 0.265625, 0.34375, 0.3125, 0.2734375, 0.2734375, 0.3125, 0.3125, 0.28125, 0.390625, 0.1953125, 0.3203125, 0.390625, 0.3125, 0.296875, 0.265625, 0.375, 0.296875, 0.3125, 0.34375]",[137],0.2077826695756598,0.15334850643529901
617,10754.296875,"[0.46875, 0.40625, 0.53125, 0.34375, 0.5625, 0.515625, 0.2421875, 0.4375, 0.5, 0.5, 0.328125, 0.453125, 0.546875, 0.375, 0.5, 0.59375, 0.46875, 0.375, 0.5, 0.59375, 0.3125]","[0.296875, 0.234375, 0.265625, 0.34375, 0.3125, 0.2734375, 0.2734375, 0.3125, 0.3125, 0.28125, 0.390625, 0.2265625, 0.3203125, 0.390625, 0.3125, 0.296875, 0.265625, 0.375, 0.296875, 0.3125, 0.328125]",[99],0.20686027668364523,0.14109824493817982
618,10734.140625,"[0.46875, 0.4375, 0.53125, 0.34375, 0.5625, 0.515625, 0.2421875, 0.4375, 0.5, 0.5, 0.328125, 0.453125, 0.546875, 0.375, 0.5, 0.59375, 0.46875, 0.375, 0.5, 0.59375, 0.3125]","[0.296875, 0.25, 0.265625, 0.34375, 0.3125, 0.2734375, 0.2734375, 0.3125, 0.3125, 0.28125, 0.390625, 0.2265625, 0.3203125, 0.390625, 0.3125, 0.296875, 0.265625, 0.375, 0.296875, 0.3125, 0.328125]","[138, 143, 147]",0.2050099529489756,0.1371090703155204
619,11011.640625,"[0.46875, 0.4375, 0.53125, 0.34375, 0.5625, 0.515625, 0.2421875, 0.4375, 0.5, 0.5, 0.328125, 0.453125, 0.515625, 0.375, 0.5, 0.59375, 0.46875, 0.375, 0.5, 0.59375, 0.3125]","[0.296875, 0.25, 0.265625, 0.34375, 0.3125, 0.2734375, 0.2734375, 0.3125, 0.3125, 0.28125, 0.390625, 0.2265625, 0.3046875, 0.390625, 0.3125, 0.296875, 0.265625, 0.375, 0.296875, 0.3125, 0.328125]","[62, 138, 143]",0.20302388209866015,0.13707606833093208
620,10972.734375,"[0.46875, 0.4375, 0.53125, 0.34375, 0.5625, 0.515625, 0.2734375, 0.4375, 0.5, 0.5, 0.328125, 0.453125, 0.515625, 0.375, 0.5, 0.59375, 0.46875, 0.375, 0.5, 0.59375, 0.328125]","[0.296875, 0.25, 0.265625, 0.34375, 0.3125, 0.2734375, 0.3046875, 0.3125, 0.3125, 0.28125, 0.390625, 0.2265625, 0.3046875, 0.390625, 0.3125, 0.296875, 0.265625, 0.375, 0.296875, 0.3125, 0.359375]",[62],0.1924255611297504,0.1378346953838563
621,10973.359375,"[0.46875, 0.375, 0.53125, 0.34375, 0.5625, 0.515625, 0.3359375, 0.4375, 0.5, 0.5, 0.328125, 0.453125, 0.515625, 0.375, 0.5, 0.59375, 0.46875, 0.375, 0.5, 0.59375, 0.328125]","[0.296875, 0.1875, 0.265625, 0.34375, 0.3125, 0.2734375, 0.3671875, 0.3125, 0.3125, 0.28125, 0.390625, 0.2265625, 0.3046875, 0.390625, 0.3125, 0.296875, 0.265625, 0.375, 0.296875, 0.3125, 0.359375]",[74],0.18475856116497935,0.16221718245500563
622,11092.734375,"[0.46875, 0.375, 0.53125, 0.34375, 0.5625, 0.515625, 0.3359375, 0.4375, 0.5, 0.5, 0.328125, 0.453125, 0.515625, 0.375, 0.5, 0.59375, 0.46875, 0.375, 0.5, 0.59375, 0.328125]","[0.296875, 0.1875, 0.265625, 0.34375, 0.3125, 0.2734375, 0.3671875, 0.3125, 0.3125, 0.28125, 0.390625, 0.2265625, 0.3046875, 0.390625, 0.3125, 0.296875, 0.265625, 0.375, 0.296875, 0.3125, 0.359375]",[74],0.18475856116497935,0.16221718245500563
623,10973.359375,"[0.46875, 0.4375, 0.53125, 0.34375, 0.5625, 0.515625, 0.3359375, 0.4375, 0.5, 0.5, 0.328125, 0.453125, 0.515625, 0.375, 0.5, 0.53125, 0.46875, 0.375, 0.46875, 0.59375, 0.328125]","[0.296875, 0.25, 0.265625, 0.34375, 0.3125, 0.2734375, 0.3671875, 0.3125, 0.3125, 0.28125, 0.390625, 0.2265625, 0.3046875, 0.390625, 0.3125, 0.265625, 0.265625, 0.375, 0.28125, 0.3125, 0.359375]","[36, 65]",0.17170046465482328,0.1474794389440189
624,11092.734375,"[0.46875, 0.4375, 0.53125, 0.34375, 0.5625, 0.640625, 0.3359375, 0.4375, 0.5, 0.5, 0.328125, 0.453125, 0.515625, 0.375, 0.5, 0.53125, 0.46875, 0.375, 0.46875, 0.59375, 0.328125]","[0.296875, 0.25, 0.265625, 0.34375, 0.3125, 0.3359375, 0.3671875, 0.3125, 0.3125, 0.28125, 0.390625, 0.2265625, 0.3046875, 0.390625, 0.3125, 0.265625, 0.265625, 0.375, 0.28125, 0.3125, 0.359375]",[65],0.18813702688170816,0.14474937289114917
625,11092.421875,"[0.46875, 0.4375, 0.53125, 0.34375, 0.5625, 0.640625, 0.2734375, 0.4375, 0.5, 0.5, 0.3125, 0.453125, 0.515625, 0.375, 0.5, 0.53125, 0.46875, 0.375, 0.46875, 0.59375, 0.328125]","[0.296875, 0.25, 0.265625, 0.34375, 0.3125, 0.3359375, 0.3046875, 0.3125, 0.3125, 0.28125, 0.375, 0.2265625, 0.3046875, 0.390625, 0.3125, 0.265625, 0.265625, 0.375, 0.28125, 0.3125, 0.359375]","[34, 65]",0.2033856454508174,0.13694720229766574
626,11070.703125,"[0.46875, 0.6875, 0.53125, 0.34375, 0.5625, 0.640625, 0.2734375, 0.4375, 0.5, 0.5, 0.3125, 0.453125, 0.515625, 0.375, 0.5, 0.53125, 0.53125, 0.375, 0.46875, 0.59375, 0.328125]","[0.296875, 0.375, 0.265625, 0.34375, 0.3125, 0.3359375, 0.3046875, 0.3125, 0.3125, 0.28125, 0.375, 0.2265625, 0.3046875, 0.390625, 0.3125, 0.265625, 0.328125, 0.375, 0.28125, 0.3125, 0.359375]",[131],0.22375063743810197,0.12908209629527556
627,11110.546875,"[0.46875, 0.6875, 0.53125, 0.34375, 0.5625, 0.640625, 0.2890625, 0.4375, 0.5, 0.5, 0.3125, 0.453125, 0.515625, 0.375, 0.5, 0.53125, 0.53125, 0.375, 0.46875, 0.59375, 0.328125]","[0.296875, 0.375, 0.265625, 0.34375, 0.3125, 0.3359375, 0.3359375, 0.3125, 0.3125, 0.28125, 0.375, 0.2265625, 0.3046875, 0.390625, 0.3125, 0.265625, 0.328125, 0.375, 0.28125, 0.3125, 0.359375]","[147, 149, 155]",0.22053004733204007,0.12869159666053398
628,11389.140625,"[0.46875, 0.6875, 0.53125, 0.34375, 0.5625, 0.640625, 0.3515625, 0.4375, 0.5, 0.5, 0.3125, 0.453125, 0.515625, 0.390625, 0.5, 0.53125, 0.53125, 0.375, 0.453125, 0.59375, 0.265625]","[0.296875, 0.375, 0.265625, 0.34375, 0.3125, 0.3359375, 0.3984375, 0.3125, 0.3125, 0.28125, 0.375, 0.2265625, 0.3046875, 0.40625, 0.3125, 0.265625, 0.328125, 0.375, 0.2734375, 0.3125, 0.296875]",[123],0.2207649692031995,0.14233063297395038
629,11150.390625,"[0.46875, 0.6875, 0.53125, 0.21875, 0.5625, 0.640625, 0.3515625, 0.4375, 0.5, 0.5, 0.3125, 0.46875, 0.515625, 0.390625, 0.5, 0.53125, 0.53125, 0.375, 0.453125, 0.59375, 0.265625]","[0.296875, 0.375, 0.265625, 0.21875, 0.3125, 0.3359375, 0.3984375, 0.3125, 0.3125, 0.28125, 0.375, 0.234375, 0.3046875, 0.40625, 0.3125, 0.265625, 0.328125, 0.375, 0.2734375, 0.3125, 0.296875]","[44, 140]",0.2450611660555943,0.15691784958429675
630,11051.25,"[0.46875, 0.6875, 0.53125, 0.21875, 0.5625, 0.640625, 0.3515625, 0.4375, 0.5, 0.5, 0.3125, 0.46875, 0.515625, 0.390625, 0.5, 0.53125, 0.53125, 0.375, 0.453125, 0.59375, 0.2734375]","[0.296875, 0.375, 0.265625, 0.21875, 0.3125, 0.3359375, 0.3984375, 0.3125, 0.3125, 0.28125, 0.375, 0.234375, 0.3046875, 0.40625, 0.3125, 0.265625, 0.328125, 0.375, 0.2734375, 0.3125, 0.3046875]","[140, 149]",0.24348657927227588,0.15641013204787485
631,11090.9375,"[0.46875, 0.6875, 0.53125, 0.25, 0.5625, 0.640625, 0.3515625, 0.4375, 0.5, 0.5, 0.3125, 0.46875, 0.515625, 0.390625, 0.5, 0.53125, 0.53125, 0.375, 0.453125, 0.59375, 0.2734375]","[0.296875, 0.375, 0.265625, 0.28125, 0.3125, 0.3359375, 0.3984375, 0.3125, 0.3125, 0.28125, 0.375, 0.234375, 0.3046875, 0.40625, 0.3125, 0.265625, 0.328125, 0.375, 0.2734375, 0.3125, 0.3046875]",[140],0.2361070202175154,0.14182806222590022
632,11090.9375,"[0.46875, 0.6875, 0.53125, 0.28125, 0.5625, 0.640625, 0.3515625, 0.4375, 0.5, 0.5, 0.3125, 0.46875, 0.515625, 0.390625, 0.5, 0.53125, 0.53125, 0.375, 0.453125, 0.59375, 0.2734375]","[0.296875, 0.375, 0.265625, 0.3125, 0.3125, 0.3359375, 0.3984375, 0.3125, 0.3125, 0.28125, 0.375, 0.234375, 0.3046875, 0.40625, 0.3125, 0.265625, 0.328125, 0.375, 0.2734375, 0.3125, 0.3046875]",[156],0.22945325750751036,0.13894959763457826
633,11249.6875,"[0.46875, 0.6875, 0.53125, 0.28125, 0.5625, 0.640625, 0.3515625, 0.4375, 0.5, 0.375, 0.3125, 0.46875, 0.515625, 0.390625, 0.5, 0.53125, 0.53125, 0.375, 0.453125, 0.59375, 0.2734375]","[0.296875, 0.375, 0.265625, 0.3125, 0.3125, 0.3359375, 0.3984375, 0.3125, 0.3125, 0.21875, 0.375, 0.234375, 0.3046875, 0.40625, 0.3125, 0.265625, 0.328125, 0.375, 0.2734375, 0.3125, 0.3046875]","[110, 156, 157]",0.2360463516891553,0.15391657219241117
634,11190.46875,"[0.4375, 0.6875, 0.53125, 0.28125, 0.5625, 0.578125, 0.3515625, 0.4375, 0.5, 0.375, 0.3125, 0.46875, 0.515625, 0.390625, 0.5, 0.40625, 0.53125, 0.375, 0.453125, 0.59375, 0.2734375]","[0.28125, 0.375, 0.265625, 0.3125, 0.3125, 0.3046875, 0.3984375, 0.3125, 0.3125, 0.21875, 0.375, 0.234375, 0.3046875, 0.40625, 0.3125, 0.203125, 0.328125, 0.375, 0.2734375, 0.3125, 0.3046875]","[18, 95]",0.23164898463522854,0.1717884654087771
635,10952.5,"[0.4375, 0.6875, 0.53125, 0.28125, 0.5625, 0.578125, 0.3515625, 0.4375, 0.5, 0.5, 0.3125, 0.46875, 0.515625, 0.390625, 0.5, 0.40625, 0.53125, 0.375, 0.453125, 0.59375, 0.2734375]","[0.28125, 0.375, 0.265625, 0.3125, 0.3125, 0.3046875, 0.3984375, 0.3125, 0.3125, 0.28125, 0.375, 0.234375, 0.3046875, 0.40625, 0.3125, 0.203125, 0.328125, 0.375, 0.2734375, 0.3125, 0.3046875]","[95, 110, 113, 156, 157]",0.22609716309412015,0.15872577635755852
636,11329.0625,"[0.4375, 0.6875, 0.53125, 0.28125, 0.5625, 0.578125, 0.3515625, 0.4375, 0.5, 0.5, 0.3125, 0.46875, 0.515625, 0.390625, 0.5, 0.65625, 0.53125, 0.375, 0.453125, 0.59375, 0.2734375]","[0.28125, 0.375, 0.265625, 0.3125, 0.3125, 0.3046875, 0.3984375, 0.3125, 0.3125, 0.28125, 0.375, 0.234375, 0.3046875, 0.40625, 0.3125, 0.328125, 0.328125, 0.375, 0.2734375, 0.3125, 0.3046875]","[95, 113]",0.23533749552161498,0.13536150736902103
637,11388.75,"[0.4375, 0.6875, 0.53125, 0.28125, 0.5625, 0.578125, 0.3515625, 0.4375, 0.5, 0.5, 0.3125, 0.59375, 0.515625, 0.390625, 0.5, 0.65625, 0.53125, 0.375, 0.453125, 0.59375, 0.2734375]","[0.28125, 0.375, 0.265625, 0.3125, 0.3125, 0.3046875, 0.3984375, 0.3125, 0.3125, 0.28125, 0.375, 0.296875, 0.3046875, 0.40625, 0.3125, 0.328125, 0.328125, 0.375, 0.2734375, 0.3125, 0.3046875]","[95, 156]",0.23847666135792484,0.12171539523204539
638,11546.875,"[0.4375, 0.6875, 0.53125, 0.28125, 0.5625, 0.578125, 0.3515625, 0.4375, 0.5, 0.5, 0.3125, 0.59375, 0.640625, 0.390625, 0.5, 0.65625, 0.53125, 0.375, 0.453125, 0.59375, 0.2734375]","[0.28125, 0.375, 0.265625, 0.3125, 0.3125, 0.3046875, 0.3984375, 0.3125, 0.3125, 0.28125, 0.375, 0.296875, 0.3671875, 0.40625, 0.3125, 0.328125, 0.328125, 0.375, 0.2734375, 0.3125, 0.3046875]",[156],0.24564069746812162,0.12334388629240722
639,11467.5,"[0.4375, 0.6875, 0.53125, 0.25, 0.5625, 0.578125, 0.3515625, 0.4375, 0.5, 0.5, 0.3125, 0.59375, 0.640625, 0.390625, 0.5, 0.65625, 0.53125, 0.375, 0.515625, 0.59375, 0.2734375]","[0.28125, 0.375, 0.265625, 0.28125, 0.3125, 0.3046875, 0.3984375, 0.3125, 0.3125, 0.28125, 0.375, 0.296875, 0.3671875, 0.40625, 0.3125, 0.328125, 0.328125, 0.375, 0.3046875, 0.3125, 0.3046875]",[26],0.2504029802106732,0.12245115644323541
640,11467.5,"[0.4375, 0.65625, 0.53125, 0.25, 0.5625, 0.578125, 0.3515625, 0.4375, 0.5, 0.4375, 0.3125, 0.59375, 0.640625, 0.390625, 0.5, 0.65625, 0.53125, 0.375, 0.515625, 0.46875, 0.2734375]","[0.28125, 0.359375, 0.265625, 0.28125, 0.3125, 0.3046875, 0.3984375, 0.3125, 0.3125, 0.25, 0.375, 0.296875, 0.3671875, 0.40625, 0.3125, 0.328125, 0.328125, 0.375, 0.3046875, 0.25, 0.3046875]",[26],0.24635279025337833,0.13756081086636868
641,11289.375,"[0.4375, 0.65625, 0.53125, 0.25, 0.4375, 0.578125, 0.3515625, 0.4375, 0.5, 0.4375, 0.3125, 0.59375, 0.609375, 0.390625, 0.4375, 0.625, 0.53125, 0.375, 0.515625, 0.46875, 0.2734375]","[0.28125, 0.359375, 0.265625, 0.28125, 0.25, 0.3046875, 0.3984375, 0.3125, 0.3125, 0.25, 0.375, 0.296875, 0.3359375, 0.40625, 0.25, 0.3125, 0.328125, 0.375, 0.3046875, 0.25, 0.3046875]",[26],0.2403124891794459,0.15185323774620252
642,11111.875,"[0.4375, 0.65625, 0.53125, 0.25, 0.4375, 0.578125, 0.3515625, 0.4375, 0.5, 0.4375, 0.25, 0.59375, 0.609375, 0.390625, 0.4375, 0.625, 0.53125, 0.375, 0.515625, 0.46875, 0.2734375]","[0.28125, 0.359375, 0.265625, 0.28125, 0.25, 0.3046875, 0.3984375, 0.3125, 0.3125, 0.25, 0.3125, 0.296875, 0.3359375, 0.40625, 0.25, 0.3125, 0.328125, 0.375, 0.3046875, 0.25, 0.3046875]","[26, 32, 43, 67]",0.2521422265177736,0.14643577131336952
643,11309.84375,"[0.4375, 0.65625, 0.53125, 0.375, 0.4375, 0.578125, 0.3515625, 0.4375, 0.5, 0.4375, 0.25, 0.59375, 0.609375, 0.328125, 0.4375, 0.625, 0.53125, 0.375, 0.515625, 0.46875, 0.2890625]","[0.28125, 0.359375, 0.265625, 0.40625, 0.25, 0.3046875, 0.3984375, 0.3125, 0.3125, 0.25, 0.3125, 0.296875, 0.3359375, 0.34375, 0.25, 0.3125, 0.328125, 0.375, 0.3046875, 0.25, 0.3359375]","[26, 67]",0.23637529481737296,0.14551635800897417
644,11031.71875,"[0.4375, 0.65625, 0.53125, 0.375, 0.46875, 0.578125, 0.2890625, 0.4375, 0.5, 0.4375, 0.25, 0.59375, 0.609375, 0.328125, 0.4375, 0.625, 0.53125, 0.34375, 0.515625, 0.46875, 0.2890625]","[0.28125, 0.359375, 0.265625, 0.40625, 0.265625, 0.3046875, 0.3359375, 0.3125, 0.3125, 0.25, 0.3125, 0.296875, 0.3359375, 0.34375, 0.25, 0.3125, 0.328125, 0.34375, 0.3046875, 0.25, 0.3359375]","[45, 67, 72]",0.24878836199109214,0.12625034165795831
645,10851.71875,"[0.4375, 0.65625, 0.53125, 0.375, 0.46875, 0.578125, 0.2890625, 0.4375, 0.5, 0.4375, 0.25, 0.59375, 0.609375, 0.328125, 0.4375, 0.625, 0.53125, 0.34375, 0.515625, 0.5, 0.2890625]","[0.28125, 0.359375, 0.265625, 0.40625, 0.265625, 0.3046875, 0.3359375, 0.3125, 0.3125, 0.25, 0.3125, 0.296875, 0.3359375, 0.34375, 0.25, 0.3125, 0.328125, 0.34375, 0.3046875, 0.265625, 0.3359375]","[45, 72, 83]",0.24859153808806278,0.12269459616637797
646,11070.78125,"[0.4375, 0.65625, 0.53125, 0.375, 0.46875, 0.578125, 0.2890625, 0.5, 0.5, 0.4375, 0.3125, 0.59375, 0.609375, 0.328125, 0.375, 0.625, 0.53125, 0.34375, 0.515625, 0.5, 0.3515625]","[0.28125, 0.359375, 0.265625, 0.40625, 0.265625, 0.3046875, 0.3359375, 0.34375, 0.3125, 0.25, 0.375, 0.296875, 0.3359375, 0.34375, 0.21875, 0.3125, 0.328125, 0.34375, 0.3046875, 0.265625, 0.3984375]",[88],0.23016801080390203,0.14915752434897703
647,11070.78125,"[0.4375, 0.65625, 0.53125, 0.34375, 0.46875, 0.578125, 0.2890625, 0.5, 0.5, 0.4375, 0.3125, 0.59375, 0.609375, 0.328125, 0.375, 0.625, 0.53125, 0.34375, 0.484375, 0.5, 0.3515625]","[0.28125, 0.359375, 0.265625, 0.375, 0.265625, 0.3046875, 0.3359375, 0.34375, 0.3125, 0.25, 0.375, 0.296875, 0.3359375, 0.34375, 0.21875, 0.3125, 0.328125, 0.34375, 0.2734375, 0.265625, 0.3984375]","[25, 88, 93]",0.23388761823158358,0.14551635800897417
648,11268.90625,"[0.4375, 0.65625, 0.53125, 0.34375, 0.46875, 0.578125, 0.2890625, 0.5, 0.5, 0.5625, 0.3125, 0.59375, 0.609375, 0.328125, 0.5, 0.625, 0.53125, 0.34375, 0.484375, 0.5, 0.4140625]","[0.28125, 0.359375, 0.265625, 0.375, 0.265625, 0.3046875, 0.3359375, 0.34375, 0.3125, 0.3125, 0.375, 0.296875, 0.3359375, 0.34375, 0.28125, 0.3125, 0.328125, 0.34375, 0.2734375, 0.265625, 0.4609375]",[124],0.22022153378448295,0.14283576083425809
649,11308.28125,"[0.4375, 0.65625, 0.53125, 0.34375, 0.46875, 0.578125, 0.2890625, 0.5, 0.5, 0.5625, 0.3125, 0.46875, 0.609375, 0.328125, 0.5, 0.625, 0.53125, 0.34375, 0.453125, 0.5, 0.4140625]","[0.28125, 0.359375, 0.265625, 0.375, 0.265625, 0.3046875, 0.3359375, 0.34375, 0.3125, 0.3125, 0.375, 0.234375, 0.3359375, 0.34375, 0.28125, 0.3125, 0.328125, 0.34375, 0.2421875, 0.265625, 0.4609375]","[16, 100]",0.21751184178003055,0.16135264899163076
650,11249.0625,"[0.4375, 0.65625, 0.53125, 0.34375, 0.46875, 0.578125, 0.2734375, 0.5, 0.5, 0.5625, 0.3125, 0.59375, 0.609375, 0.265625, 0.5, 0.625, 0.53125, 0.34375, 0.453125, 0.5, 0.4140625]","[0.28125, 0.359375, 0.265625, 0.375, 0.265625, 0.3046875, 0.3203125, 0.34375, 0.3125, 0.3125, 0.375, 0.296875, 0.3359375, 0.28125, 0.28125, 0.3125, 0.328125, 0.34375, 0.2421875, 0.265625, 0.4609375]","[16, 22, 124, 142]",0.23615211679259834,0.15242131735657682
651,11507.1875,"[0.4375, 0.65625, 0.53125, 0.34375, 0.46875, 0.578125, 0.2734375, 0.5, 0.5, 0.5625, 0.3125, 0.59375, 0.609375, 0.265625, 0.5, 0.625, 0.53125, 0.40625, 0.578125, 0.5, 0.4140625]","[0.28125, 0.359375, 0.265625, 0.375, 0.265625, 0.3046875, 0.3203125, 0.34375, 0.3125, 0.3125, 0.375, 0.296875, 0.3359375, 0.28125, 0.28125, 0.3125, 0.328125, 0.40625, 0.3046875, 0.265625, 0.4609375]","[22, 142]",0.2298490840808833,0.15109456904183985
652,11427.1875,"[0.4375, 0.65625, 0.53125, 0.34375, 0.46875, 0.578125, 0.2734375, 0.5, 0.5, 0.5625, 0.3125, 0.59375, 0.609375, 0.234375, 0.5, 0.625, 0.53125, 0.40625, 0.578125, 0.5, 0.4140625]","[0.28125, 0.359375, 0.265625, 0.375, 0.265625, 0.3046875, 0.3203125, 0.34375, 0.3125, 0.3125, 0.375, 0.296875, 0.3359375, 0.25, 0.28125, 0.3125, 0.328125, 0.40625, 0.3046875, 0.265625, 0.4609375]",[10],0.23693556410649189,0.15708936648751937
653,11228.28125,"[0.4375, 0.65625, 0.53125, 0.34375, 0.46875, 0.578125, 0.2734375, 0.5, 0.5, 0.5625, 0.3125, 0.59375, 0.609375, 0.234375, 0.5, 0.625, 0.53125, 0.40625, 0.578125, 0.5, 0.4140625]","[0.28125, 0.359375, 0.265625, 0.375, 0.265625, 0.3046875, 0.3203125, 0.34375, 0.3125, 0.3125, 0.375, 0.296875, 0.3359375, 0.25, 0.28125, 0.3125, 0.328125, 0.40625, 0.3046875, 0.265625, 0.4609375]","[10, 22, 144]",0.23693556410649189,0.15708936648751937
654,11546.25,"[0.4375, 0.65625, 0.53125, 0.34375, 0.46875, 0.578125, 0.2734375, 0.5, 0.5, 0.5625, 0.3125, 0.59375, 0.609375, 0.296875, 0.5, 0.625, 0.53125, 0.40625, 0.578125, 0.5, 0.40625]","[0.28125, 0.359375, 0.265625, 0.375, 0.265625, 0.3046875, 0.3203125, 0.34375, 0.3125, 0.3125, 0.375, 0.296875, 0.3359375, 0.3125, 0.28125, 0.3125, 0.328125, 0.40625, 0.3046875, 0.265625, 0.453125]",[22],0.22417097739292446,0.14480453318958347
655,11367.734375,"[0.4375, 0.65625, 0.53125, 0.34375, 0.46875, 0.578125, 0.2734375, 0.5, 0.5, 0.5625, 0.3125, 0.59375, 0.609375, 0.3125, 0.5, 0.625, 0.53125, 0.40625, 0.578125, 0.5, 0.40625]","[0.28125, 0.359375, 0.265625, 0.375, 0.265625, 0.3046875, 0.3203125, 0.34375, 0.3125, 0.3125, 0.375, 0.296875, 0.3359375, 0.328125, 0.28125, 0.3125, 0.328125, 0.40625, 0.3046875, 0.265625, 0.453125]","[44, 144, 147]",0.22126375257301817,0.14425553787162004
656,11446.953125,"[0.46875, 0.65625, 0.53125, 0.34375, 0.46875, 0.578125, 0.2890625, 0.5, 0.5, 0.5625, 0.3125, 0.59375, 0.609375, 0.3125, 0.5, 0.625, 0.53125, 0.40625, 0.578125, 0.5, 0.40625]","[0.296875, 0.359375, 0.265625, 0.375, 0.265625, 0.3046875, 0.3515625, 0.34375, 0.3125, 0.3125, 0.375, 0.296875, 0.3359375, 0.328125, 0.28125, 0.3125, 0.328125, 0.40625, 0.3046875, 0.265625, 0.453125]",[144],0.21631205107298584,0.14240409270745946
657,11447.109375,"[0.46875, 0.65625, 0.53125, 0.34375, 0.46875, 0.578125, 0.2890625, 0.5, 0.5, 0.5625, 0.3125, 0.59375, 0.609375, 0.3125, 0.46875, 0.625, 0.53125, 0.40625, 0.578125, 0.5, 0.40625]","[0.296875, 0.359375, 0.265625, 0.375, 0.265625, 0.3046875, 0.3515625, 0.34375, 0.3125, 0.3125, 0.375, 0.296875, 0.3359375, 0.328125, 0.265625, 0.3125, 0.328125, 0.40625, 0.3046875, 0.265625, 0.453125]","[117, 144]",0.2170899995538933,0.14532244107277068
658,11526.328125,"[0.46875, 0.65625, 0.59375, 0.34375, 0.46875, 0.578125, 0.28125, 0.5, 0.5, 0.5625, 0.3125, 0.59375, 0.609375, 0.3125, 0.46875, 0.625, 0.46875, 0.40625, 0.578125, 0.5, 0.40625]","[0.296875, 0.359375, 0.296875, 0.375, 0.265625, 0.3046875, 0.34375, 0.34375, 0.3125, 0.3125, 0.375, 0.296875, 0.3359375, 0.328125, 0.265625, 0.3125, 0.265625, 0.40625, 0.3046875, 0.265625, 0.453125]","[65, 117, 139]",0.22226197289003904,0.14689800551230126
659,11466.796875,"[0.46875, 0.65625, 0.59375, 0.34375, 0.46875, 0.578125, 0.28125, 0.5, 0.5, 0.5625, 0.3125, 0.59375, 0.609375, 0.3125, 0.46875, 0.625, 0.53125, 0.40625, 0.578125, 0.5, 0.40625]","[0.296875, 0.359375, 0.296875, 0.375, 0.265625, 0.3046875, 0.34375, 0.34375, 0.3125, 0.3125, 0.375, 0.296875, 0.3359375, 0.328125, 0.265625, 0.3125, 0.296875, 0.40625, 0.3046875, 0.265625, 0.453125]","[117, 139, 152]",0.22153740595487498,0.14193260783083436
660,11546.09375,"[0.46875, 0.65625, 0.59375, 0.359375, 0.53125, 0.578125, 0.28125, 0.5, 0.4375, 0.5625, 0.3125, 0.609375, 0.609375, 0.3125, 0.46875, 0.625, 0.53125, 0.34375, 0.578125, 0.5, 0.40625]","[0.296875, 0.359375, 0.296875, 0.390625, 0.296875, 0.3046875, 0.34375, 0.34375, 0.25, 0.3125, 0.375, 0.3046875, 0.3359375, 0.328125, 0.265625, 0.3125, 0.296875, 0.34375, 0.3046875, 0.265625, 0.453125]",[124],0.22988800524974914,0.13994732386230613
661,11467.03125,"[0.46875, 0.65625, 0.59375, 0.359375, 0.53125, 0.578125, 0.28125, 0.5, 0.4375, 0.5625, 0.3125, 0.609375, 0.609375, 0.3125, 0.46875, 0.625, 0.53125, 0.34375, 0.578125, 0.5, 0.40625]","[0.296875, 0.359375, 0.296875, 0.390625, 0.296875, 0.3046875, 0.34375, 0.34375, 0.25, 0.3125, 0.375, 0.3046875, 0.3359375, 0.328125, 0.265625, 0.3125, 0.296875, 0.34375, 0.3046875, 0.265625, 0.453125]",[124],0.22988800524974914,0.13994732386230613
662,11466.71875,"[0.46875, 0.65625, 0.59375, 0.328125, 0.53125, 0.578125, 0.28125, 0.5, 0.4375, 0.5625, 0.3125, 0.609375, 0.609375, 0.3125, 0.4375, 0.625, 0.53125, 0.34375, 0.578125, 0.5, 0.40625]","[0.296875, 0.359375, 0.296875, 0.359375, 0.296875, 0.3046875, 0.34375, 0.34375, 0.25, 0.3125, 0.375, 0.3046875, 0.3359375, 0.328125, 0.25, 0.3125, 0.296875, 0.34375, 0.3046875, 0.265625, 0.453125]","[30, 41]",0.23609301489251777,0.13872692277379808
663,11427.03125,"[0.46875, 0.65625, 0.59375, 0.328125, 0.53125, 0.578125, 0.265625, 0.5, 0.4375, 0.5625, 0.3125, 0.609375, 0.609375, 0.3125, 0.4375, 0.625, 0.53125, 0.34375, 0.453125, 0.5, 0.40625]","[0.296875, 0.359375, 0.296875, 0.359375, 0.296875, 0.3046875, 0.328125, 0.34375, 0.25, 0.3125, 0.375, 0.3046875, 0.3359375, 0.328125, 0.25, 0.3125, 0.296875, 0.34375, 0.2421875, 0.265625, 0.453125]","[30, 41, 48]",0.23863585217500158,0.14877889086845844
664,11308.4375,"[0.46875, 0.65625, 0.59375, 0.328125, 0.53125, 0.578125, 0.296875, 0.5, 0.4375, 0.5625, 0.3125, 0.609375, 0.609375, 0.3125, 0.4375, 0.625, 0.53125, 0.375, 0.453125, 0.5, 0.40625]","[0.296875, 0.359375, 0.296875, 0.359375, 0.296875, 0.3046875, 0.359375, 0.34375, 0.25, 0.3125, 0.375, 0.3046875, 0.3359375, 0.328125, 0.25, 0.3125, 0.296875, 0.40625, 0.2421875, 0.265625, 0.453125]","[48, 98, 124]",0.22834292030778353,0.15952080698166712
665,11526.5625,"[0.46875, 0.65625, 0.59375, 0.328125, 0.53125, 0.578125, 0.265625, 0.5, 0.4375, 0.5625, 0.3125, 0.609375, 0.609375, 0.3125, 0.4375, 0.625, 0.53125, 0.375, 0.453125, 0.5, 0.40625]","[0.296875, 0.359375, 0.296875, 0.359375, 0.296875, 0.3046875, 0.328125, 0.34375, 0.25, 0.3125, 0.375, 0.3046875, 0.3359375, 0.328125, 0.25, 0.3125, 0.296875, 0.40625, 0.2421875, 0.265625, 0.453125]",[15],0.23461078875644673,0.15815663382250514
666,11248.75,"[0.46875, 0.65625, 0.59375, 0.359375, 0.53125, 0.578125, 0.265625, 0.5, 0.4375, 0.5625, 0.3125, 0.609375, 0.609375, 0.3125, 0.4375, 0.625, 0.53125, 0.375, 0.453125, 0.5, 0.40625]","[0.296875, 0.359375, 0.296875, 0.421875, 0.296875, 0.3046875, 0.328125, 0.34375, 0.25, 0.3125, 0.375, 0.3046875, 0.3359375, 0.328125, 0.25, 0.3125, 0.296875, 0.40625, 0.2421875, 0.265625, 0.453125]",[48],0.2300884007368366,0.16883285808039047
667,11327.5,"[0.46875, 0.65625, 0.59375, 0.359375, 0.53125, 0.578125, 0.265625, 0.5, 0.4375, 0.5625, 0.3125, 0.609375, 0.609375, 0.3125, 0.4375, 0.625, 0.53125, 0.375, 0.453125, 0.5, 0.40625]","[0.296875, 0.359375, 0.296875, 0.421875, 0.296875, 0.3046875, 0.328125, 0.34375, 0.25, 0.3125, 0.375, 0.3046875, 0.3359375, 0.328125, 0.25, 0.3125, 0.296875, 0.40625, 0.2421875, 0.265625, 0.453125]","[48, 98, 124]",0.2300884007368366,0.16883285808039047
668,11584.84375,"[0.46875, 0.65625, 0.59375, 0.359375, 0.53125, 0.578125, 0.265625, 0.5, 0.4375, 0.5625, 0.3125, 0.625, 0.609375, 0.3125, 0.4375, 0.625, 0.53125, 0.375, 0.578125, 0.5, 0.40625]","[0.296875, 0.359375, 0.296875, 0.421875, 0.296875, 0.3046875, 0.328125, 0.34375, 0.25, 0.3125, 0.375, 0.3125, 0.3359375, 0.328125, 0.25, 0.3125, 0.296875, 0.40625, 0.3046875, 0.265625, 0.453125]","[48, 132]",0.23199462871546603,0.15795664254729008
669,11664.84375,"[0.46875, 0.65625, 0.59375, 0.359375, 0.53125, 0.578125, 0.265625, 0.5, 0.4375, 0.5625, 0.3125, 0.625, 0.609375, 0.3125, 0.4375, 0.625, 0.53125, 0.375, 0.578125, 0.5, 0.34375]","[0.296875, 0.359375, 0.296875, 0.421875, 0.296875, 0.3046875, 0.328125, 0.34375, 0.25, 0.3125, 0.375, 0.3125, 0.3359375, 0.328125, 0.25, 0.3125, 0.296875, 0.40625, 0.3046875, 0.265625, 0.390625]",[48],0.23940731694778317,0.14100302482155685
670,11307.34375,"[0.46875, 0.40625, 0.59375, 0.359375, 0.53125, 0.578125, 0.265625, 0.5, 0.4375, 0.5625, 0.3125, 0.625, 0.609375, 0.3125, 0.4375, 0.625, 0.53125, 0.375, 0.578125, 0.5, 0.34375]","[0.296875, 0.234375, 0.296875, 0.421875, 0.296875, 0.3046875, 0.328125, 0.34375, 0.25, 0.3125, 0.375, 0.3125, 0.3359375, 0.328125, 0.25, 0.3125, 0.296875, 0.40625, 0.3046875, 0.265625, 0.390625]","[34, 48]",0.2340721986764936,0.15298832607512144
671,11170.234375,"[0.46875, 0.40625, 0.59375, 0.359375, 0.53125, 0.515625, 0.28125, 0.5, 0.4375, 0.5625, 0.3125, 0.625, 0.609375, 0.3203125, 0.4375, 0.625, 0.53125, 0.375, 0.578125, 0.5, 0.34375]","[0.296875, 0.234375, 0.296875, 0.421875, 0.296875, 0.2734375, 0.34375, 0.34375, 0.25, 0.3125, 0.375, 0.3125, 0.3359375, 0.3359375, 0.25, 0.3125, 0.296875, 0.40625, 0.3046875, 0.265625, 0.390625]","[12, 72, 132]",0.2267039639666544,0.15710171719955052
672,11368.984375,"[0.46875, 0.46875, 0.59375, 0.359375, 0.53125, 0.515625, 0.28125, 0.5, 0.4375, 0.5625, 0.3125, 0.625, 0.609375, 0.3828125, 0.4375, 0.625, 0.46875, 0.375, 0.578125, 0.5, 0.34375]","[0.296875, 0.296875, 0.296875, 0.421875, 0.296875, 0.2734375, 0.34375, 0.34375, 0.25, 0.3125, 0.375, 0.3125, 0.3359375, 0.3984375, 0.25, 0.3125, 0.265625, 0.40625, 0.3046875, 0.265625, 0.390625]","[55, 132, 154]",0.21421070548450366,0.15739038578990347
673,11369.296875,"[0.53125, 0.46875, 0.59375, 0.359375, 0.53125, 0.515625, 0.3125, 0.5, 0.4375, 0.5625, 0.3125, 0.625, 0.609375, 0.3828125, 0.4375, 0.625, 0.46875, 0.375, 0.578125, 0.5, 0.34375]","[0.328125, 0.296875, 0.296875, 0.421875, 0.296875, 0.2734375, 0.375, 0.34375, 0.25, 0.3125, 0.375, 0.3125, 0.3359375, 0.3984375, 0.25, 0.3125, 0.265625, 0.40625, 0.3046875, 0.265625, 0.390625]",[157],0.20805779850298037,0.15829011750439104
674,11448.984375,"[0.53125, 0.46875, 0.59375, 0.359375, 0.53125, 0.515625, 0.3125, 0.5, 0.4375, 0.5625, 0.3125, 0.625, 0.609375, 0.3828125, 0.4375, 0.625, 0.46875, 0.375, 0.578125, 0.5, 0.34375]","[0.328125, 0.296875, 0.296875, 0.421875, 0.296875, 0.2734375, 0.375, 0.34375, 0.25, 0.3125, 0.375, 0.3125, 0.3359375, 0.3984375, 0.25, 0.3125, 0.265625, 0.40625, 0.3046875, 0.265625, 0.390625]",[157],0.20805779850298037,0.15829011750439104
675,11528.046875,"[0.53125, 0.40625, 0.59375, 0.359375, 0.53125, 0.515625, 0.3125, 0.5, 0.40625, 0.5625, 0.3125, 0.625, 0.609375, 0.3828125, 0.4375, 0.625, 0.46875, 0.375, 0.578125, 0.625, 0.34375]","[0.328125, 0.265625, 0.296875, 0.421875, 0.296875, 0.2734375, 0.375, 0.34375, 0.234375, 0.3125, 0.375, 0.3125, 0.3359375, 0.3984375, 0.25, 0.3125, 0.265625, 0.40625, 0.3046875, 0.328125, 0.390625]","[7, 91]",0.2215908856933804,0.16049332489793114
676,11567.421875,"[0.53125, 0.4375, 0.59375, 0.359375, 0.5, 0.515625, 0.3125, 0.5, 0.40625, 0.5625, 0.3125, 0.625, 0.609375, 0.3828125, 0.5625, 0.625, 0.46875, 0.375, 0.578125, 0.625, 0.34375]","[0.328125, 0.28125, 0.296875, 0.421875, 0.265625, 0.2734375, 0.375, 0.34375, 0.234375, 0.3125, 0.375, 0.3125, 0.3359375, 0.3984375, 0.3125, 0.3125, 0.265625, 0.40625, 0.3046875, 0.328125, 0.390625]","[23, 158]",0.21802747727830823,0.15305092870302844
677,11567.265625,"[0.53125, 0.4375, 0.59375, 0.34375, 0.5, 0.515625, 0.25, 0.5, 0.4375, 0.5625, 0.3125, 0.625, 0.609375, 0.3828125, 0.5625, 0.625, 0.46875, 0.375, 0.578125, 0.625, 0.34375]","[0.328125, 0.28125, 0.296875, 0.40625, 0.265625, 0.2734375, 0.3125, 0.34375, 0.25, 0.3125, 0.375, 0.3125, 0.3359375, 0.3984375, 0.3125, 0.3125, 0.265625, 0.40625, 0.3046875, 0.328125, 0.390625]","[62, 148]",0.23064686116668412,0.14288456997405982
678,11446.953125,"[0.53125, 0.4375, 0.59375, 0.34375, 0.5, 0.484375, 0.25, 0.5, 0.5, 0.5625, 0.3125, 0.625, 0.609375, 0.3828125, 0.5625, 0.625, 0.46875, 0.375, 0.578125, 0.625, 0.34375]","[0.328125, 0.28125, 0.296875, 0.40625, 0.265625, 0.2421875, 0.3125, 0.34375, 0.3125, 0.3125, 0.375, 0.3125, 0.3359375, 0.3984375, 0.3125, 0.3125, 0.265625, 0.40625, 0.3046875, 0.328125, 0.390625]",[69],0.2286235478505511,0.14020198281136106
679,11447.265625,"[0.53125, 0.375, 0.59375, 0.34375, 0.5625, 0.484375, 0.25, 0.5, 0.5, 0.5625, 0.3125, 0.625, 0.609375, 0.3828125, 0.5625, 0.625, 0.46875, 0.375, 0.578125, 0.625, 0.34375]","[0.328125, 0.21875, 0.296875, 0.40625, 0.296875, 0.2421875, 0.3125, 0.34375, 0.3125, 0.3125, 0.375, 0.3125, 0.3359375, 0.3984375, 0.3125, 0.3125, 0.265625, 0.40625, 0.3046875, 0.328125, 0.390625]",[74],0.23540562614228286,0.15115009532656334
680,11486.640625,"[0.53125, 0.375, 0.59375, 0.34375, 0.5625, 0.484375, 0.25, 0.5, 0.5, 0.5625, 0.3125, 0.625, 0.609375, 0.3828125, 0.5625, 0.625, 0.46875, 0.375, 0.578125, 0.625, 0.34375]","[0.328125, 0.21875, 0.296875, 0.40625, 0.296875, 0.2421875, 0.3125, 0.34375, 0.3125, 0.3125, 0.375, 0.3125, 0.3359375, 0.3984375, 0.3125, 0.3125, 0.265625, 0.40625, 0.3046875, 0.328125, 0.390625]","[74, 148]",0.23540562614228286,0.15115009532656334
681,11486.953125,"[0.53125, 0.375, 0.59375, 0.34375, 0.5625, 0.515625, 0.25, 0.5, 0.5, 0.5625, 0.3125, 0.625, 0.609375, 0.3828125, 0.5625, 0.625, 0.46875, 0.375, 0.578125, 0.625, 0.34375]","[0.328125, 0.21875, 0.296875, 0.40625, 0.296875, 0.2578125, 0.3125, 0.34375, 0.3125, 0.3125, 0.375, 0.3125, 0.3359375, 0.3984375, 0.3125, 0.3125, 0.265625, 0.40625, 0.3046875, 0.328125, 0.390625]",[74],0.23503420500467742,0.14727316164488866
682,11486.953125,"[0.53125, 0.375, 0.59375, 0.34375, 0.5625, 0.515625, 0.25, 0.5, 0.5, 0.5625, 0.3125, 0.625, 0.609375, 0.3203125, 0.5625, 0.625, 0.46875, 0.375, 0.578125, 0.625, 0.34375]","[0.328125, 0.21875, 0.296875, 0.40625, 0.296875, 0.2578125, 0.3125, 0.34375, 0.3125, 0.3125, 0.375, 0.3125, 0.3359375, 0.3359375, 0.3125, 0.3125, 0.265625, 0.40625, 0.3046875, 0.328125, 0.390625]","[8, 74]",0.24358353860171755,0.13998505737359573
683,11347.96875,"[0.40625, 0.375, 0.59375, 0.34375, 0.5625, 0.515625, 0.2578125, 0.5, 0.5, 0.5625, 0.3125, 0.625, 0.609375, 0.3203125, 0.5625, 0.625, 0.40625, 0.375, 0.578125, 0.625, 0.34375]","[0.265625, 0.21875, 0.296875, 0.40625, 0.296875, 0.2578125, 0.3203125, 0.34375, 0.3125, 0.3125, 0.375, 0.3125, 0.3359375, 0.3359375, 0.3125, 0.3125, 0.234375, 0.40625, 0.3046875, 0.328125, 0.390625]",[8],0.24996825970385722,0.15331901387765087
684,11269.6875,"[0.40625, 0.375, 0.59375, 0.34375, 0.5625, 0.515625, 0.2578125, 0.5, 0.5, 0.5625, 0.3125, 0.625, 0.609375, 0.3203125, 0.5625, 0.625, 0.40625, 0.375, 0.578125, 0.625, 0.34375]","[0.265625, 0.21875, 0.296875, 0.40625, 0.296875, 0.2578125, 0.3203125, 0.34375, 0.3125, 0.3125, 0.375, 0.3125, 0.3359375, 0.3359375, 0.3125, 0.3125, 0.234375, 0.40625, 0.3046875, 0.328125, 0.390625]","[8, 65]",0.24996825970385722,0.15331901387765087
685,11369.0625,"[0.40625, 0.375, 0.59375, 0.34375, 0.5625, 0.515625, 0.2578125, 0.5, 0.5, 0.5625, 0.3125, 0.625, 0.609375, 0.3203125, 0.5625, 0.625, 0.40625, 0.375, 0.578125, 0.625, 0.34375]","[0.265625, 0.21875, 0.296875, 0.40625, 0.296875, 0.2578125, 0.3203125, 0.34375, 0.3125, 0.3125, 0.375, 0.3125, 0.3359375, 0.3359375, 0.3125, 0.3125, 0.234375, 0.40625, 0.3046875, 0.328125, 0.390625]","[8, 65]",0.24996825970385722,0.15331901387765087
686,11229.375,"[0.40625, 0.40625, 0.59375, 0.34375, 0.5625, 0.515625, 0.2578125, 0.5, 0.5, 0.5625, 0.3125, 0.625, 0.609375, 0.3203125, 0.5625, 0.625, 0.4375, 0.375, 0.578125, 0.625, 0.34375]","[0.265625, 0.234375, 0.296875, 0.40625, 0.296875, 0.2578125, 0.3203125, 0.34375, 0.3125, 0.3125, 0.375, 0.3125, 0.3359375, 0.3359375, 0.3125, 0.3125, 0.25, 0.40625, 0.3046875, 0.328125, 0.390625]",[71],0.24466009201853708,0.1443163419540092
687,11269.0625,"[0.40625, 0.40625, 0.59375, 0.34375, 0.5625, 0.515625, 0.2578125, 0.5, 0.5, 0.5625, 0.3125, 0.625, 0.609375, 0.3203125, 0.5625, 0.625, 0.4375, 0.375, 0.578125, 0.625, 0.34375]","[0.265625, 0.234375, 0.296875, 0.40625, 0.296875, 0.2578125, 0.3203125, 0.34375, 0.3125, 0.3125, 0.375, 0.3125, 0.3359375, 0.3359375, 0.3125, 0.3125, 0.25, 0.40625, 0.3046875, 0.328125, 0.390625]",[71],0.24466009201853708,0.1443163419540092
688,11386.875,"[0.65625, 0.40625, 0.5625, 0.34375, 0.5625, 0.390625, 0.2578125, 0.5, 0.5, 0.5625, 0.3125, 0.625, 0.609375, 0.3046875, 0.5625, 0.625, 0.4375, 0.375, 0.578125, 0.625, 0.34375]","[0.390625, 0.234375, 0.28125, 0.40625, 0.296875, 0.1953125, 0.3203125, 0.34375, 0.3125, 0.3125, 0.375, 0.3125, 0.3359375, 0.3203125, 0.3125, 0.3125, 0.25, 0.40625, 0.3046875, 0.328125, 0.390625]","[37, 106]",0.25559473255694515,0.16519382050703812
689,11267.890625,"[0.65625, 0.40625, 0.5625, 0.34375, 0.5625, 0.390625, 0.2421875, 0.5, 0.5, 0.5625, 0.375, 0.625, 0.609375, 0.3046875, 0.5625, 0.625, 0.4375, 0.375, 0.578125, 0.625, 0.34375]","[0.390625, 0.234375, 0.28125, 0.40625, 0.296875, 0.1953125, 0.2890625, 0.34375, 0.3125, 0.3125, 0.4375, 0.3125, 0.3359375, 0.3203125, 0.3125, 0.3125, 0.25, 0.40625, 0.3046875, 0.328125, 0.390625]",[37],0.25032206662499185,0.17988642874170155
690,11247.5,"[0.65625, 0.40625, 0.5625, 0.34375, 0.5625, 0.390625, 0.2421875, 0.5, 0.5, 0.5625, 0.375, 0.625, 0.609375, 0.2890625, 0.5625, 0.625, 0.4375, 0.375, 0.578125, 0.625, 0.34375]","[0.390625, 0.234375, 0.28125, 0.40625, 0.296875, 0.1953125, 0.2890625, 0.34375, 0.3125, 0.3125, 0.4375, 0.3125, 0.3359375, 0.3046875, 0.3125, 0.3125, 0.25, 0.40625, 0.3046875, 0.328125, 0.390625]","[37, 128]",0.2530719052512373,0.18068739148728816
691,11287.03125,"[0.65625, 0.21875, 0.5625, 0.40625, 0.5625, 0.390625, 0.2421875, 0.5, 0.5, 0.5625, 0.375, 0.625, 0.609375, 0.2890625, 0.5625, 0.625, 0.4375, 0.375, 0.578125, 0.5, 0.34375]","[0.390625, 0.140625, 0.28125, 0.46875, 0.296875, 0.1953125, 0.2890625, 0.34375, 0.3125, 0.3125, 0.4375, 0.3125, 0.3359375, 0.3046875, 0.3125, 0.3125, 0.25, 0.40625, 0.3046875, 0.265625, 0.390625]","[54, 66]",0.27082264803707495,0.2315053328580939
692,11128.28125,"[0.65625, 0.34375, 0.5625, 0.40625, 0.5625, 0.390625, 0.2421875, 0.46875, 0.5, 0.5625, 0.375, 0.625, 0.609375, 0.2890625, 0.5625, 0.625, 0.4375, 0.375, 0.578125, 0.5, 0.328125]","[0.390625, 0.203125, 0.28125, 0.46875, 0.296875, 0.1953125, 0.2890625, 0.328125, 0.3125, 0.3125, 0.4375, 0.3125, 0.3359375, 0.3046875, 0.3125, 0.3125, 0.25, 0.40625, 0.3046875, 0.265625, 0.359375]","[66, 76]",0.2506850964419804,0.20690848549703844
693,11167.34375,"[0.65625, 0.59375, 0.5625, 0.40625, 0.5625, 0.390625, 0.2421875, 0.46875, 0.5, 0.5625, 0.375, 0.5, 0.609375, 0.2890625, 0.5625, 0.625, 0.4375, 0.375, 0.578125, 0.515625, 0.328125]","[0.390625, 0.328125, 0.28125, 0.46875, 0.296875, 0.1953125, 0.2890625, 0.328125, 0.3125, 0.3125, 0.4375, 0.25, 0.3359375, 0.3046875, 0.3125, 0.3125, 0.25, 0.40625, 0.3046875, 0.2734375, 0.359375]","[31, 143, 151]",0.23654908621931173,0.193761200393107
694,11107.890625,"[0.65625, 0.59375, 0.5625, 0.40625, 0.5625, 0.390625, 0.2421875, 0.46875, 0.5, 0.5625, 0.375, 0.53125, 0.609375, 0.296875, 0.5625, 0.625, 0.4375, 0.375, 0.578125, 0.515625, 0.328125]","[0.390625, 0.328125, 0.28125, 0.46875, 0.296875, 0.1953125, 0.2890625, 0.328125, 0.3125, 0.3125, 0.4375, 0.28125, 0.3359375, 0.3125, 0.3125, 0.3125, 0.25, 0.40625, 0.3046875, 0.2734375, 0.359375]",[31],0.2352135675363184,0.18814641596342763
695,11088.046875,"[0.65625, 0.59375, 0.5625, 0.40625, 0.5625, 0.390625, 0.2421875, 0.46875, 0.5, 0.53125, 0.375, 0.53125, 0.609375, 0.296875, 0.5625, 0.625, 0.4375, 0.25, 0.578125, 0.515625, 0.328125]","[0.390625, 0.328125, 0.28125, 0.46875, 0.296875, 0.1953125, 0.2890625, 0.328125, 0.3125, 0.296875, 0.4375, 0.28125, 0.3359375, 0.3125, 0.3125, 0.3125, 0.25, 0.28125, 0.3046875, 0.2734375, 0.359375]",[1],0.25497029360630563,0.185232061059817
696,10929.453125,"[0.65625, 0.59375, 0.5625, 0.40625, 0.5625, 0.390625, 0.2421875, 0.46875, 0.5, 0.53125, 0.375, 0.53125, 0.609375, 0.296875, 0.5625, 0.625, 0.4375, 0.25, 0.578125, 0.515625, 0.328125]","[0.390625, 0.328125, 0.28125, 0.46875, 0.296875, 0.1953125, 0.2890625, 0.328125, 0.3125, 0.296875, 0.4375, 0.28125, 0.3359375, 0.3125, 0.3125, 0.3125, 0.25, 0.28125, 0.3046875, 0.2734375, 0.359375]","[1, 31]",0.25497029360630563,0.185232061059817
697,11008.515625,"[0.65625, 0.59375, 0.5625, 0.40625, 0.5625, 0.390625, 0.2109375, 0.46875, 0.5, 0.53125, 0.375, 0.53125, 0.609375, 0.296875, 0.5625, 0.625, 0.5, 0.25, 0.578125, 0.484375, 0.328125]","[0.390625, 0.328125, 0.28125, 0.46875, 0.296875, 0.1953125, 0.2578125, 0.328125, 0.3125, 0.296875, 0.4375, 0.28125, 0.3359375, 0.3125, 0.3125, 0.3125, 0.28125, 0.28125, 0.3046875, 0.2578125, 0.359375]","[1, 67]",0.26031802317800384,0.18706790761923972
698,10869.296875,"[0.65625, 0.59375, 0.5625, 0.40625, 0.5625, 0.390625, 0.2109375, 0.46875, 0.5, 0.53125, 0.375, 0.53125, 0.609375, 0.296875, 0.5625, 0.625, 0.5, 0.25, 0.578125, 0.484375, 0.328125]","[0.390625, 0.328125, 0.28125, 0.46875, 0.296875, 0.1953125, 0.2578125, 0.328125, 0.3125, 0.296875, 0.4375, 0.28125, 0.3359375, 0.3125, 0.3125, 0.3125, 0.28125, 0.28125, 0.3046875, 0.2578125, 0.359375]","[1, 67]",0.26031802317800384,0.18706790761923972
699,10988.359375,"[0.65625, 0.59375, 0.5625, 0.40625, 0.5625, 0.515625, 0.2109375, 0.46875, 0.5, 0.53125, 0.375, 0.53125, 0.609375, 0.296875, 0.5625, 0.625, 0.5, 0.25, 0.578125, 0.484375, 0.328125]","[0.390625, 0.328125, 0.28125, 0.46875, 0.296875, 0.2578125, 0.2578125, 0.328125, 0.3125, 0.296875, 0.4375, 0.28125, 0.3359375, 0.3125, 0.3125, 0.3125, 0.28125, 0.28125, 0.3046875, 0.2578125, 0.359375]","[1, 120]",0.25440522645447244,0.1703777106039111
700,11206.640625,"[0.65625, 0.59375, 0.5625, 0.375, 0.5625, 0.515625, 0.2109375, 0.46875, 0.5, 0.53125, 0.375, 0.53125, 0.609375, 0.296875, 0.5625, 0.625, 0.5, 0.3125, 0.578125, 0.609375, 0.328125]","[0.390625, 0.328125, 0.28125, 0.40625, 0.296875, 0.2578125, 0.2578125, 0.328125, 0.3125, 0.296875, 0.4375, 0.28125, 0.3359375, 0.3125, 0.3125, 0.3125, 0.28125, 0.34375, 0.3046875, 0.3203125, 0.359375]","[138, 149]",0.24867786012456364,0.13968839275831876
701,11226.484375,"[0.65625, 0.59375, 0.5625, 0.34375, 0.5625, 0.515625, 0.2109375, 0.46875, 0.5, 0.53125, 0.375, 0.53125, 0.609375, 0.3125, 0.5625, 0.625, 0.53125, 0.3125, 0.578125, 0.609375, 0.328125]","[0.390625, 0.328125, 0.28125, 0.375, 0.296875, 0.2578125, 0.2578125, 0.328125, 0.3125, 0.296875, 0.4375, 0.28125, 0.3359375, 0.328125, 0.3125, 0.3125, 0.296875, 0.34375, 0.3046875, 0.3203125, 0.359375]","[57, 155]",0.2498612111536866,0.13054884821727727
702,11425.546875,"[0.65625, 0.59375, 0.5625, 0.34375, 0.5625, 0.578125, 0.2109375, 0.46875, 0.5, 0.53125, 0.375, 0.53125, 0.609375, 0.3125, 0.5625, 0.625, 0.53125, 0.3125, 0.578125, 0.609375, 0.328125]","[0.390625, 0.328125, 0.28125, 0.375, 0.296875, 0.2890625, 0.2578125, 0.328125, 0.3125, 0.296875, 0.4375, 0.28125, 0.3359375, 0.328125, 0.3125, 0.3125, 0.296875, 0.34375, 0.3046875, 0.3203125, 0.359375]","[155, 159]",0.2509876507375697,0.12445114692378156
703,11325.859375,"[0.65625, 0.59375, 0.5625, 0.34375, 0.5625, 0.59375, 0.2109375, 0.46875, 0.46875, 0.53125, 0.375, 0.53125, 0.609375, 0.3125, 0.5625, 0.625, 0.53125, 0.3125, 0.578125, 0.609375, 0.328125]","[0.390625, 0.328125, 0.28125, 0.375, 0.296875, 0.296875, 0.2578125, 0.328125, 0.296875, 0.296875, 0.4375, 0.28125, 0.3359375, 0.328125, 0.3125, 0.3125, 0.296875, 0.34375, 0.3046875, 0.3203125, 0.359375]",[46],0.25271331035743533,0.12478612593595394
704,11306.171875,"[0.65625, 0.59375, 0.5625, 0.34375, 0.5625, 0.59375, 0.1796875, 0.46875, 0.46875, 0.53125, 0.375, 0.53125, 0.609375, 0.3125, 0.5625, 0.625, 0.53125, 0.3125, 0.578125, 0.609375, 0.328125]","[0.390625, 0.328125, 0.28125, 0.375, 0.296875, 0.296875, 0.2265625, 0.328125, 0.296875, 0.296875, 0.4375, 0.28125, 0.3359375, 0.328125, 0.3125, 0.3125, 0.296875, 0.34375, 0.3046875, 0.3203125, 0.359375]","[30, 46, 155]",0.260590163743978,0.1342393024759072
705,11544.453125,"[0.65625, 0.59375, 0.5625, 0.34375, 0.5625, 0.59375, 0.2421875, 0.46875, 0.46875, 0.53125, 0.375, 0.53125, 0.609375, 0.3125, 0.5625, 0.625, 0.53125, 0.34375, 0.578125, 0.609375, 0.328125]","[0.390625, 0.328125, 0.28125, 0.375, 0.296875, 0.296875, 0.2890625, 0.328125, 0.296875, 0.296875, 0.4375, 0.28125, 0.3359375, 0.328125, 0.3125, 0.3125, 0.296875, 0.375, 0.3046875, 0.3203125, 0.359375]",[155],0.24050893589901223,0.12182028832834793
706,11405.390625,"[0.65625, 0.59375, 0.5625, 0.34375, 0.5625, 0.59375, 0.2421875, 0.46875, 0.46875, 0.53125, 0.375, 0.53125, 0.578125, 0.3125, 0.5, 0.625, 0.53125, 0.34375, 0.578125, 0.609375, 0.328125]","[0.390625, 0.328125, 0.28125, 0.375, 0.296875, 0.296875, 0.2890625, 0.328125, 0.296875, 0.296875, 0.4375, 0.28125, 0.3046875, 0.328125, 0.28125, 0.3125, 0.296875, 0.375, 0.3046875, 0.3203125, 0.359375]","[50, 78]",0.23827153966555983,0.12656042529824382
707,11424.765625,"[0.65625, 0.59375, 0.5625, 0.34375, 0.5625, 0.59375, 0.2421875, 0.46875, 0.46875, 0.53125, 0.375, 0.53125, 0.578125, 0.3125, 0.5, 0.625, 0.59375, 0.34375, 0.578125, 0.609375, 0.3125]","[0.390625, 0.328125, 0.28125, 0.375, 0.296875, 0.296875, 0.2890625, 0.328125, 0.296875, 0.296875, 0.4375, 0.28125, 0.3046875, 0.328125, 0.28125, 0.3125, 0.328125, 0.375, 0.3046875, 0.3203125, 0.328125]","[43, 50]",0.2428989007959088,0.12298623175191258
708,11405.78125,"[0.65625, 0.59375, 0.5625, 0.34375, 0.5625, 0.59375, 0.2734375, 0.46875, 0.46875, 0.53125, 0.375, 0.53125, 0.578125, 0.3203125, 0.5, 0.625, 0.59375, 0.34375, 0.578125, 0.609375, 0.3125]","[0.390625, 0.328125, 0.28125, 0.375, 0.296875, 0.296875, 0.3203125, 0.328125, 0.296875, 0.296875, 0.4375, 0.28125, 0.3046875, 0.3359375, 0.28125, 0.3125, 0.328125, 0.375, 0.3046875, 0.3203125, 0.328125]","[155, 160]",0.23483497130833103,0.12029127691019545
709,11524.84375,"[0.65625, 0.59375, 0.5625, 0.34375, 0.5625, 0.59375, 0.2734375, 0.46875, 0.46875, 0.53125, 0.375, 0.53125, 0.578125, 0.3203125, 0.5, 0.625, 0.59375, 0.34375, 0.578125, 0.609375, 0.3125]","[0.390625, 0.328125, 0.28125, 0.375, 0.296875, 0.296875, 0.3203125, 0.328125, 0.296875, 0.296875, 0.4375, 0.28125, 0.3046875, 0.3359375, 0.28125, 0.3125, 0.328125, 0.375, 0.3046875, 0.3203125, 0.328125]","[155, 160]",0.23483497130833103,0.12029127691019545
710,11504.84375,"[0.65625, 0.59375, 0.5625, 0.34375, 0.5625, 0.59375, 0.2734375, 0.46875, 0.46875, 0.53125, 0.375, 0.59375, 0.578125, 0.3203125, 0.53125, 0.625, 0.59375, 0.34375, 0.578125, 0.609375, 0.3125]","[0.390625, 0.328125, 0.28125, 0.375, 0.296875, 0.296875, 0.3203125, 0.328125, 0.296875, 0.296875, 0.4375, 0.3125, 0.3046875, 0.3359375, 0.296875, 0.3125, 0.328125, 0.375, 0.3046875, 0.3203125, 0.328125]","[161, 162]",0.23641205206007831,0.11381113993537931
711,11703.59375,"[0.65625, 0.59375, 0.3125, 0.34375, 0.5625, 0.59375, 0.2734375, 0.46875, 0.46875, 0.53125, 0.375, 0.59375, 0.578125, 0.3203125, 0.53125, 0.625, 0.59375, 0.21875, 0.578125, 0.609375, 0.375]","[0.390625, 0.328125, 0.15625, 0.375, 0.296875, 0.296875, 0.3203125, 0.328125, 0.296875, 0.296875, 0.4375, 0.3125, 0.3046875, 0.3359375, 0.296875, 0.3125, 0.328125, 0.25, 0.3046875, 0.3203125, 0.390625]",[33],0.2681753924757562,0.17103238746602023
712,11387.34375,"[0.625, 0.59375, 0.375, 0.34375, 0.5625, 0.59375, 0.2734375, 0.46875, 0.46875, 0.53125, 0.375, 0.59375, 0.578125, 0.3203125, 0.53125, 0.625, 0.59375, 0.21875, 0.578125, 0.609375, 0.375]","[0.375, 0.328125, 0.21875, 0.375, 0.296875, 0.296875, 0.3203125, 0.328125, 0.296875, 0.296875, 0.4375, 0.3125, 0.3046875, 0.3359375, 0.296875, 0.3125, 0.328125, 0.25, 0.3046875, 0.3203125, 0.390625]","[141, 153]",0.2568449904232707,0.14241738495674178
713,11446.71875,"[0.625, 0.59375, 0.4375, 0.34375, 0.59375, 0.59375, 0.2734375, 0.46875, 0.46875, 0.53125, 0.375, 0.59375, 0.578125, 0.3203125, 0.53125, 0.625, 0.59375, 0.21875, 0.578125, 0.609375, 0.375]","[0.375, 0.328125, 0.25, 0.375, 0.3125, 0.296875, 0.3203125, 0.328125, 0.296875, 0.296875, 0.4375, 0.3125, 0.3046875, 0.3359375, 0.296875, 0.3125, 0.328125, 0.25, 0.3046875, 0.3203125, 0.390625]",[162],0.2526180601937833,0.13142716985692382
714,11486.40625,"[0.625, 0.53125, 0.4375, 0.34375, 0.59375, 0.59375, 0.2734375, 0.46875, 0.46875, 0.53125, 0.375, 0.59375, 0.578125, 0.3203125, 0.53125, 0.625, 0.59375, 0.21875, 0.578125, 0.609375, 0.375]","[0.375, 0.296875, 0.25, 0.375, 0.3125, 0.296875, 0.3203125, 0.328125, 0.296875, 0.296875, 0.4375, 0.3125, 0.3046875, 0.3359375, 0.296875, 0.3125, 0.328125, 0.25, 0.3046875, 0.3203125, 0.390625]",[128],0.25059439496483726,0.13304936356345146
715,11446.71875,"[0.625, 0.53125, 0.5, 0.34375, 0.59375, 0.59375, 0.2734375, 0.46875, 0.46875, 0.53125, 0.375, 0.59375, 0.578125, 0.3203125, 0.53125, 0.625, 0.59375, 0.21875, 0.578125, 0.609375, 0.375]","[0.375, 0.296875, 0.28125, 0.375, 0.3125, 0.296875, 0.3203125, 0.328125, 0.296875, 0.296875, 0.4375, 0.3125, 0.3046875, 0.3359375, 0.296875, 0.3125, 0.328125, 0.25, 0.3046875, 0.3203125, 0.390625]","[162, 163, 164]",0.24800973996180586,0.1262225053776651
716,11565.78125,"[0.625, 0.53125, 0.5, 0.34375, 0.59375, 0.59375, 0.2734375, 0.46875, 0.46875, 0.53125, 0.375, 0.59375, 0.578125, 0.3203125, 0.53125, 0.625, 0.59375, 0.234375, 0.578125, 0.640625, 0.375]","[0.375, 0.296875, 0.28125, 0.375, 0.3125, 0.296875, 0.3203125, 0.328125, 0.296875, 0.296875, 0.4375, 0.3125, 0.3046875, 0.3359375, 0.296875, 0.3125, 0.328125, 0.296875, 0.3046875, 0.3359375, 0.390625]",[86],0.24686165225083145,0.11648175822848832
717,11526.09375,"[0.625, 0.53125, 0.5, 0.34375, 0.59375, 0.59375, 0.2734375, 0.46875, 0.40625, 0.53125, 0.375, 0.59375, 0.578125, 0.3203125, 0.53125, 0.625, 0.59375, 0.25, 0.578125, 0.640625, 0.375]","[0.375, 0.296875, 0.28125, 0.375, 0.3125, 0.296875, 0.3203125, 0.328125, 0.265625, 0.296875, 0.4375, 0.3125, 0.3046875, 0.3359375, 0.296875, 0.3125, 0.328125, 0.3125, 0.3046875, 0.3359375, 0.390625]","[47, 163, 165]",0.2476218420917474,0.12074853565273255
718,11763.59375,"[0.625, 0.53125, 0.5, 0.34375, 0.59375, 0.59375, 0.2734375, 0.46875, 0.40625, 0.53125, 0.375, 0.59375, 0.578125, 0.3203125, 0.40625, 0.625, 0.59375, 0.25, 0.703125, 0.640625, 0.375]","[0.375, 0.296875, 0.28125, 0.375, 0.3125, 0.296875, 0.3203125, 0.328125, 0.265625, 0.296875, 0.4375, 0.3125, 0.3046875, 0.3359375, 0.234375, 0.3125, 0.328125, 0.3125, 0.3671875, 0.3359375, 0.390625]",[29],0.26415103978869847,0.136191193106088
719,11606.09375,"[0.625, 0.53125, 0.5, 0.34375, 0.59375, 0.59375, 0.2734375, 0.46875, 0.40625, 0.53125, 0.375, 0.59375, 0.578125, 0.3203125, 0.40625, 0.625, 0.59375, 0.25, 0.671875, 0.640625, 0.375]","[0.375, 0.296875, 0.28125, 0.375, 0.3125, 0.296875, 0.3203125, 0.328125, 0.265625, 0.296875, 0.4375, 0.3125, 0.3046875, 0.3359375, 0.234375, 0.3125, 0.328125, 0.3125, 0.3359375, 0.3359375, 0.390625]","[17, 29]",0.2603235185827693,0.1339225456936815
720,11645.625,"[0.625, 0.53125, 0.5, 0.34375, 0.59375, 0.59375, 0.2890625, 0.46875, 0.40625, 0.53125, 0.375, 0.59375, 0.578125, 0.3203125, 0.53125, 0.625, 0.5625, 0.25, 0.671875, 0.640625, 0.375]","[0.375, 0.296875, 0.28125, 0.375, 0.3125, 0.296875, 0.3515625, 0.328125, 0.265625, 0.296875, 0.4375, 0.3125, 0.3046875, 0.3359375, 0.296875, 0.3125, 0.3125, 0.3125, 0.3359375, 0.3359375, 0.390625]","[149, 163]",0.2507260242074814,0.12076318097579615
721,11863.125,"[0.625, 0.53125, 0.5, 0.34375, 0.59375, 0.59375, 0.2890625, 0.46875, 0.65625, 0.53125, 0.375, 0.59375, 0.578125, 0.3203125, 0.53125, 0.625, 0.5625, 0.1875, 0.671875, 0.640625, 0.375]","[0.375, 0.296875, 0.28125, 0.375, 0.3125, 0.296875, 0.3515625, 0.328125, 0.390625, 0.296875, 0.4375, 0.3125, 0.3046875, 0.3359375, 0.296875, 0.3125, 0.3125, 0.25, 0.3359375, 0.3359375, 0.390625]",[120],0.26487761984877084,0.12986111025913805
722,11743.4375,"[0.625, 0.53125, 0.5, 0.34375, 0.59375, 0.59375, 0.2890625, 0.46875, 0.65625, 0.53125, 0.375, 0.578125, 0.578125, 0.3203125, 0.53125, 0.625, 0.5, 0.1875, 0.671875, 0.640625, 0.375]","[0.375, 0.296875, 0.28125, 0.375, 0.3125, 0.296875, 0.3515625, 0.328125, 0.390625, 0.296875, 0.4375, 0.3046875, 0.3046875, 0.3359375, 0.296875, 0.3125, 0.28125, 0.25, 0.3359375, 0.3359375, 0.390625]",[118],0.264635499531144,0.13448642949849168
723,11724.21875,"[0.625, 0.53125, 0.5, 0.34375, 0.59375, 0.59375, 0.2890625, 0.46875, 0.65625, 0.53125, 0.375, 0.578125, 0.578125, 0.3203125, 0.53125, 0.625, 0.5, 0.25, 0.671875, 0.640625, 0.375]","[0.375, 0.296875, 0.28125, 0.375, 0.3125, 0.296875, 0.3515625, 0.328125, 0.390625, 0.296875, 0.4375, 0.3046875, 0.3046875, 0.3359375, 0.296875, 0.3125, 0.28125, 0.3125, 0.3359375, 0.3359375, 0.390625]","[120, 123]",0.2501131572791349,0.12303242521521135
724,11822.65625,"[0.625, 0.53125, 0.5, 0.34375, 0.59375, 0.59375, 0.2890625, 0.46875, 0.65625, 0.5625, 0.375, 0.578125, 0.578125, 0.3203125, 0.53125, 0.625, 0.5, 0.25, 0.671875, 0.515625, 0.375]","[0.375, 0.296875, 0.28125, 0.375, 0.3125, 0.296875, 0.3515625, 0.328125, 0.390625, 0.3125, 0.4375, 0.3046875, 0.3046875, 0.3359375, 0.296875, 0.3125, 0.28125, 0.3125, 0.3359375, 0.2734375, 0.390625]","[53, 123, 163]",0.24609349874278924,0.1280131203478137
725,11980.78125,"[0.625, 0.53125, 0.5, 0.34375, 0.59375, 0.59375, 0.2890625, 0.46875, 0.65625, 0.5625, 0.375, 0.578125, 0.578125, 0.3203125, 0.78125, 0.625, 0.5, 0.3125, 0.671875, 0.640625, 0.375]","[0.375, 0.296875, 0.28125, 0.375, 0.3125, 0.296875, 0.3515625, 0.328125, 0.390625, 0.3125, 0.4375, 0.3046875, 0.3046875, 0.3359375, 0.421875, 0.3125, 0.28125, 0.375, 0.3359375, 0.3359375, 0.390625]",[165],0.2582547667887797,0.12919972442538089
726,12140.15625,"[0.625, 0.53125, 0.5, 0.34375, 0.59375, 0.59375, 0.2890625, 0.46875, 0.65625, 0.5625, 0.375, 0.578125, 0.578125, 0.3203125, 0.78125, 0.625, 0.4375, 0.3125, 0.671875, 0.640625, 0.375]","[0.375, 0.296875, 0.28125, 0.375, 0.3125, 0.296875, 0.3515625, 0.328125, 0.390625, 0.3125, 0.4375, 0.3046875, 0.3046875, 0.3359375, 0.421875, 0.3125, 0.25, 0.375, 0.3359375, 0.3359375, 0.390625]","[6, 165]",0.26186852714883835,0.13697804482669088
727,12118.828125,"[0.625, 0.53125, 0.5, 0.34375, 0.59375, 0.59375, 0.296875, 0.46875, 0.625, 0.5625, 0.375, 0.578125, 0.578125, 0.3203125, 0.78125, 0.625, 0.4375, 0.3125, 0.671875, 0.640625, 0.375]","[0.375, 0.296875, 0.28125, 0.375, 0.3125, 0.296875, 0.359375, 0.328125, 0.375, 0.3125, 0.4375, 0.3046875, 0.3046875, 0.3359375, 0.421875, 0.3125, 0.25, 0.375, 0.3359375, 0.3359375, 0.390625]",[73],0.2585738159069322,0.13543970858561744
728,11961.328125,"[0.625, 0.53125, 0.5, 0.34375, 0.46875, 0.59375, 0.296875, 0.46875, 0.625, 0.53125, 0.34375, 0.578125, 0.578125, 0.2578125, 0.78125, 0.625, 0.4375, 0.3125, 0.671875, 0.640625, 0.375]","[0.375, 0.296875, 0.28125, 0.375, 0.25, 0.296875, 0.359375, 0.328125, 0.375, 0.265625, 0.375, 0.3046875, 0.3046875, 0.2734375, 0.421875, 0.3125, 0.25, 0.375, 0.3359375, 0.3359375, 0.390625]",[5],0.274903538936037,0.14794327137462993
729,11603.984375,"[0.625, 0.53125, 0.5, 0.34375, 0.46875, 0.59375, 0.3125, 0.46875, 0.625, 0.53125, 0.34375, 0.578125, 0.578125, 0.2578125, 0.78125, 0.625, 0.375, 0.25, 0.671875, 0.640625, 0.375]","[0.375, 0.296875, 0.28125, 0.375, 0.25, 0.296875, 0.390625, 0.328125, 0.375, 0.265625, 0.375, 0.3046875, 0.3046875, 0.2734375, 0.421875, 0.3125, 0.21875, 0.3125, 0.3359375, 0.3359375, 0.390625]",[72],0.28900940194313696,0.15896953273155162
730,11642.734375,"[0.625, 0.53125, 0.5, 0.34375, 0.46875, 0.59375, 0.296875, 0.46875, 0.625, 0.53125, 0.34375, 0.578125, 0.578125, 0.2578125, 0.78125, 0.625, 0.375, 0.25, 0.671875, 0.640625, 0.375]","[0.375, 0.296875, 0.28125, 0.375, 0.25, 0.296875, 0.375, 0.328125, 0.375, 0.265625, 0.375, 0.3046875, 0.3046875, 0.2734375, 0.421875, 0.3125, 0.21875, 0.3125, 0.3359375, 0.3359375, 0.390625]","[2, 72]",0.29144208454694015,0.15671536652814286
731,11524.609375,"[0.625, 0.53125, 0.5, 0.34375, 0.46875, 0.59375, 0.296875, 0.46875, 0.625, 0.53125, 0.34375, 0.578125, 0.578125, 0.2578125, 0.78125, 0.625, 0.4375, 0.25, 0.671875, 0.640625, 0.375]","[0.375, 0.296875, 0.28125, 0.375, 0.25, 0.296875, 0.375, 0.328125, 0.375, 0.265625, 0.375, 0.3046875, 0.3046875, 0.2734375, 0.421875, 0.3125, 0.28125, 0.3125, 0.3359375, 0.3359375, 0.390625]","[2, 75]",0.2858656526526826,0.14110609086428813
732,11802.890625,"[0.625, 0.53125, 0.5, 0.34375, 0.46875, 0.59375, 0.296875, 0.46875, 0.625, 0.40625, 0.34375, 0.578125, 0.578125, 0.3203125, 0.78125, 0.625, 0.4375, 0.25, 0.671875, 0.640625, 0.375]","[0.375, 0.296875, 0.28125, 0.375, 0.25, 0.296875, 0.375, 0.328125, 0.375, 0.203125, 0.375, 0.3046875, 0.3046875, 0.3359375, 0.421875, 0.3125, 0.28125, 0.3125, 0.3359375, 0.3359375, 0.390625]","[2, 25]",0.2812987281344752,0.15435277002181236
733,11644.140625,"[0.625, 0.53125, 0.5, 0.34375, 0.46875, 0.59375, 0.296875, 0.46875, 0.625, 0.40625, 0.34375, 0.578125, 0.578125, 0.3203125, 0.78125, 0.625, 0.4375, 0.25, 0.671875, 0.640625, 0.375]","[0.375, 0.296875, 0.28125, 0.375, 0.25, 0.296875, 0.375, 0.328125, 0.375, 0.203125, 0.375, 0.3046875, 0.3046875, 0.3359375, 0.421875, 0.3125, 0.28125, 0.3125, 0.3359375, 0.3359375, 0.390625]",[2],0.2812987281344752,0.15435277002181236
734,11585.234375,"[0.625, 0.53125, 0.5, 0.34375, 0.46875, 0.59375, 0.296875, 0.46875, 0.625, 0.40625, 0.34375, 0.578125, 0.578125, 0.3203125, 0.78125, 0.625, 0.4375, 0.265625, 0.671875, 0.640625, 0.375]","[0.375, 0.296875, 0.28125, 0.375, 0.25, 0.296875, 0.375, 0.328125, 0.375, 0.203125, 0.375, 0.3046875, 0.3046875, 0.3359375, 0.421875, 0.3125, 0.28125, 0.328125, 0.3359375, 0.3359375, 0.390625]","[25, 85]",0.2783055309187291,0.15368412750068391
735,11783.984375,"[0.625, 0.53125, 0.5, 0.34375, 0.46875, 0.59375, 0.296875, 0.46875, 0.625, 0.46875, 0.34375, 0.578125, 0.578125, 0.3203125, 0.78125, 0.625, 0.4375, 0.265625, 0.671875, 0.640625, 0.4375]","[0.375, 0.296875, 0.28125, 0.375, 0.25, 0.296875, 0.375, 0.328125, 0.375, 0.265625, 0.375, 0.3046875, 0.3046875, 0.3359375, 0.421875, 0.3125, 0.28125, 0.328125, 0.3359375, 0.3359375, 0.453125]",[118],0.26814561859159225,0.1500178026221124
736,11863.359375,"[0.625, 0.53125, 0.5, 0.34375, 0.46875, 0.59375, 0.296875, 0.46875, 0.625, 0.46875, 0.40625, 0.578125, 0.578125, 0.3203125, 0.78125, 0.625, 0.4375, 0.265625, 0.671875, 0.640625, 0.4375]","[0.375, 0.296875, 0.28125, 0.375, 0.25, 0.296875, 0.375, 0.328125, 0.375, 0.265625, 0.4375, 0.3046875, 0.3046875, 0.3359375, 0.421875, 0.3125, 0.28125, 0.328125, 0.3359375, 0.3359375, 0.453125]",[126],0.26082643866631733,0.1607497466865709
737,12022.109375,"[0.625, 0.53125, 0.5, 0.34375, 0.46875, 0.59375, 0.296875, 0.46875, 0.625, 0.46875, 0.40625, 0.578125, 0.578125, 0.3203125, 0.78125, 0.625, 0.4375, 0.265625, 0.671875, 0.640625, 0.40625]","[0.375, 0.296875, 0.28125, 0.375, 0.25, 0.296875, 0.375, 0.328125, 0.375, 0.265625, 0.4375, 0.3046875, 0.3046875, 0.3359375, 0.421875, 0.3125, 0.28125, 0.328125, 0.3359375, 0.3359375, 0.421875]","[19, 126]",0.2634766273393804,0.15290557246876382
738,11882.890625,"[0.625, 0.5, 0.5, 0.34375, 0.46875, 0.59375, 0.296875, 0.46875, 0.625, 0.46875, 0.40625, 0.578125, 0.578125, 0.3203125, 0.78125, 0.625, 0.4375, 0.34375, 0.671875, 0.640625, 0.40625]","[0.375, 0.28125, 0.28125, 0.375, 0.25, 0.296875, 0.375, 0.328125, 0.375, 0.265625, 0.4375, 0.3046875, 0.3046875, 0.3359375, 0.421875, 0.3125, 0.28125, 0.40625, 0.3359375, 0.3359375, 0.421875]","[99, 165]",0.25076827605863145,0.1599213391364451
739,12060.546875,"[0.625, 0.5, 0.5, 0.328125, 0.46875, 0.59375, 0.296875, 0.46875, 0.625, 0.71875, 0.40625, 0.578125, 0.578125, 0.3359375, 0.78125, 0.625, 0.4375, 0.34375, 0.671875, 0.640625, 0.40625]","[0.375, 0.28125, 0.28125, 0.359375, 0.25, 0.296875, 0.375, 0.328125, 0.375, 0.390625, 0.4375, 0.3046875, 0.3046875, 0.3671875, 0.421875, 0.3125, 0.28125, 0.40625, 0.3359375, 0.3359375, 0.421875]","[158, 166, 167]",0.2587720505882697,0.15225267542073226
740,12239.609375,"[0.625, 0.5, 0.5, 0.328125, 0.46875, 0.59375, 0.296875, 0.46875, 0.625, 0.71875, 0.40625, 0.578125, 0.578125, 0.3359375, 0.78125, 0.625, 0.4375, 0.34375, 0.671875, 0.640625, 0.40625]","[0.375, 0.28125, 0.28125, 0.359375, 0.25, 0.296875, 0.375, 0.328125, 0.375, 0.390625, 0.4375, 0.3046875, 0.3046875, 0.3671875, 0.421875, 0.3125, 0.28125, 0.40625, 0.3359375, 0.3359375, 0.421875]","[158, 166]",0.2587720505882697,0.15225267542073226
741,12099.921875,"[0.625, 0.5, 0.5625, 0.328125, 0.46875, 0.59375, 0.296875, 0.46875, 0.625, 0.65625, 0.40625, 0.578125, 0.453125, 0.3359375, 0.78125, 0.625, 0.4375, 0.34375, 0.671875, 0.640625, 0.40625]","[0.375, 0.28125, 0.3125, 0.359375, 0.25, 0.296875, 0.375, 0.328125, 0.375, 0.359375, 0.4375, 0.3046875, 0.2421875, 0.3671875, 0.421875, 0.3125, 0.28125, 0.40625, 0.3359375, 0.3359375, 0.421875]",[13],0.25513056781456755,0.15861473043123914
742,11961.640625,"[0.625, 0.5, 0.5625, 0.328125, 0.46875, 0.59375, 0.328125, 0.46875, 0.625, 0.65625, 0.40625, 0.578125, 0.453125, 0.3359375, 0.78125, 0.625, 0.4375, 0.34375, 0.671875, 0.640625, 0.40625]","[0.375, 0.28125, 0.3125, 0.359375, 0.25, 0.296875, 0.40625, 0.328125, 0.375, 0.359375, 0.4375, 0.3046875, 0.2421875, 0.3671875, 0.421875, 0.3125, 0.28125, 0.40625, 0.3359375, 0.3359375, 0.421875]","[35, 166, 167]",0.24990063100541254,0.16171708045109678
743,12080.390625,"[0.625, 0.5, 0.5625, 0.359375, 0.5, 0.59375, 0.328125, 0.46875, 0.625, 0.65625, 0.40625, 0.578125, 0.453125, 0.3359375, 0.78125, 0.625, 0.4375, 0.34375, 0.671875, 0.640625, 0.40625]","[0.375, 0.28125, 0.3125, 0.390625, 0.28125, 0.296875, 0.40625, 0.328125, 0.375, 0.359375, 0.4375, 0.3046875, 0.2421875, 0.3671875, 0.421875, 0.3125, 0.28125, 0.40625, 0.3359375, 0.3359375, 0.421875]","[167, 168]",0.24382456430822466,0.1564818376066536
744,12119.765625,"[0.625, 0.5, 0.5625, 0.359375, 0.5, 0.59375, 0.328125, 0.46875, 0.625, 0.65625, 0.40625, 0.578125, 0.453125, 0.3359375, 0.78125, 0.625, 0.5, 0.34375, 0.671875, 0.640625, 0.40625]","[0.375, 0.28125, 0.3125, 0.390625, 0.28125, 0.296875, 0.40625, 0.328125, 0.375, 0.359375, 0.4375, 0.3046875, 0.2421875, 0.3671875, 0.421875, 0.3125, 0.3125, 0.40625, 0.3359375, 0.3359375, 0.421875]",[168],0.24009274058185795,0.15179632084885714
745,12120.078125,"[0.625, 0.5, 0.5625, 0.390625, 0.5, 0.59375, 0.328125, 0.46875, 0.625, 0.65625, 0.40625, 0.578125, 0.453125, 0.3359375, 0.78125, 0.625, 0.5, 0.34375, 0.671875, 0.640625, 0.40625]","[0.375, 0.28125, 0.3125, 0.421875, 0.28125, 0.296875, 0.40625, 0.328125, 0.375, 0.359375, 0.4375, 0.3046875, 0.2421875, 0.3671875, 0.421875, 0.3125, 0.3125, 0.40625, 0.3359375, 0.3359375, 0.421875]","[169, 170]",0.23603581652355662,0.15573236558407594
746,12179.609375,"[0.625, 0.5, 0.5625, 0.390625, 0.46875, 0.59375, 0.328125, 0.46875, 0.625, 0.65625, 0.40625, 0.578125, 0.46875, 0.3359375, 0.78125, 0.625, 0.5, 0.375, 0.671875, 0.640625, 0.40625]","[0.375, 0.28125, 0.3125, 0.421875, 0.25, 0.296875, 0.40625, 0.328125, 0.375, 0.359375, 0.4375, 0.3046875, 0.25, 0.3671875, 0.421875, 0.3125, 0.3125, 0.4375, 0.3359375, 0.3359375, 0.421875]",[39],0.23207840379307113,0.16545204001885588
747,12179.609375,"[0.625, 0.5, 0.5625, 0.390625, 0.5, 0.59375, 0.328125, 0.46875, 0.625, 0.65625, 0.40625, 0.578125, 0.46875, 0.3359375, 0.78125, 0.625, 0.5, 0.375, 0.671875, 0.640625, 0.40625]","[0.375, 0.28125, 0.3125, 0.421875, 0.265625, 0.296875, 0.40625, 0.328125, 0.375, 0.359375, 0.4375, 0.3046875, 0.25, 0.3671875, 0.421875, 0.3125, 0.3125, 0.4375, 0.3359375, 0.3359375, 0.421875]","[171, 172, 173]",0.2304758682821556,0.1616797568025132
748,12577.734375,"[0.625, 0.5, 0.5625, 0.390625, 0.5, 0.59375, 0.328125, 0.46875, 0.625, 0.65625, 0.40625, 0.578125, 0.46875, 0.4609375, 0.71875, 0.625, 0.5, 0.375, 0.671875, 0.640625, 0.40625]","[0.375, 0.28125, 0.3125, 0.421875, 0.265625, 0.296875, 0.40625, 0.328125, 0.375, 0.359375, 0.4375, 0.3046875, 0.25, 0.4921875, 0.359375, 0.3125, 0.3125, 0.4375, 0.3359375, 0.3359375, 0.421875]","[59, 173]",0.2056529091654111,0.17682957349081013
749,12557.65625,"[0.625, 0.625, 0.5625, 0.390625, 0.5, 0.59375, 0.328125, 0.40625, 0.625, 0.65625, 0.40625, 0.578125, 0.46875, 0.4453125, 0.71875, 0.625, 0.5, 0.375, 0.671875, 0.640625, 0.4140625]","[0.375, 0.34375, 0.3125, 0.421875, 0.265625, 0.296875, 0.40625, 0.265625, 0.375, 0.359375, 0.4375, 0.3046875, 0.25, 0.4765625, 0.359375, 0.3125, 0.3125, 0.4375, 0.3359375, 0.3359375, 0.4296875]",[64],0.21281834053998447,0.17592106853284895
750,12498.125,"[0.625, 0.625, 0.5, 0.390625, 0.5, 0.59375, 0.3125, 0.4375, 0.5625, 0.65625, 0.40625, 0.578125, 0.46875, 0.4140625, 0.71875, 0.625, 0.5, 0.375, 0.671875, 0.609375, 0.3984375]","[0.375, 0.34375, 0.28125, 0.421875, 0.265625, 0.296875, 0.375, 0.28125, 0.34375, 0.359375, 0.4375, 0.3046875, 0.25, 0.4453125, 0.359375, 0.3125, 0.3125, 0.4375, 0.3359375, 0.3046875, 0.3984375]","[3, 96]",0.21429397588685334,0.166658811515647
751,12339.6875,"[0.59375, 0.625, 0.5, 0.390625, 0.5, 0.59375, 0.3125, 0.4375, 0.5625, 0.65625, 0.40625, 0.578125, 0.5, 0.4140625, 0.71875, 0.625, 0.5, 0.375, 0.671875, 0.609375, 0.3984375]","[0.359375, 0.34375, 0.28125, 0.421875, 0.265625, 0.296875, 0.375, 0.28125, 0.34375, 0.359375, 0.4375, 0.3046875, 0.265625, 0.4453125, 0.359375, 0.3125, 0.3125, 0.4375, 0.3359375, 0.3046875, 0.3984375]","[96, 130]",0.21108832939351727,0.16250123027098634
752,12319.375,"[0.59375, 0.625, 0.5, 0.390625, 0.5, 0.59375, 0.3125, 0.4375, 0.5625, 0.65625, 0.4375, 0.578125, 0.5, 0.4140625, 0.71875, 0.625, 0.5, 0.375, 0.671875, 0.609375, 0.3984375]","[0.359375, 0.34375, 0.28125, 0.421875, 0.265625, 0.296875, 0.375, 0.28125, 0.34375, 0.359375, 0.5, 0.3046875, 0.265625, 0.4453125, 0.359375, 0.3125, 0.3125, 0.4375, 0.3359375, 0.3046875, 0.3984375]",[96],0.20786497154934677,0.17882404114247588
753,12359.375,"[0.59375, 0.625, 0.5, 0.390625, 0.5, 0.59375, 0.3125, 0.4375, 0.5625, 0.65625, 0.375, 0.578125, 0.5625, 0.4140625, 0.71875, 0.625, 0.5, 0.375, 0.671875, 0.609375, 0.3984375]","[0.359375, 0.34375, 0.28125, 0.421875, 0.265625, 0.296875, 0.375, 0.28125, 0.34375, 0.359375, 0.4375, 0.3046875, 0.296875, 0.4453125, 0.359375, 0.3125, 0.3125, 0.4375, 0.3359375, 0.3046875, 0.3984375]","[118, 131]",0.2142886447218211,0.1567911924475422
754,12399.53125,"[0.59375, 0.625, 0.5, 0.390625, 0.5, 0.59375, 0.34375, 0.4375, 0.5625, 0.65625, 0.375, 0.578125, 0.5625, 0.4140625, 0.71875, 0.375, 0.5, 0.375, 0.640625, 0.609375, 0.3984375]","[0.359375, 0.34375, 0.28125, 0.421875, 0.265625, 0.296875, 0.40625, 0.28125, 0.34375, 0.359375, 0.4375, 0.3046875, 0.296875, 0.4453125, 0.359375, 0.1875, 0.3125, 0.4375, 0.3203125, 0.3046875, 0.3984375]",[20],0.21442032691761528,0.19059963090530774
755,12182.1875,"[0.59375, 0.625, 0.5, 0.390625, 0.5, 0.59375, 0.34375, 0.4375, 0.5625, 0.65625, 0.375, 0.578125, 0.5625, 0.4140625, 0.71875, 0.375, 0.5, 0.375, 0.640625, 0.609375, 0.3984375]","[0.359375, 0.34375, 0.28125, 0.421875, 0.265625, 0.296875, 0.40625, 0.28125, 0.34375, 0.359375, 0.4375, 0.3046875, 0.296875, 0.4453125, 0.359375, 0.1875, 0.3125, 0.4375, 0.3203125, 0.3046875, 0.3984375]","[20, 110]",0.21442032691761528,0.19059963090530774
756,12241.25,"[0.59375, 0.625, 0.5, 0.390625, 0.5, 0.59375, 0.3359375, 0.5, 0.5625, 0.65625, 0.375, 0.578125, 0.5625, 0.4140625, 0.71875, 0.4375, 0.4375, 0.375, 0.640625, 0.609375, 0.3984375]","[0.359375, 0.34375, 0.28125, 0.421875, 0.265625, 0.296875, 0.3984375, 0.34375, 0.34375, 0.359375, 0.4375, 0.3046875, 0.296875, 0.4453125, 0.359375, 0.25, 0.28125, 0.4375, 0.3203125, 0.3046875, 0.3984375]","[31, 74]",0.20879205743377333,0.1688546984406814
757,12379.140625,"[0.59375, 0.625, 0.5, 0.390625, 0.5, 0.59375, 0.3359375, 0.5, 0.5625, 0.65625, 0.375, 0.609375, 0.5625, 0.4140625, 0.71875, 0.6875, 0.4375, 0.375, 0.640625, 0.609375, 0.3984375]","[0.359375, 0.34375, 0.28125, 0.421875, 0.265625, 0.296875, 0.3984375, 0.34375, 0.34375, 0.359375, 0.4375, 0.3203125, 0.296875, 0.4453125, 0.359375, 0.375, 0.28125, 0.4375, 0.3203125, 0.3046875, 0.3984375]","[131, 134]",0.2138060867091453,0.15341176545916516
758,12457.890625,"[0.59375, 0.625, 0.5625, 0.390625, 0.5, 0.59375, 0.3359375, 0.5, 0.5625, 0.65625, 0.25, 0.609375, 0.5625, 0.4140625, 0.71875, 0.6875, 0.5, 0.375, 0.640625, 0.609375, 0.3984375]","[0.359375, 0.34375, 0.3125, 0.421875, 0.265625, 0.296875, 0.3984375, 0.34375, 0.34375, 0.359375, 0.3125, 0.3203125, 0.296875, 0.4453125, 0.359375, 0.375, 0.34375, 0.4375, 0.3203125, 0.3046875, 0.3984375]",[60],0.23178164942210938,0.13504086017270187
759,12338.984375,"[0.59375, 0.625, 0.5625, 0.390625, 0.5, 0.59375, 0.3359375, 0.4375, 0.5625, 0.65625, 0.1875, 0.609375, 0.5625, 0.4140625, 0.71875, 0.6875, 0.5, 0.375, 0.640625, 0.609375, 0.3984375]","[0.359375, 0.34375, 0.3125, 0.421875, 0.265625, 0.296875, 0.3984375, 0.3125, 0.34375, 0.359375, 0.25, 0.3203125, 0.296875, 0.4453125, 0.359375, 0.375, 0.34375, 0.4375, 0.3203125, 0.3046875, 0.3984375]",[60],0.25074308803126627,0.15013001649316254
760,12220.078125,"[0.59375, 0.625, 0.5625, 0.390625, 0.5, 0.59375, 0.3046875, 0.4375, 0.5625, 0.65625, 0.21875, 0.609375, 0.5625, 0.4140625, 0.71875, 0.6875, 0.5, 0.375, 0.640625, 0.609375, 0.3984375]","[0.359375, 0.34375, 0.3125, 0.421875, 0.265625, 0.296875, 0.3671875, 0.3125, 0.34375, 0.359375, 0.28125, 0.3203125, 0.296875, 0.4453125, 0.359375, 0.375, 0.34375, 0.4375, 0.3203125, 0.3046875, 0.3984375]","[43, 83]",0.24817710299888893,0.14009065000392562
761,12180.078125,"[0.59375, 0.625, 0.5625, 0.390625, 0.5, 0.59375, 0.3046875, 0.4375, 0.5625, 0.65625, 0.25, 0.609375, 0.5625, 0.4140625, 0.71875, 0.6875, 0.5, 0.375, 0.640625, 0.609375, 0.3984375]","[0.359375, 0.34375, 0.3125, 0.421875, 0.265625, 0.296875, 0.3671875, 0.3125, 0.34375, 0.359375, 0.3125, 0.3203125, 0.296875, 0.4453125, 0.359375, 0.375, 0.34375, 0.4375, 0.3203125, 0.3046875, 0.3984375]","[84, 142]",0.24106078356216878,0.13501406038080355
762,12497.578125,"[0.59375, 0.625, 0.5625, 0.390625, 0.5, 0.59375, 0.3046875, 0.4375, 0.5625, 0.65625, 0.375, 0.609375, 0.5625, 0.4140625, 0.71875, 0.6875, 0.375, 0.375, 0.640625, 0.609375, 0.3984375]","[0.359375, 0.34375, 0.3125, 0.421875, 0.265625, 0.296875, 0.3671875, 0.3125, 0.34375, 0.359375, 0.4375, 0.3203125, 0.296875, 0.4453125, 0.359375, 0.375, 0.28125, 0.4375, 0.3203125, 0.3046875, 0.3984375]",[21],0.22951913978140204,0.14903641983181648
763,12299.453125,"[0.59375, 0.625, 0.5625, 0.390625, 0.5, 0.59375, 0.3046875, 0.4375, 0.5625, 0.65625, 0.375, 0.609375, 0.5625, 0.4140625, 0.71875, 0.6875, 0.375, 0.375, 0.640625, 0.609375, 0.3984375]","[0.359375, 0.34375, 0.3125, 0.421875, 0.265625, 0.296875, 0.3671875, 0.3125, 0.34375, 0.359375, 0.4375, 0.3203125, 0.296875, 0.4453125, 0.359375, 0.375, 0.28125, 0.4375, 0.3203125, 0.3046875, 0.3984375]",[21],0.22951913978140204,0.14903641983181648
764,12339.765625,"[0.46875, 0.625, 0.5625, 0.390625, 0.5, 0.59375, 0.3046875, 0.4375, 0.5625, 0.65625, 0.375, 0.609375, 0.5625, 0.4140625, 0.71875, 0.6875, 0.375, 0.375, 0.640625, 0.609375, 0.3359375]","[0.296875, 0.34375, 0.3125, 0.421875, 0.265625, 0.296875, 0.3671875, 0.3125, 0.34375, 0.359375, 0.4375, 0.3203125, 0.296875, 0.4453125, 0.359375, 0.375, 0.28125, 0.4375, 0.3203125, 0.3046875, 0.3359375]",[21],0.2395498549759767,0.15155001375104432
765,12101.328125,"[0.46875, 0.625, 0.5625, 0.390625, 0.5625, 0.59375, 0.2734375, 0.4375, 0.5625, 0.65625, 0.375, 0.609375, 0.5625, 0.4140625, 0.71875, 0.6875, 0.375, 0.375, 0.640625, 0.609375, 0.3359375]","[0.296875, 0.34375, 0.3125, 0.421875, 0.296875, 0.296875, 0.3359375, 0.3125, 0.34375, 0.359375, 0.4375, 0.3203125, 0.296875, 0.4453125, 0.359375, 0.375, 0.28125, 0.4375, 0.3203125, 0.3046875, 0.3359375]",[13],0.2448257113261227,0.14561624912616133
766,12041.328125,"[0.40625, 0.625, 0.5625, 0.375, 0.5625, 0.59375, 0.2734375, 0.4375, 0.5625, 0.65625, 0.375, 0.609375, 0.5625, 0.4140625, 0.71875, 0.6875, 0.40625, 0.375, 0.640625, 0.609375, 0.3359375]","[0.234375, 0.34375, 0.3125, 0.40625, 0.296875, 0.296875, 0.3359375, 0.3125, 0.34375, 0.359375, 0.4375, 0.3203125, 0.296875, 0.4453125, 0.359375, 0.375, 0.296875, 0.4375, 0.3203125, 0.3046875, 0.3359375]",[38],0.2480929786943845,0.15469176697048515
767,12021.484375,"[0.40625, 0.625, 0.5625, 0.375, 0.5625, 0.59375, 0.2734375, 0.4375, 0.5625, 0.65625, 0.375, 0.609375, 0.5625, 0.4140625, 0.71875, 0.6875, 0.40625, 0.375, 0.640625, 0.609375, 0.3359375]","[0.234375, 0.34375, 0.3125, 0.40625, 0.296875, 0.296875, 0.3359375, 0.3125, 0.34375, 0.359375, 0.4375, 0.3203125, 0.296875, 0.4453125, 0.359375, 0.375, 0.296875, 0.4375, 0.3203125, 0.3046875, 0.3359375]",[38],0.2480929786943845,0.15469176697048515
768,12021.484375,"[0.40625, 0.625, 0.5625, 0.375, 0.5625, 0.59375, 0.2734375, 0.4375, 0.5625, 0.65625, 0.375, 0.609375, 0.5625, 0.4140625, 0.71875, 0.6875, 0.40625, 0.375, 0.640625, 0.609375, 0.3359375]","[0.234375, 0.34375, 0.3125, 0.40625, 0.296875, 0.296875, 0.3359375, 0.3125, 0.34375, 0.359375, 0.4375, 0.3203125, 0.296875, 0.4453125, 0.359375, 0.375, 0.296875, 0.4375, 0.3203125, 0.3046875, 0.3359375]",[38],0.2480929786943845,0.15469176697048515
769,12141.484375,"[0.40625, 0.625, 0.5625, 0.375, 0.5625, 0.59375, 0.2109375, 0.4375, 0.5625, 0.65625, 0.375, 0.59375, 0.5625, 0.4140625, 0.71875, 0.6875, 0.40625, 0.375, 0.640625, 0.609375, 0.3359375]","[0.234375, 0.34375, 0.3125, 0.40625, 0.296875, 0.296875, 0.2734375, 0.3125, 0.34375, 0.359375, 0.4375, 0.3125, 0.296875, 0.4453125, 0.359375, 0.375, 0.296875, 0.4375, 0.3203125, 0.3046875, 0.3359375]","[38, 82, 84]",0.2609785711259344,0.1624441976790515
770,11961.328125,"[0.40625, 0.625, 0.5625, 0.375, 0.5625, 0.59375, 0.2109375, 0.4375, 0.5625, 0.625, 0.375, 0.59375, 0.5625, 0.4140625, 0.71875, 0.6875, 0.46875, 0.375, 0.640625, 0.609375, 0.3359375]","[0.234375, 0.34375, 0.3125, 0.40625, 0.296875, 0.296875, 0.2734375, 0.3125, 0.34375, 0.34375, 0.4375, 0.3125, 0.296875, 0.4453125, 0.359375, 0.375, 0.328125, 0.4375, 0.3203125, 0.3046875, 0.3359375]",[82],0.2541066347386109,0.15946449876913174
771,11861.953125,"[0.40625, 0.625, 0.5625, 0.375, 0.5625, 0.5625, 0.2109375, 0.4375, 0.5625, 0.625, 0.375, 0.59375, 0.5625, 0.4140625, 0.6875, 0.6875, 0.46875, 0.375, 0.640625, 0.609375, 0.3359375]","[0.234375, 0.34375, 0.3125, 0.40625, 0.296875, 0.28125, 0.2734375, 0.3125, 0.34375, 0.34375, 0.4375, 0.3125, 0.296875, 0.4453125, 0.34375, 0.375, 0.328125, 0.4375, 0.3203125, 0.3046875, 0.3359375]","[82, 84]",0.2496454226025101,0.16161836561683524
772,12001.328125,"[0.375, 0.625, 0.5625, 0.375, 0.5625, 0.5625, 0.2109375, 0.4375, 0.5625, 0.625, 0.359375, 0.59375, 0.5625, 0.4140625, 0.6875, 0.6875, 0.46875, 0.375, 0.640625, 0.609375, 0.3359375]","[0.21875, 0.34375, 0.3125, 0.40625, 0.296875, 0.28125, 0.2734375, 0.3125, 0.34375, 0.34375, 0.421875, 0.3125, 0.296875, 0.4453125, 0.34375, 0.375, 0.328125, 0.4375, 0.3203125, 0.3046875, 0.3359375]","[43, 55]",0.25503686361632344,0.16302782918784448
773,11842.734375,"[0.375, 0.625, 0.5625, 0.375, 0.5625, 0.5625, 0.2109375, 0.4375, 0.5625, 0.625, 0.359375, 0.59375, 0.5625, 0.4140625, 0.6875, 0.6875, 0.46875, 0.375, 0.640625, 0.609375, 0.3359375]","[0.21875, 0.34375, 0.3125, 0.40625, 0.296875, 0.28125, 0.2734375, 0.3125, 0.34375, 0.34375, 0.421875, 0.3125, 0.296875, 0.4453125, 0.34375, 0.375, 0.328125, 0.4375, 0.3203125, 0.3046875, 0.3359375]",[43],0.25503686361632344,0.16302782918784448
774,11763.515625,"[0.375, 0.625, 0.5, 0.375, 0.5625, 0.5625, 0.2265625, 0.4375, 0.5625, 0.625, 0.359375, 0.59375, 0.5625, 0.4140625, 0.6875, 0.6875, 0.46875, 0.375, 0.578125, 0.609375, 0.3359375]","[0.21875, 0.34375, 0.25, 0.40625, 0.296875, 0.28125, 0.2890625, 0.3125, 0.34375, 0.34375, 0.421875, 0.3125, 0.296875, 0.4453125, 0.34375, 0.375, 0.328125, 0.4375, 0.2890625, 0.3046875, 0.3359375]",[33],0.24810730408255896,0.17351080804700172
775,11684.453125,"[0.375, 0.625, 0.5, 0.375, 0.5625, 0.59375, 0.2265625, 0.4375, 0.5625, 0.625, 0.359375, 0.59375, 0.5625, 0.4140625, 0.625, 0.6875, 0.46875, 0.375, 0.578125, 0.609375, 0.3359375]","[0.21875, 0.34375, 0.25, 0.40625, 0.296875, 0.3125, 0.2890625, 0.3125, 0.34375, 0.34375, 0.421875, 0.3125, 0.296875, 0.4453125, 0.3125, 0.375, 0.328125, 0.4375, 0.2890625, 0.3046875, 0.3359375]","[55, 81, 82]",0.2431759970455188,0.17106523139017527
776,11863.984375,"[0.375, 0.625, 0.5, 0.375, 0.5625, 0.59375, 0.2890625, 0.3125, 0.5625, 0.625, 0.359375, 0.59375, 0.5625, 0.4140625, 0.625, 0.6875, 0.46875, 0.375, 0.578125, 0.609375, 0.3359375]","[0.21875, 0.34375, 0.25, 0.40625, 0.296875, 0.3125, 0.3515625, 0.25, 0.34375, 0.34375, 0.421875, 0.3125, 0.296875, 0.4453125, 0.3125, 0.375, 0.328125, 0.4375, 0.2890625, 0.3046875, 0.3359375]",[81],0.24492663926274852,0.17711586938201607
777,11883.203125,"[0.375, 0.625, 0.5, 0.375, 0.5625, 0.59375, 0.2890625, 0.3125, 0.5625, 0.625, 0.359375, 0.59375, 0.5625, 0.4140625, 0.625, 0.6875, 0.46875, 0.375, 0.453125, 0.609375, 0.3359375]","[0.21875, 0.34375, 0.25, 0.40625, 0.296875, 0.3125, 0.3515625, 0.25, 0.34375, 0.34375, 0.421875, 0.3125, 0.296875, 0.4453125, 0.3125, 0.375, 0.328125, 0.4375, 0.2265625, 0.3046875, 0.3359375]","[16, 81]",0.2456991291191368,0.18958822310657036
778,11685.078125,"[0.5, 0.625, 0.5, 0.375, 0.5625, 0.59375, 0.2890625, 0.375, 0.5625, 0.625, 0.359375, 0.59375, 0.5625, 0.4140625, 0.625, 0.6875, 0.46875, 0.375, 0.453125, 0.609375, 0.3359375]","[0.28125, 0.34375, 0.25, 0.40625, 0.296875, 0.3125, 0.3515625, 0.3125, 0.34375, 0.34375, 0.421875, 0.3125, 0.296875, 0.4453125, 0.3125, 0.375, 0.328125, 0.4375, 0.2265625, 0.3046875, 0.3359375]",[82],0.22774831252784714,0.16620028010952173
779,11764.453125,"[0.5, 0.625, 0.5, 0.375, 0.5625, 0.59375, 0.2890625, 0.375, 0.5625, 0.625, 0.328125, 0.59375, 0.5625, 0.4140625, 0.625, 0.6875, 0.46875, 0.375, 0.515625, 0.609375, 0.3359375]","[0.28125, 0.34375, 0.25, 0.40625, 0.296875, 0.3125, 0.3515625, 0.3125, 0.34375, 0.34375, 0.359375, 0.3125, 0.296875, 0.4453125, 0.3125, 0.375, 0.328125, 0.4375, 0.2578125, 0.3046875, 0.3359375]",[84],0.23030145044038133,0.14966944434192564
780,11744.453125,"[0.5, 0.625, 0.4375, 0.375, 0.5625, 0.59375, 0.2890625, 0.375, 0.5625, 0.625, 0.328125, 0.59375, 0.5625, 0.4140625, 0.625, 0.6875, 0.46875, 0.375, 0.515625, 0.609375, 0.3359375]","[0.28125, 0.34375, 0.21875, 0.40625, 0.296875, 0.3125, 0.3515625, 0.3125, 0.34375, 0.34375, 0.359375, 0.3125, 0.296875, 0.4453125, 0.3125, 0.375, 0.328125, 0.4375, 0.2578125, 0.3046875, 0.3359375]","[84, 89]",0.23327047318701086,0.15893567748452564
781,11843.515625,"[0.5, 0.625, 0.4375, 0.375, 0.5625, 0.59375, 0.2890625, 0.375, 0.5625, 0.625, 0.328125, 0.59375, 0.5625, 0.4140625, 0.625, 0.6875, 0.46875, 0.375, 0.515625, 0.609375, 0.3359375]","[0.28125, 0.34375, 0.21875, 0.40625, 0.296875, 0.3125, 0.3515625, 0.3125, 0.34375, 0.34375, 0.359375, 0.3125, 0.296875, 0.4453125, 0.3125, 0.375, 0.328125, 0.4375, 0.2578125, 0.3046875, 0.3359375]",[84],0.23327047318701086,0.15893567748452564
782,11705.078125,"[0.5, 0.625, 0.4375, 0.375, 0.5625, 0.59375, 0.2890625, 0.375, 0.5625, 0.625, 0.328125, 0.59375, 0.5625, 0.3515625, 0.625, 0.6875, 0.46875, 0.375, 0.515625, 0.609375, 0.3359375]","[0.28125, 0.34375, 0.21875, 0.40625, 0.296875, 0.3125, 0.3515625, 0.3125, 0.34375, 0.34375, 0.359375, 0.3125, 0.296875, 0.3828125, 0.3125, 0.375, 0.328125, 0.4375, 0.2578125, 0.3046875, 0.3359375]",[84],0.24048881455371252,0.14540752942052346
783,11605.390625,"[0.5, 0.625, 0.4375, 0.375, 0.5625, 0.59375, 0.2890625, 0.375, 0.5625, 0.625, 0.265625, 0.5625, 0.5625, 0.3515625, 0.625, 0.6875, 0.40625, 0.375, 0.515625, 0.609375, 0.3359375]","[0.28125, 0.34375, 0.21875, 0.40625, 0.296875, 0.3125, 0.3515625, 0.3125, 0.34375, 0.34375, 0.296875, 0.28125, 0.296875, 0.3828125, 0.3125, 0.375, 0.265625, 0.4375, 0.2578125, 0.3046875, 0.3359375]","[84, 89]",0.2544542854174065,0.1563730720824131
784,11564.765625,"[0.5, 0.625, 0.6875, 0.375, 0.5625, 0.59375, 0.2890625, 0.375, 0.5625, 0.625, 0.265625, 0.5625, 0.5625, 0.3515625, 0.625, 0.6875, 0.40625, 0.375, 0.515625, 0.609375, 0.3359375]","[0.28125, 0.34375, 0.34375, 0.40625, 0.296875, 0.3125, 0.3515625, 0.3125, 0.34375, 0.34375, 0.296875, 0.28125, 0.296875, 0.3828125, 0.3125, 0.375, 0.265625, 0.4375, 0.2578125, 0.3046875, 0.3359375]",[89],0.2612713673428264,0.136925846538027
785,11544.765625,"[0.5, 0.625, 0.6875, 0.375, 0.5625, 0.59375, 0.2890625, 0.375, 0.5625, 0.625, 0.265625, 0.5625, 0.5625, 0.3515625, 0.625, 0.6875, 0.4375, 0.375, 0.515625, 0.609375, 0.3359375]","[0.28125, 0.34375, 0.34375, 0.40625, 0.296875, 0.3125, 0.3515625, 0.3125, 0.34375, 0.34375, 0.296875, 0.28125, 0.296875, 0.3828125, 0.3125, 0.375, 0.28125, 0.4375, 0.2578125, 0.3046875, 0.3359375]",[94],0.25870364912555055,0.1338271460631705
786,11624.140625,"[0.5, 0.625, 0.6875, 0.375, 0.5625, 0.59375, 0.2890625, 0.375, 0.5625, 0.625, 0.328125, 0.5625, 0.5625, 0.3515625, 0.625, 0.6875, 0.4375, 0.375, 0.515625, 0.609375, 0.3359375]","[0.28125, 0.34375, 0.34375, 0.40625, 0.296875, 0.3125, 0.3515625, 0.3125, 0.34375, 0.34375, 0.359375, 0.28125, 0.296875, 0.3828125, 0.3125, 0.375, 0.28125, 0.4375, 0.2578125, 0.3046875, 0.3359375]",[97],0.2476297958408554,0.1322451027758064
787,11663.515625,"[0.5625, 0.625, 0.6875, 0.375, 0.5625, 0.59375, 0.2890625, 0.375, 0.53125, 0.625, 0.296875, 0.5625, 0.5625, 0.3515625, 0.625, 0.6875, 0.4375, 0.375, 0.515625, 0.609375, 0.3359375]","[0.34375, 0.34375, 0.34375, 0.40625, 0.296875, 0.3125, 0.3515625, 0.3125, 0.328125, 0.34375, 0.328125, 0.28125, 0.296875, 0.3828125, 0.3125, 0.375, 0.28125, 0.4375, 0.2578125, 0.3046875, 0.3359375]",[23],0.2523877341730324,0.1264554912742943
788,11643.828125,"[0.5625, 0.625, 0.6875, 0.375, 0.5625, 0.59375, 0.2734375, 0.375, 0.53125, 0.5, 0.296875, 0.5625, 0.5625, 0.3515625, 0.625, 0.6875, 0.4375, 0.375, 0.515625, 0.609375, 0.3359375]","[0.34375, 0.34375, 0.34375, 0.40625, 0.296875, 0.3125, 0.3203125, 0.3125, 0.328125, 0.28125, 0.328125, 0.28125, 0.296875, 0.3828125, 0.3125, 0.375, 0.28125, 0.4375, 0.2578125, 0.3046875, 0.3359375]","[23, 40]",0.25253689009280594,0.13127657021385664
789,11684.609375,"[0.5625, 0.625, 0.6875, 0.375, 0.5625, 0.59375, 0.265625, 0.375, 0.53125, 0.5, 0.296875, 0.5625, 0.5625, 0.3515625, 0.625, 0.6875, 0.40625, 0.375, 0.546875, 0.609375, 0.3359375]","[0.34375, 0.34375, 0.34375, 0.40625, 0.296875, 0.3125, 0.3125, 0.3125, 0.328125, 0.28125, 0.328125, 0.28125, 0.296875, 0.3828125, 0.3125, 0.375, 0.265625, 0.4375, 0.2734375, 0.3046875, 0.3359375]",[0],0.2566590462858738,0.1313077893241299
790,11525.0,"[0.5625, 0.625, 0.6875, 0.375, 0.5625, 0.59375, 0.265625, 0.375, 0.53125, 0.5, 0.296875, 0.5625, 0.5625, 0.2890625, 0.625, 0.6875, 0.46875, 0.375, 0.546875, 0.609375, 0.3359375]","[0.34375, 0.34375, 0.34375, 0.40625, 0.296875, 0.3125, 0.3125, 0.3125, 0.328125, 0.28125, 0.328125, 0.28125, 0.296875, 0.3203125, 0.3125, 0.375, 0.328125, 0.4375, 0.2734375, 0.3046875, 0.3359375]","[6, 23]",0.26210219375251437,0.11918282365569904
791,11564.375,"[0.5625, 0.625, 0.6875, 0.375, 0.5625, 0.53125, 0.328125, 0.375, 0.53125, 0.5, 0.296875, 0.5625, 0.5625, 0.2890625, 0.625, 0.6875, 0.46875, 0.375, 0.546875, 0.609375, 0.3359375]","[0.34375, 0.34375, 0.34375, 0.40625, 0.296875, 0.28125, 0.375, 0.3125, 0.328125, 0.28125, 0.328125, 0.28125, 0.296875, 0.3203125, 0.3125, 0.375, 0.328125, 0.4375, 0.2734375, 0.3046875, 0.3359375]","[6, 57]",0.2495940445263062,0.12568275486272534
792,11564.6875,"[0.5625, 0.625, 0.6875, 0.375, 0.5625, 0.53125, 0.296875, 0.375, 0.53125, 0.5, 0.296875, 0.5625, 0.5625, 0.2890625, 0.625, 0.6875, 0.46875, 0.375, 0.546875, 0.609375, 0.3359375]","[0.34375, 0.34375, 0.34375, 0.40625, 0.296875, 0.28125, 0.34375, 0.3125, 0.328125, 0.28125, 0.328125, 0.28125, 0.296875, 0.3203125, 0.3125, 0.375, 0.328125, 0.4375, 0.2734375, 0.3046875, 0.3359375]",[6],0.2547535256248238,0.12276935305517733
793,11405.78125,"[0.5625, 0.625, 0.6875, 0.34375, 0.5625, 0.53125, 0.296875, 0.375, 0.53125, 0.5, 0.296875, 0.5625, 0.5625, 0.3046875, 0.625, 0.6875, 0.46875, 0.375, 0.546875, 0.609375, 0.3359375]","[0.34375, 0.34375, 0.34375, 0.375, 0.296875, 0.28125, 0.34375, 0.3125, 0.328125, 0.28125, 0.328125, 0.28125, 0.296875, 0.3515625, 0.3125, 0.375, 0.328125, 0.4375, 0.2734375, 0.3046875, 0.3359375]",[57],0.25600813698979596,0.11642044068059727
794,11405.9375,"[0.5625, 0.625, 0.6875, 0.34375, 0.5625, 0.53125, 0.3125, 0.375, 0.53125, 0.5, 0.296875, 0.5625, 0.546875, 0.3046875, 0.625, 0.6875, 0.46875, 0.375, 0.546875, 0.609375, 0.3359375]","[0.34375, 0.34375, 0.34375, 0.375, 0.296875, 0.28125, 0.359375, 0.3125, 0.328125, 0.28125, 0.328125, 0.28125, 0.2890625, 0.3515625, 0.3125, 0.375, 0.328125, 0.4375, 0.2734375, 0.3046875, 0.3359375]",[77],0.2530228799144258,0.11872242329164935
795,11465.46875,"[0.5625, 0.625, 0.6875, 0.34375, 0.5625, 0.53125, 0.3125, 0.375, 0.53125, 0.5, 0.296875, 0.5625, 0.546875, 0.3046875, 0.625, 0.6875, 0.46875, 0.359375, 0.546875, 0.609375, 0.3359375]","[0.34375, 0.34375, 0.34375, 0.375, 0.296875, 0.28125, 0.359375, 0.3125, 0.328125, 0.28125, 0.328125, 0.28125, 0.2890625, 0.3515625, 0.3125, 0.375, 0.328125, 0.421875, 0.2734375, 0.3046875, 0.3359375]",[77],0.25492989068631405,0.1128518477145597
796,11405.9375,"[0.5625, 0.625, 0.6875, 0.34375, 0.5625, 0.53125, 0.3125, 0.28125, 0.53125, 0.5, 0.296875, 0.59375, 0.546875, 0.2890625, 0.625, 0.6875, 0.46875, 0.359375, 0.546875, 0.609375, 0.3359375]","[0.34375, 0.34375, 0.34375, 0.375, 0.296875, 0.28125, 0.359375, 0.234375, 0.328125, 0.28125, 0.328125, 0.3125, 0.2890625, 0.3359375, 0.3125, 0.375, 0.328125, 0.421875, 0.2734375, 0.3046875, 0.3359375]",[52],0.27266228471352716,0.12486407462064311
797,11326.71875,"[0.5625, 0.625, 0.6875, 0.34375, 0.5625, 0.53125, 0.3125, 0.3125, 0.53125, 0.5, 0.296875, 0.59375, 0.546875, 0.2890625, 0.625, 0.6875, 0.46875, 0.359375, 0.546875, 0.609375, 0.3359375]","[0.34375, 0.34375, 0.34375, 0.375, 0.296875, 0.28125, 0.359375, 0.25, 0.328125, 0.28125, 0.328125, 0.3125, 0.2890625, 0.3359375, 0.3125, 0.375, 0.328125, 0.421875, 0.2734375, 0.3046875, 0.3359375]",[81],0.26740617370689307,0.11983227336194292
798,11346.40625,"[0.5625, 0.625, 0.6875, 0.34375, 0.5625, 0.53125, 0.3125, 0.3125, 0.53125, 0.5, 0.296875, 0.59375, 0.546875, 0.2890625, 0.625, 0.6875, 0.46875, 0.359375, 0.546875, 0.609375, 0.3359375]","[0.34375, 0.34375, 0.34375, 0.375, 0.296875, 0.28125, 0.359375, 0.25, 0.328125, 0.28125, 0.328125, 0.3125, 0.2890625, 0.3359375, 0.3125, 0.375, 0.328125, 0.421875, 0.2734375, 0.3046875, 0.3359375]","[81, 103, 106]",0.26740617370689307,0.11983227336194292
799,11564.84375,"[0.5625, 0.625, 0.6875, 0.34375, 0.5625, 0.53125, 0.3125, 0.375, 0.53125, 0.5, 0.296875, 0.53125, 0.546875, 0.3515625, 0.625, 0.6875, 0.46875, 0.359375, 0.546875, 0.609375, 0.3359375]","[0.34375, 0.34375, 0.34375, 0.375, 0.296875, 0.28125, 0.359375, 0.28125, 0.328125, 0.28125, 0.328125, 0.28125, 0.2890625, 0.3984375, 0.3125, 0.375, 0.328125, 0.421875, 0.2734375, 0.3046875, 0.3359375]","[106, 108, 112, 115]",0.24723240541502078,0.12450678048401446
800,11584.6875,"[0.5625, 0.625, 0.6875, 0.34375, 0.5625, 0.53125, 0.3125, 0.375, 0.53125, 0.5, 0.296875, 0.546875, 0.546875, 0.3515625, 0.625, 0.6875, 0.46875, 0.359375, 0.546875, 0.609375, 0.3359375]","[0.34375, 0.34375, 0.34375, 0.375, 0.296875, 0.28125, 0.359375, 0.28125, 0.328125, 0.28125, 0.328125, 0.2890625, 0.2890625, 0.3984375, 0.3125, 0.375, 0.328125, 0.421875, 0.2734375, 0.3046875, 0.3359375]","[106, 108]",0.24739942753979305,0.12317121345594129
801,11565.15625,"[0.5625, 0.625, 0.6875, 0.34375, 0.5625, 0.53125, 0.3125, 0.375, 0.53125, 0.5, 0.296875, 0.609375, 0.546875, 0.3515625, 0.625, 0.6875, 0.46875, 0.296875, 0.546875, 0.609375, 0.3359375]","[0.34375, 0.34375, 0.34375, 0.375, 0.296875, 0.28125, 0.359375, 0.28125, 0.328125, 0.28125, 0.328125, 0.3203125, 0.2890625, 0.3984375, 0.3125, 0.375, 0.328125, 0.359375, 0.2734375, 0.3046875, 0.3359375]","[19, 108]",0.2593580361493346,0.10558522719659943
802,11584.53125,"[0.5625, 0.625, 0.6875, 0.34375, 0.5625, 0.53125, 0.3125, 0.5, 0.53125, 0.5, 0.296875, 0.609375, 0.546875, 0.3515625, 0.625, 0.6875, 0.46875, 0.296875, 0.546875, 0.609375, 0.3359375]","[0.34375, 0.34375, 0.34375, 0.375, 0.296875, 0.28125, 0.359375, 0.34375, 0.328125, 0.28125, 0.328125, 0.3203125, 0.2890625, 0.3984375, 0.3125, 0.375, 0.328125, 0.359375, 0.2734375, 0.3046875, 0.3359375]","[108, 112]",0.25058156871059756,0.10045780790093288
803,11643.75,"[0.5625, 0.625, 0.6875, 0.34375, 0.5625, 0.53125, 0.3125, 0.5, 0.53125, 0.5, 0.296875, 0.609375, 0.546875, 0.3359375, 0.625, 0.6875, 0.5, 0.359375, 0.546875, 0.609375, 0.3359375]","[0.34375, 0.34375, 0.34375, 0.375, 0.296875, 0.28125, 0.359375, 0.34375, 0.328125, 0.28125, 0.328125, 0.3203125, 0.2890625, 0.3828125, 0.3125, 0.375, 0.34375, 0.421875, 0.2734375, 0.3046875, 0.3359375]","[120, 124]",0.24185249355388894,0.11126240269179603
804,11802.34375,"[0.5625, 0.625, 0.6875, 0.34375, 0.5625, 0.53125, 0.3125, 0.5, 0.53125, 0.5, 0.328125, 0.609375, 0.546875, 0.3359375, 0.625, 0.6875, 0.5, 0.359375, 0.546875, 0.609375, 0.3359375]","[0.34375, 0.34375, 0.34375, 0.375, 0.296875, 0.28125, 0.359375, 0.34375, 0.328125, 0.28125, 0.390625, 0.3203125, 0.2890625, 0.3828125, 0.3125, 0.375, 0.34375, 0.421875, 0.2734375, 0.3046875, 0.3359375]",[124],0.23644667411170522,0.1161807517189275
805,11663.28125,"[0.5625, 0.625, 0.6875, 0.34375, 0.53125, 0.53125, 0.3125, 0.5, 0.53125, 0.53125, 0.328125, 0.609375, 0.546875, 0.3359375, 0.625, 0.6875, 0.5, 0.359375, 0.546875, 0.609375, 0.3359375]","[0.34375, 0.34375, 0.34375, 0.375, 0.28125, 0.28125, 0.359375, 0.34375, 0.328125, 0.296875, 0.390625, 0.3203125, 0.2890625, 0.3828125, 0.3125, 0.375, 0.34375, 0.421875, 0.2734375, 0.3046875, 0.3359375]","[26, 125]",0.23567938844991984,0.1161807517189275
806,11663.28125,"[0.5625, 0.625, 0.6875, 0.34375, 0.546875, 0.53125, 0.3125, 0.5, 0.53125, 0.53125, 0.328125, 0.609375, 0.546875, 0.3359375, 0.625, 0.6875, 0.5, 0.359375, 0.546875, 0.609375, 0.3359375]","[0.34375, 0.34375, 0.34375, 0.375, 0.2890625, 0.28125, 0.359375, 0.34375, 0.328125, 0.296875, 0.390625, 0.3203125, 0.2890625, 0.3828125, 0.3125, 0.375, 0.34375, 0.421875, 0.2734375, 0.3046875, 0.3359375]",[125],0.23572632986032135,0.11460590239641423
807,11683.125,"[0.53125, 0.625, 0.6875, 0.34375, 0.546875, 0.53125, 0.3125, 0.5, 0.53125, 0.53125, 0.328125, 0.609375, 0.546875, 0.3359375, 0.625, 0.6875, 0.5, 0.359375, 0.578125, 0.609375, 0.3359375]","[0.328125, 0.34375, 0.34375, 0.375, 0.2890625, 0.28125, 0.359375, 0.34375, 0.328125, 0.296875, 0.390625, 0.3203125, 0.2890625, 0.3828125, 0.3125, 0.375, 0.34375, 0.421875, 0.2890625, 0.3046875, 0.3359375]","[109, 130]",0.2361090840935748,0.11141544935021686
808,11702.96875,"[0.53125, 0.625, 0.6875, 0.34375, 0.546875, 0.53125, 0.296875, 0.5, 0.5625, 0.53125, 0.328125, 0.609375, 0.546875, 0.3203125, 0.625, 0.6875, 0.5, 0.359375, 0.578125, 0.609375, 0.3359375]","[0.328125, 0.34375, 0.34375, 0.375, 0.2890625, 0.28125, 0.34375, 0.34375, 0.34375, 0.296875, 0.390625, 0.3203125, 0.2890625, 0.3515625, 0.3125, 0.375, 0.34375, 0.421875, 0.2890625, 0.3046875, 0.3359375]","[57, 109, 116]",0.24168430932174895,0.10707459889752062
809,11722.65625,"[0.53125, 0.625, 0.6875, 0.34375, 0.546875, 0.53125, 0.296875, 0.5, 0.5625, 0.53125, 0.328125, 0.609375, 0.546875, 0.3203125, 0.625, 0.6875, 0.5, 0.359375, 0.609375, 0.609375, 0.3359375]","[0.328125, 0.34375, 0.34375, 0.375, 0.2890625, 0.28125, 0.34375, 0.34375, 0.34375, 0.296875, 0.390625, 0.3203125, 0.2890625, 0.3515625, 0.3125, 0.375, 0.34375, 0.421875, 0.3203125, 0.3046875, 0.3359375]",[109],0.24300910825603525,0.10275756996378335
810,11662.96875,"[0.53125, 0.625, 0.6875, 0.34375, 0.546875, 0.53125, 0.296875, 0.5, 0.5625, 0.53125, 0.328125, 0.609375, 0.546875, 0.3203125, 0.625, 0.6875, 0.5, 0.359375, 0.609375, 0.609375, 0.3359375]","[0.328125, 0.34375, 0.34375, 0.375, 0.2890625, 0.28125, 0.34375, 0.34375, 0.34375, 0.296875, 0.390625, 0.3203125, 0.2890625, 0.3515625, 0.3125, 0.375, 0.34375, 0.421875, 0.3203125, 0.3046875, 0.3359375]",[109],0.24300910825603525,0.10275756996378335
811,11662.96875,"[0.53125, 0.625, 0.6875, 0.34375, 0.546875, 0.53125, 0.296875, 0.5, 0.5625, 0.53125, 0.328125, 0.609375, 0.546875, 0.3203125, 0.625, 0.6875, 0.5, 0.359375, 0.609375, 0.609375, 0.3359375]","[0.328125, 0.34375, 0.34375, 0.375, 0.2890625, 0.28125, 0.34375, 0.34375, 0.34375, 0.296875, 0.390625, 0.3203125, 0.2890625, 0.3515625, 0.3125, 0.375, 0.34375, 0.421875, 0.3203125, 0.3046875, 0.3359375]",[109],0.24300910825603525,0.10275756996378335
812,11801.875,"[0.53125, 0.625, 0.6875, 0.34375, 0.546875, 0.53125, 0.296875, 0.5, 0.5625, 0.53125, 0.328125, 0.609375, 0.546875, 0.3203125, 0.625, 0.6875, 0.5, 0.359375, 0.609375, 0.609375, 0.3359375]","[0.328125, 0.34375, 0.34375, 0.375, 0.2890625, 0.28125, 0.34375, 0.34375, 0.34375, 0.296875, 0.390625, 0.3203125, 0.2890625, 0.3515625, 0.3125, 0.375, 0.34375, 0.421875, 0.3203125, 0.3046875, 0.3359375]","[109, 116, 131]",0.24300910825603525,0.10275756996378335
813,11882.1875,"[0.53125, 0.625, 0.6875, 0.34375, 0.484375, 0.53125, 0.296875, 0.5, 0.5625, 0.53125, 0.328125, 0.609375, 0.546875, 0.3203125, 0.625, 0.6875, 0.5, 0.359375, 0.609375, 0.609375, 0.3515625]","[0.328125, 0.34375, 0.34375, 0.375, 0.2578125, 0.28125, 0.34375, 0.34375, 0.34375, 0.296875, 0.390625, 0.3203125, 0.2890625, 0.3515625, 0.3125, 0.375, 0.34375, 0.421875, 0.3203125, 0.3046875, 0.3515625]","[116, 117, 131]",0.24174949556720485,0.11117631048294033
814,11842.5,"[0.53125, 0.625, 0.6875, 0.34375, 0.484375, 0.53125, 0.296875, 0.5, 0.5625, 0.28125, 0.203125, 0.609375, 0.546875, 0.3203125, 0.625, 0.6875, 0.5, 0.359375, 0.609375, 0.609375, 0.3515625]","[0.328125, 0.34375, 0.34375, 0.375, 0.2578125, 0.28125, 0.34375, 0.34375, 0.34375, 0.171875, 0.265625, 0.3203125, 0.2890625, 0.3515625, 0.3125, 0.375, 0.34375, 0.421875, 0.3203125, 0.3046875, 0.3515625]",[116],0.2889187994645828,0.15562776348726515
815,11326.71875,"[0.53125, 0.625, 0.6875, 0.34375, 0.484375, 0.53125, 0.296875, 0.5, 0.5625, 0.34375, 0.203125, 0.609375, 0.546875, 0.3203125, 0.625, 0.6875, 0.5, 0.359375, 0.609375, 0.609375, 0.3515625]","[0.328125, 0.34375, 0.34375, 0.375, 0.2578125, 0.28125, 0.34375, 0.34375, 0.34375, 0.203125, 0.265625, 0.3203125, 0.2890625, 0.3515625, 0.3125, 0.375, 0.34375, 0.421875, 0.3203125, 0.3046875, 0.3515625]","[117, 131, 132]",0.2794472689716821,0.14193729503823632
816,11425.625,"[0.53125, 0.625, 0.6875, 0.34375, 0.484375, 0.53125, 0.296875, 0.5, 0.5625, 0.40625, 0.234375, 0.609375, 0.546875, 0.3203125, 0.625, 0.6875, 0.5, 0.296875, 0.484375, 0.609375, 0.3515625]","[0.328125, 0.34375, 0.34375, 0.375, 0.2578125, 0.28125, 0.34375, 0.34375, 0.34375, 0.265625, 0.296875, 0.3203125, 0.2890625, 0.3515625, 0.3125, 0.375, 0.34375, 0.359375, 0.2578125, 0.3046875, 0.3515625]","[98, 117, 122]",0.2728321592090161,0.11048379298226428
817,11385.625,"[0.53125, 0.625, 0.6875, 0.34375, 0.484375, 0.53125, 0.296875, 0.5, 0.5625, 0.46875, 0.234375, 0.609375, 0.546875, 0.3203125, 0.625, 0.6875, 0.5, 0.296875, 0.484375, 0.609375, 0.3515625]","[0.328125, 0.34375, 0.34375, 0.375, 0.2578125, 0.28125, 0.34375, 0.34375, 0.34375, 0.328125, 0.296875, 0.3203125, 0.2890625, 0.3515625, 0.3125, 0.375, 0.34375, 0.359375, 0.2578125, 0.3046875, 0.3515625]",[117],0.2688222881720831,0.10210180800694929
818,11365.78125,"[0.53125, 0.625, 0.6875, 0.34375, 0.609375, 0.53125, 0.296875, 0.5, 0.5625, 0.46875, 0.234375, 0.609375, 0.546875, 0.2578125, 0.625, 0.6875, 0.5, 0.296875, 0.484375, 0.609375, 0.3515625]","[0.328125, 0.34375, 0.34375, 0.375, 0.3203125, 0.28125, 0.34375, 0.34375, 0.34375, 0.328125, 0.296875, 0.3203125, 0.2890625, 0.2890625, 0.3125, 0.375, 0.34375, 0.359375, 0.2578125, 0.3046875, 0.3515625]","[103, 122]",0.28115658096561896,0.09315228399315897
819,11405.0,"[0.53125, 0.625, 0.6875, 0.34375, 0.609375, 0.53125, 0.296875, 0.5, 0.5625, 0.46875, 0.359375, 0.609375, 0.546875, 0.2578125, 0.625, 0.6875, 0.5, 0.296875, 0.484375, 0.609375, 0.3515625]","[0.328125, 0.34375, 0.34375, 0.375, 0.3203125, 0.28125, 0.34375, 0.34375, 0.34375, 0.328125, 0.421875, 0.3203125, 0.2890625, 0.2890625, 0.3125, 0.375, 0.34375, 0.359375, 0.2578125, 0.3046875, 0.3515625]",[122],0.2600991092182854,0.10779402509392053
820,11405.0,"[0.53125, 0.625, 0.6875, 0.34375, 0.609375, 0.53125, 0.296875, 0.5, 0.5625, 0.40625, 0.359375, 0.609375, 0.546875, 0.2734375, 0.625, 0.6875, 0.5, 0.296875, 0.484375, 0.484375, 0.2890625]","[0.328125, 0.34375, 0.34375, 0.375, 0.3203125, 0.28125, 0.34375, 0.34375, 0.34375, 0.265625, 0.421875, 0.3203125, 0.2890625, 0.3046875, 0.3125, 0.375, 0.34375, 0.359375, 0.2578125, 0.2421875, 0.2890625]","[1, 25, 88]",0.26913367705348723,0.1307127204727973
821,11166.25,"[0.53125, 0.625, 0.6875, 0.34375, 0.609375, 0.53125, 0.296875, 0.5, 0.5625, 0.40625, 0.359375, 0.609375, 0.546875, 0.2734375, 0.625, 0.6875, 0.5, 0.296875, 0.484375, 0.484375, 0.28125]","[0.328125, 0.34375, 0.34375, 0.375, 0.3203125, 0.28125, 0.34375, 0.34375, 0.34375, 0.265625, 0.421875, 0.3203125, 0.2890625, 0.3046875, 0.3125, 0.375, 0.34375, 0.359375, 0.2578125, 0.2421875, 0.28125]",[25],0.2705137169729528,0.13190875910753813
822,11106.328125,"[0.53125, 0.625, 0.6875, 0.34375, 0.609375, 0.53125, 0.296875, 0.5, 0.5625, 0.40625, 0.359375, 0.609375, 0.546875, 0.2734375, 0.625, 0.6875, 0.5, 0.265625, 0.484375, 0.484375, 0.28125]","[0.328125, 0.34375, 0.34375, 0.375, 0.3203125, 0.28125, 0.34375, 0.34375, 0.34375, 0.265625, 0.421875, 0.3203125, 0.2890625, 0.3046875, 0.3125, 0.375, 0.34375, 0.296875, 0.2578125, 0.2421875, 0.28125]","[25, 40, 41]",0.27607255414755005,0.1318326934649349
823,11106.328125,"[0.53125, 0.625, 0.6875, 0.34375, 0.609375, 0.53125, 0.296875, 0.5, 0.5625, 0.40625, 0.359375, 0.609375, 0.546875, 0.2734375, 0.625, 0.6875, 0.5, 0.28125, 0.484375, 0.484375, 0.28125]","[0.328125, 0.34375, 0.34375, 0.375, 0.3203125, 0.28125, 0.34375, 0.34375, 0.34375, 0.265625, 0.421875, 0.3203125, 0.2890625, 0.3046875, 0.3125, 0.375, 0.34375, 0.3125, 0.2578125, 0.2421875, 0.28125]",[25],0.27321366474875003,0.1306281811395188
824,11047.109375,"[0.53125, 0.625, 0.6875, 0.34375, 0.609375, 0.53125, 0.296875, 0.5, 0.5625, 0.40625, 0.359375, 0.609375, 0.546875, 0.2734375, 0.625, 0.6875, 0.5, 0.28125, 0.484375, 0.484375, 0.28125]","[0.328125, 0.34375, 0.34375, 0.375, 0.3203125, 0.28125, 0.34375, 0.34375, 0.34375, 0.265625, 0.421875, 0.3203125, 0.2890625, 0.3046875, 0.3125, 0.375, 0.34375, 0.3125, 0.2578125, 0.2421875, 0.28125]","[25, 40]",0.27321366474875003,0.1306281811395188
825,11206.484375,"[0.53125, 0.625, 0.6875, 0.34375, 0.609375, 0.53125, 0.296875, 0.5, 0.5625, 0.46875, 0.359375, 0.609375, 0.546875, 0.2734375, 0.625, 0.6875, 0.5, 0.28125, 0.484375, 0.484375, 0.28125]","[0.328125, 0.34375, 0.34375, 0.375, 0.3203125, 0.28125, 0.34375, 0.34375, 0.34375, 0.328125, 0.421875, 0.3203125, 0.2890625, 0.3046875, 0.3125, 0.375, 0.34375, 0.3125, 0.2578125, 0.2421875, 0.28125]","[40, 59]",0.2692170697529687,0.12360874616210224
826,11226.40625,"[0.53125, 0.625, 0.6875, 0.34375, 0.609375, 0.53125, 0.234375, 0.5, 0.5625, 0.46875, 0.359375, 0.609375, 0.546875, 0.3359375, 0.625, 0.6875, 0.5, 0.28125, 0.484375, 0.484375, 0.28125]","[0.328125, 0.34375, 0.34375, 0.375, 0.3203125, 0.28125, 0.28125, 0.34375, 0.34375, 0.328125, 0.421875, 0.3203125, 0.2890625, 0.3671875, 0.3125, 0.375, 0.34375, 0.3125, 0.2578125, 0.2421875, 0.28125]",[30],0.27100999175343016,0.12885948982190584
827,11126.484375,"[0.53125, 0.625, 0.6875, 0.34375, 0.609375, 0.53125, 0.234375, 0.5, 0.5625, 0.46875, 0.359375, 0.609375, 0.546875, 0.3359375, 0.625, 0.6875, 0.5, 0.28125, 0.484375, 0.546875, 0.28125]","[0.328125, 0.34375, 0.34375, 0.375, 0.3203125, 0.28125, 0.28125, 0.34375, 0.34375, 0.328125, 0.421875, 0.3203125, 0.2890625, 0.3671875, 0.3125, 0.375, 0.34375, 0.3125, 0.2578125, 0.2734375, 0.28125]","[40, 88]",0.27047102355280445,0.12069185059387738
828,11325.546875,"[0.53125, 0.625, 0.6875, 0.34375, 0.609375, 0.53125, 0.296875, 0.5, 0.5625, 0.46875, 0.359375, 0.609375, 0.546875, 0.3359375, 0.625, 0.6875, 0.5, 0.265625, 0.484375, 0.546875, 0.28125]","[0.328125, 0.34375, 0.34375, 0.375, 0.3203125, 0.28125, 0.34375, 0.34375, 0.34375, 0.328125, 0.421875, 0.3203125, 0.2890625, 0.3671875, 0.3125, 0.375, 0.34375, 0.296875, 0.2578125, 0.2734375, 0.28125]","[86, 88, 135]",0.2613236614964401,0.1177938513947644
829,11464.765625,"[0.53125, 0.625, 0.6875, 0.34375, 0.609375, 0.59375, 0.296875, 0.5, 0.4375, 0.46875, 0.359375, 0.609375, 0.546875, 0.3359375, 0.5, 0.6875, 0.5, 0.25, 0.484375, 0.546875, 0.28125]","[0.328125, 0.34375, 0.34375, 0.375, 0.3203125, 0.3125, 0.34375, 0.34375, 0.28125, 0.328125, 0.421875, 0.3203125, 0.2890625, 0.3671875, 0.25, 0.375, 0.34375, 0.28125, 0.2578125, 0.2734375, 0.28125]","[7, 88]",0.26494356762123755,0.1315282776637104
830,11247.578125,"[0.53125, 0.625, 0.6875, 0.34375, 0.609375, 0.59375, 0.296875, 0.5, 0.4375, 0.46875, 0.359375, 0.609375, 0.578125, 0.3359375, 0.5, 0.6875, 0.5, 0.25, 0.484375, 0.546875, 0.296875]","[0.328125, 0.34375, 0.34375, 0.375, 0.3203125, 0.3125, 0.34375, 0.34375, 0.28125, 0.328125, 0.421875, 0.3203125, 0.3203125, 0.3671875, 0.25, 0.375, 0.34375, 0.28125, 0.2578125, 0.2734375, 0.3125]","[119, 126, 135, 137]",0.2631877408206842,0.12514456518076547
831,11545.703125,"[0.53125, 0.65625, 0.6875, 0.34375, 0.609375, 0.59375, 0.296875, 0.5, 0.4375, 0.46875, 0.359375, 0.609375, 0.546875, 0.3359375, 0.5, 0.6875, 0.5, 0.28125, 0.484375, 0.609375, 0.359375]","[0.328125, 0.359375, 0.34375, 0.375, 0.3203125, 0.3125, 0.34375, 0.34375, 0.28125, 0.328125, 0.421875, 0.3203125, 0.3046875, 0.3671875, 0.25, 0.375, 0.34375, 0.34375, 0.2578125, 0.3046875, 0.375]",[3],0.252088228692762,0.11936226091339398
832,11545.390625,"[0.53125, 0.65625, 0.6875, 0.34375, 0.609375, 0.59375, 0.296875, 0.5, 0.5, 0.46875, 0.359375, 0.609375, 0.546875, 0.3359375, 0.5, 0.6875, 0.5, 0.28125, 0.484375, 0.609375, 0.296875]","[0.328125, 0.359375, 0.34375, 0.375, 0.3203125, 0.3125, 0.34375, 0.34375, 0.3125, 0.328125, 0.421875, 0.3203125, 0.3046875, 0.3671875, 0.25, 0.375, 0.34375, 0.34375, 0.2578125, 0.3046875, 0.3125]","[133, 138]",0.2587709670237747,0.11316763437932637
833,11445.78125,"[0.53125, 0.65625, 0.6875, 0.34375, 0.578125, 0.59375, 0.296875, 0.5, 0.5, 0.46875, 0.359375, 0.609375, 0.546875, 0.3359375, 0.5, 0.6875, 0.5, 0.28125, 0.484375, 0.609375, 0.3125]","[0.328125, 0.359375, 0.34375, 0.375, 0.3046875, 0.3125, 0.34375, 0.34375, 0.3125, 0.328125, 0.421875, 0.3203125, 0.3046875, 0.3671875, 0.25, 0.375, 0.34375, 0.34375, 0.2578125, 0.3046875, 0.328125]","[39, 138, 140]",0.25456242596899614,0.11363311873016646
834,11644.140625,"[0.53125, 0.65625, 0.6875, 0.34375, 0.578125, 0.59375, 0.296875, 0.5, 0.5, 0.46875, 0.359375, 0.609375, 0.5625, 0.3359375, 0.5, 0.6875, 0.5, 0.28125, 0.484375, 0.609375, 0.3125]","[0.328125, 0.359375, 0.34375, 0.375, 0.3046875, 0.3125, 0.34375, 0.34375, 0.3125, 0.328125, 0.421875, 0.3203125, 0.3125, 0.3671875, 0.25, 0.375, 0.34375, 0.34375, 0.2578125, 0.3046875, 0.328125]",[39],0.2548939962988336,0.11280770669171805
835,11485.703125,"[0.53125, 0.65625, 0.6875, 0.34375, 0.578125, 0.59375, 0.296875, 0.5, 0.5, 0.40625, 0.359375, 0.546875, 0.5625, 0.3359375, 0.5, 0.6875, 0.46875, 0.28125, 0.484375, 0.609375, 0.34375]","[0.328125, 0.359375, 0.34375, 0.375, 0.3046875, 0.3125, 0.34375, 0.34375, 0.3125, 0.265625, 0.421875, 0.2890625, 0.3125, 0.3671875, 0.25, 0.375, 0.328125, 0.34375, 0.2578125, 0.3046875, 0.359375]",[13],0.2526683917639126,0.12594735016496347
836,11506.015625,"[0.53125, 0.65625, 0.6875, 0.34375, 0.578125, 0.59375, 0.296875, 0.5, 0.5, 0.40625, 0.359375, 0.546875, 0.5625, 0.3359375, 0.5, 0.6875, 0.46875, 0.28125, 0.484375, 0.609375, 0.34375]","[0.328125, 0.359375, 0.34375, 0.375, 0.3046875, 0.3125, 0.34375, 0.34375, 0.3125, 0.265625, 0.421875, 0.2890625, 0.3125, 0.3671875, 0.25, 0.375, 0.328125, 0.34375, 0.2578125, 0.3046875, 0.359375]",[13],0.2526683917639126,0.12594735016496347
837,11386.953125,"[0.53125, 0.65625, 0.6875, 0.34375, 0.578125, 0.59375, 0.296875, 0.5, 0.5, 0.40625, 0.359375, 0.546875, 0.5625, 0.3203125, 0.5, 0.6875, 0.46875, 0.28125, 0.484375, 0.609375, 0.34375]","[0.328125, 0.359375, 0.34375, 0.375, 0.3046875, 0.3125, 0.34375, 0.34375, 0.3125, 0.265625, 0.421875, 0.2890625, 0.3125, 0.3515625, 0.25, 0.375, 0.328125, 0.34375, 0.2578125, 0.3046875, 0.359375]","[13, 22]",0.2550260622993157,0.12450678048401445
838,11543.671875,"[0.53125, 0.65625, 0.6875, 0.34375, 0.578125, 0.59375, 0.296875, 0.5, 0.5, 0.53125, 0.359375, 0.421875, 0.5625, 0.3203125, 0.5, 0.6875, 0.46875, 0.28125, 0.484375, 0.578125, 0.34375]","[0.328125, 0.359375, 0.34375, 0.375, 0.3046875, 0.3125, 0.34375, 0.34375, 0.3125, 0.328125, 0.421875, 0.2265625, 0.3125, 0.3515625, 0.25, 0.375, 0.328125, 0.34375, 0.2578125, 0.2890625, 0.359375]","[13, 25, 113]",0.2516374192819038,0.13480148572103415
839,11346.484375,"[0.53125, 0.65625, 0.6875, 0.34375, 0.578125, 0.59375, 0.328125, 0.5, 0.5, 0.53125, 0.359375, 0.453125, 0.5625, 0.3203125, 0.5625, 0.6875, 0.46875, 0.28125, 0.484375, 0.578125, 0.34375]","[0.328125, 0.359375, 0.34375, 0.375, 0.3046875, 0.3125, 0.375, 0.34375, 0.3125, 0.328125, 0.421875, 0.2578125, 0.3125, 0.3515625, 0.3125, 0.375, 0.328125, 0.34375, 0.2578125, 0.2890625, 0.359375]",[127],0.24494257941920014,0.11551149035369905
840,11425.859375,"[0.53125, 0.65625, 0.6875, 0.34375, 0.578125, 0.59375, 0.328125, 0.5, 0.5, 0.53125, 0.328125, 0.453125, 0.5625, 0.3125, 0.5625, 0.6875, 0.46875, 0.28125, 0.484375, 0.578125, 0.34375]","[0.328125, 0.359375, 0.34375, 0.375, 0.3046875, 0.3125, 0.375, 0.34375, 0.3125, 0.328125, 0.390625, 0.2578125, 0.3125, 0.34375, 0.3125, 0.375, 0.328125, 0.34375, 0.2578125, 0.2890625, 0.359375]","[60, 127]",0.25064654687438864,0.10664099341757008
841,11366.40625,"[0.53125, 0.65625, 0.6875, 0.34375, 0.546875, 0.59375, 0.265625, 0.5, 0.5, 0.53125, 0.328125, 0.453125, 0.5625, 0.328125, 0.5625, 0.6875, 0.46875, 0.28125, 0.484375, 0.578125, 0.34375]","[0.328125, 0.359375, 0.34375, 0.375, 0.2734375, 0.3125, 0.3125, 0.34375, 0.3125, 0.328125, 0.390625, 0.2578125, 0.3125, 0.375, 0.3125, 0.375, 0.328125, 0.34375, 0.2578125, 0.2890625, 0.359375]","[35, 55]",0.258128165371725,0.11287871623268612
842,11207.34375,"[0.53125, 0.65625, 0.6875, 0.34375, 0.546875, 0.59375, 0.28125, 0.5, 0.5, 0.53125, 0.328125, 0.453125, 0.5625, 0.328125, 0.5625, 0.6875, 0.46875, 0.28125, 0.484375, 0.546875, 0.34375]","[0.328125, 0.359375, 0.34375, 0.375, 0.2734375, 0.3125, 0.328125, 0.34375, 0.3125, 0.328125, 0.390625, 0.2578125, 0.3125, 0.375, 0.3125, 0.375, 0.328125, 0.34375, 0.2578125, 0.2734375, 0.359375]",[9],0.2540528045183863,0.11524540371494843
843,11207.1875,"[0.53125, 0.625, 0.6875, 0.34375, 0.546875, 0.59375, 0.28125, 0.5, 0.5, 0.53125, 0.328125, 0.515625, 0.5625, 0.328125, 0.5625, 0.6875, 0.46875, 0.28125, 0.484375, 0.546875, 0.34375]","[0.328125, 0.34375, 0.34375, 0.375, 0.2734375, 0.3125, 0.328125, 0.34375, 0.3125, 0.328125, 0.390625, 0.2890625, 0.3125, 0.375, 0.3125, 0.375, 0.328125, 0.34375, 0.2578125, 0.2734375, 0.359375]",[35],0.2493205371005507,0.10671924357530094
844,11207.421875,"[0.53125, 0.625, 0.6875, 0.34375, 0.546875, 0.59375, 0.28125, 0.4375, 0.5, 0.5, 0.328125, 0.515625, 0.5625, 0.328125, 0.5625, 0.6875, 0.46875, 0.28125, 0.484375, 0.546875, 0.34375]","[0.328125, 0.34375, 0.34375, 0.375, 0.2734375, 0.3125, 0.328125, 0.3125, 0.3125, 0.3125, 0.390625, 0.2890625, 0.3125, 0.375, 0.3125, 0.375, 0.328125, 0.34375, 0.2578125, 0.2734375, 0.359375]",[35],0.25173480927591924,0.10788228005662524
845,11168.125,"[0.53125, 0.625, 0.6875, 0.34375, 0.421875, 0.59375, 0.265625, 0.4375, 0.5, 0.5, 0.328125, 0.515625, 0.5625, 0.328125, 0.5625, 0.6875, 0.46875, 0.28125, 0.515625, 0.546875, 0.34375]","[0.328125, 0.34375, 0.34375, 0.375, 0.2109375, 0.3125, 0.3125, 0.3125, 0.3125, 0.3125, 0.390625, 0.2890625, 0.3125, 0.375, 0.3125, 0.375, 0.328125, 0.34375, 0.2890625, 0.2734375, 0.359375]",[34],0.25725447986006406,0.12293663562621464
846,11048.90625,"[0.53125, 0.625, 0.6875, 0.34375, 0.484375, 0.59375, 0.265625, 0.4375, 0.5, 0.5, 0.328125, 0.515625, 0.5625, 0.328125, 0.5625, 0.6875, 0.46875, 0.28125, 0.515625, 0.546875, 0.34375]","[0.328125, 0.34375, 0.34375, 0.375, 0.2421875, 0.3125, 0.3125, 0.3125, 0.3125, 0.3125, 0.390625, 0.2890625, 0.3125, 0.375, 0.3125, 0.375, 0.328125, 0.34375, 0.2890625, 0.2734375, 0.359375]",[45],0.2543149737331646,0.11051266036786253
847,11068.75,"[0.53125, 0.625, 0.6875, 0.34375, 0.484375, 0.59375, 0.265625, 0.4375, 0.5, 0.5, 0.328125, 0.515625, 0.5625, 0.3203125, 0.5625, 0.6875, 0.46875, 0.28125, 0.515625, 0.546875, 0.34375]","[0.328125, 0.34375, 0.34375, 0.375, 0.2421875, 0.3125, 0.3125, 0.3125, 0.3125, 0.3125, 0.390625, 0.2890625, 0.3125, 0.3671875, 0.3125, 0.375, 0.328125, 0.34375, 0.2890625, 0.2734375, 0.359375]",[45],0.25550149747369777,0.10918921977139374
848,11187.734375,"[0.53125, 0.625, 0.6875, 0.34375, 0.484375, 0.59375, 0.265625, 0.4375, 0.5, 0.5, 0.328125, 0.515625, 0.5625, 0.3203125, 0.5625, 0.6875, 0.46875, 0.28125, 0.515625, 0.671875, 0.34375]","[0.328125, 0.34375, 0.34375, 0.375, 0.2421875, 0.3125, 0.3125, 0.3125, 0.3125, 0.3125, 0.390625, 0.2890625, 0.3125, 0.3671875, 0.3125, 0.375, 0.328125, 0.34375, 0.2890625, 0.3359375, 0.359375]",[48],0.26455343589649094,0.10235219504140432
849,11267.421875,"[0.53125, 0.625, 0.6875, 0.34375, 0.484375, 0.53125, 0.265625, 0.4375, 0.5, 0.5, 0.328125, 0.515625, 0.5625, 0.3203125, 0.5625, 0.6875, 0.46875, 0.28125, 0.515625, 0.671875, 0.34375]","[0.328125, 0.34375, 0.34375, 0.375, 0.2421875, 0.28125, 0.3125, 0.3125, 0.3125, 0.3125, 0.390625, 0.2890625, 0.3125, 0.3671875, 0.3125, 0.375, 0.328125, 0.34375, 0.2890625, 0.3359375, 0.359375]","[48, 49, 60]",0.2624788565331212,0.10691549601338551
850,11247.265625,"[0.53125, 0.625, 0.6875, 0.34375, 0.359375, 0.53125, 0.265625, 0.4375, 0.5, 0.5, 0.328125, 0.515625, 0.5625, 0.3203125, 0.5625, 0.6875, 0.46875, 0.28125, 0.515625, 0.671875, 0.34375]","[0.328125, 0.34375, 0.34375, 0.375, 0.1796875, 0.28125, 0.3125, 0.3125, 0.3125, 0.3125, 0.390625, 0.2890625, 0.3125, 0.3671875, 0.3125, 0.375, 0.328125, 0.34375, 0.2890625, 0.3359375, 0.359375]",[48],0.27148270105077676,0.13467626451081682
851,11108.359375,"[0.53125, 0.625, 0.6875, 0.34375, 0.359375, 0.53125, 0.265625, 0.4375, 0.5, 0.5, 0.328125, 0.515625, 0.5625, 0.3203125, 0.5625, 0.5625, 0.46875, 0.28125, 0.515625, 0.671875, 0.34375]","[0.328125, 0.34375, 0.34375, 0.375, 0.1796875, 0.28125, 0.3125, 0.3125, 0.3125, 0.3125, 0.390625, 0.2890625, 0.3125, 0.3671875, 0.3125, 0.3125, 0.328125, 0.34375, 0.2890625, 0.3359375, 0.359375]",[14],0.25993263466060684,0.13134301103411128
852,10890.546875,"[0.53125, 0.5, 0.6875, 0.34375, 0.359375, 0.53125, 0.265625, 0.46875, 0.5, 0.5, 0.328125, 0.515625, 0.5625, 0.3203125, 0.5625, 0.5625, 0.46875, 0.28125, 0.515625, 0.671875, 0.34375]","[0.328125, 0.28125, 0.34375, 0.375, 0.1796875, 0.28125, 0.3125, 0.328125, 0.3125, 0.3125, 0.390625, 0.2890625, 0.3125, 0.3671875, 0.3125, 0.3125, 0.328125, 0.34375, 0.2890625, 0.3359375, 0.359375]",[48],0.2521714356443397,0.13391987617646278
853,10851.484375,"[0.53125, 0.5, 0.6875, 0.34375, 0.390625, 0.53125, 0.265625, 0.46875, 0.5, 0.5, 0.328125, 0.515625, 0.5625, 0.3203125, 0.5625, 0.5625, 0.46875, 0.28125, 0.515625, 0.671875, 0.34375]","[0.328125, 0.28125, 0.34375, 0.375, 0.2109375, 0.28125, 0.3125, 0.328125, 0.3125, 0.3125, 0.390625, 0.2890625, 0.3125, 0.3671875, 0.3125, 0.3125, 0.328125, 0.34375, 0.2890625, 0.3359375, 0.359375]","[49, 54]",0.2488470358043413,0.1190122040181138
854,11030.078125,"[0.53125, 0.5, 0.6875, 0.34375, 0.515625, 0.53125, 0.265625, 0.46875, 0.5, 0.5, 0.328125, 0.515625, 0.5625, 0.3203125, 0.5625, 0.5625, 0.46875, 0.28125, 0.515625, 0.671875, 0.34375]","[0.328125, 0.28125, 0.34375, 0.375, 0.2734375, 0.28125, 0.3125, 0.328125, 0.3125, 0.3125, 0.390625, 0.2890625, 0.3125, 0.3671875, 0.3125, 0.3125, 0.328125, 0.34375, 0.2890625, 0.3359375, 0.359375]","[49, 60, 65]",0.2436842854622267,0.09679972770915117
855,11089.609375,"[0.53125, 0.5, 0.6875, 0.34375, 0.515625, 0.53125, 0.265625, 0.46875, 0.5, 0.5, 0.328125, 0.53125, 0.5625, 0.3203125, 0.4375, 0.5625, 0.46875, 0.296875, 0.515625, 0.671875, 0.34375]","[0.328125, 0.28125, 0.34375, 0.375, 0.2734375, 0.28125, 0.3125, 0.328125, 0.3125, 0.3125, 0.390625, 0.296875, 0.3125, 0.3671875, 0.25, 0.3125, 0.328125, 0.359375, 0.2890625, 0.3359375, 0.359375]","[60, 86]",0.24116243767518147,0.10980130764473539
856,11169.296875,"[0.53125, 0.5625, 0.6875, 0.34375, 0.515625, 0.53125, 0.265625, 0.46875, 0.5, 0.5, 0.328125, 0.53125, 0.5625, 0.3203125, 0.4375, 0.5625, 0.4375, 0.296875, 0.515625, 0.671875, 0.328125]","[0.328125, 0.3125, 0.34375, 0.375, 0.2734375, 0.28125, 0.3125, 0.328125, 0.3125, 0.3125, 0.390625, 0.296875, 0.3125, 0.3671875, 0.25, 0.3125, 0.3125, 0.359375, 0.2890625, 0.3359375, 0.34375]","[60, 80]",0.24644316868829738,0.1045517573207057
857,11267.890625,"[0.53125, 0.5625, 0.6875, 0.34375, 0.515625, 0.53125, 0.265625, 0.46875, 0.5, 0.5, 0.328125, 0.53125, 0.5625, 0.3203125, 0.4375, 0.5625, 0.4375, 0.296875, 0.515625, 0.671875, 0.328125]","[0.328125, 0.3125, 0.34375, 0.375, 0.2734375, 0.28125, 0.3125, 0.328125, 0.3125, 0.3125, 0.390625, 0.296875, 0.3125, 0.3671875, 0.25, 0.3125, 0.3125, 0.359375, 0.2890625, 0.3359375, 0.34375]","[60, 80]",0.24644316868829738,0.1045517573207057
858,11130.078125,"[0.53125, 0.5625, 0.6875, 0.34375, 0.515625, 0.53125, 0.265625, 0.46875, 0.5, 0.5, 0.328125, 0.53125, 0.5625, 0.3203125, 0.46875, 0.5625, 0.4375, 0.296875, 0.515625, 0.671875, 0.328125]","[0.328125, 0.3125, 0.34375, 0.375, 0.2734375, 0.28125, 0.3125, 0.328125, 0.3125, 0.3125, 0.390625, 0.296875, 0.3125, 0.3671875, 0.265625, 0.3125, 0.3125, 0.359375, 0.2890625, 0.3359375, 0.34375]","[80, 89, 93]",0.24515300826625266,0.099816086766625
859,11169.6875,"[0.53125, 0.5625, 0.6875, 0.34375, 0.453125, 0.53125, 0.2734375, 0.46875, 0.5, 0.5, 0.328125, 0.53125, 0.5625, 0.3203125, 0.46875, 0.5625, 0.4375, 0.28125, 0.515625, 0.671875, 0.390625]","[0.328125, 0.3125, 0.34375, 0.375, 0.2421875, 0.28125, 0.3203125, 0.328125, 0.3125, 0.3125, 0.390625, 0.296875, 0.3125, 0.3671875, 0.265625, 0.3125, 0.3125, 0.34375, 0.2890625, 0.3359375, 0.40625]","[21, 65]",0.23960049001784126,0.11943411503179861
860,11130.15625,"[0.53125, 0.5625, 0.6875, 0.34375, 0.453125, 0.53125, 0.2734375, 0.46875, 0.5, 0.5, 0.328125, 0.53125, 0.5625, 0.3046875, 0.46875, 0.5625, 0.4375, 0.28125, 0.515625, 0.671875, 0.390625]","[0.328125, 0.3125, 0.34375, 0.375, 0.2421875, 0.28125, 0.3203125, 0.328125, 0.3125, 0.3125, 0.390625, 0.296875, 0.3125, 0.3359375, 0.265625, 0.3125, 0.3125, 0.34375, 0.2890625, 0.3359375, 0.40625]",[21],0.2421919025743452,0.11645928563665227
861,11169.6875,"[0.53125, 0.5625, 0.6875, 0.34375, 0.453125, 0.53125, 0.2734375, 0.46875, 0.5, 0.5, 0.328125, 0.53125, 0.5625, 0.3046875, 0.46875, 0.5625, 0.4375, 0.28125, 0.515625, 0.671875, 0.390625]","[0.328125, 0.3125, 0.34375, 0.375, 0.2421875, 0.28125, 0.3203125, 0.328125, 0.3125, 0.3125, 0.390625, 0.296875, 0.3125, 0.3359375, 0.265625, 0.3125, 0.3125, 0.34375, 0.2890625, 0.3359375, 0.40625]",[21],0.2421919025743452,0.11645928563665227
862,11169.6875,"[0.53125, 0.5625, 0.6875, 0.34375, 0.453125, 0.515625, 0.2734375, 0.46875, 0.5, 0.5, 0.328125, 0.53125, 0.5625, 0.3046875, 0.46875, 0.5625, 0.4375, 0.28125, 0.515625, 0.671875, 0.390625]","[0.328125, 0.3125, 0.34375, 0.375, 0.2421875, 0.2734375, 0.3203125, 0.328125, 0.3125, 0.3125, 0.390625, 0.296875, 0.3125, 0.3359375, 0.265625, 0.3125, 0.3125, 0.34375, 0.2890625, 0.3359375, 0.40625]",[4],0.2418532526444686,0.11795338716293768
863,11011.015625,"[0.53125, 0.5625, 0.6875, 0.34375, 0.453125, 0.5, 0.2734375, 0.46875, 0.5, 0.5, 0.328125, 0.53125, 0.5625, 0.3125, 0.46875, 0.5625, 0.4375, 0.28125, 0.515625, 0.671875, 0.390625]","[0.328125, 0.3125, 0.34375, 0.375, 0.2421875, 0.265625, 0.3203125, 0.328125, 0.3125, 0.3125, 0.390625, 0.296875, 0.3125, 0.34375, 0.265625, 0.3125, 0.3125, 0.34375, 0.2890625, 0.3359375, 0.40625]",[21],0.2403994031146019,0.12008066990132349
864,11011.09375,"[0.53125, 0.5625, 0.6875, 0.34375, 0.453125, 0.5, 0.2734375, 0.46875, 0.5, 0.5, 0.328125, 0.53125, 0.5625, 0.3125, 0.46875, 0.5625, 0.4375, 0.25, 0.515625, 0.671875, 0.390625]","[0.328125, 0.3125, 0.34375, 0.375, 0.2421875, 0.265625, 0.3203125, 0.328125, 0.3125, 0.3125, 0.390625, 0.296875, 0.3125, 0.34375, 0.265625, 0.3125, 0.3125, 0.28125, 0.2890625, 0.3359375, 0.40625]","[21, 65]",0.24682210197972523,0.12299132886216689
865,11011.015625,"[0.53125, 0.5625, 0.6875, 0.34375, 0.453125, 0.5, 0.2421875, 0.46875, 0.4375, 0.5, 0.328125, 0.46875, 0.5625, 0.3125, 0.46875, 0.5625, 0.4375, 0.25, 0.390625, 0.671875, 0.390625]","[0.328125, 0.3125, 0.34375, 0.375, 0.2421875, 0.265625, 0.2890625, 0.328125, 0.28125, 0.3125, 0.390625, 0.265625, 0.3125, 0.34375, 0.265625, 0.3125, 0.3125, 0.28125, 0.2265625, 0.3359375, 0.40625]",[3],0.2583824994750717,0.14577605489552273
866,10614.140625,"[0.53125, 0.5625, 0.4375, 0.34375, 0.453125, 0.5, 0.2421875, 0.46875, 0.40625, 0.5, 0.328125, 0.46875, 0.5625, 0.3125, 0.46875, 0.5625, 0.4375, 0.25, 0.390625, 0.671875, 0.390625]","[0.328125, 0.3125, 0.21875, 0.375, 0.2421875, 0.265625, 0.2890625, 0.328125, 0.265625, 0.3125, 0.390625, 0.265625, 0.3125, 0.34375, 0.265625, 0.3125, 0.3125, 0.28125, 0.2265625, 0.3359375, 0.40625]","[3, 21]",0.23973115897486785,0.16168377131897743
867,10496.171875,"[0.53125, 0.5625, 0.5, 0.34375, 0.453125, 0.5, 0.2421875, 0.46875, 0.40625, 0.5, 0.328125, 0.46875, 0.5625, 0.3125, 0.46875, 0.5625, 0.4375, 0.25, 0.390625, 0.671875, 0.390625]","[0.328125, 0.3125, 0.28125, 0.375, 0.2421875, 0.265625, 0.2890625, 0.328125, 0.265625, 0.3125, 0.390625, 0.265625, 0.3125, 0.34375, 0.265625, 0.3125, 0.3125, 0.28125, 0.2265625, 0.3359375, 0.40625]",[3],0.23969475475928886,0.1487282099557987
868,10476.328125,"[0.53125, 0.5625, 0.5, 0.34375, 0.453125, 0.5, 0.2421875, 0.46875, 0.34375, 0.5, 0.328125, 0.46875, 0.5625, 0.3125, 0.46875, 0.5625, 0.4375, 0.25, 0.40625, 0.671875, 0.390625]","[0.328125, 0.3125, 0.28125, 0.375, 0.2421875, 0.265625, 0.2890625, 0.328125, 0.203125, 0.3125, 0.390625, 0.265625, 0.3125, 0.34375, 0.265625, 0.3125, 0.3125, 0.28125, 0.234375, 0.3359375, 0.40625]","[28, 47, 63]",0.24450987700959628,0.16274622631152427
869,10793.515625,"[0.53125, 0.5625, 0.5, 0.34375, 0.453125, 0.5, 0.3046875, 0.46875, 0.59375, 0.5, 0.296875, 0.46875, 0.5625, 0.3125, 0.46875, 0.5625, 0.4375, 0.25, 0.40625, 0.671875, 0.390625]","[0.328125, 0.3125, 0.28125, 0.375, 0.2421875, 0.265625, 0.3515625, 0.328125, 0.328125, 0.3125, 0.359375, 0.265625, 0.3125, 0.34375, 0.265625, 0.3125, 0.3125, 0.28125, 0.234375, 0.3359375, 0.40625]","[11, 63]",0.23541393947977143,0.1367618492480912
870,11031.640625,"[0.53125, 0.5625, 0.5, 0.28125, 0.390625, 0.5, 0.3046875, 0.46875, 0.59375, 0.5, 0.296875, 0.46875, 0.53125, 0.3125, 0.46875, 0.3125, 0.4375, 0.25, 0.40625, 0.640625, 0.390625]","[0.328125, 0.3125, 0.28125, 0.3125, 0.2109375, 0.265625, 0.3515625, 0.328125, 0.328125, 0.3125, 0.359375, 0.265625, 0.28125, 0.34375, 0.265625, 0.1875, 0.3125, 0.28125, 0.234375, 0.3203125, 0.40625]","[11, 27, 34, 42]",0.248979038945318,0.16661714990415008
871,10715.703125,"[0.53125, 0.5625, 0.5, 0.40625, 0.390625, 0.5, 0.3671875, 0.46875, 0.59375, 0.5, 0.296875, 0.46875, 0.53125, 0.3125, 0.46875, 0.3125, 0.4375, 0.25, 0.40625, 0.640625, 0.390625]","[0.328125, 0.3125, 0.28125, 0.4375, 0.2109375, 0.265625, 0.4140625, 0.328125, 0.328125, 0.3125, 0.359375, 0.265625, 0.28125, 0.34375, 0.265625, 0.1875, 0.3125, 0.28125, 0.234375, 0.3203125, 0.40625]",[27],0.22491009001339984,0.20001585989170476
872,10676.328125,"[0.53125, 0.5625, 0.5, 0.40625, 0.40625, 0.5, 0.3671875, 0.46875, 0.59375, 0.5, 0.296875, 0.46875, 0.53125, 0.3125, 0.46875, 0.3125, 0.4375, 0.25, 0.40625, 0.640625, 0.390625]","[0.328125, 0.3125, 0.28125, 0.4375, 0.21875, 0.265625, 0.4140625, 0.328125, 0.328125, 0.3125, 0.359375, 0.265625, 0.28125, 0.34375, 0.265625, 0.1875, 0.3125, 0.28125, 0.234375, 0.3203125, 0.40625]","[26, 42, 63]",0.22375586514279522,0.19793534385849706
873,10815.234375,"[0.53125, 0.5625, 0.5, 0.40625, 0.4375, 0.5, 0.3671875, 0.46875, 0.59375, 0.5, 0.296875, 0.46875, 0.53125, 0.34375, 0.46875, 0.375, 0.4375, 0.25, 0.40625, 0.640625, 0.390625]","[0.328125, 0.3125, 0.28125, 0.4375, 0.25, 0.265625, 0.4140625, 0.328125, 0.328125, 0.3125, 0.359375, 0.265625, 0.28125, 0.375, 0.265625, 0.25, 0.3125, 0.28125, 0.234375, 0.3203125, 0.40625]",[65],0.20870245534957604,0.1767129596657926
874,10834.921875,"[0.53125, 0.5625, 0.5, 0.40625, 0.375, 0.375, 0.3671875, 0.46875, 0.59375, 0.5, 0.296875, 0.46875, 0.53125, 0.34375, 0.46875, 0.375, 0.4375, 0.25, 0.40625, 0.640625, 0.390625]","[0.328125, 0.3125, 0.28125, 0.4375, 0.21875, 0.203125, 0.4140625, 0.328125, 0.328125, 0.3125, 0.359375, 0.265625, 0.28125, 0.375, 0.265625, 0.25, 0.3125, 0.28125, 0.234375, 0.3203125, 0.40625]",[36],0.2170998732602478,0.1984403413804166
875,10616.484375,"[0.53125, 0.5625, 0.5, 0.40625, 0.375, 0.375, 0.3671875, 0.46875, 0.59375, 0.5, 0.296875, 0.46875, 0.53125, 0.34375, 0.46875, 0.375, 0.4375, 0.25, 0.40625, 0.640625, 0.390625]","[0.328125, 0.3125, 0.28125, 0.4375, 0.21875, 0.203125, 0.4140625, 0.328125, 0.328125, 0.3125, 0.359375, 0.265625, 0.28125, 0.375, 0.265625, 0.25, 0.3125, 0.28125, 0.234375, 0.3203125, 0.40625]",[36],0.2170998732602478,0.1984403413804166
876,10656.484375,"[0.53125, 0.5625, 0.5, 0.40625, 0.375, 0.375, 0.3671875, 0.46875, 0.59375, 0.5, 0.296875, 0.46875, 0.53125, 0.28125, 0.46875, 0.375, 0.4375, 0.25, 0.40625, 0.640625, 0.390625]","[0.328125, 0.3125, 0.28125, 0.4375, 0.21875, 0.203125, 0.4140625, 0.328125, 0.328125, 0.3125, 0.359375, 0.265625, 0.28125, 0.3125, 0.265625, 0.25, 0.3125, 0.28125, 0.234375, 0.3203125, 0.40625]","[10, 36]",0.22744389775564922,0.19478361698702115
877,10496.796875,"[0.53125, 0.5625, 0.5, 0.40625, 0.40625, 0.375, 0.3671875, 0.46875, 0.53125, 0.5, 0.296875, 0.46875, 0.53125, 0.28125, 0.46875, 0.375, 0.4375, 0.25, 0.40625, 0.640625, 0.328125]","[0.328125, 0.3125, 0.28125, 0.4375, 0.234375, 0.203125, 0.4140625, 0.328125, 0.265625, 0.3125, 0.359375, 0.265625, 0.28125, 0.3125, 0.265625, 0.25, 0.3125, 0.28125, 0.234375, 0.3203125, 0.34375]","[36, 62]",0.22487288007730036,0.18414521857869387
878,10456.796875,"[0.53125, 0.5625, 0.5, 0.40625, 0.40625, 0.34375, 0.3671875, 0.46875, 0.53125, 0.5, 0.296875, 0.46875, 0.53125, 0.28125, 0.53125, 0.375, 0.4375, 0.25, 0.40625, 0.640625, 0.328125]","[0.328125, 0.3125, 0.28125, 0.4375, 0.234375, 0.1875, 0.4140625, 0.328125, 0.265625, 0.3125, 0.359375, 0.265625, 0.28125, 0.3125, 0.296875, 0.25, 0.3125, 0.28125, 0.234375, 0.3203125, 0.34375]",[36],0.2311431923825065,0.18653002117182857
879,10337.109375,"[0.53125, 0.5625, 0.5, 0.40625, 0.40625, 0.34375, 0.3671875, 0.46875, 0.53125, 0.375, 0.296875, 0.46875, 0.53125, 0.28125, 0.53125, 0.375, 0.4375, 0.25, 0.40625, 0.640625, 0.328125]","[0.328125, 0.3125, 0.28125, 0.4375, 0.234375, 0.1875, 0.4140625, 0.328125, 0.265625, 0.25, 0.359375, 0.265625, 0.28125, 0.3125, 0.296875, 0.25, 0.3125, 0.28125, 0.234375, 0.3203125, 0.34375]",[22],0.2337779195685971,0.19187897461636325
880,10338.359375,"[0.53125, 0.5625, 0.5, 0.40625, 0.40625, 0.34375, 0.3671875, 0.46875, 0.53125, 0.375, 0.296875, 0.46875, 0.53125, 0.28125, 0.53125, 0.375, 0.4375, 0.25, 0.40625, 0.515625, 0.328125]","[0.328125, 0.3125, 0.28125, 0.4375, 0.234375, 0.1875, 0.4140625, 0.328125, 0.265625, 0.25, 0.359375, 0.265625, 0.28125, 0.3125, 0.296875, 0.25, 0.3125, 0.28125, 0.234375, 0.2578125, 0.34375]","[22, 36, 65]",0.21503670721096046,0.19541641230627105
881,10239.140625,"[0.53125, 0.5625, 0.5, 0.40625, 0.40625, 0.34375, 0.3671875, 0.46875, 0.53125, 0.375, 0.296875, 0.46875, 0.40625, 0.28125, 0.53125, 0.375, 0.4375, 0.25, 0.4375, 0.515625, 0.328125]","[0.328125, 0.3125, 0.28125, 0.4375, 0.234375, 0.1875, 0.4140625, 0.328125, 0.265625, 0.25, 0.359375, 0.265625, 0.21875, 0.3125, 0.296875, 0.25, 0.3125, 0.28125, 0.265625, 0.2578125, 0.34375]",[36],0.20996325796321072,0.200366711374001
882,9921.640625,"[0.53125, 0.5625, 0.5, 0.40625, 0.40625, 0.359375, 0.3671875, 0.46875, 0.53125, 0.375, 0.296875, 0.46875, 0.40625, 0.28125, 0.53125, 0.375, 0.4375, 0.25, 0.4375, 0.515625, 0.328125]","[0.328125, 0.3125, 0.28125, 0.4375, 0.234375, 0.1953125, 0.4140625, 0.328125, 0.265625, 0.25, 0.359375, 0.265625, 0.21875, 0.3125, 0.296875, 0.25, 0.3125, 0.28125, 0.265625, 0.2578125, 0.34375]",[65],0.20820732398319056,0.1978884619188965
883,9961.328125,"[0.53125, 0.5625, 0.5, 0.40625, 0.40625, 0.390625, 0.3671875, 0.46875, 0.53125, 0.375, 0.296875, 0.46875, 0.40625, 0.28125, 0.53125, 0.375, 0.4375, 0.25, 0.4375, 0.515625, 0.265625]","[0.328125, 0.3125, 0.28125, 0.4375, 0.234375, 0.2265625, 0.4140625, 0.328125, 0.265625, 0.25, 0.359375, 0.265625, 0.21875, 0.3125, 0.296875, 0.25, 0.3125, 0.28125, 0.265625, 0.2578125, 0.28125]",[69],0.21694719498848425,0.18832248125773646
884,9841.640625,"[0.53125, 0.5625, 0.5, 0.40625, 0.40625, 0.390625, 0.3671875, 0.46875, 0.53125, 0.375, 0.296875, 0.46875, 0.40625, 0.28125, 0.53125, 0.375, 0.4375, 0.25, 0.4375, 0.453125, 0.265625]","[0.328125, 0.3125, 0.28125, 0.4375, 0.234375, 0.2265625, 0.4140625, 0.328125, 0.265625, 0.25, 0.359375, 0.265625, 0.21875, 0.3125, 0.296875, 0.25, 0.3125, 0.28125, 0.265625, 0.2265625, 0.28125]",[58],0.2131999501562578,0.19393102961353936
885,9761.953125,"[0.53125, 0.5625, 0.5, 0.40625, 0.40625, 0.390625, 0.3671875, 0.40625, 0.53125, 0.375, 0.296875, 0.46875, 0.40625, 0.28125, 0.53125, 0.4375, 0.4375, 0.25, 0.4375, 0.453125, 0.265625]","[0.328125, 0.3125, 0.28125, 0.4375, 0.234375, 0.2265625, 0.4140625, 0.265625, 0.265625, 0.25, 0.359375, 0.265625, 0.21875, 0.3125, 0.296875, 0.28125, 0.3125, 0.28125, 0.265625, 0.2265625, 0.28125]","[69, 70]",0.21066768699644786,0.1916474942590008
886,9920.703125,"[0.53125, 0.5625, 0.5, 0.40625, 0.40625, 0.390625, 0.3671875, 0.40625, 0.53125, 0.4375, 0.296875, 0.46875, 0.53125, 0.21875, 0.53125, 0.4375, 0.4375, 0.234375, 0.4375, 0.453125, 0.265625]","[0.328125, 0.3125, 0.28125, 0.4375, 0.234375, 0.2265625, 0.4140625, 0.265625, 0.265625, 0.3125, 0.359375, 0.265625, 0.28125, 0.25, 0.296875, 0.28125, 0.3125, 0.265625, 0.265625, 0.2265625, 0.28125]",[2],0.23096808097152519,0.18322104643584425
887,9900.859375,"[0.53125, 0.5625, 0.5, 0.40625, 0.40625, 0.390625, 0.3515625, 0.40625, 0.53125, 0.4375, 0.296875, 0.46875, 0.53125, 0.21875, 0.53125, 0.4375, 0.4375, 0.234375, 0.4375, 0.453125, 0.265625]","[0.328125, 0.3125, 0.28125, 0.4375, 0.234375, 0.2265625, 0.3828125, 0.265625, 0.265625, 0.3125, 0.359375, 0.265625, 0.28125, 0.25, 0.296875, 0.28125, 0.3125, 0.265625, 0.265625, 0.2265625, 0.28125]","[2, 75]",0.23249555012158515,0.17385618383046236
888,9820.703125,"[0.53125, 0.5625, 0.5, 0.40625, 0.40625, 0.390625, 0.3515625, 0.40625, 0.53125, 0.4375, 0.296875, 0.46875, 0.53125, 0.21875, 0.53125, 0.4375, 0.4375, 0.296875, 0.4375, 0.453125, 0.265625]","[0.328125, 0.3125, 0.28125, 0.4375, 0.234375, 0.2265625, 0.3828125, 0.265625, 0.265625, 0.3125, 0.359375, 0.265625, 0.28125, 0.25, 0.296875, 0.28125, 0.3125, 0.328125, 0.265625, 0.2265625, 0.28125]",[2],0.2193291766796471,0.17276626681768636
889,9940.390625,"[0.28125, 0.5625, 0.5, 0.40625, 0.40625, 0.390625, 0.3515625, 0.40625, 0.28125, 0.4375, 0.296875, 0.46875, 0.53125, 0.21875, 0.53125, 0.4375, 0.375, 0.296875, 0.4375, 0.453125, 0.265625]","[0.203125, 0.3125, 0.28125, 0.4375, 0.234375, 0.2265625, 0.3828125, 0.265625, 0.140625, 0.3125, 0.359375, 0.265625, 0.28125, 0.25, 0.296875, 0.28125, 0.25, 0.328125, 0.265625, 0.2265625, 0.28125]",[2],0.23708191277510096,0.222988964869971
890,9466.015625,"[0.28125, 0.5625, 0.5, 0.40625, 0.40625, 0.390625, 0.3515625, 0.40625, 0.28125, 0.4375, 0.296875, 0.46875, 0.53125, 0.21875, 0.53125, 0.4375, 0.375, 0.28125, 0.4375, 0.453125, 0.265625]","[0.203125, 0.3125, 0.28125, 0.4375, 0.234375, 0.2265625, 0.3828125, 0.265625, 0.140625, 0.3125, 0.359375, 0.265625, 0.28125, 0.25, 0.296875, 0.28125, 0.25, 0.3125, 0.265625, 0.2265625, 0.28125]","[2, 41, 71]",0.23966296950908217,0.22184730062348665
891,9643.671875,"[0.40625, 0.5625, 0.5, 0.375, 0.40625, 0.390625, 0.3515625, 0.40625, 0.40625, 0.4375, 0.296875, 0.46875, 0.53125, 0.21875, 0.53125, 0.4375, 0.375, 0.34375, 0.4375, 0.453125, 0.265625]","[0.265625, 0.3125, 0.28125, 0.375, 0.234375, 0.2265625, 0.3828125, 0.265625, 0.203125, 0.3125, 0.359375, 0.265625, 0.28125, 0.25, 0.296875, 0.28125, 0.25, 0.375, 0.265625, 0.2265625, 0.28125]",[15],0.20581377917502866,0.17615041031830678
892,9643.671875,"[0.40625, 0.5625, 0.5, 0.375, 0.40625, 0.390625, 0.3515625, 0.40625, 0.40625, 0.4375, 0.296875, 0.46875, 0.53125, 0.21875, 0.53125, 0.4375, 0.375, 0.34375, 0.4375, 0.453125, 0.265625]","[0.265625, 0.3125, 0.28125, 0.375, 0.234375, 0.2265625, 0.3828125, 0.265625, 0.203125, 0.3125, 0.359375, 0.265625, 0.28125, 0.25, 0.296875, 0.28125, 0.25, 0.375, 0.265625, 0.2265625, 0.28125]",[15],0.20581377917502866,0.17615041031830678
893,9623.828125,"[0.40625, 0.5, 0.5, 0.375, 0.40625, 0.390625, 0.3515625, 0.40625, 0.40625, 0.4375, 0.3125, 0.46875, 0.53125, 0.21875, 0.53125, 0.4375, 0.375, 0.34375, 0.4375, 0.453125, 0.234375]","[0.265625, 0.25, 0.28125, 0.375, 0.234375, 0.2265625, 0.3828125, 0.265625, 0.203125, 0.3125, 0.375, 0.265625, 0.28125, 0.25, 0.296875, 0.28125, 0.25, 0.375, 0.265625, 0.2265625, 0.25]","[12, 39]",0.2014831408107657,0.18510089294148488
894,9544.375,"[0.40625, 0.5, 0.5, 0.375, 0.40625, 0.390625, 0.3515625, 0.40625, 0.40625, 0.4375, 0.3125, 0.46875, 0.53125, 0.2265625, 0.53125, 0.4375, 0.40625, 0.34375, 0.4375, 0.453125, 0.234375]","[0.265625, 0.25, 0.28125, 0.375, 0.234375, 0.2265625, 0.3828125, 0.265625, 0.203125, 0.3125, 0.375, 0.265625, 0.28125, 0.2578125, 0.296875, 0.28125, 0.265625, 0.375, 0.265625, 0.2265625, 0.25]","[72, 80]",0.19776762409391407,0.18241607184866707
895,9623.90625,"[0.40625, 0.5, 0.5, 0.375, 0.40625, 0.390625, 0.3515625, 0.40625, 0.40625, 0.4375, 0.3125, 0.46875, 0.53125, 0.2265625, 0.53125, 0.4375, 0.40625, 0.34375, 0.4375, 0.453125, 0.234375]","[0.265625, 0.25, 0.28125, 0.375, 0.234375, 0.2265625, 0.3828125, 0.265625, 0.203125, 0.3125, 0.375, 0.265625, 0.28125, 0.2578125, 0.296875, 0.28125, 0.265625, 0.375, 0.265625, 0.2265625, 0.25]","[72, 80]",0.19776762409391407,0.18241607184866707
896,9782.5,"[0.40625, 0.5, 0.5, 0.375, 0.40625, 0.390625, 0.3359375, 0.40625, 0.40625, 0.4375, 0.3125, 0.46875, 0.40625, 0.2265625, 0.53125, 0.4375, 0.40625, 0.34375, 0.4375, 0.328125, 0.296875]","[0.265625, 0.25, 0.28125, 0.375, 0.234375, 0.2265625, 0.3671875, 0.265625, 0.203125, 0.3125, 0.375, 0.265625, 0.21875, 0.2578125, 0.296875, 0.28125, 0.265625, 0.375, 0.265625, 0.1640625, 0.3125]","[55, 72, 90, 93]",0.18002726863257631,0.2032272947547482
897,9585.15625,"[0.40625, 0.5, 0.5, 0.375, 0.40625, 0.390625, 0.3359375, 0.40625, 0.40625, 0.4375, 0.3125, 0.46875, 0.390625, 0.2890625, 0.53125, 0.4375, 0.40625, 0.34375, 0.4375, 0.375, 0.296875]","[0.265625, 0.25, 0.28125, 0.375, 0.234375, 0.2265625, 0.3671875, 0.265625, 0.203125, 0.3125, 0.375, 0.265625, 0.2109375, 0.3203125, 0.296875, 0.28125, 0.265625, 0.375, 0.265625, 0.1875, 0.3125]",[99],0.15853981772597656,0.19624240197370696
898,9624.84375,"[0.40625, 0.375, 0.5, 0.375, 0.40625, 0.265625, 0.3359375, 0.34375, 0.28125, 0.4375, 0.3125, 0.46875, 0.390625, 0.2890625, 0.53125, 0.4375, 0.40625, 0.34375, 0.4375, 0.4375, 0.296875]","[0.265625, 0.1875, 0.28125, 0.375, 0.234375, 0.1640625, 0.3671875, 0.203125, 0.140625, 0.3125, 0.375, 0.265625, 0.2109375, 0.3203125, 0.296875, 0.28125, 0.265625, 0.375, 0.265625, 0.21875, 0.3125]",[2],0.18581253792230315,0.2485738232878439
899,9308.59375,"[0.40625, 0.375, 0.5, 0.3125, 0.40625, 0.265625, 0.3359375, 0.34375, 0.34375, 0.4375, 0.3125, 0.34375, 0.390625, 0.2890625, 0.53125, 0.4375, 0.40625, 0.34375, 0.4375, 0.4375, 0.296875]","[0.265625, 0.1875, 0.28125, 0.3125, 0.234375, 0.1640625, 0.3671875, 0.203125, 0.203125, 0.3125, 0.375, 0.203125, 0.2109375, 0.3203125, 0.296875, 0.28125, 0.265625, 0.375, 0.265625, 0.21875, 0.3125]",[20],0.17968102253073168,0.22814736342492786
900,9229.21875,"[0.40625, 0.375, 0.5, 0.3125, 0.40625, 0.265625, 0.3359375, 0.34375, 0.34375, 0.4375, 0.3125, 0.34375, 0.390625, 0.2890625, 0.53125, 0.4375, 0.40625, 0.34375, 0.4375, 0.4375, 0.296875]","[0.265625, 0.1875, 0.28125, 0.3125, 0.234375, 0.1640625, 0.3671875, 0.203125, 0.203125, 0.3125, 0.375, 0.203125, 0.2109375, 0.3203125, 0.296875, 0.28125, 0.265625, 0.375, 0.265625, 0.21875, 0.3125]","[20, 37]",0.17968102253073168,0.22814736342492786
901,9170.0,"[0.40625, 0.375, 0.5, 0.3125, 0.40625, 0.265625, 0.3359375, 0.34375, 0.34375, 0.4375, 0.3125, 0.34375, 0.375, 0.3203125, 0.53125, 0.4375, 0.40625, 0.28125, 0.4375, 0.4375, 0.296875]","[0.265625, 0.1875, 0.28125, 0.3125, 0.234375, 0.1640625, 0.3671875, 0.203125, 0.203125, 0.3125, 0.375, 0.203125, 0.203125, 0.3515625, 0.296875, 0.28125, 0.265625, 0.3125, 0.265625, 0.21875, 0.3125]","[20, 53]",0.18389537796706845,0.22351140212339268
902,9208.4375,"[0.34375, 0.375, 0.5, 0.3125, 0.40625, 0.265625, 0.3359375, 0.34375, 0.46875, 0.4375, 0.3125, 0.34375, 0.375, 0.3203125, 0.53125, 0.4375, 0.40625, 0.28125, 0.4375, 0.4375, 0.296875]","[0.203125, 0.1875, 0.28125, 0.3125, 0.234375, 0.1640625, 0.3671875, 0.203125, 0.265625, 0.3125, 0.375, 0.203125, 0.203125, 0.3515625, 0.296875, 0.28125, 0.265625, 0.3125, 0.265625, 0.21875, 0.3125]","[53, 68]",0.18907594148745005,0.22351140212339268
903,9149.84375,"[0.34375, 0.375, 0.5, 0.3125, 0.40625, 0.28125, 0.3359375, 0.34375, 0.46875, 0.4375, 0.3125, 0.34375, 0.375, 0.3203125, 0.53125, 0.4375, 0.40625, 0.28125, 0.4375, 0.4375, 0.296875]","[0.203125, 0.1875, 0.28125, 0.3125, 0.234375, 0.171875, 0.3671875, 0.203125, 0.265625, 0.3125, 0.375, 0.203125, 0.203125, 0.3515625, 0.296875, 0.28125, 0.265625, 0.3125, 0.265625, 0.21875, 0.3125]","[53, 93]",0.18578118929596407,0.22087263801164292
904,9228.90625,"[0.34375, 0.375, 0.5, 0.3125, 0.40625, 0.34375, 0.3359375, 0.40625, 0.46875, 0.4375, 0.3125, 0.34375, 0.375, 0.3203125, 0.53125, 0.4375, 0.40625, 0.21875, 0.4375, 0.4375, 0.296875]","[0.203125, 0.1875, 0.28125, 0.3125, 0.234375, 0.203125, 0.3671875, 0.265625, 0.265625, 0.3125, 0.375, 0.203125, 0.203125, 0.3515625, 0.296875, 0.28125, 0.265625, 0.25, 0.265625, 0.21875, 0.3125]",[75],0.19037545195269492,0.20266719126546606
905,9188.90625,"[0.34375, 0.4375, 0.5, 0.3125, 0.40625, 0.34375, 0.3359375, 0.40625, 0.46875, 0.4375, 0.3125, 0.34375, 0.375, 0.3203125, 0.53125, 0.4375, 0.40625, 0.21875, 0.4375, 0.4375, 0.296875]","[0.203125, 0.25, 0.28125, 0.3125, 0.234375, 0.203125, 0.3671875, 0.265625, 0.265625, 0.3125, 0.375, 0.203125, 0.203125, 0.3515625, 0.296875, 0.28125, 0.265625, 0.25, 0.265625, 0.21875, 0.3125]","[100, 101]",0.19117428465830777,0.18973831208160294
906,9307.96875,"[0.34375, 0.4375, 0.5, 0.3125, 0.40625, 0.34375, 0.3359375, 0.40625, 0.46875, 0.4375, 0.3125, 0.34375, 0.4375, 0.3203125, 0.53125, 0.4375, 0.40625, 0.21875, 0.4375, 0.4375, 0.296875]","[0.203125, 0.25, 0.28125, 0.3125, 0.234375, 0.203125, 0.3671875, 0.265625, 0.265625, 0.3125, 0.375, 0.203125, 0.234375, 0.3515625, 0.296875, 0.28125, 0.265625, 0.25, 0.265625, 0.21875, 0.3125]",[100],0.19162954687950284,0.18290486140896345
907,9307.65625,"[0.40625, 0.4375, 0.5, 0.3125, 0.40625, 0.34375, 0.3359375, 0.40625, 0.46875, 0.4375, 0.3125, 0.34375, 0.4375, 0.3203125, 0.53125, 0.4375, 0.40625, 0.21875, 0.4375, 0.4375, 0.296875]","[0.265625, 0.25, 0.28125, 0.3125, 0.234375, 0.203125, 0.3671875, 0.265625, 0.265625, 0.3125, 0.375, 0.203125, 0.234375, 0.3515625, 0.296875, 0.28125, 0.265625, 0.25, 0.265625, 0.21875, 0.3125]",[105],0.1885779537082639,0.17192746455909552
908,9387.03125,"[0.40625, 0.4375, 0.5, 0.3125, 0.40625, 0.40625, 0.3359375, 0.40625, 0.46875, 0.375, 0.3125, 0.34375, 0.4375, 0.3203125, 0.53125, 0.4375, 0.40625, 0.21875, 0.4375, 0.4375, 0.296875]","[0.265625, 0.25, 0.28125, 0.3125, 0.234375, 0.234375, 0.3671875, 0.265625, 0.265625, 0.25, 0.375, 0.203125, 0.234375, 0.3515625, 0.296875, 0.28125, 0.265625, 0.25, 0.265625, 0.21875, 0.3125]","[98, 107]",0.1853424726869994,0.16498666302873005
909,9407.265625,"[0.40625, 0.375, 0.5, 0.3125, 0.40625, 0.40625, 0.3359375, 0.40625, 0.46875, 0.375, 0.3125, 0.375, 0.4375, 0.3203125, 0.53125, 0.4375, 0.40625, 0.21875, 0.4375, 0.4375, 0.296875]","[0.265625, 0.21875, 0.28125, 0.3125, 0.234375, 0.234375, 0.3671875, 0.265625, 0.265625, 0.25, 0.375, 0.234375, 0.234375, 0.3515625, 0.296875, 0.28125, 0.265625, 0.25, 0.265625, 0.21875, 0.3125]","[86, 98]",0.1827827229513879,0.16311656083250167
910,9407.03125,"[0.40625, 0.375, 0.5, 0.3125, 0.40625, 0.40625, 0.3359375, 0.40625, 0.46875, 0.375, 0.3125, 0.375, 0.4375, 0.3203125, 0.53125, 0.4375, 0.40625, 0.21875, 0.4375, 0.4375, 0.296875]","[0.265625, 0.21875, 0.28125, 0.3125, 0.234375, 0.234375, 0.3671875, 0.265625, 0.265625, 0.25, 0.375, 0.234375, 0.234375, 0.3515625, 0.296875, 0.28125, 0.265625, 0.25, 0.265625, 0.21875, 0.3125]","[86, 98]",0.1827827229513879,0.16311656083250167
911,9447.1875,"[0.40625, 0.375, 0.5, 0.3125, 0.40625, 0.40625, 0.3359375, 0.40625, 0.46875, 0.375, 0.296875, 0.375, 0.4375, 0.3203125, 0.53125, 0.4375, 0.40625, 0.28125, 0.4375, 0.453125, 0.296875]","[0.265625, 0.21875, 0.28125, 0.3125, 0.234375, 0.234375, 0.3671875, 0.265625, 0.265625, 0.25, 0.359375, 0.234375, 0.234375, 0.3515625, 0.296875, 0.28125, 0.265625, 0.3125, 0.265625, 0.2265625, 0.3125]",[15],0.16969593265624142,0.15557606078575367
912,9467.03125,"[0.40625, 0.375, 0.5, 0.3125, 0.40625, 0.40625, 0.3359375, 0.40625, 0.46875, 0.375, 0.296875, 0.375, 0.4375, 0.3203125, 0.53125, 0.4375, 0.40625, 0.28125, 0.4375, 0.453125, 0.296875]","[0.265625, 0.21875, 0.28125, 0.3125, 0.234375, 0.234375, 0.3671875, 0.265625, 0.265625, 0.25, 0.359375, 0.234375, 0.234375, 0.3515625, 0.296875, 0.28125, 0.265625, 0.3125, 0.265625, 0.2265625, 0.3125]","[15, 111]",0.16969593265624142,0.15557606078575367
913,9546.09375,"[0.40625, 0.375, 0.5, 0.3125, 0.40625, 0.40625, 0.3359375, 0.40625, 0.46875, 0.4375, 0.296875, 0.4375, 0.4375, 0.3203125, 0.53125, 0.4375, 0.40625, 0.28125, 0.4375, 0.453125, 0.296875]","[0.265625, 0.21875, 0.28125, 0.3125, 0.234375, 0.234375, 0.3671875, 0.265625, 0.265625, 0.28125, 0.359375, 0.265625, 0.234375, 0.3515625, 0.296875, 0.28125, 0.265625, 0.3125, 0.265625, 0.2265625, 0.3125]",[117],0.1693115358736507,0.1485452754982684
914,9565.9375,"[0.40625, 0.375, 0.5, 0.3125, 0.40625, 0.40625, 0.3359375, 0.40625, 0.46875, 0.4375, 0.296875, 0.4375, 0.40625, 0.3203125, 0.53125, 0.4375, 0.40625, 0.28125, 0.4375, 0.453125, 0.296875]","[0.265625, 0.21875, 0.28125, 0.3125, 0.234375, 0.234375, 0.3671875, 0.265625, 0.265625, 0.28125, 0.359375, 0.265625, 0.203125, 0.3515625, 0.296875, 0.28125, 0.265625, 0.3125, 0.265625, 0.2265625, 0.3125]",[7],0.16866505085481848,0.15697706928241448
915,9546.09375,"[0.40625, 0.375, 0.5, 0.3125, 0.40625, 0.4375, 0.3359375, 0.40625, 0.46875, 0.4375, 0.296875, 0.4375, 0.40625, 0.3203125, 0.53125, 0.4375, 0.40625, 0.28125, 0.4375, 0.453125, 0.296875]","[0.265625, 0.21875, 0.28125, 0.3125, 0.234375, 0.25, 0.3671875, 0.265625, 0.265625, 0.28125, 0.359375, 0.265625, 0.203125, 0.3515625, 0.296875, 0.28125, 0.265625, 0.3125, 0.265625, 0.2265625, 0.3125]","[117, 118]",0.1693115358736507,0.15426783217494497
916,9605.46875,"[0.40625, 0.375, 0.5, 0.3125, 0.4375, 0.375, 0.3359375, 0.375, 0.46875, 0.4375, 0.296875, 0.4375, 0.40625, 0.3203125, 0.53125, 0.1875, 0.40625, 0.28125, 0.4375, 0.453125, 0.296875]","[0.265625, 0.21875, 0.28125, 0.3125, 0.25, 0.21875, 0.3671875, 0.21875, 0.265625, 0.28125, 0.359375, 0.265625, 0.203125, 0.3515625, 0.296875, 0.15625, 0.265625, 0.3125, 0.265625, 0.2265625, 0.3125]","[31, 102]",0.20927771828358913,0.19398393003115516
917,9647.34375,"[0.40625, 0.375, 0.5, 0.3125, 0.4375, 0.375, 0.3828125, 0.375, 0.46875, 0.4375, 0.296875, 0.4375, 0.390625, 0.3203125, 0.53125, 0.1875, 0.40625, 0.28125, 0.375, 0.453125, 0.296875]","[0.265625, 0.21875, 0.28125, 0.3125, 0.25, 0.21875, 0.4140625, 0.21875, 0.265625, 0.28125, 0.359375, 0.265625, 0.1953125, 0.3515625, 0.296875, 0.15625, 0.265625, 0.3125, 0.234375, 0.2265625, 0.3125]",[31],0.20576569939246428,0.21525600411414098
918,9388.90625,"[0.40625, 0.375, 0.5, 0.3125, 0.4375, 0.375, 0.3828125, 0.375, 0.46875, 0.4375, 0.296875, 0.4375, 0.390625, 0.3203125, 0.53125, 0.125, 0.40625, 0.28125, 0.375, 0.453125, 0.296875]","[0.265625, 0.21875, 0.28125, 0.3125, 0.25, 0.21875, 0.4140625, 0.21875, 0.265625, 0.28125, 0.359375, 0.265625, 0.1953125, 0.3515625, 0.296875, 0.09375, 0.265625, 0.3125, 0.234375, 0.2265625, 0.3125]",[31],0.2286657379895742,0.24359412130088787
919,9329.84375,"[0.40625, 0.375, 0.5, 0.3125, 0.4375, 0.375, 0.3828125, 0.375, 0.46875, 0.4375, 0.296875, 0.4375, 0.390625, 0.3203125, 0.53125, 0.15625, 0.40625, 0.28125, 0.375, 0.453125, 0.296875]","[0.265625, 0.21875, 0.28125, 0.3125, 0.25, 0.21875, 0.4140625, 0.21875, 0.265625, 0.28125, 0.359375, 0.265625, 0.1953125, 0.3515625, 0.296875, 0.109375, 0.265625, 0.3125, 0.234375, 0.2265625, 0.3125]",[43],0.21672959602580613,0.23574722235134016
920,9408.59375,"[0.40625, 0.375, 0.5, 0.3125, 0.4375, 0.375, 0.3828125, 0.375, 0.46875, 0.4375, 0.296875, 0.4375, 0.390625, 0.3203125, 0.53125, 0.28125, 0.40625, 0.28125, 0.375, 0.453125, 0.28125]","[0.265625, 0.21875, 0.28125, 0.3125, 0.25, 0.21875, 0.4140625, 0.21875, 0.265625, 0.28125, 0.359375, 0.265625, 0.1953125, 0.3515625, 0.296875, 0.171875, 0.265625, 0.3125, 0.234375, 0.2265625, 0.28125]","[82, 88, 105, 110]",0.18302095944900174,0.20826640232268095
921,9725.0,"[0.40625, 0.375, 0.5, 0.3125, 0.4375, 0.4375, 0.3828125, 0.375, 0.46875, 0.4375, 0.296875, 0.4375, 0.390625, 0.3046875, 0.53125, 0.53125, 0.40625, 0.28125, 0.359375, 0.453125, 0.3125]","[0.265625, 0.21875, 0.28125, 0.3125, 0.25, 0.25, 0.4140625, 0.21875, 0.265625, 0.28125, 0.359375, 0.265625, 0.1953125, 0.3359375, 0.296875, 0.296875, 0.265625, 0.3125, 0.2265625, 0.2265625, 0.3125]",[3],0.18017766723306006,0.1821830718655881
922,9665.3125,"[0.40625, 0.375, 0.5, 0.3125, 0.40625, 0.4375, 0.3828125, 0.375, 0.46875, 0.4375, 0.296875, 0.4375, 0.390625, 0.3046875, 0.53125, 0.53125, 0.40625, 0.28125, 0.359375, 0.453125, 0.3125]","[0.265625, 0.21875, 0.28125, 0.3125, 0.234375, 0.25, 0.4140625, 0.21875, 0.265625, 0.28125, 0.359375, 0.265625, 0.1953125, 0.3359375, 0.296875, 0.296875, 0.265625, 0.3125, 0.2265625, 0.2265625, 0.3125]",[27],0.17977446872872194,0.18456426173616158
923,9605.625,"[0.40625, 0.15625, 0.5, 0.3125, 0.40625, 0.4375, 0.3828125, 0.375, 0.46875, 0.4375, 0.296875, 0.4375, 0.390625, 0.3046875, 0.53125, 0.53125, 0.40625, 0.28125, 0.359375, 0.453125, 0.25]","[0.265625, 0.109375, 0.28125, 0.3125, 0.234375, 0.25, 0.4140625, 0.21875, 0.265625, 0.28125, 0.359375, 0.265625, 0.1953125, 0.3359375, 0.296875, 0.296875, 0.265625, 0.3125, 0.2265625, 0.2265625, 0.25]","[66, 80, 88]",0.23848092352969025,0.2264254621127768
924,9387.421875,"[0.28125, 0.15625, 0.5, 0.3125, 0.40625, 0.4375, 0.3828125, 0.375, 0.46875, 0.4375, 0.296875, 0.4375, 0.390625, 0.3046875, 0.53125, 0.53125, 0.40625, 0.28125, 0.359375, 0.453125, 0.2578125]","[0.203125, 0.109375, 0.28125, 0.3125, 0.234375, 0.25, 0.4140625, 0.21875, 0.265625, 0.28125, 0.359375, 0.265625, 0.1953125, 0.3359375, 0.296875, 0.296875, 0.265625, 0.3125, 0.2265625, 0.2265625, 0.2578125]",[16],0.24736277058936465,0.2344388058349192
925,9249.609375,"[0.28125, 0.1875, 0.5, 0.3125, 0.40625, 0.4375, 0.3671875, 0.375, 0.46875, 0.4375, 0.296875, 0.4375, 0.390625, 0.3046875, 0.53125, 0.53125, 0.40625, 0.28125, 0.359375, 0.453125, 0.2578125]","[0.203125, 0.125, 0.28125, 0.3125, 0.234375, 0.25, 0.3828125, 0.21875, 0.265625, 0.28125, 0.359375, 0.265625, 0.1953125, 0.3359375, 0.296875, 0.296875, 0.265625, 0.3125, 0.2265625, 0.2265625, 0.2578125]",[17],0.23820294170078768,0.21588944376050037
926,9249.453125,"[0.28125, 0.1875, 0.5, 0.3125, 0.40625, 0.4375, 0.3671875, 0.375, 0.46875, 0.4375, 0.296875, 0.4375, 0.390625, 0.3046875, 0.53125, 0.53125, 0.40625, 0.3125, 0.359375, 0.453125, 0.2578125]","[0.203125, 0.125, 0.28125, 0.3125, 0.234375, 0.25, 0.3828125, 0.21875, 0.265625, 0.28125, 0.359375, 0.265625, 0.1953125, 0.3359375, 0.296875, 0.296875, 0.265625, 0.34375, 0.2265625, 0.2265625, 0.2578125]",[66],0.23358655602915335,0.22050552189272996
927,9288.828125,"[0.28125, 0.25, 0.5, 0.3125, 0.40625, 0.4375, 0.3671875, 0.375, 0.46875, 0.4375, 0.296875, 0.4375, 0.390625, 0.3046875, 0.53125, 0.53125, 0.40625, 0.3125, 0.359375, 0.453125, 0.2578125]","[0.203125, 0.15625, 0.28125, 0.3125, 0.234375, 0.25, 0.3828125, 0.21875, 0.265625, 0.28125, 0.359375, 0.265625, 0.1953125, 0.3359375, 0.296875, 0.296875, 0.265625, 0.34375, 0.2265625, 0.2265625, 0.2578125]",[80],0.21702654119322878,0.20697042571282026
928,9367.578125,"[0.28125, 0.375, 0.5, 0.3125, 0.375, 0.4375, 0.3671875, 0.375, 0.46875, 0.40625, 0.296875, 0.4375, 0.390625, 0.3046875, 0.53125, 0.53125, 0.40625, 0.3125, 0.359375, 0.453125, 0.2578125]","[0.203125, 0.21875, 0.28125, 0.3125, 0.21875, 0.25, 0.3828125, 0.21875, 0.265625, 0.265625, 0.359375, 0.265625, 0.1953125, 0.3359375, 0.296875, 0.296875, 0.265625, 0.34375, 0.2265625, 0.2265625, 0.2578125]",[10],0.19935501343413511,0.1909982894596191
929,9347.578125,"[0.34375, 0.375, 0.5, 0.3125, 0.375, 0.4375, 0.3671875, 0.375, 0.46875, 0.40625, 0.296875, 0.4375, 0.390625, 0.3046875, 0.53125, 0.5, 0.40625, 0.3125, 0.359375, 0.453125, 0.2578125]","[0.234375, 0.21875, 0.28125, 0.3125, 0.21875, 0.25, 0.3828125, 0.21875, 0.265625, 0.265625, 0.359375, 0.265625, 0.1953125, 0.3359375, 0.296875, 0.28125, 0.265625, 0.34375, 0.2265625, 0.2265625, 0.2578125]","[31, 51, 121]",0.18431616307285817,0.18385786770997609
930,9446.640625,"[0.34375, 0.40625, 0.5, 0.3125, 0.375, 0.4375, 0.3671875, 0.375, 0.46875, 0.40625, 0.234375, 0.4375, 0.390625, 0.3046875, 0.53125, 0.5, 0.40625, 0.3125, 0.359375, 0.453125, 0.2578125]","[0.234375, 0.234375, 0.28125, 0.3125, 0.21875, 0.25, 0.3828125, 0.21875, 0.265625, 0.265625, 0.296875, 0.265625, 0.1953125, 0.3359375, 0.296875, 0.28125, 0.265625, 0.34375, 0.2265625, 0.2265625, 0.2578125]","[31, 51]",0.19781152543373304,0.1695129006454718
931,9327.578125,"[0.34375, 0.40625, 0.5, 0.3125, 0.375, 0.4375, 0.3671875, 0.375, 0.46875, 0.40625, 0.234375, 0.4375, 0.390625, 0.3046875, 0.53125, 0.5, 0.40625, 0.3125, 0.359375, 0.453125, 0.2578125]","[0.234375, 0.234375, 0.28125, 0.3125, 0.21875, 0.25, 0.3828125, 0.21875, 0.265625, 0.265625, 0.296875, 0.265625, 0.1953125, 0.3359375, 0.296875, 0.28125, 0.265625, 0.34375, 0.2265625, 0.2265625, 0.2578125]",[31],0.19781152543373304,0.1695129006454718
932,9307.890625,"[0.34375, 0.40625, 0.5, 0.3125, 0.40625, 0.4375, 0.3671875, 0.375, 0.46875, 0.40625, 0.234375, 0.4375, 0.390625, 0.3046875, 0.53125, 0.5, 0.40625, 0.3125, 0.359375, 0.453125, 0.2578125]","[0.234375, 0.234375, 0.28125, 0.3125, 0.25, 0.25, 0.3828125, 0.21875, 0.265625, 0.265625, 0.296875, 0.265625, 0.1953125, 0.3359375, 0.296875, 0.28125, 0.265625, 0.34375, 0.2265625, 0.2265625, 0.2578125]",[51],0.19707705020105235,0.16422735925636098
933,9347.578125,"[0.34375, 0.40625, 0.5, 0.3125, 0.40625, 0.375, 0.3671875, 0.375, 0.46875, 0.40625, 0.234375, 0.4375, 0.265625, 0.3046875, 0.53125, 0.5, 0.40625, 0.3125, 0.390625, 0.4375, 0.2578125]","[0.234375, 0.234375, 0.28125, 0.3125, 0.25, 0.21875, 0.3828125, 0.21875, 0.265625, 0.265625, 0.296875, 0.265625, 0.1328125, 0.3359375, 0.296875, 0.28125, 0.265625, 0.34375, 0.2578125, 0.21875, 0.2578125]",[53],0.2089791362968796,0.19287828454364078
934,9129.296875,"[0.34375, 0.40625, 0.5, 0.3125, 0.28125, 0.375, 0.3671875, 0.375, 0.46875, 0.40625, 0.234375, 0.4375, 0.296875, 0.3046875, 0.53125, 0.5, 0.40625, 0.3125, 0.390625, 0.4375, 0.2578125]","[0.234375, 0.234375, 0.28125, 0.3125, 0.1875, 0.21875, 0.3828125, 0.21875, 0.265625, 0.265625, 0.296875, 0.265625, 0.1640625, 0.3359375, 0.296875, 0.28125, 0.265625, 0.34375, 0.2578125, 0.21875, 0.2578125]",[54],0.2137913957022409,0.19152159741117414
935,9129.296875,"[0.34375, 0.40625, 0.5, 0.3125, 0.28125, 0.375, 0.3671875, 0.375, 0.46875, 0.40625, 0.234375, 0.421875, 0.421875, 0.3046875, 0.53125, 0.5, 0.40625, 0.3125, 0.390625, 0.4375, 0.2578125]","[0.234375, 0.234375, 0.28125, 0.3125, 0.1875, 0.21875, 0.3828125, 0.21875, 0.265625, 0.265625, 0.296875, 0.2578125, 0.2265625, 0.3359375, 0.296875, 0.28125, 0.265625, 0.34375, 0.2578125, 0.21875, 0.2578125]","[76, 94, 95]",0.20551119559244768,0.17346781484726584
936,9208.671875,"[0.34375, 0.40625, 0.5, 0.3125, 0.28125, 0.25, 0.359375, 0.375, 0.46875, 0.40625, 0.265625, 0.421875, 0.421875, 0.3046875, 0.53125, 0.5, 0.40625, 0.3125, 0.390625, 0.4375, 0.2578125]","[0.234375, 0.234375, 0.28125, 0.3125, 0.1875, 0.15625, 0.375, 0.21875, 0.265625, 0.265625, 0.328125, 0.2578125, 0.2265625, 0.3359375, 0.296875, 0.28125, 0.265625, 0.34375, 0.2578125, 0.21875, 0.2578125]","[67, 76]",0.21538098141894865,0.19475927536637294
937,9030.0,"[0.34375, 0.40625, 0.5, 0.34375, 0.28125, 0.265625, 0.359375, 0.375, 0.46875, 0.40625, 0.265625, 0.421875, 0.421875, 0.3046875, 0.53125, 0.5, 0.40625, 0.3125, 0.390625, 0.4375, 0.2578125]","[0.234375, 0.234375, 0.28125, 0.375, 0.1875, 0.1640625, 0.375, 0.21875, 0.265625, 0.265625, 0.328125, 0.2578125, 0.2265625, 0.3359375, 0.296875, 0.28125, 0.265625, 0.34375, 0.2578125, 0.21875, 0.2578125]","[89, 95, 104]",0.20865098260958492,0.20503530958769056
938,9188.4375,"[0.34375, 0.40625, 0.5, 0.34375, 0.28125, 0.265625, 0.359375, 0.4375, 0.46875, 0.40625, 0.265625, 0.421875, 0.421875, 0.3046875, 0.53125, 0.5, 0.40625, 0.3125, 0.390625, 0.4375, 0.2578125]","[0.234375, 0.234375, 0.28125, 0.375, 0.1875, 0.1640625, 0.375, 0.25, 0.265625, 0.265625, 0.328125, 0.2578125, 0.2265625, 0.3359375, 0.296875, 0.28125, 0.265625, 0.34375, 0.2578125, 0.21875, 0.2578125]","[95, 104]",0.2093426963649864,0.20027191123875904
939,9188.125,"[0.34375, 0.46875, 0.5, 0.34375, 0.28125, 0.265625, 0.359375, 0.4375, 0.34375, 0.40625, 0.265625, 0.421875, 0.421875, 0.3046875, 0.53125, 0.5, 0.40625, 0.3125, 0.390625, 0.4375, 0.2578125]","[0.234375, 0.296875, 0.28125, 0.375, 0.1875, 0.1640625, 0.375, 0.25, 0.203125, 0.265625, 0.328125, 0.2578125, 0.2265625, 0.3359375, 0.296875, 0.28125, 0.265625, 0.34375, 0.2578125, 0.21875, 0.2578125]",[20],0.21170019089550984,0.2064724862933846
940,9069.6875,"[0.34375, 0.46875, 0.5, 0.34375, 0.28125, 0.296875, 0.359375, 0.4375, 0.34375, 0.40625, 0.265625, 0.421875, 0.421875, 0.3046875, 0.53125, 0.5, 0.40625, 0.3125, 0.390625, 0.4375, 0.2578125]","[0.234375, 0.296875, 0.28125, 0.375, 0.1875, 0.1953125, 0.375, 0.25, 0.203125, 0.265625, 0.328125, 0.2578125, 0.2265625, 0.3359375, 0.296875, 0.28125, 0.265625, 0.34375, 0.2578125, 0.21875, 0.2578125]",[104],0.20597315866017468,0.1961379749189964
941,9089.53125,"[0.34375, 0.46875, 0.5, 0.34375, 0.296875, 0.265625, 0.359375, 0.4375, 0.34375, 0.40625, 0.265625, 0.40625, 0.421875, 0.3046875, 0.53125, 0.5, 0.40625, 0.3125, 0.390625, 0.375, 0.2578125]","[0.234375, 0.296875, 0.28125, 0.375, 0.1953125, 0.1796875, 0.375, 0.25, 0.203125, 0.265625, 0.328125, 0.25, 0.2265625, 0.3359375, 0.296875, 0.28125, 0.265625, 0.34375, 0.2578125, 0.1875, 0.2578125]",[7],0.2076235143596395,0.20731294209340914
942,9110.0,"[0.34375, 0.46875, 0.5, 0.34375, 0.296875, 0.265625, 0.359375, 0.4375, 0.34375, 0.40625, 0.265625, 0.40625, 0.421875, 0.3046875, 0.53125, 0.5, 0.40625, 0.3125, 0.390625, 0.375, 0.2578125]","[0.234375, 0.296875, 0.28125, 0.375, 0.1953125, 0.1796875, 0.375, 0.25, 0.203125, 0.265625, 0.328125, 0.25, 0.2265625, 0.3359375, 0.296875, 0.28125, 0.265625, 0.34375, 0.2578125, 0.1875, 0.2578125]","[7, 30, 115]",0.2076235143596395,0.20731294209340914
943,9050.0,"[0.34375, 0.46875, 0.5, 0.34375, 0.296875, 0.296875, 0.359375, 0.4375, 0.34375, 0.40625, 0.265625, 0.40625, 0.421875, 0.3046875, 0.53125, 0.5, 0.40625, 0.3125, 0.328125, 0.375, 0.2578125]","[0.234375, 0.296875, 0.28125, 0.375, 0.1953125, 0.1953125, 0.375, 0.25, 0.203125, 0.265625, 0.328125, 0.25, 0.2265625, 0.3359375, 0.296875, 0.28125, 0.265625, 0.34375, 0.2265625, 0.1875, 0.2578125]","[7, 115]",0.20538627283085378,0.2065840202017753
944,8970.3125,"[0.375, 0.46875, 0.5, 0.34375, 0.328125, 0.296875, 0.359375, 0.4375, 0.34375, 0.40625, 0.265625, 0.40625, 0.421875, 0.3046875, 0.53125, 0.5, 0.40625, 0.3125, 0.328125, 0.375, 0.2578125]","[0.25, 0.296875, 0.28125, 0.375, 0.2109375, 0.1953125, 0.375, 0.25, 0.203125, 0.265625, 0.328125, 0.25, 0.2265625, 0.3359375, 0.296875, 0.28125, 0.265625, 0.34375, 0.2265625, 0.1875, 0.2578125]",[122],0.1994658380038175,0.20066506049642654
945,9129.0625,"[0.375, 0.46875, 0.5, 0.34375, 0.328125, 0.296875, 0.359375, 0.4375, 0.34375, 0.40625, 0.265625, 0.40625, 0.421875, 0.3046875, 0.53125, 0.5, 0.40625, 0.3125, 0.328125, 0.375, 0.2578125]","[0.25, 0.296875, 0.28125, 0.375, 0.2109375, 0.1953125, 0.375, 0.25, 0.203125, 0.265625, 0.328125, 0.25, 0.2265625, 0.3359375, 0.296875, 0.28125, 0.265625, 0.34375, 0.2265625, 0.1875, 0.2578125]",[122],0.1994658380038175,0.20066506049642654
946,9010.0,"[0.375, 0.46875, 0.5, 0.34375, 0.328125, 0.296875, 0.359375, 0.4375, 0.34375, 0.40625, 0.265625, 0.40625, 0.421875, 0.2890625, 0.46875, 0.5, 0.40625, 0.3125, 0.328125, 0.375, 0.2578125]","[0.25, 0.296875, 0.28125, 0.375, 0.2109375, 0.1953125, 0.375, 0.25, 0.203125, 0.265625, 0.328125, 0.25, 0.2265625, 0.3046875, 0.234375, 0.28125, 0.265625, 0.34375, 0.2265625, 0.1875, 0.2578125]","[113, 122]",0.19044419979604854,0.19951952279128113
947,9069.53125,"[0.375, 0.34375, 0.5, 0.34375, 0.328125, 0.296875, 0.359375, 0.4375, 0.375, 0.40625, 0.265625, 0.40625, 0.421875, 0.2890625, 0.46875, 0.5, 0.40625, 0.3125, 0.328125, 0.5, 0.2578125]","[0.25, 0.234375, 0.28125, 0.375, 0.2109375, 0.1953125, 0.375, 0.25, 0.21875, 0.265625, 0.328125, 0.25, 0.2265625, 0.3046875, 0.234375, 0.28125, 0.265625, 0.34375, 0.2265625, 0.25, 0.2578125]",[80],0.19554997023010806,0.18581028755955087
948,9030.46875,"[0.375, 0.34375, 0.5, 0.34375, 0.328125, 0.328125, 0.359375, 0.4375, 0.375, 0.40625, 0.265625, 0.40625, 0.421875, 0.2890625, 0.46875, 0.5, 0.40625, 0.3125, 0.328125, 0.5, 0.2578125]","[0.25, 0.234375, 0.28125, 0.375, 0.2109375, 0.2265625, 0.375, 0.25, 0.21875, 0.265625, 0.328125, 0.25, 0.2265625, 0.3046875, 0.234375, 0.28125, 0.265625, 0.34375, 0.2265625, 0.25, 0.2578125]","[123, 124]",0.1912621855798043,0.17826778267018964
949,9109.84375,"[0.375, 0.34375, 0.5, 0.34375, 0.359375, 0.359375, 0.359375, 0.4375, 0.375, 0.40625, 0.265625, 0.40625, 0.421875, 0.2890625, 0.46875, 0.4375, 0.40625, 0.3125, 0.328125, 0.5, 0.2578125]","[0.25, 0.234375, 0.28125, 0.375, 0.2265625, 0.2421875, 0.375, 0.25, 0.21875, 0.265625, 0.328125, 0.25, 0.2265625, 0.3046875, 0.234375, 0.25, 0.265625, 0.34375, 0.2265625, 0.25, 0.2578125]",[58],0.17718255221672471,0.17371495949516502
950,9149.84375,"[0.375, 0.34375, 0.5, 0.34375, 0.359375, 0.359375, 0.359375, 0.4375, 0.375, 0.40625, 0.265625, 0.40625, 0.421875, 0.2890625, 0.46875, 0.4375, 0.40625, 0.3125, 0.328125, 0.5, 0.2578125]","[0.25, 0.234375, 0.28125, 0.375, 0.2265625, 0.2421875, 0.375, 0.25, 0.21875, 0.265625, 0.328125, 0.25, 0.2265625, 0.3046875, 0.234375, 0.25, 0.265625, 0.34375, 0.2265625, 0.25, 0.2578125]",[58],0.17718255221672471,0.17371495949516502
951,9149.21875,"[0.375, 0.34375, 0.5, 0.34375, 0.359375, 0.359375, 0.359375, 0.4375, 0.5, 0.40625, 0.265625, 0.40625, 0.421875, 0.2890625, 0.46875, 0.4375, 0.40625, 0.3125, 0.328125, 0.5, 0.2578125]","[0.25, 0.234375, 0.28125, 0.375, 0.2265625, 0.2421875, 0.375, 0.25, 0.28125, 0.265625, 0.328125, 0.25, 0.2265625, 0.3046875, 0.234375, 0.25, 0.265625, 0.34375, 0.2265625, 0.25, 0.2578125]","[126, 127]",0.18686661680082783,0.1668792874713306
952,9267.96875,"[0.375, 0.34375, 0.5, 0.34375, 0.359375, 0.359375, 0.359375, 0.4375, 0.5, 0.40625, 0.328125, 0.40625, 0.421875, 0.2890625, 0.46875, 0.4375, 0.40625, 0.3125, 0.328125, 0.5, 0.2578125]","[0.25, 0.234375, 0.28125, 0.375, 0.2265625, 0.2421875, 0.375, 0.25, 0.28125, 0.265625, 0.390625, 0.25, 0.2265625, 0.3046875, 0.234375, 0.25, 0.265625, 0.34375, 0.2265625, 0.25, 0.2578125]",[127],0.17563691045327265,0.18430966098447818
953,9268.28125,"[0.375, 0.34375, 0.5, 0.34375, 0.359375, 0.359375, 0.359375, 0.4375, 0.5, 0.40625, 0.328125, 0.40625, 0.421875, 0.2890625, 0.46875, 0.4375, 0.40625, 0.3125, 0.328125, 0.5, 0.2578125]","[0.25, 0.234375, 0.28125, 0.375, 0.2265625, 0.2421875, 0.375, 0.25, 0.28125, 0.265625, 0.390625, 0.25, 0.2265625, 0.3046875, 0.234375, 0.25, 0.265625, 0.34375, 0.2265625, 0.25, 0.2578125]",[127],0.17563691045327265,0.18430966098447818
954,9308.28125,"[0.375, 0.34375, 0.5, 0.34375, 0.359375, 0.359375, 0.359375, 0.4375, 0.5, 0.40625, 0.328125, 0.40625, 0.421875, 0.2890625, 0.46875, 0.4375, 0.40625, 0.3125, 0.328125, 0.5, 0.2890625]","[0.25, 0.234375, 0.28125, 0.375, 0.2265625, 0.2421875, 0.375, 0.25, 0.28125, 0.265625, 0.390625, 0.25, 0.2265625, 0.3046875, 0.234375, 0.25, 0.265625, 0.34375, 0.2265625, 0.25, 0.2890625]","[140, 142]",0.16838492670924693,0.18304260680792672
955,9367.5,"[0.375, 0.40625, 0.5, 0.34375, 0.375, 0.359375, 0.359375, 0.4375, 0.5, 0.40625, 0.328125, 0.40625, 0.421875, 0.2890625, 0.46875, 0.4375, 0.34375, 0.3125, 0.328125, 0.5, 0.2890625]","[0.25, 0.265625, 0.28125, 0.375, 0.234375, 0.2421875, 0.375, 0.25, 0.28125, 0.265625, 0.390625, 0.25, 0.2265625, 0.3046875, 0.234375, 0.25, 0.234375, 0.34375, 0.2265625, 0.25, 0.2890625]","[78, 143]",0.16741221182605678,0.1815606810084394
956,9486.25,"[0.375, 0.40625, 0.5, 0.1875, 0.375, 0.359375, 0.359375, 0.4375, 0.5, 0.40625, 0.328125, 0.40625, 0.421875, 0.2890625, 0.46875, 0.4375, 0.46875, 0.28125, 0.390625, 0.5, 0.2890625]","[0.25, 0.265625, 0.28125, 0.21875, 0.234375, 0.2421875, 0.375, 0.25, 0.28125, 0.265625, 0.390625, 0.25, 0.2265625, 0.3046875, 0.234375, 0.25, 0.296875, 0.3125, 0.2578125, 0.25, 0.2890625]",[32],0.2051815175885872,0.15961217792316146
957,9406.875,"[0.375, 0.40625, 0.5, 0.1875, 0.34375, 0.359375, 0.359375, 0.4375, 0.5, 0.40625, 0.328125, 0.40625, 0.421875, 0.2890625, 0.46875, 0.4375, 0.46875, 0.28125, 0.390625, 0.5, 0.2890625]","[0.25, 0.265625, 0.28125, 0.21875, 0.21875, 0.2421875, 0.375, 0.25, 0.28125, 0.265625, 0.390625, 0.25, 0.2265625, 0.3046875, 0.234375, 0.25, 0.296875, 0.3125, 0.2578125, 0.25, 0.2890625]",[32],0.20738819831273203,0.16289987027747407
958,9248.125,"[0.375, 0.40625, 0.5, 0.1875, 0.34375, 0.359375, 0.359375, 0.4375, 0.5, 0.40625, 0.328125, 0.40625, 0.296875, 0.2890625, 0.46875, 0.4375, 0.46875, 0.28125, 0.390625, 0.5, 0.2890625]","[0.25, 0.265625, 0.28125, 0.21875, 0.21875, 0.2421875, 0.375, 0.25, 0.28125, 0.265625, 0.390625, 0.25, 0.1640625, 0.3046875, 0.234375, 0.25, 0.296875, 0.3125, 0.2578125, 0.25, 0.2890625]","[32, 46]",0.21558931008873408,0.18250973392206568
959,9288.125,"[0.375, 0.375, 0.5, 0.1875, 0.34375, 0.359375, 0.359375, 0.4375, 0.5, 0.40625, 0.328125, 0.40625, 0.296875, 0.3203125, 0.46875, 0.4375, 0.40625, 0.28125, 0.390625, 0.5, 0.2890625]","[0.25, 0.25, 0.28125, 0.21875, 0.21875, 0.2421875, 0.375, 0.25, 0.28125, 0.265625, 0.390625, 0.25, 0.1640625, 0.3359375, 0.234375, 0.25, 0.234375, 0.3125, 0.2578125, 0.25, 0.2890625]","[0, 54]",0.20759789452966226,0.19094662304183913
960,9110.0,"[0.375, 0.375, 0.5, 0.1875, 0.1875, 0.359375, 0.359375, 0.4375, 0.5, 0.40625, 0.328125, 0.40625, 0.3125, 0.3203125, 0.46875, 0.4375, 0.40625, 0.28125, 0.390625, 0.5, 0.2890625]","[0.25, 0.25, 0.28125, 0.21875, 0.140625, 0.2421875, 0.375, 0.25, 0.28125, 0.265625, 0.390625, 0.25, 0.171875, 0.3359375, 0.234375, 0.25, 0.234375, 0.3125, 0.2578125, 0.25, 0.2890625]","[54, 69, 79]",0.2360653926649675,0.21332827605802995
961,9149.6875,"[0.375, 0.375, 0.5, 0.1875, 0.1875, 0.359375, 0.359375, 0.40625, 0.5, 0.40625, 0.328125, 0.375, 0.3125, 0.3203125, 0.46875, 0.4375, 0.40625, 0.28125, 0.390625, 0.5, 0.2890625]","[0.25, 0.25, 0.28125, 0.21875, 0.140625, 0.2421875, 0.375, 0.234375, 0.28125, 0.265625, 0.390625, 0.234375, 0.171875, 0.3359375, 0.234375, 0.25, 0.234375, 0.3125, 0.2578125, 0.25, 0.2890625]",[54],0.23474513746766348,0.2165995240583738
962,8872.03125,"[0.375, 0.375, 0.5, 0.21875, 0.1875, 0.359375, 0.359375, 0.40625, 0.5, 0.40625, 0.328125, 0.375, 0.3125, 0.3203125, 0.46875, 0.4375, 0.375, 0.28125, 0.390625, 0.5, 0.2890625]","[0.25, 0.25, 0.28125, 0.28125, 0.140625, 0.2421875, 0.375, 0.234375, 0.28125, 0.265625, 0.390625, 0.234375, 0.171875, 0.3359375, 0.234375, 0.25, 0.21875, 0.3125, 0.2578125, 0.25, 0.2890625]",[64],0.22588593714250432,0.2139918257499572
963,8892.03125,"[0.375, 0.375, 0.5, 0.21875, 0.21875, 0.359375, 0.359375, 0.40625, 0.5, 0.40625, 0.328125, 0.375, 0.3125, 0.3203125, 0.46875, 0.4375, 0.375, 0.28125, 0.390625, 0.5, 0.2890625]","[0.25, 0.25, 0.28125, 0.28125, 0.15625, 0.2421875, 0.375, 0.234375, 0.28125, 0.265625, 0.390625, 0.234375, 0.171875, 0.3359375, 0.234375, 0.25, 0.21875, 0.3125, 0.2578125, 0.25, 0.2890625]",[69],0.21679902967910658,0.2075422636187177
964,8931.71875,"[0.375, 0.375, 0.5, 0.25, 0.21875, 0.359375, 0.359375, 0.40625, 0.5, 0.40625, 0.328125, 0.375, 0.3125, 0.3046875, 0.46875, 0.4375, 0.375, 0.28125, 0.390625, 0.5, 0.2890625]","[0.25, 0.25, 0.28125, 0.3125, 0.15625, 0.2421875, 0.375, 0.234375, 0.28125, 0.265625, 0.390625, 0.234375, 0.171875, 0.3046875, 0.234375, 0.25, 0.21875, 0.3125, 0.2578125, 0.25, 0.2890625]",[6],0.2109454905893937,0.20513312393550298
965,9050.625,"[0.375, 0.375, 0.5, 0.25, 0.21875, 0.359375, 0.359375, 0.40625, 0.5, 0.40625, 0.328125, 0.375, 0.3125, 0.3046875, 0.46875, 0.4375, 0.375, 0.28125, 0.390625, 0.5, 0.2890625]","[0.25, 0.25, 0.28125, 0.3125, 0.15625, 0.2421875, 0.375, 0.234375, 0.28125, 0.265625, 0.390625, 0.234375, 0.171875, 0.3046875, 0.234375, 0.25, 0.21875, 0.3125, 0.2578125, 0.25, 0.2890625]",[6],0.2109454905893937,0.20513312393550298
966,8971.25,"[0.375, 0.375, 0.5, 0.25, 0.21875, 0.359375, 0.359375, 0.375, 0.46875, 0.40625, 0.328125, 0.375, 0.375, 0.3046875, 0.46875, 0.4375, 0.375, 0.28125, 0.390625, 0.5, 0.2890625]","[0.25, 0.25, 0.28125, 0.3125, 0.15625, 0.2421875, 0.375, 0.21875, 0.265625, 0.265625, 0.390625, 0.234375, 0.203125, 0.3046875, 0.234375, 0.25, 0.21875, 0.3125, 0.2578125, 0.25, 0.2890625]",[14],0.20116162655934156,0.19856590374236988
967,8951.71875,"[0.375, 0.375, 0.5, 0.25, 0.21875, 0.359375, 0.328125, 0.375, 0.46875, 0.40625, 0.328125, 0.375, 0.375, 0.3046875, 0.46875, 0.4375, 0.375, 0.28125, 0.390625, 0.5, 0.2890625]","[0.25, 0.25, 0.28125, 0.3125, 0.15625, 0.2421875, 0.34375, 0.21875, 0.265625, 0.265625, 0.390625, 0.234375, 0.203125, 0.3046875, 0.234375, 0.25, 0.21875, 0.3125, 0.2578125, 0.25, 0.2890625]",[14],0.2034415035032323,0.18918119378817197
968,9010.9375,"[0.375, 0.3125, 0.5, 0.25, 0.21875, 0.359375, 0.328125, 0.375, 0.46875, 0.40625, 0.328125, 0.375, 0.375, 0.3046875, 0.46875, 0.4375, 0.375, 0.28125, 0.390625, 0.5, 0.2890625]","[0.25, 0.21875, 0.28125, 0.3125, 0.15625, 0.2421875, 0.34375, 0.21875, 0.265625, 0.265625, 0.390625, 0.234375, 0.203125, 0.3046875, 0.234375, 0.25, 0.21875, 0.3125, 0.2578125, 0.25, 0.2890625]",[14],0.20778837026808333,0.19345318507083203
969,8832.65625,"[0.375, 0.3125, 0.5, 0.25, 0.21875, 0.359375, 0.328125, 0.375, 0.46875, 0.40625, 0.328125, 0.375, 0.375, 0.3046875, 0.46875, 0.4375, 0.375, 0.28125, 0.359375, 0.5, 0.2890625]","[0.25, 0.21875, 0.28125, 0.3125, 0.15625, 0.2421875, 0.34375, 0.21875, 0.265625, 0.265625, 0.390625, 0.234375, 0.203125, 0.3046875, 0.234375, 0.25, 0.21875, 0.3125, 0.2265625, 0.25, 0.2890625]",[14],0.20819696111682987,0.1966868431942368
970,8812.8125,"[0.375, 0.3125, 0.5, 0.25, 0.21875, 0.359375, 0.328125, 0.375, 0.46875, 0.40625, 0.328125, 0.375, 0.375, 0.3046875, 0.46875, 0.4375, 0.375, 0.28125, 0.359375, 0.5, 0.2890625]","[0.25, 0.21875, 0.28125, 0.3125, 0.15625, 0.2421875, 0.34375, 0.21875, 0.265625, 0.265625, 0.390625, 0.234375, 0.203125, 0.3046875, 0.234375, 0.25, 0.21875, 0.3125, 0.2265625, 0.25, 0.2890625]",[14],0.20819696111682987,0.1966868431942368
971,8792.8125,"[0.375, 0.34375, 0.5, 0.25, 0.21875, 0.359375, 0.328125, 0.375, 0.46875, 0.40625, 0.328125, 0.375, 0.375, 0.3046875, 0.46875, 0.4375, 0.375, 0.21875, 0.359375, 0.5, 0.2890625]","[0.25, 0.234375, 0.28125, 0.3125, 0.15625, 0.2421875, 0.34375, 0.21875, 0.265625, 0.265625, 0.390625, 0.234375, 0.203125, 0.3046875, 0.234375, 0.25, 0.21875, 0.25, 0.2265625, 0.25, 0.2890625]",[25],0.2191622001414603,0.1914854938372359
972,8792.8125,"[0.375, 0.34375, 0.5, 0.25, 0.28125, 0.359375, 0.328125, 0.375, 0.46875, 0.40625, 0.328125, 0.375, 0.375, 0.3046875, 0.46875, 0.4375, 0.375, 0.21875, 0.359375, 0.5, 0.2890625]","[0.25, 0.234375, 0.28125, 0.3125, 0.1875, 0.2421875, 0.34375, 0.21875, 0.265625, 0.265625, 0.390625, 0.234375, 0.203125, 0.3046875, 0.234375, 0.25, 0.21875, 0.25, 0.2265625, 0.25, 0.2890625]","[57, 71]",0.20528850988142117,0.18001476847558817
973,8971.40625,"[0.375, 0.34375, 0.5, 0.25, 0.28125, 0.359375, 0.328125, 0.375, 0.46875, 0.40625, 0.328125, 0.375, 0.5, 0.3046875, 0.46875, 0.3125, 0.375, 0.21875, 0.359375, 0.5, 0.2734375]","[0.25, 0.234375, 0.28125, 0.3125, 0.1875, 0.2421875, 0.34375, 0.21875, 0.265625, 0.265625, 0.390625, 0.234375, 0.265625, 0.3046875, 0.234375, 0.1875, 0.21875, 0.25, 0.2265625, 0.25, 0.2734375]","[43, 57]",0.22089519571733512,0.18300785434586966
974,8912.34375,"[0.375, 0.34375, 0.5, 0.25, 0.3125, 0.359375, 0.328125, 0.375, 0.46875, 0.40625, 0.328125, 0.375, 0.5, 0.3046875, 0.46875, 0.3125, 0.375, 0.21875, 0.359375, 0.5, 0.2734375]","[0.25, 0.234375, 0.28125, 0.3125, 0.203125, 0.2421875, 0.34375, 0.21875, 0.265625, 0.265625, 0.390625, 0.234375, 0.265625, 0.3046875, 0.234375, 0.1875, 0.21875, 0.25, 0.2265625, 0.25, 0.2734375]",[57],0.21644935064761903,0.1785723375459356
975,8912.34375,"[0.375, 0.34375, 0.5, 0.21875, 0.28125, 0.359375, 0.328125, 0.375, 0.46875, 0.40625, 0.328125, 0.359375, 0.5, 0.3046875, 0.46875, 0.3125, 0.375, 0.25, 0.359375, 0.5, 0.2734375]","[0.25, 0.234375, 0.28125, 0.25, 0.1875, 0.2421875, 0.34375, 0.21875, 0.265625, 0.265625, 0.390625, 0.2265625, 0.265625, 0.3046875, 0.234375, 0.1875, 0.21875, 0.28125, 0.2265625, 0.25, 0.2734375]",[67],0.2213255050351407,0.18038131925768894
976,8852.5,"[0.375, 0.34375, 0.5, 0.21875, 0.28125, 0.359375, 0.328125, 0.375, 0.46875, 0.40625, 0.328125, 0.359375, 0.5, 0.3046875, 0.46875, 0.3125, 0.375, 0.25, 0.359375, 0.46875, 0.2734375]","[0.25, 0.234375, 0.28125, 0.25, 0.1875, 0.2421875, 0.34375, 0.21875, 0.265625, 0.265625, 0.390625, 0.2265625, 0.265625, 0.3046875, 0.234375, 0.1875, 0.21875, 0.28125, 0.2265625, 0.234375, 0.2734375]",[67],0.21614836714182184,0.18181090467099678
977,8852.8125,"[0.375, 0.34375, 0.5, 0.21875, 0.28125, 0.359375, 0.328125, 0.375, 0.46875, 0.40625, 0.328125, 0.359375, 0.5, 0.3046875, 0.46875, 0.3125, 0.375, 0.25, 0.359375, 0.46875, 0.2734375]","[0.25, 0.234375, 0.28125, 0.25, 0.1875, 0.2421875, 0.34375, 0.21875, 0.265625, 0.265625, 0.390625, 0.2265625, 0.265625, 0.3046875, 0.234375, 0.1875, 0.21875, 0.28125, 0.2265625, 0.234375, 0.2734375]","[67, 74]",0.21614836714182184,0.18181090467099678
978,8832.65625,"[0.375, 0.34375, 0.5, 0.21875, 0.296875, 0.359375, 0.328125, 0.375, 0.46875, 0.40625, 0.328125, 0.359375, 0.5, 0.3046875, 0.46875, 0.375, 0.375, 0.25, 0.359375, 0.46875, 0.2734375]","[0.25, 0.234375, 0.28125, 0.25, 0.1953125, 0.2421875, 0.34375, 0.21875, 0.265625, 0.265625, 0.390625, 0.2265625, 0.265625, 0.3046875, 0.234375, 0.25, 0.21875, 0.28125, 0.2265625, 0.234375, 0.2734375]","[79, 108, 109]",0.20960995450417452,0.16735830197922394
979,8951.71875,"[0.375, 0.34375, 0.4375, 0.21875, 0.359375, 0.359375, 0.328125, 0.375, 0.46875, 0.40625, 0.328125, 0.359375, 0.5, 0.3046875, 0.46875, 0.375, 0.375, 0.25, 0.359375, 0.46875, 0.2734375]","[0.25, 0.234375, 0.21875, 0.25, 0.2265625, 0.2421875, 0.34375, 0.21875, 0.265625, 0.265625, 0.390625, 0.2265625, 0.265625, 0.3046875, 0.234375, 0.25, 0.21875, 0.28125, 0.2265625, 0.234375, 0.2734375]",[21],0.1943335640829203,0.16427776886507892
980,8952.03125,"[0.3125, 0.34375, 0.4375, 0.21875, 0.359375, 0.359375, 0.328125, 0.375, 0.46875, 0.40625, 0.328125, 0.359375, 0.5, 0.3046875, 0.46875, 0.375, 0.375, 0.25, 0.359375, 0.46875, 0.2734375]","[0.1875, 0.234375, 0.21875, 0.25, 0.2265625, 0.2421875, 0.34375, 0.21875, 0.265625, 0.265625, 0.390625, 0.2265625, 0.265625, 0.3046875, 0.234375, 0.25, 0.21875, 0.28125, 0.2265625, 0.234375, 0.2734375]","[21, 79]",0.19852472094095863,0.17631856692954598
981,8872.65625,"[0.3125, 0.375, 0.4375, 0.21875, 0.359375, 0.359375, 0.328125, 0.375, 0.46875, 0.40625, 0.328125, 0.359375, 0.5, 0.3046875, 0.46875, 0.375, 0.375, 0.25, 0.359375, 0.46875, 0.2734375]","[0.1875, 0.25, 0.21875, 0.25, 0.2265625, 0.2421875, 0.34375, 0.21875, 0.265625, 0.265625, 0.390625, 0.2265625, 0.265625, 0.3046875, 0.234375, 0.25, 0.21875, 0.28125, 0.2265625, 0.234375, 0.2734375]",[21],0.1973444243601819,0.17493866266486163
982,8892.34375,"[0.375, 0.375, 0.4375, 0.21875, 0.359375, 0.359375, 0.328125, 0.3125, 0.46875, 0.40625, 0.328125, 0.359375, 0.5, 0.3046875, 0.46875, 0.375, 0.375, 0.25, 0.359375, 0.46875, 0.2734375]","[0.25, 0.25, 0.21875, 0.25, 0.2265625, 0.2421875, 0.34375, 0.15625, 0.265625, 0.265625, 0.390625, 0.2265625, 0.265625, 0.3046875, 0.234375, 0.25, 0.21875, 0.28125, 0.2265625, 0.234375, 0.2734375]",[93],0.1973444243601819,0.18287402311106515
983,9010.46875,"[0.375, 0.375, 0.4375, 0.21875, 0.359375, 0.359375, 0.328125, 0.5625, 0.46875, 0.40625, 0.328125, 0.359375, 0.5, 0.3046875, 0.46875, 0.375, 0.375, 0.25, 0.359375, 0.46875, 0.2734375]","[0.25, 0.25, 0.21875, 0.25, 0.2265625, 0.2421875, 0.34375, 0.28125, 0.265625, 0.265625, 0.390625, 0.2265625, 0.265625, 0.3046875, 0.234375, 0.25, 0.21875, 0.28125, 0.2265625, 0.234375, 0.2734375]","[100, 108]",0.21744098096873646,0.15800920816744346
984,9247.96875,"[0.375, 0.375, 0.4375, 0.21875, 0.359375, 0.359375, 0.328125, 0.5625, 0.46875, 0.40625, 0.328125, 0.359375, 0.375, 0.3046875, 0.46875, 0.375, 0.5, 0.25, 0.359375, 0.46875, 0.2734375]","[0.25, 0.25, 0.21875, 0.25, 0.2265625, 0.2421875, 0.34375, 0.28125, 0.265625, 0.265625, 0.390625, 0.2265625, 0.203125, 0.3046875, 0.234375, 0.25, 0.28125, 0.28125, 0.2265625, 0.234375, 0.2734375]","[71, 100, 118]",0.21744098096873646,0.16224302233210072
985,9009.6875,"[0.375, 0.375, 0.4375, 0.234375, 0.359375, 0.359375, 0.328125, 0.5625, 0.46875, 0.40625, 0.328125, 0.359375, 0.375, 0.3046875, 0.46875, 0.375, 0.5, 0.25, 0.359375, 0.46875, 0.2734375]","[0.25, 0.25, 0.21875, 0.265625, 0.2265625, 0.2421875, 0.34375, 0.28125, 0.265625, 0.265625, 0.390625, 0.2265625, 0.203125, 0.3046875, 0.234375, 0.25, 0.28125, 0.28125, 0.2265625, 0.234375, 0.2734375]",[100],0.21335189509790747,0.16148551217048834
986,9109.0625,"[0.375, 0.375, 0.4375, 0.234375, 0.359375, 0.359375, 0.265625, 0.5625, 0.46875, 0.40625, 0.328125, 0.359375, 0.375, 0.2421875, 0.46875, 0.375, 0.5, 0.25, 0.359375, 0.46875, 0.2734375]","[0.25, 0.25, 0.21875, 0.265625, 0.2265625, 0.2421875, 0.28125, 0.28125, 0.265625, 0.265625, 0.390625, 0.2265625, 0.203125, 0.2421875, 0.234375, 0.25, 0.28125, 0.28125, 0.2265625, 0.234375, 0.2734375]","[28, 55, 100]",0.2340404328477288,0.14589531943967407
987,8849.84375,"[0.375, 0.375, 0.4375, 0.234375, 0.359375, 0.359375, 0.265625, 0.5625, 0.46875, 0.40625, 0.328125, 0.484375, 0.375, 0.2421875, 0.4375, 0.375, 0.5, 0.25, 0.328125, 0.484375, 0.2734375]","[0.25, 0.25, 0.21875, 0.265625, 0.2265625, 0.2421875, 0.28125, 0.28125, 0.265625, 0.265625, 0.390625, 0.2890625, 0.203125, 0.2421875, 0.21875, 0.25, 0.28125, 0.28125, 0.1953125, 0.2421875, 0.2734375]","[35, 55]",0.24017400878819414,0.15394871067465077
988,8949.21875,"[0.375, 0.375, 0.4375, 0.234375, 0.359375, 0.390625, 0.203125, 0.5625, 0.46875, 0.40625, 0.328125, 0.484375, 0.375, 0.2421875, 0.4375, 0.375, 0.5, 0.25, 0.453125, 0.484375, 0.2734375]","[0.25, 0.25, 0.21875, 0.265625, 0.2265625, 0.2578125, 0.21875, 0.28125, 0.265625, 0.265625, 0.390625, 0.2890625, 0.203125, 0.2421875, 0.21875, 0.25, 0.28125, 0.28125, 0.2578125, 0.2421875, 0.2734375]","[34, 60]",0.25117849743776705,0.1459279412202371
989,9107.96875,"[0.375, 0.375, 0.4375, 0.234375, 0.484375, 0.390625, 0.203125, 0.5625, 0.4375, 0.40625, 0.328125, 0.484375, 0.375, 0.2421875, 0.4375, 0.375, 0.5, 0.25, 0.453125, 0.484375, 0.2734375]","[0.25, 0.25, 0.21875, 0.265625, 0.2890625, 0.2578125, 0.21875, 0.28125, 0.25, 0.265625, 0.390625, 0.2890625, 0.203125, 0.2421875, 0.21875, 0.25, 0.28125, 0.28125, 0.2578125, 0.2421875, 0.2734375]","[60, 113, 118]",0.25157239927996267,0.1442563290180554
990,9167.34375,"[0.375, 0.375, 0.4375, 0.234375, 0.484375, 0.390625, 0.203125, 0.5625, 0.375, 0.40625, 0.328125, 0.484375, 0.375, 0.2421875, 0.5, 0.375, 0.5, 0.25, 0.453125, 0.484375, 0.2734375]","[0.25, 0.25, 0.21875, 0.265625, 0.2890625, 0.2578125, 0.21875, 0.28125, 0.1875, 0.265625, 0.390625, 0.2890625, 0.203125, 0.2421875, 0.25, 0.25, 0.28125, 0.28125, 0.2578125, 0.2421875, 0.2734375]",[2],0.2564828752808856,0.15352176871615997
991,9088.28125,"[0.375, 0.375, 0.4375, 0.234375, 0.484375, 0.390625, 0.203125, 0.5625, 0.375, 0.40625, 0.328125, 0.484375, 0.375, 0.2421875, 0.5, 0.375, 0.5, 0.25, 0.453125, 0.484375, 0.2734375]","[0.25, 0.25, 0.21875, 0.265625, 0.2890625, 0.2578125, 0.21875, 0.28125, 0.1875, 0.265625, 0.390625, 0.2890625, 0.203125, 0.2421875, 0.25, 0.25, 0.28125, 0.28125, 0.2578125, 0.2421875, 0.2734375]",[2],0.2564828752808856,0.15352176871615997
992,8968.75,"[0.375, 0.375, 0.4375, 0.234375, 0.484375, 0.390625, 0.203125, 0.5625, 0.375, 0.40625, 0.328125, 0.484375, 0.375, 0.2421875, 0.5, 0.375, 0.5, 0.25, 0.453125, 0.484375, 0.2734375]","[0.25, 0.25, 0.21875, 0.265625, 0.2890625, 0.2578125, 0.21875, 0.28125, 0.1875, 0.265625, 0.390625, 0.2890625, 0.203125, 0.2421875, 0.25, 0.25, 0.28125, 0.28125, 0.2578125, 0.2421875, 0.2734375]",[2],0.2564828752808856,0.15352176871615997
993,8948.828125,"[0.375, 0.375, 0.4375, 0.234375, 0.484375, 0.390625, 0.203125, 0.5625, 0.375, 0.40625, 0.328125, 0.484375, 0.375, 0.2421875, 0.5, 0.3125, 0.5, 0.25, 0.453125, 0.484375, 0.2734375]","[0.25, 0.25, 0.21875, 0.265625, 0.2890625, 0.2578125, 0.21875, 0.28125, 0.1875, 0.265625, 0.390625, 0.2890625, 0.203125, 0.2421875, 0.25, 0.1875, 0.28125, 0.28125, 0.2578125, 0.2421875, 0.2734375]","[2, 60, 63]",0.2616644447525449,0.1663080001234394
994,9148.203125,"[0.375, 0.375, 0.4375, 0.296875, 0.484375, 0.390625, 0.2109375, 0.5625, 0.375, 0.40625, 0.328125, 0.484375, 0.375, 0.2421875, 0.5, 0.3125, 0.5, 0.25, 0.453125, 0.484375, 0.2734375]","[0.25, 0.25, 0.21875, 0.328125, 0.2890625, 0.2578125, 0.2265625, 0.28125, 0.1875, 0.265625, 0.390625, 0.2890625, 0.203125, 0.2421875, 0.25, 0.1875, 0.28125, 0.28125, 0.2578125, 0.2421875, 0.2734375]",[63],0.24829703505978729,0.17318066746431604
995,9068.203125,"[0.375, 0.375, 0.4375, 0.296875, 0.484375, 0.390625, 0.2109375, 0.5625, 0.375, 0.40625, 0.328125, 0.484375, 0.375, 0.2421875, 0.5, 0.3125, 0.5, 0.25, 0.453125, 0.484375, 0.2734375]","[0.25, 0.25, 0.21875, 0.328125, 0.2890625, 0.2578125, 0.2265625, 0.28125, 0.1875, 0.265625, 0.390625, 0.2890625, 0.203125, 0.2421875, 0.25, 0.1875, 0.28125, 0.28125, 0.2578125, 0.2421875, 0.2734375]",[63],0.24829703505978729,0.17318066746431604
996,9008.671875,"[0.375, 0.375, 0.4375, 0.296875, 0.484375, 0.390625, 0.2109375, 0.5625, 0.375, 0.40625, 0.328125, 0.484375, 0.375, 0.2421875, 0.5, 0.3125, 0.5, 0.25, 0.453125, 0.484375, 0.2734375]","[0.25, 0.25, 0.21875, 0.328125, 0.2890625, 0.2578125, 0.2265625, 0.28125, 0.1875, 0.265625, 0.390625, 0.2890625, 0.203125, 0.2421875, 0.25, 0.1875, 0.28125, 0.28125, 0.2578125, 0.2421875, 0.2734375]",[63],0.24829703505978729,0.17318066746431604
997,9008.671875,"[0.375, 0.375, 0.4375, 0.296875, 0.484375, 0.390625, 0.2109375, 0.5625, 0.375, 0.40625, 0.328125, 0.484375, 0.375, 0.2421875, 0.5, 0.0625, 0.5, 0.25, 0.453125, 0.484375, 0.2734375]","[0.25, 0.25, 0.21875, 0.328125, 0.2890625, 0.2578125, 0.2265625, 0.28125, 0.1875, 0.265625, 0.390625, 0.2890625, 0.203125, 0.2421875, 0.25, 0.0625, 0.28125, 0.28125, 0.2578125, 0.2421875, 0.2734375]",[63],0.3136682172189579,0.23615688475411428
998,8910.078125,"[0.34375, 0.3125, 0.1875, 0.296875, 0.484375, 0.390625, 0.2109375, 0.5625, 0.375, 0.40625, 0.328125, 0.484375, 0.375, 0.2421875, 0.5, 0.1875, 0.5, 0.25, 0.453125, 0.484375, 0.2734375]","[0.234375, 0.1875, 0.09375, 0.328125, 0.2890625, 0.2578125, 0.2265625, 0.28125, 0.1875, 0.265625, 0.390625, 0.2890625, 0.203125, 0.2421875, 0.25, 0.125, 0.28125, 0.28125, 0.2578125, 0.2421875, 0.2734375]","[44, 84]",0.30619329919077076,0.2553499274055927
999,8752.578125,"[0.34375, 0.34375, 0.1875, 0.296875, 0.484375, 0.390625, 0.2109375, 0.5625, 0.375, 0.40625, 0.328125, 0.484375, 0.375, 0.2421875, 0.5, 0.1875, 0.5, 0.25, 0.453125, 0.484375, 0.2734375]","[0.234375, 0.203125, 0.09375, 0.328125, 0.2890625, 0.2578125, 0.2265625, 0.28125, 0.1875, 0.265625, 0.390625, 0.2890625, 0.203125, 0.2421875, 0.25, 0.125, 0.28125, 0.28125, 0.2578125, 0.2421875, 0.2734375]",[44],0.30360048174459764,0.25209132575915716
1000,8870.703125,"[0.34375, 0.34375, 0.1875, 0.296875, 0.484375, 0.390625, 0.2109375, 0.5625, 0.375, 0.34375, 0.328125, 0.484375, 0.375, 0.2421875, 0.5, 0.4375, 0.5, 0.25, 0.453125, 0.484375, 0.2734375]","[0.234375, 0.203125, 0.09375, 0.328125, 0.2890625, 0.2578125, 0.2265625, 0.28125, 0.1875, 0.203125, 0.390625, 0.2890625, 0.203125, 0.2421875, 0.25, 0.25, 0.28125, 0.28125, 0.2578125, 0.2421875, 0.2734375]","[95, 110]",0.2790060295456335,0.22752117883332434
