Interval,Power_Consumption,CPU_Utilization,Ram_Utilization,Inactivevmids,CPU_Imbalance,Ram_Imbalance
1,229.6875,"[0.0, 0.0, 0.0, 0.0, 0.0, 0.0, 0.0, 0.0, 0.0, 0.0, 0.0, 0.0, 0.0, 0.0, 0.0, 0.0, 0.0, 0.0, 0.0, 0.0, 0.0]","[0.0, 0.0, 0.0, 0.0, 0.0, 0.0, 0.0, 0.0, 0.0, 0.0, 0.0, 0.0, 0.0, 0.0, 0.0, 0.0, 0.0, 0.0, 0.0, 0.0, 0.0]","[0, 1]",0.0,0.0
2,408.4375,"[0.0, 0.0, 0.0, 0.0, 0.0, 0.0, 0.0, 0.0, 0.0, 0.0, 0.0, 0.0, 0.0, 0.0, 0.0, 0.0, 0.0, 0.0, 0.0, 0.0, 0.0]","[0.0, 0.0, 0.0, 0.0, 0.0, 0.0, 0.0, 0.0, 0.0, 0.0, 0.0, 0.0, 0.0, 0.0, 0.0, 0.0, 0.0, 0.0, 0.0, 0.0, 0.0]",[0],0.0,0.0
3,249.6875,"[0.0, 0.0, 0.0, 0.0, 0.0, 0.0, 0.0, 0.0, 0.0, 0.0, 0.0, 0.0, 0.0, 0.0, 0.0, 0.0, 0.0, 0.0, 0.0, 0.03125, 0.0]","[0.0, 0.0, 0.0, 0.0, 0.0, 0.0, 0.0, 0.0, 0.0, 0.0, 0.0, 0.0, 0.0, 0.0, 0.0, 0.0, 0.0, 0.0, 0.0, 0.015625, 0.0]",[1],4.47213595499958,4.47213595499958
4,269.375,"[0.0, 0.0, 0.0, 0.0, 0.0, 0.0, 0.0, 0.0, 0.0, 0.0, 0.0, 0.0, 0.0, 0.0, 0.0, 0.03125, 0.0, 0.0, 0.0, 0.03125, 0.0]","[0.0, 0.0, 0.0, 0.0, 0.0, 0.0, 0.0, 0.0, 0.0, 0.0, 0.0, 0.0, 0.0, 0.0, 0.0, 0.015625, 0.0, 0.0, 0.0, 0.015625, 0.0]","[2, 3, 4]",3.082207001484488,3.082207001484488
5,388.28125,"[0.0, 0.0, 0.0, 0.0, 0.0, 0.0, 0.0, 0.0, 0.0, 0.0, 0.0, 0.0, 0.0, 0.0, 0.0, 0.03125, 0.0, 0.0, 0.0, 0.03125, 0.0]","[0.0, 0.0, 0.0, 0.0, 0.0, 0.0, 0.0, 0.0, 0.0, 0.0, 0.0, 0.0, 0.0, 0.0, 0.0, 0.015625, 0.0, 0.0, 0.0, 0.015625, 0.0]","[2, 3]",3.082207001484488,3.082207001484488
6,466.5625,"[0.0, 0.0, 0.0, 0.0, 0.0, 0.0, 0.0, 0.0, 0.0, 0.25, 0.0, 0.0, 0.0, 0.0, 0.0, 0.03125, 0.0, 0.0, 0.0, 0.0625, 0.0]","[0.0, 0.0, 0.0, 0.0, 0.0, 0.0, 0.0, 0.0, 0.0, 0.125, 0.0, 0.0, 0.0, 0.0, 0.0, 0.015625, 0.0, 0.0, 0.0, 0.03125, 0.0]","[4, 5]",3.312884937870654,3.312884937870654
7,545.625,"[0.0, 0.0, 0.0, 0.0, 0.0, 0.0, 0.0, 0.0, 0.0, 0.25, 0.0, 0.0, 0.0, 0.0, 0.0, 0.09375, 0.0, 0.0, 0.0, 0.0625, 0.0]","[0.0, 0.0, 0.0, 0.0, 0.0, 0.0, 0.0, 0.0, 0.0, 0.125, 0.0, 0.0, 0.0, 0.0, 0.0, 0.078125, 0.0, 0.0, 0.0, 0.03125, 0.0]","[4, 6]",2.927122706221607,2.7712812921102037
8,585.0,"[0.0, 0.0, 0.0, 0.0, 0.0, 0.03125, 0.0, 0.0, 0.0, 0.25, 0.0, 0.0, 0.0, 0.0, 0.0, 0.09375, 0.0, 0.0, 0.0, 0.0625, 0.0]","[0.0, 0.0, 0.0, 0.0, 0.0, 0.015625, 0.0, 0.0, 0.0, 0.125, 0.0, 0.0, 0.0, 0.0, 0.0, 0.078125, 0.0, 0.0, 0.0, 0.03125, 0.0]","[6, 7]",2.712405363721075,2.5905477220078383
9,704.375,"[0.0, 0.0, 0.0, 0.0, 0.0, 0.09375, 0.0, 0.0, 0.0, 0.25, 0.0, 0.0, 0.0, 0.0, 0.0, 0.09375, 0.0, 0.0, 0.0, 0.0625, 0.0]","[0.0, 0.0, 0.0, 0.0, 0.0, 0.046875, 0.0, 0.0, 0.0, 0.125, 0.0, 0.0, 0.0, 0.0, 0.0, 0.078125, 0.0, 0.0, 0.0, 0.03125, 0.0]",[6],2.460627460628691,2.3687784005919825
10,664.375,"[0.0, 0.0, 0.0, 0.0, 0.0, 0.09375, 0.0, 0.0, 0.0625, 0.25, 0.0, 0.0, 0.0, 0.0, 0.0, 0.09375, 0.0, 0.0, 0.0, 0.0625, 0.0]","[0.0, 0.0, 0.0, 0.0, 0.0, 0.046875, 0.0, 0.0, 0.03125, 0.125, 0.0, 0.0, 0.0, 0.0, 0.0, 0.078125, 0.0, 0.0, 0.0, 0.03125, 0.0]","[8, 9, 10]",2.1984843263788196,2.1365860619221495
11,821.875,"[0.0, 0.0, 0.0, 0.0, 0.0, 0.09375, 0.0, 0.0, 0.0625, 0.25, 0.0, 0.0, 0.0, 0.0, 0.0, 0.09375, 0.0, 0.0, 0.0, 0.0625, 0.0]","[0.0, 0.0, 0.0, 0.0, 0.0, 0.046875, 0.0, 0.0, 0.03125, 0.125, 0.0, 0.0, 0.0, 0.0, 0.0, 0.078125, 0.0, 0.0, 0.0, 0.03125, 0.0]","[8, 9]",2.1984843263788196,2.1365860619221495
12,861.5625,"[0.0, 0.0, 0.0, 0.0, 0.0, 0.09375, 0.0, 0.0, 0.0625, 0.25, 0.0, 0.0, 0.0, 0.0, 0.0, 0.09375, 0.0, 0.0, 0.0, 0.0625, 0.0]","[0.0, 0.0, 0.0, 0.0, 0.0, 0.046875, 0.0, 0.0, 0.03125, 0.125, 0.0, 0.0, 0.0, 0.0, 0.0, 0.078125, 0.0, 0.0, 0.0, 0.03125, 0.0]","[8, 9]",2.1984843263788196,2.1365860619221495
13,743.125,"[0.0, 0.0, 0.0, 0.0, 0.0, 0.09375, 0.0, 0.0, 0.0625, 0.25, 0.0, 0.0, 0.0, 0.0, 0.0, 0.21875, 0.0, 0.0, 0.0, 0.0625, 0.0]","[0.0, 0.0, 0.0, 0.0, 0.0, 0.046875, 0.0, 0.0, 0.03125, 0.125, 0.0, 0.0, 0.0, 0.0, 0.0, 0.171875, 0.0, 0.0, 0.0, 0.03125, 0.0]",[10],2.1541810201950518,2.296769019512864
14,822.5,"[0.0, 0.0, 0.0, 0.0, 0.0, 0.09375, 0.0, 0.0, 0.0625, 0.25, 0.0, 0.0, 0.0, 0.0, 0.0, 0.21875, 0.0, 0.0, 0.0, 0.0625, 0.0]","[0.0, 0.0, 0.0, 0.0, 0.0, 0.046875, 0.0, 0.0, 0.03125, 0.125, 0.0, 0.0, 0.0, 0.0, 0.0, 0.171875, 0.0, 0.0, 0.0, 0.03125, 0.0]","[10, 11]",2.1541810201950518,2.296769019512864
15,921.5625,"[0.0, 0.0, 0.0, 0.0, 0.125, 0.09375, 0.0, 0.0, 0.0625, 0.25, 0.0, 0.0, 0.0, 0.0, 0.0, 0.1875, 0.0, 0.0, 0.0, 0.0625, 0.0]","[0.0, 0.0, 0.0, 0.0, 0.0625, 0.046875, 0.0, 0.0, 0.03125, 0.125, 0.0, 0.0, 0.0, 0.0, 0.0, 0.15625, 0.0, 0.0, 0.0, 0.03125, 0.0]",[1],1.8624714762916503,1.9796827716423895
16,921.875,"[0.0, 0.0, 0.0, 0.0, 0.125, 0.09375, 0.0, 0.0, 0.0625, 0.25, 0.0, 0.0, 0.0, 0.0, 0.0, 0.1875, 0.0, 0.0, 0.0, 0.0625, 0.0]","[0.0, 0.0, 0.0, 0.0, 0.0625, 0.046875, 0.0, 0.0, 0.03125, 0.125, 0.0, 0.0, 0.0, 0.0, 0.0, 0.15625, 0.0, 0.0, 0.0, 0.03125, 0.0]",[1],1.8624714762916503,1.9796827716423895
17,921.5625,"[0.0, 0.0, 0.0, 0.0, 0.125, 0.09375, 0.0, 0.0, 0.125, 0.25, 0.0, 0.0, 0.0, 0.0, 0.0, 0.1875, 0.0, 0.0, 0.0, 0.0625, 0.0]","[0.0, 0.0, 0.0, 0.0, 0.0625, 0.046875, 0.0, 0.0, 0.09375, 0.125, 0.0, 0.0, 0.0, 0.0, 0.0, 0.15625, 0.0, 0.0, 0.0, 0.03125, 0.0]","[11, 12]",1.7824013948912538,1.8482364463002312
18,1040.625,"[0.0, 0.0, 0.0, 0.03125, 0.125, 0.09375, 0.0, 0.0, 0.125, 0.25, 0.0, 0.0, 0.0, 0.0, 0.0, 0.1875, 0.0, 0.0, 0.0, 0.125, 0.0]","[0.0, 0.0, 0.0, 0.0625, 0.0625, 0.046875, 0.0, 0.0, 0.09375, 0.125, 0.0, 0.0, 0.0, 0.0, 0.0, 0.15625, 0.0, 0.0, 0.0, 0.0625, 0.0]",[13],1.6391054470858994,1.5963469144895774
19,1080.0,"[0.0, 0.0, 0.0, 0.03125, 0.125, 0.09375, 0.0, 0.0, 0.125, 0.25, 0.0, 0.0, 0.0, 0.0, 0.0, 0.1875, 0.0, 0.0, 0.0, 0.125, 0.0]","[0.0, 0.0, 0.0, 0.0625, 0.0625, 0.046875, 0.0, 0.0, 0.09375, 0.125, 0.0, 0.0, 0.0, 0.0, 0.0, 0.15625, 0.0, 0.0, 0.0, 0.0625, 0.0]","[13, 14]",1.6391054470858994,1.5963469144895774
20,1158.75,"[0.0, 0.0, 0.125, 0.03125, 0.125, 0.09375, 0.0, 0.0, 0.125, 0.25, 0.0, 0.0, 0.0, 0.0, 0.0, 0.1875, 0.0, 0.0, 0.0, 0.125, 0.0]","[0.0, 0.0, 0.0625, 0.0625, 0.0625, 0.046875, 0.0, 0.0, 0.09375, 0.125, 0.0, 0.0, 0.0, 0.0, 0.0, 0.15625, 0.0, 0.0, 0.0, 0.0625, 0.0]",[14],1.4699998823058589,1.4493429256635242
21,1158.75,"[0.0, 0.0, 0.125, 0.03125, 0.125, 0.09375, 0.0, 0.0, 0.125, 0.25, 0.0, 0.0, 0.0, 0.0, 0.0, 0.1875, 0.0, 0.0, 0.0, 0.125, 0.0]","[0.0, 0.0, 0.0625, 0.0625, 0.0625, 0.046875, 0.0, 0.0, 0.09375, 0.125, 0.0, 0.0, 0.0, 0.0, 0.0, 0.15625, 0.0, 0.0, 0.0, 0.0625, 0.0]","[14, 15]",1.4699998823058589,1.4493429256635242
22,1217.8125,"[0.0, 0.0, 0.125, 0.03125, 0.125, 0.09375, 0.0, 0.03125, 0.125, 0.25, 0.0, 0.0, 0.0, 0.0, 0.0, 0.1875, 0.0, 0.0, 0.0, 0.125, 0.0]","[0.0, 0.0, 0.0625, 0.0625, 0.0625, 0.046875, 0.0, 0.015625, 0.09375, 0.125, 0.0, 0.0, 0.0, 0.0, 0.0, 0.15625, 0.0, 0.0, 0.0, 0.0625, 0.0]","[14, 16]",1.4142135623730951,1.4043174277977641
23,1316.40625,"[0.0, 0.0, 0.125, 0.03125, 0.125, 0.09375, 0.0, 0.03125, 0.125, 0.25, 0.0, 0.0, 0.0, 0.0, 0.0, 0.1875, 0.0, 0.0, 0.0, 0.125, 0.0]","[0.0, 0.0, 0.0625, 0.0625, 0.0625, 0.046875, 0.0, 0.015625, 0.09375, 0.125, 0.0, 0.0, 0.0, 0.0, 0.0, 0.15625, 0.0, 0.0, 0.0, 0.0625, 0.0]","[14, 16]",1.4142135623730951,1.4043174277977641
24,1198.4375,"[0.0, 0.0, 0.15625, 0.03125, 0.15625, 0.09375, 0.0, 0.03125, 0.125, 0.25, 0.0, 0.0, 0.0, 0.0, 0.0, 0.1875, 0.0, 0.0, 0.0, 0.125, 0.0]","[0.0, 0.0, 0.078125, 0.0625, 0.09375, 0.046875, 0.0, 0.015625, 0.09375, 0.125, 0.0, 0.0, 0.0, 0.0, 0.0, 0.15625, 0.0, 0.0, 0.0, 0.0625, 0.0]","[17, 18]",1.4001982537284994,1.3713091952614482
25,1317.8125,"[0.0, 0.0, 0.15625, 0.03125, 0.15625, 0.09375, 0.0, 0.03125, 0.125, 0.25, 0.0, 0.0, 0.0, 0.0, 0.0, 0.1875, 0.0, 0.0, 0.0, 0.125, 0.03125]","[0.0, 0.0, 0.078125, 0.0625, 0.09375, 0.046875, 0.0, 0.015625, 0.09375, 0.125, 0.0, 0.0, 0.0, 0.0, 0.0, 0.15625, 0.0, 0.0, 0.0, 0.0625, 0.03125]",[18],1.3495664636797984,1.2981260321460613
26,1357.8125,"[0.0, 0.0, 0.15625, 0.03125, 0.15625, 0.09375, 0.0, 0.03125, 0.125, 0.25, 0.0, 0.0, 0.0, 0.0, 0.0, 0.1875, 0.0, 0.0, 0.0, 0.125, 0.03125]","[0.0, 0.0, 0.078125, 0.0625, 0.09375, 0.046875, 0.0, 0.015625, 0.09375, 0.125, 0.0, 0.0, 0.0, 0.0, 0.0, 0.15625, 0.0, 0.0, 0.0, 0.0625, 0.03125]",[18],1.3495664636797984,1.2981260321460613
27,1317.96875,"[0.0, 0.0, 0.03125, 0.03125, 0.15625, 0.09375, 0.0, 0.03125, 0.125, 0.25, 0.0, 0.0, 0.0, 0.0, 0.0, 0.1875, 0.0, 0.0, 0.0, 0.125, 0.03125]","[0.0, 0.0, 0.015625, 0.0625, 0.09375, 0.046875, 0.0, 0.015625, 0.09375, 0.125, 0.0, 0.0, 0.0, 0.0, 0.0, 0.15625, 0.0, 0.0, 0.0, 0.0625, 0.03125]","[13, 18]",1.4450727642986174,1.3909762092914513
28,1396.5625,"[0.0, 0.0, 0.03125, 0.03125, 0.15625, 0.09375, 0.0, 0.03125, 0.125, 0.25, 0.0, 0.03125, 0.0, 0.0, 0.0, 0.4375, 0.0, 0.0, 0.0, 0.125, 0.03125]","[0.0, 0.0, 0.015625, 0.0625, 0.09375, 0.046875, 0.0, 0.015625, 0.09375, 0.125, 0.0, 0.03125, 0.0, 0.0, 0.0, 0.28125, 0.0, 0.0, 0.0, 0.0625, 0.03125]",[19],1.6611229235747509,1.5960695525348907
29,1416.25,"[0.0, 0.0, 0.0625, 0.03125, 0.15625, 0.09375, 0.0, 0.03125, 0.125, 0.25, 0.0, 0.03125, 0.0, 0.0, 0.0, 0.4375, 0.0, 0.0, 0.0, 0.125, 0.03125]","[0.0, 0.0, 0.03125, 0.0625, 0.09375, 0.046875, 0.0, 0.015625, 0.09375, 0.125, 0.0, 0.03125, 0.0, 0.0, 0.0, 0.28125, 0.0, 0.0, 0.0, 0.0625, 0.03125]","[20, 21]",1.6195474319381697,1.5626785612256557
30,1495.46875,"[0.0, 0.0, 0.0625, 0.03125, 0.15625, 0.09375, 0.0, 0.03125, 0.125, 0.25, 0.0, 0.03125, 0.0, 0.0, 0.0, 0.5, 0.0, 0.0, 0.0, 0.125, 0.03125]","[0.0, 0.0, 0.03125, 0.0625, 0.09375, 0.046875, 0.0, 0.015625, 0.09375, 0.125, 0.0, 0.03125, 0.0, 0.0, 0.0, 0.34375, 0.0, 0.0, 0.0, 0.0625, 0.03125]",[20],1.7059331579837782,1.7122110461817102
31,1535.3125,"[0.0, 0.0, 0.0625, 0.03125, 0.15625, 0.09375, 0.0, 0.03125, 0.125, 0.25, 0.0, 0.03125, 0.0, 0.03125, 0.0, 0.5, 0.0, 0.0, 0.0, 0.125, 0.03125]","[0.0, 0.0, 0.03125, 0.0625, 0.09375, 0.046875, 0.0, 0.015625, 0.09375, 0.125, 0.0, 0.03125, 0.0, 0.03125, 0.0, 0.34375, 0.0, 0.0, 0.0, 0.0625, 0.03125]",[22],1.6598472225397518,1.6443704614107009
32,1574.6875,"[0.0, 0.0, 0.0625, 0.03125, 0.15625, 0.09375, 0.0, 0.09375, 0.125, 0.25, 0.0, 0.03125, 0.0, 0.03125, 0.0, 0.5, 0.0, 0.0, 0.0, 0.125, 0.03125]","[0.0, 0.0, 0.03125, 0.0625, 0.09375, 0.046875, 0.0, 0.046875, 0.09375, 0.125, 0.0, 0.03125, 0.0, 0.03125, 0.0, 0.34375, 0.0, 0.0, 0.0, 0.0625, 0.03125]",[23],1.588956053862998,1.5865339087930015
33,1614.375,"[0.0, 0.0, 0.0625, 0.03125, 0.15625, 0.09375, 0.0, 0.09375, 0.125, 0.25, 0.0, 0.03125, 0.0, 0.03125, 0.0, 0.5, 0.0, 0.0, 0.0, 0.125, 0.03125]","[0.0, 0.0, 0.03125, 0.0625, 0.09375, 0.046875, 0.0, 0.046875, 0.09375, 0.125, 0.0, 0.03125, 0.0, 0.03125, 0.0, 0.34375, 0.0, 0.0, 0.0, 0.0625, 0.03125]","[23, 24]",1.588956053862998,1.5865339087930015
34,1653.90625,"[0.0, 0.0, 0.0625, 0.03125, 0.15625, 0.09375, 0.0, 0.09375, 0.125, 0.25, 0.0, 0.03125, 0.0, 0.03125, 0.0, 0.5, 0.0, 0.0, 0.0, 0.125, 0.03125]","[0.0, 0.0, 0.03125, 0.0625, 0.09375, 0.046875, 0.0, 0.046875, 0.09375, 0.125, 0.0, 0.03125, 0.0, 0.03125, 0.0, 0.34375, 0.0, 0.0, 0.0, 0.0625, 0.03125]","[23, 24, 25]",1.588956053862998,1.5865339087930015
35,1693.90625,"[0.0, 0.0, 0.0625, 0.03125, 0.15625, 0.09375, 0.0, 0.09375, 0.125, 0.25, 0.0, 0.03125, 0.0, 0.046875, 0.0, 0.5, 0.0, 0.0, 0.0, 0.125, 0.03125]","[0.0, 0.0, 0.03125, 0.0625, 0.09375, 0.046875, 0.0, 0.046875, 0.09375, 0.125, 0.0, 0.03125, 0.0, 0.0625, 0.0, 0.34375, 0.0, 0.0, 0.0, 0.0625, 0.03125]",[24],1.5699192541804385,1.537860128264168
36,1654.21875,"[0.0, 0.0, 0.0625, 0.03125, 0.15625, 0.09375, 0.0, 0.09375, 0.125, 0.25, 0.0, 0.03125, 0.0, 0.046875, 0.0, 0.5, 0.0, 0.0, 0.0, 0.125, 0.03125]","[0.0, 0.0, 0.03125, 0.0625, 0.09375, 0.046875, 0.0, 0.046875, 0.09375, 0.125, 0.0, 0.03125, 0.0, 0.0625, 0.0, 0.34375, 0.0, 0.0, 0.0, 0.0625, 0.03125]",[24],1.5699192541804385,1.537860128264168
37,1654.21875,"[0.0, 0.0, 0.0625, 0.03125, 0.15625, 0.09375, 0.0, 0.09375, 0.125, 0.25, 0.0, 0.03125, 0.0, 0.046875, 0.0, 0.5, 0.0, 0.0, 0.0, 0.125, 0.03125]","[0.0, 0.0, 0.03125, 0.0625, 0.09375, 0.046875, 0.0, 0.046875, 0.09375, 0.125, 0.0, 0.03125, 0.0, 0.0625, 0.0, 0.34375, 0.0, 0.0, 0.0, 0.0625, 0.03125]",[24],1.5699192541804385,1.537860128264168
38,1773.28125,"[0.0, 0.0, 0.0625, 0.03125, 0.15625, 0.09375, 0.0, 0.09375, 0.125, 0.25, 0.0, 0.03125, 0.0, 0.046875, 0.0, 0.5, 0.0, 0.0, 0.0, 0.125, 0.03125]","[0.0, 0.0, 0.03125, 0.0625, 0.09375, 0.046875, 0.0, 0.046875, 0.09375, 0.125, 0.0, 0.03125, 0.0, 0.0625, 0.0, 0.34375, 0.0, 0.0, 0.0, 0.0625, 0.03125]","[24, 25]",1.5699192541804385,1.537860128264168
39,1693.59375,"[0.0, 0.0, 0.0625, 0.0625, 0.15625, 0.09375, 0.0, 0.09375, 0.125, 0.25, 0.0, 0.03125, 0.0, 0.046875, 0.0625, 0.5, 0.0, 0.0, 0.0, 0.125, 0.03125]","[0.0, 0.0, 0.03125, 0.125, 0.09375, 0.046875, 0.0, 0.046875, 0.09375, 0.125, 0.0, 0.03125, 0.0, 0.0625, 0.03125, 0.34375, 0.0, 0.0, 0.0, 0.0625, 0.03125]",[26],1.460593486680443,1.4276534749176515
40,1852.34375,"[0.0, 0.0, 0.0625, 0.0625, 0.15625, 0.09375, 0.0, 0.09375, 0.125, 0.25, 0.0, 0.03125, 0.0, 0.046875, 0.0625, 0.5, 0.0, 0.0, 0.0, 0.25, 0.03125]","[0.0, 0.0, 0.03125, 0.125, 0.09375, 0.046875, 0.0, 0.046875, 0.09375, 0.125, 0.0, 0.03125, 0.0, 0.0625, 0.03125, 0.34375, 0.0, 0.0, 0.0, 0.125, 0.03125]",[27],1.421669778975094,1.3788820796114816
41,1931.71875,"[0.0, 0.0, 0.0625, 0.0625, 0.15625, 0.09375, 0.0, 0.09375, 0.125, 0.25, 0.0, 0.03125, 0.0, 0.046875, 0.0625, 0.5, 0.0, 0.0, 0.0, 0.25, 0.03125]","[0.0, 0.0, 0.03125, 0.125, 0.09375, 0.046875, 0.0, 0.046875, 0.09375, 0.125, 0.0, 0.03125, 0.0, 0.0625, 0.03125, 0.34375, 0.0, 0.0, 0.0, 0.125, 0.03125]",[27],1.421669778975094,1.3788820796114816
42,1892.03125,"[0.0, 0.0, 0.0625, 0.0625, 0.15625, 0.09375, 0.0, 0.09375, 0.125, 0.25, 0.0, 0.03125, 0.0, 0.046875, 0.0625, 0.5, 0.0, 0.0, 0.0, 0.25, 0.03125]","[0.0, 0.0, 0.03125, 0.125, 0.09375, 0.046875, 0.0, 0.046875, 0.09375, 0.125, 0.0, 0.03125, 0.0, 0.0625, 0.03125, 0.34375, 0.0, 0.0, 0.0, 0.125, 0.03125]","[27, 28, 29]",1.421669778975094,1.3788820796114816
43,1951.09375,"[0.0, 0.0, 0.0625, 0.0625, 0.15625, 0.09375, 0.0, 0.09375, 0.125, 0.25, 0.0, 0.03125, 0.0, 0.046875, 0.125, 0.5, 0.0, 0.0, 0.03125, 0.25, 0.03125]","[0.0, 0.0, 0.03125, 0.125, 0.09375, 0.046875, 0.0, 0.046875, 0.09375, 0.125, 0.0, 0.03125, 0.0, 0.0625, 0.09375, 0.34375, 0.0, 0.0, 0.03125, 0.125, 0.03125]","[28, 30, 31]",1.3421196742356252,1.266767375480282
44,2189.375,"[0.0, 0.0, 0.0625, 0.0625, 0.15625, 0.09375, 0.0, 0.09375, 0.125, 0.25, 0.0, 0.03125, 0.078125, 0.046875, 0.125, 0.5, 0.0, 0.0, 0.03125, 0.25, 0.03125]","[0.0, 0.0, 0.03125, 0.125, 0.09375, 0.046875, 0.0, 0.046875, 0.09375, 0.125, 0.0, 0.03125, 0.0390625, 0.0625, 0.09375, 0.34375, 0.0, 0.0, 0.03125, 0.125, 0.03125]","[28, 32]",1.2704620739611117,1.212945588847888
45,2227.96875,"[0.0, 0.0, 0.0625, 0.0625, 0.15625, 0.09375, 0.0, 0.09375, 0.125, 0.25, 0.0, 0.03125, 0.078125, 0.046875, 0.125, 0.5, 0.0, 0.0, 0.03125, 0.25, 0.03125]","[0.0, 0.0, 0.03125, 0.125, 0.09375, 0.046875, 0.0, 0.046875, 0.09375, 0.125, 0.0, 0.03125, 0.0390625, 0.0625, 0.09375, 0.34375, 0.0, 0.0, 0.03125, 0.125, 0.03125]",[28],1.2704620739611117,1.212945588847888
46,2070.3125,"[0.0, 0.0, 0.0625, 0.0625, 0.15625, 0.09375, 0.0, 0.09375, 0.125, 0.25, 0.0, 0.03125, 0.078125, 0.046875, 0.125, 0.5, 0.0, 0.0, 0.03125, 0.25, 0.03125]","[0.0, 0.0, 0.03125, 0.125, 0.09375, 0.046875, 0.0, 0.046875, 0.09375, 0.125, 0.0, 0.03125, 0.0390625, 0.0625, 0.09375, 0.34375, 0.0, 0.0, 0.03125, 0.125, 0.03125]","[28, 32]",1.2704620739611117,1.212945588847888
47,2207.8125,"[0.0, 0.0, 0.0625, 0.0625, 0.15625, 0.09375, 0.0, 0.09375, 0.15625, 0.25, 0.0, 0.03125, 0.078125, 0.046875, 0.125, 0.5, 0.0, 0.0, 0.03125, 0.25, 0.03125]","[0.0, 0.0, 0.03125, 0.125, 0.09375, 0.046875, 0.0, 0.046875, 0.109375, 0.125, 0.0, 0.03125, 0.0390625, 0.0625, 0.09375, 0.34375, 0.0, 0.0, 0.03125, 0.125, 0.03125]","[32, 33, 34]",1.2567279257520616,1.2046215849902908
48,2129.21875,"[0.0, 0.0, 0.0625, 0.078125, 0.15625, 0.09375, 0.0, 0.125, 0.15625, 0.25, 0.0, 0.03125, 0.078125, 0.046875, 0.125, 0.5, 0.0, 0.0, 0.03125, 0.25, 0.03125]","[0.0, 0.0, 0.03125, 0.140625, 0.09375, 0.046875, 0.0, 0.0625, 0.109375, 0.125, 0.0, 0.03125, 0.0390625, 0.0625, 0.09375, 0.34375, 0.0, 0.0, 0.03125, 0.125, 0.03125]",[34],1.227795390748465,1.1858209934772734
49,2168.59375,"[0.0, 0.0, 0.0625, 0.078125, 0.15625, 0.09375, 0.0, 0.125, 0.15625, 0.25, 0.0, 0.03125, 0.078125, 0.046875, 0.125, 0.5, 0.0, 0.0, 0.03125, 0.25, 0.03125]","[0.0, 0.0, 0.03125, 0.140625, 0.09375, 0.046875, 0.0, 0.0625, 0.109375, 0.125, 0.0, 0.03125, 0.0390625, 0.0625, 0.09375, 0.34375, 0.0, 0.0, 0.03125, 0.125, 0.03125]",[34],1.227795390748465,1.1858209934772734
50,2248.59375,"[0.0, 0.0, 0.0625, 0.078125, 0.15625, 0.09375, 0.0, 0.125, 0.15625, 0.25, 0.0, 0.03125, 0.078125, 0.046875, 0.125, 0.5, 0.0, 0.0, 0.03125, 0.25, 0.03125]","[0.0, 0.0, 0.03125, 0.140625, 0.09375, 0.046875, 0.0, 0.0625, 0.109375, 0.125, 0.0, 0.03125, 0.0390625, 0.0625, 0.09375, 0.34375, 0.0, 0.0, 0.03125, 0.125, 0.03125]","[34, 35]",1.227795390748465,1.1858209934772734
51,2208.59375,"[0.0, 0.0, 0.0625, 0.078125, 0.15625, 0.09375, 0.0, 0.125, 0.15625, 0.25, 0.0, 0.03125, 0.078125, 0.046875, 0.125, 0.5, 0.0625, 0.0625, 0.03125, 0.25, 0.03125]","[0.0, 0.0, 0.03125, 0.140625, 0.09375, 0.046875, 0.0, 0.0625, 0.109375, 0.125, 0.0, 0.03125, 0.0390625, 0.0625, 0.09375, 0.34375, 0.03125, 0.0625, 0.03125, 0.125, 0.03125]","[36, 37]",1.1220476323366335,1.0748530076065121
52,2287.8125,"[0.0, 0.0, 0.0625, 0.078125, 0.15625, 0.09375, 0.015625, 0.125, 0.15625, 0.25, 0.0, 0.03125, 0.078125, 0.046875, 0.125, 0.5, 0.0625, 0.0625, 0.03125, 0.25, 0.03125]","[0.0, 0.0, 0.03125, 0.140625, 0.09375, 0.046875, 0.015625, 0.0625, 0.109375, 0.125, 0.0, 0.03125, 0.0390625, 0.0625, 0.09375, 0.34375, 0.03125, 0.0625, 0.03125, 0.125, 0.03125]","[36, 38, 39]",1.107913904557472,1.0546501268499748
53,2386.875,"[0.0, 0.0, 0.0625, 0.078125, 0.03125, 0.109375, 0.015625, 0.125, 0.15625, 0.25, 0.0, 0.03125, 0.078125, 0.046875, 0.125, 0.5, 0.1875, 0.0625, 0.03125, 0.25, 0.03125]","[0.0, 0.0, 0.03125, 0.140625, 0.03125, 0.0546875, 0.015625, 0.0625, 0.109375, 0.125, 0.0, 0.03125, 0.0390625, 0.0625, 0.09375, 0.34375, 0.09375, 0.0625, 0.03125, 0.125, 0.03125]","[10, 36, 40]",1.1155487640979584,1.0476989692625958
54,2327.1875,"[0.0, 0.0, 0.0625, 0.078125, 0.03125, 0.109375, 0.015625, 0.125, 0.15625, 0.25, 0.0, 0.03125, 0.109375, 0.046875, 0.125, 0.5, 0.1875, 0.0625, 0.09375, 0.25, 0.03125]","[0.0, 0.0, 0.03125, 0.140625, 0.03125, 0.0546875, 0.015625, 0.0625, 0.109375, 0.125, 0.0, 0.03125, 0.0703125, 0.0625, 0.09375, 0.34375, 0.09375, 0.0625, 0.0625, 0.125, 0.03125]","[10, 41]",1.0575812036804177,0.9936283080558553
55,2386.40625,"[0.0, 0.0, 0.0625, 0.078125, 0.03125, 0.109375, 0.015625, 0.125, 0.15625, 0.25, 0.0, 0.0625, 0.109375, 0.046875, 0.125, 0.5, 0.1875, 0.0625, 0.09375, 0.25, 0.03125]","[0.0, 0.0, 0.03125, 0.140625, 0.03125, 0.0546875, 0.015625, 0.0625, 0.109375, 0.125, 0.0, 0.046875, 0.0703125, 0.0625, 0.09375, 0.34375, 0.09375, 0.0625, 0.0625, 0.125, 0.03125]","[41, 42]",1.035802248199961,0.9789024466207038
56,2426.09375,"[0.0, 0.0, 0.0625, 0.078125, 0.03125, 0.109375, 0.015625, 0.125, 0.15625, 0.25, 0.0, 0.0625, 0.109375, 0.046875, 0.125, 0.5625, 0.1875, 0.0625, 0.09375, 0.25, 0.03125]","[0.0, 0.0, 0.03125, 0.140625, 0.03125, 0.0546875, 0.015625, 0.0625, 0.109375, 0.125, 0.0, 0.046875, 0.0703125, 0.0625, 0.09375, 0.40625, 0.09375, 0.0625, 0.0625, 0.125, 0.03125]",[42],1.1022860011424203,1.0877928429764416
57,2426.09375,"[0.0, 0.0, 0.0625, 0.078125, 0.03125, 0.109375, 0.015625, 0.125, 0.15625, 0.25, 0.0, 0.0625, 0.109375, 0.046875, 0.125, 0.5625, 0.1875, 0.0625, 0.09375, 0.25, 0.03125]","[0.0, 0.0, 0.03125, 0.140625, 0.03125, 0.0546875, 0.015625, 0.0625, 0.109375, 0.125, 0.0, 0.046875, 0.0703125, 0.0625, 0.09375, 0.40625, 0.09375, 0.0625, 0.0625, 0.125, 0.03125]",[42],1.1022860011424203,1.0877928429764416
58,2406.25,"[0.0, 0.0, 0.0625, 0.078125, 0.03125, 0.109375, 0.015625, 0.125, 0.15625, 0.25, 0.0, 0.0625, 0.109375, 0.046875, 0.125, 0.5625, 0.1875, 0.0625, 0.09375, 0.25, 0.03125]","[0.0, 0.0, 0.03125, 0.140625, 0.03125, 0.0546875, 0.015625, 0.0625, 0.109375, 0.125, 0.0, 0.046875, 0.0703125, 0.0625, 0.09375, 0.40625, 0.09375, 0.0625, 0.0625, 0.125, 0.03125]","[42, 43]",1.1022860011424203,1.0877928429764416
59,2623.28125,"[0.0, 0.0, 0.0625, 0.078125, 0.03125, 0.109375, 0.015625, 0.125, 0.15625, 0.5, 0.0, 0.0625, 0.109375, 0.046875, 0.125, 0.5625, 0.1875, 0.0625, 0.09375, 0.25, 0.03125]","[0.0, 0.0, 0.03125, 0.140625, 0.03125, 0.0546875, 0.015625, 0.0625, 0.109375, 0.25, 0.0, 0.046875, 0.0703125, 0.0625, 0.09375, 0.40625, 0.09375, 0.0625, 0.0625, 0.125, 0.03125]",[42],1.1786524326052306,1.0972520465104765
60,2702.65625,"[0.0, 0.0, 0.0625, 0.078125, 0.03125, 0.109375, 0.015625, 0.125, 0.15625, 0.5, 0.0, 0.0625, 0.109375, 0.046875, 0.125, 0.5625, 0.1875, 0.0625, 0.09375, 0.125, 0.03125]","[0.0, 0.0, 0.03125, 0.140625, 0.03125, 0.0546875, 0.015625, 0.0625, 0.109375, 0.25, 0.0, 0.046875, 0.0703125, 0.0625, 0.09375, 0.40625, 0.09375, 0.0625, 0.0625, 0.0625, 0.03125]","[26, 42]",1.2149927689100126,1.133058699477174
61,2584.21875,"[0.0, 0.0, 0.0625, 0.078125, 0.03125, 0.109375, 0.078125, 0.125, 0.15625, 0.5, 0.0, 0.0625, 0.109375, 0.046875, 0.125, 0.5625, 0.1875, 0.0625, 0.09375, 0.15625, 0.03125]","[0.0, 0.0, 0.03125, 0.140625, 0.03125, 0.0546875, 0.078125, 0.0625, 0.109375, 0.25, 0.0, 0.046875, 0.0703125, 0.0625, 0.09375, 0.40625, 0.09375, 0.0625, 0.0625, 0.09375, 0.03125]","[44, 45, 46]",1.1600322974510135,1.0586996152574442
62,2723.28125,"[0.0, 0.0, 0.0625, 0.078125, 0.03125, 0.109375, 0.078125, 0.125, 0.15625, 0.5, 0.0, 0.0625, 0.109375, 0.046875, 0.125, 0.5625, 0.1875, 0.0625, 0.15625, 0.15625, 0.03125]","[0.0, 0.0, 0.03125, 0.140625, 0.03125, 0.0546875, 0.078125, 0.0625, 0.109375, 0.25, 0.0, 0.046875, 0.0703125, 0.0625, 0.09375, 0.40625, 0.09375, 0.0625, 0.09375, 0.09375, 0.03125]","[45, 46]",1.1326995621208567,1.0390166449990192
63,2901.71875,"[0.0, 0.0, 0.03125, 0.078125, 0.03125, 0.109375, 0.078125, 0.125, 0.15625, 0.5, 0.0, 0.0625, 0.109375, 0.046875, 0.0625, 0.5625, 0.1875, 0.0625, 0.15625, 0.15625, 0.03125]","[0.0, 0.0, 0.015625, 0.140625, 0.03125, 0.0546875, 0.078125, 0.0625, 0.109375, 0.25, 0.0, 0.046875, 0.0703125, 0.0625, 0.03125, 0.40625, 0.09375, 0.0625, 0.09375, 0.09375, 0.03125]",[14],1.186065862438731,1.1006671726647155
64,2684.21875,"[0.0, 0.0, 0.03125, 0.078125, 0.03125, 0.109375, 0.078125, 0.125, 0.15625, 0.5, 0.0, 0.0625, 0.109375, 0.046875, 0.0625, 0.5625, 0.1875, 0.0625, 0.15625, 0.15625, 0.03125]","[0.0, 0.0, 0.015625, 0.140625, 0.03125, 0.0546875, 0.078125, 0.0625, 0.109375, 0.25, 0.0, 0.046875, 0.0703125, 0.0625, 0.03125, 0.40625, 0.09375, 0.0625, 0.09375, 0.09375, 0.03125]",[14],1.186065862438731,1.1006671726647155
65,2644.375,"[0.0, 0.0, 0.03125, 0.078125, 0.03125, 0.109375, 0.078125, 0.125, 0.15625, 0.5, 0.0, 0.0625, 0.109375, 0.046875, 0.0625, 0.5625, 0.1875, 0.0625, 0.15625, 0.15625, 0.03125]","[0.0, 0.0, 0.015625, 0.140625, 0.03125, 0.0546875, 0.078125, 0.0625, 0.109375, 0.25, 0.0, 0.046875, 0.0703125, 0.0625, 0.03125, 0.40625, 0.09375, 0.0625, 0.09375, 0.09375, 0.03125]",[14],1.186065862438731,1.1006671726647155
66,2683.90625,"[0.0, 0.0, 0.03125, 0.078125, 0.03125, 0.109375, 0.078125, 0.125, 0.15625, 0.5, 0.0, 0.0625, 0.109375, 0.046875, 0.0625, 0.5625, 0.1875, 0.0625, 0.15625, 0.15625, 0.03125]","[0.0, 0.0, 0.015625, 0.140625, 0.03125, 0.0546875, 0.078125, 0.0625, 0.109375, 0.25, 0.0, 0.046875, 0.0703125, 0.0625, 0.03125, 0.40625, 0.09375, 0.0625, 0.09375, 0.09375, 0.03125]",[14],1.186065862438731,1.1006671726647155
67,2683.28125,"[0.0, 0.0, 0.03125, 0.078125, 0.03125, 0.109375, 0.078125, 0.125, 0.125, 0.5, 0.0, 0.0625, 0.046875, 0.046875, 0.0625, 0.5625, 0.1875, 0.0625, 0.15625, 0.15625, 0.03125]","[0.0, 0.0, 0.015625, 0.140625, 0.03125, 0.0546875, 0.078125, 0.0625, 0.09375, 0.25, 0.0, 0.046875, 0.0390625, 0.0625, 0.03125, 0.40625, 0.09375, 0.0625, 0.09375, 0.09375, 0.03125]","[14, 28]",1.2367189706336048,1.1346465703055613
68,2624.84375,"[0.0, 0.0, 0.03125, 0.078125, 0.03125, 0.109375, 0.078125, 0.125, 0.125, 0.5, 0.0, 0.0625, 0.046875, 0.046875, 0.0625, 0.5625, 0.1875, 0.0625, 0.1875, 0.15625, 0.03125]","[0.0, 0.0, 0.015625, 0.140625, 0.03125, 0.0546875, 0.078125, 0.0625, 0.09375, 0.25, 0.0, 0.046875, 0.0390625, 0.0625, 0.03125, 0.40625, 0.09375, 0.0625, 0.125, 0.09375, 0.03125]","[14, 29]",1.2258828065977776,1.1196405857784517
69,2584.6875,"[0.0, 0.0, 0.0625, 0.078125, 0.03125, 0.109375, 0.078125, 0.125, 0.125, 0.5, 0.0, 0.0625, 0.046875, 0.046875, 0.0625, 0.5625, 0.1875, 0.0625, 0.1875, 0.171875, 0.03125]","[0.0, 0.0, 0.03125, 0.140625, 0.03125, 0.0546875, 0.078125, 0.0625, 0.09375, 0.25, 0.0, 0.046875, 0.0390625, 0.0625, 0.03125, 0.40625, 0.09375, 0.0625, 0.125, 0.1015625, 0.03125]","[30, 45]",1.1988982901800371,1.0995420595203926
70,2644.21875,"[0.0, 0.0, 0.0625, 0.078125, 0.03125, 0.109375, 0.078125, 0.125, 0.15625, 0.5, 0.0, 0.0625, 0.046875, 0.046875, 0.0625, 0.5625, 0.1875, 0.0625, 0.1875, 0.171875, 0.03125]","[0.0, 0.0, 0.03125, 0.140625, 0.03125, 0.0546875, 0.078125, 0.0625, 0.109375, 0.25, 0.0, 0.046875, 0.0390625, 0.0625, 0.03125, 0.40625, 0.09375, 0.0625, 0.125, 0.1015625, 0.03125]",[30],1.1859089892881662,1.0915432500211188
71,2644.0625,"[0.0, 0.0, 0.0625, 0.078125, 0.0625, 0.109375, 0.078125, 0.125, 0.15625, 0.5, 0.0, 0.0625, 0.046875, 0.046875, 0.0625, 0.5625, 0.1875, 0.0625, 0.1875, 0.171875, 0.03125]","[0.0, 0.0, 0.03125, 0.140625, 0.046875, 0.0546875, 0.078125, 0.0625, 0.109375, 0.25, 0.0, 0.046875, 0.0390625, 0.0625, 0.03125, 0.40625, 0.09375, 0.0625, 0.125, 0.1015625, 0.03125]","[46, 47, 48]",1.1652851105548478,1.0775766233652948
72,2921.25,"[0.0, 0.0, 0.0625, 0.078125, 0.09375, 0.109375, 0.078125, 0.125, 0.15625, 0.5, 0.0, 0.0625, 0.046875, 0.046875, 0.0625, 0.5625, 0.3125, 0.0625, 0.1875, 0.171875, 0.03125]","[0.0, 0.0, 0.03125, 0.140625, 0.078125, 0.0546875, 0.078125, 0.0625, 0.109375, 0.25, 0.0, 0.046875, 0.0390625, 0.0625, 0.03125, 0.40625, 0.15625, 0.0625, 0.125, 0.1015625, 0.03125]",[46],1.1334337228670368,1.033074644220762
73,2802.34375,"[0.0, 0.0, 0.0625, 0.078125, 0.09375, 0.109375, 0.078125, 0.125, 0.15625, 0.5, 0.0, 0.0625, 0.046875, 0.0625, 0.0625, 0.5625, 0.3125, 0.0625, 0.1875, 0.171875, 0.03125]","[0.0, 0.0, 0.03125, 0.140625, 0.078125, 0.0546875, 0.078125, 0.0625, 0.109375, 0.25, 0.0, 0.046875, 0.0390625, 0.09375, 0.03125, 0.40625, 0.15625, 0.0625, 0.125, 0.1015625, 0.03125]","[49, 50]",1.1241092316516565,1.0140004542410406
74,2901.71875,"[0.0, 0.0, 0.0625, 0.078125, 0.0625, 0.109375, 0.078125, 0.125, 0.15625, 0.5, 0.0, 0.0625, 0.046875, 0.0625, 0.0625, 0.5625, 0.3125, 0.0625, 0.1875, 0.171875, 0.03125]","[0.0, 0.0, 0.03125, 0.140625, 0.046875, 0.0546875, 0.078125, 0.0625, 0.109375, 0.25, 0.0, 0.046875, 0.0390625, 0.09375, 0.03125, 0.40625, 0.15625, 0.0625, 0.125, 0.1015625, 0.03125]",[47],1.1410271062261654,1.0359176948447515
75,2782.34375,"[0.0, 0.03125, 0.0625, 0.078125, 0.0625, 0.109375, 0.078125, 0.125, 0.15625, 0.5, 0.0, 0.0625, 0.046875, 0.0625, 0.0, 0.5625, 0.3125, 0.0625, 0.1875, 0.171875, 0.03125]","[0.0, 0.015625, 0.03125, 0.140625, 0.046875, 0.0546875, 0.078125, 0.0625, 0.109375, 0.25, 0.0, 0.046875, 0.0390625, 0.09375, 0.0, 0.40625, 0.15625, 0.0625, 0.125, 0.1015625, 0.03125]","[25, 49]",1.1606268548134395,1.0506074929567162
76,3057.96875,"[0.0, 0.03125, 0.0625, 0.078125, 0.0625, 0.109375, 0.078125, 0.125, 0.15625, 0.75, 0.0, 0.0625, 0.046875, 0.0625, 0.0, 0.5625, 0.3125, 0.0625, 0.1875, 0.171875, 0.03125]","[0.0, 0.015625, 0.03125, 0.140625, 0.046875, 0.0546875, 0.078125, 0.0625, 0.109375, 0.375, 0.0, 0.046875, 0.0390625, 0.09375, 0.0, 0.40625, 0.15625, 0.0625, 0.125, 0.1015625, 0.03125]","[49, 50, 51]",1.3111021432748635,1.1251847461749254
77,2999.21875,"[0.0, 0.03125, 0.0625, 0.078125, 0.0625, 0.109375, 0.078125, 0.125, 0.15625, 0.75, 0.03125, 0.0625, 0.046875, 0.0625, 0.0, 0.5625, 0.3125, 0.0625, 0.1875, 0.171875, 0.03125]","[0.0, 0.015625, 0.03125, 0.140625, 0.046875, 0.0546875, 0.078125, 0.0625, 0.109375, 0.375, 0.0625, 0.046875, 0.0390625, 0.09375, 0.0, 0.40625, 0.15625, 0.0625, 0.125, 0.1015625, 0.03125]",[49],1.2902121339825068,1.0719071296180078
78,3018.90625,"[0.0, 0.03125, 0.0625, 0.078125, 0.0625, 0.109375, 0.078125, 0.125, 0.15625, 0.75, 0.03125, 0.0625, 0.046875, 0.0625, 0.0, 0.5625, 0.3125, 0.0625, 0.1875, 0.171875, 0.03125]","[0.0, 0.015625, 0.03125, 0.140625, 0.046875, 0.0546875, 0.078125, 0.0625, 0.109375, 0.375, 0.0625, 0.046875, 0.0390625, 0.09375, 0.0, 0.40625, 0.15625, 0.0625, 0.125, 0.1015625, 0.03125]","[49, 50, 52]",1.2902121339825068,1.0719071296180078
79,3019.0625,"[0.0, 0.03125, 0.0625, 0.078125, 0.0625, 0.109375, 0.078125, 0.125, 0.15625, 0.75, 0.03125, 0.078125, 0.046875, 0.0625, 0.0, 0.5625, 0.3125, 0.0625, 0.1875, 0.171875, 0.03125]","[0.0, 0.015625, 0.03125, 0.140625, 0.046875, 0.0546875, 0.078125, 0.0625, 0.109375, 0.375, 0.0625, 0.0546875, 0.0390625, 0.09375, 0.0, 0.40625, 0.15625, 0.0625, 0.125, 0.1015625, 0.03125]",[49],1.2814405346132922,1.0661091768096755
80,2999.6875,"[0.0, 0.03125, 0.0625, 0.078125, 0.0625, 0.109375, 0.078125, 0.125, 0.15625, 0.75, 0.03125, 0.078125, 0.046875, 0.0625, 0.0, 0.5625, 0.3125, 0.0625, 0.1875, 0.171875, 0.03125]","[0.0, 0.015625, 0.03125, 0.140625, 0.046875, 0.0546875, 0.078125, 0.0625, 0.109375, 0.375, 0.0625, 0.0546875, 0.0390625, 0.09375, 0.0, 0.40625, 0.15625, 0.0625, 0.125, 0.1015625, 0.03125]",[49],1.2814405346132922,1.0661091768096755
81,2999.6875,"[0.0, 0.03125, 0.0625, 0.078125, 0.0625, 0.140625, 0.078125, 0.125, 0.15625, 0.75, 0.03125, 0.078125, 0.046875, 0.0625, 0.0, 0.5625, 0.3125, 0.0625, 0.1875, 0.171875, 0.03125]","[0.0, 0.015625, 0.03125, 0.140625, 0.046875, 0.0859375, 0.078125, 0.0625, 0.109375, 0.375, 0.0625, 0.0546875, 0.0390625, 0.09375, 0.0, 0.40625, 0.15625, 0.0625, 0.125, 0.1015625, 0.03125]",[50],1.267181839361607,1.0460319428606206
82,3157.1875,"[0.0, 0.03125, 0.0625, 0.078125, 0.0625, 0.140625, 0.078125, 0.125, 0.40625, 0.75, 0.03125, 0.078125, 0.046875, 0.0625, 0.0, 0.5625, 0.3125, 0.0625, 0.1875, 0.171875, 0.03125]","[0.0, 0.015625, 0.03125, 0.140625, 0.046875, 0.0859375, 0.078125, 0.0625, 0.234375, 0.375, 0.0625, 0.0546875, 0.0390625, 0.09375, 0.0, 0.40625, 0.15625, 0.0625, 0.125, 0.1015625, 0.03125]","[53, 54]",1.2239670085812109,1.0243010770981544
83,3356.25,"[0.0, 0.03125, 0.0625, 0.078125, 0.0625, 0.140625, 0.078125, 0.125, 0.40625, 0.75, 0.03125, 0.078125, 0.046875, 0.0625, 0.0, 0.5625, 0.3125, 0.0625, 0.15625, 0.171875, 0.03125]","[0.0, 0.015625, 0.03125, 0.140625, 0.046875, 0.0859375, 0.078125, 0.0625, 0.234375, 0.375, 0.0625, 0.0546875, 0.0390625, 0.09375, 0.0, 0.40625, 0.15625, 0.0625, 0.09375, 0.1015625, 0.03125]","[27, 53]",1.2349126469358591,1.0383416127144158
84,3433.75,"[0.0, 0.03125, 0.0625, 0.078125, 0.0625, 0.140625, 0.078125, 0.125, 0.40625, 0.75, 0.03125, 0.078125, 0.171875, 0.0625, 0.25, 0.5625, 0.3125, 0.0625, 0.15625, 0.171875, 0.03125]","[0.0, 0.015625, 0.03125, 0.140625, 0.046875, 0.0859375, 0.078125, 0.0625, 0.234375, 0.375, 0.0625, 0.0546875, 0.1015625, 0.09375, 0.125, 0.40625, 0.15625, 0.0625, 0.09375, 0.1015625, 0.03125]","[54, 55]",1.0831408560985138,0.9236214697843026
85,3512.96875,"[0.0, 0.03125, 0.0625, 0.078125, 0.0625, 0.140625, 0.078125, 0.125, 0.40625, 0.8125, 0.03125, 0.078125, 0.171875, 0.078125, 0.25, 0.5625, 0.3125, 0.0625, 0.15625, 0.171875, 0.03125]","[0.0, 0.015625, 0.03125, 0.140625, 0.046875, 0.0859375, 0.078125, 0.0625, 0.234375, 0.40625, 0.0625, 0.0546875, 0.1015625, 0.109375, 0.125, 0.40625, 0.15625, 0.0625, 0.09375, 0.1015625, 0.03125]",[56],1.1114760211906427,0.9389574464194534
86,3552.65625,"[0.0, 0.03125, 0.0625, 0.078125, 0.0625, 0.171875, 0.078125, 0.125, 0.40625, 0.8125, 0.03125, 0.078125, 0.171875, 0.078125, 0.25, 0.5625, 0.3125, 0.0625, 0.15625, 0.171875, 0.03125]","[0.0, 0.015625, 0.03125, 0.140625, 0.046875, 0.1015625, 0.078125, 0.0625, 0.234375, 0.40625, 0.0625, 0.0546875, 0.1015625, 0.109375, 0.125, 0.40625, 0.15625, 0.0625, 0.09375, 0.1015625, 0.03125]","[57, 58]",1.1012851161515576,0.9316272003192102
87,3790.78125,"[0.0, 0.03125, 0.0625, 0.078125, 0.0625, 0.296875, 0.078125, 0.125, 0.40625, 0.8125, 0.03125, 0.078125, 0.171875, 0.078125, 0.25, 0.5625, 0.3125, 0.0625, 0.15625, 0.171875, 0.03125]","[0.0, 0.015625, 0.03125, 0.140625, 0.046875, 0.1640625, 0.078125, 0.0625, 0.234375, 0.40625, 0.0625, 0.0546875, 0.1015625, 0.109375, 0.125, 0.40625, 0.15625, 0.0625, 0.09375, 0.1015625, 0.03125]","[58, 59]",1.0744393141056325,0.9119279980071375
88,3829.53125,"[0.0, 0.03125, 0.125, 0.078125, 0.0625, 0.296875, 0.078125, 0.125, 0.53125, 0.8125, 0.03125, 0.078125, 0.171875, 0.078125, 0.25, 0.5625, 0.3125, 0.0625, 0.15625, 0.171875, 0.03125]","[0.0, 0.015625, 0.0625, 0.140625, 0.046875, 0.1640625, 0.078125, 0.0625, 0.296875, 0.40625, 0.0625, 0.0546875, 0.1015625, 0.109375, 0.125, 0.40625, 0.15625, 0.0625, 0.09375, 0.1015625, 0.03125]",[60],1.0605187360744053,0.9027658754601422
89,3988.28125,"[0.0, 0.03125, 0.125, 0.078125, 0.0625, 0.296875, 0.078125, 0.125, 0.53125, 0.8125, 0.03125, 0.203125, 0.171875, 0.078125, 0.25, 0.5625, 0.1875, 0.0625, 0.15625, 0.171875, 0.03125]","[0.0, 0.015625, 0.0625, 0.140625, 0.046875, 0.1640625, 0.078125, 0.0625, 0.296875, 0.40625, 0.0625, 0.1171875, 0.1015625, 0.109375, 0.125, 0.40625, 0.09375, 0.0625, 0.09375, 0.1015625, 0.03125]","[48, 61]",1.0438572222525029,0.8941807583761451
90,3948.90625,"[0.0, 0.0625, 0.125, 0.078125, 0.0625, 0.296875, 0.078125, 0.15625, 0.53125, 0.8125, 0.03125, 0.203125, 0.171875, 0.078125, 0.25, 0.5625, 0.1875, 0.0625, 0.15625, 0.171875, 0.03125]","[0.0, 0.03125, 0.0625, 0.140625, 0.046875, 0.1640625, 0.078125, 0.078125, 0.296875, 0.40625, 0.0625, 0.1171875, 0.1015625, 0.109375, 0.125, 0.40625, 0.09375, 0.0625, 0.09375, 0.1015625, 0.03125]",[62],1.020358340272605,0.8750713898027095
91,3968.828125,"[0.0, 0.0625, 0.125, 0.078125, 0.0625, 0.296875, 0.078125, 0.15625, 0.53125, 0.8125, 0.03125, 0.203125, 0.171875, 0.0859375, 0.25, 0.5625, 0.1875, 0.0625, 0.15625, 0.171875, 0.03125]","[0.0, 0.03125, 0.0625, 0.140625, 0.046875, 0.1640625, 0.078125, 0.078125, 0.296875, 0.40625, 0.0625, 0.1171875, 0.1015625, 0.1171875, 0.125, 0.40625, 0.09375, 0.0625, 0.09375, 0.1015625, 0.03125]","[63, 64, 65]",1.0173397379995661,0.8721527841774862
92,4126.953125,"[0.125, 0.0625, 0.125, 0.078125, 0.0625, 0.296875, 0.078125, 0.15625, 0.53125, 0.8125, 0.03125, 0.203125, 0.171875, 0.0859375, 0.25, 0.3125, 0.1875, 0.09375, 0.15625, 0.203125, 0.03125]","[0.0625, 0.03125, 0.0625, 0.140625, 0.046875, 0.1640625, 0.078125, 0.078125, 0.296875, 0.40625, 0.0625, 0.1171875, 0.1015625, 0.1171875, 0.125, 0.28125, 0.09375, 0.125, 0.09375, 0.1328125, 0.03125]","[13, 66]",0.9273329053773592,0.7285359374882391
93,4068.046875,"[0.125, 0.0625, 0.125, 0.078125, 0.0625, 0.296875, 0.078125, 0.15625, 0.53125, 0.8125, 0.03125, 0.203125, 0.171875, 0.0859375, 0.25, 0.3125, 0.1875, 0.09375, 0.171875, 0.203125, 0.03125]","[0.0625, 0.03125, 0.0625, 0.140625, 0.046875, 0.1640625, 0.078125, 0.078125, 0.296875, 0.40625, 0.0625, 0.1171875, 0.1015625, 0.1171875, 0.125, 0.28125, 0.09375, 0.125, 0.1015625, 0.1328125, 0.03125]","[66, 67]",0.923142761168977,0.7254756225351294
94,4088.515625,"[0.125, 0.0625, 0.125, 0.078125, 0.0625, 0.296875, 0.078125, 0.15625, 0.53125, 0.8125, 0.03125, 0.203125, 0.171875, 0.0859375, 0.25, 0.3125, 0.1875, 0.09375, 0.171875, 0.203125, 0.03125]","[0.0625, 0.03125, 0.0625, 0.140625, 0.046875, 0.1640625, 0.078125, 0.078125, 0.296875, 0.40625, 0.0625, 0.1171875, 0.1015625, 0.1171875, 0.125, 0.28125, 0.09375, 0.125, 0.1015625, 0.1328125, 0.03125]","[66, 67]",0.923142761168977,0.7254756225351294
95,4186.171875,"[0.125, 0.0625, 0.125, 0.078125, 0.0625, 0.296875, 0.078125, 0.15625, 0.53125, 0.8125, 0.03125, 0.203125, 0.171875, 0.0859375, 0.25, 0.3125, 0.25, 0.09375, 0.171875, 0.203125, 0.03125]","[0.0625, 0.03125, 0.0625, 0.140625, 0.046875, 0.1640625, 0.078125, 0.078125, 0.296875, 0.40625, 0.0625, 0.1171875, 0.1015625, 0.1171875, 0.125, 0.28125, 0.15625, 0.125, 0.1015625, 0.1328125, 0.03125]",[67],0.9111609628728417,0.708052041323485
96,4187.421875,"[0.125, 0.0625, 0.125, 0.078125, 0.03125, 0.296875, 0.078125, 0.15625, 0.53125, 0.8125, 0.03125, 0.203125, 0.171875, 0.0859375, 0.25, 0.3125, 0.125, 0.09375, 0.171875, 0.203125, 0.03125]","[0.0625, 0.03125, 0.0625, 0.140625, 0.03125, 0.1640625, 0.078125, 0.078125, 0.296875, 0.40625, 0.0625, 0.1171875, 0.1015625, 0.1171875, 0.125, 0.28125, 0.09375, 0.125, 0.1015625, 0.1328125, 0.03125]",[30],0.9543200517272804,0.7353603711987533
97,3988.984375,"[0.125, 0.0625, 0.125, 0.078125, 0.03125, 0.296875, 0.078125, 0.15625, 0.53125, 0.8125, 0.03125, 0.203125, 0.171875, 0.0859375, 0.25, 0.3125, 0.125, 0.09375, 0.171875, 0.203125, 0.03125]","[0.0625, 0.03125, 0.0625, 0.140625, 0.03125, 0.1640625, 0.078125, 0.078125, 0.296875, 0.40625, 0.0625, 0.1171875, 0.1015625, 0.1171875, 0.125, 0.28125, 0.09375, 0.125, 0.1015625, 0.1328125, 0.03125]",[30],0.9543200517272804,0.7353603711987533
98,3988.984375,"[0.125, 0.0625, 0.125, 0.078125, 0.03125, 0.296875, 0.078125, 0.15625, 0.53125, 0.8125, 0.03125, 0.203125, 0.171875, 0.0859375, 0.25, 0.3125, 0.125, 0.09375, 0.171875, 0.203125, 0.03125]","[0.0625, 0.03125, 0.0625, 0.140625, 0.03125, 0.1640625, 0.078125, 0.078125, 0.296875, 0.40625, 0.0625, 0.1171875, 0.1015625, 0.1171875, 0.125, 0.28125, 0.09375, 0.125, 0.1015625, 0.1328125, 0.03125]","[30, 38]",0.9543200517272804,0.7353603711987533
99,3989.296875,"[0.1875, 0.0625, 0.125, 0.078125, 0.03125, 0.296875, 0.078125, 0.15625, 0.53125, 0.8125, 0.03125, 0.234375, 0.171875, 0.0546875, 0.25, 0.3125, 0.125, 0.09375, 0.171875, 0.203125, 0.03125]","[0.09375, 0.03125, 0.0625, 0.140625, 0.03125, 0.1640625, 0.078125, 0.078125, 0.296875, 0.40625, 0.0625, 0.1484375, 0.1015625, 0.0859375, 0.125, 0.28125, 0.09375, 0.125, 0.1015625, 0.1328125, 0.03125]",[20],0.9429395427266464,0.7245918462092301
100,4068.359375,"[0.1875, 0.0625, 0.125, 0.078125, 0.15625, 0.296875, 0.078125, 0.15625, 0.53125, 0.8125, 0.03125, 0.234375, 0.171875, 0.0546875, 0.25, 0.3125, 0.125, 0.09375, 0.171875, 0.203125, 0.03125]","[0.09375, 0.03125, 0.0625, 0.140625, 0.09375, 0.1640625, 0.078125, 0.078125, 0.296875, 0.40625, 0.0625, 0.1484375, 0.1015625, 0.0859375, 0.125, 0.28125, 0.09375, 0.125, 0.1015625, 0.1328125, 0.03125]",[67],0.8976657590671691,0.6914167649523281
101,4088.203125,"[0.1875, 0.0625, 0.125, 0.078125, 0.15625, 0.3125, 0.078125, 0.15625, 0.53125, 0.8125, 0.03125, 0.234375, 0.171875, 0.0546875, 0.25, 0.3125, 0.125, 0.09375, 0.171875, 0.203125, 0.03125]","[0.09375, 0.03125, 0.0625, 0.140625, 0.09375, 0.171875, 0.078125, 0.078125, 0.296875, 0.40625, 0.0625, 0.1484375, 0.1015625, 0.0859375, 0.125, 0.28125, 0.09375, 0.125, 0.1015625, 0.1328125, 0.03125]",[68],0.8965340235072733,0.6906349599584565
102,4088.203125,"[0.1875, 0.0625, 0.125, 0.078125, 0.15625, 0.3125, 0.078125, 0.15625, 0.53125, 0.8125, 0.03125, 0.234375, 0.171875, 0.0546875, 0.25, 0.3125, 0.125, 0.09375, 0.171875, 0.203125, 0.03125]","[0.09375, 0.03125, 0.0625, 0.140625, 0.09375, 0.171875, 0.078125, 0.078125, 0.296875, 0.40625, 0.0625, 0.1484375, 0.1015625, 0.0859375, 0.125, 0.28125, 0.09375, 0.125, 0.1015625, 0.1328125, 0.03125]","[68, 69, 70]",0.8965340235072733,0.6906349599584565
103,4286.484375,"[0.1875, 0.0625, 0.125, 0.078125, 0.15625, 0.3125, 0.078125, 0.15625, 0.53125, 0.8125, 0.03125, 0.234375, 0.171875, 0.0546875, 0.25, 0.3125, 0.125, 0.09375, 0.171875, 0.203125, 0.03125]","[0.09375, 0.03125, 0.0625, 0.140625, 0.09375, 0.171875, 0.078125, 0.078125, 0.296875, 0.40625, 0.0625, 0.1484375, 0.1015625, 0.0859375, 0.125, 0.28125, 0.09375, 0.125, 0.1015625, 0.1328125, 0.03125]",[68],0.8965340235072733,0.6906349599584565
104,4107.890625,"[0.1875, 0.0625, 0.125, 0.078125, 0.15625, 0.3125, 0.078125, 0.1875, 0.53125, 0.8125, 0.03125, 0.234375, 0.171875, 0.0546875, 0.25, 0.3125, 0.125, 0.09375, 0.171875, 0.203125, 0.03125]","[0.09375, 0.03125, 0.0625, 0.140625, 0.09375, 0.171875, 0.078125, 0.09375, 0.296875, 0.40625, 0.0625, 0.1484375, 0.1015625, 0.0859375, 0.125, 0.28125, 0.09375, 0.125, 0.1015625, 0.1328125, 0.03125]",[69],0.8887195409551224,0.6838881304025568
105,4147.578125,"[0.1875, 0.0625, 0.125, 0.078125, 0.15625, 0.3125, 0.078125, 0.1875, 0.53125, 0.8125, 0.03125, 0.234375, 0.171875, 0.0546875, 0.25, 0.3125, 0.125, 0.09375, 0.171875, 0.203125, 0.03125]","[0.09375, 0.03125, 0.0625, 0.140625, 0.09375, 0.171875, 0.078125, 0.09375, 0.296875, 0.40625, 0.0625, 0.1484375, 0.1015625, 0.0859375, 0.125, 0.28125, 0.09375, 0.125, 0.1015625, 0.1328125, 0.03125]",[69],0.8887195409551224,0.6838881304025568
106,4187.578125,"[0.1875, 0.0625, 0.125, 0.078125, 0.15625, 0.3125, 0.078125, 0.1875, 0.53125, 0.8125, 0.03125, 0.234375, 0.171875, 0.0546875, 0.25, 0.3125, 0.125, 0.09375, 0.171875, 0.203125, 0.03125]","[0.09375, 0.03125, 0.0625, 0.140625, 0.09375, 0.171875, 0.078125, 0.09375, 0.296875, 0.40625, 0.0625, 0.1484375, 0.1015625, 0.0859375, 0.125, 0.28125, 0.09375, 0.125, 0.1015625, 0.1328125, 0.03125]","[69, 70]",0.8887195409551224,0.6838881304025568
107,4167.265625,"[0.1875, 0.0625, 0.125, 0.078125, 0.1875, 0.3125, 0.078125, 0.1875, 0.5625, 0.8125, 0.03125, 0.234375, 0.171875, 0.0546875, 0.25, 0.3125, 0.125, 0.09375, 0.171875, 0.203125, 0.03125]","[0.09375, 0.03125, 0.0625, 0.140625, 0.125, 0.171875, 0.078125, 0.09375, 0.3125, 0.40625, 0.0625, 0.1484375, 0.1015625, 0.0859375, 0.125, 0.28125, 0.09375, 0.125, 0.1015625, 0.1328125, 0.03125]","[71, 72]",0.8885428166283502,0.6802363009944999
108,4325.390625,"[0.1875, 0.1875, 0.125, 0.078125, 0.1875, 0.3125, 0.078125, 0.1875, 0.5625, 0.8125, 0.03125, 0.234375, 0.171875, 0.0546875, 0.25, 0.3125, 0.125, 0.09375, 0.171875, 0.203125, 0.03125]","[0.09375, 0.09375, 0.0625, 0.140625, 0.125, 0.171875, 0.078125, 0.09375, 0.3125, 0.40625, 0.0625, 0.1484375, 0.1015625, 0.0859375, 0.125, 0.28125, 0.09375, 0.125, 0.1015625, 0.1328125, 0.03125]",[71],0.8503894413631304,0.6477682298382588
109,4265.9375,"[0.1875, 0.1875, 0.125, 0.078125, 0.1875, 0.3125, 0.0859375, 0.1875, 0.5625, 0.8125, 0.03125, 0.234375, 0.171875, 0.0546875, 0.25, 0.3125, 0.125, 0.09375, 0.171875, 0.203125, 0.03125]","[0.09375, 0.09375, 0.0625, 0.140625, 0.125, 0.171875, 0.0859375, 0.09375, 0.3125, 0.40625, 0.0625, 0.1484375, 0.1015625, 0.0859375, 0.125, 0.28125, 0.09375, 0.125, 0.1015625, 0.1328125, 0.03125]","[73, 74]",0.847610458145787,0.6443255108205324
110,4464.375,"[0.1875, 0.1875, 0.125, 0.078125, 0.1875, 0.3125, 0.0859375, 0.1875, 0.5625, 0.8125, 0.03125, 0.359375, 0.171875, 0.0546875, 0.25, 0.3125, 0.125, 0.09375, 0.171875, 0.203125, 0.03125]","[0.09375, 0.09375, 0.0625, 0.140625, 0.125, 0.171875, 0.0859375, 0.09375, 0.3125, 0.40625, 0.0625, 0.2109375, 0.1015625, 0.0859375, 0.125, 0.28125, 0.09375, 0.125, 0.1015625, 0.1328125, 0.03125]",[73],0.8371679511060468,0.6404993065586626
111,4504.0625,"[0.1875, 0.1875, 0.125, 0.078125, 0.1875, 0.3125, 0.0859375, 0.1875, 0.5625, 0.8125, 0.03125, 0.359375, 0.171875, 0.0546875, 0.25, 0.3125, 0.125, 0.09375, 0.171875, 0.203125, 0.03125]","[0.09375, 0.09375, 0.0625, 0.140625, 0.125, 0.171875, 0.0859375, 0.09375, 0.3125, 0.40625, 0.0625, 0.2109375, 0.1015625, 0.0859375, 0.125, 0.28125, 0.09375, 0.125, 0.1015625, 0.1328125, 0.03125]","[73, 75]",0.8371679511060468,0.6404993065586626
112,4662.8125,"[0.1875, 0.1875, 0.125, 0.078125, 0.1875, 0.3125, 0.0859375, 0.1875, 0.5625, 0.8125, 0.15625, 0.359375, 0.171875, 0.0546875, 0.25, 0.3125, 0.125, 0.15625, 0.171875, 0.203125, 0.03125]","[0.09375, 0.09375, 0.0625, 0.140625, 0.125, 0.171875, 0.0859375, 0.09375, 0.3125, 0.40625, 0.1875, 0.2109375, 0.1015625, 0.0859375, 0.125, 0.28125, 0.09375, 0.1875, 0.1015625, 0.1328125, 0.03125]","[76, 77, 78]",0.7779519274034982,0.5960599802033348
113,4899.375,"[0.1875, 0.1875, 0.375, 0.078125, 0.1875, 0.3125, 0.0859375, 0.1875, 0.5625, 0.8125, 0.15625, 0.359375, 0.171875, 0.0546875, 0.25, 0.3125, 0.125, 0.15625, 0.171875, 0.203125, 0.03125]","[0.09375, 0.09375, 0.1875, 0.140625, 0.125, 0.171875, 0.0859375, 0.09375, 0.3125, 0.40625, 0.1875, 0.2109375, 0.1015625, 0.0859375, 0.125, 0.28125, 0.09375, 0.1875, 0.1015625, 0.1328125, 0.03125]","[76, 77, 79]",0.744356959886092,0.5613997293062126
114,4979.0625,"[0.1875, 0.1875, 0.375, 0.140625, 0.1875, 0.3125, 0.0859375, 0.1875, 0.5625, 0.8125, 0.15625, 0.359375, 0.171875, 0.0546875, 0.25, 0.3125, 0.125, 0.15625, 0.171875, 0.203125, 0.03125]","[0.09375, 0.09375, 0.1875, 0.203125, 0.125, 0.171875, 0.0859375, 0.09375, 0.3125, 0.40625, 0.1875, 0.2109375, 0.1015625, 0.0859375, 0.125, 0.28125, 0.09375, 0.1875, 0.1015625, 0.1328125, 0.03125]",[77],0.725974439900334,0.5541900815545276
115,4919.53125,"[0.1875, 0.1875, 0.375, 0.140625, 0.1875, 0.3125, 0.0859375, 0.1875, 0.5625, 0.8125, 0.15625, 0.359375, 0.171875, 0.0546875, 0.25, 0.3125, 0.125, 0.15625, 0.171875, 0.203125, 0.03125]","[0.09375, 0.09375, 0.1875, 0.203125, 0.125, 0.171875, 0.0859375, 0.09375, 0.3125, 0.40625, 0.1875, 0.2109375, 0.1015625, 0.0859375, 0.125, 0.28125, 0.09375, 0.1875, 0.1015625, 0.1328125, 0.03125]","[77, 79, 80]",0.725974439900334,0.5541900815545276
116,5137.65625,"[0.1875, 0.1875, 0.4375, 0.140625, 0.1875, 0.3125, 0.0859375, 0.1875, 0.5625, 0.8125, 0.15625, 0.359375, 0.171875, 0.0703125, 0.25, 0.3125, 0.125, 0.15625, 0.171875, 0.203125, 0.03125]","[0.09375, 0.09375, 0.21875, 0.203125, 0.125, 0.171875, 0.0859375, 0.09375, 0.3125, 0.40625, 0.1875, 0.2109375, 0.1015625, 0.1171875, 0.125, 0.28125, 0.09375, 0.1875, 0.1015625, 0.1328125, 0.03125]","[77, 81]",0.7232690673705429,0.5424673569288141
117,5078.203125,"[0.1875, 0.1875, 0.4375, 0.140625, 0.1875, 0.3125, 0.0859375, 0.1875, 0.5625, 0.8125, 0.15625, 0.359375, 0.171875, 0.0703125, 0.25, 0.3125, 0.125, 0.15625, 0.171875, 0.203125, 0.03125]","[0.09375, 0.09375, 0.21875, 0.203125, 0.125, 0.171875, 0.0859375, 0.09375, 0.3125, 0.40625, 0.1875, 0.2109375, 0.1015625, 0.1171875, 0.125, 0.28125, 0.09375, 0.1875, 0.1015625, 0.1328125, 0.03125]","[77, 81, 82]",0.7232690673705429,0.5424673569288141
118,5176.71875,"[0.1875, 0.1875, 0.4375, 0.140625, 0.1875, 0.3125, 0.0859375, 0.1875, 0.5625, 0.8125, 0.15625, 0.359375, 0.171875, 0.0703125, 0.25, 0.3125, 0.125, 0.1875, 0.171875, 0.203125, 0.03125]","[0.09375, 0.09375, 0.21875, 0.203125, 0.125, 0.171875, 0.0859375, 0.09375, 0.3125, 0.40625, 0.1875, 0.2109375, 0.1015625, 0.1171875, 0.125, 0.28125, 0.09375, 0.21875, 0.1015625, 0.1328125, 0.03125]","[81, 82, 83]",0.7163747502332686,0.5418574947817217
119,5137.34375,"[0.1875, 0.1875, 0.4375, 0.140625, 0.1875, 0.3125, 0.0859375, 0.1875, 0.5625, 0.8125, 0.15625, 0.359375, 0.171875, 0.0703125, 0.25, 0.3125, 0.125, 0.1875, 0.171875, 0.203125, 0.03125]","[0.09375, 0.09375, 0.21875, 0.203125, 0.125, 0.171875, 0.0859375, 0.09375, 0.3125, 0.40625, 0.1875, 0.2109375, 0.1015625, 0.1171875, 0.125, 0.28125, 0.09375, 0.21875, 0.1015625, 0.1328125, 0.03125]",[42],0.7163747502332686,0.5418574947817217
120,5097.34375,"[0.1875, 0.3125, 0.4375, 0.140625, 0.1875, 0.3125, 0.0859375, 0.1875, 0.5625, 0.8125, 0.15625, 0.359375, 0.171875, 0.0703125, 0.25, 0.25, 0.125, 0.1875, 0.171875, 0.203125, 0.03125]","[0.09375, 0.15625, 0.21875, 0.203125, 0.125, 0.171875, 0.0859375, 0.09375, 0.3125, 0.40625, 0.1875, 0.2109375, 0.1015625, 0.1171875, 0.125, 0.21875, 0.09375, 0.21875, 0.1015625, 0.1328125, 0.03125]",[5],0.7058813914596979,0.515101055014807
121,5097.34375,"[0.1875, 0.3125, 0.4375, 0.140625, 0.1875, 0.3125, 0.0859375, 0.1875, 0.5625, 0.8125, 0.15625, 0.359375, 0.171875, 0.0703125, 0.25, 0.25, 0.125, 0.1875, 0.171875, 0.203125, 0.03125]","[0.09375, 0.15625, 0.21875, 0.203125, 0.125, 0.171875, 0.0859375, 0.09375, 0.3125, 0.40625, 0.1875, 0.2109375, 0.1015625, 0.1171875, 0.125, 0.21875, 0.09375, 0.21875, 0.1015625, 0.1328125, 0.03125]","[5, 81]",0.7058813914596979,0.515101055014807
122,5177.03125,"[0.1875, 0.3125, 0.4375, 0.171875, 0.25, 0.3125, 0.0859375, 0.1875, 0.5625, 0.8125, 0.15625, 0.359375, 0.171875, 0.0703125, 0.25, 0.25, 0.125, 0.1875, 0.109375, 0.203125, 0.03125]","[0.09375, 0.15625, 0.21875, 0.265625, 0.15625, 0.171875, 0.0859375, 0.09375, 0.3125, 0.40625, 0.1875, 0.2109375, 0.1015625, 0.1171875, 0.125, 0.21875, 0.09375, 0.21875, 0.0703125, 0.1328125, 0.03125]",[36],0.7038480617346148,0.5265359227210936
123,5177.03125,"[0.1875, 0.3125, 0.4375, 0.171875, 0.25, 0.3125, 0.0859375, 0.1875, 0.5625, 0.8125, 0.15625, 0.359375, 0.171875, 0.0703125, 0.25, 0.25, 0.125, 0.1875, 0.109375, 0.203125, 0.03125]","[0.09375, 0.15625, 0.21875, 0.265625, 0.15625, 0.171875, 0.0859375, 0.09375, 0.3125, 0.40625, 0.1875, 0.2109375, 0.1015625, 0.1171875, 0.125, 0.21875, 0.09375, 0.21875, 0.0703125, 0.1328125, 0.03125]",[36],0.7038480617346148,0.5265359227210936
124,5137.34375,"[0.1875, 0.3125, 0.4375, 0.171875, 0.25, 0.3125, 0.0859375, 0.1875, 0.5625, 0.8125, 0.15625, 0.359375, 0.171875, 0.0703125, 0.25, 0.25, 0.125, 0.1875, 0.109375, 0.203125, 0.03125]","[0.09375, 0.15625, 0.21875, 0.265625, 0.15625, 0.171875, 0.0859375, 0.09375, 0.3125, 0.40625, 0.1875, 0.2109375, 0.1015625, 0.1171875, 0.125, 0.21875, 0.09375, 0.21875, 0.0703125, 0.1328125, 0.03125]",[36],0.7038480617346148,0.5265359227210936
125,5137.34375,"[0.1875, 0.3125, 0.4375, 0.171875, 0.25, 0.3125, 0.0859375, 0.1875, 0.5625, 0.8125, 0.15625, 0.359375, 0.171875, 0.0703125, 0.25, 0.25, 0.125, 0.1875, 0.109375, 0.203125, 0.03125]","[0.09375, 0.15625, 0.21875, 0.265625, 0.15625, 0.171875, 0.0859375, 0.09375, 0.3125, 0.40625, 0.1875, 0.2109375, 0.1015625, 0.1171875, 0.125, 0.21875, 0.09375, 0.21875, 0.0703125, 0.1328125, 0.03125]",[36],0.7038480617346148,0.5265359227210936
126,5137.34375,"[0.1875, 0.3125, 0.4375, 0.171875, 0.25, 0.3125, 0.0859375, 0.1875, 0.5625, 0.8125, 0.15625, 0.390625, 0.171875, 0.0703125, 0.25, 0.25, 0.125, 0.1875, 0.109375, 0.203125, 0.03125]","[0.09375, 0.15625, 0.21875, 0.265625, 0.15625, 0.171875, 0.0859375, 0.09375, 0.3125, 0.40625, 0.1875, 0.2265625, 0.1015625, 0.1171875, 0.125, 0.21875, 0.09375, 0.21875, 0.0703125, 0.1328125, 0.03125]","[83, 84]",0.7038867143348584,0.5269106001119793
127,5335.78125,"[0.1875, 0.3125, 0.4375, 0.171875, 0.375, 0.3125, 0.0859375, 0.1875, 0.5625, 0.8125, 0.15625, 0.390625, 0.171875, 0.0703125, 0.25, 0.25, 0.125, 0.1875, 0.109375, 0.203125, 0.03125]","[0.09375, 0.15625, 0.21875, 0.265625, 0.21875, 0.171875, 0.0859375, 0.09375, 0.3125, 0.40625, 0.1875, 0.2265625, 0.1015625, 0.1171875, 0.125, 0.21875, 0.09375, 0.21875, 0.0703125, 0.1328125, 0.03125]","[83, 85]",0.6952444457307593,0.521659195350614
128,5475.3125,"[0.1875, 0.3125, 0.4375, 0.171875, 0.375, 0.328125, 0.0859375, 0.1875, 0.5625, 0.8125, 0.15625, 0.390625, 0.171875, 0.0703125, 0.25, 0.25, 0.125, 0.1875, 0.109375, 0.203125, 0.03125]","[0.09375, 0.15625, 0.21875, 0.265625, 0.21875, 0.1796875, 0.0859375, 0.09375, 0.3125, 0.40625, 0.1875, 0.2265625, 0.1015625, 0.1171875, 0.125, 0.21875, 0.09375, 0.21875, 0.0703125, 0.1328125, 0.03125]","[83, 86]",0.6942585166214144,0.5206797040256873
129,5395.0,"[0.1875, 0.3125, 0.4375, 0.171875, 0.375, 0.359375, 0.0859375, 0.1875, 0.5625, 0.875, 0.15625, 0.390625, 0.171875, 0.0703125, 0.25, 0.25, 0.125, 0.1875, 0.109375, 0.203125, 0.03125]","[0.09375, 0.15625, 0.21875, 0.265625, 0.21875, 0.2109375, 0.0859375, 0.09375, 0.3125, 0.4375, 0.1875, 0.2265625, 0.1015625, 0.1171875, 0.125, 0.21875, 0.09375, 0.21875, 0.0703125, 0.1328125, 0.03125]",[87],0.7211349892904418,0.5380267882693116
130,5414.6875,"[0.1875, 0.34375, 0.4375, 0.171875, 0.375, 0.359375, 0.0859375, 0.1875, 0.5625, 0.875, 0.15625, 0.390625, 0.171875, 0.0703125, 0.25, 0.25, 0.125, 0.1875, 0.109375, 0.203125, 0.03125]","[0.09375, 0.171875, 0.21875, 0.265625, 0.21875, 0.2109375, 0.0859375, 0.09375, 0.3125, 0.4375, 0.1875, 0.2265625, 0.1015625, 0.1171875, 0.125, 0.21875, 0.09375, 0.21875, 0.0703125, 0.1328125, 0.03125]","[88, 89]",0.7190167326035333,0.5353154288772499
131,5732.1875,"[0.1875, 0.34375, 0.4375, 0.171875, 0.375, 0.359375, 0.0859375, 0.1875, 0.5625, 0.875, 0.15625, 0.390625, 0.171875, 0.0703125, 0.25, 0.25, 0.125, 0.1875, 0.109375, 0.203125, 0.03125]","[0.09375, 0.171875, 0.21875, 0.265625, 0.21875, 0.2109375, 0.0859375, 0.09375, 0.3125, 0.4375, 0.1875, 0.2265625, 0.1015625, 0.1171875, 0.125, 0.21875, 0.09375, 0.21875, 0.0703125, 0.1328125, 0.03125]",[88],0.7190167326035333,0.5353154288772499
132,5454.375,"[0.1875, 0.34375, 0.4375, 0.171875, 0.375, 0.359375, 0.0859375, 0.1875, 0.5625, 0.875, 0.15625, 0.390625, 0.171875, 0.0703125, 0.25, 0.25, 0.125, 0.1875, 0.109375, 0.203125, 0.03125]","[0.09375, 0.171875, 0.21875, 0.265625, 0.21875, 0.2109375, 0.0859375, 0.09375, 0.3125, 0.4375, 0.1875, 0.2265625, 0.1015625, 0.1171875, 0.125, 0.21875, 0.09375, 0.21875, 0.0703125, 0.1328125, 0.03125]",[88],0.7190167326035333,0.5353154288772499
133,5454.0625,"[0.1875, 0.34375, 0.4375, 0.171875, 0.375, 0.359375, 0.0859375, 0.1875, 0.5625, 0.875, 0.15625, 0.390625, 0.171875, 0.0703125, 0.25, 0.25, 0.125, 0.1875, 0.109375, 0.203125, 0.03125]","[0.09375, 0.171875, 0.21875, 0.265625, 0.21875, 0.2109375, 0.0859375, 0.09375, 0.3125, 0.4375, 0.1875, 0.2265625, 0.1015625, 0.1171875, 0.125, 0.21875, 0.09375, 0.21875, 0.0703125, 0.1328125, 0.03125]","[88, 89]",0.7190167326035333,0.5353154288772499
134,5533.75,"[0.1875, 0.34375, 0.4375, 0.171875, 0.375, 0.359375, 0.0859375, 0.1875, 0.625, 0.875, 0.15625, 0.390625, 0.171875, 0.0703125, 0.25, 0.25, 0.125, 0.1875, 0.109375, 0.203125, 0.03125]","[0.09375, 0.171875, 0.21875, 0.265625, 0.21875, 0.2109375, 0.0859375, 0.09375, 0.34375, 0.4375, 0.1875, 0.2265625, 0.1015625, 0.1171875, 0.125, 0.21875, 0.09375, 0.21875, 0.0703125, 0.1328125, 0.03125]","[89, 90, 91, 92]",0.7301277382443024,0.5447834213956992
135,5948.75,"[0.21875, 0.34375, 0.4375, 0.171875, 0.375, 0.484375, 0.0859375, 0.1875, 0.625, 0.875, 0.15625, 0.390625, 0.171875, 0.0703125, 0.5, 0.25, 0.125, 0.1875, 0.109375, 0.328125, 0.03125]","[0.109375, 0.171875, 0.21875, 0.265625, 0.21875, 0.2734375, 0.0859375, 0.09375, 0.34375, 0.4375, 0.1875, 0.2265625, 0.1015625, 0.1171875, 0.25, 0.21875, 0.09375, 0.21875, 0.0703125, 0.1953125, 0.03125]","[93, 94, 95]",0.6978171661517745,0.5143153064590463
136,6227.03125,"[0.21875, 0.34375, 0.4375, 0.171875, 0.375, 0.484375, 0.0859375, 0.1875, 0.625, 0.875, 0.15625, 0.390625, 0.171875, 0.0703125, 0.5, 0.25, 0.125, 0.1875, 0.109375, 0.328125, 0.03125]","[0.109375, 0.171875, 0.21875, 0.265625, 0.21875, 0.2734375, 0.0859375, 0.09375, 0.34375, 0.4375, 0.1875, 0.2265625, 0.1015625, 0.1171875, 0.25, 0.21875, 0.09375, 0.21875, 0.0703125, 0.1953125, 0.03125]",[93],0.6978171661517745,0.5143153064590463
137,5988.4375,"[0.21875, 0.34375, 0.4375, 0.171875, 0.375, 0.484375, 0.0859375, 0.1875, 0.625, 0.875, 0.1875, 0.390625, 0.171875, 0.0703125, 0.5, 0.25, 0.125, 0.1875, 0.109375, 0.328125, 0.03125]","[0.109375, 0.171875, 0.21875, 0.265625, 0.21875, 0.2734375, 0.0859375, 0.09375, 0.34375, 0.4375, 0.25, 0.2265625, 0.1015625, 0.1171875, 0.25, 0.21875, 0.09375, 0.21875, 0.0703125, 0.1953125, 0.03125]",[94],0.6912621880375615,0.5111417121813098
138,6027.8125,"[0.21875, 0.34375, 0.4375, 0.171875, 0.375, 0.484375, 0.0859375, 0.1875, 0.625, 0.875, 0.1875, 0.390625, 0.171875, 0.0703125, 0.5, 0.25, 0.125, 0.1875, 0.109375, 0.328125, 0.03125]","[0.109375, 0.171875, 0.21875, 0.265625, 0.21875, 0.2734375, 0.0859375, 0.09375, 0.34375, 0.4375, 0.25, 0.2265625, 0.1015625, 0.1171875, 0.25, 0.21875, 0.09375, 0.21875, 0.0703125, 0.1953125, 0.03125]",[94],0.6912621880375615,0.5111417121813098
139,6028.125,"[0.21875, 0.34375, 0.4375, 0.171875, 0.375, 0.484375, 0.0859375, 0.1875, 0.625, 0.875, 0.1875, 0.421875, 0.171875, 0.0703125, 0.5, 0.25, 0.125, 0.1875, 0.109375, 0.328125, 0.03125]","[0.109375, 0.171875, 0.21875, 0.265625, 0.21875, 0.2734375, 0.0859375, 0.09375, 0.34375, 0.4375, 0.25, 0.2421875, 0.1015625, 0.1171875, 0.25, 0.21875, 0.09375, 0.21875, 0.0703125, 0.1953125, 0.03125]",[95],0.6905653827866519,0.5109072173056532
140,6067.96875,"[0.21875, 0.34375, 0.4375, 0.171875, 0.375, 0.484375, 0.0859375, 0.1875, 0.625, 0.875, 0.1875, 0.421875, 0.171875, 0.0703125, 0.5, 0.25, 0.125, 0.1875, 0.109375, 0.328125, 0.03125]","[0.109375, 0.171875, 0.21875, 0.265625, 0.21875, 0.2734375, 0.0859375, 0.09375, 0.34375, 0.4375, 0.25, 0.2421875, 0.1015625, 0.1171875, 0.25, 0.21875, 0.09375, 0.21875, 0.0703125, 0.1953125, 0.03125]",[95],0.6905653827866519,0.5109072173056532
141,6107.5,"[0.21875, 0.34375, 0.4375, 0.171875, 0.375, 0.484375, 0.0859375, 0.1875, 0.625, 0.875, 0.1875, 0.421875, 0.171875, 0.0703125, 0.5, 0.25, 0.125, 0.1875, 0.109375, 0.328125, 0.03125]","[0.109375, 0.171875, 0.21875, 0.265625, 0.21875, 0.2734375, 0.0859375, 0.09375, 0.34375, 0.4375, 0.25, 0.2421875, 0.1015625, 0.1171875, 0.25, 0.21875, 0.09375, 0.21875, 0.0703125, 0.1953125, 0.03125]","[95, 96]",0.6905653827866519,0.5109072173056532
142,6266.25,"[0.21875, 0.34375, 0.4375, 0.171875, 0.375, 0.484375, 0.1484375, 0.1875, 0.375, 0.875, 0.1875, 0.421875, 0.171875, 0.0703125, 0.5, 0.25, 0.125, 0.1875, 0.109375, 0.328125, 0.03125]","[0.109375, 0.171875, 0.21875, 0.265625, 0.21875, 0.2734375, 0.1484375, 0.09375, 0.21875, 0.4375, 0.25, 0.2421875, 0.1015625, 0.1171875, 0.25, 0.21875, 0.09375, 0.21875, 0.0703125, 0.1953125, 0.03125]","[50, 95]",0.6582852245409723,0.4756021779011851
143,6207.421875,"[0.21875, 0.34375, 0.4375, 0.171875, 0.375, 0.484375, 0.15625, 0.1875, 0.375, 0.875, 0.1875, 0.421875, 0.171875, 0.0703125, 0.5, 0.25, 0.125, 0.1875, 0.109375, 0.328125, 0.03125]","[0.109375, 0.171875, 0.21875, 0.265625, 0.21875, 0.2734375, 0.15625, 0.09375, 0.21875, 0.4375, 0.25, 0.2421875, 0.1015625, 0.1171875, 0.25, 0.21875, 0.09375, 0.21875, 0.0703125, 0.1953125, 0.03125]",[50],0.6565051413435056,0.4738716699098916
144,6207.421875,"[0.21875, 0.34375, 0.4375, 0.171875, 0.375, 0.484375, 0.15625, 0.1875, 0.375, 0.875, 0.1875, 0.421875, 0.171875, 0.0703125, 0.5, 0.25, 0.125, 0.1875, 0.109375, 0.328125, 0.03125]","[0.109375, 0.171875, 0.21875, 0.265625, 0.21875, 0.2734375, 0.15625, 0.09375, 0.21875, 0.4375, 0.25, 0.2421875, 0.1015625, 0.1171875, 0.25, 0.21875, 0.09375, 0.21875, 0.0703125, 0.1953125, 0.03125]","[50, 97]",0.6565051413435056,0.4738716699098916
145,6109.296875,"[0.21875, 0.34375, 0.4375, 0.171875, 0.375, 0.484375, 0.15625, 0.1875, 0.375, 0.875, 0.1875, 0.421875, 0.171875, 0.0703125, 0.5, 0.25, 0.125, 0.1875, 0.109375, 0.328125, 0.03125]","[0.109375, 0.171875, 0.21875, 0.265625, 0.21875, 0.2734375, 0.15625, 0.09375, 0.21875, 0.4375, 0.25, 0.2421875, 0.1015625, 0.1171875, 0.25, 0.21875, 0.09375, 0.21875, 0.0703125, 0.1953125, 0.03125]","[50, 97, 98]",0.6565051413435056,0.4738716699098916
146,6367.421875,"[0.21875, 0.34375, 0.4375, 0.171875, 0.375, 0.484375, 0.15625, 0.1875, 0.375, 0.875, 0.1875, 0.421875, 0.171875, 0.0546875, 0.5, 0.25, 0.125, 0.15625, 0.109375, 0.328125, 0.03125]","[0.109375, 0.171875, 0.21875, 0.265625, 0.21875, 0.2734375, 0.15625, 0.09375, 0.21875, 0.4375, 0.25, 0.2421875, 0.1015625, 0.0859375, 0.25, 0.21875, 0.09375, 0.1875, 0.0703125, 0.1953125, 0.03125]","[23, 50]",0.6678999898422493,0.4876418272674926
147,6167.265625,"[0.21875, 0.34375, 0.4375, 0.171875, 0.375, 0.484375, 0.15625, 0.4375, 0.375, 0.875, 0.1875, 0.421875, 0.171875, 0.0546875, 0.5, 0.25, 0.125, 0.15625, 0.109375, 0.328125, 0.03125]","[0.109375, 0.171875, 0.21875, 0.265625, 0.21875, 0.2734375, 0.15625, 0.21875, 0.21875, 0.4375, 0.25, 0.2421875, 0.1015625, 0.0859375, 0.25, 0.21875, 0.09375, 0.1875, 0.0703125, 0.1953125, 0.03125]",[50],0.6458161025810005,0.46130698050964186
148,6287.265625,"[0.21875, 0.34375, 0.4375, 0.171875, 0.375, 0.484375, 0.15625, 0.4375, 0.375, 0.875, 0.1875, 0.421875, 0.171875, 0.0546875, 0.5, 0.25, 0.125, 0.15625, 0.109375, 0.328125, 0.03125]","[0.109375, 0.171875, 0.21875, 0.265625, 0.21875, 0.2734375, 0.15625, 0.21875, 0.21875, 0.4375, 0.25, 0.2421875, 0.1015625, 0.0859375, 0.25, 0.21875, 0.09375, 0.1875, 0.0703125, 0.1953125, 0.03125]",[50],0.6458161025810005,0.46130698050964186
149,6207.265625,"[0.21875, 0.34375, 0.4375, 0.171875, 0.375, 0.484375, 0.15625, 0.4375, 0.375, 0.875, 0.1875, 0.421875, 0.171875, 0.0546875, 0.5, 0.25, 0.125, 0.15625, 0.109375, 0.328125, 0.03125]","[0.109375, 0.171875, 0.21875, 0.265625, 0.21875, 0.2734375, 0.15625, 0.21875, 0.21875, 0.4375, 0.25, 0.2421875, 0.1015625, 0.0859375, 0.25, 0.21875, 0.09375, 0.1875, 0.0703125, 0.1953125, 0.03125]","[50, 77]",0.6458161025810005,0.46130698050964186
150,6306.484375,"[0.21875, 0.34375, 0.4375, 0.171875, 0.375, 0.484375, 0.15625, 0.4375, 0.375, 0.875, 0.1875, 0.421875, 0.171875, 0.0546875, 0.5, 0.25, 0.125, 0.15625, 0.109375, 0.328125, 0.03125]","[0.109375, 0.171875, 0.21875, 0.265625, 0.21875, 0.2734375, 0.15625, 0.21875, 0.21875, 0.4375, 0.25, 0.2421875, 0.1015625, 0.0859375, 0.25, 0.21875, 0.09375, 0.1875, 0.0703125, 0.1953125, 0.03125]","[50, 77]",0.6458161025810005,0.46130698050964186
151,6246.953125,"[0.21875, 0.34375, 0.4375, 0.203125, 0.375, 0.484375, 0.15625, 0.4375, 0.375, 0.875, 0.1875, 0.421875, 0.171875, 0.0546875, 0.5, 0.25, 0.0625, 0.15625, 0.109375, 0.328125, 0.03125]","[0.109375, 0.171875, 0.21875, 0.328125, 0.21875, 0.2734375, 0.15625, 0.21875, 0.21875, 0.4375, 0.25, 0.2421875, 0.1015625, 0.0859375, 0.25, 0.21875, 0.0625, 0.1875, 0.0703125, 0.1953125, 0.03125]",[35],0.6568460212868665,0.48525154280371335
152,6207.578125,"[0.21875, 0.34375, 0.4375, 0.203125, 0.375, 0.484375, 0.15625, 0.4375, 0.375, 0.875, 0.1875, 0.421875, 0.171875, 0.0546875, 0.5, 0.25, 0.0625, 0.21875, 0.109375, 0.328125, 0.03125]","[0.109375, 0.171875, 0.21875, 0.328125, 0.21875, 0.2734375, 0.15625, 0.21875, 0.21875, 0.4375, 0.25, 0.2421875, 0.1015625, 0.0859375, 0.25, 0.21875, 0.0625, 0.25, 0.0703125, 0.1953125, 0.03125]","[50, 97]",0.6446371019225747,0.4818482226465359
153,6326.640625,"[0.21875, 0.34375, 0.4375, 0.203125, 0.375, 0.484375, 0.15625, 0.4375, 0.4375, 0.875, 0.1875, 0.421875, 0.171875, 0.0546875, 0.5, 0.25, 0.0625, 0.21875, 0.109375, 0.328125, 0.03125]","[0.109375, 0.171875, 0.21875, 0.328125, 0.21875, 0.2734375, 0.15625, 0.21875, 0.28125, 0.4375, 0.25, 0.2421875, 0.1015625, 0.0859375, 0.25, 0.21875, 0.0625, 0.25, 0.0703125, 0.1953125, 0.03125]","[50, 98, 99, 100]",0.6437848908863638,0.48295005169297656
154,6484.765625,"[0.21875, 0.34375, 0.4375, 0.203125, 0.375, 0.484375, 0.15625, 0.4375, 0.4375, 0.875, 0.1875, 0.4375, 0.171875, 0.0546875, 0.5, 0.25, 0.0625, 0.34375, 0.109375, 0.328125, 0.03125]","[0.109375, 0.171875, 0.21875, 0.328125, 0.21875, 0.2734375, 0.15625, 0.21875, 0.28125, 0.4375, 0.25, 0.25, 0.1015625, 0.0859375, 0.25, 0.21875, 0.0625, 0.375, 0.0703125, 0.1953125, 0.03125]",[50],0.6290803992816265,0.5012098300816157
155,6445.390625,"[0.21875, 0.34375, 0.4375, 0.203125, 0.375, 0.484375, 0.15625, 0.4375, 0.4375, 0.875, 0.1875, 0.4375, 0.171875, 0.0546875, 0.5, 0.25, 0.0625, 0.34375, 0.09375, 0.328125, 0.03125]","[0.109375, 0.171875, 0.21875, 0.328125, 0.21875, 0.2734375, 0.15625, 0.21875, 0.28125, 0.4375, 0.25, 0.25, 0.1015625, 0.0859375, 0.25, 0.21875, 0.0625, 0.375, 0.0625, 0.1953125, 0.03125]",[13],0.6331839040053083,0.5045642912126682
156,6445.390625,"[0.21875, 0.34375, 0.4375, 0.203125, 0.375, 0.484375, 0.15625, 0.4375, 0.4375, 0.875, 0.1875, 0.4375, 0.171875, 0.0546875, 0.5, 0.25, 0.0625, 0.34375, 0.09375, 0.328125, 0.03125]","[0.109375, 0.171875, 0.21875, 0.328125, 0.21875, 0.2734375, 0.15625, 0.21875, 0.28125, 0.4375, 0.25, 0.25, 0.1015625, 0.0859375, 0.25, 0.21875, 0.0625, 0.375, 0.0625, 0.1953125, 0.03125]","[13, 50]",0.6331839040053083,0.5045642912126682
157,6525.234375,"[0.21875, 0.34375, 0.4375, 0.203125, 0.375, 0.484375, 0.1875, 0.4375, 0.4375, 0.875, 0.1875, 0.4375, 0.171875, 0.0703125, 0.5, 0.25, 0.0625, 0.34375, 0.09375, 0.328125, 0.03125]","[0.109375, 0.171875, 0.21875, 0.328125, 0.21875, 0.2734375, 0.1875, 0.21875, 0.28125, 0.4375, 0.25, 0.25, 0.1015625, 0.1015625, 0.25, 0.21875, 0.0625, 0.375, 0.0625, 0.1953125, 0.03125]",[98],0.6221514013255949,0.49281888340440744
158,6564.921875,"[0.21875, 0.34375, 0.4375, 0.203125, 0.375, 0.484375, 0.1875, 0.4375, 0.4375, 0.875, 0.1875, 0.4375, 0.171875, 0.0703125, 0.5, 0.25, 0.0625, 0.375, 0.09375, 0.328125, 0.03125]","[0.109375, 0.171875, 0.21875, 0.328125, 0.21875, 0.2734375, 0.1875, 0.21875, 0.28125, 0.4375, 0.25, 0.25, 0.1015625, 0.1015625, 0.25, 0.21875, 0.0625, 0.40625, 0.0625, 0.1953125, 0.03125]",[101],0.6204194989654181,0.5019604423799606
159,6644.296875,"[0.21875, 0.34375, 0.4375, 0.203125, 0.375, 0.359375, 0.1875, 0.4375, 0.4375, 0.875, 0.1875, 0.4375, 0.171875, 0.0703125, 0.5, 0.25, 0.0625, 0.375, 0.09375, 0.328125, 0.03125]","[0.109375, 0.171875, 0.21875, 0.328125, 0.21875, 0.2109375, 0.1875, 0.21875, 0.28125, 0.4375, 0.25, 0.25, 0.1015625, 0.1015625, 0.25, 0.21875, 0.0625, 0.40625, 0.0625, 0.1953125, 0.03125]","[57, 101, 102]",0.6207501063940508,0.5043134670955038
160,6642.734375,"[0.21875, 0.34375, 0.4375, 0.203125, 0.375, 0.359375, 0.1875, 0.4375, 0.4375, 0.875, 0.1875, 0.4375, 0.171875, 0.0703125, 0.5, 0.25, 0.0625, 0.375, 0.09375, 0.328125, 0.03125]","[0.109375, 0.171875, 0.21875, 0.328125, 0.21875, 0.2109375, 0.1875, 0.21875, 0.28125, 0.4375, 0.25, 0.25, 0.1015625, 0.1015625, 0.25, 0.21875, 0.0625, 0.40625, 0.0625, 0.1953125, 0.03125]","[57, 101, 102, 103]",0.6207501063940508,0.5043134670955038
161,6604.609375,"[0.21875, 0.34375, 0.4375, 0.203125, 0.375, 0.296875, 0.203125, 0.4375, 0.5, 0.875, 0.1875, 0.4375, 0.171875, 0.0859375, 0.5, 0.25, 0.0625, 0.375, 0.09375, 0.328125, 0.03125]","[0.109375, 0.171875, 0.21875, 0.328125, 0.21875, 0.1796875, 0.21875, 0.21875, 0.34375, 0.4375, 0.25, 0.25, 0.1015625, 0.1328125, 0.25, 0.21875, 0.0625, 0.40625, 0.0625, 0.1953125, 0.03125]","[7, 101]",0.6206441169743259,0.5022208111696216
162,6682.109375,"[0.21875, 0.34375, 0.6875, 0.203125, 0.375, 0.296875, 0.203125, 0.4375, 0.5, 0.875, 0.1875, 0.4375, 0.171875, 0.0859375, 0.5, 0.25, 0.0625, 0.375, 0.09375, 0.328125, 0.03125]","[0.109375, 0.171875, 0.34375, 0.328125, 0.21875, 0.1796875, 0.21875, 0.21875, 0.34375, 0.4375, 0.25, 0.25, 0.1015625, 0.1328125, 0.25, 0.21875, 0.0625, 0.40625, 0.0625, 0.1953125, 0.03125]",[101],0.6451453740983294,0.5059691257799911
163,6623.203125,"[0.21875, 0.34375, 0.6875, 0.203125, 0.375, 0.3125, 0.203125, 0.4375, 0.5, 0.875, 0.1875, 0.40625, 0.171875, 0.0859375, 0.5, 0.25, 0.0625, 0.375, 0.09375, 0.328125, 0.03125]","[0.109375, 0.171875, 0.34375, 0.328125, 0.21875, 0.1875, 0.21875, 0.21875, 0.34375, 0.4375, 0.25, 0.21875, 0.1015625, 0.1328125, 0.25, 0.21875, 0.0625, 0.40625, 0.0625, 0.1953125, 0.03125]","[30, 104]",0.6441069563605253,0.5068783392634153
164,6682.734375,"[0.21875, 0.34375, 0.6875, 0.203125, 0.375, 0.3125, 0.140625, 0.4375, 0.5, 0.875, 0.1875, 0.40625, 0.171875, 0.0859375, 0.5, 0.25, 0.0625, 0.375, 0.09375, 0.328125, 0.03125]","[0.109375, 0.171875, 0.34375, 0.328125, 0.21875, 0.1875, 0.15625, 0.21875, 0.34375, 0.4375, 0.25, 0.21875, 0.1015625, 0.1328125, 0.25, 0.21875, 0.0625, 0.40625, 0.0625, 0.1953125, 0.03125]","[30, 96]",0.6568512026036989,0.5173113034199829
165,6523.359375,"[0.21875, 0.34375, 0.6875, 0.203125, 0.375, 0.3125, 0.140625, 0.4375, 0.5, 0.8125, 0.1875, 0.40625, 0.171875, 0.0859375, 0.5, 0.25, 0.0625, 0.375, 0.09375, 0.328125, 0.03125]","[0.109375, 0.171875, 0.34375, 0.328125, 0.21875, 0.1875, 0.15625, 0.21875, 0.34375, 0.40625, 0.25, 0.21875, 0.1015625, 0.1328125, 0.25, 0.21875, 0.0625, 0.40625, 0.0625, 0.1953125, 0.03125]",[30],0.6379401395451941,0.5071530009182196
166,6424.140625,"[0.21875, 0.34375, 0.6875, 0.203125, 0.375, 0.3125, 0.140625, 0.4375, 0.5625, 0.8125, 0.1875, 0.40625, 0.171875, 0.0859375, 0.5, 0.25, 0.0625, 0.375, 0.09375, 0.328125, 0.03125]","[0.109375, 0.171875, 0.34375, 0.328125, 0.21875, 0.1875, 0.15625, 0.21875, 0.375, 0.40625, 0.25, 0.21875, 0.1015625, 0.1328125, 0.25, 0.21875, 0.0625, 0.40625, 0.0625, 0.1953125, 0.03125]",[86],0.6422937118861191,0.5132833275489411
167,6463.515625,"[0.21875, 0.34375, 0.6875, 0.203125, 0.375, 0.3125, 0.140625, 0.4375, 0.5625, 0.875, 0.1875, 0.40625, 0.171875, 0.0859375, 0.5, 0.25, 0.0625, 0.375, 0.09375, 0.328125, 0.03125]","[0.109375, 0.171875, 0.34375, 0.328125, 0.21875, 0.1875, 0.15625, 0.21875, 0.375, 0.46875, 0.25, 0.21875, 0.1015625, 0.1328125, 0.25, 0.21875, 0.0625, 0.40625, 0.0625, 0.1953125, 0.03125]",[96],0.660466435508384,0.5340261492706055
168,6483.203125,"[0.21875, 0.34375, 0.71875, 0.203125, 0.375, 0.3125, 0.140625, 0.4375, 0.5625, 0.875, 0.1875, 0.40625, 0.171875, 0.0859375, 0.5, 0.25, 0.0625, 0.375, 0.09375, 0.328125, 0.03125]","[0.109375, 0.171875, 0.359375, 0.328125, 0.21875, 0.1875, 0.15625, 0.21875, 0.375, 0.46875, 0.25, 0.21875, 0.1015625, 0.1328125, 0.25, 0.21875, 0.0625, 0.40625, 0.0625, 0.1953125, 0.03125]",[104],0.6659522179725439,0.5362798593931327
169,6523.046875,"[0.21875, 0.34375, 0.71875, 0.203125, 0.375, 0.3125, 0.140625, 0.4375, 0.5625, 0.875, 0.1875, 0.40625, 0.171875, 0.0859375, 0.5, 0.25, 0.0625, 0.3125, 0.09375, 0.328125, 0.046875]","[0.109375, 0.171875, 0.359375, 0.328125, 0.21875, 0.1875, 0.15625, 0.21875, 0.375, 0.46875, 0.25, 0.21875, 0.1015625, 0.1328125, 0.25, 0.21875, 0.0625, 0.34375, 0.0625, 0.1953125, 0.046875]",[73],0.6663627687439206,0.5165853025464209
170,6483.359375,"[0.21875, 0.34375, 0.71875, 0.203125, 0.375, 0.3125, 0.140625, 0.1875, 0.5625, 0.875, 0.1875, 0.40625, 0.171875, 0.0859375, 0.5, 0.25, 0.0625, 0.3125, 0.09375, 0.328125, 0.046875]","[0.109375, 0.171875, 0.359375, 0.328125, 0.21875, 0.1875, 0.15625, 0.09375, 0.375, 0.46875, 0.25, 0.21875, 0.1015625, 0.1328125, 0.25, 0.21875, 0.0625, 0.34375, 0.0625, 0.1953125, 0.046875]",[23],0.6919778602322546,0.5453142197705456
171,6443.671875,"[0.21875, 0.34375, 0.71875, 0.203125, 0.375, 0.3125, 0.140625, 0.1875, 0.5625, 0.875, 0.1875, 0.40625, 0.171875, 0.0859375, 0.5, 0.25, 0.0625, 0.3125, 0.09375, 0.328125, 0.046875]","[0.109375, 0.171875, 0.359375, 0.328125, 0.21875, 0.1875, 0.15625, 0.09375, 0.375, 0.46875, 0.25, 0.21875, 0.1015625, 0.1328125, 0.25, 0.21875, 0.0625, 0.34375, 0.0625, 0.1953125, 0.046875]",[23],0.6919778602322546,0.5453142197705456
172,6325.859375,"[0.21875, 0.34375, 0.71875, 0.203125, 0.375, 0.3125, 0.140625, 0.1875, 0.5625, 0.875, 0.1875, 0.40625, 0.171875, 0.0859375, 0.5, 0.25, 0.0625, 0.3125, 0.09375, 0.328125, 0.046875]","[0.109375, 0.171875, 0.359375, 0.328125, 0.21875, 0.1875, 0.15625, 0.09375, 0.375, 0.46875, 0.25, 0.21875, 0.1015625, 0.1328125, 0.25, 0.21875, 0.0625, 0.34375, 0.0625, 0.1953125, 0.046875]",[23],0.6919778602322546,0.5453142197705456
173,6306.09375,"[0.21875, 0.21875, 0.71875, 0.203125, 0.375, 0.3125, 0.140625, 0.1875, 0.5625, 0.875, 0.1875, 0.40625, 0.171875, 0.0859375, 0.5, 0.1875, 0.0625, 0.3125, 0.09375, 0.328125, 0.046875]","[0.109375, 0.109375, 0.359375, 0.328125, 0.21875, 0.1875, 0.15625, 0.09375, 0.375, 0.46875, 0.25, 0.21875, 0.1015625, 0.1328125, 0.25, 0.15625, 0.0625, 0.34375, 0.0625, 0.1953125, 0.046875]",[23],0.7185194510871121,0.5718609850722692
174,6187.96875,"[0.21875, 0.21875, 0.71875, 0.203125, 0.375, 0.3125, 0.140625, 0.1875, 0.5625, 0.875, 0.1875, 0.40625, 0.171875, 0.0859375, 0.5, 0.1875, 0.0625, 0.3125, 0.09375, 0.328125, 0.0546875]","[0.109375, 0.109375, 0.359375, 0.328125, 0.21875, 0.1875, 0.15625, 0.09375, 0.375, 0.46875, 0.25, 0.21875, 0.1015625, 0.1328125, 0.25, 0.15625, 0.0625, 0.34375, 0.0625, 0.1953125, 0.0546875]","[41, 42]",0.7161608198887022,0.5683854764230785
175,6385.15625,"[0.21875, 0.21875, 0.71875, 0.203125, 0.375, 0.3125, 0.140625, 0.1875, 0.5625, 0.875, 0.1875, 0.40625, 0.171875, 0.0859375, 0.5, 0.1875, 0.0625, 0.3125, 0.09375, 0.328125, 0.0546875]","[0.109375, 0.109375, 0.359375, 0.328125, 0.21875, 0.1875, 0.15625, 0.09375, 0.375, 0.46875, 0.25, 0.21875, 0.1015625, 0.1328125, 0.25, 0.15625, 0.0625, 0.34375, 0.0625, 0.1953125, 0.0546875]",[41],0.7161608198887022,0.5683854764230785
176,6266.71875,"[0.21875, 0.1875, 0.71875, 0.203125, 0.375, 0.3125, 0.140625, 0.3125, 0.5625, 0.875, 0.1875, 0.40625, 0.171875, 0.0859375, 0.5, 0.1875, 0.0625, 0.3125, 0.09375, 0.328125, 0.0546875]","[0.109375, 0.09375, 0.359375, 0.328125, 0.21875, 0.1875, 0.15625, 0.15625, 0.375, 0.46875, 0.25, 0.21875, 0.1015625, 0.1328125, 0.25, 0.15625, 0.0625, 0.34375, 0.0625, 0.1953125, 0.0546875]",[42],0.7032430551372844,0.5554404010396058
177,6405.78125,"[0.21875, 0.1875, 0.71875, 0.203125, 0.375, 0.3125, 0.140625, 0.3125, 0.5, 0.875, 0.1875, 0.40625, 0.171875, 0.0859375, 0.5, 0.1875, 0.0625, 0.3125, 0.09375, 0.453125, 0.0546875]","[0.109375, 0.09375, 0.359375, 0.328125, 0.21875, 0.1875, 0.15625, 0.15625, 0.34375, 0.46875, 0.25, 0.21875, 0.1015625, 0.1328125, 0.25, 0.15625, 0.0625, 0.34375, 0.0625, 0.2578125, 0.0546875]","[73, 87, 88]",0.6939346624125717,0.5442747786335361
178,6643.59375,"[0.21875, 0.1875, 0.84375, 0.203125, 0.375, 0.3125, 0.1328125, 0.3125, 0.5, 0.875, 0.1875, 0.40625, 0.171875, 0.0859375, 0.5, 0.1875, 0.0625, 0.3125, 0.09375, 0.453125, 0.0546875]","[0.109375, 0.09375, 0.421875, 0.328125, 0.21875, 0.1875, 0.1484375, 0.15625, 0.34375, 0.46875, 0.25, 0.21875, 0.1015625, 0.1328125, 0.25, 0.15625, 0.0625, 0.34375, 0.0625, 0.2578125, 0.0546875]","[73, 88]",0.7246576704960331,0.5613526156516536
179,6464.921875,"[0.21875, 0.1875, 0.84375, 0.203125, 0.375, 0.3125, 0.1328125, 0.3125, 0.5, 0.875, 0.1875, 0.40625, 0.171875, 0.0859375, 0.5, 0.1875, 0.0625, 0.34375, 0.09375, 0.453125, 0.0546875]","[0.109375, 0.09375, 0.421875, 0.328125, 0.21875, 0.1875, 0.1484375, 0.15625, 0.34375, 0.46875, 0.25, 0.21875, 0.1015625, 0.1328125, 0.25, 0.15625, 0.0625, 0.375, 0.0625, 0.2578125, 0.0546875]","[88, 95]",0.7215854662882514,0.5664598882420877
180,6662.109375,"[0.21875, 0.1875, 0.84375, 0.203125, 0.375, 0.3125, 0.1328125, 0.3125, 0.5, 0.875, 0.1875, 0.40625, 0.171875, 0.0859375, 0.5, 0.1875, 0.0625, 0.34375, 0.09375, 0.453125, 0.0546875]","[0.109375, 0.09375, 0.421875, 0.328125, 0.21875, 0.1875, 0.1484375, 0.15625, 0.34375, 0.46875, 0.25, 0.21875, 0.1015625, 0.1328125, 0.25, 0.15625, 0.0625, 0.375, 0.0625, 0.2578125, 0.0546875]","[88, 95]",0.7215854662882514,0.5664598882420877
181,6643.515625,"[0.21875, 0.1875, 0.84375, 0.203125, 0.375, 0.3125, 0.1328125, 0.3125, 0.5, 0.875, 0.1875, 0.40625, 0.171875, 0.0859375, 0.5, 0.1875, 0.0625, 0.34375, 0.09375, 0.328125, 0.0546875]","[0.109375, 0.09375, 0.421875, 0.328125, 0.21875, 0.1875, 0.1484375, 0.15625, 0.34375, 0.46875, 0.25, 0.21875, 0.1015625, 0.1328125, 0.25, 0.15625, 0.0625, 0.375, 0.0625, 0.1953125, 0.0546875]","[88, 92]",0.7283492550499733,0.5723607131653643
182,6365.859375,"[0.21875, 0.1875, 0.84375, 0.203125, 0.375, 0.3125, 0.1328125, 0.3125, 0.5, 0.875, 0.1875, 0.40625, 0.171875, 0.0859375, 0.5, 0.1875, 0.0625, 0.34375, 0.109375, 0.328125, 0.0546875]","[0.109375, 0.09375, 0.421875, 0.328125, 0.21875, 0.1875, 0.1484375, 0.15625, 0.34375, 0.46875, 0.25, 0.21875, 0.1015625, 0.1328125, 0.25, 0.15625, 0.0625, 0.375, 0.0703125, 0.1953125, 0.0546875]",[92],0.7243306098372069,0.5691927477033533
183,6483.515625,"[0.21875, 0.1875, 0.84375, 0.203125, 0.375, 0.3125, 0.1328125, 0.3125, 0.5, 0.875, 0.1875, 0.40625, 0.171875, 0.0859375, 0.5, 0.1875, 0.0625, 0.34375, 0.109375, 0.328125, 0.0234375]","[0.109375, 0.09375, 0.421875, 0.328125, 0.21875, 0.1875, 0.1484375, 0.15625, 0.34375, 0.46875, 0.25, 0.21875, 0.1015625, 0.1328125, 0.25, 0.15625, 0.0625, 0.375, 0.0703125, 0.1953125, 0.0234375]",[17],0.7337525903626518,0.5835077154059304
184,6325.703125,"[0.21875, 0.1875, 0.84375, 0.203125, 0.375, 0.375, 0.1328125, 0.3125, 0.5, 0.875, 0.1875, 0.40625, 0.171875, 0.0703125, 0.5, 0.1875, 0.0625, 0.34375, 0.109375, 0.328125, 0.0234375]","[0.109375, 0.09375, 0.421875, 0.328125, 0.21875, 0.21875, 0.1484375, 0.15625, 0.34375, 0.46875, 0.25, 0.21875, 0.1015625, 0.1015625, 0.25, 0.15625, 0.0625, 0.375, 0.0703125, 0.1953125, 0.0234375]",[79],0.7325821130197969,0.5886817104936175
185,6444.609375,"[0.21875, 0.1875, 0.84375, 0.203125, 0.375, 0.375, 0.1328125, 0.3125, 0.5, 0.875, 0.1875, 0.40625, 0.171875, 0.0703125, 0.5, 0.1875, 0.0625, 0.34375, 0.109375, 0.328125, 0.0234375]","[0.109375, 0.09375, 0.421875, 0.328125, 0.21875, 0.21875, 0.1484375, 0.15625, 0.34375, 0.46875, 0.25, 0.21875, 0.1015625, 0.1015625, 0.25, 0.15625, 0.0625, 0.375, 0.0703125, 0.1953125, 0.0234375]","[79, 92]",0.7325821130197969,0.5886817104936175
186,6404.296875,"[0.21875, 0.1875, 0.84375, 0.203125, 0.40625, 0.375, 0.1328125, 0.3125, 0.5, 0.875, 0.1875, 0.40625, 0.171875, 0.0703125, 0.625, 0.1875, 0.0625, 0.34375, 0.109375, 0.328125, 0.0234375]","[0.109375, 0.09375, 0.421875, 0.328125, 0.234375, 0.21875, 0.1484375, 0.15625, 0.34375, 0.46875, 0.25, 0.21875, 0.1015625, 0.1015625, 0.3125, 0.15625, 0.0625, 0.375, 0.0703125, 0.1953125, 0.0234375]",[95],0.7380667121075303,0.5874204222684709
187,6443.984375,"[0.21875, 0.1875, 0.8125, 0.203125, 0.40625, 0.375, 0.1328125, 0.3125, 0.5, 0.875, 0.1875, 0.40625, 0.171875, 0.0703125, 0.625, 0.1875, 0.0625, 0.34375, 0.109375, 0.328125, 0.0234375]","[0.109375, 0.09375, 0.40625, 0.328125, 0.234375, 0.21875, 0.1484375, 0.15625, 0.34375, 0.46875, 0.25, 0.21875, 0.1015625, 0.1015625, 0.3125, 0.15625, 0.0625, 0.375, 0.0703125, 0.1953125, 0.0234375]",[95],0.7308371755596305,0.5835161278221634
188,6423.984375,"[0.1875, 0.1875, 0.8125, 0.171875, 0.40625, 0.375, 0.1328125, 0.3125, 0.5, 0.875, 0.1875, 0.40625, 0.171875, 0.0703125, 0.625, 0.25, 0.0625, 0.34375, 0.109375, 0.328125, 0.0234375]","[0.09375, 0.09375, 0.40625, 0.265625, 0.234375, 0.21875, 0.1484375, 0.15625, 0.34375, 0.46875, 0.25, 0.21875, 0.1015625, 0.1015625, 0.3125, 0.21875, 0.0625, 0.375, 0.0703125, 0.1953125, 0.0234375]","[12, 91]",0.7318208849277126,0.5757626929013531
189,6483.671875,"[0.1875, 0.1875, 0.8125, 0.171875, 0.40625, 0.375, 0.1328125, 0.3125, 0.5, 0.875, 0.1875, 0.40625, 0.171875, 0.0703125, 0.625, 0.25, 0.0625, 0.4375, 0.109375, 0.328125, 0.0234375]","[0.09375, 0.09375, 0.40625, 0.265625, 0.234375, 0.21875, 0.1484375, 0.15625, 0.34375, 0.46875, 0.25, 0.21875, 0.1015625, 0.1015625, 0.3125, 0.21875, 0.0625, 0.5, 0.0703125, 0.1953125, 0.0234375]",[96],0.7262379615725901,0.6103481446295693
190,6523.046875,"[0.1875, 0.25, 0.8125, 0.171875, 0.40625, 0.375, 0.1328125, 0.3125, 0.5, 0.875, 0.1875, 0.40625, 0.171875, 0.0703125, 0.625, 0.25, 0.0625, 0.40625, 0.109375, 0.328125, 0.0234375]","[0.09375, 0.15625, 0.40625, 0.265625, 0.234375, 0.21875, 0.1484375, 0.15625, 0.34375, 0.46875, 0.25, 0.21875, 0.1015625, 0.1015625, 0.3125, 0.21875, 0.0625, 0.46875, 0.0703125, 0.1953125, 0.0234375]","[98, 105]",0.7166531783238295,0.5818141289991646
191,6602.109375,"[0.1875, 0.25, 0.8125, 0.171875, 0.40625, 0.375, 0.1328125, 0.3125, 0.5, 0.875, 0.1875, 0.40625, 0.171875, 0.0703125, 0.625, 0.25, 0.0625, 0.40625, 0.109375, 0.328125, 0.0234375]","[0.09375, 0.15625, 0.40625, 0.265625, 0.234375, 0.21875, 0.1484375, 0.15625, 0.34375, 0.46875, 0.25, 0.21875, 0.1015625, 0.1015625, 0.3125, 0.21875, 0.0625, 0.46875, 0.0703125, 0.1953125, 0.0234375]",[98],0.7166531783238295,0.5818141289991646
192,6522.734375,"[0.1875, 0.25, 0.8125, 0.171875, 0.375, 0.375, 0.1328125, 0.3125, 0.5, 0.875, 0.1875, 0.40625, 0.171875, 0.0703125, 0.625, 0.25, 0.0625, 0.40625, 0.109375, 0.328125, 0.0234375]","[0.09375, 0.15625, 0.40625, 0.265625, 0.21875, 0.21875, 0.1484375, 0.15625, 0.34375, 0.46875, 0.25, 0.21875, 0.1015625, 0.1015625, 0.3125, 0.21875, 0.0625, 0.46875, 0.0703125, 0.1953125, 0.0234375]",[79],0.7184942748434151,0.5835038193327665
193,6523.359375,"[0.1875, 0.21875, 0.8125, 0.171875, 0.375, 0.375, 0.1328125, 0.3125, 0.5, 0.875, 0.1875, 0.40625, 0.171875, 0.0703125, 0.625, 0.25, 0.0625, 0.40625, 0.109375, 0.328125, 0.0234375]","[0.09375, 0.140625, 0.40625, 0.265625, 0.21875, 0.21875, 0.1484375, 0.15625, 0.34375, 0.46875, 0.25, 0.21875, 0.1015625, 0.1015625, 0.3125, 0.21875, 0.0625, 0.46875, 0.0703125, 0.1953125, 0.0234375]",[47],0.7235774326012758,0.5873586867543149
194,6583.359375,"[0.1875, 0.21875, 0.8125, 0.171875, 0.375, 0.375, 0.1328125, 0.3125, 0.5, 0.875, 0.1875, 0.40625, 0.171875, 0.0703125, 0.625, 0.25, 0.0625, 0.40625, 0.109375, 0.328125, 0.0234375]","[0.09375, 0.140625, 0.40625, 0.265625, 0.21875, 0.21875, 0.1484375, 0.15625, 0.34375, 0.46875, 0.25, 0.21875, 0.1015625, 0.1015625, 0.3125, 0.21875, 0.0625, 0.46875, 0.0703125, 0.1953125, 0.0234375]",[47],0.7235774326012758,0.5873586867543149
195,6463.828125,"[0.1875, 0.21875, 0.5625, 0.171875, 0.375, 0.375, 0.1328125, 0.3125, 0.5, 0.875, 0.1875, 0.40625, 0.171875, 0.0703125, 0.625, 0.25, 0.0625, 0.40625, 0.109375, 0.296875, 0.0234375]","[0.09375, 0.140625, 0.28125, 0.265625, 0.21875, 0.21875, 0.1484375, 0.15625, 0.34375, 0.46875, 0.25, 0.21875, 0.1015625, 0.1015625, 0.3125, 0.21875, 0.0625, 0.46875, 0.0703125, 0.1640625, 0.0234375]","[47, 64]",0.6864384814258714,0.5787274981194447
196,6463.984375,"[0.1875, 0.21875, 0.8125, 0.171875, 0.375, 0.375, 0.1640625, 0.3125, 0.5, 0.875, 0.1875, 0.40625, 0.171875, 0.0703125, 0.625, 0.25, 0.0625, 0.40625, 0.109375, 0.296875, 0.0234375]","[0.09375, 0.140625, 0.40625, 0.265625, 0.21875, 0.21875, 0.1796875, 0.15625, 0.34375, 0.46875, 0.25, 0.21875, 0.1015625, 0.1015625, 0.3125, 0.21875, 0.0625, 0.46875, 0.0703125, 0.1640625, 0.0234375]",[78],0.7201550510158133,0.5864899195783125
197,6503.671875,"[0.1875, 0.21875, 0.8125, 0.171875, 0.375, 0.375, 0.1640625, 0.3125, 0.5, 0.875, 0.1875, 0.40625, 0.171875, 0.0703125, 0.625, 0.25, 0.0625, 0.40625, 0.109375, 0.296875, 0.0078125]","[0.09375, 0.140625, 0.40625, 0.265625, 0.21875, 0.21875, 0.1796875, 0.15625, 0.34375, 0.46875, 0.25, 0.21875, 0.1015625, 0.1015625, 0.3125, 0.21875, 0.0625, 0.46875, 0.0703125, 0.1640625, 0.0078125]",[78],0.7249836178734148,0.5940301158788831
198,6443.828125,"[0.1875, 0.21875, 0.6875, 0.171875, 0.375, 0.375, 0.1640625, 0.3125, 0.53125, 0.875, 0.1875, 0.40625, 0.171875, 0.0703125, 0.625, 0.25, 0.0625, 0.40625, 0.109375, 0.296875, 0.0078125]","[0.09375, 0.140625, 0.34375, 0.265625, 0.21875, 0.21875, 0.1796875, 0.15625, 0.359375, 0.46875, 0.25, 0.21875, 0.1015625, 0.1015625, 0.3125, 0.21875, 0.0625, 0.46875, 0.0703125, 0.1640625, 0.0078125]",[79],0.70186670555668,0.5858002921599622
199,6404.453125,"[0.1875, 0.21875, 0.6875, 0.171875, 0.375, 0.375, 0.1640625, 0.3125, 0.53125, 0.875, 0.1875, 0.40625, 0.171875, 0.0703125, 0.4375, 0.25, 0.0625, 0.40625, 0.109375, 0.296875, 0.0078125]","[0.09375, 0.140625, 0.34375, 0.265625, 0.21875, 0.21875, 0.1796875, 0.15625, 0.359375, 0.46875, 0.25, 0.21875, 0.1015625, 0.1015625, 0.21875, 0.21875, 0.0625, 0.46875, 0.0703125, 0.1640625, 0.0078125]","[87, 89]",0.6909899738082196,0.5883424414812981
200,6345.625,"[0.3125, 0.21875, 0.6875, 0.171875, 0.375, 0.375, 0.1640625, 0.3125, 0.53125, 0.875, 0.1875, 0.40625, 0.171875, 0.078125, 0.4375, 0.25, 0.0625, 0.40625, 0.109375, 0.296875, 0.0078125]","[0.15625, 0.140625, 0.34375, 0.265625, 0.21875, 0.21875, 0.1796875, 0.15625, 0.359375, 0.46875, 0.25, 0.21875, 0.1015625, 0.109375, 0.21875, 0.21875, 0.0625, 0.46875, 0.0703125, 0.1640625, 0.0078125]",[98],0.6703666433498653,0.567628272465332
201,6365.546875,"[0.3125, 0.21875, 0.6875, 0.171875, 0.375, 0.375, 0.171875, 0.1875, 0.53125, 0.875, 0.1875, 0.40625, 0.171875, 0.078125, 0.4375, 0.25, 0.0625, 0.40625, 0.109375, 0.296875, 0.0078125]","[0.15625, 0.140625, 0.34375, 0.265625, 0.21875, 0.21875, 0.1875, 0.09375, 0.359375, 0.46875, 0.25, 0.21875, 0.1015625, 0.109375, 0.21875, 0.21875, 0.0625, 0.46875, 0.0703125, 0.1640625, 0.0078125]","[41, 104]",0.6871392752354535,0.5843857037902898
202,6525.234375,"[0.3125, 0.21875, 0.6875, 0.171875, 0.5, 0.375, 0.171875, 0.1875, 0.53125, 0.875, 0.1875, 0.40625, 0.171875, 0.109375, 0.4375, 0.25, 0.0625, 0.28125, 0.109375, 0.296875, 0.0078125]","[0.15625, 0.140625, 0.34375, 0.265625, 0.28125, 0.21875, 0.1875, 0.09375, 0.359375, 0.46875, 0.25, 0.21875, 0.1015625, 0.140625, 0.21875, 0.21875, 0.0625, 0.34375, 0.0703125, 0.1640625, 0.0078125]","[99, 105, 106]",0.6877209855426714,0.5389302456754897
203,6564.296875,"[0.3125, 0.34375, 0.6875, 0.15625, 0.5, 0.375, 0.171875, 0.1875, 0.53125, 0.875, 0.1875, 0.40625, 0.171875, 0.109375, 0.4375, 0.3125, 0.0625, 0.28125, 0.109375, 0.296875, 0.0078125]","[0.15625, 0.203125, 0.34375, 0.25, 0.28125, 0.21875, 0.1875, 0.09375, 0.359375, 0.46875, 0.25, 0.21875, 0.1015625, 0.140625, 0.21875, 0.28125, 0.0625, 0.34375, 0.0703125, 0.1640625, 0.0078125]",[33],0.6677438797299287,0.524767699542795
204,6504.453125,"[0.3125, 0.34375, 0.6875, 0.15625, 0.53125, 0.359375, 0.171875, 0.1875, 0.53125, 0.875, 0.1875, 0.40625, 0.171875, 0.109375, 0.4375, 0.25, 0.0625, 0.28125, 0.109375, 0.296875, 0.0078125]","[0.15625, 0.203125, 0.34375, 0.25, 0.3125, 0.2109375, 0.1875, 0.09375, 0.359375, 0.46875, 0.25, 0.21875, 0.1015625, 0.140625, 0.21875, 0.21875, 0.0625, 0.34375, 0.0703125, 0.1640625, 0.0078125]","[39, 95]",0.6779938921805004,0.5297807461171168
205,6523.984375,"[0.3125, 0.46875, 0.6875, 0.15625, 0.53125, 0.359375, 0.171875, 0.1875, 0.53125, 0.875, 0.1875, 0.40625, 0.171875, 0.109375, 0.4375, 0.25, 0.0625, 0.28125, 0.109375, 0.296875, 0.0078125]","[0.15625, 0.265625, 0.34375, 0.25, 0.3125, 0.2109375, 0.1875, 0.09375, 0.359375, 0.46875, 0.25, 0.21875, 0.1015625, 0.140625, 0.21875, 0.21875, 0.0625, 0.34375, 0.0703125, 0.1640625, 0.0078125]","[95, 99, 107]",0.6736919616661704,0.5253980686878202
206,6861.40625,"[0.3125, 0.46875, 0.6875, 0.15625, 0.53125, 0.359375, 0.171875, 0.1875, 0.53125, 0.875, 0.1875, 0.65625, 0.171875, 0.109375, 0.4375, 0.25, 0.0625, 0.28125, 0.109375, 0.296875, 0.015625]","[0.15625, 0.265625, 0.34375, 0.25, 0.3125, 0.2109375, 0.1875, 0.09375, 0.359375, 0.46875, 0.25, 0.34375, 0.1015625, 0.140625, 0.21875, 0.21875, 0.0625, 0.34375, 0.0703125, 0.1640625, 0.015625]",[108],0.6821020863549341,0.5231760196178473
207,6901.25,"[0.3125, 0.46875, 0.6875, 0.15625, 0.53125, 0.359375, 0.171875, 0.1875, 0.53125, 0.875, 0.1875, 0.65625, 0.171875, 0.109375, 0.4375, 0.25, 0.0625, 0.28125, 0.109375, 0.296875, 0.015625]","[0.15625, 0.265625, 0.34375, 0.25, 0.3125, 0.2109375, 0.1875, 0.09375, 0.359375, 0.46875, 0.25, 0.34375, 0.1015625, 0.140625, 0.21875, 0.21875, 0.0625, 0.34375, 0.0703125, 0.1640625, 0.015625]","[108, 109]",0.6821020863549341,0.5231760196178473
208,7059.53125,"[0.3125, 0.46875, 0.6875, 0.15625, 0.53125, 0.359375, 0.171875, 0.1875, 0.46875, 0.875, 0.3125, 0.65625, 0.171875, 0.109375, 0.4375, 0.3125, 0.0625, 0.28125, 0.109375, 0.296875, 0.015625]","[0.15625, 0.265625, 0.34375, 0.25, 0.3125, 0.2109375, 0.1875, 0.09375, 0.328125, 0.46875, 0.375, 0.34375, 0.1015625, 0.140625, 0.21875, 0.25, 0.0625, 0.34375, 0.0703125, 0.1640625, 0.015625]",[6],0.6545373482689636,0.5240120043472213
209,7040.0,"[0.3125, 0.46875, 0.6875, 0.125, 0.484375, 0.359375, 0.171875, 0.1875, 0.46875, 0.875, 0.3125, 0.65625, 0.171875, 0.109375, 0.4375, 0.3125, 0.0625, 0.28125, 0.109375, 0.296875, 0.015625]","[0.15625, 0.265625, 0.34375, 0.1875, 0.2890625, 0.2109375, 0.1875, 0.09375, 0.328125, 0.46875, 0.375, 0.34375, 0.1015625, 0.140625, 0.21875, 0.25, 0.0625, 0.34375, 0.0703125, 0.1640625, 0.015625]",[24],0.6603699964230931,0.530709790002532
210,6960.625,"[0.3125, 0.46875, 0.6875, 0.125, 0.484375, 0.359375, 0.171875, 0.1875, 0.46875, 0.875, 0.3125, 0.65625, 0.171875, 0.109375, 0.4375, 0.3125, 0.0625, 0.28125, 0.109375, 0.296875, 0.015625]","[0.15625, 0.265625, 0.34375, 0.1875, 0.2890625, 0.2109375, 0.1875, 0.09375, 0.328125, 0.46875, 0.375, 0.34375, 0.1015625, 0.140625, 0.21875, 0.25, 0.0625, 0.34375, 0.0703125, 0.1640625, 0.015625]","[24, 81]",0.6603699964230931,0.530709790002532
211,7039.375,"[0.3125, 0.46875, 0.6875, 0.125, 0.515625, 0.359375, 0.171875, 0.3125, 0.46875, 0.875, 0.3125, 0.65625, 0.171875, 0.109375, 0.4375, 0.3125, 0.0625, 0.28125, 0.109375, 0.296875, 0.015625]","[0.15625, 0.265625, 0.34375, 0.1875, 0.3046875, 0.2109375, 0.1875, 0.15625, 0.328125, 0.46875, 0.375, 0.34375, 0.1015625, 0.140625, 0.21875, 0.25, 0.0625, 0.34375, 0.0703125, 0.1640625, 0.015625]","[110, 111]",0.6424315544382844,0.5129111993858494
212,7198.125,"[0.3125, 0.46875, 0.6875, 0.125, 0.578125, 0.359375, 0.171875, 0.3125, 0.46875, 0.875, 0.3125, 0.65625, 0.171875, 0.109375, 0.4375, 0.3125, 0.0625, 0.28125, 0.109375, 0.296875, 0.015625]","[0.15625, 0.265625, 0.34375, 0.1875, 0.3359375, 0.2109375, 0.1875, 0.15625, 0.328125, 0.46875, 0.375, 0.34375, 0.1015625, 0.140625, 0.21875, 0.25, 0.0625, 0.34375, 0.0703125, 0.1640625, 0.015625]",[111],0.6452289564789037,0.5150239231510862
213,7158.4375,"[0.3125, 0.46875, 0.6875, 0.125, 0.578125, 0.359375, 0.109375, 0.3125, 0.46875, 0.875, 0.3125, 0.65625, 0.171875, 0.109375, 0.4375, 0.3125, 0.0625, 0.28125, 0.109375, 0.296875, 0.015625]","[0.15625, 0.265625, 0.34375, 0.1875, 0.3359375, 0.2109375, 0.125, 0.15625, 0.328125, 0.46875, 0.375, 0.34375, 0.1015625, 0.140625, 0.21875, 0.25, 0.0625, 0.34375, 0.0703125, 0.1640625, 0.015625]","[26, 111]",0.6588612954136059,0.5296523731717702
214,7038.59375,"[0.3125, 0.46875, 0.6875, 0.125, 0.578125, 0.359375, 0.109375, 0.3125, 0.46875, 0.875, 0.3125, 0.65625, 0.171875, 0.109375, 0.4375, 0.3125, 0.0625, 0.25, 0.109375, 0.296875, 0.015625]","[0.15625, 0.265625, 0.34375, 0.1875, 0.3359375, 0.2109375, 0.125, 0.15625, 0.328125, 0.46875, 0.375, 0.34375, 0.1015625, 0.140625, 0.21875, 0.25, 0.0625, 0.3125, 0.0703125, 0.1640625, 0.015625]",[26],0.6631909394904475,0.5270671093956949
215,6959.375,"[0.3125, 0.46875, 0.6875, 0.125, 0.578125, 0.359375, 0.109375, 0.3125, 0.46875, 0.875, 0.3125, 0.65625, 0.171875, 0.109375, 0.4375, 0.3125, 0.0625, 0.25, 0.109375, 0.296875, 0.015625]","[0.15625, 0.265625, 0.34375, 0.1875, 0.3359375, 0.2109375, 0.125, 0.15625, 0.328125, 0.46875, 0.375, 0.34375, 0.1015625, 0.140625, 0.21875, 0.25, 0.0625, 0.3125, 0.0703125, 0.1640625, 0.015625]","[26, 73, 111]",0.6631909394904475,0.5270671093956949
216,7197.5,"[0.3125, 0.46875, 0.6875, 0.09375, 0.578125, 0.359375, 0.109375, 0.3125, 0.46875, 1.0, 0.3125, 0.65625, 0.171875, 0.109375, 0.4375, 0.3125, 0.0625, 0.25, 0.109375, 0.296875, 0.015625]","[0.15625, 0.265625, 0.34375, 0.125, 0.3359375, 0.2109375, 0.125, 0.15625, 0.328125, 0.53125, 0.375, 0.34375, 0.1015625, 0.140625, 0.21875, 0.25, 0.0625, 0.3125, 0.0703125, 0.1640625, 0.015625]",[26],0.7044902808863601,0.5655454537806301
217,7038.125,"[0.3125, 0.46875, 0.6875, 0.09375, 0.578125, 0.359375, 0.109375, 0.3125, 0.46875, 1.0, 0.3125, 0.65625, 0.171875, 0.109375, 0.4375, 0.3125, 0.0625, 0.25, 0.171875, 0.296875, 0.015625]","[0.15625, 0.265625, 0.34375, 0.125, 0.3359375, 0.2109375, 0.125, 0.15625, 0.328125, 0.53125, 0.375, 0.34375, 0.1015625, 0.140625, 0.21875, 0.25, 0.0625, 0.3125, 0.1015625, 0.1640625, 0.015625]",[77],0.6910445232264599,0.5544363306910134
218,7077.8125,"[0.3125, 0.46875, 0.6875, 0.09375, 0.609375, 0.359375, 0.109375, 0.28125, 0.46875, 1.0, 0.3125, 0.65625, 0.171875, 0.109375, 0.4375, 0.3125, 0.0625, 0.25, 0.171875, 0.296875, 0.015625]","[0.15625, 0.265625, 0.34375, 0.125, 0.3671875, 0.2109375, 0.125, 0.140625, 0.328125, 0.53125, 0.375, 0.34375, 0.1015625, 0.140625, 0.21875, 0.25, 0.0625, 0.3125, 0.1015625, 0.1640625, 0.015625]",[48],0.6964804851268777,0.5615208800232329
219,7097.8125,"[0.3125, 0.46875, 0.6875, 0.09375, 0.609375, 0.359375, 0.109375, 0.28125, 0.46875, 1.0, 0.3125, 0.65625, 0.171875, 0.109375, 0.4375, 0.3125, 0.0625, 0.25, 0.171875, 0.296875, 0.015625]","[0.15625, 0.265625, 0.34375, 0.125, 0.3671875, 0.2109375, 0.125, 0.140625, 0.328125, 0.53125, 0.375, 0.34375, 0.1015625, 0.140625, 0.21875, 0.25, 0.0625, 0.3125, 0.1015625, 0.1640625, 0.015625]",[48],0.6964804851268777,0.5615208800232329
220,7097.5,"[0.3125, 0.46875, 0.6875, 0.09375, 0.609375, 0.359375, 0.109375, 0.28125, 0.46875, 1.0, 0.3125, 0.65625, 0.171875, 0.109375, 0.4375, 0.25, 0.0625, 0.25, 0.171875, 0.296875, 0.015625]","[0.15625, 0.265625, 0.34375, 0.125, 0.3671875, 0.2109375, 0.125, 0.140625, 0.328125, 0.53125, 0.375, 0.34375, 0.1015625, 0.140625, 0.21875, 0.1875, 0.0625, 0.3125, 0.1015625, 0.1640625, 0.015625]",[21],0.7047769337285306,0.569403483393031
221,7178.125,"[0.3125, 0.46875, 0.6875, 0.09375, 0.609375, 0.359375, 0.109375, 0.28125, 0.40625, 1.0, 0.3125, 0.65625, 0.171875, 0.109375, 0.4375, 0.25, 0.0625, 0.25, 0.171875, 0.265625, 0.015625]","[0.15625, 0.265625, 0.34375, 0.125, 0.3671875, 0.2109375, 0.125, 0.140625, 0.296875, 0.53125, 0.375, 0.34375, 0.1015625, 0.140625, 0.21875, 0.1875, 0.0625, 0.3125, 0.1015625, 0.1328125, 0.015625]","[21, 30, 48, 82]",0.711472130580385,0.5758901373193528
222,7097.65625,"[0.34375, 0.46875, 0.6875, 0.09375, 0.609375, 0.359375, 0.109375, 0.28125, 0.40625, 1.0, 0.3125, 0.65625, 0.171875, 0.109375, 0.4375, 0.25, 0.0625, 0.25, 0.171875, 0.265625, 0.015625]","[0.171875, 0.265625, 0.34375, 0.125, 0.3671875, 0.2109375, 0.125, 0.140625, 0.296875, 0.53125, 0.375, 0.34375, 0.1015625, 0.140625, 0.21875, 0.1875, 0.0625, 0.3125, 0.1015625, 0.1328125, 0.015625]",[18],0.7081858061501789,0.5724632941061274
223,7116.875,"[0.34375, 0.46875, 0.9375, 0.09375, 0.609375, 0.359375, 0.109375, 0.28125, 0.40625, 1.0, 0.3125, 0.65625, 0.171875, 0.109375, 0.4375, 0.25, 0.0625, 0.25, 0.171875, 0.265625, 0.015625]","[0.171875, 0.265625, 0.46875, 0.125, 0.3671875, 0.2109375, 0.125, 0.140625, 0.296875, 0.53125, 0.375, 0.34375, 0.1015625, 0.140625, 0.21875, 0.1875, 0.0625, 0.3125, 0.1015625, 0.1328125, 0.015625]","[30, 48, 111]",0.748436898426996,0.5955716176552583
224,7196.25,"[0.34375, 0.46875, 0.9375, 0.09375, 0.609375, 0.359375, 0.109375, 0.28125, 0.40625, 1.0, 0.3125, 0.65625, 0.171875, 0.109375, 0.4375, 0.25, 0.0625, 0.25, 0.171875, 0.265625, 0.015625]","[0.171875, 0.265625, 0.46875, 0.125, 0.3671875, 0.2109375, 0.125, 0.140625, 0.296875, 0.53125, 0.375, 0.34375, 0.1015625, 0.140625, 0.21875, 0.1875, 0.0625, 0.3125, 0.1015625, 0.1328125, 0.015625]","[30, 48, 111]",0.748436898426996,0.5955716176552583
225,7372.96875,"[0.34375, 0.46875, 0.9375, 0.09375, 0.609375, 0.359375, 0.109375, 0.28125, 0.65625, 1.0, 0.3125, 0.65625, 0.171875, 0.109375, 0.4375, 0.25, 0.0625, 0.25, 0.171875, 0.265625, 0.015625]","[0.171875, 0.265625, 0.46875, 0.125, 0.3671875, 0.2109375, 0.125, 0.140625, 0.421875, 0.53125, 0.375, 0.34375, 0.1015625, 0.140625, 0.21875, 0.1875, 0.0625, 0.3125, 0.1015625, 0.1328125, 0.015625]",[30],0.7458191188547753,0.6054390373525432
226,7294.0625,"[0.34375, 0.46875, 0.9375, 0.09375, 0.609375, 0.359375, 0.109375, 0.28125, 0.6875, 1.0, 0.3125, 0.65625, 0.171875, 0.109375, 0.4375, 0.25, 0.0625, 0.25, 0.171875, 0.265625, 0.015625]","[0.171875, 0.265625, 0.46875, 0.125, 0.3671875, 0.2109375, 0.125, 0.140625, 0.4375, 0.53125, 0.375, 0.34375, 0.1015625, 0.140625, 0.21875, 0.1875, 0.0625, 0.3125, 0.1015625, 0.1328125, 0.015625]","[48, 112]",0.7475000248504002,0.6081098194116674
227,7413.125,"[0.34375, 0.46875, 0.9375, 0.09375, 0.609375, 0.359375, 0.109375, 0.21875, 0.6875, 1.0, 0.375, 0.6875, 0.171875, 0.109375, 0.4375, 0.25, 0.0625, 0.25, 0.171875, 0.265625, 0.015625]","[0.171875, 0.265625, 0.46875, 0.125, 0.3671875, 0.2109375, 0.125, 0.109375, 0.4375, 0.53125, 0.4375, 0.375, 0.1015625, 0.140625, 0.21875, 0.1875, 0.0625, 0.3125, 0.1015625, 0.1328125, 0.015625]",[22],0.7519347078644253,0.6263619045262901
228,7413.4375,"[0.34375, 0.46875, 0.9375, 0.09375, 0.609375, 0.359375, 0.109375, 0.21875, 0.6875, 1.0, 0.375, 0.6875, 0.171875, 0.109375, 0.4375, 0.25, 0.0625, 0.28125, 0.171875, 0.265625, 0.015625]","[0.171875, 0.265625, 0.46875, 0.125, 0.3671875, 0.2109375, 0.125, 0.109375, 0.4375, 0.53125, 0.4375, 0.375, 0.1015625, 0.140625, 0.21875, 0.1875, 0.0625, 0.375, 0.1015625, 0.1328125, 0.015625]","[113, 114]",0.7473958677236443,0.6277995765087904
229,7610.625,"[0.59375, 0.46875, 0.9375, 0.125, 0.609375, 0.359375, 0.109375, 0.21875, 0.6875, 1.0, 0.375, 0.6875, 0.171875, 0.09375, 0.4375, 0.25, 0.0625, 0.28125, 0.171875, 0.265625, 0.015625]","[0.296875, 0.265625, 0.46875, 0.15625, 0.3671875, 0.2109375, 0.125, 0.109375, 0.4375, 0.53125, 0.4375, 0.375, 0.1015625, 0.125, 0.21875, 0.1875, 0.0625, 0.375, 0.1015625, 0.1328125, 0.015625]",[50],0.7317687149571573,0.6077452635549532
230,7610.15625,"[0.59375, 0.46875, 0.9375, 0.125, 0.609375, 0.359375, 0.109375, 0.21875, 0.6875, 1.0, 0.375, 0.65625, 0.171875, 0.09375, 0.4375, 0.25, 0.0625, 0.28125, 0.171875, 0.265625, 0.015625]","[0.296875, 0.265625, 0.46875, 0.15625, 0.3671875, 0.2109375, 0.125, 0.109375, 0.4375, 0.53125, 0.4375, 0.359375, 0.1015625, 0.125, 0.21875, 0.1875, 0.0625, 0.375, 0.1015625, 0.1328125, 0.015625]","[10, 50]",0.7304166479214637,0.6070134992209482
231,7690.15625,"[0.59375, 0.46875, 0.9375, 0.125, 0.609375, 0.421875, 0.109375, 0.21875, 0.6875, 1.0, 0.375, 0.65625, 0.171875, 0.09375, 0.4375, 0.25, 0.0625, 0.28125, 0.171875, 0.265625, 0.015625]","[0.296875, 0.265625, 0.46875, 0.15625, 0.3671875, 0.2421875, 0.125, 0.109375, 0.4375, 0.53125, 0.4375, 0.359375, 0.1015625, 0.125, 0.21875, 0.1875, 0.0625, 0.375, 0.1015625, 0.1328125, 0.015625]","[50, 115]",0.7250600223458634,0.6026261893636774
232,7809.21875,"[0.59375, 0.53125, 0.9375, 0.125, 0.609375, 0.296875, 0.109375, 0.21875, 0.6875, 1.0, 0.375, 0.65625, 0.171875, 0.09375, 0.4375, 0.25, 0.0625, 0.28125, 0.171875, 0.265625, 0.078125]","[0.296875, 0.328125, 0.46875, 0.15625, 0.3671875, 0.1796875, 0.125, 0.109375, 0.4375, 0.53125, 0.4375, 0.359375, 0.1015625, 0.125, 0.21875, 0.1875, 0.0625, 0.375, 0.1015625, 0.1328125, 0.078125]",[90],0.7201243862159709,0.5860500074408722
233,7670.3125,"[0.59375, 0.53125, 0.9375, 0.125, 0.609375, 0.296875, 0.109375, 0.21875, 0.6875, 1.0, 0.375, 0.65625, 0.171875, 0.09375, 0.4375, 0.25, 0.0625, 0.28125, 0.171875, 0.265625, 0.078125]","[0.296875, 0.328125, 0.46875, 0.15625, 0.3671875, 0.1796875, 0.125, 0.109375, 0.4375, 0.53125, 0.4375, 0.359375, 0.1015625, 0.125, 0.21875, 0.1875, 0.0625, 0.375, 0.1015625, 0.1328125, 0.078125]","[90, 116, 117]",0.7201243862159709,0.5860500074408722
234,7749.84375,"[0.59375, 0.53125, 0.9375, 0.125, 0.609375, 0.296875, 0.125, 0.21875, 0.6875, 1.0, 0.375, 0.65625, 0.171875, 0.09375, 0.4375, 0.25, 0.0625, 0.28125, 0.171875, 0.265625, 0.078125]","[0.296875, 0.328125, 0.46875, 0.15625, 0.3671875, 0.1796875, 0.140625, 0.109375, 0.4375, 0.53125, 0.4375, 0.359375, 0.1015625, 0.125, 0.21875, 0.1875, 0.0625, 0.375, 0.1015625, 0.1328125, 0.078125]","[90, 116]",0.7168269180561141,0.5819063141509581
235,7769.84375,"[0.59375, 0.53125, 0.9375, 0.125, 0.609375, 0.296875, 0.140625, 0.21875, 0.6875, 1.0, 0.375, 0.65625, 0.171875, 0.09375, 0.4375, 0.25, 0.0625, 0.28125, 0.171875, 0.265625, 0.078125]","[0.296875, 0.328125, 0.46875, 0.15625, 0.3671875, 0.1796875, 0.171875, 0.109375, 0.4375, 0.53125, 0.4375, 0.359375, 0.1015625, 0.125, 0.21875, 0.1875, 0.0625, 0.375, 0.1015625, 0.1328125, 0.078125]",[90],0.7136447275414305,0.5745979601381664
236,7809.53125,"[0.59375, 0.53125, 0.9375, 0.125, 0.609375, 0.296875, 0.140625, 0.21875, 0.6875, 1.0, 0.34375, 0.65625, 0.171875, 0.09375, 0.4375, 0.25, 0.0625, 0.28125, 0.171875, 0.265625, 0.078125]","[0.296875, 0.328125, 0.46875, 0.15625, 0.3671875, 0.1796875, 0.171875, 0.109375, 0.4375, 0.53125, 0.375, 0.359375, 0.1015625, 0.125, 0.21875, 0.1875, 0.0625, 0.375, 0.1015625, 0.1328125, 0.078125]",[90],0.7167396931429278,0.5679492248944628
237,7730.15625,"[0.59375, 0.53125, 0.9375, 0.15625, 0.609375, 0.296875, 0.140625, 0.21875, 0.6875, 1.0, 0.34375, 0.65625, 0.171875, 0.09375, 0.4375, 0.25, 0.0625, 0.28125, 0.171875, 0.265625, 0.078125]","[0.296875, 0.328125, 0.46875, 0.1875, 0.3671875, 0.1796875, 0.171875, 0.109375, 0.4375, 0.53125, 0.375, 0.359375, 0.1015625, 0.125, 0.21875, 0.1875, 0.0625, 0.375, 0.1015625, 0.1328125, 0.078125]","[93, 118]",0.7104823276652023,0.5613032491928158
238,7928.28125,"[0.59375, 0.53125, 0.9375, 0.15625, 0.609375, 0.296875, 0.140625, 0.28125, 0.6875, 1.0, 0.34375, 0.65625, 0.171875, 0.0859375, 0.4375, 0.25, 0.0625, 0.28125, 0.171875, 0.265625, 0.078125]","[0.296875, 0.328125, 0.46875, 0.1875, 0.3671875, 0.1796875, 0.171875, 0.171875, 0.4375, 0.53125, 0.375, 0.359375, 0.1015625, 0.1171875, 0.21875, 0.1875, 0.0625, 0.375, 0.1015625, 0.1328125, 0.078125]",[62],0.7029081360195749,0.5475017666855602
239,7788.984375,"[0.59375, 0.53125, 0.9375, 0.15625, 0.609375, 0.296875, 0.140625, 0.28125, 0.6875, 1.0, 0.34375, 0.65625, 0.171875, 0.0859375, 0.4375, 0.25, 0.0625, 0.28125, 0.171875, 0.265625, 0.078125]","[0.296875, 0.328125, 0.46875, 0.1875, 0.3671875, 0.1796875, 0.171875, 0.171875, 0.4375, 0.53125, 0.375, 0.359375, 0.1015625, 0.1171875, 0.21875, 0.1875, 0.0625, 0.375, 0.1015625, 0.1328125, 0.078125]","[62, 93]",0.7029081360195749,0.5475017666855602
240,7928.90625,"[0.59375, 0.53125, 0.9375, 0.15625, 0.609375, 0.296875, 0.1484375, 0.28125, 0.6875, 1.0, 0.34375, 0.65625, 0.171875, 0.0859375, 0.4375, 0.1875, 0.0625, 0.28125, 0.171875, 0.234375, 0.078125]","[0.296875, 0.328125, 0.46875, 0.1875, 0.3671875, 0.1796875, 0.1796875, 0.171875, 0.4375, 0.53125, 0.375, 0.359375, 0.1015625, 0.1171875, 0.21875, 0.15625, 0.0625, 0.375, 0.1015625, 0.1171875, 0.078125]",[2],0.7162589015209335,0.5568781816183053
241,7769.21875,"[0.59375, 0.40625, 0.9375, 0.15625, 0.609375, 0.296875, 0.140625, 0.28125, 0.6875, 1.0, 0.34375, 0.65625, 0.171875, 0.0859375, 0.4375, 0.1875, 0.0625, 0.28125, 0.171875, 0.234375, 0.078125]","[0.296875, 0.265625, 0.46875, 0.1875, 0.3671875, 0.1796875, 0.171875, 0.171875, 0.4375, 0.53125, 0.375, 0.359375, 0.1015625, 0.1171875, 0.21875, 0.15625, 0.0625, 0.375, 0.1015625, 0.1171875, 0.078125]","[2, 8, 62]",0.723767778066328,0.560825280412458
242,7768.984375,"[0.59375, 0.4375, 0.9375, 0.15625, 0.609375, 0.296875, 0.140625, 0.28125, 0.6875, 1.0, 0.34375, 0.65625, 0.171875, 0.0859375, 0.4375, 0.1875, 0.3125, 0.28125, 0.171875, 0.234375, 0.078125]","[0.296875, 0.28125, 0.46875, 0.1875, 0.3671875, 0.1796875, 0.171875, 0.171875, 0.4375, 0.53125, 0.375, 0.359375, 0.1015625, 0.1171875, 0.21875, 0.15625, 0.1875, 0.375, 0.1015625, 0.1171875, 0.078125]","[62, 72, 93]",0.6769829684974388,0.5247998679868595
243,8007.421875,"[0.59375, 0.4375, 0.9375, 0.15625, 0.609375, 0.296875, 0.15625, 0.28125, 0.6875, 1.0, 0.34375, 0.78125, 0.171875, 0.0859375, 0.4375, 0.1875, 0.3125, 0.28125, 0.171875, 0.234375, 0.09375]","[0.296875, 0.28125, 0.46875, 0.1875, 0.3671875, 0.1796875, 0.1875, 0.171875, 0.4375, 0.53125, 0.375, 0.421875, 0.1015625, 0.1171875, 0.21875, 0.15625, 0.1875, 0.375, 0.1015625, 0.1171875, 0.09375]","[119, 120]",0.6791412984930136,0.5223385047273674
244,8245.546875,"[0.59375, 0.4375, 0.9375, 0.15625, 0.609375, 0.296875, 0.15625, 0.28125, 0.65625, 1.0, 0.34375, 0.78125, 0.171875, 0.1484375, 0.4375, 0.1875, 0.3125, 0.28125, 0.171875, 0.234375, 0.09375]","[0.296875, 0.28125, 0.46875, 0.1875, 0.3671875, 0.1796875, 0.1875, 0.171875, 0.421875, 0.53125, 0.375, 0.421875, 0.1015625, 0.1796875, 0.21875, 0.15625, 0.1875, 0.375, 0.1015625, 0.1171875, 0.09375]",[30],0.6647394848388991,0.504565606416944
245,8186.484375,"[0.59375, 0.4375, 0.9375, 0.15625, 0.609375, 0.296875, 0.15625, 0.28125, 0.65625, 1.0, 0.34375, 0.78125, 0.171875, 0.1328125, 0.4375, 0.25, 0.3125, 0.28125, 0.171875, 0.234375, 0.09375]","[0.296875, 0.28125, 0.46875, 0.1875, 0.3671875, 0.1796875, 0.1875, 0.171875, 0.421875, 0.53125, 0.375, 0.421875, 0.1015625, 0.1484375, 0.21875, 0.21875, 0.1875, 0.375, 0.1015625, 0.1171875, 0.09375]",[46],0.6577565035698271,0.49955851150246794
246,8305.390625,"[0.59375, 0.4375, 0.9375, 0.15625, 0.609375, 0.296875, 0.15625, 0.28125, 0.65625, 1.0, 0.34375, 0.78125, 0.171875, 0.1328125, 0.4375, 0.25, 0.3125, 0.28125, 0.171875, 0.234375, 0.09375]","[0.296875, 0.28125, 0.46875, 0.1875, 0.3671875, 0.1796875, 0.1875, 0.171875, 0.421875, 0.53125, 0.375, 0.421875, 0.1015625, 0.1484375, 0.21875, 0.21875, 0.1875, 0.375, 0.1015625, 0.1171875, 0.09375]","[46, 120]",0.6577565035698271,0.49955851150246794
247,8384.765625,"[0.59375, 0.4375, 0.9375, 0.28125, 0.609375, 0.296875, 0.1484375, 0.28125, 0.65625, 1.0, 0.34375, 0.78125, 0.171875, 0.1328125, 0.4375, 0.1875, 0.3125, 0.28125, 0.234375, 0.234375, 0.09375]","[0.296875, 0.28125, 0.46875, 0.3125, 0.3671875, 0.1796875, 0.1796875, 0.171875, 0.421875, 0.53125, 0.375, 0.421875, 0.1015625, 0.1484375, 0.21875, 0.1875, 0.1875, 0.375, 0.1328125, 0.1171875, 0.09375]","[71, 109]",0.6387451716475142,0.4840030715861459
248,8365.15625,"[0.59375, 0.4375, 0.9375, 0.28125, 0.609375, 0.296875, 0.1484375, 0.28125, 0.59375, 1.0, 0.34375, 0.78125, 0.171875, 0.1328125, 0.4375, 0.1875, 0.3125, 0.28125, 0.234375, 0.234375, 0.09375]","[0.296875, 0.28125, 0.46875, 0.3125, 0.3671875, 0.1796875, 0.1796875, 0.171875, 0.359375, 0.53125, 0.375, 0.421875, 0.1015625, 0.1484375, 0.21875, 0.1875, 0.1875, 0.375, 0.1328125, 0.1171875, 0.09375]","[71, 22, 97, 121]",0.6369817605244655,0.4781509579774549
249,8523.59375,"[0.59375, 0.4375, 0.9375, 0.28125, 0.609375, 0.296875, 0.1484375, 0.40625, 0.59375, 1.0, 0.34375, 0.84375, 0.171875, 0.1328125, 0.4375, 0.1875, 0.3125, 0.28125, 0.234375, 0.234375, 0.09375]","[0.296875, 0.28125, 0.46875, 0.3125, 0.3671875, 0.1796875, 0.1796875, 0.234375, 0.359375, 0.53125, 0.375, 0.453125, 0.1015625, 0.1484375, 0.21875, 0.1875, 0.1875, 0.375, 0.1328125, 0.1171875, 0.09375]","[71, 97]",0.6312480699632774,0.4723773398294291
250,8682.34375,"[0.59375, 0.4375, 0.9375, 0.28125, 0.609375, 0.296875, 0.1484375, 0.40625, 0.59375, 1.0, 0.34375, 0.84375, 0.171875, 0.1953125, 0.4375, 0.1875, 0.4375, 0.28125, 0.234375, 0.234375, 0.09375]","[0.296875, 0.28125, 0.46875, 0.3125, 0.3671875, 0.1796875, 0.1796875, 0.234375, 0.359375, 0.53125, 0.375, 0.453125, 0.1015625, 0.2109375, 0.21875, 0.1875, 0.25, 0.375, 0.1328125, 0.1171875, 0.09375]",[122],0.6086985162833778,0.4496875777312281
251,8702.1875,"[0.59375, 0.4375, 0.9375, 0.28125, 0.609375, 0.296875, 0.1484375, 0.40625, 0.59375, 1.0, 0.34375, 0.84375, 0.171875, 0.1953125, 0.4375, 0.1875, 0.4375, 0.28125, 0.234375, 0.25, 0.09375]","[0.296875, 0.28125, 0.46875, 0.3125, 0.3671875, 0.1796875, 0.1796875, 0.234375, 0.359375, 0.53125, 0.375, 0.453125, 0.1015625, 0.2109375, 0.21875, 0.1875, 0.25, 0.375, 0.1328125, 0.125, 0.09375]",[123],0.6063844435987231,0.4473853902213705
252,8742.03125,"[0.59375, 0.4375, 0.9375, 0.28125, 0.609375, 0.296875, 0.1484375, 0.40625, 0.59375, 1.0, 0.34375, 0.71875, 0.171875, 0.2109375, 0.4375, 0.1875, 0.4375, 0.28125, 0.234375, 0.25, 0.09375]","[0.296875, 0.28125, 0.46875, 0.3125, 0.3671875, 0.1796875, 0.1796875, 0.234375, 0.359375, 0.53125, 0.375, 0.390625, 0.1015625, 0.2265625, 0.21875, 0.1875, 0.25, 0.375, 0.1328125, 0.125, 0.09375]","[95, 124]",0.5913136341875929,0.4361431380354989
253,8642.34375,"[0.65625, 0.4375, 0.9375, 0.28125, 0.609375, 0.296875, 0.1484375, 0.40625, 0.59375, 1.0, 0.34375, 0.59375, 0.171875, 0.2109375, 0.4375, 0.1875, 0.4375, 0.28125, 0.234375, 0.25, 0.09375]","[0.359375, 0.28125, 0.46875, 0.3125, 0.3671875, 0.1796875, 0.1796875, 0.234375, 0.359375, 0.53125, 0.375, 0.328125, 0.1015625, 0.2265625, 0.21875, 0.1875, 0.25, 0.375, 0.1328125, 0.125, 0.09375]","[99, 124]",0.5873422055049087,0.4332261663872619
254,8523.59375,"[0.65625, 0.4375, 0.9375, 0.25, 0.59375, 0.234375, 0.1484375, 0.40625, 0.59375, 1.0, 0.34375, 0.59375, 0.171875, 0.2109375, 0.4375, 0.1875, 0.4375, 0.28125, 0.234375, 0.25, 0.09375]","[0.359375, 0.28125, 0.46875, 0.28125, 0.34375, 0.1484375, 0.1796875, 0.234375, 0.359375, 0.53125, 0.375, 0.328125, 0.1015625, 0.2265625, 0.21875, 0.1875, 0.25, 0.375, 0.1328125, 0.125, 0.09375]","[10, 77]",0.5998888733415519,0.44042501646663657
255,8424.0625,"[0.65625, 0.4375, 0.9375, 0.3125, 0.59375, 0.234375, 0.1484375, 0.40625, 0.59375, 1.0, 0.34375, 0.59375, 0.171875, 0.2109375, 0.4375, 0.1875, 0.4375, 0.28125, 0.234375, 0.25, 0.09375]","[0.359375, 0.28125, 0.46875, 0.34375, 0.34375, 0.1484375, 0.1796875, 0.234375, 0.359375, 0.53125, 0.375, 0.328125, 0.1015625, 0.2265625, 0.21875, 0.1875, 0.25, 0.375, 0.1328125, 0.125, 0.09375]","[77, 90]",0.5917405183589494,0.43970371604894726
256,8523.4375,"[0.65625, 0.40625, 0.9375, 0.3125, 0.59375, 0.234375, 0.1484375, 0.40625, 0.59375, 1.0, 0.34375, 0.59375, 0.171875, 0.2109375, 0.4375, 0.1875, 0.4375, 0.28125, 0.234375, 0.25, 0.09375]","[0.359375, 0.265625, 0.46875, 0.34375, 0.34375, 0.1484375, 0.1796875, 0.234375, 0.359375, 0.53125, 0.375, 0.328125, 0.1015625, 0.2265625, 0.21875, 0.1875, 0.25, 0.375, 0.1328125, 0.125, 0.09375]",[61],0.5936821026415572,0.44082458461388535
257,8404.53125,"[0.65625, 0.40625, 0.9375, 0.3125, 0.59375, 0.234375, 0.1484375, 0.40625, 0.59375, 1.0, 0.34375, 0.59375, 0.171875, 0.2109375, 0.4375, 0.1875, 0.4375, 0.28125, 0.234375, 0.25, 0.09375]","[0.359375, 0.265625, 0.46875, 0.34375, 0.34375, 0.1484375, 0.1796875, 0.234375, 0.359375, 0.53125, 0.375, 0.328125, 0.1015625, 0.2265625, 0.21875, 0.1875, 0.25, 0.375, 0.1328125, 0.125, 0.09375]",[61],0.5936821026415572,0.44082458461388535
258,8404.53125,"[0.65625, 0.40625, 0.9375, 0.3125, 0.59375, 0.234375, 0.1484375, 0.40625, 0.59375, 0.75, 0.34375, 0.609375, 0.171875, 0.2109375, 0.4375, 0.1875, 0.4375, 0.28125, 0.234375, 0.25, 0.09375]","[0.359375, 0.265625, 0.46875, 0.34375, 0.34375, 0.1484375, 0.1796875, 0.234375, 0.359375, 0.40625, 0.375, 0.3359375, 0.1015625, 0.2265625, 0.21875, 0.1875, 0.25, 0.375, 0.1328125, 0.125, 0.09375]","[43, 77]",0.5497429653286439,0.4106017473008692
259,8366.09375,"[0.65625, 0.40625, 0.9375, 0.3125, 0.59375, 0.203125, 0.1484375, 0.40625, 0.53125, 0.75, 0.34375, 0.640625, 0.171875, 0.2109375, 0.4375, 0.1875, 0.4375, 0.28125, 0.234375, 0.25, 0.09375]","[0.359375, 0.265625, 0.46875, 0.34375, 0.34375, 0.1171875, 0.1796875, 0.234375, 0.296875, 0.40625, 0.375, 0.3515625, 0.1015625, 0.2265625, 0.21875, 0.1875, 0.25, 0.375, 0.1328125, 0.125, 0.09375]",[1],0.5551103590304178,0.41842150913373566
260,8227.34375,"[0.65625, 0.40625, 0.96875, 0.3125, 0.59375, 0.203125, 0.1484375, 0.40625, 0.5, 0.75, 0.34375, 0.640625, 0.171875, 0.2109375, 0.4375, 0.1875, 0.4375, 0.28125, 0.234375, 0.25, 0.09375]","[0.359375, 0.265625, 0.484375, 0.34375, 0.34375, 0.1171875, 0.1796875, 0.234375, 0.28125, 0.40625, 0.375, 0.3515625, 0.1015625, 0.2265625, 0.21875, 0.1875, 0.25, 0.375, 0.1328125, 0.125, 0.09375]","[49, 69, 77, 90]",0.5626865893233411,0.423337284404945
261,8445.625,"[0.71875, 0.40625, 0.96875, 0.3125, 0.59375, 0.203125, 0.1484375, 0.40625, 0.5, 0.75, 0.34375, 0.640625, 0.171875, 0.2109375, 0.4375, 0.1875, 0.4375, 0.28125, 0.359375, 0.25, 0.09375]","[0.390625, 0.265625, 0.484375, 0.34375, 0.34375, 0.1171875, 0.1796875, 0.234375, 0.28125, 0.40625, 0.375, 0.3515625, 0.1015625, 0.2265625, 0.21875, 0.1875, 0.25, 0.375, 0.1953125, 0.125, 0.09375]","[69, 77, 99]",0.5532288969045182,0.41192788979576145
262,8504.765625,"[0.71875, 0.40625, 0.96875, 0.3125, 0.59375, 0.203125, 0.1484375, 0.40625, 0.5, 0.75, 0.34375, 0.640625, 0.171875, 0.2109375, 0.4375, 0.1875, 0.5, 0.28125, 0.359375, 0.25, 0.1015625]","[0.390625, 0.265625, 0.484375, 0.34375, 0.34375, 0.1171875, 0.1796875, 0.234375, 0.28125, 0.40625, 0.375, 0.3515625, 0.1015625, 0.2265625, 0.21875, 0.1875, 0.28125, 0.375, 0.1953125, 0.125, 0.1015625]","[69, 125, 126]",0.5495731116679068,0.40691850422310916
263,8702.578125,"[0.71875, 0.40625, 0.96875, 0.3125, 0.59375, 0.203125, 0.1484375, 0.40625, 0.46875, 0.75, 0.34375, 0.640625, 0.171875, 0.2109375, 0.4375, 0.1875, 0.5, 0.28125, 0.484375, 0.25, 0.1015625]","[0.390625, 0.265625, 0.484375, 0.34375, 0.34375, 0.1171875, 0.1796875, 0.234375, 0.265625, 0.40625, 0.375, 0.3515625, 0.1015625, 0.2265625, 0.21875, 0.1875, 0.28125, 0.375, 0.2578125, 0.125, 0.1015625]",[45],0.5432980742700542,0.39918989374354596
264,8762.890625,"[0.71875, 0.40625, 0.96875, 0.3125, 0.53125, 0.203125, 0.1484375, 0.40625, 0.46875, 0.75, 0.34375, 0.640625, 0.171875, 0.2109375, 0.4375, 0.1875, 0.5, 0.28125, 0.484375, 0.25, 0.1015625]","[0.390625, 0.265625, 0.484375, 0.34375, 0.3125, 0.1171875, 0.1796875, 0.234375, 0.265625, 0.40625, 0.375, 0.3515625, 0.1015625, 0.2265625, 0.21875, 0.1875, 0.28125, 0.375, 0.2578125, 0.125, 0.1015625]",[45],0.5421366154665517,0.39824489632619003
265,8564.609375,"[0.71875, 0.40625, 0.96875, 0.3125, 0.53125, 0.203125, 0.1484375, 0.40625, 0.46875, 0.75, 0.34375, 0.640625, 0.171875, 0.2109375, 0.4375, 0.1875, 0.5, 0.28125, 0.484375, 0.25, 0.1015625]","[0.390625, 0.265625, 0.484375, 0.34375, 0.3125, 0.1171875, 0.1796875, 0.234375, 0.265625, 0.40625, 0.375, 0.3515625, 0.1015625, 0.2265625, 0.21875, 0.1875, 0.28125, 0.375, 0.2578125, 0.125, 0.1015625]",[45],0.5421366154665517,0.39824489632619003
266,8682.265625,"[0.71875, 0.40625, 0.96875, 0.3125, 0.53125, 0.203125, 0.1484375, 0.40625, 0.71875, 0.75, 0.34375, 0.640625, 0.171875, 0.2109375, 0.4375, 0.1875, 0.5, 0.28125, 0.484375, 0.25, 0.09375]","[0.390625, 0.265625, 0.484375, 0.34375, 0.3125, 0.1171875, 0.1796875, 0.234375, 0.390625, 0.40625, 0.375, 0.3515625, 0.1015625, 0.2265625, 0.21875, 0.1875, 0.28125, 0.375, 0.2578125, 0.125, 0.09375]","[107, 110, 125]",0.5514723437556458,0.4040991919653604
267,8860.46875,"[0.71875, 0.40625, 0.96875, 0.3125, 0.53125, 0.203125, 0.1484375, 0.40625, 0.75, 0.75, 0.34375, 0.640625, 0.296875, 0.1953125, 0.4375, 0.1875, 0.5, 0.21875, 0.484375, 0.25, 0.09375]","[0.390625, 0.265625, 0.484375, 0.34375, 0.3125, 0.1171875, 0.1796875, 0.234375, 0.40625, 0.40625, 0.375, 0.3515625, 0.1640625, 0.2109375, 0.21875, 0.1875, 0.28125, 0.3125, 0.2578125, 0.125, 0.09375]",[35],0.5469403670066502,0.38726074673603944
268,8880.3125,"[0.71875, 0.40625, 0.96875, 0.3125, 0.53125, 0.203125, 0.1484375, 0.40625, 0.75, 0.75, 0.34375, 0.640625, 0.296875, 0.1953125, 0.4375, 0.1875, 0.5, 0.21875, 0.484375, 0.25, 0.09375]","[0.390625, 0.265625, 0.484375, 0.34375, 0.3125, 0.1171875, 0.1796875, 0.234375, 0.40625, 0.40625, 0.375, 0.3515625, 0.1640625, 0.2109375, 0.21875, 0.1875, 0.28125, 0.3125, 0.2578125, 0.125, 0.09375]","[35, 123, 125]",0.5469403670066502,0.38726074673603944
269,8840.15625,"[0.71875, 0.40625, 0.96875, 0.3125, 0.515625, 0.203125, 0.1484375, 0.40625, 0.75, 0.75, 0.34375, 0.640625, 0.296875, 0.1953125, 0.4375, 0.1875, 0.5, 0.21875, 0.484375, 0.25, 0.09375]","[0.390625, 0.265625, 0.484375, 0.34375, 0.3046875, 0.1171875, 0.1796875, 0.234375, 0.40625, 0.40625, 0.375, 0.3515625, 0.1640625, 0.2109375, 0.21875, 0.1875, 0.28125, 0.3125, 0.2578125, 0.125, 0.09375]","[35, 123]",0.5471188391923939,0.387317299437234
270,8780.78125,"[0.71875, 0.40625, 0.96875, 0.3125, 0.515625, 0.203125, 0.1484375, 0.40625, 0.75, 0.75, 0.34375, 0.640625, 0.296875, 0.1953125, 0.4375, 0.1875, 0.5, 0.21875, 0.484375, 0.25, 0.09375]","[0.390625, 0.265625, 0.484375, 0.34375, 0.3046875, 0.1171875, 0.1796875, 0.234375, 0.40625, 0.40625, 0.375, 0.3515625, 0.1640625, 0.2109375, 0.21875, 0.1875, 0.28125, 0.3125, 0.2578125, 0.125, 0.09375]","[35, 123]",0.5471188391923939,0.387317299437234
271,8820.78125,"[0.71875, 0.40625, 0.96875, 0.3125, 0.515625, 0.203125, 0.1484375, 0.40625, 0.75, 0.75, 0.34375, 0.671875, 0.296875, 0.1953125, 0.3125, 0.1875, 0.5, 0.21875, 0.484375, 0.25, 0.09375]","[0.390625, 0.265625, 0.484375, 0.34375, 0.3046875, 0.1171875, 0.1796875, 0.234375, 0.40625, 0.40625, 0.375, 0.3828125, 0.1640625, 0.2109375, 0.15625, 0.1875, 0.28125, 0.3125, 0.2578125, 0.125, 0.09375]",[92],0.5593437424497308,0.4029721433618406
272,8682.5,"[0.71875, 0.40625, 0.96875, 0.3125, 0.515625, 0.203125, 0.1484375, 0.40625, 0.75, 0.75, 0.34375, 0.671875, 0.296875, 0.1953125, 0.3125, 0.1875, 0.5, 0.21875, 0.484375, 0.25, 0.09375]","[0.390625, 0.265625, 0.484375, 0.34375, 0.3046875, 0.1171875, 0.1796875, 0.234375, 0.40625, 0.40625, 0.375, 0.3828125, 0.1640625, 0.2109375, 0.15625, 0.1875, 0.28125, 0.3125, 0.2578125, 0.125, 0.09375]","[92, 123]",0.5593437424497308,0.4029721433618406
273,8781.71875,"[0.71875, 0.40625, 0.96875, 0.3125, 0.484375, 0.203125, 0.1796875, 0.40625, 0.75, 0.8125, 0.21875, 0.671875, 0.296875, 0.1953125, 0.3125, 0.1875, 0.5, 0.21875, 0.484375, 0.25, 0.09375]","[0.390625, 0.265625, 0.484375, 0.34375, 0.2734375, 0.1171875, 0.2109375, 0.234375, 0.40625, 0.4375, 0.25, 0.3828125, 0.1640625, 0.2109375, 0.15625, 0.1875, 0.28125, 0.3125, 0.2578125, 0.125, 0.09375]","[70, 75]",0.5776074680472031,0.40367522795804095
274,8682.5,"[0.71875, 0.40625, 0.96875, 0.3125, 0.484375, 0.203125, 0.1796875, 0.40625, 0.75, 0.8125, 0.21875, 0.671875, 0.296875, 0.1953125, 0.3125, 0.1875, 0.5, 0.21875, 0.484375, 0.25, 0.09375]","[0.390625, 0.265625, 0.484375, 0.34375, 0.2734375, 0.1171875, 0.2109375, 0.234375, 0.40625, 0.4375, 0.25, 0.3828125, 0.1640625, 0.2109375, 0.15625, 0.1875, 0.28125, 0.3125, 0.2578125, 0.125, 0.09375]",[70],0.5776074680472031,0.40367522795804095
275,8623.125,"[0.71875, 0.40625, 0.96875, 0.3125, 0.484375, 0.203125, 0.1796875, 0.40625, 0.75, 0.8125, 0.21875, 0.671875, 0.296875, 0.2109375, 0.3125, 0.1875, 0.5, 0.21875, 0.484375, 0.25, 0.09375]","[0.390625, 0.265625, 0.484375, 0.34375, 0.2734375, 0.1171875, 0.2109375, 0.234375, 0.40625, 0.4375, 0.25, 0.3828125, 0.1640625, 0.2265625, 0.15625, 0.1875, 0.28125, 0.3125, 0.2578125, 0.125, 0.09375]",[75],0.5749814627634604,0.40131027264878893
276,8702.8125,"[0.71875, 0.40625, 0.90625, 0.3125, 0.484375, 0.203125, 0.1796875, 0.40625, 0.75, 0.8125, 0.21875, 0.671875, 0.296875, 0.2109375, 0.3125, 0.1875, 0.5, 0.21875, 0.484375, 0.25, 0.1171875]","[0.390625, 0.265625, 0.453125, 0.34375, 0.2734375, 0.1171875, 0.2109375, 0.234375, 0.40625, 0.4375, 0.25, 0.3828125, 0.1640625, 0.2265625, 0.15625, 0.1875, 0.28125, 0.3125, 0.2578125, 0.125, 0.1171875]","[23, 59]",0.5577961734961763,0.38464407274896933
277,8881.640625,"[0.71875, 0.40625, 0.90625, 0.3125, 0.484375, 0.328125, 0.1796875, 0.40625, 0.75, 0.8125, 0.21875, 0.671875, 0.296875, 0.2109375, 0.3125, 0.1875, 0.5, 0.21875, 0.484375, 0.25, 0.1171875]","[0.390625, 0.265625, 0.453125, 0.34375, 0.2734375, 0.1796875, 0.2109375, 0.234375, 0.40625, 0.4375, 0.25, 0.3828125, 0.1640625, 0.2265625, 0.15625, 0.1875, 0.28125, 0.3125, 0.2578125, 0.125, 0.1171875]","[59, 124]",0.5405172072330099,0.3672890612861479
278,8861.796875,"[0.71875, 0.40625, 0.90625, 0.3125, 0.484375, 0.328125, 0.1796875, 0.40625, 0.75, 0.8125, 0.21875, 0.671875, 0.296875, 0.2109375, 0.3125, 0.1875, 0.5, 0.21875, 0.484375, 0.25, 0.1171875]","[0.390625, 0.265625, 0.453125, 0.34375, 0.2734375, 0.1796875, 0.2109375, 0.234375, 0.40625, 0.4375, 0.25, 0.3828125, 0.1640625, 0.2265625, 0.15625, 0.1875, 0.28125, 0.3125, 0.2578125, 0.125, 0.1171875]","[59, 124, 125]",0.5405172072330099,0.3672890612861479
279,9156.953125,"[0.71875, 0.40625, 0.90625, 0.3125, 0.484375, 0.328125, 0.1796875, 0.40625, 0.75, 0.8125, 0.21875, 0.703125, 0.296875, 0.2109375, 0.3125, 0.1875, 0.75, 0.21875, 0.484375, 0.125, 0.1171875]","[0.390625, 0.265625, 0.453125, 0.34375, 0.2734375, 0.1796875, 0.2109375, 0.234375, 0.40625, 0.4375, 0.25, 0.4140625, 0.1640625, 0.2265625, 0.15625, 0.1875, 0.40625, 0.3125, 0.2578125, 0.0625, 0.1171875]",[42],0.5732410049910004,0.4014388111438997
280,8998.203125,"[0.71875, 0.40625, 0.875, 0.3125, 0.484375, 0.328125, 0.1796875, 0.40625, 0.75, 0.8125, 0.21875, 0.703125, 0.296875, 0.2109375, 0.3125, 0.1875, 0.75, 0.21875, 0.484375, 0.125, 0.1171875]","[0.390625, 0.265625, 0.4375, 0.34375, 0.2734375, 0.1796875, 0.2109375, 0.234375, 0.40625, 0.4375, 0.25, 0.4140625, 0.1640625, 0.2265625, 0.15625, 0.1875, 0.40625, 0.3125, 0.2578125, 0.0625, 0.1171875]","[19, 42]",0.5684985810926959,0.39824918078555044
281,8999.609375,"[0.71875, 0.40625, 0.875, 0.3125, 0.484375, 0.328125, 0.171875, 0.40625, 0.625, 0.8125, 0.21875, 0.703125, 0.421875, 0.2109375, 0.3125, 0.1875, 0.75, 0.21875, 0.484375, 0.125, 0.1171875]","[0.390625, 0.265625, 0.4375, 0.34375, 0.2734375, 0.1796875, 0.203125, 0.234375, 0.34375, 0.4375, 0.25, 0.4140625, 0.2265625, 0.2265625, 0.15625, 0.1875, 0.40625, 0.3125, 0.2578125, 0.0625, 0.1171875]",[42],0.5504485137065634,0.3811967949797233
282,8900.78125,"[0.71875, 0.40625, 0.875, 0.3125, 0.484375, 0.328125, 0.171875, 0.40625, 0.625, 0.8125, 0.21875, 0.703125, 0.421875, 0.2109375, 0.3125, 0.1875, 0.75, 0.1875, 0.484375, 0.125, 0.1171875]","[0.390625, 0.265625, 0.4375, 0.34375, 0.2734375, 0.1796875, 0.203125, 0.234375, 0.34375, 0.4375, 0.25, 0.4140625, 0.2265625, 0.2265625, 0.15625, 0.1875, 0.40625, 0.25, 0.2578125, 0.0625, 0.1171875]","[42, 58, 63]",0.555702508489102,0.3843353668313444
283,8959.84375,"[0.71875, 0.40625, 0.875, 0.3125, 0.484375, 0.328125, 0.140625, 0.40625, 0.625, 0.9375, 0.234375, 0.703125, 0.421875, 0.2109375, 0.3125, 0.1875, 0.75, 0.1875, 0.484375, 0.140625, 0.1171875]","[0.390625, 0.265625, 0.4375, 0.34375, 0.2734375, 0.1796875, 0.171875, 0.234375, 0.34375, 0.5, 0.265625, 0.4140625, 0.2265625, 0.2265625, 0.15625, 0.1875, 0.40625, 0.25, 0.2578125, 0.0703125, 0.1171875]",[13],0.5743963709201827,0.40225223673047705
284,8920.0,"[0.71875, 0.40625, 0.875, 0.3125, 0.484375, 0.328125, 0.140625, 0.40625, 0.625, 0.9375, 0.234375, 0.703125, 0.421875, 0.2109375, 0.3125, 0.1875, 0.75, 0.1875, 0.484375, 0.140625, 0.1328125]","[0.390625, 0.265625, 0.4375, 0.34375, 0.2734375, 0.1796875, 0.171875, 0.234375, 0.34375, 0.5, 0.265625, 0.4140625, 0.2265625, 0.2265625, 0.15625, 0.1875, 0.40625, 0.25, 0.2578125, 0.0703125, 0.1328125]",[98],0.571253108782772,0.3974654086190549
285,8959.375,"[0.71875, 0.40625, 0.875, 0.3125, 0.484375, 0.328125, 0.140625, 0.40625, 0.6875, 0.9375, 0.234375, 0.703125, 0.421875, 0.2109375, 0.3125, 0.1875, 0.75, 0.1875, 0.484375, 0.140625, 0.1328125]","[0.390625, 0.265625, 0.4375, 0.34375, 0.2734375, 0.1796875, 0.171875, 0.234375, 0.375, 0.5, 0.265625, 0.4140625, 0.2265625, 0.2265625, 0.15625, 0.1875, 0.40625, 0.25, 0.2578125, 0.0703125, 0.1328125]",[124],0.5736497354875798,0.3995613078975621
286,9038.125,"[0.71875, 0.40625, 0.875, 0.3125, 0.484375, 0.328125, 0.140625, 0.40625, 0.6875, 0.9375, 0.234375, 0.703125, 0.421875, 0.2109375, 0.3125, 0.1875, 0.75, 0.1875, 0.484375, 0.140625, 0.1328125]","[0.390625, 0.265625, 0.4375, 0.34375, 0.2734375, 0.1796875, 0.171875, 0.234375, 0.375, 0.5, 0.265625, 0.4140625, 0.2265625, 0.2265625, 0.15625, 0.1875, 0.40625, 0.25, 0.2578125, 0.0703125, 0.1328125]","[124, 126]",0.5736497354875798,0.3995613078975621
287,9058.671875,"[0.71875, 0.40625, 0.875, 0.3125, 0.546875, 0.328125, 0.1484375, 0.40625, 0.6875, 0.9375, 0.234375, 0.703125, 0.421875, 0.2109375, 0.3125, 0.1875, 0.75, 0.1875, 0.484375, 0.140625, 0.1328125]","[0.390625, 0.265625, 0.4375, 0.34375, 0.3046875, 0.1796875, 0.1796875, 0.234375, 0.375, 0.5, 0.265625, 0.4140625, 0.2265625, 0.2265625, 0.15625, 0.1875, 0.40625, 0.25, 0.2578125, 0.0703125, 0.1328125]",[127],0.5705122171129804,0.3963152378002248
288,9138.046875,"[0.71875, 0.40625, 0.875, 0.375, 0.546875, 0.328125, 0.1484375, 0.40625, 0.6875, 0.9375, 0.234375, 0.703125, 0.296875, 0.2109375, 0.3125, 0.1875, 0.75, 0.1875, 0.484375, 0.140625, 0.1328125]","[0.390625, 0.265625, 0.4375, 0.40625, 0.3046875, 0.1796875, 0.1796875, 0.234375, 0.375, 0.5, 0.265625, 0.4140625, 0.1640625, 0.2265625, 0.15625, 0.1875, 0.40625, 0.25, 0.2578125, 0.0703125, 0.1328125]","[107, 128, 129]",0.5760632126496439,0.4135994742130757
289,9137.109375,"[0.71875, 0.40625, 0.875, 0.375, 0.421875, 0.328125, 0.1484375, 0.40625, 0.8125, 0.9375, 0.234375, 0.734375, 0.296875, 0.2109375, 0.25, 0.1875, 0.75, 0.1875, 0.484375, 0.140625, 0.1328125]","[0.390625, 0.265625, 0.4375, 0.40625, 0.2421875, 0.1796875, 0.1796875, 0.234375, 0.4375, 0.5, 0.265625, 0.4296875, 0.1640625, 0.2265625, 0.125, 0.1875, 0.40625, 0.25, 0.2578125, 0.0703125, 0.1328125]",[79],0.6005428144161462,0.4365216155849292
290,8919.296875,"[0.71875, 0.40625, 0.875, 0.375, 0.421875, 0.328125, 0.1484375, 0.375, 0.8125, 0.9375, 0.234375, 0.734375, 0.296875, 0.2109375, 0.25, 0.1875, 0.75, 0.1875, 0.484375, 0.140625, 0.1328125]","[0.390625, 0.265625, 0.4375, 0.40625, 0.2421875, 0.1796875, 0.1796875, 0.21875, 0.4375, 0.5, 0.265625, 0.4296875, 0.1640625, 0.2265625, 0.125, 0.1875, 0.40625, 0.25, 0.2578125, 0.0703125, 0.1328125]",[68],0.6031502512487602,0.4387976876754802
291,8919.609375,"[0.71875, 0.40625, 0.875, 0.375, 0.421875, 0.328125, 0.1484375, 0.25, 0.8125, 0.6875, 0.234375, 0.734375, 0.296875, 0.2109375, 0.25, 0.1875, 0.75, 0.1875, 0.515625, 0.140625, 0.1328125]","[0.390625, 0.265625, 0.4375, 0.40625, 0.2421875, 0.1796875, 0.1796875, 0.15625, 0.4375, 0.375, 0.265625, 0.4296875, 0.1640625, 0.2265625, 0.125, 0.1875, 0.40625, 0.25, 0.2734375, 0.0703125, 0.1328125]","[25, 79, 84]",0.5893991287596393,0.4283886808335749
292,8841.796875,"[0.71875, 0.40625, 0.875, 0.375, 0.421875, 0.328125, 0.1484375, 0.25, 0.8125, 0.6875, 0.234375, 0.734375, 0.296875, 0.2109375, 0.25, 0.1875, 0.8125, 0.1875, 0.515625, 0.140625, 0.1328125]","[0.390625, 0.265625, 0.4375, 0.40625, 0.2421875, 0.1796875, 0.1796875, 0.15625, 0.4375, 0.375, 0.265625, 0.4296875, 0.1640625, 0.2265625, 0.125, 0.1875, 0.46875, 0.25, 0.2734375, 0.0703125, 0.1328125]","[79, 84]",0.5958943619127691,0.43970371604894726
293,8841.484375,"[0.71875, 0.40625, 0.875, 0.375, 0.390625, 0.328125, 0.1484375, 0.3125, 0.8125, 0.6875, 0.234375, 0.734375, 0.296875, 0.2109375, 0.25, 0.125, 0.8125, 0.1875, 0.515625, 0.140625, 0.1328125]","[0.390625, 0.265625, 0.4375, 0.40625, 0.2265625, 0.1796875, 0.1796875, 0.21875, 0.4375, 0.375, 0.265625, 0.4296875, 0.1640625, 0.2265625, 0.125, 0.125, 0.46875, 0.25, 0.2734375, 0.0703125, 0.1328125]","[9, 24]",0.6017767969633828,0.4446357070060981
294,8881.171875,"[0.71875, 0.40625, 0.875, 0.375, 0.390625, 0.328125, 0.1484375, 0.3125, 0.8125, 0.6875, 0.234375, 0.734375, 0.296875, 0.2109375, 0.25, 0.125, 0.8125, 0.125, 0.515625, 0.265625, 0.1328125]","[0.390625, 0.265625, 0.4375, 0.40625, 0.2265625, 0.1796875, 0.1796875, 0.21875, 0.4375, 0.375, 0.265625, 0.4296875, 0.1640625, 0.2265625, 0.125, 0.125, 0.46875, 0.1875, 0.2734375, 0.1328125, 0.1328125]","[24, 34]",0.5927217828144232,0.4336579350985433
295,9001.484375,"[0.71875, 0.40625, 0.625, 0.375, 0.390625, 0.328125, 0.1484375, 0.3125, 0.8125, 0.6875, 0.234375, 0.734375, 0.296875, 0.2734375, 0.25, 0.125, 0.8125, 0.125, 0.515625, 0.265625, 0.1640625]","[0.390625, 0.265625, 0.3125, 0.40625, 0.2265625, 0.1796875, 0.1796875, 0.21875, 0.4375, 0.375, 0.265625, 0.4296875, 0.1640625, 0.2890625, 0.125, 0.125, 0.46875, 0.1875, 0.2734375, 0.1328125, 0.1640625]",[7],0.5528538059599956,0.40809624334004574
296,9002.734375,"[0.71875, 0.40625, 0.625, 0.375, 0.390625, 0.328125, 0.1484375, 0.3125, 0.8125, 0.6875, 0.234375, 0.734375, 0.296875, 0.2734375, 0.25, 0.125, 0.8125, 0.125, 0.515625, 0.265625, 0.1640625]","[0.390625, 0.265625, 0.3125, 0.40625, 0.2265625, 0.1796875, 0.1796875, 0.21875, 0.4375, 0.375, 0.265625, 0.4296875, 0.1640625, 0.2890625, 0.125, 0.125, 0.46875, 0.1875, 0.2734375, 0.1328125, 0.1640625]",[7],0.5528538059599956,0.40809624334004574
297,8883.828125,"[0.71875, 0.40625, 0.625, 0.375, 0.390625, 0.328125, 0.1640625, 0.3125, 0.8125, 0.625, 0.234375, 0.734375, 0.296875, 0.2734375, 0.25, 0.125, 0.8125, 0.125, 0.515625, 0.265625, 0.1640625]","[0.390625, 0.265625, 0.3125, 0.40625, 0.2265625, 0.1796875, 0.2109375, 0.21875, 0.4375, 0.34375, 0.265625, 0.4296875, 0.1640625, 0.2890625, 0.125, 0.125, 0.46875, 0.1875, 0.2734375, 0.1328125, 0.1640625]","[79, 92]",0.5457627770558066,0.3996474002100507
298,8943.671875,"[0.71875, 0.40625, 0.625, 0.375, 0.390625, 0.390625, 0.1640625, 0.3125, 0.8125, 0.625, 0.234375, 0.703125, 0.296875, 0.2734375, 0.25, 0.125, 0.8125, 0.125, 0.53125, 0.265625, 0.1640625]","[0.390625, 0.265625, 0.3125, 0.40625, 0.2265625, 0.2109375, 0.2109375, 0.21875, 0.4375, 0.34375, 0.265625, 0.3984375, 0.1640625, 0.2890625, 0.125, 0.125, 0.46875, 0.1875, 0.28125, 0.1328125, 0.1640625]","[112, 121, 129]",0.5370221285441988,0.3876866336694185
299,9122.421875,"[0.71875, 0.40625, 0.625, 0.34375, 0.390625, 0.265625, 0.1640625, 0.3125, 0.8125, 0.625, 0.234375, 0.703125, 0.3125, 0.2734375, 0.25, 0.125, 0.8125, 0.125, 0.53125, 0.265625, 0.1796875]","[0.390625, 0.265625, 0.3125, 0.375, 0.2265625, 0.1484375, 0.2109375, 0.21875, 0.4375, 0.34375, 0.265625, 0.3984375, 0.171875, 0.2890625, 0.125, 0.125, 0.46875, 0.1875, 0.28125, 0.1328125, 0.1796875]","[23, 113]",0.5481647692447208,0.39133741605660566
300,8923.671875,"[0.71875, 0.40625, 0.625, 0.34375, 0.390625, 0.265625, 0.1640625, 0.28125, 0.8125, 0.625, 0.234375, 0.703125, 0.3125, 0.2734375, 0.25, 0.125, 0.75, 0.125, 0.53125, 0.265625, 0.2109375]","[0.390625, 0.265625, 0.3125, 0.375, 0.2265625, 0.1484375, 0.2109375, 0.203125, 0.4375, 0.34375, 0.265625, 0.3984375, 0.171875, 0.2890625, 0.125, 0.125, 0.4375, 0.1875, 0.28125, 0.1328125, 0.2109375]",[15],0.5376116731370134,0.3796303895559468
301,8805.546875,"[0.71875, 0.40625, 0.59375, 0.34375, 0.390625, 0.265625, 0.1640625, 0.28125, 0.8125, 0.625, 0.234375, 0.703125, 0.3125, 0.2734375, 0.25, 0.125, 0.75, 0.125, 0.53125, 0.265625, 0.2109375]","[0.390625, 0.265625, 0.296875, 0.375, 0.2265625, 0.1484375, 0.2109375, 0.203125, 0.4375, 0.34375, 0.265625, 0.3984375, 0.171875, 0.2890625, 0.125, 0.125, 0.4375, 0.1875, 0.28125, 0.1328125, 0.2109375]","[14, 15, 77]",0.5359787584029546,0.37953590389541336
302,9003.046875,"[0.71875, 0.40625, 0.59375, 0.34375, 0.390625, 0.265625, 0.1640625, 0.28125, 0.8125, 0.625, 0.234375, 0.703125, 0.3125, 0.2734375, 0.25, 0.125, 0.75, 0.1875, 0.53125, 0.265625, 0.2109375]","[0.390625, 0.265625, 0.296875, 0.375, 0.2265625, 0.1484375, 0.2109375, 0.203125, 0.4375, 0.34375, 0.265625, 0.3984375, 0.171875, 0.2890625, 0.125, 0.125, 0.4375, 0.25, 0.28125, 0.1328125, 0.2109375]",[15],0.5234895614113557,0.3701250031699276
303,9004.296875,"[0.71875, 0.40625, 0.59375, 0.34375, 0.390625, 0.265625, 0.1640625, 0.28125, 0.8125, 0.625, 0.234375, 0.671875, 0.3125, 0.2734375, 0.25, 0.125, 0.75, 0.1875, 0.53125, 0.265625, 0.1953125]","[0.390625, 0.265625, 0.296875, 0.375, 0.2265625, 0.1484375, 0.2109375, 0.203125, 0.4375, 0.34375, 0.265625, 0.3671875, 0.171875, 0.2890625, 0.125, 0.125, 0.4375, 0.25, 0.28125, 0.1328125, 0.1953125]","[15, 77]",0.5230868978000511,0.36823488328141807
304,8964.453125,"[0.59375, 0.40625, 0.59375, 0.46875, 0.390625, 0.265625, 0.1640625, 0.28125, 0.8125, 0.625, 0.234375, 0.671875, 0.3125, 0.2734375, 0.25, 0.125, 0.75, 0.1875, 0.53125, 0.265625, 0.1953125]","[0.328125, 0.265625, 0.296875, 0.5, 0.2265625, 0.1484375, 0.2109375, 0.203125, 0.4375, 0.34375, 0.265625, 0.3671875, 0.171875, 0.2890625, 0.125, 0.125, 0.4375, 0.25, 0.28125, 0.1328125, 0.1953125]","[65, 77]",0.5049869207779956,0.391833799780524
305,8885.546875,"[0.59375, 0.40625, 0.59375, 0.46875, 0.390625, 0.265625, 0.1640625, 0.28125, 0.8125, 0.625, 0.25, 0.671875, 0.3125, 0.2734375, 0.25, 0.125, 0.75, 0.1875, 0.53125, 0.265625, 0.1953125]","[0.328125, 0.265625, 0.296875, 0.5, 0.2265625, 0.1484375, 0.2109375, 0.203125, 0.4375, 0.34375, 0.28125, 0.3671875, 0.171875, 0.2890625, 0.125, 0.125, 0.4375, 0.25, 0.28125, 0.1328125, 0.1953125]","[77, 113]",0.5025932188333212,0.3909121399002098
306,8945.234375,"[0.59375, 0.40625, 0.59375, 0.46875, 0.390625, 0.265625, 0.1640625, 0.28125, 0.8125, 0.625, 0.25, 0.671875, 0.34375, 0.2734375, 0.25, 0.125, 0.75, 0.1875, 0.53125, 0.265625, 0.1953125]","[0.328125, 0.265625, 0.296875, 0.5, 0.2265625, 0.1484375, 0.2109375, 0.203125, 0.4375, 0.34375, 0.28125, 0.3671875, 0.203125, 0.2890625, 0.125, 0.125, 0.4375, 0.25, 0.28125, 0.1328125, 0.1953125]",[113],0.49938497689706285,0.3844542584209557
307,8944.921875,"[0.59375, 0.40625, 0.59375, 0.46875, 0.390625, 0.265625, 0.1640625, 0.28125, 0.875, 0.625, 0.25, 0.671875, 0.34375, 0.2734375, 0.25, 0.125, 0.75, 0.1875, 0.53125, 0.265625, 0.1953125]","[0.328125, 0.265625, 0.296875, 0.5, 0.2265625, 0.1484375, 0.2109375, 0.203125, 0.46875, 0.34375, 0.28125, 0.3671875, 0.203125, 0.2890625, 0.125, 0.125, 0.4375, 0.25, 0.28125, 0.1328125, 0.1953125]","[121, 125]",0.5115616684070403,0.39197615504418276
308,9143.359375,"[0.59375, 0.40625, 0.59375, 0.46875, 0.390625, 0.265625, 0.1640625, 0.28125, 0.875, 0.625, 0.25, 0.640625, 0.375, 0.2734375, 0.25, 0.125, 0.75, 0.1875, 0.53125, 0.265625, 0.1953125]","[0.328125, 0.265625, 0.296875, 0.5, 0.2265625, 0.1484375, 0.2109375, 0.203125, 0.46875, 0.34375, 0.28125, 0.3515625, 0.234375, 0.2890625, 0.125, 0.125, 0.4375, 0.25, 0.28125, 0.1328125, 0.1953125]","[94, 125]",0.5062728342340048,0.3858815648230141
309,9063.515625,"[0.59375, 0.40625, 0.59375, 0.46875, 0.390625, 0.234375, 0.1484375, 0.28125, 0.875, 0.625, 0.25, 0.640625, 0.375, 0.2734375, 0.25, 0.125, 0.75, 0.1875, 0.53125, 0.265625, 0.1953125]","[0.328125, 0.265625, 0.296875, 0.5, 0.2265625, 0.1328125, 0.1953125, 0.203125, 0.46875, 0.34375, 0.28125, 0.3515625, 0.234375, 0.2890625, 0.125, 0.125, 0.4375, 0.25, 0.28125, 0.1328125, 0.1953125]","[37, 67]",0.5140575699990096,0.3931736174518408
310,8964.453125,"[0.59375, 0.40625, 0.59375, 0.46875, 0.390625, 0.234375, 0.1484375, 0.28125, 0.875, 0.65625, 0.25, 0.640625, 0.375, 0.2734375, 0.25, 0.125, 0.75, 0.1875, 0.53125, 0.265625, 0.1953125]","[0.328125, 0.265625, 0.296875, 0.5, 0.2265625, 0.1328125, 0.1953125, 0.203125, 0.46875, 0.359375, 0.28125, 0.3515625, 0.234375, 0.2890625, 0.125, 0.125, 0.4375, 0.25, 0.28125, 0.1328125, 0.1953125]","[37, 94]",0.516359208910606,0.39419989163329827
311,8924.6875,"[0.59375, 0.40625, 0.59375, 0.46875, 0.390625, 0.234375, 0.15625, 0.28125, 0.875, 0.65625, 0.25, 0.640625, 0.375, 0.2734375, 0.25, 0.125, 0.75, 0.1875, 0.53125, 0.265625, 0.1953125]","[0.328125, 0.265625, 0.296875, 0.5, 0.2265625, 0.1328125, 0.203125, 0.203125, 0.46875, 0.359375, 0.28125, 0.3515625, 0.234375, 0.2890625, 0.125, 0.125, 0.4375, 0.25, 0.28125, 0.1328125, 0.1953125]",[94],0.5147731704966264,0.39273705226673156
312,8944.375,"[0.59375, 0.40625, 0.59375, 0.46875, 0.390625, 0.234375, 0.15625, 0.28125, 0.875, 0.65625, 0.25, 0.640625, 0.375, 0.2734375, 0.25, 0.125, 0.75, 0.1875, 0.53125, 0.265625, 0.1953125]","[0.328125, 0.265625, 0.296875, 0.5, 0.2265625, 0.1328125, 0.203125, 0.203125, 0.46875, 0.359375, 0.28125, 0.3515625, 0.234375, 0.2890625, 0.125, 0.125, 0.4375, 0.25, 0.28125, 0.1328125, 0.1953125]","[94, 101]",0.5147731704966264,0.39273705226673156
313,9083.4375,"[0.59375, 0.40625, 0.59375, 0.46875, 0.390625, 0.234375, 0.15625, 0.28125, 0.875, 0.65625, 0.25, 0.640625, 0.375, 0.2734375, 0.25, 0.125, 0.75, 0.1875, 0.53125, 0.265625, 0.1953125]","[0.328125, 0.265625, 0.296875, 0.5, 0.2265625, 0.1328125, 0.203125, 0.203125, 0.46875, 0.359375, 0.28125, 0.3515625, 0.234375, 0.2890625, 0.125, 0.125, 0.4375, 0.25, 0.28125, 0.1328125, 0.1953125]",[94],0.5147731704966264,0.39273705226673156
314,8944.375,"[0.59375, 0.46875, 0.59375, 0.46875, 0.390625, 0.234375, 0.15625, 0.28125, 0.875, 0.65625, 0.25, 0.640625, 0.375, 0.2734375, 0.25, 0.125, 0.75, 0.1875, 0.53125, 0.265625, 0.1953125]","[0.328125, 0.296875, 0.296875, 0.5, 0.2265625, 0.1328125, 0.203125, 0.203125, 0.46875, 0.359375, 0.28125, 0.3515625, 0.234375, 0.2890625, 0.125, 0.125, 0.4375, 0.25, 0.28125, 0.1328125, 0.1953125]",[101],0.5121092793605085,0.39108755534704254
315,9103.125,"[0.59375, 0.46875, 0.59375, 0.59375, 0.390625, 0.234375, 0.15625, 0.28125, 0.875, 0.65625, 0.25, 0.640625, 0.375, 0.2734375, 0.25, 0.0625, 0.75, 0.1875, 0.53125, 0.265625, 0.1953125]","[0.328125, 0.296875, 0.296875, 0.625, 0.2265625, 0.1328125, 0.203125, 0.203125, 0.46875, 0.359375, 0.28125, 0.3515625, 0.234375, 0.2890625, 0.125, 0.0625, 0.4375, 0.25, 0.28125, 0.1328125, 0.1953125]","[106, 125]",0.5274586486388716,0.4573281249592502
316,9142.8125,"[0.59375, 0.40625, 0.65625, 0.59375, 0.328125, 0.234375, 0.15625, 0.28125, 0.875, 0.65625, 0.25, 0.640625, 0.375, 0.2734375, 0.25, 0.0625, 0.75, 0.1875, 0.53125, 0.265625, 0.1953125]","[0.328125, 0.265625, 0.359375, 0.625, 0.1953125, 0.1328125, 0.203125, 0.203125, 0.46875, 0.359375, 0.28125, 0.3515625, 0.234375, 0.2890625, 0.125, 0.0625, 0.4375, 0.25, 0.28125, 0.1328125, 0.1953125]",[94],0.5392466991128728,0.46431850356607035
317,9063.75,"[0.59375, 0.40625, 0.65625, 0.59375, 0.328125, 0.234375, 0.15625, 0.28125, 0.875, 0.65625, 0.25, 0.640625, 0.375, 0.2734375, 0.25, 0.0625, 0.75, 0.1875, 0.53125, 0.265625, 0.1953125]","[0.328125, 0.265625, 0.359375, 0.625, 0.1953125, 0.1328125, 0.203125, 0.203125, 0.46875, 0.359375, 0.28125, 0.3515625, 0.234375, 0.2890625, 0.125, 0.0625, 0.4375, 0.25, 0.28125, 0.1328125, 0.1953125]",[94],0.5392466991128728,0.46431850356607035
318,9024.0625,"[0.59375, 0.40625, 0.65625, 0.5625, 0.328125, 0.171875, 0.1484375, 0.28125, 0.875, 0.65625, 0.25, 0.640625, 0.375, 0.2734375, 0.25, 0.0625, 0.75, 0.1875, 0.5625, 0.265625, 0.1953125]","[0.328125, 0.265625, 0.359375, 0.5625, 0.1953125, 0.1015625, 0.1953125, 0.203125, 0.46875, 0.359375, 0.28125, 0.3515625, 0.234375, 0.2890625, 0.125, 0.0625, 0.4375, 0.25, 0.296875, 0.1328125, 0.1953125]","[5, 17]",0.5509942169787965,0.4512135033805492
319,8984.609375,"[0.59375, 0.40625, 0.65625, 0.5625, 0.328125, 0.171875, 0.1796875, 0.28125, 0.875, 0.65625, 0.25, 0.640625, 0.375, 0.2734375, 0.25, 0.0625, 0.75, 0.1875, 0.5625, 0.265625, 0.1953125]","[0.328125, 0.265625, 0.359375, 0.5625, 0.1953125, 0.1015625, 0.2265625, 0.203125, 0.46875, 0.359375, 0.28125, 0.3515625, 0.234375, 0.2890625, 0.125, 0.0625, 0.4375, 0.25, 0.296875, 0.1328125, 0.1953125]",[17],0.544992898072789,0.44602216119121824
320,9122.265625,"[0.59375, 0.40625, 0.65625, 0.5625, 0.328125, 0.171875, 0.1796875, 0.28125, 0.875, 0.65625, 0.25, 0.640625, 0.375, 0.2109375, 0.25, 0.0625, 0.75, 0.1875, 0.5625, 0.265625, 0.1953125]","[0.328125, 0.265625, 0.359375, 0.5625, 0.1953125, 0.1015625, 0.2265625, 0.203125, 0.46875, 0.359375, 0.28125, 0.3515625, 0.234375, 0.2265625, 0.125, 0.0625, 0.4375, 0.25, 0.296875, 0.1328125, 0.1953125]",[17],0.5544089100514231,0.45215720225703937
321,8825.3125,"[0.59375, 0.40625, 0.65625, 0.5625, 0.328125, 0.171875, 0.1796875, 0.15625, 0.875, 0.65625, 0.25, 0.640625, 0.375, 0.2109375, 0.25, 0.0625, 0.75, 0.1875, 0.5625, 0.265625, 0.1953125]","[0.328125, 0.265625, 0.359375, 0.5625, 0.1953125, 0.1015625, 0.2265625, 0.140625, 0.46875, 0.359375, 0.28125, 0.3515625, 0.234375, 0.2265625, 0.125, 0.0625, 0.4375, 0.25, 0.296875, 0.1328125, 0.1953125]","[17, 81]",0.5747563565406597,0.46593422861116235
322,8845.078125,"[0.71875, 0.40625, 0.65625, 0.59375, 0.328125, 0.171875, 0.1796875, 0.15625, 0.875, 0.65625, 0.25, 0.640625, 0.375, 0.2109375, 0.25, 0.0625, 0.75, 0.1875, 0.5625, 0.265625, 0.1953125]","[0.390625, 0.265625, 0.359375, 0.59375, 0.1953125, 0.1015625, 0.2265625, 0.140625, 0.46875, 0.359375, 0.28125, 0.3515625, 0.234375, 0.2265625, 0.125, 0.0625, 0.4375, 0.25, 0.296875, 0.1328125, 0.1953125]",[97],0.5832116855706577,0.4794076779500688
323,8865.0,"[0.71875, 0.40625, 0.65625, 0.59375, 0.328125, 0.171875, 0.1796875, 0.15625, 0.875, 0.65625, 0.25, 0.640625, 0.375, 0.2109375, 0.25, 0.0625, 0.75, 0.1875, 0.5625, 0.265625, 0.1953125]","[0.390625, 0.265625, 0.359375, 0.59375, 0.1953125, 0.1015625, 0.2265625, 0.140625, 0.46875, 0.359375, 0.28125, 0.3515625, 0.234375, 0.2265625, 0.125, 0.0625, 0.4375, 0.25, 0.296875, 0.1328125, 0.1953125]",[97],0.5832116855706577,0.4794076779500688
324,8864.921875,"[0.71875, 0.40625, 0.65625, 0.59375, 0.328125, 0.171875, 0.1796875, 0.15625, 0.875, 0.65625, 0.25, 0.640625, 0.375, 0.2109375, 0.25, 0.0625, 0.75, 0.203125, 0.5625, 0.265625, 0.1953125]","[0.390625, 0.265625, 0.359375, 0.59375, 0.1953125, 0.1015625, 0.2265625, 0.140625, 0.46875, 0.359375, 0.28125, 0.3515625, 0.234375, 0.2265625, 0.125, 0.0625, 0.4375, 0.265625, 0.296875, 0.1328125, 0.1953125]",[124],0.5805072955263083,0.47780628570566364
325,9022.421875,"[0.96875, 0.40625, 0.65625, 0.59375, 0.328125, 0.171875, 0.1796875, 0.15625, 0.875, 0.65625, 0.25, 0.640625, 0.375, 0.2109375, 0.25, 0.0625, 0.75, 0.203125, 0.5, 0.265625, 0.1953125]","[0.515625, 0.265625, 0.359375, 0.59375, 0.1953125, 0.1015625, 0.2265625, 0.140625, 0.46875, 0.359375, 0.28125, 0.3515625, 0.234375, 0.2265625, 0.125, 0.0625, 0.4375, 0.265625, 0.265625, 0.1328125, 0.1953125]","[44, 125, 126]",0.615370433959255,0.4985882589394503
326,9061.796875,"[0.96875, 0.4375, 0.65625, 0.59375, 0.328125, 0.171875, 0.1796875, 0.15625, 0.90625, 0.65625, 0.25, 0.640625, 0.375, 0.2109375, 0.25, 0.0625, 0.75, 0.203125, 0.5, 0.265625, 0.1953125]","[0.515625, 0.28125, 0.359375, 0.59375, 0.1953125, 0.1015625, 0.2265625, 0.140625, 0.484375, 0.359375, 0.28125, 0.3515625, 0.234375, 0.2265625, 0.125, 0.0625, 0.4375, 0.265625, 0.265625, 0.1328125, 0.1953125]",[44],0.6176835690890916,0.4997055632158526
327,9021.796875,"[0.96875, 0.4375, 0.65625, 0.59375, 0.328125, 0.171875, 0.1796875, 0.15625, 0.90625, 0.65625, 0.25, 0.640625, 0.375, 0.2109375, 0.25, 0.0625, 0.75, 0.203125, 0.5, 0.265625, 0.1953125]","[0.515625, 0.28125, 0.359375, 0.59375, 0.1953125, 0.1015625, 0.2265625, 0.140625, 0.484375, 0.359375, 0.28125, 0.3515625, 0.234375, 0.2265625, 0.125, 0.0625, 0.4375, 0.265625, 0.265625, 0.1328125, 0.1953125]","[44, 129]",0.6176835690890916,0.4997055632158526
328,9061.796875,"[0.96875, 0.4375, 0.65625, 0.59375, 0.328125, 0.171875, 0.1796875, 0.15625, 0.90625, 0.65625, 0.25, 0.640625, 0.375, 0.2109375, 0.25, 0.0625, 0.75, 0.203125, 0.5, 0.265625, 0.1953125]","[0.515625, 0.28125, 0.359375, 0.59375, 0.1953125, 0.1015625, 0.2265625, 0.140625, 0.484375, 0.359375, 0.28125, 0.3515625, 0.234375, 0.2265625, 0.125, 0.0625, 0.4375, 0.265625, 0.265625, 0.1328125, 0.1953125]","[44, 129]",0.6176835690890916,0.4997055632158526
329,9022.109375,"[0.96875, 0.4375, 0.65625, 0.59375, 0.34375, 0.171875, 0.1796875, 0.15625, 0.90625, 0.65625, 0.25, 0.640625, 0.375, 0.2109375, 0.25, 0.0625, 0.75, 0.21875, 0.5, 0.265625, 0.1953125]","[0.515625, 0.28125, 0.359375, 0.59375, 0.203125, 0.1015625, 0.2265625, 0.140625, 0.484375, 0.359375, 0.28125, 0.3515625, 0.234375, 0.2265625, 0.125, 0.0625, 0.4375, 0.28125, 0.265625, 0.1328125, 0.1953125]","[130, 131]",0.613491766976663,0.49684873620314923
330,9101.640625,"[0.96875, 0.4375, 0.65625, 0.59375, 0.34375, 0.171875, 0.1953125, 0.15625, 0.90625, 0.65625, 0.25, 0.640625, 0.40625, 0.2109375, 0.25, 0.0625, 0.75, 0.21875, 0.5, 0.265625, 0.1953125]","[0.515625, 0.28125, 0.359375, 0.59375, 0.203125, 0.1015625, 0.2578125, 0.140625, 0.484375, 0.359375, 0.28125, 0.3515625, 0.25, 0.2265625, 0.125, 0.0625, 0.4375, 0.28125, 0.265625, 0.1328125, 0.1953125]",[132],0.6082354012739701,0.4907282617960148
331,9121.484375,"[0.96875, 0.4375, 0.65625, 0.59375, 0.34375, 0.171875, 0.1953125, 0.15625, 0.90625, 0.65625, 0.25, 0.640625, 0.40625, 0.2109375, 0.25, 0.0625, 0.75, 0.21875, 0.515625, 0.265625, 0.1953125]","[0.515625, 0.28125, 0.359375, 0.59375, 0.203125, 0.1015625, 0.2578125, 0.140625, 0.484375, 0.359375, 0.28125, 0.3515625, 0.25, 0.2265625, 0.125, 0.0625, 0.4375, 0.28125, 0.2734375, 0.1328125, 0.1953125]","[133, 134]",0.6077593253824178,0.4899660506282288
332,9278.984375,"[0.84375, 0.4375, 0.65625, 0.59375, 0.34375, 0.171875, 0.1953125, 0.15625, 0.90625, 0.78125, 0.25, 0.640625, 0.40625, 0.2109375, 0.25, 0.1875, 0.75, 0.21875, 0.515625, 0.265625, 0.1953125]","[0.453125, 0.28125, 0.359375, 0.59375, 0.203125, 0.1015625, 0.2578125, 0.140625, 0.484375, 0.421875, 0.28125, 0.3515625, 0.25, 0.2265625, 0.125, 0.125, 0.4375, 0.28125, 0.2734375, 0.1328125, 0.1953125]","[89, 135]",0.5722127353195564,0.4628890880441249
333,9318.984375,"[0.84375, 0.4375, 0.65625, 0.59375, 0.34375, 0.171875, 0.1953125, 0.15625, 0.90625, 0.65625, 0.25, 0.640625, 0.40625, 0.2109375, 0.25, 0.1875, 0.75, 0.21875, 0.515625, 0.265625, 0.1953125]","[0.453125, 0.28125, 0.359375, 0.59375, 0.203125, 0.1015625, 0.2578125, 0.140625, 0.484375, 0.359375, 0.28125, 0.3515625, 0.25, 0.2265625, 0.125, 0.125, 0.4375, 0.28125, 0.2734375, 0.1328125, 0.1953125]",[58],0.5630473065494649,0.4590750113731956
334,9160.859375,"[0.84375, 0.4375, 0.65625, 0.59375, 0.34375, 0.171875, 0.1953125, 0.15625, 0.90625, 0.65625, 0.25, 0.640625, 0.40625, 0.2109375, 0.25, 0.1875, 0.75, 0.21875, 0.515625, 0.265625, 0.1953125]","[0.453125, 0.28125, 0.359375, 0.59375, 0.203125, 0.1015625, 0.2578125, 0.140625, 0.484375, 0.359375, 0.28125, 0.3515625, 0.25, 0.2265625, 0.125, 0.125, 0.4375, 0.28125, 0.2734375, 0.1328125, 0.1953125]","[58, 89]",0.5630473065494649,0.4590750113731956
335,9240.078125,"[0.84375, 0.4375, 0.65625, 0.59375, 0.34375, 0.171875, 0.1953125, 0.15625, 0.90625, 0.65625, 0.25, 0.640625, 0.40625, 0.2109375, 0.25, 0.1875, 0.75, 0.21875, 0.515625, 0.265625, 0.1953125]","[0.453125, 0.28125, 0.359375, 0.59375, 0.203125, 0.1015625, 0.2578125, 0.140625, 0.484375, 0.359375, 0.28125, 0.3515625, 0.25, 0.2265625, 0.125, 0.125, 0.4375, 0.28125, 0.2734375, 0.1328125, 0.1953125]","[58, 89]",0.5630473065494649,0.4590750113731956
336,9300.078125,"[0.84375, 0.4375, 0.65625, 0.59375, 0.34375, 0.171875, 0.1953125, 0.15625, 0.90625, 0.65625, 0.25, 0.640625, 0.421875, 0.2109375, 0.25, 0.1875, 0.75, 0.34375, 0.5, 0.265625, 0.1953125]","[0.453125, 0.28125, 0.359375, 0.59375, 0.203125, 0.1015625, 0.2578125, 0.140625, 0.484375, 0.359375, 0.28125, 0.3515625, 0.2578125, 0.2265625, 0.125, 0.125, 0.4375, 0.40625, 0.265625, 0.1328125, 0.1953125]","[132, 135, 136]",0.5460395076810239,0.45879211212616156
337,9379.140625,"[0.84375, 0.4375, 0.65625, 0.59375, 0.34375, 0.171875, 0.1953125, 0.1875, 0.90625, 0.65625, 0.25, 0.640625, 0.421875, 0.2109375, 0.25, 0.1875, 0.75, 0.34375, 0.5, 0.265625, 0.1953125]","[0.453125, 0.28125, 0.359375, 0.59375, 0.203125, 0.1015625, 0.2578125, 0.15625, 0.484375, 0.359375, 0.28125, 0.3515625, 0.2578125, 0.2265625, 0.125, 0.125, 0.4375, 0.40625, 0.265625, 0.1328125, 0.1953125]","[135, 136]",0.5403219182021226,0.4548711953624316
338,9418.984375,"[0.84375, 0.4375, 0.65625, 0.53125, 0.34375, 0.171875, 0.1953125, 0.1875, 0.90625, 0.65625, 0.25, 0.671875, 0.421875, 0.2109375, 0.25, 0.1875, 0.75, 0.34375, 0.5, 0.328125, 0.1953125]","[0.453125, 0.28125, 0.359375, 0.53125, 0.203125, 0.1015625, 0.2578125, 0.15625, 0.484375, 0.359375, 0.28125, 0.3828125, 0.2578125, 0.2265625, 0.125, 0.125, 0.4375, 0.40625, 0.265625, 0.1640625, 0.1953125]","[127, 137]",0.5338896180467588,0.4302214902781943
339,9537.734375,"[0.84375, 0.4375, 0.65625, 0.53125, 0.34375, 0.171875, 0.1953125, 0.25, 0.90625, 0.65625, 0.25, 0.796875, 0.421875, 0.2109375, 0.25, 0.1875, 0.75, 0.34375, 0.5, 0.328125, 0.1953125]","[0.453125, 0.28125, 0.359375, 0.53125, 0.203125, 0.1015625, 0.2578125, 0.21875, 0.484375, 0.359375, 0.28125, 0.4453125, 0.2578125, 0.2265625, 0.125, 0.125, 0.4375, 0.40625, 0.265625, 0.1640625, 0.1953125]","[138, 139]",0.5342050702573252,0.4230633292784897
340,9597.265625,"[0.84375, 0.4375, 0.65625, 0.53125, 0.34375, 0.171875, 0.1953125, 0.25, 0.90625, 0.65625, 0.25, 0.796875, 0.421875, 0.2109375, 0.25, 0.1875, 0.75, 0.34375, 0.5, 0.328125, 0.1953125]","[0.453125, 0.28125, 0.359375, 0.53125, 0.203125, 0.1015625, 0.2578125, 0.21875, 0.484375, 0.359375, 0.28125, 0.4453125, 0.2578125, 0.2265625, 0.125, 0.125, 0.4375, 0.40625, 0.265625, 0.1640625, 0.1953125]","[138, 139]",0.5342050702573252,0.4230633292784897
341,9596.953125,"[0.84375, 0.4375, 0.65625, 0.53125, 0.359375, 0.171875, 0.1953125, 0.3125, 0.90625, 0.65625, 0.25, 0.671875, 0.421875, 0.2109375, 0.25, 0.1875, 0.75, 0.34375, 0.5, 0.328125, 0.1953125]","[0.453125, 0.28125, 0.359375, 0.53125, 0.2109375, 0.1015625, 0.2578125, 0.25, 0.484375, 0.359375, 0.28125, 0.3828125, 0.2578125, 0.2265625, 0.125, 0.125, 0.4375, 0.40625, 0.265625, 0.1640625, 0.1953125]",[74],0.5140834139036998,0.4113476449439109
342,9457.890625,"[0.84375, 0.4375, 0.65625, 0.53125, 0.359375, 0.171875, 0.1953125, 0.3125, 0.90625, 0.6875, 0.25, 0.671875, 0.421875, 0.2109375, 0.25, 0.1875, 0.75, 0.34375, 0.5, 0.328125, 0.1953125]","[0.453125, 0.28125, 0.359375, 0.53125, 0.2109375, 0.1015625, 0.2578125, 0.25, 0.484375, 0.375, 0.28125, 0.3828125, 0.2578125, 0.2265625, 0.125, 0.125, 0.4375, 0.40625, 0.265625, 0.1640625, 0.1953125]","[140, 141]",0.515860034433955,0.4118497944209234
343,9656.015625,"[0.84375, 0.4375, 0.65625, 0.53125, 0.359375, 0.171875, 0.1953125, 0.3125, 0.90625, 0.6875, 0.25, 0.671875, 0.421875, 0.2109375, 0.25, 0.25, 0.75, 0.46875, 0.5, 0.328125, 0.1953125]","[0.453125, 0.28125, 0.359375, 0.53125, 0.2109375, 0.1015625, 0.2578125, 0.25, 0.484375, 0.375, 0.28125, 0.3828125, 0.2578125, 0.2265625, 0.125, 0.1875, 0.4375, 0.53125, 0.265625, 0.1640625, 0.1953125]","[142, 143]",0.49673323322715074,0.4155240830196903
344,9775.078125,"[0.84375, 0.4375, 0.65625, 0.53125, 0.34375, 0.171875, 0.1953125, 0.28125, 0.90625, 0.6875, 0.25, 0.671875, 0.421875, 0.2109375, 0.25, 0.25, 0.75, 0.53125, 0.5, 0.328125, 0.1953125]","[0.453125, 0.28125, 0.359375, 0.53125, 0.203125, 0.1015625, 0.2578125, 0.234375, 0.484375, 0.375, 0.28125, 0.3828125, 0.2578125, 0.2265625, 0.125, 0.1875, 0.4375, 0.59375, 0.265625, 0.1640625, 0.1953125]","[6, 132]",0.5004183783591113,0.4346387054732007
345,9775.078125,"[0.84375, 0.4375, 0.65625, 0.53125, 0.34375, 0.171875, 0.1953125, 0.28125, 0.90625, 0.6875, 0.25, 0.671875, 0.421875, 0.2109375, 0.25, 0.25, 0.75, 0.53125, 0.5, 0.328125, 0.1953125]","[0.453125, 0.28125, 0.359375, 0.53125, 0.203125, 0.1015625, 0.2578125, 0.234375, 0.484375, 0.375, 0.28125, 0.3828125, 0.2578125, 0.2265625, 0.125, 0.1875, 0.4375, 0.59375, 0.265625, 0.1640625, 0.1953125]",[6],0.5004183783591113,0.4346387054732007
346,9735.546875,"[0.84375, 0.4375, 0.65625, 0.53125, 0.34375, 0.171875, 0.1953125, 0.28125, 0.90625, 0.6875, 0.25, 0.640625, 0.421875, 0.2109375, 0.25, 0.25, 0.75, 0.53125, 0.5, 0.328125, 0.1953125]","[0.453125, 0.28125, 0.359375, 0.53125, 0.203125, 0.1015625, 0.2578125, 0.234375, 0.484375, 0.375, 0.28125, 0.3671875, 0.2578125, 0.2265625, 0.125, 0.1875, 0.4375, 0.59375, 0.265625, 0.1640625, 0.1953125]","[6, 36]",0.4989768726655883,0.43439410760284464
347,9774.609375,"[0.84375, 0.4375, 0.78125, 0.53125, 0.34375, 0.203125, 0.1953125, 0.28125, 0.90625, 0.6875, 0.25, 0.640625, 0.421875, 0.2109375, 0.25, 0.25, 0.75, 0.53125, 0.5, 0.328125, 0.1953125]","[0.453125, 0.28125, 0.421875, 0.53125, 0.203125, 0.1171875, 0.2578125, 0.234375, 0.484375, 0.375, 0.28125, 0.3671875, 0.2578125, 0.2265625, 0.125, 0.1875, 0.4375, 0.59375, 0.265625, 0.1640625, 0.1953125]",[132],0.50256362144721,0.43175020356919797
348,9932.109375,"[0.84375, 0.4375, 0.53125, 0.53125, 0.34375, 0.203125, 0.1953125, 0.28125, 0.90625, 0.6875, 0.25, 0.640625, 0.421875, 0.2109375, 0.5, 0.25, 0.75, 0.53125, 0.5, 0.328125, 0.1953125]","[0.453125, 0.28125, 0.296875, 0.53125, 0.203125, 0.1171875, 0.2578125, 0.234375, 0.484375, 0.375, 0.28125, 0.3671875, 0.2578125, 0.2265625, 0.25, 0.1875, 0.4375, 0.59375, 0.265625, 0.1640625, 0.1953125]","[18, 143, 144]",0.4691652464429103,0.4059457591837786
349,9971.484375,"[0.84375, 0.4375, 0.53125, 0.53125, 0.34375, 0.203125, 0.1953125, 0.34375, 0.875, 0.6875, 0.25, 0.640625, 0.421875, 0.2109375, 0.5, 0.25, 1.0, 0.46875, 0.5, 0.328125, 0.1953125]","[0.453125, 0.28125, 0.296875, 0.53125, 0.203125, 0.1171875, 0.2578125, 0.265625, 0.46875, 0.375, 0.28125, 0.3671875, 0.2578125, 0.2265625, 0.25, 0.1875, 0.5625, 0.53125, 0.265625, 0.1640625, 0.1953125]","[144, 110, 142]",0.49504581174284357,0.40539308704584326
350,10030.234375,"[0.84375, 0.4375, 0.59375, 0.53125, 0.375, 0.203125, 0.1953125, 0.34375, 0.875, 0.8125, 0.25, 0.640625, 0.421875, 0.2109375, 0.5, 0.25, 1.0, 0.46875, 0.4375, 0.328125, 0.1953125]","[0.453125, 0.28125, 0.328125, 0.53125, 0.21875, 0.1171875, 0.2578125, 0.265625, 0.46875, 0.4375, 0.28125, 0.3671875, 0.2578125, 0.2265625, 0.25, 0.1875, 0.5625, 0.53125, 0.234375, 0.1640625, 0.1953125]",[26],0.503485051627456,0.4079235129250145
351,9990.234375,"[0.84375, 0.4375, 0.59375, 0.53125, 0.375, 0.203125, 0.1953125, 0.34375, 0.875, 0.875, 0.25, 0.640625, 0.421875, 0.2109375, 0.5, 0.25, 1.0, 0.46875, 0.4375, 0.328125, 0.1953125]","[0.453125, 0.28125, 0.328125, 0.53125, 0.21875, 0.1171875, 0.2578125, 0.265625, 0.46875, 0.5, 0.28125, 0.3671875, 0.2578125, 0.2265625, 0.25, 0.1875, 0.5625, 0.53125, 0.234375, 0.1640625, 0.1953125]",[145],0.5099936194983912,0.41503497067122624
352,10068.984375,"[0.84375, 0.4375, 0.59375, 0.53125, 0.375, 0.203125, 0.1953125, 0.34375, 0.875, 0.625, 0.25, 0.640625, 0.421875, 0.2109375, 0.5, 0.25, 1.0, 0.46875, 0.4375, 0.328125, 0.1953125]","[0.453125, 0.28125, 0.328125, 0.53125, 0.21875, 0.1171875, 0.2578125, 0.265625, 0.46875, 0.375, 0.28125, 0.3671875, 0.2578125, 0.2265625, 0.25, 0.1875, 0.5625, 0.53125, 0.234375, 0.1640625, 0.1953125]",[3],0.49240419959203696,0.4048831033877551
353,9912.109375,"[0.84375, 0.4375, 0.59375, 0.53125, 0.375, 0.203125, 0.1953125, 0.34375, 0.875, 0.625, 0.25, 0.640625, 0.484375, 0.1953125, 0.5, 0.25, 1.0, 0.46875, 0.4375, 0.328125, 0.1953125]","[0.453125, 0.28125, 0.328125, 0.53125, 0.21875, 0.1171875, 0.2578125, 0.265625, 0.46875, 0.375, 0.28125, 0.3671875, 0.2890625, 0.2109375, 0.25, 0.1875, 0.5625, 0.53125, 0.234375, 0.1640625, 0.1953125]","[54, 145]",0.49155797071715396,0.4042141653435148
354,9991.328125,"[0.84375, 0.4375, 0.59375, 0.53125, 0.375, 0.203125, 0.1953125, 0.34375, 0.875, 0.625, 0.25, 0.640625, 0.546875, 0.1796875, 0.5, 0.25, 0.9375, 0.46875, 0.46875, 0.328125, 0.1953125]","[0.453125, 0.28125, 0.328125, 0.53125, 0.21875, 0.1171875, 0.2578125, 0.265625, 0.46875, 0.375, 0.28125, 0.3671875, 0.3203125, 0.1796875, 0.25, 0.1875, 0.5, 0.53125, 0.25, 0.1640625, 0.1953125]",[66],0.4797690051899611,0.393073523394347
355,9951.484375,"[0.84375, 0.4375, 0.59375, 0.53125, 0.375, 0.203125, 0.1953125, 0.34375, 0.875, 0.625, 0.25, 0.640625, 0.546875, 0.1796875, 0.25, 0.25, 0.9375, 0.46875, 0.46875, 0.328125, 0.1953125]","[0.453125, 0.28125, 0.328125, 0.53125, 0.21875, 0.1171875, 0.2578125, 0.265625, 0.46875, 0.375, 0.28125, 0.3671875, 0.3203125, 0.1796875, 0.125, 0.1875, 0.5, 0.53125, 0.25, 0.1640625, 0.1953125]",[53],0.5022271690998074,0.41953786738013094
356,9754.609375,"[0.84375, 0.4375, 0.59375, 0.53125, 0.25, 0.203125, 0.1953125, 0.34375, 0.875, 0.625, 0.25, 0.640625, 0.546875, 0.1796875, 0.25, 0.25, 0.9375, 0.46875, 0.46875, 0.328125, 0.1953125]","[0.453125, 0.28125, 0.328125, 0.53125, 0.15625, 0.1171875, 0.2578125, 0.265625, 0.46875, 0.375, 0.28125, 0.3671875, 0.3203125, 0.1796875, 0.125, 0.1875, 0.5, 0.53125, 0.25, 0.1640625, 0.1953125]","[53, 41, 66, 103, 146]",0.5169092029079133,0.43251261333722574
357,9892.34375,"[0.84375, 0.4375, 0.59375, 0.53125, 0.25, 0.203125, 0.2265625, 0.34375, 0.875, 0.875, 0.25, 0.640625, 0.546875, 0.1796875, 0.25, 0.25, 1.0, 0.46875, 0.46875, 0.328125, 0.1953125]","[0.453125, 0.28125, 0.328125, 0.53125, 0.15625, 0.1171875, 0.2890625, 0.265625, 0.46875, 0.5, 0.28125, 0.3671875, 0.3203125, 0.1796875, 0.125, 0.1875, 0.5625, 0.53125, 0.25, 0.1640625, 0.1953125]","[53, 103, 147, 148]",0.5401932869835199,0.45103112750554253
358,10209.765625,"[0.84375, 0.4375, 0.59375, 0.53125, 0.25, 0.203125, 0.2265625, 0.28125, 0.875, 0.875, 0.25, 0.640625, 0.546875, 0.1796875, 0.375, 0.25, 1.0, 0.46875, 0.4375, 0.328125, 0.2578125]","[0.453125, 0.28125, 0.328125, 0.53125, 0.15625, 0.1171875, 0.2890625, 0.203125, 0.46875, 0.5, 0.28125, 0.3671875, 0.3203125, 0.1796875, 0.1875, 0.1875, 0.5625, 0.53125, 0.234375, 0.1640625, 0.2578125]",[68],0.525158633845856,0.43782824046922275
359,10110.234375,"[0.84375, 0.4375, 0.59375, 0.53125, 0.25, 0.203125, 0.2265625, 0.28125, 0.875, 0.875, 0.25, 0.640625, 0.546875, 0.1796875, 0.375, 0.25, 1.0, 0.4375, 0.4375, 0.3125, 0.2578125]","[0.453125, 0.28125, 0.328125, 0.53125, 0.15625, 0.1171875, 0.2890625, 0.203125, 0.46875, 0.5, 0.28125, 0.3671875, 0.3203125, 0.1796875, 0.1875, 0.1875, 0.5625, 0.46875, 0.234375, 0.15625, 0.2578125]","[29, 68]",0.52881599334718,0.4306851362555064
360,10210.078125,"[0.84375, 0.4375, 0.59375, 0.59375, 0.25, 0.203125, 0.2265625, 0.28125, 0.875, 0.875, 0.25, 0.640625, 0.546875, 0.1796875, 0.25, 0.25, 1.0, 0.4375, 0.4375, 0.3125, 0.2578125]","[0.453125, 0.28125, 0.328125, 0.59375, 0.15625, 0.1171875, 0.2890625, 0.203125, 0.46875, 0.5, 0.28125, 0.3671875, 0.3203125, 0.1796875, 0.125, 0.1875, 0.5625, 0.46875, 0.234375, 0.15625, 0.2578125]","[68, 84]",0.5425765318586001,0.45879092652340525
361,10288.828125,"[0.84375, 0.4375, 0.59375, 0.59375, 0.25, 0.203125, 0.2265625, 0.28125, 0.875, 0.875, 0.25, 0.640625, 0.546875, 0.1796875, 0.5, 0.25, 1.0, 0.421875, 0.5625, 0.3125, 0.2578125]","[0.453125, 0.28125, 0.328125, 0.59375, 0.15625, 0.1171875, 0.2890625, 0.203125, 0.46875, 0.5, 0.28125, 0.3671875, 0.3203125, 0.1796875, 0.25, 0.1875, 0.5625, 0.453125, 0.296875, 0.15625, 0.2578125]",[44],0.5152449173026818,0.42414955821622113
362,10308.671875,"[0.84375, 0.4375, 0.59375, 0.59375, 0.25, 0.203125, 0.2265625, 0.28125, 0.875, 0.875, 0.25, 0.640625, 0.546875, 0.1796875, 0.5, 0.25, 1.0, 0.421875, 0.5625, 0.25, 0.2578125]","[0.453125, 0.28125, 0.328125, 0.59375, 0.15625, 0.1171875, 0.2890625, 0.203125, 0.46875, 0.5, 0.28125, 0.3671875, 0.3203125, 0.1796875, 0.25, 0.1875, 0.5625, 0.453125, 0.296875, 0.125, 0.2578125]","[11, 44]",0.5234098004382801,0.4322445327857392
363,10229.453125,"[0.84375, 0.4375, 0.59375, 0.59375, 0.25, 0.171875, 0.2265625, 0.28125, 0.875, 0.875, 0.25, 0.640625, 0.546875, 0.1796875, 0.5, 0.25, 1.0, 0.421875, 0.5625, 0.25, 0.2734375]","[0.453125, 0.28125, 0.328125, 0.59375, 0.15625, 0.1015625, 0.2890625, 0.203125, 0.46875, 0.5, 0.28125, 0.3671875, 0.3203125, 0.1796875, 0.25, 0.1875, 0.5625, 0.453125, 0.296875, 0.125, 0.2890625]","[4, 44]",0.5265152452741212,0.43326161863941104
364,10268.828125,"[0.84375, 0.4375, 0.65625, 0.59375, 0.25, 0.109375, 0.2265625, 0.28125, 0.875, 0.875, 0.25, 0.515625, 0.546875, 0.1796875, 0.5, 0.25, 1.0, 0.421875, 0.5625, 0.25, 0.2734375]","[0.453125, 0.28125, 0.359375, 0.59375, 0.15625, 0.0703125, 0.2890625, 0.203125, 0.46875, 0.5, 0.28125, 0.3046875, 0.3203125, 0.1796875, 0.25, 0.1875, 0.5625, 0.453125, 0.296875, 0.125, 0.2890625]","[4, 79]",0.5400736678752454,0.4448021918269295
365,10070.546875,"[0.84375, 0.40625, 0.65625, 0.59375, 0.25, 0.109375, 0.2265625, 0.28125, 0.875, 0.875, 0.25, 0.515625, 0.546875, 0.1796875, 0.5, 0.25, 1.0, 0.421875, 0.5625, 0.25, 0.2734375]","[0.453125, 0.265625, 0.359375, 0.59375, 0.15625, 0.0703125, 0.2890625, 0.203125, 0.46875, 0.5, 0.28125, 0.3046875, 0.3203125, 0.1796875, 0.25, 0.1875, 0.5625, 0.453125, 0.296875, 0.125, 0.2890625]","[4, 79, 93]",0.542390091083949,0.4465551459960713
366,10209.140625,"[0.84375, 0.40625, 0.65625, 0.59375, 0.375, 0.109375, 0.2265625, 0.28125, 0.875, 0.875, 0.25, 0.515625, 0.546875, 0.1796875, 0.5625, 0.25, 1.0, 0.421875, 0.5625, 0.25, 0.2734375]","[0.453125, 0.265625, 0.359375, 0.59375, 0.21875, 0.0703125, 0.2890625, 0.203125, 0.46875, 0.5, 0.28125, 0.3046875, 0.3203125, 0.1796875, 0.28125, 0.1875, 0.5625, 0.453125, 0.296875, 0.125, 0.2890625]",[79],0.5257293137693069,0.4298945953731466
367,10328.203125,"[0.84375, 0.40625, 0.65625, 0.59375, 0.375, 0.109375, 0.2265625, 0.28125, 0.875, 0.875, 0.375, 0.515625, 0.546875, 0.1796875, 0.5625, 0.25, 1.0, 0.421875, 0.5625, 0.25, 0.2734375]","[0.453125, 0.265625, 0.359375, 0.59375, 0.21875, 0.0703125, 0.2890625, 0.203125, 0.46875, 0.5, 0.40625, 0.3046875, 0.3203125, 0.1796875, 0.28125, 0.1875, 0.5625, 0.453125, 0.296875, 0.125, 0.2890625]",[103],0.5109495215571707,0.42489355963476
368,10406.953125,"[0.84375, 0.40625, 0.78125, 0.59375, 0.375, 0.109375, 0.2265625, 0.28125, 0.875, 0.875, 0.375, 0.515625, 0.546875, 0.1796875, 0.3125, 0.25, 0.9375, 0.421875, 0.5625, 0.25, 0.2734375]","[0.453125, 0.265625, 0.421875, 0.59375, 0.21875, 0.0703125, 0.2890625, 0.203125, 0.46875, 0.5, 0.40625, 0.3046875, 0.3203125, 0.1796875, 0.15625, 0.1875, 0.5, 0.453125, 0.296875, 0.125, 0.2890625]","[109, 126, 132]",0.5245522888188238,0.4372633573108958
369,10368.984375,"[0.84375, 0.40625, 0.78125, 0.65625, 0.25, 0.109375, 0.2265625, 0.28125, 0.875, 0.875, 0.375, 0.515625, 0.546875, 0.1796875, 0.3125, 0.25, 0.9375, 0.421875, 0.59375, 0.25, 0.2890625]","[0.453125, 0.265625, 0.421875, 0.65625, 0.15625, 0.0703125, 0.2890625, 0.203125, 0.46875, 0.5, 0.40625, 0.3046875, 0.3203125, 0.1796875, 0.15625, 0.1875, 0.5, 0.453125, 0.328125, 0.125, 0.3046875]",[4],0.5372433548633739,0.4617315799842289
370,10210.234375,"[0.84375, 0.40625, 0.78125, 0.65625, 0.25, 0.109375, 0.2265625, 0.28125, 0.875, 0.875, 0.34375, 0.515625, 0.546875, 0.1171875, 0.3125, 0.25, 0.9375, 0.421875, 0.59375, 0.25, 0.2890625]","[0.453125, 0.265625, 0.421875, 0.65625, 0.15625, 0.0703125, 0.2890625, 0.203125, 0.46875, 0.5, 0.34375, 0.3046875, 0.3203125, 0.1171875, 0.15625, 0.1875, 0.5, 0.453125, 0.328125, 0.125, 0.3046875]","[4, 51, 119, 146]",0.5517027706405275,0.47760161885903896
371,10446.796875,"[0.78125, 0.40625, 0.78125, 0.65625, 0.375, 0.109375, 0.2265625, 0.28125, 0.875, 1.0, 0.46875, 0.515625, 0.546875, 0.1171875, 0.3125, 0.3125, 0.9375, 0.421875, 0.59375, 0.1875, 0.2734375]","[0.421875, 0.265625, 0.421875, 0.65625, 0.21875, 0.0703125, 0.2890625, 0.203125, 0.46875, 0.5625, 0.46875, 0.3046875, 0.3203125, 0.1171875, 0.15625, 0.25, 0.5, 0.453125, 0.328125, 0.09375, 0.2890625]","[13, 38]",0.5408658342111131,0.4731273640880508
372,10605.703125,"[0.78125, 0.40625, 0.78125, 0.65625, 0.34375, 0.234375, 0.2265625, 0.28125, 0.875, 1.0, 0.46875, 0.515625, 0.546875, 0.1171875, 0.3125, 0.3125, 0.9375, 0.546875, 0.59375, 0.1875, 0.2734375]","[0.421875, 0.265625, 0.421875, 0.65625, 0.1875, 0.1328125, 0.2890625, 0.203125, 0.46875, 0.5625, 0.46875, 0.3046875, 0.3203125, 0.1171875, 0.15625, 0.25, 0.5, 0.578125, 0.328125, 0.09375, 0.2890625]",[16],0.5159722428800831,0.47428033963708327
373,10605.859375,"[0.78125, 0.40625, 0.78125, 0.65625, 0.34375, 0.234375, 0.2265625, 0.28125, 0.875, 1.0, 0.46875, 0.515625, 0.546875, 0.1171875, 0.3125, 0.3125, 0.9375, 0.546875, 0.59375, 0.1875, 0.2734375]","[0.421875, 0.265625, 0.421875, 0.65625, 0.1875, 0.1328125, 0.2890625, 0.203125, 0.46875, 0.5625, 0.46875, 0.3046875, 0.3203125, 0.1171875, 0.15625, 0.25, 0.5, 0.578125, 0.328125, 0.09375, 0.2890625]","[7, 136, 147]",0.5159722428800831,0.47428033963708327
374,10704.765625,"[0.78125, 0.40625, 0.75, 0.6875, 0.34375, 0.296875, 0.2265625, 0.28125, 0.875, 1.0, 0.46875, 0.515625, 0.546875, 0.1171875, 0.3125, 0.3125, 0.9375, 0.546875, 0.59375, 0.1875, 0.2734375]","[0.421875, 0.265625, 0.40625, 0.71875, 0.1875, 0.1640625, 0.2890625, 0.203125, 0.46875, 0.5625, 0.46875, 0.3046875, 0.3203125, 0.1171875, 0.15625, 0.25, 0.5, 0.578125, 0.328125, 0.09375, 0.2890625]","[1, 136, 148]",0.5063491224231885,0.48212483002254897
375,10982.890625,"[0.78125, 0.40625, 0.75, 0.6875, 0.34375, 0.359375, 0.2265625, 0.28125, 0.875, 1.0, 0.46875, 0.515625, 0.546875, 0.1171875, 0.3125, 0.3125, 0.9375, 0.546875, 0.59375, 0.1875, 0.2734375]","[0.421875, 0.265625, 0.40625, 0.71875, 0.1875, 0.1953125, 0.2890625, 0.203125, 0.46875, 0.5625, 0.46875, 0.3046875, 0.3203125, 0.1171875, 0.15625, 0.25, 0.5, 0.578125, 0.328125, 0.09375, 0.2890625]","[136, 148, 149]",0.49928727664288675,0.47571294360059324
376,11001.484375,"[0.78125, 0.40625, 0.75, 0.6875, 0.34375, 0.359375, 0.2265625, 0.28125, 0.875, 1.0, 0.484375, 0.515625, 0.421875, 0.0546875, 0.5625, 0.3125, 0.9375, 0.546875, 0.65625, 0.1875, 0.2734375]","[0.421875, 0.265625, 0.40625, 0.71875, 0.1875, 0.1953125, 0.2890625, 0.203125, 0.46875, 0.5625, 0.484375, 0.3046875, 0.2578125, 0.0546875, 0.28125, 0.25, 0.5, 0.578125, 0.359375, 0.09375, 0.2890625]","[27, 34]",0.499782990382171,0.47787716272426684
377,10723.046875,"[0.78125, 0.40625, 0.75, 0.6875, 0.34375, 0.359375, 0.2265625, 0.28125, 0.875, 1.0, 0.484375, 0.515625, 0.421875, 0.0546875, 0.5625, 0.3125, 0.9375, 0.546875, 0.65625, 0.1875, 0.2734375]","[0.421875, 0.265625, 0.40625, 0.71875, 0.1875, 0.1953125, 0.2890625, 0.203125, 0.46875, 0.5625, 0.484375, 0.3046875, 0.2578125, 0.0546875, 0.28125, 0.25, 0.5, 0.578125, 0.359375, 0.09375, 0.2890625]","[34, 27, 150, 151]",0.499782990382171,0.47787716272426684
378,10999.609375,"[0.78125, 0.40625, 0.75, 0.6875, 0.34375, 0.359375, 0.2265625, 0.53125, 0.875, 1.0, 0.484375, 0.515625, 0.40625, 0.0546875, 0.5625, 0.3125, 0.9375, 0.609375, 0.65625, 0.1875, 0.2734375]","[0.421875, 0.265625, 0.40625, 0.71875, 0.1875, 0.1953125, 0.2890625, 0.328125, 0.46875, 0.5625, 0.484375, 0.3046875, 0.25, 0.0546875, 0.28125, 0.25, 0.5, 0.640625, 0.359375, 0.09375, 0.2890625]","[27, 112]",0.4784079662213584,0.4721351663125608
379,10979.765625,"[0.78125, 0.40625, 0.75, 0.6875, 0.34375, 0.359375, 0.2265625, 0.53125, 0.875, 1.0, 0.484375, 0.515625, 0.40625, 0.0546875, 0.3125, 0.3125, 0.9375, 0.671875, 0.65625, 0.1875, 0.2734375]","[0.421875, 0.265625, 0.40625, 0.71875, 0.1875, 0.1953125, 0.2890625, 0.328125, 0.46875, 0.5625, 0.484375, 0.3046875, 0.25, 0.0546875, 0.15625, 0.25, 0.5, 0.703125, 0.359375, 0.09375, 0.2890625]","[27, 149, 150]",0.4969214627807886,0.5055224162809097
380,11140.390625,"[0.78125, 0.40625, 0.75, 0.6875, 0.34375, 0.359375, 0.2265625, 0.53125, 0.875, 1.0, 0.484375, 0.515625, 0.40625, 0.0546875, 0.3125, 0.3125, 0.9375, 0.671875, 0.65625, 0.1875, 0.3359375]","[0.421875, 0.265625, 0.40625, 0.71875, 0.1875, 0.1953125, 0.2890625, 0.328125, 0.46875, 0.5625, 0.484375, 0.3046875, 0.25, 0.0546875, 0.15625, 0.25, 0.5, 0.703125, 0.359375, 0.09375, 0.3515625]","[149, 150]",0.4892850342937735,0.49985288316204685
381,11041.171875,"[0.78125, 0.40625, 0.75, 0.6875, 0.34375, 0.359375, 0.2265625, 0.53125, 0.875, 1.0, 0.484375, 0.515625, 0.40625, 0.0546875, 0.3125, 0.3125, 0.9375, 0.671875, 0.640625, 0.1875, 0.3359375]","[0.421875, 0.265625, 0.40625, 0.71875, 0.1875, 0.1953125, 0.2890625, 0.328125, 0.46875, 0.5625, 0.484375, 0.3046875, 0.25, 0.0546875, 0.15625, 0.25, 0.5, 0.703125, 0.3515625, 0.09375, 0.3515625]",[88],0.4892313494364232,0.5003507144823759
382,11001.640625,"[0.78125, 0.40625, 0.75, 0.6875, 0.34375, 0.359375, 0.2265625, 0.53125, 0.875, 1.0, 0.484375, 0.515625, 0.40625, 0.0546875, 0.3125, 0.3125, 0.9375, 0.671875, 0.640625, 0.1875, 0.3359375]","[0.421875, 0.265625, 0.40625, 0.71875, 0.1875, 0.1953125, 0.2890625, 0.328125, 0.46875, 0.5625, 0.484375, 0.3046875, 0.25, 0.0546875, 0.15625, 0.25, 0.5, 0.703125, 0.3515625, 0.09375, 0.3515625]","[88, 149]",0.4892313494364232,0.5003507144823759
383,11001.171875,"[0.78125, 0.40625, 0.75, 0.6875, 0.34375, 0.359375, 0.1953125, 0.53125, 0.875, 1.0, 0.484375, 0.515625, 0.40625, 0.0546875, 0.3125, 0.3125, 0.9375, 0.671875, 0.640625, 0.1875, 0.3359375]","[0.421875, 0.265625, 0.40625, 0.71875, 0.1875, 0.1953125, 0.2578125, 0.328125, 0.46875, 0.5625, 0.484375, 0.3046875, 0.25, 0.0546875, 0.15625, 0.25, 0.5, 0.703125, 0.3515625, 0.09375, 0.3515625]","[88, 123]",0.4941242009663757,0.504330088814314
384,10901.796875,"[0.78125, 0.40625, 0.75, 0.6875, 0.34375, 0.359375, 0.1953125, 0.5625, 0.875, 1.0, 0.484375, 0.515625, 0.40625, 0.0546875, 0.3125, 0.3125, 0.9375, 0.671875, 0.640625, 0.1875, 0.3359375]","[0.421875, 0.265625, 0.40625, 0.71875, 0.1875, 0.1953125, 0.2578125, 0.34375, 0.46875, 0.5625, 0.484375, 0.3046875, 0.25, 0.0546875, 0.15625, 0.25, 0.5, 0.703125, 0.3515625, 0.09375, 0.3515625]","[88, 149, 150]",0.4930652034395538,0.5031011615261453
385,10981.328125,"[0.78125, 0.40625, 0.75, 0.6875, 0.3125, 0.359375, 0.1953125, 0.5625, 0.875, 1.0, 0.484375, 0.515625, 0.40625, 0.0546875, 0.3125, 0.3125, 0.9375, 0.671875, 0.640625, 0.1875, 0.3515625]","[0.421875, 0.265625, 0.40625, 0.71875, 0.15625, 0.1953125, 0.2578125, 0.34375, 0.46875, 0.5625, 0.484375, 0.3046875, 0.25, 0.0546875, 0.15625, 0.25, 0.5, 0.703125, 0.3515625, 0.09375, 0.3671875]","[33, 88]",0.4949289001964709,0.5085896520223385
386,11060.703125,"[0.78125, 0.40625, 0.75, 0.6875, 0.3125, 0.359375, 0.1953125, 0.5625, 0.875, 1.0, 0.484375, 0.515625, 0.375, 0.0546875, 0.3125, 0.3125, 0.9375, 0.671875, 0.640625, 0.1875, 0.3515625]","[0.421875, 0.265625, 0.40625, 0.71875, 0.15625, 0.1953125, 0.2578125, 0.34375, 0.46875, 0.5625, 0.484375, 0.3046875, 0.21875, 0.0546875, 0.15625, 0.25, 0.5, 0.703125, 0.3515625, 0.09375, 0.3671875]","[88, 33, 40, 149]",0.49776522106663845,0.5135059067172365
387,11198.984375,"[0.90625, 0.40625, 0.75, 0.6875, 0.3125, 0.359375, 0.1953125, 0.5625, 0.875, 1.0, 0.484375, 0.515625, 0.359375, 0.0546875, 0.3125, 0.3125, 0.9375, 0.734375, 0.640625, 0.1875, 0.3515625]","[0.484375, 0.265625, 0.40625, 0.71875, 0.15625, 0.1953125, 0.2578125, 0.34375, 0.46875, 0.5625, 0.484375, 0.3046875, 0.2109375, 0.0546875, 0.15625, 0.25, 0.5, 0.765625, 0.3515625, 0.09375, 0.3671875]","[40, 58, 149]",0.5091769116308416,0.5288040080844709
388,11257.734375,"[0.90625, 0.40625, 0.875, 0.6875, 0.3125, 0.359375, 0.1953125, 0.5625, 0.875, 1.0, 0.484375, 0.515625, 0.359375, 0.0546875, 0.3125, 0.3125, 0.9375, 0.671875, 0.640625, 0.1875, 0.3515625]","[0.484375, 0.265625, 0.46875, 0.71875, 0.15625, 0.1953125, 0.2578125, 0.34375, 0.46875, 0.5625, 0.484375, 0.3046875, 0.2109375, 0.0546875, 0.15625, 0.25, 0.5, 0.703125, 0.3515625, 0.09375, 0.3671875]","[40, 91, 149]",0.5147553489800173,0.5151665106643448
389,11138.515625,"[0.90625, 0.40625, 0.875, 0.6875, 0.3125, 0.359375, 0.1953125, 0.5625, 0.9375, 1.0, 0.484375, 0.515625, 0.359375, 0.0546875, 0.3125, 0.3125, 0.9375, 0.609375, 0.640625, 0.1875, 0.3515625]","[0.484375, 0.265625, 0.46875, 0.71875, 0.15625, 0.1953125, 0.2578125, 0.34375, 0.53125, 0.5625, 0.484375, 0.3046875, 0.2109375, 0.0546875, 0.15625, 0.25, 0.5, 0.640625, 0.3515625, 0.09375, 0.3671875]","[14, 40]",0.5203147301739396,0.5071035159907834
390,11078.671875,"[0.96875, 0.40625, 0.875, 0.6875, 0.3125, 0.359375, 0.1953125, 0.5625, 0.9375, 1.0, 0.484375, 0.390625, 0.359375, 0.0546875, 0.3125, 0.3125, 0.9375, 0.609375, 0.640625, 0.15625, 0.3515625]","[0.515625, 0.265625, 0.46875, 0.71875, 0.15625, 0.1953125, 0.2578125, 0.34375, 0.53125, 0.5625, 0.484375, 0.2421875, 0.2109375, 0.0546875, 0.15625, 0.25, 0.5, 0.640625, 0.3515625, 0.078125, 0.3671875]",[0],0.5398580355944298,0.5206293698601819
391,10800.859375,"[0.96875, 0.40625, 0.875, 0.6875, 0.3125, 0.359375, 0.1953125, 0.5625, 0.9375, 1.0, 0.484375, 0.390625, 0.359375, 0.0546875, 0.3125, 0.3125, 0.9375, 0.609375, 0.640625, 0.15625, 0.3515625]","[0.515625, 0.265625, 0.46875, 0.71875, 0.15625, 0.1953125, 0.2578125, 0.34375, 0.53125, 0.5625, 0.484375, 0.2421875, 0.2109375, 0.0546875, 0.15625, 0.25, 0.5, 0.640625, 0.3515625, 0.078125, 0.3671875]","[0, 40, 60]",0.5398580355944298,0.5206293698601819
392,10999.140625,"[0.75, 0.40625, 0.875, 0.6875, 0.3125, 0.359375, 0.1953125, 0.5625, 0.9375, 1.0, 0.484375, 0.390625, 0.359375, 0.0546875, 0.3125, 0.3125, 0.9375, 0.609375, 0.640625, 0.15625, 0.3515625]","[0.40625, 0.265625, 0.46875, 0.71875, 0.15625, 0.1953125, 0.2578125, 0.34375, 0.53125, 0.5625, 0.484375, 0.2421875, 0.2109375, 0.0546875, 0.15625, 0.25, 0.5, 0.640625, 0.3515625, 0.078125, 0.3671875]","[0, 40, 91]",0.5251587133884734,0.519004799652902
393,10722.578125,"[0.75, 0.40625, 0.8125, 0.6875, 0.3125, 0.359375, 0.203125, 0.5625, 0.9375, 1.0, 0.46875, 0.390625, 0.359375, 0.0546875, 0.3125, 0.3125, 0.9375, 0.609375, 0.640625, 0.15625, 0.3515625]","[0.40625, 0.265625, 0.40625, 0.71875, 0.15625, 0.1953125, 0.265625, 0.34375, 0.53125, 0.5625, 0.46875, 0.2421875, 0.2109375, 0.0546875, 0.15625, 0.25, 0.5, 0.640625, 0.3515625, 0.078125, 0.3671875]","[0, 40, 65]",0.520502028422268,0.517338600027008
394,10702.96875,"[0.78125, 0.40625, 0.8125, 0.6875, 0.3125, 0.375, 0.203125, 0.5625, 0.9375, 1.0, 0.46875, 0.390625, 0.359375, 0.0546875, 0.3125, 0.3125, 0.9375, 0.609375, 0.578125, 0.15625, 0.3515625]","[0.421875, 0.265625, 0.40625, 0.71875, 0.15625, 0.203125, 0.265625, 0.34375, 0.53125, 0.5625, 0.46875, 0.2421875, 0.2109375, 0.0546875, 0.15625, 0.25, 0.5, 0.640625, 0.3203125, 0.078125, 0.3671875]",[0],0.5210813207454412,0.5180565880142431
395,10603.75,"[0.78125, 0.40625, 0.8125, 0.6875, 0.328125, 0.375, 0.1875, 0.5625, 0.9375, 1.0, 0.46875, 0.390625, 0.359375, 0.0546875, 0.3125, 0.25, 0.875, 0.609375, 0.578125, 0.15625, 0.3515625]","[0.421875, 0.265625, 0.40625, 0.71875, 0.1640625, 0.203125, 0.234375, 0.34375, 0.53125, 0.5625, 0.46875, 0.2421875, 0.2109375, 0.0546875, 0.15625, 0.1875, 0.4375, 0.640625, 0.3203125, 0.078125, 0.3671875]",[25],0.5238455374345705,0.5294886517670024
396,10524.84375,"[0.78125, 0.40625, 0.8125, 0.6875, 0.328125, 0.40625, 0.1875, 0.5625, 0.9375, 1.0, 0.46875, 0.390625, 0.359375, 0.0546875, 0.3125, 0.25, 0.875, 0.609375, 0.578125, 0.15625, 0.3515625]","[0.421875, 0.265625, 0.40625, 0.71875, 0.1640625, 0.21875, 0.234375, 0.34375, 0.53125, 0.5625, 0.46875, 0.2421875, 0.2109375, 0.0546875, 0.15625, 0.1875, 0.4375, 0.640625, 0.3203125, 0.078125, 0.3671875]",[30],0.5210444926890471,0.5267580792679636
397,10604.21875,"[0.78125, 0.34375, 0.8125, 0.65625, 0.328125, 0.40625, 0.1875, 0.5625, 0.9375, 1.0, 0.46875, 0.390625, 0.359375, 0.0546875, 0.3125, 0.25, 0.875, 0.609375, 0.578125, 0.203125, 0.3515625]","[0.421875, 0.203125, 0.40625, 0.65625, 0.1640625, 0.21875, 0.234375, 0.34375, 0.53125, 0.5625, 0.46875, 0.2421875, 0.2109375, 0.0546875, 0.15625, 0.1875, 0.4375, 0.640625, 0.3203125, 0.1015625, 0.3671875]",[42],0.5187474418663289,0.516374314360254
398,10505.3125,"[0.78125, 0.34375, 0.75, 0.65625, 0.328125, 0.40625, 0.1875, 0.5, 0.9375, 1.0, 0.40625, 0.390625, 0.359375, 0.0546875, 0.3125, 0.25, 0.875, 0.609375, 0.578125, 0.203125, 0.3515625]","[0.421875, 0.203125, 0.375, 0.65625, 0.1640625, 0.21875, 0.234375, 0.28125, 0.53125, 0.5625, 0.40625, 0.2421875, 0.2109375, 0.0546875, 0.15625, 0.1875, 0.4375, 0.640625, 0.3203125, 0.1015625, 0.3671875]","[42, 48, 57]",0.5218733015494058,0.5212179996953091
399,10545.46875,"[0.78125, 0.375, 0.75, 0.65625, 0.328125, 0.546875, 0.1875, 0.5, 0.9375, 1.0, 0.40625, 0.390625, 0.359375, 0.0546875, 0.3125, 0.25, 0.875, 0.609375, 0.578125, 0.203125, 0.3515625]","[0.421875, 0.21875, 0.375, 0.65625, 0.1640625, 0.2890625, 0.234375, 0.28125, 0.53125, 0.5625, 0.40625, 0.2421875, 0.2109375, 0.0546875, 0.15625, 0.1875, 0.4375, 0.640625, 0.3203125, 0.1015625, 0.3671875]","[80, 96]",0.5108139702581063,0.5088044917081868
400,10664.53125,"[0.78125, 0.375, 0.75, 0.65625, 0.390625, 0.53125, 0.1875, 0.5, 0.9375, 1.0, 0.40625, 0.390625, 0.359375, 0.0546875, 0.3125, 0.25, 0.875, 0.609375, 0.578125, 0.203125, 0.3515625]","[0.421875, 0.21875, 0.375, 0.65625, 0.1953125, 0.28125, 0.234375, 0.28125, 0.53125, 0.5625, 0.40625, 0.2421875, 0.2109375, 0.0546875, 0.15625, 0.1875, 0.4375, 0.640625, 0.3203125, 0.1015625, 0.3671875]","[85, 96]",0.5050203688136417,0.5033153159796008
401,10664.0625,"[0.78125, 0.375, 0.75, 0.65625, 0.390625, 0.53125, 0.1875, 0.5, 0.9375, 1.0, 0.40625, 0.390625, 0.359375, 0.0546875, 0.3125, 0.25, 0.875, 0.609375, 0.578125, 0.203125, 0.3515625]","[0.421875, 0.21875, 0.375, 0.65625, 0.1953125, 0.28125, 0.234375, 0.28125, 0.53125, 0.5625, 0.40625, 0.2421875, 0.2109375, 0.0546875, 0.15625, 0.1875, 0.4375, 0.640625, 0.3203125, 0.1015625, 0.3671875]",[85],0.5050203688136417,0.5033153159796008
402,10762.5,"[0.78125, 0.625, 0.75, 0.65625, 0.390625, 0.53125, 0.1875, 0.5, 0.9375, 1.0, 0.40625, 0.390625, 0.359375, 0.0546875, 0.3125, 0.25, 0.875, 0.609375, 0.578125, 0.203125, 0.3515625]","[0.421875, 0.34375, 0.375, 0.65625, 0.1953125, 0.28125, 0.234375, 0.28125, 0.53125, 0.5625, 0.40625, 0.2421875, 0.2109375, 0.0546875, 0.15625, 0.1875, 0.4375, 0.640625, 0.3203125, 0.1015625, 0.3671875]","[96, 106]",0.49272719863998854,0.4889581779407829
403,10940.9375,"[0.78125, 0.625, 0.75, 0.65625, 0.390625, 0.53125, 0.1796875, 0.5, 0.9375, 1.0, 0.40625, 0.390625, 0.359375, 0.0546875, 0.3125, 0.25, 0.875, 0.609375, 0.578125, 0.203125, 0.3515625]","[0.421875, 0.34375, 0.375, 0.65625, 0.1953125, 0.28125, 0.2265625, 0.28125, 0.53125, 0.5625, 0.40625, 0.2421875, 0.2109375, 0.0546875, 0.15625, 0.1875, 0.4375, 0.640625, 0.3203125, 0.1015625, 0.3671875]",[91],0.49403074819821613,0.49020825111811994
404,10782.421875,"[0.78125, 0.625, 0.75, 0.65625, 0.390625, 0.53125, 0.1796875, 0.5, 0.9375, 1.0, 0.40625, 0.390625, 0.359375, 0.0546875, 0.3125, 0.25, 0.875, 0.609375, 0.578125, 0.203125, 0.3515625]","[0.421875, 0.34375, 0.375, 0.65625, 0.1953125, 0.28125, 0.2265625, 0.28125, 0.53125, 0.5625, 0.40625, 0.2421875, 0.2109375, 0.0546875, 0.15625, 0.1875, 0.4375, 0.640625, 0.3203125, 0.1015625, 0.3671875]","[91, 96]",0.49403074819821613,0.49020825111811994
405,10941.640625,"[0.78125, 0.625, 0.75, 0.65625, 0.390625, 0.5, 0.1796875, 0.5, 0.9375, 1.0, 0.40625, 0.390625, 0.359375, 0.0546875, 0.3125, 0.25, 0.875, 0.59375, 0.609375, 0.203125, 0.4140625]","[0.421875, 0.34375, 0.375, 0.65625, 0.1953125, 0.265625, 0.2265625, 0.28125, 0.53125, 0.5625, 0.40625, 0.2421875, 0.2109375, 0.0546875, 0.15625, 0.1875, 0.4375, 0.625, 0.3359375, 0.1015625, 0.4296875]",[56],0.4892871521919543,0.48711400380585684
406,10901.796875,"[0.78125, 0.625, 0.75, 0.65625, 0.390625, 0.5, 0.1796875, 0.5, 0.9375, 1.0, 0.40625, 0.390625, 0.359375, 0.0546875, 0.3125, 0.25, 0.90625, 0.59375, 0.609375, 0.203125, 0.4140625]","[0.421875, 0.34375, 0.375, 0.65625, 0.1953125, 0.265625, 0.2265625, 0.28125, 0.53125, 0.5625, 0.40625, 0.2421875, 0.2109375, 0.0546875, 0.15625, 0.1875, 0.453125, 0.625, 0.3359375, 0.1015625, 0.4296875]",[97],0.49217627449430834,0.4875144453281705
407,10941.640625,"[0.78125, 0.625, 0.75, 0.65625, 0.390625, 0.5, 0.1640625, 0.5, 0.9375, 1.0, 0.40625, 0.390625, 0.359375, 0.0546875, 0.3125, 0.25, 0.90625, 0.59375, 0.609375, 0.203125, 0.4296875]","[0.421875, 0.34375, 0.375, 0.65625, 0.1953125, 0.265625, 0.1953125, 0.28125, 0.53125, 0.5625, 0.40625, 0.2421875, 0.2109375, 0.0546875, 0.15625, 0.1875, 0.453125, 0.625, 0.3359375, 0.1015625, 0.4453125]",[106],0.4935977923811691,0.49332693843286
408,10941.484375,"[0.78125, 0.625, 0.75, 0.65625, 0.375, 0.5, 0.1640625, 0.5, 0.9375, 1.0, 0.40625, 0.390625, 0.359375, 0.0546875, 0.3125, 0.25, 0.90625, 0.59375, 0.609375, 0.203125, 0.4296875]","[0.421875, 0.34375, 0.375, 0.65625, 0.1875, 0.265625, 0.1953125, 0.28125, 0.53125, 0.5625, 0.40625, 0.2421875, 0.2109375, 0.0546875, 0.15625, 0.1875, 0.453125, 0.625, 0.3359375, 0.1015625, 0.4453125]","[106, 116, 118]",0.4950619839327233,0.49483879076198434
409,11100.859375,"[0.78125, 0.625, 0.75, 0.65625, 0.375, 0.5, 0.1640625, 0.5, 0.9375, 1.0, 0.40625, 0.390625, 0.359375, 0.0546875, 0.3125, 0.25, 0.90625, 0.59375, 0.609375, 0.234375, 0.4921875]","[0.421875, 0.34375, 0.375, 0.65625, 0.1875, 0.265625, 0.1953125, 0.28125, 0.53125, 0.5625, 0.40625, 0.2421875, 0.2109375, 0.0546875, 0.15625, 0.1875, 0.453125, 0.625, 0.3359375, 0.1171875, 0.5078125]",[116],0.48617056108731416,0.49376017315074505
410,11160.390625,"[0.78125, 0.625, 0.75, 0.65625, 0.375, 0.5, 0.1640625, 0.5, 0.9375, 0.9375, 0.40625, 0.453125, 0.359375, 0.0546875, 0.3125, 0.25, 0.90625, 0.59375, 0.609375, 0.234375, 0.4921875]","[0.421875, 0.34375, 0.375, 0.65625, 0.1875, 0.265625, 0.1953125, 0.28125, 0.53125, 0.5, 0.40625, 0.2734375, 0.2109375, 0.0546875, 0.15625, 0.1875, 0.453125, 0.625, 0.3359375, 0.1171875, 0.5078125]","[86, 124]",0.4735774897545001,0.4834867909329034
411,11180.234375,"[0.84375, 0.625, 0.75, 0.65625, 0.375, 0.5, 0.1640625, 0.5, 0.9375, 0.9375, 0.40625, 0.421875, 0.359375, 0.0546875, 0.3125, 0.25, 0.90625, 0.59375, 0.609375, 0.25, 0.4921875]","[0.453125, 0.34375, 0.375, 0.65625, 0.1875, 0.265625, 0.1953125, 0.28125, 0.53125, 0.5, 0.40625, 0.2421875, 0.2109375, 0.0546875, 0.15625, 0.1875, 0.453125, 0.625, 0.3359375, 0.125, 0.5078125]","[35, 129]",0.4776488742169651,0.48633293817693185
412,11219.765625,"[0.84375, 0.625, 0.625, 0.65625, 0.375, 0.5, 0.1640625, 0.5625, 0.9375, 0.9375, 0.40625, 0.421875, 0.328125, 0.0546875, 0.3125, 0.25, 0.90625, 0.59375, 0.609375, 0.125, 0.4921875]","[0.453125, 0.34375, 0.3125, 0.65625, 0.1875, 0.265625, 0.1953125, 0.3125, 0.53125, 0.5, 0.40625, 0.2421875, 0.1796875, 0.0546875, 0.15625, 0.1875, 0.453125, 0.625, 0.3359375, 0.0625, 0.5078125]","[9, 35]",0.49701610100162136,0.5102682878571942
413,10962.265625,"[0.84375, 0.625, 0.625, 0.65625, 0.375, 0.546875, 0.1640625, 0.5625, 0.9375, 0.9375, 0.40625, 0.421875, 0.328125, 0.0546875, 0.3125, 0.25, 0.90625, 0.59375, 0.609375, 0.125, 0.4921875]","[0.453125, 0.34375, 0.3125, 0.65625, 0.1875, 0.3046875, 0.1953125, 0.3125, 0.53125, 0.5, 0.40625, 0.2421875, 0.1796875, 0.0546875, 0.15625, 0.1875, 0.453125, 0.625, 0.3359375, 0.0625, 0.5078125]","[103, 121, 136]",0.49505120988462026,0.5058539944890471
414,11120.859375,"[0.90625, 0.625, 0.625, 0.65625, 0.3125, 0.546875, 0.1640625, 0.5625, 0.9375, 0.9375, 0.40625, 0.421875, 0.328125, 0.0546875, 0.3125, 0.25, 0.90625, 0.5625, 0.671875, 0.125, 0.4921875]","[0.515625, 0.34375, 0.3125, 0.65625, 0.15625, 0.3046875, 0.1953125, 0.3125, 0.53125, 0.5, 0.40625, 0.2421875, 0.1796875, 0.0546875, 0.15625, 0.1875, 0.453125, 0.5625, 0.3671875, 0.0625, 0.5078125]",[12],0.5076756147030477,0.5048210360128249
415,11001.796875,"[0.90625, 0.625, 0.625, 0.65625, 0.3125, 0.546875, 0.1640625, 0.5625, 0.9375, 0.9375, 0.40625, 0.421875, 0.328125, 0.0546875, 0.3125, 0.25, 0.90625, 0.5625, 0.671875, 0.125, 0.4765625]","[0.515625, 0.34375, 0.3125, 0.65625, 0.15625, 0.3046875, 0.1953125, 0.3125, 0.53125, 0.5, 0.40625, 0.2421875, 0.1796875, 0.0546875, 0.15625, 0.1875, 0.453125, 0.5625, 0.3671875, 0.0625, 0.4921875]",[12],0.5085758297898146,0.5037334475310138
416,10961.953125,"[0.90625, 0.625, 0.625, 0.65625, 0.3125, 0.546875, 0.1640625, 0.5625, 0.9375, 0.9375, 0.40625, 0.421875, 0.328125, 0.0546875, 0.3125, 0.25, 0.90625, 0.5625, 0.671875, 0.125, 0.4765625]","[0.515625, 0.34375, 0.3125, 0.65625, 0.15625, 0.3046875, 0.1953125, 0.3125, 0.53125, 0.5, 0.40625, 0.2421875, 0.1796875, 0.0546875, 0.15625, 0.1875, 0.453125, 0.5625, 0.3671875, 0.0625, 0.4921875]",[12],0.5085758297898146,0.5037334475310138
417,11079.609375,"[0.90625, 0.625, 0.625, 0.65625, 0.3125, 0.546875, 0.1640625, 0.5625, 0.9375, 0.9375, 0.40625, 0.421875, 0.328125, 0.0546875, 0.5625, 0.1875, 0.90625, 0.5625, 0.671875, 0.125, 0.4765625]","[0.515625, 0.34375, 0.3125, 0.65625, 0.15625, 0.3046875, 0.1953125, 0.3125, 0.53125, 0.5, 0.40625, 0.2421875, 0.1796875, 0.0546875, 0.28125, 0.125, 0.453125, 0.5625, 0.3671875, 0.0625, 0.4921875]","[80, 97, 121]",0.4993774064781919,0.49645268737589743
418,11316.796875,"[0.90625, 0.625, 0.625, 0.65625, 0.3125, 0.546875, 0.1640625, 0.5625, 0.875, 0.9375, 0.40625, 0.40625, 0.328125, 0.0546875, 0.8125, 0.1875, 0.90625, 0.5625, 0.671875, 0.109375, 0.4765625]","[0.515625, 0.34375, 0.3125, 0.65625, 0.15625, 0.3046875, 0.1953125, 0.3125, 0.5, 0.5, 0.40625, 0.234375, 0.1796875, 0.0546875, 0.40625, 0.125, 0.453125, 0.5625, 0.3671875, 0.0546875, 0.4921875]",[80],0.5007901420651751,0.4894538292868657
419,11158.359375,"[0.90625, 0.625, 0.375, 0.65625, 0.3125, 0.546875, 0.1640625, 0.5625, 0.875, 0.9375, 0.4375, 0.40625, 0.328125, 0.0546875, 0.8125, 0.1875, 0.90625, 0.5625, 0.671875, 0.109375, 0.4765625]","[0.515625, 0.34375, 0.1875, 0.65625, 0.15625, 0.3046875, 0.1953125, 0.3125, 0.5, 0.5, 0.4375, 0.234375, 0.1796875, 0.0546875, 0.40625, 0.125, 0.453125, 0.5625, 0.3671875, 0.0546875, 0.4921875]",[64],0.511865583188028,0.507433948664931
420,11040.234375,"[0.90625, 0.625, 0.375, 0.65625, 0.3125, 0.546875, 0.1640625, 0.5625, 0.875, 0.9375, 0.4375, 0.40625, 0.328125, 0.0546875, 0.8125, 0.1875, 0.90625, 0.5625, 0.671875, 0.109375, 0.4765625]","[0.515625, 0.34375, 0.1875, 0.65625, 0.15625, 0.3046875, 0.1953125, 0.3125, 0.5, 0.5, 0.4375, 0.234375, 0.1796875, 0.0546875, 0.40625, 0.125, 0.453125, 0.5625, 0.3671875, 0.0546875, 0.4921875]","[64, 86, 97]",0.511865583188028,0.507433948664931
421,11257.890625,"[0.90625, 0.625, 0.625, 0.65625, 0.3125, 0.546875, 0.1640625, 0.5625, 0.875, 0.9375, 0.453125, 0.40625, 0.328125, 0.0546875, 0.8125, 0.1875, 0.90625, 0.5625, 0.671875, 0.109375, 0.5078125]","[0.515625, 0.34375, 0.3125, 0.65625, 0.15625, 0.3046875, 0.1953125, 0.3125, 0.5, 0.5, 0.453125, 0.234375, 0.1796875, 0.0546875, 0.40625, 0.125, 0.453125, 0.5625, 0.3671875, 0.0546875, 0.5234375]",[98],0.49526696697147926,0.4918719364588136
422,11277.734375,"[0.84375, 0.625, 0.625, 0.65625, 0.3125, 0.546875, 0.1640625, 0.5625, 0.875, 0.9375, 0.453125, 0.421875, 0.328125, 0.0546875, 0.8125, 0.1875, 0.65625, 0.5625, 0.640625, 0.109375, 0.5078125]","[0.484375, 0.34375, 0.3125, 0.65625, 0.15625, 0.3046875, 0.1953125, 0.3125, 0.5, 0.5, 0.453125, 0.2421875, 0.1796875, 0.0546875, 0.40625, 0.125, 0.328125, 0.5625, 0.3359375, 0.0546875, 0.5234375]",[28],0.47736804284983014,0.4936785578881451
423,11080.546875,"[0.84375, 0.625, 0.625, 0.65625, 0.3125, 0.546875, 0.1640625, 0.5625, 0.875, 0.9375, 0.453125, 0.421875, 0.328125, 0.0546875, 0.8125, 0.1875, 0.65625, 0.5625, 0.640625, 0.109375, 0.4453125]","[0.484375, 0.34375, 0.3125, 0.65625, 0.15625, 0.3046875, 0.1953125, 0.3125, 0.5, 0.5, 0.453125, 0.2421875, 0.1796875, 0.0546875, 0.40625, 0.125, 0.328125, 0.5625, 0.3359375, 0.0546875, 0.4609375]","[28, 49]",0.48106261107871146,0.4894110908324386
424,10941.09375,"[0.84375, 0.6875, 0.625, 0.65625, 0.3125, 0.546875, 0.1640625, 0.5625, 0.875, 0.8125, 0.453125, 0.421875, 0.328125, 0.0546875, 0.8125, 0.1875, 0.65625, 0.5625, 0.640625, 0.109375, 0.4453125]","[0.484375, 0.375, 0.3125, 0.65625, 0.15625, 0.3046875, 0.1953125, 0.3125, 0.5, 0.4375, 0.453125, 0.2421875, 0.1796875, 0.0546875, 0.40625, 0.125, 0.328125, 0.5625, 0.3359375, 0.0546875, 0.4609375]","[28, 50]",0.47006681890865754,0.48471587193275467
425,10941.640625,"[0.8125, 0.6875, 0.625, 0.65625, 0.3125, 0.484375, 0.1640625, 0.53125, 0.875, 0.8125, 0.453125, 0.4375, 0.328125, 0.0546875, 0.8125, 0.1875, 0.65625, 0.5625, 0.609375, 0.109375, 0.4453125]","[0.46875, 0.375, 0.3125, 0.65625, 0.15625, 0.2734375, 0.1953125, 0.296875, 0.5, 0.4375, 0.453125, 0.25, 0.1796875, 0.0546875, 0.40625, 0.125, 0.328125, 0.5625, 0.3203125, 0.0546875, 0.4609375]","[38, 59]",0.46981678432502605,0.4884641511041752
426,10901.953125,"[0.8125, 0.6875, 0.625, 0.65625, 0.3125, 0.484375, 0.1328125, 0.53125, 0.875, 0.8125, 0.453125, 0.4375, 0.328125, 0.0546875, 0.75, 0.1875, 0.65625, 0.5625, 0.609375, 0.234375, 0.4453125]","[0.46875, 0.375, 0.3125, 0.65625, 0.15625, 0.2734375, 0.1640625, 0.296875, 0.5, 0.4375, 0.453125, 0.25, 0.1796875, 0.0546875, 0.375, 0.125, 0.328125, 0.5625, 0.3203125, 0.1171875, 0.4609375]",[59],0.4491401897774449,0.47697797520756263
427,10743.515625,"[0.8125, 0.6875, 0.625, 0.65625, 0.3125, 0.484375, 0.1328125, 0.53125, 0.875, 0.8125, 0.453125, 0.4375, 0.328125, 0.0546875, 0.75, 0.1875, 0.65625, 0.5625, 0.609375, 0.234375, 0.4453125]","[0.46875, 0.375, 0.3125, 0.65625, 0.15625, 0.2734375, 0.1640625, 0.296875, 0.5, 0.4375, 0.453125, 0.25, 0.1796875, 0.0546875, 0.375, 0.125, 0.328125, 0.5625, 0.3203125, 0.1171875, 0.4609375]","[59, 60, 66]",0.4491401897774449,0.47697797520756263
428,10941.953125,"[0.8125, 0.6875, 0.625, 0.65625, 0.3125, 0.484375, 0.1328125, 0.53125, 0.875, 0.8125, 0.453125, 0.4375, 0.328125, 0.0546875, 0.75, 0.1875, 0.65625, 0.5625, 0.609375, 0.234375, 0.4453125]","[0.46875, 0.375, 0.3125, 0.65625, 0.15625, 0.2734375, 0.1640625, 0.296875, 0.5, 0.4375, 0.453125, 0.25, 0.1796875, 0.0546875, 0.375, 0.125, 0.328125, 0.5625, 0.3203125, 0.1171875, 0.4609375]","[60, 59, 66]",0.4491401897774449,0.47697797520756263
429,11100.390625,"[0.8125, 0.6875, 0.6875, 0.65625, 0.3125, 0.484375, 0.1328125, 0.53125, 0.875, 0.8125, 0.578125, 0.4375, 0.328125, 0.0546875, 0.75, 0.1875, 0.65625, 0.5625, 0.609375, 0.359375, 0.4453125]","[0.46875, 0.375, 0.34375, 0.65625, 0.15625, 0.2734375, 0.1640625, 0.296875, 0.5, 0.4375, 0.578125, 0.25, 0.1796875, 0.0546875, 0.375, 0.125, 0.328125, 0.5625, 0.3203125, 0.1796875, 0.4609375]",[93],0.4289798912504816,0.47237709952947404
430,11140.078125,"[0.8125, 0.6875, 0.6875, 0.65625, 0.3125, 0.484375, 0.1328125, 0.53125, 0.875, 0.8125, 0.578125, 0.46875, 0.3125, 0.0546875, 0.75, 0.1875, 0.65625, 0.5625, 0.609375, 0.359375, 0.4453125]","[0.46875, 0.375, 0.34375, 0.65625, 0.15625, 0.2734375, 0.1640625, 0.296875, 0.5, 0.4375, 0.578125, 0.265625, 0.171875, 0.0546875, 0.375, 0.125, 0.328125, 0.5625, 0.3203125, 0.1796875, 0.4609375]","[31, 94]",0.42877349397425374,0.471872283195979
431,11358.359375,"[0.8125, 0.6875, 0.6875, 0.65625, 0.3125, 0.484375, 0.1328125, 0.53125, 0.875, 0.8125, 0.578125, 0.46875, 0.3125, 0.0546875, 0.75, 0.1875, 0.65625, 0.5625, 0.609375, 0.359375, 0.4453125]","[0.46875, 0.375, 0.34375, 0.65625, 0.15625, 0.2734375, 0.1640625, 0.296875, 0.5, 0.4375, 0.578125, 0.265625, 0.171875, 0.0546875, 0.375, 0.125, 0.328125, 0.5625, 0.3203125, 0.1796875, 0.4609375]",[31],0.42877349397425374,0.471872283195979
432,11120.234375,"[0.8125, 0.6875, 0.6875, 0.65625, 0.3125, 0.484375, 0.1328125, 0.53125, 0.875, 0.8125, 0.578125, 0.46875, 0.3125, 0.0546875, 0.75, 0.1875, 0.65625, 0.5625, 0.609375, 0.359375, 0.4453125]","[0.46875, 0.375, 0.34375, 0.65625, 0.15625, 0.2734375, 0.1640625, 0.296875, 0.5, 0.4375, 0.578125, 0.265625, 0.171875, 0.0546875, 0.375, 0.125, 0.328125, 0.5625, 0.3203125, 0.1796875, 0.4609375]","[31, 94, 100]",0.42877349397425374,0.471872283195979
433,11476.171875,"[0.8125, 0.6875, 0.6875, 0.78125, 0.3125, 0.484375, 0.1328125, 0.78125, 0.875, 0.8125, 0.609375, 0.46875, 0.3125, 0.0546875, 0.75, 0.1875, 0.65625, 0.5625, 0.609375, 0.359375, 0.4453125]","[0.46875, 0.375, 0.34375, 0.78125, 0.15625, 0.2734375, 0.1640625, 0.421875, 0.5, 0.4375, 0.640625, 0.265625, 0.171875, 0.0546875, 0.375, 0.125, 0.328125, 0.5625, 0.3203125, 0.1796875, 0.4609375]","[123, 141]",0.43493821460328524,0.5039964727920937
434,11555.546875,"[0.8125, 0.6875, 0.6875, 0.78125, 0.3125, 0.484375, 0.1328125, 0.78125, 0.875, 0.8125, 0.609375, 0.46875, 0.3125, 0.0546875, 0.75, 0.1875, 0.65625, 0.5625, 0.609375, 0.359375, 0.4453125]","[0.46875, 0.375, 0.34375, 0.78125, 0.15625, 0.2734375, 0.1640625, 0.421875, 0.5, 0.4375, 0.640625, 0.265625, 0.171875, 0.0546875, 0.375, 0.125, 0.328125, 0.5625, 0.3203125, 0.1796875, 0.4609375]","[123, 141, 142]",0.43493821460328524,0.5039964727920937
435,11714.609375,"[0.8125, 0.6875, 0.6875, 0.78125, 0.3125, 0.484375, 0.1953125, 0.78125, 0.875, 0.8125, 0.609375, 0.46875, 0.3125, 0.0546875, 0.75, 0.1875, 0.65625, 0.5625, 0.609375, 0.359375, 0.4453125]","[0.46875, 0.375, 0.34375, 0.78125, 0.15625, 0.2734375, 0.2265625, 0.421875, 0.5, 0.4375, 0.640625, 0.265625, 0.171875, 0.0546875, 0.375, 0.125, 0.328125, 0.5625, 0.3203125, 0.1796875, 0.4609375]",[123],0.42368243823178176,0.4922434546381775
436,11655.234375,"[0.8125, 0.6875, 0.6875, 0.78125, 0.3125, 0.484375, 0.1953125, 0.78125, 0.875, 0.8125, 0.609375, 0.46875, 0.3125, 0.0546875, 0.75, 0.1875, 0.65625, 0.5625, 0.609375, 0.359375, 0.4453125]","[0.46875, 0.375, 0.34375, 0.78125, 0.15625, 0.2734375, 0.2265625, 0.421875, 0.5, 0.4375, 0.640625, 0.265625, 0.171875, 0.0546875, 0.375, 0.125, 0.328125, 0.5625, 0.3203125, 0.1796875, 0.4609375]",[123],0.42368243823178176,0.4922434546381775
437,11674.921875,"[0.8125, 0.6875, 0.75, 0.78125, 0.3125, 0.484375, 0.1796875, 0.78125, 0.875, 0.8125, 0.609375, 0.46875, 0.3125, 0.0546875, 0.75, 0.1875, 0.65625, 0.5625, 0.609375, 0.359375, 0.4453125]","[0.46875, 0.375, 0.40625, 0.78125, 0.15625, 0.2734375, 0.2109375, 0.421875, 0.5, 0.4375, 0.640625, 0.265625, 0.171875, 0.0546875, 0.375, 0.125, 0.328125, 0.5625, 0.3203125, 0.1796875, 0.4609375]",[117],0.4280868857355586,0.49167190431402646
438,11674.453125,"[0.8125, 0.6875, 0.75, 0.78125, 0.3125, 0.484375, 0.1796875, 0.78125, 0.875, 0.8125, 0.609375, 0.46875, 0.3125, 0.0546875, 0.75, 0.1875, 0.65625, 0.5625, 0.609375, 0.359375, 0.4453125]","[0.46875, 0.375, 0.40625, 0.78125, 0.15625, 0.2734375, 0.2109375, 0.421875, 0.5, 0.4375, 0.640625, 0.265625, 0.171875, 0.0546875, 0.375, 0.125, 0.328125, 0.5625, 0.3203125, 0.1796875, 0.4609375]",[117],0.4280868857355586,0.49167190431402646
439,11654.921875,"[0.8125, 0.6875, 0.75, 0.78125, 0.328125, 0.484375, 0.1796875, 0.78125, 0.875, 0.8125, 0.609375, 0.46875, 0.3125, 0.0546875, 0.75, 0.1875, 0.65625, 0.5625, 0.609375, 0.359375, 0.4453125]","[0.46875, 0.375, 0.40625, 0.78125, 0.1640625, 0.2734375, 0.2109375, 0.421875, 0.5, 0.4375, 0.640625, 0.265625, 0.171875, 0.0546875, 0.375, 0.125, 0.328125, 0.5625, 0.3203125, 0.1796875, 0.4609375]",[142],0.42618618580884277,0.4899919709658941
440,11694.609375,"[0.8125, 0.6875, 0.75, 0.78125, 0.328125, 0.484375, 0.1796875, 0.78125, 0.875, 0.8125, 0.609375, 0.46875, 0.3125, 0.0546875, 0.75, 0.1875, 0.65625, 0.5625, 0.609375, 0.359375, 0.4453125]","[0.46875, 0.375, 0.40625, 0.78125, 0.1640625, 0.2734375, 0.2109375, 0.421875, 0.5, 0.4375, 0.640625, 0.265625, 0.171875, 0.0546875, 0.375, 0.125, 0.328125, 0.5625, 0.3203125, 0.1796875, 0.4609375]",[142],0.42618618580884277,0.4899919709658941
441,11733.671875,"[0.8125, 0.6875, 0.75, 0.78125, 0.328125, 0.484375, 0.1796875, 0.78125, 0.875, 0.8125, 0.59375, 0.46875, 0.3125, 0.0546875, 0.875, 0.1875, 0.65625, 0.5625, 0.609375, 0.359375, 0.4453125]","[0.46875, 0.375, 0.40625, 0.78125, 0.1640625, 0.2734375, 0.2109375, 0.421875, 0.5, 0.4375, 0.625, 0.265625, 0.171875, 0.0546875, 0.4375, 0.125, 0.328125, 0.5625, 0.3203125, 0.1796875, 0.4609375]","[97, 147]",0.4337868755634663,0.4859464921171831
442,11832.578125,"[0.8125, 0.6875, 0.75, 0.78125, 0.328125, 0.484375, 0.1796875, 0.78125, 0.875, 0.8125, 0.59375, 0.4375, 0.3125, 0.0546875, 0.9375, 0.1875, 0.65625, 0.5, 0.671875, 0.34375, 0.4453125]","[0.46875, 0.375, 0.40625, 0.78125, 0.1640625, 0.2734375, 0.2109375, 0.421875, 0.5, 0.4375, 0.625, 0.234375, 0.171875, 0.0546875, 0.5, 0.125, 0.328125, 0.5, 0.3515625, 0.171875, 0.4609375]",[112],0.4456262521968618,0.48661520909639266
443,11773.046875,"[0.8125, 0.6875, 0.75, 0.78125, 0.328125, 0.484375, 0.1796875, 0.78125, 0.875, 0.8125, 0.59375, 0.4375, 0.3125, 0.0546875, 0.9375, 0.1875, 0.65625, 0.5, 0.671875, 0.34375, 0.4453125]","[0.46875, 0.375, 0.40625, 0.78125, 0.1640625, 0.2734375, 0.2109375, 0.421875, 0.5, 0.4375, 0.625, 0.234375, 0.171875, 0.0546875, 0.5, 0.125, 0.328125, 0.5, 0.3515625, 0.171875, 0.4609375]","[112, 122, 135, 152]",0.4456262521968618,0.48661520909639266
444,11890.859375,"[0.8125, 0.6875, 0.625, 0.78125, 0.328125, 0.484375, 0.1796875, 0.78125, 0.875, 0.8125, 0.59375, 0.4375, 0.3125, 0.0546875, 0.9375, 0.1875, 0.65625, 0.5, 0.703125, 0.34375, 0.4453125]","[0.46875, 0.375, 0.34375, 0.78125, 0.1640625, 0.2734375, 0.2109375, 0.421875, 0.5, 0.4375, 0.625, 0.234375, 0.171875, 0.0546875, 0.5, 0.125, 0.328125, 0.5, 0.3828125, 0.171875, 0.4609375]",[6],0.4447551397723612,0.4880790828289968
445,11813.359375,"[0.8125, 0.6875, 0.625, 0.78125, 0.328125, 0.484375, 0.1796875, 0.78125, 0.875, 0.8125, 0.59375, 0.4375, 0.3125, 0.0546875, 0.9375, 0.1875, 0.65625, 0.5, 0.703125, 0.34375, 0.4453125]","[0.46875, 0.375, 0.34375, 0.78125, 0.1640625, 0.2734375, 0.2109375, 0.421875, 0.5, 0.4375, 0.625, 0.234375, 0.171875, 0.0546875, 0.5, 0.125, 0.328125, 0.5, 0.3828125, 0.171875, 0.4609375]","[6, 112]",0.4447551397723612,0.4880790828289968
446,11853.203125,"[0.8125, 0.6875, 0.625, 0.78125, 0.328125, 0.484375, 0.1796875, 0.71875, 0.875, 0.8125, 0.59375, 0.4375, 0.25, 0.0703125, 0.9375, 0.1875, 0.65625, 0.5, 0.703125, 0.46875, 0.4453125]","[0.46875, 0.375, 0.34375, 0.78125, 0.1640625, 0.2734375, 0.2109375, 0.359375, 0.5, 0.4375, 0.625, 0.234375, 0.140625, 0.0859375, 0.5, 0.125, 0.328125, 0.5, 0.3828125, 0.234375, 0.4609375]","[3, 122]",0.43655023942102145,0.4770273078417873
447,12051.953125,"[0.8125, 0.6875, 0.625, 0.78125, 0.328125, 0.484375, 0.1796875, 0.46875, 0.875, 0.8125, 0.59375, 0.4375, 0.25, 0.0703125, 0.9375, 0.1875, 0.65625, 0.5, 0.703125, 0.46875, 0.4453125]","[0.46875, 0.375, 0.34375, 0.78125, 0.1640625, 0.2734375, 0.2109375, 0.234375, 0.5, 0.4375, 0.625, 0.234375, 0.140625, 0.0859375, 0.5, 0.125, 0.328125, 0.5, 0.3828125, 0.234375, 0.4609375]",[3],0.4416254876101313,0.4908430857067175
448,11596.796875,"[0.78125, 0.6875, 0.625, 0.65625, 0.328125, 0.484375, 0.1796875, 0.46875, 0.875, 0.8125, 0.5625, 0.4375, 0.25, 0.0703125, 0.9375, 0.1875, 0.65625, 0.5, 0.703125, 0.46875, 0.4453125]","[0.453125, 0.375, 0.34375, 0.65625, 0.1640625, 0.2734375, 0.2109375, 0.234375, 0.5, 0.4375, 0.59375, 0.234375, 0.140625, 0.0859375, 0.5, 0.125, 0.328125, 0.5, 0.3828125, 0.234375, 0.4609375]",[3],0.4365202067316737,0.45544452166919175
449,11437.578125,"[0.84375, 0.6875, 0.625, 0.65625, 0.328125, 0.484375, 0.1796875, 0.46875, 0.8125, 0.8125, 0.5625, 0.4375, 0.25, 0.0703125, 0.9375, 0.1875, 0.65625, 0.5, 0.703125, 0.46875, 0.4453125]","[0.453125, 0.375, 0.34375, 0.65625, 0.1640625, 0.2734375, 0.2109375, 0.234375, 0.4375, 0.4375, 0.59375, 0.234375, 0.140625, 0.0859375, 0.5, 0.125, 0.328125, 0.5, 0.3828125, 0.234375, 0.4609375]","[21, 31, 63]",0.4357592958388203,0.4523754117751007
450,11477.109375,"[0.96875, 0.6875, 0.625, 0.65625, 0.328125, 0.484375, 0.1796875, 0.46875, 0.8125, 0.8125, 0.5625, 0.40625, 0.25, 0.0703125, 0.9375, 0.1875, 0.65625, 0.515625, 0.703125, 0.46875, 0.4453125]","[0.515625, 0.375, 0.34375, 0.65625, 0.1640625, 0.2734375, 0.2109375, 0.234375, 0.4375, 0.4375, 0.59375, 0.203125, 0.140625, 0.0859375, 0.5, 0.125, 0.328125, 0.515625, 0.3828125, 0.234375, 0.4609375]",[31],0.4503494942280015,0.4629631815994936
451,11575.234375,"[0.96875, 0.6875, 0.875, 0.65625, 0.328125, 0.484375, 0.1796875, 0.46875, 0.8125, 0.8125, 0.5625, 0.40625, 0.25, 0.0703125, 0.9375, 0.1875, 0.65625, 0.515625, 0.703125, 0.46875, 0.4453125]","[0.515625, 0.375, 0.46875, 0.65625, 0.1640625, 0.2734375, 0.2109375, 0.234375, 0.4375, 0.4375, 0.59375, 0.203125, 0.140625, 0.0859375, 0.5, 0.125, 0.328125, 0.515625, 0.3828125, 0.234375, 0.4609375]",[82],0.45909924103590705,0.46140543462540196
452,11734.609375,"[0.96875, 0.6875, 0.875, 0.65625, 0.328125, 0.484375, 0.2421875, 0.46875, 0.8125, 0.8125, 0.5625, 0.40625, 0.25, 0.0703125, 0.9375, 0.1875, 0.65625, 0.515625, 0.703125, 0.46875, 0.4453125]","[0.515625, 0.375, 0.46875, 0.65625, 0.1640625, 0.2734375, 0.2734375, 0.234375, 0.4375, 0.4375, 0.59375, 0.203125, 0.140625, 0.0859375, 0.5, 0.125, 0.328125, 0.515625, 0.3828125, 0.234375, 0.4609375]",[94],0.4492773867274485,0.4517749124172476
453,11774.296875,"[0.96875, 0.6875, 0.875, 0.65625, 0.328125, 0.484375, 0.2421875, 0.46875, 0.8125, 0.8125, 0.5625, 0.375, 0.25, 0.0703125, 0.9375, 0.1875, 0.65625, 0.515625, 0.703125, 0.46875, 0.4453125]","[0.515625, 0.375, 0.46875, 0.65625, 0.1640625, 0.2734375, 0.2734375, 0.234375, 0.4375, 0.4375, 0.59375, 0.1875, 0.140625, 0.0859375, 0.5, 0.125, 0.328125, 0.515625, 0.3828125, 0.234375, 0.4609375]","[43, 94]",0.4522332824193126,0.45480841992704885
454,11932.421875,"[0.96875, 0.6875, 0.875, 0.65625, 0.328125, 0.484375, 0.2265625, 0.46875, 0.8125, 0.8125, 0.5625, 0.375, 0.25, 0.0703125, 0.9375, 0.1875, 0.65625, 0.515625, 0.703125, 0.46875, 0.4453125]","[0.515625, 0.375, 0.46875, 0.65625, 0.1640625, 0.2734375, 0.2421875, 0.234375, 0.4375, 0.4375, 0.59375, 0.1875, 0.140625, 0.0859375, 0.5, 0.125, 0.328125, 0.515625, 0.3828125, 0.234375, 0.4609375]","[16, 43]",0.454563456687977,0.4592101962657952
455,11754.6875,"[0.96875, 0.6875, 0.875, 0.65625, 0.328125, 0.359375, 0.2265625, 0.46875, 0.8125, 0.8125, 0.5625, 0.375, 0.25, 0.0703125, 0.9375, 0.1875, 0.65625, 0.515625, 0.703125, 0.46875, 0.484375]","[0.515625, 0.375, 0.46875, 0.65625, 0.1640625, 0.2109375, 0.2421875, 0.234375, 0.4375, 0.4375, 0.59375, 0.1875, 0.140625, 0.0859375, 0.5, 0.125, 0.328125, 0.515625, 0.3828125, 0.234375, 0.5]","[57, 94, 102]",0.46229477297651894,0.4705930387098266
456,11754.375,"[0.96875, 0.6875, 0.875, 0.65625, 0.328125, 0.359375, 0.2265625, 0.46875, 0.8125, 0.8125, 0.5625, 0.375, 0.25, 0.0703125, 0.9375, 0.1875, 0.78125, 0.515625, 0.703125, 0.46875, 0.5]","[0.515625, 0.375, 0.46875, 0.65625, 0.1640625, 0.2109375, 0.2421875, 0.234375, 0.4375, 0.4375, 0.59375, 0.1875, 0.140625, 0.0859375, 0.5, 0.125, 0.390625, 0.515625, 0.3828125, 0.234375, 0.53125]","[102, 122, 135]",0.463743088421588,0.46922986842257836
457,11832.8125,"[0.96875, 0.6875, 0.875, 0.65625, 0.328125, 0.359375, 0.2265625, 0.46875, 0.8125, 0.8125, 0.5625, 0.375, 0.25, 0.0703125, 0.9375, 0.3125, 0.8125, 0.515625, 0.703125, 0.46875, 0.5]","[0.515625, 0.375, 0.46875, 0.65625, 0.1640625, 0.2109375, 0.2421875, 0.234375, 0.4375, 0.4375, 0.59375, 0.1875, 0.140625, 0.0859375, 0.5, 0.1875, 0.40625, 0.515625, 0.3828125, 0.234375, 0.53125]",[135],0.44726799909546505,0.4547858442408657
458,11892.65625,"[0.96875, 0.6875, 0.875, 0.65625, 0.328125, 0.359375, 0.2265625, 0.46875, 0.8125, 0.75, 0.5625, 0.375, 0.25, 0.0703125, 0.9375, 0.1875, 0.8125, 0.515625, 0.703125, 0.46875, 0.5]","[0.515625, 0.375, 0.46875, 0.65625, 0.1640625, 0.2109375, 0.2421875, 0.234375, 0.4375, 0.40625, 0.59375, 0.1875, 0.140625, 0.0859375, 0.5, 0.125, 0.40625, 0.515625, 0.3828125, 0.234375, 0.53125]","[55, 122]",0.46269154093547765,0.46905078475121303
459,11891.71875,"[0.96875, 0.6875, 0.875, 0.65625, 0.328125, 0.359375, 0.2265625, 0.46875, 0.8125, 0.75, 0.5625, 0.375, 0.25, 0.0703125, 0.9375, 0.1875, 0.8125, 0.515625, 0.703125, 0.46875, 0.5]","[0.515625, 0.375, 0.46875, 0.65625, 0.1640625, 0.2109375, 0.2421875, 0.234375, 0.4375, 0.40625, 0.59375, 0.1875, 0.140625, 0.0859375, 0.5, 0.125, 0.40625, 0.515625, 0.3828125, 0.234375, 0.53125]","[55, 122]",0.46269154093547765,0.46905078475121303
460,11793.4375,"[0.96875, 0.6875, 0.875, 0.65625, 0.328125, 0.375, 0.2265625, 0.46875, 0.8125, 0.75, 0.5625, 0.375, 0.25, 0.0703125, 0.6875, 0.1875, 0.8125, 0.515625, 0.703125, 0.46875, 0.5]","[0.515625, 0.375, 0.46875, 0.65625, 0.1640625, 0.21875, 0.2421875, 0.234375, 0.4375, 0.40625, 0.59375, 0.1875, 0.140625, 0.0859375, 0.375, 0.125, 0.40625, 0.515625, 0.3828125, 0.234375, 0.53125]","[12, 122, 135]",0.4471164268884893,0.46657853355306117
461,11675.625,"[0.96875, 0.6875, 0.875, 0.65625, 0.328125, 0.40625, 0.2265625, 0.46875, 0.8125, 0.75, 0.5625, 0.375, 0.25, 0.0703125, 0.6875, 0.1875, 0.8125, 0.515625, 0.703125, 0.46875, 0.5]","[0.515625, 0.375, 0.46875, 0.65625, 0.1640625, 0.25, 0.2421875, 0.234375, 0.4375, 0.40625, 0.59375, 0.1875, 0.140625, 0.0859375, 0.375, 0.125, 0.40625, 0.515625, 0.3828125, 0.234375, 0.53125]","[12, 122, 136]",0.4441837340393922,0.46158476695848644
462,11912.5,"[0.96875, 0.6875, 0.875, 0.65625, 0.328125, 0.40625, 0.2265625, 0.46875, 0.8125, 0.75, 0.5625, 0.375, 0.25, 0.0703125, 0.6875, 0.3125, 0.8125, 0.515625, 0.703125, 0.46875, 0.5]","[0.515625, 0.375, 0.46875, 0.65625, 0.1640625, 0.25, 0.2421875, 0.234375, 0.4375, 0.40625, 0.59375, 0.1875, 0.140625, 0.0859375, 0.375, 0.1875, 0.40625, 0.515625, 0.3828125, 0.234375, 0.53125]","[12, 122]",0.4257990943659667,0.4473694831224437
463,11794.375,"[0.96875, 0.75, 0.875, 0.65625, 0.328125, 0.40625, 0.2265625, 0.46875, 0.8125, 0.75, 0.625, 0.375, 0.25, 0.0703125, 0.6875, 0.3125, 0.8125, 0.515625, 0.703125, 0.46875, 0.5]","[0.515625, 0.4375, 0.46875, 0.65625, 0.1640625, 0.25, 0.2421875, 0.234375, 0.4375, 0.40625, 0.65625, 0.1875, 0.140625, 0.0859375, 0.375, 0.1875, 0.40625, 0.515625, 0.3828125, 0.234375, 0.53125]",[137],0.4262297980663466,0.45659069975518085
464,11833.75,"[0.96875, 0.75, 0.875, 0.65625, 0.328125, 0.40625, 0.2265625, 0.46875, 0.625, 0.625, 0.625, 0.375, 0.25, 0.0703125, 0.6875, 0.3125, 0.8125, 0.515625, 0.703125, 0.46875, 0.5]","[0.515625, 0.4375, 0.46875, 0.65625, 0.1640625, 0.25, 0.2421875, 0.234375, 0.34375, 0.34375, 0.65625, 0.1875, 0.140625, 0.0859375, 0.375, 0.1875, 0.40625, 0.515625, 0.3828125, 0.234375, 0.53125]","[73, 111]",0.41831963789002835,0.462343170546739
465,11796.25,"[0.71875, 0.75, 0.875, 0.65625, 0.328125, 0.40625, 0.2890625, 0.46875, 0.625, 0.625, 0.625, 0.375, 0.25, 0.0703125, 0.75, 0.3125, 0.8125, 0.515625, 0.703125, 0.46875, 0.46875]","[0.390625, 0.4375, 0.46875, 0.65625, 0.1640625, 0.25, 0.3046875, 0.234375, 0.34375, 0.34375, 0.65625, 0.1875, 0.140625, 0.0859375, 0.40625, 0.1875, 0.40625, 0.515625, 0.3828125, 0.234375, 0.5]","[23, 114, 148]",0.389872537016928,0.4476194304227347
466,11697.34375,"[0.71875, 0.75, 0.9375, 0.65625, 0.375, 0.40625, 0.2890625, 0.46875, 0.625, 0.625, 0.625, 0.375, 0.25, 0.0703125, 0.75, 0.3125, 0.8125, 0.515625, 0.703125, 0.46875, 0.453125]","[0.390625, 0.4375, 0.5, 0.65625, 0.1875, 0.25, 0.3046875, 0.234375, 0.34375, 0.34375, 0.65625, 0.1875, 0.140625, 0.0859375, 0.40625, 0.1875, 0.40625, 0.515625, 0.3828125, 0.234375, 0.484375]","[44, 150]",0.393566150851776,0.4434415788790491
467,11856.25,"[0.71875, 0.75, 0.9375, 0.65625, 0.375, 0.40625, 0.2890625, 0.46875, 0.625, 0.625, 0.625, 0.375, 0.25, 0.0703125, 0.75, 0.3125, 0.8125, 0.515625, 0.765625, 0.59375, 0.453125]","[0.390625, 0.4375, 0.5, 0.65625, 0.1875, 0.25, 0.3046875, 0.234375, 0.34375, 0.34375, 0.65625, 0.1875, 0.140625, 0.0859375, 0.40625, 0.1875, 0.40625, 0.515625, 0.4140625, 0.296875, 0.484375]",[153],0.39190381332809066,0.4344388054718729
468,11895.9375,"[0.71875, 0.75, 0.9375, 0.65625, 0.375, 0.375, 0.2890625, 0.46875, 0.625, 0.625, 0.625, 0.375, 0.25, 0.0703125, 0.5, 0.3125, 0.8125, 0.515625, 0.765625, 0.59375, 0.453125]","[0.390625, 0.4375, 0.5, 0.65625, 0.1875, 0.234375, 0.3046875, 0.234375, 0.34375, 0.34375, 0.65625, 0.1875, 0.140625, 0.0859375, 0.28125, 0.1875, 0.40625, 0.515625, 0.4140625, 0.296875, 0.484375]","[36, 84]",0.39412341621487945,0.4450715229168292
469,11738.4375,"[0.71875, 0.75, 0.9375, 0.65625, 0.375, 0.375, 0.2890625, 0.46875, 0.625, 0.625, 0.625, 0.375, 0.25, 0.0703125, 0.5, 0.3125, 0.8125, 0.515625, 0.765625, 0.59375, 0.453125]","[0.390625, 0.4375, 0.5, 0.65625, 0.1875, 0.234375, 0.3046875, 0.234375, 0.34375, 0.34375, 0.65625, 0.1875, 0.140625, 0.0859375, 0.28125, 0.1875, 0.40625, 0.515625, 0.4140625, 0.296875, 0.484375]","[36, 84]",0.39412341621487945,0.4450715229168292
470,11718.828125,"[0.71875, 0.75, 0.9375, 0.65625, 0.375, 0.375, 0.2890625, 0.46875, 0.625, 0.625, 0.625, 0.375, 0.25, 0.0703125, 0.5, 0.3125, 0.8125, 0.515625, 0.765625, 0.59375, 0.4609375]","[0.390625, 0.4375, 0.5, 0.65625, 0.1875, 0.234375, 0.3046875, 0.234375, 0.34375, 0.34375, 0.65625, 0.1875, 0.140625, 0.0859375, 0.28125, 0.1875, 0.40625, 0.515625, 0.4140625, 0.296875, 0.4921875]","[84, 153]",0.3936045583860636,0.4455711235932346
471,11718.671875,"[0.71875, 0.75, 0.9375, 0.65625, 0.375, 0.375, 0.2890625, 0.46875, 0.625, 0.625, 0.625, 0.375, 0.25, 0.0703125, 0.5, 0.3125, 0.8125, 0.515625, 0.765625, 0.609375, 0.4609375]","[0.390625, 0.4375, 0.5, 0.65625, 0.1875, 0.234375, 0.3046875, 0.234375, 0.34375, 0.34375, 0.65625, 0.1875, 0.140625, 0.0859375, 0.28125, 0.1875, 0.40625, 0.515625, 0.4140625, 0.3046875, 0.4921875]","[84, 154, 155]",0.39354106008450573,0.4447706455094198
472,11818.046875,"[0.71875, 0.625, 0.9375, 0.65625, 0.375, 0.375, 0.2890625, 0.46875, 0.625, 0.625, 0.625, 0.375, 0.25, 0.0703125, 0.5, 0.3125, 0.8125, 0.515625, 0.765625, 0.609375, 0.4609375]","[0.390625, 0.375, 0.5, 0.65625, 0.1875, 0.234375, 0.3046875, 0.234375, 0.34375, 0.34375, 0.65625, 0.1875, 0.140625, 0.0859375, 0.28125, 0.1875, 0.40625, 0.515625, 0.4140625, 0.3046875, 0.4921875]","[84, 105]",0.3891243391624902,0.4452553844284724
473,11798.671875,"[0.71875, 0.625, 0.9375, 0.78125, 0.375, 0.375, 0.2890625, 0.46875, 0.625, 0.625, 0.625, 0.375, 0.25, 0.0703125, 0.4375, 0.3125, 0.8125, 0.515625, 0.765625, 0.609375, 0.4609375]","[0.390625, 0.375, 0.5, 0.78125, 0.1875, 0.234375, 0.3046875, 0.234375, 0.34375, 0.34375, 0.65625, 0.1875, 0.140625, 0.0859375, 0.21875, 0.1875, 0.40625, 0.515625, 0.4140625, 0.3046875, 0.4921875]","[105, 147, 154]",0.3990536821364206,0.48606066358691374
474,11857.890625,"[0.71875, 0.75, 0.9375, 0.8125, 0.375, 0.375, 0.2890625, 0.46875, 0.625, 0.625, 0.625, 0.375, 0.21875, 0.0703125, 0.4375, 0.3125, 0.8125, 0.515625, 0.765625, 0.609375, 0.4609375]","[0.390625, 0.4375, 0.5, 0.8125, 0.1875, 0.234375, 0.3046875, 0.234375, 0.34375, 0.34375, 0.65625, 0.1875, 0.125, 0.0859375, 0.21875, 0.1875, 0.40625, 0.515625, 0.4140625, 0.3046875, 0.4921875]","[105, 131, 155, 156]",0.41018420262377175,0.4973770117610345
475,12136.328125,"[0.71875, 0.75, 0.9375, 0.8125, 0.375, 0.375, 0.2265625, 0.46875, 0.625, 0.625, 0.625, 0.375, 0.21875, 0.0703125, 0.4375, 0.25, 0.8125, 0.515625, 0.765625, 0.734375, 0.5234375]","[0.390625, 0.4375, 0.5, 0.8125, 0.1875, 0.234375, 0.2421875, 0.234375, 0.34375, 0.34375, 0.65625, 0.1875, 0.125, 0.0859375, 0.21875, 0.125, 0.40625, 0.515625, 0.4140625, 0.3671875, 0.5546875]","[105, 131, 82, 146]",0.42688774271517177,0.5177621088984156
476,12275.390625,"[0.71875, 0.75, 0.9375, 0.8125, 0.375, 0.375, 0.2265625, 0.40625, 0.5625, 0.65625, 0.625, 0.375, 0.34375, 0.1328125, 0.4375, 0.25, 0.8125, 0.515625, 0.765625, 0.734375, 0.5078125]","[0.390625, 0.4375, 0.5, 0.8125, 0.1875, 0.234375, 0.2421875, 0.203125, 0.3125, 0.359375, 0.65625, 0.1875, 0.1875, 0.1484375, 0.21875, 0.125, 0.40625, 0.515625, 0.4140625, 0.3671875, 0.5234375]","[131, 18]",0.4029526652866161,0.49344638730198304
477,12336.015625,"[0.71875, 0.75, 0.9375, 0.71875, 0.375, 0.375, 0.2265625, 0.40625, 0.5625, 0.65625, 0.625, 0.375, 0.34375, 0.1171875, 0.4375, 0.25, 0.8125, 0.53125, 0.765625, 0.734375, 0.5703125]","[0.390625, 0.4375, 0.5, 0.71875, 0.1875, 0.234375, 0.2421875, 0.203125, 0.3125, 0.359375, 0.65625, 0.1875, 0.1875, 0.1171875, 0.21875, 0.125, 0.40625, 0.53125, 0.4140625, 0.3671875, 0.5859375]",[6],0.39788836910945036,0.48356893850139165
478,12256.484375,"[0.71875, 0.6875, 0.9375, 0.71875, 0.375, 0.375, 0.2265625, 0.40625, 0.5625, 0.65625, 0.59375, 0.3125, 0.34375, 0.1171875, 0.4375, 0.25, 0.8125, 0.53125, 0.765625, 0.734375, 0.5703125]","[0.390625, 0.375, 0.5, 0.71875, 0.1875, 0.234375, 0.2421875, 0.203125, 0.3125, 0.359375, 0.625, 0.15625, 0.1875, 0.1171875, 0.21875, 0.125, 0.40625, 0.53125, 0.4140625, 0.3671875, 0.5859375]","[6, 22]",0.4026174748131665,0.4860204650098142
479,12196.09375,"[0.71875, 0.6875, 0.9375, 0.59375, 0.375, 0.375, 0.2265625, 0.40625, 0.8125, 0.65625, 0.59375, 0.3125, 0.34375, 0.1171875, 0.4375, 0.25, 0.6875, 0.53125, 0.765625, 0.734375, 0.5703125]","[0.390625, 0.375, 0.5, 0.59375, 0.1875, 0.234375, 0.2421875, 0.203125, 0.4375, 0.359375, 0.625, 0.15625, 0.1875, 0.1171875, 0.21875, 0.125, 0.34375, 0.53125, 0.4140625, 0.3671875, 0.5859375]","[22, 46]",0.40097019919983173,0.458531970156815
480,12017.734375,"[0.71875, 0.6875, 0.9375, 0.59375, 0.375, 0.3125, 0.2265625, 0.40625, 0.8125, 0.65625, 0.59375, 0.3125, 0.34375, 0.1171875, 0.4375, 0.25, 0.6875, 0.53125, 0.765625, 0.734375, 0.5703125]","[0.390625, 0.375, 0.5, 0.59375, 0.1875, 0.203125, 0.2421875, 0.203125, 0.4375, 0.359375, 0.625, 0.15625, 0.1875, 0.1171875, 0.21875, 0.125, 0.34375, 0.53125, 0.4140625, 0.3671875, 0.5859375]",[7],0.4081151944267375,0.46393843577957106
481,11898.671875,"[0.71875, 0.6875, 0.9375, 0.59375, 0.375, 0.3125, 0.2265625, 0.46875, 0.8125, 0.65625, 0.59375, 0.3125, 0.34375, 0.1171875, 0.4375, 0.25, 0.6875, 0.53125, 0.765625, 0.734375, 0.5703125]","[0.390625, 0.375, 0.5, 0.59375, 0.1875, 0.203125, 0.2421875, 0.234375, 0.4375, 0.359375, 0.625, 0.15625, 0.1875, 0.1171875, 0.21875, 0.125, 0.34375, 0.53125, 0.4140625, 0.3671875, 0.5859375]",[22],0.40343859038795454,0.45853197015681496
482,11938.046875,"[0.78125, 0.6875, 0.9375, 0.59375, 0.375, 0.3125, 0.2265625, 0.46875, 0.8125, 0.65625, 0.59375, 0.296875, 0.34375, 0.1171875, 0.4375, 0.25, 0.6875, 0.53125, 0.765625, 0.734375, 0.5703125]","[0.453125, 0.375, 0.5, 0.59375, 0.1875, 0.203125, 0.2421875, 0.234375, 0.4375, 0.359375, 0.625, 0.1484375, 0.1875, 0.1171875, 0.21875, 0.125, 0.34375, 0.53125, 0.4140625, 0.3671875, 0.5859375]","[46, 52]",0.40888207269186844,0.46062997674448447
483,12116.328125,"[0.78125, 0.6875, 0.9375, 0.59375, 0.375, 0.3125, 0.2265625, 0.46875, 0.8125, 0.65625, 0.59375, 0.296875, 0.3125, 0.1171875, 0.4375, 0.25, 0.6875, 0.515625, 0.765625, 0.734375, 0.5703125]","[0.453125, 0.375, 0.5, 0.59375, 0.1875, 0.203125, 0.2421875, 0.234375, 0.4375, 0.359375, 0.625, 0.1484375, 0.15625, 0.1171875, 0.21875, 0.125, 0.34375, 0.515625, 0.4140625, 0.3671875, 0.5859375]",[18],0.4132648202234846,0.4658752277580991
484,11938.046875,"[0.78125, 0.6875, 0.9375, 0.59375, 0.375, 0.3125, 0.2265625, 0.46875, 0.8125, 0.625, 0.59375, 0.296875, 0.3125, 0.1171875, 0.4375, 0.25, 0.6875, 0.515625, 0.828125, 0.734375, 0.5703125]","[0.453125, 0.375, 0.5, 0.59375, 0.1875, 0.203125, 0.2421875, 0.234375, 0.4375, 0.34375, 0.625, 0.1484375, 0.15625, 0.1171875, 0.21875, 0.125, 0.34375, 0.515625, 0.4453125, 0.3671875, 0.5859375]",[46],0.4174680306094006,0.46708883473662255
485,11918.359375,"[0.78125, 0.6875, 0.9375, 0.59375, 0.375, 0.3125, 0.2265625, 0.46875, 0.8125, 0.625, 0.59375, 0.296875, 0.3125, 0.1171875, 0.4375, 0.25, 0.6875, 0.515625, 0.828125, 0.734375, 0.5703125]","[0.453125, 0.375, 0.5, 0.59375, 0.1875, 0.203125, 0.2421875, 0.234375, 0.4375, 0.34375, 0.625, 0.1484375, 0.15625, 0.1171875, 0.21875, 0.125, 0.34375, 0.515625, 0.4453125, 0.3671875, 0.5859375]","[46, 52, 57]",0.4174680306094006,0.46708883473662255
486,12273.984375,"[0.78125, 0.6875, 0.9375, 0.53125, 0.375, 0.3125, 0.2265625, 0.46875, 0.8125, 0.625, 0.59375, 0.296875, 0.3125, 0.1171875, 0.4375, 0.5, 0.6875, 0.515625, 0.765625, 0.859375, 0.5703125]","[0.453125, 0.375, 0.5, 0.53125, 0.1875, 0.203125, 0.2421875, 0.234375, 0.4375, 0.34375, 0.625, 0.1484375, 0.15625, 0.1171875, 0.21875, 0.25, 0.34375, 0.515625, 0.4140625, 0.4296875, 0.5859375]",[57],0.39793015338474363,0.43237167607532917
487,12154.609375,"[0.78125, 0.6875, 0.9375, 0.53125, 0.375, 0.3125, 0.2265625, 0.59375, 0.8125, 0.625, 0.59375, 0.296875, 0.3125, 0.1171875, 0.4375, 0.5, 0.6875, 0.515625, 0.765625, 0.859375, 0.5703125]","[0.453125, 0.375, 0.5, 0.53125, 0.1875, 0.203125, 0.2421875, 0.296875, 0.4375, 0.34375, 0.625, 0.1484375, 0.15625, 0.1171875, 0.21875, 0.25, 0.34375, 0.515625, 0.4140625, 0.4296875, 0.5859375]",[67],0.392854772744189,0.42394856589786933
488,12193.984375,"[0.78125, 0.6875, 0.9375, 0.46875, 0.375, 0.28125, 0.2265625, 0.59375, 0.75, 0.625, 0.59375, 0.296875, 0.3125, 0.1171875, 0.5, 0.5, 0.6875, 0.390625, 0.765625, 0.859375, 0.5703125]","[0.453125, 0.375, 0.5, 0.46875, 0.1875, 0.1875, 0.2421875, 0.296875, 0.375, 0.34375, 0.625, 0.1484375, 0.15625, 0.1171875, 0.25, 0.25, 0.34375, 0.390625, 0.4140625, 0.4296875, 0.5859375]",[9],0.4014107806434889,0.4106766907091379
489,11896.640625,"[0.78125, 0.65625, 0.9375, 0.46875, 0.375, 0.28125, 0.2265625, 0.53125, 0.75, 0.625, 0.59375, 0.296875, 0.328125, 0.1171875, 0.5, 0.5, 0.6875, 0.390625, 0.765625, 0.859375, 0.5703125]","[0.453125, 0.359375, 0.5, 0.46875, 0.1875, 0.1875, 0.2421875, 0.265625, 0.375, 0.34375, 0.625, 0.1484375, 0.1640625, 0.1171875, 0.25, 0.25, 0.34375, 0.390625, 0.4140625, 0.4296875, 0.5859375]",[10],0.4004094545072861,0.4129063291140112
490,11996.328125,"[0.78125, 0.65625, 0.9375, 0.46875, 0.375, 0.28125, 0.2265625, 0.53125, 0.75, 0.625, 0.59375, 0.296875, 0.328125, 0.1171875, 0.5, 0.5, 0.6875, 0.390625, 0.765625, 0.859375, 0.5703125]","[0.453125, 0.359375, 0.5, 0.46875, 0.1875, 0.1875, 0.2421875, 0.265625, 0.375, 0.34375, 0.625, 0.1484375, 0.1640625, 0.1171875, 0.25, 0.25, 0.34375, 0.390625, 0.4140625, 0.4296875, 0.5859375]","[10, 42]",0.4004094545072861,0.4129063291140112
491,11956.015625,"[0.65625, 0.65625, 0.9375, 0.46875, 0.375, 0.28125, 0.2109375, 0.53125, 0.75, 0.625, 0.59375, 0.328125, 0.328125, 0.1171875, 0.5, 0.5, 0.6875, 0.390625, 0.765625, 0.859375, 0.5703125]","[0.390625, 0.359375, 0.5, 0.46875, 0.1875, 0.1875, 0.2109375, 0.265625, 0.375, 0.34375, 0.625, 0.1640625, 0.1640625, 0.1171875, 0.25, 0.25, 0.34375, 0.390625, 0.4140625, 0.4296875, 0.5859375]",[10],0.3936297926551588,0.41264627519509073
492,11798.359375,"[0.65625, 0.65625, 0.9375, 0.46875, 0.375, 0.21875, 0.2109375, 0.53125, 0.75, 0.625, 0.59375, 0.328125, 0.328125, 0.1171875, 0.5, 0.5, 0.6875, 0.390625, 0.765625, 0.859375, 0.5703125]","[0.390625, 0.359375, 0.5, 0.46875, 0.1875, 0.15625, 0.2109375, 0.265625, 0.375, 0.34375, 0.625, 0.1640625, 0.1640625, 0.1171875, 0.25, 0.25, 0.34375, 0.390625, 0.4140625, 0.4296875, 0.5859375]","[10, 17]",0.4033204167953645,0.4196984773587541
493,11758.671875,"[0.65625, 0.65625, 0.9375, 0.46875, 0.4375, 0.21875, 0.2109375, 0.53125, 0.75, 0.625, 0.59375, 0.328125, 0.328125, 0.1171875, 0.5, 0.5, 0.6875, 0.390625, 0.765625, 0.859375, 0.5703125]","[0.390625, 0.359375, 0.5, 0.46875, 0.234375, 0.15625, 0.2109375, 0.265625, 0.375, 0.34375, 0.625, 0.1640625, 0.1640625, 0.1171875, 0.25, 0.25, 0.34375, 0.390625, 0.4140625, 0.4296875, 0.5859375]","[48, 50, 71]",0.397811185881177,0.41099365090507234
494,11876.796875,"[0.65625, 0.65625, 0.875, 0.46875, 0.4375, 0.203125, 0.2109375, 0.53125, 0.75, 0.625, 0.59375, 0.328125, 0.328125, 0.1171875, 0.5, 0.5, 0.6875, 0.390625, 0.765625, 0.859375, 0.5703125]","[0.390625, 0.359375, 0.46875, 0.46875, 0.234375, 0.1484375, 0.2109375, 0.265625, 0.375, 0.34375, 0.625, 0.1640625, 0.1640625, 0.1171875, 0.25, 0.25, 0.34375, 0.390625, 0.4140625, 0.4296875, 0.5859375]","[48, 50]",0.3925348163093413,0.40988245538464174
495,11797.890625,"[0.65625, 0.65625, 0.875, 0.46875, 0.28125, 0.203125, 0.2109375, 0.53125, 0.75, 0.625, 0.59375, 0.328125, 0.328125, 0.1171875, 0.5, 0.5, 0.71875, 0.390625, 0.765625, 0.859375, 0.5703125]","[0.390625, 0.359375, 0.46875, 0.46875, 0.15625, 0.1484375, 0.2109375, 0.265625, 0.375, 0.34375, 0.625, 0.1640625, 0.1640625, 0.1171875, 0.25, 0.25, 0.359375, 0.390625, 0.4140625, 0.4296875, 0.5859375]",[20],0.4106279127666069,0.42499588218976503
496,11679.453125,"[0.65625, 0.65625, 0.875, 0.46875, 0.28125, 0.203125, 0.2109375, 0.53125, 0.75, 0.625, 0.59375, 0.328125, 0.328125, 0.1171875, 0.5, 0.5, 0.71875, 0.390625, 0.765625, 0.984375, 0.5703125]","[0.390625, 0.359375, 0.46875, 0.46875, 0.15625, 0.1484375, 0.2109375, 0.265625, 0.375, 0.34375, 0.625, 0.1640625, 0.1640625, 0.1171875, 0.25, 0.25, 0.359375, 0.390625, 0.4140625, 0.4921875, 0.5859375]","[48, 55]",0.42654494615738875,0.4293322395010652
497,11778.046875,"[0.65625, 0.65625, 0.875, 0.46875, 0.28125, 0.203125, 0.2109375, 0.53125, 0.75, 0.625, 0.59375, 0.34375, 0.328125, 0.1171875, 0.5, 0.5, 0.71875, 0.390625, 0.765625, 0.984375, 0.5703125]","[0.390625, 0.359375, 0.46875, 0.46875, 0.15625, 0.1484375, 0.2109375, 0.265625, 0.375, 0.34375, 0.625, 0.171875, 0.1640625, 0.1171875, 0.25, 0.25, 0.359375, 0.390625, 0.4140625, 0.4921875, 0.5859375]","[55, 71, 76]",0.42474155781540274,0.42756203056178127
498,11938.359375,"[0.65625, 0.65625, 0.875, 0.46875, 0.28125, 0.203125, 0.2265625, 0.53125, 0.75, 0.625, 0.59375, 0.34375, 0.328125, 0.1796875, 0.5, 0.5, 0.71875, 0.390625, 0.765625, 0.984375, 0.5703125]","[0.390625, 0.359375, 0.46875, 0.46875, 0.15625, 0.1484375, 0.2421875, 0.265625, 0.375, 0.34375, 0.625, 0.171875, 0.1640625, 0.1953125, 0.25, 0.25, 0.359375, 0.390625, 0.4140625, 0.4921875, 0.5859375]",[70],0.41013358493656654,0.4033935197587917
499,11937.890625,"[0.65625, 0.65625, 0.875, 0.46875, 0.28125, 0.140625, 0.2265625, 0.53125, 0.8125, 0.625, 0.59375, 0.34375, 0.328125, 0.1796875, 0.5, 0.5, 0.71875, 0.390625, 0.765625, 0.984375, 0.5703125]","[0.390625, 0.359375, 0.46875, 0.46875, 0.15625, 0.1171875, 0.2421875, 0.265625, 0.4375, 0.34375, 0.625, 0.171875, 0.1640625, 0.1953125, 0.25, 0.25, 0.359375, 0.390625, 0.4140625, 0.4921875, 0.5859375]","[1, 77]",0.42553469470955474,0.4123594448344245
500,12096.640625,"[0.65625, 0.65625, 0.875, 0.46875, 0.28125, 0.140625, 0.2265625, 0.53125, 0.8125, 0.625, 0.59375, 0.34375, 0.328125, 0.1796875, 0.5, 0.5, 0.71875, 0.390625, 0.765625, 0.984375, 0.5703125]","[0.390625, 0.359375, 0.46875, 0.46875, 0.15625, 0.1171875, 0.2421875, 0.265625, 0.4375, 0.34375, 0.625, 0.171875, 0.1640625, 0.1953125, 0.25, 0.25, 0.359375, 0.390625, 0.4140625, 0.4921875, 0.5859375]",[1],0.42553469470955474,0.4123594448344245
501,11937.265625,"[0.65625, 0.65625, 0.875, 0.46875, 0.28125, 0.140625, 0.2265625, 0.53125, 0.8125, 0.625, 0.59375, 0.34375, 0.328125, 0.1796875, 0.5, 0.5, 0.71875, 0.390625, 0.765625, 0.984375, 0.5625]","[0.390625, 0.359375, 0.46875, 0.46875, 0.15625, 0.1171875, 0.2421875, 0.265625, 0.4375, 0.34375, 0.625, 0.171875, 0.1640625, 0.1953125, 0.25, 0.25, 0.359375, 0.390625, 0.4140625, 0.4921875, 0.578125]",[1],0.42572222713541064,0.4109214602859832
502,11917.96875,"[0.65625, 0.65625, 0.875, 0.46875, 0.28125, 0.140625, 0.2265625, 0.53125, 0.8125, 0.625, 0.65625, 0.34375, 0.328125, 0.1796875, 0.5, 0.5, 0.71875, 0.390625, 0.765625, 0.984375, 0.5625]","[0.390625, 0.359375, 0.46875, 0.46875, 0.15625, 0.1171875, 0.2421875, 0.265625, 0.4375, 0.34375, 0.6875, 0.171875, 0.1640625, 0.1953125, 0.25, 0.25, 0.359375, 0.390625, 0.4140625, 0.4921875, 0.578125]","[36, 77]",0.425638399087644,0.4264528435273372
503,11937.8125,"[0.65625, 0.65625, 0.875, 0.46875, 0.296875, 0.140625, 0.2265625, 0.53125, 0.8125, 0.625, 0.65625, 0.34375, 0.328125, 0.1796875, 0.5, 0.5, 0.71875, 0.390625, 0.765625, 0.984375, 0.5625]","[0.390625, 0.359375, 0.46875, 0.46875, 0.1640625, 0.1171875, 0.2421875, 0.265625, 0.4375, 0.34375, 0.6875, 0.171875, 0.1640625, 0.1953125, 0.25, 0.25, 0.359375, 0.390625, 0.4140625, 0.4921875, 0.578125]","[77, 80, 110]",0.42354147448262547,0.42463295698921893
504,12036.796875,"[0.65625, 0.65625, 0.875, 0.46875, 0.328125, 0.140625, 0.2265625, 0.53125, 0.875, 0.625, 0.65625, 0.3125, 0.328125, 0.1875, 0.5, 0.5, 0.71875, 0.390625, 0.765625, 0.984375, 0.5625]","[0.390625, 0.359375, 0.46875, 0.46875, 0.1796875, 0.1171875, 0.2421875, 0.265625, 0.46875, 0.34375, 0.6875, 0.15625, 0.1640625, 0.203125, 0.25, 0.25, 0.359375, 0.390625, 0.4140625, 0.4921875, 0.578125]",[115],0.4271213897723158,0.4245990493455125
505,12036.796875,"[0.65625, 0.65625, 0.875, 0.46875, 0.328125, 0.140625, 0.2265625, 0.53125, 0.875, 0.625, 0.6875, 0.3125, 0.328125, 0.1875, 0.5, 0.5, 0.71875, 0.390625, 0.765625, 0.984375, 0.5625]","[0.390625, 0.359375, 0.46875, 0.46875, 0.1796875, 0.1171875, 0.2421875, 0.265625, 0.46875, 0.34375, 0.75, 0.15625, 0.1640625, 0.203125, 0.25, 0.25, 0.359375, 0.390625, 0.4140625, 0.4921875, 0.578125]","[120, 128]",0.4275450046473351,0.44212959377326927
506,12214.140625,"[0.65625, 0.65625, 0.875, 0.46875, 0.328125, 0.140625, 0.2265625, 0.53125, 0.875, 0.625, 0.6875, 0.296875, 0.34375, 0.1875, 0.5, 0.5, 0.71875, 0.390625, 0.765625, 0.984375, 0.5625]","[0.390625, 0.359375, 0.46875, 0.46875, 0.1796875, 0.1171875, 0.2421875, 0.265625, 0.46875, 0.34375, 0.75, 0.1484375, 0.171875, 0.203125, 0.25, 0.25, 0.359375, 0.390625, 0.4140625, 0.4921875, 0.578125]",[61],0.42773211406751643,0.44223801011863323
507,12195.546875,"[0.65625, 0.65625, 0.875, 0.46875, 0.328125, 0.140625, 0.2265625, 0.53125, 0.75, 0.625, 0.6875, 0.296875, 0.34375, 0.1875, 0.5, 0.5, 0.71875, 0.390625, 0.765625, 0.984375, 0.5625]","[0.390625, 0.359375, 0.46875, 0.46875, 0.1796875, 0.1171875, 0.2421875, 0.265625, 0.40625, 0.34375, 0.75, 0.1484375, 0.171875, 0.203125, 0.25, 0.25, 0.359375, 0.390625, 0.4140625, 0.4921875, 0.578125]",[61],0.4189089974600946,0.4409395328960993
508,11958.046875,"[0.65625, 0.65625, 0.875, 0.46875, 0.328125, 0.140625, 0.2265625, 0.53125, 0.75, 0.625, 0.6875, 0.296875, 0.34375, 0.1875, 0.5, 0.5, 0.71875, 0.390625, 0.734375, 0.984375, 0.5625]","[0.390625, 0.359375, 0.46875, 0.46875, 0.1796875, 0.1171875, 0.2421875, 0.265625, 0.40625, 0.34375, 0.75, 0.1484375, 0.171875, 0.203125, 0.25, 0.25, 0.359375, 0.390625, 0.3984375, 0.4921875, 0.578125]","[61, 107, 120, 129]",0.41734484337669664,0.4410201108306773
509,12075.859375,"[0.71875, 0.65625, 0.875, 0.46875, 0.328125, 0.109375, 0.2265625, 0.53125, 0.75, 0.6875, 0.6875, 0.296875, 0.34375, 0.1875, 0.5, 0.5, 0.71875, 0.390625, 0.609375, 0.984375, 0.5625]","[0.453125, 0.359375, 0.46875, 0.46875, 0.1796875, 0.0859375, 0.2421875, 0.265625, 0.40625, 0.40625, 0.75, 0.1484375, 0.171875, 0.203125, 0.25, 0.25, 0.359375, 0.390625, 0.3359375, 0.4921875, 0.578125]","[69, 120]",0.423620241438723,0.4506518191332447
510,12116.171875,"[0.71875, 0.65625, 0.875, 0.46875, 0.453125, 0.109375, 0.2265625, 0.53125, 0.75, 0.6875, 0.6875, 0.296875, 0.34375, 0.1875, 0.5, 0.5, 0.71875, 0.390625, 0.609375, 0.984375, 0.5625]","[0.453125, 0.359375, 0.46875, 0.46875, 0.2421875, 0.0859375, 0.2421875, 0.265625, 0.40625, 0.40625, 0.75, 0.1484375, 0.171875, 0.203125, 0.25, 0.25, 0.359375, 0.390625, 0.3359375, 0.4921875, 0.578125]",[69],0.4118116535978198,0.43927639666301804
511,11996.796875,"[0.71875, 0.65625, 0.875, 0.46875, 0.453125, 0.109375, 0.2265625, 0.53125, 0.8125, 0.6875, 0.6875, 0.296875, 0.34375, 0.15625, 0.5, 0.5, 0.71875, 0.390625, 0.609375, 0.984375, 0.5625]","[0.453125, 0.359375, 0.46875, 0.46875, 0.2421875, 0.0859375, 0.2421875, 0.265625, 0.46875, 0.40625, 0.75, 0.1484375, 0.171875, 0.171875, 0.25, 0.25, 0.359375, 0.390625, 0.3359375, 0.4921875, 0.578125]",[104],0.42124130327102366,0.44667047938517046
512,12074.609375,"[0.71875, 0.65625, 0.875, 0.46875, 0.328125, 0.109375, 0.2265625, 0.53125, 0.8125, 0.6875, 0.6875, 0.296875, 0.34375, 0.15625, 0.5, 0.5, 0.71875, 0.390625, 0.609375, 0.984375, 0.5625]","[0.453125, 0.359375, 0.46875, 0.46875, 0.1796875, 0.0859375, 0.2421875, 0.265625, 0.46875, 0.40625, 0.75, 0.1484375, 0.171875, 0.171875, 0.25, 0.25, 0.359375, 0.390625, 0.3359375, 0.4921875, 0.578125]","[104, 120, 129]",0.4330179677430909,0.4579863791212633
513,11996.640625,"[0.71875, 0.65625, 0.875, 0.5, 0.296875, 0.109375, 0.2265625, 0.53125, 0.8125, 0.6875, 0.6875, 0.296875, 0.34375, 0.15625, 0.5, 0.5, 0.71875, 0.390625, 0.609375, 0.984375, 0.578125]","[0.453125, 0.359375, 0.46875, 0.53125, 0.1640625, 0.0859375, 0.2421875, 0.265625, 0.46875, 0.40625, 0.75, 0.1484375, 0.171875, 0.171875, 0.25, 0.25, 0.359375, 0.390625, 0.3359375, 0.4921875, 0.609375]",[17],0.43472623382238407,0.46972541671401297
514,11877.578125,"[0.65625, 0.65625, 0.875, 0.5, 0.28125, 0.109375, 0.2265625, 0.53125, 0.8125, 0.6875, 0.6875, 0.296875, 0.34375, 0.15625, 0.5, 0.375, 0.71875, 0.453125, 0.609375, 0.984375, 0.578125]","[0.390625, 0.359375, 0.46875, 0.53125, 0.15625, 0.0859375, 0.2421875, 0.265625, 0.46875, 0.40625, 0.75, 0.1484375, 0.171875, 0.171875, 0.25, 0.1875, 0.359375, 0.453125, 0.3359375, 0.4921875, 0.609375]","[95, 104]",0.43971091016916686,0.48219047028382017
515,11858.359375,"[0.65625, 0.65625, 0.875, 0.5, 0.34375, 0.109375, 0.2265625, 0.53125, 0.875, 0.6875, 0.6875, 0.296875, 0.34375, 0.15625, 0.5, 0.375, 0.71875, 0.453125, 0.609375, 0.984375, 0.578125]","[0.390625, 0.359375, 0.46875, 0.53125, 0.1875, 0.0859375, 0.2421875, 0.265625, 0.53125, 0.40625, 0.75, 0.1484375, 0.171875, 0.171875, 0.25, 0.1875, 0.359375, 0.453125, 0.3359375, 0.4921875, 0.609375]","[117, 130]",0.43717784495320333,0.47913412213750034
516,11976.953125,"[0.65625, 0.78125, 0.875, 0.5, 0.34375, 0.109375, 0.2265625, 0.53125, 0.875, 0.6875, 0.6875, 0.28125, 0.34375, 0.15625, 0.5, 0.375, 0.71875, 0.453125, 0.609375, 0.984375, 0.578125]","[0.390625, 0.421875, 0.46875, 0.53125, 0.1875, 0.0859375, 0.2421875, 0.265625, 0.53125, 0.40625, 0.75, 0.140625, 0.171875, 0.171875, 0.25, 0.1875, 0.359375, 0.453125, 0.3359375, 0.4921875, 0.609375]","[98, 117]",0.44308277088201864,0.47874539923162174
517,12035.390625,"[0.65625, 0.84375, 0.875, 0.5, 0.34375, 0.109375, 0.2265625, 0.53125, 0.875, 0.6875, 0.6875, 0.28125, 0.34375, 0.15625, 0.5, 0.375, 0.71875, 0.453125, 0.609375, 0.984375, 0.578125]","[0.390625, 0.484375, 0.46875, 0.53125, 0.1875, 0.0859375, 0.2421875, 0.265625, 0.53125, 0.40625, 0.75, 0.140625, 0.171875, 0.171875, 0.25, 0.1875, 0.359375, 0.453125, 0.3359375, 0.4921875, 0.609375]","[117, 132, 135]",0.44695002005942425,0.47947485475365936
518,12095.703125,"[0.6875, 0.84375, 0.875, 0.5, 0.34375, 0.109375, 0.2265625, 0.53125, 0.875, 0.6875, 0.6875, 0.28125, 0.34375, 0.15625, 0.5, 0.375, 0.71875, 0.484375, 0.609375, 0.984375, 0.578125]","[0.40625, 0.484375, 0.46875, 0.53125, 0.1875, 0.0859375, 0.2421875, 0.265625, 0.53125, 0.40625, 0.75, 0.140625, 0.171875, 0.171875, 0.25, 0.1875, 0.359375, 0.484375, 0.3359375, 0.4921875, 0.609375]","[117, 136]",0.4451582937487178,0.47961038902912406
519,12214.140625,"[0.6875, 0.84375, 0.875, 0.5, 0.34375, 0.109375, 0.2265625, 0.53125, 0.875, 0.6875, 0.6875, 0.28125, 0.34375, 0.15625, 0.5, 0.375, 0.78125, 0.484375, 0.734375, 0.984375, 0.578125]","[0.40625, 0.484375, 0.46875, 0.53125, 0.1875, 0.0859375, 0.2421875, 0.265625, 0.53125, 0.40625, 0.75, 0.140625, 0.171875, 0.171875, 0.25, 0.1875, 0.421875, 0.484375, 0.3984375, 0.4921875, 0.609375]",[137],0.4479319434870979,0.4732980090323178
520,12293.515625,"[0.6875, 0.84375, 0.875, 0.5, 0.34375, 0.109375, 0.2265625, 0.53125, 0.875, 0.6875, 0.6875, 0.28125, 0.40625, 0.15625, 0.5, 0.375, 0.78125, 0.484375, 0.734375, 0.984375, 0.578125]","[0.40625, 0.484375, 0.46875, 0.53125, 0.1875, 0.0859375, 0.2421875, 0.265625, 0.53125, 0.40625, 0.75, 0.140625, 0.203125, 0.171875, 0.25, 0.1875, 0.421875, 0.484375, 0.3984375, 0.4921875, 0.609375]","[140, 144]",0.44164264243162066,0.46717297222668797
521,12490.703125,"[0.6875, 0.84375, 0.875, 0.5, 0.34375, 0.109375, 0.2265625, 0.53125, 0.875, 0.6875, 0.6875, 0.28125, 0.40625, 0.15625, 0.75, 0.375, 0.78125, 0.484375, 0.734375, 0.984375, 0.578125]","[0.40625, 0.484375, 0.46875, 0.53125, 0.1875, 0.0859375, 0.2421875, 0.265625, 0.53125, 0.40625, 0.75, 0.140625, 0.203125, 0.171875, 0.375, 0.1875, 0.421875, 0.484375, 0.3984375, 0.4921875, 0.609375]",[140],0.4378485291734742,0.4543099355062822
522,12490.390625,"[0.6875, 0.84375, 0.875, 0.5, 0.34375, 0.109375, 0.2265625, 0.53125, 0.875, 0.75, 0.6875, 0.28125, 0.40625, 0.15625, 0.75, 0.375, 0.78125, 0.484375, 0.734375, 0.984375, 0.578125]","[0.40625, 0.484375, 0.46875, 0.53125, 0.1875, 0.0859375, 0.2421875, 0.265625, 0.53125, 0.46875, 0.75, 0.140625, 0.203125, 0.171875, 0.375, 0.1875, 0.421875, 0.484375, 0.3984375, 0.4921875, 0.609375]",[145],0.4387226974025025,0.45362081586315606
523,12529.765625,"[0.6875, 0.84375, 0.875, 0.5, 0.34375, 0.109375, 0.2265625, 0.53125, 0.84375, 0.75, 0.6875, 0.28125, 0.40625, 0.1484375, 0.75, 0.375, 0.78125, 0.484375, 0.734375, 0.984375, 0.578125]","[0.40625, 0.484375, 0.46875, 0.53125, 0.1875, 0.0859375, 0.2421875, 0.265625, 0.515625, 0.46875, 0.75, 0.140625, 0.203125, 0.1640625, 0.375, 0.1875, 0.421875, 0.484375, 0.3984375, 0.4921875, 0.609375]","[87, 125]",0.43819774812732876,0.454464073131306
524,12549.21875,"[0.6875, 0.84375, 0.875, 0.5, 0.34375, 0.109375, 0.2265625, 0.5625, 0.84375, 0.75, 0.6875, 0.28125, 0.40625, 0.1484375, 0.75, 0.375, 0.78125, 0.484375, 0.734375, 0.984375, 0.578125]","[0.40625, 0.484375, 0.46875, 0.53125, 0.1875, 0.0859375, 0.2421875, 0.28125, 0.515625, 0.46875, 0.75, 0.140625, 0.203125, 0.1640625, 0.375, 0.1875, 0.421875, 0.484375, 0.3984375, 0.4921875, 0.609375]",[125],0.43682531140590375,0.45237710697729366
525,12470.46875,"[0.6875, 0.84375, 0.875, 0.5, 0.34375, 0.109375, 0.2265625, 0.5625, 0.84375, 0.75, 0.6875, 0.28125, 0.40625, 0.1484375, 0.75, 0.375, 0.78125, 0.484375, 0.734375, 0.984375, 0.578125]","[0.40625, 0.484375, 0.46875, 0.53125, 0.1875, 0.0859375, 0.2421875, 0.28125, 0.515625, 0.46875, 0.75, 0.140625, 0.203125, 0.1640625, 0.375, 0.1875, 0.421875, 0.484375, 0.3984375, 0.4921875, 0.609375]","[125, 145, 149]",0.43682531140590375,0.45237710697729366
526,12588.59375,"[0.6875, 0.84375, 0.875, 0.5, 0.34375, 0.109375, 0.2265625, 0.5625, 0.84375, 0.75, 0.6875, 0.28125, 0.40625, 0.1484375, 0.75, 0.375, 0.78125, 0.484375, 0.734375, 0.984375, 0.578125]","[0.40625, 0.484375, 0.46875, 0.53125, 0.1875, 0.0859375, 0.2421875, 0.28125, 0.515625, 0.46875, 0.75, 0.140625, 0.203125, 0.1640625, 0.375, 0.1875, 0.421875, 0.484375, 0.3984375, 0.4921875, 0.609375]","[125, 145]",0.43682531140590375,0.45237710697729366
527,12509.84375,"[0.6875, 0.84375, 0.875, 0.25, 0.34375, 0.109375, 0.2265625, 0.5625, 0.875, 0.75, 0.6875, 0.28125, 0.40625, 0.1484375, 0.75, 0.375, 0.78125, 0.484375, 0.734375, 0.984375, 0.578125]","[0.40625, 0.484375, 0.46875, 0.28125, 0.1875, 0.0859375, 0.2421875, 0.28125, 0.53125, 0.46875, 0.75, 0.140625, 0.203125, 0.1640625, 0.375, 0.1875, 0.421875, 0.484375, 0.3984375, 0.4921875, 0.609375]","[15, 101, 125]",0.4639223094198705,0.46116910958120094
528,12489.84375,"[0.6875, 0.84375, 1.0, 0.25, 0.34375, 0.109375, 0.2578125, 0.5625, 0.875, 0.75, 0.6875, 0.28125, 0.40625, 0.1484375, 0.75, 0.375, 0.78125, 0.484375, 0.734375, 0.984375, 0.578125]","[0.40625, 0.484375, 0.53125, 0.28125, 0.1875, 0.0859375, 0.2734375, 0.28125, 0.53125, 0.46875, 0.75, 0.140625, 0.203125, 0.1640625, 0.375, 0.1875, 0.421875, 0.484375, 0.3984375, 0.4921875, 0.609375]","[101, 149]",0.46963369539847366,0.4593204944725189
529,12450.15625,"[0.6875, 0.84375, 1.0, 0.25, 0.375, 0.109375, 0.2578125, 0.5625, 0.875, 0.6875, 0.6875, 0.28125, 0.40625, 0.1484375, 0.75, 0.375, 0.78125, 0.484375, 0.734375, 0.984375, 0.578125]","[0.40625, 0.484375, 0.53125, 0.28125, 0.21875, 0.0859375, 0.2734375, 0.28125, 0.53125, 0.4375, 0.75, 0.140625, 0.203125, 0.1640625, 0.375, 0.1875, 0.421875, 0.484375, 0.3984375, 0.4921875, 0.609375]","[74, 101]",0.46576350142434136,0.4533467270528395
530,12530.46875,"[0.6875, 0.84375, 1.0, 0.28125, 0.375, 0.109375, 0.2578125, 0.5625, 0.875, 0.6875, 0.6875, 0.28125, 0.40625, 0.1484375, 0.75, 0.375, 0.78125, 0.484375, 0.734375, 0.984375, 0.640625]","[0.40625, 0.484375, 0.53125, 0.34375, 0.21875, 0.0859375, 0.2734375, 0.28125, 0.53125, 0.4375, 0.75, 0.140625, 0.203125, 0.1640625, 0.375, 0.1875, 0.421875, 0.484375, 0.3984375, 0.4921875, 0.671875]","[146, 154, 157]",0.4599533600546967,0.4559141635040655
531,12727.734375,"[0.9375, 0.84375, 1.0, 0.28125, 0.375, 0.109375, 0.2578125, 0.5625, 0.875, 0.6875, 0.6875, 0.28125, 0.40625, 0.1484375, 0.75, 0.375, 0.78125, 0.484375, 0.75, 0.984375, 0.640625]","[0.53125, 0.484375, 0.53125, 0.34375, 0.21875, 0.0859375, 0.2734375, 0.28125, 0.53125, 0.4375, 0.75, 0.140625, 0.203125, 0.1640625, 0.375, 0.1875, 0.421875, 0.484375, 0.40625, 0.4921875, 0.671875]","[146, 158]",0.46889027740152395,0.45663990239134905
532,12887.03125,"[0.9375, 0.84375, 1.0, 0.28125, 0.375, 0.109375, 0.2578125, 0.5625, 0.875, 0.6875, 0.6875, 0.28125, 0.40625, 0.1484375, 0.75, 0.375, 0.78125, 0.484375, 0.75, 0.984375, 0.640625]","[0.53125, 0.484375, 0.53125, 0.34375, 0.21875, 0.0859375, 0.2734375, 0.28125, 0.53125, 0.4375, 0.75, 0.140625, 0.203125, 0.1640625, 0.375, 0.1875, 0.421875, 0.484375, 0.40625, 0.4921875, 0.671875]","[146, 158, 159, 160]",0.46889027740152395,0.45663990239134905
533,12965.3125,"[0.9375, 0.90625, 1.0, 0.28125, 0.375, 0.109375, 0.25, 0.53125, 0.875, 0.6875, 0.6875, 0.40625, 0.40625, 0.1484375, 0.75, 0.40625, 0.78125, 0.484375, 0.75, 0.984375, 0.625]","[0.53125, 0.515625, 0.53125, 0.34375, 0.21875, 0.0859375, 0.265625, 0.265625, 0.53125, 0.4375, 0.75, 0.203125, 0.203125, 0.1640625, 0.375, 0.203125, 0.421875, 0.484375, 0.40625, 0.4921875, 0.640625]",[32],0.45815712383842094,0.4402614341306215
534,12865.859375,"[0.9375, 0.875, 1.0, 0.28125, 0.375, 0.109375, 0.25, 0.53125, 0.875, 0.6875, 0.6875, 0.40625, 0.40625, 0.1484375, 0.75, 0.40625, 0.78125, 0.484375, 0.75, 0.984375, 0.625]","[0.53125, 0.5, 0.53125, 0.34375, 0.21875, 0.0859375, 0.265625, 0.265625, 0.53125, 0.4375, 0.75, 0.203125, 0.203125, 0.1640625, 0.375, 0.203125, 0.421875, 0.484375, 0.40625, 0.4921875, 0.640625]","[2, 32, 37]",0.4564819720305091,0.4396928071797721
535,13085.15625,"[0.9375, 0.875, 1.0, 0.28125, 0.375, 0.109375, 0.25, 0.53125, 0.875, 0.6875, 0.65625, 0.40625, 0.40625, 0.1484375, 0.75, 0.40625, 0.78125, 0.484375, 0.75, 0.984375, 0.6328125]","[0.53125, 0.5, 0.53125, 0.34375, 0.21875, 0.0859375, 0.265625, 0.265625, 0.53125, 0.4375, 0.6875, 0.203125, 0.203125, 0.1640625, 0.375, 0.203125, 0.421875, 0.484375, 0.40625, 0.4921875, 0.6484375]","[2, 37]",0.4566511958157868,0.42839827899889926
536,12906.015625,"[0.9375, 0.875, 1.0, 0.28125, 0.375, 0.109375, 0.2578125, 0.53125, 0.875, 0.6875, 0.65625, 0.40625, 0.40625, 0.1484375, 0.75, 0.40625, 0.78125, 0.453125, 0.75, 0.984375, 0.6328125]","[0.53125, 0.5, 0.53125, 0.34375, 0.21875, 0.0859375, 0.2734375, 0.265625, 0.53125, 0.4375, 0.6875, 0.203125, 0.203125, 0.1640625, 0.375, 0.203125, 0.421875, 0.453125, 0.40625, 0.4921875, 0.6484375]",[2],0.45784866148695563,0.4268615604453253
537,12826.640625,"[0.9375, 0.875, 1.0, 0.28125, 0.3125, 0.09375, 0.2578125, 0.53125, 0.875, 0.6875, 0.65625, 0.40625, 0.40625, 0.1484375, 0.75, 0.40625, 0.78125, 0.453125, 0.75, 0.984375, 0.6328125]","[0.53125, 0.5, 0.53125, 0.34375, 0.1875, 0.078125, 0.2734375, 0.265625, 0.53125, 0.4375, 0.6875, 0.203125, 0.203125, 0.1640625, 0.375, 0.203125, 0.421875, 0.453125, 0.40625, 0.4921875, 0.6484375]",[2],0.4676015461840697,0.43499037740306035
538,12846.484375,"[0.9375, 0.875, 1.0, 0.28125, 0.3125, 0.09375, 0.2421875, 0.53125, 0.875, 0.6875, 0.65625, 0.40625, 0.40625, 0.1484375, 0.75, 0.40625, 0.78125, 0.453125, 0.75, 0.984375, 0.6328125]","[0.53125, 0.5, 0.53125, 0.34375, 0.1875, 0.078125, 0.2421875, 0.265625, 0.53125, 0.4375, 0.6875, 0.203125, 0.203125, 0.1640625, 0.375, 0.203125, 0.421875, 0.453125, 0.40625, 0.4921875, 0.6484375]","[2, 65]",0.4697570115998874,0.4395711865441216
539,12707.265625,"[0.9375, 0.875, 1.0, 0.28125, 0.3125, 0.09375, 0.2421875, 0.53125, 0.8125, 0.6875, 0.65625, 0.4375, 0.40625, 0.1484375, 0.75, 0.40625, 0.78125, 0.453125, 0.75, 0.984375, 0.6328125]","[0.53125, 0.5, 0.53125, 0.34375, 0.1875, 0.078125, 0.2421875, 0.265625, 0.46875, 0.4375, 0.6875, 0.21875, 0.203125, 0.1640625, 0.375, 0.203125, 0.421875, 0.453125, 0.40625, 0.4921875, 0.6484375]",[2],0.4644844153824435,0.4341558688888664
540,12648.203125,"[0.9375, 0.875, 1.0, 0.28125, 0.3125, 0.09375, 0.2421875, 0.53125, 0.8125, 0.6875, 0.65625, 0.4375, 0.40625, 0.1484375, 0.75, 0.40625, 0.78125, 0.453125, 0.75, 0.984375, 0.6328125]","[0.53125, 0.5, 0.53125, 0.34375, 0.1875, 0.078125, 0.2421875, 0.265625, 0.46875, 0.4375, 0.6875, 0.21875, 0.203125, 0.1640625, 0.375, 0.203125, 0.421875, 0.453125, 0.40625, 0.4921875, 0.6484375]","[2, 70, 76, 95]",0.4644844153824435,0.4341558688888664
541,12884.921875,"[0.9375, 0.875, 1.0, 0.28125, 0.3125, 0.09375, 0.2421875, 0.59375, 0.8125, 0.9375, 0.65625, 0.4375, 0.40625, 0.0859375, 0.75, 0.40625, 0.78125, 0.453125, 0.75, 0.984375, 0.6328125]","[0.53125, 0.5, 0.53125, 0.34375, 0.1875, 0.078125, 0.2421875, 0.296875, 0.46875, 0.5625, 0.6875, 0.21875, 0.203125, 0.1015625, 0.375, 0.203125, 0.421875, 0.453125, 0.40625, 0.4921875, 0.6484375]","[76, 2, 71]",0.47970643958697223,0.4499575295100099
542,13022.890625,"[0.9375, 0.90625, 1.0, 0.28125, 0.3125, 0.09375, 0.2421875, 0.59375, 0.8125, 0.9375, 0.78125, 0.4375, 0.40625, 0.0859375, 0.75, 0.40625, 0.78125, 0.390625, 0.875, 0.984375, 0.6328125]","[0.53125, 0.515625, 0.53125, 0.34375, 0.1875, 0.078125, 0.2421875, 0.296875, 0.46875, 0.5625, 0.8125, 0.21875, 0.203125, 0.1015625, 0.375, 0.203125, 0.421875, 0.390625, 0.46875, 0.4921875, 0.6484375]","[17, 115]",0.48843769424067235,0.476298293822162
543,13120.703125,"[0.9375, 0.90625, 1.0, 0.28125, 0.3125, 0.09375, 0.2421875, 0.59375, 0.8125, 0.9375, 0.78125, 0.4375, 0.40625, 0.0859375, 0.75, 0.40625, 0.8125, 0.390625, 0.875, 0.984375, 0.6328125]","[0.53125, 0.515625, 0.53125, 0.34375, 0.1875, 0.078125, 0.2421875, 0.296875, 0.46875, 0.5625, 0.8125, 0.21875, 0.203125, 0.1015625, 0.375, 0.203125, 0.4375, 0.390625, 0.46875, 0.4921875, 0.6484375]","[115, 129]",0.48885497275852846,0.475841108798763
544,13081.640625,"[0.875, 0.90625, 1.0, 0.28125, 0.3125, 0.09375, 0.2421875, 0.59375, 0.8125, 0.9375, 0.78125, 0.4375, 0.40625, 0.0859375, 0.75, 0.40625, 0.78125, 0.390625, 0.875, 0.984375, 0.6328125]","[0.46875, 0.515625, 0.53125, 0.34375, 0.1875, 0.078125, 0.2421875, 0.296875, 0.46875, 0.5625, 0.8125, 0.21875, 0.203125, 0.1015625, 0.375, 0.203125, 0.421875, 0.390625, 0.46875, 0.4921875, 0.6484375]","[17, 61]",0.48568021577500575,0.4750588740905069
545,13142.890625,"[0.875, 0.90625, 1.0, 0.28125, 0.3125, 0.09375, 0.2421875, 0.59375, 0.8125, 0.875, 0.78125, 0.4375, 0.46875, 0.0859375, 0.75, 0.40625, 0.78125, 0.390625, 0.875, 0.984375, 0.6328125]","[0.46875, 0.515625, 0.53125, 0.34375, 0.1875, 0.078125, 0.2421875, 0.296875, 0.46875, 0.5, 0.8125, 0.21875, 0.234375, 0.1015625, 0.375, 0.203125, 0.421875, 0.390625, 0.46875, 0.4921875, 0.6484375]",[17],0.4776164221879123,0.4668745032209539
546,12983.515625,"[0.875, 0.90625, 1.0, 0.28125, 0.3125, 0.09375, 0.2421875, 0.59375, 0.8125, 0.875, 0.78125, 0.4375, 0.46875, 0.0859375, 0.75, 0.40625, 0.75, 0.390625, 0.875, 0.859375, 0.6328125]","[0.46875, 0.515625, 0.53125, 0.34375, 0.1875, 0.078125, 0.2421875, 0.296875, 0.46875, 0.5, 0.8125, 0.21875, 0.234375, 0.1015625, 0.375, 0.203125, 0.40625, 0.390625, 0.46875, 0.4296875, 0.6484375]",[17],0.4704864361327069,0.46744313767566825
547,12924.453125,"[0.875, 0.90625, 1.0, 0.28125, 0.3125, 0.09375, 0.2421875, 0.59375, 0.8125, 0.875, 0.84375, 0.4375, 0.46875, 0.0859375, 0.75, 0.15625, 0.75, 0.390625, 0.875, 0.859375, 0.6328125]","[0.46875, 0.515625, 0.53125, 0.34375, 0.1875, 0.078125, 0.2421875, 0.296875, 0.46875, 0.5, 0.875, 0.21875, 0.234375, 0.1015625, 0.375, 0.078125, 0.40625, 0.390625, 0.46875, 0.4296875, 0.6484375]",[1],0.5035701452911902,0.5117266872649902
548,12707.265625,"[0.875, 0.90625, 1.0, 0.28125, 0.3125, 0.09375, 0.2421875, 0.59375, 0.8125, 0.875, 0.84375, 0.4375, 0.46875, 0.0859375, 0.6875, 0.15625, 0.625, 0.390625, 0.875, 0.859375, 0.6328125]","[0.46875, 0.515625, 0.53125, 0.34375, 0.1875, 0.078125, 0.2421875, 0.296875, 0.46875, 0.5, 0.875, 0.21875, 0.234375, 0.1015625, 0.34375, 0.078125, 0.34375, 0.390625, 0.46875, 0.4296875, 0.6484375]",[1],0.5050357559159575,0.5180451602987285
549,12608.828125,"[0.875, 0.90625, 1.0, 0.28125, 0.3125, 0.09375, 0.2421875, 0.59375, 0.8125, 0.875, 0.84375, 0.4375, 0.46875, 0.0859375, 0.6875, 0.15625, 0.625, 0.390625, 0.875, 0.859375, 0.6328125]","[0.46875, 0.515625, 0.53125, 0.34375, 0.1875, 0.078125, 0.2421875, 0.296875, 0.46875, 0.5, 0.875, 0.21875, 0.234375, 0.1015625, 0.34375, 0.078125, 0.34375, 0.390625, 0.46875, 0.4296875, 0.6484375]",[1],0.5050357559159575,0.5180451602987285
550,12728.203125,"[0.875, 0.90625, 1.0, 0.28125, 0.3125, 0.09375, 0.2421875, 0.59375, 0.8125, 0.875, 0.84375, 0.4375, 0.59375, 0.0859375, 0.6875, 0.15625, 0.625, 0.390625, 0.875, 0.859375, 0.6328125]","[0.46875, 0.515625, 0.53125, 0.34375, 0.1875, 0.078125, 0.2421875, 0.296875, 0.46875, 0.5, 0.875, 0.21875, 0.296875, 0.1015625, 0.34375, 0.078125, 0.34375, 0.390625, 0.46875, 0.4296875, 0.6484375]","[46, 52]",0.4982300358878954,0.5094866583857591
551,12767.890625,"[0.875, 0.90625, 1.0, 0.28125, 0.3125, 0.09375, 0.2421875, 0.59375, 0.8125, 0.875, 0.84375, 0.4375, 0.59375, 0.0859375, 0.6875, 0.15625, 0.625, 0.390625, 0.625, 0.859375, 0.6328125]","[0.46875, 0.515625, 0.53125, 0.34375, 0.1875, 0.078125, 0.2421875, 0.296875, 0.46875, 0.5, 0.875, 0.21875, 0.296875, 0.1015625, 0.34375, 0.078125, 0.34375, 0.390625, 0.34375, 0.4296875, 0.6484375]","[46, 52]",0.49574545023097827,0.5146296869030231
552,12648.828125,"[0.875, 0.90625, 1.0, 0.25, 0.3125, 0.09375, 0.2421875, 0.59375, 0.8125, 0.875, 0.71875, 0.4375, 0.59375, 0.0859375, 0.6875, 0.125, 0.625, 0.375, 0.75, 0.859375, 0.6328125]","[0.46875, 0.515625, 0.53125, 0.3125, 0.1875, 0.078125, 0.2421875, 0.296875, 0.46875, 0.5, 0.75, 0.21875, 0.296875, 0.1015625, 0.34375, 0.0625, 0.34375, 0.375, 0.40625, 0.4296875, 0.6484375]",[2],0.5031430282875261,0.48692981867558977
553,12410.859375,"[0.875, 0.90625, 1.0, 0.25, 0.3125, 0.09375, 0.2421875, 0.59375, 0.8125, 0.875, 0.71875, 0.4375, 0.59375, 0.0859375, 0.6875, 0.125, 0.625, 0.375, 0.75, 0.796875, 0.6328125]","[0.46875, 0.515625, 0.53125, 0.3125, 0.1875, 0.078125, 0.2421875, 0.296875, 0.46875, 0.5, 0.75, 0.21875, 0.296875, 0.1015625, 0.34375, 0.0625, 0.34375, 0.375, 0.40625, 0.3984375, 0.6484375]","[38, 46]",0.5008335969134472,0.4876732377171104
554,12331.171875,"[0.875, 0.90625, 0.875, 0.25, 0.3125, 0.09375, 0.2421875, 0.59375, 0.8125, 0.875, 0.71875, 0.4375, 0.59375, 0.0859375, 0.6875, 0.125, 0.625, 0.375, 0.75, 0.796875, 0.6328125]","[0.46875, 0.515625, 0.46875, 0.3125, 0.1875, 0.078125, 0.2421875, 0.296875, 0.46875, 0.5, 0.75, 0.21875, 0.296875, 0.1015625, 0.34375, 0.0625, 0.34375, 0.375, 0.40625, 0.3984375, 0.6484375]","[23, 38]",0.4915390726809344,0.4849269382966997
555,12370.234375,"[0.875, 0.90625, 0.875, 0.25, 0.3125, 0.09375, 0.2421875, 0.65625, 0.8125, 0.875, 0.71875, 0.4375, 0.59375, 0.0859375, 0.6875, 0.125, 0.625, 0.375, 0.75, 0.796875, 0.6328125]","[0.46875, 0.515625, 0.46875, 0.3125, 0.1875, 0.078125, 0.2421875, 0.359375, 0.46875, 0.5, 0.75, 0.21875, 0.296875, 0.1015625, 0.34375, 0.0625, 0.34375, 0.375, 0.40625, 0.3984375, 0.6484375]",[46],0.4902465296738268,0.4794827230459122
556,12292.109375,"[0.875, 0.90625, 0.875, 0.25, 0.3125, 0.09375, 0.2421875, 0.65625, 0.8125, 0.875, 0.71875, 0.4375, 0.59375, 0.0859375, 0.6875, 0.125, 0.625, 0.375, 0.75, 0.796875, 0.6328125]","[0.46875, 0.515625, 0.46875, 0.3125, 0.1875, 0.078125, 0.2421875, 0.359375, 0.46875, 0.5, 0.75, 0.21875, 0.296875, 0.1015625, 0.34375, 0.0625, 0.34375, 0.375, 0.40625, 0.3984375, 0.6484375]","[46, 63]",0.4902465296738268,0.4794827230459122
557,12371.796875,"[0.875, 0.90625, 0.875, 0.25, 0.3125, 0.09375, 0.2421875, 0.65625, 0.8125, 0.875, 0.71875, 0.5, 0.59375, 0.0859375, 0.6875, 0.125, 0.625, 0.375, 0.75, 0.796875, 0.6640625]","[0.46875, 0.515625, 0.46875, 0.3125, 0.1875, 0.078125, 0.2421875, 0.359375, 0.46875, 0.5, 0.75, 0.25, 0.296875, 0.1015625, 0.34375, 0.0625, 0.34375, 0.375, 0.40625, 0.3984375, 0.6796875]","[73, 76]",0.4854304437947771,0.479737555570835
558,12568.984375,"[0.875, 0.90625, 0.875, 0.25, 0.3125, 0.09375, 0.2109375, 0.65625, 0.8125, 0.875, 0.71875, 0.5, 0.59375, 0.0859375, 0.6875, 0.375, 0.625, 0.375, 0.75, 0.796875, 0.6640625]","[0.46875, 0.515625, 0.46875, 0.3125, 0.1875, 0.078125, 0.2109375, 0.359375, 0.46875, 0.5, 0.75, 0.25, 0.296875, 0.1015625, 0.34375, 0.1875, 0.34375, 0.375, 0.40625, 0.3984375, 0.6796875]","[47, 73]",0.4551997127750203,0.4543519993302202
559,12608.984375,"[0.875, 0.90625, 0.875, 0.25, 0.3125, 0.09375, 0.2109375, 0.65625, 0.8125, 0.875, 0.71875, 0.5, 0.59375, 0.0859375, 0.6875, 0.375, 0.625, 0.375, 0.75, 0.796875, 0.6640625]","[0.46875, 0.515625, 0.46875, 0.3125, 0.1875, 0.078125, 0.2109375, 0.359375, 0.46875, 0.5, 0.75, 0.25, 0.296875, 0.1015625, 0.34375, 0.1875, 0.34375, 0.375, 0.40625, 0.3984375, 0.6796875]","[47, 73, 81]",0.4551997127750203,0.4543519993302202
560,12648.671875,"[0.875, 0.90625, 0.875, 0.25, 0.328125, 0.109375, 0.2109375, 0.65625, 0.8125, 0.875, 0.71875, 0.5, 0.59375, 0.0859375, 0.6875, 0.375, 0.625, 0.375, 0.75, 0.796875, 0.6640625]","[0.46875, 0.515625, 0.46875, 0.3125, 0.1953125, 0.0859375, 0.2109375, 0.359375, 0.46875, 0.5, 0.75, 0.25, 0.296875, 0.1015625, 0.34375, 0.1875, 0.34375, 0.375, 0.40625, 0.3984375, 0.6796875]",[47],0.45040452347775234,0.4506242926321181
561,12528.671875,"[0.84375, 0.90625, 0.875, 0.25, 0.328125, 0.109375, 0.2109375, 0.65625, 0.8125, 0.875, 0.71875, 0.5, 0.59375, 0.0859375, 0.6875, 0.375, 0.625, 0.375, 0.75, 0.796875, 0.6640625]","[0.453125, 0.515625, 0.46875, 0.3125, 0.1953125, 0.0859375, 0.2109375, 0.359375, 0.46875, 0.5, 0.75, 0.25, 0.296875, 0.1015625, 0.34375, 0.1875, 0.34375, 0.375, 0.40625, 0.3984375, 0.6796875]",[40],0.4487035011236063,0.45038876827026414
562,12548.359375,"[0.96875, 0.90625, 0.875, 0.25, 0.328125, 0.109375, 0.2109375, 0.65625, 0.8125, 0.875, 0.71875, 0.5, 0.59375, 0.0859375, 0.6875, 0.375, 0.625, 0.375, 0.75, 0.796875, 0.6640625]","[0.515625, 0.515625, 0.46875, 0.3125, 0.1953125, 0.0859375, 0.2109375, 0.359375, 0.46875, 0.5, 0.75, 0.25, 0.296875, 0.1015625, 0.34375, 0.1875, 0.34375, 0.375, 0.40625, 0.3984375, 0.6796875]",[47],0.45708484801698535,0.4523830653752386
563,12588.203125,"[0.96875, 0.90625, 0.875, 0.25, 0.328125, 0.109375, 0.2109375, 0.65625, 0.8125, 0.625, 0.71875, 0.5, 0.59375, 0.0703125, 0.6875, 0.375, 0.625, 0.375, 0.75, 0.796875, 0.6640625]","[0.515625, 0.515625, 0.46875, 0.3125, 0.1953125, 0.0859375, 0.2109375, 0.359375, 0.46875, 0.375, 0.75, 0.25, 0.296875, 0.0703125, 0.34375, 0.1875, 0.34375, 0.375, 0.40625, 0.3984375, 0.6796875]",[41],0.4555423734881456,0.46153523165461763
564,12390.390625,"[0.96875, 0.90625, 0.875, 0.25, 0.328125, 0.109375, 0.2109375, 0.65625, 0.8125, 0.625, 0.71875, 0.5, 0.59375, 0.0703125, 0.75, 0.375, 0.625, 0.375, 0.75, 0.796875, 0.6015625]","[0.515625, 0.515625, 0.46875, 0.3125, 0.1953125, 0.0859375, 0.2109375, 0.359375, 0.46875, 0.375, 0.75, 0.25, 0.296875, 0.0703125, 0.375, 0.1875, 0.34375, 0.375, 0.40625, 0.3984375, 0.6171875]",[47],0.4572879628687278,0.44901375137209953
565,12231.015625,"[0.96875, 0.90625, 0.875, 0.25, 0.328125, 0.109375, 0.1796875, 0.65625, 0.8125, 0.625, 0.71875, 0.5, 0.59375, 0.0703125, 0.75, 0.375, 0.625, 0.375, 0.75, 0.796875, 0.6015625]","[0.515625, 0.515625, 0.46875, 0.3125, 0.1953125, 0.0859375, 0.1796875, 0.359375, 0.46875, 0.375, 0.75, 0.25, 0.296875, 0.0703125, 0.375, 0.1875, 0.34375, 0.375, 0.40625, 0.3984375, 0.6171875]","[5, 47]",0.46224273095241375,0.4550652107398948
566,12230.390625,"[0.96875, 0.90625, 0.875, 0.25, 0.328125, 0.109375, 0.1796875, 0.65625, 0.8125, 0.625, 0.71875, 0.5, 0.59375, 0.0703125, 0.75, 0.375, 0.625, 0.375, 0.75, 0.671875, 0.6015625]","[0.515625, 0.515625, 0.46875, 0.3125, 0.1953125, 0.0859375, 0.1796875, 0.359375, 0.46875, 0.375, 0.75, 0.25, 0.296875, 0.0703125, 0.375, 0.1875, 0.34375, 0.375, 0.40625, 0.3359375, 0.6171875]",[5],0.46009030372741005,0.45839017910971336
567,12032.265625,"[0.96875, 0.90625, 0.875, 0.25, 0.328125, 0.109375, 0.1796875, 0.65625, 0.8125, 0.625, 0.71875, 0.5, 0.59375, 0.0703125, 0.75, 0.375, 0.625, 0.375, 0.75, 0.671875, 0.6015625]","[0.515625, 0.515625, 0.46875, 0.3125, 0.1953125, 0.0859375, 0.1796875, 0.359375, 0.46875, 0.375, 0.75, 0.25, 0.296875, 0.0703125, 0.375, 0.1875, 0.34375, 0.375, 0.40625, 0.3359375, 0.6171875]","[5, 20]",0.46009030372741005,0.45839017910971336
568,12151.328125,"[0.96875, 0.90625, 0.875, 0.25, 0.390625, 0.109375, 0.1796875, 0.65625, 0.8125, 0.625, 0.71875, 0.5, 0.59375, 0.0703125, 0.75, 0.375, 0.625, 0.375, 0.75, 0.671875, 0.6015625]","[0.515625, 0.515625, 0.46875, 0.3125, 0.2265625, 0.0859375, 0.1796875, 0.359375, 0.46875, 0.375, 0.75, 0.25, 0.296875, 0.0703125, 0.375, 0.1875, 0.34375, 0.375, 0.40625, 0.3359375, 0.6171875]","[5, 47]",0.4534933349211195,0.452747753462512
569,12230.703125,"[0.96875, 0.90625, 0.875, 0.25, 0.390625, 0.109375, 0.1796875, 0.65625, 0.8125, 0.625, 0.71875, 0.484375, 0.59375, 0.0703125, 0.75, 0.375, 0.625, 0.375, 0.75, 0.796875, 0.6015625]","[0.515625, 0.515625, 0.46875, 0.3125, 0.2265625, 0.0859375, 0.1796875, 0.359375, 0.46875, 0.375, 0.75, 0.2421875, 0.296875, 0.0703125, 0.375, 0.1875, 0.34375, 0.375, 0.40625, 0.3984375, 0.6171875]","[5, 28, 53]",0.45662609483737177,0.4506035695484169
570,12310.15625,"[0.96875, 0.90625, 0.875, 0.25, 0.421875, 0.109375, 0.1796875, 0.65625, 0.75, 0.625, 0.71875, 0.484375, 0.59375, 0.0703125, 0.75, 0.375, 0.625, 0.375, 0.75, 0.796875, 0.609375]","[0.515625, 0.515625, 0.46875, 0.3125, 0.2421875, 0.0859375, 0.1796875, 0.359375, 0.4375, 0.375, 0.75, 0.2421875, 0.296875, 0.0703125, 0.375, 0.1875, 0.34375, 0.375, 0.40625, 0.3984375, 0.625]",[5],0.4516058897217488,0.44875871345004886
571,12231.09375,"[0.96875, 0.90625, 0.875, 0.25, 0.421875, 0.109375, 0.1796875, 0.65625, 0.75, 0.625, 0.71875, 0.484375, 0.59375, 0.0703125, 0.6875, 0.375, 0.625, 0.375, 0.75, 0.796875, 0.609375]","[0.515625, 0.515625, 0.46875, 0.3125, 0.2421875, 0.0859375, 0.1796875, 0.359375, 0.4375, 0.375, 0.75, 0.2421875, 0.296875, 0.0703125, 0.34375, 0.1875, 0.34375, 0.375, 0.40625, 0.3984375, 0.625]","[5, 55]",0.45079828798171984,0.450620782800464
572,12508.59375,"[0.96875, 0.90625, 0.875, 0.25, 0.421875, 0.109375, 0.1796875, 0.84375, 0.75, 0.625, 0.71875, 0.484375, 0.59375, 0.0703125, 0.6875, 0.375, 0.625, 0.375, 0.75, 0.796875, 0.609375]","[0.515625, 0.515625, 0.46875, 0.3125, 0.2421875, 0.0859375, 0.1796875, 0.453125, 0.4375, 0.375, 0.75, 0.2421875, 0.296875, 0.0703125, 0.34375, 0.1875, 0.34375, 0.375, 0.40625, 0.3984375, 0.625]","[5, 67]",0.4548289876718163,0.4485201225391053
573,12369.0625,"[0.96875, 0.90625, 0.875, 0.25, 0.421875, 0.109375, 0.1796875, 0.90625, 0.75, 0.625, 0.59375, 0.484375, 0.59375, 0.0703125, 0.6875, 0.375, 0.625, 0.375, 0.75, 0.796875, 0.609375]","[0.515625, 0.515625, 0.46875, 0.3125, 0.2421875, 0.0859375, 0.1796875, 0.484375, 0.4375, 0.375, 0.625, 0.2421875, 0.296875, 0.0703125, 0.34375, 0.1875, 0.34375, 0.375, 0.40625, 0.3984375, 0.625]",[67],0.45987533762597715,0.42246033701515473
574,12190.46875,"[0.84375, 0.65625, 0.875, 0.21875, 0.421875, 0.109375, 0.1796875, 0.90625, 0.75, 0.625, 0.59375, 0.484375, 0.59375, 0.0703125, 0.6875, 0.375, 0.625, 0.375, 0.75, 0.796875, 0.609375]","[0.421875, 0.390625, 0.46875, 0.25, 0.2421875, 0.0859375, 0.1796875, 0.484375, 0.4375, 0.375, 0.625, 0.2421875, 0.296875, 0.0703125, 0.34375, 0.1875, 0.34375, 0.375, 0.40625, 0.3984375, 0.625]","[22, 67, 74]",0.44577474121951327,0.42102328753931906
575,12112.34375,"[0.84375, 0.65625, 0.875, 0.21875, 0.421875, 0.109375, 0.1796875, 0.90625, 0.75, 0.625, 0.59375, 0.484375, 0.65625, 0.0703125, 0.6875, 0.375, 0.625, 0.375, 0.75, 0.796875, 0.609375]","[0.421875, 0.390625, 0.46875, 0.25, 0.2421875, 0.0859375, 0.1796875, 0.484375, 0.4375, 0.375, 0.625, 0.2421875, 0.328125, 0.0703125, 0.34375, 0.1875, 0.34375, 0.375, 0.40625, 0.3984375, 0.625]","[22, 67, 79]",0.44498981672741733,0.4182265250944985
576,12092.34375,"[0.84375, 0.65625, 0.875, 0.21875, 0.40625, 0.109375, 0.1796875, 0.90625, 0.75, 0.75, 0.59375, 0.484375, 0.53125, 0.0703125, 0.6875, 0.375, 0.65625, 0.375, 0.75, 0.796875, 0.609375]","[0.421875, 0.390625, 0.46875, 0.25, 0.234375, 0.0859375, 0.1796875, 0.484375, 0.4375, 0.4375, 0.625, 0.2421875, 0.265625, 0.0703125, 0.34375, 0.1875, 0.359375, 0.375, 0.40625, 0.3984375, 0.625]","[22, 19, 81]",0.45016749782862314,0.42505395458377176
577,12308.4375,"[0.84375, 0.65625, 0.875, 0.21875, 0.40625, 0.109375, 0.2109375, 0.90625, 1.0, 0.75, 0.59375, 0.484375, 0.53125, 0.0703125, 0.6875, 0.375, 0.90625, 0.375, 0.71875, 0.796875, 0.609375]","[0.421875, 0.390625, 0.46875, 0.25, 0.234375, 0.0859375, 0.2109375, 0.484375, 0.5625, 0.4375, 0.625, 0.2421875, 0.265625, 0.0703125, 0.34375, 0.1875, 0.484375, 0.375, 0.390625, 0.3984375, 0.625]",[85],0.4679600856687968,0.42873728341338097
578,12427.5,"[0.84375, 0.65625, 0.875, 0.21875, 0.40625, 0.109375, 0.2109375, 0.90625, 1.0, 0.75, 0.71875, 0.484375, 0.53125, 0.0703125, 0.6875, 0.375, 0.90625, 0.375, 0.71875, 0.796875, 0.609375]","[0.421875, 0.390625, 0.46875, 0.25, 0.234375, 0.0859375, 0.2109375, 0.484375, 0.5625, 0.4375, 0.75, 0.2421875, 0.265625, 0.0703125, 0.34375, 0.1875, 0.484375, 0.375, 0.390625, 0.3984375, 0.625]","[90, 91]",0.4660423499412639,0.4547429339585135
579,12526.875,"[0.84375, 0.65625, 0.875, 0.21875, 0.40625, 0.078125, 0.2109375, 0.90625, 1.0, 0.75, 0.71875, 0.484375, 0.53125, 0.0703125, 0.6875, 0.375, 0.90625, 0.375, 0.71875, 0.796875, 0.640625]","[0.421875, 0.390625, 0.46875, 0.25, 0.234375, 0.0703125, 0.2109375, 0.484375, 0.5625, 0.4375, 0.75, 0.2421875, 0.265625, 0.0703125, 0.34375, 0.1875, 0.484375, 0.375, 0.390625, 0.3984375, 0.65625]","[25, 90]",0.4710010333284858,0.46392717790181154
580,12665.625,"[0.90625, 0.65625, 0.875, 0.21875, 0.40625, 0.078125, 0.2109375, 0.90625, 1.0, 0.75, 0.71875, 0.609375, 0.40625, 0.0703125, 0.6875, 0.375, 0.90625, 0.375, 0.71875, 0.796875, 0.640625]","[0.484375, 0.390625, 0.46875, 0.25, 0.234375, 0.0703125, 0.2109375, 0.484375, 0.5625, 0.4375, 0.75, 0.3046875, 0.203125, 0.0703125, 0.34375, 0.1875, 0.484375, 0.375, 0.390625, 0.3984375, 0.65625]",[1],0.4767867998957393,0.4660408507135628
581,12526.71875,"[0.90625, 0.53125, 0.875, 0.21875, 0.40625, 0.078125, 0.2109375, 0.90625, 1.0, 0.75, 0.71875, 0.609375, 0.40625, 0.0703125, 0.6875, 0.375, 0.90625, 0.375, 0.71875, 0.796875, 0.640625]","[0.484375, 0.328125, 0.46875, 0.25, 0.234375, 0.0703125, 0.2109375, 0.484375, 0.5625, 0.4375, 0.75, 0.3046875, 0.203125, 0.0703125, 0.34375, 0.1875, 0.484375, 0.375, 0.390625, 0.3984375, 0.65625]",[1],0.4812945847581855,0.4702294339790713
582,12448.046875,"[0.90625, 0.53125, 0.875, 0.21875, 0.40625, 0.078125, 0.2109375, 0.65625, 1.0, 0.75, 0.71875, 0.609375, 0.40625, 0.078125, 0.6875, 0.375, 0.90625, 0.375, 0.71875, 0.796875, 0.640625]","[0.484375, 0.328125, 0.46875, 0.25, 0.234375, 0.0703125, 0.2109375, 0.359375, 0.5625, 0.4375, 0.75, 0.3046875, 0.203125, 0.078125, 0.34375, 0.1875, 0.484375, 0.375, 0.390625, 0.3984375, 0.65625]",[34],0.4741043237959652,0.4701392642984114
583,12369.921875,"[0.90625, 0.53125, 0.875, 0.15625, 0.40625, 0.078125, 0.2109375, 0.65625, 1.0, 0.75, 0.71875, 0.609375, 0.40625, 0.078125, 0.6875, 0.375, 0.90625, 0.375, 0.71875, 0.796875, 0.578125]","[0.484375, 0.328125, 0.46875, 0.1875, 0.234375, 0.0703125, 0.2109375, 0.359375, 0.5625, 0.4375, 0.75, 0.3046875, 0.203125, 0.078125, 0.34375, 0.1875, 0.484375, 0.375, 0.390625, 0.3984375, 0.59375]","[27, 29]",0.4856382766262723,0.4716561826227087
584,12111.015625,"[0.90625, 0.53125, 0.875, 0.15625, 0.40625, 0.078125, 0.2109375, 0.65625, 1.0, 0.75, 0.71875, 0.609375, 0.40625, 0.078125, 0.6875, 0.375, 0.90625, 0.375, 0.625, 0.796875, 0.578125]","[0.484375, 0.328125, 0.46875, 0.1875, 0.234375, 0.0703125, 0.2109375, 0.359375, 0.5625, 0.4375, 0.75, 0.3046875, 0.203125, 0.078125, 0.34375, 0.1875, 0.484375, 0.375, 0.328125, 0.3984375, 0.59375]",[27],0.4862566432497525,0.4753440153392528
585,12090.234375,"[0.90625, 0.78125, 0.875, 0.15625, 0.40625, 0.078125, 0.2109375, 0.40625, 1.0, 0.625, 0.71875, 0.609375, 0.40625, 0.078125, 0.6875, 0.375, 0.65625, 0.25, 0.625, 0.796875, 0.578125]","[0.484375, 0.453125, 0.46875, 0.1875, 0.234375, 0.0703125, 0.2109375, 0.234375, 0.5625, 0.375, 0.75, 0.3046875, 0.203125, 0.078125, 0.34375, 0.1875, 0.359375, 0.25, 0.328125, 0.3984375, 0.59375]",[8],0.5026996532356914,0.49817291132667657
586,11696.484375,"[0.90625, 0.78125, 0.875, 0.15625, 0.53125, 0.078125, 0.2109375, 0.40625, 1.0, 0.625, 0.71875, 0.609375, 0.40625, 0.078125, 0.6875, 0.375, 0.65625, 0.25, 0.625, 0.796875, 0.578125]","[0.484375, 0.453125, 0.46875, 0.1875, 0.296875, 0.0703125, 0.2109375, 0.234375, 0.5625, 0.375, 0.75, 0.3046875, 0.203125, 0.078125, 0.34375, 0.1875, 0.359375, 0.25, 0.328125, 0.3984375, 0.59375]",[29],0.4943359560673286,0.4899968490950864
587,11775.234375,"[0.90625, 0.78125, 0.875, 0.15625, 0.53125, 0.078125, 0.2109375, 0.40625, 1.0, 0.625, 0.71875, 0.609375, 0.40625, 0.078125, 0.6875, 0.375, 0.78125, 0.25, 0.625, 0.796875, 0.578125]","[0.484375, 0.453125, 0.46875, 0.1875, 0.296875, 0.0703125, 0.2109375, 0.234375, 0.5625, 0.375, 0.75, 0.3046875, 0.203125, 0.078125, 0.34375, 0.1875, 0.421875, 0.25, 0.328125, 0.3984375, 0.59375]",[34],0.4960425388113258,0.48829592237367486
588,11795.078125,"[0.90625, 0.78125, 0.875, 0.15625, 0.53125, 0.078125, 0.2109375, 0.40625, 1.0, 0.625, 0.71875, 0.609375, 0.421875, 0.078125, 0.6875, 0.375, 0.78125, 0.25, 0.625, 0.734375, 0.578125]","[0.484375, 0.453125, 0.46875, 0.1875, 0.296875, 0.0703125, 0.2109375, 0.234375, 0.5625, 0.375, 0.75, 0.3046875, 0.2109375, 0.078125, 0.34375, 0.1875, 0.421875, 0.25, 0.328125, 0.3671875, 0.59375]","[30, 39]",0.49294572063165526,0.4879573739180639
589,11914.140625,"[0.90625, 0.78125, 0.875, 0.15625, 0.53125, 0.078125, 0.2109375, 0.40625, 1.0, 0.625, 0.71875, 0.609375, 0.546875, 0.078125, 0.6875, 0.375, 0.78125, 0.25, 0.625, 0.734375, 0.578125]","[0.484375, 0.453125, 0.46875, 0.1875, 0.296875, 0.0703125, 0.2109375, 0.234375, 0.5625, 0.375, 0.75, 0.3046875, 0.2734375, 0.078125, 0.34375, 0.1875, 0.421875, 0.25, 0.328125, 0.3671875, 0.59375]",[39],0.48507125007266594,0.4784830958777015
590,11894.375,"[0.90625, 0.65625, 0.875, 0.15625, 0.53125, 0.078125, 0.2109375, 0.40625, 1.0, 0.625, 0.71875, 0.609375, 0.546875, 0.078125, 0.6875, 0.375, 0.78125, 0.25, 0.625, 0.734375, 0.578125]","[0.484375, 0.390625, 0.46875, 0.1875, 0.296875, 0.0703125, 0.2109375, 0.234375, 0.5625, 0.375, 0.75, 0.3046875, 0.2734375, 0.078125, 0.34375, 0.1875, 0.421875, 0.25, 0.328125, 0.3671875, 0.59375]","[39, 55]",0.4832975758761502,0.4784893758465755
591,11815.390625,"[0.90625, 0.65625, 0.875, 0.15625, 0.53125, 0.078125, 0.2109375, 0.4375, 1.0, 0.625, 0.71875, 0.609375, 0.546875, 0.078125, 0.6875, 0.375, 0.78125, 0.25, 0.625, 0.734375, 0.578125]","[0.484375, 0.390625, 0.46875, 0.1875, 0.296875, 0.0703125, 0.2109375, 0.25, 0.5625, 0.375, 0.75, 0.3046875, 0.2734375, 0.078125, 0.34375, 0.1875, 0.421875, 0.25, 0.328125, 0.3671875, 0.59375]","[55, 79, 89, 94]",0.4807016607211,0.4761200395150947
592,12150.703125,"[0.90625, 0.65625, 0.875, 0.15625, 0.53125, 0.078125, 0.2109375, 0.4375, 1.0, 0.75, 0.71875, 0.609375, 0.609375, 0.078125, 0.6875, 0.375, 0.78125, 0.25, 0.625, 0.734375, 0.578125]","[0.484375, 0.390625, 0.46875, 0.1875, 0.296875, 0.0703125, 0.2109375, 0.25, 0.5625, 0.4375, 0.75, 0.3046875, 0.3046875, 0.078125, 0.34375, 0.1875, 0.421875, 0.25, 0.328125, 0.3671875, 0.59375]",[89],0.4791098953638091,0.4717528730024924
593,12053.203125,"[0.90625, 0.65625, 0.875, 0.15625, 0.53125, 0.078125, 0.2109375, 0.4375, 1.0, 0.75, 0.71875, 0.609375, 0.609375, 0.078125, 0.6875, 0.375, 0.78125, 0.25, 0.625, 0.734375, 0.578125]","[0.484375, 0.390625, 0.46875, 0.1875, 0.296875, 0.0703125, 0.2109375, 0.25, 0.5625, 0.4375, 0.75, 0.3046875, 0.3046875, 0.078125, 0.34375, 0.1875, 0.421875, 0.25, 0.328125, 0.3671875, 0.59375]",[89],0.4791098953638091,0.4717528730024924
594,12013.203125,"[0.90625, 0.65625, 0.875, 0.15625, 0.53125, 0.109375, 0.2109375, 0.4375, 1.0, 0.75, 0.71875, 0.609375, 0.609375, 0.078125, 0.6875, 0.375, 0.78125, 0.25, 0.625, 0.734375, 0.578125]","[0.484375, 0.390625, 0.46875, 0.1875, 0.296875, 0.1015625, 0.2109375, 0.25, 0.5625, 0.4375, 0.75, 0.3046875, 0.3046875, 0.078125, 0.34375, 0.1875, 0.421875, 0.25, 0.328125, 0.3671875, 0.59375]","[94, 102, 103]",0.473157040803484,0.46286057352161536
595,12052.578125,"[0.78125, 0.65625, 0.875, 0.15625, 0.53125, 0.109375, 0.2109375, 0.5, 1.0, 0.75, 0.71875, 0.609375, 0.609375, 0.078125, 0.6875, 0.375, 0.78125, 0.25, 0.609375, 0.734375, 0.578125]","[0.421875, 0.390625, 0.46875, 0.1875, 0.296875, 0.1015625, 0.2109375, 0.3125, 0.5625, 0.4375, 0.75, 0.3046875, 0.3046875, 0.078125, 0.34375, 0.1875, 0.421875, 0.25, 0.3203125, 0.3671875, 0.59375]","[102, 21, 92, 94, 107]",0.4622099784114518,0.45432244793466703
596,12351.328125,"[0.78125, 0.65625, 0.875, 0.15625, 0.515625, 0.109375, 0.2421875, 0.5, 1.0, 0.75, 0.71875, 0.609375, 0.609375, 0.109375, 0.6875, 0.375, 0.78125, 0.25, 0.734375, 0.734375, 0.515625]","[0.421875, 0.390625, 0.46875, 0.1875, 0.2890625, 0.1015625, 0.2421875, 0.3125, 0.5625, 0.4375, 0.75, 0.3046875, 0.3046875, 0.109375, 0.34375, 0.1875, 0.421875, 0.25, 0.3828125, 0.3671875, 0.53125]",[16],0.4548486708310589,0.42934551382523584
597,12112.734375,"[0.78125, 0.65625, 0.875, 0.15625, 0.515625, 0.109375, 0.2421875, 0.5, 1.0, 0.75, 0.71875, 0.609375, 0.609375, 0.109375, 0.6875, 0.375, 0.78125, 0.25, 0.734375, 0.734375, 0.515625]","[0.421875, 0.390625, 0.46875, 0.1875, 0.2890625, 0.1015625, 0.2421875, 0.3125, 0.5625, 0.4375, 0.75, 0.3046875, 0.3046875, 0.109375, 0.34375, 0.1875, 0.421875, 0.25, 0.3828125, 0.3671875, 0.53125]",[16],0.4548486708310589,0.42934551382523584
598,12171.640625,"[0.78125, 0.65625, 0.875, 0.15625, 0.515625, 0.109375, 0.2421875, 0.5, 1.0, 0.75, 0.71875, 0.609375, 0.609375, 0.109375, 0.6875, 0.375, 0.78125, 0.25, 0.734375, 0.734375, 0.515625]","[0.421875, 0.390625, 0.46875, 0.1875, 0.2890625, 0.1015625, 0.2421875, 0.3125, 0.5625, 0.4375, 0.75, 0.3046875, 0.3046875, 0.109375, 0.34375, 0.1875, 0.421875, 0.25, 0.3828125, 0.3671875, 0.53125]",[16],0.4548486708310589,0.42934551382523584
599,12112.734375,"[0.78125, 0.65625, 0.875, 0.15625, 0.515625, 0.109375, 0.2421875, 0.5, 1.0, 0.75, 0.59375, 0.609375, 0.609375, 0.109375, 0.6875, 0.375, 0.78125, 0.25, 0.671875, 0.734375, 0.515625]","[0.421875, 0.390625, 0.46875, 0.1875, 0.2890625, 0.1015625, 0.2421875, 0.3125, 0.5625, 0.4375, 0.625, 0.3046875, 0.3046875, 0.109375, 0.34375, 0.1875, 0.421875, 0.25, 0.3515625, 0.3671875, 0.53125]","[16, 17, 21, 75]",0.4545731113781911,0.3969088084542714
600,11993.828125,"[0.78125, 0.65625, 0.875, 0.15625, 0.515625, 0.109375, 0.25, 0.5, 1.0, 0.75, 0.59375, 0.609375, 0.609375, 0.109375, 0.6875, 0.375, 0.78125, 0.265625, 0.640625, 0.734375, 0.515625]","[0.421875, 0.390625, 0.46875, 0.1875, 0.2890625, 0.1015625, 0.25, 0.3125, 0.5625, 0.4375, 0.625, 0.3046875, 0.3046875, 0.109375, 0.34375, 0.1875, 0.421875, 0.265625, 0.3203125, 0.3671875, 0.53125]",[16],0.45129153880026934,0.39543403567036445
601,11874.6875,"[0.78125, 0.65625, 0.875, 0.15625, 0.515625, 0.109375, 0.25, 0.5, 0.96875, 0.75, 0.59375, 0.609375, 0.609375, 0.109375, 0.6875, 0.375, 0.78125, 0.265625, 0.640625, 0.734375, 0.515625]","[0.421875, 0.390625, 0.46875, 0.1875, 0.2890625, 0.1015625, 0.25, 0.3125, 0.546875, 0.4375, 0.625, 0.3046875, 0.3046875, 0.109375, 0.34375, 0.1875, 0.421875, 0.265625, 0.3203125, 0.3671875, 0.53125]",[16],0.44769141114306976,0.3928802806629997
602,11993.90625,"[0.78125, 0.65625, 0.875, 0.15625, 0.515625, 0.109375, 0.25, 0.5, 0.96875, 0.75, 0.59375, 0.609375, 0.609375, 0.109375, 0.6875, 0.375, 0.78125, 0.265625, 0.640625, 0.734375, 0.515625]","[0.421875, 0.390625, 0.46875, 0.1875, 0.2890625, 0.1015625, 0.25, 0.3125, 0.546875, 0.4375, 0.625, 0.3046875, 0.3046875, 0.109375, 0.34375, 0.1875, 0.421875, 0.265625, 0.3203125, 0.3671875, 0.53125]","[16, 21]",0.44769141114306976,0.3928802806629997
603,11933.75,"[0.78125, 0.65625, 0.875, 0.15625, 0.515625, 0.109375, 0.25, 0.5, 0.96875, 0.75, 0.59375, 0.609375, 0.609375, 0.109375, 0.6875, 0.25, 0.78125, 0.265625, 0.640625, 0.734375, 0.515625]","[0.421875, 0.390625, 0.46875, 0.1875, 0.2890625, 0.1015625, 0.25, 0.3125, 0.546875, 0.4375, 0.625, 0.3046875, 0.3046875, 0.109375, 0.34375, 0.125, 0.421875, 0.265625, 0.3203125, 0.3671875, 0.53125]","[16, 21]",0.4629014373197574,0.4081864406862516
604,11915.46875,"[0.78125, 0.65625, 0.875, 0.15625, 0.515625, 0.109375, 0.25, 0.5, 0.96875, 0.75, 0.59375, 0.609375, 0.609375, 0.140625, 0.6875, 0.25, 0.78125, 0.265625, 0.640625, 0.734375, 0.515625]","[0.421875, 0.390625, 0.46875, 0.1875, 0.2890625, 0.1015625, 0.25, 0.3125, 0.546875, 0.4375, 0.625, 0.3046875, 0.3046875, 0.140625, 0.34375, 0.125, 0.421875, 0.265625, 0.3203125, 0.3671875, 0.53125]","[21, 107]",0.4570433930030256,0.3995663015613962
605,11954.21875,"[0.90625, 0.65625, 0.875, 0.15625, 0.515625, 0.109375, 0.25, 0.5, 0.96875, 0.75, 0.59375, 0.609375, 0.609375, 0.140625, 0.6875, 0.25, 0.78125, 0.265625, 0.640625, 0.734375, 0.515625]","[0.484375, 0.390625, 0.46875, 0.1875, 0.2890625, 0.1015625, 0.25, 0.3125, 0.546875, 0.4375, 0.625, 0.3046875, 0.3046875, 0.140625, 0.34375, 0.125, 0.421875, 0.265625, 0.3203125, 0.3671875, 0.53125]",[21],0.46496294590589465,0.4030945819912451
606,12073.59375,"[0.90625, 0.65625, 0.875, 0.15625, 0.515625, 0.109375, 0.25, 0.5, 0.96875, 0.75, 0.59375, 0.609375, 0.609375, 0.109375, 0.6875, 0.25, 0.78125, 0.265625, 0.640625, 0.734375, 0.515625]","[0.484375, 0.390625, 0.46875, 0.1875, 0.2890625, 0.1015625, 0.25, 0.3125, 0.546875, 0.4375, 0.625, 0.3046875, 0.3046875, 0.109375, 0.34375, 0.125, 0.421875, 0.265625, 0.3203125, 0.3671875, 0.53125]",[16],0.47071684059880803,0.41163087966819045
607,11992.65625,"[0.90625, 0.65625, 0.875, 0.15625, 0.515625, 0.109375, 0.25, 0.75, 0.96875, 0.625, 0.59375, 0.609375, 0.609375, 0.109375, 0.6875, 0.25, 0.78125, 0.265625, 0.640625, 0.734375, 0.515625]","[0.484375, 0.390625, 0.46875, 0.1875, 0.2890625, 0.1015625, 0.25, 0.4375, 0.546875, 0.375, 0.625, 0.3046875, 0.3046875, 0.109375, 0.34375, 0.125, 0.421875, 0.265625, 0.3203125, 0.3671875, 0.53125]",[21],0.46617731445106797,0.40808233760208534
608,11953.59375,"[0.90625, 0.59375, 0.875, 0.15625, 0.515625, 0.109375, 0.25, 0.75, 0.96875, 0.625, 0.59375, 0.609375, 0.59375, 0.109375, 0.6875, 0.25, 0.78125, 0.265625, 0.640625, 0.734375, 0.515625]","[0.484375, 0.328125, 0.46875, 0.1875, 0.2890625, 0.1015625, 0.25, 0.4375, 0.546875, 0.375, 0.625, 0.3046875, 0.296875, 0.109375, 0.34375, 0.125, 0.421875, 0.265625, 0.3203125, 0.3671875, 0.53125]","[12, 21]",0.4675091306850477,0.4114317794319207
609,11894.0625,"[0.96875, 0.59375, 0.875, 0.15625, 0.515625, 0.109375, 0.25, 0.75, 0.96875, 0.625, 0.59375, 0.609375, 0.59375, 0.109375, 0.6875, 0.25, 0.78125, 0.265625, 0.640625, 0.734375, 0.515625]","[0.515625, 0.328125, 0.46875, 0.1875, 0.2890625, 0.1015625, 0.25, 0.4375, 0.546875, 0.375, 0.625, 0.3046875, 0.296875, 0.109375, 0.34375, 0.125, 0.421875, 0.265625, 0.3203125, 0.3671875, 0.53125]","[21, 34, 113, 115]",0.47304390228528953,0.4144686579312648
610,12112.03125,"[0.96875, 0.59375, 0.875, 0.21875, 0.515625, 0.109375, 0.25, 0.75, 0.96875, 0.625, 0.59375, 0.609375, 0.59375, 0.109375, 0.6875, 0.25, 0.78125, 0.265625, 0.703125, 0.734375, 0.484375]","[0.515625, 0.328125, 0.46875, 0.25, 0.2890625, 0.1015625, 0.25, 0.4375, 0.546875, 0.375, 0.625, 0.3046875, 0.296875, 0.109375, 0.34375, 0.125, 0.421875, 0.265625, 0.3515625, 0.3671875, 0.5]",[64],0.46467942054958244,0.3976542997617308
611,11973.125,"[0.96875, 0.59375, 0.875, 0.09375, 0.515625, 0.109375, 0.25, 0.75, 0.96875, 0.625, 0.59375, 0.609375, 0.59375, 0.109375, 0.6875, 0.25, 0.78125, 0.265625, 0.703125, 0.734375, 0.484375]","[0.515625, 0.328125, 0.46875, 0.125, 0.2890625, 0.1015625, 0.25, 0.4375, 0.546875, 0.375, 0.625, 0.3046875, 0.296875, 0.109375, 0.34375, 0.125, 0.421875, 0.265625, 0.3515625, 0.3671875, 0.5]","[64, 84]",0.4860283127741792,0.423936666111343
612,11933.75,"[0.96875, 0.59375, 0.875, 0.09375, 0.546875, 0.109375, 0.25, 0.75, 0.96875, 0.5625, 0.46875, 0.578125, 0.53125, 0.109375, 0.6875, 0.25, 0.78125, 0.265625, 0.703125, 0.734375, 0.484375]","[0.515625, 0.328125, 0.46875, 0.125, 0.3203125, 0.1015625, 0.25, 0.4375, 0.546875, 0.3125, 0.5, 0.2890625, 0.265625, 0.109375, 0.34375, 0.125, 0.421875, 0.265625, 0.3515625, 0.3671875, 0.5]","[54, 60, 64]",0.49529238923880764,0.40793177470830294
613,11656.09375,"[0.96875, 0.59375, 0.875, 0.09375, 0.546875, 0.109375, 0.25, 0.75, 0.9375, 0.5625, 0.46875, 0.609375, 0.53125, 0.125, 0.6875, 0.25, 0.78125, 0.265625, 0.703125, 0.609375, 0.453125]","[0.515625, 0.328125, 0.46875, 0.125, 0.3203125, 0.1015625, 0.25, 0.4375, 0.53125, 0.3125, 0.5, 0.3203125, 0.265625, 0.125, 0.34375, 0.125, 0.421875, 0.265625, 0.3515625, 0.3046875, 0.46875]","[46, 54]",0.4904167435220418,0.39780733052418654
614,11437.96875,"[0.96875, 0.59375, 0.875, 0.09375, 0.546875, 0.109375, 0.265625, 0.75, 0.9375, 0.5625, 0.46875, 0.609375, 0.53125, 0.125, 0.6875, 0.25, 0.78125, 0.265625, 0.578125, 0.609375, 0.453125]","[0.515625, 0.328125, 0.46875, 0.125, 0.3203125, 0.1015625, 0.28125, 0.4375, 0.53125, 0.3125, 0.5, 0.3203125, 0.265625, 0.125, 0.34375, 0.125, 0.421875, 0.265625, 0.2890625, 0.3046875, 0.46875]",[46],0.48893727326379216,0.3979393803907659
615,11398.75,"[0.96875, 0.59375, 0.875, 0.09375, 0.53125, 0.109375, 0.265625, 0.75, 0.9375, 0.5625, 0.46875, 0.609375, 0.53125, 0.1875, 0.6875, 0.25, 0.78125, 0.265625, 0.578125, 0.609375, 0.453125]","[0.515625, 0.328125, 0.46875, 0.125, 0.3125, 0.1015625, 0.28125, 0.4375, 0.53125, 0.3125, 0.5, 0.3203125, 0.265625, 0.1875, 0.34375, 0.125, 0.421875, 0.265625, 0.2890625, 0.3046875, 0.46875]","[0, 59]",0.4786256066607162,0.3827610341916598
616,11615.15625,"[0.96875, 0.59375, 0.875, 0.09375, 0.53125, 0.109375, 0.265625, 0.75, 0.9375, 0.5625, 0.46875, 0.609375, 0.53125, 0.1875, 0.6875, 0.25, 0.78125, 0.265625, 0.578125, 0.609375, 0.453125]","[0.515625, 0.328125, 0.46875, 0.125, 0.3125, 0.1015625, 0.28125, 0.4375, 0.53125, 0.3125, 0.5, 0.3203125, 0.265625, 0.1875, 0.34375, 0.125, 0.421875, 0.265625, 0.2890625, 0.3046875, 0.46875]",[0],0.4786256066607162,0.3827610341916598
617,11537.65625,"[0.96875, 0.59375, 0.875, 0.09375, 0.53125, 0.109375, 0.265625, 0.75, 0.9375, 0.5625, 0.46875, 0.609375, 0.53125, 0.1875, 0.6875, 0.25, 0.78125, 0.265625, 0.703125, 0.609375, 0.453125]","[0.515625, 0.328125, 0.46875, 0.125, 0.3125, 0.1015625, 0.28125, 0.4375, 0.53125, 0.3125, 0.5, 0.3203125, 0.265625, 0.1875, 0.34375, 0.125, 0.421875, 0.265625, 0.3515625, 0.3046875, 0.46875]","[59, 65, 78]",0.4780499410192487,0.3786118598473382
618,11815.9375,"[0.96875, 0.59375, 0.875, 0.21875, 0.53125, 0.109375, 0.28125, 0.75, 0.9375, 0.5625, 0.46875, 0.609375, 0.53125, 0.1875, 0.6875, 0.25, 0.78125, 0.265625, 0.703125, 0.609375, 0.484375]","[0.515625, 0.328125, 0.46875, 0.25, 0.3125, 0.1015625, 0.296875, 0.4375, 0.53125, 0.3125, 0.5, 0.3203125, 0.265625, 0.1875, 0.34375, 0.125, 0.421875, 0.265625, 0.3515625, 0.3046875, 0.5]","[94, 113]",0.45188456736821436,0.35279332315597645
619,11875.0,"[0.96875, 0.59375, 0.875, 0.21875, 0.53125, 0.109375, 0.28125, 0.75, 0.9375, 0.5625, 0.46875, 0.609375, 0.53125, 0.1875, 0.6875, 0.25, 0.78125, 0.265625, 0.703125, 0.609375, 0.484375]","[0.515625, 0.328125, 0.46875, 0.25, 0.3125, 0.1015625, 0.296875, 0.4375, 0.53125, 0.3125, 0.5, 0.3203125, 0.265625, 0.1875, 0.34375, 0.125, 0.421875, 0.265625, 0.3515625, 0.3046875, 0.5]",[94],0.45188456736821436,0.35279332315597645
620,11855.625,"[0.96875, 0.59375, 0.875, 0.21875, 0.53125, 0.109375, 0.28125, 0.75, 0.9375, 0.5625, 0.46875, 0.609375, 0.53125, 0.1796875, 0.6875, 0.25, 0.78125, 0.265625, 0.703125, 0.609375, 0.484375]","[0.515625, 0.328125, 0.46875, 0.25, 0.3125, 0.1015625, 0.296875, 0.4375, 0.53125, 0.3125, 0.5, 0.3203125, 0.265625, 0.1796875, 0.34375, 0.125, 0.421875, 0.265625, 0.3515625, 0.3046875, 0.5]",[94],0.4531967340224559,0.3546034964558207
621,11835.703125,"[0.96875, 0.59375, 0.875, 0.21875, 0.53125, 0.109375, 0.28125, 0.75, 0.9375, 0.5625, 0.46875, 0.609375, 0.53125, 0.1796875, 0.6875, 0.25, 0.78125, 0.265625, 0.734375, 0.609375, 0.484375]","[0.515625, 0.328125, 0.46875, 0.25, 0.3125, 0.1015625, 0.296875, 0.4375, 0.53125, 0.3125, 0.5, 0.3203125, 0.265625, 0.1796875, 0.34375, 0.125, 0.421875, 0.265625, 0.3828125, 0.3046875, 0.5]","[110, 113]",0.45390104336954795,0.35402545317239403
622,11895.234375,"[0.96875, 0.59375, 0.875, 0.234375, 0.53125, 0.109375, 0.2734375, 0.75, 0.9375, 0.5625, 0.46875, 0.609375, 0.53125, 0.1796875, 0.6875, 0.25, 0.78125, 0.265625, 0.734375, 0.609375, 0.484375]","[0.515625, 0.328125, 0.46875, 0.265625, 0.3125, 0.1015625, 0.2890625, 0.4375, 0.53125, 0.3125, 0.5, 0.3203125, 0.265625, 0.1796875, 0.34375, 0.125, 0.421875, 0.265625, 0.3828125, 0.3046875, 0.5]",[37],0.4525704948990551,0.35256778441130465
623,11875.46875,"[0.96875, 0.59375, 0.875, 0.234375, 0.53125, 0.109375, 0.2734375, 0.75, 0.875, 0.5625, 0.46875, 0.609375, 0.53125, 0.1796875, 0.6875, 0.25, 0.78125, 0.265625, 0.734375, 0.609375, 0.5]","[0.515625, 0.328125, 0.46875, 0.265625, 0.3125, 0.1015625, 0.2890625, 0.4375, 0.5, 0.3125, 0.5, 0.3203125, 0.265625, 0.1796875, 0.34375, 0.125, 0.421875, 0.265625, 0.3828125, 0.3046875, 0.53125]","[77, 110, 115]",0.4459944773805142,0.3525677844113046
624,11994.21875,"[0.96875, 0.59375, 0.875, 0.234375, 0.5, 0.109375, 0.2734375, 0.75, 0.875, 0.5625, 0.46875, 0.609375, 0.53125, 0.1796875, 0.6875, 0.25, 0.78125, 0.265625, 0.734375, 0.640625, 0.5]","[0.515625, 0.328125, 0.46875, 0.265625, 0.296875, 0.1015625, 0.2890625, 0.4375, 0.5, 0.3125, 0.5, 0.3203125, 0.265625, 0.1796875, 0.34375, 0.125, 0.421875, 0.265625, 0.3828125, 0.3203125, 0.53125]","[77, 80]",0.44723316020923065,0.3527091143806677
625,11954.21875,"[0.96875, 0.59375, 0.875, 0.234375, 0.5, 0.109375, 0.2734375, 0.75, 0.875, 0.6875, 0.46875, 0.609375, 0.53125, 0.1796875, 0.6875, 0.25, 0.78125, 0.265625, 0.734375, 0.640625, 0.5]","[0.515625, 0.328125, 0.46875, 0.265625, 0.296875, 0.1015625, 0.2890625, 0.4375, 0.5, 0.375, 0.5, 0.3203125, 0.265625, 0.1796875, 0.34375, 0.125, 0.421875, 0.265625, 0.3828125, 0.3203125, 0.53125]",[80],0.4459267136702525,0.3497153114883885
626,11914.84375,"[0.96875, 0.59375, 0.875, 0.234375, 0.5, 0.109375, 0.2734375, 0.75, 0.875, 0.6875, 0.46875, 0.609375, 0.53125, 0.1796875, 0.6875, 0.25, 0.78125, 0.265625, 0.734375, 0.640625, 0.5]","[0.515625, 0.328125, 0.46875, 0.265625, 0.296875, 0.1015625, 0.2890625, 0.4375, 0.5, 0.375, 0.5, 0.3203125, 0.265625, 0.1796875, 0.34375, 0.125, 0.421875, 0.265625, 0.3828125, 0.3203125, 0.53125]","[80, 110]",0.4459267136702525,0.3497153114883885
627,12112.03125,"[0.96875, 0.59375, 0.875, 0.234375, 0.5, 0.109375, 0.2734375, 0.75, 0.875, 0.6875, 0.46875, 0.609375, 0.53125, 0.1796875, 0.6875, 0.25, 0.78125, 0.296875, 0.734375, 0.640625, 0.5]","[0.515625, 0.328125, 0.46875, 0.265625, 0.296875, 0.1015625, 0.2890625, 0.4375, 0.5, 0.375, 0.5, 0.3203125, 0.265625, 0.1796875, 0.34375, 0.125, 0.421875, 0.328125, 0.3828125, 0.3203125, 0.53125]","[80, 119, 124]",0.4417453897267657,0.3432107997279538
628,12093.4375,"[0.96875, 0.59375, 0.875, 0.234375, 0.5, 0.109375, 0.2734375, 0.75, 0.875, 0.6875, 0.46875, 0.484375, 0.53125, 0.1796875, 0.6875, 0.25, 0.78125, 0.296875, 0.75, 0.640625, 0.5]","[0.515625, 0.328125, 0.46875, 0.265625, 0.296875, 0.1015625, 0.2890625, 0.4375, 0.5, 0.375, 0.5, 0.2578125, 0.265625, 0.1796875, 0.34375, 0.125, 0.421875, 0.328125, 0.390625, 0.3203125, 0.53125]",[80],0.44708149614383846,0.350272859938673
629,11855.0,"[0.96875, 0.59375, 0.875, 0.234375, 0.5, 0.109375, 0.2734375, 0.75, 0.875, 0.6875, 0.46875, 0.484375, 0.53125, 0.1796875, 0.6875, 0.25, 0.84375, 0.296875, 0.75, 0.640625, 0.5]","[0.515625, 0.328125, 0.46875, 0.265625, 0.296875, 0.1015625, 0.2890625, 0.4375, 0.5, 0.375, 0.5, 0.2578125, 0.265625, 0.1796875, 0.34375, 0.125, 0.453125, 0.328125, 0.390625, 0.3203125, 0.53125]","[119, 126]",0.4505576959916418,0.3520210499464549
630,11973.75,"[0.96875, 0.59375, 0.875, 0.234375, 0.375, 0.109375, 0.2734375, 0.75, 0.875, 0.6875, 0.46875, 0.484375, 0.53125, 0.1796875, 0.6875, 0.25, 0.84375, 0.296875, 0.75, 0.640625, 0.5]","[0.515625, 0.328125, 0.46875, 0.265625, 0.234375, 0.1015625, 0.2890625, 0.4375, 0.5, 0.375, 0.5, 0.2578125, 0.265625, 0.1796875, 0.34375, 0.125, 0.453125, 0.328125, 0.390625, 0.3203125, 0.53125]",[4],0.46025605951602344,0.3606612918147464
631,11775.625,"[0.96875, 0.59375, 0.625, 0.234375, 0.375, 0.109375, 0.2734375, 0.75, 0.8125, 0.6875, 0.34375, 0.484375, 0.53125, 0.1796875, 0.6875, 0.25, 0.84375, 0.296875, 0.75, 0.640625, 0.5]","[0.515625, 0.328125, 0.34375, 0.265625, 0.234375, 0.1015625, 0.2890625, 0.4375, 0.4375, 0.375, 0.375, 0.2578125, 0.265625, 0.1796875, 0.34375, 0.125, 0.453125, 0.328125, 0.390625, 0.3203125, 0.53125]","[4, 51, 69]",0.45667274935121754,0.3403543149492518
632,11479.0625,"[0.96875, 0.59375, 0.6875, 0.234375, 0.375, 0.109375, 0.2578125, 0.75, 0.8125, 0.6875, 0.34375, 0.484375, 0.53125, 0.1796875, 0.71875, 0.25, 0.84375, 0.296875, 0.75, 0.640625, 0.5]","[0.515625, 0.328125, 0.40625, 0.265625, 0.234375, 0.1015625, 0.2734375, 0.4375, 0.4375, 0.375, 0.375, 0.2578125, 0.265625, 0.1796875, 0.359375, 0.125, 0.453125, 0.328125, 0.390625, 0.3203125, 0.53125]",[62],0.46025363527326363,0.3422880895398231
633,11379.6875,"[0.96875, 0.59375, 0.625, 0.234375, 0.375, 0.109375, 0.2578125, 0.75, 0.8125, 0.6875, 0.34375, 0.484375, 0.53125, 0.1796875, 0.71875, 0.25, 0.84375, 0.296875, 0.75, 0.65625, 0.484375]","[0.515625, 0.328125, 0.375, 0.265625, 0.234375, 0.1015625, 0.2734375, 0.4375, 0.4375, 0.375, 0.375, 0.2578125, 0.265625, 0.1796875, 0.359375, 0.125, 0.453125, 0.328125, 0.390625, 0.328125, 0.515625]","[66, 69, 72]",0.4606499624168752,0.337869791042853
634,11557.890625,"[0.96875, 0.59375, 0.625, 0.234375, 0.375, 0.109375, 0.265625, 0.75, 0.8125, 0.6875, 0.34375, 0.484375, 0.65625, 0.1796875, 0.71875, 0.25, 0.84375, 0.296875, 0.75, 0.65625, 0.484375]","[0.515625, 0.328125, 0.375, 0.265625, 0.234375, 0.1015625, 0.28125, 0.4375, 0.4375, 0.375, 0.375, 0.2578125, 0.328125, 0.1796875, 0.359375, 0.125, 0.453125, 0.328125, 0.390625, 0.328125, 0.515625]","[66, 86, 119]",0.4575917717229475,0.33115252613890517
635,11598.203125,"[0.96875, 0.59375, 0.625, 0.234375, 0.375, 0.109375, 0.265625, 0.75, 0.8125, 0.6875, 0.34375, 0.484375, 0.65625, 0.1796875, 0.71875, 0.25, 0.84375, 0.296875, 0.78125, 0.53125, 0.453125]","[0.515625, 0.328125, 0.375, 0.265625, 0.234375, 0.1015625, 0.28125, 0.4375, 0.4375, 0.375, 0.375, 0.2578125, 0.328125, 0.1796875, 0.359375, 0.125, 0.453125, 0.328125, 0.421875, 0.265625, 0.484375]","[86, 24, 44]",0.46306480484103113,0.3331335112904753
636,11457.734375,"[0.96875, 0.59375, 0.625, 0.234375, 0.375, 0.125, 0.265625, 0.75, 0.8125, 0.6875, 0.34375, 0.484375, 0.65625, 0.1796875, 0.6875, 0.5, 0.84375, 0.296875, 0.78125, 0.53125, 0.4453125]","[0.515625, 0.328125, 0.375, 0.265625, 0.234375, 0.109375, 0.28125, 0.4375, 0.4375, 0.375, 0.375, 0.2578125, 0.328125, 0.1796875, 0.34375, 0.25, 0.453125, 0.328125, 0.421875, 0.265625, 0.4765625]","[24, 4]",0.4350429753194875,0.2990786347286172
637,11597.34375,"[0.96875, 0.59375, 0.625, 0.234375, 0.375, 0.125, 0.265625, 0.75, 0.8125, 0.6875, 0.34375, 0.484375, 0.65625, 0.1796875, 0.6875, 0.5, 0.84375, 0.296875, 0.78125, 0.53125, 0.5078125]","[0.515625, 0.328125, 0.375, 0.265625, 0.234375, 0.109375, 0.28125, 0.4375, 0.4375, 0.375, 0.375, 0.2578125, 0.328125, 0.1796875, 0.34375, 0.25, 0.453125, 0.328125, 0.421875, 0.265625, 0.5390625]",[4],0.4312416129082439,0.31110753223193316
638,11597.34375,"[0.96875, 0.34375, 0.625, 0.234375, 0.375, 0.125, 0.265625, 0.75, 0.8125, 0.6875, 0.34375, 0.5, 0.65625, 0.1796875, 0.6875, 0.5, 0.84375, 0.296875, 0.78125, 0.53125, 0.5078125]","[0.515625, 0.203125, 0.375, 0.265625, 0.234375, 0.109375, 0.28125, 0.4375, 0.4375, 0.375, 0.375, 0.265625, 0.328125, 0.1796875, 0.34375, 0.25, 0.453125, 0.328125, 0.421875, 0.265625, 0.5390625]",[27],0.4461765202799587,0.327222793204194
639,11518.59375,"[0.96875, 0.34375, 0.625, 0.234375, 0.375, 0.125, 0.265625, 0.75, 0.8125, 0.6875, 0.34375, 0.484375, 0.65625, 0.1796875, 0.6875, 0.5, 0.84375, 0.296875, 0.78125, 0.53125, 0.5078125]","[0.515625, 0.203125, 0.375, 0.265625, 0.234375, 0.109375, 0.28125, 0.4375, 0.4375, 0.375, 0.375, 0.2578125, 0.328125, 0.1796875, 0.34375, 0.25, 0.453125, 0.328125, 0.421875, 0.265625, 0.5390625]",[27],0.44700442954580927,0.32831573104312967
640,11439.6875,"[0.96875, 0.34375, 0.625, 0.234375, 0.375, 0.125, 0.265625, 0.75, 0.84375, 0.6875, 0.34375, 0.484375, 0.65625, 0.1796875, 0.6875, 0.5, 0.84375, 0.296875, 0.78125, 0.53125, 0.4453125]","[0.515625, 0.203125, 0.375, 0.265625, 0.234375, 0.109375, 0.28125, 0.4375, 0.453125, 0.375, 0.375, 0.2578125, 0.328125, 0.1796875, 0.34375, 0.25, 0.453125, 0.328125, 0.421875, 0.265625, 0.4765625]","[32, 48, 66, 101]",0.45309559088965834,0.31804950130791143
641,11616.40625,"[0.96875, 0.34375, 0.625, 0.234375, 0.375, 0.125, 0.265625, 0.75, 0.84375, 0.6875, 0.34375, 0.484375, 0.65625, 0.1796875, 0.9375, 0.5, 0.84375, 0.296875, 0.78125, 0.65625, 0.4453125]","[0.515625, 0.203125, 0.375, 0.265625, 0.234375, 0.109375, 0.28125, 0.4375, 0.453125, 0.375, 0.375, 0.2578125, 0.328125, 0.1796875, 0.46875, 0.25, 0.453125, 0.328125, 0.421875, 0.328125, 0.4765625]","[48, 66, 126, 129]",0.4663109168609098,0.3184185504969697
642,11834.0625,"[0.96875, 0.34375, 0.625, 0.234375, 0.375, 0.125, 0.265625, 0.75, 0.96875, 0.6875, 0.34375, 0.484375, 0.65625, 0.1796875, 0.9375, 0.5, 0.84375, 0.296875, 0.8125, 0.6875, 0.4453125]","[0.515625, 0.203125, 0.375, 0.265625, 0.234375, 0.109375, 0.28125, 0.4375, 0.515625, 0.375, 0.375, 0.2578125, 0.328125, 0.1796875, 0.46875, 0.25, 0.453125, 0.328125, 0.4375, 0.34375, 0.4765625]","[129, 134, 135]",0.4779693857710232,0.3271903453126421
643,11953.125,"[0.96875, 0.34375, 0.625, 0.234375, 0.40625, 0.125, 0.265625, 0.75, 0.96875, 0.6875, 0.34375, 0.484375, 0.65625, 0.1796875, 0.9375, 0.5, 0.84375, 0.296875, 0.8125, 0.6875, 0.4453125]","[0.515625, 0.203125, 0.375, 0.265625, 0.25, 0.109375, 0.28125, 0.4375, 0.515625, 0.375, 0.375, 0.2578125, 0.328125, 0.1796875, 0.46875, 0.25, 0.453125, 0.328125, 0.4375, 0.34375, 0.4765625]",[129],0.4750350800163762,0.32452246199894297
644,11874.0625,"[0.96875, 0.34375, 0.625, 0.234375, 0.40625, 0.125, 0.265625, 0.75, 0.96875, 0.6875, 0.34375, 0.484375, 0.65625, 0.1796875, 0.9375, 0.5, 0.84375, 0.296875, 0.8125, 0.6875, 0.4453125]","[0.515625, 0.203125, 0.375, 0.265625, 0.25, 0.109375, 0.28125, 0.4375, 0.515625, 0.375, 0.375, 0.2578125, 0.328125, 0.1796875, 0.46875, 0.25, 0.453125, 0.328125, 0.4375, 0.34375, 0.4765625]",[129],0.4750350800163762,0.32452246199894297
645,11874.0625,"[0.96875, 0.34375, 0.625, 0.234375, 0.40625, 0.125, 0.265625, 0.75, 0.96875, 0.6875, 0.34375, 0.484375, 0.65625, 0.1796875, 0.9375, 0.5, 0.84375, 0.296875, 0.8125, 0.6875, 0.4453125]","[0.515625, 0.203125, 0.375, 0.265625, 0.25, 0.109375, 0.28125, 0.4375, 0.515625, 0.375, 0.375, 0.2578125, 0.328125, 0.1796875, 0.46875, 0.25, 0.453125, 0.328125, 0.4375, 0.34375, 0.4765625]",[129],0.4750350800163762,0.32452246199894297
646,11834.0625,"[0.96875, 0.34375, 0.625, 0.234375, 0.40625, 0.125, 0.265625, 0.6875, 0.96875, 0.6875, 0.34375, 0.484375, 0.65625, 0.1796875, 0.9375, 0.5, 0.84375, 0.296875, 0.8125, 0.65625, 0.4453125]","[0.515625, 0.203125, 0.375, 0.265625, 0.25, 0.109375, 0.28125, 0.40625, 0.515625, 0.375, 0.375, 0.2578125, 0.328125, 0.1796875, 0.46875, 0.25, 0.453125, 0.328125, 0.4375, 0.328125, 0.4765625]","[7, 106]",0.4740566925899811,0.3236917168900155
647,11754.6875,"[0.96875, 0.34375, 0.625, 0.234375, 0.40625, 0.125, 0.265625, 0.71875, 0.96875, 0.625, 0.34375, 0.484375, 0.65625, 0.1796875, 0.9375, 0.5, 0.84375, 0.296875, 0.8125, 0.65625, 0.4453125]","[0.515625, 0.203125, 0.375, 0.265625, 0.25, 0.109375, 0.28125, 0.421875, 0.515625, 0.3125, 0.375, 0.2578125, 0.328125, 0.1796875, 0.46875, 0.25, 0.453125, 0.328125, 0.4375, 0.328125, 0.4765625]","[26, 106]",0.47467615801219576,0.3270317333369905
648,11735.0,"[0.96875, 0.34375, 0.625, 0.234375, 0.390625, 0.125, 0.265625, 0.71875, 0.96875, 0.625, 0.34375, 0.484375, 0.65625, 0.1796875, 0.9375, 0.5, 0.84375, 0.296875, 0.8125, 0.65625, 0.4453125]","[0.515625, 0.203125, 0.375, 0.265625, 0.2421875, 0.109375, 0.28125, 0.421875, 0.515625, 0.3125, 0.375, 0.2578125, 0.328125, 0.1796875, 0.46875, 0.25, 0.453125, 0.328125, 0.4375, 0.328125, 0.4765625]","[106, 26, 36, 129, 135, 138]",0.4760965519079774,0.3283107875512622
649,12012.1875,"[0.96875, 0.34375, 0.6875, 0.265625, 0.359375, 0.265625, 0.265625, 0.71875, 0.96875, 0.6875, 0.34375, 0.484375, 0.65625, 0.1796875, 0.9375, 0.5, 0.84375, 0.296875, 0.8125, 0.65625, 0.4453125]","[0.515625, 0.203125, 0.40625, 0.296875, 0.2109375, 0.1796875, 0.28125, 0.421875, 0.515625, 0.375, 0.375, 0.2578125, 0.328125, 0.1796875, 0.46875, 0.25, 0.453125, 0.328125, 0.4375, 0.328125, 0.4765625]",[84],0.4516748376852197,0.30740626116314135
650,11972.96875,"[0.96875, 0.34375, 0.6875, 0.265625, 0.359375, 0.265625, 0.265625, 0.71875, 0.96875, 0.6875, 0.34375, 0.484375, 0.65625, 0.1796875, 0.9375, 0.5, 0.84375, 0.296875, 0.8125, 0.65625, 0.4453125]","[0.515625, 0.203125, 0.40625, 0.296875, 0.2109375, 0.1796875, 0.28125, 0.421875, 0.515625, 0.375, 0.375, 0.2578125, 0.328125, 0.1796875, 0.46875, 0.25, 0.453125, 0.328125, 0.4375, 0.328125, 0.4765625]",[84],0.4516748376852197,0.30740626116314135
651,11972.5,"[0.96875, 0.34375, 0.6875, 0.265625, 0.359375, 0.265625, 0.265625, 0.71875, 0.96875, 0.6875, 0.34375, 0.484375, 0.65625, 0.1796875, 0.9375, 0.5, 0.84375, 0.296875, 0.8125, 0.65625, 0.4453125]","[0.515625, 0.203125, 0.40625, 0.296875, 0.2109375, 0.1796875, 0.28125, 0.421875, 0.515625, 0.375, 0.375, 0.2578125, 0.328125, 0.1796875, 0.46875, 0.25, 0.453125, 0.328125, 0.4375, 0.328125, 0.4765625]","[84, 138, 139]",0.4516748376852197,0.30740626116314135
652,12092.03125,"[0.96875, 0.34375, 0.6875, 0.265625, 0.359375, 0.265625, 0.265625, 0.71875, 0.96875, 0.6875, 0.34375, 0.484375, 0.65625, 0.1796875, 0.9375, 0.5, 0.84375, 0.296875, 0.8125, 0.65625, 0.4453125]","[0.515625, 0.203125, 0.40625, 0.296875, 0.2109375, 0.1796875, 0.28125, 0.421875, 0.515625, 0.375, 0.375, 0.2578125, 0.328125, 0.1796875, 0.46875, 0.25, 0.453125, 0.328125, 0.4375, 0.328125, 0.4765625]",[84],0.4516748376852197,0.30740626116314135
653,12091.875,"[0.96875, 0.34375, 0.6875, 0.265625, 0.484375, 0.265625, 0.265625, 0.71875, 0.96875, 0.6875, 0.34375, 0.484375, 0.65625, 0.1796875, 0.9375, 0.5, 0.84375, 0.234375, 0.8125, 0.65625, 0.4453125]","[0.515625, 0.203125, 0.40625, 0.296875, 0.2734375, 0.1796875, 0.28125, 0.421875, 0.515625, 0.375, 0.375, 0.2578125, 0.328125, 0.1796875, 0.46875, 0.25, 0.453125, 0.265625, 0.4375, 0.328125, 0.4765625]","[138, 139, 140]",0.4496971986241743,0.3029796689502737
654,12091.25,"[0.96875, 0.34375, 0.6875, 0.234375, 0.484375, 0.265625, 0.265625, 0.71875, 0.96875, 0.6875, 0.34375, 0.484375, 0.65625, 0.1796875, 0.9375, 0.5625, 0.90625, 0.234375, 0.8125, 0.65625, 0.4453125]","[0.515625, 0.203125, 0.40625, 0.234375, 0.2734375, 0.1796875, 0.28125, 0.421875, 0.515625, 0.375, 0.375, 0.2578125, 0.328125, 0.1796875, 0.46875, 0.3125, 0.515625, 0.265625, 0.4375, 0.328125, 0.4765625]","[120, 139]",0.4552435746824623,0.31240466297161656
655,12171.09375,"[0.96875, 0.34375, 0.6875, 0.234375, 0.484375, 0.265625, 0.265625, 0.71875, 0.96875, 0.6875, 0.34375, 0.484375, 0.65625, 0.2109375, 0.9375, 0.5625, 0.90625, 0.234375, 0.8125, 0.65625, 0.4453125]","[0.515625, 0.203125, 0.40625, 0.234375, 0.2734375, 0.1796875, 0.28125, 0.421875, 0.515625, 0.375, 0.375, 0.2578125, 0.328125, 0.2109375, 0.46875, 0.3125, 0.515625, 0.265625, 0.4375, 0.328125, 0.4765625]","[120, 144]",0.45024327834548605,0.30500431276526
656,12289.375,"[0.96875, 0.34375, 0.6875, 0.234375, 0.484375, 0.265625, 0.265625, 0.84375, 0.96875, 0.6875, 0.34375, 0.484375, 0.65625, 0.2109375, 0.9375, 0.5625, 0.90625, 0.234375, 0.8125, 0.71875, 0.4453125]","[0.515625, 0.203125, 0.40625, 0.234375, 0.2734375, 0.1796875, 0.28125, 0.484375, 0.515625, 0.375, 0.375, 0.2578125, 0.328125, 0.2109375, 0.46875, 0.3125, 0.515625, 0.265625, 0.4375, 0.359375, 0.4765625]","[145, 146, 147]",0.4541046936340533,0.30844440984402166
657,12427.8125,"[0.96875, 0.34375, 0.6875, 0.234375, 0.484375, 0.265625, 0.265625, 0.875, 0.96875, 0.6875, 0.34375, 0.484375, 0.59375, 0.2109375, 1.0, 0.5625, 0.90625, 0.234375, 0.8125, 0.78125, 0.4453125]","[0.515625, 0.203125, 0.40625, 0.234375, 0.2734375, 0.1796875, 0.28125, 0.5, 0.515625, 0.375, 0.375, 0.2578125, 0.296875, 0.2109375, 0.5, 0.3125, 0.515625, 0.265625, 0.4375, 0.390625, 0.4765625]",[74],0.4634001429023248,0.31610344907079935
658,12368.28125,"[0.96875, 0.34375, 0.6875, 0.234375, 0.484375, 0.265625, 0.265625, 0.875, 0.96875, 0.6875, 0.34375, 0.484375, 0.59375, 0.2109375, 1.0, 0.5625, 0.65625, 0.25, 0.8125, 0.765625, 0.4453125]","[0.515625, 0.203125, 0.40625, 0.234375, 0.2734375, 0.1796875, 0.28125, 0.5, 0.515625, 0.375, 0.375, 0.2578125, 0.296875, 0.2109375, 0.5, 0.3125, 0.390625, 0.28125, 0.4375, 0.3828125, 0.4765625]",[62],0.4538301759362459,0.3042915286391296
659,12210.625,"[0.96875, 0.34375, 0.6875, 0.234375, 0.484375, 0.265625, 0.265625, 0.875, 0.96875, 0.6875, 0.34375, 0.484375, 0.59375, 0.2109375, 1.0, 0.5625, 0.65625, 0.25, 0.75, 0.765625, 0.4453125]","[0.515625, 0.203125, 0.40625, 0.234375, 0.2734375, 0.1796875, 0.28125, 0.5, 0.515625, 0.375, 0.375, 0.2578125, 0.296875, 0.2109375, 0.5, 0.3125, 0.390625, 0.28125, 0.40625, 0.3828125, 0.4765625]","[21, 62, 143]",0.451778108498761,0.3028067911118648
660,12349.375,"[0.96875, 0.34375, 0.6875, 0.171875, 0.484375, 0.265625, 0.265625, 0.875, 0.96875, 0.6875, 0.34375, 0.484375, 0.59375, 0.2109375, 1.0, 0.5625, 0.65625, 0.15625, 0.75, 0.765625, 0.4453125]","[0.515625, 0.203125, 0.40625, 0.171875, 0.2734375, 0.1796875, 0.28125, 0.5, 0.515625, 0.375, 0.375, 0.2578125, 0.296875, 0.2109375, 0.5, 0.3125, 0.390625, 0.1875, 0.40625, 0.3828125, 0.4765625]",[13],0.4761883080236716,0.3339476825834743
661,11991.875,"[0.96875, 0.34375, 0.6875, 0.171875, 0.484375, 0.265625, 0.265625, 0.875, 0.96875, 0.6875, 0.34375, 0.484375, 0.46875, 0.2109375, 1.0, 0.3125, 0.65625, 0.15625, 0.75, 0.765625, 0.4453125]","[0.515625, 0.203125, 0.40625, 0.171875, 0.2734375, 0.1796875, 0.28125, 0.5, 0.515625, 0.375, 0.375, 0.2578125, 0.234375, 0.2109375, 0.5, 0.1875, 0.390625, 0.1875, 0.40625, 0.3828125, 0.4765625]",[13],0.5017416098159139,0.3618573486067966
662,11596.875,"[0.96875, 0.34375, 0.6875, 0.171875, 0.484375, 0.265625, 0.265625, 0.875, 0.96875, 0.6875, 0.34375, 0.484375, 0.46875, 0.2109375, 0.75, 0.3125, 0.65625, 0.15625, 0.75, 0.765625, 0.4453125]","[0.515625, 0.203125, 0.40625, 0.171875, 0.2734375, 0.1796875, 0.28125, 0.5, 0.515625, 0.375, 0.375, 0.2578125, 0.234375, 0.2109375, 0.375, 0.1875, 0.390625, 0.1875, 0.40625, 0.3828125, 0.4765625]","[13, 21, 30, 34]",0.4836173454883778,0.3522697814096059
663,11737.03125,"[0.96875, 0.34375, 0.6875, 0.171875, 0.609375, 0.265625, 0.265625, 0.875, 0.96875, 0.6875, 0.34375, 0.5, 0.46875, 0.2109375, 0.75, 0.3125, 0.65625, 0.15625, 0.75, 0.765625, 0.4453125]","[0.515625, 0.203125, 0.40625, 0.171875, 0.3359375, 0.1796875, 0.28125, 0.5, 0.515625, 0.375, 0.375, 0.265625, 0.234375, 0.2109375, 0.375, 0.1875, 0.390625, 0.1875, 0.40625, 0.3828125, 0.4765625]","[13, 21, 62]",0.4780720009865149,0.3460445675701361
664,11677.265625,"[0.96875, 0.34375, 0.6875, 0.140625, 0.609375, 0.265625, 0.265625, 0.875, 0.96875, 0.6875, 0.34375, 0.5, 0.46875, 0.21875, 0.75, 0.3125, 0.65625, 0.15625, 0.75, 0.765625, 0.4453125]","[0.515625, 0.203125, 0.40625, 0.140625, 0.3359375, 0.1796875, 0.28125, 0.5, 0.515625, 0.375, 0.375, 0.265625, 0.234375, 0.21875, 0.375, 0.1875, 0.390625, 0.1875, 0.40625, 0.3828125, 0.4765625]","[13, 21]",0.4823200356554097,0.35288054809966196
665,11637.890625,"[0.96875, 0.34375, 0.625, 0.140625, 0.609375, 0.265625, 0.265625, 0.875, 0.96875, 0.6875, 0.34375, 0.5, 0.46875, 0.21875, 0.75, 0.3125, 0.65625, 0.15625, 0.75, 0.765625, 0.4453125]","[0.515625, 0.203125, 0.375, 0.140625, 0.3359375, 0.1796875, 0.28125, 0.5, 0.515625, 0.375, 0.375, 0.265625, 0.234375, 0.21875, 0.375, 0.1875, 0.390625, 0.1875, 0.40625, 0.3828125, 0.4765625]","[21, 13, 26]",0.4822788057392053,0.3521372343992515
666,11677.578125,"[0.96875, 0.34375, 0.625, 0.140625, 0.609375, 0.265625, 0.265625, 0.9375, 0.96875, 0.6875, 0.34375, 0.53125, 0.5, 0.21875, 0.75, 0.3125, 0.65625, 0.15625, 0.75, 0.765625, 0.4453125]","[0.515625, 0.203125, 0.375, 0.140625, 0.3359375, 0.1796875, 0.28125, 0.5625, 0.515625, 0.375, 0.375, 0.28125, 0.265625, 0.21875, 0.375, 0.1875, 0.390625, 0.1875, 0.40625, 0.3828125, 0.4765625]",[76],0.48429584067726317,0.3574601764921203
667,11677.578125,"[0.96875, 0.34375, 0.625, 0.140625, 0.609375, 0.140625, 0.265625, 0.9375, 0.96875, 0.6875, 0.34375, 0.53125, 0.5, 0.21875, 0.75, 0.3125, 0.65625, 0.15625, 0.75, 0.765625, 0.4453125]","[0.515625, 0.203125, 0.375, 0.140625, 0.3359375, 0.1171875, 0.28125, 0.5625, 0.515625, 0.375, 0.375, 0.28125, 0.265625, 0.21875, 0.375, 0.1875, 0.390625, 0.1875, 0.40625, 0.3828125, 0.4765625]","[76, 106, 121]",0.5038175360872529,0.3742648823704847
668,11776.796875,"[0.96875, 0.34375, 0.625, 0.140625, 0.609375, 0.140625, 0.265625, 0.9375, 0.96875, 0.6875, 0.34375, 0.53125, 0.5, 0.21875, 0.75, 0.3125, 0.65625, 0.15625, 0.8125, 0.765625, 0.4453125]","[0.515625, 0.203125, 0.375, 0.140625, 0.3359375, 0.1171875, 0.28125, 0.5625, 0.515625, 0.375, 0.375, 0.28125, 0.265625, 0.21875, 0.375, 0.1875, 0.390625, 0.1875, 0.4375, 0.3828125, 0.4765625]",[76],0.5062216650198391,0.3757897190536598
669,11637.578125,"[0.96875, 0.40625, 0.625, 0.140625, 0.609375, 0.140625, 0.265625, 0.9375, 0.96875, 0.6875, 0.34375, 0.53125, 0.5, 0.21875, 0.75, 0.3125, 0.65625, 0.15625, 0.8125, 0.765625, 0.4453125]","[0.515625, 0.265625, 0.375, 0.140625, 0.3359375, 0.1171875, 0.28125, 0.5625, 0.515625, 0.375, 0.375, 0.28125, 0.265625, 0.21875, 0.375, 0.1875, 0.390625, 0.1875, 0.4375, 0.3828125, 0.4765625]",[106],0.5001196300057862,0.3652989189419039
670,11716.328125,"[0.96875, 0.40625, 0.625, 0.140625, 0.609375, 0.140625, 0.234375, 0.9375, 0.96875, 0.6875, 0.34375, 0.53125, 0.5, 0.21875, 0.75, 0.3125, 0.65625, 0.15625, 0.8125, 0.765625, 0.4453125]","[0.515625, 0.265625, 0.375, 0.140625, 0.3359375, 0.1171875, 0.25, 0.5625, 0.515625, 0.375, 0.375, 0.28125, 0.265625, 0.21875, 0.375, 0.1875, 0.390625, 0.1875, 0.4375, 0.3828125, 0.4765625]",[106],0.504468011716209,0.36944402673326426
671,11597.265625,"[0.96875, 0.46875, 0.625, 0.140625, 0.609375, 0.140625, 0.234375, 0.9375, 0.96875, 0.6875, 0.34375, 0.46875, 0.5, 0.21875, 0.75, 0.3125, 0.65625, 0.15625, 0.8125, 0.765625, 0.4453125]","[0.515625, 0.296875, 0.375, 0.140625, 0.3359375, 0.1171875, 0.25, 0.5625, 0.515625, 0.375, 0.375, 0.25, 0.265625, 0.21875, 0.375, 0.1875, 0.390625, 0.1875, 0.4375, 0.3828125, 0.4765625]",[116],0.5031725642235172,0.370005004971154
672,11676.640625,"[0.96875, 0.46875, 0.625, 0.265625, 0.609375, 0.140625, 0.234375, 0.9375, 0.96875, 0.6875, 0.34375, 0.46875, 0.5, 0.21875, 0.75, 0.3125, 0.65625, 0.15625, 0.8125, 0.765625, 0.4453125]","[0.515625, 0.296875, 0.375, 0.265625, 0.3359375, 0.1171875, 0.25, 0.5625, 0.515625, 0.375, 0.375, 0.25, 0.265625, 0.21875, 0.375, 0.1875, 0.390625, 0.1875, 0.4375, 0.3828125, 0.4765625]","[125, 135]",0.4837316188690029,0.34403026036292844
673,11716.40625,"[0.96875, 0.46875, 0.625, 0.265625, 0.625, 0.140625, 0.234375, 0.9375, 0.96875, 0.6875, 0.34375, 0.46875, 0.5, 0.21875, 0.75, 0.3125, 0.65625, 0.15625, 0.8125, 0.765625, 0.4375]","[0.515625, 0.296875, 0.375, 0.265625, 0.34375, 0.1171875, 0.25, 0.5625, 0.515625, 0.375, 0.375, 0.25, 0.265625, 0.21875, 0.375, 0.1875, 0.390625, 0.1875, 0.4375, 0.3828125, 0.46875]","[43, 135, 150]",0.4840652326087641,0.3427912830463687
674,11914.375,"[0.96875, 0.46875, 0.625, 0.265625, 0.625, 0.140625, 0.234375, 0.9375, 0.96875, 0.6875, 0.34375, 0.59375, 0.5, 0.21875, 0.8125, 0.3125, 0.65625, 0.15625, 0.8125, 0.765625, 0.4375]","[0.515625, 0.296875, 0.375, 0.265625, 0.34375, 0.1171875, 0.25, 0.5625, 0.515625, 0.375, 0.375, 0.3125, 0.265625, 0.21875, 0.40625, 0.1875, 0.390625, 0.1875, 0.4375, 0.3828125, 0.46875]",[150],0.48052379965965314,0.3355465719273906
675,11894.375,"[0.96875, 0.46875, 0.625, 0.265625, 0.625, 0.140625, 0.234375, 0.9375, 0.96875, 0.6875, 0.34375, 0.59375, 0.5, 0.21875, 0.8125, 0.3125, 0.65625, 0.15625, 0.8125, 0.765625, 0.4375]","[0.515625, 0.296875, 0.375, 0.265625, 0.34375, 0.1171875, 0.25, 0.5625, 0.515625, 0.375, 0.375, 0.3125, 0.265625, 0.21875, 0.40625, 0.1875, 0.390625, 0.1875, 0.4375, 0.3828125, 0.46875]","[150, 151]",0.48052379965965314,0.3355465719273906
676,11933.90625,"[0.71875, 0.53125, 0.625, 0.265625, 0.625, 0.140625, 0.234375, 0.9375, 0.96875, 0.6875, 0.34375, 0.59375, 0.5, 0.21875, 0.6875, 0.3125, 0.65625, 0.15625, 0.8125, 0.765625, 0.4375]","[0.390625, 0.328125, 0.375, 0.265625, 0.34375, 0.1171875, 0.25, 0.5625, 0.515625, 0.375, 0.375, 0.3125, 0.265625, 0.21875, 0.34375, 0.1875, 0.390625, 0.1875, 0.4375, 0.3828125, 0.46875]",[142],0.45736770477490346,0.3216500147305589
677,11717.1875,"[0.71875, 0.53125, 0.6875, 0.265625, 0.625, 0.140625, 0.234375, 0.9375, 0.96875, 0.6875, 0.34375, 0.59375, 0.5, 0.21875, 0.6875, 0.3125, 0.65625, 0.15625, 0.8125, 0.765625, 0.4375]","[0.390625, 0.328125, 0.4375, 0.265625, 0.34375, 0.1171875, 0.25, 0.5625, 0.515625, 0.375, 0.375, 0.3125, 0.265625, 0.21875, 0.34375, 0.1875, 0.390625, 0.1875, 0.4375, 0.3828125, 0.46875]",[151],0.45755870116245917,0.3241788284516863
678,11756.5625,"[0.71875, 0.46875, 0.6875, 0.265625, 0.625, 0.140625, 0.234375, 0.8125, 0.96875, 0.6875, 0.34375, 0.59375, 0.5, 0.21875, 0.6875, 0.3125, 0.40625, 0.15625, 0.8125, 0.765625, 0.4375]","[0.390625, 0.296875, 0.4375, 0.265625, 0.34375, 0.1171875, 0.25, 0.5, 0.515625, 0.375, 0.375, 0.3125, 0.265625, 0.21875, 0.34375, 0.1875, 0.265625, 0.1875, 0.4375, 0.3828125, 0.46875]",[22],0.45961578259226804,0.3202992536397055
679,11480.9375,"[0.71875, 0.46875, 0.6875, 0.265625, 0.625, 0.140625, 0.234375, 0.75, 0.71875, 0.6875, 0.34375, 0.59375, 0.5, 0.21875, 0.6875, 0.3125, 0.46875, 0.15625, 0.8125, 0.765625, 0.4375]","[0.390625, 0.296875, 0.4375, 0.265625, 0.34375, 0.1171875, 0.25, 0.4375, 0.390625, 0.375, 0.375, 0.3125, 0.265625, 0.21875, 0.34375, 0.1875, 0.296875, 0.1875, 0.4375, 0.3828125, 0.46875]","[19, 57]",0.42674079811268734,0.2890075182795766
680,11600.3125,"[0.71875, 0.46875, 0.6875, 0.265625, 0.625, 0.140625, 0.234375, 0.75, 0.96875, 0.6875, 0.46875, 0.59375, 0.5, 0.21875, 0.6875, 0.3125, 0.4375, 0.15625, 0.8125, 0.765625, 0.4375]","[0.390625, 0.296875, 0.4375, 0.265625, 0.34375, 0.1171875, 0.25, 0.4375, 0.515625, 0.375, 0.5, 0.3125, 0.265625, 0.21875, 0.34375, 0.1875, 0.28125, 0.1875, 0.4375, 0.3828125, 0.46875]","[67, 103]",0.44258978104528607,0.3216894615958639
681,11757.8125,"[0.71875, 0.46875, 0.625, 0.265625, 0.625, 0.140625, 0.234375, 0.75, 0.96875, 0.6875, 0.46875, 0.59375, 0.5, 0.21875, 0.6875, 0.5625, 0.4375, 0.15625, 0.6875, 0.765625, 0.4375]","[0.390625, 0.296875, 0.375, 0.265625, 0.34375, 0.1171875, 0.25, 0.4375, 0.515625, 0.375, 0.5, 0.3125, 0.265625, 0.21875, 0.34375, 0.3125, 0.28125, 0.1875, 0.375, 0.3828125, 0.46875]","[52, 103]",0.4165590425742949,0.2946481388142775
682,11639.375,"[0.71875, 0.46875, 0.625, 0.265625, 0.625, 0.140625, 0.234375, 0.71875, 0.96875, 0.6875, 0.46875, 0.59375, 0.5, 0.21875, 0.6875, 0.5625, 0.4375, 0.15625, 0.6875, 0.703125, 0.4375]","[0.390625, 0.296875, 0.375, 0.265625, 0.34375, 0.1171875, 0.25, 0.421875, 0.515625, 0.375, 0.5, 0.3125, 0.265625, 0.21875, 0.34375, 0.3125, 0.28125, 0.1875, 0.375, 0.3515625, 0.46875]",[39],0.4116711758610693,0.2928434813870416
683,11460.78125,"[0.71875, 0.46875, 0.625, 0.28125, 0.625, 0.140625, 0.234375, 0.71875, 0.96875, 0.6875, 0.46875, 0.59375, 0.5, 0.21875, 0.6875, 0.5625, 0.4375, 0.140625, 0.6875, 0.703125, 0.4375]","[0.390625, 0.296875, 0.375, 0.28125, 0.34375, 0.1171875, 0.25, 0.421875, 0.515625, 0.375, 0.5, 0.3125, 0.265625, 0.21875, 0.34375, 0.3125, 0.28125, 0.171875, 0.375, 0.3515625, 0.46875]","[52, 74, 103]",0.41250794725084056,0.2949985949235304
684,11519.84375,"[0.71875, 0.46875, 0.625, 0.28125, 0.625, 0.140625, 0.234375, 0.71875, 0.96875, 0.6875, 0.46875, 0.46875, 0.5, 0.21875, 0.6875, 0.59375, 0.4375, 0.140625, 0.6875, 0.703125, 0.4375]","[0.390625, 0.296875, 0.375, 0.28125, 0.34375, 0.1171875, 0.25, 0.421875, 0.515625, 0.375, 0.5, 0.25, 0.265625, 0.21875, 0.34375, 0.328125, 0.28125, 0.171875, 0.375, 0.3515625, 0.46875]",[43],0.416144827864886,0.30128887274621863
685,11380.625,"[0.71875, 0.46875, 0.625, 0.28125, 0.5, 0.140625, 0.234375, 0.71875, 0.96875, 0.8125, 0.46875, 0.46875, 0.5, 0.21875, 0.6875, 0.59375, 0.4375, 0.140625, 0.6875, 0.703125, 0.4375]","[0.390625, 0.296875, 0.375, 0.28125, 0.28125, 0.1171875, 0.25, 0.421875, 0.515625, 0.4375, 0.5, 0.25, 0.265625, 0.21875, 0.34375, 0.328125, 0.28125, 0.171875, 0.375, 0.3515625, 0.46875]",[8],0.42614134382812846,0.3096955226437138
686,11261.25,"[0.71875, 0.46875, 0.6875, 0.28125, 0.5, 0.140625, 0.21875, 0.71875, 0.96875, 0.8125, 0.46875, 0.46875, 0.5, 0.21875, 0.6875, 0.59375, 0.4375, 0.140625, 0.6875, 0.546875, 0.4375]","[0.390625, 0.296875, 0.4375, 0.28125, 0.28125, 0.1171875, 0.234375, 0.421875, 0.515625, 0.4375, 0.5, 0.25, 0.265625, 0.21875, 0.34375, 0.328125, 0.28125, 0.171875, 0.375, 0.2734375, 0.46875]","[48, 65, 74]",0.4287250992416981,0.3215440289824024
687,11300.78125,"[0.71875, 0.46875, 0.6875, 0.28125, 0.5, 0.140625, 0.21875, 0.71875, 0.96875, 0.6875, 0.46875, 0.53125, 0.5, 0.21875, 0.6875, 0.53125, 0.4375, 0.140625, 0.65625, 0.546875, 0.4375]","[0.390625, 0.296875, 0.4375, 0.28125, 0.28125, 0.1171875, 0.234375, 0.421875, 0.515625, 0.375, 0.5, 0.28125, 0.265625, 0.21875, 0.34375, 0.265625, 0.28125, 0.171875, 0.359375, 0.2734375, 0.46875]","[43, 48, 65]",0.41754130423317487,0.31855203287886286
688,11182.34375,"[0.78125, 0.46875, 0.6875, 0.40625, 0.5, 0.140625, 0.21875, 0.65625, 0.96875, 0.6875, 0.46875, 0.53125, 0.5, 0.21875, 0.6875, 0.53125, 0.4375, 0.140625, 0.65625, 0.546875, 0.4375]","[0.453125, 0.296875, 0.4375, 0.40625, 0.28125, 0.1171875, 0.234375, 0.359375, 0.515625, 0.375, 0.5, 0.28125, 0.265625, 0.21875, 0.34375, 0.265625, 0.28125, 0.171875, 0.359375, 0.2734375, 0.46875]","[21, 65]",0.4053125428174231,0.31862321165975044
689,11202.65625,"[0.78125, 0.46875, 0.6875, 0.40625, 0.5, 0.140625, 0.21875, 0.65625, 0.96875, 0.5625, 0.46875, 0.53125, 0.46875, 0.21875, 0.71875, 0.53125, 0.4375, 0.140625, 0.65625, 0.546875, 0.4375]","[0.453125, 0.296875, 0.4375, 0.40625, 0.28125, 0.1171875, 0.234375, 0.359375, 0.515625, 0.3125, 0.5, 0.28125, 0.234375, 0.21875, 0.359375, 0.265625, 0.28125, 0.171875, 0.359375, 0.2734375, 0.46875]",[13],0.4063528438990626,0.32469694506171276
690,11043.90625,"[0.78125, 0.46875, 0.6875, 0.40625, 0.5, 0.140625, 0.21875, 0.65625, 0.96875, 0.5625, 0.46875, 0.53125, 0.46875, 0.21875, 0.71875, 0.53125, 0.4375, 0.140625, 0.65625, 0.546875, 0.4375]","[0.453125, 0.296875, 0.4375, 0.40625, 0.28125, 0.1171875, 0.234375, 0.359375, 0.515625, 0.3125, 0.5, 0.28125, 0.234375, 0.21875, 0.359375, 0.265625, 0.28125, 0.171875, 0.359375, 0.2734375, 0.46875]",[13],0.4063528438990626,0.32469694506171276
691,11083.28125,"[0.78125, 0.46875, 0.6875, 0.40625, 0.5, 0.140625, 0.21875, 0.65625, 0.96875, 0.5625, 0.46875, 0.53125, 0.46875, 0.21875, 0.71875, 0.65625, 0.4375, 0.140625, 0.65625, 0.546875, 0.4375]","[0.453125, 0.296875, 0.4375, 0.40625, 0.28125, 0.1171875, 0.234375, 0.359375, 0.515625, 0.3125, 0.5, 0.28125, 0.234375, 0.21875, 0.359375, 0.328125, 0.28125, 0.171875, 0.359375, 0.2734375, 0.46875]",[21],0.40664317121175475,0.3191846593694721
692,11123.125,"[0.78125, 0.46875, 0.6875, 0.40625, 0.5, 0.140625, 0.21875, 0.65625, 0.96875, 0.5625, 0.46875, 0.53125, 0.46875, 0.21875, 0.71875, 0.65625, 0.4375, 0.140625, 0.65625, 0.546875, 0.4375]","[0.453125, 0.296875, 0.4375, 0.40625, 0.28125, 0.1171875, 0.234375, 0.359375, 0.515625, 0.3125, 0.5, 0.28125, 0.234375, 0.21875, 0.359375, 0.328125, 0.28125, 0.171875, 0.359375, 0.2734375, 0.46875]",[21],0.40664317121175475,0.3191846593694721
693,11162.65625,"[0.78125, 0.46875, 0.6875, 0.40625, 0.5, 0.140625, 0.21875, 0.65625, 0.96875, 0.5625, 0.46875, 0.59375, 0.46875, 0.21875, 0.71875, 0.65625, 0.4375, 0.140625, 0.65625, 0.546875, 0.4375]","[0.453125, 0.296875, 0.4375, 0.40625, 0.28125, 0.1171875, 0.234375, 0.359375, 0.515625, 0.3125, 0.5, 0.3125, 0.234375, 0.21875, 0.359375, 0.328125, 0.28125, 0.171875, 0.359375, 0.2734375, 0.46875]","[66, 103]",0.40576122201981946,0.316361480617149
694,11359.84375,"[0.78125, 0.46875, 0.6875, 0.40625, 0.5, 0.140625, 0.21875, 0.65625, 0.96875, 0.5625, 0.46875, 0.59375, 0.5, 0.2109375, 0.71875, 0.90625, 0.4375, 0.140625, 0.59375, 0.546875, 0.4375]","[0.453125, 0.296875, 0.4375, 0.40625, 0.28125, 0.1171875, 0.234375, 0.359375, 0.515625, 0.3125, 0.5, 0.3125, 0.265625, 0.2109375, 0.359375, 0.453125, 0.28125, 0.171875, 0.328125, 0.2734375, 0.46875]","[18, 62]",0.4238891308715568,0.31818866115819966
695,11379.296875,"[0.84375, 0.40625, 0.6875, 0.40625, 0.5, 0.140625, 0.21875, 0.65625, 0.96875, 0.5625, 0.46875, 0.59375, 0.5, 0.2109375, 0.71875, 0.90625, 0.4375, 0.140625, 0.59375, 0.546875, 0.4375]","[0.484375, 0.265625, 0.4375, 0.40625, 0.28125, 0.1171875, 0.234375, 0.359375, 0.515625, 0.3125, 0.5, 0.3125, 0.265625, 0.2109375, 0.359375, 0.453125, 0.28125, 0.171875, 0.328125, 0.2734375, 0.46875]","[49, 62]",0.4334729797580725,0.32589992106161864
696,11498.046875,"[0.84375, 0.40625, 0.6875, 0.40625, 0.5, 0.140625, 0.21875, 0.65625, 0.96875, 0.5625, 0.46875, 0.46875, 0.5, 0.2109375, 0.71875, 0.90625, 0.4375, 0.140625, 0.578125, 0.671875, 0.4375]","[0.484375, 0.265625, 0.4375, 0.40625, 0.28125, 0.1171875, 0.234375, 0.359375, 0.515625, 0.3125, 0.5, 0.25, 0.265625, 0.2109375, 0.359375, 0.453125, 0.28125, 0.171875, 0.3203125, 0.3359375, 0.46875]","[49, 112, 127]",0.43762114522994344,0.3282726960363334
697,11260.390625,"[0.84375, 0.40625, 0.71875, 0.40625, 0.5, 0.140625, 0.21875, 0.65625, 0.96875, 0.5625, 0.46875, 0.46875, 0.5, 0.2109375, 0.71875, 0.90625, 0.4375, 0.140625, 0.578125, 0.671875, 0.4375]","[0.484375, 0.265625, 0.453125, 0.40625, 0.28125, 0.1171875, 0.234375, 0.359375, 0.515625, 0.3125, 0.5, 0.25, 0.265625, 0.2109375, 0.359375, 0.453125, 0.28125, 0.171875, 0.3203125, 0.3359375, 0.46875]","[127, 49, 133, 140, 142]",0.4386447304036309,0.3297587931317089
698,11811.640625,"[0.84375, 0.65625, 0.71875, 0.40625, 0.5, 0.140625, 0.21875, 0.65625, 0.96875, 0.8125, 0.46875, 0.46875, 0.5, 0.2109375, 0.71875, 0.90625, 0.5625, 0.140625, 0.453125, 0.671875, 0.4375]","[0.484375, 0.390625, 0.453125, 0.40625, 0.28125, 0.1171875, 0.234375, 0.359375, 0.515625, 0.4375, 0.5, 0.25, 0.265625, 0.2109375, 0.359375, 0.453125, 0.34375, 0.171875, 0.2578125, 0.3359375, 0.46875]","[49, 68, 144]",0.43293935618103924,0.3233475615031539
699,11574.765625,"[0.84375, 0.65625, 0.71875, 0.40625, 0.5, 0.140625, 0.21875, 0.65625, 0.96875, 0.8125, 0.46875, 0.46875, 0.5, 0.2109375, 0.71875, 0.90625, 0.5625, 0.140625, 0.453125, 0.671875, 0.4375]","[0.484375, 0.390625, 0.453125, 0.40625, 0.28125, 0.1171875, 0.234375, 0.359375, 0.515625, 0.4375, 0.5, 0.25, 0.265625, 0.2109375, 0.359375, 0.453125, 0.34375, 0.171875, 0.2578125, 0.3359375, 0.46875]","[49, 68, 144]",0.43293935618103924,0.3233475615031539
700,11652.890625,"[0.84375, 0.90625, 0.71875, 0.40625, 0.5, 0.140625, 0.21875, 0.65625, 0.96875, 0.8125, 0.46875, 0.46875, 0.5, 0.2109375, 0.71875, 0.90625, 0.5625, 0.140625, 0.453125, 0.671875, 0.4296875]","[0.484375, 0.515625, 0.453125, 0.40625, 0.28125, 0.1171875, 0.234375, 0.359375, 0.515625, 0.4375, 0.5, 0.25, 0.265625, 0.2109375, 0.359375, 0.453125, 0.34375, 0.171875, 0.2578125, 0.3359375, 0.4609375]","[49, 68, 28, 151]",0.44458176453850284,0.33228776098633933
701,11988.90625,"[0.84375, 0.90625, 0.71875, 0.40625, 0.5, 0.140625, 0.21875, 0.65625, 0.96875, 0.8125, 0.46875, 0.59375, 0.5, 0.2109375, 0.96875, 0.90625, 0.5625, 0.140625, 0.453125, 0.671875, 0.4296875]","[0.484375, 0.515625, 0.453125, 0.40625, 0.28125, 0.1171875, 0.234375, 0.359375, 0.515625, 0.4375, 0.5, 0.3125, 0.265625, 0.2109375, 0.484375, 0.453125, 0.34375, 0.171875, 0.2578125, 0.3359375, 0.4609375]","[28, 134]",0.45198136680310325,0.32774727939148607
702,11989.0625,"[0.84375, 0.90625, 0.71875, 0.40625, 0.4375, 0.140625, 0.21875, 0.65625, 0.96875, 0.8125, 0.46875, 0.59375, 0.5, 0.2109375, 0.96875, 0.90625, 0.5625, 0.140625, 0.453125, 0.671875, 0.4296875]","[0.484375, 0.515625, 0.453125, 0.40625, 0.25, 0.1171875, 0.234375, 0.359375, 0.515625, 0.4375, 0.5, 0.3125, 0.265625, 0.2109375, 0.484375, 0.453125, 0.34375, 0.171875, 0.2578125, 0.3359375, 0.4609375]","[28, 20, 134]",0.4564267427239564,0.3324102918011033
703,12266.71875,"[0.84375, 0.90625, 0.71875, 0.40625, 0.4375, 0.265625, 0.21875, 0.65625, 0.96875, 0.8125, 0.46875, 0.59375, 0.5, 0.2109375, 0.96875, 0.90625, 0.5625, 0.140625, 0.453125, 0.546875, 0.4296875]","[0.484375, 0.515625, 0.453125, 0.40625, 0.25, 0.1796875, 0.234375, 0.359375, 0.515625, 0.4375, 0.5, 0.3125, 0.265625, 0.2109375, 0.484375, 0.453125, 0.34375, 0.171875, 0.2578125, 0.2734375, 0.4609375]",[20],0.4399462116915758,0.3214650141544193
704,11889.6875,"[0.84375, 0.90625, 0.71875, 0.40625, 0.4375, 0.265625, 0.21875, 0.65625, 0.96875, 0.8125, 0.46875, 0.59375, 0.5, 0.2109375, 0.96875, 0.90625, 0.5625, 0.140625, 0.453125, 0.546875, 0.4296875]","[0.484375, 0.515625, 0.453125, 0.40625, 0.25, 0.1796875, 0.234375, 0.359375, 0.515625, 0.4375, 0.5, 0.3125, 0.265625, 0.2109375, 0.484375, 0.453125, 0.34375, 0.171875, 0.2578125, 0.2734375, 0.4609375]","[20, 47, 134]",0.4399462116915758,0.3214650141544193
705,12047.03125,"[0.84375, 0.90625, 0.96875, 0.40625, 0.4375, 0.265625, 0.21875, 0.65625, 1.0, 0.8125, 0.46875, 0.59375, 0.5, 0.2109375, 0.96875, 0.90625, 0.5625, 0.125, 0.453125, 0.546875, 0.4296875]","[0.484375, 0.515625, 0.578125, 0.40625, 0.25, 0.1796875, 0.234375, 0.359375, 0.53125, 0.4375, 0.5, 0.3125, 0.265625, 0.2109375, 0.484375, 0.453125, 0.34375, 0.15625, 0.2578125, 0.2734375, 0.4609375]","[134, 75, 152, 154]",0.4573919634959618,0.3427565132346671
706,12066.875,"[0.84375, 0.90625, 0.96875, 0.421875, 0.4375, 0.265625, 0.21875, 0.65625, 1.0, 0.8125, 0.46875, 0.609375, 0.5, 0.2109375, 0.96875, 0.90625, 0.5625, 0.125, 0.453125, 0.546875, 0.4296875]","[0.484375, 0.515625, 0.578125, 0.421875, 0.25, 0.1796875, 0.234375, 0.359375, 0.53125, 0.4375, 0.5, 0.3203125, 0.265625, 0.2109375, 0.484375, 0.453125, 0.34375, 0.15625, 0.2578125, 0.2734375, 0.4609375]","[152, 154, 157, 158, 159]",0.45549272311377936,0.342066332260112
707,12543.125,"[0.84375, 0.90625, 0.96875, 0.421875, 0.4375, 0.390625, 0.28125, 0.78125, 1.0, 0.8125, 0.46875, 0.671875, 0.375, 0.2109375, 0.96875, 0.90625, 0.5625, 0.125, 0.453125, 0.546875, 0.4296875]","[0.484375, 0.515625, 0.578125, 0.421875, 0.25, 0.2421875, 0.296875, 0.421875, 0.53125, 0.4375, 0.5, 0.3515625, 0.203125, 0.2109375, 0.484375, 0.453125, 0.34375, 0.15625, 0.2578125, 0.2734375, 0.4609375]","[69, 160, 161]",0.4415641855687356,0.3271373552597582
708,12483.828125,"[0.84375, 0.90625, 0.96875, 0.421875, 0.4375, 0.390625, 0.28125, 0.78125, 1.0, 0.8125, 0.46875, 0.671875, 0.375, 0.2265625, 0.96875, 0.90625, 0.5625, 0.125, 0.390625, 0.546875, 0.4296875]","[0.484375, 0.515625, 0.578125, 0.421875, 0.25, 0.2421875, 0.296875, 0.421875, 0.53125, 0.4375, 0.5, 0.3515625, 0.203125, 0.2265625, 0.484375, 0.453125, 0.34375, 0.15625, 0.2265625, 0.2734375, 0.4609375]",[121],0.4447397986199155,0.32954947432044934
709,12344.84375,"[0.84375, 0.90625, 0.96875, 0.421875, 0.4375, 0.390625, 0.28125, 0.78125, 1.0, 0.8125, 0.46875, 0.671875, 0.375, 0.2265625, 0.96875, 0.90625, 0.5625, 0.125, 0.390625, 0.546875, 0.4296875]","[0.484375, 0.515625, 0.578125, 0.421875, 0.25, 0.2421875, 0.296875, 0.421875, 0.53125, 0.4375, 0.5, 0.3515625, 0.203125, 0.2265625, 0.484375, 0.453125, 0.34375, 0.15625, 0.2265625, 0.2734375, 0.4609375]","[121, 160, 161, 162, 163]",0.4447397986199155,0.32954947432044934
710,12503.59375,"[0.84375, 0.90625, 0.96875, 0.421875, 0.4375, 0.390625, 0.28125, 0.78125, 1.0, 0.8125, 0.46875, 0.671875, 0.375, 0.2265625, 0.96875, 0.90625, 0.5625, 0.125, 0.390625, 0.546875, 0.4296875]","[0.484375, 0.515625, 0.578125, 0.421875, 0.25, 0.2421875, 0.296875, 0.421875, 0.53125, 0.4375, 0.5, 0.3515625, 0.203125, 0.2265625, 0.484375, 0.453125, 0.34375, 0.15625, 0.2265625, 0.2734375, 0.4609375]","[121, 160, 161, 162]",0.4447397986199155,0.32954947432044934
711,12662.96875,"[0.84375, 0.90625, 0.96875, 0.421875, 0.4375, 0.390625, 0.28125, 0.78125, 1.0, 0.8125, 0.59375, 0.671875, 0.375, 0.2890625, 0.96875, 0.90625, 0.5625, 0.125, 0.359375, 0.546875, 0.4296875]","[0.484375, 0.515625, 0.578125, 0.421875, 0.25, 0.2421875, 0.296875, 0.421875, 0.53125, 0.4375, 0.625, 0.3515625, 0.203125, 0.2890625, 0.484375, 0.453125, 0.34375, 0.15625, 0.1953125, 0.2734375, 0.4609375]","[160, 94, 162, 163, 164]",0.4323834076198874,0.34349777407078286
712,12862.109375,"[0.84375, 0.90625, 0.96875, 0.421875, 0.4375, 0.390625, 0.28125, 0.78125, 1.0, 0.8125, 0.46875, 0.671875, 0.375, 0.359375, 0.96875, 0.90625, 0.5625, 0.125, 0.390625, 0.421875, 0.4296875]","[0.484375, 0.515625, 0.578125, 0.421875, 0.25, 0.2421875, 0.296875, 0.421875, 0.53125, 0.4375, 0.5, 0.3515625, 0.203125, 0.359375, 0.484375, 0.453125, 0.34375, 0.15625, 0.2265625, 0.2109375, 0.4609375]","[62, 94, 108, 163]",0.4364690688636563,0.32389677644858234
713,12564.453125,"[0.84375, 0.90625, 0.96875, 0.421875, 0.4375, 0.390625, 0.28125, 0.78125, 1.0, 0.8125, 0.46875, 0.6875, 0.375, 0.359375, 0.96875, 0.90625, 0.5625, 0.125, 0.390625, 0.421875, 0.4296875]","[0.484375, 0.515625, 0.578125, 0.421875, 0.25, 0.2421875, 0.296875, 0.421875, 0.53125, 0.4375, 0.5, 0.359375, 0.203125, 0.359375, 0.484375, 0.453125, 0.34375, 0.15625, 0.2265625, 0.2109375, 0.4609375]","[108, 62, 94, 165]",0.43632216811018354,0.3233982980365208
714,12940.859375,"[0.84375, 0.90625, 0.96875, 0.421875, 0.4375, 0.390625, 0.28125, 0.78125, 1.0, 0.8125, 0.46875, 0.6875, 0.375, 0.359375, 0.96875, 0.90625, 0.8125, 0.125, 0.390625, 0.421875, 0.4921875]","[0.484375, 0.515625, 0.578125, 0.421875, 0.25, 0.2421875, 0.296875, 0.421875, 0.53125, 0.4375, 0.5, 0.359375, 0.203125, 0.359375, 0.484375, 0.453125, 0.46875, 0.15625, 0.2265625, 0.2109375, 0.5234375]","[62, 165]",0.4292120500370937,0.325687711169919
715,12940.859375,"[0.84375, 0.90625, 0.96875, 0.421875, 0.4375, 0.390625, 0.28125, 0.78125, 1.0, 0.8125, 0.46875, 0.6875, 0.375, 0.359375, 0.96875, 0.90625, 0.8125, 0.125, 0.328125, 0.421875, 0.4921875]","[0.484375, 0.515625, 0.578125, 0.421875, 0.25, 0.2421875, 0.296875, 0.421875, 0.53125, 0.4375, 0.5, 0.359375, 0.203125, 0.359375, 0.484375, 0.453125, 0.46875, 0.15625, 0.1953125, 0.2109375, 0.5234375]","[62, 117]",0.4359566181681459,0.3322707331884195
716,12802.03125,"[0.84375, 0.90625, 0.84375, 0.421875, 0.4375, 0.390625, 0.28125, 0.78125, 1.0, 0.8125, 0.46875, 0.6875, 0.375, 0.359375, 0.96875, 0.875, 0.8125, 0.125, 0.328125, 0.421875, 0.4296875]","[0.484375, 0.515625, 0.515625, 0.421875, 0.25, 0.2421875, 0.296875, 0.421875, 0.53125, 0.4375, 0.5, 0.359375, 0.203125, 0.359375, 0.484375, 0.4375, 0.46875, 0.15625, 0.1953125, 0.2109375, 0.4609375]","[52, 58]",0.43205573345594156,0.3198075891825533
717,12563.671875,"[0.84375, 0.90625, 0.84375, 0.421875, 0.4375, 0.390625, 0.28125, 0.84375, 1.0, 0.8125, 0.46875, 0.6875, 0.375, 0.359375, 0.96875, 0.875, 0.8125, 0.125, 0.328125, 0.421875, 0.4296875]","[0.484375, 0.515625, 0.515625, 0.421875, 0.25, 0.2421875, 0.296875, 0.484375, 0.53125, 0.4375, 0.5, 0.359375, 0.203125, 0.359375, 0.484375, 0.4375, 0.46875, 0.15625, 0.1953125, 0.2109375, 0.4609375]","[52, 62]",0.4339628274790004,0.3219739511871958
718,12742.109375,"[0.84375, 0.90625, 0.84375, 0.421875, 0.4375, 0.390625, 0.28125, 0.84375, 1.0, 0.84375, 0.46875, 0.6875, 0.375, 0.359375, 0.96875, 0.875, 0.8125, 0.125, 0.328125, 0.421875, 0.4296875]","[0.484375, 0.515625, 0.515625, 0.421875, 0.25, 0.2421875, 0.296875, 0.484375, 0.53125, 0.453125, 0.5, 0.359375, 0.203125, 0.359375, 0.484375, 0.4375, 0.46875, 0.15625, 0.1953125, 0.2109375, 0.4609375]","[52, 96, 117]",0.4350212727785816,0.32234718066979684
719,12623.046875,"[0.84375, 0.90625, 0.84375, 0.421875, 0.4375, 0.390625, 0.28125, 0.84375, 1.0, 0.84375, 0.46875, 0.6875, 0.375, 0.359375, 0.96875, 0.875, 0.8125, 0.125, 0.328125, 0.421875, 0.4296875]","[0.484375, 0.515625, 0.515625, 0.421875, 0.25, 0.2421875, 0.296875, 0.484375, 0.53125, 0.453125, 0.5, 0.359375, 0.203125, 0.359375, 0.484375, 0.4375, 0.46875, 0.15625, 0.1953125, 0.2109375, 0.4609375]","[52, 96, 117, 166]",0.4350212727785816,0.32234718066979684
720,12979.921875,"[0.84375, 0.90625, 0.84375, 0.421875, 0.421875, 0.390625, 0.28125, 0.84375, 1.0, 0.90625, 0.46875, 0.6875, 0.375, 0.359375, 0.96875, 0.875, 0.8125, 0.125, 0.359375, 0.421875, 0.4296875]","[0.484375, 0.515625, 0.515625, 0.421875, 0.2421875, 0.2421875, 0.296875, 0.484375, 0.53125, 0.515625, 0.5, 0.359375, 0.203125, 0.359375, 0.484375, 0.4375, 0.46875, 0.15625, 0.2265625, 0.2109375, 0.4609375]",[117],0.4357680226767795,0.32082836052550695
721,12721.953125,"[0.84375, 0.90625, 0.84375, 0.421875, 0.421875, 0.390625, 0.28125, 0.84375, 1.0, 0.90625, 0.46875, 0.6875, 0.375, 0.359375, 0.96875, 0.875, 0.8125, 0.125, 0.359375, 0.421875, 0.4296875]","[0.484375, 0.515625, 0.515625, 0.421875, 0.2421875, 0.2421875, 0.296875, 0.484375, 0.53125, 0.515625, 0.5, 0.359375, 0.203125, 0.359375, 0.484375, 0.4375, 0.46875, 0.15625, 0.2265625, 0.2109375, 0.4609375]",[117],0.4357680226767795,0.32082836052550695
722,12642.578125,"[0.84375, 0.90625, 0.71875, 0.421875, 0.421875, 0.390625, 0.28125, 0.84375, 0.9375, 0.90625, 0.46875, 0.6875, 0.375, 0.359375, 0.96875, 0.875, 0.8125, 0.125, 0.359375, 0.421875, 0.4296875]","[0.484375, 0.515625, 0.453125, 0.421875, 0.2421875, 0.2421875, 0.296875, 0.484375, 0.46875, 0.515625, 0.5, 0.359375, 0.203125, 0.359375, 0.484375, 0.4375, 0.46875, 0.15625, 0.2265625, 0.2109375, 0.4609375]","[15, 104]",0.4284217014012089,0.311844810277031
723,12722.890625,"[0.84375, 0.90625, 0.71875, 0.421875, 0.421875, 0.390625, 0.28125, 0.84375, 0.9375, 0.90625, 0.46875, 0.6875, 0.375, 0.3515625, 0.96875, 0.875, 0.8125, 0.125, 0.359375, 0.421875, 0.4296875]","[0.484375, 0.515625, 0.453125, 0.421875, 0.2421875, 0.2421875, 0.296875, 0.484375, 0.46875, 0.515625, 0.5, 0.359375, 0.203125, 0.3515625, 0.484375, 0.4375, 0.46875, 0.15625, 0.2265625, 0.2109375, 0.4609375]","[1, 15]",0.42927683414052287,0.3123553736049467
724,12603.125,"[0.84375, 0.90625, 0.71875, 0.421875, 0.421875, 0.390625, 0.28125, 0.84375, 0.9375, 0.90625, 0.46875, 0.65625, 0.3125, 0.3515625, 0.96875, 0.875, 0.8125, 0.125, 0.359375, 0.421875, 0.4296875]","[0.484375, 0.515625, 0.453125, 0.421875, 0.2421875, 0.2421875, 0.296875, 0.484375, 0.46875, 0.515625, 0.5, 0.34375, 0.171875, 0.3515625, 0.484375, 0.4375, 0.46875, 0.15625, 0.2265625, 0.2109375, 0.4609375]","[1, 15]",0.43665992384780455,0.3209355753095736
725,12623.59375,"[0.84375, 0.90625, 0.71875, 0.421875, 0.421875, 0.390625, 0.28125, 0.84375, 0.9375, 0.90625, 0.46875, 0.625, 0.3125, 0.3515625, 0.96875, 0.875, 0.8125, 0.125, 0.359375, 0.421875, 0.4296875]","[0.484375, 0.515625, 0.453125, 0.421875, 0.2421875, 0.2421875, 0.296875, 0.484375, 0.46875, 0.515625, 0.5, 0.328125, 0.171875, 0.3515625, 0.484375, 0.4375, 0.46875, 0.15625, 0.2265625, 0.2109375, 0.4609375]","[1, 15]",0.4372883203513439,0.3222453553146417
726,12444.84375,"[0.84375, 0.90625, 0.71875, 0.421875, 0.421875, 0.390625, 0.28125, 0.84375, 0.9375, 0.9375, 0.46875, 0.625, 0.3125, 0.3515625, 0.96875, 0.875, 0.8125, 0.1875, 0.359375, 0.421875, 0.4296875]","[0.484375, 0.515625, 0.453125, 0.421875, 0.2421875, 0.2421875, 0.296875, 0.484375, 0.46875, 0.53125, 0.5, 0.328125, 0.171875, 0.3515625, 0.484375, 0.4375, 0.46875, 0.21875, 0.2265625, 0.2109375, 0.4609375]",[26],0.4287012737687521,0.3089427664383329
727,12484.21875,"[0.84375, 0.90625, 0.71875, 0.421875, 0.421875, 0.390625, 0.28125, 0.84375, 0.9375, 0.9375, 0.46875, 0.625, 0.3125, 0.3515625, 0.96875, 0.875, 0.8125, 0.1875, 0.359375, 0.421875, 0.4296875]","[0.484375, 0.515625, 0.453125, 0.421875, 0.2421875, 0.2421875, 0.296875, 0.484375, 0.46875, 0.53125, 0.5, 0.328125, 0.171875, 0.3515625, 0.484375, 0.4375, 0.46875, 0.21875, 0.2265625, 0.2109375, 0.4609375]","[26, 42]",0.4287012737687521,0.3089427664383329
728,12603.59375,"[0.84375, 0.90625, 0.71875, 0.421875, 0.421875, 0.390625, 0.28125, 0.84375, 0.9375, 0.9375, 0.46875, 0.6875, 0.3125, 0.3515625, 0.96875, 0.875, 0.8125, 0.1875, 0.359375, 0.484375, 0.4296875]","[0.484375, 0.515625, 0.453125, 0.421875, 0.2421875, 0.2421875, 0.296875, 0.484375, 0.46875, 0.53125, 0.5, 0.359375, 0.171875, 0.3515625, 0.484375, 0.4375, 0.46875, 0.21875, 0.2265625, 0.2421875, 0.4609375]","[61, 104]",0.4227450321302482,0.300071726898048
729,12682.96875,"[0.84375, 0.90625, 0.71875, 0.421875, 0.421875, 0.390625, 0.28125, 0.84375, 0.9375, 0.9375, 0.5, 0.6875, 0.3125, 0.3515625, 0.96875, 0.875, 0.8125, 0.1875, 0.359375, 0.484375, 0.4296875]","[0.484375, 0.515625, 0.453125, 0.421875, 0.2421875, 0.2421875, 0.296875, 0.484375, 0.46875, 0.53125, 0.53125, 0.359375, 0.171875, 0.3515625, 0.484375, 0.4375, 0.46875, 0.21875, 0.2265625, 0.2421875, 0.4609375]",[104],0.4205544278453767,0.3032701176675037
730,12683.125,"[0.84375, 0.90625, 0.71875, 0.421875, 0.421875, 0.390625, 0.28125, 0.84375, 0.9375, 0.9375, 0.5, 0.6875, 0.296875, 0.3515625, 0.96875, 0.875, 0.8125, 0.1875, 0.359375, 0.484375, 0.4296875]","[0.484375, 0.515625, 0.453125, 0.421875, 0.2421875, 0.2421875, 0.296875, 0.484375, 0.46875, 0.53125, 0.53125, 0.359375, 0.1640625, 0.3515625, 0.484375, 0.4375, 0.46875, 0.21875, 0.2265625, 0.2421875, 0.4609375]",[9],0.422522635167728,0.30535375513328317
731,12643.28125,"[0.84375, 0.90625, 0.71875, 0.421875, 0.421875, 0.390625, 0.28125, 0.84375, 0.9375, 0.9375, 0.5, 0.6875, 0.3125, 0.3515625, 0.96875, 0.875, 0.8125, 0.1875, 0.359375, 0.484375, 0.4296875]","[0.484375, 0.515625, 0.453125, 0.421875, 0.2421875, 0.2421875, 0.296875, 0.484375, 0.46875, 0.53125, 0.53125, 0.359375, 0.171875, 0.3515625, 0.484375, 0.4375, 0.46875, 0.21875, 0.2265625, 0.2421875, 0.4609375]","[104, 117]",0.4205544278453767,0.3032701176675037
732,12682.96875,"[0.84375, 0.90625, 0.71875, 0.421875, 0.421875, 0.390625, 0.28125, 0.84375, 0.9375, 0.9375, 0.46875, 0.6875, 0.3125, 0.3515625, 0.96875, 0.875, 0.8125, 0.21875, 0.359375, 0.484375, 0.4296875]","[0.484375, 0.515625, 0.453125, 0.421875, 0.2421875, 0.2421875, 0.296875, 0.484375, 0.46875, 0.53125, 0.46875, 0.359375, 0.171875, 0.3515625, 0.484375, 0.4375, 0.46875, 0.28125, 0.2265625, 0.2421875, 0.4609375]","[117, 100, 148, 166, 167]",0.41781237380050795,0.2862778799044594
733,13119.84375,"[0.8125, 0.90625, 0.71875, 0.421875, 0.421875, 0.390625, 0.28125, 0.96875, 0.9375, 0.9375, 0.46875, 0.6875, 0.3125, 0.3515625, 0.96875, 0.875, 0.8125, 0.21875, 0.484375, 0.484375, 0.5234375]","[0.46875, 0.515625, 0.453125, 0.421875, 0.2421875, 0.2421875, 0.296875, 0.546875, 0.46875, 0.53125, 0.46875, 0.359375, 0.171875, 0.3515625, 0.484375, 0.4375, 0.46875, 0.28125, 0.2890625, 0.2421875, 0.5546875]","[132, 167, 168]",0.40589510100316806,0.28917687848023116
734,13139.53125,"[0.8125, 0.90625, 0.71875, 0.421875, 0.421875, 0.390625, 0.28125, 0.96875, 0.9375, 0.9375, 0.46875, 0.6875, 0.3125, 0.3515625, 0.96875, 0.875, 0.8125, 0.21875, 0.484375, 0.484375, 0.5234375]","[0.46875, 0.515625, 0.453125, 0.421875, 0.2421875, 0.2421875, 0.296875, 0.546875, 0.46875, 0.53125, 0.46875, 0.359375, 0.171875, 0.3515625, 0.484375, 0.4375, 0.46875, 0.28125, 0.2890625, 0.2421875, 0.5546875]","[132, 167, 168]",0.40589510100316806,0.28917687848023116
735,13238.90625,"[0.8125, 0.90625, 0.71875, 0.421875, 0.421875, 0.390625, 0.28125, 0.96875, 0.9375, 0.96875, 0.46875, 0.6875, 0.3125, 0.3515625, 0.96875, 0.875, 0.8125, 0.21875, 0.484375, 0.484375, 0.5234375]","[0.46875, 0.515625, 0.453125, 0.421875, 0.2421875, 0.2421875, 0.296875, 0.546875, 0.46875, 0.546875, 0.46875, 0.359375, 0.171875, 0.3515625, 0.484375, 0.4375, 0.46875, 0.28125, 0.2890625, 0.2421875, 0.5546875]",[132],0.4081041197172464,0.2909863076888094
736,13159.6875,"[0.8125, 0.90625, 0.71875, 0.421875, 0.421875, 0.390625, 0.28125, 0.96875, 0.9375, 0.96875, 0.46875, 0.6875, 0.3125, 0.3515625, 0.96875, 0.875, 0.8125, 0.21875, 0.484375, 0.484375, 0.5234375]","[0.46875, 0.515625, 0.453125, 0.421875, 0.2421875, 0.2421875, 0.296875, 0.546875, 0.46875, 0.546875, 0.46875, 0.359375, 0.171875, 0.3515625, 0.484375, 0.4375, 0.46875, 0.28125, 0.2890625, 0.2421875, 0.5546875]",[132],0.4081041197172464,0.2909863076888094
737,13159.21875,"[0.8125, 0.90625, 0.71875, 0.421875, 0.421875, 0.390625, 0.28125, 0.96875, 0.9375, 0.96875, 0.46875, 0.6875, 0.3125, 0.3515625, 0.96875, 0.875, 0.8125, 0.21875, 0.359375, 0.484375, 0.5234375]","[0.46875, 0.515625, 0.453125, 0.421875, 0.2421875, 0.2421875, 0.296875, 0.546875, 0.46875, 0.546875, 0.46875, 0.359375, 0.171875, 0.3515625, 0.484375, 0.4375, 0.46875, 0.28125, 0.2265625, 0.2421875, 0.5546875]","[117, 132, 167]",0.4194683766486629,0.30203731719435173
738,13040.390625,"[0.8125, 0.90625, 0.625, 0.421875, 0.421875, 0.390625, 0.28125, 0.96875, 0.9375, 0.96875, 0.46875, 0.6875, 0.3125, 0.3515625, 0.96875, 0.90625, 0.8125, 0.21875, 0.359375, 0.484375, 0.4609375]","[0.46875, 0.515625, 0.375, 0.421875, 0.2421875, 0.2421875, 0.296875, 0.546875, 0.46875, 0.546875, 0.46875, 0.359375, 0.171875, 0.3515625, 0.484375, 0.453125, 0.46875, 0.28125, 0.2265625, 0.2421875, 0.4921875]",[72],0.42674010927777967,0.29680560151175955
739,12782.1875,"[0.8125, 0.90625, 0.375, 0.421875, 0.421875, 0.390625, 0.28125, 0.96875, 0.9375, 0.96875, 0.46875, 0.6875, 0.328125, 0.2890625, 0.96875, 0.90625, 0.8125, 0.21875, 0.359375, 0.484375, 0.4609375]","[0.46875, 0.515625, 0.25, 0.421875, 0.2421875, 0.2421875, 0.296875, 0.546875, 0.46875, 0.546875, 0.46875, 0.359375, 0.1796875, 0.2890625, 0.484375, 0.453125, 0.46875, 0.28125, 0.2265625, 0.2421875, 0.4921875]","[20, 100]",0.44860142629971955,0.3153906006233526
740,12504.921875,"[0.8125, 0.90625, 0.375, 0.421875, 0.421875, 0.390625, 0.28125, 0.96875, 0.9375, 0.96875, 0.34375, 0.6875, 0.328125, 0.2890625, 0.96875, 0.90625, 0.8125, 0.21875, 0.359375, 0.484375, 0.4609375]","[0.46875, 0.515625, 0.25, 0.421875, 0.2421875, 0.2421875, 0.296875, 0.546875, 0.46875, 0.546875, 0.34375, 0.359375, 0.1796875, 0.2890625, 0.484375, 0.453125, 0.46875, 0.28125, 0.2265625, 0.2421875, 0.4921875]","[20, 100]",0.46010612320228456,0.3162686330915485
741,12346.25,"[0.8125, 0.90625, 0.375, 0.421875, 0.421875, 0.390625, 0.28125, 0.96875, 0.9375, 0.84375, 0.34375, 0.6875, 0.328125, 0.2109375, 0.96875, 0.90625, 0.8125, 0.21875, 0.359375, 0.484375, 0.4609375]","[0.46875, 0.515625, 0.25, 0.421875, 0.2421875, 0.2421875, 0.296875, 0.546875, 0.46875, 0.484375, 0.34375, 0.359375, 0.1796875, 0.2109375, 0.484375, 0.453125, 0.46875, 0.28125, 0.2265625, 0.2421875, 0.4921875]","[20, 55, 69]",0.46339821312462254,0.32221412363342583
742,12206.40625,"[0.8125, 0.9375, 0.375, 0.421875, 0.421875, 0.390625, 0.28125, 0.96875, 0.9375, 0.84375, 0.40625, 0.6875, 0.25, 0.2109375, 0.96875, 0.90625, 0.8125, 0.21875, 0.359375, 0.484375, 0.4609375]","[0.46875, 0.53125, 0.25, 0.421875, 0.2421875, 0.2421875, 0.296875, 0.546875, 0.46875, 0.484375, 0.40625, 0.359375, 0.140625, 0.2109375, 0.484375, 0.453125, 0.46875, 0.28125, 0.2265625, 0.2421875, 0.4921875]","[40, 72]",0.46909268213861566,0.33249873662551266
743,12266.5625,"[0.8125, 0.9375, 0.375, 0.421875, 0.421875, 0.390625, 0.28125, 0.96875, 0.9375, 0.84375, 0.40625, 0.6875, 0.25, 0.2109375, 0.96875, 0.90625, 0.8125, 0.21875, 0.484375, 0.484375, 0.4609375]","[0.46875, 0.53125, 0.25, 0.421875, 0.2421875, 0.2421875, 0.296875, 0.546875, 0.46875, 0.484375, 0.40625, 0.359375, 0.140625, 0.2109375, 0.484375, 0.453125, 0.46875, 0.28125, 0.2890625, 0.2421875, 0.4921875]",[40],0.4582828946683028,0.3224345654035127
744,12226.5625,"[0.8125, 0.9375, 0.375, 0.421875, 0.421875, 0.390625, 0.28125, 0.96875, 0.9375, 0.84375, 0.40625, 0.6875, 0.25, 0.2109375, 0.96875, 0.90625, 0.8125, 0.21875, 0.484375, 0.484375, 0.4609375]","[0.46875, 0.53125, 0.25, 0.421875, 0.2421875, 0.2421875, 0.296875, 0.546875, 0.46875, 0.484375, 0.40625, 0.359375, 0.140625, 0.2109375, 0.484375, 0.453125, 0.46875, 0.28125, 0.2890625, 0.2421875, 0.4921875]",[40],0.4582828946683028,0.3224345654035127
745,12206.875,"[0.8125, 0.9375, 0.375, 0.421875, 0.421875, 0.359375, 0.2734375, 0.96875, 0.9375, 0.84375, 0.40625, 0.6875, 0.25, 0.2109375, 0.96875, 0.90625, 0.8125, 0.21875, 0.484375, 0.484375, 0.4609375]","[0.46875, 0.53125, 0.25, 0.421875, 0.2421875, 0.2109375, 0.2890625, 0.546875, 0.46875, 0.484375, 0.40625, 0.359375, 0.140625, 0.2109375, 0.484375, 0.453125, 0.46875, 0.28125, 0.2890625, 0.2421875, 0.4921875]","[17, 40, 79]",0.46245665595253077,0.3294957049669434
746,12285.703125,"[0.75, 0.9375, 0.4375, 0.421875, 0.421875, 0.359375, 0.2734375, 0.9375, 1.0, 0.84375, 0.40625, 0.6875, 0.25, 0.2109375, 0.96875, 0.90625, 0.8125, 0.21875, 0.484375, 0.484375, 0.4609375]","[0.40625, 0.53125, 0.3125, 0.421875, 0.2421875, 0.2109375, 0.2890625, 0.53125, 0.53125, 0.484375, 0.40625, 0.359375, 0.140625, 0.2109375, 0.484375, 0.453125, 0.46875, 0.28125, 0.2890625, 0.2421875, 0.4921875]","[17, 89]",0.4579680833270816,0.3229657917702724
747,12265.859375,"[0.75, 0.9375, 0.5625, 0.421875, 0.421875, 0.359375, 0.2734375, 0.9375, 1.0, 0.84375, 0.40625, 0.6875, 0.25, 0.2109375, 0.96875, 0.90625, 0.8125, 0.21875, 0.484375, 0.484375, 0.4609375]","[0.40625, 0.53125, 0.375, 0.421875, 0.2421875, 0.2109375, 0.2890625, 0.53125, 0.53125, 0.484375, 0.40625, 0.359375, 0.140625, 0.2109375, 0.484375, 0.453125, 0.46875, 0.28125, 0.2890625, 0.2421875, 0.4921875]",[89],0.450045780944719,0.3184856870304323
748,12245.9375,"[0.75, 0.9375, 0.5625, 0.421875, 0.421875, 0.359375, 0.2734375, 0.9375, 1.0, 0.84375, 0.40625, 0.6875, 0.25, 0.21875, 0.71875, 0.90625, 0.8125, 0.21875, 0.484375, 0.484375, 0.4609375]","[0.40625, 0.53125, 0.375, 0.421875, 0.2421875, 0.2109375, 0.2890625, 0.53125, 0.53125, 0.484375, 0.40625, 0.359375, 0.140625, 0.21875, 0.359375, 0.453125, 0.46875, 0.28125, 0.2890625, 0.2421875, 0.4921875]",[38],0.43756109456198583,0.3149863592112105
749,12247.8125,"[0.75, 0.9375, 0.5625, 0.421875, 0.421875, 0.359375, 0.2734375, 0.9375, 1.0, 0.84375, 0.40625, 0.6875, 0.25, 0.21875, 0.71875, 0.90625, 0.8125, 0.21875, 0.484375, 0.484375, 0.5234375]","[0.40625, 0.53125, 0.375, 0.421875, 0.2421875, 0.2109375, 0.2890625, 0.53125, 0.53125, 0.484375, 0.40625, 0.359375, 0.140625, 0.21875, 0.359375, 0.453125, 0.46875, 0.28125, 0.2890625, 0.2421875, 0.5546875]","[90, 100]",0.43353872766962914,0.3229034678220845
750,12445.9375,"[0.75, 0.9375, 0.5625, 0.421875, 0.421875, 0.359375, 0.2734375, 0.9375, 1.0, 0.8125, 0.40625, 0.6875, 0.375, 0.21875, 0.71875, 0.90625, 0.8125, 0.21875, 0.484375, 0.484375, 0.5234375]","[0.40625, 0.53125, 0.375, 0.421875, 0.2421875, 0.2109375, 0.2890625, 0.53125, 0.53125, 0.46875, 0.40625, 0.359375, 0.203125, 0.21875, 0.359375, 0.453125, 0.46875, 0.28125, 0.2890625, 0.2421875, 0.5546875]",[62],0.4166371406821528,0.3055448332352295
751,12406.71875,"[0.6875, 0.9375, 0.5625, 0.421875, 0.421875, 0.359375, 0.2734375, 0.9375, 1.0, 0.8125, 0.40625, 0.703125, 0.375, 0.21875, 0.71875, 0.90625, 0.8125, 0.21875, 0.484375, 0.484375, 0.5234375]","[0.375, 0.53125, 0.375, 0.421875, 0.2421875, 0.2109375, 0.2890625, 0.53125, 0.53125, 0.46875, 0.40625, 0.3671875, 0.203125, 0.21875, 0.359375, 0.453125, 0.46875, 0.28125, 0.2890625, 0.2421875, 0.5546875]","[14, 90]",0.41601183211077614,0.30575632887607057
752,12446.40625,"[0.6875, 0.9375, 0.5625, 0.421875, 0.421875, 0.359375, 0.2734375, 0.9375, 1.0, 0.8125, 0.40625, 0.703125, 0.375, 0.21875, 0.71875, 0.90625, 0.8125, 0.25, 0.484375, 0.359375, 0.5234375]","[0.375, 0.53125, 0.375, 0.421875, 0.2421875, 0.2109375, 0.2890625, 0.53125, 0.53125, 0.46875, 0.40625, 0.3671875, 0.203125, 0.21875, 0.359375, 0.453125, 0.46875, 0.34375, 0.2890625, 0.1796875, 0.5546875]",[32],0.42229438203497827,0.3128037879155584
753,12287.96875,"[0.6875, 0.9375, 0.5625, 0.421875, 0.296875, 0.359375, 0.2734375, 0.875, 1.0, 0.8125, 0.40625, 0.703125, 0.375, 0.21875, 0.71875, 0.90625, 0.8125, 0.25, 0.515625, 0.359375, 0.5234375]","[0.375, 0.53125, 0.375, 0.421875, 0.1796875, 0.2109375, 0.2890625, 0.46875, 0.53125, 0.46875, 0.40625, 0.3671875, 0.203125, 0.21875, 0.359375, 0.453125, 0.46875, 0.34375, 0.3203125, 0.1796875, 0.5546875]",[58],0.42915927699984463,0.3163665934409068
754,12247.34375,"[0.6875, 0.9375, 0.5625, 0.421875, 0.296875, 0.359375, 0.2734375, 0.875, 1.0, 0.8125, 0.40625, 0.640625, 0.375, 0.21875, 0.96875, 0.90625, 0.8125, 0.25, 0.515625, 0.359375, 0.5234375]","[0.375, 0.53125, 0.375, 0.421875, 0.1796875, 0.2109375, 0.2890625, 0.46875, 0.53125, 0.46875, 0.40625, 0.3359375, 0.203125, 0.21875, 0.484375, 0.453125, 0.46875, 0.34375, 0.3203125, 0.1796875, 0.5546875]","[26, 84, 90]",0.44239870184021624,0.3202199491404762
755,12347.265625,"[0.6875, 0.9375, 0.5625, 0.421875, 0.296875, 0.359375, 0.3359375, 0.875, 1.0, 0.8125, 0.40625, 0.640625, 0.375, 0.2265625, 0.96875, 0.90625, 0.8125, 0.25, 0.515625, 0.359375, 0.5234375]","[0.375, 0.53125, 0.375, 0.421875, 0.1796875, 0.2109375, 0.3515625, 0.46875, 0.53125, 0.46875, 0.40625, 0.3359375, 0.203125, 0.2265625, 0.484375, 0.453125, 0.46875, 0.34375, 0.3203125, 0.1796875, 0.5546875]","[26, 112]",0.4334168915031404,0.31250134790416095
756,12506.328125,"[0.6875, 0.9375, 0.5625, 0.421875, 0.296875, 0.359375, 0.3359375, 0.875, 1.0, 0.8125, 0.40625, 0.640625, 0.375, 0.2265625, 0.96875, 0.90625, 0.8125, 0.25, 0.515625, 0.234375, 0.5234375]","[0.375, 0.53125, 0.375, 0.421875, 0.1796875, 0.2109375, 0.3515625, 0.46875, 0.53125, 0.46875, 0.40625, 0.3359375, 0.203125, 0.2265625, 0.484375, 0.453125, 0.46875, 0.34375, 0.3203125, 0.1171875, 0.5546875]","[26, 112]",0.4492880838174052,0.3299939097833498
757,12287.8125,"[0.6875, 0.9375, 0.5625, 0.421875, 0.296875, 0.359375, 0.34375, 0.875, 1.0, 0.8125, 0.40625, 0.640625, 0.375, 0.2265625, 0.96875, 0.90625, 0.75, 0.25, 0.515625, 0.234375, 0.5234375]","[0.375, 0.53125, 0.375, 0.421875, 0.1796875, 0.2109375, 0.359375, 0.46875, 0.53125, 0.46875, 0.40625, 0.3359375, 0.203125, 0.2265625, 0.484375, 0.453125, 0.4375, 0.34375, 0.3203125, 0.1171875, 0.5546875]",[80],0.44664832012634104,0.32820317935167254
758,12208.75,"[0.6875, 0.9375, 0.5625, 0.421875, 0.296875, 0.359375, 0.34375, 0.875, 1.0, 0.8125, 0.40625, 0.640625, 0.375, 0.2265625, 0.96875, 0.90625, 0.75, 0.25, 0.515625, 0.234375, 0.5234375]","[0.375, 0.53125, 0.375, 0.421875, 0.1796875, 0.2109375, 0.359375, 0.46875, 0.53125, 0.46875, 0.40625, 0.3359375, 0.203125, 0.2265625, 0.484375, 0.453125, 0.4375, 0.34375, 0.3203125, 0.1171875, 0.5546875]",[80],0.44664832012634104,0.32820317935167254
759,12208.75,"[0.6875, 0.8125, 0.5625, 0.421875, 0.296875, 0.328125, 0.34375, 0.875, 1.0, 0.8125, 0.40625, 0.578125, 0.25, 0.2265625, 0.96875, 0.90625, 0.75, 0.25, 0.515625, 0.234375, 0.5234375]","[0.375, 0.46875, 0.375, 0.421875, 0.1796875, 0.1796875, 0.359375, 0.46875, 0.53125, 0.46875, 0.40625, 0.3046875, 0.140625, 0.2265625, 0.484375, 0.453125, 0.4375, 0.34375, 0.3203125, 0.1171875, 0.5546875]",[74],0.4590145466789962,0.3476514611813655
760,11891.25,"[0.8125, 0.8125, 0.5625, 0.421875, 0.296875, 0.328125, 0.34375, 0.875, 1.0, 0.8125, 0.40625, 0.578125, 0.25, 0.1640625, 0.96875, 0.90625, 0.75, 0.25, 0.515625, 0.234375, 0.5234375]","[0.4375, 0.46875, 0.375, 0.421875, 0.1796875, 0.1796875, 0.359375, 0.46875, 0.53125, 0.46875, 0.40625, 0.3046875, 0.140625, 0.1640625, 0.484375, 0.453125, 0.4375, 0.34375, 0.3203125, 0.1171875, 0.5546875]",[80],0.47165777034006706,0.36111595606925295
761,11751.796875,"[0.8125, 0.8125, 0.5625, 0.421875, 0.296875, 0.328125, 0.3515625, 0.875, 0.75, 0.8125, 0.40625, 0.578125, 0.25, 0.1640625, 0.96875, 0.90625, 0.75, 0.25, 0.515625, 0.234375, 0.4609375]","[0.4375, 0.46875, 0.375, 0.421875, 0.1796875, 0.1796875, 0.3671875, 0.46875, 0.40625, 0.46875, 0.40625, 0.3046875, 0.140625, 0.1640625, 0.484375, 0.453125, 0.4375, 0.34375, 0.3203125, 0.1171875, 0.4921875]","[45, 82, 83]",0.4580175928901638,0.3442558797270478
762,11752.734375,"[0.8125, 0.8125, 0.5625, 0.421875, 0.296875, 0.328125, 0.3515625, 0.875, 0.75, 0.8125, 0.40625, 0.578125, 0.25, 0.1640625, 0.96875, 0.90625, 0.75, 0.21875, 0.578125, 0.234375, 0.4609375]","[0.4375, 0.46875, 0.375, 0.421875, 0.1796875, 0.1796875, 0.3671875, 0.46875, 0.40625, 0.46875, 0.40625, 0.3046875, 0.140625, 0.1640625, 0.484375, 0.453125, 0.4375, 0.3125, 0.3515625, 0.1171875, 0.4921875]","[45, 83, 105, 112]",0.4601168077004774,0.34452500488585247
763,11633.203125,"[0.8125, 0.8125, 0.5625, 0.421875, 0.296875, 0.328125, 0.3515625, 0.875, 0.75, 0.8125, 0.4375, 0.578125, 0.25, 0.1640625, 0.96875, 0.90625, 0.5, 0.21875, 0.578125, 0.234375, 0.4609375]","[0.4375, 0.46875, 0.375, 0.421875, 0.1796875, 0.1796875, 0.3671875, 0.46875, 0.40625, 0.46875, 0.46875, 0.3046875, 0.140625, 0.1640625, 0.484375, 0.453125, 0.3125, 0.3125, 0.3515625, 0.1171875, 0.4921875]",[83],0.4605434822650526,0.3502241043930342
764,11515.546875,"[0.8125, 0.8125, 0.5625, 0.421875, 0.296875, 0.328125, 0.3515625, 0.875, 0.75, 0.8125, 0.4375, 0.5625, 0.25, 0.1640625, 0.96875, 0.90625, 0.5, 0.34375, 0.578125, 0.234375, 0.3984375]","[0.4375, 0.46875, 0.375, 0.421875, 0.1796875, 0.1796875, 0.3671875, 0.46875, 0.40625, 0.46875, 0.46875, 0.296875, 0.140625, 0.1640625, 0.484375, 0.453125, 0.3125, 0.4375, 0.3515625, 0.1171875, 0.4296875]","[4, 94]",0.4493615645650663,0.343727971592973
765,11395.390625,"[0.6875, 0.8125, 0.5625, 0.421875, 0.296875, 0.328125, 0.3515625, 0.875, 0.75, 0.8125, 0.4375, 0.5625, 0.25, 0.1640625, 0.96875, 0.90625, 0.5, 0.28125, 0.578125, 0.234375, 0.3984375]","[0.375, 0.46875, 0.375, 0.421875, 0.1796875, 0.1796875, 0.3671875, 0.46875, 0.40625, 0.46875, 0.46875, 0.296875, 0.140625, 0.1640625, 0.484375, 0.453125, 0.3125, 0.375, 0.3515625, 0.1171875, 0.4296875]",[4],0.4522312730609572,0.3417208538057132
766,11217.578125,"[0.5625, 0.8125, 0.5625, 0.421875, 0.296875, 0.328125, 0.3515625, 0.875, 0.75, 0.8125, 0.4375, 0.5625, 0.25, 0.1640625, 0.96875, 0.90625, 0.5625, 0.28125, 0.578125, 0.234375, 0.3984375]","[0.3125, 0.46875, 0.375, 0.421875, 0.1796875, 0.1796875, 0.3671875, 0.46875, 0.40625, 0.46875, 0.46875, 0.296875, 0.140625, 0.1640625, 0.484375, 0.453125, 0.34375, 0.375, 0.3515625, 0.1171875, 0.4296875]","[33, 56, 88]",0.4503652294802052,0.3427450021065107
767,11335.703125,"[0.625, 0.8125, 0.5625, 0.421875, 0.265625, 0.328125, 0.3515625, 0.875, 0.75, 0.8125, 0.4375, 0.5625, 0.25, 0.1640625, 0.96875, 0.90625, 0.5625, 0.28125, 0.578125, 0.234375, 0.3984375]","[0.375, 0.46875, 0.375, 0.421875, 0.1640625, 0.1796875, 0.3671875, 0.46875, 0.40625, 0.46875, 0.46875, 0.296875, 0.140625, 0.1640625, 0.484375, 0.453125, 0.34375, 0.375, 0.3515625, 0.1171875, 0.4296875]","[33, 88, 107]",0.4535032464858169,0.3434278102391481
768,11335.703125,"[0.625, 0.8125, 0.5625, 0.421875, 0.234375, 0.328125, 0.3515625, 0.875, 0.75, 0.8125, 0.4375, 0.59375, 0.25, 0.1640625, 0.96875, 0.90625, 0.5625, 0.28125, 0.578125, 0.234375, 0.3984375]","[0.375, 0.46875, 0.375, 0.421875, 0.1484375, 0.1796875, 0.3671875, 0.46875, 0.40625, 0.46875, 0.46875, 0.328125, 0.140625, 0.1640625, 0.484375, 0.453125, 0.34375, 0.375, 0.3515625, 0.1171875, 0.4296875]","[88, 33, 108]",0.4573076136585914,0.34482105111975814
769,11317.734375,"[0.625, 0.75, 0.5625, 0.421875, 0.234375, 0.328125, 0.4140625, 0.875, 0.75, 0.8125, 0.4375, 0.59375, 0.25, 0.1640625, 0.96875, 0.90625, 0.5625, 0.28125, 0.578125, 0.234375, 0.3984375]","[0.375, 0.40625, 0.375, 0.421875, 0.1484375, 0.1796875, 0.4296875, 0.46875, 0.40625, 0.46875, 0.46875, 0.328125, 0.140625, 0.1640625, 0.484375, 0.453125, 0.34375, 0.375, 0.3515625, 0.1171875, 0.4296875]","[33, 98, 108]",0.4480123998033392,0.34204706207361657
770,11457.578125,"[0.625, 0.75, 0.5625, 0.421875, 0.234375, 0.328125, 0.4140625, 0.875, 0.75, 0.8125, 0.4375, 0.59375, 0.25, 0.1640625, 0.96875, 0.90625, 0.5625, 0.28125, 0.609375, 0.234375, 0.4609375]","[0.375, 0.40625, 0.375, 0.421875, 0.1484375, 0.1796875, 0.4296875, 0.46875, 0.40625, 0.46875, 0.46875, 0.328125, 0.140625, 0.1640625, 0.484375, 0.453125, 0.34375, 0.375, 0.3828125, 0.1171875, 0.4921875]","[108, 112, 114]",0.4425643230342948,0.34588290637688784
771,11775.703125,"[0.625, 0.75, 0.5625, 0.421875, 0.359375, 0.328125, 0.4140625, 0.875, 0.75, 0.8125, 0.4375, 0.59375, 0.25, 0.1640625, 0.96875, 0.90625, 0.5625, 0.28125, 0.609375, 0.234375, 0.5234375]","[0.375, 0.40625, 0.375, 0.421875, 0.2109375, 0.1796875, 0.4296875, 0.46875, 0.40625, 0.46875, 0.46875, 0.328125, 0.140625, 0.1640625, 0.484375, 0.453125, 0.34375, 0.375, 0.3828125, 0.1171875, 0.5546875]","[114, 121, 123]",0.4228121441801381,0.33945496509141365
772,12052.890625,"[0.625, 0.75, 0.5625, 0.421875, 0.359375, 0.328125, 0.4140625, 0.875, 0.75, 0.8125, 0.40625, 0.59375, 0.25, 0.1640625, 0.96875, 0.90625, 0.5625, 0.28125, 0.609375, 0.234375, 0.5234375]","[0.375, 0.40625, 0.375, 0.421875, 0.2109375, 0.1796875, 0.4296875, 0.46875, 0.40625, 0.46875, 0.40625, 0.328125, 0.140625, 0.1640625, 0.484375, 0.453125, 0.34375, 0.375, 0.3828125, 0.1171875, 0.5546875]",[105],0.425418166790479,0.3368301597624208
773,11775.859375,"[0.625, 0.75, 0.5625, 0.421875, 0.359375, 0.328125, 0.4140625, 0.875, 0.75, 0.8125, 0.375, 0.59375, 0.25, 0.1640625, 0.96875, 0.90625, 0.5625, 0.28125, 0.609375, 0.234375, 0.5390625]","[0.375, 0.40625, 0.375, 0.421875, 0.2109375, 0.1796875, 0.4296875, 0.46875, 0.40625, 0.46875, 0.375, 0.328125, 0.140625, 0.1640625, 0.484375, 0.453125, 0.34375, 0.375, 0.3828125, 0.1171875, 0.5703125]",[61],0.42773688695102674,0.339919473080843
774,11775.546875,"[0.625, 0.75, 0.5625, 0.421875, 0.359375, 0.328125, 0.4140625, 0.875, 0.75, 0.8125, 0.375, 0.46875, 0.25, 0.1640625, 0.96875, 0.90625, 0.5625, 0.28125, 0.609375, 0.234375, 0.5390625]","[0.375, 0.40625, 0.375, 0.421875, 0.2109375, 0.1796875, 0.4296875, 0.46875, 0.40625, 0.46875, 0.375, 0.265625, 0.140625, 0.1640625, 0.484375, 0.453125, 0.34375, 0.375, 0.3828125, 0.1171875, 0.5703125]",[25],0.4328602034033857,0.3467783899996682
775,11734.921875,"[0.625, 0.75, 0.5625, 0.421875, 0.359375, 0.328125, 0.4140625, 0.8125, 0.75, 0.8125, 0.375, 0.46875, 0.25, 0.1640625, 0.96875, 0.90625, 0.8125, 0.28125, 0.609375, 0.234375, 0.5390625]","[0.375, 0.40625, 0.375, 0.421875, 0.2109375, 0.1796875, 0.4296875, 0.40625, 0.40625, 0.46875, 0.375, 0.265625, 0.140625, 0.1640625, 0.484375, 0.453125, 0.46875, 0.375, 0.3828125, 0.1171875, 0.5703125]","[23, 61]",0.43241445344569895,0.345273768522228
776,11854.296875,"[0.625, 0.75, 0.5, 0.421875, 0.359375, 0.328125, 0.4140625, 0.8125, 0.75, 0.8125, 0.375, 0.46875, 0.25, 0.1640625, 0.96875, 0.90625, 0.8125, 0.28125, 0.609375, 0.234375, 0.5390625]","[0.375, 0.40625, 0.3125, 0.421875, 0.2109375, 0.1796875, 0.4296875, 0.40625, 0.40625, 0.46875, 0.375, 0.265625, 0.140625, 0.1640625, 0.484375, 0.453125, 0.46875, 0.375, 0.3828125, 0.1171875, 0.5703125]","[23, 8, 61]",0.43507465901660575,0.3489234709141161
777,12131.796875,"[0.875, 0.75, 0.5, 0.421875, 0.359375, 0.453125, 0.4140625, 0.8125, 0.75, 0.8125, 0.375, 0.46875, 0.25, 0.1640625, 0.96875, 0.90625, 0.8125, 0.28125, 0.609375, 0.234375, 0.5390625]","[0.5, 0.40625, 0.3125, 0.421875, 0.2109375, 0.2421875, 0.4296875, 0.40625, 0.40625, 0.46875, 0.375, 0.265625, 0.140625, 0.1640625, 0.484375, 0.453125, 0.46875, 0.375, 0.3828125, 0.1171875, 0.5703125]","[61, 114]",0.43178224987070424,0.34120964844619095
778,12091.796875,"[0.875, 0.75, 0.5, 0.421875, 0.359375, 0.453125, 0.4140625, 0.8125, 0.75, 0.8125, 0.375, 0.46875, 0.25, 0.1328125, 0.96875, 0.90625, 0.8125, 0.28125, 0.609375, 0.234375, 0.5703125]","[0.5, 0.40625, 0.3125, 0.421875, 0.2109375, 0.2421875, 0.4296875, 0.40625, 0.40625, 0.46875, 0.375, 0.265625, 0.140625, 0.1328125, 0.484375, 0.453125, 0.46875, 0.375, 0.3828125, 0.1171875, 0.6015625]","[102, 114, 121]",0.43622565533795576,0.35547348429201703
779,12130.859375,"[0.875, 0.75, 0.5, 0.421875, 0.359375, 0.421875, 0.3828125, 0.8125, 0.75, 0.8125, 0.375, 0.46875, 0.25, 0.1328125, 0.96875, 0.90625, 0.8125, 0.28125, 0.609375, 0.234375, 0.5703125]","[0.5, 0.40625, 0.3125, 0.421875, 0.2109375, 0.2109375, 0.3984375, 0.40625, 0.40625, 0.46875, 0.375, 0.265625, 0.140625, 0.1328125, 0.484375, 0.453125, 0.46875, 0.375, 0.3828125, 0.1171875, 0.6015625]",[35],0.4416189864662899,0.3609997423566718
780,11931.796875,"[0.875, 0.75, 0.375, 0.421875, 0.359375, 0.421875, 0.3828125, 0.8125, 0.75, 0.9375, 0.375, 0.46875, 0.25, 0.125, 0.96875, 0.90625, 0.8125, 0.28125, 0.609375, 0.234375, 0.5546875]","[0.5, 0.40625, 0.25, 0.421875, 0.2109375, 0.2109375, 0.3984375, 0.40625, 0.40625, 0.53125, 0.375, 0.265625, 0.140625, 0.125, 0.484375, 0.453125, 0.46875, 0.375, 0.3828125, 0.1171875, 0.5703125]","[17, 37]",0.4622459138507872,0.3713625671092874
781,11912.34375,"[0.875, 0.75, 0.375, 0.421875, 0.359375, 0.421875, 0.3828125, 0.8125, 0.75, 0.9375, 0.375, 0.46875, 0.25, 0.125, 0.96875, 0.90625, 0.8125, 0.28125, 0.609375, 0.234375, 0.5546875]","[0.5, 0.40625, 0.25, 0.421875, 0.2109375, 0.2109375, 0.3984375, 0.40625, 0.40625, 0.53125, 0.375, 0.265625, 0.140625, 0.125, 0.484375, 0.453125, 0.46875, 0.375, 0.3828125, 0.1171875, 0.5703125]",[17],0.4622459138507872,0.3713625671092874
782,11872.96875,"[0.625, 0.75, 0.375, 0.421875, 0.359375, 0.421875, 0.3828125, 0.8125, 0.75, 0.9375, 0.375, 0.46875, 0.25, 0.125, 0.96875, 0.90625, 0.8125, 0.28125, 0.609375, 0.234375, 0.5546875]","[0.375, 0.40625, 0.25, 0.421875, 0.2109375, 0.2109375, 0.3984375, 0.40625, 0.40625, 0.53125, 0.375, 0.265625, 0.140625, 0.125, 0.484375, 0.453125, 0.46875, 0.375, 0.3828125, 0.1171875, 0.5703125]",[17],0.45499262536235097,0.3668528712689705
783,11635.78125,"[0.625, 0.75, 0.375, 0.421875, 0.359375, 0.296875, 0.3828125, 0.8125, 0.75, 0.9375, 0.375, 0.46875, 0.25, 0.125, 0.96875, 0.90625, 0.8125, 0.28125, 0.609375, 0.234375, 0.5546875]","[0.375, 0.40625, 0.25, 0.421875, 0.2109375, 0.1484375, 0.3984375, 0.40625, 0.40625, 0.53125, 0.375, 0.265625, 0.140625, 0.125, 0.484375, 0.453125, 0.46875, 0.375, 0.3828125, 0.1171875, 0.5703125]","[8, 17]",0.46807419278580015,0.38110039125967515
784,11496.875,"[0.625, 0.75, 0.375, 0.4375, 0.359375, 0.296875, 0.3828125, 0.8125, 0.75, 0.6875, 0.375, 0.46875, 0.25, 0.125, 0.96875, 0.90625, 0.8125, 0.28125, 0.609375, 0.234375, 0.5546875]","[0.375, 0.40625, 0.25, 0.4375, 0.2109375, 0.1484375, 0.3984375, 0.40625, 0.40625, 0.40625, 0.375, 0.265625, 0.140625, 0.125, 0.484375, 0.453125, 0.46875, 0.375, 0.3828125, 0.1171875, 0.5703125]","[8, 23, 37]",0.45154132388318974,0.37186712371768277
785,11458.4375,"[0.625, 0.75, 0.375, 0.5, 0.359375, 0.296875, 0.3828125, 0.8125, 0.75, 0.6875, 0.375, 0.46875, 0.25, 0.125, 0.96875, 0.90625, 0.8125, 0.28125, 0.609375, 0.234375, 0.5546875]","[0.375, 0.40625, 0.25, 0.5, 0.2109375, 0.1484375, 0.3984375, 0.40625, 0.40625, 0.40625, 0.375, 0.265625, 0.140625, 0.125, 0.484375, 0.453125, 0.46875, 0.375, 0.3828125, 0.1171875, 0.5703125]","[8, 37]",0.4475965162915015,0.376954957374226
786,11656.875,"[0.625, 0.75, 0.375, 0.5, 0.359375, 0.296875, 0.3828125, 0.8125, 0.75, 0.6875, 0.4375, 0.46875, 0.25, 0.125, 0.96875, 0.90625, 0.8125, 0.28125, 0.609375, 0.234375, 0.5546875]","[0.375, 0.40625, 0.25, 0.5, 0.2109375, 0.1484375, 0.3984375, 0.40625, 0.40625, 0.40625, 0.4375, 0.265625, 0.140625, 0.125, 0.484375, 0.453125, 0.46875, 0.375, 0.3828125, 0.1171875, 0.5703125]",[8],0.4421411401386748,0.3775643210575631
787,11517.8125,"[0.625, 0.75, 0.375, 0.5, 0.359375, 0.296875, 0.3828125, 0.8125, 0.75, 0.6875, 0.4375, 0.4375, 0.25, 0.125, 0.96875, 0.90625, 0.84375, 0.28125, 0.609375, 0.234375, 0.5546875]","[0.375, 0.40625, 0.25, 0.5, 0.2109375, 0.1484375, 0.3984375, 0.40625, 0.40625, 0.40625, 0.4375, 0.25, 0.140625, 0.125, 0.484375, 0.453125, 0.484375, 0.375, 0.3828125, 0.1171875, 0.5703125]",[70],0.4465660637988373,0.38108793958093945
788,11517.5,"[0.625, 0.75, 0.375, 0.5, 0.359375, 0.296875, 0.3828125, 0.8125, 0.75, 0.6875, 0.4375, 0.4375, 0.25, 0.125, 0.96875, 0.90625, 0.84375, 0.28125, 0.609375, 0.234375, 0.5546875]","[0.375, 0.40625, 0.25, 0.5, 0.2109375, 0.1484375, 0.3984375, 0.40625, 0.40625, 0.40625, 0.4375, 0.25, 0.140625, 0.125, 0.484375, 0.453125, 0.484375, 0.375, 0.3828125, 0.1171875, 0.5703125]",[70],0.4465660637988373,0.38108793958093945
789,11557.5,"[0.625, 0.75, 0.375, 0.5625, 0.359375, 0.296875, 0.3828125, 0.8125, 0.75, 0.6875, 0.4375, 0.4375, 0.25, 0.125, 0.96875, 0.90625, 0.84375, 0.28125, 0.609375, 0.234375, 0.5546875]","[0.375, 0.40625, 0.25, 0.5625, 0.2109375, 0.1484375, 0.3984375, 0.40625, 0.40625, 0.40625, 0.4375, 0.25, 0.140625, 0.125, 0.484375, 0.453125, 0.484375, 0.375, 0.3828125, 0.1171875, 0.5703125]",[90],0.4440156351518033,0.3891930106407053
790,11577.1875,"[0.625, 0.75, 0.375, 0.5625, 0.359375, 0.296875, 0.3828125, 0.8125, 0.78125, 0.6875, 0.4375, 0.4375, 0.25, 0.125, 0.96875, 0.90625, 0.8125, 0.28125, 0.609375, 0.234375, 0.5546875]","[0.375, 0.40625, 0.25, 0.5625, 0.2109375, 0.1484375, 0.3984375, 0.40625, 0.421875, 0.40625, 0.4375, 0.25, 0.140625, 0.125, 0.484375, 0.453125, 0.46875, 0.375, 0.3828125, 0.1171875, 0.5703125]",[50],0.4432851634231752,0.3882271127399838
791,11596.875,"[0.625, 0.75, 0.375, 0.5625, 0.359375, 0.296875, 0.3828125, 0.8125, 0.78125, 0.6875, 0.4375, 0.4375, 0.25, 0.125, 0.96875, 0.90625, 0.875, 0.28125, 0.609375, 0.234375, 0.546875]","[0.375, 0.40625, 0.25, 0.5625, 0.2109375, 0.1484375, 0.3984375, 0.40625, 0.421875, 0.40625, 0.4375, 0.25, 0.140625, 0.125, 0.484375, 0.453125, 0.5, 0.375, 0.3828125, 0.1171875, 0.5625]","[92, 93]",0.448185541884053,0.3894110421637967
792,11636.640625,"[0.625, 0.75, 0.375, 0.5625, 0.359375, 0.296875, 0.3828125, 0.8125, 0.78125, 0.6875, 0.4375, 0.4375, 0.25, 0.125, 0.96875, 0.90625, 0.875, 0.28125, 0.609375, 0.234375, 0.484375]","[0.375, 0.40625, 0.25, 0.5625, 0.2109375, 0.1484375, 0.3984375, 0.40625, 0.421875, 0.40625, 0.4375, 0.25, 0.140625, 0.125, 0.484375, 0.453125, 0.5, 0.375, 0.3828125, 0.1171875, 0.5]","[92, 93]",0.45116555451493123,0.38144834473300987
793,11576.640625,"[0.625, 0.75, 0.375, 0.5625, 0.359375, 0.296875, 0.3828125, 0.8125, 0.78125, 0.6875, 0.4375, 0.4375, 0.25, 0.125, 0.96875, 0.90625, 0.8125, 0.28125, 0.609375, 0.171875, 0.484375]","[0.375, 0.40625, 0.25, 0.5625, 0.2109375, 0.1484375, 0.3984375, 0.40625, 0.421875, 0.40625, 0.4375, 0.25, 0.140625, 0.125, 0.484375, 0.453125, 0.46875, 0.375, 0.3828125, 0.0859375, 0.5]",[22],0.4566538553622247,0.3882739286632403
794,11457.578125,"[0.625, 0.75, 0.375, 0.5625, 0.359375, 0.296875, 0.3828125, 0.8125, 0.78125, 0.6875, 0.4375, 0.4375, 0.25, 0.125, 0.96875, 0.90625, 0.8125, 0.28125, 0.734375, 0.171875, 0.484375]","[0.375, 0.40625, 0.25, 0.5625, 0.2109375, 0.1484375, 0.3984375, 0.40625, 0.421875, 0.40625, 0.4375, 0.25, 0.140625, 0.125, 0.484375, 0.453125, 0.46875, 0.375, 0.4453125, 0.0859375, 0.5]",[42],0.4579479510375028,0.38908146810623284
795,11536.328125,"[0.625, 0.75, 0.375, 0.5625, 0.359375, 0.296875, 0.3828125, 0.8125, 0.78125, 0.8125, 0.4375, 0.4375, 0.25, 0.125, 0.96875, 0.90625, 0.5, 0.28125, 0.734375, 0.171875, 0.484375]","[0.375, 0.40625, 0.25, 0.5625, 0.2109375, 0.1484375, 0.3984375, 0.40625, 0.421875, 0.46875, 0.4375, 0.25, 0.140625, 0.125, 0.484375, 0.453125, 0.28125, 0.375, 0.4453125, 0.0859375, 0.5]",[25],0.46134500796235606,0.3962364951854809
796,11379.140625,"[0.625, 0.75, 0.375, 0.5625, 0.359375, 0.328125, 0.3828125, 0.8125, 0.78125, 0.8125, 0.4375, 0.4375, 0.25, 0.125, 0.96875, 0.90625, 0.5, 0.28125, 0.734375, 0.171875, 0.484375]","[0.375, 0.40625, 0.25, 0.5625, 0.2109375, 0.1640625, 0.3984375, 0.40625, 0.421875, 0.46875, 0.4375, 0.25, 0.140625, 0.125, 0.484375, 0.453125, 0.28125, 0.375, 0.4453125, 0.0859375, 0.5]",[92],0.4575461860966532,0.3923917636865214
797,11418.828125,"[0.5625, 0.75, 0.375, 0.5625, 0.359375, 0.296875, 0.3828125, 0.8125, 0.78125, 0.8125, 0.4375, 0.4375, 0.25, 0.125, 0.71875, 0.90625, 0.5, 0.28125, 0.734375, 0.171875, 0.484375]","[0.3125, 0.40625, 0.25, 0.5625, 0.2109375, 0.1484375, 0.3984375, 0.40625, 0.421875, 0.46875, 0.4375, 0.25, 0.140625, 0.125, 0.359375, 0.453125, 0.28125, 0.375, 0.4453125, 0.0859375, 0.5]","[25, 43, 49]",0.4406240503184185,0.3956648604005042
798,11419.765625,"[0.5625, 0.75, 0.375, 0.5625, 0.359375, 0.296875, 0.3828125, 0.8125, 0.78125, 0.8125, 0.4375, 0.3125, 0.25, 0.125, 0.84375, 0.90625, 0.5, 0.28125, 0.734375, 0.171875, 0.484375]","[0.3125, 0.40625, 0.25, 0.5625, 0.2109375, 0.1484375, 0.3984375, 0.40625, 0.421875, 0.46875, 0.4375, 0.1875, 0.140625, 0.125, 0.421875, 0.453125, 0.28125, 0.375, 0.4453125, 0.0859375, 0.5]",[25],0.4611207331908991,0.4070090436292625
799,11221.328125,"[0.5625, 0.75, 0.375, 0.5625, 0.359375, 0.15625, 0.3828125, 0.8125, 0.53125, 0.8125, 0.4375, 0.3125, 0.1875, 0.125, 0.84375, 0.875, 0.5, 0.28125, 0.734375, 0.171875, 0.484375]","[0.3125, 0.40625, 0.25, 0.5625, 0.2109375, 0.078125, 0.3984375, 0.40625, 0.296875, 0.46875, 0.4375, 0.1875, 0.109375, 0.125, 0.421875, 0.4375, 0.28125, 0.375, 0.4453125, 0.0859375, 0.5]","[19, 25]",0.4848584885284849,0.4384601744897195
800,10806.015625,"[0.5625, 0.75, 0.375, 0.5625, 0.359375, 0.15625, 0.3828125, 0.8125, 0.53125, 0.8125, 0.4375, 0.3125, 0.1875, 0.125, 0.84375, 0.875, 0.375, 0.296875, 0.734375, 0.171875, 0.484375]","[0.3125, 0.40625, 0.25, 0.5625, 0.2109375, 0.078125, 0.3984375, 0.40625, 0.296875, 0.46875, 0.4375, 0.1875, 0.109375, 0.125, 0.421875, 0.4375, 0.21875, 0.390625, 0.4453125, 0.0859375, 0.5]","[25, 28]",0.4913183462077363,0.44718483855715735
801,10647.890625,"[0.5625, 0.75, 0.375, 0.5625, 0.359375, 0.15625, 0.3828125, 0.8125, 0.5, 0.8125, 0.4375, 0.3125, 0.1875, 0.125, 0.84375, 0.625, 0.375, 0.296875, 0.734375, 0.171875, 0.484375]","[0.3125, 0.40625, 0.25, 0.5625, 0.2109375, 0.078125, 0.3984375, 0.40625, 0.28125, 0.46875, 0.4375, 0.1875, 0.109375, 0.125, 0.421875, 0.3125, 0.21875, 0.390625, 0.4453125, 0.0859375, 0.5]","[25, 28]",0.4746950305077974,0.4496327119346801
802,10710.078125,"[0.5625, 0.75, 0.375, 0.5625, 0.359375, 0.15625, 0.4453125, 0.8125, 0.5, 0.8125, 0.4375, 0.3125, 0.1875, 0.1171875, 0.84375, 0.625, 0.375, 0.296875, 0.734375, 0.171875, 0.421875]","[0.3125, 0.40625, 0.25, 0.5625, 0.2109375, 0.078125, 0.4609375, 0.40625, 0.28125, 0.46875, 0.4375, 0.1875, 0.109375, 0.1171875, 0.421875, 0.3125, 0.21875, 0.390625, 0.4453125, 0.0859375, 0.4375]","[24, 25]",0.4751993601115561,0.4491681639368661
803,10490.15625,"[0.5625, 0.75, 0.375, 0.5625, 0.328125, 0.15625, 0.4453125, 0.8125, 0.5, 0.8125, 0.4375, 0.3125, 0.1875, 0.1015625, 0.84375, 0.625, 0.375, 0.296875, 0.796875, 0.171875, 0.421875]","[0.3125, 0.40625, 0.25, 0.5625, 0.1953125, 0.078125, 0.4609375, 0.40625, 0.28125, 0.46875, 0.4375, 0.1875, 0.109375, 0.1015625, 0.421875, 0.3125, 0.21875, 0.390625, 0.4765625, 0.0859375, 0.4375]","[24, 29]",0.4870167315682609,0.45926918989728444
804,10430.625,"[0.5625, 0.75, 0.375, 0.5625, 0.328125, 0.15625, 0.4453125, 0.8125, 0.5, 0.8125, 0.4375, 0.3125, 0.1875, 0.1015625, 0.84375, 0.625, 0.375, 0.296875, 0.796875, 0.171875, 0.421875]","[0.3125, 0.40625, 0.25, 0.5625, 0.1953125, 0.078125, 0.4609375, 0.40625, 0.28125, 0.46875, 0.4375, 0.1875, 0.109375, 0.1015625, 0.421875, 0.3125, 0.21875, 0.390625, 0.4765625, 0.0859375, 0.4375]","[24, 44]",0.4870167315682609,0.45926918989728444
805,10569.6875,"[0.5625, 0.75, 0.375, 0.5625, 0.328125, 0.15625, 0.4453125, 0.8125, 0.5, 0.8125, 0.4375, 0.3125, 0.1875, 0.1015625, 0.84375, 0.625, 0.375, 0.453125, 0.796875, 0.171875, 0.421875]","[0.3125, 0.40625, 0.25, 0.5625, 0.1953125, 0.078125, 0.4609375, 0.40625, 0.28125, 0.46875, 0.4375, 0.1875, 0.109375, 0.1015625, 0.421875, 0.3125, 0.21875, 0.546875, 0.4765625, 0.0859375, 0.4375]","[49, 53]",0.4726522520797358,0.4721634116276861
806,10688.4375,"[0.5625, 0.75, 0.4375, 0.5625, 0.328125, 0.21875, 0.4453125, 0.8125, 0.5, 0.8125, 0.4375, 0.3125, 0.1875, 0.1015625, 0.84375, 0.625, 0.375, 0.453125, 0.796875, 0.171875, 0.390625]","[0.3125, 0.40625, 0.3125, 0.5625, 0.1953125, 0.109375, 0.4609375, 0.40625, 0.28125, 0.46875, 0.4375, 0.1875, 0.109375, 0.1015625, 0.421875, 0.3125, 0.21875, 0.546875, 0.4765625, 0.0859375, 0.40625]",[60],0.45918598205734656,0.45523675876231956
807,10648.125,"[0.5625, 0.75, 0.4375, 0.5625, 0.328125, 0.21875, 0.4453125, 0.8125, 0.5, 0.6875, 0.4375, 0.3125, 0.1875, 0.1015625, 0.84375, 0.625, 0.375, 0.453125, 0.796875, 0.171875, 0.390625]","[0.3125, 0.40625, 0.3125, 0.5625, 0.1953125, 0.109375, 0.4609375, 0.40625, 0.28125, 0.40625, 0.4375, 0.1875, 0.109375, 0.1015625, 0.421875, 0.3125, 0.21875, 0.546875, 0.4765625, 0.0859375, 0.40625]",[42],0.4493742937233671,0.4522462970785835
808,10549.6875,"[0.5625, 0.75, 0.4375, 0.5625, 0.328125, 0.21875, 0.4453125, 0.8125, 0.5, 0.71875, 0.4375, 0.3125, 0.1875, 0.1015625, 0.84375, 0.625, 0.375, 0.453125, 0.796875, 0.171875, 0.390625]","[0.3125, 0.40625, 0.3125, 0.5625, 0.1953125, 0.109375, 0.4609375, 0.40625, 0.28125, 0.421875, 0.4375, 0.1875, 0.109375, 0.1015625, 0.421875, 0.3125, 0.21875, 0.546875, 0.4765625, 0.0859375, 0.40625]",[60],0.4512552731135625,0.4526572306104359
809,10569.375,"[0.5625, 0.75, 0.4375, 0.5625, 0.328125, 0.21875, 0.4453125, 0.8125, 0.5, 0.71875, 0.4375, 0.3125, 0.1875, 0.1015625, 0.84375, 0.625, 0.40625, 0.453125, 0.796875, 0.171875, 0.390625]","[0.3125, 0.40625, 0.3125, 0.5625, 0.1953125, 0.109375, 0.4609375, 0.40625, 0.28125, 0.421875, 0.4375, 0.1875, 0.109375, 0.1015625, 0.421875, 0.3125, 0.234375, 0.546875, 0.4765625, 0.0859375, 0.40625]","[66, 68]",0.44858713900427777,0.45009400618840634
810,10628.4375,"[0.5625, 0.75, 0.4375, 0.5625, 0.328125, 0.21875, 0.4453125, 0.8125, 0.5, 0.71875, 0.4375, 0.296875, 0.1875, 0.1015625, 0.84375, 0.625, 0.40625, 0.453125, 0.796875, 0.171875, 0.390625]","[0.3125, 0.40625, 0.3125, 0.5625, 0.1953125, 0.109375, 0.4609375, 0.40625, 0.28125, 0.421875, 0.4375, 0.1796875, 0.109375, 0.1015625, 0.421875, 0.3125, 0.234375, 0.546875, 0.4765625, 0.0859375, 0.40625]","[66, 68]",0.45054273981869764,0.45171575523999064
811,10867.03125,"[0.5625, 0.75, 0.4375, 0.5625, 0.328125, 0.21875, 0.4453125, 0.8125, 0.5, 0.71875, 0.4375, 0.296875, 0.1875, 0.1015625, 0.84375, 0.625, 0.40625, 0.453125, 0.796875, 0.171875, 0.390625]","[0.3125, 0.40625, 0.3125, 0.5625, 0.1953125, 0.109375, 0.4609375, 0.40625, 0.28125, 0.421875, 0.4375, 0.1796875, 0.109375, 0.1015625, 0.421875, 0.3125, 0.234375, 0.546875, 0.4765625, 0.0859375, 0.40625]","[66, 68]",0.45054273981869764,0.45171575523999064
812,10648.203125,"[0.5625, 0.875, 0.4375, 0.5625, 0.328125, 0.21875, 0.4453125, 0.8125, 0.5, 0.71875, 0.4375, 0.296875, 0.1875, 0.109375, 0.84375, 0.625, 0.40625, 0.453125, 0.796875, 0.171875, 0.390625]","[0.3125, 0.46875, 0.3125, 0.5625, 0.1953125, 0.109375, 0.4609375, 0.40625, 0.28125, 0.421875, 0.4375, 0.1796875, 0.109375, 0.109375, 0.421875, 0.3125, 0.234375, 0.546875, 0.4765625, 0.0859375, 0.40625]","[86, 90]",0.4618449841983776,0.4523965924630182
813,10668.046875,"[0.5625, 0.875, 0.4375, 0.5625, 0.328125, 0.21875, 0.4453125, 0.8125, 0.5, 0.71875, 0.4375, 0.296875, 0.1875, 0.109375, 0.84375, 0.625, 0.40625, 0.453125, 0.796875, 0.171875, 0.390625]","[0.3125, 0.46875, 0.3125, 0.5625, 0.1953125, 0.109375, 0.4609375, 0.40625, 0.28125, 0.421875, 0.4375, 0.1796875, 0.109375, 0.109375, 0.421875, 0.3125, 0.234375, 0.546875, 0.4765625, 0.0859375, 0.40625]","[90, 86, 91, 92, 93]",0.4618449841983776,0.4523965924630182
814,10865.390625,"[0.5625, 0.875, 0.6875, 0.578125, 0.328125, 0.21875, 0.4453125, 0.8125, 0.5, 0.71875, 0.4375, 0.296875, 0.1875, 0.109375, 0.78125, 0.625, 0.40625, 0.453125, 0.765625, 0.171875, 0.390625]","[0.3125, 0.46875, 0.4375, 0.578125, 0.1953125, 0.109375, 0.4609375, 0.40625, 0.28125, 0.421875, 0.4375, 0.1796875, 0.109375, 0.109375, 0.390625, 0.3125, 0.234375, 0.546875, 0.4453125, 0.0859375, 0.40625]","[90, 91, 93]",0.4499809734516495,0.45027004979067564
815,10944.921875,"[0.4375, 0.875, 0.6875, 0.578125, 0.328125, 0.21875, 0.4453125, 0.8125, 0.25, 0.71875, 0.4375, 0.296875, 0.1875, 0.109375, 0.78125, 0.625, 0.40625, 0.453125, 0.890625, 0.171875, 0.390625]","[0.25, 0.46875, 0.4375, 0.578125, 0.1953125, 0.109375, 0.4609375, 0.40625, 0.15625, 0.421875, 0.4375, 0.1796875, 0.109375, 0.109375, 0.390625, 0.3125, 0.234375, 0.546875, 0.5078125, 0.0859375, 0.40625]","[6, 74, 91]",0.49095186089962645,0.4833292875913827
816,10826.484375,"[0.4375, 0.875, 0.6875, 0.578125, 0.328125, 0.21875, 0.4453125, 0.8125, 0.25, 0.71875, 0.4375, 0.296875, 0.1875, 0.109375, 0.78125, 0.625, 0.40625, 0.453125, 0.890625, 0.171875, 0.390625]","[0.25, 0.46875, 0.4375, 0.578125, 0.1953125, 0.109375, 0.4609375, 0.40625, 0.15625, 0.421875, 0.4375, 0.1796875, 0.109375, 0.109375, 0.390625, 0.3125, 0.234375, 0.546875, 0.5078125, 0.0859375, 0.40625]","[74, 6, 91, 93, 99]",0.49095186089962645,0.4833292875913827
817,11143.984375,"[0.4375, 0.875, 0.9375, 0.703125, 0.328125, 0.21875, 0.4140625, 0.8125, 0.25, 0.71875, 0.4375, 0.296875, 0.28125, 0.109375, 0.78125, 0.625, 0.40625, 0.453125, 0.890625, 0.171875, 0.390625]","[0.25, 0.46875, 0.5625, 0.703125, 0.1953125, 0.109375, 0.4296875, 0.40625, 0.15625, 0.421875, 0.4375, 0.1796875, 0.140625, 0.109375, 0.390625, 0.3125, 0.234375, 0.546875, 0.5078125, 0.0859375, 0.40625]","[6, 29, 81]",0.5004557487410702,0.5095093558187592
818,11223.046875,"[0.4375, 0.875, 0.9375, 0.578125, 0.328125, 0.21875, 0.4140625, 0.8125, 0.25, 0.71875, 0.4375, 0.296875, 0.3125, 0.109375, 0.78125, 0.625, 0.34375, 0.453125, 0.890625, 0.109375, 0.390625]","[0.25, 0.46875, 0.5625, 0.578125, 0.1953125, 0.109375, 0.4296875, 0.40625, 0.15625, 0.421875, 0.4375, 0.1796875, 0.15625, 0.109375, 0.390625, 0.3125, 0.171875, 0.546875, 0.5078125, 0.0546875, 0.40625]","[2, 6, 29, 48]",0.5132252088063477,0.5024923935399583
819,11003.515625,"[0.4375, 0.875, 0.9375, 0.578125, 0.328125, 0.21875, 0.4140625, 0.8125, 0.25, 0.71875, 0.4375, 0.296875, 0.328125, 0.109375, 0.78125, 0.625, 0.34375, 0.453125, 0.890625, 0.109375, 0.390625]","[0.25, 0.46875, 0.5625, 0.578125, 0.1953125, 0.109375, 0.4296875, 0.40625, 0.15625, 0.421875, 0.4375, 0.1796875, 0.1640625, 0.109375, 0.390625, 0.3125, 0.171875, 0.546875, 0.5078125, 0.0546875, 0.40625]","[2, 6]",0.5114204028431526,0.5007634749927251
820,10826.328125,"[0.4375, 0.875, 0.9375, 0.578125, 0.328125, 0.21875, 0.4140625, 0.84375, 0.25, 0.71875, 0.4375, 0.296875, 0.328125, 0.109375, 0.78125, 0.625, 0.34375, 0.453125, 0.890625, 0.109375, 0.390625]","[0.25, 0.46875, 0.5625, 0.578125, 0.1953125, 0.109375, 0.4296875, 0.421875, 0.15625, 0.421875, 0.4375, 0.1796875, 0.1640625, 0.109375, 0.390625, 0.3125, 0.171875, 0.546875, 0.5078125, 0.0546875, 0.40625]","[2, 29]",0.5138771293961298,0.5008334994934704
821,11024.765625,"[0.4375, 0.875, 0.9375, 0.578125, 0.328125, 0.21875, 0.4140625, 0.84375, 0.25, 0.71875, 0.4375, 0.296875, 0.328125, 0.109375, 0.78125, 0.625, 0.34375, 0.453125, 0.890625, 0.109375, 0.390625]","[0.25, 0.46875, 0.5625, 0.578125, 0.1953125, 0.109375, 0.4296875, 0.421875, 0.15625, 0.421875, 0.4375, 0.1796875, 0.1640625, 0.109375, 0.390625, 0.3125, 0.171875, 0.546875, 0.5078125, 0.0546875, 0.40625]","[2, 29]",0.5138771293961298,0.5008334994934704
822,11023.203125,"[0.4375, 0.875, 0.9375, 0.5625, 0.328125, 0.21875, 0.4140625, 0.84375, 0.25, 0.71875, 0.4375, 0.296875, 0.328125, 0.109375, 0.78125, 0.625, 0.34375, 0.453125, 0.890625, 0.109375, 0.390625]","[0.25, 0.46875, 0.5625, 0.5625, 0.1953125, 0.109375, 0.4296875, 0.421875, 0.15625, 0.421875, 0.4375, 0.1796875, 0.1640625, 0.109375, 0.390625, 0.3125, 0.171875, 0.546875, 0.5078125, 0.0546875, 0.40625]","[2, 29]",0.514194389717078,0.49858273302752476
823,11043.984375,"[0.4375, 0.875, 0.9375, 0.5625, 0.328125, 0.21875, 0.4140625, 0.84375, 0.25, 0.71875, 0.4375, 0.28125, 0.328125, 0.109375, 0.90625, 0.625, 0.34375, 0.453125, 0.890625, 0.109375, 0.390625]","[0.25, 0.46875, 0.5625, 0.5625, 0.1953125, 0.109375, 0.4296875, 0.421875, 0.15625, 0.421875, 0.4375, 0.171875, 0.1640625, 0.109375, 0.453125, 0.3125, 0.171875, 0.546875, 0.5078125, 0.0546875, 0.40625]",[2],0.5261557381265789,0.5008696831800372
824,11024.140625,"[0.4375, 0.875, 0.9375, 0.5625, 0.328125, 0.21875, 0.4140625, 0.84375, 0.25, 0.71875, 0.5625, 0.28125, 0.328125, 0.109375, 0.90625, 0.625, 0.34375, 0.453125, 0.890625, 0.09375, 0.390625]","[0.25, 0.46875, 0.5625, 0.5625, 0.1953125, 0.109375, 0.4296875, 0.421875, 0.15625, 0.421875, 0.5625, 0.171875, 0.1640625, 0.109375, 0.453125, 0.3125, 0.171875, 0.546875, 0.5078125, 0.046875, 0.40625]",[75],0.5229244525153051,0.5121342416607989
825,11024.140625,"[0.4375, 0.875, 0.9375, 0.5625, 0.328125, 0.21875, 0.4140625, 0.84375, 0.25, 0.71875, 0.5625, 0.28125, 0.34375, 0.109375, 0.90625, 0.625, 0.34375, 0.453125, 0.890625, 0.09375, 0.375]","[0.25, 0.46875, 0.5625, 0.5625, 0.1953125, 0.109375, 0.4296875, 0.421875, 0.15625, 0.421875, 0.5625, 0.171875, 0.171875, 0.109375, 0.453125, 0.3125, 0.171875, 0.546875, 0.5078125, 0.046875, 0.375]","[11, 93]",0.5226611376644114,0.5112938353233676
826,11063.046875,"[0.4375, 0.875, 0.9375, 0.5625, 0.328125, 0.21875, 0.4140625, 0.84375, 0.25, 0.71875, 0.5625, 0.28125, 0.34375, 0.078125, 0.90625, 0.6875, 0.34375, 0.453125, 0.890625, 0.09375, 0.375]","[0.25, 0.46875, 0.5625, 0.5625, 0.1953125, 0.109375, 0.4296875, 0.421875, 0.15625, 0.421875, 0.5625, 0.171875, 0.171875, 0.078125, 0.453125, 0.34375, 0.171875, 0.546875, 0.5078125, 0.046875, 0.375]",[11],0.5290672715785686,0.5173831250402906
827,11023.671875,"[0.4375, 0.875, 0.9375, 0.5625, 0.328125, 0.21875, 0.4140625, 0.84375, 0.1875, 0.71875, 0.5625, 0.28125, 0.34375, 0.109375, 0.90625, 0.6875, 0.34375, 0.453125, 0.890625, 0.09375, 0.375]","[0.25, 0.46875, 0.5625, 0.5625, 0.1953125, 0.109375, 0.4296875, 0.421875, 0.09375, 0.421875, 0.5625, 0.171875, 0.171875, 0.109375, 0.453125, 0.34375, 0.171875, 0.546875, 0.5078125, 0.046875, 0.375]","[79, 102, 114, 118]",0.5324032414178634,0.5242651433223252
828,11280.859375,"[0.4375, 0.875, 0.9375, 0.5625, 0.328125, 0.21875, 0.4140625, 0.84375, 0.1875, 0.71875, 0.5625, 0.28125, 0.34375, 0.109375, 0.90625, 0.75, 0.34375, 0.453125, 0.890625, 0.09375, 0.375]","[0.25, 0.46875, 0.5625, 0.5625, 0.1953125, 0.109375, 0.4296875, 0.421875, 0.09375, 0.421875, 0.5625, 0.171875, 0.171875, 0.109375, 0.453125, 0.375, 0.171875, 0.546875, 0.5078125, 0.046875, 0.375]","[79, 102]",0.5339451782825207,0.5226031207729865
829,11202.109375,"[0.4375, 0.875, 0.9375, 0.5625, 0.328125, 0.21875, 0.4140625, 0.84375, 0.1875, 0.71875, 0.5625, 0.28125, 0.34375, 0.109375, 0.90625, 0.75, 0.34375, 0.453125, 0.890625, 0.09375, 0.375]","[0.25, 0.46875, 0.5625, 0.5625, 0.1953125, 0.109375, 0.4296875, 0.421875, 0.09375, 0.421875, 0.5625, 0.171875, 0.171875, 0.109375, 0.453125, 0.375, 0.171875, 0.546875, 0.5078125, 0.046875, 0.375]","[79, 102]",0.5339451782825207,0.5226031207729865
830,11182.734375,"[0.4375, 0.875, 0.9375, 0.5625, 0.328125, 0.21875, 0.4140625, 0.84375, 0.1875, 0.59375, 0.5625, 0.28125, 0.34375, 0.140625, 0.90625, 0.75, 0.3125, 0.453125, 0.890625, 0.09375, 0.375]","[0.25, 0.46875, 0.5625, 0.5625, 0.1953125, 0.109375, 0.4296875, 0.421875, 0.09375, 0.359375, 0.5625, 0.171875, 0.171875, 0.140625, 0.453125, 0.375, 0.15625, 0.546875, 0.5078125, 0.046875, 0.375]","[77, 94, 102, 118]",0.531258892735884,0.5199231779297959
831,11103.828125,"[0.4375, 0.875, 0.9375, 0.5625, 0.328125, 0.25, 0.4140625, 0.84375, 0.1875, 0.59375, 0.5625, 0.28125, 0.34375, 0.140625, 0.96875, 0.75, 0.3125, 0.453125, 0.828125, 0.09375, 0.375]","[0.25, 0.46875, 0.5625, 0.5625, 0.1953125, 0.125, 0.4296875, 0.421875, 0.09375, 0.359375, 0.5625, 0.171875, 0.171875, 0.140625, 0.484375, 0.375, 0.15625, 0.546875, 0.4765625, 0.046875, 0.375]","[77, 118, 121, 123]",0.5284497192764197,0.515348796640427
832,11262.734375,"[0.4375, 0.875, 0.9375, 0.5625, 0.328125, 0.3125, 0.4453125, 0.84375, 0.1875, 0.59375, 0.5625, 0.34375, 0.34375, 0.140625, 0.96875, 0.75, 0.3125, 0.453125, 0.828125, 0.09375, 0.375]","[0.25, 0.46875, 0.5625, 0.5625, 0.1953125, 0.15625, 0.4609375, 0.421875, 0.09375, 0.359375, 0.5625, 0.203125, 0.171875, 0.140625, 0.484375, 0.375, 0.15625, 0.546875, 0.4765625, 0.046875, 0.375]","[27, 130]",0.5105974202623227,0.5025450322276447
833,11341.484375,"[0.4375, 0.875, 0.9375, 0.5625, 0.328125, 0.3125, 0.4453125, 0.84375, 0.1875, 0.59375, 0.5625, 0.28125, 0.34375, 0.140625, 0.96875, 0.75, 0.3125, 0.453125, 0.828125, 0.09375, 0.375]","[0.25, 0.46875, 0.5625, 0.5625, 0.1953125, 0.15625, 0.4609375, 0.421875, 0.09375, 0.359375, 0.5625, 0.171875, 0.171875, 0.140625, 0.484375, 0.375, 0.15625, 0.546875, 0.4765625, 0.046875, 0.375]","[21, 27]",0.5179946951370723,0.5086559700546768
834,11362.109375,"[0.4375, 0.875, 0.9375, 0.5625, 0.328125, 0.3125, 0.4453125, 0.84375, 0.1875, 0.59375, 0.5625, 0.28125, 0.34375, 0.140625, 0.96875, 0.75, 0.3125, 0.453125, 0.953125, 0.09375, 0.375]","[0.25, 0.46875, 0.5625, 0.5625, 0.1953125, 0.15625, 0.4609375, 0.421875, 0.09375, 0.359375, 0.5625, 0.171875, 0.171875, 0.140625, 0.484375, 0.375, 0.15625, 0.546875, 0.5390625, 0.046875, 0.375]",[21],0.528599752030312,0.5129368364707294
835,11402.109375,"[0.4375, 0.875, 0.9375, 0.5625, 0.328125, 0.3125, 0.4453125, 0.84375, 0.1875, 0.59375, 0.5625, 0.28125, 0.34375, 0.171875, 0.96875, 0.75, 0.3125, 0.453125, 0.953125, 0.09375, 0.375]","[0.25, 0.46875, 0.5625, 0.5625, 0.1953125, 0.15625, 0.4609375, 0.421875, 0.09375, 0.359375, 0.5625, 0.171875, 0.171875, 0.171875, 0.484375, 0.375, 0.15625, 0.546875, 0.5390625, 0.046875, 0.375]",[130],0.5232386347757837,0.5060549153026171
836,11481.484375,"[0.4375, 0.875, 0.9375, 0.5625, 0.328125, 0.3125, 0.4453125, 0.84375, 0.1875, 0.59375, 0.5625, 0.28125, 0.34375, 0.171875, 0.96875, 0.75, 0.3125, 0.453125, 0.953125, 0.09375, 0.375]","[0.25, 0.46875, 0.5625, 0.5625, 0.1953125, 0.15625, 0.4609375, 0.421875, 0.09375, 0.359375, 0.5625, 0.171875, 0.171875, 0.171875, 0.484375, 0.375, 0.15625, 0.546875, 0.5390625, 0.046875, 0.375]","[130, 131]",0.5232386347757837,0.5060549153026171
837,11461.640625,"[0.4375, 0.84375, 0.9375, 0.5625, 0.328125, 0.3125, 0.4453125, 0.84375, 0.1875, 0.59375, 0.5625, 0.28125, 0.34375, 0.109375, 0.96875, 0.75, 0.3125, 0.453125, 0.953125, 0.09375, 0.375]","[0.25, 0.453125, 0.5625, 0.5625, 0.1953125, 0.15625, 0.4609375, 0.421875, 0.09375, 0.359375, 0.5625, 0.171875, 0.171875, 0.109375, 0.484375, 0.375, 0.15625, 0.546875, 0.5390625, 0.046875, 0.375]","[46, 71]",0.5320899861103869,0.5201643634471572
838,11262.734375,"[0.4375, 0.84375, 0.9375, 0.5625, 0.328125, 0.3125, 0.4453125, 0.84375, 0.1875, 0.59375, 0.5625, 0.28125, 0.34375, 0.109375, 0.96875, 0.75, 0.3125, 0.453125, 0.953125, 0.125, 0.375]","[0.25, 0.453125, 0.5625, 0.5625, 0.1953125, 0.15625, 0.4609375, 0.421875, 0.09375, 0.359375, 0.5625, 0.171875, 0.171875, 0.109375, 0.484375, 0.375, 0.15625, 0.546875, 0.5390625, 0.0625, 0.375]","[71, 130]",0.5262147899050057,0.5154408926523579
839,11460.859375,"[0.4375, 0.59375, 0.9375, 0.5625, 0.328125, 0.3125, 0.4453125, 0.84375, 0.1875, 0.65625, 0.5625, 0.28125, 0.34375, 0.109375, 0.96875, 0.75, 0.3125, 0.453125, 0.953125, 0.125, 0.375]","[0.25, 0.328125, 0.5625, 0.5625, 0.1953125, 0.15625, 0.4609375, 0.421875, 0.09375, 0.390625, 0.5625, 0.171875, 0.171875, 0.109375, 0.484375, 0.375, 0.15625, 0.546875, 0.5390625, 0.0625, 0.375]",[71],0.5191972055315952,0.5175922833415764
840,11184.296875,"[0.4375, 0.59375, 0.9375, 0.5625, 0.328125, 0.3125, 0.4453125, 0.84375, 0.1875, 0.65625, 0.5625, 0.265625, 0.34375, 0.109375, 0.96875, 0.75, 0.3125, 0.453125, 0.953125, 0.09375, 0.375]","[0.25, 0.328125, 0.5625, 0.5625, 0.1953125, 0.15625, 0.4609375, 0.421875, 0.09375, 0.390625, 0.5625, 0.1640625, 0.171875, 0.109375, 0.484375, 0.375, 0.15625, 0.546875, 0.5390625, 0.046875, 0.375]","[62, 71]",0.5272578827225478,0.5240052406568362
841,11144.84375,"[0.4375, 0.59375, 0.9375, 0.5625, 0.328125, 0.3125, 0.453125, 0.84375, 0.1875, 0.65625, 0.5625, 0.265625, 0.34375, 0.078125, 0.96875, 0.75, 0.3125, 0.453125, 0.953125, 0.09375, 0.375]","[0.25, 0.328125, 0.5625, 0.5625, 0.1953125, 0.15625, 0.46875, 0.421875, 0.09375, 0.390625, 0.5625, 0.1640625, 0.171875, 0.078125, 0.484375, 0.375, 0.15625, 0.546875, 0.5390625, 0.046875, 0.375]","[21, 62]",0.5328713563132748,0.5327585962613978
842,11104.6875,"[0.4375, 0.59375, 0.9375, 0.5625, 0.359375, 0.3125, 0.453125, 0.84375, 0.1875, 0.65625, 0.5625, 0.265625, 0.34375, 0.078125, 0.96875, 0.75, 0.3125, 0.453125, 0.953125, 0.09375, 0.375]","[0.25, 0.328125, 0.5625, 0.5625, 0.2109375, 0.15625, 0.46875, 0.421875, 0.09375, 0.390625, 0.5625, 0.1640625, 0.171875, 0.078125, 0.484375, 0.375, 0.15625, 0.546875, 0.5390625, 0.046875, 0.375]",[21],0.5295403161503112,0.5299293661223518
843,11144.375,"[0.4375, 0.59375, 0.9375, 0.5625, 0.359375, 0.3125, 0.453125, 0.84375, 0.1875, 0.65625, 0.5625, 0.265625, 0.34375, 0.078125, 0.96875, 0.75, 0.3125, 0.453125, 0.953125, 0.09375, 0.375]","[0.25, 0.328125, 0.5625, 0.5625, 0.2109375, 0.15625, 0.46875, 0.421875, 0.09375, 0.390625, 0.5625, 0.1640625, 0.171875, 0.078125, 0.484375, 0.375, 0.15625, 0.546875, 0.5390625, 0.046875, 0.375]","[21, 115, 131]",0.5295403161503112,0.5299293661223518
844,11183.4375,"[0.4375, 0.59375, 0.9375, 0.5625, 0.359375, 0.34375, 0.421875, 0.96875, 0.1875, 0.65625, 0.5625, 0.265625, 0.34375, 0.078125, 0.96875, 0.75, 0.3125, 0.453125, 0.953125, 0.09375, 0.375]","[0.25, 0.328125, 0.5625, 0.5625, 0.2109375, 0.1875, 0.4375, 0.484375, 0.09375, 0.390625, 0.5625, 0.1640625, 0.171875, 0.078125, 0.484375, 0.375, 0.15625, 0.546875, 0.5390625, 0.046875, 0.375]","[115, 132]",0.5397559681840595,0.5241988157033604
845,11183.125,"[0.4375, 0.59375, 0.9375, 0.5625, 0.359375, 0.34375, 0.421875, 0.96875, 0.1875, 0.65625, 0.59375, 0.203125, 0.34375, 0.078125, 0.96875, 0.75, 0.3125, 0.453125, 0.953125, 0.09375, 0.375]","[0.25, 0.328125, 0.5625, 0.5625, 0.2109375, 0.1875, 0.4375, 0.484375, 0.09375, 0.390625, 0.59375, 0.1328125, 0.171875, 0.078125, 0.484375, 0.375, 0.15625, 0.546875, 0.5390625, 0.046875, 0.375]",[115],0.5479465174273768,0.5350404069964237
846,11103.75,"[0.4375, 0.59375, 0.9375, 0.5625, 0.359375, 0.34375, 0.421875, 0.96875, 0.1875, 0.65625, 0.59375, 0.234375, 0.34375, 0.078125, 0.71875, 0.75, 0.3125, 0.453125, 0.953125, 0.09375, 0.375]","[0.25, 0.328125, 0.5625, 0.5625, 0.2109375, 0.1875, 0.4375, 0.484375, 0.09375, 0.390625, 0.59375, 0.1640625, 0.171875, 0.078125, 0.359375, 0.375, 0.15625, 0.546875, 0.5390625, 0.046875, 0.375]",[58],0.5253714927552816,0.5283280401893966
847,11105.625,"[0.4375, 0.59375, 0.9375, 0.5625, 0.359375, 0.34375, 0.421875, 0.96875, 0.1875, 0.65625, 0.59375, 0.234375, 0.34375, 0.078125, 0.65625, 0.75, 0.3125, 0.453125, 0.953125, 0.09375, 0.375]","[0.25, 0.328125, 0.5625, 0.5625, 0.2109375, 0.1875, 0.4375, 0.484375, 0.09375, 0.390625, 0.59375, 0.1640625, 0.171875, 0.078125, 0.328125, 0.375, 0.15625, 0.546875, 0.5390625, 0.046875, 0.375]","[41, 58, 134]",0.5239839965591866,0.5303285295428937
848,10966.171875,"[0.4375, 0.65625, 0.9375, 0.5625, 0.359375, 0.34375, 0.421875, 0.96875, 0.1875, 0.65625, 0.53125, 0.234375, 0.34375, 0.078125, 0.65625, 0.75, 0.3125, 0.453125, 0.953125, 0.09375, 0.375]","[0.25, 0.359375, 0.5625, 0.5625, 0.2109375, 0.1875, 0.4375, 0.484375, 0.09375, 0.390625, 0.53125, 0.1640625, 0.171875, 0.078125, 0.328125, 0.375, 0.15625, 0.546875, 0.5390625, 0.046875, 0.375]","[58, 41, 122]",0.5254540211804032,0.5206915297296723
849,11261.875,"[0.4375, 0.65625, 0.9375, 0.5625, 0.359375, 0.34375, 0.421875, 0.84375, 0.1875, 0.65625, 0.53125, 0.359375, 0.34375, 0.078125, 0.65625, 0.75, 0.53125, 0.453125, 0.953125, 0.09375, 0.375]","[0.25, 0.359375, 0.5625, 0.5625, 0.2109375, 0.1875, 0.4375, 0.421875, 0.09375, 0.390625, 0.53125, 0.2265625, 0.171875, 0.078125, 0.328125, 0.375, 0.265625, 0.546875, 0.5390625, 0.046875, 0.375]","[8, 122, 136]",0.4793134576625247,0.4873594414531703
850,11203.4375,"[0.4375, 0.65625, 0.9375, 0.5625, 0.390625, 0.375, 0.390625, 0.84375, 0.1875, 0.65625, 0.53125, 0.359375, 0.34375, 0.078125, 0.65625, 0.75, 0.53125, 0.453125, 0.953125, 0.09375, 0.375]","[0.25, 0.359375, 0.5625, 0.5625, 0.2265625, 0.203125, 0.40625, 0.421875, 0.09375, 0.390625, 0.53125, 0.2265625, 0.171875, 0.078125, 0.328125, 0.375, 0.265625, 0.546875, 0.5390625, 0.046875, 0.375]","[8, 137]",0.47574755652993495,0.48135196393200125
851,11182.96875,"[0.4375, 0.65625, 0.9375, 0.578125, 0.390625, 0.375, 0.390625, 0.96875, 0.1875, 0.65625, 0.53125, 0.359375, 0.34375, 0.078125, 0.65625, 0.75, 0.53125, 0.453125, 0.953125, 0.09375, 0.375]","[0.25, 0.359375, 0.5625, 0.578125, 0.2265625, 0.203125, 0.40625, 0.484375, 0.09375, 0.390625, 0.53125, 0.2265625, 0.171875, 0.078125, 0.328125, 0.375, 0.265625, 0.546875, 0.5390625, 0.046875, 0.375]","[138, 139, 140]",0.48900097793102304,0.4858705279250549
852,11262.1875,"[0.4375, 0.65625, 0.9375, 0.578125, 0.390625, 0.375, 0.390625, 0.96875, 0.1875, 0.65625, 0.53125, 0.359375, 0.34375, 0.078125, 0.65625, 0.75, 0.53125, 0.453125, 0.921875, 0.09375, 0.375]","[0.25, 0.359375, 0.5625, 0.578125, 0.2265625, 0.203125, 0.40625, 0.484375, 0.09375, 0.390625, 0.53125, 0.2265625, 0.171875, 0.078125, 0.328125, 0.375, 0.265625, 0.546875, 0.5078125, 0.046875, 0.375]","[138, 119, 139]",0.48537140935051915,0.4828347370894425
853,11380.78125,"[0.4375, 0.65625, 0.9375, 0.578125, 0.390625, 0.375, 0.390625, 0.96875, 0.15625, 0.65625, 0.53125, 0.421875, 0.34375, 0.0703125, 0.65625, 0.75, 0.65625, 0.453125, 0.921875, 0.09375, 0.375]","[0.25, 0.359375, 0.5625, 0.578125, 0.2265625, 0.203125, 0.40625, 0.484375, 0.078125, 0.390625, 0.53125, 0.2578125, 0.171875, 0.0703125, 0.328125, 0.375, 0.328125, 0.546875, 0.5078125, 0.046875, 0.375]",[47],0.48493847249695265,0.4785808834493167
854,11341.171875,"[0.4375, 0.65625, 0.9375, 0.578125, 0.390625, 0.375, 0.390625, 0.96875, 0.15625, 0.65625, 0.53125, 0.421875, 0.34375, 0.0703125, 0.65625, 0.75, 0.59375, 0.453125, 0.921875, 0.09375, 0.375]","[0.25, 0.359375, 0.5625, 0.578125, 0.2265625, 0.203125, 0.40625, 0.484375, 0.078125, 0.390625, 0.53125, 0.2578125, 0.171875, 0.0703125, 0.328125, 0.375, 0.296875, 0.546875, 0.5078125, 0.046875, 0.375]",[47],0.48516256988119394,0.48135730894506373
855,11301.171875,"[0.4375, 0.65625, 0.9375, 0.578125, 0.390625, 0.375, 0.390625, 0.71875, 0.15625, 0.65625, 0.53125, 0.421875, 0.328125, 0.0703125, 0.65625, 0.75, 0.59375, 0.453125, 0.921875, 0.09375, 0.375]","[0.25, 0.359375, 0.5625, 0.578125, 0.2265625, 0.203125, 0.40625, 0.359375, 0.078125, 0.390625, 0.53125, 0.2578125, 0.1640625, 0.0703125, 0.328125, 0.375, 0.296875, 0.546875, 0.5078125, 0.046875, 0.375]","[16, 47]",0.46502265064700027,0.4816582165356029
856,11124.296875,"[0.4375, 0.65625, 0.9375, 0.578125, 0.390625, 0.375, 0.390625, 0.71875, 0.15625, 0.65625, 0.46875, 0.421875, 0.328125, 0.0859375, 0.65625, 0.75, 0.59375, 0.453125, 0.921875, 0.09375, 0.375]","[0.25, 0.359375, 0.5625, 0.578125, 0.2265625, 0.203125, 0.40625, 0.359375, 0.078125, 0.390625, 0.46875, 0.2578125, 0.1640625, 0.0859375, 0.328125, 0.375, 0.296875, 0.546875, 0.5078125, 0.046875, 0.375]","[16, 37]",0.46435645925787256,0.47130292469206925
857,11064.921875,"[0.4375, 0.65625, 0.9375, 0.578125, 0.390625, 0.375, 0.390625, 0.71875, 0.15625, 0.65625, 0.46875, 0.421875, 0.328125, 0.0859375, 0.53125, 0.75, 0.59375, 0.484375, 0.921875, 0.09375, 0.375]","[0.25, 0.359375, 0.5625, 0.578125, 0.2265625, 0.203125, 0.40625, 0.359375, 0.078125, 0.390625, 0.46875, 0.2578125, 0.1640625, 0.0859375, 0.265625, 0.375, 0.296875, 0.609375, 0.5078125, 0.046875, 0.375]","[37, 43]",0.46302978566575,0.4876287950489812
858,11205.234375,"[0.4375, 0.65625, 0.9375, 0.578125, 0.390625, 0.375, 0.390625, 0.71875, 0.15625, 0.65625, 0.46875, 0.421875, 0.328125, 0.0859375, 0.53125, 0.75, 0.59375, 0.484375, 0.921875, 0.09375, 0.375]","[0.25, 0.359375, 0.5625, 0.578125, 0.2265625, 0.203125, 0.40625, 0.359375, 0.078125, 0.390625, 0.46875, 0.2578125, 0.1640625, 0.0859375, 0.265625, 0.375, 0.296875, 0.609375, 0.5078125, 0.046875, 0.375]",[37],0.46302978566575,0.4876287950489812
859,11005.859375,"[0.4375, 0.65625, 0.9375, 0.5625, 0.390625, 0.375, 0.390625, 0.71875, 0.03125, 0.65625, 0.46875, 0.421875, 0.328125, 0.0859375, 0.53125, 0.75, 0.59375, 0.453125, 0.921875, 0.09375, 0.375]","[0.25, 0.359375, 0.5625, 0.5625, 0.2265625, 0.203125, 0.40625, 0.359375, 0.015625, 0.390625, 0.46875, 0.2578125, 0.1640625, 0.0859375, 0.265625, 0.375, 0.296875, 0.578125, 0.5078125, 0.046875, 0.375]",[8],0.49137802755217996,0.5002188034064351
860,10868.046875,"[0.4375, 0.65625, 0.9375, 0.5625, 0.390625, 0.375, 0.390625, 0.71875, 0.03125, 0.65625, 0.46875, 0.421875, 0.328125, 0.0859375, 0.53125, 0.75, 0.59375, 0.421875, 0.921875, 0.09375, 0.375]","[0.25, 0.359375, 0.5625, 0.5625, 0.2265625, 0.203125, 0.40625, 0.359375, 0.015625, 0.390625, 0.46875, 0.2578125, 0.1640625, 0.0859375, 0.265625, 0.375, 0.296875, 0.515625, 0.5078125, 0.046875, 0.375]","[8, 24, 37]",0.49349193240098427,0.49157410144242547
861,10965.703125,"[0.4375, 0.65625, 0.9375, 0.5625, 0.390625, 0.375, 0.390625, 0.71875, 0.03125, 0.6875, 0.46875, 0.421875, 0.328125, 0.0859375, 0.53125, 0.875, 0.46875, 0.421875, 0.921875, 0.09375, 0.375]","[0.25, 0.359375, 0.5625, 0.5625, 0.2265625, 0.203125, 0.40625, 0.359375, 0.015625, 0.40625, 0.46875, 0.2578125, 0.1640625, 0.0859375, 0.265625, 0.4375, 0.234375, 0.515625, 0.5078125, 0.046875, 0.375]","[37, 43]",0.5085959598519747,0.49987225305748806
862,10867.5,"[0.5, 0.65625, 0.9375, 0.5625, 0.390625, 0.375, 0.390625, 0.71875, 0.03125, 0.5625, 0.46875, 0.421875, 0.328125, 0.0859375, 0.53125, 0.875, 0.46875, 0.421875, 0.921875, 0.09375, 0.3828125]","[0.3125, 0.359375, 0.5625, 0.5625, 0.2265625, 0.203125, 0.40625, 0.359375, 0.015625, 0.34375, 0.46875, 0.2578125, 0.1640625, 0.0859375, 0.265625, 0.4375, 0.234375, 0.515625, 0.5078125, 0.046875, 0.3828125]",[50],0.5034992720135281,0.49423665951488965
863,10948.125,"[0.5, 0.65625, 0.9375, 0.5625, 0.390625, 0.375, 0.390625, 0.71875, 0.03125, 0.5625, 0.46875, 0.421875, 0.328125, 0.0859375, 0.53125, 0.875, 0.46875, 0.421875, 0.921875, 0.09375, 0.4453125]","[0.3125, 0.359375, 0.5625, 0.5625, 0.2265625, 0.203125, 0.40625, 0.359375, 0.015625, 0.34375, 0.46875, 0.2578125, 0.1640625, 0.0859375, 0.265625, 0.4375, 0.234375, 0.515625, 0.5078125, 0.046875, 0.4453125]","[66, 110]",0.4986490934149046,0.4950513244950938
864,11026.875,"[0.5625, 0.65625, 0.9375, 0.5625, 0.390625, 0.375, 0.390625, 0.71875, 0.03125, 0.5625, 0.46875, 0.421875, 0.328125, 0.0859375, 0.53125, 0.875, 0.46875, 0.421875, 0.921875, 0.09375, 0.4453125]","[0.34375, 0.359375, 0.5625, 0.5625, 0.2265625, 0.203125, 0.40625, 0.359375, 0.015625, 0.34375, 0.46875, 0.2578125, 0.1640625, 0.0859375, 0.265625, 0.4375, 0.234375, 0.515625, 0.5078125, 0.046875, 0.4453125]","[110, 126, 127]",0.49673256636704377,0.4929085318863221
865,11146.25,"[0.5625, 0.65625, 0.9375, 0.5625, 0.390625, 0.375, 0.390625, 0.71875, 0.03125, 0.5625, 0.46875, 0.484375, 0.328125, 0.0859375, 0.53125, 0.8125, 0.46875, 0.421875, 0.953125, 0.125, 0.3828125]","[0.34375, 0.359375, 0.5625, 0.5625, 0.2265625, 0.203125, 0.40625, 0.359375, 0.015625, 0.34375, 0.46875, 0.2890625, 0.1640625, 0.0859375, 0.265625, 0.40625, 0.234375, 0.515625, 0.5390625, 0.078125, 0.3828125]",[38],0.4896081854582273,0.4815721865875414
866,10987.1875,"[0.5625, 0.65625, 0.9375, 0.5625, 0.390625, 0.40625, 0.390625, 0.71875, 0.03125, 0.5625, 0.46875, 0.484375, 0.328125, 0.0859375, 0.53125, 0.8125, 0.46875, 0.421875, 0.953125, 0.125, 0.3828125]","[0.34375, 0.359375, 0.5625, 0.5625, 0.2265625, 0.21875, 0.40625, 0.359375, 0.015625, 0.34375, 0.46875, 0.2890625, 0.1640625, 0.0859375, 0.265625, 0.40625, 0.234375, 0.515625, 0.5390625, 0.078125, 0.3828125]","[114, 128]",0.48686923070208127,0.47879980146012224
867,10987.1875,"[0.5625, 0.53125, 0.9375, 0.5625, 0.390625, 0.40625, 0.390625, 0.71875, 0.03125, 0.5625, 0.46875, 0.484375, 0.328125, 0.0859375, 0.53125, 0.8125, 0.46875, 0.421875, 0.953125, 0.125, 0.3828125]","[0.34375, 0.296875, 0.5625, 0.5625, 0.2265625, 0.21875, 0.40625, 0.359375, 0.015625, 0.34375, 0.46875, 0.2890625, 0.1640625, 0.0859375, 0.265625, 0.40625, 0.234375, 0.515625, 0.5390625, 0.078125, 0.3828125]","[128, 68, 114, 133]",0.4872978263830377,0.4829579180113937
868,11243.90625,"[0.5625, 0.53125, 0.9375, 0.578125, 0.453125, 0.40625, 0.390625, 0.71875, 0.03125, 0.5625, 0.46875, 0.484375, 0.328125, 0.0859375, 0.65625, 0.8125, 0.46875, 0.421875, 0.953125, 0.125, 0.3828125]","[0.34375, 0.296875, 0.5625, 0.578125, 0.2578125, 0.21875, 0.40625, 0.359375, 0.015625, 0.34375, 0.46875, 0.2890625, 0.1640625, 0.0859375, 0.328125, 0.40625, 0.234375, 0.515625, 0.5390625, 0.078125, 0.3828125]",[68],0.4819340870154954,0.47481782065326633
869,11106.25,"[0.5, 0.53125, 0.9375, 0.578125, 0.453125, 0.40625, 0.390625, 0.71875, 0.03125, 0.5625, 0.46875, 0.5, 0.328125, 0.0859375, 0.65625, 0.8125, 0.46875, 0.421875, 0.953125, 0.125, 0.3828125]","[0.3125, 0.296875, 0.5625, 0.578125, 0.2578125, 0.21875, 0.40625, 0.359375, 0.015625, 0.34375, 0.46875, 0.296875, 0.1640625, 0.0859375, 0.328125, 0.40625, 0.234375, 0.515625, 0.5390625, 0.078125, 0.3828125]","[12, 139]",0.4831278655131182,0.47615543216959716
870,11244.21875,"[0.5, 0.53125, 0.9375, 0.578125, 0.453125, 0.40625, 0.390625, 0.71875, 0.03125, 0.8125, 0.46875, 0.5, 0.328125, 0.0859375, 0.65625, 0.8125, 0.46875, 0.421875, 0.953125, 0.125, 0.3828125]","[0.3125, 0.296875, 0.5625, 0.578125, 0.2578125, 0.21875, 0.40625, 0.359375, 0.015625, 0.46875, 0.46875, 0.296875, 0.1640625, 0.0859375, 0.328125, 0.40625, 0.234375, 0.515625, 0.5390625, 0.078125, 0.3828125]","[139, 140]",0.490327158449993,0.47642289888312217
871,11283.984375,"[0.5, 0.28125, 0.9375, 0.578125, 0.453125, 0.40625, 0.390625, 0.71875, 0.03125, 0.8125, 0.46875, 0.5, 0.328125, 0.09375, 0.65625, 0.8125, 0.46875, 0.421875, 0.953125, 0.125, 0.3828125]","[0.3125, 0.171875, 0.5625, 0.578125, 0.2578125, 0.21875, 0.40625, 0.359375, 0.015625, 0.46875, 0.46875, 0.296875, 0.1640625, 0.09375, 0.328125, 0.40625, 0.234375, 0.515625, 0.5390625, 0.078125, 0.3828125]","[139, 143, 144]",0.5094597163357271,0.493696022971575
872,11126.328125,"[0.5, 0.28125, 0.9375, 0.578125, 0.453125, 0.40625, 0.390625, 0.71875, 0.03125, 0.8125, 0.46875, 0.5, 0.328125, 0.09375, 0.65625, 0.84375, 0.46875, 0.421875, 0.953125, 0.125, 0.3828125]","[0.3125, 0.171875, 0.5625, 0.578125, 0.2578125, 0.21875, 0.40625, 0.359375, 0.015625, 0.46875, 0.46875, 0.296875, 0.1640625, 0.09375, 0.328125, 0.421875, 0.234375, 0.515625, 0.5390625, 0.078125, 0.3828125]","[139, 143]",0.5119562993098048,0.49379936200582053
873,11304.609375,"[0.5, 0.28125, 0.9375, 0.578125, 0.453125, 0.40625, 0.390625, 0.71875, 0.03125, 0.8125, 0.46875, 0.5, 0.328125, 0.09375, 0.65625, 0.84375, 0.46875, 0.421875, 0.953125, 0.125, 0.3828125]","[0.3125, 0.171875, 0.5625, 0.578125, 0.2578125, 0.21875, 0.40625, 0.359375, 0.015625, 0.46875, 0.46875, 0.296875, 0.1640625, 0.09375, 0.328125, 0.421875, 0.234375, 0.515625, 0.5390625, 0.078125, 0.3828125]","[139, 143]",0.5119562993098048,0.49379936200582053
874,11185.234375,"[0.5, 0.28125, 0.9375, 0.578125, 0.328125, 0.40625, 0.390625, 0.84375, 0.03125, 0.5625, 0.46875, 0.5, 0.328125, 0.09375, 0.65625, 0.84375, 0.46875, 0.421875, 0.953125, 0.125, 0.3828125]","[0.3125, 0.171875, 0.5625, 0.578125, 0.1953125, 0.21875, 0.40625, 0.421875, 0.015625, 0.34375, 0.46875, 0.296875, 0.1640625, 0.09375, 0.328125, 0.421875, 0.234375, 0.515625, 0.5390625, 0.078125, 0.3828125]","[12, 34, 143]",0.5241154996477916,0.5029651022018543
875,11125.078125,"[0.4375, 0.28125, 0.6875, 0.578125, 0.328125, 0.40625, 0.390625, 0.84375, 0.03125, 0.5625, 0.46875, 0.5, 0.34375, 0.09375, 0.65625, 0.84375, 0.59375, 0.421875, 0.953125, 0.125, 0.3828125]","[0.28125, 0.171875, 0.4375, 0.578125, 0.1953125, 0.21875, 0.40625, 0.421875, 0.015625, 0.34375, 0.46875, 0.296875, 0.171875, 0.09375, 0.328125, 0.421875, 0.296875, 0.515625, 0.5390625, 0.078125, 0.3828125]",[12],0.5007248183680022,0.48431115676804143
876,10770.703125,"[0.4375, 0.28125, 0.6875, 0.578125, 0.328125, 0.40625, 0.390625, 0.84375, 0.03125, 0.5625, 0.46875, 0.5, 0.34375, 0.09375, 0.65625, 0.84375, 0.59375, 0.421875, 0.828125, 0.125, 0.3828125]","[0.28125, 0.171875, 0.4375, 0.578125, 0.1953125, 0.21875, 0.40625, 0.421875, 0.015625, 0.34375, 0.46875, 0.296875, 0.171875, 0.09375, 0.328125, 0.421875, 0.296875, 0.515625, 0.4765625, 0.078125, 0.3828125]","[12, 18, 86, 90]",0.4839219046858332,0.47692454519867356
877,10988.984375,"[0.4375, 0.28125, 0.6875, 0.578125, 0.359375, 0.40625, 0.390625, 0.84375, 0.03125, 0.5625, 0.46875, 0.4375, 0.46875, 0.09375, 0.65625, 0.84375, 0.59375, 0.421875, 0.953125, 0.125, 0.3828125]","[0.28125, 0.171875, 0.4375, 0.578125, 0.2265625, 0.21875, 0.40625, 0.421875, 0.015625, 0.34375, 0.46875, 0.265625, 0.234375, 0.09375, 0.328125, 0.421875, 0.296875, 0.515625, 0.5390625, 0.078125, 0.3828125]",[63],0.4908262672768961,0.4706026072720758
878,10909.609375,"[0.4375, 0.28125, 0.6875, 0.578125, 0.359375, 0.40625, 0.390625, 0.84375, 0.03125, 0.5625, 0.46875, 0.453125, 0.46875, 0.09375, 0.65625, 0.84375, 0.59375, 0.421875, 0.953125, 0.0625, 0.3671875]","[0.28125, 0.171875, 0.4375, 0.578125, 0.2265625, 0.21875, 0.40625, 0.421875, 0.015625, 0.34375, 0.46875, 0.2734375, 0.234375, 0.09375, 0.328125, 0.421875, 0.296875, 0.515625, 0.5390625, 0.046875, 0.3671875]","[86, 105, 145]",0.5044960485234533,0.4800193699326361
879,11106.015625,"[0.4375, 0.28125, 0.6875, 0.578125, 0.359375, 0.40625, 0.390625, 0.84375, 0.03125, 0.5625, 0.46875, 0.453125, 0.46875, 0.09375, 0.78125, 0.84375, 0.84375, 0.484375, 0.921875, 0.0625, 0.3671875]","[0.28125, 0.171875, 0.4375, 0.578125, 0.2265625, 0.21875, 0.40625, 0.421875, 0.015625, 0.34375, 0.46875, 0.2734375, 0.234375, 0.09375, 0.390625, 0.421875, 0.421875, 0.578125, 0.5078125, 0.046875, 0.3671875]","[32, 146, 147]",0.5129015111603589,0.47826470347963124
880,11185.078125,"[0.4375, 0.34375, 0.6875, 0.578125, 0.359375, 0.40625, 0.390625, 0.84375, 0.03125, 0.5625, 0.46875, 0.453125, 0.5, 0.09375, 0.78125, 0.84375, 0.84375, 0.484375, 0.921875, 0.09375, 0.3671875]","[0.28125, 0.203125, 0.4375, 0.578125, 0.2265625, 0.21875, 0.40625, 0.421875, 0.015625, 0.34375, 0.46875, 0.2734375, 0.265625, 0.09375, 0.390625, 0.421875, 0.421875, 0.578125, 0.5078125, 0.078125, 0.3671875]",[149],0.4973024826716068,0.4576437249846841
881,11343.828125,"[0.4375, 0.34375, 0.6875, 0.578125, 0.328125, 0.40625, 0.390625, 0.84375, 0.03125, 0.5625, 0.46875, 0.453125, 0.5, 0.09375, 0.78125, 0.84375, 0.84375, 0.484375, 0.921875, 0.21875, 0.3671875]","[0.28125, 0.203125, 0.4375, 0.578125, 0.1953125, 0.21875, 0.40625, 0.421875, 0.015625, 0.34375, 0.46875, 0.2734375, 0.265625, 0.09375, 0.390625, 0.421875, 0.421875, 0.578125, 0.5078125, 0.140625, 0.3671875]","[45, 151]",0.4781308268318311,0.44600282344231695
882,11402.578125,"[0.4375, 0.28125, 0.6875, 0.578125, 0.328125, 0.40625, 0.390625, 0.84375, 0.03125, 0.5625, 0.46875, 0.453125, 0.5, 0.09375, 0.8125, 0.71875, 0.84375, 0.484375, 0.90625, 0.21875, 0.3671875]","[0.28125, 0.171875, 0.4375, 0.578125, 0.1953125, 0.21875, 0.40625, 0.421875, 0.015625, 0.34375, 0.46875, 0.2734375, 0.265625, 0.09375, 0.40625, 0.359375, 0.421875, 0.578125, 0.5, 0.140625, 0.3671875]","[67, 124]",0.47773224696019484,0.45211232196020296
883,11264.609375,"[0.4375, 0.28125, 0.75, 0.578125, 0.328125, 0.40625, 0.390625, 0.84375, 0.03125, 0.5625, 0.46875, 0.453125, 0.5, 0.09375, 0.8125, 0.71875, 0.84375, 0.484375, 0.875, 0.21875, 0.3671875]","[0.28125, 0.171875, 0.5, 0.578125, 0.1953125, 0.21875, 0.40625, 0.421875, 0.015625, 0.34375, 0.46875, 0.2734375, 0.265625, 0.09375, 0.40625, 0.359375, 0.421875, 0.578125, 0.46875, 0.140625, 0.3671875]","[67, 98]",0.47693679026413016,0.4537167978723693
884,11501.796875,"[0.4375, 0.28125, 0.75, 0.578125, 0.328125, 0.40625, 0.390625, 0.84375, 0.28125, 0.5625, 0.59375, 0.453125, 0.5, 0.09375, 0.8125, 0.71875, 0.84375, 0.484375, 0.875, 0.21875, 0.3671875]","[0.28125, 0.171875, 0.5, 0.578125, 0.1953125, 0.21875, 0.40625, 0.421875, 0.140625, 0.34375, 0.59375, 0.2734375, 0.265625, 0.09375, 0.40625, 0.359375, 0.421875, 0.578125, 0.46875, 0.140625, 0.3671875]",[150],0.4262594771837758,0.430267553977573
885,11541.171875,"[0.4375, 0.28125, 0.75, 0.578125, 0.328125, 0.40625, 0.390625, 0.84375, 0.28125, 0.5625, 0.59375, 0.4375, 0.5, 0.09375, 0.8125, 0.71875, 0.84375, 0.484375, 0.875, 0.21875, 0.3671875]","[0.28125, 0.171875, 0.5, 0.578125, 0.1953125, 0.21875, 0.40625, 0.421875, 0.140625, 0.34375, 0.59375, 0.265625, 0.265625, 0.09375, 0.40625, 0.359375, 0.421875, 0.578125, 0.46875, 0.140625, 0.3671875]","[68, 150]",0.427333722390178,0.4312767168004226
886,11719.453125,"[0.5625, 0.28125, 0.75, 0.578125, 0.328125, 0.40625, 0.390625, 0.84375, 0.28125, 0.5625, 0.59375, 0.4375, 0.5, 0.09375, 0.8125, 0.71875, 0.84375, 0.484375, 0.875, 0.21875, 0.3671875]","[0.34375, 0.171875, 0.5, 0.578125, 0.1953125, 0.21875, 0.40625, 0.421875, 0.140625, 0.34375, 0.59375, 0.265625, 0.265625, 0.09375, 0.40625, 0.359375, 0.421875, 0.578125, 0.46875, 0.140625, 0.3671875]","[68, 152]",0.42153591937588114,0.4256750286857363
887,11600.078125,"[0.5625, 0.28125, 0.75, 0.578125, 0.328125, 0.40625, 0.328125, 0.84375, 0.28125, 0.5625, 0.59375, 0.4375, 0.5, 0.09375, 0.8125, 0.71875, 0.84375, 0.484375, 0.875, 0.21875, 0.3671875]","[0.34375, 0.171875, 0.5, 0.578125, 0.1953125, 0.21875, 0.34375, 0.421875, 0.140625, 0.34375, 0.59375, 0.265625, 0.265625, 0.09375, 0.40625, 0.359375, 0.421875, 0.578125, 0.46875, 0.140625, 0.3671875]","[68, 111]",0.42812360955570855,0.4276110845960632
888,11560.703125,"[0.5625, 0.28125, 0.75, 0.578125, 0.328125, 0.40625, 0.328125, 0.84375, 0.28125, 0.5625, 0.59375, 0.4375, 0.5, 0.09375, 0.8125, 0.71875, 0.84375, 0.484375, 0.875, 0.21875, 0.3671875]","[0.34375, 0.171875, 0.5, 0.578125, 0.1953125, 0.21875, 0.34375, 0.421875, 0.140625, 0.34375, 0.59375, 0.265625, 0.265625, 0.09375, 0.40625, 0.359375, 0.421875, 0.578125, 0.46875, 0.140625, 0.3671875]","[111, 68, 152, 153]",0.42812360955570855,0.4276110845960632
889,11897.421875,"[0.5, 0.28125, 0.75, 0.578125, 0.328125, 0.53125, 0.328125, 0.84375, 0.28125, 0.5625, 0.59375, 0.4375, 0.625, 0.09375, 0.8125, 0.71875, 0.84375, 0.484375, 0.875, 0.34375, 0.3671875]","[0.3125, 0.171875, 0.5, 0.578125, 0.1953125, 0.28125, 0.34375, 0.421875, 0.140625, 0.34375, 0.59375, 0.265625, 0.328125, 0.09375, 0.40625, 0.359375, 0.421875, 0.578125, 0.46875, 0.203125, 0.3671875]",[66],0.40253756055369355,0.4000396103987245
890,11877.890625,"[0.5, 0.28125, 0.75, 0.578125, 0.328125, 0.53125, 0.328125, 0.84375, 0.28125, 0.5625, 0.625, 0.4375, 0.625, 0.09375, 0.8125, 0.71875, 0.84375, 0.359375, 0.875, 0.34375, 0.3671875]","[0.3125, 0.171875, 0.5, 0.578125, 0.1953125, 0.28125, 0.34375, 0.421875, 0.140625, 0.34375, 0.65625, 0.265625, 0.328125, 0.09375, 0.40625, 0.359375, 0.421875, 0.453125, 0.46875, 0.203125, 0.3671875]",[83],0.41262519928711866,0.40000376669276255
891,11758.828125,"[0.5, 0.28125, 0.75, 0.578125, 0.328125, 0.53125, 0.328125, 0.84375, 0.28125, 0.5625, 0.625, 0.4375, 0.625, 0.09375, 0.8125, 0.71875, 0.84375, 0.359375, 0.90625, 0.34375, 0.3671875]","[0.3125, 0.171875, 0.5, 0.578125, 0.1953125, 0.28125, 0.34375, 0.421875, 0.140625, 0.34375, 0.65625, 0.265625, 0.328125, 0.09375, 0.40625, 0.359375, 0.421875, 0.453125, 0.5, 0.203125, 0.3671875]","[152, 154]",0.41611032101615975,0.40241743471298286
892,11936.171875,"[0.5, 0.28125, 0.75, 0.578125, 0.328125, 0.53125, 0.328125, 0.84375, 0.28125, 0.8125, 0.625, 0.4375, 0.625, 0.09375, 0.8125, 0.71875, 0.84375, 0.359375, 0.90625, 0.359375, 0.3671875]","[0.3125, 0.171875, 0.5, 0.578125, 0.1953125, 0.28125, 0.34375, 0.421875, 0.140625, 0.46875, 0.65625, 0.265625, 0.328125, 0.09375, 0.40625, 0.359375, 0.421875, 0.453125, 0.5, 0.2109375, 0.3671875]","[155, 157]",0.42015331289335306,0.40049399042382866
893,11995.859375,"[0.5, 0.28125, 0.75, 0.578125, 0.328125, 0.53125, 0.328125, 0.84375, 0.28125, 0.8125, 0.625, 0.4375, 0.625, 0.09375, 0.8125, 0.71875, 0.84375, 0.359375, 0.90625, 0.359375, 0.3671875]","[0.3125, 0.171875, 0.5, 0.578125, 0.1953125, 0.28125, 0.34375, 0.421875, 0.140625, 0.46875, 0.65625, 0.265625, 0.328125, 0.09375, 0.40625, 0.359375, 0.421875, 0.453125, 0.5, 0.2109375, 0.3671875]","[155, 157, 158]",0.42015331289335306,0.40049399042382866
894,12015.390625,"[0.5, 0.28125, 0.75, 0.578125, 0.328125, 0.53125, 0.328125, 0.84375, 0.28125, 0.8125, 0.625, 0.4375, 0.625, 0.09375, 0.8125, 0.71875, 0.84375, 0.359375, 0.90625, 0.359375, 0.3671875]","[0.3125, 0.171875, 0.5, 0.578125, 0.1953125, 0.28125, 0.34375, 0.421875, 0.140625, 0.46875, 0.65625, 0.265625, 0.328125, 0.09375, 0.40625, 0.359375, 0.421875, 0.453125, 0.5, 0.2109375, 0.3671875]",[155],0.42015331289335306,0.40049399042382866
895,11975.859375,"[0.5, 0.28125, 0.75, 0.578125, 0.328125, 0.53125, 0.328125, 0.84375, 0.28125, 0.8125, 0.625, 0.4375, 0.625, 0.09375, 0.8125, 0.71875, 0.84375, 0.359375, 0.90625, 0.359375, 0.3671875]","[0.3125, 0.171875, 0.5, 0.578125, 0.1953125, 0.28125, 0.34375, 0.421875, 0.140625, 0.46875, 0.65625, 0.265625, 0.328125, 0.09375, 0.40625, 0.359375, 0.421875, 0.453125, 0.5, 0.2109375, 0.3671875]","[155, 157]",0.42015331289335306,0.40049399042382866
896,12015.546875,"[0.5, 0.28125, 0.75, 0.578125, 0.328125, 0.53125, 0.328125, 0.84375, 0.28125, 0.8125, 0.625, 0.4375, 0.625, 0.09375, 0.8125, 0.6875, 0.84375, 0.421875, 0.90625, 0.359375, 0.3671875]","[0.3125, 0.171875, 0.5, 0.578125, 0.1953125, 0.28125, 0.34375, 0.421875, 0.140625, 0.46875, 0.65625, 0.265625, 0.328125, 0.09375, 0.40625, 0.34375, 0.421875, 0.515625, 0.5, 0.2109375, 0.3671875]","[144, 157, 158, 160]",0.4133792043420655,0.4054235178526365
897,12213.984375,"[0.5, 0.28125, 0.78125, 0.5625, 0.328125, 0.53125, 0.3203125, 0.84375, 0.28125, 0.8125, 0.625, 0.453125, 0.625, 0.09375, 0.8125, 0.6875, 0.84375, 0.421875, 0.90625, 0.359375, 0.3671875]","[0.3125, 0.171875, 0.515625, 0.5625, 0.1953125, 0.28125, 0.3359375, 0.421875, 0.140625, 0.46875, 0.65625, 0.2734375, 0.328125, 0.09375, 0.40625, 0.34375, 0.421875, 0.515625, 0.5, 0.2109375, 0.3671875]","[39, 80]",0.41512637453561074,0.4040247435980929
898,12035.0,"[0.5, 0.34375, 0.71875, 0.5625, 0.328125, 0.53125, 0.3125, 0.84375, 0.28125, 0.8125, 0.625, 0.453125, 0.625, 0.09375, 0.8125, 0.6875, 0.84375, 0.421875, 0.90625, 0.359375, 0.3671875]","[0.3125, 0.234375, 0.453125, 0.5625, 0.1953125, 0.28125, 0.328125, 0.421875, 0.140625, 0.46875, 0.65625, 0.2734375, 0.328125, 0.09375, 0.40625, 0.34375, 0.421875, 0.515625, 0.5, 0.2109375, 0.3671875]","[39, 117, 124]",0.4053977830899143,0.38814473281047696
899,12290.703125,"[0.5, 0.34375, 0.71875, 0.5625, 0.328125, 0.53125, 0.3125, 0.84375, 0.28125, 0.8125, 0.625, 0.453125, 0.625, 0.09375, 0.8125, 0.9375, 0.84375, 0.421875, 0.90625, 0.359375, 0.3671875]","[0.3125, 0.234375, 0.453125, 0.5625, 0.1953125, 0.28125, 0.328125, 0.421875, 0.140625, 0.46875, 0.65625, 0.2734375, 0.328125, 0.09375, 0.40625, 0.46875, 0.421875, 0.515625, 0.5, 0.2109375, 0.3671875]","[39, 124, 144]",0.4213961882671058,0.38710311456773466
900,12369.921875,"[0.5, 0.59375, 0.71875, 0.5625, 0.328125, 0.53125, 0.3125, 0.84375, 0.28125, 0.8125, 0.625, 0.453125, 0.625, 0.109375, 0.8125, 0.9375, 0.84375, 0.390625, 0.90625, 0.359375, 0.3671875]","[0.3125, 0.359375, 0.453125, 0.5625, 0.1953125, 0.28125, 0.328125, 0.421875, 0.140625, 0.46875, 0.65625, 0.2734375, 0.328125, 0.109375, 0.40625, 0.5, 0.421875, 0.453125, 0.5, 0.2109375, 0.3671875]",[14],0.4038407385496606,0.3661925303754973
901,12330.234375,"[0.5, 0.59375, 0.71875, 0.4375, 0.328125, 0.53125, 0.3125, 0.84375, 0.28125, 0.8125, 0.625, 0.453125, 0.625, 0.109375, 0.875, 0.9375, 0.84375, 0.390625, 0.90625, 0.359375, 0.3671875]","[0.3125, 0.359375, 0.453125, 0.4375, 0.1953125, 0.28125, 0.328125, 0.421875, 0.140625, 0.46875, 0.65625, 0.2734375, 0.328125, 0.109375, 0.46875, 0.5, 0.421875, 0.453125, 0.5, 0.2109375, 0.3671875]","[93, 99]",0.4152912494323182,0.35724977861829915
902,12250.546875,"[0.5, 0.59375, 0.71875, 0.4375, 0.328125, 0.53125, 0.3125, 0.84375, 0.28125, 0.8125, 0.625, 0.453125, 0.625, 0.109375, 0.875, 0.9375, 0.90625, 0.390625, 0.90625, 0.359375, 0.3671875]","[0.3125, 0.359375, 0.453125, 0.4375, 0.1953125, 0.28125, 0.328125, 0.421875, 0.140625, 0.46875, 0.65625, 0.2734375, 0.328125, 0.109375, 0.46875, 0.5, 0.484375, 0.453125, 0.5, 0.2109375, 0.3671875]",[93],0.41997530033206515,0.3596064409931308
903,12250.546875,"[0.5, 0.59375, 0.71875, 0.4375, 0.328125, 0.53125, 0.3125, 0.84375, 0.28125, 0.8125, 0.625, 0.453125, 0.65625, 0.109375, 0.875, 0.9375, 0.90625, 0.390625, 0.90625, 0.359375, 0.3671875]","[0.3125, 0.359375, 0.453125, 0.4375, 0.1953125, 0.28125, 0.328125, 0.421875, 0.140625, 0.46875, 0.65625, 0.2734375, 0.34375, 0.109375, 0.46875, 0.5, 0.484375, 0.453125, 0.5, 0.2109375, 0.3671875]","[157, 161]",0.419672365925183,0.3583748976063924
904,12309.609375,"[0.5625, 0.59375, 0.71875, 0.4375, 0.328125, 0.53125, 0.3125, 0.875, 0.28125, 0.8125, 0.625, 0.453125, 0.65625, 0.109375, 0.875, 0.9375, 0.90625, 0.390625, 0.78125, 0.359375, 0.3671875]","[0.34375, 0.359375, 0.453125, 0.4375, 0.1953125, 0.28125, 0.328125, 0.4375, 0.140625, 0.46875, 0.65625, 0.2734375, 0.34375, 0.109375, 0.46875, 0.5, 0.484375, 0.453125, 0.4375, 0.2109375, 0.3671875]","[22, 162]",0.41093361234433856,0.3526554903884875
905,12270.390625,"[0.5625, 0.59375, 0.71875, 0.4375, 0.328125, 0.53125, 0.328125, 0.875, 0.28125, 0.8125, 0.625, 0.453125, 0.65625, 0.109375, 0.875, 0.9375, 0.90625, 0.390625, 0.78125, 0.359375, 0.3671875]","[0.34375, 0.359375, 0.453125, 0.4375, 0.1953125, 0.28125, 0.34375, 0.4375, 0.140625, 0.46875, 0.65625, 0.2734375, 0.34375, 0.109375, 0.46875, 0.5, 0.484375, 0.453125, 0.4375, 0.2109375, 0.3671875]",[162],0.4090031672812645,0.3514279055755032
906,12210.546875,"[0.5625, 0.59375, 0.71875, 0.4375, 0.328125, 0.5, 0.328125, 0.875, 0.28125, 0.8125, 0.625, 0.453125, 0.671875, 0.109375, 0.875, 0.9375, 0.90625, 0.390625, 0.78125, 0.359375, 0.3671875]","[0.34375, 0.359375, 0.453125, 0.4375, 0.1953125, 0.265625, 0.34375, 0.4375, 0.140625, 0.46875, 0.65625, 0.2734375, 0.3515625, 0.109375, 0.46875, 0.5, 0.484375, 0.453125, 0.4375, 0.2109375, 0.3671875]","[102, 163]",0.41066984040441895,0.35309970595013856
907,12329.921875,"[0.5625, 0.59375, 0.71875, 0.4375, 0.328125, 0.5625, 0.328125, 0.875, 0.28125, 0.8125, 0.625, 0.453125, 0.546875, 0.078125, 0.875, 0.9375, 0.90625, 0.390625, 0.78125, 0.359375, 0.3984375]","[0.34375, 0.359375, 0.453125, 0.4375, 0.1953125, 0.296875, 0.34375, 0.4375, 0.140625, 0.46875, 0.65625, 0.2734375, 0.2890625, 0.078125, 0.46875, 0.5, 0.484375, 0.453125, 0.4375, 0.2109375, 0.3984375]","[74, 79, 164]",0.41335307598130205,0.3636612249270907
908,12328.984375,"[0.5625, 0.59375, 0.53125, 0.4375, 0.328125, 0.5625, 0.328125, 0.875, 0.34375, 0.8125, 0.625, 0.453125, 0.546875, 0.078125, 0.875, 0.9375, 0.90625, 0.390625, 0.78125, 0.359375, 0.3984375]","[0.34375, 0.359375, 0.359375, 0.4375, 0.1953125, 0.296875, 0.34375, 0.4375, 0.203125, 0.46875, 0.65625, 0.2734375, 0.2890625, 0.078125, 0.46875, 0.5, 0.484375, 0.453125, 0.4375, 0.2109375, 0.3984375]",[91],0.40758881673719966,0.34938610979022133
909,12032.578125,"[0.5625, 0.59375, 0.53125, 0.4375, 0.328125, 0.5625, 0.328125, 0.84375, 0.34375, 0.75, 0.625, 0.453125, 0.5625, 0.078125, 0.875, 0.9375, 0.90625, 0.390625, 0.78125, 0.359375, 0.3984375]","[0.34375, 0.359375, 0.359375, 0.4375, 0.1953125, 0.296875, 0.34375, 0.421875, 0.203125, 0.40625, 0.65625, 0.2734375, 0.296875, 0.078125, 0.46875, 0.5, 0.484375, 0.453125, 0.4375, 0.2109375, 0.3984375]",[87],0.4013466717964791,0.34628116076456844
910,12132.265625,"[0.5625, 0.59375, 0.53125, 0.5625, 0.3125, 0.5625, 0.328125, 0.84375, 0.34375, 0.75, 0.625, 0.453125, 0.5625, 0.078125, 0.875, 0.9375, 0.90625, 0.390625, 0.78125, 0.359375, 0.3984375]","[0.34375, 0.359375, 0.359375, 0.5625, 0.1875, 0.296875, 0.34375, 0.421875, 0.203125, 0.40625, 0.65625, 0.2734375, 0.296875, 0.078125, 0.46875, 0.5, 0.484375, 0.453125, 0.4375, 0.2109375, 0.3984375]","[125, 129, 164]",0.39628967589880776,0.35917923835748145
911,12210.859375,"[0.5625, 0.59375, 0.5625, 0.5625, 0.3125, 0.5625, 0.328125, 0.84375, 0.34375, 0.75, 0.625, 0.453125, 0.5625, 0.046875, 0.875, 0.9375, 0.96875, 0.390625, 0.78125, 0.359375, 0.3984375]","[0.34375, 0.359375, 0.375, 0.5625, 0.1875, 0.296875, 0.34375, 0.421875, 0.203125, 0.40625, 0.65625, 0.2734375, 0.296875, 0.046875, 0.46875, 0.5, 0.515625, 0.453125, 0.4375, 0.2109375, 0.3984375]",[11],0.40866316386653867,0.37149885194915555
912,12131.171875,"[0.5625, 0.59375, 0.5625, 0.5625, 0.3125, 0.5625, 0.328125, 0.84375, 0.34375, 0.75, 0.625, 0.453125, 0.5625, 0.046875, 0.875, 1.0, 0.96875, 0.390625, 0.78125, 0.359375, 0.3984375]","[0.34375, 0.359375, 0.375, 0.5625, 0.1875, 0.296875, 0.34375, 0.421875, 0.203125, 0.40625, 0.65625, 0.2734375, 0.296875, 0.046875, 0.46875, 0.5625, 0.515625, 0.453125, 0.4375, 0.2109375, 0.3984375]","[164, 165, 167, 169]",0.41565756295256634,0.3777518555543918
913,12367.578125,"[0.5625, 0.59375, 0.5625, 0.5625, 0.3125, 0.5625, 0.328125, 0.84375, 0.34375, 0.75, 0.625, 0.453125, 0.5625, 0.046875, 0.875, 1.0, 0.96875, 0.390625, 0.796875, 0.359375, 0.3359375]","[0.34375, 0.359375, 0.375, 0.5625, 0.1875, 0.296875, 0.34375, 0.421875, 0.203125, 0.40625, 0.65625, 0.2734375, 0.296875, 0.046875, 0.46875, 0.5625, 0.515625, 0.453125, 0.4453125, 0.2109375, 0.3359375]",[50],0.42295966661960643,0.38113772047515454
914,12011.328125,"[0.5625, 0.59375, 0.5625, 0.5625, 0.3125, 0.5, 0.328125, 0.84375, 0.34375, 0.75, 0.625, 0.453125, 0.5625, 0.046875, 0.875, 1.0, 0.96875, 0.390625, 0.796875, 0.359375, 0.3359375]","[0.34375, 0.359375, 0.375, 0.5625, 0.1875, 0.265625, 0.34375, 0.421875, 0.203125, 0.40625, 0.65625, 0.2734375, 0.296875, 0.046875, 0.46875, 0.5625, 0.515625, 0.453125, 0.4453125, 0.2109375, 0.3359375]","[50, 123, 164]",0.42589202999895076,0.3851863624572906
915,11991.015625,"[0.625, 0.53125, 0.5625, 0.5625, 0.3125, 0.5, 0.328125, 0.84375, 0.34375, 0.75, 0.625, 0.453125, 0.5625, 0.046875, 0.875, 1.0, 0.84375, 0.390625, 0.796875, 0.359375, 0.3359375]","[0.40625, 0.328125, 0.375, 0.5625, 0.1875, 0.265625, 0.34375, 0.421875, 0.203125, 0.40625, 0.65625, 0.2734375, 0.296875, 0.046875, 0.46875, 0.5625, 0.453125, 0.453125, 0.4453125, 0.2109375, 0.3359375]","[123, 34, 50]",0.41522857598196794,0.3811336896368731
916,11951.953125,"[0.625, 0.53125, 0.5625, 0.5625, 0.3125, 0.5, 0.328125, 0.84375, 0.34375, 0.78125, 0.625, 0.484375, 0.5625, 0.046875, 0.875, 1.0, 0.90625, 0.390625, 0.796875, 0.359375, 0.3359375]","[0.40625, 0.328125, 0.375, 0.5625, 0.1875, 0.265625, 0.34375, 0.421875, 0.203125, 0.421875, 0.65625, 0.3046875, 0.296875, 0.046875, 0.46875, 0.5625, 0.484375, 0.453125, 0.4453125, 0.2109375, 0.3359375]",[8],0.4194161404926472,0.3785446814706872
917,12089.765625,"[0.625, 0.53125, 0.5625, 0.5625, 0.3125, 0.5, 0.328125, 0.84375, 0.34375, 0.78125, 0.625, 0.484375, 0.5625, 0.046875, 0.875, 1.0, 0.90625, 0.390625, 0.796875, 0.359375, 0.3359375]","[0.40625, 0.328125, 0.375, 0.5625, 0.1875, 0.265625, 0.34375, 0.421875, 0.203125, 0.421875, 0.65625, 0.3046875, 0.296875, 0.046875, 0.46875, 0.5625, 0.484375, 0.453125, 0.4453125, 0.2109375, 0.3359375]",[8],0.4194161404926472,0.3785446814706872
918,11952.109375,"[0.625, 0.53125, 0.5625, 0.5625, 0.3125, 0.5, 0.328125, 0.71875, 0.3125, 0.78125, 0.625, 0.484375, 0.5625, 0.046875, 0.875, 1.0, 0.90625, 0.390625, 0.796875, 0.359375, 0.3359375]","[0.40625, 0.328125, 0.375, 0.5625, 0.1875, 0.265625, 0.34375, 0.359375, 0.1875, 0.421875, 0.65625, 0.3046875, 0.296875, 0.046875, 0.46875, 0.5625, 0.484375, 0.453125, 0.4453125, 0.2109375, 0.3359375]","[8, 106, 120]",0.4173393384685313,0.38361926521603495
919,11972.265625,"[0.625, 0.53125, 0.5625, 0.5625, 0.3125, 0.5, 0.328125, 0.71875, 0.3125, 0.78125, 0.625, 0.484375, 0.5625, 0.046875, 0.9375, 1.0, 0.90625, 0.390625, 0.796875, 0.359375, 0.3203125]","[0.40625, 0.328125, 0.375, 0.5625, 0.1875, 0.265625, 0.34375, 0.359375, 0.1875, 0.421875, 0.65625, 0.3046875, 0.296875, 0.046875, 0.5, 0.5625, 0.484375, 0.453125, 0.4453125, 0.2109375, 0.3203125]","[8, 109, 120]",0.4250369565837212,0.3867562407751906
920,11952.109375,"[0.625, 0.53125, 0.5625, 0.5625, 0.34375, 0.5, 0.328125, 0.71875, 0.3125, 0.84375, 0.625, 0.484375, 0.5625, 0.046875, 0.9375, 1.0, 0.90625, 0.390625, 0.796875, 0.390625, 0.3203125]","[0.40625, 0.328125, 0.375, 0.5625, 0.21875, 0.265625, 0.34375, 0.359375, 0.1875, 0.484375, 0.65625, 0.3046875, 0.296875, 0.046875, 0.5, 0.5625, 0.484375, 0.453125, 0.4453125, 0.2421875, 0.3203125]",[121],0.4215899403787861,0.3764729436118741
921,12030.859375,"[0.625, 0.53125, 0.6875, 0.5625, 0.34375, 0.5, 0.328125, 0.71875, 0.3125, 0.78125, 0.625, 0.484375, 0.5625, 0.046875, 0.9375, 1.0, 0.90625, 0.390625, 0.796875, 0.390625, 0.3203125]","[0.40625, 0.328125, 0.4375, 0.5625, 0.21875, 0.265625, 0.34375, 0.359375, 0.1875, 0.421875, 0.65625, 0.3046875, 0.296875, 0.046875, 0.5, 0.5625, 0.484375, 0.453125, 0.4453125, 0.2421875, 0.3203125]",[52],0.4165637514820229,0.3738073153608918
922,12070.234375,"[0.625, 0.53125, 0.6875, 0.5625, 0.34375, 0.5, 0.328125, 0.71875, 0.3125, 0.78125, 0.625, 0.484375, 0.5625, 0.046875, 0.9375, 1.0, 0.90625, 0.390625, 0.765625, 0.390625, 0.3203125]","[0.40625, 0.328125, 0.4375, 0.5625, 0.21875, 0.265625, 0.34375, 0.359375, 0.1875, 0.421875, 0.65625, 0.3046875, 0.296875, 0.046875, 0.5, 0.5625, 0.484375, 0.453125, 0.4140625, 0.2421875, 0.3203125]",[52],0.4152104028810987,0.3736683021076313
923,11991.171875,"[0.625, 0.53125, 0.6875, 0.5625, 0.34375, 0.5, 0.328125, 0.78125, 0.3125, 0.75, 0.625, 0.484375, 0.5625, 0.046875, 0.9375, 1.0, 0.90625, 0.390625, 0.765625, 0.390625, 0.3203125]","[0.40625, 0.328125, 0.4375, 0.5625, 0.21875, 0.265625, 0.34375, 0.421875, 0.1875, 0.40625, 0.65625, 0.3046875, 0.296875, 0.046875, 0.5, 0.5625, 0.484375, 0.453125, 0.4140625, 0.2421875, 0.3203125]","[96, 165]",0.4160376709605412,0.3718544251614704
924,12050.859375,"[0.625, 0.53125, 0.6875, 0.5625, 0.34375, 0.5, 0.328125, 0.78125, 0.3125, 0.75, 0.625, 0.484375, 0.5625, 0.046875, 0.9375, 1.0, 0.90625, 0.390625, 0.765625, 0.390625, 0.3203125]","[0.40625, 0.328125, 0.4375, 0.5625, 0.21875, 0.265625, 0.34375, 0.421875, 0.1875, 0.40625, 0.65625, 0.3046875, 0.296875, 0.046875, 0.5, 0.5625, 0.484375, 0.453125, 0.4140625, 0.2421875, 0.3203125]","[96, 165]",0.4160376709605412,0.3718544251614704
925,12011.25,"[0.625, 0.53125, 0.6875, 0.5625, 0.34375, 0.5, 0.3203125, 0.78125, 0.3125, 0.75, 0.625, 0.484375, 0.5625, 0.046875, 0.9375, 0.875, 0.90625, 0.390625, 0.765625, 0.390625, 0.328125]","[0.40625, 0.328125, 0.4375, 0.5625, 0.21875, 0.265625, 0.3359375, 0.421875, 0.1875, 0.40625, 0.65625, 0.3046875, 0.296875, 0.046875, 0.5, 0.5, 0.484375, 0.453125, 0.4140625, 0.2421875, 0.328125]",[13],0.40303544088033666,0.365477442187543
926,11912.578125,"[0.625, 0.53125, 0.6875, 0.515625, 0.34375, 0.484375, 0.3203125, 0.78125, 0.3125, 0.75, 0.625, 0.484375, 0.5625, 0.046875, 0.9375, 0.875, 0.90625, 0.390625, 0.765625, 0.390625, 0.328125]","[0.40625, 0.328125, 0.4375, 0.515625, 0.21875, 0.2578125, 0.3359375, 0.421875, 0.1875, 0.40625, 0.65625, 0.3046875, 0.296875, 0.046875, 0.5, 0.5, 0.484375, 0.453125, 0.4140625, 0.2421875, 0.328125]",[23],0.4058985938540647,0.3612568986363169
927,11892.109375,"[0.625, 0.53125, 0.6875, 0.515625, 0.34375, 0.484375, 0.3203125, 0.78125, 0.3125, 0.75, 0.625, 0.484375, 0.5625, 0.03125, 0.9375, 0.875, 0.90625, 0.390625, 0.578125, 0.390625, 0.328125]","[0.40625, 0.328125, 0.4375, 0.515625, 0.21875, 0.2578125, 0.3359375, 0.421875, 0.1875, 0.40625, 0.65625, 0.3046875, 0.296875, 0.03125, 0.5, 0.5, 0.484375, 0.453125, 0.3203125, 0.2421875, 0.328125]",[0],0.40734498969519534,0.37132413725968244
928,11555.078125,"[0.65625, 0.53125, 0.6875, 0.515625, 0.34375, 0.484375, 0.3203125, 0.78125, 0.3125, 0.75, 0.625, 0.484375, 0.5625, 0.03125, 0.9375, 0.875, 0.90625, 0.390625, 0.578125, 0.390625, 0.3203125]","[0.421875, 0.328125, 0.4375, 0.515625, 0.21875, 0.2578125, 0.3359375, 0.421875, 0.1875, 0.40625, 0.65625, 0.3046875, 0.296875, 0.03125, 0.5, 0.5, 0.484375, 0.453125, 0.3203125, 0.2421875, 0.3203125]",[23],0.4083434976224484,0.37200550587736775
929,11614.53125,"[0.65625, 0.53125, 0.6875, 0.515625, 0.34375, 0.484375, 0.3203125, 0.78125, 0.3125, 0.75, 0.6875, 0.484375, 0.5625, 0.03125, 0.9375, 0.875, 0.90625, 0.390625, 0.578125, 0.390625, 0.3203125]","[0.421875, 0.328125, 0.4375, 0.515625, 0.21875, 0.2578125, 0.3359375, 0.421875, 0.1875, 0.40625, 0.71875, 0.3046875, 0.296875, 0.03125, 0.5, 0.5, 0.484375, 0.453125, 0.3203125, 0.2421875, 0.3203125]","[25, 26]",0.4087398770178758,0.38781932395727287
930,11694.21875,"[0.65625, 0.53125, 0.6875, 0.515625, 0.34375, 0.484375, 0.3203125, 0.78125, 0.3125, 0.75, 0.6875, 0.484375, 0.5625, 0.046875, 0.9375, 0.875, 0.90625, 0.359375, 0.578125, 0.390625, 0.3203125]","[0.421875, 0.328125, 0.4375, 0.515625, 0.21875, 0.2578125, 0.3359375, 0.421875, 0.1875, 0.40625, 0.71875, 0.3046875, 0.296875, 0.046875, 0.5, 0.5, 0.484375, 0.390625, 0.3203125, 0.2421875, 0.3203125]",[25],0.4083191185958352,0.38220245577594897
931,11694.375,"[0.65625, 0.53125, 0.6875, 0.515625, 0.34375, 0.484375, 0.3515625, 0.78125, 0.3125, 0.75, 0.6875, 0.46875, 0.5625, 0.046875, 0.9375, 0.875, 0.90625, 0.359375, 0.578125, 0.390625, 0.3203125]","[0.421875, 0.328125, 0.4375, 0.515625, 0.21875, 0.2578125, 0.3671875, 0.421875, 0.1875, 0.40625, 0.71875, 0.296875, 0.296875, 0.046875, 0.5, 0.5, 0.484375, 0.390625, 0.3203125, 0.2421875, 0.3203125]",[73],0.40562345587295345,0.3811093434498168
932,11714.21875,"[0.65625, 0.46875, 0.6875, 0.515625, 0.34375, 0.484375, 0.3515625, 0.78125, 0.3125, 0.75, 0.6875, 0.453125, 0.5625, 0.046875, 0.9375, 0.875, 0.90625, 0.359375, 0.578125, 0.390625, 0.3203125]","[0.421875, 0.296875, 0.4375, 0.515625, 0.21875, 0.2578125, 0.3671875, 0.421875, 0.1875, 0.40625, 0.71875, 0.2890625, 0.296875, 0.046875, 0.5, 0.5, 0.484375, 0.390625, 0.3203125, 0.2421875, 0.3203125]","[63, 73, 96, 104]",0.41008740162843726,0.3851128957713144
933,11734.0625,"[0.65625, 0.46875, 0.6875, 0.515625, 0.34375, 0.484375, 0.3515625, 0.78125, 0.3125, 0.75, 0.6875, 0.453125, 0.5625, 0.046875, 0.9375, 0.875, 0.90625, 0.390625, 0.578125, 0.390625, 0.3203125]","[0.421875, 0.296875, 0.4375, 0.515625, 0.21875, 0.2578125, 0.3671875, 0.421875, 0.1875, 0.40625, 0.71875, 0.2890625, 0.296875, 0.046875, 0.5, 0.5, 0.484375, 0.453125, 0.3203125, 0.2421875, 0.3203125]","[63, 96, 104]",0.4068822784347498,0.3852487176300625
934,12012.1875,"[0.65625, 0.46875, 0.6875, 0.515625, 0.34375, 0.484375, 0.3515625, 0.75, 0.3125, 0.75, 0.6875, 0.453125, 0.5625, 0.046875, 0.9375, 0.875, 0.90625, 0.390625, 0.578125, 0.390625, 0.3203125]","[0.421875, 0.296875, 0.4375, 0.515625, 0.21875, 0.2578125, 0.3671875, 0.40625, 0.1875, 0.40625, 0.71875, 0.2890625, 0.296875, 0.046875, 0.5, 0.5, 0.484375, 0.453125, 0.3203125, 0.2421875, 0.3203125]","[7, 63]",0.40530705465307676,0.38534623547882213
935,11754.375,"[0.65625, 0.46875, 0.6875, 0.515625, 0.34375, 0.484375, 0.3515625, 0.75, 0.3125, 0.75, 0.6875, 0.453125, 0.5625, 0.046875, 0.9375, 0.875, 0.90625, 0.390625, 0.578125, 0.390625, 0.3203125]","[0.421875, 0.296875, 0.4375, 0.515625, 0.21875, 0.2578125, 0.3671875, 0.40625, 0.1875, 0.40625, 0.71875, 0.2890625, 0.296875, 0.046875, 0.5, 0.5, 0.484375, 0.453125, 0.3203125, 0.2421875, 0.3203125]",[7],0.40530705465307676,0.38534623547882213
936,11794.0625,"[0.65625, 0.40625, 0.6875, 0.515625, 0.21875, 0.484375, 0.3515625, 0.75, 0.3125, 0.75, 0.6875, 0.453125, 0.5625, 0.046875, 0.9375, 0.875, 0.90625, 0.390625, 0.546875, 0.359375, 0.3203125]","[0.421875, 0.234375, 0.4375, 0.515625, 0.15625, 0.2578125, 0.3671875, 0.40625, 0.1875, 0.40625, 0.71875, 0.2890625, 0.296875, 0.046875, 0.5, 0.5, 0.484375, 0.453125, 0.2890625, 0.2109375, 0.3203125]",[7],0.43140317241561615,0.41604380528577356
937,11437.1875,"[0.59375, 0.40625, 0.6875, 0.515625, 0.21875, 0.484375, 0.3515625, 0.75, 0.3125, 0.75, 0.75, 0.453125, 0.5625, 0.046875, 0.90625, 0.875, 0.90625, 0.390625, 0.546875, 0.359375, 0.2578125]","[0.359375, 0.234375, 0.4375, 0.515625, 0.15625, 0.2578125, 0.3671875, 0.40625, 0.1875, 0.40625, 0.78125, 0.2890625, 0.296875, 0.046875, 0.484375, 0.5, 0.484375, 0.453125, 0.2890625, 0.2109375, 0.2578125]",[45],0.4384801319275367,0.4420476152891512
938,11258.125,"[0.59375, 0.40625, 0.6875, 0.515625, 0.21875, 0.484375, 0.3515625, 0.75, 0.3125, 0.75, 0.75, 0.453125, 0.5625, 0.046875, 0.90625, 0.875, 0.96875, 0.390625, 0.546875, 0.328125, 0.2578125]","[0.359375, 0.234375, 0.4375, 0.515625, 0.15625, 0.2578125, 0.3671875, 0.40625, 0.1875, 0.40625, 0.78125, 0.2890625, 0.296875, 0.046875, 0.484375, 0.5, 0.546875, 0.453125, 0.2890625, 0.1796875, 0.2578125]","[56, 63]",0.44915750209760347,0.4529393648962472
939,11336.875,"[0.59375, 0.40625, 0.6875, 0.515625, 0.21875, 0.484375, 0.3515625, 0.75, 0.3125, 0.75, 0.75, 0.453125, 0.5625, 0.046875, 0.90625, 1.0, 0.96875, 0.390625, 0.546875, 0.328125, 0.2578125]","[0.359375, 0.234375, 0.4375, 0.515625, 0.15625, 0.2578125, 0.3671875, 0.40625, 0.1875, 0.40625, 0.78125, 0.2890625, 0.296875, 0.046875, 0.484375, 0.5625, 0.546875, 0.453125, 0.2890625, 0.1796875, 0.2578125]",[63],0.4625281922593249,0.4581287584972252
940,11336.5625,"[0.65625, 0.40625, 0.6875, 0.515625, 0.21875, 0.484375, 0.3515625, 0.75, 0.3125, 0.75, 0.75, 0.453125, 0.5625, 0.046875, 0.90625, 1.0, 0.96875, 0.390625, 0.546875, 0.328125, 0.2578125]","[0.390625, 0.234375, 0.4375, 0.515625, 0.15625, 0.2578125, 0.3671875, 0.40625, 0.1875, 0.40625, 0.78125, 0.2890625, 0.296875, 0.046875, 0.484375, 0.5625, 0.546875, 0.453125, 0.2890625, 0.1796875, 0.2578125]","[80, 83]",0.4618897040124159,0.45664496020183853
941,11396.09375,"[0.65625, 0.40625, 0.625, 0.515625, 0.21875, 0.484375, 0.3515625, 0.75, 0.3125, 0.75, 0.75, 0.453125, 0.5625, 0.046875, 0.90625, 1.0, 0.96875, 0.390625, 0.546875, 0.359375, 0.2578125]","[0.390625, 0.234375, 0.375, 0.515625, 0.15625, 0.2578125, 0.3671875, 0.40625, 0.1875, 0.40625, 0.78125, 0.2890625, 0.296875, 0.046875, 0.484375, 0.5625, 0.546875, 0.453125, 0.2890625, 0.2109375, 0.2578125]",[53],0.4583877300616703,0.4519451187092039
942,11356.5625,"[0.65625, 0.40625, 0.625, 0.515625, 0.21875, 0.484375, 0.3515625, 0.75, 0.3125, 0.75, 0.75, 0.453125, 0.5625, 0.046875, 0.90625, 1.0, 0.96875, 0.390625, 0.546875, 0.359375, 0.2578125]","[0.390625, 0.234375, 0.375, 0.515625, 0.15625, 0.2578125, 0.3671875, 0.40625, 0.1875, 0.40625, 0.78125, 0.2890625, 0.296875, 0.046875, 0.484375, 0.5625, 0.546875, 0.453125, 0.2890625, 0.2109375, 0.2578125]","[53, 80]",0.4583877300616703,0.4519451187092039
943,11415.9375,"[0.65625, 0.40625, 0.625, 0.515625, 0.21875, 0.484375, 0.3515625, 0.75, 0.3125, 0.75, 0.75, 0.453125, 0.5625, 0.046875, 0.90625, 1.0, 0.96875, 0.390625, 0.546875, 0.359375, 0.2578125]","[0.390625, 0.234375, 0.375, 0.515625, 0.15625, 0.2578125, 0.3671875, 0.40625, 0.1875, 0.40625, 0.78125, 0.2890625, 0.296875, 0.046875, 0.484375, 0.5625, 0.546875, 0.453125, 0.2890625, 0.2109375, 0.2578125]",[53],0.4583877300616703,0.4519451187092039
944,11495.625,"[0.65625, 0.40625, 0.625, 0.515625, 0.21875, 0.484375, 0.3515625, 0.75, 0.3125, 0.75, 0.875, 0.453125, 0.546875, 0.046875, 0.84375, 1.0, 0.96875, 0.390625, 0.546875, 0.359375, 0.2578125]","[0.390625, 0.234375, 0.375, 0.515625, 0.15625, 0.2578125, 0.3671875, 0.40625, 0.1875, 0.40625, 0.90625, 0.2890625, 0.2890625, 0.046875, 0.453125, 0.5625, 0.546875, 0.453125, 0.2890625, 0.2109375, 0.2578125]",[48],0.46107384615793073,0.4914554534630225
945,11476.09375,"[0.65625, 0.40625, 0.625, 0.515625, 0.1875, 0.484375, 0.3359375, 0.75, 0.3125, 0.75, 0.90625, 0.453125, 0.546875, 0.046875, 0.84375, 1.0, 0.96875, 0.390625, 0.546875, 0.359375, 0.2578125]","[0.390625, 0.234375, 0.375, 0.515625, 0.140625, 0.2578125, 0.3359375, 0.40625, 0.1875, 0.40625, 0.9375, 0.2890625, 0.2890625, 0.046875, 0.453125, 0.5625, 0.546875, 0.453125, 0.2890625, 0.2109375, 0.2578125]","[54, 80]",0.47030953810291876,0.5079004838411169
946,11455.625,"[0.71875, 0.40625, 0.625, 0.515625, 0.1875, 0.484375, 0.3359375, 0.75, 0.3125, 0.78125, 0.90625, 0.4375, 0.546875, 0.046875, 0.84375, 1.0, 0.96875, 0.390625, 0.546875, 0.359375, 0.2578125]","[0.453125, 0.234375, 0.375, 0.515625, 0.140625, 0.2578125, 0.3359375, 0.40625, 0.1875, 0.421875, 0.9375, 0.28125, 0.2890625, 0.046875, 0.453125, 0.5625, 0.546875, 0.453125, 0.2890625, 0.2109375, 0.2578125]","[30, 96, 104]",0.4731156084125861,0.5068481466196543
947,11574.765625,"[0.71875, 0.40625, 0.625, 0.515625, 0.1875, 0.484375, 0.3359375, 0.75, 0.3125, 0.78125, 0.90625, 0.4375, 0.546875, 0.0546875, 0.84375, 1.0, 0.96875, 0.390625, 0.578125, 0.234375, 0.2578125]","[0.453125, 0.234375, 0.375, 0.515625, 0.140625, 0.2578125, 0.3359375, 0.40625, 0.1875, 0.421875, 0.9375, 0.28125, 0.2890625, 0.0546875, 0.453125, 0.5625, 0.546875, 0.453125, 0.3046875, 0.1484375, 0.2578125]","[96, 106]",0.4860150039988531,0.5151066988912136
948,11535.859375,"[0.71875, 0.40625, 0.625, 0.515625, 0.1875, 0.484375, 0.3515625, 0.75, 0.3125, 0.78125, 0.90625, 0.4375, 0.546875, 0.0546875, 0.84375, 1.0, 0.96875, 0.390625, 0.578125, 0.234375, 0.3203125]","[0.453125, 0.234375, 0.375, 0.515625, 0.140625, 0.2578125, 0.3671875, 0.40625, 0.1875, 0.421875, 0.9375, 0.28125, 0.2890625, 0.0546875, 0.453125, 0.5625, 0.546875, 0.453125, 0.3046875, 0.1484375, 0.3203125]","[108, 112]",0.4763417808516252,0.5052484886340397
949,11695.234375,"[0.71875, 0.40625, 0.625, 0.515625, 0.1875, 0.484375, 0.3515625, 0.75, 0.3125, 0.78125, 0.90625, 0.4375, 0.546875, 0.0546875, 0.84375, 1.0, 0.96875, 0.390625, 0.578125, 0.234375, 0.3203125]","[0.453125, 0.234375, 0.375, 0.515625, 0.140625, 0.2578125, 0.3671875, 0.40625, 0.1875, 0.421875, 0.9375, 0.28125, 0.2890625, 0.0546875, 0.453125, 0.5625, 0.546875, 0.453125, 0.3046875, 0.1484375, 0.3203125]","[112, 108, 120, 126]",0.4763417808516252,0.5052484886340397
950,11754.296875,"[0.71875, 0.40625, 0.625, 0.515625, 0.1875, 0.484375, 0.3671875, 0.625, 0.3125, 0.78125, 0.90625, 0.4375, 0.671875, 0.0546875, 0.84375, 1.0, 0.96875, 0.40625, 0.578125, 0.234375, 0.3203125]","[0.453125, 0.234375, 0.375, 0.515625, 0.140625, 0.2578125, 0.3828125, 0.34375, 0.1875, 0.421875, 0.9375, 0.28125, 0.3515625, 0.0546875, 0.453125, 0.5625, 0.546875, 0.46875, 0.3046875, 0.1484375, 0.3203125]","[112, 136, 144, 147, 148]",0.4699746690925975,0.5019164843862316
951,11754.765625,"[0.71875, 0.40625, 0.625, 0.515625, 0.1875, 0.484375, 0.3671875, 0.65625, 0.3125, 0.78125, 0.90625, 0.4375, 0.6875, 0.0546875, 0.84375, 1.0, 0.96875, 0.40625, 0.578125, 0.234375, 0.3203125]","[0.453125, 0.234375, 0.375, 0.515625, 0.140625, 0.2578125, 0.3828125, 0.359375, 0.1875, 0.421875, 0.9375, 0.28125, 0.359375, 0.0546875, 0.453125, 0.5625, 0.546875, 0.46875, 0.3046875, 0.1484375, 0.3203125]","[112, 136, 147, 149]",0.46976667047887,0.5001345923646754
952,11932.109375,"[0.71875, 0.65625, 0.625, 0.515625, 0.1875, 0.484375, 0.3671875, 0.65625, 0.3125, 0.78125, 0.90625, 0.4375, 0.6875, 0.0546875, 0.78125, 1.0, 0.96875, 0.40625, 0.578125, 0.234375, 0.3203125]","[0.453125, 0.359375, 0.375, 0.515625, 0.140625, 0.2578125, 0.3828125, 0.359375, 0.1875, 0.421875, 0.9375, 0.28125, 0.359375, 0.0546875, 0.421875, 0.5625, 0.546875, 0.46875, 0.3046875, 0.1484375, 0.3203125]","[147, 94, 136, 149]",0.4550373407130019,0.4862349185014419
953,12267.578125,"[0.71875, 0.90625, 0.625, 0.515625, 0.1875, 0.484375, 0.3671875, 0.65625, 0.375, 0.78125, 0.90625, 0.4375, 0.6875, 0.0546875, 0.78125, 1.0, 0.96875, 0.40625, 0.578125, 0.359375, 0.3203125]","[0.453125, 0.484375, 0.375, 0.515625, 0.140625, 0.2578125, 0.3828125, 0.359375, 0.21875, 0.421875, 0.9375, 0.28125, 0.359375, 0.0546875, 0.421875, 0.5625, 0.546875, 0.46875, 0.3046875, 0.2109375, 0.3203125]","[149, 158]",0.4405672709639574,0.464351608359684
954,12367.421875,"[0.71875, 0.90625, 0.625, 0.515625, 0.1875, 0.484375, 0.3671875, 0.65625, 0.375, 0.78125, 0.90625, 0.4375, 0.6875, 0.0546875, 0.78125, 1.0, 0.96875, 0.40625, 0.578125, 0.359375, 0.3203125]","[0.453125, 0.484375, 0.375, 0.515625, 0.140625, 0.2578125, 0.3828125, 0.359375, 0.21875, 0.421875, 0.9375, 0.28125, 0.359375, 0.0546875, 0.421875, 0.5625, 0.546875, 0.46875, 0.3046875, 0.2109375, 0.3203125]",[149],0.4405672709639574,0.464351608359684
955,12208.515625,"[0.71875, 0.9375, 0.625, 0.515625, 0.1875, 0.484375, 0.3671875, 0.65625, 0.375, 0.78125, 0.90625, 0.4375, 0.6875, 0.0546875, 0.78125, 1.0, 0.96875, 0.40625, 0.578125, 0.359375, 0.3203125]","[0.453125, 0.5, 0.375, 0.515625, 0.140625, 0.2578125, 0.3828125, 0.359375, 0.21875, 0.421875, 0.9375, 0.28125, 0.359375, 0.0546875, 0.421875, 0.5625, 0.546875, 0.46875, 0.3046875, 0.2109375, 0.3203125]",[158],0.4429024392493501,0.46461169814504166
956,12288.203125,"[0.71875, 0.9375, 0.625, 0.515625, 0.1875, 0.484375, 0.3046875, 0.65625, 0.375, 0.78125, 0.875, 0.4375, 0.6875, 0.0859375, 0.78125, 1.0, 0.96875, 0.28125, 0.578125, 0.359375, 0.3203125]","[0.453125, 0.5, 0.375, 0.515625, 0.140625, 0.2578125, 0.3203125, 0.359375, 0.21875, 0.421875, 0.875, 0.28125, 0.359375, 0.0859375, 0.421875, 0.5625, 0.546875, 0.34375, 0.3046875, 0.2109375, 0.3203125]","[28, 44, 66]",0.4556912100236082,0.4452033451340169
957,12148.515625,"[0.65625, 0.9375, 0.625, 0.640625, 0.1875, 0.484375, 0.3046875, 0.65625, 0.375, 0.8125, 0.875, 0.4375, 0.6875, 0.0859375, 0.78125, 1.0, 0.96875, 0.3125, 0.578125, 0.359375, 0.3203125]","[0.390625, 0.5, 0.375, 0.640625, 0.140625, 0.2578125, 0.3203125, 0.359375, 0.21875, 0.4375, 0.875, 0.28125, 0.359375, 0.0859375, 0.421875, 0.5625, 0.546875, 0.40625, 0.3046875, 0.2109375, 0.3203125]",[43],0.4483912738435555,0.4541429251099161
958,12267.890625,"[0.65625, 0.9375, 0.625, 0.640625, 0.15625, 0.484375, 0.3046875, 0.65625, 0.375, 0.8125, 0.875, 0.4375, 0.5625, 0.0859375, 0.75, 1.0, 0.96875, 0.3125, 0.578125, 0.359375, 0.3203125]","[0.390625, 0.5, 0.375, 0.640625, 0.125, 0.2578125, 0.3203125, 0.359375, 0.21875, 0.4375, 0.875, 0.28125, 0.296875, 0.0859375, 0.40625, 0.5625, 0.546875, 0.40625, 0.3046875, 0.2109375, 0.3203125]","[43, 62]",0.45534358763451377,0.46424257153486825
959,12009.140625,"[0.65625, 0.9375, 0.625, 0.640625, 0.15625, 0.484375, 0.3046875, 0.53125, 0.375, 0.8125, 0.875, 0.4375, 0.5625, 0.0859375, 0.8125, 1.0, 0.96875, 0.3125, 0.578125, 0.359375, 0.3203125]","[0.390625, 0.5, 0.375, 0.640625, 0.125, 0.2578125, 0.3203125, 0.296875, 0.21875, 0.4375, 0.875, 0.28125, 0.296875, 0.0859375, 0.46875, 0.5625, 0.546875, 0.40625, 0.3046875, 0.2109375, 0.3203125]","[21, 43]",0.46098794415020394,0.46914408067758046
960,12048.515625,"[0.65625, 0.9375, 0.625, 0.640625, 0.15625, 0.46875, 0.2421875, 0.53125, 0.375, 0.8125, 0.875, 0.4375, 0.5625, 0.0859375, 0.8125, 1.0, 0.96875, 0.3125, 0.578125, 0.359375, 0.3203125]","[0.390625, 0.5, 0.375, 0.640625, 0.125, 0.25, 0.2578125, 0.296875, 0.21875, 0.4375, 0.875, 0.28125, 0.296875, 0.0859375, 0.46875, 0.5625, 0.546875, 0.40625, 0.3046875, 0.2109375, 0.3203125]","[21, 36, 43]",0.4703427285658456,0.47789792432962347
961,11791.640625,"[0.65625, 0.9375, 0.625, 0.640625, 0.15625, 0.46875, 0.2421875, 0.53125, 0.375, 0.8125, 0.875, 0.4375, 0.5625, 0.1015625, 0.8125, 1.0, 0.96875, 0.3125, 0.578125, 0.359375, 0.3203125]","[0.390625, 0.5, 0.375, 0.640625, 0.125, 0.25, 0.2578125, 0.296875, 0.21875, 0.4375, 0.875, 0.28125, 0.296875, 0.1015625, 0.46875, 0.5625, 0.546875, 0.40625, 0.3046875, 0.2109375, 0.3203125]","[36, 21, 65, 100, 141]",0.46736154644700983,0.4738205529319794
962,11910.390625,"[0.65625, 0.9375, 0.625, 0.640625, 0.15625, 0.46875, 0.2421875, 0.53125, 0.375, 0.9375, 0.875, 0.4375, 0.5625, 0.1015625, 0.8125, 1.0, 0.96875, 0.3125, 0.578125, 0.359375, 0.3359375]","[0.390625, 0.5, 0.375, 0.640625, 0.125, 0.25, 0.2578125, 0.296875, 0.21875, 0.5, 0.875, 0.28125, 0.296875, 0.1015625, 0.46875, 0.5625, 0.546875, 0.40625, 0.3046875, 0.2109375, 0.3515625]",[100],0.4729837474686887,0.4713893119126172
963,11870.546875,"[0.65625, 0.9375, 0.5625, 0.640625, 0.15625, 0.46875, 0.2421875, 0.53125, 0.375, 0.9375, 0.875, 0.4375, 0.5625, 0.1015625, 0.8125, 1.0, 0.96875, 0.3125, 0.453125, 0.359375, 0.3359375]","[0.390625, 0.5, 0.3125, 0.640625, 0.125, 0.25, 0.2578125, 0.296875, 0.21875, 0.5, 0.875, 0.28125, 0.296875, 0.1015625, 0.46875, 0.5625, 0.546875, 0.40625, 0.2421875, 0.2109375, 0.3515625]","[27, 40]",0.48180832983005106,0.48489908344843785
964,11751.484375,"[0.65625, 0.9375, 0.5625, 0.703125, 0.15625, 0.46875, 0.2421875, 0.53125, 0.4375, 0.9375, 0.875, 0.4375, 0.5625, 0.1015625, 0.8125, 1.0, 0.96875, 0.3125, 0.453125, 0.359375, 0.3359375]","[0.390625, 0.5, 0.3125, 0.703125, 0.125, 0.25, 0.2578125, 0.296875, 0.28125, 0.5, 0.875, 0.28125, 0.296875, 0.1015625, 0.46875, 0.5625, 0.546875, 0.40625, 0.2421875, 0.2109375, 0.3515625]","[100, 141]",0.47585078343272025,0.48459031340327213
965,11850.546875,"[0.65625, 0.9375, 0.5625, 0.703125, 0.15625, 0.46875, 0.2421875, 0.53125, 0.4375, 0.9375, 0.875, 0.4375, 0.5625, 0.1015625, 0.8125, 1.0, 0.96875, 0.3125, 0.453125, 0.359375, 0.3359375]","[0.390625, 0.5, 0.3125, 0.703125, 0.125, 0.25, 0.2578125, 0.296875, 0.28125, 0.5, 0.875, 0.28125, 0.296875, 0.1015625, 0.46875, 0.5625, 0.546875, 0.40625, 0.2421875, 0.2109375, 0.3515625]",[100],0.47585078343272025,0.48459031340327213
966,11910.859375,"[0.65625, 0.9375, 0.5625, 0.703125, 0.15625, 0.46875, 0.2421875, 0.53125, 0.4375, 0.9375, 0.875, 0.4375, 0.5625, 0.1015625, 0.8125, 1.0, 0.96875, 0.28125, 0.453125, 0.359375, 0.3359375]","[0.390625, 0.5, 0.3125, 0.703125, 0.125, 0.25, 0.2578125, 0.296875, 0.28125, 0.5, 0.875, 0.28125, 0.296875, 0.1015625, 0.46875, 0.5625, 0.546875, 0.34375, 0.2421875, 0.2109375, 0.3515625]","[44, 100]",0.4797275632981953,0.4885370159673886
967,11731.640625,"[0.65625, 0.9375, 0.5625, 0.703125, 0.15625, 0.46875, 0.2421875, 0.53125, 0.4375, 0.9375, 0.875, 0.4375, 0.53125, 0.1015625, 0.8125, 1.0, 0.96875, 0.28125, 0.453125, 0.359375, 0.3359375]","[0.390625, 0.5, 0.3125, 0.703125, 0.125, 0.25, 0.2578125, 0.296875, 0.28125, 0.5, 0.875, 0.28125, 0.265625, 0.1015625, 0.46875, 0.5625, 0.546875, 0.34375, 0.2421875, 0.2109375, 0.3515625]","[32, 44, 100]",0.48114891784028685,0.4925080865718923
968,11949.609375,"[0.65625, 1.0, 0.5625, 0.703125, 0.15625, 0.46875, 0.2421875, 0.375, 0.4375, 0.9375, 0.875, 0.4375, 0.53125, 0.1015625, 0.8125, 1.0, 0.96875, 0.28125, 0.453125, 0.359375, 0.3359375]","[0.390625, 0.5625, 0.3125, 0.703125, 0.125, 0.25, 0.2578125, 0.21875, 0.28125, 0.5, 0.875, 0.28125, 0.265625, 0.1015625, 0.46875, 0.5625, 0.546875, 0.34375, 0.2421875, 0.2109375, 0.3515625]","[32, 100]",0.49817505708649157,0.5063728419973738
969,11792.265625,"[0.65625, 1.0, 0.5625, 0.6875, 0.15625, 0.46875, 0.3046875, 0.375, 0.4375, 0.9375, 0.875, 0.4375, 0.53125, 0.1015625, 0.8125, 1.0, 0.96875, 0.28125, 0.453125, 0.359375, 0.3359375]","[0.390625, 0.5625, 0.3125, 0.6875, 0.125, 0.25, 0.3203125, 0.21875, 0.28125, 0.5, 0.875, 0.28125, 0.265625, 0.1015625, 0.46875, 0.5625, 0.546875, 0.34375, 0.2421875, 0.2109375, 0.3515625]",[32],0.4900297841890223,0.4963804274450292
970,11911.953125,"[0.65625, 1.0, 0.5625, 0.6875, 0.15625, 0.46875, 0.3046875, 0.375, 0.4375, 0.9375, 0.875, 0.4375, 0.53125, 0.1015625, 0.8125, 1.0, 0.96875, 0.28125, 0.453125, 0.359375, 0.3984375]","[0.390625, 0.5625, 0.3125, 0.6875, 0.125, 0.25, 0.3203125, 0.21875, 0.28125, 0.5, 0.875, 0.28125, 0.265625, 0.1015625, 0.46875, 0.5625, 0.546875, 0.34375, 0.2421875, 0.2109375, 0.4140625]","[133, 139]",0.48368280393716123,0.49270239545946565
971,11971.171875,"[0.65625, 1.0, 0.5625, 0.6875, 0.15625, 0.46875, 0.3046875, 0.375, 0.4375, 0.9375, 0.875, 0.4375, 0.53125, 0.1015625, 0.8125, 1.0, 0.96875, 0.28125, 0.453125, 0.359375, 0.3984375]","[0.390625, 0.5625, 0.3125, 0.6875, 0.125, 0.25, 0.3203125, 0.21875, 0.28125, 0.5, 0.875, 0.28125, 0.265625, 0.1015625, 0.46875, 0.5625, 0.546875, 0.34375, 0.2421875, 0.2109375, 0.4140625]",[133],0.48368280393716123,0.49270239545946565
972,11951.640625,"[0.65625, 1.0, 0.5625, 0.6875, 0.15625, 0.46875, 0.3046875, 0.375, 0.4375, 0.9375, 0.875, 0.4375, 0.53125, 0.1015625, 0.8125, 1.0, 0.96875, 0.28125, 0.453125, 0.359375, 0.3984375]","[0.390625, 0.5625, 0.3125, 0.6875, 0.125, 0.25, 0.3203125, 0.21875, 0.28125, 0.5, 0.875, 0.28125, 0.265625, 0.1015625, 0.46875, 0.5625, 0.546875, 0.34375, 0.2421875, 0.2109375, 0.4140625]","[64, 139]",0.48368280393716123,0.49270239545946565
973,12070.703125,"[0.65625, 1.0, 0.5625, 0.6875, 0.15625, 0.46875, 0.3046875, 0.375, 0.4375, 0.9375, 0.875, 0.4375, 0.53125, 0.1015625, 0.8125, 1.0, 0.96875, 0.28125, 0.453125, 0.359375, 0.3984375]","[0.390625, 0.5625, 0.3125, 0.6875, 0.125, 0.25, 0.3203125, 0.21875, 0.28125, 0.5, 0.875, 0.28125, 0.265625, 0.1015625, 0.46875, 0.5625, 0.546875, 0.34375, 0.2421875, 0.2109375, 0.4140625]","[139, 64, 141]",0.48368280393716123,0.49270239545946565
974,11990.703125,"[0.65625, 0.96875, 0.625, 0.6875, 0.15625, 0.46875, 0.3046875, 0.375, 0.4375, 0.9375, 0.875, 0.4375, 0.53125, 0.1015625, 0.8125, 1.0, 0.96875, 0.28125, 0.453125, 0.359375, 0.3984375]","[0.390625, 0.546875, 0.34375, 0.6875, 0.125, 0.25, 0.3203125, 0.21875, 0.28125, 0.5, 0.875, 0.28125, 0.265625, 0.1015625, 0.46875, 0.5625, 0.546875, 0.34375, 0.2421875, 0.2109375, 0.4140625]","[139, 141, 144]",0.47889960897211686,0.4888140568452818
975,12011.171875,"[0.65625, 0.96875, 0.625, 0.6875, 0.15625, 0.46875, 0.3046875, 0.375, 0.4375, 0.9375, 0.875, 0.4375, 0.53125, 0.1171875, 0.8125, 1.0, 0.96875, 0.3125, 0.421875, 0.359375, 0.3984375]","[0.390625, 0.546875, 0.34375, 0.6875, 0.125, 0.25, 0.3203125, 0.21875, 0.28125, 0.5, 0.875, 0.28125, 0.265625, 0.1328125, 0.46875, 0.5625, 0.546875, 0.375, 0.2265625, 0.2109375, 0.4140625]","[104, 144]",0.47466032943013986,0.48148942150666596
976,12090.234375,"[0.625, 0.96875, 0.625, 0.6875, 0.15625, 0.46875, 0.3046875, 0.375, 0.4375, 0.9375, 0.875, 0.4375, 0.53125, 0.1171875, 0.8125, 1.0, 0.96875, 0.3125, 0.421875, 0.359375, 0.3984375]","[0.375, 0.546875, 0.34375, 0.6875, 0.125, 0.25, 0.3203125, 0.21875, 0.28125, 0.5, 0.875, 0.28125, 0.265625, 0.1328125, 0.46875, 0.5625, 0.546875, 0.375, 0.2265625, 0.2109375, 0.4140625]","[0, 104]",0.4751545905352344,0.4824170751375774
977,12109.296875,"[0.625, 0.96875, 0.625, 0.6875, 0.15625, 0.46875, 0.3046875, 0.34375, 0.4375, 0.9375, 0.75, 0.4375, 0.53125, 0.1171875, 0.8125, 1.0, 0.96875, 0.3125, 0.421875, 0.359375, 0.3984375]","[0.375, 0.546875, 0.34375, 0.6875, 0.125, 0.25, 0.3203125, 0.203125, 0.28125, 0.5, 0.75, 0.28125, 0.265625, 0.1328125, 0.46875, 0.5625, 0.546875, 0.375, 0.2265625, 0.2109375, 0.4140625]","[0, 6]",0.47329919031816464,0.45390906165670086
978,11813.046875,"[0.625, 0.96875, 0.625, 0.6875, 0.15625, 0.5, 0.3046875, 0.34375, 0.4375, 0.9375, 0.75, 0.4375, 0.53125, 0.1171875, 0.8125, 1.0, 0.96875, 0.3125, 0.421875, 0.359375, 0.3984375]","[0.375, 0.546875, 0.34375, 0.6875, 0.125, 0.265625, 0.3203125, 0.203125, 0.28125, 0.5, 0.75, 0.28125, 0.265625, 0.1328125, 0.46875, 0.5625, 0.546875, 0.375, 0.2265625, 0.2109375, 0.4140625]","[0, 57, 104]",0.4713041713982826,0.45164127413673105
979,11970.546875,"[0.625, 0.96875, 0.625, 0.6875, 0.15625, 0.46875, 0.3046875, 0.40625, 0.4375, 0.9375, 0.75, 0.4375, 0.53125, 0.1171875, 0.8125, 1.0, 0.96875, 0.3125, 0.421875, 0.359375, 0.3671875]","[0.375, 0.546875, 0.34375, 0.6875, 0.125, 0.25, 0.3203125, 0.234375, 0.28125, 0.5, 0.75, 0.28125, 0.265625, 0.1328125, 0.46875, 0.5625, 0.546875, 0.375, 0.2265625, 0.2109375, 0.3828125]","[0, 6]",0.4701096983699569,0.44969208298731905
980,11929.921875,"[0.5625, 0.96875, 0.6875, 0.6875, 0.15625, 0.46875, 0.3046875, 0.40625, 0.4375, 0.9375, 0.75, 0.4375, 0.53125, 0.109375, 0.8125, 1.0, 0.96875, 0.3125, 0.421875, 0.359375, 0.3671875]","[0.34375, 0.546875, 0.40625, 0.6875, 0.125, 0.25, 0.3203125, 0.234375, 0.28125, 0.5, 0.75, 0.28125, 0.265625, 0.125, 0.46875, 0.5625, 0.546875, 0.375, 0.2265625, 0.2109375, 0.3828125]",[6],0.4728265844698069,0.45016308082004985
981,11732.8125,"[0.5625, 0.96875, 0.6875, 0.6875, 0.15625, 0.46875, 0.3046875, 0.40625, 0.4375, 0.8125, 0.75, 0.4375, 0.53125, 0.109375, 0.8125, 1.0, 0.96875, 0.3125, 0.421875, 0.359375, 0.3671875]","[0.34375, 0.546875, 0.40625, 0.6875, 0.125, 0.25, 0.3203125, 0.234375, 0.28125, 0.4375, 0.75, 0.28125, 0.265625, 0.125, 0.46875, 0.5625, 0.546875, 0.375, 0.2265625, 0.2109375, 0.3828125]","[6, 57]",0.464545577025198,0.4492747504625445
982,11693.984375,"[0.5625, 0.96875, 0.6875, 0.6875, 0.15625, 0.46875, 0.3046875, 0.40625, 0.4375, 0.8125, 0.75, 0.4375, 0.5625, 0.0859375, 0.8125, 1.0, 0.96875, 0.3125, 0.421875, 0.359375, 0.3671875]","[0.34375, 0.546875, 0.40625, 0.6875, 0.125, 0.25, 0.3203125, 0.234375, 0.28125, 0.4375, 0.75, 0.28125, 0.296875, 0.1015625, 0.46875, 0.5625, 0.546875, 0.375, 0.2265625, 0.2109375, 0.3828125]","[89, 142]",0.46776579479900887,0.45127406030094347
983,11733.359375,"[0.5625, 0.96875, 0.6875, 0.6875, 0.15625, 0.46875, 0.3046875, 0.40625, 0.4375, 0.8125, 0.75, 0.4375, 0.5625, 0.0859375, 0.8125, 1.0, 0.96875, 0.3125, 0.453125, 0.359375, 0.3671875]","[0.34375, 0.546875, 0.40625, 0.6875, 0.125, 0.25, 0.3203125, 0.234375, 0.28125, 0.4375, 0.75, 0.28125, 0.296875, 0.1015625, 0.46875, 0.5625, 0.546875, 0.375, 0.2578125, 0.2109375, 0.3828125]",[89],0.4653106071866682,0.44636404994847106
984,11693.671875,"[0.5625, 0.96875, 0.6875, 0.6875, 0.15625, 0.46875, 0.3046875, 0.40625, 0.4375, 0.8125, 0.75, 0.4375, 0.59375, 0.0859375, 0.8125, 1.0, 0.96875, 0.3125, 0.453125, 0.359375, 0.3671875]","[0.34375, 0.546875, 0.40625, 0.6875, 0.125, 0.25, 0.3203125, 0.234375, 0.28125, 0.4375, 0.75, 0.28125, 0.328125, 0.1015625, 0.46875, 0.5625, 0.546875, 0.375, 0.2578125, 0.2109375, 0.3828125]","[144, 149]",0.46432101699402006,0.4431079549962794
985,11733.359375,"[0.5625, 0.96875, 0.6875, 0.6875, 0.15625, 0.46875, 0.3046875, 0.40625, 0.4375, 0.8125, 0.75, 0.4375, 0.59375, 0.0859375, 0.8125, 1.0, 0.96875, 0.3125, 0.390625, 0.390625, 0.3671875]","[0.34375, 0.546875, 0.40625, 0.6875, 0.125, 0.25, 0.3203125, 0.234375, 0.28125, 0.4375, 0.75, 0.28125, 0.328125, 0.1015625, 0.46875, 0.5625, 0.546875, 0.375, 0.2265625, 0.2421875, 0.3828125]","[149, 97, 158]",0.4664552700899203,0.44273686494075964
986,11831.796875,"[0.5625, 0.96875, 0.6875, 0.6875, 0.15625, 0.46875, 0.3046875, 0.4375, 0.4375, 0.9375, 0.75, 0.4375, 0.59375, 0.0703125, 0.8125, 1.0, 0.96875, 0.3125, 0.453125, 0.390625, 0.3046875]","[0.34375, 0.546875, 0.40625, 0.6875, 0.125, 0.25, 0.3203125, 0.25, 0.28125, 0.5, 0.75, 0.28125, 0.328125, 0.0859375, 0.46875, 0.5625, 0.546875, 0.375, 0.2578125, 0.2421875, 0.3203125]",[47],0.4766434746254761,0.4450890895145512
987,11652.265625,"[0.5625, 0.96875, 0.6875, 0.6875, 0.15625, 0.46875, 0.3046875, 0.40625, 0.4375, 0.9375, 0.75, 0.4375, 0.59375, 0.0703125, 0.8125, 1.0, 0.71875, 0.3125, 0.453125, 0.390625, 0.3046875]","[0.34375, 0.546875, 0.40625, 0.6875, 0.125, 0.25, 0.3203125, 0.234375, 0.28125, 0.5, 0.75, 0.28125, 0.328125, 0.0859375, 0.46875, 0.5625, 0.421875, 0.375, 0.2578125, 0.2421875, 0.3203125]",[47],0.46529097697496963,0.44409633451763936
988,11475.078125,"[0.5625, 0.96875, 0.6875, 0.6875, 0.15625, 0.46875, 0.3046875, 0.40625, 0.375, 0.875, 0.75, 0.4375, 0.59375, 0.0703125, 0.8125, 0.875, 0.65625, 0.3125, 0.453125, 0.390625, 0.3046875]","[0.34375, 0.546875, 0.40625, 0.6875, 0.125, 0.25, 0.3203125, 0.234375, 0.21875, 0.46875, 0.75, 0.28125, 0.328125, 0.0859375, 0.46875, 0.5, 0.359375, 0.375, 0.2578125, 0.2421875, 0.3203125]",[45],0.4514520052007909,0.45015664413508644
989,11297.890625,"[0.5625, 0.96875, 0.6875, 0.6875, 0.15625, 0.46875, 0.3046875, 0.40625, 0.375, 0.875, 0.75, 0.4375, 0.59375, 0.0703125, 0.8125, 0.875, 0.65625, 0.3125, 0.453125, 0.390625, 0.3046875]","[0.34375, 0.546875, 0.40625, 0.6875, 0.125, 0.25, 0.3203125, 0.234375, 0.21875, 0.46875, 0.75, 0.28125, 0.328125, 0.0859375, 0.46875, 0.5, 0.359375, 0.375, 0.2578125, 0.2421875, 0.3203125]",[45],0.4514520052007909,0.45015664413508644
990,11278.359375,"[0.5625, 0.96875, 0.6875, 0.6875, 0.15625, 0.46875, 0.3046875, 0.40625, 0.375, 0.875, 0.625, 0.4375, 0.59375, 0.0703125, 0.8125, 0.875, 0.65625, 0.3125, 0.453125, 0.390625, 0.3046875]","[0.34375, 0.546875, 0.40625, 0.6875, 0.125, 0.25, 0.3203125, 0.234375, 0.21875, 0.46875, 0.625, 0.28125, 0.328125, 0.0859375, 0.46875, 0.5, 0.359375, 0.375, 0.2578125, 0.2421875, 0.3203125]",[45],0.4489565576496078,0.4221963051157883
991,11258.515625,"[0.5625, 0.96875, 0.6875, 0.6875, 0.15625, 0.46875, 0.3046875, 0.40625, 0.375, 0.875, 0.625, 0.4375, 0.59375, 0.0703125, 0.8125, 0.875, 0.65625, 0.3125, 0.453125, 0.390625, 0.3046875]","[0.34375, 0.546875, 0.40625, 0.6875, 0.125, 0.25, 0.3203125, 0.234375, 0.21875, 0.46875, 0.625, 0.28125, 0.328125, 0.0859375, 0.46875, 0.5, 0.359375, 0.375, 0.2578125, 0.2421875, 0.3203125]",[45],0.4489565576496078,0.4221963051157883
992,11179.140625,"[0.5625, 0.96875, 0.6875, 0.5625, 0.15625, 0.46875, 0.3046875, 0.40625, 0.375, 0.875, 0.625, 0.375, 0.59375, 0.0703125, 0.8125, 0.875, 0.65625, 0.3125, 0.453125, 0.453125, 0.3046875]","[0.34375, 0.546875, 0.40625, 0.5625, 0.125, 0.25, 0.3203125, 0.234375, 0.21875, 0.46875, 0.625, 0.25, 0.328125, 0.0859375, 0.46875, 0.5, 0.359375, 0.375, 0.2578125, 0.2734375, 0.3203125]",[47],0.44944693084574994,0.39674771174900975
993,10980.703125,"[0.5625, 0.96875, 0.6875, 0.5625, 0.15625, 0.46875, 0.2734375, 0.40625, 0.375, 0.875, 0.625, 0.375, 0.59375, 0.0703125, 0.8125, 0.875, 0.65625, 0.3125, 0.453125, 0.453125, 0.3046875]","[0.34375, 0.546875, 0.40625, 0.5625, 0.125, 0.25, 0.2890625, 0.234375, 0.21875, 0.46875, 0.625, 0.25, 0.328125, 0.0859375, 0.46875, 0.5, 0.359375, 0.375, 0.2578125, 0.2734375, 0.3203125]","[47, 56, 77]",0.45355585044852703,0.39978420098072626
994,11020.234375,"[0.5625, 0.96875, 0.6875, 0.4375, 0.15625, 0.46875, 0.2734375, 0.40625, 0.375, 0.875, 0.625, 0.34375, 0.59375, 0.0703125, 0.8125, 0.875, 0.65625, 0.3125, 0.453125, 0.453125, 0.3046875]","[0.34375, 0.546875, 0.40625, 0.4375, 0.125, 0.25, 0.2890625, 0.234375, 0.21875, 0.46875, 0.625, 0.21875, 0.328125, 0.0859375, 0.46875, 0.5, 0.359375, 0.375, 0.2578125, 0.2734375, 0.3203125]",[47],0.4627685428230773,0.3918629533405984
995,10702.265625,"[0.5625, 0.96875, 0.6875, 0.4375, 0.15625, 0.46875, 0.2734375, 0.40625, 0.4375, 0.875, 0.625, 0.34375, 0.59375, 0.0625, 0.8125, 0.875, 0.65625, 0.3125, 0.453125, 0.453125, 0.3046875]","[0.34375, 0.546875, 0.40625, 0.4375, 0.125, 0.25, 0.2890625, 0.234375, 0.28125, 0.46875, 0.625, 0.21875, 0.328125, 0.078125, 0.46875, 0.5, 0.359375, 0.375, 0.2578125, 0.2734375, 0.3203125]",[50],0.4591991450007643,0.38503430726284144
996,10702.03125,"[0.5625, 0.96875, 0.6875, 0.4375, 0.15625, 0.46875, 0.2734375, 0.40625, 0.4375, 0.875, 0.625, 0.34375, 0.59375, 0.0625, 0.8125, 0.875, 0.65625, 0.3125, 0.453125, 0.453125, 0.3046875]","[0.34375, 0.546875, 0.40625, 0.4375, 0.125, 0.25, 0.2890625, 0.234375, 0.28125, 0.46875, 0.625, 0.21875, 0.328125, 0.078125, 0.46875, 0.5, 0.359375, 0.375, 0.2578125, 0.2734375, 0.3203125]",[50],0.4591991450007643,0.38503430726284144
997,10702.265625,"[0.5625, 0.96875, 0.6875, 0.4375, 0.15625, 0.46875, 0.2734375, 0.40625, 0.4375, 0.875, 0.625, 0.34375, 0.59375, 0.0625, 0.8125, 0.875, 0.65625, 0.28125, 0.453125, 0.453125, 0.3046875]","[0.34375, 0.546875, 0.40625, 0.4375, 0.125, 0.25, 0.2890625, 0.234375, 0.28125, 0.46875, 0.625, 0.21875, 0.328125, 0.078125, 0.46875, 0.5, 0.359375, 0.3125, 0.2578125, 0.2734375, 0.3203125]","[50, 56, 66]",0.4631875348307589,0.38821364452452445
998,10840.46875,"[0.5625, 0.96875, 0.75, 0.4375, 0.15625, 0.46875, 0.2734375, 0.40625, 0.4375, 0.875, 0.625, 0.34375, 0.59375, 0.0625, 0.8125, 0.875, 0.65625, 0.28125, 0.453125, 0.453125, 0.3046875]","[0.34375, 0.546875, 0.46875, 0.4375, 0.125, 0.25, 0.2890625, 0.234375, 0.28125, 0.46875, 0.625, 0.21875, 0.328125, 0.078125, 0.46875, 0.5, 0.359375, 0.3125, 0.2578125, 0.2734375, 0.3203125]",[50],0.46551804714509676,0.3911714750251429
999,10682.03125,"[0.5625, 0.96875, 0.75, 0.4375, 0.15625, 0.46875, 0.2734375, 0.40625, 0.4375, 0.875, 0.625, 0.34375, 0.59375, 0.0625, 0.8125, 0.875, 0.65625, 0.28125, 0.453125, 0.453125, 0.3046875]","[0.34375, 0.546875, 0.46875, 0.4375, 0.125, 0.25, 0.2890625, 0.234375, 0.28125, 0.46875, 0.625, 0.21875, 0.328125, 0.078125, 0.46875, 0.5, 0.359375, 0.3125, 0.2578125, 0.2734375, 0.3203125]","[50, 56, 73]",0.46551804714509676,0.3911714750251429
1000,10900.3125,"[0.5625, 0.96875, 0.75, 0.4375, 0.15625, 0.46875, 0.2734375, 0.40625, 0.4375, 0.875, 0.625, 0.34375, 0.59375, 0.0625, 0.8125, 0.875, 0.65625, 0.28125, 0.453125, 0.453125, 0.3046875]","[0.34375, 0.546875, 0.46875, 0.4375, 0.125, 0.25, 0.2890625, 0.234375, 0.28125, 0.46875, 0.625, 0.21875, 0.328125, 0.078125, 0.46875, 0.5, 0.359375, 0.3125, 0.2578125, 0.2734375, 0.3203125]","[50, 56]",0.46551804714509676,0.3911714750251429
