Interval,Power_Consumption,CPU_Utilization,Ram_Utilization,Inactivevmids,CPU_Imbalance,Ram_Imbalance
1,229.84375,"[0.0, 0.0, 0.0, 0.0, 0.0, 0.0, 0.0, 0.0, 0.0, 0.0, 0.0, 0.0, 0.0, 0.0, 0.0, 0.0, 0.0, 0.0, 0.0, 0.015625, 0.0]","[0.0, 0.0, 0.0, 0.0, 0.0, 0.0, 0.0, 0.0, 0.0, 0.0, 0.0, 0.0, 0.0, 0.0, 0.0, 0.0, 0.0, 0.0, 0.0, 0.0078125, 0.0]",[1],4.47213595499958,4.47213595499958
2,269.21875,"[0.0, 0.0, 0.0, 0.0, 0.0, 0.0, 0.0, 0.0, 0.0, 0.0, 0.0, 0.0, 0.0, 0.0, 0.0, 0.0, 0.0625, 0.0, 0.0, 0.015625, 0.0]","[0.0, 0.0, 0.0, 0.0, 0.0, 0.0, 0.0, 0.0, 0.0, 0.0, 0.0, 0.0, 0.0, 0.0, 0.0, 0.0, 0.03125, 0.0, 0.0, 0.0078125, 0.0]",[2],3.6441734316577197,3.6441734316577197
3,347.96875,"[0.0, 0.0, 0.0, 0.0, 0.0, 0.0, 0.0, 0.0, 0.0, 0.0, 0.0, 0.0, 0.0, 0.0, 0.0, 0.0, 0.0625, 0.0, 0.0, 0.015625, 0.0]","[0.0, 0.0, 0.0, 0.0, 0.0, 0.0, 0.0, 0.0, 0.0, 0.0, 0.0, 0.0, 0.0, 0.0, 0.0, 0.0, 0.03125, 0.0, 0.0, 0.0078125, 0.0]",[2],3.6441734316577197,3.6441734316577197
4,427.96875,"[0.0, 0.0, 0.0, 0.0, 0.0, 0.0, 0.0, 0.0, 0.0, 0.0, 0.0, 0.125, 0.0, 0.0, 0.0, 0.0, 0.0625, 0.0, 0.0, 0.015625, 0.0]","[0.0, 0.0, 0.0, 0.0, 0.0, 0.0, 0.0, 0.0, 0.0, 0.0, 0.0, 0.0625, 0.0, 0.0, 0.0, 0.0, 0.03125, 0.0, 0.0, 0.0078125, 0.0]",[3],3.0108285831970654,3.0108285831970654
5,467.65625,"[0.0, 0.0, 0.0, 0.0, 0.0, 0.0, 0.0, 0.0, 0.0, 0.0, 0.0, 0.125, 0.0, 0.0, 0.0, 0.0, 0.0625, 0.0, 0.0, 0.046875, 0.0]","[0.0, 0.0, 0.0, 0.0, 0.0, 0.0, 0.0, 0.0, 0.0, 0.0, 0.0, 0.0625, 0.0, 0.0, 0.0, 0.0, 0.03125, 0.0, 0.0, 0.0390625, 0.0]",[4],2.7030846576951055,2.5748316033222696
6,487.34375,"[0.0, 0.0, 0.0, 0.0, 0.0, 0.0, 0.0, 0.0, 0.0, 0.0, 0.0, 0.125, 0.0, 0.0, 0.0, 0.0, 0.0625, 0.0, 0.0, 0.046875, 0.0]","[0.0, 0.0, 0.0, 0.0, 0.0, 0.0, 0.0, 0.0, 0.0, 0.0, 0.0, 0.0625, 0.0, 0.0, 0.0, 0.0, 0.03125, 0.0, 0.0, 0.0390625, 0.0]",[4],2.7030846576951055,2.5748316033222696
7,507.34375,"[0.0, 0.0, 0.0, 0.0, 0.0, 0.0, 0.0, 0.0, 0.0, 0.0, 0.0, 0.125, 0.0, 0.0, 0.0, 0.0, 0.0625, 0.0, 0.0, 0.046875, 0.0]","[0.0, 0.0, 0.0, 0.0, 0.0, 0.0, 0.0, 0.0, 0.0, 0.0, 0.0, 0.0625, 0.0, 0.0, 0.0, 0.0, 0.03125, 0.0, 0.0, 0.0390625, 0.0]",[4],2.7030846576951055,2.5748316033222696
8,546.40625,"[0.0, 0.0, 0.0, 0.0, 0.0, 0.0, 0.0, 0.0, 0.0, 0.0, 0.0, 0.125, 0.0, 0.0, 0.0, 0.125, 0.0625, 0.0, 0.0, 0.046875, 0.0]","[0.0, 0.0, 0.0, 0.0, 0.0, 0.0, 0.0, 0.0, 0.0, 0.0, 0.0, 0.0625, 0.0, 0.0, 0.0, 0.0625, 0.03125, 0.0, 0.0, 0.0390625, 0.0]",[5],2.2524928429545423,2.1629609335353237
9,705.15625,"[0.0, 0.0, 0.0, 0.0, 0.0, 0.0, 0.0, 0.0, 0.0, 0.0, 0.0, 0.125, 0.0, 0.0, 0.0, 0.125, 0.0625, 0.0, 0.0, 0.046875, 0.0]","[0.0, 0.0, 0.0, 0.0, 0.0, 0.0, 0.0, 0.0, 0.0, 0.0, 0.0, 0.0625, 0.0, 0.0, 0.0, 0.0625, 0.03125, 0.0, 0.0, 0.0390625, 0.0]",[5],2.2524928429545423,2.1629609335353237
10,586.09375,"[0.0, 0.0, 0.0, 0.0, 0.0, 0.0, 0.0, 0.0, 0.0, 0.0, 0.0, 0.125, 0.0, 0.0, 0.0, 0.125, 0.0625, 0.03125, 0.0, 0.046875, 0.0]","[0.0, 0.0, 0.0, 0.0, 0.0, 0.0, 0.0, 0.0, 0.0, 0.0, 0.0, 0.0625, 0.0, 0.0, 0.0, 0.0625, 0.03125, 0.0625, 0.0, 0.0390625, 0.0]",[6],2.0676556773312136,1.8689871448617301
11,605.9375,"[0.0, 0.0, 0.0, 0.015625, 0.0, 0.0, 0.0, 0.0, 0.0, 0.0, 0.0, 0.125, 0.0, 0.0, 0.0, 0.125, 0.0625, 0.03125, 0.0, 0.046875, 0.0]","[0.0, 0.0, 0.0, 0.015625, 0.0, 0.0, 0.0, 0.0, 0.0, 0.0, 0.0, 0.0625, 0.0, 0.0, 0.0, 0.0625, 0.03125, 0.0625, 0.0, 0.0390625, 0.0]",[7],1.9769380424455996,1.750102037841549
12,645.3125,"[0.0, 0.0, 0.0625, 0.015625, 0.0, 0.0, 0.0, 0.0, 0.0, 0.0, 0.0, 0.125, 0.0, 0.0, 0.0, 0.125, 0.0625, 0.03125, 0.0, 0.046875, 0.0]","[0.0, 0.0, 0.03125, 0.015625, 0.0, 0.0, 0.0, 0.0, 0.0, 0.0, 0.0, 0.0625, 0.0, 0.0, 0.0, 0.0625, 0.03125, 0.0625, 0.0, 0.0390625, 0.0]",[8],1.74928556845359,1.5789542890605797
13,724.6875,"[0.0, 0.0, 0.0625, 0.015625, 0.0, 0.0, 0.0, 0.0, 0.0, 0.0, 0.0, 0.125, 0.0, 0.0, 0.0, 0.125, 0.0625, 0.03125, 0.0625, 0.046875, 0.0]","[0.0, 0.0, 0.03125, 0.015625, 0.0, 0.0, 0.0, 0.0, 0.0, 0.0, 0.0, 0.0625, 0.0, 0.0, 0.0, 0.0625, 0.03125, 0.0625, 0.03125, 0.0390625, 0.0]",[9],1.565744900494843,1.4335846518532505
14,883.4375,"[0.0, 0.0, 0.0625, 0.140625, 0.0, 0.0, 0.0, 0.0, 0.0, 0.0, 0.0, 0.125, 0.0, 0.0, 0.0, 0.125, 0.0625, 0.03125, 0.0625, 0.046875, 0.0]","[0.0, 0.0, 0.03125, 0.140625, 0.0, 0.0, 0.0, 0.0, 0.0, 0.0, 0.0, 0.0625, 0.0, 0.0, 0.0, 0.0625, 0.03125, 0.0625, 0.03125, 0.0390625, 0.0]",[10],1.4880476182856899,1.5979015253413797
15,922.8125,"[0.0, 0.0, 0.0625, 0.140625, 0.0, 0.0, 0.0, 0.0, 0.0, 0.0, 0.0, 0.125, 0.0, 0.0, 0.0, 0.125, 0.125, 0.03125, 0.0625, 0.046875, 0.0]","[0.0, 0.0, 0.03125, 0.140625, 0.0, 0.0, 0.0, 0.0, 0.0, 0.0, 0.0, 0.0625, 0.0, 0.0, 0.0, 0.0625, 0.09375, 0.0625, 0.03125, 0.0390625, 0.0]",[11],1.4683169383276766,1.5343399732413607
16,942.5,"[0.0, 0.0, 0.0625, 0.140625, 0.0, 0.0, 0.0, 0.0, 0.0, 0.0, 0.0, 0.125, 0.0, 0.0, 0.0, 0.125, 0.125, 0.03125, 0.0625, 0.046875, 0.0]","[0.0, 0.0, 0.03125, 0.140625, 0.0, 0.0, 0.0, 0.0, 0.0, 0.0, 0.0, 0.0625, 0.0, 0.0, 0.0, 0.0625, 0.09375, 0.0625, 0.03125, 0.0390625, 0.0]",[11],1.4683169383276766,1.5343399732413607
17,962.1875,"[0.0, 0.0, 0.0625, 0.140625, 0.0, 0.0, 0.0, 0.0, 0.0, 0.0, 0.0, 0.125, 0.0, 0.0, 0.0, 0.125, 0.125, 0.03125, 0.0625, 0.046875, 0.0]","[0.0, 0.0, 0.03125, 0.140625, 0.0, 0.0, 0.0, 0.0, 0.0, 0.0, 0.0, 0.0625, 0.0, 0.0, 0.0, 0.0625, 0.09375, 0.0625, 0.03125, 0.0390625, 0.0]",[11],1.4683169383276766,1.5343399732413607
18,1001.5625,"[0.0, 0.0, 0.0625, 0.140625, 0.0, 0.0, 0.0, 0.0, 0.0, 0.0, 0.0, 0.125, 0.0, 0.0, 0.0, 0.125, 0.125, 0.03125, 0.0625, 0.046875, 0.0]","[0.0, 0.0, 0.03125, 0.140625, 0.0, 0.0, 0.0, 0.0, 0.0, 0.0, 0.0, 0.0625, 0.0, 0.0, 0.0, 0.0625, 0.09375, 0.0625, 0.03125, 0.0390625, 0.0]",[11],1.4683169383276766,1.5343399732413607
19,1081.5625,"[0.0, 0.0, 0.0625, 0.140625, 0.0, 0.0, 0.0, 0.0, 0.0, 0.0, 0.0, 0.125, 0.125, 0.0, 0.0, 0.125, 0.125, 0.03125, 0.0625, 0.046875, 0.0]","[0.0, 0.0, 0.03125, 0.140625, 0.0, 0.0, 0.0, 0.0, 0.0, 0.0, 0.0, 0.0625, 0.0625, 0.0, 0.0, 0.0625, 0.09375, 0.0625, 0.03125, 0.0390625, 0.0]",[12],1.3232644507370253,1.3841001890518376
20,1121.40625,"[0.0, 0.0, 0.0625, 0.140625, 0.0, 0.0, 0.0, 0.0, 0.0, 0.0, 0.0, 0.125, 0.125, 0.0, 0.0, 0.125, 0.125, 0.03125, 0.0625, 0.046875, 0.015625]","[0.0, 0.0, 0.03125, 0.140625, 0.0, 0.0, 0.0, 0.0, 0.0, 0.0, 0.0, 0.0625, 0.0625, 0.0, 0.0, 0.0625, 0.09375, 0.0625, 0.03125, 0.0390625, 0.03125]",[13],1.2879607817036247,1.2968352885939947
21,1141.25,"[0.0, 0.0, 0.0625, 0.140625, 0.0, 0.0, 0.0, 0.0, 0.0, 0.0, 0.0, 0.125, 0.125, 0.0, 0.0, 0.125, 0.125, 0.03125, 0.0625, 0.046875, 0.015625]","[0.0, 0.0, 0.03125, 0.140625, 0.0, 0.0, 0.0, 0.0, 0.0, 0.0, 0.0, 0.0625, 0.0625, 0.0, 0.0, 0.0625, 0.09375, 0.0625, 0.03125, 0.0390625, 0.03125]",[13],1.2879607817036247,1.2968352885939947
22,1160.78125,"[0.0, 0.0, 0.0625, 0.140625, 0.0, 0.0, 0.0, 0.0, 0.0, 0.0, 0.0, 0.125, 0.125, 0.0, 0.0, 0.125, 0.125, 0.03125, 0.0625, 0.046875, 0.015625]","[0.0, 0.0, 0.03125, 0.140625, 0.0, 0.0, 0.0, 0.0, 0.0, 0.0, 0.0, 0.0625, 0.0625, 0.0, 0.0, 0.0625, 0.09375, 0.0625, 0.03125, 0.0390625, 0.03125]",[13],1.2879607817036247,1.2968352885939947
23,1200.78125,"[0.0, 0.0, 0.0625, 0.140625, 0.0, 0.0, 0.0, 0.0, 0.0, 0.0, 0.0, 0.125, 0.125, 0.0, 0.0, 0.125, 0.125, 0.03125, 0.125, 0.046875, 0.015625]","[0.0, 0.0, 0.03125, 0.140625, 0.0, 0.0, 0.0, 0.0, 0.0, 0.0, 0.0, 0.0625, 0.0625, 0.0, 0.0, 0.0625, 0.09375, 0.0625, 0.0625, 0.0390625, 0.03125]",[14],1.2649564852234094,1.2553268701331186
24,1358.28125,"[0.0, 0.0, 0.0625, 0.140625, 0.0, 0.0, 0.0, 0.0, 0.0, 0.25, 0.0, 0.125, 0.125, 0.0, 0.0, 0.125, 0.125, 0.03125, 0.125, 0.046875, 0.015625]","[0.0, 0.0, 0.03125, 0.140625, 0.0, 0.0, 0.0, 0.0, 0.0, 0.125, 0.0, 0.0625, 0.0625, 0.0, 0.0, 0.0625, 0.09375, 0.0625, 0.0625, 0.0390625, 0.03125]",[15],1.2509196616889509,1.1657808522225055
25,1397.96875,"[0.0, 0.0, 0.0625, 0.140625, 0.0, 0.0, 0.0, 0.0, 0.0, 0.25, 0.0, 0.125, 0.125, 0.0, 0.0, 0.125, 0.125, 0.03125, 0.125, 0.046875, 0.015625]","[0.0, 0.0, 0.03125, 0.140625, 0.0, 0.0, 0.0, 0.0, 0.0, 0.125, 0.0, 0.0625, 0.0625, 0.0, 0.0, 0.0625, 0.09375, 0.0625, 0.0625, 0.0390625, 0.03125]",[15],1.2509196616889509,1.1657808522225055
26,1378.125,"[0.0, 0.0, 0.0625, 0.140625, 0.0, 0.0, 0.0, 0.0, 0.0, 0.25, 0.0, 0.125, 0.125, 0.0, 0.0, 0.125, 0.125, 0.03125, 0.125, 0.046875, 0.015625]","[0.0, 0.0, 0.03125, 0.140625, 0.0, 0.0, 0.0, 0.0, 0.0, 0.125, 0.0, 0.0625, 0.0625, 0.0, 0.0, 0.0625, 0.09375, 0.0625, 0.0625, 0.0390625, 0.03125]",[15],1.2509196616889509,1.1657808522225055
27,1397.96875,"[0.0, 0.0, 0.0625, 0.140625, 0.0, 0.0, 0.0, 0.0, 0.0, 0.25, 0.0, 0.125, 0.125, 0.0, 0.0, 0.125, 0.125, 0.03125, 0.125, 0.046875, 0.015625]","[0.0, 0.0, 0.03125, 0.140625, 0.0, 0.0, 0.0, 0.0, 0.0, 0.125, 0.0, 0.0625, 0.0625, 0.0, 0.0, 0.0625, 0.09375, 0.0625, 0.0625, 0.0390625, 0.03125]",[15],1.2509196616889509,1.1657808522225055
28,1437.65625,"[0.0, 0.0, 0.0625, 0.140625, 0.0, 0.0, 0.0, 0.0, 0.0, 0.25, 0.0, 0.125, 0.125, 0.0, 0.0, 0.125, 0.125, 0.03125, 0.125, 0.046875, 0.015625]","[0.0, 0.0, 0.03125, 0.140625, 0.0, 0.0, 0.0, 0.0, 0.0, 0.125, 0.0, 0.0625, 0.0625, 0.0, 0.0, 0.0625, 0.09375, 0.0625, 0.0625, 0.0390625, 0.03125]",[15],1.2509196616889509,1.1657808522225055
29,1517.03125,"[0.0, 0.0, 0.0625, 0.140625, 0.0, 0.125, 0.0, 0.0, 0.0, 0.25, 0.0, 0.125, 0.125, 0.0, 0.0, 0.125, 0.125, 0.03125, 0.125, 0.046875, 0.015625]","[0.0, 0.0, 0.03125, 0.140625, 0.0, 0.0625, 0.0, 0.0, 0.0, 0.125, 0.0, 0.0625, 0.0625, 0.0, 0.0, 0.0625, 0.09375, 0.0625, 0.0625, 0.0390625, 0.03125]",[16],1.1354742557429796,1.0662400521085356
30,1556.71875,"[0.0, 0.0, 0.0625, 0.140625, 0.0, 0.125, 0.0, 0.0, 0.0, 0.25, 0.0, 0.125, 0.125, 0.0, 0.0, 0.125, 0.125, 0.03125, 0.125, 0.046875, 0.015625]","[0.0, 0.0, 0.03125, 0.140625, 0.0, 0.0625, 0.0, 0.0, 0.0, 0.125, 0.0, 0.0625, 0.0625, 0.0, 0.0, 0.0625, 0.09375, 0.0625, 0.0625, 0.0390625, 0.03125]",[16],1.1354742557429796,1.0662400521085356
31,1536.71875,"[0.0, 0.0, 0.09375, 0.140625, 0.0, 0.125, 0.0, 0.0, 0.0, 0.25, 0.0, 0.125, 0.125, 0.0, 0.0, 0.125, 0.125, 0.03125, 0.125, 0.046875, 0.015625]","[0.0, 0.0, 0.046875, 0.140625, 0.0, 0.0625, 0.0, 0.0, 0.0, 0.125, 0.0, 0.0625, 0.0625, 0.0, 0.0, 0.0625, 0.09375, 0.0625, 0.0625, 0.0390625, 0.03125]",[17],1.1139878177661946,1.0461934157907107
32,1576.5625,"[0.0, 0.0, 0.09375, 0.140625, 0.0, 0.125, 0.0, 0.0, 0.0, 0.25, 0.0, 0.125, 0.125, 0.0, 0.0, 0.125, 0.125, 0.03125, 0.125, 0.046875, 0.015625]","[0.0, 0.0, 0.046875, 0.140625, 0.0, 0.0625, 0.0, 0.0, 0.0, 0.125, 0.0, 0.0625, 0.0625, 0.0, 0.0, 0.0625, 0.09375, 0.0625, 0.0625, 0.0390625, 0.03125]",[17],1.1139878177661946,1.0461934157907107
33,1616.09375,"[0.0, 0.0, 0.09375, 0.140625, 0.0, 0.125, 0.0, 0.0, 0.0, 0.25, 0.0, 0.125, 0.125, 0.0, 0.0, 0.125, 0.125, 0.03125, 0.125, 0.046875, 0.015625]","[0.0, 0.0, 0.046875, 0.140625, 0.0, 0.0625, 0.0, 0.0, 0.0, 0.125, 0.0, 0.0625, 0.0625, 0.0, 0.0, 0.0625, 0.09375, 0.0625, 0.0625, 0.0390625, 0.03125]",[17],1.1139878177661946,1.0461934157907107
34,1695.46875,"[0.0, 0.0, 0.09375, 0.140625, 0.0, 0.125, 0.0, 0.0, 0.0, 0.25, 0.0, 0.125, 0.125, 0.0, 0.0, 0.125, 0.125, 0.03125, 0.125, 0.046875, 0.015625]","[0.0, 0.0, 0.046875, 0.140625, 0.0, 0.0625, 0.0, 0.0, 0.0, 0.125, 0.0, 0.0625, 0.0625, 0.0, 0.0, 0.0625, 0.09375, 0.0625, 0.0625, 0.0390625, 0.03125]",[17],1.1139878177661946,1.0461934157907107
35,1576.5625,"[0.0, 0.0, 0.09375, 0.140625, 0.0, 0.125, 0.0, 0.0, 0.0, 0.25, 0.0, 0.125, 0.125, 0.0, 0.0, 0.125, 0.125, 0.03125, 0.125, 0.046875, 0.015625]","[0.0, 0.0, 0.046875, 0.140625, 0.0, 0.0625, 0.0, 0.0, 0.0, 0.125, 0.0, 0.0625, 0.0625, 0.0, 0.0, 0.0625, 0.09375, 0.0625, 0.0625, 0.0390625, 0.03125]",[17],1.1139878177661946,1.0461934157907107
36,1556.5625,"[0.0, 0.0, 0.09375, 0.140625, 0.015625, 0.125, 0.0, 0.0, 0.0, 0.25, 0.0, 0.125, 0.125, 0.0, 0.0, 0.125, 0.125, 0.03125, 0.125, 0.046875, 0.015625]","[0.0, 0.0, 0.046875, 0.140625, 0.0078125, 0.0625, 0.0, 0.0, 0.0, 0.125, 0.0, 0.0625, 0.0625, 0.0, 0.0, 0.0625, 0.09375, 0.0625, 0.0625, 0.0390625, 0.03125]",[18],1.0917855436563257,1.0287599853406122
37,1596.40625,"[0.0, 0.0, 0.09375, 0.140625, 0.015625, 0.125, 0.015625, 0.0, 0.0, 0.25, 0.0, 0.125, 0.125, 0.0, 0.0, 0.125, 0.125, 0.03125, 0.125, 0.046875, 0.015625]","[0.0, 0.0, 0.046875, 0.140625, 0.0078125, 0.0625, 0.015625, 0.0, 0.0, 0.125, 0.0, 0.0625, 0.0625, 0.0, 0.0, 0.0625, 0.09375, 0.0625, 0.0625, 0.0390625, 0.03125]",[19],1.0698920715604683,0.9960860906568267
38,1676.09375,"[0.0, 0.0, 0.09375, 0.140625, 0.015625, 0.125, 0.015625, 0.0, 0.0, 0.25, 0.0, 0.125, 0.125, 0.03125, 0.0, 0.125, 0.125, 0.03125, 0.125, 0.046875, 0.015625]","[0.0, 0.0, 0.046875, 0.140625, 0.0078125, 0.0625, 0.015625, 0.0, 0.0, 0.125, 0.0, 0.0625, 0.0625, 0.03125, 0.0, 0.0625, 0.09375, 0.0625, 0.0625, 0.0390625, 0.03125]",[20],1.0295470731645218,0.9392200827561965
39,1834.84375,"[0.0, 0.0, 0.09375, 0.140625, 0.015625, 0.125, 0.015625, 0.0, 0.0, 0.25, 0.0, 0.125, 0.125, 0.03125, 0.0, 0.125, 0.125, 0.03125, 0.125, 0.046875, 0.015625]","[0.0, 0.0, 0.046875, 0.140625, 0.0078125, 0.0625, 0.015625, 0.0, 0.0, 0.125, 0.0, 0.0625, 0.0625, 0.03125, 0.0, 0.0625, 0.09375, 0.0625, 0.0625, 0.0390625, 0.03125]",[20],1.0295470731645218,0.9392200827561965
40,1715.78125,"[0.0, 0.0, 0.09375, 0.140625, 0.046875, 0.125, 0.015625, 0.0, 0.0, 0.25, 0.0, 0.125, 0.125, 0.03125, 0.0, 0.125, 0.125, 0.03125, 0.125, 0.046875, 0.015625]","[0.0, 0.0, 0.046875, 0.140625, 0.0390625, 0.0625, 0.015625, 0.0, 0.0, 0.125, 0.0, 0.0625, 0.0625, 0.03125, 0.0, 0.0625, 0.09375, 0.0625, 0.0625, 0.0390625, 0.03125]",[21],0.9953399449867475,0.8909264840602731
41,1735.703125,"[0.0, 0.0, 0.09375, 0.140625, 0.046875, 0.125, 0.015625, 0.0, 0.0, 0.0, 0.0, 0.125, 0.125, 0.0390625, 0.0, 0.125, 0.125, 0.03125, 0.125, 0.046875, 0.015625]","[0.0, 0.0, 0.046875, 0.140625, 0.0390625, 0.0625, 0.015625, 0.0, 0.0, 0.0, 0.0, 0.0625, 0.0625, 0.0390625, 0.0, 0.0625, 0.09375, 0.0625, 0.0625, 0.0390625, 0.03125]",[14],0.9783409437149344,0.9340133577101305
42,1618.046875,"[0.0, 0.0, 0.09375, 0.140625, 0.046875, 0.125, 0.03125, 0.0, 0.0, 0.0, 0.0, 0.125, 0.125, 0.0390625, 0.0, 0.125, 0.125, 0.03125, 0.125, 0.046875, 0.015625]","[0.0, 0.0, 0.046875, 0.140625, 0.0390625, 0.0625, 0.03125, 0.0, 0.0, 0.0, 0.0, 0.0625, 0.0625, 0.0390625, 0.0, 0.0625, 0.09375, 0.0625, 0.0625, 0.0390625, 0.03125]",[22],0.9576445964649603,0.908322752509743
43,1697.421875,"[0.0, 0.0, 0.0625, 0.140625, 0.046875, 0.125, 0.03125, 0.0, 0.0, 0.0, 0.0625, 0.125, 0.125, 0.0390625, 0.0, 0.125, 0.125, 0.03125, 0.125, 0.046875, 0.015625]","[0.0, 0.0, 0.03125, 0.140625, 0.0390625, 0.0625, 0.03125, 0.0, 0.0, 0.0, 0.0625, 0.0625, 0.0625, 0.0390625, 0.0, 0.0625, 0.09375, 0.0625, 0.0625, 0.0390625, 0.03125]",[16],0.8983375904338335,0.8418715747982499
44,1835.234375,"[0.0, 0.0, 0.0625, 0.140625, 0.046875, 0.125, 0.03125, 0.0, 0.0, 0.0, 0.0625, 0.125, 0.125, 0.0390625, 0.0, 0.125, 0.375, 0.03125, 0.125, 0.046875, 0.015625]","[0.0, 0.0, 0.03125, 0.140625, 0.0390625, 0.0625, 0.03125, 0.0, 0.0, 0.0, 0.0625, 0.0625, 0.0625, 0.0390625, 0.0, 0.0625, 0.21875, 0.0625, 0.0625, 0.0390625, 0.03125]",[23],1.2045377655719252,1.0577348233622128
45,1875.078125,"[0.0, 0.0, 0.0625, 0.140625, 0.046875, 0.125, 0.03125, 0.0, 0.0, 0.0, 0.0625, 0.125, 0.125, 0.0390625, 0.0, 0.125, 0.375, 0.03125, 0.125, 0.046875, 0.015625]","[0.0, 0.0, 0.03125, 0.140625, 0.0390625, 0.0625, 0.03125, 0.0, 0.0, 0.0, 0.0625, 0.0625, 0.0625, 0.0390625, 0.0, 0.0625, 0.21875, 0.0625, 0.0625, 0.0390625, 0.03125]",[23],1.2045377655719252,1.0577348233622128
46,1854.921875,"[0.0, 0.03125, 0.0625, 0.140625, 0.046875, 0.125, 0.03125, 0.0, 0.0, 0.0, 0.0625, 0.125, 0.125, 0.0390625, 0.0, 0.125, 0.3125, 0.03125, 0.125, 0.046875, 0.015625]","[0.0, 0.015625, 0.03125, 0.140625, 0.0390625, 0.0625, 0.03125, 0.0, 0.0, 0.0, 0.0625, 0.0625, 0.0625, 0.0390625, 0.0, 0.0625, 0.1875, 0.0625, 0.0625, 0.0390625, 0.03125]",[1],1.0657836617872558,0.9594028564204308
47,1855.390625,"[0.0, 0.03125, 0.0625, 0.140625, 0.046875, 0.125, 0.046875, 0.0, 0.0, 0.0, 0.0625, 0.125, 0.125, 0.0390625, 0.0, 0.125, 0.3125, 0.03125, 0.125, 0.046875, 0.015625]","[0.0, 0.015625, 0.03125, 0.140625, 0.0390625, 0.0625, 0.046875, 0.0, 0.0, 0.0, 0.0625, 0.0625, 0.0625, 0.0390625, 0.0, 0.0625, 0.1875, 0.0625, 0.0625, 0.0390625, 0.03125]",[24],1.0499819906973158,0.9415972452557945
48,1934.765625,"[0.0, 0.03125, 0.0625, 0.140625, 0.046875, 0.125, 0.046875, 0.0, 0.0, 0.0, 0.0625, 0.125, 0.125, 0.0390625, 0.0, 0.125, 0.3125, 0.03125, 0.125, 0.046875, 0.015625]","[0.0, 0.015625, 0.03125, 0.140625, 0.0390625, 0.0625, 0.046875, 0.0, 0.0, 0.0, 0.0625, 0.0625, 0.0625, 0.0390625, 0.0, 0.0625, 0.1875, 0.0625, 0.0625, 0.0390625, 0.03125]",[24],1.0499819906973158,0.9415972452557945
49,2014.765625,"[0.0, 0.03125, 0.0625, 0.140625, 0.046875, 0.125, 0.046875, 0.0, 0.0, 0.0, 0.0625, 0.125, 0.125, 0.0390625, 0.0, 0.125, 0.3125, 0.03125, 0.125, 0.046875, 0.015625]","[0.0, 0.015625, 0.03125, 0.140625, 0.0390625, 0.0625, 0.046875, 0.0, 0.0, 0.0, 0.0625, 0.0625, 0.0625, 0.0390625, 0.0, 0.0625, 0.1875, 0.0625, 0.0625, 0.0390625, 0.03125]",[24],1.0499819906973158,0.9415972452557945
50,1895.234375,"[0.0, 0.03125, 0.0625, 0.140625, 0.046875, 0.125, 0.046875, 0.0, 0.0, 0.0, 0.0625, 0.125, 0.125, 0.0390625, 0.0, 0.125, 0.3125, 0.03125, 0.125, 0.046875, 0.015625]","[0.0, 0.015625, 0.03125, 0.140625, 0.0390625, 0.0625, 0.046875, 0.0, 0.0, 0.0, 0.0625, 0.0625, 0.0625, 0.0390625, 0.0, 0.0625, 0.1875, 0.0625, 0.0625, 0.0390625, 0.03125]",[24],1.0499819906973158,0.9415972452557945
51,1875.234375,"[0.0, 0.03125, 0.0625, 0.15625, 0.046875, 0.125, 0.046875, 0.0, 0.0, 0.0, 0.0625, 0.125, 0.125, 0.0390625, 0.0, 0.125, 0.3125, 0.03125, 0.125, 0.046875, 0.015625]","[0.0, 0.015625, 0.03125, 0.15625, 0.0390625, 0.0625, 0.046875, 0.0, 0.0, 0.0, 0.0625, 0.0625, 0.0625, 0.0390625, 0.0, 0.0625, 0.1875, 0.0625, 0.0625, 0.0390625, 0.03125]",[25],1.0501812502783574,0.9604376175604032
52,1914.921875,"[0.0, 0.03125, 0.0625, 0.15625, 0.046875, 0.125, 0.046875, 0.0, 0.0, 0.0, 0.0625, 0.15625, 0.125, 0.0390625, 0.0, 0.125, 0.3125, 0.03125, 0.125, 0.046875, 0.015625]","[0.0, 0.015625, 0.03125, 0.15625, 0.0390625, 0.0625, 0.046875, 0.0, 0.0, 0.0, 0.0625, 0.078125, 0.0625, 0.0390625, 0.0, 0.0625, 0.1875, 0.0625, 0.0625, 0.0390625, 0.03125]",[26],1.0477601267732641,0.9527831890323898
53,1994.296875,"[0.0, 0.03125, 0.0625, 0.15625, 0.046875, 0.125, 0.046875, 0.0, 0.0, 0.0, 0.0625, 0.15625, 0.125, 0.0390625, 0.0, 0.125, 0.3125, 0.03125, 0.125, 0.046875, 0.015625]","[0.0, 0.015625, 0.03125, 0.15625, 0.0390625, 0.0625, 0.046875, 0.0, 0.0, 0.0, 0.0625, 0.078125, 0.0625, 0.0390625, 0.0, 0.0625, 0.1875, 0.0625, 0.0625, 0.0390625, 0.03125]",[26],1.0477601267732641,0.9527831890323898
54,2073.671875,"[0.0, 0.03125, 0.0625, 0.15625, 0.046875, 0.125, 0.046875, 0.0, 0.0, 0.0, 0.0625, 0.28125, 0.125, 0.0390625, 0.0, 0.125, 0.3125, 0.03125, 0.125, 0.046875, 0.015625]","[0.0, 0.015625, 0.03125, 0.15625, 0.0390625, 0.0625, 0.046875, 0.0, 0.0, 0.0, 0.0625, 0.140625, 0.0625, 0.0390625, 0.0, 0.0625, 0.1875, 0.0625, 0.0625, 0.0390625, 0.03125]",[27],1.1043825071292401,0.9664665762330868
55,2113.046875,"[0.0, 0.03125, 0.0625, 0.15625, 0.046875, 0.125, 0.046875, 0.0, 0.0625, 0.0, 0.0625, 0.28125, 0.125, 0.0390625, 0.0, 0.125, 0.3125, 0.03125, 0.125, 0.046875, 0.015625]","[0.0, 0.015625, 0.03125, 0.15625, 0.0390625, 0.0625, 0.046875, 0.0, 0.0625, 0.0, 0.0625, 0.140625, 0.0625, 0.0390625, 0.0, 0.0625, 0.1875, 0.0625, 0.0625, 0.0390625, 0.03125]",[28],1.0428602992187572,0.8902172908440932
56,2132.890625,"[0.0, 0.03125, 0.0625, 0.15625, 0.0625, 0.125, 0.046875, 0.0, 0.0625, 0.0, 0.0625, 0.28125, 0.125, 0.0390625, 0.0, 0.125, 0.3125, 0.03125, 0.125, 0.046875, 0.015625]","[0.0, 0.015625, 0.03125, 0.15625, 0.046875, 0.0625, 0.046875, 0.0, 0.0625, 0.0, 0.0625, 0.140625, 0.0625, 0.0390625, 0.0, 0.0625, 0.1875, 0.0625, 0.0625, 0.0390625, 0.03125]",[29],1.0304672549360023,0.8825719989515491
57,2172.578125,"[0.0, 0.03125, 0.0625, 0.15625, 0.0625, 0.125, 0.046875, 0.0, 0.0625, 0.0, 0.0625, 0.28125, 0.125, 0.0390625, 0.0, 0.125, 0.3125, 0.03125, 0.125, 0.046875, 0.015625]","[0.0, 0.015625, 0.03125, 0.15625, 0.046875, 0.0625, 0.046875, 0.0, 0.0625, 0.0, 0.0625, 0.140625, 0.0625, 0.0390625, 0.0, 0.0625, 0.1875, 0.0625, 0.0625, 0.0390625, 0.03125]",[29],1.0304672549360023,0.8825719989515491
58,2212.265625,"[0.0, 0.03125, 0.0625, 0.21875, 0.0625, 0.125, 0.046875, 0.0, 0.0625, 0.0, 0.0625, 0.28125, 0.125, 0.0390625, 0.0, 0.125, 0.3125, 0.03125, 0.125, 0.046875, 0.015625]","[0.0, 0.015625, 0.03125, 0.21875, 0.046875, 0.0625, 0.046875, 0.0, 0.0625, 0.0, 0.0625, 0.140625, 0.0625, 0.0390625, 0.0, 0.0625, 0.1875, 0.0625, 0.0625, 0.0390625, 0.03125]",[30],1.0371058304537206,0.9624832354535231
59,2371.015625,"[0.0, 0.03125, 0.0625, 0.21875, 0.0625, 0.125, 0.046875, 0.0, 0.0625, 0.0, 0.1875, 0.28125, 0.125, 0.0390625, 0.0, 0.125, 0.3125, 0.03125, 0.125, 0.046875, 0.015625]","[0.0, 0.015625, 0.03125, 0.21875, 0.046875, 0.0625, 0.046875, 0.0, 0.0625, 0.0, 0.1875, 0.140625, 0.0625, 0.0390625, 0.0, 0.0625, 0.1875, 0.0625, 0.0625, 0.0390625, 0.03125]",[31],0.9966666998005336,0.9713493807588462
60,2410.703125,"[0.0, 0.03125, 0.0625, 0.21875, 0.0625, 0.125, 0.046875, 0.0, 0.0625, 0.0, 0.1875, 0.28125, 0.125, 0.0390625, 0.0, 0.125, 0.3125, 0.03125, 0.125, 0.046875, 0.015625]","[0.0, 0.015625, 0.03125, 0.21875, 0.046875, 0.0625, 0.046875, 0.0, 0.0625, 0.0, 0.1875, 0.140625, 0.0625, 0.0390625, 0.0, 0.0625, 0.1875, 0.0625, 0.0625, 0.0390625, 0.03125]",[31],0.9966666998005336,0.9713493807588462
61,2390.703125,"[0.03125, 0.03125, 0.0625, 0.21875, 0.0625, 0.125, 0.046875, 0.0, 0.0625, 0.0, 0.1875, 0.28125, 0.125, 0.0390625, 0.0, 0.125, 0.3125, 0.03125, 0.125, 0.046875, 0.015625]","[0.015625, 0.015625, 0.03125, 0.21875, 0.046875, 0.0625, 0.046875, 0.0, 0.0625, 0.0, 0.1875, 0.140625, 0.0625, 0.0390625, 0.0, 0.0625, 0.1875, 0.0625, 0.0625, 0.0390625, 0.03125]",[32],0.9668572265117015,0.9499007668920731
62,2430.390625,"[0.03125, 0.03125, 0.0625, 0.21875, 0.0625, 0.125, 0.046875, 0.0, 0.0625, 0.0, 0.1875, 0.28125, 0.125, 0.0390625, 0.0, 0.125, 0.3125, 0.03125, 0.15625, 0.046875, 0.015625]","[0.015625, 0.015625, 0.03125, 0.21875, 0.046875, 0.0625, 0.046875, 0.0, 0.0625, 0.0, 0.1875, 0.140625, 0.0625, 0.0390625, 0.0, 0.0625, 0.1875, 0.0625, 0.078125, 0.0390625, 0.03125]",[33],0.9600188354950777,0.9400338711070101
63,2509.765625,"[0.03125, 0.03125, 0.0625, 0.21875, 0.0625, 0.125, 0.046875, 0.0, 0.0625, 0.0, 0.1875, 0.28125, 0.125, 0.0390625, 0.0, 0.125, 0.3125, 0.09375, 0.15625, 0.046875, 0.015625]","[0.015625, 0.015625, 0.03125, 0.21875, 0.046875, 0.0625, 0.046875, 0.0, 0.0625, 0.0, 0.1875, 0.140625, 0.0625, 0.0390625, 0.0, 0.0625, 0.1875, 0.125, 0.078125, 0.0390625, 0.03125]",[34],0.9191460087330663,0.9174192036053896
64,2668.515625,"[0.03125, 0.03125, 0.0625, 0.21875, 0.03125, 0.125, 0.046875, 0.0, 0.0625, 0.0, 0.1875, 0.28125, 0.125, 0.0390625, 0.0, 0.125, 0.3125, 0.09375, 0.15625, 0.046875, 0.015625]","[0.015625, 0.015625, 0.03125, 0.21875, 0.015625, 0.0625, 0.046875, 0.0, 0.0625, 0.0, 0.1875, 0.140625, 0.0625, 0.0390625, 0.0, 0.0625, 0.1875, 0.125, 0.078125, 0.0390625, 0.03125]",[20],0.9421563526553882,0.9503747536855879
65,2509.765625,"[0.03125, 0.03125, 0.0625, 0.21875, 0.0625, 0.125, 0.046875, 0.0, 0.0625, 0.0, 0.1875, 0.28125, 0.125, 0.0390625, 0.0, 0.125, 0.3125, 0.09375, 0.15625, 0.046875, 0.015625]","[0.015625, 0.015625, 0.03125, 0.21875, 0.046875, 0.0625, 0.046875, 0.0, 0.0625, 0.0, 0.1875, 0.140625, 0.0625, 0.0390625, 0.0, 0.0625, 0.1875, 0.125, 0.078125, 0.0390625, 0.03125]",[34],0.9191460087330663,0.9174192036053896
66,2529.453125,"[0.03125, 0.03125, 0.0625, 0.21875, 0.0625, 0.125, 0.046875, 0.0, 0.0625, 0.0, 0.1875, 0.28125, 0.125, 0.0390625, 0.0, 0.125, 0.3125, 0.09375, 0.15625, 0.046875, 0.015625]","[0.015625, 0.015625, 0.03125, 0.21875, 0.046875, 0.0625, 0.046875, 0.0, 0.0625, 0.0, 0.1875, 0.140625, 0.0625, 0.0390625, 0.0, 0.0625, 0.1875, 0.125, 0.078125, 0.0390625, 0.03125]",[34],0.9191460087330663,0.9174192036053896
67,2549.609375,"[0.03125, 0.03125, 0.0625, 0.21875, 0.0625, 0.125, 0.046875, 0.0, 0.0625, 0.0, 0.1875, 0.28125, 0.125, 0.0390625, 0.0, 0.125, 0.3125, 0.09375, 0.15625, 0.046875, 0.015625]","[0.015625, 0.015625, 0.03125, 0.21875, 0.046875, 0.0625, 0.046875, 0.0, 0.0625, 0.0, 0.1875, 0.140625, 0.0625, 0.0390625, 0.0, 0.0625, 0.1875, 0.125, 0.078125, 0.0390625, 0.03125]",[34],0.9191460087330663,0.9174192036053896
68,2589.140625,"[0.03125, 0.03125, 0.0625, 0.21875, 0.125, 0.125, 0.046875, 0.0, 0.0625, 0.0, 0.1875, 0.28125, 0.125, 0.0390625, 0.0, 0.125, 0.3125, 0.09375, 0.15625, 0.046875, 0.015625]","[0.015625, 0.015625, 0.03125, 0.21875, 0.078125, 0.0625, 0.046875, 0.0, 0.0625, 0.0, 0.1875, 0.140625, 0.0625, 0.0390625, 0.0, 0.0625, 0.1875, 0.125, 0.078125, 0.0390625, 0.03125]",[35],0.890220495385503,0.8956342249043101
69,2747.890625,"[0.03125, 0.03125, 0.0625, 0.21875, 0.125, 0.125, 0.046875, 0.0, 0.0625, 0.0, 0.1875, 0.28125, 0.125, 0.0390625, 0.0, 0.125, 0.3125, 0.09375, 0.15625, 0.046875, 0.015625]","[0.015625, 0.015625, 0.03125, 0.21875, 0.078125, 0.0625, 0.046875, 0.0, 0.0625, 0.0, 0.1875, 0.140625, 0.0625, 0.0390625, 0.0, 0.0625, 0.1875, 0.125, 0.078125, 0.0390625, 0.03125]",[35],0.890220495385503,0.8956342249043101
70,2628.515625,"[0.03125, 0.03125, 0.0625, 0.21875, 0.125, 0.125, 0.046875, 0.0, 0.0625, 0.0, 0.1875, 0.28125, 0.125, 0.0390625, 0.0, 0.125, 0.3125, 0.09375, 0.15625, 0.046875, 0.015625]","[0.015625, 0.015625, 0.03125, 0.21875, 0.078125, 0.0625, 0.046875, 0.0, 0.0625, 0.0, 0.1875, 0.140625, 0.0625, 0.0390625, 0.0, 0.0625, 0.1875, 0.125, 0.078125, 0.0390625, 0.03125]",[35],0.890220495385503,0.8956342249043101
71,2608.828125,"[0.03125, 0.0625, 0.0625, 0.21875, 0.125, 0.125, 0.046875, 0.0, 0.0625, 0.0, 0.1875, 0.28125, 0.125, 0.0390625, 0.0, 0.125, 0.3125, 0.09375, 0.15625, 0.046875, 0.015625]","[0.015625, 0.03125, 0.03125, 0.21875, 0.078125, 0.0625, 0.046875, 0.0, 0.0625, 0.0, 0.1875, 0.140625, 0.0625, 0.0390625, 0.0, 0.0625, 0.1875, 0.125, 0.078125, 0.0390625, 0.03125]",[36],0.868155194071573,0.8784344798655541
72,2648.515625,"[0.03125, 0.0625, 0.0625, 0.21875, 0.125, 0.15625, 0.046875, 0.0, 0.0625, 0.0, 0.1875, 0.28125, 0.125, 0.0390625, 0.0, 0.125, 0.3125, 0.09375, 0.15625, 0.046875, 0.015625]","[0.015625, 0.03125, 0.03125, 0.21875, 0.078125, 0.078125, 0.046875, 0.0, 0.0625, 0.0, 0.1875, 0.140625, 0.0625, 0.0390625, 0.0, 0.0625, 0.1875, 0.125, 0.078125, 0.0390625, 0.03125]",[37],0.8619946117835086,0.8691339205902054
73,2727.890625,"[0.03125, 0.0625, 0.0625, 0.21875, 0.125, 0.15625, 0.046875, 0.0, 0.0625, 0.0, 0.1875, 0.28125, 0.125, 0.0390625, 0.0, 0.125, 0.3125, 0.09375, 0.15625, 0.109375, 0.015625]","[0.015625, 0.03125, 0.03125, 0.21875, 0.078125, 0.078125, 0.046875, 0.0, 0.0625, 0.0, 0.1875, 0.140625, 0.0625, 0.0390625, 0.0, 0.0625, 0.1875, 0.125, 0.078125, 0.0703125, 0.03125]",[38],0.8293580552469597,0.8456844117476882
74,2887.265625,"[0.03125, 0.0625, 0.0625, 0.21875, 0.125, 0.15625, 0.046875, 0.0, 0.0625, 0.0, 0.1875, 0.28125, 0.125, 0.1015625, 0.0, 0.125, 0.3125, 0.09375, 0.15625, 0.109375, 0.015625]","[0.015625, 0.03125, 0.03125, 0.21875, 0.078125, 0.078125, 0.046875, 0.0, 0.0625, 0.0, 0.1875, 0.140625, 0.0625, 0.1015625, 0.0, 0.0625, 0.1875, 0.125, 0.078125, 0.0703125, 0.03125]",[39],0.7949962194320964,0.8098216493647287
75,2926.640625,"[0.03125, 0.0625, 0.0625, 0.21875, 0.125, 0.15625, 0.046875, 0.0625, 0.0625, 0.0, 0.1875, 0.28125, 0.125, 0.1015625, 0.0, 0.125, 0.3125, 0.09375, 0.15625, 0.109375, 0.015625]","[0.015625, 0.03125, 0.03125, 0.21875, 0.078125, 0.078125, 0.046875, 0.0625, 0.0625, 0.0, 0.1875, 0.140625, 0.0625, 0.1015625, 0.0, 0.0625, 0.1875, 0.125, 0.078125, 0.0703125, 0.03125]",[40],0.7489249499546974,0.750782047794909
76,2946.328125,"[0.03125, 0.0625, 0.0625, 0.21875, 0.125, 0.15625, 0.046875, 0.0625, 0.09375, 0.0, 0.1875, 0.28125, 0.125, 0.1015625, 0.0, 0.125, 0.3125, 0.09375, 0.15625, 0.109375, 0.015625]","[0.015625, 0.03125, 0.03125, 0.21875, 0.078125, 0.078125, 0.046875, 0.0625, 0.078125, 0.0, 0.1875, 0.140625, 0.0625, 0.1015625, 0.0, 0.0625, 0.1875, 0.125, 0.078125, 0.0703125, 0.03125]",[41],0.7336537904177691,0.7423304700394368
77,2985.703125,"[0.09375, 0.0625, 0.0625, 0.21875, 0.125, 0.15625, 0.046875, 0.0625, 0.09375, 0.0, 0.1875, 0.28125, 0.125, 0.1015625, 0.0, 0.125, 0.3125, 0.09375, 0.15625, 0.109375, 0.015625]","[0.046875, 0.03125, 0.03125, 0.21875, 0.078125, 0.078125, 0.046875, 0.0625, 0.078125, 0.0, 0.1875, 0.140625, 0.0625, 0.1015625, 0.0, 0.0625, 0.1875, 0.125, 0.078125, 0.0703125, 0.03125]",[42],0.6985118892329011,0.7134771101982597
78,3064.453125,"[0.09375, 0.0625, 0.0625, 0.21875, 0.125, 0.15625, 0.046875, 0.0625, 0.09375, 0.0, 0.1875, 0.28125, 0.125, 0.1015625, 0.0, 0.25, 0.3125, 0.09375, 0.15625, 0.109375, 0.015625]","[0.046875, 0.03125, 0.03125, 0.21875, 0.078125, 0.078125, 0.046875, 0.0625, 0.078125, 0.0, 0.1875, 0.140625, 0.0625, 0.1015625, 0.0, 0.125, 0.1875, 0.125, 0.078125, 0.0703125, 0.03125]",[43],0.7047718921937598,0.6946737079234737
79,3223.203125,"[0.09375, 0.0625, 0.0625, 0.21875, 0.125, 0.15625, 0.046875, 0.0625, 0.09375, 0.0, 0.1875, 0.28125, 0.125, 0.1015625, 0.0, 0.25, 0.3125, 0.09375, 0.15625, 0.109375, 0.015625]","[0.046875, 0.03125, 0.03125, 0.21875, 0.078125, 0.078125, 0.046875, 0.0625, 0.078125, 0.0, 0.1875, 0.140625, 0.0625, 0.1015625, 0.0, 0.125, 0.1875, 0.125, 0.078125, 0.0703125, 0.03125]",[43],0.7047718921937598,0.6946737079234737
80,3103.828125,"[0.09375, 0.0625, 0.0625, 0.21875, 0.125, 0.15625, 0.03125, 0.0625, 0.09375, 0.0625, 0.1875, 0.28125, 0.125, 0.1015625, 0.0, 0.25, 0.3125, 0.09375, 0.15625, 0.109375, 0.015625]","[0.046875, 0.03125, 0.03125, 0.21875, 0.078125, 0.078125, 0.03125, 0.0625, 0.078125, 0.0625, 0.1875, 0.140625, 0.0625, 0.1015625, 0.0, 0.125, 0.1875, 0.125, 0.078125, 0.0703125, 0.03125]",[14],0.6720020251881627,0.6514536418416667
81,3083.90625,"[0.09375, 0.0625, 0.0625, 0.21875, 0.125, 0.15625, 0.03125, 0.0625, 0.09375, 0.0625, 0.1875, 0.28125, 0.125, 0.109375, 0.0, 0.25, 0.3125, 0.09375, 0.15625, 0.109375, 0.015625]","[0.046875, 0.03125, 0.03125, 0.21875, 0.078125, 0.078125, 0.03125, 0.0625, 0.078125, 0.0625, 0.1875, 0.140625, 0.0625, 0.109375, 0.0, 0.125, 0.1875, 0.125, 0.078125, 0.0703125, 0.03125]",[44],0.669320735560171,0.6500478792826658
82,3123.28125,"[0.09375, 0.0625, 0.0625, 0.21875, 0.125, 0.15625, 0.03125, 0.0625, 0.09375, 0.0625, 0.1875, 0.28125, 0.125, 0.109375, 0.0, 0.25, 0.3125, 0.09375, 0.15625, 0.109375, 0.015625]","[0.046875, 0.03125, 0.03125, 0.21875, 0.078125, 0.078125, 0.03125, 0.0625, 0.078125, 0.0625, 0.1875, 0.140625, 0.0625, 0.109375, 0.0, 0.125, 0.1875, 0.125, 0.078125, 0.0703125, 0.03125]",[44],0.669320735560171,0.6500478792826658
83,3162.65625,"[0.09375, 0.0625, 0.0625, 0.21875, 0.125, 0.15625, 0.03125, 0.0625, 0.21875, 0.0625, 0.1875, 0.28125, 0.125, 0.109375, 0.0, 0.25, 0.3125, 0.09375, 0.15625, 0.109375, 0.015625]","[0.046875, 0.03125, 0.03125, 0.21875, 0.078125, 0.078125, 0.03125, 0.0625, 0.140625, 0.0625, 0.1875, 0.140625, 0.0625, 0.109375, 0.0, 0.125, 0.1875, 0.125, 0.078125, 0.0703125, 0.03125]",[45],0.6544790731130042,0.6403905732980052
84,3322.03125,"[0.09375, 0.0625, 0.0625, 0.21875, 0.125, 0.15625, 0.03125, 0.0625, 0.21875, 0.0625, 0.1875, 0.28125, 0.125, 0.109375, 0.0, 0.25, 0.3125, 0.09375, 0.15625, 0.109375, 0.015625]","[0.046875, 0.03125, 0.03125, 0.21875, 0.078125, 0.078125, 0.03125, 0.0625, 0.140625, 0.0625, 0.1875, 0.140625, 0.0625, 0.109375, 0.0, 0.125, 0.1875, 0.125, 0.078125, 0.0703125, 0.03125]",[45],0.6544790731130042,0.6403905732980052
85,3202.03125,"[0.09375, 0.125, 0.0625, 0.21875, 0.125, 0.15625, 0.03125, 0.0625, 0.21875, 0.0625, 0.1875, 0.28125, 0.125, 0.109375, 0.0, 0.25, 0.3125, 0.09375, 0.15625, 0.109375, 0.015625]","[0.046875, 0.09375, 0.03125, 0.21875, 0.078125, 0.078125, 0.03125, 0.0625, 0.140625, 0.0625, 0.1875, 0.140625, 0.0625, 0.109375, 0.0, 0.125, 0.1875, 0.125, 0.078125, 0.0703125, 0.03125]",[46],0.6298247809549171,0.603582370180259
86,3221.875,"[0.09375, 0.125, 0.0625, 0.21875, 0.125, 0.15625, 0.03125, 0.0625, 0.21875, 0.0625, 0.1875, 0.28125, 0.125, 0.109375, 0.0, 0.25, 0.3125, 0.09375, 0.15625, 0.109375, 0.015625]","[0.046875, 0.09375, 0.03125, 0.21875, 0.078125, 0.078125, 0.03125, 0.0625, 0.140625, 0.0625, 0.1875, 0.140625, 0.0625, 0.109375, 0.0, 0.125, 0.1875, 0.125, 0.078125, 0.0703125, 0.03125]",[46],0.6298247809549171,0.603582370180259
87,3241.40625,"[0.09375, 0.125, 0.0625, 0.21875, 0.125, 0.15625, 0.03125, 0.0625, 0.21875, 0.0625, 0.1875, 0.28125, 0.125, 0.109375, 0.0, 0.25, 0.3125, 0.09375, 0.15625, 0.109375, 0.015625]","[0.046875, 0.09375, 0.03125, 0.21875, 0.078125, 0.078125, 0.03125, 0.0625, 0.140625, 0.0625, 0.1875, 0.140625, 0.0625, 0.109375, 0.0, 0.125, 0.1875, 0.125, 0.078125, 0.0703125, 0.03125]",[46],0.6298247809549171,0.603582370180259
88,3281.40625,"[0.09375, 0.125, 0.0625, 0.21875, 0.125, 0.15625, 0.03125, 0.0625, 0.21875, 0.0625, 0.1875, 0.28125, 0.125, 0.109375, 0.0, 0.25, 0.3125, 0.09375, 0.15625, 0.109375, 0.015625]","[0.046875, 0.09375, 0.03125, 0.21875, 0.078125, 0.078125, 0.03125, 0.0625, 0.140625, 0.0625, 0.1875, 0.140625, 0.0625, 0.109375, 0.0, 0.125, 0.1875, 0.125, 0.078125, 0.0703125, 0.03125]",[46],0.6298247809549171,0.603582370180259
89,3361.40625,"[0.09375, 0.125, 0.0625, 0.21875, 0.125, 0.15625, 0.03125, 0.0625, 0.21875, 0.0625, 0.1875, 0.28125, 0.125, 0.109375, 0.0, 0.25, 0.3125, 0.09375, 0.15625, 0.109375, 0.078125]","[0.046875, 0.09375, 0.03125, 0.21875, 0.078125, 0.078125, 0.03125, 0.0625, 0.140625, 0.0625, 0.1875, 0.140625, 0.0625, 0.109375, 0.0, 0.125, 0.1875, 0.125, 0.078125, 0.0703125, 0.09375]",[47],0.5927387668463032,0.5669237017135954
90,3400.78125,"[0.09375, 0.125, 0.0625, 0.21875, 0.125, 0.15625, 0.03125, 0.0625, 0.21875, 0.0625, 0.1875, 0.28125, 0.125, 0.078125, 0.0, 0.25, 0.3125, 0.09375, 0.15625, 0.109375, 0.078125]","[0.046875, 0.09375, 0.03125, 0.21875, 0.078125, 0.078125, 0.03125, 0.0625, 0.140625, 0.0625, 0.1875, 0.140625, 0.0625, 0.078125, 0.0, 0.125, 0.1875, 0.125, 0.078125, 0.0703125, 0.09375]",[19],0.6049660687377796,0.576350527713689
91,3301.5625,"[0.09375, 0.125, 0.0625, 0.21875, 0.125, 0.15625, 0.03125, 0.0625, 0.21875, 0.0625, 0.1875, 0.28125, 0.125, 0.078125, 0.0, 0.25, 0.3125, 0.09375, 0.15625, 0.109375, 0.078125]","[0.046875, 0.09375, 0.03125, 0.21875, 0.078125, 0.078125, 0.03125, 0.0625, 0.140625, 0.0625, 0.1875, 0.140625, 0.0625, 0.078125, 0.0, 0.125, 0.1875, 0.125, 0.078125, 0.0703125, 0.09375]",[19],0.6049660687377796,0.576350527713689
92,3321.09375,"[0.09375, 0.125, 0.0625, 0.21875, 0.125, 0.15625, 0.03125, 0.0625, 0.21875, 0.0625, 0.1875, 0.28125, 0.125, 0.078125, 0.0, 0.25, 0.3125, 0.09375, 0.15625, 0.109375, 0.078125]","[0.046875, 0.09375, 0.03125, 0.21875, 0.078125, 0.078125, 0.03125, 0.0625, 0.140625, 0.0625, 0.1875, 0.140625, 0.0625, 0.078125, 0.0, 0.125, 0.1875, 0.125, 0.078125, 0.0703125, 0.09375]",[19],0.6049660687377796,0.576350527713689
93,3360.46875,"[0.09375, 0.125, 0.1875, 0.21875, 0.125, 0.15625, 0.03125, 0.0625, 0.21875, 0.0625, 0.1875, 0.28125, 0.125, 0.078125, 0.0, 0.25, 0.3125, 0.09375, 0.15625, 0.109375, 0.078125]","[0.046875, 0.09375, 0.09375, 0.21875, 0.078125, 0.078125, 0.03125, 0.0625, 0.140625, 0.0625, 0.1875, 0.140625, 0.0625, 0.078125, 0.0, 0.125, 0.1875, 0.125, 0.078125, 0.0703125, 0.09375]",[47],0.5727497953228164,0.5396561216489786
94,3519.84375,"[0.09375, 0.125, 0.1875, 0.21875, 0.125, 0.15625, 0.03125, 0.0625, 0.21875, 0.0625, 0.0625, 0.28125, 0.125, 0.078125, 0.0, 0.25, 0.0625, 0.09375, 0.15625, 0.109375, 0.140625]","[0.046875, 0.09375, 0.09375, 0.21875, 0.078125, 0.078125, 0.03125, 0.0625, 0.140625, 0.0625, 0.0625, 0.140625, 0.0625, 0.078125, 0.0, 0.125, 0.0625, 0.125, 0.078125, 0.0703125, 0.15625]",[16],0.5706915773339402,0.5303089378327986
95,3243.28125,"[0.09375, 0.125, 0.1875, 0.21875, 0.125, 0.15625, 0.03125, 0.0625, 0.21875, 0.0625, 0.0625, 0.28125, 0.125, 0.078125, 0.0, 0.25, 0.0625, 0.09375, 0.15625, 0.109375, 0.140625]","[0.046875, 0.09375, 0.09375, 0.21875, 0.078125, 0.078125, 0.03125, 0.0625, 0.140625, 0.0625, 0.0625, 0.140625, 0.0625, 0.078125, 0.0, 0.125, 0.0625, 0.125, 0.078125, 0.0703125, 0.15625]",[16],0.5706915773339402,0.5303089378327986
96,3223.515625,"[0.09375, 0.125, 0.1875, 0.21875, 0.125, 0.15625, 0.0390625, 0.0625, 0.21875, 0.0625, 0.0625, 0.28125, 0.125, 0.078125, 0.0, 0.25, 0.0625, 0.09375, 0.15625, 0.109375, 0.140625]","[0.046875, 0.09375, 0.09375, 0.21875, 0.078125, 0.078125, 0.0390625, 0.0625, 0.140625, 0.0625, 0.0625, 0.140625, 0.0625, 0.078125, 0.0, 0.125, 0.0625, 0.125, 0.078125, 0.0703125, 0.15625]",[30],0.5652644043423473,0.5233107744607085
97,3263.203125,"[0.09375, 0.125, 0.1875, 0.21875, 0.15625, 0.15625, 0.0390625, 0.0625, 0.21875, 0.0625, 0.0625, 0.28125, 0.125, 0.078125, 0.0, 0.25, 0.0625, 0.09375, 0.15625, 0.109375, 0.140625]","[0.046875, 0.09375, 0.09375, 0.21875, 0.09375, 0.078125, 0.0390625, 0.0625, 0.140625, 0.0625, 0.0625, 0.140625, 0.0625, 0.078125, 0.0, 0.125, 0.0625, 0.125, 0.078125, 0.0703125, 0.15625]",[48],0.5609196097406992,0.5183274473417846
98,3341.953125,"[0.09375, 0.125, 0.1875, 0.21875, 0.15625, 0.15625, 0.0390625, 0.0625, 0.34375, 0.0625, 0.0625, 0.28125, 0.125, 0.078125, 0.0, 0.25, 0.0625, 0.09375, 0.15625, 0.109375, 0.140625]","[0.046875, 0.09375, 0.09375, 0.21875, 0.09375, 0.078125, 0.0390625, 0.0625, 0.203125, 0.0625, 0.0625, 0.140625, 0.0625, 0.078125, 0.0, 0.125, 0.0625, 0.125, 0.078125, 0.0703125, 0.15625]",[49],0.622710656482165,0.5541119020558933
99,3499.453125,"[0.09375, 0.125, 0.1875, 0.21875, 0.15625, 0.15625, 0.0390625, 0.0625, 0.34375, 0.3125, 0.0, 0.28125, 0.125, 0.078125, 0.0, 0.25, 0.0625, 0.09375, 0.15625, 0.109375, 0.140625]","[0.046875, 0.09375, 0.09375, 0.21875, 0.09375, 0.078125, 0.0390625, 0.0625, 0.203125, 0.1875, 0.0, 0.140625, 0.0625, 0.078125, 0.0, 0.125, 0.0625, 0.125, 0.078125, 0.0703125, 0.15625]",[22],0.6557632407707824,0.6071059294049587
100,3459.765625,"[0.09375, 0.125, 0.1875, 0.21875, 0.15625, 0.15625, 0.0390625, 0.0625, 0.34375, 0.3125, 0.0, 0.28125, 0.15625, 0.078125, 0.0, 0.25, 0.0625, 0.09375, 0.15625, 0.109375, 0.140625]","[0.046875, 0.09375, 0.09375, 0.21875, 0.09375, 0.078125, 0.0390625, 0.0625, 0.203125, 0.1875, 0.0, 0.140625, 0.09375, 0.078125, 0.0, 0.125, 0.0625, 0.125, 0.078125, 0.0703125, 0.15625]",[50],0.6486971900573935,0.5929435686780133
101,3479.609375,"[0.09375, 0.125, 0.1875, 0.21875, 0.15625, 0.15625, 0.0390625, 0.0625, 0.34375, 0.3125, 0.0, 0.28125, 0.171875, 0.078125, 0.0, 0.25, 0.0625, 0.09375, 0.15625, 0.109375, 0.140625]","[0.046875, 0.09375, 0.09375, 0.21875, 0.09375, 0.078125, 0.0390625, 0.0625, 0.203125, 0.1875, 0.0, 0.140625, 0.1015625, 0.078125, 0.0, 0.125, 0.0625, 0.125, 0.078125, 0.0703125, 0.15625]",[51],0.6464465083850509,0.5906890303940666
102,3518.984375,"[0.09375, 0.125, 0.1875, 0.21875, 0.15625, 0.15625, 0.0390625, 0.0625, 0.34375, 0.3125, 0.0, 0.28125, 0.171875, 0.078125, 0.0625, 0.25, 0.0625, 0.09375, 0.15625, 0.109375, 0.140625]","[0.046875, 0.09375, 0.09375, 0.21875, 0.09375, 0.078125, 0.0390625, 0.0625, 0.203125, 0.1875, 0.0, 0.140625, 0.1015625, 0.078125, 0.03125, 0.125, 0.0625, 0.125, 0.078125, 0.0703125, 0.15625]",[52],0.6081545654340303,0.5599219620871181
103,3597.734375,"[0.09375, 0.125, 0.1875, 0.21875, 0.15625, 0.15625, 0.0390625, 0.0625, 0.34375, 0.3125, 0.0, 0.28125, 0.171875, 0.078125, 0.0625, 0.25, 0.0625, 0.09375, 0.15625, 0.109375, 0.140625]","[0.046875, 0.09375, 0.09375, 0.21875, 0.09375, 0.078125, 0.0390625, 0.0625, 0.203125, 0.1875, 0.0, 0.140625, 0.1015625, 0.078125, 0.03125, 0.125, 0.0625, 0.125, 0.078125, 0.0703125, 0.15625]",[52],0.6081545654340303,0.5599219620871181
104,3678.359375,"[0.09375, 0.125, 0.1875, 0.21875, 0.15625, 0.15625, 0.1015625, 0.0625, 0.34375, 0.3125, 0.0, 0.15625, 0.171875, 0.078125, 0.0625, 0.25, 0.0625, 0.09375, 0.15625, 0.109375, 0.140625]","[0.046875, 0.09375, 0.09375, 0.21875, 0.09375, 0.078125, 0.1015625, 0.0625, 0.203125, 0.1875, 0.0, 0.078125, 0.1015625, 0.078125, 0.03125, 0.125, 0.0625, 0.125, 0.078125, 0.0703125, 0.15625]",[26],0.5678150589974563,0.5384668565191203
105,3559.296875,"[0.09375, 0.125, 0.1875, 0.21875, 0.09375, 0.15625, 0.1015625, 0.0625, 0.34375, 0.3125, 0.0, 0.15625, 0.171875, 0.078125, 0.0625, 0.25, 0.0625, 0.09375, 0.15625, 0.109375, 0.140625]","[0.046875, 0.09375, 0.09375, 0.21875, 0.0625, 0.078125, 0.1015625, 0.0625, 0.203125, 0.1875, 0.0, 0.078125, 0.1015625, 0.078125, 0.03125, 0.125, 0.0625, 0.125, 0.078125, 0.0703125, 0.15625]",[26],0.5843771752843928,0.5524441361425076
106,3459.921875,"[0.09375, 0.125, 0.1875, 0.21875, 0.09375, 0.15625, 0.09375, 0.0625, 0.34375, 0.3125, 0.0, 0.15625, 0.171875, 0.078125, 0.0625, 0.25, 0.09375, 0.09375, 0.15625, 0.109375, 0.140625]","[0.046875, 0.09375, 0.09375, 0.21875, 0.0625, 0.078125, 0.09375, 0.0625, 0.203125, 0.1875, 0.0, 0.078125, 0.1015625, 0.078125, 0.03125, 0.125, 0.078125, 0.125, 0.078125, 0.0703125, 0.15625]",[16],0.5731060293116216,0.5464794663686225
107,3479.375,"[0.09375, 0.1875, 0.1875, 0.21875, 0.09375, 0.15625, 0.09375, 0.0625, 0.34375, 0.3125, 0.0, 0.15625, 0.171875, 0.078125, 0.0625, 0.25, 0.09375, 0.09375, 0.15625, 0.109375, 0.140625]","[0.046875, 0.125, 0.09375, 0.21875, 0.0625, 0.078125, 0.09375, 0.0625, 0.203125, 0.1875, 0.0, 0.078125, 0.1015625, 0.078125, 0.03125, 0.125, 0.078125, 0.125, 0.078125, 0.0703125, 0.15625]",[34],0.564369665674483,0.5412120173843092
108,3558.75,"[0.09375, 0.1875, 0.1875, 0.21875, 0.09375, 0.15625, 0.09375, 0.0625, 0.34375, 0.3125, 0.0, 0.15625, 0.171875, 0.078125, 0.0625, 0.25, 0.09375, 0.09375, 0.15625, 0.109375, 0.140625]","[0.046875, 0.125, 0.09375, 0.21875, 0.0625, 0.078125, 0.09375, 0.0625, 0.203125, 0.1875, 0.0, 0.078125, 0.1015625, 0.078125, 0.03125, 0.125, 0.078125, 0.125, 0.078125, 0.0703125, 0.15625]",[34],0.564369665674483,0.5412120173843092
109,3638.125,"[0.09375, 0.1875, 0.1875, 0.21875, 0.09375, 0.15625, 0.09375, 0.0625, 0.34375, 0.3125, 0.125, 0.15625, 0.046875, 0.078125, 0.0625, 0.25, 0.09375, 0.09375, 0.15625, 0.109375, 0.140625]","[0.046875, 0.125, 0.09375, 0.21875, 0.0625, 0.078125, 0.09375, 0.0625, 0.203125, 0.1875, 0.125, 0.078125, 0.0390625, 0.078125, 0.03125, 0.125, 0.078125, 0.125, 0.078125, 0.0703125, 0.15625]",[11],0.5406237624061063,0.4999212288297594
110,3518.75,"[0.09375, 0.1875, 0.1875, 0.21875, 0.09375, 0.15625, 0.09375, 0.0625, 0.34375, 0.3125, 0.125, 0.15625, 0.046875, 0.078125, 0.0625, 0.25, 0.09375, 0.09375, 0.15625, 0.109375, 0.140625]","[0.046875, 0.125, 0.09375, 0.21875, 0.0625, 0.078125, 0.09375, 0.0625, 0.203125, 0.1875, 0.125, 0.078125, 0.0390625, 0.078125, 0.03125, 0.125, 0.078125, 0.125, 0.078125, 0.0703125, 0.15625]",[11],0.5406237624061063,0.4999212288297594
111,3499.21875,"[0.09375, 0.1875, 0.1875, 0.21875, 0.09375, 0.15625, 0.09375, 0.0625, 0.34375, 0.3125, 0.125, 0.171875, 0.046875, 0.078125, 0.0625, 0.25, 0.09375, 0.09375, 0.15625, 0.109375, 0.140625]","[0.046875, 0.125, 0.09375, 0.21875, 0.0625, 0.078125, 0.09375, 0.0625, 0.203125, 0.1875, 0.125, 0.0859375, 0.0390625, 0.078125, 0.03125, 0.125, 0.078125, 0.125, 0.078125, 0.0703125, 0.15625]",[53],0.5390279777648034,0.49664909543604885
112,3539.0625,"[0.09375, 0.1875, 0.1875, 0.21875, 0.09375, 0.15625, 0.09375, 0.0625, 0.34375, 0.3125, 0.125, 0.171875, 0.046875, 0.078125, 0.0625, 0.25, 0.09375, 0.09375, 0.15625, 0.109375, 0.140625]","[0.046875, 0.125, 0.09375, 0.21875, 0.0625, 0.078125, 0.09375, 0.0625, 0.203125, 0.1875, 0.125, 0.0859375, 0.0390625, 0.078125, 0.03125, 0.125, 0.078125, 0.125, 0.078125, 0.0703125, 0.15625]",[53],0.5390279777648034,0.49664909543604885
113,3577.96875,"[0.09375, 0.1875, 0.1875, 0.21875, 0.09375, 0.15625, 0.09375, 0.0625, 0.34375, 0.3125, 0.125, 0.171875, 0.046875, 0.078125, 0.0625, 0.25, 0.21875, 0.09375, 0.15625, 0.109375, 0.140625]","[0.046875, 0.125, 0.09375, 0.21875, 0.0625, 0.078125, 0.09375, 0.0625, 0.203125, 0.1875, 0.125, 0.0859375, 0.0390625, 0.078125, 0.03125, 0.125, 0.140625, 0.125, 0.078125, 0.0703125, 0.15625]",[54],0.5212897563860505,0.4853533424588844
114,3737.34375,"[0.09375, 0.1875, 0.1875, 0.21875, 0.09375, 0.15625, 0.09375, 0.0625, 0.34375, 0.3125, 0.125, 0.171875, 0.046875, 0.078125, 0.0625, 0.25, 0.21875, 0.09375, 0.15625, 0.109375, 0.203125]","[0.046875, 0.125, 0.09375, 0.21875, 0.0625, 0.078125, 0.09375, 0.0625, 0.203125, 0.1875, 0.125, 0.0859375, 0.0390625, 0.078125, 0.03125, 0.125, 0.140625, 0.125, 0.078125, 0.0703125, 0.21875]",[55],0.5155932552353759,0.5127865671832272
115,3777.03125,"[0.09375, 0.1875, 0.1875, 0.21875, 0.09375, 0.15625, 0.09375, 0.0625, 0.34375, 0.3125, 0.125, 0.171875, 0.078125, 0.078125, 0.0625, 0.25, 0.21875, 0.09375, 0.15625, 0.109375, 0.203125]","[0.046875, 0.125, 0.09375, 0.21875, 0.0625, 0.078125, 0.09375, 0.0625, 0.203125, 0.1875, 0.125, 0.0859375, 0.0703125, 0.078125, 0.03125, 0.125, 0.140625, 0.125, 0.078125, 0.0703125, 0.21875]",[56],0.49949998582958854,0.4924350339834514
116,3796.71875,"[0.0625, 0.1875, 0.1875, 0.21875, 0.09375, 0.15625, 0.09375, 0.0625, 0.34375, 0.25, 0.125, 0.171875, 0.078125, 0.078125, 0.0625, 0.25, 0.21875, 0.09375, 0.15625, 0.109375, 0.203125]","[0.03125, 0.125, 0.09375, 0.21875, 0.0625, 0.078125, 0.09375, 0.0625, 0.203125, 0.125, 0.125, 0.0859375, 0.0703125, 0.078125, 0.03125, 0.125, 0.140625, 0.125, 0.078125, 0.0703125, 0.21875]",[31],0.491691830960162,0.4938647983247948
117,3757.65625,"[0.0625, 0.1875, 0.1875, 0.21875, 0.09375, 0.15625, 0.09375, 0.0625, 0.34375, 0.25, 0.15625, 0.171875, 0.078125, 0.078125, 0.0625, 0.25, 0.21875, 0.09375, 0.15625, 0.109375, 0.203125]","[0.03125, 0.125, 0.09375, 0.21875, 0.0625, 0.078125, 0.09375, 0.0625, 0.203125, 0.125, 0.15625, 0.0859375, 0.0703125, 0.078125, 0.03125, 0.125, 0.140625, 0.125, 0.078125, 0.0703125, 0.21875]",[43],0.4853089219275114,0.4956322494994628
118,3836.40625,"[0.0625, 0.1875, 0.1875, 0.21875, 0.09375, 0.125, 0.09375, 0.1875, 0.34375, 0.25, 0.15625, 0.171875, 0.078125, 0.078125, 0.0625, 0.25, 0.21875, 0.09375, 0.09375, 0.109375, 0.203125]","[0.03125, 0.125, 0.09375, 0.21875, 0.0625, 0.0625, 0.09375, 0.125, 0.203125, 0.125, 0.15625, 0.0859375, 0.0703125, 0.078125, 0.03125, 0.125, 0.140625, 0.125, 0.046875, 0.0703125, 0.21875]",[13],0.4748186116767571,0.5012070602858075
119,3876.09375,"[0.0625, 0.1875, 0.1875, 0.21875, 0.09375, 0.125, 0.09375, 0.1875, 0.34375, 0.25, 0.15625, 0.171875, 0.078125, 0.078125, 0.0625, 0.125, 0.21875, 0.09375, 0.09375, 0.109375, 0.203125]","[0.03125, 0.125, 0.09375, 0.21875, 0.0625, 0.0625, 0.09375, 0.125, 0.203125, 0.125, 0.15625, 0.0859375, 0.0703125, 0.078125, 0.03125, 0.0625, 0.140625, 0.125, 0.046875, 0.0703125, 0.21875]",[4],0.47449229920662145,0.5223004728444328
120,3677.96875,"[0.0625, 0.1875, 0.1875, 0.21875, 0.09375, 0.125, 0.09375, 0.1875, 0.34375, 0.25, 0.15625, 0.171875, 0.078125, 0.078125, 0.0625, 0.125, 0.21875, 0.09375, 0.09375, 0.109375, 0.203125]","[0.03125, 0.125, 0.09375, 0.21875, 0.0625, 0.0625, 0.09375, 0.125, 0.203125, 0.125, 0.15625, 0.0859375, 0.0703125, 0.078125, 0.03125, 0.0625, 0.140625, 0.125, 0.046875, 0.0703125, 0.21875]",[4],0.47449229920662145,0.5223004728444328
121,3658.4375,"[0.0625, 0.1875, 0.1875, 0.21875, 0.09375, 0.125, 0.09375, 0.1875, 0.34375, 0.25, 0.15625, 0.171875, 0.078125, 0.078125, 0.0625, 0.125, 0.21875, 0.09375, 0.09375, 0.125, 0.203125]","[0.03125, 0.125, 0.09375, 0.21875, 0.0625, 0.0625, 0.09375, 0.125, 0.203125, 0.125, 0.15625, 0.0859375, 0.0703125, 0.078125, 0.03125, 0.0625, 0.140625, 0.125, 0.046875, 0.078125, 0.21875]",[13],0.469853881889294,0.5184502386049513
122,3698.125,"[0.0625, 0.1875, 0.1875, 0.21875, 0.09375, 0.125, 0.09375, 0.1875, 0.34375, 0.25, 0.15625, 0.171875, 0.078125, 0.078125, 0.0625, 0.125, 0.21875, 0.09375, 0.09375, 0.125, 0.203125]","[0.03125, 0.125, 0.09375, 0.21875, 0.0625, 0.0625, 0.09375, 0.125, 0.203125, 0.125, 0.15625, 0.0859375, 0.0703125, 0.078125, 0.03125, 0.0625, 0.140625, 0.125, 0.046875, 0.078125, 0.21875]",[13],0.469853881889294,0.5184502386049513
123,3737.8125,"[0.0625, 0.1875, 0.1875, 0.21875, 0.09375, 0.125, 0.09375, 0.1875, 0.34375, 0.25, 0.15625, 0.171875, 0.078125, 0.078125, 0.0625, 0.125, 0.09375, 0.09375, 0.09375, 0.125, 0.203125]","[0.03125, 0.125, 0.09375, 0.21875, 0.0625, 0.0625, 0.09375, 0.125, 0.203125, 0.125, 0.15625, 0.0859375, 0.0703125, 0.078125, 0.03125, 0.0625, 0.078125, 0.125, 0.046875, 0.078125, 0.21875]",[13],0.48398740595074247,0.5310356497850033
124,3738.4375,"[0.0625, 0.1875, 0.0625, 0.21875, 0.09375, 0.125, 0.09375, 0.1875, 0.34375, 0.25, 0.15625, 0.171875, 0.078125, 0.078125, 0.0625, 0.125, 0.09375, 0.09375, 0.21875, 0.125, 0.203125]","[0.03125, 0.125, 0.03125, 0.21875, 0.0625, 0.0625, 0.09375, 0.125, 0.203125, 0.125, 0.15625, 0.0859375, 0.0703125, 0.078125, 0.03125, 0.0625, 0.078125, 0.125, 0.109375, 0.078125, 0.21875]",[19],0.5020946664695226,0.5391605173362314
125,3699.375,"[0.0625, 0.1875, 0.0625, 0.21875, 0.09375, 0.125, 0.09375, 0.1875, 0.34375, 0.25, 0.15625, 0.171875, 0.109375, 0.078125, 0.0625, 0.125, 0.09375, 0.09375, 0.21875, 0.125, 0.203125]","[0.03125, 0.125, 0.03125, 0.21875, 0.0625, 0.0625, 0.09375, 0.125, 0.203125, 0.125, 0.15625, 0.0859375, 0.1015625, 0.078125, 0.03125, 0.0625, 0.078125, 0.125, 0.109375, 0.078125, 0.21875]",[36],0.48968961431436026,0.5268553697694431
126,3719.21875,"[0.0625, 0.1875, 0.0625, 0.21875, 0.09375, 0.125, 0.09375, 0.1875, 0.34375, 0.25, 0.171875, 0.171875, 0.109375, 0.078125, 0.0625, 0.125, 0.09375, 0.09375, 0.21875, 0.125, 0.203125]","[0.03125, 0.125, 0.03125, 0.21875, 0.0625, 0.0625, 0.09375, 0.125, 0.203125, 0.125, 0.171875, 0.0859375, 0.1015625, 0.078125, 0.03125, 0.0625, 0.078125, 0.125, 0.109375, 0.078125, 0.21875]",[53],0.48847154207997595,0.5305813454822691
127,3758.59375,"[0.0625, 0.1875, 0.0625, 0.21875, 0.09375, 0.125, 0.09375, 0.1875, 0.34375, 0.25, 0.140625, 0.171875, 0.109375, 0.078125, 0.0625, 0.125, 0.09375, 0.09375, 0.21875, 0.125, 0.203125]","[0.03125, 0.125, 0.03125, 0.21875, 0.0625, 0.0625, 0.09375, 0.125, 0.203125, 0.125, 0.140625, 0.0859375, 0.1015625, 0.078125, 0.03125, 0.0625, 0.078125, 0.125, 0.109375, 0.078125, 0.21875]",[31],0.4919870750855982,0.5249149590988186
128,3759.21875,"[0.0625, 0.1875, 0.0625, 0.21875, 0.09375, 0.125, 0.09375, 0.1875, 0.34375, 0.25, 0.140625, 0.171875, 0.109375, 0.078125, 0.0625, 0.125, 0.09375, 0.09375, 0.21875, 0.125, 0.203125]","[0.03125, 0.125, 0.03125, 0.21875, 0.0625, 0.0625, 0.09375, 0.125, 0.203125, 0.125, 0.140625, 0.0859375, 0.1015625, 0.078125, 0.03125, 0.0625, 0.078125, 0.125, 0.109375, 0.078125, 0.21875]",[31],0.4919870750855982,0.5249149590988186
129,3837.03125,"[0.0625, 0.4375, 0.0625, 0.21875, 0.09375, 0.125, 0.09375, 0.1875, 0.34375, 0.25, 0.140625, 0.171875, 0.109375, 0.078125, 0.0625, 0.125, 0.09375, 0.09375, 0.21875, 0.09375, 0.203125]","[0.03125, 0.25, 0.03125, 0.21875, 0.0625, 0.0625, 0.09375, 0.125, 0.203125, 0.125, 0.140625, 0.0859375, 0.1015625, 0.078125, 0.03125, 0.0625, 0.078125, 0.125, 0.109375, 0.046875, 0.21875]",[3],0.6127391614768277,0.5884235373739822
130,3837.03125,"[0.0625, 0.4375, 0.0625, 0.21875, 0.125, 0.125, 0.09375, 0.1875, 0.34375, 0.25, 0.140625, 0.171875, 0.109375, 0.078125, 0.0625, 0.125, 0.09375, 0.03125, 0.21875, 0.09375, 0.203125]","[0.03125, 0.25, 0.03125, 0.21875, 0.09375, 0.0625, 0.09375, 0.125, 0.203125, 0.125, 0.140625, 0.0859375, 0.1015625, 0.078125, 0.03125, 0.0625, 0.078125, 0.0625, 0.109375, 0.046875, 0.21875]",[33],0.6326104941012889,0.5962726624313436
131,3777.34375,"[0.0625, 0.4375, 0.0625, 0.21875, 0.125, 0.125, 0.09375, 0.1875, 0.34375, 0.25, 0.140625, 0.171875, 0.109375, 0.078125, 0.0625, 0.125, 0.09375, 0.03125, 0.21875, 0.09375, 0.203125]","[0.03125, 0.25, 0.03125, 0.21875, 0.09375, 0.0625, 0.09375, 0.125, 0.203125, 0.125, 0.140625, 0.0859375, 0.1015625, 0.078125, 0.03125, 0.0625, 0.078125, 0.0625, 0.109375, 0.046875, 0.21875]",[33],0.6326104941012889,0.5962726624313436
132,3797.34375,"[0.0625, 0.4375, 0.0625, 0.21875, 0.125, 0.125, 0.09375, 0.125, 0.34375, 0.25, 0.140625, 0.171875, 0.109375, 0.078125, 0.0625, 0.125, 0.09375, 0.03125, 0.21875, 0.078125, 0.203125]","[0.03125, 0.25, 0.03125, 0.21875, 0.09375, 0.0625, 0.09375, 0.0625, 0.203125, 0.125, 0.140625, 0.0859375, 0.1015625, 0.078125, 0.03125, 0.0625, 0.078125, 0.0625, 0.109375, 0.0390625, 0.21875]",[4],0.6507971328657342,0.6242118397290319
133,3777.8125,"[0.0625, 0.4375, 0.0625, 0.21875, 0.125, 0.125, 0.09375, 0.125, 0.34375, 0.25, 0.140625, 0.171875, 0.109375, 0.078125, 0.0625, 0.125, 0.09375, 0.03125, 0.21875, 0.078125, 0.203125]","[0.03125, 0.25, 0.03125, 0.21875, 0.09375, 0.0625, 0.09375, 0.0625, 0.203125, 0.125, 0.140625, 0.0859375, 0.1015625, 0.078125, 0.03125, 0.0625, 0.078125, 0.0625, 0.109375, 0.0390625, 0.21875]",[4],0.6507971328657342,0.6242118397290319
134,3857.1875,"[0.0625, 0.4375, 0.0625, 0.21875, 0.125, 0.125, 0.09375, 0.125, 0.34375, 0.25, 0.140625, 0.171875, 0.109375, 0.078125, 0.0625, 0.125, 0.09375, 0.15625, 0.21875, 0.078125, 0.203125]","[0.03125, 0.25, 0.03125, 0.21875, 0.09375, 0.0625, 0.09375, 0.0625, 0.203125, 0.125, 0.140625, 0.0859375, 0.1015625, 0.078125, 0.03125, 0.0625, 0.078125, 0.1875, 0.109375, 0.0390625, 0.21875]",[33],0.6023762469230862,0.6054241084137212
135,3896.875,"[0.0625, 0.4375, 0.0625, 0.21875, 0.125, 0.125, 0.09375, 0.125, 0.34375, 0.25, 0.140625, 0.171875, 0.109375, 0.078125, 0.0625, 0.125, 0.0625, 0.15625, 0.21875, 0.109375, 0.203125]","[0.03125, 0.25, 0.03125, 0.21875, 0.09375, 0.0625, 0.09375, 0.0625, 0.203125, 0.125, 0.140625, 0.0859375, 0.1015625, 0.078125, 0.03125, 0.0625, 0.0625, 0.1875, 0.109375, 0.0703125, 0.21875]",[26],0.603955217513604,0.5941019956539529
136,3897.03125,"[0.0625, 0.4375, 0.0625, 0.21875, 0.125, 0.125, 0.09375, 0.125, 0.34375, 0.25, 0.140625, 0.171875, 0.109375, 0.078125, 0.0625, 0.125, 0.0625, 0.15625, 0.21875, 0.109375, 0.203125]","[0.03125, 0.25, 0.03125, 0.21875, 0.09375, 0.0625, 0.09375, 0.0625, 0.203125, 0.125, 0.140625, 0.0859375, 0.1015625, 0.078125, 0.03125, 0.0625, 0.0625, 0.1875, 0.109375, 0.0703125, 0.21875]",[26],0.603955217513604,0.5941019956539529
137,3916.5625,"[0.0625, 0.4375, 0.0625, 0.21875, 0.125, 0.125, 0.09375, 0.125, 0.34375, 0.25, 0.140625, 0.171875, 0.109375, 0.078125, 0.0625, 0.125, 0.0625, 0.15625, 0.21875, 0.109375, 0.203125]","[0.03125, 0.25, 0.03125, 0.21875, 0.09375, 0.0625, 0.09375, 0.0625, 0.203125, 0.125, 0.140625, 0.0859375, 0.1015625, 0.078125, 0.03125, 0.0625, 0.0625, 0.1875, 0.109375, 0.0703125, 0.21875]",[26],0.603955217513604,0.5941019956539529
138,3956.875,"[0.0625, 0.4375, 0.0625, 0.21875, 0.125, 0.125, 0.09375, 0.125, 0.34375, 0.25, 0.140625, 0.171875, 0.109375, 0.078125, 0.0625, 0.125, 0.0625, 0.15625, 0.21875, 0.109375, 0.203125]","[0.03125, 0.25, 0.03125, 0.21875, 0.09375, 0.0625, 0.09375, 0.0625, 0.203125, 0.125, 0.140625, 0.0859375, 0.1015625, 0.078125, 0.03125, 0.0625, 0.0625, 0.1875, 0.109375, 0.0703125, 0.21875]",[26],0.603955217513604,0.5941019956539529
139,4036.5625,"[0.0625, 0.4375, 0.0625, 0.21875, 0.125, 0.125, 0.09375, 0.125, 0.34375, 0.25, 0.140625, 0.171875, 0.109375, 0.078125, 0.0625, 0.125, 0.0625, 0.15625, 0.21875, 0.109375, 0.203125]","[0.03125, 0.25, 0.03125, 0.21875, 0.09375, 0.0625, 0.09375, 0.0625, 0.203125, 0.125, 0.140625, 0.0859375, 0.1015625, 0.078125, 0.03125, 0.0625, 0.0625, 0.1875, 0.109375, 0.0703125, 0.21875]",[26],0.603955217513604,0.5941019956539529
140,3916.5625,"[0.0625, 0.4375, 0.0625, 0.21875, 0.125, 0.125, 0.09375, 0.125, 0.34375, 0.25, 0.140625, 0.171875, 0.109375, 0.078125, 0.0625, 0.125, 0.0625, 0.15625, 0.21875, 0.109375, 0.203125]","[0.03125, 0.25, 0.03125, 0.21875, 0.09375, 0.0625, 0.09375, 0.0625, 0.203125, 0.125, 0.140625, 0.0859375, 0.1015625, 0.078125, 0.03125, 0.0625, 0.0625, 0.1875, 0.109375, 0.0703125, 0.21875]",[26],0.603955217513604,0.5941019956539529
141,3897.03125,"[0.0625, 0.4375, 0.0625, 0.21875, 0.125, 0.125, 0.09375, 0.125, 0.34375, 0.25, 0.15625, 0.046875, 0.109375, 0.078125, 0.0625, 0.125, 0.0625, 0.15625, 0.21875, 0.109375, 0.203125]","[0.03125, 0.25, 0.03125, 0.21875, 0.09375, 0.0625, 0.09375, 0.0625, 0.203125, 0.125, 0.15625, 0.0234375, 0.1015625, 0.078125, 0.03125, 0.0625, 0.0625, 0.1875, 0.109375, 0.0703125, 0.21875]",[2],0.6427391696669985,0.6327691389612312
142,3777.96875,"[0.0625, 0.4375, 0.0625, 0.21875, 0.125, 0.125, 0.09375, 0.125, 0.34375, 0.25, 0.15625, 0.046875, 0.109375, 0.078125, 0.0625, 0.125, 0.0625, 0.15625, 0.21875, 0.109375, 0.203125]","[0.03125, 0.25, 0.03125, 0.21875, 0.09375, 0.0625, 0.09375, 0.0625, 0.203125, 0.125, 0.15625, 0.0234375, 0.1015625, 0.078125, 0.03125, 0.0625, 0.0625, 0.1875, 0.109375, 0.0703125, 0.21875]",[2],0.6427391696669985,0.6327691389612312
143,3817.03125,"[0.0625, 0.4375, 0.0625, 0.21875, 0.125, 0.125, 0.078125, 0.125, 0.34375, 0.25, 0.15625, 0.046875, 0.109375, 0.078125, 0.0625, 0.125, 0.1875, 0.15625, 0.21875, 0.109375, 0.203125]","[0.03125, 0.25, 0.03125, 0.21875, 0.09375, 0.0625, 0.078125, 0.0625, 0.203125, 0.125, 0.15625, 0.0234375, 0.1015625, 0.078125, 0.03125, 0.0625, 0.125, 0.1875, 0.109375, 0.0703125, 0.21875]",[1],0.6133436852128472,0.6161340171552571
144,3935.9375,"[0.0625, 0.4375, 0.0625, 0.21875, 0.125, 0.125, 0.078125, 0.125, 0.34375, 0.25, 0.15625, 0.046875, 0.109375, 0.078125, 0.0625, 0.125, 0.1875, 0.15625, 0.21875, 0.109375, 0.203125]","[0.03125, 0.25, 0.03125, 0.21875, 0.09375, 0.0625, 0.078125, 0.0625, 0.203125, 0.125, 0.15625, 0.0234375, 0.1015625, 0.078125, 0.03125, 0.0625, 0.125, 0.1875, 0.109375, 0.0703125, 0.21875]",[1],0.6133436852128472,0.6161340171552571
145,3816.5625,"[0.0625, 0.4375, 0.0625, 0.21875, 0.125, 0.125, 0.078125, 0.125, 0.34375, 0.25, 0.15625, 0.046875, 0.109375, 0.078125, 0.0625, 0.125, 0.1875, 0.15625, 0.21875, 0.109375, 0.203125]","[0.03125, 0.25, 0.03125, 0.21875, 0.09375, 0.0625, 0.078125, 0.0625, 0.203125, 0.125, 0.15625, 0.0234375, 0.1015625, 0.078125, 0.03125, 0.0625, 0.125, 0.1875, 0.109375, 0.0703125, 0.21875]",[1],0.6133436852128472,0.6161340171552571
146,3797.03125,"[0.0625, 0.4375, 0.0625, 0.21875, 0.125, 0.125, 0.078125, 0.0, 0.34375, 0.25, 0.15625, 0.046875, 0.125, 0.078125, 0.0625, 0.125, 0.1875, 0.15625, 0.21875, 0.109375, 0.203125]","[0.03125, 0.25, 0.03125, 0.21875, 0.09375, 0.0625, 0.078125, 0.0, 0.203125, 0.125, 0.15625, 0.0234375, 0.109375, 0.078125, 0.03125, 0.0625, 0.125, 0.1875, 0.109375, 0.0703125, 0.21875]",[39],0.6691533939620464,0.6616557618623958
147,3757.96875,"[0.0625, 0.4375, 0.0625, 0.21875, 0.125, 0.125, 0.078125, 0.0, 0.34375, 0.25, 0.15625, 0.046875, 0.15625, 0.078125, 0.0625, 0.125, 0.1875, 0.15625, 0.21875, 0.109375, 0.203125]","[0.03125, 0.25, 0.03125, 0.21875, 0.09375, 0.0625, 0.078125, 0.0, 0.203125, 0.125, 0.15625, 0.0234375, 0.125, 0.078125, 0.03125, 0.0625, 0.125, 0.1875, 0.109375, 0.0703125, 0.21875]",[43],0.6615468686113049,0.6579800144234981
148,3836.71875,"[0.0625, 0.4375, 0.0625, 0.21875, 0.125, 0.125, 0.078125, 0.0, 0.34375, 0.25, 0.15625, 0.046875, 0.15625, 0.078125, 0.0625, 0.125, 0.1875, 0.15625, 0.21875, 0.109375, 0.203125]","[0.03125, 0.25, 0.03125, 0.21875, 0.09375, 0.0625, 0.078125, 0.0, 0.203125, 0.125, 0.15625, 0.0234375, 0.125, 0.078125, 0.03125, 0.0625, 0.125, 0.1875, 0.109375, 0.0703125, 0.21875]",[43],0.6615468686113049,0.6579800144234981
149,3915.46875,"[0.0625, 0.4375, 0.0625, 0.21875, 0.125, 0.125, 0.078125, 0.0, 0.34375, 0.25, 0.15625, 0.046875, 0.15625, 0.078125, 0.0625, 0.125, 0.1875, 0.15625, 0.21875, 0.109375, 0.203125]","[0.03125, 0.25, 0.03125, 0.21875, 0.09375, 0.0625, 0.078125, 0.0, 0.203125, 0.125, 0.15625, 0.0234375, 0.125, 0.078125, 0.03125, 0.0625, 0.125, 0.1875, 0.109375, 0.0703125, 0.21875]",[43],0.6615468686113049,0.6579800144234981
150,3797.34375,"[0.0625, 0.4375, 0.0625, 0.21875, 0.125, 0.125, 0.078125, 0.0, 0.34375, 0.25, 0.15625, 0.046875, 0.15625, 0.078125, 0.0625, 0.125, 0.1875, 0.15625, 0.21875, 0.109375, 0.203125]","[0.03125, 0.25, 0.03125, 0.21875, 0.09375, 0.0625, 0.078125, 0.0, 0.203125, 0.125, 0.15625, 0.0234375, 0.125, 0.078125, 0.03125, 0.0625, 0.125, 0.1875, 0.109375, 0.0703125, 0.21875]",[43],0.6615468686113049,0.6579800144234981
151,3777.65625,"[0.0625, 0.4375, 0.0625, 0.21875, 0.125, 0.125, 0.078125, 0.0, 0.3125, 0.25, 0.15625, 0.046875, 0.15625, 0.078125, 0.09375, 0.125, 0.1875, 0.15625, 0.21875, 0.109375, 0.203125]","[0.03125, 0.25, 0.03125, 0.21875, 0.09375, 0.0625, 0.078125, 0.0, 0.1875, 0.125, 0.15625, 0.0234375, 0.125, 0.078125, 0.046875, 0.0625, 0.125, 0.1875, 0.109375, 0.0703125, 0.21875]",[40],0.6369170241541254,0.6428329411904793
152,3797.8125,"[0.0625, 0.4375, 0.0625, 0.21875, 0.125, 0.125, 0.078125, 0.0, 0.3125, 0.25, 0.15625, 0.046875, 0.15625, 0.078125, 0.09375, 0.125, 0.1875, 0.15625, 0.21875, 0.109375, 0.203125]","[0.03125, 0.25, 0.03125, 0.21875, 0.09375, 0.0625, 0.078125, 0.0, 0.1875, 0.125, 0.15625, 0.0234375, 0.125, 0.078125, 0.046875, 0.0625, 0.125, 0.1875, 0.109375, 0.0703125, 0.21875]",[40],0.6369170241541254,0.6428329411904793
153,3837.34375,"[0.0625, 0.4375, 0.0625, 0.21875, 0.125, 0.125, 0.078125, 0.0, 0.3125, 0.25, 0.15625, 0.046875, 0.15625, 0.078125, 0.09375, 0.125, 0.1875, 0.15625, 0.21875, 0.109375, 0.203125]","[0.03125, 0.25, 0.03125, 0.21875, 0.09375, 0.0625, 0.078125, 0.0, 0.1875, 0.125, 0.15625, 0.0234375, 0.125, 0.078125, 0.046875, 0.0625, 0.125, 0.1875, 0.109375, 0.0703125, 0.21875]",[40],0.6369170241541254,0.6428329411904793
154,3915.46875,"[0.0625, 0.4375, 0.0625, 0.21875, 0.125, 0.125, 0.078125, 0.0, 0.3125, 0.25, 0.15625, 0.046875, 0.15625, 0.078125, 0.09375, 0.125, 0.1875, 0.15625, 0.21875, 0.109375, 0.203125]","[0.03125, 0.25, 0.03125, 0.21875, 0.09375, 0.0625, 0.078125, 0.0, 0.1875, 0.125, 0.15625, 0.0234375, 0.125, 0.078125, 0.046875, 0.0625, 0.125, 0.1875, 0.109375, 0.0703125, 0.21875]",[40],0.6369170241541254,0.6428329411904793
155,3797.34375,"[0.0625, 0.4375, 0.0625, 0.21875, 0.125, 0.125, 0.078125, 0.0, 0.3125, 0.25, 0.15625, 0.046875, 0.15625, 0.078125, 0.09375, 0.125, 0.1875, 0.15625, 0.21875, 0.109375, 0.203125]","[0.03125, 0.25, 0.03125, 0.21875, 0.09375, 0.0625, 0.078125, 0.0, 0.1875, 0.125, 0.15625, 0.0234375, 0.125, 0.078125, 0.046875, 0.0625, 0.125, 0.1875, 0.109375, 0.0703125, 0.21875]",[40],0.6369170241541254,0.6428329411904793
156,3777.8125,"[0.0, 0.4375, 0.0625, 0.21875, 0.125, 0.125, 0.078125, 0.0, 0.3125, 0.25, 0.15625, 0.046875, 0.15625, 0.078125, 0.09375, 0.125, 0.1875, 0.15625, 0.21875, 0.109375, 0.203125]","[0.0, 0.25, 0.03125, 0.21875, 0.09375, 0.0625, 0.078125, 0.0, 0.1875, 0.125, 0.15625, 0.0234375, 0.125, 0.078125, 0.046875, 0.0625, 0.125, 0.1875, 0.109375, 0.0703125, 0.21875]",[40],0.6736840151168461,0.6698599736208003
157,3757.96875,"[0.0, 0.4375, 0.0625, 0.21875, 0.125, 0.125, 0.078125, 0.0, 0.3125, 0.25, 0.15625, 0.046875, 0.15625, 0.078125, 0.09375, 0.125, 0.1875, 0.15625, 0.21875, 0.109375, 0.203125]","[0.0, 0.25, 0.03125, 0.21875, 0.09375, 0.0625, 0.078125, 0.0, 0.1875, 0.125, 0.15625, 0.0234375, 0.125, 0.078125, 0.046875, 0.0625, 0.125, 0.1875, 0.109375, 0.0703125, 0.21875]",[40],0.6736840151168461,0.6698599736208003
158,3797.34375,"[0.0, 0.4375, 0.0625, 0.21875, 0.125, 0.125, 0.078125, 0.0, 0.3125, 0.25, 0.15625, 0.046875, 0.15625, 0.078125, 0.09375, 0.125, 0.3125, 0.15625, 0.21875, 0.109375, 0.203125]","[0.0, 0.25, 0.03125, 0.21875, 0.09375, 0.0625, 0.078125, 0.0, 0.1875, 0.125, 0.15625, 0.0234375, 0.125, 0.078125, 0.046875, 0.0625, 0.1875, 0.1875, 0.109375, 0.0703125, 0.21875]",[41],0.6839260625916034,0.6694476479879812
159,3956.09375,"[0.0, 0.4375, 0.0625, 0.21875, 0.125, 0.125, 0.078125, 0.0, 0.3125, 0.25, 0.15625, 0.046875, 0.15625, 0.078125, 0.09375, 0.125, 0.3125, 0.28125, 0.21875, 0.109375, 0.203125]","[0.0, 0.25, 0.03125, 0.21875, 0.09375, 0.0625, 0.078125, 0.0, 0.1875, 0.125, 0.15625, 0.0234375, 0.125, 0.078125, 0.046875, 0.0625, 0.1875, 0.3125, 0.109375, 0.0703125, 0.21875]",[53],0.6792820561359734,0.7241178405085741
160,3995.9375,"[0.0, 0.4375, 0.0625, 0.21875, 0.125, 0.125, 0.078125, 0.0, 0.3125, 0.25, 0.15625, 0.046875, 0.15625, 0.078125, 0.09375, 0.125, 0.3125, 0.28125, 0.21875, 0.109375, 0.203125]","[0.0, 0.25, 0.03125, 0.21875, 0.09375, 0.0625, 0.078125, 0.0, 0.1875, 0.125, 0.15625, 0.0234375, 0.125, 0.078125, 0.046875, 0.0625, 0.1875, 0.3125, 0.109375, 0.0703125, 0.21875]",[53],0.6792820561359734,0.7241178405085741
161,3975.9375,"[0.0, 0.4375, 0.0625, 0.21875, 0.125, 0.125, 0.078125, 0.0, 0.3125, 0.25, 0.140625, 0.046875, 0.15625, 0.078125, 0.0625, 0.125, 0.3125, 0.28125, 0.21875, 0.109375, 0.203125]","[0.0, 0.25, 0.03125, 0.21875, 0.09375, 0.0625, 0.078125, 0.0, 0.1875, 0.125, 0.140625, 0.0234375, 0.125, 0.078125, 0.03125, 0.0625, 0.1875, 0.3125, 0.109375, 0.0703125, 0.21875]",[26],0.6962773629294909,0.7368484855606093
162,3955.9375,"[0.0, 0.4375, 0.0625, 0.21875, 0.125, 0.125, 0.078125, 0.0, 0.3125, 0.25, 0.140625, 0.046875, 0.15625, 0.078125, 0.0625, 0.125, 0.3125, 0.28125, 0.21875, 0.109375, 0.203125]","[0.0, 0.25, 0.03125, 0.21875, 0.09375, 0.0625, 0.078125, 0.0, 0.1875, 0.125, 0.140625, 0.0234375, 0.125, 0.078125, 0.03125, 0.0625, 0.1875, 0.3125, 0.109375, 0.0703125, 0.21875]",[26],0.6962773629294909,0.7368484855606093
163,3995.3125,"[0.0, 0.4375, 0.0625, 0.21875, 0.125, 0.125, 0.078125, 0.0, 0.3125, 0.25, 0.140625, 0.046875, 0.15625, 0.078125, 0.0625, 0.125, 0.3125, 0.28125, 0.21875, 0.109375, 0.203125]","[0.0, 0.25, 0.03125, 0.21875, 0.09375, 0.0625, 0.078125, 0.0, 0.1875, 0.125, 0.140625, 0.0234375, 0.125, 0.078125, 0.03125, 0.0625, 0.1875, 0.3125, 0.109375, 0.0703125, 0.21875]",[26],0.6962773629294909,0.7368484855606093
164,4075.3125,"[0.0, 0.4375, 0.0625, 0.09375, 0.125, 0.125, 0.078125, 0.0, 0.3125, 0.25, 0.140625, 0.046875, 0.15625, 0.078125, 0.0625, 0.125, 0.3125, 0.28125, 0.21875, 0.109375, 0.203125]","[0.0, 0.25, 0.03125, 0.09375, 0.09375, 0.0625, 0.078125, 0.0, 0.1875, 0.125, 0.140625, 0.0234375, 0.125, 0.078125, 0.03125, 0.0625, 0.1875, 0.3125, 0.109375, 0.0703125, 0.21875]",[9],0.7233172605189857,0.7476898806511111
165,3797.5,"[0.0, 0.4375, 0.0625, 0.09375, 0.125, 0.125, 0.078125, 0.0, 0.3125, 0.25, 0.140625, 0.046875, 0.15625, 0.078125, 0.0625, 0.125, 0.3125, 0.28125, 0.21875, 0.109375, 0.203125]","[0.0, 0.25, 0.03125, 0.09375, 0.09375, 0.0625, 0.078125, 0.0, 0.1875, 0.125, 0.140625, 0.0234375, 0.125, 0.078125, 0.03125, 0.0625, 0.1875, 0.3125, 0.109375, 0.0703125, 0.21875]",[9],0.7233172605189857,0.7476898806511111
166,3777.734375,"[0.0, 0.4375, 0.0625, 0.09375, 0.09375, 0.125, 0.078125, 0.0, 0.3125, 0.25, 0.015625, 0.046875, 0.15625, 0.0859375, 0.0625, 0.125, 0.3125, 0.28125, 0.21875, 0.109375, 0.203125]","[0.0, 0.25, 0.03125, 0.09375, 0.078125, 0.0625, 0.078125, 0.0, 0.1875, 0.125, 0.015625, 0.0234375, 0.125, 0.0859375, 0.03125, 0.0625, 0.1875, 0.3125, 0.109375, 0.0703125, 0.21875]",[26],0.7862224848600752,0.8139445835706305
167,3618.671875,"[0.0625, 0.4375, 0.0625, 0.09375, 0.09375, 0.125, 0.078125, 0.0, 0.3125, 0.25, 0.015625, 0.046875, 0.15625, 0.0859375, 0.0625, 0.125, 0.3125, 0.28125, 0.21875, 0.109375, 0.203125]","[0.03125, 0.25, 0.03125, 0.09375, 0.078125, 0.0625, 0.078125, 0.0, 0.1875, 0.125, 0.015625, 0.0234375, 0.125, 0.0859375, 0.03125, 0.0625, 0.1875, 0.3125, 0.109375, 0.0703125, 0.21875]",[30],0.7500557086127665,0.7870791466384989
168,3698.046875,"[0.0625, 0.4375, 0.0625, 0.09375, 0.09375, 0.125, 0.078125, 0.0, 0.3125, 0.25, 0.015625, 0.046875, 0.15625, 0.0859375, 0.0625, 0.125, 0.3125, 0.28125, 0.21875, 0.109375, 0.203125]","[0.03125, 0.25, 0.03125, 0.09375, 0.078125, 0.0625, 0.078125, 0.0, 0.1875, 0.125, 0.015625, 0.0234375, 0.125, 0.0859375, 0.03125, 0.0625, 0.1875, 0.3125, 0.109375, 0.0703125, 0.21875]",[30],0.7500557086127665,0.7870791466384989
169,3778.046875,"[0.0625, 0.4375, 0.0625, 0.09375, 0.09375, 0.125, 0.078125, 0.0, 0.3125, 0.25, 0.015625, 0.046875, 0.15625, 0.0859375, 0.0625, 0.125, 0.3125, 0.28125, 0.21875, 0.109375, 0.203125]","[0.03125, 0.25, 0.03125, 0.09375, 0.078125, 0.0625, 0.078125, 0.0, 0.1875, 0.125, 0.015625, 0.0234375, 0.125, 0.0859375, 0.03125, 0.0625, 0.1875, 0.3125, 0.109375, 0.0703125, 0.21875]",[30],0.7500557086127665,0.7870791466384989
170,3658.046875,"[0.0625, 0.4375, 0.125, 0.09375, 0.09375, 0.125, 0.078125, 0.0, 0.3125, 0.25, 0.015625, 0.046875, 0.15625, 0.0859375, 0.0625, 0.125, 0.3125, 0.28125, 0.21875, 0.109375, 0.203125]","[0.03125, 0.25, 0.09375, 0.09375, 0.078125, 0.0625, 0.078125, 0.0, 0.1875, 0.125, 0.015625, 0.0234375, 0.125, 0.0859375, 0.03125, 0.0625, 0.1875, 0.3125, 0.109375, 0.0703125, 0.21875]",[34],0.7253665189550577,0.7504000236286543
171,3677.734375,"[0.0625, 0.4375, 0.15625, 0.09375, 0.09375, 0.125, 0.078125, 0.0, 0.3125, 0.25, 0.015625, 0.015625, 0.15625, 0.0859375, 0.0625, 0.125, 0.3125, 0.28125, 0.21875, 0.109375, 0.203125]","[0.03125, 0.25, 0.109375, 0.09375, 0.078125, 0.0625, 0.078125, 0.0, 0.1875, 0.125, 0.015625, 0.0078125, 0.125, 0.0859375, 0.03125, 0.0625, 0.1875, 0.3125, 0.109375, 0.0703125, 0.21875]",[25],0.7349943952295722,0.7578377187686308
172,3677.890625,"[0.0625, 0.4375, 0.15625, 0.09375, 0.09375, 0.125, 0.078125, 0.0, 0.3125, 0.25, 0.015625, 0.015625, 0.15625, 0.0859375, 0.0625, 0.125, 0.3125, 0.28125, 0.21875, 0.109375, 0.203125]","[0.03125, 0.25, 0.109375, 0.09375, 0.078125, 0.0625, 0.078125, 0.0, 0.1875, 0.125, 0.015625, 0.0078125, 0.125, 0.0859375, 0.03125, 0.0625, 0.1875, 0.3125, 0.109375, 0.0703125, 0.21875]",[25],0.7349943952295722,0.7578377187686308
173,3717.734375,"[0.0625, 0.4375, 0.15625, 0.09375, 0.09375, 0.125, 0.078125, 0.0, 0.3125, 0.25, 0.015625, 0.015625, 0.15625, 0.109375, 0.0625, 0.125, 0.3125, 0.28125, 0.21875, 0.109375, 0.203125]","[0.03125, 0.25, 0.109375, 0.09375, 0.078125, 0.0625, 0.078125, 0.0, 0.1875, 0.125, 0.015625, 0.0078125, 0.125, 0.109375, 0.03125, 0.0625, 0.1875, 0.3125, 0.109375, 0.0703125, 0.21875]",[9],0.7260487326502624,0.7487603707106366
174,3856.5625,"[0.0625, 0.4375, 0.15625, 0.09375, 0.09375, 0.125, 0.078125, 0.0, 0.3125, 0.25, 0.015625, 0.015625, 0.15625, 0.109375, 0.0625, 0.125, 0.3125, 0.40625, 0.21875, 0.109375, 0.203125]","[0.03125, 0.25, 0.109375, 0.09375, 0.078125, 0.0625, 0.078125, 0.0, 0.1875, 0.125, 0.015625, 0.0078125, 0.125, 0.109375, 0.03125, 0.0625, 0.1875, 0.4375, 0.109375, 0.0703125, 0.21875]",[43],0.7592846848163957,0.8638213726427604
175,3895.9375,"[0.0625, 0.4375, 0.15625, 0.09375, 0.09375, 0.125, 0.078125, 0.0, 0.3125, 0.25, 0.015625, 0.015625, 0.15625, 0.109375, 0.125, 0.125, 0.3125, 0.40625, 0.21875, 0.09375, 0.203125]","[0.03125, 0.25, 0.109375, 0.09375, 0.078125, 0.0625, 0.078125, 0.0, 0.1875, 0.125, 0.015625, 0.0078125, 0.125, 0.109375, 0.09375, 0.0625, 0.1875, 0.4375, 0.109375, 0.0625, 0.21875]",[0],0.7408326807044638,0.8323158939784016
176,3895.78125,"[0.0625, 0.4375, 0.15625, 0.09375, 0.09375, 0.125, 0.078125, 0.0, 0.3125, 0.25, 0.015625, 0.015625, 0.15625, 0.109375, 0.125, 0.15625, 0.3125, 0.40625, 0.21875, 0.09375, 0.203125]","[0.03125, 0.25, 0.109375, 0.09375, 0.078125, 0.0625, 0.078125, 0.0, 0.1875, 0.125, 0.015625, 0.0078125, 0.125, 0.109375, 0.09375, 0.078125, 0.1875, 0.4375, 0.109375, 0.0625, 0.21875]",[53],0.732417813909166,0.8239792466693557
177,3935.15625,"[0.0625, 0.4375, 0.09375, 0.09375, 0.09375, 0.125, 0.078125, 0.0, 0.3125, 0.25, 0.015625, 0.015625, 0.15625, 0.109375, 0.125, 0.21875, 0.3125, 0.40625, 0.21875, 0.09375, 0.203125]","[0.03125, 0.25, 0.078125, 0.09375, 0.078125, 0.0625, 0.078125, 0.0, 0.1875, 0.125, 0.015625, 0.0078125, 0.125, 0.109375, 0.09375, 0.109375, 0.1875, 0.4375, 0.109375, 0.0625, 0.21875]",[7],0.7419213154918685,0.8239792466693557
178,3975.46875,"[0.0625, 0.4375, 0.09375, 0.09375, 0.09375, 0.125, 0.078125, 0.0, 0.3125, 0.25, 0.015625, 0.015625, 0.15625, 0.109375, 0.125, 0.21875, 0.3125, 0.40625, 0.21875, 0.09375, 0.203125]","[0.03125, 0.25, 0.078125, 0.09375, 0.078125, 0.0625, 0.078125, 0.0, 0.1875, 0.125, 0.015625, 0.0078125, 0.125, 0.109375, 0.09375, 0.109375, 0.1875, 0.4375, 0.109375, 0.0625, 0.21875]",[7],0.7419213154918685,0.8239792466693557
179,4055.15625,"[0.0625, 0.4375, 0.09375, 0.09375, 0.09375, 0.125, 0.078125, 0.0, 0.3125, 0.25, 0.015625, 0.015625, 0.15625, 0.171875, 0.125, 0.21875, 0.3125, 0.40625, 0.21875, 0.09375, 0.203125]","[0.03125, 0.25, 0.078125, 0.09375, 0.078125, 0.0625, 0.078125, 0.0, 0.1875, 0.125, 0.015625, 0.0078125, 0.125, 0.171875, 0.09375, 0.109375, 0.1875, 0.4375, 0.109375, 0.0625, 0.21875]",[56],0.7250720334137305,0.8091815611797585
180,4094.84375,"[0.0625, 0.4375, 0.09375, 0.125, 0.09375, 0.125, 0.078125, 0.0, 0.3125, 0.25, 0.015625, 0.015625, 0.15625, 0.171875, 0.125, 0.21875, 0.3125, 0.40625, 0.21875, 0.09375, 0.203125]","[0.03125, 0.25, 0.078125, 0.15625, 0.078125, 0.0625, 0.078125, 0.0, 0.1875, 0.125, 0.015625, 0.0078125, 0.125, 0.171875, 0.09375, 0.109375, 0.1875, 0.4375, 0.109375, 0.0625, 0.21875]",[57],0.7143813692564642,0.7904561189855241
181,4114.6875,"[0.0625, 0.4375, 0.09375, 0.125, 0.09375, 0.125, 0.078125, 0.0, 0.3125, 0.25, 0.015625, 0.015625, 0.15625, 0.171875, 0.125, 0.21875, 0.3125, 0.40625, 0.21875, 0.09375, 0.203125]","[0.03125, 0.25, 0.078125, 0.15625, 0.078125, 0.0625, 0.078125, 0.0, 0.1875, 0.125, 0.015625, 0.0078125, 0.125, 0.171875, 0.09375, 0.109375, 0.1875, 0.4375, 0.109375, 0.0625, 0.21875]",[57],0.7143813692564642,0.7904561189855241
182,4134.6875,"[0.0625, 0.4375, 0.09375, 0.125, 0.09375, 0.125, 0.078125, 0.0, 0.3125, 0.25, 0.015625, 0.015625, 0.15625, 0.1875, 0.125, 0.15625, 0.3125, 0.40625, 0.21875, 0.09375, 0.203125]","[0.03125, 0.25, 0.078125, 0.15625, 0.078125, 0.0625, 0.078125, 0.0, 0.1875, 0.125, 0.015625, 0.0078125, 0.125, 0.1875, 0.09375, 0.078125, 0.1875, 0.4375, 0.109375, 0.0625, 0.21875]",[53],0.7213398241832788,0.802408583993082
183,4174.0625,"[0.0625, 0.4375, 0.09375, 0.125, 0.09375, 0.125, 0.078125, 0.0, 0.3125, 0.25, 0.015625, 0.015625, 0.15625, 0.1875, 0.125, 0.15625, 0.3125, 0.40625, 0.21875, 0.09375, 0.203125]","[0.03125, 0.25, 0.078125, 0.15625, 0.078125, 0.0625, 0.078125, 0.0, 0.1875, 0.125, 0.015625, 0.0078125, 0.125, 0.1875, 0.09375, 0.078125, 0.1875, 0.4375, 0.109375, 0.0625, 0.21875]",[53],0.7213398241832788,0.802408583993082
184,4254.0625,"[0.0625, 0.4375, 0.09375, 0.125, 0.09375, 0.125, 0.078125, 0.0, 0.3125, 0.25, 0.015625, 0.015625, 0.15625, 0.1875, 0.125, 0.15625, 0.3125, 0.40625, 0.21875, 0.09375, 0.203125]","[0.03125, 0.25, 0.078125, 0.15625, 0.078125, 0.0625, 0.078125, 0.0, 0.1875, 0.125, 0.015625, 0.0078125, 0.125, 0.1875, 0.09375, 0.078125, 0.1875, 0.4375, 0.109375, 0.0625, 0.21875]",[53],0.7213398241832788,0.802408583993082
185,4134.6875,"[0.0625, 0.4375, 0.15625, 0.125, 0.09375, 0.125, 0.078125, 0.0, 0.3125, 0.25, 0.015625, 0.015625, 0.15625, 0.1875, 0.125, 0.15625, 0.3125, 0.40625, 0.21875, 0.09375, 0.203125]","[0.03125, 0.25, 0.140625, 0.15625, 0.078125, 0.0625, 0.078125, 0.0, 0.1875, 0.125, 0.015625, 0.0078125, 0.125, 0.1875, 0.09375, 0.078125, 0.1875, 0.4375, 0.109375, 0.0625, 0.21875]",[58],0.7023561033102468,0.7798454440501424
186,4154.609375,"[0.0625, 0.4375, 0.15625, 0.125, 0.09375, 0.125, 0.078125, 0.0, 0.3125, 0.25, 0.015625, 0.015625, 0.15625, 0.125, 0.125, 0.15625, 0.3125, 0.40625, 0.21875, 0.09375, 0.203125]","[0.03125, 0.25, 0.140625, 0.15625, 0.078125, 0.0625, 0.078125, 0.0, 0.1875, 0.125, 0.015625, 0.0078125, 0.125, 0.125, 0.09375, 0.078125, 0.1875, 0.4375, 0.109375, 0.0625, 0.21875]",[38],0.7165985720844785,0.7907176680561869
187,4015.0,"[0.0625, 0.4375, 0.15625, 0.125, 0.09375, 0.125, 0.078125, 0.0, 0.3125, 0.25, 0.015625, 0.015625, 0.15625, 0.125, 0.125, 0.15625, 0.3125, 0.40625, 0.25, 0.09375, 0.203125]","[0.03125, 0.25, 0.140625, 0.15625, 0.078125, 0.0625, 0.078125, 0.0, 0.1875, 0.125, 0.015625, 0.0078125, 0.125, 0.125, 0.09375, 0.078125, 0.1875, 0.4375, 0.125, 0.0625, 0.21875]",[58],0.7153451963912248,0.7855914423272511
188,4094.6875,"[0.0625, 0.4375, 0.15625, 0.125, 0.09375, 0.125, 0.078125, 0.0, 0.1875, 0.25, 0.015625, 0.015625, 0.15625, 0.15625, 0.125, 0.15625, 0.3125, 0.40625, 0.25, 0.09375, 0.203125]","[0.03125, 0.25, 0.140625, 0.15625, 0.078125, 0.0625, 0.078125, 0.0, 0.125, 0.125, 0.015625, 0.0078125, 0.125, 0.15625, 0.09375, 0.078125, 0.1875, 0.4375, 0.125, 0.0625, 0.21875]",[48],0.706302861390983,0.7889197037854015
189,4174.6875,"[0.0625, 0.4375, 0.15625, 0.125, 0.09375, 0.125, 0.078125, 0.0, 0.1875, 0.25, 0.015625, 0.015625, 0.15625, 0.15625, 0.125, 0.15625, 0.3125, 0.40625, 0.25, 0.09375, 0.203125]","[0.03125, 0.25, 0.140625, 0.15625, 0.078125, 0.0625, 0.078125, 0.0, 0.125, 0.125, 0.015625, 0.0078125, 0.125, 0.15625, 0.09375, 0.078125, 0.1875, 0.4375, 0.125, 0.0625, 0.21875]",[48],0.706302861390983,0.7889197037854015
190,4055.78125,"[0.0625, 0.4375, 0.15625, 0.125, 0.09375, 0.125, 0.078125, 0.0, 0.1875, 0.25, 0.015625, 0.015625, 0.15625, 0.15625, 0.125, 0.15625, 0.3125, 0.40625, 0.25, 0.09375, 0.203125]","[0.03125, 0.25, 0.140625, 0.15625, 0.078125, 0.0625, 0.078125, 0.0, 0.125, 0.125, 0.015625, 0.0078125, 0.125, 0.15625, 0.09375, 0.078125, 0.1875, 0.4375, 0.125, 0.0625, 0.21875]",[48],0.706302861390983,0.7889197037854015
191,4035.78125,"[0.0625, 0.4375, 0.15625, 0.125, 0.09375, 0.125, 0.078125, 0.0, 0.1875, 0.25, 0.015625, 0.015625, 0.15625, 0.15625, 0.125, 0.15625, 0.3125, 0.40625, 0.25, 0.109375, 0.203125]","[0.03125, 0.25, 0.140625, 0.15625, 0.078125, 0.0625, 0.078125, 0.0, 0.125, 0.125, 0.015625, 0.0078125, 0.125, 0.15625, 0.09375, 0.078125, 0.1875, 0.4375, 0.125, 0.0703125, 0.21875]",[59],0.7006417453448998,0.7847515966289331
192,4075.15625,"[0.0625, 0.4375, 0.15625, 0.125, 0.09375, 0.125, 0.078125, 0.0, 0.1875, 0.25, 0.015625, 0.015625, 0.15625, 0.15625, 0.125, 0.03125, 0.3125, 0.40625, 0.21875, 0.109375, 0.203125]","[0.03125, 0.25, 0.140625, 0.15625, 0.078125, 0.0625, 0.078125, 0.0, 0.125, 0.125, 0.015625, 0.0078125, 0.125, 0.15625, 0.09375, 0.015625, 0.1875, 0.4375, 0.109375, 0.0703125, 0.21875]",[32],0.7496555682941201,0.8286506622328775
193,3996.71875,"[0.0625, 0.4375, 0.15625, 0.125, 0.09375, 0.125, 0.078125, 0.0, 0.1875, 0.25, 0.015625, 0.015625, 0.15625, 0.15625, 0.125, 0.03125, 0.3125, 0.40625, 0.21875, 0.109375, 0.140625]","[0.03125, 0.25, 0.140625, 0.15625, 0.078125, 0.0625, 0.078125, 0.0, 0.125, 0.125, 0.015625, 0.0078125, 0.125, 0.15625, 0.09375, 0.015625, 0.1875, 0.4375, 0.109375, 0.0703125, 0.15625]",[32],0.7612882409716839,0.8312196572666161
194,3916.71875,"[0.0625, 0.4375, 0.15625, 0.125, 0.09375, 0.125, 0.078125, 0.0, 0.1875, 0.25, 0.015625, 0.015625, 0.15625, 0.15625, 0.125, 0.03125, 0.3125, 0.40625, 0.15625, 0.109375, 0.140625]","[0.03125, 0.25, 0.140625, 0.15625, 0.078125, 0.0625, 0.078125, 0.0, 0.125, 0.125, 0.015625, 0.0078125, 0.125, 0.15625, 0.09375, 0.015625, 0.1875, 0.4375, 0.078125, 0.0703125, 0.15625]",[8],0.7701646803190987,0.8449213530174429
195,3717.96875,"[0.0625, 0.4375, 0.21875, 0.125, 0.09375, 0.125, 0.078125, 0.0, 0.1875, 0.25, 0.015625, 0.015625, 0.15625, 0.15625, 0.125, 0.03125, 0.3125, 0.40625, 0.15625, 0.109375, 0.140625]","[0.03125, 0.25, 0.203125, 0.15625, 0.078125, 0.0625, 0.078125, 0.0, 0.125, 0.125, 0.015625, 0.0078125, 0.125, 0.15625, 0.09375, 0.015625, 0.1875, 0.4375, 0.078125, 0.0703125, 0.15625]",[32],0.761288240971684,0.838239308153574
196,3737.65625,"[0.0625, 0.4375, 0.21875, 0.125, 0.09375, 0.125, 0.078125, 0.0, 0.21875, 0.25, 0.015625, 0.015625, 0.15625, 0.15625, 0.125, 0.03125, 0.3125, 0.40625, 0.15625, 0.109375, 0.140625]","[0.03125, 0.25, 0.203125, 0.15625, 0.078125, 0.0625, 0.078125, 0.0, 0.140625, 0.125, 0.015625, 0.0078125, 0.125, 0.15625, 0.09375, 0.015625, 0.1875, 0.4375, 0.078125, 0.0703125, 0.15625]",[42],0.7580693814853345,0.8339433221202102
197,3777.03125,"[0.0625, 0.4375, 0.21875, 0.125, 0.09375, 0.125, 0.078125, 0.0, 0.28125, 0.25, 0.015625, 0.015625, 0.125, 0.140625, 0.125, 0.03125, 0.3125, 0.40625, 0.15625, 0.109375, 0.140625]","[0.03125, 0.25, 0.203125, 0.15625, 0.078125, 0.0625, 0.078125, 0.0, 0.171875, 0.125, 0.015625, 0.0078125, 0.09375, 0.140625, 0.09375, 0.015625, 0.1875, 0.4375, 0.078125, 0.0703125, 0.15625]",[22],0.7713612324245845,0.8433058479187734
198,3777.1875,"[0.0625, 0.4375, 0.21875, 0.125, 0.09375, 0.125, 0.078125, 0.0, 0.28125, 0.25, 0.015625, 0.015625, 0.125, 0.140625, 0.125, 0.03125, 0.3125, 0.40625, 0.15625, 0.109375, 0.140625]","[0.03125, 0.25, 0.203125, 0.15625, 0.078125, 0.0625, 0.078125, 0.0, 0.171875, 0.125, 0.015625, 0.0078125, 0.09375, 0.140625, 0.09375, 0.015625, 0.1875, 0.4375, 0.078125, 0.0703125, 0.15625]",[22],0.7713612324245845,0.8433058479187734
199,3856.25,"[0.0625, 0.4375, 0.21875, 0.125, 0.09375, 0.125, 0.078125, 0.0, 0.28125, 0.25, 0.015625, 0.015625, 0.125, 0.140625, 0.125, 0.03125, 0.3125, 0.40625, 0.15625, 0.109375, 0.140625]","[0.03125, 0.25, 0.203125, 0.15625, 0.078125, 0.0625, 0.078125, 0.0, 0.171875, 0.125, 0.015625, 0.0078125, 0.09375, 0.140625, 0.09375, 0.015625, 0.1875, 0.4375, 0.078125, 0.0703125, 0.15625]",[22],0.7713612324245845,0.8433058479187734
200,3737.1875,"[0.0625, 0.4375, 0.21875, 0.125, 0.09375, 0.125, 0.078125, 0.0, 0.28125, 0.25, 0.015625, 0.015625, 0.125, 0.140625, 0.125, 0.03125, 0.3125, 0.40625, 0.15625, 0.109375, 0.140625]","[0.03125, 0.25, 0.203125, 0.15625, 0.078125, 0.0625, 0.078125, 0.0, 0.171875, 0.125, 0.015625, 0.0078125, 0.09375, 0.140625, 0.09375, 0.015625, 0.1875, 0.4375, 0.078125, 0.0703125, 0.15625]",[22],0.7713612324245845,0.8433058479187734
201,3717.34375,"[0.0625, 0.4375, 0.21875, 0.125, 0.0625, 0.125, 0.078125, 0.0, 0.28125, 0.25, 0.015625, 0.015625, 0.125, 0.140625, 0.125, 0.03125, 0.3125, 0.40625, 0.15625, 0.109375, 0.140625]","[0.03125, 0.25, 0.203125, 0.15625, 0.046875, 0.0625, 0.078125, 0.0, 0.171875, 0.125, 0.015625, 0.0078125, 0.09375, 0.140625, 0.09375, 0.015625, 0.1875, 0.4375, 0.078125, 0.0703125, 0.15625]",[20],0.7849981373202053,0.8611755390471036
202,3697.5,"[0.0625, 0.4375, 0.21875, 0.125, 0.0625, 0.125, 0.078125, 0.0, 0.28125, 0.25, 0.015625, 0.015625, 0.125, 0.140625, 0.125, 0.03125, 0.3125, 0.40625, 0.15625, 0.109375, 0.140625]","[0.03125, 0.25, 0.203125, 0.15625, 0.046875, 0.0625, 0.078125, 0.0, 0.171875, 0.125, 0.015625, 0.0078125, 0.09375, 0.140625, 0.09375, 0.015625, 0.1875, 0.4375, 0.078125, 0.0703125, 0.15625]",[20],0.7849981373202053,0.8611755390471036
203,3736.5625,"[0.0625, 0.4375, 0.21875, 0.125, 0.0625, 0.125, 0.078125, 0.125, 0.28125, 0.25, 0.015625, 0.015625, 0.125, 0.140625, 0.125, 0.03125, 0.3125, 0.40625, 0.15625, 0.109375, 0.140625]","[0.03125, 0.25, 0.203125, 0.15625, 0.046875, 0.0625, 0.078125, 0.0625, 0.171875, 0.125, 0.015625, 0.0078125, 0.09375, 0.140625, 0.09375, 0.015625, 0.1875, 0.4375, 0.078125, 0.0703125, 0.15625]",[22],0.7259402569796237,0.8175495865393697
204,3894.0625,"[0.3125, 0.4375, 0.21875, 0.125, 0.0625, 0.125, 0.078125, 0.125, 0.28125, 0.25, 0.015625, 0.015625, 0.125, 0.140625, 0.125, 0.03125, 0.3125, 0.40625, 0.15625, 0.109375, 0.078125]","[0.15625, 0.25, 0.203125, 0.15625, 0.046875, 0.0625, 0.078125, 0.0625, 0.171875, 0.125, 0.015625, 0.0078125, 0.09375, 0.140625, 0.09375, 0.015625, 0.1875, 0.4375, 0.078125, 0.0703125, 0.09375]",[47],0.7099253820544849,0.7828158355040199
205,3774.53125,"[0.3125, 0.4375, 0.21875, 0.125, 0.0625, 0.125, 0.078125, 0.125, 0.28125, 0.25, 0.015625, 0.015625, 0.125, 0.140625, 0.125, 0.03125, 0.3125, 0.40625, 0.15625, 0.109375, 0.09375]","[0.15625, 0.25, 0.203125, 0.15625, 0.046875, 0.0625, 0.078125, 0.0625, 0.171875, 0.125, 0.015625, 0.0078125, 0.09375, 0.140625, 0.09375, 0.015625, 0.1875, 0.4375, 0.078125, 0.0703125, 0.125]",[54],0.7037436316375633,0.7717105610801531
206,3794.453125,"[0.3125, 0.4375, 0.21875, 0.125, 0.0625, 0.125, 0.078125, 0.125, 0.28125, 0.25, 0.015625, 0.015625, 0.125, 0.1484375, 0.125, 0.03125, 0.3125, 0.40625, 0.15625, 0.109375, 0.09375]","[0.15625, 0.25, 0.203125, 0.15625, 0.046875, 0.0625, 0.078125, 0.0625, 0.171875, 0.125, 0.015625, 0.0078125, 0.09375, 0.1484375, 0.09375, 0.015625, 0.1875, 0.4375, 0.078125, 0.0703125, 0.125]",[57],0.7017427888291484,0.7700668702383542
207,3833.828125,"[0.3125, 0.4375, 0.21875, 0.125, 0.0625, 0.125, 0.078125, 0.125, 0.28125, 0.25, 0.015625, 0.015625, 0.125, 0.1484375, 0.125, 0.03125, 0.3125, 0.40625, 0.15625, 0.109375, 0.09375]","[0.15625, 0.25, 0.203125, 0.15625, 0.046875, 0.0625, 0.078125, 0.0625, 0.171875, 0.125, 0.015625, 0.0078125, 0.09375, 0.1484375, 0.09375, 0.015625, 0.1875, 0.4375, 0.078125, 0.0703125, 0.125]",[57],0.7017427888291484,0.7700668702383542
208,3874.140625,"[0.3125, 0.4375, 0.21875, 0.125, 0.0625, 0.125, 0.078125, 0.125, 0.28125, 0.25, 0.015625, 0.015625, 0.125, 0.1484375, 0.125, 0.03125, 0.3125, 0.40625, 0.15625, 0.109375, 0.09375]","[0.15625, 0.25, 0.203125, 0.15625, 0.046875, 0.0625, 0.078125, 0.0625, 0.171875, 0.125, 0.015625, 0.0078125, 0.09375, 0.1484375, 0.09375, 0.015625, 0.1875, 0.4375, 0.078125, 0.0703125, 0.125]",[57],0.7017427888291484,0.7700668702383542
209,3953.203125,"[0.3125, 0.4375, 0.21875, 0.125, 0.0625, 0.25, 0.078125, 0.125, 0.21875, 0.25, 0.015625, 0.0, 0.125, 0.1484375, 0.125, 0.03125, 0.3125, 0.40625, 0.15625, 0.109375, 0.09375]","[0.15625, 0.25, 0.203125, 0.15625, 0.046875, 0.125, 0.078125, 0.0625, 0.140625, 0.125, 0.015625, 0.0, 0.09375, 0.1484375, 0.09375, 0.015625, 0.1875, 0.4375, 0.078125, 0.0703125, 0.125]",[11],0.6919161672864079,0.7552154112102142
210,3933.671875,"[0.3125, 0.4375, 0.21875, 0.125, 0.0625, 0.25, 0.078125, 0.125, 0.21875, 0.25, 0.015625, 0.0, 0.125, 0.1484375, 0.125, 0.03125, 0.3125, 0.40625, 0.15625, 0.109375, 0.09375]","[0.15625, 0.25, 0.203125, 0.15625, 0.046875, 0.125, 0.078125, 0.0625, 0.140625, 0.125, 0.015625, 0.0, 0.09375, 0.1484375, 0.09375, 0.015625, 0.1875, 0.4375, 0.078125, 0.0703125, 0.125]",[11],0.6919161672864079,0.7552154112102142
211,3913.90625,"[0.3125, 0.4375, 0.21875, 0.125, 0.0625, 0.25, 0.078125, 0.125, 0.21875, 0.25, 0.015625, 0.0, 0.125, 0.1484375, 0.125, 0.03125, 0.3125, 0.40625, 0.15625, 0.109375, 0.1015625]","[0.15625, 0.25, 0.203125, 0.15625, 0.046875, 0.125, 0.078125, 0.0625, 0.140625, 0.125, 0.015625, 0.0, 0.09375, 0.1484375, 0.09375, 0.015625, 0.1875, 0.4375, 0.078125, 0.0703125, 0.1328125]",[42],0.6890668078801624,0.753103033524947
212,3953.59375,"[0.3125, 0.4375, 0.21875, 0.125, 0.0625, 0.25, 0.078125, 0.125, 0.21875, 0.25, 0.015625, 0.0, 0.125, 0.1484375, 0.125, 0.03125, 0.3125, 0.40625, 0.15625, 0.109375, 0.1015625]","[0.15625, 0.25, 0.203125, 0.15625, 0.046875, 0.125, 0.078125, 0.0625, 0.140625, 0.125, 0.015625, 0.0, 0.09375, 0.1484375, 0.09375, 0.015625, 0.1875, 0.4375, 0.078125, 0.0703125, 0.1328125]",[42],0.6890668078801624,0.753103033524947
213,3992.65625,"[0.3125, 0.4375, 0.21875, 0.125, 0.0625, 0.25, 0.078125, 0.125, 0.21875, 0.25, 0.015625, 0.0, 0.125, 0.1484375, 0.125, 0.03125, 0.3125, 0.40625, 0.15625, 0.109375, 0.1015625]","[0.15625, 0.25, 0.203125, 0.15625, 0.046875, 0.125, 0.078125, 0.0625, 0.140625, 0.125, 0.015625, 0.0, 0.09375, 0.1484375, 0.09375, 0.015625, 0.1875, 0.4375, 0.078125, 0.0703125, 0.1328125]",[42],0.6890668078801624,0.753103033524947
214,4072.65625,"[0.3125, 0.4375, 0.21875, 0.125, 0.0625, 0.25, 0.078125, 0.125, 0.21875, 0.25, 0.015625, 0.0, 0.125, 0.1484375, 0.125, 0.03125, 0.1875, 0.40625, 0.15625, 0.109375, 0.1015625]","[0.15625, 0.25, 0.203125, 0.15625, 0.046875, 0.125, 0.078125, 0.0625, 0.140625, 0.125, 0.015625, 0.0, 0.09375, 0.1484375, 0.09375, 0.015625, 0.125, 0.4375, 0.078125, 0.0703125, 0.1328125]",[2],0.6887825228559094,0.7628483121463269
215,3874.53125,"[0.3125, 0.4375, 0.21875, 0.125, 0.0625, 0.25, 0.078125, 0.1875, 0.21875, 0.25, 0.015625, 0.0, 0.125, 0.1484375, 0.125, 0.03125, 0.1875, 0.40625, 0.15625, 0.109375, 0.1015625]","[0.15625, 0.25, 0.203125, 0.15625, 0.046875, 0.125, 0.078125, 0.125, 0.140625, 0.125, 0.015625, 0.0, 0.09375, 0.1484375, 0.09375, 0.015625, 0.125, 0.4375, 0.078125, 0.0703125, 0.1328125]",[42],0.6749223603592889,0.7370293730410806
216,3894.375,"[0.3125, 0.4375, 0.21875, 0.125, 0.0625, 0.25, 0.078125, 0.1875, 0.21875, 0.25, 0.015625, 0.0, 0.125, 0.1484375, 0.125, 0.03125, 0.1875, 0.40625, 0.15625, 0.109375, 0.1015625]","[0.15625, 0.25, 0.203125, 0.15625, 0.046875, 0.125, 0.078125, 0.125, 0.140625, 0.125, 0.015625, 0.0, 0.09375, 0.1484375, 0.09375, 0.015625, 0.125, 0.4375, 0.078125, 0.0703125, 0.1328125]",[42],0.6749223603592889,0.7370293730410806
217,3914.21875,"[0.3125, 0.4375, 0.21875, 0.125, 0.0625, 0.25, 0.078125, 0.1875, 0.21875, 0.25, 0.015625, 0.0, 0.125, 0.1484375, 0.125, 0.03125, 0.1875, 0.40625, 0.15625, 0.109375, 0.1015625]","[0.15625, 0.25, 0.203125, 0.15625, 0.046875, 0.125, 0.078125, 0.125, 0.140625, 0.125, 0.015625, 0.0, 0.09375, 0.1484375, 0.09375, 0.015625, 0.125, 0.4375, 0.078125, 0.0703125, 0.1328125]",[42],0.6749223603592889,0.7370293730410806
218,3953.90625,"[0.3125, 0.4375, 0.21875, 0.125, 0.125, 0.25, 0.078125, 0.1875, 0.21875, 0.25, 0.015625, 0.0, 0.125, 0.1484375, 0.125, 0.03125, 0.1875, 0.40625, 0.15625, 0.109375, 0.1015625]","[0.15625, 0.25, 0.203125, 0.15625, 0.078125, 0.125, 0.078125, 0.125, 0.140625, 0.125, 0.015625, 0.0, 0.09375, 0.1484375, 0.09375, 0.015625, 0.125, 0.4375, 0.078125, 0.0703125, 0.1328125]",[59],0.6514899823991692,0.7202111865889829
219,4111.40625,"[0.3125, 0.6875, 0.21875, 0.125, 0.125, 0.25, 0.078125, 0.1875, 0.21875, 0.25, 0.015625, 0.0, 0.125, 0.1484375, 0.125, 0.03125, 0.1875, 0.40625, 0.15625, 0.109375, 0.1015625]","[0.15625, 0.375, 0.203125, 0.15625, 0.078125, 0.125, 0.078125, 0.125, 0.140625, 0.125, 0.015625, 0.0, 0.09375, 0.1484375, 0.09375, 0.015625, 0.125, 0.4375, 0.078125, 0.0703125, 0.1328125]",[60],0.8015018520890199,0.7734228469719593
220,4151.09375,"[0.3125, 0.6875, 0.21875, 0.125, 0.125, 0.25, 0.078125, 0.1875, 0.15625, 0.25, 0.015625, 0.0, 0.125, 0.1484375, 0.125, 0.03125, 0.1875, 0.40625, 0.15625, 0.109375, 0.1015625]","[0.15625, 0.375, 0.203125, 0.15625, 0.078125, 0.125, 0.078125, 0.125, 0.078125, 0.125, 0.015625, 0.0, 0.09375, 0.1484375, 0.09375, 0.015625, 0.125, 0.4375, 0.078125, 0.0703125, 0.1328125]",[27],0.8141130535832427,0.79602572355005
221,4091.875,"[0.3125, 0.6875, 0.21875, 0.125, 0.125, 0.25, 0.078125, 0.1875, 0.15625, 0.25, 0.015625, 0.015625, 0.125, 0.1484375, 0.125, 0.03125, 0.1875, 0.40625, 0.15625, 0.109375, 0.1015625]","[0.15625, 0.375, 0.203125, 0.15625, 0.078125, 0.125, 0.078125, 0.125, 0.078125, 0.125, 0.015625, 0.0078125, 0.09375, 0.1484375, 0.09375, 0.015625, 0.125, 0.4375, 0.078125, 0.0703125, 0.1328125]",[60],0.805935094144808,0.7902246603798023
222,4131.25,"[0.3125, 0.6875, 0.21875, 0.125, 0.125, 0.25, 0.078125, 0.1875, 0.15625, 0.25, 0.015625, 0.015625, 0.125, 0.1484375, 0.125, 0.09375, 0.1875, 0.40625, 0.15625, 0.109375, 0.1015625]","[0.15625, 0.375, 0.203125, 0.15625, 0.078125, 0.125, 0.078125, 0.125, 0.078125, 0.125, 0.015625, 0.0078125, 0.09375, 0.1484375, 0.09375, 0.046875, 0.125, 0.4375, 0.078125, 0.0703125, 0.1328125]",[61],0.7795357102257532,0.7701745938153749
223,4210.9375,"[0.3125, 0.6875, 0.1875, 0.125, 0.125, 0.25, 0.078125, 0.1875, 0.15625, 0.25, 0.015625, 0.015625, 0.125, 0.1484375, 0.125, 0.09375, 0.1875, 0.40625, 0.15625, 0.109375, 0.1015625]","[0.15625, 0.375, 0.1875, 0.15625, 0.078125, 0.125, 0.078125, 0.125, 0.078125, 0.125, 0.015625, 0.0078125, 0.09375, 0.1484375, 0.09375, 0.046875, 0.125, 0.4375, 0.078125, 0.0703125, 0.1328125]",[34],0.7847792335235559,0.7708992893275453
224,4270.3125,"[0.3125, 0.6875, 0.1875, 0.25, 0.125, 0.25, 0.078125, 0.1875, 0.15625, 0.25, 0.015625, 0.015625, 0.109375, 0.1484375, 0.125, 0.09375, 0.1875, 0.40625, 0.15625, 0.109375, 0.1015625]","[0.15625, 0.375, 0.1875, 0.28125, 0.078125, 0.125, 0.078125, 0.125, 0.078125, 0.125, 0.015625, 0.0078125, 0.0859375, 0.1484375, 0.09375, 0.046875, 0.125, 0.4375, 0.078125, 0.0703125, 0.1328125]",[1],0.7653555962478082,0.776885052428967
225,4290.15625,"[0.3125, 0.6875, 0.1875, 0.25, 0.125, 0.25, 0.078125, 0.1875, 0.15625, 0.25, 0.015625, 0.015625, 0.109375, 0.1484375, 0.125, 0.09375, 0.1875, 0.40625, 0.15625, 0.109375, 0.1015625]","[0.15625, 0.375, 0.1875, 0.28125, 0.078125, 0.125, 0.078125, 0.125, 0.078125, 0.125, 0.015625, 0.0078125, 0.0859375, 0.1484375, 0.09375, 0.046875, 0.125, 0.4375, 0.078125, 0.0703125, 0.1328125]",[1],0.7653555962478082,0.776885052428967
226,4270.15625,"[0.3125, 0.6875, 0.1875, 0.25, 0.125, 0.25, 0.015625, 0.1875, 0.15625, 0.25, 0.015625, 0.015625, 0.109375, 0.1484375, 0.125, 0.09375, 0.1875, 0.40625, 0.15625, 0.109375, 0.1015625]","[0.15625, 0.375, 0.1875, 0.28125, 0.078125, 0.125, 0.015625, 0.125, 0.078125, 0.125, 0.015625, 0.0078125, 0.0859375, 0.1484375, 0.09375, 0.046875, 0.125, 0.4375, 0.078125, 0.0703125, 0.1328125]",[1],0.7930938906512878,0.8126532708394341
227,4130.78125,"[0.3125, 0.6875, 0.1875, 0.25, 0.125, 0.25, 0.015625, 0.1875, 0.15625, 0.25, 0.015625, 0.015625, 0.109375, 0.1484375, 0.125, 0.09375, 0.1875, 0.40625, 0.15625, 0.109375, 0.1015625]","[0.15625, 0.375, 0.1875, 0.28125, 0.078125, 0.125, 0.015625, 0.125, 0.078125, 0.125, 0.015625, 0.0078125, 0.0859375, 0.1484375, 0.09375, 0.046875, 0.125, 0.4375, 0.078125, 0.0703125, 0.1328125]",[1],0.7930938906512878,0.8126532708394341
228,4170.46875,"[0.3125, 0.6875, 0.1875, 0.25, 0.125, 0.25, 0.015625, 0.1875, 0.15625, 0.25, 0.015625, 0.015625, 0.109375, 0.1484375, 0.125, 0.09375, 0.1875, 0.40625, 0.15625, 0.109375, 0.1015625]","[0.15625, 0.375, 0.1875, 0.28125, 0.078125, 0.125, 0.015625, 0.125, 0.078125, 0.125, 0.015625, 0.0078125, 0.0859375, 0.1484375, 0.09375, 0.046875, 0.125, 0.4375, 0.078125, 0.0703125, 0.1328125]",[1],0.7930938906512878,0.8126532708394341
229,4249.84375,"[0.3125, 0.6875, 0.1875, 0.25, 0.125, 0.25, 0.015625, 0.1875, 0.15625, 0.25, 0.015625, 0.015625, 0.109375, 0.1484375, 0.125, 0.09375, 0.1875, 0.40625, 0.15625, 0.109375, 0.1015625]","[0.15625, 0.375, 0.1875, 0.28125, 0.078125, 0.125, 0.015625, 0.125, 0.078125, 0.125, 0.015625, 0.0078125, 0.0859375, 0.1484375, 0.09375, 0.046875, 0.125, 0.4375, 0.078125, 0.0703125, 0.1328125]",[1],0.7930938906512878,0.8126532708394341
230,4130.78125,"[0.3125, 0.6875, 0.1875, 0.25, 0.125, 0.25, 0.015625, 0.1875, 0.15625, 0.25, 0.015625, 0.015625, 0.109375, 0.1484375, 0.125, 0.09375, 0.1875, 0.40625, 0.1875, 0.109375, 0.1015625]","[0.15625, 0.375, 0.1875, 0.28125, 0.078125, 0.125, 0.015625, 0.125, 0.078125, 0.125, 0.015625, 0.0078125, 0.0859375, 0.1484375, 0.09375, 0.046875, 0.125, 0.4375, 0.109375, 0.0703125, 0.1328125]",[52],0.7860074133535664,0.7995517501730064
231,4150.625,"[0.3125, 0.6875, 0.1875, 0.265625, 0.125, 0.25, 0.015625, 0.1875, 0.15625, 0.25, 0.015625, 0.015625, 0.109375, 0.1484375, 0.125, 0.09375, 0.1875, 0.40625, 0.1875, 0.109375, 0.1015625]","[0.15625, 0.375, 0.1875, 0.296875, 0.078125, 0.125, 0.015625, 0.125, 0.078125, 0.125, 0.015625, 0.0078125, 0.0859375, 0.1484375, 0.09375, 0.046875, 0.125, 0.4375, 0.109375, 0.0703125, 0.1328125]",[61],0.78479684291929,0.8030291217168543
232,4190.46875,"[0.3125, 0.6875, 0.1875, 0.265625, 0.125, 0.25, 0.03125, 0.1875, 0.15625, 0.25, 0.015625, 0.015625, 0.109375, 0.1484375, 0.125, 0.09375, 0.1875, 0.40625, 0.1875, 0.109375, 0.1015625]","[0.15625, 0.375, 0.1875, 0.296875, 0.078125, 0.125, 0.03125, 0.125, 0.078125, 0.125, 0.015625, 0.0078125, 0.0859375, 0.1484375, 0.09375, 0.046875, 0.125, 0.4375, 0.109375, 0.0703125, 0.1328125]",[62],0.7772654662898544,0.7929507401705504
233,4269.84375,"[0.3125, 0.6875, 0.1875, 0.265625, 0.125, 0.25, 0.03125, 0.1875, 0.15625, 0.25, 0.015625, 0.015625, 0.109375, 0.1484375, 0.125, 0.09375, 0.1875, 0.40625, 0.1875, 0.171875, 0.1015625]","[0.15625, 0.375, 0.1875, 0.296875, 0.078125, 0.125, 0.03125, 0.125, 0.078125, 0.125, 0.015625, 0.0078125, 0.0859375, 0.1484375, 0.09375, 0.046875, 0.125, 0.4375, 0.109375, 0.1015625, 0.1328125]",[63],0.7599262632854394,0.7792447191902717
234,4428.59375,"[0.3125, 0.6875, 0.1875, 0.25, 0.125, 0.25, 0.03125, 0.1875, 0.15625, 0.25, 0.015625, 0.015625, 0.109375, 0.1484375, 0.125, 0.09375, 0.1875, 0.40625, 0.1875, 0.171875, 0.1015625]","[0.15625, 0.375, 0.1875, 0.28125, 0.078125, 0.125, 0.03125, 0.125, 0.078125, 0.125, 0.015625, 0.0078125, 0.0859375, 0.1484375, 0.09375, 0.046875, 0.125, 0.4375, 0.109375, 0.1015625, 0.1328125]",[6],0.7610924909530749,0.7757010328093706
235,4289.6875,"[0.3125, 0.6875, 0.1875, 0.25, 0.125, 0.25, 0.03125, 0.1875, 0.15625, 0.25, 0.015625, 0.015625, 0.140625, 0.1484375, 0.125, 0.09375, 0.1875, 0.40625, 0.1875, 0.171875, 0.1015625]","[0.15625, 0.375, 0.1875, 0.28125, 0.078125, 0.125, 0.03125, 0.125, 0.078125, 0.125, 0.015625, 0.0078125, 0.1171875, 0.1484375, 0.09375, 0.046875, 0.125, 0.4375, 0.109375, 0.1015625, 0.1328125]",[63],0.7516432332077776,0.7636932508384429
236,4309.53125,"[0.3125, 0.6875, 0.1875, 0.25, 0.125, 0.25, 0.03125, 0.1875, 0.15625, 0.25, 0.015625, 0.015625, 0.140625, 0.1484375, 0.125, 0.09375, 0.1875, 0.40625, 0.1875, 0.171875, 0.1015625]","[0.15625, 0.375, 0.1875, 0.28125, 0.078125, 0.125, 0.03125, 0.125, 0.078125, 0.125, 0.015625, 0.0078125, 0.1171875, 0.1484375, 0.09375, 0.046875, 0.125, 0.4375, 0.109375, 0.1015625, 0.1328125]",[24],0.7516432332077776,0.7636932508384429
237,4329.375,"[0.3125, 0.6875, 0.1875, 0.28125, 0.125, 0.25, 0.03125, 0.1875, 0.15625, 0.25, 0.015625, 0.015625, 0.140625, 0.1484375, 0.125, 0.09375, 0.1875, 0.40625, 0.1875, 0.171875, 0.1015625]","[0.15625, 0.375, 0.1875, 0.3125, 0.078125, 0.125, 0.03125, 0.125, 0.078125, 0.125, 0.015625, 0.0078125, 0.1171875, 0.1484375, 0.09375, 0.046875, 0.125, 0.4375, 0.109375, 0.1015625, 0.1328125]",[64],0.7497386132284242,0.7713814447686264
238,4408.75,"[0.3125, 0.6875, 0.1875, 0.28125, 0.125, 0.25, 0.03125, 0.1875, 0.15625, 0.25, 0.015625, 0.015625, 0.140625, 0.1484375, 0.125, 0.09375, 0.1875, 0.40625, 0.1875, 0.171875, 0.1015625]","[0.15625, 0.375, 0.1875, 0.3125, 0.078125, 0.125, 0.03125, 0.125, 0.078125, 0.125, 0.015625, 0.0078125, 0.1171875, 0.1484375, 0.09375, 0.046875, 0.125, 0.4375, 0.109375, 0.1015625, 0.1328125]",[64],0.7497386132284242,0.7713814447686264
239,4488.125,"[0.3125, 0.6875, 0.1875, 0.28125, 0.125, 0.25, 0.03125, 0.1875, 0.03125, 0.25, 0.015625, 0.015625, 0.140625, 0.1484375, 0.125, 0.09375, 0.1875, 0.40625, 0.1875, 0.171875, 0.1015625]","[0.15625, 0.375, 0.1875, 0.3125, 0.078125, 0.125, 0.03125, 0.125, 0.015625, 0.125, 0.015625, 0.0078125, 0.1171875, 0.1484375, 0.09375, 0.046875, 0.125, 0.4375, 0.109375, 0.1015625, 0.1328125]",[44],0.7944291817825708,0.8064474503761585
240,4290.3125,"[0.3125, 0.6875, 0.1875, 0.28125, 0.125, 0.25, 0.03125, 0.1875, 0.03125, 0.25, 0.015625, 0.015625, 0.140625, 0.1484375, 0.125, 0.09375, 0.1875, 0.40625, 0.1875, 0.171875, 0.1015625]","[0.15625, 0.375, 0.1875, 0.3125, 0.078125, 0.125, 0.03125, 0.125, 0.015625, 0.125, 0.015625, 0.0078125, 0.1171875, 0.1484375, 0.09375, 0.046875, 0.125, 0.4375, 0.109375, 0.1015625, 0.1328125]",[44],0.7944291817825708,0.8064474503761585
241,4270.546875,"[0.3125, 0.6875, 0.1875, 0.21875, 0.125, 0.25, 0.03125, 0.1875, 0.03125, 0.25, 0.015625, 0.015625, 0.140625, 0.1484375, 0.125, 0.09375, 0.1875, 0.40625, 0.1875, 0.171875, 0.1015625]","[0.15625, 0.375, 0.1875, 0.25, 0.078125, 0.125, 0.03125, 0.125, 0.015625, 0.125, 0.015625, 0.0078125, 0.1171875, 0.1484375, 0.09375, 0.046875, 0.125, 0.4375, 0.109375, 0.1015625, 0.1328125]",[29],0.8002838742574174,0.7942773728552963
242,4210.9375,"[0.3125, 0.6875, 0.1875, 0.21875, 0.125, 0.25, 0.03125, 0.1875, 0.03125, 0.25, 0.015625, 0.015625, 0.171875, 0.1484375, 0.125, 0.09375, 0.1875, 0.40625, 0.1875, 0.171875, 0.1015625]","[0.15625, 0.375, 0.1875, 0.25, 0.078125, 0.125, 0.03125, 0.125, 0.015625, 0.125, 0.015625, 0.0078125, 0.1328125, 0.1484375, 0.09375, 0.046875, 0.125, 0.4375, 0.109375, 0.1015625, 0.1328125]",[44],0.7923080209110595,0.7894105043485363
243,4289.6875,"[0.3125, 0.6875, 0.1875, 0.21875, 0.125, 0.25, 0.03125, 0.1875, 0.15625, 0.25, 0.015625, 0.015625, 0.171875, 0.1484375, 0.125, 0.09375, 0.1875, 0.40625, 0.1875, 0.171875, 0.1015625]","[0.15625, 0.375, 0.1875, 0.25, 0.078125, 0.125, 0.03125, 0.125, 0.078125, 0.125, 0.015625, 0.0078125, 0.1328125, 0.1484375, 0.09375, 0.046875, 0.125, 0.4375, 0.109375, 0.1015625, 0.1328125]",[64],0.747434166373813,0.7538942749979746
244,4448.4375,"[0.3125, 0.6875, 0.1875, 0.21875, 0.125, 0.25, 0.03125, 0.1875, 0.15625, 0.25, 0.015625, 0.015625, 0.15625, 0.1484375, 0.125, 0.09375, 0.1875, 0.40625, 0.1875, 0.171875, 0.1015625]","[0.15625, 0.375, 0.1875, 0.25, 0.078125, 0.125, 0.03125, 0.125, 0.078125, 0.125, 0.015625, 0.0078125, 0.125, 0.1484375, 0.09375, 0.046875, 0.125, 0.4375, 0.109375, 0.1015625, 0.1328125]",[50],0.7510886787819728,0.7561577710168607
245,4309.6875,"[0.3125, 0.6875, 0.1875, 0.21875, 0.125, 0.25, 0.03125, 0.1875, 0.15625, 0.25, 0.015625, 0.015625, 0.15625, 0.1484375, 0.125, 0.09375, 0.1875, 0.40625, 0.1875, 0.171875, 0.1015625]","[0.15625, 0.375, 0.1875, 0.25, 0.078125, 0.125, 0.03125, 0.125, 0.078125, 0.125, 0.015625, 0.0078125, 0.125, 0.1484375, 0.09375, 0.046875, 0.125, 0.4375, 0.109375, 0.1015625, 0.1328125]",[50],0.7510886787819728,0.7561577710168607
246,4289.6875,"[0.3125, 0.6875, 0.1875, 0.21875, 0.125, 0.25, 0.03125, 0.1875, 0.15625, 0.25, 0.015625, 0.015625, 0.15625, 0.1484375, 0.125, 0.09375, 0.1875, 0.40625, 0.1875, 0.171875, 0.1015625]","[0.15625, 0.375, 0.1875, 0.25, 0.078125, 0.125, 0.03125, 0.125, 0.078125, 0.125, 0.015625, 0.0078125, 0.125, 0.1484375, 0.09375, 0.046875, 0.125, 0.4375, 0.109375, 0.1015625, 0.1328125]",[50],0.7510886787819728,0.7561577710168607
247,4309.6875,"[0.3125, 0.6875, 0.1875, 0.21875, 0.125, 0.25, 0.03125, 0.125, 0.15625, 0.25, 0.015625, 0.015625, 0.15625, 0.1484375, 0.125, 0.09375, 0.1875, 0.40625, 0.1875, 0.140625, 0.1015625]","[0.15625, 0.375, 0.1875, 0.25, 0.078125, 0.125, 0.03125, 0.0625, 0.078125, 0.125, 0.015625, 0.0078125, 0.125, 0.1484375, 0.09375, 0.046875, 0.125, 0.4375, 0.109375, 0.0703125, 0.1328125]",[2],0.7744726848356338,0.7956928618586613
248,4270.15625,"[0.3125, 0.6875, 0.1875, 0.21875, 0.125, 0.25, 0.03125, 0.125, 0.15625, 0.25, 0.015625, 0.015625, 0.15625, 0.1484375, 0.125, 0.09375, 0.1875, 0.40625, 0.1875, 0.140625, 0.1015625]","[0.15625, 0.375, 0.1875, 0.25, 0.078125, 0.125, 0.03125, 0.0625, 0.078125, 0.125, 0.015625, 0.0078125, 0.125, 0.1484375, 0.09375, 0.046875, 0.125, 0.4375, 0.109375, 0.0703125, 0.1328125]",[2],0.7744726848356338,0.7956928618586613
249,4348.28125,"[0.3125, 0.6875, 0.1875, 0.21875, 0.125, 0.25, 0.03125, 0.125, 0.15625, 0.25, 0.015625, 0.015625, 0.15625, 0.1484375, 0.125, 0.09375, 0.1875, 0.40625, 0.1875, 0.140625, 0.1015625]","[0.15625, 0.375, 0.1875, 0.25, 0.078125, 0.125, 0.03125, 0.0625, 0.078125, 0.125, 0.015625, 0.0078125, 0.125, 0.1484375, 0.09375, 0.046875, 0.125, 0.4375, 0.109375, 0.0703125, 0.1328125]",[2],0.7744726848356338,0.7956928618586613
250,4230.15625,"[0.3125, 0.6875, 0.1875, 0.21875, 0.125, 0.25, 0.03125, 0.1875, 0.15625, 0.25, 0.015625, 0.015625, 0.15625, 0.1484375, 0.125, 0.09375, 0.1875, 0.40625, 0.1875, 0.140625, 0.1015625]","[0.15625, 0.375, 0.1875, 0.25, 0.078125, 0.125, 0.03125, 0.125, 0.078125, 0.125, 0.015625, 0.0078125, 0.125, 0.1484375, 0.09375, 0.046875, 0.125, 0.4375, 0.109375, 0.0703125, 0.1328125]",[33],0.7588463288868516,0.7697800236879216
251,4249.84375,"[0.25, 0.6875, 0.1875, 0.21875, 0.125, 0.25, 0.03125, 0.1875, 0.15625, 0.25, 0.015625, 0.015625, 0.15625, 0.1484375, 0.125, 0.09375, 0.1875, 0.40625, 0.1875, 0.140625, 0.1015625]","[0.125, 0.375, 0.1875, 0.25, 0.078125, 0.125, 0.03125, 0.125, 0.078125, 0.125, 0.015625, 0.0078125, 0.125, 0.1484375, 0.09375, 0.046875, 0.125, 0.4375, 0.109375, 0.0703125, 0.1328125]",[26],0.760575403784625,0.7776984086487608
252,4230.15625,"[0.25, 0.6875, 0.1875, 0.21875, 0.125, 0.25, 0.03125, 0.1875, 0.21875, 0.25, 0.015625, 0.015625, 0.15625, 0.1484375, 0.125, 0.09375, 0.0625, 0.40625, 0.1875, 0.140625, 0.1015625]","[0.125, 0.375, 0.1875, 0.25, 0.078125, 0.125, 0.03125, 0.125, 0.109375, 0.125, 0.015625, 0.0078125, 0.125, 0.1484375, 0.09375, 0.046875, 0.0625, 0.4375, 0.109375, 0.0703125, 0.1328125]",[33],0.7867647909237401,0.7906791948655811
253,4230.78125,"[0.25, 0.6875, 0.1875, 0.21875, 0.125, 0.25, 0.03125, 0.1875, 0.21875, 0.25, 0.078125, 0.015625, 0.15625, 0.1484375, 0.125, 0.09375, 0.0625, 0.40625, 0.1875, 0.140625, 0.1015625]","[0.125, 0.375, 0.1875, 0.25, 0.078125, 0.125, 0.03125, 0.125, 0.109375, 0.125, 0.078125, 0.0078125, 0.125, 0.1484375, 0.09375, 0.046875, 0.0625, 0.4375, 0.109375, 0.0703125, 0.1328125]",[40],0.7588203479762843,0.7548098796076658
254,4390.15625,"[0.25, 0.6875, 0.1875, 0.21875, 0.125, 0.25, 0.03125, 0.1875, 0.21875, 0.25, 0.078125, 0.015625, 0.15625, 0.1484375, 0.125, 0.09375, 0.0625, 0.40625, 0.1875, 0.140625, 0.1640625]","[0.125, 0.375, 0.1875, 0.25, 0.078125, 0.125, 0.03125, 0.125, 0.109375, 0.125, 0.078125, 0.0078125, 0.125, 0.1484375, 0.09375, 0.046875, 0.0625, 0.4375, 0.109375, 0.0703125, 0.1953125]",[50],0.7407561833581889,0.7442693540074068
255,4429.84375,"[0.25, 0.6875, 0.1875, 0.25, 0.125, 0.25, 0.03125, 0.1875, 0.21875, 0.25, 0.078125, 0.015625, 0.15625, 0.1484375, 0.125, 0.09375, 0.0625, 0.40625, 0.1875, 0.140625, 0.1640625]","[0.125, 0.375, 0.1875, 0.3125, 0.078125, 0.125, 0.03125, 0.125, 0.109375, 0.125, 0.078125, 0.0078125, 0.125, 0.1484375, 0.09375, 0.046875, 0.0625, 0.4375, 0.109375, 0.0703125, 0.1953125]",[64],0.7374182492128407,0.7569438479303914
256,4449.6875,"[0.25, 0.6875, 0.1875, 0.25, 0.125, 0.25, 0.03125, 0.1875, 0.21875, 0.25, 0.078125, 0.015625, 0.171875, 0.1484375, 0.125, 0.09375, 0.0625, 0.40625, 0.1875, 0.140625, 0.1640625]","[0.125, 0.375, 0.1875, 0.3125, 0.078125, 0.125, 0.03125, 0.125, 0.109375, 0.125, 0.078125, 0.0078125, 0.1328125, 0.1484375, 0.09375, 0.046875, 0.0625, 0.4375, 0.109375, 0.0703125, 0.1953125]",[65],0.7338029291149754,0.7546468085470699
257,4489.375,"[0.25, 0.6875, 0.1875, 0.25, 0.125, 0.25, 0.03125, 0.1875, 0.21875, 0.25, 0.078125, 0.015625, 0.171875, 0.1484375, 0.125, 0.09375, 0.0625, 0.40625, 0.1875, 0.140625, 0.1640625]","[0.125, 0.375, 0.1875, 0.3125, 0.078125, 0.125, 0.03125, 0.125, 0.109375, 0.125, 0.078125, 0.0078125, 0.1328125, 0.1484375, 0.09375, 0.046875, 0.0625, 0.4375, 0.109375, 0.0703125, 0.1953125]",[65],0.7338029291149754,0.7546468085470699
258,4529.0625,"[0.25, 0.6875, 0.1875, 0.25, 0.125, 0.25, 0.03125, 0.1875, 0.21875, 0.25, 0.078125, 0.015625, 0.171875, 0.1484375, 0.125, 0.09375, 0.0625, 0.40625, 0.1875, 0.203125, 0.1640625]","[0.125, 0.375, 0.1875, 0.3125, 0.078125, 0.125, 0.03125, 0.125, 0.109375, 0.125, 0.078125, 0.0078125, 0.1328125, 0.1484375, 0.09375, 0.046875, 0.0625, 0.4375, 0.109375, 0.1015625, 0.1953125]",[66],0.7202574257026181,0.7412934227462481
259,4688.4375,"[0.25, 0.6875, 0.1875, 0.25, 0.125, 0.25, 0.03125, 0.1875, 0.21875, 0.25, 0.078125, 0.015625, 0.171875, 0.1484375, 0.125, 0.09375, 0.0625, 0.40625, 0.1875, 0.203125, 0.2265625]","[0.125, 0.375, 0.1875, 0.3125, 0.078125, 0.125, 0.03125, 0.125, 0.109375, 0.125, 0.078125, 0.0078125, 0.1328125, 0.1484375, 0.09375, 0.046875, 0.0625, 0.4375, 0.109375, 0.1015625, 0.2578125]",[67],0.709306945891766,0.7417291887613691
260,4728.28125,"[0.25, 0.6875, 0.1875, 0.25, 0.125, 0.25, 0.03125, 0.1875, 0.21875, 0.25, 0.078125, 0.015625, 0.171875, 0.1484375, 0.125, 0.09375, 0.0625, 0.40625, 0.1875, 0.1875, 0.2421875]","[0.125, 0.375, 0.1875, 0.3125, 0.078125, 0.125, 0.03125, 0.125, 0.109375, 0.125, 0.078125, 0.0078125, 0.1328125, 0.1484375, 0.09375, 0.046875, 0.0625, 0.4375, 0.109375, 0.09375, 0.2890625]",[48],0.7103522482409175,0.748940686450698
261,4728.359375,"[0.25, 0.6875, 0.1875, 0.25, 0.125, 0.25, 0.03125, 0.1875, 0.21875, 0.25, 0.078125, 0.015625, 0.171875, 0.1484375, 0.125, 0.09375, 0.0625, 0.40625, 0.1875, 0.1875, 0.2421875]","[0.125, 0.375, 0.1875, 0.3125, 0.078125, 0.125, 0.03125, 0.125, 0.109375, 0.125, 0.078125, 0.0078125, 0.1328125, 0.1484375, 0.09375, 0.046875, 0.0625, 0.4375, 0.109375, 0.09375, 0.2890625]",[48],0.7103522482409175,0.748940686450698
262,4747.8125,"[0.25, 0.6875, 0.1875, 0.234375, 0.125, 0.25, 0.03125, 0.1875, 0.21875, 0.3125, 0.078125, 0.015625, 0.171875, 0.1484375, 0.125, 0.09375, 0.0625, 0.40625, 0.1875, 0.1875, 0.2421875]","[0.125, 0.375, 0.1875, 0.296875, 0.078125, 0.125, 0.03125, 0.125, 0.109375, 0.15625, 0.078125, 0.0078125, 0.1328125, 0.1484375, 0.09375, 0.046875, 0.0625, 0.4375, 0.109375, 0.09375, 0.2890625]",[52],0.7099447184788223,0.7373419420914441
263,4807.34375,"[0.25, 0.6875, 0.1875, 0.234375, 0.125, 0.25, 0.03125, 0.1875, 0.21875, 0.3125, 0.078125, 0.015625, 0.171875, 0.1484375, 0.125, 0.09375, 0.0625, 0.40625, 0.1875, 0.1875, 0.2421875]","[0.125, 0.375, 0.1875, 0.296875, 0.078125, 0.125, 0.03125, 0.125, 0.109375, 0.15625, 0.078125, 0.0078125, 0.1328125, 0.1484375, 0.09375, 0.046875, 0.0625, 0.4375, 0.109375, 0.09375, 0.2890625]",[52],0.7099447184788223,0.7373419420914441
264,4886.71875,"[0.25, 0.6875, 0.1875, 0.234375, 0.125, 0.25, 0.03125, 0.1875, 0.21875, 0.3125, 0.078125, 0.015625, 0.171875, 0.1484375, 0.125, 0.09375, 0.0625, 0.40625, 0.1875, 0.1875, 0.2421875]","[0.125, 0.375, 0.1875, 0.296875, 0.078125, 0.125, 0.03125, 0.125, 0.109375, 0.15625, 0.078125, 0.0078125, 0.1328125, 0.1484375, 0.09375, 0.046875, 0.0625, 0.4375, 0.109375, 0.09375, 0.2890625]",[52],0.7099447184788223,0.7373419420914441
265,4767.65625,"[0.25, 0.6875, 0.1875, 0.234375, 0.125, 0.25, 0.03125, 0.1875, 0.21875, 0.3125, 0.078125, 0.015625, 0.203125, 0.1484375, 0.125, 0.09375, 0.0625, 0.40625, 0.1875, 0.1875, 0.2421875]","[0.125, 0.375, 0.1875, 0.296875, 0.078125, 0.125, 0.03125, 0.125, 0.109375, 0.15625, 0.078125, 0.0078125, 0.1640625, 0.1484375, 0.09375, 0.046875, 0.0625, 0.4375, 0.109375, 0.09375, 0.2890625]",[68],0.7040093355086471,0.7299712991425363
266,4787.5,"[0.25, 0.6875, 0.1875, 0.234375, 0.125, 0.25, 0.03125, 0.1875, 0.21875, 0.3125, 0.078125, 0.015625, 0.203125, 0.1484375, 0.125, 0.09375, 0.0625, 0.40625, 0.203125, 0.1875, 0.2265625]","[0.125, 0.375, 0.1875, 0.296875, 0.078125, 0.125, 0.03125, 0.125, 0.109375, 0.15625, 0.078125, 0.0078125, 0.1640625, 0.1484375, 0.09375, 0.046875, 0.0625, 0.4375, 0.1171875, 0.09375, 0.2578125]",[47],0.7029931901441776,0.7231086797815107
267,4787.34375,"[0.25, 0.6875, 0.1875, 0.234375, 0.125, 0.25, 0.03125, 0.1875, 0.21875, 0.3125, 0.078125, 0.03125, 0.203125, 0.1484375, 0.125, 0.09375, 0.0625, 0.40625, 0.203125, 0.1875, 0.2265625]","[0.125, 0.375, 0.1875, 0.296875, 0.078125, 0.125, 0.03125, 0.125, 0.109375, 0.15625, 0.078125, 0.015625, 0.1640625, 0.1484375, 0.09375, 0.046875, 0.0625, 0.4375, 0.1171875, 0.09375, 0.2578125]",[27],0.6957617384035267,0.7181051455044728
268,4846.875,"[0.25, 0.6875, 0.1875, 0.234375, 0.125, 0.3125, 0.03125, 0.1875, 0.21875, 0.3125, 0.078125, 0.03125, 0.203125, 0.1484375, 0.125, 0.09375, 0.0625, 0.40625, 0.203125, 0.1875, 0.2265625]","[0.125, 0.375, 0.1875, 0.296875, 0.078125, 0.15625, 0.03125, 0.125, 0.109375, 0.15625, 0.078125, 0.015625, 0.1640625, 0.1484375, 0.09375, 0.046875, 0.0625, 0.4375, 0.1171875, 0.09375, 0.2578125]",[69],0.6935969413688648,0.7101674520974793
269,5006.25,"[0.25, 0.6875, 0.1875, 0.234375, 0.125, 0.3125, 0.03125, 0.125, 0.21875, 0.3125, 0.078125, 0.03125, 0.203125, 0.1484375, 0.125, 0.09375, 0.0625, 0.40625, 0.203125, 0.1875, 0.2265625]","[0.125, 0.375, 0.1875, 0.296875, 0.078125, 0.15625, 0.03125, 0.0625, 0.109375, 0.15625, 0.078125, 0.015625, 0.1640625, 0.1484375, 0.09375, 0.046875, 0.0625, 0.4375, 0.1171875, 0.09375, 0.2578125]",[2],0.7086963288967253,0.7348615014987945
270,4846.875,"[0.25, 0.6875, 0.25, 0.234375, 0.125, 0.3125, 0.03125, 0.125, 0.21875, 0.3125, 0.078125, 0.03125, 0.203125, 0.1484375, 0.125, 0.09375, 0.0625, 0.40625, 0.203125, 0.1875, 0.2265625]","[0.125, 0.375, 0.25, 0.296875, 0.078125, 0.15625, 0.03125, 0.0625, 0.109375, 0.15625, 0.078125, 0.015625, 0.1640625, 0.1484375, 0.09375, 0.046875, 0.0625, 0.4375, 0.1171875, 0.09375, 0.2578125]",[69],0.699927419947745,0.7329909667101622
271,4866.5625,"[0.25, 0.6875, 0.25, 0.234375, 0.125, 0.3125, 0.03125, 0.125, 0.21875, 0.3125, 0.078125, 0.03125, 0.203125, 0.1484375, 0.125, 0.09375, 0.0625, 0.28125, 0.203125, 0.1875, 0.2265625]","[0.125, 0.375, 0.25, 0.296875, 0.078125, 0.15625, 0.03125, 0.0625, 0.109375, 0.15625, 0.078125, 0.015625, 0.1640625, 0.1484375, 0.09375, 0.046875, 0.0625, 0.3125, 0.1171875, 0.09375, 0.2578125]",[4],0.6908378288496215,0.6726162231885735
272,4727.5,"[0.25, 0.6875, 0.25, 0.234375, 0.125, 0.3125, 0.03125, 0.125, 0.21875, 0.3125, 0.078125, 0.03125, 0.203125, 0.1484375, 0.125, 0.09375, 0.125, 0.28125, 0.203125, 0.1875, 0.2265625]","[0.125, 0.375, 0.25, 0.296875, 0.078125, 0.15625, 0.03125, 0.0625, 0.109375, 0.15625, 0.078125, 0.015625, 0.1640625, 0.1484375, 0.09375, 0.046875, 0.09375, 0.3125, 0.1171875, 0.09375, 0.2578125]",[69],0.6691428970672121,0.6586772237835428
273,4806.25,"[0.25, 0.6875, 0.25, 0.234375, 0.125, 0.3125, 0.03125, 0.125, 0.21875, 0.3125, 0.078125, 0.03125, 0.203125, 0.1484375, 0.125, 0.09375, 0.125, 0.28125, 0.203125, 0.1875, 0.2265625]","[0.125, 0.375, 0.25, 0.296875, 0.078125, 0.15625, 0.03125, 0.0625, 0.109375, 0.15625, 0.078125, 0.015625, 0.1640625, 0.1484375, 0.09375, 0.046875, 0.09375, 0.3125, 0.1171875, 0.09375, 0.2578125]",[69],0.6691428970672121,0.6586772237835428
274,4886.875,"[0.25, 0.6875, 0.25, 0.234375, 0.125, 0.25, 0.03125, 0.125, 0.21875, 0.3125, 0.078125, 0.03125, 0.203125, 0.1484375, 0.125, 0.09375, 0.125, 0.28125, 0.203125, 0.1875, 0.2265625]","[0.125, 0.375, 0.25, 0.296875, 0.078125, 0.125, 0.03125, 0.0625, 0.109375, 0.15625, 0.078125, 0.015625, 0.1640625, 0.1484375, 0.09375, 0.046875, 0.09375, 0.3125, 0.1171875, 0.09375, 0.2578125]",[27],0.6702151099509721,0.6659466654375219
275,4687.8125,"[0.25, 0.6875, 0.25, 0.234375, 0.125, 0.25, 0.03125, 0.125, 0.21875, 0.3125, 0.078125, 0.03125, 0.234375, 0.1484375, 0.125, 0.09375, 0.125, 0.28125, 0.203125, 0.1875, 0.2265625]","[0.125, 0.375, 0.25, 0.296875, 0.078125, 0.125, 0.03125, 0.0625, 0.109375, 0.15625, 0.078125, 0.015625, 0.1953125, 0.1484375, 0.09375, 0.046875, 0.09375, 0.3125, 0.1171875, 0.09375, 0.2578125]",[69],0.666280752500223,0.6628138180774463
276,4707.65625,"[0.25, 0.4375, 0.25, 0.234375, 0.125, 0.25, 0.03125, 0.125, 0.21875, 0.3125, 0.078125, 0.03125, 0.234375, 0.1484375, 0.125, 0.09375, 0.125, 0.28125, 0.203125, 0.1875, 0.2265625]","[0.125, 0.25, 0.25, 0.296875, 0.078125, 0.125, 0.03125, 0.0625, 0.109375, 0.15625, 0.078125, 0.015625, 0.1953125, 0.1484375, 0.09375, 0.046875, 0.09375, 0.3125, 0.1171875, 0.09375, 0.2578125]",[59],0.5065523301600007,0.6117946276037989
277,4570.0,"[0.25, 0.4375, 0.25, 0.234375, 0.125, 0.25, 0.03125, 0.125, 0.21875, 0.3125, 0.078125, 0.0625, 0.234375, 0.1484375, 0.125, 0.09375, 0.125, 0.28125, 0.203125, 0.1875, 0.2265625]","[0.125, 0.25, 0.25, 0.296875, 0.078125, 0.125, 0.03125, 0.0625, 0.109375, 0.15625, 0.078125, 0.03125, 0.1953125, 0.1484375, 0.09375, 0.046875, 0.09375, 0.3125, 0.1171875, 0.09375, 0.2578125]",[69],0.4907982004196391,0.6012919658690733
278,4648.75,"[0.25, 0.4375, 0.25, 0.234375, 0.125, 0.25, 0.03125, 0.25, 0.21875, 0.3125, 0.078125, 0.0625, 0.234375, 0.1484375, 0.125, 0.09375, 0.125, 0.28125, 0.203125, 0.1875, 0.2265625]","[0.125, 0.25, 0.25, 0.296875, 0.078125, 0.125, 0.03125, 0.125, 0.109375, 0.15625, 0.078125, 0.03125, 0.1953125, 0.1484375, 0.09375, 0.046875, 0.09375, 0.3125, 0.1171875, 0.09375, 0.2578125]",[70],0.473992152473077,0.5768540638871453
279,4808.125,"[0.25, 0.4375, 0.25, 0.234375, 0.125, 0.25, 0.03125, 0.25, 0.21875, 0.3125, 0.078125, 0.0625, 0.234375, 0.2109375, 0.125, 0.09375, 0.125, 0.28125, 0.203125, 0.1875, 0.2265625]","[0.125, 0.25, 0.25, 0.296875, 0.078125, 0.125, 0.03125, 0.125, 0.109375, 0.15625, 0.078125, 0.03125, 0.1953125, 0.2109375, 0.09375, 0.046875, 0.09375, 0.3125, 0.1171875, 0.09375, 0.2578125]",[71],0.4639861983375332,0.5735591375427698
280,4847.8125,"[0.25, 0.4375, 0.25, 0.234375, 0.125, 0.25, 0.03125, 0.25, 0.21875, 0.3125, 0.078125, 0.09375, 0.234375, 0.2109375, 0.125, 0.09375, 0.125, 0.28125, 0.203125, 0.1875, 0.2265625]","[0.125, 0.25, 0.25, 0.296875, 0.078125, 0.125, 0.03125, 0.125, 0.109375, 0.15625, 0.078125, 0.0625, 0.1953125, 0.2109375, 0.09375, 0.046875, 0.09375, 0.3125, 0.1171875, 0.09375, 0.2578125]",[72],0.4506739352178841,0.5556571149760429
281,4867.734375,"[0.25, 0.4375, 0.25, 0.234375, 0.125, 0.25, 0.03125, 0.25, 0.21875, 0.3125, 0.078125, 0.09375, 0.234375, 0.2109375, 0.125, 0.09375, 0.125, 0.28125, 0.203125, 0.1875, 0.2265625]","[0.125, 0.25, 0.25, 0.296875, 0.078125, 0.125, 0.03125, 0.125, 0.109375, 0.15625, 0.078125, 0.0625, 0.1953125, 0.2109375, 0.09375, 0.046875, 0.09375, 0.3125, 0.1171875, 0.09375, 0.2578125]",[72],0.4506739352178841,0.5556571149760429
282,4887.5,"[0.25, 0.4375, 0.25, 0.234375, 0.125, 0.25, 0.03125, 0.25, 0.21875, 0.0625, 0.078125, 0.09375, 0.234375, 0.2109375, 0.125, 0.09375, 0.125, 0.28125, 0.203125, 0.1875, 0.2265625]","[0.125, 0.25, 0.25, 0.296875, 0.078125, 0.125, 0.03125, 0.125, 0.109375, 0.03125, 0.078125, 0.0625, 0.1953125, 0.2109375, 0.09375, 0.046875, 0.09375, 0.3125, 0.1171875, 0.09375, 0.2578125]",[49],0.48421195660829963,0.6045023547965542
283,4769.0625,"[0.25, 0.4375, 0.25, 0.234375, 0.125, 0.25, 0.03125, 0.25, 0.21875, 0.0625, 0.078125, 0.09375, 0.234375, 0.203125, 0.125, 0.09375, 0.125, 0.28125, 0.203125, 0.1875, 0.2265625]","[0.125, 0.25, 0.25, 0.296875, 0.078125, 0.125, 0.03125, 0.125, 0.109375, 0.03125, 0.078125, 0.0625, 0.1953125, 0.203125, 0.09375, 0.046875, 0.09375, 0.3125, 0.1171875, 0.09375, 0.2578125]",[21],0.48477394433761045,0.6040966229548546
284,4827.890625,"[0.25, 0.4375, 0.25, 0.234375, 0.125, 0.25, 0.03125, 0.25, 0.21875, 0.0625, 0.078125, 0.09375, 0.234375, 0.203125, 0.125, 0.09375, 0.125, 0.28125, 0.203125, 0.1875, 0.2265625]","[0.125, 0.25, 0.25, 0.296875, 0.078125, 0.125, 0.03125, 0.125, 0.109375, 0.03125, 0.078125, 0.0625, 0.1953125, 0.203125, 0.09375, 0.046875, 0.09375, 0.3125, 0.1171875, 0.09375, 0.2578125]",[21],0.48477394433761045,0.6040966229548546
285,4709.765625,"[0.25, 0.4375, 0.25, 0.234375, 0.125, 0.25, 0.03125, 0.25, 0.21875, 0.0625, 0.078125, 0.09375, 0.234375, 0.203125, 0.125, 0.09375, 0.125, 0.28125, 0.203125, 0.1875, 0.2265625]","[0.125, 0.25, 0.25, 0.296875, 0.078125, 0.125, 0.03125, 0.125, 0.109375, 0.03125, 0.078125, 0.0625, 0.1953125, 0.203125, 0.09375, 0.046875, 0.09375, 0.3125, 0.1171875, 0.09375, 0.2578125]",[21],0.48477394433761045,0.6040966229548546
286,4690.234375,"[0.25, 0.4375, 0.25, 0.234375, 0.125, 0.25, 0.03125, 0.25, 0.21875, 0.0625, 0.09375, 0.09375, 0.234375, 0.203125, 0.125, 0.09375, 0.125, 0.28125, 0.203125, 0.1875, 0.2265625]","[0.125, 0.25, 0.25, 0.296875, 0.078125, 0.125, 0.03125, 0.125, 0.109375, 0.03125, 0.09375, 0.0625, 0.1953125, 0.203125, 0.09375, 0.046875, 0.09375, 0.3125, 0.1171875, 0.09375, 0.2578125]",[49],0.4784202617636904,0.5975063333140391
287,4729.921875,"[0.25, 0.4375, 0.25, 0.234375, 0.125, 0.25, 0.03125, 0.25, 0.21875, 0.0625, 0.09375, 0.09375, 0.234375, 0.203125, 0.125, 0.09375, 0.125, 0.28125, 0.203125, 0.1875, 0.2265625]","[0.125, 0.25, 0.25, 0.296875, 0.078125, 0.125, 0.03125, 0.125, 0.109375, 0.03125, 0.09375, 0.0625, 0.1953125, 0.203125, 0.09375, 0.046875, 0.09375, 0.3125, 0.1171875, 0.09375, 0.2578125]",[49],0.4784202617636904,0.5975063333140391
288,4769.609375,"[0.25, 0.4375, 0.25, 0.203125, 0.125, 0.25, 0.03125, 0.25, 0.21875, 0.0625, 0.09375, 0.09375, 0.234375, 0.203125, 0.125, 0.09375, 0.125, 0.28125, 0.203125, 0.1875, 0.2265625]","[0.125, 0.25, 0.25, 0.234375, 0.078125, 0.125, 0.03125, 0.125, 0.109375, 0.03125, 0.09375, 0.0625, 0.1953125, 0.203125, 0.09375, 0.046875, 0.09375, 0.3125, 0.1171875, 0.09375, 0.2578125]",[49],0.47956782164701045,0.5781810558409307
289,4809.296875,"[0.25, 0.4375, 0.25, 0.203125, 0.125, 0.25, 0.03125, 0.25, 0.21875, 0.0625, 0.09375, 0.09375, 0.234375, 0.203125, 0.125, 0.09375, 0.125, 0.40625, 0.203125, 0.1875, 0.2265625]","[0.125, 0.25, 0.25, 0.234375, 0.078125, 0.125, 0.03125, 0.125, 0.109375, 0.03125, 0.09375, 0.0625, 0.1953125, 0.203125, 0.09375, 0.046875, 0.09375, 0.4375, 0.1171875, 0.09375, 0.2578125]",[50],0.5143237696146684,0.6620534477631963
290,4848.671875,"[0.25, 0.4375, 0.25, 0.1875, 0.125, 0.25, 0.03125, 0.25, 0.21875, 0.0625, 0.09375, 0.09375, 0.234375, 0.203125, 0.125, 0.15625, 0.125, 0.40625, 0.203125, 0.1875, 0.2265625]","[0.125, 0.25, 0.25, 0.21875, 0.078125, 0.125, 0.03125, 0.125, 0.109375, 0.03125, 0.09375, 0.0625, 0.1953125, 0.203125, 0.09375, 0.109375, 0.09375, 0.4375, 0.1171875, 0.09375, 0.2578125]",[63],0.497689356113304,0.6332696092583836
291,4848.671875,"[0.25, 0.4375, 0.25, 0.1875, 0.125, 0.25, 0.03125, 0.25, 0.21875, 0.0625, 0.09375, 0.09375, 0.234375, 0.203125, 0.125, 0.15625, 0.125, 0.40625, 0.203125, 0.1875, 0.2265625]","[0.125, 0.25, 0.25, 0.21875, 0.078125, 0.125, 0.03125, 0.125, 0.109375, 0.03125, 0.09375, 0.0625, 0.1953125, 0.203125, 0.09375, 0.109375, 0.09375, 0.4375, 0.1171875, 0.09375, 0.2578125]",[63],0.497689356113304,0.6332696092583836
292,4868.203125,"[0.25, 0.4375, 0.25, 0.1875, 0.125, 0.25, 0.03125, 0.25, 0.21875, 0.0625, 0.09375, 0.09375, 0.234375, 0.203125, 0.125, 0.15625, 0.1875, 0.40625, 0.203125, 0.1875, 0.2265625]","[0.125, 0.25, 0.25, 0.21875, 0.078125, 0.125, 0.03125, 0.125, 0.109375, 0.03125, 0.09375, 0.0625, 0.1953125, 0.203125, 0.09375, 0.109375, 0.125, 0.4375, 0.1171875, 0.09375, 0.2578125]",[72],0.4838775457239468,0.6227727087226999
293,4947.890625,"[0.25, 0.4375, 0.25, 0.1875, 0.125, 0.25, 0.03125, 0.25, 0.21875, 0.0625, 0.09375, 0.09375, 0.234375, 0.140625, 0.125, 0.15625, 0.1875, 0.40625, 0.203125, 0.1875, 0.2265625]","[0.125, 0.25, 0.25, 0.21875, 0.078125, 0.125, 0.03125, 0.125, 0.109375, 0.03125, 0.09375, 0.0625, 0.1953125, 0.140625, 0.09375, 0.109375, 0.125, 0.4375, 0.1171875, 0.09375, 0.2578125]",[70],0.4952525318484956,0.6301294376637844
294,4868.203125,"[0.25, 0.4375, 0.25, 0.1875, 0.125, 0.25, 0.03125, 0.25, 0.21875, 0.0625, 0.09375, 0.09375, 0.234375, 0.140625, 0.125, 0.15625, 0.1875, 0.40625, 0.203125, 0.1875, 0.2265625]","[0.125, 0.25, 0.25, 0.21875, 0.078125, 0.125, 0.03125, 0.125, 0.109375, 0.03125, 0.09375, 0.0625, 0.1953125, 0.140625, 0.09375, 0.109375, 0.125, 0.4375, 0.1171875, 0.09375, 0.2578125]",[70],0.4952525318484956,0.6301294376637844
295,4748.203125,"[0.25, 0.4375, 0.25, 0.1875, 0.125, 0.25, 0.03125, 0.25, 0.21875, 0.0625, 0.09375, 0.09375, 0.234375, 0.140625, 0.125, 0.15625, 0.25, 0.40625, 0.203125, 0.1875, 0.2265625]","[0.125, 0.25, 0.25, 0.21875, 0.078125, 0.125, 0.03125, 0.125, 0.109375, 0.03125, 0.09375, 0.0625, 0.1953125, 0.140625, 0.09375, 0.109375, 0.1875, 0.4375, 0.1171875, 0.09375, 0.2578125]",[72],0.49110170958837585,0.6194084018170007
296,4767.890625,"[0.25, 0.4375, 0.25, 0.1875, 0.125, 0.25, 0.03125, 0.25, 0.21875, 0.0625, 0.09375, 0.09375, 0.234375, 0.140625, 0.125, 0.1875, 0.25, 0.40625, 0.203125, 0.1875, 0.2265625]","[0.125, 0.25, 0.25, 0.21875, 0.078125, 0.125, 0.03125, 0.125, 0.109375, 0.03125, 0.09375, 0.0625, 0.1953125, 0.140625, 0.09375, 0.125, 0.1875, 0.4375, 0.1171875, 0.09375, 0.2578125]",[73],0.4853341502558057,0.6145936644339649
297,4807.265625,"[0.25, 0.4375, 0.25, 0.1875, 0.125, 0.25, 0.03125, 0.25, 0.21875, 0.0625, 0.09375, 0.09375, 0.234375, 0.140625, 0.125, 0.1875, 0.3125, 0.40625, 0.203125, 0.1875, 0.2265625]","[0.125, 0.25, 0.25, 0.21875, 0.078125, 0.125, 0.03125, 0.125, 0.109375, 0.03125, 0.09375, 0.0625, 0.1953125, 0.140625, 0.09375, 0.125, 0.21875, 0.4375, 0.1171875, 0.09375, 0.2578125]",[74],0.48999972410240455,0.6141228368326165
298,4886.640625,"[0.25, 0.4375, 0.25, 0.15625, 0.125, 0.25, 0.03125, 0.25, 0.21875, 0.0625, 0.09375, 0.09375, 0.234375, 0.140625, 0.125, 0.1875, 0.3125, 0.40625, 0.203125, 0.1875, 0.2265625]","[0.125, 0.25, 0.25, 0.15625, 0.078125, 0.125, 0.03125, 0.125, 0.109375, 0.03125, 0.09375, 0.0625, 0.1953125, 0.140625, 0.09375, 0.125, 0.21875, 0.4375, 0.1171875, 0.09375, 0.2578125]",[56],0.4958852082279972,0.61828105918267
299,4926.328125,"[0.25, 0.4375, 0.25, 0.15625, 0.125, 0.25, 0.03125, 0.25, 0.21875, 0.0625, 0.09375, 0.09375, 0.234375, 0.140625, 0.125, 0.1875, 0.3125, 0.40625, 0.203125, 0.3125, 0.2265625]","[0.125, 0.25, 0.25, 0.15625, 0.078125, 0.125, 0.03125, 0.125, 0.109375, 0.03125, 0.09375, 0.0625, 0.1953125, 0.140625, 0.09375, 0.125, 0.21875, 0.4375, 0.1171875, 0.15625, 0.2578125]",[74],0.49438654979488017,0.600765991175592
300,4966.015625,"[0.25, 0.4375, 0.25, 0.15625, 0.125, 0.25, 0.03125, 0.25, 0.21875, 0.0625, 0.09375, 0.09375, 0.234375, 0.1328125, 0.125, 0.1875, 0.3125, 0.40625, 0.203125, 0.3125, 0.2265625]","[0.125, 0.25, 0.25, 0.15625, 0.078125, 0.125, 0.03125, 0.125, 0.109375, 0.03125, 0.09375, 0.0625, 0.1953125, 0.1328125, 0.09375, 0.125, 0.21875, 0.4375, 0.1171875, 0.15625, 0.2578125]",[54],0.4965095728049968,0.6026384432280499
301,4926.328125,"[0.25, 0.4375, 0.25, 0.15625, 0.125, 0.25, 0.03125, 0.25, 0.21875, 0.0625, 0.09375, 0.09375, 0.234375, 0.1328125, 0.125, 0.1875, 0.3125, 0.40625, 0.203125, 0.3125, 0.1640625]","[0.125, 0.25, 0.25, 0.15625, 0.078125, 0.125, 0.03125, 0.125, 0.109375, 0.03125, 0.09375, 0.0625, 0.1953125, 0.1328125, 0.09375, 0.125, 0.21875, 0.4375, 0.1171875, 0.15625, 0.1953125]",[46],0.5052517578821228,0.5975041310201941
302,4786.875,"[0.25, 0.4375, 0.25, 0.15625, 0.125, 0.25, 0.03125, 0.25, 0.21875, 0.0625, 0.09375, 0.09375, 0.234375, 0.1328125, 0.125, 0.1875, 0.3125, 0.40625, 0.203125, 0.3125, 0.1640625]","[0.125, 0.25, 0.25, 0.15625, 0.078125, 0.125, 0.03125, 0.125, 0.109375, 0.03125, 0.09375, 0.0625, 0.1953125, 0.1328125, 0.09375, 0.125, 0.21875, 0.4375, 0.1171875, 0.15625, 0.1953125]",[46],0.5052517578821228,0.5975041310201941
303,4826.40625,"[0.25, 0.4375, 0.25, 0.15625, 0.1875, 0.25, 0.03125, 0.25, 0.21875, 0.0625, 0.09375, 0.09375, 0.234375, 0.1328125, 0.125, 0.1875, 0.3125, 0.40625, 0.203125, 0.3125, 0.1640625]","[0.125, 0.25, 0.25, 0.15625, 0.109375, 0.125, 0.03125, 0.125, 0.109375, 0.03125, 0.09375, 0.0625, 0.1953125, 0.1328125, 0.09375, 0.125, 0.21875, 0.4375, 0.1171875, 0.15625, 0.1953125]",[54],0.49104596704431996,0.5853334791381366
304,4985.78125,"[0.25, 0.4375, 0.25, 0.15625, 0.1875, 0.25, 0.03125, 0.25, 0.21875, 0.0625, 0.09375, 0.09375, 0.234375, 0.1953125, 0.125, 0.1875, 0.3125, 0.40625, 0.203125, 0.3125, 0.1640625]","[0.125, 0.25, 0.25, 0.15625, 0.109375, 0.125, 0.03125, 0.125, 0.109375, 0.03125, 0.09375, 0.0625, 0.1953125, 0.1953125, 0.09375, 0.125, 0.21875, 0.4375, 0.1171875, 0.15625, 0.1953125]",[74],0.47782292728666975,0.5768073527523492
305,5025.46875,"[0.25, 0.4375, 0.25, 0.15625, 0.125, 0.25, 0.03125, 0.25, 0.21875, 0.0625, 0.09375, 0.09375, 0.234375, 0.1953125, 0.125, 0.1875, 0.3125, 0.40625, 0.203125, 0.3125, 0.1640625]","[0.125, 0.25, 0.25, 0.15625, 0.078125, 0.125, 0.03125, 0.125, 0.109375, 0.03125, 0.09375, 0.0625, 0.1953125, 0.1953125, 0.09375, 0.125, 0.21875, 0.4375, 0.1171875, 0.15625, 0.1953125]",[42],0.4921435406238643,0.5889532883676392
306,4926.25,"[0.25, 0.4375, 0.25, 0.15625, 0.125, 0.25, 0.03125, 0.25, 0.21875, 0.0625, 0.109375, 0.09375, 0.234375, 0.1953125, 0.0625, 0.1875, 0.3125, 0.40625, 0.203125, 0.3125, 0.1640625]","[0.125, 0.25, 0.25, 0.15625, 0.078125, 0.125, 0.03125, 0.125, 0.109375, 0.03125, 0.109375, 0.0625, 0.1953125, 0.1953125, 0.03125, 0.125, 0.21875, 0.4375, 0.1171875, 0.15625, 0.1953125]",[43],0.5096153274564805,0.6144916598294887
307,4926.25,"[0.25, 0.4375, 0.25, 0.15625, 0.125, 0.25, 0.03125, 0.25, 0.21875, 0.125, 0.109375, 0.09375, 0.234375, 0.1953125, 0.0625, 0.1875, 0.3125, 0.40625, 0.203125, 0.3125, 0.1640625]","[0.125, 0.25, 0.25, 0.15625, 0.078125, 0.125, 0.03125, 0.125, 0.109375, 0.0625, 0.109375, 0.0625, 0.1953125, 0.1953125, 0.03125, 0.125, 0.21875, 0.4375, 0.1171875, 0.15625, 0.1953125]",[74],0.4866521931963907,0.5971864891089196
308,5005.625,"[0.25, 0.4375, 0.25, 0.15625, 0.125, 0.25, 0.03125, 0.25, 0.21875, 0.125, 0.109375, 0.09375, 0.234375, 0.1953125, 0.0625, 0.1875, 0.3125, 0.40625, 0.265625, 0.3125, 0.1640625]","[0.125, 0.25, 0.25, 0.15625, 0.078125, 0.125, 0.03125, 0.125, 0.109375, 0.0625, 0.109375, 0.0625, 0.1953125, 0.1953125, 0.03125, 0.125, 0.21875, 0.4375, 0.1484375, 0.15625, 0.1953125]",[75],0.4831968753963328,0.5893372032209965
309,5163.125,"[0.25, 0.4375, 0.25, 0.15625, 0.125, 0.25, 0.03125, 0.25, 0.21875, 0.125, 0.109375, 0.09375, 0.234375, 0.1953125, 0.0625, 0.1875, 0.5625, 0.40625, 0.265625, 0.3125, 0.1640625]","[0.125, 0.25, 0.25, 0.15625, 0.078125, 0.125, 0.03125, 0.125, 0.109375, 0.0625, 0.109375, 0.0625, 0.1953125, 0.1953125, 0.03125, 0.125, 0.34375, 0.4375, 0.1484375, 0.15625, 0.1953125]",[76],0.5607881358706988,0.6181585326759746
310,5202.8125,"[0.25, 0.4375, 0.25, 0.15625, 0.15625, 0.25, 0.03125, 0.25, 0.21875, 0.125, 0.046875, 0.09375, 0.234375, 0.1953125, 0.0625, 0.1875, 0.5625, 0.40625, 0.265625, 0.3125, 0.1640625]","[0.125, 0.25, 0.25, 0.15625, 0.109375, 0.125, 0.03125, 0.125, 0.109375, 0.0625, 0.046875, 0.0625, 0.1953125, 0.1953125, 0.03125, 0.125, 0.34375, 0.4375, 0.1484375, 0.15625, 0.1953125]",[33],0.5755351508621636,0.6332080076502357
311,5143.359375,"[0.25, 0.4375, 0.25, 0.15625, 0.15625, 0.25, 0.03125, 0.25, 0.21875, 0.125, 0.046875, 0.09375, 0.234375, 0.1953125, 0.0625, 0.1875, 0.5625, 0.40625, 0.265625, 0.3125, 0.171875]","[0.125, 0.25, 0.25, 0.15625, 0.109375, 0.125, 0.03125, 0.125, 0.109375, 0.0625, 0.046875, 0.0625, 0.1953125, 0.1953125, 0.03125, 0.125, 0.34375, 0.4375, 0.1484375, 0.15625, 0.203125]",[77],0.5738625995901254,0.6327302342878164
312,5182.734375,"[0.25, 0.4375, 0.25, 0.15625, 0.15625, 0.25, 0.03125, 0.25, 0.21875, 0.125, 0.046875, 0.09375, 0.234375, 0.1953125, 0.125, 0.1875, 0.5625, 0.40625, 0.265625, 0.3125, 0.171875]","[0.125, 0.25, 0.25, 0.15625, 0.109375, 0.125, 0.03125, 0.125, 0.109375, 0.0625, 0.046875, 0.0625, 0.1953125, 0.1953125, 0.0625, 0.125, 0.34375, 0.4375, 0.1484375, 0.15625, 0.203125]",[78],0.5526398760435245,0.6161921239061839
313,5262.109375,"[0.25, 0.4375, 0.25, 0.15625, 0.15625, 0.25, 0.03125, 0.25, 0.21875, 0.125, 0.046875, 0.09375, 0.234375, 0.1953125, 0.125, 0.1875, 0.5625, 0.40625, 0.265625, 0.3125, 0.171875]","[0.125, 0.25, 0.25, 0.15625, 0.109375, 0.125, 0.03125, 0.125, 0.109375, 0.0625, 0.046875, 0.0625, 0.1953125, 0.1953125, 0.0625, 0.125, 0.34375, 0.4375, 0.1484375, 0.15625, 0.203125]",[78],0.5526398760435245,0.6161921239061839
314,5341.484375,"[0.25, 0.4375, 0.25, 0.15625, 0.15625, 0.25, 0.03125, 0.25, 0.21875, 0.125, 0.046875, 0.09375, 0.234375, 0.1953125, 0.125, 0.1875, 0.5625, 0.28125, 0.265625, 0.3125, 0.171875]","[0.125, 0.25, 0.25, 0.15625, 0.109375, 0.125, 0.03125, 0.125, 0.109375, 0.0625, 0.046875, 0.0625, 0.1953125, 0.1953125, 0.0625, 0.125, 0.34375, 0.3125, 0.1484375, 0.15625, 0.203125]",[41],0.5404317658358567,0.544908737760051
315,5063.359375,"[0.25, 0.4375, 0.25, 0.15625, 0.15625, 0.25, 0.03125, 0.3125, 0.21875, 0.125, 0.046875, 0.09375, 0.234375, 0.1953125, 0.125, 0.1875, 0.5625, 0.28125, 0.265625, 0.3125, 0.171875]","[0.125, 0.25, 0.25, 0.15625, 0.109375, 0.125, 0.03125, 0.1875, 0.109375, 0.0625, 0.046875, 0.0625, 0.1953125, 0.1953125, 0.0625, 0.125, 0.34375, 0.3125, 0.1484375, 0.15625, 0.203125]",[78],0.5400081460104397,0.5350570801797027
316,5083.28125,"[0.25, 0.4375, 0.25, 0.15625, 0.15625, 0.25, 0.03125, 0.3125, 0.21875, 0.125, 0.046875, 0.09375, 0.234375, 0.1953125, 0.125, 0.1875, 0.5625, 0.28125, 0.265625, 0.3125, 0.1796875]","[0.125, 0.25, 0.25, 0.15625, 0.109375, 0.125, 0.03125, 0.1875, 0.109375, 0.0625, 0.046875, 0.0625, 0.1953125, 0.1953125, 0.0625, 0.125, 0.34375, 0.3125, 0.1484375, 0.15625, 0.2109375]",[79],0.5384563451420761,0.535265362687887
317,5123.125,"[0.25, 0.4375, 0.25, 0.15625, 0.15625, 0.25, 0.03125, 0.3125, 0.21875, 0.125, 0.046875, 0.09375, 0.234375, 0.1953125, 0.125, 0.1875, 0.5625, 0.28125, 0.265625, 0.3125, 0.1796875]","[0.125, 0.25, 0.25, 0.15625, 0.109375, 0.125, 0.03125, 0.1875, 0.109375, 0.0625, 0.046875, 0.0625, 0.1953125, 0.1953125, 0.0625, 0.125, 0.34375, 0.3125, 0.1484375, 0.15625, 0.2109375]",[79],0.5384563451420761,0.535265362687887
318,5162.65625,"[0.25, 0.40625, 0.25, 0.15625, 0.15625, 0.25, 0.03125, 0.3125, 0.21875, 0.125, 0.109375, 0.09375, 0.234375, 0.1953125, 0.125, 0.1875, 0.5625, 0.28125, 0.265625, 0.3125, 0.1796875]","[0.125, 0.234375, 0.25, 0.15625, 0.109375, 0.125, 0.03125, 0.1875, 0.109375, 0.0625, 0.109375, 0.0625, 0.1953125, 0.1953125, 0.0625, 0.125, 0.34375, 0.3125, 0.1484375, 0.15625, 0.2109375]",[35],0.5070392231914541,0.5045406145743601
319,5301.71875,"[0.25, 0.40625, 0.25, 0.15625, 0.15625, 0.25, 0.03125, 0.3125, 0.21875, 0.125, 0.109375, 0.09375, 0.234375, 0.1953125, 0.125, 0.1875, 0.5625, 0.28125, 0.265625, 0.3125, 0.1796875]","[0.125, 0.234375, 0.25, 0.15625, 0.109375, 0.125, 0.03125, 0.1875, 0.109375, 0.0625, 0.109375, 0.0625, 0.1953125, 0.1953125, 0.0625, 0.125, 0.34375, 0.3125, 0.1484375, 0.15625, 0.2109375]",[35],0.5070392231914541,0.5045406145743601
320,5182.65625,"[0.25, 0.40625, 0.25, 0.15625, 0.15625, 0.25, 0.03125, 0.3125, 0.21875, 0.125, 0.109375, 0.125, 0.234375, 0.1953125, 0.125, 0.1875, 0.5625, 0.28125, 0.265625, 0.3125, 0.1796875]","[0.125, 0.234375, 0.25, 0.15625, 0.109375, 0.125, 0.03125, 0.1875, 0.109375, 0.0625, 0.109375, 0.09375, 0.1953125, 0.1953125, 0.0625, 0.125, 0.34375, 0.3125, 0.1484375, 0.15625, 0.2109375]",[80],0.4969435713570439,0.49029804607911165
321,5202.34375,"[0.25, 0.40625, 0.25, 0.15625, 0.15625, 0.25, 0.03125, 0.25, 0.21875, 0.125, 0.109375, 0.125, 0.234375, 0.1953125, 0.125, 0.1875, 0.5625, 0.28125, 0.265625, 0.3125, 0.1796875]","[0.125, 0.234375, 0.25, 0.15625, 0.109375, 0.125, 0.03125, 0.125, 0.109375, 0.0625, 0.109375, 0.09375, 0.1953125, 0.1953125, 0.0625, 0.125, 0.34375, 0.3125, 0.1484375, 0.15625, 0.2109375]",[41],0.4967033748324987,0.5000000000000001
322,5182.65625,"[0.25, 0.40625, 0.25, 0.15625, 0.15625, 0.25, 0.03125, 0.25, 0.21875, 0.125, 0.109375, 0.125, 0.234375, 0.1953125, 0.125, 0.1875, 0.5625, 0.28125, 0.265625, 0.3125, 0.1796875]","[0.125, 0.234375, 0.25, 0.15625, 0.109375, 0.125, 0.03125, 0.125, 0.109375, 0.0625, 0.109375, 0.09375, 0.1953125, 0.1953125, 0.0625, 0.125, 0.34375, 0.3125, 0.1484375, 0.15625, 0.2109375]",[41],0.4967033748324987,0.5000000000000001
323,5222.03125,"[0.25, 0.40625, 0.25, 0.15625, 0.15625, 0.25, 0.03125, 0.25, 0.21875, 0.125, 0.109375, 0.125, 0.234375, 0.1953125, 0.125, 0.1875, 0.5, 0.28125, 0.265625, 0.3125, 0.1796875]","[0.125, 0.234375, 0.25, 0.15625, 0.109375, 0.125, 0.03125, 0.125, 0.109375, 0.0625, 0.109375, 0.09375, 0.1953125, 0.1953125, 0.0625, 0.125, 0.3125, 0.3125, 0.1484375, 0.15625, 0.2109375]",[41],0.4638063667928906,0.483095334350277
324,5262.65625,"[0.25, 0.40625, 0.25, 0.15625, 0.15625, 0.25, 0.03125, 0.25, 0.21875, 0.125, 0.234375, 0.125, 0.234375, 0.1640625, 0.125, 0.1875, 0.5, 0.28125, 0.265625, 0.25, 0.1796875]","[0.125, 0.234375, 0.25, 0.15625, 0.109375, 0.125, 0.03125, 0.125, 0.109375, 0.0625, 0.234375, 0.09375, 0.1953125, 0.1640625, 0.0625, 0.125, 0.3125, 0.3125, 0.1484375, 0.125, 0.2109375]",[25],0.4421235698634564,0.48083138957923616
325,5143.28125,"[0.25, 0.40625, 0.25, 0.15625, 0.15625, 0.25, 0.015625, 0.25, 0.21875, 0.125, 0.234375, 0.15625, 0.234375, 0.1640625, 0.125, 0.1875, 0.5, 0.28125, 0.265625, 0.25, 0.1796875]","[0.125, 0.234375, 0.25, 0.15625, 0.109375, 0.125, 0.015625, 0.125, 0.109375, 0.0625, 0.234375, 0.125, 0.1953125, 0.1640625, 0.0625, 0.125, 0.3125, 0.3125, 0.1484375, 0.125, 0.2109375]",[18],0.4418903767738743,0.48087128047799577
326,5123.28125,"[0.25, 0.40625, 0.25, 0.15625, 0.15625, 0.25, 0.015625, 0.25, 0.21875, 0.125, 0.234375, 0.15625, 0.234375, 0.1640625, 0.125, 0.1875, 0.5, 0.28125, 0.265625, 0.25, 0.1796875]","[0.125, 0.234375, 0.25, 0.15625, 0.109375, 0.125, 0.015625, 0.125, 0.109375, 0.0625, 0.234375, 0.125, 0.1953125, 0.1640625, 0.0625, 0.125, 0.3125, 0.3125, 0.1484375, 0.125, 0.2109375]",[18],0.4418903767738743,0.48087128047799577
327,5143.125,"[0.0, 0.40625, 0.25, 0.15625, 0.140625, 0.25, 0.015625, 0.25, 0.21875, 0.125, 0.234375, 0.15625, 0.234375, 0.1640625, 0.125, 0.1875, 0.5, 0.28125, 0.265625, 0.25, 0.1796875]","[0.0, 0.234375, 0.25, 0.15625, 0.1015625, 0.125, 0.015625, 0.125, 0.109375, 0.0625, 0.234375, 0.125, 0.1953125, 0.1640625, 0.0625, 0.125, 0.3125, 0.3125, 0.1484375, 0.125, 0.2109375]",[17],0.520699067262893,0.5478955206035913
328,5005.46875,"[0.0, 0.40625, 0.25, 0.21875, 0.140625, 0.25, 0.015625, 0.25, 0.21875, 0.125, 0.234375, 0.15625, 0.234375, 0.1640625, 0.125, 0.1875, 0.5, 0.28125, 0.265625, 0.25, 0.1796875]","[0.0, 0.234375, 0.25, 0.21875, 0.1015625, 0.125, 0.015625, 0.125, 0.109375, 0.0625, 0.234375, 0.125, 0.1953125, 0.1640625, 0.0625, 0.125, 0.3125, 0.3125, 0.1484375, 0.125, 0.2109375]",[18],0.5104087403044074,0.5451193279365938
329,5164.21875,"[0.0, 0.40625, 0.25, 0.34375, 0.140625, 0.25, 0.015625, 0.25, 0.21875, 0.125, 0.234375, 0.15625, 0.234375, 0.1640625, 0.125, 0.1875, 0.5, 0.28125, 0.265625, 0.25, 0.1796875]","[0.0, 0.234375, 0.25, 0.34375, 0.1015625, 0.125, 0.015625, 0.125, 0.109375, 0.0625, 0.234375, 0.125, 0.1953125, 0.1640625, 0.0625, 0.125, 0.3125, 0.3125, 0.1484375, 0.125, 0.2109375]",[22],0.5129058112914189,0.5762761052858593
330,5203.90625,"[0.0, 0.40625, 0.25, 0.34375, 0.140625, 0.25, 0.015625, 0.25, 0.21875, 0.125, 0.234375, 0.1875, 0.203125, 0.1640625, 0.125, 0.1875, 0.5, 0.28125, 0.265625, 0.25, 0.1796875]","[0.0, 0.234375, 0.25, 0.34375, 0.1015625, 0.125, 0.015625, 0.125, 0.109375, 0.0625, 0.234375, 0.15625, 0.1640625, 0.1640625, 0.0625, 0.125, 0.3125, 0.3125, 0.1484375, 0.125, 0.2109375]",[55],0.510036258226515,0.5723756517195259
331,5183.90625,"[0.0, 0.40625, 0.25, 0.34375, 0.140625, 0.25, 0.015625, 0.25, 0.21875, 0.125, 0.234375, 0.1875, 0.203125, 0.1640625, 0.125, 0.1875, 0.5, 0.15625, 0.265625, 0.125, 0.1796875]","[0.0, 0.234375, 0.25, 0.34375, 0.1015625, 0.125, 0.015625, 0.125, 0.109375, 0.0625, 0.234375, 0.15625, 0.1640625, 0.1640625, 0.0625, 0.125, 0.3125, 0.1875, 0.1484375, 0.0625, 0.2109375]",[9],0.5441153031034223,0.5790854315144239
332,4886.09375,"[0.0, 0.40625, 0.25, 0.34375, 0.140625, 0.25, 0.015625, 0.25, 0.21875, 0.1875, 0.234375, 0.1875, 0.203125, 0.1640625, 0.125, 0.1875, 0.5, 0.15625, 0.265625, 0.125, 0.1796875]","[0.0, 0.234375, 0.25, 0.34375, 0.1015625, 0.125, 0.015625, 0.125, 0.109375, 0.09375, 0.234375, 0.15625, 0.1640625, 0.1640625, 0.0625, 0.125, 0.3125, 0.1875, 0.1484375, 0.0625, 0.2109375]",[55],0.5298130476667162,0.5651976949333243
333,4965.46875,"[0.0, 0.40625, 0.25, 0.34375, 0.140625, 0.25, 0.015625, 0.25, 0.21875, 0.1875, 0.234375, 0.1875, 0.171875, 0.1640625, 0.125, 0.1875, 0.5, 0.21875, 0.265625, 0.125, 0.1796875]","[0.0, 0.234375, 0.25, 0.34375, 0.1015625, 0.125, 0.015625, 0.125, 0.109375, 0.09375, 0.234375, 0.15625, 0.1328125, 0.1640625, 0.0625, 0.125, 0.3125, 0.25, 0.1484375, 0.0625, 0.2109375]",[52],0.5246427683069693,0.5744594180626512
334,5085.15625,"[0.0, 0.40625, 0.25, 0.34375, 0.140625, 0.25, 0.015625, 0.25, 0.21875, 0.1875, 0.234375, 0.1875, 0.171875, 0.1640625, 0.125, 0.1875, 0.5, 0.21875, 0.265625, 0.125, 0.2421875]","[0.0, 0.234375, 0.25, 0.34375, 0.1015625, 0.125, 0.015625, 0.125, 0.109375, 0.09375, 0.234375, 0.15625, 0.1328125, 0.1640625, 0.0625, 0.125, 0.3125, 0.25, 0.1484375, 0.0625, 0.2734375]",[56],0.5171898494350311,0.5814383787086076
335,5124.84375,"[0.0, 0.40625, 0.25, 0.34375, 0.140625, 0.25, 0.015625, 0.25, 0.21875, 0.1875, 0.234375, 0.1875, 0.171875, 0.1640625, 0.125, 0.1875, 0.5, 0.21875, 0.265625, 0.125, 0.2421875]","[0.0, 0.234375, 0.25, 0.34375, 0.1015625, 0.125, 0.015625, 0.125, 0.109375, 0.09375, 0.234375, 0.15625, 0.1328125, 0.1640625, 0.0625, 0.125, 0.3125, 0.25, 0.1484375, 0.0625, 0.2734375]",[56],0.5171898494350311,0.5814383787086076
336,5105.0,"[0.0, 0.40625, 0.25, 0.34375, 0.140625, 0.25, 0.015625, 0.25, 0.21875, 0.1875, 0.234375, 0.1875, 0.1875, 0.1640625, 0.125, 0.1875, 0.5, 0.21875, 0.265625, 0.125, 0.2421875]","[0.0, 0.234375, 0.25, 0.34375, 0.1015625, 0.125, 0.015625, 0.125, 0.109375, 0.09375, 0.234375, 0.15625, 0.140625, 0.1640625, 0.0625, 0.125, 0.3125, 0.25, 0.1484375, 0.0625, 0.2734375]",[65],0.5143168732064065,0.5795222707448164
337,5144.6875,"[0.0, 0.40625, 0.25, 0.34375, 0.140625, 0.25, 0.015625, 0.25, 0.21875, 0.1875, 0.234375, 0.1875, 0.1875, 0.1640625, 0.125, 0.1875, 0.5, 0.21875, 0.265625, 0.125, 0.2421875]","[0.0, 0.234375, 0.25, 0.34375, 0.1015625, 0.125, 0.015625, 0.125, 0.109375, 0.09375, 0.234375, 0.15625, 0.140625, 0.1640625, 0.0625, 0.125, 0.3125, 0.25, 0.1484375, 0.0625, 0.2734375]",[65],0.5143168732064065,0.5795222707448164
338,5184.375,"[0.0, 0.40625, 0.25, 0.34375, 0.140625, 0.25, 0.015625, 0.25, 0.21875, 0.125, 0.234375, 0.1875, 0.1875, 0.1640625, 0.125, 0.1875, 0.4375, 0.21875, 0.265625, 0.125, 0.2421875]","[0.0, 0.234375, 0.25, 0.34375, 0.1015625, 0.125, 0.015625, 0.125, 0.109375, 0.0625, 0.234375, 0.15625, 0.140625, 0.1640625, 0.0625, 0.125, 0.25, 0.25, 0.1484375, 0.0625, 0.2734375]",[10],0.5020938301609714,0.5779562841241611
339,5185.625,"[0.0, 0.40625, 0.25, 0.34375, 0.140625, 0.25, 0.015625, 0.25, 0.1875, 0.125, 0.234375, 0.1875, 0.1875, 0.1640625, 0.125, 0.1875, 0.4375, 0.21875, 0.265625, 0.125, 0.3046875]","[0.0, 0.234375, 0.25, 0.34375, 0.1015625, 0.125, 0.015625, 0.125, 0.09375, 0.0625, 0.234375, 0.15625, 0.140625, 0.1640625, 0.0625, 0.125, 0.25, 0.25, 0.1484375, 0.0625, 0.3359375]",[32],0.5075817207695658,0.6035608621222175
340,5205.625,"[0.0, 0.40625, 0.25, 0.34375, 0.140625, 0.25, 0.015625, 0.25, 0.1875, 0.125, 0.234375, 0.1875, 0.21875, 0.1640625, 0.125, 0.1875, 0.4375, 0.21875, 0.265625, 0.125, 0.3046875]","[0.0, 0.234375, 0.25, 0.34375, 0.1015625, 0.125, 0.015625, 0.125, 0.09375, 0.0625, 0.234375, 0.15625, 0.171875, 0.1640625, 0.0625, 0.125, 0.25, 0.25, 0.1484375, 0.0625, 0.3359375]",[48],0.5035149709069188,0.5977924561055599
341,5225.3125,"[0.0, 0.40625, 0.25, 0.34375, 0.140625, 0.25, 0.015625, 0.28125, 0.1875, 0.125, 0.234375, 0.1875, 0.21875, 0.1640625, 0.125, 0.1875, 0.4375, 0.21875, 0.265625, 0.125, 0.3046875]","[0.0, 0.234375, 0.25, 0.34375, 0.1015625, 0.125, 0.015625, 0.140625, 0.09375, 0.0625, 0.234375, 0.15625, 0.171875, 0.1640625, 0.0625, 0.125, 0.25, 0.25, 0.1484375, 0.0625, 0.3359375]",[65],0.5035025737784813,0.5937250396720563
342,5265.15625,"[0.0, 0.40625, 0.25, 0.34375, 0.140625, 0.25, 0.015625, 0.28125, 0.1875, 0.125, 0.234375, 0.1875, 0.21875, 0.1796875, 0.125, 0.1875, 0.4375, 0.21875, 0.265625, 0.125, 0.3046875]","[0.0, 0.234375, 0.25, 0.34375, 0.1015625, 0.125, 0.015625, 0.140625, 0.09375, 0.0625, 0.234375, 0.15625, 0.171875, 0.1796875, 0.0625, 0.125, 0.25, 0.25, 0.1484375, 0.0625, 0.3359375]",[73],0.5004035084650184,0.5915969053494752
343,5343.90625,"[0.0, 0.40625, 0.25, 0.34375, 0.109375, 0.25, 0.015625, 0.28125, 0.1875, 0.125, 0.234375, 0.1875, 0.21875, 0.1796875, 0.125, 0.1875, 0.4375, 0.21875, 0.265625, 0.125, 0.3046875]","[0.0, 0.234375, 0.25, 0.34375, 0.0703125, 0.125, 0.015625, 0.140625, 0.09375, 0.0625, 0.234375, 0.15625, 0.171875, 0.1796875, 0.0625, 0.125, 0.25, 0.25, 0.1484375, 0.0625, 0.3359375]",[73],0.5096483679071621,0.6043997342850548
344,5384.21875,"[0.0, 0.40625, 0.25, 0.34375, 0.234375, 0.25, 0.015625, 0.28125, 0.1875, 0.125, 0.234375, 0.1875, 0.21875, 0.1171875, 0.125, 0.1875, 0.4375, 0.21875, 0.265625, 0.125, 0.3046875]","[0.0, 0.234375, 0.25, 0.34375, 0.1328125, 0.125, 0.015625, 0.140625, 0.09375, 0.0625, 0.234375, 0.15625, 0.171875, 0.1171875, 0.0625, 0.125, 0.25, 0.25, 0.1484375, 0.0625, 0.3359375]",[54],0.5002543623301327,0.5950504883282304
345,5264.6875,"[0.0, 0.40625, 0.25, 0.34375, 0.234375, 0.25, 0.015625, 0.28125, 0.1875, 0.125, 0.234375, 0.1875, 0.21875, 0.1171875, 0.125, 0.1875, 0.4375, 0.21875, 0.265625, 0.125, 0.3046875]","[0.0, 0.234375, 0.25, 0.34375, 0.1328125, 0.125, 0.015625, 0.140625, 0.09375, 0.0625, 0.234375, 0.15625, 0.171875, 0.1171875, 0.0625, 0.125, 0.25, 0.25, 0.1484375, 0.0625, 0.3359375]",[54],0.5002543623301327,0.5950504883282304
346,5244.53125,"[0.0, 0.40625, 0.25, 0.34375, 0.234375, 0.25, 0.015625, 0.28125, 0.1875, 0.125, 0.234375, 0.1875, 0.21875, 0.1171875, 0.125, 0.1875, 0.4375, 0.21875, 0.265625, 0.125, 0.3046875]","[0.0, 0.234375, 0.25, 0.34375, 0.1328125, 0.125, 0.015625, 0.140625, 0.09375, 0.0625, 0.234375, 0.15625, 0.171875, 0.1171875, 0.0625, 0.125, 0.25, 0.25, 0.1484375, 0.0625, 0.3359375]",[54],0.5002543623301327,0.5950504883282304
347,5264.53125,"[0.0, 0.40625, 0.25, 0.34375, 0.234375, 0.25, 0.015625, 0.28125, 0.1875, 0.125, 0.234375, 0.1875, 0.21875, 0.1171875, 0.125, 0.1875, 0.4375, 0.21875, 0.265625, 0.125, 0.3046875]","[0.0, 0.234375, 0.25, 0.34375, 0.1328125, 0.125, 0.015625, 0.140625, 0.09375, 0.0625, 0.234375, 0.15625, 0.171875, 0.1171875, 0.0625, 0.125, 0.25, 0.25, 0.1484375, 0.0625, 0.3359375]",[54],0.5002543623301327,0.5950504883282304
348,5303.59375,"[0.0, 0.40625, 0.25, 0.34375, 0.234375, 0.25, 0.015625, 0.28125, 0.1875, 0.25, 0.234375, 0.1875, 0.21875, 0.1171875, 0.125, 0.1875, 0.4375, 0.21875, 0.265625, 0.125, 0.3046875]","[0.0, 0.234375, 0.25, 0.34375, 0.1328125, 0.125, 0.015625, 0.140625, 0.09375, 0.125, 0.234375, 0.15625, 0.171875, 0.1171875, 0.0625, 0.125, 0.25, 0.25, 0.1484375, 0.0625, 0.3359375]",[76],0.4790797388578053,0.570966799752624
349,5462.96875,"[0.0, 0.40625, 0.25, 0.34375, 0.234375, 0.25, 0.015625, 0.28125, 0.1875, 0.25, 0.234375, 0.1875, 0.21875, 0.1171875, 0.125, 0.1875, 0.375, 0.21875, 0.265625, 0.125, 0.3671875]","[0.0, 0.234375, 0.25, 0.34375, 0.1328125, 0.125, 0.015625, 0.140625, 0.09375, 0.125, 0.234375, 0.15625, 0.171875, 0.1171875, 0.0625, 0.125, 0.21875, 0.25, 0.1484375, 0.0625, 0.3984375]",[63],0.4700498294425427,0.598619459367333
350,5463.28125,"[0.0, 0.40625, 0.25, 0.34375, 0.234375, 0.25, 0.015625, 0.28125, 0.1875, 0.25, 0.234375, 0.1875, 0.25, 0.1171875, 0.125, 0.1875, 0.375, 0.21875, 0.265625, 0.125, 0.359375]","[0.0, 0.234375, 0.25, 0.34375, 0.1328125, 0.125, 0.015625, 0.140625, 0.09375, 0.125, 0.234375, 0.15625, 0.203125, 0.1171875, 0.0625, 0.125, 0.21875, 0.25, 0.1484375, 0.0625, 0.390625]",[33],0.4662276785826413,0.5914046811526652
351,5463.28125,"[0.0, 0.40625, 0.25, 0.34375, 0.234375, 0.25, 0.015625, 0.28125, 0.1875, 0.25, 0.234375, 0.1875, 0.25, 0.125, 0.125, 0.1875, 0.375, 0.21875, 0.265625, 0.125, 0.359375]","[0.0, 0.234375, 0.25, 0.34375, 0.1328125, 0.125, 0.015625, 0.140625, 0.09375, 0.125, 0.234375, 0.15625, 0.203125, 0.125, 0.0625, 0.125, 0.21875, 0.25, 0.1484375, 0.0625, 0.390625]",[80],0.463810991929357,0.5890617978216653
352,5502.96875,"[0.0, 0.40625, 0.25, 0.34375, 0.234375, 0.25, 0.015625, 0.28125, 0.1875, 0.25, 0.265625, 0.1875, 0.25, 0.125, 0.125, 0.1875, 0.375, 0.21875, 0.265625, 0.125, 0.359375]","[0.0, 0.234375, 0.25, 0.34375, 0.1328125, 0.125, 0.015625, 0.140625, 0.09375, 0.125, 0.265625, 0.15625, 0.203125, 0.125, 0.0625, 0.125, 0.21875, 0.25, 0.1484375, 0.0625, 0.390625]",[81],0.46245083432040707,0.5916954299808632
353,5582.65625,"[0.0, 0.40625, 0.25, 0.34375, 0.234375, 0.25, 0.046875, 0.28125, 0.1875, 0.25, 0.265625, 0.1875, 0.25, 0.125, 0.125, 0.1875, 0.375, 0.21875, 0.265625, 0.125, 0.359375]","[0.0, 0.234375, 0.25, 0.34375, 0.1328125, 0.125, 0.046875, 0.140625, 0.09375, 0.125, 0.265625, 0.15625, 0.203125, 0.125, 0.0625, 0.125, 0.21875, 0.25, 0.1484375, 0.0625, 0.390625]",[82],0.4468992971567197,0.5739776431372816
354,5740.15625,"[0.0, 0.40625, 0.25, 0.34375, 0.234375, 0.25, 0.046875, 0.28125, 0.1875, 0.25, 0.265625, 0.1875, 0.25, 0.125, 0.125, 0.1875, 0.375, 0.21875, 0.265625, 0.125, 0.359375]","[0.0, 0.234375, 0.25, 0.34375, 0.1328125, 0.125, 0.046875, 0.140625, 0.09375, 0.125, 0.265625, 0.15625, 0.203125, 0.125, 0.0625, 0.125, 0.21875, 0.25, 0.1484375, 0.0625, 0.390625]",[82],0.4468992971567197,0.5739776431372816
355,5622.5,"[0.0, 0.40625, 0.25, 0.34375, 0.234375, 0.25, 0.046875, 0.28125, 0.1875, 0.25, 0.265625, 0.1875, 0.25, 0.125, 0.125, 0.1875, 0.375, 0.21875, 0.265625, 0.125, 0.359375]","[0.0, 0.234375, 0.25, 0.34375, 0.1328125, 0.125, 0.046875, 0.140625, 0.09375, 0.125, 0.265625, 0.15625, 0.203125, 0.125, 0.0625, 0.125, 0.21875, 0.25, 0.1484375, 0.0625, 0.390625]",[82],0.4468992971567197,0.5739776431372816
356,5602.578125,"[0.0, 0.40625, 0.25, 0.34375, 0.234375, 0.25, 0.0546875, 0.28125, 0.1875, 0.25, 0.265625, 0.1875, 0.25, 0.125, 0.125, 0.1875, 0.375, 0.21875, 0.203125, 0.125, 0.359375]","[0.0, 0.234375, 0.25, 0.34375, 0.1328125, 0.125, 0.0546875, 0.140625, 0.09375, 0.125, 0.265625, 0.15625, 0.203125, 0.125, 0.0625, 0.125, 0.21875, 0.25, 0.1171875, 0.0625, 0.390625]",[74],0.447873083984894,0.5782664802725401
357,5562.578125,"[0.0625, 0.40625, 0.25, 0.34375, 0.234375, 0.25, 0.0546875, 0.28125, 0.1875, 0.25, 0.265625, 0.1875, 0.25, 0.125, 0.125, 0.1875, 0.375, 0.21875, 0.203125, 0.125, 0.359375]","[0.03125, 0.234375, 0.25, 0.34375, 0.1328125, 0.125, 0.0546875, 0.140625, 0.09375, 0.125, 0.265625, 0.15625, 0.203125, 0.125, 0.0625, 0.125, 0.21875, 0.25, 0.1171875, 0.0625, 0.390625]",[83],0.415692235602521,0.5589179935067912
358,5641.953125,"[0.0625, 0.40625, 0.25, 0.34375, 0.234375, 0.3125, 0.0546875, 0.28125, 0.1875, 0.25, 0.265625, 0.1875, 0.25, 0.125, 0.125, 0.1875, 0.375, 0.21875, 0.203125, 0.125, 0.359375]","[0.03125, 0.234375, 0.25, 0.34375, 0.1328125, 0.15625, 0.0546875, 0.140625, 0.09375, 0.125, 0.265625, 0.15625, 0.203125, 0.125, 0.0625, 0.125, 0.21875, 0.25, 0.1171875, 0.0625, 0.390625]",[84],0.4176931634850273,0.5514081899242694
359,5801.328125,"[0.0625, 0.40625, 0.25, 0.34375, 0.234375, 0.3125, 0.0546875, 0.28125, 0.1875, 0.25, 0.25, 0.1875, 0.25, 0.125, 0.125, 0.1875, 0.375, 0.21875, 0.203125, 0.125, 0.359375]","[0.03125, 0.234375, 0.25, 0.34375, 0.1328125, 0.15625, 0.0546875, 0.140625, 0.09375, 0.125, 0.25, 0.15625, 0.203125, 0.125, 0.0625, 0.125, 0.21875, 0.25, 0.1171875, 0.0625, 0.390625]",[42],0.418051365965519,0.5495582295967942
360,5661.484375,"[0.125, 0.40625, 0.25, 0.34375, 0.234375, 0.3125, 0.0546875, 0.28125, 0.1875, 0.25, 0.25, 0.1875, 0.25, 0.125, 0.125, 0.1875, 0.375, 0.21875, 0.203125, 0.125, 0.359375]","[0.09375, 0.234375, 0.25, 0.34375, 0.1328125, 0.15625, 0.0546875, 0.140625, 0.09375, 0.125, 0.25, 0.15625, 0.203125, 0.125, 0.0625, 0.125, 0.21875, 0.25, 0.1171875, 0.0625, 0.390625]",[84],0.3938901857128408,0.5194056964181542
361,5681.40625,"[0.125, 0.40625, 0.25, 0.34375, 0.234375, 0.3125, 0.0625, 0.28125, 0.1875, 0.25, 0.25, 0.1875, 0.25, 0.125, 0.125, 0.1875, 0.3125, 0.21875, 0.203125, 0.125, 0.296875]","[0.09375, 0.234375, 0.25, 0.34375, 0.1328125, 0.15625, 0.0625, 0.140625, 0.09375, 0.125, 0.25, 0.15625, 0.203125, 0.125, 0.0625, 0.125, 0.15625, 0.25, 0.1171875, 0.0625, 0.328125]",[66],0.36771660521139726,0.48920038810535005
362,5522.03125,"[0.125, 0.40625, 0.25, 0.34375, 0.234375, 0.3125, 0.0625, 0.28125, 0.1875, 0.25, 0.25, 0.1875, 0.25, 0.125, 0.125, 0.1875, 0.3125, 0.21875, 0.203125, 0.125, 0.234375]","[0.09375, 0.234375, 0.25, 0.34375, 0.1328125, 0.15625, 0.0625, 0.140625, 0.09375, 0.125, 0.25, 0.15625, 0.203125, 0.125, 0.0625, 0.125, 0.15625, 0.25, 0.1171875, 0.0625, 0.265625]",[52],0.36585021191369843,0.46695580439225526
363,5402.96875,"[0.125, 0.40625, 0.25, 0.34375, 0.234375, 0.3125, 0.0625, 0.28125, 0.1875, 0.25, 0.25, 0.1875, 0.25, 0.125, 0.125, 0.1875, 0.3125, 0.21875, 0.171875, 0.125, 0.234375]","[0.09375, 0.234375, 0.25, 0.34375, 0.1328125, 0.15625, 0.0625, 0.140625, 0.09375, 0.125, 0.25, 0.15625, 0.203125, 0.125, 0.0625, 0.125, 0.15625, 0.25, 0.0859375, 0.0625, 0.265625]",[1],0.3711348095126028,0.47854562545055207
364,5442.34375,"[0.125, 0.15625, 0.25, 0.34375, 0.234375, 0.3125, 0.0625, 0.28125, 0.1875, 0.25, 0.25, 0.1875, 0.25, 0.125, 0.125, 0.1875, 0.3125, 0.21875, 0.296875, 0.125, 0.234375]","[0.09375, 0.109375, 0.25, 0.34375, 0.1328125, 0.15625, 0.0625, 0.140625, 0.09375, 0.125, 0.25, 0.15625, 0.203125, 0.125, 0.0625, 0.125, 0.15625, 0.25, 0.1484375, 0.0625, 0.265625]",[31],0.3422283524312269,0.4707655876538194
365,5324.21875,"[0.125, 0.21875, 0.25, 0.34375, 0.234375, 0.3125, 0.0625, 0.28125, 0.1875, 0.25, 0.25, 0.1875, 0.25, 0.125, 0.125, 0.1875, 0.3125, 0.21875, 0.296875, 0.125, 0.234375]","[0.09375, 0.171875, 0.25, 0.34375, 0.1328125, 0.15625, 0.0625, 0.140625, 0.09375, 0.125, 0.25, 0.15625, 0.203125, 0.125, 0.0625, 0.125, 0.15625, 0.25, 0.1484375, 0.0625, 0.265625]",[52],0.33212943687925905,0.4573853833354198
366,5344.140625,"[0.125, 0.21875, 0.25, 0.34375, 0.234375, 0.3125, 0.0625, 0.28125, 0.1875, 0.25, 0.25, 0.1875, 0.25, 0.125, 0.125, 0.1875, 0.3125, 0.21875, 0.296875, 0.125, 0.234375]","[0.09375, 0.171875, 0.25, 0.34375, 0.1328125, 0.15625, 0.0625, 0.140625, 0.09375, 0.125, 0.25, 0.15625, 0.203125, 0.125, 0.0625, 0.125, 0.15625, 0.25, 0.1484375, 0.0625, 0.265625]",[52],0.33212943687925905,0.4573853833354198
367,5363.90625,"[0.125, 0.21875, 0.25, 0.34375, 0.234375, 0.3125, 0.0625, 0.28125, 0.1875, 0.25, 0.25, 0.1875, 0.25, 0.125, 0.125, 0.1875, 0.3125, 0.21875, 0.296875, 0.125, 0.234375]","[0.09375, 0.171875, 0.25, 0.34375, 0.1328125, 0.15625, 0.0625, 0.140625, 0.09375, 0.125, 0.25, 0.15625, 0.203125, 0.125, 0.0625, 0.125, 0.15625, 0.25, 0.1484375, 0.0625, 0.265625]",[52],0.33212943687925905,0.4573853833354198
368,5402.96875,"[0.125, 0.21875, 0.25, 0.34375, 0.234375, 0.3125, 0.0625, 0.28125, 0.1875, 0.25, 0.25, 0.1875, 0.25, 0.125, 0.125, 0.1875, 0.3125, 0.21875, 0.296875, 0.125, 0.234375]","[0.09375, 0.171875, 0.25, 0.34375, 0.1328125, 0.15625, 0.0625, 0.140625, 0.09375, 0.125, 0.25, 0.15625, 0.203125, 0.125, 0.0625, 0.125, 0.15625, 0.25, 0.1484375, 0.0625, 0.265625]",[52],0.33212943687925905,0.4573853833354198
369,5482.96875,"[0.125, 0.21875, 0.1875, 0.34375, 0.234375, 0.3125, 0.0625, 0.28125, 0.1875, 0.25, 0.25, 0.1875, 0.25, 0.1171875, 0.125, 0.1875, 0.3125, 0.21875, 0.296875, 0.125, 0.234375]","[0.09375, 0.171875, 0.1875, 0.34375, 0.1328125, 0.15625, 0.0625, 0.140625, 0.09375, 0.125, 0.25, 0.15625, 0.203125, 0.1171875, 0.0625, 0.125, 0.15625, 0.25, 0.1484375, 0.0625, 0.265625]",[2],0.3391216584716814,0.45275416658720097
370,5304.765625,"[0.125, 0.21875, 0.1875, 0.34375, 0.234375, 0.3125, 0.078125, 0.28125, 0.1875, 0.25, 0.25, 0.1875, 0.25, 0.1171875, 0.125, 0.1875, 0.3125, 0.21875, 0.296875, 0.125, 0.234375]","[0.09375, 0.171875, 0.1875, 0.34375, 0.1328125, 0.15625, 0.09375, 0.140625, 0.09375, 0.125, 0.25, 0.15625, 0.203125, 0.1171875, 0.0625, 0.125, 0.15625, 0.25, 0.1484375, 0.0625, 0.265625]",[14],0.3310119891691229,0.4378702246415862
371,5324.453125,"[0.125, 0.21875, 0.125, 0.34375, 0.234375, 0.3125, 0.078125, 0.28125, 0.1875, 0.25, 0.25, 0.1875, 0.25, 0.1171875, 0.125, 0.1875, 0.3125, 0.21875, 0.296875, 0.125, 0.234375]","[0.09375, 0.171875, 0.125, 0.34375, 0.1328125, 0.15625, 0.09375, 0.140625, 0.09375, 0.125, 0.25, 0.15625, 0.203125, 0.1171875, 0.0625, 0.125, 0.15625, 0.25, 0.1484375, 0.0625, 0.265625]",[14],0.34679544831820847,0.44653676450125906
372,5304.765625,"[0.1875, 0.21875, 0.125, 0.34375, 0.234375, 0.3125, 0.078125, 0.28125, 0.1875, 0.25, 0.25, 0.1875, 0.25, 0.0546875, 0.125, 0.1875, 0.3125, 0.21875, 0.296875, 0.125, 0.234375]","[0.125, 0.171875, 0.125, 0.34375, 0.1328125, 0.15625, 0.09375, 0.140625, 0.09375, 0.125, 0.25, 0.15625, 0.203125, 0.0546875, 0.0625, 0.125, 0.15625, 0.25, 0.1484375, 0.0625, 0.265625]",[7],0.3599194217013126,0.46349070311809404
373,5224.140625,"[0.1875, 0.21875, 0.125, 0.21875, 0.234375, 0.3125, 0.078125, 0.28125, 0.1875, 0.25, 0.25, 0.1875, 0.25, 0.0546875, 0.125, 0.3125, 0.3125, 0.21875, 0.296875, 0.125, 0.234375]","[0.125, 0.171875, 0.125, 0.21875, 0.1328125, 0.15625, 0.09375, 0.140625, 0.09375, 0.125, 0.25, 0.15625, 0.203125, 0.0546875, 0.0625, 0.1875, 0.15625, 0.25, 0.1484375, 0.0625, 0.265625]",[34],0.34827809034219015,0.39695610304684564
374,5222.890625,"[0.4375, 0.21875, 0.125, 0.21875, 0.234375, 0.3125, 0.078125, 0.28125, 0.1875, 0.25, 0.25, 0.1875, 0.25, 0.0546875, 0.125, 0.3125, 0.3125, 0.21875, 0.296875, 0.125, 0.234375]","[0.25, 0.171875, 0.125, 0.21875, 0.1328125, 0.15625, 0.09375, 0.140625, 0.09375, 0.125, 0.25, 0.15625, 0.203125, 0.0546875, 0.0625, 0.1875, 0.15625, 0.25, 0.1484375, 0.0625, 0.265625]",[52],0.39153101481785735,0.40223875950764904
375,5262.265625,"[0.4375, 0.21875, 0.125, 0.21875, 0.234375, 0.3125, 0.078125, 0.28125, 0.1875, 0.25, 0.25, 0.1875, 0.25, 0.0546875, 0.125, 0.3125, 0.3125, 0.21875, 0.296875, 0.125, 0.234375]","[0.25, 0.171875, 0.125, 0.21875, 0.1328125, 0.15625, 0.09375, 0.140625, 0.09375, 0.125, 0.25, 0.15625, 0.203125, 0.0546875, 0.0625, 0.1875, 0.15625, 0.25, 0.1484375, 0.0625, 0.265625]",[52],0.39153101481785735,0.40223875950764904
376,5242.734375,"[0.4375, 0.21875, 0.125, 0.21875, 0.203125, 0.3125, 0.078125, 0.28125, 0.1875, 0.25, 0.25, 0.1875, 0.265625, 0.0546875, 0.125, 0.3125, 0.3125, 0.21875, 0.296875, 0.125, 0.234375]","[0.25, 0.171875, 0.125, 0.21875, 0.1015625, 0.15625, 0.09375, 0.140625, 0.09375, 0.125, 0.25, 0.15625, 0.2109375, 0.0546875, 0.0625, 0.1875, 0.15625, 0.25, 0.1484375, 0.0625, 0.265625]",[3],0.39450771278591784,0.41288762451324507
377,5242.890625,"[0.4375, 0.21875, 0.125, 0.21875, 0.203125, 0.3125, 0.078125, 0.28125, 0.1875, 0.25, 0.25, 0.1875, 0.265625, 0.0546875, 0.125, 0.3125, 0.3125, 0.21875, 0.296875, 0.125, 0.234375]","[0.25, 0.171875, 0.125, 0.21875, 0.1015625, 0.15625, 0.09375, 0.140625, 0.09375, 0.125, 0.25, 0.15625, 0.2109375, 0.0546875, 0.0625, 0.1875, 0.15625, 0.25, 0.1484375, 0.0625, 0.265625]",[3],0.39450771278591784,0.41288762451324507
378,5281.796875,"[0.4375, 0.21875, 0.125, 0.21875, 0.203125, 0.3125, 0.078125, 0.28125, 0.1875, 0.25, 0.25, 0.1875, 0.265625, 0.0546875, 0.125, 0.3125, 0.3125, 0.21875, 0.296875, 0.125, 0.234375]","[0.25, 0.171875, 0.125, 0.21875, 0.1015625, 0.15625, 0.09375, 0.140625, 0.09375, 0.125, 0.25, 0.15625, 0.2109375, 0.0546875, 0.0625, 0.1875, 0.15625, 0.25, 0.1484375, 0.0625, 0.265625]",[3],0.39450771278591784,0.41288762451324507
379,5362.421875,"[0.4375, 0.21875, 0.125, 0.21875, 0.203125, 0.3125, 0.078125, 0.28125, 0.1875, 0.25, 0.25, 0.1875, 0.265625, 0.1171875, 0.125, 0.3125, 0.3125, 0.21875, 0.296875, 0.125, 0.234375]","[0.25, 0.171875, 0.125, 0.21875, 0.1015625, 0.15625, 0.09375, 0.140625, 0.09375, 0.125, 0.25, 0.15625, 0.2109375, 0.1171875, 0.0625, 0.1875, 0.15625, 0.25, 0.1484375, 0.0625, 0.265625]",[53],0.3680212892318835,0.38380391025011346
380,5401.796875,"[0.4375, 0.21875, 0.125, 0.21875, 0.203125, 0.3125, 0.078125, 0.28125, 0.1875, 0.25, 0.25, 0.1875, 0.265625, 0.1171875, 0.125, 0.3125, 0.3125, 0.21875, 0.296875, 0.0625, 0.234375]","[0.25, 0.171875, 0.125, 0.21875, 0.1015625, 0.15625, 0.09375, 0.140625, 0.09375, 0.125, 0.25, 0.15625, 0.2109375, 0.1171875, 0.0625, 0.1875, 0.15625, 0.25, 0.1484375, 0.03125, 0.265625]",[37],0.39332697017217655,0.4042868365512476
381,5302.890625,"[0.4375, 0.21875, 0.125, 0.21875, 0.203125, 0.3125, 0.078125, 0.28125, 0.0625, 0.25, 0.25, 0.203125, 0.265625, 0.1171875, 0.125, 0.3125, 0.3125, 0.21875, 0.296875, 0.0625, 0.234375]","[0.25, 0.171875, 0.125, 0.21875, 0.1015625, 0.15625, 0.09375, 0.140625, 0.03125, 0.125, 0.25, 0.1640625, 0.2109375, 0.1171875, 0.0625, 0.1875, 0.15625, 0.25, 0.1484375, 0.03125, 0.265625]",[44],0.4305031721167729,0.4385539756583646
382,5263.984375,"[0.4375, 0.21875, 0.125, 0.21875, 0.203125, 0.3125, 0.078125, 0.28125, 0.0625, 0.25, 0.25, 0.203125, 0.265625, 0.1171875, 0.125, 0.3125, 0.3125, 0.21875, 0.296875, 0.0625, 0.234375]","[0.25, 0.171875, 0.125, 0.21875, 0.1015625, 0.15625, 0.09375, 0.140625, 0.03125, 0.125, 0.25, 0.1640625, 0.2109375, 0.1171875, 0.0625, 0.1875, 0.15625, 0.25, 0.1484375, 0.03125, 0.265625]",[44],0.4305031721167729,0.4385539756583646
383,5303.828125,"[0.4375, 0.21875, 0.125, 0.21875, 0.203125, 0.3125, 0.078125, 0.28125, 0.0625, 0.25, 0.25, 0.203125, 0.265625, 0.1484375, 0.125, 0.3125, 0.3125, 0.1875, 0.296875, 0.0625, 0.234375]","[0.25, 0.171875, 0.125, 0.21875, 0.1015625, 0.15625, 0.09375, 0.140625, 0.03125, 0.125, 0.25, 0.1640625, 0.2109375, 0.1484375, 0.0625, 0.1875, 0.15625, 0.1875, 0.1484375, 0.03125, 0.265625]",[5],0.4253761753712131,0.4208619725448444
384,5421.640625,"[0.4375, 0.21875, 0.125, 0.21875, 0.203125, 0.3125, 0.078125, 0.28125, 0.0625, 0.25, 0.25, 0.203125, 0.265625, 0.1484375, 0.125, 0.3125, 0.3125, 0.1875, 0.296875, 0.0, 0.234375]","[0.25, 0.171875, 0.125, 0.21875, 0.1015625, 0.15625, 0.09375, 0.140625, 0.03125, 0.125, 0.25, 0.1640625, 0.2109375, 0.1484375, 0.0625, 0.1875, 0.15625, 0.1875, 0.1484375, 0.0, 0.265625]",[5],0.45803421407353156,0.4452563739719602
385,5224.453125,"[0.4375, 0.21875, 0.125, 0.21875, 0.203125, 0.3125, 0.078125, 0.28125, 0.0625, 0.25, 0.25, 0.203125, 0.265625, 0.1484375, 0.125, 0.3125, 0.3125, 0.1875, 0.296875, 0.0, 0.234375]","[0.25, 0.171875, 0.125, 0.21875, 0.1015625, 0.15625, 0.09375, 0.140625, 0.03125, 0.125, 0.25, 0.1640625, 0.2109375, 0.1484375, 0.0625, 0.1875, 0.15625, 0.1875, 0.1484375, 0.0, 0.265625]",[32],0.45803421407353156,0.4452563739719602
386,5204.453125,"[0.4375, 0.21875, 0.125, 0.21875, 0.203125, 0.3125, 0.078125, 0.28125, 0.0625, 0.25, 0.25, 0.203125, 0.265625, 0.1484375, 0.125, 0.3125, 0.3125, 0.1875, 0.296875, 0.0, 0.234375]","[0.25, 0.171875, 0.125, 0.21875, 0.1015625, 0.15625, 0.09375, 0.140625, 0.03125, 0.125, 0.25, 0.1640625, 0.2109375, 0.1484375, 0.0625, 0.1875, 0.15625, 0.1875, 0.1484375, 0.0, 0.265625]",[32],0.45803421407353156,0.4452563739719602
387,5224.453125,"[0.4375, 0.21875, 0.125, 0.21875, 0.203125, 0.3125, 0.078125, 0.28125, 0.0625, 0.25, 0.25, 0.203125, 0.265625, 0.1484375, 0.125, 0.3125, 0.3125, 0.1875, 0.296875, 0.0, 0.234375]","[0.25, 0.171875, 0.125, 0.21875, 0.1015625, 0.15625, 0.09375, 0.140625, 0.03125, 0.125, 0.25, 0.1640625, 0.2109375, 0.1484375, 0.0625, 0.1875, 0.15625, 0.1875, 0.1484375, 0.0, 0.265625]",[32],0.45803421407353156,0.4452563739719602
388,5263.515625,"[0.4375, 0.34375, 0.125, 0.21875, 0.203125, 0.3125, 0.078125, 0.28125, 0.0625, 0.25, 0.25, 0.203125, 0.265625, 0.1484375, 0.125, 0.3125, 0.3125, 0.1875, 0.296875, 0.0, 0.234375]","[0.25, 0.234375, 0.125, 0.21875, 0.1015625, 0.15625, 0.09375, 0.140625, 0.03125, 0.125, 0.25, 0.1640625, 0.2109375, 0.1484375, 0.0625, 0.1875, 0.15625, 0.1875, 0.1484375, 0.0, 0.265625]",[53],0.4625361537485136,0.4505075568882069
389,5422.890625,"[0.4375, 0.34375, 0.125, 0.21875, 0.203125, 0.3125, 0.078125, 0.28125, 0.0625, 0.25, 0.25, 0.203125, 0.265625, 0.1484375, 0.125, 0.3125, 0.3125, 0.1875, 0.296875, 0.0, 0.296875]","[0.25, 0.234375, 0.125, 0.21875, 0.1015625, 0.15625, 0.09375, 0.140625, 0.03125, 0.125, 0.25, 0.1640625, 0.2109375, 0.1484375, 0.0625, 0.1875, 0.15625, 0.1875, 0.1484375, 0.0, 0.328125]",[62],0.46191022441532975,0.4783130679831571
390,5462.578125,"[0.4375, 0.34375, 0.125, 0.21875, 0.203125, 0.3125, 0.078125, 0.28125, 0.0625, 0.25, 0.25, 0.203125, 0.265625, 0.1484375, 0.125, 0.3125, 0.3125, 0.1875, 0.296875, 0.0, 0.296875]","[0.25, 0.234375, 0.125, 0.21875, 0.1015625, 0.15625, 0.09375, 0.140625, 0.03125, 0.125, 0.25, 0.1640625, 0.2109375, 0.1484375, 0.0625, 0.1875, 0.15625, 0.1875, 0.1484375, 0.0, 0.328125]",[62],0.46191022441532975,0.4783130679831571
391,5442.734375,"[0.4375, 0.3125, 0.125, 0.21875, 0.203125, 0.3125, 0.078125, 0.28125, 0.0625, 0.25, 0.265625, 0.203125, 0.265625, 0.1484375, 0.125, 0.3125, 0.3125, 0.1875, 0.296875, 0.0, 0.296875]","[0.25, 0.21875, 0.125, 0.21875, 0.1015625, 0.15625, 0.09375, 0.140625, 0.03125, 0.125, 0.265625, 0.1640625, 0.2109375, 0.1484375, 0.0625, 0.1875, 0.15625, 0.1875, 0.1484375, 0.0, 0.328125]",[23],0.45780964870477714,0.48025368152250225
392,5462.734375,"[0.4375, 0.3125, 0.125, 0.21875, 0.203125, 0.3125, 0.078125, 0.28125, 0.0625, 0.25, 0.265625, 0.234375, 0.265625, 0.1484375, 0.125, 0.3125, 0.3125, 0.1875, 0.296875, 0.0, 0.296875]","[0.25, 0.21875, 0.125, 0.21875, 0.1015625, 0.15625, 0.09375, 0.140625, 0.03125, 0.125, 0.265625, 0.1796875, 0.2109375, 0.1484375, 0.0625, 0.1875, 0.15625, 0.1875, 0.1484375, 0.0, 0.328125]",[66],0.4544222222132782,0.4788296606284638
393,5542.421875,"[0.4375, 0.3125, 0.125, 0.21875, 0.203125, 0.3125, 0.078125, 0.28125, 0.0625, 0.25, 0.265625, 0.234375, 0.265625, 0.1484375, 0.125, 0.3125, 0.3125, 0.1875, 0.296875, 0.0, 0.296875]","[0.25, 0.21875, 0.125, 0.21875, 0.1015625, 0.15625, 0.09375, 0.140625, 0.03125, 0.125, 0.265625, 0.1796875, 0.2109375, 0.1484375, 0.0625, 0.1875, 0.15625, 0.1875, 0.1484375, 0.0, 0.328125]",[66],0.4544222222132782,0.4788296606284638
394,5620.234375,"[0.4375, 0.3125, 0.125, 0.21875, 0.203125, 0.3125, 0.078125, 0.28125, 0.0625, 0.25, 0.265625, 0.234375, 0.265625, 0.1484375, 0.375, 0.3125, 0.3125, 0.1875, 0.171875, 0.0, 0.296875]","[0.25, 0.21875, 0.125, 0.21875, 0.1015625, 0.15625, 0.09375, 0.140625, 0.03125, 0.125, 0.265625, 0.1796875, 0.2109375, 0.1484375, 0.1875, 0.1875, 0.15625, 0.1875, 0.0859375, 0.0, 0.328125]",[13],0.45208031292409884,0.4633196318444505
395,5501.328125,"[0.4375, 0.3125, 0.125, 0.15625, 0.203125, 0.3125, 0.078125, 0.28125, 0.0625, 0.25, 0.265625, 0.234375, 0.265625, 0.1484375, 0.375, 0.28125, 0.3125, 0.1875, 0.171875, 0.0, 0.296875]","[0.25, 0.21875, 0.125, 0.15625, 0.1015625, 0.15625, 0.09375, 0.140625, 0.03125, 0.125, 0.265625, 0.1796875, 0.2109375, 0.1484375, 0.1875, 0.171875, 0.15625, 0.1875, 0.0859375, 0.0, 0.328125]",[13],0.46189982934900664,0.4660011732019626
396,5382.265625,"[0.4375, 0.3125, 0.125, 0.15625, 0.203125, 0.3125, 0.078125, 0.28125, 0.0625, 0.25, 0.25, 0.234375, 0.265625, 0.1484375, 0.375, 0.28125, 0.3125, 0.1875, 0.171875, 0.0, 0.296875]","[0.25, 0.21875, 0.125, 0.15625, 0.1015625, 0.15625, 0.09375, 0.140625, 0.03125, 0.125, 0.25, 0.1796875, 0.2109375, 0.1484375, 0.1875, 0.171875, 0.15625, 0.1875, 0.0859375, 0.0, 0.328125]",[13],0.46242504451988514,0.4617378959392269
397,5382.265625,"[0.4375, 0.3125, 0.0625, 0.15625, 0.203125, 0.3125, 0.078125, 0.28125, 0.0625, 0.25, 0.25, 0.234375, 0.265625, 0.1484375, 0.375, 0.28125, 0.3125, 0.1875, 0.203125, 0.0, 0.296875]","[0.25, 0.21875, 0.0625, 0.15625, 0.1015625, 0.15625, 0.09375, 0.140625, 0.03125, 0.125, 0.25, 0.1796875, 0.2109375, 0.1484375, 0.1875, 0.171875, 0.15625, 0.1875, 0.1015625, 0.0, 0.328125]",[8],0.4795772170064036,0.4805985146506263
398,5422.265625,"[0.4375, 0.3125, 0.0625, 0.15625, 0.265625, 0.3125, 0.078125, 0.28125, 0.0625, 0.25, 0.25, 0.234375, 0.265625, 0.1484375, 0.375, 0.28125, 0.3125, 0.1875, 0.203125, 0.0, 0.296875]","[0.25, 0.21875, 0.0625, 0.15625, 0.1328125, 0.15625, 0.09375, 0.140625, 0.03125, 0.125, 0.25, 0.1796875, 0.2109375, 0.1484375, 0.1875, 0.171875, 0.15625, 0.1875, 0.1015625, 0.0, 0.328125]",[17],0.4743381901571894,0.4710759356695143
399,5579.765625,"[0.4375, 0.3125, 0.0625, 0.15625, 0.265625, 0.3125, 0.078125, 0.28125, 0.0625, 0.25, 0.25, 0.234375, 0.265625, 0.1484375, 0.375, 0.28125, 0.3125, 0.1875, 0.203125, 0.0, 0.296875]","[0.25, 0.21875, 0.0625, 0.15625, 0.1328125, 0.15625, 0.09375, 0.140625, 0.03125, 0.125, 0.25, 0.1796875, 0.2109375, 0.1484375, 0.1875, 0.171875, 0.15625, 0.1875, 0.1015625, 0.0, 0.328125]",[17],0.4743381901571894,0.4710759356695143
400,5461.953125,"[0.4375, 0.3125, 0.0625, 0.15625, 0.265625, 0.3125, 0.078125, 0.28125, 0.0625, 0.25, 0.25, 0.234375, 0.265625, 0.1484375, 0.375, 0.28125, 0.3125, 0.1875, 0.203125, 0.0, 0.296875]","[0.25, 0.21875, 0.0625, 0.15625, 0.1328125, 0.15625, 0.09375, 0.140625, 0.03125, 0.125, 0.25, 0.1796875, 0.2109375, 0.1484375, 0.1875, 0.171875, 0.15625, 0.1875, 0.1015625, 0.0, 0.328125]",[17],0.4743381901571894,0.4710759356695143
401,5442.109375,"[0.4375, 0.3125, 0.0625, 0.15625, 0.265625, 0.3125, 0.078125, 0.28125, 0.0625, 0.25, 0.25, 0.234375, 0.265625, 0.1484375, 0.375, 0.28125, 0.3125, 0.1875, 0.203125, 0.0, 0.296875]","[0.25, 0.21875, 0.0625, 0.15625, 0.1328125, 0.15625, 0.09375, 0.140625, 0.03125, 0.125, 0.25, 0.1796875, 0.2109375, 0.1484375, 0.1875, 0.171875, 0.15625, 0.1875, 0.1015625, 0.0, 0.328125]",[17],0.4743381901571894,0.4710759356695143
402,5461.953125,"[0.4375, 0.3125, 0.0625, 0.15625, 0.265625, 0.3125, 0.078125, 0.28125, 0.0625, 0.25, 0.25, 0.234375, 0.265625, 0.1484375, 0.375, 0.28125, 0.3125, 0.1875, 0.203125, 0.0, 0.296875]","[0.25, 0.21875, 0.0625, 0.15625, 0.1328125, 0.15625, 0.09375, 0.140625, 0.03125, 0.125, 0.25, 0.1796875, 0.2109375, 0.1484375, 0.1875, 0.171875, 0.15625, 0.1875, 0.1015625, 0.0, 0.328125]",[17],0.4743381901571894,0.4710759356695143
403,5501.015625,"[0.4375, 0.4375, 0.0625, 0.15625, 0.140625, 0.3125, 0.078125, 0.28125, 0.0625, 0.25, 0.25, 0.234375, 0.265625, 0.1484375, 0.375, 0.28125, 0.3125, 0.1875, 0.203125, 0.0, 0.296875]","[0.25, 0.28125, 0.0625, 0.15625, 0.0703125, 0.15625, 0.09375, 0.140625, 0.03125, 0.125, 0.25, 0.1796875, 0.2109375, 0.1484375, 0.1875, 0.171875, 0.15625, 0.1875, 0.1015625, 0.0, 0.328125]",[21],0.5143909280878727,0.5078693643966397
404,5501.015625,"[0.4375, 0.4375, 0.0625, 0.15625, 0.140625, 0.3125, 0.078125, 0.28125, 0.0625, 0.25, 0.25, 0.234375, 0.265625, 0.1484375, 0.375, 0.28125, 0.3125, 0.1875, 0.203125, 0.0, 0.296875]","[0.25, 0.28125, 0.0625, 0.15625, 0.0703125, 0.15625, 0.09375, 0.140625, 0.03125, 0.125, 0.25, 0.1796875, 0.2109375, 0.1484375, 0.1875, 0.171875, 0.15625, 0.1875, 0.1015625, 0.0, 0.328125]",[21],0.5143909280878727,0.5078693643966397
405,5381.953125,"[0.4375, 0.4375, 0.0625, 0.15625, 0.140625, 0.3125, 0.078125, 0.28125, 0.0625, 0.25, 0.28125, 0.234375, 0.265625, 0.1484375, 0.375, 0.28125, 0.3125, 0.1875, 0.203125, 0.0, 0.296875]","[0.25, 0.28125, 0.0625, 0.15625, 0.0703125, 0.15625, 0.09375, 0.140625, 0.03125, 0.125, 0.3125, 0.1796875, 0.2109375, 0.1484375, 0.1875, 0.171875, 0.15625, 0.1875, 0.1015625, 0.0, 0.328125]",[70],0.513131161725199,0.5264763699222017
406,5401.796875,"[0.4375, 0.375, 0.0625, 0.15625, 0.15625, 0.3125, 0.078125, 0.28125, 0.0625, 0.25, 0.28125, 0.234375, 0.265625, 0.1484375, 0.375, 0.28125, 0.3125, 0.1875, 0.203125, 0.0, 0.296875]","[0.25, 0.21875, 0.0625, 0.15625, 0.078125, 0.15625, 0.09375, 0.140625, 0.03125, 0.125, 0.3125, 0.1796875, 0.2109375, 0.1484375, 0.1875, 0.171875, 0.15625, 0.1875, 0.1015625, 0.0, 0.328125]",[45],0.49549239310455956,0.511628880457558
407,5402.109375,"[0.4375, 0.375, 0.0625, 0.15625, 0.15625, 0.1875, 0.078125, 0.28125, 0.0625, 0.25, 0.28125, 0.234375, 0.265625, 0.1484375, 0.375, 0.28125, 0.3125, 0.1875, 0.203125, 0.0, 0.296875]","[0.25, 0.21875, 0.0625, 0.15625, 0.078125, 0.09375, 0.09375, 0.140625, 0.03125, 0.125, 0.3125, 0.1796875, 0.2109375, 0.1484375, 0.1875, 0.171875, 0.15625, 0.1875, 0.1015625, 0.0, 0.328125]",[45],0.5024729191625954,0.5288034892989606
408,5283.046875,"[0.4375, 0.375, 0.0625, 0.21875, 0.15625, 0.1875, 0.078125, 0.28125, 0.0625, 0.25, 0.28125, 0.234375, 0.234375, 0.1484375, 0.375, 0.21875, 0.3125, 0.1875, 0.203125, 0.0, 0.296875]","[0.25, 0.21875, 0.0625, 0.21875, 0.078125, 0.09375, 0.09375, 0.140625, 0.03125, 0.125, 0.3125, 0.1796875, 0.1796875, 0.1484375, 0.1875, 0.140625, 0.15625, 0.1875, 0.1015625, 0.0, 0.328125]",[6],0.4962901505884448,0.531576606897736
409,5362.734375,"[0.4375, 0.375, 0.0625, 0.21875, 0.28125, 0.1875, 0.078125, 0.28125, 0.0625, 0.25, 0.28125, 0.234375, 0.234375, 0.1484375, 0.375, 0.21875, 0.3125, 0.1875, 0.203125, 0.0, 0.296875]","[0.25, 0.21875, 0.0625, 0.21875, 0.140625, 0.09375, 0.09375, 0.140625, 0.03125, 0.125, 0.3125, 0.1796875, 0.1796875, 0.1484375, 0.1875, 0.140625, 0.15625, 0.1875, 0.1015625, 0.0, 0.328125]",[57],0.4823501875562584,0.510706115375325
410,5402.109375,"[0.4375, 0.375, 0.0625, 0.21875, 0.28125, 0.1875, 0.078125, 0.28125, 0.0625, 0.25, 0.28125, 0.234375, 0.234375, 0.1484375, 0.375, 0.21875, 0.3125, 0.1875, 0.203125, 0.0, 0.296875]","[0.25, 0.21875, 0.0625, 0.21875, 0.140625, 0.09375, 0.09375, 0.140625, 0.03125, 0.125, 0.3125, 0.1796875, 0.1796875, 0.1484375, 0.1875, 0.140625, 0.15625, 0.1875, 0.1015625, 0.0, 0.328125]",[57],0.4823501875562584,0.510706115375325
411,5382.578125,"[0.4375, 0.375, 0.0625, 0.21875, 0.28125, 0.1875, 0.078125, 0.28125, 0.0625, 0.25, 0.28125, 0.203125, 0.234375, 0.1484375, 0.375, 0.21875, 0.3125, 0.1875, 0.203125, 0.0, 0.296875]","[0.25, 0.21875, 0.0625, 0.21875, 0.140625, 0.09375, 0.09375, 0.140625, 0.03125, 0.125, 0.3125, 0.1484375, 0.1796875, 0.1484375, 0.1875, 0.140625, 0.15625, 0.1875, 0.1015625, 0.0, 0.328125]",[25],0.4859024891432673,0.5146599735703293
412,5362.421875,"[0.4375, 0.375, 0.125, 0.21875, 0.28125, 0.1875, 0.078125, 0.28125, 0.0625, 0.25, 0.28125, 0.203125, 0.234375, 0.1484375, 0.375, 0.21875, 0.3125, 0.1875, 0.203125, 0.0, 0.296875]","[0.25, 0.21875, 0.09375, 0.21875, 0.140625, 0.09375, 0.09375, 0.140625, 0.03125, 0.125, 0.3125, 0.1484375, 0.1796875, 0.1484375, 0.1875, 0.140625, 0.15625, 0.1875, 0.1015625, 0.0, 0.328125]",[57],0.46336851295782655,0.5004434142640491
413,5441.796875,"[0.4375, 0.375, 0.125, 0.21875, 0.28125, 0.1875, 0.078125, 0.28125, 0.0625, 0.25, 0.28125, 0.203125, 0.234375, 0.1484375, 0.375, 0.21875, 0.3125, 0.1875, 0.203125, 0.0, 0.296875]","[0.25, 0.21875, 0.09375, 0.21875, 0.140625, 0.09375, 0.09375, 0.140625, 0.03125, 0.125, 0.3125, 0.1484375, 0.1796875, 0.1484375, 0.1875, 0.140625, 0.15625, 0.1875, 0.1015625, 0.0, 0.328125]",[57],0.46336851295782655,0.5004434142640491
414,5521.171875,"[0.4375, 0.375, 0.125, 0.21875, 0.28125, 0.3125, 0.078125, 0.28125, 0.0625, 0.25, 0.28125, 0.203125, 0.234375, 0.1484375, 0.375, 0.21875, 0.3125, 0.1875, 0.203125, 0.0, 0.296875]","[0.25, 0.21875, 0.09375, 0.21875, 0.140625, 0.15625, 0.09375, 0.140625, 0.03125, 0.125, 0.3125, 0.1484375, 0.1796875, 0.1484375, 0.1875, 0.140625, 0.15625, 0.1875, 0.1015625, 0.0, 0.328125]",[60],0.4564685312264144,0.48313918506689824
415,5560.546875,"[0.4375, 0.375, 0.125, 0.21875, 0.28125, 0.3125, 0.078125, 0.28125, 0.0625, 0.25, 0.28125, 0.203125, 0.234375, 0.1484375, 0.375, 0.21875, 0.3125, 0.1875, 0.203125, 0.0, 0.296875]","[0.25, 0.21875, 0.09375, 0.21875, 0.140625, 0.15625, 0.09375, 0.140625, 0.03125, 0.125, 0.3125, 0.1484375, 0.1796875, 0.1484375, 0.1875, 0.140625, 0.15625, 0.1875, 0.1015625, 0.0, 0.328125]",[60],0.4564685312264144,0.48313918506689824
416,5540.859375,"[0.4375, 0.375, 0.125, 0.21875, 0.28125, 0.3125, 0.078125, 0.28125, 0.0625, 0.25, 0.28125, 0.203125, 0.234375, 0.1484375, 0.375, 0.21875, 0.3125, 0.1875, 0.203125, 0.0, 0.296875]","[0.25, 0.21875, 0.09375, 0.21875, 0.140625, 0.15625, 0.09375, 0.140625, 0.03125, 0.125, 0.3125, 0.1484375, 0.1796875, 0.1484375, 0.1875, 0.140625, 0.15625, 0.1875, 0.1015625, 0.0, 0.328125]",[60],0.4564685312264144,0.48313918506689824
417,5560.859375,"[0.4375, 0.375, 0.125, 0.21875, 0.28125, 0.3125, 0.078125, 0.28125, 0.0625, 0.25, 0.28125, 0.203125, 0.234375, 0.1484375, 0.375, 0.21875, 0.3125, 0.1875, 0.203125, 0.0, 0.296875]","[0.25, 0.21875, 0.09375, 0.21875, 0.140625, 0.15625, 0.09375, 0.140625, 0.03125, 0.125, 0.3125, 0.1484375, 0.1796875, 0.1484375, 0.1875, 0.140625, 0.15625, 0.1875, 0.1015625, 0.0, 0.328125]",[59],0.4564685312264144,0.48313918506689824
418,5600.546875,"[0.4375, 0.375, 0.125, 0.28125, 0.28125, 0.3125, 0.078125, 0.28125, 0.0625, 0.25, 0.28125, 0.203125, 0.234375, 0.1484375, 0.375, 0.21875, 0.3125, 0.1875, 0.078125, 0.0, 0.296875]","[0.25, 0.21875, 0.09375, 0.28125, 0.140625, 0.15625, 0.09375, 0.140625, 0.03125, 0.125, 0.3125, 0.1484375, 0.1796875, 0.1484375, 0.1875, 0.140625, 0.15625, 0.1875, 0.0390625, 0.0, 0.328125]",[1],0.4861804410827274,0.52461322640348
419,5599.296875,"[0.4375, 0.375, 0.125, 0.28125, 0.28125, 0.3125, 0.078125, 0.28125, 0.0625, 0.25, 0.28125, 0.203125, 0.234375, 0.1484375, 0.625, 0.21875, 0.3125, 0.1875, 0.078125, 0.0, 0.296875]","[0.25, 0.21875, 0.09375, 0.28125, 0.140625, 0.15625, 0.09375, 0.140625, 0.03125, 0.125, 0.3125, 0.1484375, 0.1796875, 0.1484375, 0.3125, 0.140625, 0.15625, 0.1875, 0.0390625, 0.0, 0.328125]",[72],0.567160163714137,0.5417292780624363
420,5638.984375,"[0.1875, 0.375, 0.125, 0.28125, 0.28125, 0.3125, 0.078125, 0.28125, 0.0625, 0.25, 0.28125, 0.203125, 0.234375, 0.1484375, 0.625, 0.21875, 0.3125, 0.1875, 0.078125, 0.0, 0.296875]","[0.125, 0.21875, 0.09375, 0.28125, 0.140625, 0.15625, 0.09375, 0.140625, 0.03125, 0.125, 0.3125, 0.1484375, 0.1796875, 0.1484375, 0.3125, 0.140625, 0.15625, 0.1875, 0.0390625, 0.0, 0.328125]",[34],0.5666586290674142,0.5516286913206706
421,5461.71875,"[0.1875, 0.375, 0.125, 0.28125, 0.28125, 0.3125, 0.078125, 0.28125, 0.0625, 0.25, 0.28125, 0.203125, 0.203125, 0.15625, 0.625, 0.21875, 0.3125, 0.1875, 0.078125, 0.0, 0.296875]","[0.125, 0.21875, 0.09375, 0.28125, 0.140625, 0.15625, 0.09375, 0.140625, 0.03125, 0.125, 0.3125, 0.1484375, 0.1640625, 0.15625, 0.3125, 0.140625, 0.15625, 0.1875, 0.0390625, 0.0, 0.328125]",[29],0.568979949469656,0.5520785997620772
422,5461.40625,"[0.1875, 0.375, 0.125, 0.28125, 0.28125, 0.3125, 0.078125, 0.28125, 0.0625, 0.25, 0.28125, 0.203125, 0.203125, 0.15625, 0.625, 0.21875, 0.3125, 0.1875, 0.078125, 0.0, 0.296875]","[0.125, 0.21875, 0.09375, 0.28125, 0.140625, 0.15625, 0.09375, 0.140625, 0.03125, 0.125, 0.3125, 0.1484375, 0.1640625, 0.15625, 0.3125, 0.140625, 0.15625, 0.1875, 0.0390625, 0.0, 0.328125]",[29],0.568979949469656,0.5520785997620772
423,5501.71875,"[0.1875, 0.375, 0.125, 0.28125, 0.28125, 0.3125, 0.078125, 0.28125, 0.0625, 0.25, 0.28125, 0.203125, 0.203125, 0.1875, 0.625, 0.21875, 0.3125, 0.1875, 0.078125, 0.0, 0.296875]","[0.125, 0.21875, 0.09375, 0.28125, 0.140625, 0.15625, 0.09375, 0.140625, 0.03125, 0.125, 0.3125, 0.1484375, 0.1640625, 0.1875, 0.3125, 0.140625, 0.15625, 0.1875, 0.0390625, 0.0, 0.328125]",[72],0.562436829435349,0.5481863702124736
424,5659.21875,"[0.1875, 0.375, 0.125, 0.28125, 0.28125, 0.3125, 0.078125, 0.28125, 0.0625, 0.25, 0.28125, 0.203125, 0.203125, 0.1875, 0.625, 0.21875, 0.3125, 0.1875, 0.078125, 0.0, 0.296875]","[0.125, 0.21875, 0.09375, 0.28125, 0.140625, 0.15625, 0.09375, 0.140625, 0.03125, 0.125, 0.3125, 0.1484375, 0.1640625, 0.1875, 0.3125, 0.140625, 0.15625, 0.1875, 0.0390625, 0.0, 0.328125]",[72],0.562436829435349,0.5481863702124736
425,5541.40625,"[0.1875, 0.375, 0.125, 0.28125, 0.21875, 0.3125, 0.0625, 0.28125, 0.0625, 0.25, 0.28125, 0.203125, 0.203125, 0.1875, 0.625, 0.21875, 0.3125, 0.21875, 0.078125, 0.0, 0.296875]","[0.125, 0.21875, 0.09375, 0.28125, 0.109375, 0.15625, 0.078125, 0.140625, 0.03125, 0.125, 0.3125, 0.1484375, 0.1640625, 0.1875, 0.3125, 0.140625, 0.15625, 0.25, 0.0390625, 0.0, 0.328125]",[8],0.5685147510583696,0.5649843297873592
426,5442.03125,"[0.1875, 0.375, 0.125, 0.28125, 0.21875, 0.3125, 0.0625, 0.28125, 0.0625, 0.25, 0.28125, 0.203125, 0.21875, 0.1875, 0.625, 0.21875, 0.3125, 0.21875, 0.078125, 0.0, 0.296875]","[0.125, 0.21875, 0.09375, 0.28125, 0.109375, 0.15625, 0.078125, 0.140625, 0.03125, 0.125, 0.3125, 0.1484375, 0.171875, 0.1875, 0.3125, 0.140625, 0.15625, 0.25, 0.0390625, 0.0, 0.328125]",[61],0.5662320958813813,0.5638377909086048
427,5481.40625,"[0.1875, 0.375, 0.125, 0.28125, 0.21875, 0.3125, 0.0625, 0.28125, 0.0625, 0.25, 0.28125, 0.203125, 0.21875, 0.1875, 0.625, 0.21875, 0.3125, 0.21875, 0.078125, 0.0, 0.296875]","[0.125, 0.21875, 0.09375, 0.28125, 0.109375, 0.15625, 0.078125, 0.140625, 0.03125, 0.125, 0.3125, 0.1484375, 0.171875, 0.1875, 0.3125, 0.140625, 0.15625, 0.25, 0.0390625, 0.0, 0.328125]",[61],0.5662320958813813,0.5638377909086048
428,5521.40625,"[0.1875, 0.375, 0.125, 0.28125, 0.203125, 0.3125, 0.0625, 0.28125, 0.0625, 0.25, 0.28125, 0.203125, 0.21875, 0.1875, 0.625, 0.21875, 0.3125, 0.21875, 0.140625, 0.0, 0.296875]","[0.125, 0.21875, 0.09375, 0.28125, 0.1015625, 0.15625, 0.078125, 0.140625, 0.03125, 0.125, 0.3125, 0.1484375, 0.171875, 0.1875, 0.3125, 0.140625, 0.15625, 0.25, 0.0703125, 0.0, 0.328125]",[28],0.5491076859600829,0.5505652821586005
429,5660.3125,"[0.1875, 0.375, 0.125, 0.28125, 0.203125, 0.3125, 0.03125, 0.28125, 0.0625, 0.25, 0.28125, 0.203125, 0.21875, 0.1875, 0.625, 0.21875, 0.3125, 0.21875, 0.140625, 0.0, 0.296875]","[0.125, 0.21875, 0.09375, 0.28125, 0.1015625, 0.15625, 0.046875, 0.140625, 0.03125, 0.125, 0.3125, 0.1484375, 0.171875, 0.1875, 0.3125, 0.140625, 0.15625, 0.25, 0.0703125, 0.0, 0.328125]",[28],0.5619791304784106,0.5657694979860327
430,5461.5625,"[0.1875, 0.375, 0.125, 0.28125, 0.203125, 0.3125, 0.03125, 0.28125, 0.0625, 0.25, 0.28125, 0.203125, 0.234375, 0.1875, 0.625, 0.21875, 0.3125, 0.21875, 0.140625, 0.0, 0.296875]","[0.125, 0.21875, 0.09375, 0.28125, 0.1015625, 0.15625, 0.046875, 0.140625, 0.03125, 0.125, 0.3125, 0.1484375, 0.1953125, 0.1875, 0.3125, 0.140625, 0.15625, 0.25, 0.0703125, 0.0, 0.328125]",[56],0.5600856350235324,0.563478460306935
431,5461.640625,"[0.1875, 0.375, 0.125, 0.28125, 0.203125, 0.3125, 0.03125, 0.28125, 0.0625, 0.25, 0.28125, 0.203125, 0.234375, 0.1875, 0.625, 0.21875, 0.0625, 0.21875, 0.140625, 0.0, 0.296875]","[0.125, 0.21875, 0.09375, 0.28125, 0.1015625, 0.15625, 0.046875, 0.140625, 0.03125, 0.125, 0.3125, 0.1484375, 0.1953125, 0.1875, 0.3125, 0.140625, 0.03125, 0.25, 0.0703125, 0.0, 0.328125]",[56],0.6059342258340518,0.6115764389360583
432,5324.0625,"[0.1875, 0.375, 0.125, 0.28125, 0.203125, 0.3125, 0.03125, 0.28125, 0.0625, 0.25, 0.28125, 0.203125, 0.234375, 0.1875, 0.625, 0.21875, 0.0625, 0.21875, 0.140625, 0.0, 0.3125]","[0.125, 0.21875, 0.09375, 0.28125, 0.1015625, 0.15625, 0.046875, 0.140625, 0.03125, 0.125, 0.3125, 0.1484375, 0.1953125, 0.1875, 0.3125, 0.140625, 0.03125, 0.25, 0.0703125, 0.0, 0.34375]",[73],0.6060915267313265,0.6174021989417425
433,5402.8125,"[0.1875, 0.375, 0.125, 0.28125, 0.203125, 0.3125, 0.03125, 0.28125, 0.1875, 0.25, 0.28125, 0.203125, 0.234375, 0.1875, 0.625, 0.21875, 0.0625, 0.21875, 0.140625, 0.0, 0.3125]","[0.125, 0.21875, 0.09375, 0.28125, 0.1015625, 0.15625, 0.046875, 0.140625, 0.09375, 0.125, 0.3125, 0.1484375, 0.1953125, 0.1875, 0.3125, 0.140625, 0.03125, 0.25, 0.0703125, 0.0, 0.34375]",[75],0.5703828609307146,0.5872881808851659
434,5560.3125,"[0.1875, 0.375, 0.125, 0.28125, 0.203125, 0.3125, 0.03125, 0.28125, 0.1875, 0.25, 0.28125, 0.203125, 0.234375, 0.1875, 0.625, 0.21875, 0.0625, 0.21875, 0.140625, 0.0, 0.3125]","[0.125, 0.21875, 0.09375, 0.28125, 0.1015625, 0.15625, 0.046875, 0.140625, 0.09375, 0.125, 0.3125, 0.1484375, 0.1953125, 0.1875, 0.3125, 0.140625, 0.03125, 0.25, 0.0703125, 0.0, 0.34375]",[75],0.5703828609307146,0.5872881808851659
435,5442.1875,"[0.1875, 0.375, 0.125, 0.28125, 0.203125, 0.3125, 0.03125, 0.28125, 0.1875, 0.25, 0.28125, 0.203125, 0.234375, 0.1875, 0.625, 0.21875, 0.0625, 0.21875, 0.140625, 0.0, 0.3125]","[0.125, 0.21875, 0.09375, 0.28125, 0.1015625, 0.15625, 0.046875, 0.140625, 0.09375, 0.125, 0.3125, 0.1484375, 0.1953125, 0.1875, 0.3125, 0.140625, 0.03125, 0.25, 0.0703125, 0.0, 0.34375]",[75],0.5703828609307146,0.5872881808851659
436,5422.65625,"[0.1875, 0.375, 0.125, 0.28125, 0.203125, 0.3125, 0.03125, 0.28125, 0.1875, 0.25, 0.28125, 0.203125, 0.25, 0.1875, 0.625, 0.21875, 0.0625, 0.21875, 0.140625, 0.0, 0.3125]","[0.125, 0.21875, 0.09375, 0.28125, 0.1015625, 0.15625, 0.046875, 0.140625, 0.09375, 0.125, 0.3125, 0.1484375, 0.203125, 0.1875, 0.3125, 0.140625, 0.03125, 0.25, 0.0703125, 0.0, 0.34375]",[81],0.5689409068736095,0.5868687011071362
437,5462.34375,"[0.1875, 0.375, 0.125, 0.28125, 0.203125, 0.3125, 0.03125, 0.28125, 0.1875, 0.25, 0.28125, 0.203125, 0.21875, 0.1875, 0.625, 0.21875, 0.0625, 0.21875, 0.140625, 0.0, 0.3125]","[0.125, 0.21875, 0.09375, 0.28125, 0.1015625, 0.15625, 0.046875, 0.140625, 0.09375, 0.125, 0.3125, 0.1484375, 0.1875, 0.1875, 0.3125, 0.140625, 0.03125, 0.25, 0.0703125, 0.0, 0.34375]",[39],0.5722199572873059,0.5878912664520914
438,5461.71875,"[0.1875, 0.375, 0.125, 0.28125, 0.203125, 0.3125, 0.03125, 0.28125, 0.1875, 0.25, 0.28125, 0.203125, 0.21875, 0.1875, 0.625, 0.34375, 0.0625, 0.21875, 0.140625, 0.0, 0.3125]","[0.125, 0.21875, 0.09375, 0.28125, 0.1015625, 0.15625, 0.046875, 0.140625, 0.09375, 0.125, 0.3125, 0.1484375, 0.1875, 0.1875, 0.3125, 0.203125, 0.03125, 0.25, 0.0703125, 0.0, 0.34375]",[81],0.5682722573460931,0.5791165771065157
439,5619.21875,"[0.1875, 0.375, 0.125, 0.28125, 0.203125, 0.3125, 0.03125, 0.28125, 0.1875, 0.25, 0.28125, 0.203125, 0.21875, 0.1875, 0.625, 0.34375, 0.3125, 0.21875, 0.140625, 0.0, 0.3125]","[0.125, 0.21875, 0.09375, 0.28125, 0.1015625, 0.15625, 0.046875, 0.140625, 0.09375, 0.125, 0.3125, 0.1484375, 0.1875, 0.1875, 0.3125, 0.203125, 0.15625, 0.25, 0.0703125, 0.0, 0.34375]",[85],0.5217539831519366,0.5310956155267934
440,5659.0625,"[0.1875, 0.375, 0.125, 0.28125, 0.203125, 0.3125, 0.03125, 0.28125, 0.1875, 0.25, 0.28125, 0.203125, 0.21875, 0.1875, 0.625, 0.34375, 0.3125, 0.21875, 0.140625, 0.0, 0.3125]","[0.125, 0.21875, 0.09375, 0.28125, 0.1015625, 0.15625, 0.046875, 0.140625, 0.09375, 0.125, 0.3125, 0.1484375, 0.1875, 0.1875, 0.3125, 0.203125, 0.15625, 0.25, 0.0703125, 0.0, 0.34375]",[85],0.5217539831519366,0.5310956155267934
441,5639.0625,"[0.1875, 0.375, 0.125, 0.28125, 0.203125, 0.3125, 0.03125, 0.28125, 0.1875, 0.25, 0.28125, 0.203125, 0.21875, 0.1875, 0.625, 0.34375, 0.3125, 0.21875, 0.140625, 0.0, 0.3125]","[0.125, 0.21875, 0.09375, 0.28125, 0.1015625, 0.15625, 0.046875, 0.140625, 0.09375, 0.125, 0.3125, 0.1484375, 0.1875, 0.1875, 0.3125, 0.203125, 0.15625, 0.25, 0.0703125, 0.0, 0.34375]",[85],0.5217539831519366,0.5310956155267934
442,5658.59375,"[0.1875, 0.375, 0.125, 0.28125, 0.203125, 0.3125, 0.03125, 0.28125, 0.25, 0.25, 0.28125, 0.203125, 0.21875, 0.1875, 0.625, 0.34375, 0.3125, 0.21875, 0.140625, 0.0, 0.3125]","[0.125, 0.21875, 0.09375, 0.28125, 0.1015625, 0.15625, 0.046875, 0.140625, 0.125, 0.125, 0.3125, 0.1484375, 0.1875, 0.1875, 0.3125, 0.203125, 0.15625, 0.25, 0.0703125, 0.0, 0.34375]",[86],0.5130389365318422,0.5205558554291871
443,5737.34375,"[0.1875, 0.375, 0.125, 0.28125, 0.203125, 0.3125, 0.03125, 0.28125, 0.25, 0.25, 0.28125, 0.203125, 0.21875, 0.1875, 0.625, 0.34375, 0.3125, 0.21875, 0.140625, 0.0, 0.3125]","[0.125, 0.21875, 0.09375, 0.28125, 0.1015625, 0.15625, 0.046875, 0.140625, 0.125, 0.125, 0.3125, 0.1484375, 0.1875, 0.1875, 0.3125, 0.203125, 0.15625, 0.25, 0.0703125, 0.0, 0.34375]",[86],0.5130389365318422,0.5205558554291871
444,5816.09375,"[0.1875, 0.375, 0.125, 0.28125, 0.203125, 0.1875, 0.03125, 0.28125, 0.25, 0.25, 0.28125, 0.203125, 0.21875, 0.1875, 0.625, 0.34375, 0.3125, 0.21875, 0.140625, 0.0, 0.3125]","[0.125, 0.21875, 0.09375, 0.28125, 0.1015625, 0.09375, 0.046875, 0.140625, 0.125, 0.125, 0.3125, 0.1484375, 0.1875, 0.1875, 0.3125, 0.203125, 0.15625, 0.25, 0.0703125, 0.0, 0.34375]",[57],0.5241982677525292,0.5385516738608848
445,5539.53125,"[0.1875, 0.375, 0.125, 0.28125, 0.203125, 0.1875, 0.03125, 0.28125, 0.25, 0.25, 0.28125, 0.203125, 0.21875, 0.1875, 0.625, 0.34375, 0.3125, 0.25, 0.140625, 0.0, 0.3125]","[0.125, 0.21875, 0.09375, 0.28125, 0.1015625, 0.09375, 0.046875, 0.140625, 0.125, 0.125, 0.3125, 0.1484375, 0.1875, 0.1875, 0.3125, 0.203125, 0.15625, 0.3125, 0.0703125, 0.0, 0.34375]",[86],0.5206948067624062,0.5503407695430297
446,5559.375,"[0.1875, 0.375, 0.125, 0.28125, 0.203125, 0.1875, 0.03125, 0.28125, 0.25, 0.25, 0.28125, 0.203125, 0.21875, 0.1875, 0.625, 0.34375, 0.3125, 0.265625, 0.140625, 0.0, 0.3125]","[0.125, 0.21875, 0.09375, 0.28125, 0.1015625, 0.09375, 0.046875, 0.140625, 0.125, 0.125, 0.3125, 0.1484375, 0.1875, 0.1875, 0.3125, 0.203125, 0.15625, 0.328125, 0.0703125, 0.0, 0.34375]",[87],0.5195096347816865,0.5547974137792173
447,5599.0625,"[0.1875, 0.375, 0.125, 0.3125, 0.203125, 0.1875, 0.03125, 0.28125, 0.25, 0.25, 0.28125, 0.203125, 0.21875, 0.1875, 0.625, 0.3125, 0.3125, 0.265625, 0.140625, 0.0, 0.3125]","[0.125, 0.21875, 0.09375, 0.3125, 0.1015625, 0.09375, 0.046875, 0.140625, 0.125, 0.125, 0.3125, 0.1484375, 0.1875, 0.1875, 0.3125, 0.1875, 0.15625, 0.328125, 0.0703125, 0.0, 0.34375]",[0],0.517967078908597,0.5625924957940003
448,5658.125,"[0.1875, 0.375, 0.25, 0.3125, 0.203125, 0.0625, 0.03125, 0.28125, 0.25, 0.25, 0.28125, 0.203125, 0.21875, 0.1875, 0.625, 0.3125, 0.3125, 0.265625, 0.140625, 0.0, 0.3125]","[0.125, 0.21875, 0.15625, 0.3125, 0.1015625, 0.03125, 0.046875, 0.140625, 0.125, 0.125, 0.3125, 0.1484375, 0.1875, 0.1875, 0.3125, 0.1875, 0.15625, 0.328125, 0.0703125, 0.0, 0.34375]",[15],0.5301818756014561,0.5736283141401217
449,5658.125,"[0.1875, 0.375, 0.25, 0.3125, 0.203125, 0.0625, 0.03125, 0.28125, 0.25, 0.25, 0.28125, 0.203125, 0.21875, 0.1875, 0.625, 0.3125, 0.3125, 0.265625, 0.265625, 0.0, 0.3125]","[0.125, 0.21875, 0.15625, 0.3125, 0.1015625, 0.03125, 0.046875, 0.140625, 0.125, 0.125, 0.3125, 0.1484375, 0.1875, 0.1875, 0.3125, 0.1875, 0.15625, 0.328125, 0.1328125, 0.0, 0.34375]",[88],0.5096328576399848,0.551338796204473
450,5697.8125,"[0.1875, 0.375, 0.25, 0.3125, 0.234375, 0.0625, 0.03125, 0.28125, 0.25, 0.25, 0.28125, 0.203125, 0.21875, 0.1875, 0.625, 0.3125, 0.3125, 0.234375, 0.265625, 0.0, 0.3125]","[0.125, 0.21875, 0.15625, 0.3125, 0.1328125, 0.03125, 0.046875, 0.140625, 0.125, 0.125, 0.3125, 0.1484375, 0.1875, 0.1875, 0.3125, 0.1875, 0.15625, 0.265625, 0.1328125, 0.0, 0.34375]",[72],0.5081352975549724,0.528600071657245
451,5677.96875,"[0.1875, 0.375, 0.25, 0.3125, 0.234375, 0.0625, 0.03125, 0.28125, 0.25, 0.25, 0.28125, 0.203125, 0.21875, 0.1875, 0.625, 0.3125, 0.3125, 0.234375, 0.265625, 0.0, 0.3125]","[0.125, 0.21875, 0.15625, 0.3125, 0.1328125, 0.03125, 0.046875, 0.140625, 0.125, 0.125, 0.3125, 0.1484375, 0.1875, 0.1875, 0.3125, 0.1875, 0.15625, 0.265625, 0.1328125, 0.0, 0.34375]",[72],0.5081352975549724,0.528600071657245
452,5697.8125,"[0.1875, 0.375, 0.25, 0.3125, 0.265625, 0.0625, 0.03125, 0.28125, 0.25, 0.25, 0.28125, 0.203125, 0.21875, 0.1875, 0.625, 0.3125, 0.3125, 0.234375, 0.265625, 0.0, 0.3125]","[0.125, 0.21875, 0.15625, 0.3125, 0.1484375, 0.03125, 0.046875, 0.140625, 0.125, 0.125, 0.3125, 0.1484375, 0.1875, 0.1875, 0.3125, 0.1875, 0.15625, 0.265625, 0.1328125, 0.0, 0.34375]",[89],0.505199044730406,0.5247888784649563
453,5777.5,"[0.1875, 0.375, 0.25, 0.3125, 0.265625, 0.0625, 0.03125, 0.28125, 0.25, 0.25, 0.28125, 0.203125, 0.21875, 0.21875, 0.625, 0.3125, 0.3125, 0.234375, 0.265625, 0.0, 0.3125]","[0.125, 0.21875, 0.15625, 0.3125, 0.1484375, 0.03125, 0.046875, 0.140625, 0.125, 0.125, 0.3125, 0.1484375, 0.1875, 0.21875, 0.3125, 0.1875, 0.15625, 0.265625, 0.1328125, 0.0, 0.34375]",[90],0.5,0.5229214982573485
454,5936.875,"[0.1875, 0.375, 0.25, 0.3125, 0.265625, 0.0625, 0.03125, 0.28125, 0.25, 0.25, 0.28125, 0.203125, 0.21875, 0.21875, 0.625, 0.3125, 0.3125, 0.234375, 0.265625, 0.0, 0.3125]","[0.125, 0.21875, 0.15625, 0.3125, 0.1484375, 0.03125, 0.046875, 0.140625, 0.125, 0.125, 0.3125, 0.1484375, 0.1875, 0.21875, 0.3125, 0.1875, 0.15625, 0.265625, 0.1328125, 0.0, 0.34375]",[90],0.5,0.5229214982573485
455,5817.1875,"[0.1875, 0.375, 0.25, 0.3125, 0.265625, 0.0625, 0.03125, 0.28125, 0.25, 0.25, 0.265625, 0.203125, 0.21875, 0.21875, 0.625, 0.3125, 0.3125, 0.234375, 0.265625, 0.0, 0.3125]","[0.125, 0.21875, 0.15625, 0.3125, 0.1484375, 0.03125, 0.046875, 0.140625, 0.125, 0.125, 0.296875, 0.1484375, 0.1875, 0.21875, 0.3125, 0.1875, 0.15625, 0.265625, 0.1328125, 0.0, 0.34375]",[36],0.5009236289767888,0.5191506111197194
456,5777.5,"[0.1875, 0.375, 0.25, 0.3125, 0.28125, 0.0625, 0.03125, 0.28125, 0.25, 0.25, 0.265625, 0.203125, 0.21875, 0.21875, 0.625, 0.3125, 0.3125, 0.234375, 0.265625, 0.0, 0.3125]","[0.125, 0.21875, 0.15625, 0.3125, 0.15625, 0.03125, 0.046875, 0.140625, 0.125, 0.125, 0.296875, 0.1484375, 0.1875, 0.21875, 0.3125, 0.1875, 0.15625, 0.265625, 0.1328125, 0.0, 0.34375]",[90],0.5,0.5175132376697806
457,5817.1875,"[0.1875, 0.375, 0.25, 0.3125, 0.28125, 0.0625, 0.03125, 0.28125, 0.25, 0.25, 0.265625, 0.203125, 0.21875, 0.21875, 0.625, 0.3125, 0.3125, 0.234375, 0.265625, 0.0, 0.3125]","[0.125, 0.21875, 0.15625, 0.3125, 0.15625, 0.03125, 0.046875, 0.140625, 0.125, 0.125, 0.296875, 0.1484375, 0.1875, 0.21875, 0.3125, 0.1875, 0.15625, 0.265625, 0.1328125, 0.0, 0.34375]",[90],0.5,0.5175132376697806
458,5856.875,"[0.1875, 0.375, 0.25, 0.3125, 0.28125, 0.0625, 0.03125, 0.28125, 0.25, 0.25, 0.328125, 0.203125, 0.21875, 0.15625, 0.625, 0.3125, 0.3125, 0.234375, 0.265625, 0.0, 0.3125]","[0.125, 0.21875, 0.15625, 0.3125, 0.15625, 0.03125, 0.046875, 0.140625, 0.125, 0.125, 0.359375, 0.1484375, 0.1875, 0.15625, 0.3125, 0.1875, 0.15625, 0.265625, 0.1328125, 0.0, 0.34375]",[3],0.5103103630798288,0.5431089417496695
459,5856.25,"[0.1875, 0.375, 0.25, 0.3125, 0.28125, 0.1875, 0.03125, 0.28125, 0.25, 0.25, 0.328125, 0.203125, 0.21875, 0.15625, 0.625, 0.3125, 0.3125, 0.234375, 0.265625, 0.0, 0.25]","[0.125, 0.21875, 0.15625, 0.3125, 0.15625, 0.09375, 0.046875, 0.140625, 0.125, 0.125, 0.359375, 0.1484375, 0.1875, 0.15625, 0.3125, 0.1875, 0.15625, 0.265625, 0.1328125, 0.0, 0.28125]",[40],0.47752244100240954,0.49669440195000075
460,5736.71875,"[0.1875, 0.375, 0.25, 0.3125, 0.28125, 0.1875, 0.03125, 0.28125, 0.25, 0.25, 0.328125, 0.203125, 0.21875, 0.15625, 0.625, 0.3125, 0.25, 0.234375, 0.265625, 0.0, 0.1875]","[0.125, 0.21875, 0.15625, 0.3125, 0.15625, 0.09375, 0.046875, 0.140625, 0.125, 0.125, 0.359375, 0.1484375, 0.1875, 0.15625, 0.3125, 0.1875, 0.125, 0.265625, 0.1328125, 0.0, 0.21875]",[4],0.489029005845841,0.4974889688245151
461,5517.96875,"[0.1875, 0.375, 0.25, 0.3125, 0.28125, 0.1875, 0.03125, 0.28125, 0.25, 0.25, 0.328125, 0.203125, 0.21875, 0.15625, 0.625, 0.3125, 0.25, 0.234375, 0.265625, 0.0, 0.1875]","[0.125, 0.21875, 0.15625, 0.3125, 0.15625, 0.09375, 0.046875, 0.140625, 0.125, 0.125, 0.359375, 0.1484375, 0.1875, 0.15625, 0.3125, 0.1875, 0.125, 0.265625, 0.1328125, 0.0, 0.21875]",[4],0.489029005845841,0.4974889688245151
462,5537.5,"[0.1875, 0.375, 0.25, 0.3125, 0.28125, 0.1875, 0.03125, 0.28125, 0.3125, 0.25, 0.328125, 0.203125, 0.21875, 0.15625, 0.625, 0.3125, 0.25, 0.234375, 0.265625, 0.0, 0.1875]","[0.125, 0.21875, 0.15625, 0.3125, 0.15625, 0.09375, 0.046875, 0.140625, 0.15625, 0.125, 0.359375, 0.1484375, 0.1875, 0.15625, 0.3125, 0.1875, 0.125, 0.265625, 0.1328125, 0.0, 0.21875]",[40],0.4864228025670084,0.49002573702701613
463,5616.25,"[0.1875, 0.375, 0.25, 0.3125, 0.28125, 0.1875, 0.03125, 0.28125, 0.3125, 0.25, 0.328125, 0.171875, 0.21875, 0.15625, 0.625, 0.3125, 0.25, 0.234375, 0.265625, 0.0, 0.1875]","[0.125, 0.21875, 0.15625, 0.3125, 0.15625, 0.09375, 0.046875, 0.140625, 0.15625, 0.125, 0.359375, 0.1328125, 0.1875, 0.15625, 0.3125, 0.1875, 0.125, 0.265625, 0.1328125, 0.0, 0.21875]",[40],0.4923670673214782,0.4937627496000098
464,5656.5625,"[0.1875, 0.375, 0.25, 0.3125, 0.28125, 0.1875, 0.03125, 0.28125, 0.3125, 0.25, 0.328125, 0.171875, 0.1875, 0.15625, 0.625, 0.3125, 0.25, 0.234375, 0.265625, 0.0, 0.1875]","[0.125, 0.21875, 0.15625, 0.3125, 0.15625, 0.09375, 0.046875, 0.140625, 0.15625, 0.125, 0.359375, 0.1328125, 0.15625, 0.15625, 0.3125, 0.1875, 0.125, 0.265625, 0.1328125, 0.0, 0.21875]",[5],0.49752617807122823,0.4979985111568824
465,5497.5,"[0.25, 0.375, 0.25, 0.3125, 0.28125, 0.1875, 0.03125, 0.28125, 0.3125, 0.25, 0.328125, 0.171875, 0.1875, 0.15625, 0.625, 0.3125, 0.25, 0.234375, 0.265625, 0.0, 0.1875]","[0.1875, 0.21875, 0.15625, 0.3125, 0.15625, 0.09375, 0.046875, 0.140625, 0.15625, 0.125, 0.359375, 0.1328125, 0.15625, 0.15625, 0.3125, 0.1875, 0.125, 0.265625, 0.1328125, 0.0, 0.21875]",[40],0.48871186369300035,0.4862776477950498
466,5517.1875,"[0.1875, 0.375, 0.25, 0.3125, 0.28125, 0.1875, 0.03125, 0.28125, 0.3125, 0.25, 0.328125, 0.171875, 0.1875, 0.15625, 0.375, 0.3125, 0.25, 0.234375, 0.265625, 0.0, 0.1875]","[0.125, 0.21875, 0.15625, 0.3125, 0.15625, 0.09375, 0.046875, 0.140625, 0.15625, 0.125, 0.359375, 0.1328125, 0.15625, 0.15625, 0.1875, 0.1875, 0.125, 0.265625, 0.1328125, 0.0, 0.21875]",[1],0.4021353833322803,0.47949925424035794
467,5340.0,"[0.25, 0.375, 0.25, 0.3125, 0.28125, 0.1875, 0.03125, 0.28125, 0.3125, 0.25, 0.328125, 0.171875, 0.1875, 0.15625, 0.375, 0.3125, 0.25, 0.109375, 0.265625, 0.0, 0.1875]","[0.15625, 0.21875, 0.15625, 0.3125, 0.15625, 0.09375, 0.046875, 0.140625, 0.15625, 0.125, 0.359375, 0.1328125, 0.15625, 0.15625, 0.1875, 0.1875, 0.125, 0.140625, 0.1328125, 0.0, 0.21875]",[40],0.4217636961434867,0.4705151774167934
468,5260.9375,"[0.25, 0.375, 0.25, 0.3125, 0.28125, 0.1875, 0.0625, 0.28125, 0.3125, 0.25, 0.328125, 0.171875, 0.1875, 0.15625, 0.375, 0.3125, 0.25, 0.109375, 0.265625, 0.0, 0.1875]","[0.15625, 0.21875, 0.15625, 0.3125, 0.15625, 0.09375, 0.078125, 0.140625, 0.15625, 0.125, 0.359375, 0.1328125, 0.15625, 0.15625, 0.1875, 0.1875, 0.125, 0.140625, 0.1328125, 0.0, 0.21875]",[42],0.40679649304040166,0.45399306949587875
469,5419.6875,"[0.25, 0.375, 0.25, 0.3125, 0.28125, 0.1875, 0.0625, 0.28125, 0.3125, 0.25, 0.328125, 0.171875, 0.1875, 0.15625, 0.375, 0.3125, 0.25, 0.109375, 0.265625, 0.125, 0.1875]","[0.15625, 0.21875, 0.15625, 0.3125, 0.15625, 0.09375, 0.078125, 0.140625, 0.15625, 0.125, 0.359375, 0.1328125, 0.15625, 0.15625, 0.1875, 0.1875, 0.125, 0.140625, 0.1328125, 0.0625, 0.21875]",[47],0.34821406932695104,0.41197597881559345
470,5459.53125,"[0.25, 0.375, 0.25, 0.3125, 0.28125, 0.1875, 0.0625, 0.28125, 0.3125, 0.25, 0.328125, 0.171875, 0.1875, 0.171875, 0.375, 0.3125, 0.25, 0.109375, 0.265625, 0.125, 0.1875]","[0.15625, 0.21875, 0.15625, 0.3125, 0.15625, 0.09375, 0.078125, 0.140625, 0.15625, 0.125, 0.359375, 0.1328125, 0.15625, 0.1875, 0.1875, 0.1875, 0.125, 0.140625, 0.1328125, 0.0625, 0.21875]",[49],0.34430808110112304,0.40916671702446367
471,5479.375,"[0.25, 0.375, 0.25, 0.3125, 0.28125, 0.203125, 0.0625, 0.28125, 0.3125, 0.25, 0.328125, 0.171875, 0.1875, 0.171875, 0.375, 0.3125, 0.25, 0.109375, 0.265625, 0.125, 0.1875]","[0.15625, 0.21875, 0.15625, 0.3125, 0.15625, 0.1015625, 0.078125, 0.140625, 0.15625, 0.125, 0.359375, 0.1328125, 0.15625, 0.1875, 0.1875, 0.1875, 0.125, 0.140625, 0.1328125, 0.0625, 0.21875]",[53],0.3415482915817264,0.40598942126208015
472,5519.21875,"[0.25, 0.375, 0.25, 0.3125, 0.28125, 0.203125, 0.0625, 0.28125, 0.3125, 0.25, 0.328125, 0.171875, 0.1875, 0.171875, 0.375, 0.3125, 0.25, 0.109375, 0.265625, 0.125, 0.1875]","[0.15625, 0.21875, 0.15625, 0.3125, 0.15625, 0.1015625, 0.078125, 0.140625, 0.15625, 0.125, 0.359375, 0.1328125, 0.15625, 0.1875, 0.1875, 0.1875, 0.125, 0.140625, 0.1328125, 0.0625, 0.21875]",[53],0.3415482915817264,0.40598942126208015
473,5558.125,"[0.25, 0.375, 0.25, 0.3125, 0.28125, 0.203125, 0.0625, 0.28125, 0.3125, 0.25, 0.328125, 0.171875, 0.1875, 0.171875, 0.375, 0.3125, 0.25, 0.109375, 0.265625, 0.125, 0.1875]","[0.15625, 0.21875, 0.15625, 0.3125, 0.15625, 0.1015625, 0.078125, 0.140625, 0.15625, 0.125, 0.359375, 0.1328125, 0.15625, 0.1875, 0.1875, 0.1875, 0.125, 0.140625, 0.1328125, 0.0625, 0.21875]",[53],0.3415482915817264,0.40598942126208015
474,5638.125,"[0.25, 0.375, 0.25, 0.3125, 0.28125, 0.203125, 0.0625, 0.28125, 0.3125, 0.25, 0.328125, 0.171875, 0.1875, 0.171875, 0.375, 0.3125, 0.25, 0.109375, 0.265625, 0.125, 0.1875]","[0.15625, 0.21875, 0.15625, 0.3125, 0.15625, 0.1015625, 0.078125, 0.140625, 0.15625, 0.125, 0.359375, 0.1328125, 0.15625, 0.1875, 0.1875, 0.1875, 0.125, 0.140625, 0.1328125, 0.0625, 0.21875]",[53],0.3415482915817264,0.40598942126208015
475,5519.0625,"[0.25, 0.375, 0.25, 0.3125, 0.28125, 0.203125, 0.0625, 0.28125, 0.3125, 0.25, 0.328125, 0.171875, 0.1875, 0.171875, 0.375, 0.3125, 0.25, 0.109375, 0.265625, 0.125, 0.1875]","[0.15625, 0.21875, 0.15625, 0.3125, 0.15625, 0.1015625, 0.078125, 0.140625, 0.15625, 0.125, 0.359375, 0.1328125, 0.15625, 0.1875, 0.1875, 0.1875, 0.125, 0.140625, 0.1328125, 0.0625, 0.21875]",[53],0.3415482915817264,0.40598942126208015
476,5499.296875,"[0.25, 0.375, 0.25, 0.3125, 0.28125, 0.203125, 0.0625, 0.28125, 0.3125, 0.25, 0.328125, 0.171875, 0.1875, 0.171875, 0.375, 0.3125, 0.25, 0.109375, 0.265625, 0.125, 0.1875]","[0.15625, 0.21875, 0.15625, 0.3125, 0.15625, 0.1015625, 0.078125, 0.140625, 0.15625, 0.125, 0.359375, 0.1328125, 0.15625, 0.1875, 0.1875, 0.1875, 0.125, 0.140625, 0.1328125, 0.0625, 0.21875]",[53],0.3415482915817264,0.40598942126208015
477,5519.0625,"[0.25, 0.375, 0.25, 0.3125, 0.28125, 0.203125, 0.0625, 0.28125, 0.3125, 0.25, 0.328125, 0.171875, 0.1875, 0.171875, 0.375, 0.3125, 0.25, 0.140625, 0.265625, 0.125, 0.1875]","[0.15625, 0.21875, 0.15625, 0.3125, 0.15625, 0.1015625, 0.078125, 0.140625, 0.15625, 0.125, 0.359375, 0.1328125, 0.15625, 0.1875, 0.1875, 0.1875, 0.125, 0.171875, 0.1328125, 0.0625, 0.21875]",[91],0.3306344375869728,0.4009688317701401
478,5598.75,"[0.25, 0.375, 0.25, 0.3125, 0.28125, 0.203125, 0.0625, 0.28125, 0.3125, 0.25, 0.328125, 0.171875, 0.1875, 0.171875, 0.375, 0.3125, 0.25, 0.140625, 0.265625, 0.125, 0.1875]","[0.15625, 0.21875, 0.15625, 0.3125, 0.15625, 0.1015625, 0.078125, 0.140625, 0.15625, 0.125, 0.359375, 0.1328125, 0.15625, 0.1875, 0.1875, 0.1875, 0.125, 0.171875, 0.1328125, 0.0625, 0.21875]",[91],0.3306344375869728,0.4009688317701401
479,5677.8125,"[0.25, 0.375, 0.25, 0.3125, 0.28125, 0.203125, 0.0625, 0.28125, 0.3125, 0.25, 0.328125, 0.171875, 0.1875, 0.171875, 0.375, 0.3125, 0.25, 0.140625, 0.265625, 0.25, 0.171875]","[0.15625, 0.21875, 0.15625, 0.3125, 0.15625, 0.1015625, 0.078125, 0.140625, 0.15625, 0.125, 0.359375, 0.1328125, 0.15625, 0.1875, 0.1875, 0.1875, 0.125, 0.171875, 0.1328125, 0.125, 0.203125]",[56],0.3085064948075153,0.3727499021460182
480,5677.8125,"[0.25, 0.375, 0.25, 0.3125, 0.28125, 0.203125, 0.078125, 0.28125, 0.3125, 0.25, 0.328125, 0.171875, 0.1875, 0.171875, 0.375, 0.3125, 0.25, 0.140625, 0.265625, 0.25, 0.171875]","[0.15625, 0.21875, 0.15625, 0.3125, 0.15625, 0.1015625, 0.109375, 0.140625, 0.15625, 0.125, 0.359375, 0.1328125, 0.15625, 0.1875, 0.1875, 0.1875, 0.125, 0.171875, 0.1328125, 0.125, 0.203125]",[92],0.3005367686546013,0.35881698600872275
481,5697.734375,"[0.25, 0.375, 0.25, 0.3125, 0.28125, 0.203125, 0.078125, 0.28125, 0.3125, 0.25, 0.328125, 0.171875, 0.1875, 0.171875, 0.375, 0.3125, 0.25, 0.140625, 0.265625, 0.25, 0.171875]","[0.15625, 0.21875, 0.15625, 0.3125, 0.15625, 0.1015625, 0.109375, 0.140625, 0.15625, 0.125, 0.359375, 0.1328125, 0.15625, 0.1875, 0.1875, 0.1875, 0.125, 0.171875, 0.1328125, 0.125, 0.203125]",[92],0.3005367686546013,0.35881698600872275
482,5717.5,"[0.25, 0.375, 0.25, 0.3125, 0.28125, 0.234375, 0.078125, 0.28125, 0.3125, 0.25, 0.328125, 0.171875, 0.1875, 0.1015625, 0.375, 0.3125, 0.25, 0.140625, 0.265625, 0.25, 0.171875]","[0.15625, 0.21875, 0.15625, 0.3125, 0.15625, 0.1171875, 0.109375, 0.140625, 0.15625, 0.125, 0.359375, 0.1328125, 0.15625, 0.1171875, 0.1875, 0.1875, 0.125, 0.171875, 0.1328125, 0.125, 0.203125]",[34],0.3201284182309874,0.3657449025936179
483,5617.578125,"[0.25, 0.375, 0.25, 0.3125, 0.28125, 0.296875, 0.078125, 0.28125, 0.3125, 0.25, 0.328125, 0.171875, 0.1875, 0.1015625, 0.375, 0.3125, 0.25, 0.140625, 0.265625, 0.25, 0.171875]","[0.15625, 0.21875, 0.15625, 0.3125, 0.15625, 0.1484375, 0.109375, 0.140625, 0.15625, 0.125, 0.359375, 0.1328125, 0.15625, 0.1171875, 0.1875, 0.1875, 0.125, 0.171875, 0.1328125, 0.125, 0.203125]",[44],0.3189409025191162,0.3573055880231726
484,5776.953125,"[0.25, 0.3125, 0.25, 0.3125, 0.28125, 0.296875, 0.078125, 0.28125, 0.3125, 0.25, 0.328125, 0.171875, 0.1875, 0.1015625, 0.375, 0.3125, 0.25, 0.140625, 0.265625, 0.25, 0.1640625]","[0.15625, 0.15625, 0.15625, 0.3125, 0.15625, 0.1484375, 0.109375, 0.140625, 0.15625, 0.125, 0.359375, 0.1328125, 0.15625, 0.1171875, 0.1875, 0.1875, 0.125, 0.171875, 0.1328125, 0.125, 0.1953125]",[31],0.3099806833064714,0.3577921715460704
485,5598.125,"[0.25, 0.3125, 0.25, 0.3125, 0.28125, 0.296875, 0.078125, 0.28125, 0.3125, 0.25, 0.328125, 0.171875, 0.1875, 0.1015625, 0.375, 0.3125, 0.25, 0.140625, 0.140625, 0.25, 0.1640625]","[0.15625, 0.15625, 0.15625, 0.3125, 0.15625, 0.1484375, 0.109375, 0.140625, 0.15625, 0.125, 0.359375, 0.1328125, 0.15625, 0.1171875, 0.1875, 0.1875, 0.125, 0.171875, 0.0703125, 0.125, 0.1953125]",[15],0.330436440250096,0.38321324579188404
486,5419.453125,"[0.25, 0.3125, 0.25, 0.3125, 0.28125, 0.296875, 0.078125, 0.28125, 0.3125, 0.25, 0.328125, 0.171875, 0.1875, 0.1015625, 0.375, 0.3125, 0.25, 0.140625, 0.140625, 0.25, 0.1640625]","[0.15625, 0.15625, 0.15625, 0.3125, 0.15625, 0.1484375, 0.109375, 0.140625, 0.15625, 0.125, 0.359375, 0.1328125, 0.15625, 0.1171875, 0.1875, 0.1875, 0.125, 0.171875, 0.0703125, 0.125, 0.1953125]",[15],0.330436440250096,0.38321324579188404
487,5439.21875,"[0.25, 0.3125, 0.25, 0.3125, 0.3125, 0.296875, 0.078125, 0.28125, 0.3125, 0.25, 0.328125, 0.171875, 0.1875, 0.1015625, 0.375, 0.3125, 0.25, 0.140625, 0.140625, 0.25, 0.1640625]","[0.15625, 0.15625, 0.15625, 0.3125, 0.171875, 0.1484375, 0.109375, 0.140625, 0.15625, 0.125, 0.359375, 0.1328125, 0.15625, 0.1171875, 0.1875, 0.1875, 0.125, 0.171875, 0.0703125, 0.125, 0.1953125]",[31],0.33269919957290206,0.38145644797541617
488,5518.59375,"[0.25, 0.3125, 0.25, 0.3125, 0.3125, 0.296875, 0.078125, 0.28125, 0.3125, 0.25, 0.328125, 0.171875, 0.1875, 0.1015625, 0.375, 0.3125, 0.25, 0.203125, 0.140625, 0.25, 0.1640625]","[0.15625, 0.15625, 0.15625, 0.3125, 0.171875, 0.1484375, 0.109375, 0.140625, 0.15625, 0.125, 0.359375, 0.1328125, 0.15625, 0.1171875, 0.1875, 0.1875, 0.125, 0.234375, 0.0703125, 0.125, 0.1953125]",[44],0.31767644098000375,0.3849418082917411
489,5676.09375,"[0.25, 0.3125, 0.25, 0.3125, 0.3125, 0.296875, 0.078125, 0.28125, 0.3125, 0.1875, 0.328125, 0.15625, 0.1875, 0.1015625, 0.375, 0.3125, 0.25, 0.203125, 0.140625, 0.25, 0.1640625]","[0.15625, 0.15625, 0.15625, 0.3125, 0.171875, 0.1484375, 0.109375, 0.140625, 0.15625, 0.09375, 0.359375, 0.125, 0.15625, 0.1171875, 0.1875, 0.1875, 0.125, 0.234375, 0.0703125, 0.125, 0.1953125]",[9],0.3294744051220733,0.39844758979245676
490,5499.0625,"[0.25, 0.3125, 0.25, 0.3125, 0.3125, 0.296875, 0.078125, 0.28125, 0.3125, 0.1875, 0.328125, 0.15625, 0.1875, 0.1015625, 0.375, 0.3125, 0.25, 0.203125, 0.140625, 0.25, 0.1640625]","[0.15625, 0.15625, 0.15625, 0.3125, 0.171875, 0.1484375, 0.109375, 0.140625, 0.15625, 0.09375, 0.359375, 0.125, 0.15625, 0.1171875, 0.1875, 0.1875, 0.125, 0.234375, 0.0703125, 0.125, 0.1953125]",[9],0.3294744051220733,0.39844758979245676
491,5479.0625,"[0.25, 0.3125, 0.25, 0.3125, 0.3125, 0.296875, 0.078125, 0.28125, 0.3125, 0.21875, 0.328125, 0.15625, 0.1875, 0.1015625, 0.375, 0.3125, 0.25, 0.203125, 0.140625, 0.25, 0.1640625]","[0.15625, 0.15625, 0.15625, 0.3125, 0.171875, 0.1484375, 0.109375, 0.140625, 0.15625, 0.109375, 0.359375, 0.125, 0.15625, 0.1171875, 0.1875, 0.1875, 0.125, 0.234375, 0.0703125, 0.125, 0.1953125]",[37],0.3244508558482543,0.3922733080573871
492,5518.75,"[0.25, 0.3125, 0.25, 0.3125, 0.3125, 0.296875, 0.078125, 0.28125, 0.3125, 0.21875, 0.328125, 0.15625, 0.1875, 0.1015625, 0.375, 0.3125, 0.25, 0.203125, 0.140625, 0.25, 0.1640625]","[0.15625, 0.15625, 0.15625, 0.3125, 0.171875, 0.1484375, 0.109375, 0.140625, 0.15625, 0.109375, 0.359375, 0.125, 0.15625, 0.1171875, 0.1875, 0.1875, 0.125, 0.234375, 0.0703125, 0.125, 0.1953125]",[37],0.3244508558482543,0.3922733080573871
493,5557.8125,"[0.25, 0.3125, 0.25, 0.3125, 0.3125, 0.296875, 0.078125, 0.28125, 0.3125, 0.34375, 0.328125, 0.15625, 0.1875, 0.1015625, 0.375, 0.3125, 0.25, 0.203125, 0.140625, 0.25, 0.1640625]","[0.15625, 0.15625, 0.15625, 0.3125, 0.171875, 0.1484375, 0.109375, 0.140625, 0.15625, 0.171875, 0.359375, 0.125, 0.15625, 0.1171875, 0.1875, 0.1875, 0.125, 0.234375, 0.0703125, 0.125, 0.1953125]",[44],0.3273688894189601,0.37793175306171234
494,5717.1875,"[0.25, 0.3125, 0.25, 0.3125, 0.3125, 0.296875, 0.078125, 0.28125, 0.3125, 0.34375, 0.328125, 0.15625, 0.1875, 0.1015625, 0.375, 0.3125, 0.25, 0.203125, 0.109375, 0.25, 0.1640625]","[0.15625, 0.15625, 0.15625, 0.3125, 0.171875, 0.1484375, 0.109375, 0.140625, 0.15625, 0.171875, 0.359375, 0.125, 0.15625, 0.1171875, 0.1875, 0.1875, 0.125, 0.234375, 0.0546875, 0.125, 0.1953125]",[38],0.33830946647728233,0.3868634079312801
495,5557.8125,"[0.25, 0.3125, 0.25, 0.3125, 0.3125, 0.234375, 0.078125, 0.28125, 0.3125, 0.34375, 0.328125, 0.15625, 0.1875, 0.1015625, 0.375, 0.3125, 0.25, 0.203125, 0.109375, 0.25, 0.1640625]","[0.15625, 0.15625, 0.15625, 0.3125, 0.171875, 0.1171875, 0.109375, 0.140625, 0.15625, 0.171875, 0.359375, 0.125, 0.15625, 0.1171875, 0.1875, 0.1875, 0.125, 0.234375, 0.0546875, 0.125, 0.1953125]",[38],0.339490982218576,0.3950808637341081
496,5458.59375,"[0.25, 0.3125, 0.25, 0.3125, 0.3125, 0.234375, 0.078125, 0.28125, 0.3125, 0.34375, 0.328125, 0.171875, 0.1875, 0.1015625, 0.375, 0.3125, 0.25, 0.203125, 0.109375, 0.25, 0.1640625]","[0.15625, 0.15625, 0.15625, 0.3125, 0.171875, 0.1171875, 0.109375, 0.140625, 0.15625, 0.171875, 0.359375, 0.1328125, 0.15625, 0.1171875, 0.1875, 0.1875, 0.125, 0.234375, 0.0546875, 0.125, 0.1953125]",[44],0.3354981547411285,0.3929056573540876
497,5498.28125,"[0.25, 0.3125, 0.25, 0.3125, 0.3125, 0.234375, 0.078125, 0.28125, 0.3125, 0.34375, 0.328125, 0.171875, 0.1875, 0.1015625, 0.375, 0.3125, 0.25, 0.203125, 0.140625, 0.25, 0.1640625]","[0.15625, 0.15625, 0.15625, 0.3125, 0.171875, 0.1171875, 0.109375, 0.140625, 0.15625, 0.171875, 0.359375, 0.1328125, 0.15625, 0.1171875, 0.1875, 0.1875, 0.125, 0.234375, 0.0703125, 0.125, 0.1953125]",[58],0.3244817069786256,0.38402983184075296
498,5577.65625,"[0.25, 0.3125, 0.25, 0.3125, 0.3125, 0.234375, 0.078125, 0.28125, 0.3125, 0.21875, 0.328125, 0.234375, 0.1875, 0.1015625, 0.375, 0.3125, 0.25, 0.203125, 0.140625, 0.25, 0.1640625]","[0.15625, 0.15625, 0.15625, 0.3125, 0.171875, 0.1171875, 0.109375, 0.140625, 0.15625, 0.109375, 0.359375, 0.1640625, 0.15625, 0.1171875, 0.1875, 0.1875, 0.125, 0.234375, 0.0703125, 0.125, 0.1953125]",[37],0.31041638363516405,0.3922351886459031
499,5657.65625,"[0.25, 0.3125, 0.25, 0.3125, 0.3125, 0.234375, 0.078125, 0.28125, 0.3125, 0.21875, 0.328125, 0.234375, 0.3125, 0.1015625, 0.375, 0.3125, 0.25, 0.203125, 0.140625, 0.25, 0.1640625]","[0.15625, 0.15625, 0.15625, 0.3125, 0.171875, 0.1171875, 0.109375, 0.140625, 0.15625, 0.109375, 0.359375, 0.1640625, 0.21875, 0.1171875, 0.1875, 0.1875, 0.125, 0.234375, 0.0703125, 0.125, 0.1953125]",[78],0.3041774932946944,0.3904053522654567
500,5697.5,"[0.25, 0.3125, 0.25, 0.3125, 0.3125, 0.234375, 0.078125, 0.28125, 0.3125, 0.21875, 0.3125, 0.234375, 0.3125, 0.1015625, 0.375, 0.3125, 0.25, 0.203125, 0.140625, 0.25, 0.1640625]","[0.15625, 0.15625, 0.15625, 0.3125, 0.171875, 0.1171875, 0.109375, 0.140625, 0.15625, 0.109375, 0.34375, 0.1640625, 0.21875, 0.1171875, 0.1875, 0.1875, 0.125, 0.234375, 0.0703125, 0.125, 0.1953125]",[62],0.30225436928879673,0.37988297348241706
501,5657.65625,"[0.25, 0.3125, 0.25, 0.3125, 0.3125, 0.234375, 0.078125, 0.28125, 0.3125, 0.21875, 0.3125, 0.234375, 0.3125, 0.1015625, 0.375, 0.3125, 0.25, 0.203125, 0.15625, 0.25, 0.1640625]","[0.15625, 0.15625, 0.15625, 0.3125, 0.171875, 0.1171875, 0.109375, 0.140625, 0.15625, 0.109375, 0.34375, 0.1640625, 0.21875, 0.1171875, 0.1875, 0.1875, 0.125, 0.234375, 0.078125, 0.125, 0.1953125]",[78],0.29733351247904705,0.37578787655073637
502,5697.34375,"[0.25, 0.3125, 0.25, 0.3125, 0.3125, 0.234375, 0.078125, 0.28125, 0.3125, 0.21875, 0.3125, 0.234375, 0.3125, 0.1015625, 0.375, 0.3125, 0.25, 0.203125, 0.15625, 0.25, 0.1640625]","[0.15625, 0.15625, 0.15625, 0.3125, 0.171875, 0.1171875, 0.109375, 0.140625, 0.15625, 0.109375, 0.34375, 0.1640625, 0.21875, 0.1171875, 0.1875, 0.1875, 0.125, 0.234375, 0.078125, 0.125, 0.1953125]",[78],0.29733351247904705,0.37578787655073637
503,5737.03125,"[0.25, 0.3125, 0.25, 0.375, 0.3125, 0.234375, 0.078125, 0.28125, 0.3125, 0.21875, 0.3125, 0.234375, 0.3125, 0.1015625, 0.375, 0.3125, 0.25, 0.203125, 0.15625, 0.25, 0.1640625]","[0.15625, 0.15625, 0.15625, 0.375, 0.171875, 0.1171875, 0.109375, 0.140625, 0.15625, 0.109375, 0.34375, 0.1640625, 0.21875, 0.1171875, 0.1875, 0.1875, 0.125, 0.234375, 0.078125, 0.125, 0.1953125]",[83],0.3082772291743426,0.4133663388366719
504,5894.53125,"[0.25, 0.3125, 0.25, 0.375, 0.3125, 0.234375, 0.078125, 0.28125, 0.3125, 0.21875, 0.3125, 0.234375, 0.28125, 0.1015625, 0.375, 0.5625, 0.25, 0.203125, 0.15625, 0.25, 0.1640625]","[0.15625, 0.15625, 0.15625, 0.375, 0.171875, 0.1171875, 0.109375, 0.140625, 0.15625, 0.109375, 0.34375, 0.1640625, 0.1875, 0.1171875, 0.1875, 0.3125, 0.125, 0.234375, 0.078125, 0.125, 0.1953125]",[27],0.3848262326888009,0.4338324311862665
505,5894.53125,"[0.25, 0.3125, 0.25, 0.375, 0.3125, 0.234375, 0.078125, 0.28125, 0.3125, 0.21875, 0.3125, 0.234375, 0.28125, 0.1015625, 0.375, 0.5625, 0.25, 0.203125, 0.15625, 0.25, 0.1640625]","[0.15625, 0.15625, 0.15625, 0.375, 0.171875, 0.1171875, 0.109375, 0.140625, 0.15625, 0.109375, 0.34375, 0.1640625, 0.1875, 0.1171875, 0.1875, 0.3125, 0.125, 0.234375, 0.078125, 0.125, 0.1953125]",[27],0.3848262326888009,0.4338324311862665
506,5874.765625,"[0.25, 0.3125, 0.25, 0.375, 0.3125, 0.234375, 0.078125, 0.28125, 0.3125, 0.21875, 0.3125, 0.234375, 0.28125, 0.1015625, 0.375, 0.5625, 0.25, 0.203125, 0.15625, 0.25, 0.1640625]","[0.15625, 0.15625, 0.15625, 0.375, 0.171875, 0.1171875, 0.109375, 0.140625, 0.15625, 0.109375, 0.34375, 0.1640625, 0.1875, 0.1171875, 0.1875, 0.3125, 0.125, 0.234375, 0.078125, 0.125, 0.1953125]",[27],0.3848262326888009,0.4338324311862665
507,5894.53125,"[0.25, 0.3125, 0.25, 0.375, 0.3125, 0.234375, 0.078125, 0.28125, 0.3125, 0.21875, 0.3125, 0.234375, 0.28125, 0.1015625, 0.375, 0.5625, 0.25, 0.203125, 0.15625, 0.25, 0.1640625]","[0.15625, 0.15625, 0.15625, 0.375, 0.171875, 0.1171875, 0.109375, 0.140625, 0.15625, 0.109375, 0.34375, 0.1640625, 0.1875, 0.1171875, 0.1875, 0.3125, 0.125, 0.234375, 0.078125, 0.125, 0.1953125]",[27],0.3848262326888009,0.4338324311862665
508,5934.21875,"[0.25, 0.3125, 0.25, 0.375, 0.3125, 0.234375, 0.078125, 0.28125, 0.3125, 0.21875, 0.3125, 0.234375, 0.28125, 0.1015625, 0.375, 0.5625, 0.25, 0.203125, 0.15625, 0.25, 0.1015625]","[0.15625, 0.15625, 0.15625, 0.375, 0.171875, 0.1171875, 0.109375, 0.140625, 0.15625, 0.109375, 0.34375, 0.1640625, 0.1875, 0.1171875, 0.1875, 0.3125, 0.125, 0.234375, 0.078125, 0.125, 0.1328125]",[10],0.40352853740289296,0.44380707091650246
509,5854.21875,"[0.25, 0.3125, 0.125, 0.375, 0.3125, 0.359375, 0.078125, 0.28125, 0.3125, 0.21875, 0.3125, 0.234375, 0.28125, 0.1015625, 0.375, 0.5625, 0.25, 0.203125, 0.140625, 0.25, 0.1015625]","[0.15625, 0.15625, 0.09375, 0.375, 0.171875, 0.1796875, 0.109375, 0.140625, 0.15625, 0.109375, 0.34375, 0.1640625, 0.1875, 0.1171875, 0.1875, 0.3125, 0.125, 0.234375, 0.0703125, 0.125, 0.1328125]",[0],0.43087640779588426,0.4526464732986141
510,5795.3125,"[0.1875, 0.3125, 0.125, 0.375, 0.3125, 0.359375, 0.078125, 0.28125, 0.3125, 0.21875, 0.3125, 0.234375, 0.25, 0.1015625, 0.375, 0.5625, 0.25, 0.234375, 0.140625, 0.25, 0.1015625]","[0.125, 0.15625, 0.09375, 0.375, 0.171875, 0.1796875, 0.109375, 0.140625, 0.15625, 0.109375, 0.34375, 0.1640625, 0.15625, 0.1171875, 0.1875, 0.3125, 0.125, 0.296875, 0.0703125, 0.125, 0.1328125]",[1],0.4374734404361871,0.4758760402421849
511,5736.09375,"[0.1875, 0.3125, 0.125, 0.375, 0.3125, 0.359375, 0.078125, 0.28125, 0.3125, 0.21875, 0.3125, 0.234375, 0.25, 0.1015625, 0.375, 0.5625, 0.25, 0.234375, 0.140625, 0.25, 0.1015625]","[0.125, 0.15625, 0.09375, 0.375, 0.171875, 0.1796875, 0.109375, 0.140625, 0.15625, 0.109375, 0.34375, 0.1640625, 0.15625, 0.1171875, 0.1875, 0.3125, 0.125, 0.296875, 0.0703125, 0.125, 0.1328125]",[1],0.4374734404361871,0.4758760402421849
512,5755.9375,"[0.1875, 0.3125, 0.125, 0.375, 0.3125, 0.359375, 0.078125, 0.28125, 0.3125, 0.21875, 0.3125, 0.234375, 0.25, 0.1015625, 0.375, 0.5625, 0.25, 0.234375, 0.140625, 0.25, 0.1015625]","[0.125, 0.15625, 0.09375, 0.375, 0.171875, 0.1796875, 0.109375, 0.140625, 0.15625, 0.109375, 0.34375, 0.1640625, 0.15625, 0.1171875, 0.1875, 0.3125, 0.125, 0.296875, 0.0703125, 0.125, 0.1328125]",[1],0.4374734404361871,0.4758760402421849
513,5795.625,"[0.1875, 0.3125, 0.125, 0.375, 0.3125, 0.359375, 0.078125, 0.28125, 0.3125, 0.21875, 0.3125, 0.234375, 0.25, 0.1015625, 0.375, 0.5625, 0.25, 0.234375, 0.140625, 0.25, 0.1015625]","[0.125, 0.15625, 0.09375, 0.375, 0.171875, 0.1796875, 0.109375, 0.140625, 0.15625, 0.109375, 0.34375, 0.1640625, 0.15625, 0.1171875, 0.1875, 0.3125, 0.125, 0.296875, 0.0703125, 0.125, 0.1328125]",[1],0.4374734404361871,0.4758760402421849
514,5875.625,"[0.1875, 0.3125, 0.125, 0.375, 0.3125, 0.359375, 0.046875, 0.28125, 0.25, 0.21875, 0.3125, 0.234375, 0.25, 0.1015625, 0.375, 0.5625, 0.25, 0.234375, 0.140625, 0.25, 0.1015625]","[0.125, 0.15625, 0.09375, 0.375, 0.171875, 0.1796875, 0.078125, 0.140625, 0.125, 0.109375, 0.34375, 0.1640625, 0.15625, 0.1171875, 0.1875, 0.3125, 0.125, 0.296875, 0.0703125, 0.125, 0.1328125]",[1],0.45237740940723137,0.4956415044635883
515,5637.03125,"[0.1875, 0.25, 0.125, 0.375, 0.3125, 0.359375, 0.0625, 0.28125, 0.25, 0.21875, 0.3125, 0.234375, 0.25, 0.1015625, 0.375, 0.5625, 0.25, 0.234375, 0.140625, 0.25, 0.1015625]","[0.125, 0.125, 0.09375, 0.375, 0.171875, 0.1796875, 0.109375, 0.140625, 0.125, 0.109375, 0.34375, 0.1640625, 0.15625, 0.1171875, 0.1875, 0.3125, 0.125, 0.296875, 0.0703125, 0.125, 0.1328125]",[16],0.4479750732969288,0.4907912146187919
516,5617.34375,"[0.1875, 0.25, 0.125, 0.375, 0.3125, 0.359375, 0.0625, 0.28125, 0.25, 0.21875, 0.3125, 0.234375, 0.25, 0.1015625, 0.375, 0.4375, 0.25, 0.234375, 0.140625, 0.25, 0.1015625]","[0.125, 0.125, 0.09375, 0.375, 0.171875, 0.1796875, 0.109375, 0.140625, 0.125, 0.109375, 0.34375, 0.1640625, 0.15625, 0.1171875, 0.1875, 0.25, 0.125, 0.296875, 0.0703125, 0.125, 0.1328125]",[7],0.39949537509616745,0.4752051473368086
517,5558.28125,"[0.25, 0.25, 0.125, 0.375, 0.3125, 0.359375, 0.0625, 0.28125, 0.25, 0.21875, 0.3125, 0.234375, 0.25, 0.1015625, 0.375, 0.4375, 0.25, 0.234375, 0.140625, 0.25, 0.1015625]","[0.15625, 0.125, 0.09375, 0.375, 0.171875, 0.1796875, 0.109375, 0.140625, 0.125, 0.109375, 0.34375, 0.1640625, 0.15625, 0.1171875, 0.1875, 0.25, 0.125, 0.296875, 0.0703125, 0.125, 0.1328125]",[16],0.3914165164026716,0.467940940273565
518,5637.65625,"[0.25, 0.25, 0.125, 0.375, 0.3125, 0.359375, 0.0625, 0.28125, 0.25, 0.21875, 0.3125, 0.234375, 0.234375, 0.09375, 0.375, 0.4375, 0.25, 0.234375, 0.140625, 0.3125, 0.1015625]","[0.15625, 0.125, 0.09375, 0.375, 0.171875, 0.1796875, 0.109375, 0.140625, 0.125, 0.109375, 0.34375, 0.1640625, 0.1484375, 0.109375, 0.1875, 0.25, 0.125, 0.296875, 0.0703125, 0.15625, 0.1328125]",[26],0.39514278829608146,0.4647199633245789
519,5756.640625,"[0.25, 0.25, 0.125, 0.375, 0.3125, 0.359375, 0.0625, 0.28125, 0.25, 0.21875, 0.3125, 0.234375, 0.359375, 0.09375, 0.375, 0.4375, 0.25, 0.234375, 0.140625, 0.3125, 0.1015625]","[0.15625, 0.125, 0.09375, 0.375, 0.171875, 0.1796875, 0.109375, 0.140625, 0.125, 0.109375, 0.34375, 0.1640625, 0.2109375, 0.109375, 0.1875, 0.25, 0.125, 0.296875, 0.0703125, 0.15625, 0.1328125]",[27],0.39666814594858174,0.4585035000855545
520,5796.015625,"[0.3125, 0.25, 0.125, 0.375, 0.3125, 0.359375, 0.0625, 0.28125, 0.25, 0.21875, 0.3125, 0.234375, 0.359375, 0.09375, 0.375, 0.4375, 0.25, 0.234375, 0.140625, 0.3125, 0.1015625]","[0.21875, 0.125, 0.09375, 0.375, 0.171875, 0.1796875, 0.109375, 0.140625, 0.125, 0.109375, 0.34375, 0.1640625, 0.2109375, 0.109375, 0.1875, 0.25, 0.125, 0.296875, 0.0703125, 0.15625, 0.1328125]",[28],0.395013326503366,0.45351670791685145
521,5815.859375,"[0.25, 0.25, 0.125, 0.375, 0.3125, 0.359375, 0.0625, 0.28125, 0.25, 0.21875, 0.3125, 0.234375, 0.359375, 0.09375, 0.375, 0.4375, 0.25, 0.234375, 0.140625, 0.3125, 0.1015625]","[0.1875, 0.125, 0.09375, 0.375, 0.171875, 0.1796875, 0.109375, 0.140625, 0.125, 0.109375, 0.34375, 0.1640625, 0.2109375, 0.109375, 0.1875, 0.25, 0.125, 0.296875, 0.0703125, 0.15625, 0.1328125]",[14],0.39666814594858174,0.45439296392230216
522,5796.328125,"[0.25, 0.25, 0.125, 0.375, 0.3125, 0.359375, 0.0625, 0.28125, 0.25, 0.21875, 0.3125, 0.234375, 0.359375, 0.09375, 0.375, 0.4375, 0.25, 0.234375, 0.171875, 0.3125, 0.1015625]","[0.1875, 0.125, 0.09375, 0.375, 0.171875, 0.1796875, 0.109375, 0.140625, 0.125, 0.109375, 0.34375, 0.1640625, 0.2109375, 0.109375, 0.1875, 0.25, 0.125, 0.296875, 0.0859375, 0.15625, 0.1328125]",[28],0.38862175478230543,0.4472529042024486
523,5876.015625,"[0.25, 0.25, 0.125, 0.375, 0.3125, 0.359375, 0.0625, 0.28125, 0.25, 0.21875, 0.3125, 0.234375, 0.359375, 0.09375, 0.375, 0.4375, 0.25, 0.234375, 0.171875, 0.3125, 0.1015625]","[0.1875, 0.125, 0.09375, 0.375, 0.171875, 0.1796875, 0.109375, 0.140625, 0.125, 0.109375, 0.34375, 0.1640625, 0.2109375, 0.109375, 0.1875, 0.25, 0.125, 0.296875, 0.0859375, 0.15625, 0.1328125]",[28],0.38862175478230543,0.4472529042024486
524,5953.828125,"[0.25, 0.25, 0.125, 0.375, 0.3125, 0.359375, 0.0625, 0.53125, 0.25, 0.21875, 0.3125, 0.234375, 0.359375, 0.09375, 0.375, 0.4375, 0.25, 0.234375, 0.171875, 0.3125, 0.1015625]","[0.1875, 0.125, 0.09375, 0.375, 0.171875, 0.1796875, 0.109375, 0.265625, 0.125, 0.109375, 0.34375, 0.1640625, 0.2109375, 0.109375, 0.1875, 0.25, 0.125, 0.296875, 0.0859375, 0.15625, 0.1328125]",[33],0.4313248350754275,0.44288491875294983
525,5993.203125,"[0.25, 0.3125, 0.125, 0.375, 0.3125, 0.359375, 0.0625, 0.53125, 0.25, 0.21875, 0.3125, 0.234375, 0.359375, 0.09375, 0.375, 0.4375, 0.25, 0.21875, 0.171875, 0.3125, 0.1015625]","[0.1875, 0.1875, 0.09375, 0.375, 0.171875, 0.1796875, 0.109375, 0.265625, 0.125, 0.109375, 0.34375, 0.1640625, 0.2109375, 0.109375, 0.1875, 0.25, 0.125, 0.28125, 0.0859375, 0.15625, 0.1328125]",[40],0.42996446497530255,0.4266969441233212
526,5993.28125,"[0.25, 0.3125, 0.125, 0.375, 0.3125, 0.359375, 0.0625, 0.53125, 0.25, 0.21875, 0.3125, 0.234375, 0.359375, 0.09375, 0.375, 0.4375, 0.25, 0.21875, 0.171875, 0.3125, 0.109375]","[0.1875, 0.1875, 0.09375, 0.375, 0.171875, 0.1796875, 0.109375, 0.265625, 0.125, 0.109375, 0.34375, 0.1640625, 0.2109375, 0.109375, 0.1875, 0.25, 0.125, 0.28125, 0.0859375, 0.15625, 0.140625]",[62],0.4274147075089691,0.42461896687050665
527,6033.125,"[0.25, 0.3125, 0.125, 0.375, 0.3125, 0.359375, 0.078125, 0.53125, 0.25, 0.21875, 0.3125, 0.234375, 0.359375, 0.09375, 0.375, 0.4375, 0.25, 0.21875, 0.171875, 0.3125, 0.109375]","[0.1875, 0.1875, 0.09375, 0.375, 0.171875, 0.1796875, 0.125, 0.265625, 0.125, 0.109375, 0.34375, 0.1640625, 0.2109375, 0.109375, 0.1875, 0.25, 0.125, 0.28125, 0.0859375, 0.15625, 0.140625]",[75],0.4214504199388231,0.41943237496599495
528,6111.875,"[0.25, 0.3125, 0.125, 0.375, 0.3125, 0.359375, 0.078125, 0.53125, 0.25, 0.21875, 0.3125, 0.234375, 0.359375, 0.09375, 0.375, 0.4375, 0.25, 0.21875, 0.171875, 0.3125, 0.1015625]","[0.1875, 0.1875, 0.09375, 0.375, 0.171875, 0.1796875, 0.125, 0.265625, 0.125, 0.109375, 0.34375, 0.1640625, 0.2109375, 0.109375, 0.1875, 0.25, 0.125, 0.28125, 0.0859375, 0.15625, 0.1328125]",[11],0.4240159983918783,0.42152085190286787
529,6170.703125,"[0.25, 0.3125, 0.125, 0.375, 0.3125, 0.359375, 0.078125, 0.53125, 0.25, 0.21875, 0.3125, 0.234375, 0.359375, 0.09375, 0.625, 0.4375, 0.25, 0.21875, 0.171875, 0.3125, 0.1015625]","[0.1875, 0.1875, 0.09375, 0.375, 0.171875, 0.1796875, 0.125, 0.265625, 0.125, 0.109375, 0.34375, 0.1640625, 0.2109375, 0.109375, 0.3125, 0.25, 0.125, 0.28125, 0.0859375, 0.15625, 0.1328125]",[75],0.4813703509134649,0.43294111339412394
530,6210.390625,"[0.25, 0.3125, 0.125, 0.375, 0.3125, 0.359375, 0.078125, 0.53125, 0.25, 0.21875, 0.3125, 0.234375, 0.359375, 0.09375, 0.625, 0.4375, 0.25, 0.21875, 0.171875, 0.3125, 0.1015625]","[0.1875, 0.1875, 0.09375, 0.375, 0.171875, 0.1796875, 0.125, 0.265625, 0.125, 0.109375, 0.34375, 0.1640625, 0.2109375, 0.109375, 0.3125, 0.25, 0.125, 0.28125, 0.0859375, 0.15625, 0.1328125]",[75],0.4813703509134649,0.43294111339412394
531,6190.625,"[0.25, 0.3125, 0.125, 0.375, 0.3125, 0.359375, 0.0859375, 0.53125, 0.25, 0.21875, 0.3125, 0.234375, 0.359375, 0.09375, 0.625, 0.4375, 0.25, 0.21875, 0.171875, 0.3125, 0.1015625]","[0.1875, 0.1875, 0.09375, 0.375, 0.171875, 0.1796875, 0.1328125, 0.265625, 0.125, 0.109375, 0.34375, 0.1640625, 0.2109375, 0.109375, 0.3125, 0.25, 0.125, 0.28125, 0.0859375, 0.15625, 0.1328125]",[86],0.4787919065217086,0.4306363812674142
532,6230.0,"[0.25, 0.3125, 0.125, 0.375, 0.3125, 0.359375, 0.0859375, 0.53125, 0.25, 0.21875, 0.3125, 0.234375, 0.359375, 0.09375, 0.625, 0.4375, 0.25, 0.21875, 0.171875, 0.3125, 0.1015625]","[0.1875, 0.1875, 0.09375, 0.375, 0.171875, 0.1796875, 0.1328125, 0.265625, 0.125, 0.109375, 0.34375, 0.1640625, 0.2109375, 0.109375, 0.3125, 0.25, 0.125, 0.28125, 0.0859375, 0.15625, 0.1328125]",[86],0.4787919065217086,0.4306363812674142
533,6270.0,"[0.25, 0.3125, 0.125, 0.375, 0.3125, 0.359375, 0.0859375, 0.53125, 0.25, 0.21875, 0.3125, 0.234375, 0.359375, 0.09375, 0.625, 0.4375, 0.25, 0.21875, 0.171875, 0.3125, 0.1015625]","[0.1875, 0.1875, 0.09375, 0.375, 0.171875, 0.1796875, 0.1328125, 0.265625, 0.125, 0.109375, 0.34375, 0.1640625, 0.2109375, 0.109375, 0.3125, 0.25, 0.125, 0.28125, 0.0859375, 0.15625, 0.1328125]",[86],0.4787919065217086,0.4306363812674142
534,6349.375,"[0.25, 0.3125, 0.125, 0.375, 0.3125, 0.359375, 0.0859375, 0.40625, 0.25, 0.21875, 0.3125, 0.234375, 0.359375, 0.09375, 0.625, 0.4375, 0.25, 0.21875, 0.171875, 0.3125, 0.1015625]","[0.1875, 0.1875, 0.09375, 0.375, 0.171875, 0.1796875, 0.1328125, 0.203125, 0.125, 0.109375, 0.34375, 0.1640625, 0.2109375, 0.109375, 0.3125, 0.25, 0.125, 0.28125, 0.0859375, 0.15625, 0.1328125]",[69],0.45808297327648756,0.4285989850047361
535,6151.71875,"[0.25, 0.3125, 0.125, 0.375, 0.3125, 0.359375, 0.0859375, 0.40625, 0.25, 0.21875, 0.3125, 0.234375, 0.359375, 0.09375, 0.625, 0.4375, 0.25, 0.21875, 0.171875, 0.3125, 0.1015625]","[0.1875, 0.1875, 0.09375, 0.375, 0.171875, 0.1796875, 0.1328125, 0.203125, 0.125, 0.109375, 0.34375, 0.1640625, 0.2109375, 0.109375, 0.3125, 0.25, 0.125, 0.28125, 0.0859375, 0.15625, 0.1328125]",[69],0.45808297327648756,0.4285989850047361
536,6131.71875,"[0.25, 0.3125, 0.125, 0.375, 0.3125, 0.359375, 0.0859375, 0.40625, 0.25, 0.21875, 0.3125, 0.234375, 0.359375, 0.09375, 0.625, 0.4375, 0.25, 0.171875, 0.171875, 0.3125, 0.1015625]","[0.1875, 0.1875, 0.09375, 0.375, 0.171875, 0.1796875, 0.1328125, 0.203125, 0.125, 0.109375, 0.34375, 0.1640625, 0.2109375, 0.109375, 0.3125, 0.25, 0.125, 0.234375, 0.0859375, 0.15625, 0.1328125]",[31],0.46693145656284507,0.42291845358981467
537,6091.71875,"[0.25, 0.3125, 0.125, 0.375, 0.3125, 0.359375, 0.0859375, 0.40625, 0.25, 0.21875, 0.3125, 0.234375, 0.359375, 0.09375, 0.625, 0.4375, 0.25, 0.171875, 0.171875, 0.3125, 0.0859375]","[0.1875, 0.1875, 0.09375, 0.375, 0.171875, 0.1796875, 0.1328125, 0.203125, 0.125, 0.109375, 0.34375, 0.1640625, 0.2109375, 0.109375, 0.3125, 0.25, 0.125, 0.234375, 0.0859375, 0.15625, 0.1015625]",[12],0.47200938336728804,0.4332456745154961
538,6091.25,"[0.375, 0.3125, 0.125, 0.375, 0.3125, 0.359375, 0.0859375, 0.40625, 0.25, 0.21875, 0.3125, 0.234375, 0.359375, 0.09375, 0.625, 0.4375, 0.25, 0.171875, 0.171875, 0.3125, 0.0859375]","[0.25, 0.1875, 0.09375, 0.375, 0.171875, 0.1796875, 0.1328125, 0.203125, 0.125, 0.109375, 0.34375, 0.1640625, 0.2109375, 0.109375, 0.3125, 0.25, 0.125, 0.234375, 0.0859375, 0.15625, 0.1015625]",[31],0.4678092453562053,0.43299093650195475
539,6250.0,"[0.375, 0.3125, 0.125, 0.375, 0.3125, 0.359375, 0.0859375, 0.40625, 0.25, 0.21875, 0.25, 0.234375, 0.359375, 0.09375, 0.625, 0.4375, 0.25, 0.171875, 0.171875, 0.3125, 0.0859375]","[0.25, 0.1875, 0.09375, 0.375, 0.171875, 0.1796875, 0.1328125, 0.203125, 0.125, 0.109375, 0.28125, 0.1640625, 0.2109375, 0.109375, 0.3125, 0.25, 0.125, 0.234375, 0.0859375, 0.15625, 0.1015625]",[31],0.47259486565268183,0.4137386397438356
540,6051.5625,"[0.375, 0.3125, 0.0625, 0.375, 0.3125, 0.359375, 0.0859375, 0.40625, 0.25, 0.21875, 0.25, 0.234375, 0.359375, 0.09375, 0.625, 0.4375, 0.25, 0.171875, 0.171875, 0.3125, 0.0859375]","[0.25, 0.1875, 0.03125, 0.375, 0.171875, 0.1796875, 0.1328125, 0.203125, 0.125, 0.109375, 0.28125, 0.1640625, 0.2109375, 0.109375, 0.3125, 0.25, 0.125, 0.234375, 0.0859375, 0.15625, 0.1015625]",[30],0.49258667181858273,0.4457285974947085
541,5992.34375,"[0.375, 0.3125, 0.0625, 0.375, 0.3125, 0.359375, 0.0859375, 0.40625, 0.25, 0.21875, 0.265625, 0.234375, 0.359375, 0.09375, 0.625, 0.4375, 0.25, 0.171875, 0.171875, 0.1875, 0.0859375]","[0.25, 0.1875, 0.03125, 0.375, 0.171875, 0.1796875, 0.1328125, 0.203125, 0.125, 0.109375, 0.296875, 0.1640625, 0.2109375, 0.109375, 0.3125, 0.25, 0.125, 0.234375, 0.0859375, 0.09375, 0.1015625]",[31],0.5053371124863147,0.4679576636833721
542,5873.4375,"[0.375, 0.3125, 0.0625, 0.375, 0.3125, 0.359375, 0.1015625, 0.40625, 0.25, 0.21875, 0.265625, 0.234375, 0.359375, 0.09375, 0.625, 0.4375, 0.25, 0.171875, 0.171875, 0.1875, 0.0859375]","[0.25, 0.1875, 0.03125, 0.375, 0.171875, 0.1796875, 0.1484375, 0.203125, 0.125, 0.109375, 0.296875, 0.1640625, 0.2109375, 0.109375, 0.3125, 0.25, 0.125, 0.234375, 0.0859375, 0.09375, 0.1015625]",[42],0.5003623423809638,0.4641093213510235
543,5952.1875,"[0.375, 0.3125, 0.0625, 0.375, 0.3125, 0.359375, 0.0859375, 0.40625, 0.25, 0.21875, 0.265625, 0.234375, 0.359375, 0.09375, 0.625, 0.4375, 0.25, 0.171875, 0.171875, 0.1875, 0.0859375]","[0.25, 0.1875, 0.03125, 0.375, 0.171875, 0.1796875, 0.1171875, 0.203125, 0.125, 0.109375, 0.296875, 0.1640625, 0.2109375, 0.109375, 0.3125, 0.25, 0.125, 0.234375, 0.0859375, 0.09375, 0.1015625]",[2],0.5053371124863147,0.47257186913272464
544,5992.96875,"[0.375, 0.3125, 0.0625, 0.375, 0.3125, 0.359375, 0.0859375, 0.40625, 0.25, 0.21875, 0.265625, 0.234375, 0.328125, 0.15625, 0.625, 0.4375, 0.25, 0.171875, 0.171875, 0.1875, 0.0859375]","[0.25, 0.1875, 0.03125, 0.375, 0.171875, 0.1796875, 0.1171875, 0.203125, 0.125, 0.109375, 0.296875, 0.1640625, 0.1796875, 0.171875, 0.3125, 0.25, 0.125, 0.234375, 0.0859375, 0.09375, 0.1015625]",[42],0.4875916326753277,0.45941124702494107
545,5992.96875,"[0.375, 0.3125, 0.0625, 0.375, 0.3125, 0.359375, 0.0859375, 0.40625, 0.25, 0.21875, 0.265625, 0.234375, 0.328125, 0.15625, 0.625, 0.4375, 0.25, 0.171875, 0.171875, 0.21875, 0.0859375]","[0.25, 0.1875, 0.03125, 0.375, 0.171875, 0.1796875, 0.1171875, 0.203125, 0.125, 0.109375, 0.296875, 0.1640625, 0.1796875, 0.171875, 0.3125, 0.25, 0.125, 0.234375, 0.0859375, 0.125, 0.1015625]",[63],0.48209447959751367,0.44851247533646055
546,6012.65625,"[0.375, 0.3125, 0.09375, 0.375, 0.3125, 0.359375, 0.0859375, 0.40625, 0.25, 0.21875, 0.265625, 0.234375, 0.328125, 0.15625, 0.625, 0.4375, 0.25, 0.171875, 0.171875, 0.21875, 0.0859375]","[0.25, 0.1875, 0.046875, 0.375, 0.171875, 0.1796875, 0.1171875, 0.203125, 0.125, 0.109375, 0.296875, 0.1640625, 0.1796875, 0.171875, 0.3125, 0.25, 0.125, 0.234375, 0.0859375, 0.125, 0.1015625]",[86],0.4713148260856881,0.43943333144119867
547,6052.5,"[0.375, 0.3125, 0.09375, 0.375, 0.3125, 0.359375, 0.0859375, 0.28125, 0.25, 0.21875, 0.265625, 0.234375, 0.328125, 0.171875, 0.625, 0.4375, 0.25, 0.171875, 0.171875, 0.21875, 0.0859375]","[0.25, 0.1875, 0.046875, 0.375, 0.171875, 0.1796875, 0.1171875, 0.140625, 0.125, 0.109375, 0.296875, 0.1640625, 0.1796875, 0.1875, 0.3125, 0.25, 0.125, 0.234375, 0.0859375, 0.125, 0.1015625]",[20],0.46528814250478767,0.4466415175148355
548,6052.5,"[0.375, 0.3125, 0.09375, 0.375, 0.3125, 0.359375, 0.0859375, 0.28125, 0.375, 0.21875, 0.265625, 0.234375, 0.328125, 0.171875, 0.5625, 0.4375, 0.25, 0.171875, 0.171875, 0.21875, 0.0859375]","[0.25, 0.1875, 0.046875, 0.375, 0.171875, 0.1796875, 0.1171875, 0.140625, 0.1875, 0.109375, 0.296875, 0.1640625, 0.1796875, 0.1875, 0.28125, 0.25, 0.125, 0.234375, 0.0859375, 0.125, 0.1015625]",[51],0.4386795775582616,0.4257320486758368
549,6170.625,"[0.375, 0.3125, 0.09375, 0.375, 0.28125, 0.359375, 0.0859375, 0.28125, 0.375, 0.21875, 0.265625, 0.234375, 0.328125, 0.171875, 0.5625, 0.4375, 0.25, 0.171875, 0.171875, 0.21875, 0.0859375]","[0.25, 0.1875, 0.046875, 0.375, 0.15625, 0.1796875, 0.1171875, 0.140625, 0.1875, 0.109375, 0.296875, 0.1640625, 0.1796875, 0.1875, 0.28125, 0.25, 0.125, 0.234375, 0.0859375, 0.125, 0.1015625]",[51],0.43985586796043236,0.42836911939589933
550,6012.8125,"[0.375, 0.3125, 0.0625, 0.375, 0.28125, 0.359375, 0.0859375, 0.28125, 0.375, 0.21875, 0.265625, 0.234375, 0.328125, 0.171875, 0.5625, 0.4375, 0.25, 0.171875, 0.171875, 0.21875, 0.0859375]","[0.25, 0.1875, 0.03125, 0.375, 0.15625, 0.1796875, 0.1171875, 0.140625, 0.1875, 0.109375, 0.296875, 0.1640625, 0.1796875, 0.1875, 0.28125, 0.25, 0.125, 0.234375, 0.0859375, 0.125, 0.1015625]",[51],0.4511430954725924,0.43764624603608654
551,5973.671875,"[0.375, 0.3125, 0.0625, 0.375, 0.265625, 0.359375, 0.0859375, 0.28125, 0.375, 0.21875, 0.265625, 0.234375, 0.328125, 0.171875, 0.5625, 0.4375, 0.25, 0.171875, 0.171875, 0.21875, 0.0859375]","[0.25, 0.1875, 0.03125, 0.375, 0.1484375, 0.1796875, 0.1171875, 0.140625, 0.1875, 0.109375, 0.296875, 0.1640625, 0.1796875, 0.1875, 0.28125, 0.25, 0.125, 0.234375, 0.0859375, 0.125, 0.1015625]",[36],0.4522625328883356,0.4392651461583815
552,5973.59375,"[0.375, 0.3125, 0.0625, 0.375, 0.265625, 0.359375, 0.0859375, 0.28125, 0.375, 0.21875, 0.296875, 0.234375, 0.328125, 0.171875, 0.5625, 0.4375, 0.25, 0.171875, 0.171875, 0.21875, 0.0859375]","[0.25, 0.1875, 0.03125, 0.375, 0.1484375, 0.1796875, 0.1171875, 0.140625, 0.1875, 0.109375, 0.328125, 0.1640625, 0.1796875, 0.1875, 0.28125, 0.25, 0.125, 0.234375, 0.0859375, 0.125, 0.1015625]",[51],0.45037070507945914,0.4493615645650664
553,6052.96875,"[0.375, 0.3125, 0.0625, 0.375, 0.265625, 0.359375, 0.0859375, 0.28125, 0.375, 0.21875, 0.296875, 0.234375, 0.328125, 0.171875, 0.5625, 0.4375, 0.25, 0.171875, 0.234375, 0.21875, 0.0859375]","[0.25, 0.1875, 0.03125, 0.375, 0.1484375, 0.1796875, 0.1171875, 0.140625, 0.1875, 0.109375, 0.328125, 0.1640625, 0.1796875, 0.1875, 0.28125, 0.25, 0.125, 0.234375, 0.1171875, 0.125, 0.1015625]",[63],0.4393268362575955,0.43758002911741106
554,6210.46875,"[0.375, 0.3125, 0.0625, 0.375, 0.265625, 0.359375, 0.0859375, 0.28125, 0.375, 0.21875, 0.296875, 0.234375, 0.328125, 0.171875, 0.5625, 0.4375, 0.5, 0.171875, 0.234375, 0.21875, 0.0859375]","[0.25, 0.1875, 0.03125, 0.375, 0.1484375, 0.1796875, 0.1171875, 0.140625, 0.1875, 0.109375, 0.328125, 0.1640625, 0.1796875, 0.1875, 0.28125, 0.25, 0.25, 0.234375, 0.1171875, 0.125, 0.1015625]",[72],0.4538899411738754,0.42475132128440724
555,6250.15625,"[0.375, 0.3125, 0.0625, 0.375, 0.265625, 0.359375, 0.0859375, 0.28125, 0.375, 0.21875, 0.296875, 0.265625, 0.328125, 0.171875, 0.5625, 0.4375, 0.5, 0.171875, 0.234375, 0.21875, 0.0859375]","[0.25, 0.1875, 0.03125, 0.375, 0.1484375, 0.1796875, 0.1171875, 0.140625, 0.1875, 0.109375, 0.328125, 0.1953125, 0.1796875, 0.1875, 0.28125, 0.25, 0.25, 0.234375, 0.1171875, 0.125, 0.1015625]",[90],0.45012857947265295,0.42053319390449617
556,6270.0,"[0.375, 0.3125, 0.0625, 0.375, 0.265625, 0.359375, 0.0859375, 0.28125, 0.375, 0.21875, 0.296875, 0.265625, 0.328125, 0.171875, 0.5625, 0.4375, 0.5, 0.171875, 0.234375, 0.21875, 0.0859375]","[0.25, 0.1875, 0.03125, 0.375, 0.1484375, 0.1796875, 0.1171875, 0.140625, 0.1875, 0.109375, 0.328125, 0.1953125, 0.1796875, 0.1875, 0.28125, 0.25, 0.25, 0.234375, 0.1171875, 0.125, 0.1015625]",[90],0.45012857947265295,0.42053319390449617
557,6289.84375,"[0.375, 0.3125, 0.0625, 0.3125, 0.265625, 0.359375, 0.0859375, 0.28125, 0.375, 0.21875, 0.296875, 0.265625, 0.328125, 0.171875, 0.5625, 0.4375, 0.5, 0.171875, 0.234375, 0.21875, 0.0859375]","[0.25, 0.1875, 0.03125, 0.3125, 0.1484375, 0.1796875, 0.1171875, 0.140625, 0.1875, 0.109375, 0.328125, 0.1953125, 0.1796875, 0.1875, 0.28125, 0.25, 0.25, 0.234375, 0.1171875, 0.125, 0.1015625]",[59],0.44989322038370066,0.39475568200837147
558,6250.46875,"[0.375, 0.3125, 0.0625, 0.3125, 0.265625, 0.359375, 0.1171875, 0.28125, 0.375, 0.21875, 0.296875, 0.265625, 0.328125, 0.171875, 0.5625, 0.4375, 0.5, 0.171875, 0.234375, 0.21875, 0.0859375]","[0.25, 0.1875, 0.03125, 0.3125, 0.1484375, 0.1796875, 0.1484375, 0.140625, 0.1875, 0.109375, 0.328125, 0.1953125, 0.1796875, 0.1875, 0.28125, 0.25, 0.25, 0.234375, 0.1171875, 0.125, 0.1015625]",[90],0.4399712723380633,0.3857372882716682
559,6407.96875,"[0.375, 0.3125, 0.0625, 0.3125, 0.265625, 0.359375, 0.1171875, 0.28125, 0.375, 0.21875, 0.296875, 0.265625, 0.328125, 0.171875, 0.5625, 0.4375, 0.5, 0.171875, 0.234375, 0.21875, 0.0859375]","[0.25, 0.1875, 0.03125, 0.3125, 0.1484375, 0.1796875, 0.1484375, 0.140625, 0.1875, 0.109375, 0.328125, 0.1953125, 0.1796875, 0.1875, 0.28125, 0.25, 0.25, 0.234375, 0.1171875, 0.125, 0.1015625]",[90],0.4399712723380633,0.3857372882716682
560,6290.15625,"[0.375, 0.3125, 0.0625, 0.3125, 0.265625, 0.359375, 0.1171875, 0.28125, 0.375, 0.21875, 0.296875, 0.296875, 0.328125, 0.109375, 0.5625, 0.4375, 0.5, 0.171875, 0.234375, 0.21875, 0.0859375]","[0.25, 0.1875, 0.03125, 0.3125, 0.1484375, 0.1796875, 0.1484375, 0.140625, 0.1875, 0.109375, 0.328125, 0.2265625, 0.1796875, 0.125, 0.28125, 0.25, 0.25, 0.234375, 0.1171875, 0.125, 0.1015625]",[2],0.45409806526220253,0.3981323004330257
561,6150.46875,"[0.375, 0.3125, 0.0625, 0.3125, 0.265625, 0.234375, 0.1171875, 0.28125, 0.375, 0.21875, 0.296875, 0.296875, 0.328125, 0.109375, 0.5625, 0.4375, 0.5, 0.171875, 0.234375, 0.21875, 0.0859375]","[0.25, 0.1875, 0.03125, 0.3125, 0.1484375, 0.1171875, 0.1484375, 0.140625, 0.1875, 0.109375, 0.328125, 0.2265625, 0.1796875, 0.125, 0.28125, 0.25, 0.25, 0.234375, 0.1171875, 0.125, 0.1015625]",[2],0.4608730926478861,0.412488497451468
562,6011.875,"[0.375, 0.3125, 0.0625, 0.3125, 0.265625, 0.234375, 0.1171875, 0.28125, 0.375, 0.21875, 0.296875, 0.296875, 0.328125, 0.109375, 0.5625, 0.4375, 0.5, 0.171875, 0.234375, 0.21875, 0.0859375]","[0.25, 0.1875, 0.03125, 0.3125, 0.1484375, 0.1171875, 0.1484375, 0.140625, 0.1875, 0.109375, 0.328125, 0.2265625, 0.1796875, 0.125, 0.28125, 0.25, 0.25, 0.234375, 0.1171875, 0.125, 0.1015625]",[2],0.4608730926478861,0.412488497451468
563,6051.40625,"[0.375, 0.3125, 0.0625, 0.3125, 0.265625, 0.234375, 0.1171875, 0.28125, 0.375, 0.21875, 0.296875, 0.296875, 0.328125, 0.109375, 0.5625, 0.4375, 0.5, 0.171875, 0.234375, 0.21875, 0.0859375]","[0.25, 0.1875, 0.03125, 0.3125, 0.1484375, 0.1171875, 0.1484375, 0.140625, 0.1875, 0.109375, 0.328125, 0.2265625, 0.1796875, 0.125, 0.28125, 0.25, 0.25, 0.234375, 0.1171875, 0.125, 0.1015625]",[2],0.4608730926478861,0.412488497451468
564,6130.78125,"[0.375, 0.3125, 0.0625, 0.3125, 0.234375, 0.234375, 0.1171875, 0.28125, 0.375, 0.21875, 0.296875, 0.296875, 0.328125, 0.109375, 0.5625, 0.4375, 0.5, 0.171875, 0.234375, 0.21875, 0.0859375]","[0.25, 0.1875, 0.03125, 0.3125, 0.1171875, 0.1171875, 0.1484375, 0.140625, 0.1875, 0.109375, 0.328125, 0.2265625, 0.1796875, 0.125, 0.28125, 0.25, 0.25, 0.234375, 0.1171875, 0.125, 0.1015625]",[2],0.46444757223972655,0.4212182550618864
565,5971.71875,"[0.375, 0.3125, 0.0625, 0.3125, 0.234375, 0.234375, 0.1171875, 0.28125, 0.375, 0.21875, 0.296875, 0.296875, 0.328125, 0.109375, 0.5625, 0.4375, 0.5, 0.171875, 0.234375, 0.21875, 0.0859375]","[0.25, 0.1875, 0.03125, 0.3125, 0.1171875, 0.1171875, 0.1484375, 0.140625, 0.1875, 0.109375, 0.328125, 0.2265625, 0.1796875, 0.125, 0.28125, 0.25, 0.25, 0.234375, 0.1171875, 0.125, 0.1015625]",[2],0.46444757223972655,0.4212182550618864
566,5952.03125,"[0.375, 0.3125, 0.0625, 0.3125, 0.234375, 0.234375, 0.1171875, 0.28125, 0.375, 0.21875, 0.296875, 0.296875, 0.328125, 0.109375, 0.5625, 0.4375, 0.5, 0.171875, 0.234375, 0.21875, 0.0859375]","[0.25, 0.1875, 0.03125, 0.3125, 0.1171875, 0.1171875, 0.1484375, 0.140625, 0.1875, 0.109375, 0.328125, 0.2265625, 0.1796875, 0.125, 0.28125, 0.25, 0.25, 0.234375, 0.1171875, 0.125, 0.1015625]",[2],0.46444757223972655,0.4212182550618864
567,5972.03125,"[0.375, 0.3125, 0.0625, 0.34375, 0.234375, 0.234375, 0.1171875, 0.28125, 0.375, 0.21875, 0.296875, 0.296875, 0.328125, 0.109375, 0.5625, 0.4375, 0.5, 0.171875, 0.234375, 0.21875, 0.0859375]","[0.25, 0.1875, 0.03125, 0.34375, 0.1171875, 0.1171875, 0.1484375, 0.140625, 0.1875, 0.109375, 0.328125, 0.2265625, 0.1796875, 0.125, 0.28125, 0.25, 0.25, 0.234375, 0.1171875, 0.125, 0.1015625]",[3],0.4641717611968549,0.43292866226276383
568,6050.78125,"[0.5, 0.3125, 0.0625, 0.21875, 0.234375, 0.234375, 0.1171875, 0.28125, 0.375, 0.21875, 0.296875, 0.296875, 0.328125, 0.109375, 0.5625, 0.4375, 0.5, 0.171875, 0.234375, 0.21875, 0.0859375]","[0.3125, 0.1875, 0.03125, 0.21875, 0.1171875, 0.1171875, 0.1484375, 0.140625, 0.1875, 0.109375, 0.328125, 0.2265625, 0.1796875, 0.125, 0.28125, 0.25, 0.25, 0.234375, 0.1171875, 0.125, 0.1015625]",[18],0.48976193688229286,0.4189272647376989
569,6050.78125,"[0.5, 0.3125, 0.0625, 0.21875, 0.234375, 0.234375, 0.1171875, 0.28125, 0.375, 0.21875, 0.296875, 0.296875, 0.328125, 0.109375, 0.5625, 0.4375, 0.5, 0.171875, 0.234375, 0.21875, 0.0859375]","[0.3125, 0.1875, 0.03125, 0.21875, 0.1171875, 0.1171875, 0.1484375, 0.140625, 0.1875, 0.109375, 0.328125, 0.2265625, 0.1796875, 0.125, 0.28125, 0.25, 0.25, 0.234375, 0.1171875, 0.125, 0.1015625]",[18],0.48976193688229286,0.4189272647376989
570,5931.71875,"[0.5, 0.3125, 0.0625, 0.25, 0.234375, 0.234375, 0.1171875, 0.28125, 0.375, 0.21875, 0.296875, 0.296875, 0.328125, 0.109375, 0.5625, 0.4375, 0.5, 0.171875, 0.234375, 0.21875, 0.0859375]","[0.3125, 0.1875, 0.03125, 0.28125, 0.1171875, 0.1171875, 0.1484375, 0.140625, 0.1875, 0.109375, 0.328125, 0.2265625, 0.1796875, 0.125, 0.28125, 0.25, 0.25, 0.234375, 0.1171875, 0.125, 0.1015625]",[88],0.4854509105155983,0.4264944049614158
571,5951.40625,"[0.5, 0.3125, 0.0625, 0.25, 0.234375, 0.234375, 0.1171875, 0.28125, 0.375, 0.21875, 0.296875, 0.296875, 0.3125, 0.109375, 0.5625, 0.4375, 0.5, 0.171875, 0.234375, 0.21875, 0.0859375]","[0.3125, 0.1875, 0.03125, 0.28125, 0.1171875, 0.1171875, 0.1484375, 0.140625, 0.1875, 0.109375, 0.328125, 0.2265625, 0.171875, 0.125, 0.28125, 0.25, 0.25, 0.234375, 0.1171875, 0.125, 0.1015625]",[52],0.4858940681247087,0.4275545521943624
572,5951.25,"[0.5, 0.3125, 0.0625, 0.25, 0.234375, 0.234375, 0.1171875, 0.28125, 0.375, 0.21875, 0.296875, 0.296875, 0.3125, 0.109375, 0.5625, 0.4375, 0.5, 0.171875, 0.203125, 0.21875, 0.0859375]","[0.3125, 0.1875, 0.03125, 0.28125, 0.1171875, 0.1171875, 0.1484375, 0.140625, 0.1875, 0.109375, 0.328125, 0.2265625, 0.171875, 0.125, 0.28125, 0.25, 0.25, 0.234375, 0.1015625, 0.125, 0.1015625]",[13],0.49081780564131,0.43310527002925475
573,5950.9375,"[0.5, 0.3125, 0.1875, 0.25, 0.234375, 0.234375, 0.1171875, 0.28125, 0.375, 0.21875, 0.296875, 0.296875, 0.3125, 0.109375, 0.5625, 0.4375, 0.5, 0.171875, 0.203125, 0.21875, 0.0859375]","[0.3125, 0.1875, 0.09375, 0.28125, 0.1171875, 0.1171875, 0.1484375, 0.140625, 0.1875, 0.109375, 0.328125, 0.2265625, 0.171875, 0.125, 0.28125, 0.25, 0.25, 0.234375, 0.1015625, 0.125, 0.1015625]",[52],0.4557910089685348,0.40071185508617024
574,6110.3125,"[0.5, 0.3125, 0.1875, 0.25, 0.234375, 0.234375, 0.1796875, 0.28125, 0.375, 0.21875, 0.296875, 0.296875, 0.3125, 0.109375, 0.5625, 0.4375, 0.5, 0.171875, 0.203125, 0.21875, 0.0859375]","[0.3125, 0.1875, 0.09375, 0.28125, 0.1171875, 0.1171875, 0.2109375, 0.140625, 0.1875, 0.109375, 0.328125, 0.2265625, 0.171875, 0.125, 0.28125, 0.25, 0.25, 0.234375, 0.1015625, 0.125, 0.1015625]",[88],0.43991132099631775,0.3928682764827163
575,6150.0,"[0.5, 0.3125, 0.1875, 0.25, 0.234375, 0.234375, 0.1796875, 0.28125, 0.375, 0.21875, 0.296875, 0.296875, 0.3125, 0.109375, 0.5625, 0.4375, 0.5, 0.171875, 0.203125, 0.25, 0.0859375]","[0.3125, 0.1875, 0.09375, 0.28125, 0.1171875, 0.1171875, 0.2109375, 0.140625, 0.1875, 0.109375, 0.328125, 0.2265625, 0.171875, 0.125, 0.28125, 0.25, 0.25, 0.234375, 0.1015625, 0.15625, 0.1015625]",[93],0.43550746038027294,0.38462372451254334
576,6169.84375,"[0.5, 0.3125, 0.1875, 0.1875, 0.234375, 0.234375, 0.1796875, 0.28125, 0.375, 0.21875, 0.296875, 0.265625, 0.3125, 0.109375, 0.5625, 0.1875, 0.5, 0.171875, 0.203125, 0.25, 0.0859375]","[0.3125, 0.1875, 0.09375, 0.21875, 0.1171875, 0.1171875, 0.2109375, 0.140625, 0.1875, 0.109375, 0.328125, 0.1953125, 0.171875, 0.125, 0.28125, 0.125, 0.25, 0.234375, 0.1015625, 0.15625, 0.1015625]",[45],0.45454791727857063,0.3872394273105561
577,5912.8125,"[0.5, 0.3125, 0.1875, 0.1875, 0.234375, 0.234375, 0.1796875, 0.28125, 0.375, 0.28125, 0.296875, 0.265625, 0.3125, 0.109375, 0.5625, 0.1875, 0.5, 0.171875, 0.203125, 0.25, 0.0859375]","[0.3125, 0.1875, 0.09375, 0.21875, 0.1171875, 0.1171875, 0.2109375, 0.140625, 0.1875, 0.140625, 0.328125, 0.1953125, 0.171875, 0.125, 0.28125, 0.125, 0.25, 0.234375, 0.1015625, 0.15625, 0.1015625]",[71],0.44771659318114243,0.3774696825921629
578,5992.1875,"[0.5, 0.3125, 0.1875, 0.1875, 0.171875, 0.234375, 0.1796875, 0.28125, 0.375, 0.28125, 0.296875, 0.265625, 0.3125, 0.109375, 0.5625, 0.1875, 0.5, 0.171875, 0.203125, 0.25, 0.0859375]","[0.3125, 0.1875, 0.09375, 0.21875, 0.0859375, 0.1171875, 0.2109375, 0.140625, 0.1875, 0.140625, 0.328125, 0.1953125, 0.171875, 0.125, 0.28125, 0.125, 0.25, 0.234375, 0.1015625, 0.15625, 0.1015625]",[46],0.45875902775646854,0.39003045804110675
579,5992.1875,"[0.5, 0.3125, 0.1875, 0.1875, 0.171875, 0.234375, 0.1796875, 0.28125, 0.375, 0.28125, 0.296875, 0.390625, 0.3125, 0.109375, 0.5625, 0.1875, 0.5, 0.171875, 0.203125, 0.25, 0.0859375]","[0.3125, 0.1875, 0.09375, 0.21875, 0.0859375, 0.1171875, 0.2109375, 0.140625, 0.1875, 0.140625, 0.328125, 0.2578125, 0.171875, 0.125, 0.28125, 0.125, 0.25, 0.234375, 0.1015625, 0.15625, 0.1015625]",[71],0.4585005892667156,0.3941999315142392
580,6031.875,"[0.5, 0.3125, 0.1875, 0.1875, 0.171875, 0.234375, 0.1796875, 0.28125, 0.375, 0.28125, 0.296875, 0.390625, 0.3125, 0.109375, 0.5625, 0.1875, 0.5, 0.171875, 0.203125, 0.25, 0.0859375]","[0.3125, 0.1875, 0.09375, 0.21875, 0.0859375, 0.1171875, 0.2109375, 0.140625, 0.1875, 0.140625, 0.328125, 0.2578125, 0.171875, 0.125, 0.28125, 0.125, 0.25, 0.234375, 0.1015625, 0.15625, 0.1015625]",[71],0.4585005892667156,0.3941999315142392
581,6012.109375,"[0.5, 0.3125, 0.1875, 0.1875, 0.171875, 0.234375, 0.1796875, 0.28125, 0.375, 0.28125, 0.296875, 0.390625, 0.28125, 0.1171875, 0.5625, 0.1875, 0.5, 0.171875, 0.203125, 0.25, 0.0859375]","[0.3125, 0.1875, 0.09375, 0.21875, 0.0859375, 0.1171875, 0.2109375, 0.140625, 0.1875, 0.140625, 0.328125, 0.2578125, 0.140625, 0.1328125, 0.28125, 0.125, 0.25, 0.234375, 0.1015625, 0.15625, 0.1015625]",[19],0.45767166509016716,0.39802903556850966
582,6012.109375,"[0.375, 0.3125, 0.1875, 0.1875, 0.171875, 0.234375, 0.1796875, 0.28125, 0.375, 0.28125, 0.296875, 0.390625, 0.28125, 0.1171875, 0.5625, 0.1875, 0.5, 0.171875, 0.203125, 0.25, 0.0859375]","[0.25, 0.1875, 0.09375, 0.21875, 0.0859375, 0.1171875, 0.2109375, 0.140625, 0.1875, 0.140625, 0.328125, 0.2578125, 0.140625, 0.1328125, 0.28125, 0.125, 0.25, 0.234375, 0.1015625, 0.15625, 0.1015625]",[12],0.4374322456725751,0.3804282577830216
583,5973.046875,"[0.375, 0.3125, 0.1875, 0.1875, 0.171875, 0.234375, 0.1796875, 0.25, 0.375, 0.28125, 0.296875, 0.390625, 0.28125, 0.1171875, 0.5625, 0.1875, 0.5, 0.171875, 0.203125, 0.25, 0.0859375]","[0.25, 0.1875, 0.09375, 0.21875, 0.0859375, 0.1171875, 0.2109375, 0.125, 0.1875, 0.140625, 0.328125, 0.2578125, 0.140625, 0.1328125, 0.28125, 0.125, 0.25, 0.234375, 0.1015625, 0.15625, 0.1015625]",[12],0.4399610273070095,0.3847973977997775
584,6032.734375,"[0.375, 0.3125, 0.1875, 0.1875, 0.171875, 0.234375, 0.1796875, 0.25, 0.375, 0.28125, 0.296875, 0.390625, 0.28125, 0.1171875, 0.5625, 0.1875, 0.5, 0.171875, 0.328125, 0.25, 0.0859375]","[0.25, 0.1875, 0.09375, 0.21875, 0.0859375, 0.1171875, 0.2109375, 0.125, 0.1875, 0.140625, 0.328125, 0.2578125, 0.140625, 0.1328125, 0.28125, 0.125, 0.25, 0.234375, 0.1640625, 0.15625, 0.1015625]",[19],0.42959567917457325,0.36713770521465905
585,6072.421875,"[0.375, 0.3125, 0.1875, 0.1875, 0.171875, 0.234375, 0.1796875, 0.25, 0.375, 0.28125, 0.296875, 0.390625, 0.28125, 0.1171875, 0.5625, 0.1875, 0.5, 0.171875, 0.328125, 0.25, 0.0859375]","[0.25, 0.1875, 0.09375, 0.21875, 0.0859375, 0.1171875, 0.2109375, 0.125, 0.1875, 0.140625, 0.328125, 0.2578125, 0.140625, 0.1328125, 0.28125, 0.125, 0.25, 0.234375, 0.1640625, 0.15625, 0.1015625]",[19],0.42959567917457325,0.36713770521465905
586,6052.421875,"[0.375, 0.3125, 0.1875, 0.15625, 0.171875, 0.234375, 0.1796875, 0.25, 0.375, 0.28125, 0.296875, 0.390625, 0.28125, 0.1171875, 0.5625, 0.21875, 0.5, 0.171875, 0.328125, 0.25, 0.0859375]","[0.25, 0.1875, 0.09375, 0.1875, 0.0859375, 0.1171875, 0.2109375, 0.125, 0.1875, 0.140625, 0.328125, 0.2578125, 0.140625, 0.1328125, 0.28125, 0.140625, 0.25, 0.234375, 0.1640625, 0.15625, 0.1015625]",[48],0.4310489196196973,0.36277404117568923
587,6052.421875,"[0.375, 0.3125, 0.1875, 0.15625, 0.171875, 0.234375, 0.1796875, 0.25, 0.375, 0.28125, 0.296875, 0.390625, 0.28125, 0.1171875, 0.5625, 0.21875, 0.5, 0.171875, 0.328125, 0.25, 0.0859375]","[0.25, 0.1875, 0.09375, 0.1875, 0.0859375, 0.1171875, 0.2109375, 0.125, 0.1875, 0.140625, 0.328125, 0.2578125, 0.140625, 0.1328125, 0.28125, 0.140625, 0.25, 0.234375, 0.1640625, 0.15625, 0.1015625]",[48],0.4310489196196973,0.36277404117568923
588,6092.109375,"[0.375, 0.3125, 0.1875, 0.15625, 0.171875, 0.234375, 0.1796875, 0.25, 0.375, 0.28125, 0.296875, 0.390625, 0.28125, 0.1171875, 0.5625, 0.21875, 0.5, 0.171875, 0.328125, 0.25, 0.0859375]","[0.25, 0.1875, 0.09375, 0.1875, 0.0859375, 0.1171875, 0.2109375, 0.125, 0.1875, 0.140625, 0.328125, 0.2578125, 0.140625, 0.1328125, 0.28125, 0.140625, 0.25, 0.234375, 0.1640625, 0.15625, 0.1015625]",[48],0.4310489196196973,0.36277404117568923
589,6170.234375,"[0.375, 0.3125, 0.1875, 0.15625, 0.171875, 0.234375, 0.1796875, 0.25, 0.375, 0.28125, 0.296875, 0.390625, 0.28125, 0.1171875, 0.5625, 0.21875, 0.5, 0.171875, 0.328125, 0.25, 0.0859375]","[0.25, 0.1875, 0.09375, 0.1875, 0.0859375, 0.1171875, 0.2109375, 0.125, 0.1875, 0.140625, 0.328125, 0.2578125, 0.140625, 0.1328125, 0.28125, 0.140625, 0.25, 0.234375, 0.1640625, 0.15625, 0.1015625]",[48],0.4310489196196973,0.36277404117568923
590,6052.578125,"[0.375, 0.3125, 0.1875, 0.15625, 0.171875, 0.234375, 0.1796875, 0.25, 0.375, 0.28125, 0.296875, 0.390625, 0.28125, 0.1171875, 0.5625, 0.21875, 0.5, 0.171875, 0.328125, 0.25, 0.0859375]","[0.25, 0.1875, 0.09375, 0.1875, 0.0859375, 0.1171875, 0.2109375, 0.125, 0.1875, 0.140625, 0.328125, 0.2578125, 0.140625, 0.1328125, 0.28125, 0.140625, 0.25, 0.234375, 0.1640625, 0.15625, 0.1015625]",[48],0.4310489196196973,0.36277404117568923
591,6032.65625,"[0.375, 0.3125, 0.1875, 0.15625, 0.171875, 0.234375, 0.1796875, 0.25, 0.375, 0.28125, 0.296875, 0.390625, 0.28125, 0.1171875, 0.5625, 0.21875, 0.5, 0.171875, 0.328125, 0.25, 0.0859375]","[0.25, 0.1875, 0.09375, 0.1875, 0.0859375, 0.1171875, 0.2109375, 0.125, 0.1875, 0.140625, 0.328125, 0.2578125, 0.140625, 0.1328125, 0.28125, 0.140625, 0.25, 0.234375, 0.1640625, 0.15625, 0.1015625]",[48],0.4310489196196973,0.36277404117568923
592,6052.578125,"[0.375, 0.3125, 0.1875, 0.15625, 0.171875, 0.234375, 0.1796875, 0.25, 0.375, 0.28125, 0.296875, 0.390625, 0.28125, 0.1171875, 0.5625, 0.21875, 0.5, 0.171875, 0.328125, 0.25, 0.0859375]","[0.25, 0.1875, 0.09375, 0.1875, 0.0859375, 0.1171875, 0.2109375, 0.125, 0.1875, 0.140625, 0.328125, 0.2578125, 0.140625, 0.1328125, 0.28125, 0.140625, 0.25, 0.234375, 0.1640625, 0.15625, 0.1015625]",[48],0.4310489196196973,0.36277404117568923
593,6092.109375,"[0.375, 0.3125, 0.1875, 0.15625, 0.171875, 0.234375, 0.1796875, 0.25, 0.375, 0.28125, 0.296875, 0.390625, 0.34375, 0.1171875, 0.5625, 0.21875, 0.5, 0.171875, 0.328125, 0.25, 0.0859375]","[0.25, 0.1875, 0.09375, 0.1875, 0.0859375, 0.1171875, 0.2109375, 0.125, 0.1875, 0.140625, 0.328125, 0.2578125, 0.171875, 0.1328125, 0.28125, 0.140625, 0.25, 0.234375, 0.1640625, 0.15625, 0.1015625]",[83],0.4299002935293128,0.35673444572937957
594,6249.609375,"[0.625, 0.3125, 0.1875, 0.15625, 0.171875, 0.234375, 0.1796875, 0.25, 0.375, 0.28125, 0.296875, 0.390625, 0.34375, 0.1171875, 0.5625, 0.1875, 0.5, 0.171875, 0.328125, 0.25, 0.0859375]","[0.375, 0.1875, 0.09375, 0.1875, 0.0859375, 0.1171875, 0.2109375, 0.125, 0.1875, 0.140625, 0.328125, 0.2578125, 0.171875, 0.1328125, 0.28125, 0.125, 0.25, 0.234375, 0.1640625, 0.15625, 0.1015625]",[19],0.48802932507969904,0.40809455908978814
595,6269.609375,"[0.625, 0.3125, 0.1875, 0.15625, 0.171875, 0.234375, 0.1796875, 0.25, 0.375, 0.28125, 0.296875, 0.390625, 0.34375, 0.1171875, 0.5625, 0.1875, 0.5, 0.171875, 0.328125, 0.25, 0.0859375]","[0.375, 0.1875, 0.09375, 0.1875, 0.0859375, 0.1171875, 0.2109375, 0.125, 0.1875, 0.140625, 0.328125, 0.2578125, 0.171875, 0.1328125, 0.28125, 0.125, 0.25, 0.234375, 0.1640625, 0.15625, 0.1015625]",[19],0.48802932507969904,0.40809455908978814
596,6249.84375,"[0.625, 0.3125, 0.1875, 0.15625, 0.171875, 0.234375, 0.1796875, 0.25, 0.375, 0.15625, 0.296875, 0.359375, 0.34375, 0.1171875, 0.5625, 0.1875, 0.5, 0.171875, 0.328125, 0.25, 0.0859375]","[0.375, 0.1875, 0.09375, 0.1875, 0.0859375, 0.1171875, 0.2109375, 0.125, 0.1875, 0.078125, 0.328125, 0.2265625, 0.171875, 0.1328125, 0.28125, 0.125, 0.25, 0.234375, 0.1640625, 0.15625, 0.1015625]",[19],0.5072131096145046,0.4278380579043734
597,6151.171875,"[0.625, 0.3125, 0.1875, 0.1875, 0.15625, 0.234375, 0.1796875, 0.25, 0.375, 0.15625, 0.265625, 0.359375, 0.34375, 0.1171875, 0.5625, 0.1875, 0.5, 0.171875, 0.328125, 0.25, 0.0859375]","[0.375, 0.1875, 0.09375, 0.21875, 0.078125, 0.1171875, 0.2109375, 0.125, 0.1875, 0.078125, 0.296875, 0.2265625, 0.171875, 0.1328125, 0.28125, 0.125, 0.25, 0.234375, 0.1640625, 0.15625, 0.1015625]",[22],0.5065868823847071,0.41972695914903485
598,6170.390625,"[0.625, 0.3125, 0.1875, 0.1875, 0.15625, 0.234375, 0.1796875, 0.25, 0.375, 0.15625, 0.265625, 0.359375, 0.34375, 0.1171875, 0.5625, 0.3125, 0.5, 0.171875, 0.328125, 0.25, 0.0234375]","[0.375, 0.1875, 0.09375, 0.21875, 0.078125, 0.1171875, 0.2109375, 0.125, 0.1875, 0.078125, 0.296875, 0.2265625, 0.171875, 0.1328125, 0.28125, 0.1875, 0.25, 0.234375, 0.1640625, 0.15625, 0.0390625]",[54],0.5135555565655969,0.4378250126889652
599,6170.390625,"[0.625, 0.3125, 0.125, 0.1875, 0.15625, 0.234375, 0.1796875, 0.25, 0.375, 0.15625, 0.265625, 0.359375, 0.34375, 0.1171875, 0.5625, 0.3125, 0.5, 0.171875, 0.328125, 0.25, 0.0078125]","[0.375, 0.1875, 0.0625, 0.21875, 0.078125, 0.1171875, 0.2109375, 0.125, 0.1875, 0.078125, 0.296875, 0.2265625, 0.171875, 0.1328125, 0.28125, 0.1875, 0.25, 0.234375, 0.1640625, 0.15625, 0.0078125]",[25],0.5343057513421515,0.47145055414115267
600,5971.484375,"[0.625, 0.3125, 0.125, 0.1875, 0.15625, 0.234375, 0.1796875, 0.25, 0.375, 0.15625, 0.296875, 0.359375, 0.34375, 0.1171875, 0.5625, 0.3125, 0.5, 0.171875, 0.328125, 0.25, 0.0078125]","[0.375, 0.1875, 0.0625, 0.21875, 0.078125, 0.1171875, 0.2109375, 0.125, 0.1875, 0.078125, 0.359375, 0.2265625, 0.171875, 0.1328125, 0.28125, 0.1875, 0.25, 0.234375, 0.1640625, 0.15625, 0.0078125]",[54],0.5315730488771061,0.4917093489536556
601,5991.40625,"[0.625, 0.3125, 0.125, 0.1875, 0.15625, 0.234375, 0.1796875, 0.25, 0.375, 0.15625, 0.296875, 0.359375, 0.34375, 0.1171875, 0.5625, 0.3125, 0.5, 0.171875, 0.328125, 0.25, 0.0078125]","[0.375, 0.1875, 0.0625, 0.21875, 0.078125, 0.1171875, 0.2109375, 0.125, 0.1875, 0.078125, 0.359375, 0.2265625, 0.171875, 0.1328125, 0.28125, 0.1875, 0.25, 0.234375, 0.1640625, 0.15625, 0.0078125]",[54],0.5315730488771061,0.4917093489536556
602,6011.328125,"[0.625, 0.3125, 0.125, 0.1875, 0.15625, 0.234375, 0.1796875, 0.25, 0.375, 0.15625, 0.296875, 0.359375, 0.34375, 0.1171875, 0.5625, 0.3125, 0.5, 0.171875, 0.328125, 0.25, 0.0078125]","[0.375, 0.1875, 0.0625, 0.21875, 0.078125, 0.1171875, 0.2109375, 0.125, 0.1875, 0.078125, 0.359375, 0.2265625, 0.171875, 0.1328125, 0.28125, 0.1875, 0.25, 0.234375, 0.1640625, 0.15625, 0.0078125]",[54],0.5315730488771061,0.4917093489536556
603,6050.234375,"[0.5, 0.3125, 0.25, 0.1875, 0.15625, 0.234375, 0.1640625, 0.25, 0.375, 0.15625, 0.296875, 0.359375, 0.34375, 0.1171875, 0.5625, 0.3125, 0.5, 0.171875, 0.328125, 0.25, 0.0078125]","[0.3125, 0.1875, 0.125, 0.21875, 0.078125, 0.1171875, 0.1796875, 0.125, 0.1875, 0.078125, 0.359375, 0.2265625, 0.171875, 0.1328125, 0.28125, 0.1875, 0.25, 0.234375, 0.1640625, 0.15625, 0.0078125]",[3],0.4778385193734735,0.4456013343144499
604,6091.015625,"[0.5, 0.3125, 0.25, 0.1875, 0.15625, 0.234375, 0.2265625, 0.25, 0.375, 0.15625, 0.296875, 0.359375, 0.34375, 0.1171875, 0.5625, 0.3125, 0.5, 0.171875, 0.328125, 0.25, 0.0078125]","[0.3125, 0.1875, 0.125, 0.21875, 0.078125, 0.1171875, 0.2421875, 0.125, 0.1875, 0.078125, 0.359375, 0.2265625, 0.171875, 0.1328125, 0.28125, 0.1875, 0.25, 0.234375, 0.1640625, 0.15625, 0.0078125]",[56],0.46601816596759166,0.4442719359174324
605,6130.859375,"[0.5, 0.3125, 0.25, 0.1875, 0.15625, 0.234375, 0.2265625, 0.25, 0.375, 0.15625, 0.296875, 0.359375, 0.34375, 0.1328125, 0.5625, 0.3125, 0.5, 0.171875, 0.328125, 0.25, 0.0078125]","[0.3125, 0.1875, 0.125, 0.21875, 0.078125, 0.1171875, 0.2421875, 0.125, 0.1875, 0.078125, 0.359375, 0.2265625, 0.171875, 0.1640625, 0.28125, 0.1875, 0.25, 0.234375, 0.1640625, 0.15625, 0.0078125]",[67],0.4616223729883265,0.43717004801849735
606,6150.703125,"[0.5, 0.3125, 0.25, 0.1875, 0.15625, 0.234375, 0.2265625, 0.25, 0.375, 0.15625, 0.296875, 0.359375, 0.34375, 0.1328125, 0.5625, 0.3125, 0.5, 0.171875, 0.328125, 0.25, 0.0078125]","[0.3125, 0.1875, 0.125, 0.21875, 0.078125, 0.1171875, 0.2421875, 0.125, 0.1875, 0.078125, 0.359375, 0.2265625, 0.171875, 0.1640625, 0.28125, 0.1875, 0.25, 0.234375, 0.1640625, 0.15625, 0.0078125]",[67],0.4616223729883265,0.43717004801849735
607,6170.546875,"[0.5, 0.3125, 0.25, 0.1875, 0.15625, 0.265625, 0.2265625, 0.25, 0.375, 0.15625, 0.296875, 0.359375, 0.34375, 0.1328125, 0.5625, 0.3125, 0.5, 0.171875, 0.328125, 0.25, 0.0078125]","[0.3125, 0.1875, 0.125, 0.21875, 0.078125, 0.1328125, 0.2421875, 0.125, 0.1875, 0.078125, 0.359375, 0.2265625, 0.171875, 0.1640625, 0.28125, 0.1875, 0.25, 0.234375, 0.1640625, 0.15625, 0.0078125]",[70],0.45788548931312845,0.4324221543047441
608,6249.921875,"[0.5, 0.3125, 0.25, 0.1875, 0.15625, 0.265625, 0.2265625, 0.25, 0.375, 0.15625, 0.296875, 0.359375, 0.34375, 0.1328125, 0.5625, 0.3125, 0.5, 0.171875, 0.328125, 0.25, 0.0078125]","[0.3125, 0.1875, 0.125, 0.21875, 0.078125, 0.1328125, 0.2421875, 0.125, 0.1875, 0.078125, 0.359375, 0.2265625, 0.171875, 0.1640625, 0.28125, 0.1875, 0.25, 0.234375, 0.1640625, 0.15625, 0.0078125]",[70],0.45788548931312845,0.4324221543047441
609,6328.046875,"[0.5, 0.3125, 0.25, 0.1875, 0.15625, 0.265625, 0.2265625, 0.25, 0.375, 0.40625, 0.296875, 0.359375, 0.34375, 0.1328125, 0.5625, 0.3125, 0.5, 0.171875, 0.328125, 0.25, 0.0078125]","[0.3125, 0.1875, 0.125, 0.21875, 0.078125, 0.1328125, 0.2421875, 0.125, 0.1875, 0.203125, 0.359375, 0.2265625, 0.171875, 0.1640625, 0.28125, 0.1875, 0.25, 0.234375, 0.1640625, 0.15625, 0.0078125]",[76],0.43696967824986127,0.4000314148362726
610,6367.734375,"[0.5, 0.3125, 0.25, 0.1875, 0.15625, 0.265625, 0.2265625, 0.25, 0.375, 0.40625, 0.296875, 0.359375, 0.34375, 0.1328125, 0.5625, 0.3125, 0.5, 0.203125, 0.328125, 0.25, 0.0078125]","[0.3125, 0.1875, 0.125, 0.21875, 0.078125, 0.1328125, 0.2421875, 0.125, 0.1875, 0.203125, 0.359375, 0.2265625, 0.171875, 0.1640625, 0.28125, 0.1875, 0.25, 0.296875, 0.1640625, 0.15625, 0.0078125]",[80],0.4305412425137322,0.408248290463863
611,6387.578125,"[0.5, 0.3125, 0.25, 0.203125, 0.15625, 0.265625, 0.2265625, 0.25, 0.375, 0.40625, 0.296875, 0.359375, 0.34375, 0.1328125, 0.5625, 0.3125, 0.5, 0.203125, 0.328125, 0.25, 0.0078125]","[0.3125, 0.1875, 0.125, 0.234375, 0.078125, 0.1328125, 0.2421875, 0.125, 0.1875, 0.203125, 0.359375, 0.2265625, 0.171875, 0.1640625, 0.28125, 0.1875, 0.25, 0.296875, 0.1640625, 0.15625, 0.0078125]",[87],0.42746743795655523,0.4082274742898951
612,6427.265625,"[0.5, 0.3125, 0.25, 0.203125, 0.15625, 0.265625, 0.2265625, 0.25, 0.375, 0.40625, 0.296875, 0.359375, 0.34375, 0.1328125, 0.5625, 0.3125, 0.5, 0.203125, 0.328125, 0.25, 0.0078125]","[0.3125, 0.1875, 0.125, 0.234375, 0.078125, 0.1328125, 0.2421875, 0.125, 0.1875, 0.203125, 0.359375, 0.2265625, 0.171875, 0.1640625, 0.28125, 0.1875, 0.25, 0.296875, 0.1640625, 0.15625, 0.0078125]",[87],0.42746743795655523,0.4082274742898951
613,6466.328125,"[0.5, 0.4375, 0.25, 0.203125, 0.15625, 0.265625, 0.2265625, 0.25, 0.375, 0.40625, 0.296875, 0.359375, 0.34375, 0.1328125, 0.5625, 0.3125, 0.5, 0.203125, 0.328125, 0.21875, 0.0078125]","[0.3125, 0.25, 0.125, 0.234375, 0.078125, 0.1328125, 0.2421875, 0.125, 0.1875, 0.203125, 0.359375, 0.2265625, 0.171875, 0.1640625, 0.28125, 0.1875, 0.25, 0.296875, 0.1640625, 0.125, 0.0078125]",[42],0.4351620477193907,0.4146559611481577
614,6584.140625,"[0.5, 0.4375, 0.25, 0.203125, 0.15625, 0.265625, 0.2265625, 0.5, 0.375, 0.40625, 0.296875, 0.359375, 0.34375, 0.1328125, 0.5625, 0.3125, 0.5, 0.203125, 0.328125, 0.21875, 0.0078125]","[0.3125, 0.25, 0.125, 0.234375, 0.078125, 0.1328125, 0.2421875, 0.25, 0.1875, 0.203125, 0.359375, 0.2265625, 0.171875, 0.1640625, 0.28125, 0.1875, 0.25, 0.296875, 0.1640625, 0.125, 0.0078125]",[93],0.43767901876666165,0.39813817077452096
615,6623.984375,"[0.5, 0.4375, 0.25, 0.203125, 0.15625, 0.265625, 0.2265625, 0.5, 0.375, 0.40625, 0.296875, 0.359375, 0.34375, 0.1328125, 0.5625, 0.3125, 0.5, 0.203125, 0.328125, 0.21875, 0.0234375]","[0.3125, 0.25, 0.125, 0.234375, 0.078125, 0.1328125, 0.2421875, 0.25, 0.1875, 0.203125, 0.359375, 0.2265625, 0.171875, 0.1640625, 0.28125, 0.1875, 0.25, 0.296875, 0.1640625, 0.125, 0.0390625]",[94],0.43146766969003075,0.37860456155965566
616,6643.828125,"[0.5, 0.4375, 0.25, 0.203125, 0.15625, 0.265625, 0.2265625, 0.5, 0.375, 0.40625, 0.296875, 0.375, 0.34375, 0.1328125, 0.5625, 0.3125, 0.5, 0.203125, 0.328125, 0.21875, 0.0234375]","[0.3125, 0.25, 0.125, 0.234375, 0.078125, 0.1328125, 0.2421875, 0.25, 0.1875, 0.203125, 0.359375, 0.234375, 0.171875, 0.1640625, 0.28125, 0.1875, 0.25, 0.296875, 0.1640625, 0.125, 0.0390625]",[95],0.4313610783457387,0.37853775480844964
617,6683.515625,"[0.5, 0.4375, 0.25, 0.203125, 0.15625, 0.265625, 0.2265625, 0.5, 0.375, 0.40625, 0.296875, 0.375, 0.34375, 0.1328125, 0.5625, 0.3125, 0.5, 0.203125, 0.328125, 0.21875, 0.0234375]","[0.3125, 0.25, 0.125, 0.234375, 0.078125, 0.1328125, 0.2421875, 0.25, 0.1875, 0.203125, 0.359375, 0.234375, 0.171875, 0.1640625, 0.28125, 0.1875, 0.25, 0.296875, 0.1640625, 0.125, 0.0390625]",[95],0.4313610783457387,0.37853775480844964
618,6723.203125,"[0.5, 0.4375, 0.25, 0.203125, 0.15625, 0.265625, 0.2265625, 0.5, 0.375, 0.40625, 0.296875, 0.359375, 0.34375, 0.1328125, 0.5625, 0.3125, 0.5, 0.203125, 0.328125, 0.21875, 0.0234375]","[0.3125, 0.25, 0.125, 0.234375, 0.078125, 0.1328125, 0.2421875, 0.25, 0.1875, 0.203125, 0.359375, 0.2265625, 0.171875, 0.1640625, 0.28125, 0.1875, 0.25, 0.296875, 0.1640625, 0.125, 0.0390625]",[94],0.43146766969003075,0.37860456155965566
619,6782.734375,"[0.5, 0.4375, 0.25, 0.328125, 0.15625, 0.234375, 0.2109375, 0.5, 0.375, 0.40625, 0.296875, 0.359375, 0.34375, 0.1328125, 0.5625, 0.3125, 0.5, 0.203125, 0.328125, 0.21875, 0.0234375]","[0.3125, 0.25, 0.125, 0.359375, 0.078125, 0.1171875, 0.2109375, 0.25, 0.1875, 0.203125, 0.359375, 0.2265625, 0.171875, 0.1640625, 0.28125, 0.1875, 0.25, 0.296875, 0.1640625, 0.125, 0.0390625]",[1],0.4233950437665488,0.4059288136100817
620,6742.578125,"[0.5, 0.4375, 0.3125, 0.296875, 0.15625, 0.234375, 0.2109375, 0.5, 0.375, 0.40625, 0.296875, 0.359375, 0.34375, 0.1328125, 0.3125, 0.3125, 0.5, 0.203125, 0.328125, 0.21875, 0.0234375]","[0.3125, 0.25, 0.1875, 0.328125, 0.078125, 0.1171875, 0.2109375, 0.25, 0.1875, 0.203125, 0.359375, 0.2265625, 0.171875, 0.1640625, 0.15625, 0.1875, 0.25, 0.296875, 0.1640625, 0.125, 0.0390625]",[11],0.3978473473346199,0.3888050198711891
621,6565.234375,"[0.5, 0.4375, 0.3125, 0.296875, 0.15625, 0.234375, 0.2109375, 0.5, 0.375, 0.40625, 0.296875, 0.359375, 0.34375, 0.1328125, 0.3125, 0.3125, 0.5, 0.203125, 0.328125, 0.21875, 0.0234375]","[0.3125, 0.25, 0.1875, 0.328125, 0.078125, 0.1171875, 0.2109375, 0.25, 0.1875, 0.203125, 0.359375, 0.2265625, 0.171875, 0.1640625, 0.15625, 0.1875, 0.25, 0.296875, 0.1640625, 0.125, 0.0390625]",[11],0.3978473473346199,0.3888050198711891
622,6585.078125,"[0.5, 0.4375, 0.3125, 0.296875, 0.15625, 0.234375, 0.2109375, 0.5, 0.25, 0.40625, 0.296875, 0.359375, 0.34375, 0.1328125, 0.3125, 0.3125, 0.5, 0.203125, 0.328125, 0.25, 0.0234375]","[0.3125, 0.25, 0.1875, 0.328125, 0.078125, 0.1171875, 0.2109375, 0.25, 0.125, 0.203125, 0.359375, 0.2265625, 0.171875, 0.1640625, 0.15625, 0.1875, 0.25, 0.296875, 0.1640625, 0.140625, 0.0390625]",[20],0.3997025504005673,0.39842798090379916
623,6585.703125,"[0.5, 0.4375, 0.3125, 0.296875, 0.15625, 0.234375, 0.2109375, 0.5, 0.25, 0.40625, 0.296875, 0.359375, 0.34375, 0.1328125, 0.3125, 0.3125, 0.25, 0.203125, 0.328125, 0.3125, 0.0234375]","[0.3125, 0.25, 0.1875, 0.328125, 0.078125, 0.1171875, 0.2109375, 0.25, 0.125, 0.203125, 0.359375, 0.2265625, 0.171875, 0.1640625, 0.15625, 0.1875, 0.125, 0.296875, 0.1640625, 0.171875, 0.0390625]",[24],0.38396999498658535,0.4076943755520173
624,6587.578125,"[0.5, 0.4375, 0.3125, 0.296875, 0.15625, 0.234375, 0.2109375, 0.5, 0.25, 0.40625, 0.296875, 0.359375, 0.34375, 0.1328125, 0.3125, 0.3125, 0.25, 0.203125, 0.328125, 0.3125, 0.0234375]","[0.3125, 0.25, 0.1875, 0.328125, 0.078125, 0.1171875, 0.2109375, 0.25, 0.125, 0.203125, 0.359375, 0.2265625, 0.171875, 0.1640625, 0.15625, 0.1875, 0.125, 0.296875, 0.1640625, 0.171875, 0.0390625]",[24],0.38396999498658535,0.4076943755520173
625,6467.890625,"[0.5, 0.4375, 0.3125, 0.328125, 0.15625, 0.234375, 0.2109375, 0.5, 0.25, 0.40625, 0.296875, 0.359375, 0.34375, 0.1328125, 0.3125, 0.3125, 0.25, 0.203125, 0.328125, 0.3125, 0.0234375]","[0.3125, 0.25, 0.1875, 0.390625, 0.078125, 0.1171875, 0.2109375, 0.25, 0.125, 0.203125, 0.359375, 0.2265625, 0.171875, 0.1640625, 0.15625, 0.1875, 0.125, 0.296875, 0.1640625, 0.171875, 0.0390625]",[63],0.38281588325808114,0.4306510093155011
626,6487.734375,"[0.5, 0.4375, 0.3125, 0.328125, 0.15625, 0.234375, 0.2109375, 0.5, 0.25, 0.40625, 0.296875, 0.359375, 0.34375, 0.1328125, 0.3125, 0.3125, 0.25, 0.203125, 0.328125, 0.3125, 0.0234375]","[0.3125, 0.25, 0.1875, 0.390625, 0.078125, 0.1171875, 0.2109375, 0.25, 0.125, 0.203125, 0.359375, 0.2265625, 0.171875, 0.1640625, 0.15625, 0.1875, 0.125, 0.296875, 0.1640625, 0.171875, 0.0390625]",[63],0.38281588325808114,0.4306510093155011
627,6507.734375,"[0.5, 0.4375, 0.3125, 0.328125, 0.15625, 0.234375, 0.2109375, 0.5, 0.25, 0.40625, 0.296875, 0.359375, 0.34375, 0.1484375, 0.3125, 0.3125, 0.25, 0.203125, 0.328125, 0.3125, 0.0234375]","[0.3125, 0.25, 0.1875, 0.390625, 0.078125, 0.1171875, 0.2109375, 0.25, 0.125, 0.203125, 0.359375, 0.2265625, 0.171875, 0.1796875, 0.15625, 0.1875, 0.125, 0.296875, 0.1640625, 0.171875, 0.0390625]",[92],0.37839294479297925,0.42784050528393075
628,6587.109375,"[0.5, 0.4375, 0.3125, 0.328125, 0.21875, 0.234375, 0.2109375, 0.5, 0.25, 0.40625, 0.296875, 0.359375, 0.34375, 0.1484375, 0.3125, 0.3125, 0.25, 0.203125, 0.328125, 0.3125, 0.0234375]","[0.3125, 0.25, 0.1875, 0.390625, 0.109375, 0.1171875, 0.2109375, 0.25, 0.125, 0.203125, 0.359375, 0.2265625, 0.171875, 0.1796875, 0.15625, 0.1875, 0.125, 0.296875, 0.1640625, 0.171875, 0.0390625]",[95],0.36471423488793897,0.41534639662013734
629,6746.484375,"[0.5, 0.4375, 0.3125, 0.328125, 0.21875, 0.234375, 0.2734375, 0.5, 0.25, 0.40625, 0.296875, 0.359375, 0.34375, 0.1484375, 0.3125, 0.3125, 0.25, 0.203125, 0.328125, 0.3125, 0.0234375]","[0.3125, 0.25, 0.1875, 0.390625, 0.109375, 0.1171875, 0.2734375, 0.25, 0.125, 0.203125, 0.359375, 0.2265625, 0.171875, 0.1796875, 0.15625, 0.1875, 0.125, 0.296875, 0.1640625, 0.171875, 0.0390625]",[96],0.3557904927409329,0.4160340100528575
630,6786.171875,"[0.5, 0.4375, 0.3125, 0.328125, 0.21875, 0.234375, 0.2734375, 0.5, 0.25, 0.40625, 0.296875, 0.359375, 0.34375, 0.1171875, 0.3125, 0.25, 0.25, 0.203125, 0.328125, 0.3125, 0.0234375]","[0.3125, 0.25, 0.1875, 0.390625, 0.109375, 0.1171875, 0.2734375, 0.25, 0.125, 0.203125, 0.359375, 0.2265625, 0.171875, 0.1484375, 0.15625, 0.125, 0.125, 0.296875, 0.1640625, 0.171875, 0.0390625]",[50],0.3705279114318405,0.43656958092744996
631,6647.265625,"[0.5, 0.4375, 0.3125, 0.34375, 0.21875, 0.234375, 0.2734375, 0.5, 0.25, 0.375, 0.296875, 0.359375, 0.34375, 0.1171875, 0.3125, 0.25, 0.25, 0.203125, 0.296875, 0.3125, 0.0234375]","[0.3125, 0.25, 0.1875, 0.40625, 0.109375, 0.1171875, 0.2734375, 0.25, 0.125, 0.1875, 0.359375, 0.2265625, 0.171875, 0.1484375, 0.15625, 0.125, 0.125, 0.296875, 0.1484375, 0.171875, 0.0390625]",[9],0.3692075677399111,0.4486077196908051
632,6627.734375,"[0.5, 0.4375, 0.3125, 0.34375, 0.21875, 0.234375, 0.2734375, 0.5, 0.25, 0.375, 0.234375, 0.359375, 0.34375, 0.1171875, 0.3125, 0.25, 0.25, 0.203125, 0.296875, 0.3125, 0.0234375]","[0.3125, 0.25, 0.1875, 0.40625, 0.109375, 0.1171875, 0.2734375, 0.25, 0.125, 0.1875, 0.296875, 0.2265625, 0.171875, 0.1484375, 0.15625, 0.125, 0.125, 0.296875, 0.1484375, 0.171875, 0.0390625]",[9],0.3756178286917582,0.4327889805123192
633,6588.203125,"[0.4375, 0.4375, 0.3125, 0.34375, 0.21875, 0.234375, 0.2734375, 0.5, 0.25, 0.375, 0.234375, 0.359375, 0.34375, 0.1484375, 0.3125, 0.25, 0.25, 0.203125, 0.296875, 0.3125, 0.0234375]","[0.28125, 0.25, 0.1875, 0.40625, 0.109375, 0.1171875, 0.2734375, 0.25, 0.125, 0.1875, 0.296875, 0.2265625, 0.171875, 0.1796875, 0.15625, 0.125, 0.125, 0.296875, 0.1484375, 0.171875, 0.0390625]",[7],0.35292049946949444,0.4207871329957297
634,6708.203125,"[0.4375, 0.4375, 0.3125, 0.34375, 0.21875, 0.234375, 0.2734375, 0.5, 0.25, 0.375, 0.234375, 0.359375, 0.34375, 0.2109375, 0.3125, 0.25, 0.25, 0.203125, 0.296875, 0.3125, 0.0234375]","[0.28125, 0.25, 0.1875, 0.40625, 0.109375, 0.1171875, 0.2734375, 0.25, 0.125, 0.1875, 0.296875, 0.2265625, 0.171875, 0.2421875, 0.15625, 0.125, 0.125, 0.296875, 0.1484375, 0.171875, 0.0390625]",[14],0.33804184491568395,0.4168513365176078
635,6747.578125,"[0.4375, 0.4375, 0.3125, 0.34375, 0.21875, 0.234375, 0.2734375, 0.5, 0.25, 0.375, 0.203125, 0.328125, 0.34375, 0.2109375, 0.3125, 0.3125, 0.25, 0.203125, 0.296875, 0.3125, 0.0234375]","[0.28125, 0.25, 0.1875, 0.40625, 0.109375, 0.1171875, 0.2734375, 0.25, 0.125, 0.1875, 0.234375, 0.1953125, 0.171875, 0.2421875, 0.15625, 0.1875, 0.125, 0.296875, 0.1484375, 0.171875, 0.0390625]",[25],0.338041844915684,0.3985405706652278
636,6687.890625,"[0.4375, 0.4375, 0.3125, 0.34375, 0.21875, 0.234375, 0.2734375, 0.5, 0.25, 0.375, 0.203125, 0.328125, 0.34375, 0.2109375, 0.3125, 0.3125, 0.25, 0.203125, 0.296875, 0.3125, 0.0234375]","[0.28125, 0.25, 0.1875, 0.40625, 0.109375, 0.1171875, 0.2734375, 0.25, 0.125, 0.1875, 0.234375, 0.1953125, 0.171875, 0.2421875, 0.15625, 0.1875, 0.125, 0.296875, 0.1484375, 0.171875, 0.0390625]",[25],0.338041844915684,0.3985405706652278
637,6707.890625,"[0.4375, 0.4375, 0.3125, 0.34375, 0.21875, 0.234375, 0.2734375, 0.5, 0.25, 0.375, 0.203125, 0.328125, 0.34375, 0.2109375, 0.3125, 0.3125, 0.25, 0.203125, 0.296875, 0.3125, 0.0234375]","[0.28125, 0.25, 0.1875, 0.40625, 0.109375, 0.1171875, 0.2734375, 0.25, 0.125, 0.1875, 0.234375, 0.1953125, 0.171875, 0.2421875, 0.15625, 0.1875, 0.125, 0.296875, 0.1484375, 0.171875, 0.0390625]",[25],0.338041844915684,0.3985405706652278
638,6746.953125,"[0.4375, 0.4375, 0.3125, 0.34375, 0.21875, 0.234375, 0.2734375, 0.5, 0.375, 0.375, 0.203125, 0.328125, 0.34375, 0.2109375, 0.3125, 0.3125, 0.25, 0.203125, 0.296875, 0.3125, 0.0234375]","[0.28125, 0.25, 0.1875, 0.40625, 0.109375, 0.1171875, 0.2734375, 0.25, 0.1875, 0.1875, 0.234375, 0.1953125, 0.171875, 0.2421875, 0.15625, 0.1875, 0.125, 0.296875, 0.1484375, 0.171875, 0.0390625]",[35],0.33436590069544775,0.3844455148775506
639,6905.703125,"[0.4375, 0.4375, 0.3125, 0.34375, 0.21875, 0.234375, 0.2734375, 0.5, 0.375, 0.375, 0.203125, 0.328125, 0.34375, 0.2109375, 0.3125, 0.3125, 0.25, 0.203125, 0.296875, 0.3125, 0.0234375]","[0.28125, 0.25, 0.1875, 0.40625, 0.109375, 0.1171875, 0.2734375, 0.25, 0.1875, 0.1875, 0.234375, 0.1953125, 0.171875, 0.2421875, 0.15625, 0.1875, 0.125, 0.296875, 0.1484375, 0.171875, 0.0390625]",[35],0.33436590069544775,0.3844455148775506
640,6786.328125,"[0.4375, 0.4375, 0.3125, 0.34375, 0.21875, 0.234375, 0.2734375, 0.5, 0.25, 0.375, 0.203125, 0.328125, 0.34375, 0.2109375, 0.3125, 0.3125, 0.25, 0.203125, 0.296875, 0.3125, 0.0234375]","[0.28125, 0.25, 0.1875, 0.40625, 0.109375, 0.1171875, 0.2734375, 0.25, 0.125, 0.1875, 0.234375, 0.1953125, 0.171875, 0.2421875, 0.15625, 0.1875, 0.125, 0.296875, 0.1484375, 0.171875, 0.0390625]",[25],0.338041844915684,0.3985405706652278
641,6688.046875,"[0.4375, 0.4375, 0.3125, 0.34375, 0.21875, 0.21875, 0.2734375, 0.5, 0.25, 0.375, 0.21875, 0.203125, 0.34375, 0.2109375, 0.3125, 0.3125, 0.25, 0.203125, 0.296875, 0.3125, 0.0234375]","[0.28125, 0.25, 0.1875, 0.40625, 0.109375, 0.109375, 0.2734375, 0.25, 0.125, 0.1875, 0.25, 0.1328125, 0.171875, 0.2421875, 0.15625, 0.1875, 0.125, 0.296875, 0.1484375, 0.171875, 0.0390625]",[35],0.34990826804433417,0.41422331221329434
642,6549.140625,"[0.4375, 0.4375, 0.3125, 0.34375, 0.21875, 0.21875, 0.265625, 0.5, 0.25, 0.375, 0.21875, 0.203125, 0.34375, 0.2109375, 0.3125, 0.3125, 0.25, 0.203125, 0.328125, 0.3125, 0.0234375]","[0.28125, 0.25, 0.1875, 0.40625, 0.109375, 0.109375, 0.265625, 0.25, 0.125, 0.1875, 0.25, 0.1328125, 0.171875, 0.2421875, 0.15625, 0.1875, 0.125, 0.296875, 0.1640625, 0.171875, 0.0390625]",[46],0.35000639599460415,0.40983584278841506
643,6608.59375,"[0.4375, 0.4375, 0.3125, 0.34375, 0.21875, 0.21875, 0.265625, 0.5, 0.25, 0.375, 0.21875, 0.203125, 0.34375, 0.2109375, 0.3125, 0.3125, 0.0, 0.265625, 0.328125, 0.3125, 0.0234375]","[0.28125, 0.25, 0.1875, 0.40625, 0.109375, 0.109375, 0.265625, 0.25, 0.125, 0.1875, 0.25, 0.1328125, 0.171875, 0.2421875, 0.15625, 0.1875, 0.0, 0.359375, 0.1640625, 0.171875, 0.0390625]",[49],0.41833779194826926,0.48670093943341836
644,6608.59375,"[0.4375, 0.4375, 0.3125, 0.34375, 0.21875, 0.21875, 0.265625, 0.5, 0.25, 0.375, 0.21875, 0.203125, 0.21875, 0.2109375, 0.3125, 0.3125, 0.25, 0.265625, 0.328125, 0.3125, 0.0234375]","[0.28125, 0.25, 0.1875, 0.40625, 0.109375, 0.109375, 0.265625, 0.25, 0.125, 0.1875, 0.25, 0.1328125, 0.109375, 0.2421875, 0.15625, 0.1875, 0.125, 0.359375, 0.1640625, 0.171875, 0.0390625]",[37],0.34949786884983797,0.44397232205080583
645,6489.53125,"[0.4375, 0.4375, 0.3125, 0.34375, 0.21875, 0.21875, 0.265625, 0.5, 0.25, 0.375, 0.21875, 0.203125, 0.21875, 0.2109375, 0.3125, 0.3125, 0.25, 0.265625, 0.328125, 0.3125, 0.0234375]","[0.28125, 0.25, 0.1875, 0.40625, 0.109375, 0.109375, 0.265625, 0.25, 0.125, 0.1875, 0.25, 0.1328125, 0.109375, 0.2421875, 0.15625, 0.1875, 0.125, 0.359375, 0.1640625, 0.171875, 0.0390625]",[37],0.34949786884983797,0.44397232205080583
646,6469.53125,"[0.4375, 0.4375, 0.3125, 0.34375, 0.21875, 0.21875, 0.265625, 0.5, 0.25, 0.375, 0.21875, 0.203125, 0.21875, 0.2109375, 0.3125, 0.3125, 0.25, 0.265625, 0.328125, 0.3125, 0.0234375]","[0.28125, 0.25, 0.1875, 0.40625, 0.109375, 0.109375, 0.265625, 0.25, 0.125, 0.1875, 0.25, 0.1328125, 0.109375, 0.2421875, 0.15625, 0.1875, 0.125, 0.359375, 0.1640625, 0.171875, 0.0390625]",[37],0.34949786884983797,0.44397232205080583
647,6489.21875,"[0.4375, 0.4375, 0.3125, 0.34375, 0.21875, 0.21875, 0.265625, 0.5, 0.3125, 0.375, 0.21875, 0.203125, 0.21875, 0.2109375, 0.3125, 0.3125, 0.25, 0.265625, 0.328125, 0.3125, 0.0234375]","[0.28125, 0.25, 0.1875, 0.40625, 0.109375, 0.109375, 0.265625, 0.25, 0.15625, 0.1875, 0.25, 0.1328125, 0.109375, 0.2421875, 0.15625, 0.1875, 0.125, 0.359375, 0.1640625, 0.171875, 0.0390625]",[79],0.34521559831395465,0.4357469454837269
648,6567.96875,"[0.4375, 0.4375, 0.4375, 0.34375, 0.21875, 0.21875, 0.265625, 0.5, 0.3125, 0.375, 0.21875, 0.203125, 0.21875, 0.2109375, 0.3125, 0.3125, 0.25, 0.265625, 0.328125, 0.3125, 0.0234375]","[0.28125, 0.25, 0.25, 0.40625, 0.109375, 0.109375, 0.265625, 0.25, 0.15625, 0.1875, 0.25, 0.1328125, 0.109375, 0.2421875, 0.15625, 0.1875, 0.125, 0.359375, 0.1640625, 0.171875, 0.0390625]",[81],0.35452449754824905,0.43273036159192624
649,6727.34375,"[0.4375, 0.4375, 0.4375, 0.34375, 0.21875, 0.21875, 0.265625, 0.5, 0.3125, 0.375, 0.21875, 0.203125, 0.21875, 0.2109375, 0.3125, 0.3125, 0.25, 0.265625, 0.328125, 0.3125, 0.0234375]","[0.28125, 0.25, 0.25, 0.40625, 0.109375, 0.109375, 0.265625, 0.25, 0.15625, 0.1875, 0.25, 0.1328125, 0.109375, 0.2421875, 0.15625, 0.1875, 0.125, 0.359375, 0.1640625, 0.171875, 0.0390625]",[81],0.35452449754824905,0.43273036159192624
650,6607.34375,"[0.4375, 0.4375, 0.4375, 0.28125, 0.21875, 0.21875, 0.265625, 0.5, 0.3125, 0.375, 0.09375, 0.203125, 0.21875, 0.2109375, 0.3125, 0.3125, 0.25, 0.265625, 0.328125, 0.3125, 0.0234375]","[0.28125, 0.25, 0.25, 0.3125, 0.109375, 0.109375, 0.265625, 0.25, 0.15625, 0.1875, 0.125, 0.1328125, 0.109375, 0.2421875, 0.15625, 0.1875, 0.125, 0.359375, 0.1640625, 0.171875, 0.0390625]",[2],0.3893808847846223,0.4123804919329651
651,6349.6875,"[0.4375, 0.4375, 0.4375, 0.28125, 0.21875, 0.21875, 0.265625, 0.5, 0.3125, 0.375, 0.109375, 0.203125, 0.21875, 0.2109375, 0.3125, 0.3125, 0.25, 0.265625, 0.328125, 0.3125, 0.0234375]","[0.28125, 0.25, 0.25, 0.3125, 0.109375, 0.109375, 0.265625, 0.25, 0.15625, 0.1875, 0.140625, 0.1328125, 0.109375, 0.2421875, 0.15625, 0.1875, 0.125, 0.359375, 0.1640625, 0.171875, 0.0390625]",[24],0.38404496697483526,0.40789929631895666
652,6389.375,"[0.4375, 0.4375, 0.4375, 0.28125, 0.21875, 0.25, 0.265625, 0.5, 0.3125, 0.375, 0.109375, 0.203125, 0.21875, 0.2109375, 0.3125, 0.3125, 0.25, 0.265625, 0.328125, 0.3125, 0.0234375]","[0.28125, 0.25, 0.25, 0.3125, 0.109375, 0.125, 0.265625, 0.25, 0.15625, 0.1875, 0.140625, 0.1328125, 0.109375, 0.2421875, 0.15625, 0.1875, 0.125, 0.359375, 0.1640625, 0.171875, 0.0390625]",[41],0.3795535173975037,0.4026062348559638
653,6468.125,"[0.4375, 0.4375, 0.4375, 0.28125, 0.21875, 0.25, 0.265625, 0.5, 0.3125, 0.5, 0.109375, 0.203125, 0.21875, 0.2109375, 0.3125, 0.3125, 0.25, 0.265625, 0.328125, 0.3125, 0.0234375]","[0.28125, 0.25, 0.25, 0.3125, 0.109375, 0.125, 0.265625, 0.25, 0.15625, 0.25, 0.140625, 0.1328125, 0.109375, 0.2421875, 0.15625, 0.1875, 0.125, 0.359375, 0.1640625, 0.171875, 0.0390625]",[81],0.39786553633298083,0.4015866712108469
654,6626.875,"[0.4375, 0.4375, 0.4375, 0.28125, 0.21875, 0.25, 0.265625, 0.5, 0.3125, 0.5, 0.234375, 0.203125, 0.21875, 0.2109375, 0.3125, 0.3125, 0.25, 0.265625, 0.328125, 0.3125, 0.0234375]","[0.28125, 0.25, 0.25, 0.3125, 0.109375, 0.125, 0.265625, 0.25, 0.15625, 0.25, 0.265625, 0.1328125, 0.109375, 0.2421875, 0.15625, 0.1875, 0.125, 0.359375, 0.1640625, 0.171875, 0.0390625]",[84],0.36813430348902887,0.39190690576783493
655,6666.5625,"[0.4375, 0.4375, 0.4375, 0.21875, 0.21875, 0.25, 0.265625, 0.5, 0.3125, 0.5, 0.234375, 0.203125, 0.21875, 0.1953125, 0.3125, 0.3125, 0.25, 0.296875, 0.328125, 0.3125, 0.0234375]","[0.28125, 0.25, 0.25, 0.25, 0.109375, 0.125, 0.265625, 0.25, 0.15625, 0.25, 0.265625, 0.1328125, 0.109375, 0.2265625, 0.15625, 0.1875, 0.125, 0.421875, 0.1640625, 0.171875, 0.0390625]",[63],0.37665355279284823,0.41208966035449723
656,6567.265625,"[0.4375, 0.4375, 0.4375, 0.21875, 0.21875, 0.25, 0.265625, 0.5, 0.3125, 0.5, 0.234375, 0.203125, 0.21875, 0.1953125, 0.3125, 0.3125, 0.25, 0.234375, 0.328125, 0.3125, 0.03125]","[0.28125, 0.25, 0.25, 0.25, 0.109375, 0.125, 0.265625, 0.25, 0.15625, 0.25, 0.265625, 0.1328125, 0.109375, 0.2265625, 0.15625, 0.1875, 0.125, 0.359375, 0.1640625, 0.171875, 0.046875]",[46],0.37976590567272833,0.37652803900953047
657,6527.578125,"[0.4375, 0.4375, 0.4375, 0.21875, 0.21875, 0.25, 0.265625, 0.5, 0.3125, 0.5, 0.234375, 0.203125, 0.21875, 0.1953125, 0.3125, 0.3125, 0.25, 0.234375, 0.328125, 0.3125, 0.03125]","[0.28125, 0.25, 0.25, 0.25, 0.109375, 0.125, 0.265625, 0.25, 0.15625, 0.25, 0.265625, 0.1328125, 0.109375, 0.2265625, 0.15625, 0.1875, 0.125, 0.359375, 0.1640625, 0.171875, 0.046875]",[46],0.37976590567272833,0.37652803900953047
658,6567.265625,"[0.4375, 0.4375, 0.4375, 0.21875, 0.21875, 0.25, 0.265625, 0.5, 0.3125, 0.5, 0.234375, 0.265625, 0.21875, 0.1796875, 0.3125, 0.3125, 0.25, 0.234375, 0.328125, 0.3125, 0.03125]","[0.28125, 0.25, 0.25, 0.25, 0.109375, 0.125, 0.265625, 0.25, 0.15625, 0.25, 0.265625, 0.1640625, 0.109375, 0.1953125, 0.15625, 0.1875, 0.125, 0.359375, 0.1640625, 0.171875, 0.046875]",[56],0.37378202097002694,0.37009544295678787
659,6686.171875,"[0.4375, 0.4375, 0.4375, 0.21875, 0.21875, 0.25, 0.265625, 0.5, 0.3125, 0.5, 0.234375, 0.265625, 0.203125, 0.1796875, 0.25, 0.3125, 0.25, 0.234375, 0.328125, 0.3125, 0.03125]","[0.28125, 0.25, 0.25, 0.25, 0.109375, 0.125, 0.265625, 0.25, 0.15625, 0.25, 0.265625, 0.1640625, 0.1015625, 0.1953125, 0.125, 0.1875, 0.125, 0.359375, 0.1640625, 0.171875, 0.046875]",[8],0.38177845091836443,0.38169847280536734
660,6507.578125,"[0.375, 0.4375, 0.4375, 0.21875, 0.21875, 0.25, 0.265625, 0.5, 0.3125, 0.5, 0.234375, 0.265625, 0.203125, 0.1796875, 0.3125, 0.3125, 0.25, 0.234375, 0.328125, 0.3125, 0.03125]","[0.25, 0.25, 0.25, 0.25, 0.109375, 0.125, 0.265625, 0.25, 0.15625, 0.25, 0.265625, 0.1640625, 0.1015625, 0.1953125, 0.1875, 0.1875, 0.125, 0.359375, 0.1640625, 0.171875, 0.046875]",[56],0.3703546242293178,0.3633403150945443
661,6488.046875,"[0.375, 0.4375, 0.4375, 0.234375, 0.21875, 0.25, 0.265625, 0.5, 0.3125, 0.5, 0.234375, 0.265625, 0.203125, 0.1796875, 0.3125, 0.3125, 0.0, 0.234375, 0.328125, 0.3125, 0.03125]","[0.25, 0.25, 0.25, 0.265625, 0.109375, 0.125, 0.265625, 0.25, 0.15625, 0.25, 0.265625, 0.1640625, 0.1015625, 0.1953125, 0.1875, 0.1875, 0.0, 0.359375, 0.1640625, 0.171875, 0.046875]",[49],0.44233702812024694,0.42972773920235513
662,6370.390625,"[0.375, 0.4375, 0.4375, 0.234375, 0.21875, 0.25, 0.265625, 0.5, 0.3125, 0.5, 0.234375, 0.265625, 0.203125, 0.1953125, 0.3125, 0.3125, 0.0, 0.234375, 0.328125, 0.3125, 0.03125]","[0.25, 0.25, 0.25, 0.265625, 0.109375, 0.125, 0.265625, 0.25, 0.15625, 0.25, 0.265625, 0.1640625, 0.1015625, 0.2109375, 0.1875, 0.1875, 0.0, 0.359375, 0.1640625, 0.171875, 0.046875]",[74],0.43916393118866254,0.42860576579159954
663,6449.140625,"[0.375, 0.4375, 0.4375, 0.234375, 0.21875, 0.25, 0.203125, 0.5, 0.3125, 0.5, 0.234375, 0.265625, 0.203125, 0.1953125, 0.3125, 0.3125, 0.125, 0.234375, 0.328125, 0.3125, 0.03125]","[0.25, 0.25, 0.25, 0.265625, 0.109375, 0.125, 0.203125, 0.25, 0.15625, 0.25, 0.265625, 0.1640625, 0.1015625, 0.2109375, 0.1875, 0.1875, 0.0625, 0.359375, 0.1640625, 0.171875, 0.046875]",[3],0.4004065620961952,0.38844867647651316
664,6449.140625,"[0.375, 0.4375, 0.4375, 0.234375, 0.21875, 0.25, 0.203125, 0.5, 0.3125, 0.5, 0.234375, 0.25, 0.203125, 0.1953125, 0.3125, 0.3125, 0.125, 0.234375, 0.328125, 0.3125, 0.03125]","[0.25, 0.25, 0.25, 0.265625, 0.109375, 0.125, 0.203125, 0.25, 0.15625, 0.25, 0.265625, 0.15625, 0.1015625, 0.2109375, 0.1875, 0.1875, 0.0625, 0.359375, 0.1640625, 0.171875, 0.046875]",[3],0.40209610071873775,0.3900255096780746
665,6309.765625,"[0.375, 0.375, 0.4375, 0.234375, 0.21875, 0.25, 0.203125, 0.5, 0.3125, 0.5, 0.234375, 0.25, 0.203125, 0.1953125, 0.3125, 0.3125, 0.125, 0.234375, 0.328125, 0.3125, 0.03125]","[0.25, 0.1875, 0.25, 0.265625, 0.109375, 0.125, 0.203125, 0.25, 0.15625, 0.25, 0.265625, 0.15625, 0.1015625, 0.2109375, 0.1875, 0.1875, 0.0625, 0.359375, 0.1640625, 0.171875, 0.046875]",[3],0.3950494956930596,0.39008401713253277
666,6250.390625,"[0.375, 0.375, 0.4375, 0.234375, 0.21875, 0.25, 0.203125, 0.5, 0.3125, 0.5, 0.234375, 0.25, 0.203125, 0.1953125, 0.3125, 0.3125, 0.125, 0.234375, 0.328125, 0.3125, 0.03125]","[0.25, 0.1875, 0.25, 0.265625, 0.109375, 0.125, 0.203125, 0.25, 0.15625, 0.25, 0.265625, 0.15625, 0.1015625, 0.2109375, 0.1875, 0.1875, 0.0625, 0.359375, 0.1640625, 0.171875, 0.046875]",[3],0.3950494956930596,0.39008401713253277
667,6270.390625,"[0.375, 0.375, 0.4375, 0.234375, 0.21875, 0.25, 0.203125, 0.5, 0.3125, 0.5, 0.234375, 0.25, 0.203125, 0.1953125, 0.3125, 0.1875, 0.125, 0.234375, 0.328125, 0.3125, 0.03125]","[0.25, 0.1875, 0.25, 0.265625, 0.109375, 0.125, 0.203125, 0.25, 0.15625, 0.25, 0.265625, 0.15625, 0.1015625, 0.2109375, 0.1875, 0.125, 0.0625, 0.359375, 0.1640625, 0.171875, 0.046875]",[3],0.40927933204709604,0.40300994827119163
668,6231.171875,"[0.375, 0.375, 0.4375, 0.234375, 0.21875, 0.25, 0.203125, 0.5, 0.3125, 0.5, 0.234375, 0.25, 0.203125, 0.1953125, 0.3125, 0.1875, 0.125, 0.234375, 0.328125, 0.3125, 0.03125]","[0.25, 0.1875, 0.25, 0.265625, 0.109375, 0.125, 0.203125, 0.25, 0.15625, 0.25, 0.265625, 0.15625, 0.1015625, 0.2109375, 0.1875, 0.125, 0.0625, 0.359375, 0.1640625, 0.171875, 0.046875]",[3],0.40927933204709604,0.40300994827119163
669,6309.296875,"[0.375, 0.375, 0.4375, 0.234375, 0.21875, 0.25, 0.203125, 0.5, 0.3125, 0.5, 0.234375, 0.25, 0.203125, 0.1953125, 0.3125, 0.4375, 0.125, 0.234375, 0.328125, 0.3125, 0.03125]","[0.25, 0.1875, 0.25, 0.265625, 0.109375, 0.125, 0.203125, 0.25, 0.15625, 0.25, 0.265625, 0.15625, 0.1015625, 0.2109375, 0.1875, 0.25, 0.0625, 0.359375, 0.1640625, 0.171875, 0.046875]",[33],0.4029526834177529,0.3900255096780746
670,6348.984375,"[0.375, 0.375, 0.4375, 0.265625, 0.21875, 0.25, 0.203125, 0.5, 0.3125, 0.5, 0.234375, 0.25, 0.203125, 0.1953125, 0.3125, 0.4375, 0.125, 0.234375, 0.328125, 0.3125, 0.03125]","[0.25, 0.1875, 0.25, 0.328125, 0.109375, 0.125, 0.203125, 0.25, 0.15625, 0.25, 0.265625, 0.15625, 0.1015625, 0.2109375, 0.1875, 0.25, 0.0625, 0.359375, 0.1640625, 0.171875, 0.046875]",[38],0.39913474661599796,0.40474899875074943
671,6368.828125,"[0.375, 0.375, 0.4375, 0.265625, 0.21875, 0.25, 0.203125, 0.5, 0.3125, 0.5, 0.234375, 0.25, 0.203125, 0.1953125, 0.3125, 0.4375, 0.125, 0.25, 0.328125, 0.3125, 0.03125]","[0.25, 0.1875, 0.25, 0.328125, 0.109375, 0.125, 0.203125, 0.25, 0.15625, 0.25, 0.265625, 0.15625, 0.1015625, 0.2109375, 0.1875, 0.25, 0.0625, 0.375, 0.1640625, 0.171875, 0.046875]",[39],0.39704037612087445,0.41145502560454655
672,6408.671875,"[0.375, 0.375, 0.4375, 0.265625, 0.21875, 0.25, 0.203125, 0.5, 0.3125, 0.5, 0.234375, 0.21875, 0.203125, 0.2109375, 0.3125, 0.4375, 0.125, 0.25, 0.328125, 0.3125, 0.03125]","[0.25, 0.1875, 0.25, 0.328125, 0.109375, 0.125, 0.203125, 0.25, 0.15625, 0.25, 0.265625, 0.125, 0.1015625, 0.2265625, 0.1875, 0.25, 0.0625, 0.375, 0.1640625, 0.171875, 0.046875]",[72],0.39861686465599394,0.4192833698262575
673,6447.734375,"[0.375, 0.375, 0.4375, 0.265625, 0.21875, 0.25, 0.203125, 0.5, 0.3125, 0.5, 0.234375, 0.21875, 0.203125, 0.2109375, 0.4375, 0.4375, 0.125, 0.25, 0.328125, 0.3125, 0.03125]","[0.25, 0.1875, 0.25, 0.328125, 0.109375, 0.125, 0.203125, 0.25, 0.15625, 0.25, 0.265625, 0.125, 0.1015625, 0.2265625, 0.25, 0.25, 0.0625, 0.375, 0.1640625, 0.171875, 0.046875]",[77],0.40449016228773615,0.41713641368210047
674,6606.484375,"[0.375, 0.375, 0.4375, 0.265625, 0.21875, 0.25, 0.203125, 0.5, 0.3125, 0.5, 0.359375, 0.21875, 0.203125, 0.2109375, 0.4375, 0.4375, 0.125, 0.25, 0.328125, 0.3125, 0.03125]","[0.25, 0.1875, 0.25, 0.328125, 0.109375, 0.125, 0.203125, 0.25, 0.15625, 0.25, 0.390625, 0.125, 0.1015625, 0.2265625, 0.25, 0.25, 0.0625, 0.375, 0.1640625, 0.171875, 0.046875]",[78],0.3961021579374452,0.4479461228079052
675,6645.859375,"[0.375, 0.375, 0.4375, 0.265625, 0.21875, 0.25, 0.203125, 0.5, 0.3125, 0.5, 0.359375, 0.21875, 0.203125, 0.2109375, 0.4375, 0.4375, 0.1875, 0.25, 0.328125, 0.3125, 0.03125]","[0.25, 0.1875, 0.25, 0.328125, 0.109375, 0.125, 0.203125, 0.25, 0.15625, 0.25, 0.390625, 0.125, 0.1015625, 0.2265625, 0.25, 0.25, 0.125, 0.375, 0.1640625, 0.171875, 0.046875]",[89],0.38003997594327044,0.42353458383686693
676,6665.78125,"[0.375, 0.375, 0.4375, 0.265625, 0.21875, 0.25, 0.2109375, 0.5, 0.3125, 0.5, 0.359375, 0.1875, 0.203125, 0.2109375, 0.4375, 0.4375, 0.1875, 0.25, 0.328125, 0.3125, 0.03125]","[0.25, 0.1875, 0.25, 0.328125, 0.109375, 0.125, 0.2109375, 0.25, 0.15625, 0.25, 0.390625, 0.109375, 0.1015625, 0.2265625, 0.25, 0.25, 0.125, 0.375, 0.1640625, 0.171875, 0.046875]",[23],0.3846759182457096,0.4279767786720879
677,6665.9375,"[0.375, 0.375, 0.4375, 0.265625, 0.21875, 0.25, 0.2265625, 0.5, 0.3125, 0.5, 0.359375, 0.1875, 0.203125, 0.2109375, 0.4375, 0.4375, 0.1875, 0.25, 0.328125, 0.3125, 0.03125]","[0.25, 0.1875, 0.25, 0.328125, 0.109375, 0.125, 0.2265625, 0.25, 0.15625, 0.25, 0.390625, 0.109375, 0.1015625, 0.2265625, 0.25, 0.25, 0.125, 0.375, 0.1640625, 0.171875, 0.046875]",[96],0.3819429647427457,0.42693765601562206
678,6744.6875,"[0.375, 0.375, 0.4375, 0.265625, 0.21875, 0.25, 0.2265625, 0.5, 0.3125, 0.5, 0.359375, 0.1875, 0.203125, 0.2109375, 0.4375, 0.4375, 0.3125, 0.25, 0.328125, 0.3125, 0.03125]","[0.25, 0.1875, 0.25, 0.328125, 0.109375, 0.125, 0.2265625, 0.25, 0.15625, 0.25, 0.390625, 0.109375, 0.1015625, 0.2265625, 0.25, 0.25, 0.1875, 0.375, 0.1640625, 0.171875, 0.046875]",[97],0.36497565629499873,0.41243131861659843
679,6902.1875,"[0.375, 0.375, 0.4375, 0.265625, 0.21875, 0.25, 0.2265625, 0.5, 0.5625, 0.5, 0.359375, 0.1875, 0.203125, 0.2109375, 0.4375, 0.4375, 0.3125, 0.25, 0.328125, 0.3125, 0.03125]","[0.25, 0.1875, 0.25, 0.328125, 0.109375, 0.125, 0.2265625, 0.25, 0.28125, 0.25, 0.390625, 0.109375, 0.1015625, 0.2265625, 0.25, 0.25, 0.1875, 0.375, 0.1640625, 0.171875, 0.046875]",[98],0.3887015506732168,0.40294693283081895
680,6941.875,"[0.375, 0.375, 0.4375, 0.265625, 0.21875, 0.25, 0.2265625, 0.25, 0.5625, 0.5, 0.390625, 0.1875, 0.203125, 0.2109375, 0.4375, 0.4375, 0.3125, 0.25, 0.328125, 0.3125, 0.03125]","[0.25, 0.1875, 0.25, 0.328125, 0.109375, 0.125, 0.2265625, 0.125, 0.28125, 0.25, 0.453125, 0.109375, 0.1015625, 0.2265625, 0.25, 0.25, 0.1875, 0.375, 0.1640625, 0.171875, 0.046875]",[28],0.38614394059358603,0.4486301491312974
681,6804.21875,"[0.375, 0.375, 0.4375, 0.265625, 0.21875, 0.25, 0.2265625, 0.25, 0.5625, 0.5, 0.390625, 0.1875, 0.203125, 0.2109375, 0.4375, 0.4375, 0.3125, 0.25, 0.34375, 0.3125, 0.03125]","[0.25, 0.1875, 0.25, 0.328125, 0.109375, 0.125, 0.2265625, 0.125, 0.28125, 0.25, 0.453125, 0.109375, 0.1015625, 0.2265625, 0.25, 0.25, 0.1875, 0.375, 0.171875, 0.171875, 0.046875]",[99],0.3856804932181588,0.4470235435840118
682,6844.0625,"[0.375, 0.375, 0.4375, 0.265625, 0.21875, 0.25, 0.2265625, 0.25, 0.5625, 0.5, 0.390625, 0.1875, 0.203125, 0.2109375, 0.4375, 0.4375, 0.3125, 0.25, 0.34375, 0.3125, 0.046875]","[0.25, 0.1875, 0.25, 0.328125, 0.109375, 0.125, 0.2265625, 0.125, 0.28125, 0.25, 0.453125, 0.109375, 0.1015625, 0.2265625, 0.25, 0.25, 0.1875, 0.375, 0.171875, 0.171875, 0.0625]",[100],0.379343106824919,0.4396320853968657
683,6923.4375,"[0.375, 0.375, 0.4375, 0.265625, 0.21875, 0.25, 0.2265625, 0.25, 0.5625, 0.5, 0.390625, 0.15625, 0.203125, 0.2109375, 0.4375, 0.4375, 0.3125, 0.25, 0.34375, 0.3125, 0.046875]","[0.25, 0.1875, 0.25, 0.328125, 0.109375, 0.125, 0.2265625, 0.125, 0.28125, 0.25, 0.453125, 0.09375, 0.1015625, 0.2265625, 0.25, 0.25, 0.1875, 0.375, 0.171875, 0.171875, 0.0625]",[60],0.3867600461957431,0.4453032706798936
684,6963.125,"[0.375, 0.375, 0.4375, 0.265625, 0.21875, 0.25, 0.2265625, 0.25, 0.5625, 0.25, 0.390625, 0.15625, 0.203125, 0.2109375, 0.4375, 0.4375, 0.3125, 0.25, 0.34375, 0.3125, 0.046875]","[0.25, 0.1875, 0.25, 0.328125, 0.109375, 0.125, 0.2265625, 0.125, 0.28125, 0.125, 0.453125, 0.09375, 0.1015625, 0.2265625, 0.25, 0.25, 0.1875, 0.375, 0.171875, 0.171875, 0.0625]",[60],0.3789837573879465,0.46491130098557765
685,6686.5625,"[0.375, 0.375, 0.4375, 0.265625, 0.21875, 0.25, 0.2265625, 0.25, 0.5625, 0.25, 0.390625, 0.15625, 0.234375, 0.2109375, 0.4375, 0.4375, 0.3125, 0.25, 0.3125, 0.3125, 0.046875]","[0.25, 0.1875, 0.25, 0.328125, 0.109375, 0.125, 0.2265625, 0.125, 0.28125, 0.125, 0.453125, 0.09375, 0.1328125, 0.2265625, 0.25, 0.25, 0.1875, 0.375, 0.15625, 0.171875, 0.0625]",[44],0.37420061515491315,0.45812133808605
686,6666.71875,"[0.375, 0.375, 0.4375, 0.28125, 0.21875, 0.25, 0.2265625, 0.25, 0.5625, 0.25, 0.390625, 0.15625, 0.234375, 0.2109375, 0.4375, 0.4375, 0.3125, 0.25, 0.3125, 0.3125, 0.046875]","[0.25, 0.1875, 0.25, 0.34375, 0.109375, 0.125, 0.2265625, 0.125, 0.28125, 0.125, 0.453125, 0.09375, 0.1328125, 0.2265625, 0.25, 0.25, 0.1875, 0.375, 0.15625, 0.171875, 0.0625]",[70],0.3726718615822512,0.46123834242791056
687,6706.09375,"[0.375, 0.375, 0.4375, 0.28125, 0.21875, 0.25, 0.2265625, 0.25, 0.5625, 0.25, 0.359375, 0.15625, 0.234375, 0.2109375, 0.4375, 0.4375, 0.3125, 0.25, 0.3125, 0.3125, 0.046875]","[0.25, 0.1875, 0.25, 0.34375, 0.109375, 0.125, 0.2265625, 0.125, 0.28125, 0.125, 0.390625, 0.09375, 0.1328125, 0.2265625, 0.25, 0.25, 0.1875, 0.375, 0.15625, 0.171875, 0.0625]",[70],0.3712187006434751,0.43445575447419027
688,6705.78125,"[0.375, 0.375, 0.5625, 0.28125, 0.21875, 0.25, 0.2265625, 0.25, 0.5625, 0.25, 0.359375, 0.15625, 0.234375, 0.2109375, 0.4375, 0.4375, 0.3125, 0.25, 0.3125, 0.3125, 0.046875]","[0.25, 0.1875, 0.3125, 0.34375, 0.109375, 0.125, 0.2265625, 0.125, 0.28125, 0.125, 0.390625, 0.09375, 0.1328125, 0.2265625, 0.25, 0.25, 0.1875, 0.375, 0.15625, 0.171875, 0.0625]",[98],0.39697785640224864,0.4399133866294638
689,6863.28125,"[0.375, 0.375, 0.5625, 0.28125, 0.21875, 0.25, 0.2265625, 0.25, 0.5625, 0.25, 0.359375, 0.15625, 0.234375, 0.2109375, 0.4375, 0.4375, 0.5625, 0.1875, 0.3125, 0.3125, 0.046875]","[0.25, 0.1875, 0.3125, 0.34375, 0.109375, 0.125, 0.2265625, 0.125, 0.28125, 0.125, 0.390625, 0.09375, 0.1328125, 0.2265625, 0.25, 0.25, 0.3125, 0.3125, 0.15625, 0.171875, 0.0625]",[55],0.42995143895619575,0.4253874345824641
690,6823.59375,"[0.375, 0.375, 0.5625, 0.15625, 0.21875, 0.25, 0.2265625, 0.25, 0.5625, 0.25, 0.359375, 0.15625, 0.234375, 0.2109375, 0.4375, 0.4375, 0.5625, 0.1875, 0.3125, 0.3125, 0.046875]","[0.25, 0.1875, 0.3125, 0.21875, 0.109375, 0.125, 0.2265625, 0.125, 0.28125, 0.125, 0.390625, 0.09375, 0.1328125, 0.2265625, 0.25, 0.25, 0.3125, 0.3125, 0.15625, 0.171875, 0.0625]",[55],0.4512944881703997,0.41372962458224377
691,6645.078125,"[0.375, 0.375, 0.5625, 0.15625, 0.21875, 0.25, 0.21875, 0.25, 0.5625, 0.25, 0.359375, 0.15625, 0.234375, 0.21875, 0.4375, 0.4375, 0.5625, 0.1875, 0.3125, 0.3125, 0.046875]","[0.25, 0.1875, 0.3125, 0.21875, 0.109375, 0.125, 0.21875, 0.125, 0.28125, 0.125, 0.390625, 0.09375, 0.1328125, 0.234375, 0.25, 0.25, 0.3125, 0.3125, 0.15625, 0.171875, 0.0625]",[75],0.45122693657890406,0.4138955700229359
692,6665.0,"[0.375, 0.375, 0.5625, 0.15625, 0.21875, 0.25, 0.21875, 0.25, 0.5625, 0.25, 0.359375, 0.15625, 0.234375, 0.21875, 0.4375, 0.4375, 0.5625, 0.1875, 0.3125, 0.3125, 0.046875]","[0.25, 0.1875, 0.3125, 0.21875, 0.109375, 0.125, 0.21875, 0.125, 0.28125, 0.125, 0.390625, 0.09375, 0.1328125, 0.234375, 0.25, 0.25, 0.3125, 0.3125, 0.15625, 0.171875, 0.0625]",[75],0.45122693657890406,0.4138955700229359
693,6704.53125,"[0.375, 0.375, 0.5625, 0.15625, 0.21875, 0.25, 0.21875, 0.25, 0.5625, 0.125, 0.359375, 0.15625, 0.234375, 0.21875, 0.4375, 0.4375, 0.5625, 0.1875, 0.3125, 0.3125, 0.046875]","[0.25, 0.1875, 0.3125, 0.21875, 0.109375, 0.125, 0.21875, 0.125, 0.28125, 0.0625, 0.390625, 0.09375, 0.1328125, 0.234375, 0.25, 0.25, 0.3125, 0.3125, 0.15625, 0.171875, 0.0625]",[41],0.4764938037188553,0.438605037888309
694,6705.15625,"[0.375, 0.375, 0.5625, 0.15625, 0.21875, 0.25, 0.21875, 0.25, 0.5625, 0.125, 0.359375, 0.15625, 0.234375, 0.21875, 0.4375, 0.4375, 0.5625, 0.1875, 0.3125, 0.4375, 0.046875]","[0.25, 0.1875, 0.3125, 0.21875, 0.109375, 0.125, 0.21875, 0.125, 0.28125, 0.0625, 0.390625, 0.09375, 0.1328125, 0.234375, 0.25, 0.25, 0.3125, 0.3125, 0.15625, 0.234375, 0.0625]",[75],0.47646299289350763,0.43207834148570545
695,6745.0,"[0.375, 0.375, 0.5625, 0.15625, 0.21875, 0.25, 0.21875, 0.25, 0.5625, 0.125, 0.359375, 0.15625, 0.234375, 0.1875, 0.4375, 0.4375, 0.5625, 0.1875, 0.3125, 0.3125, 0.046875]","[0.25, 0.1875, 0.3125, 0.21875, 0.109375, 0.125, 0.21875, 0.125, 0.28125, 0.0625, 0.390625, 0.09375, 0.1328125, 0.203125, 0.25, 0.25, 0.3125, 0.3125, 0.15625, 0.171875, 0.0625]",[29],0.4822216532965865,0.44045386875067377
696,6486.5625,"[0.375, 0.375, 0.5625, 0.15625, 0.21875, 0.25, 0.21875, 0.25, 0.5625, 0.125, 0.359375, 0.15625, 0.234375, 0.1875, 0.4375, 0.4375, 0.5625, 0.15625, 0.328125, 0.25, 0.046875]","[0.25, 0.1875, 0.3125, 0.21875, 0.109375, 0.125, 0.21875, 0.125, 0.28125, 0.0625, 0.390625, 0.09375, 0.1328125, 0.203125, 0.25, 0.25, 0.3125, 0.25, 0.1640625, 0.140625, 0.0625]",[0],0.4942165517260627,0.438312892266739
697,6407.34375,"[0.375, 0.375, 0.5625, 0.15625, 0.21875, 0.25, 0.21875, 0.25, 0.5625, 0.125, 0.359375, 0.15625, 0.234375, 0.203125, 0.4375, 0.4375, 0.5625, 0.15625, 0.328125, 0.25, 0.046875]","[0.25, 0.1875, 0.3125, 0.21875, 0.109375, 0.125, 0.21875, 0.125, 0.28125, 0.0625, 0.390625, 0.09375, 0.1328125, 0.21875, 0.25, 0.25, 0.3125, 0.25, 0.1640625, 0.140625, 0.0625]",[20],0.49124017265810416,0.43724729826690695
698,6486.09375,"[0.375, 0.375, 0.5625, 0.15625, 0.21875, 0.25, 0.21875, 0.25, 0.5625, 0.25, 0.359375, 0.15625, 0.234375, 0.203125, 0.4375, 0.4375, 0.5625, 0.15625, 0.328125, 0.25, 0.046875]","[0.25, 0.1875, 0.3125, 0.21875, 0.109375, 0.125, 0.21875, 0.125, 0.28125, 0.125, 0.390625, 0.09375, 0.1328125, 0.21875, 0.25, 0.25, 0.3125, 0.25, 0.1640625, 0.140625, 0.0625]",[41],0.4661919170744289,0.4122856095818926
699,6643.59375,"[0.375, 0.375, 0.5625, 0.15625, 0.21875, 0.25, 0.21875, 0.25, 0.8125, 0.25, 0.359375, 0.15625, 0.234375, 0.203125, 0.4375, 0.4375, 0.5625, 0.15625, 0.3125, 0.25, 0.046875]","[0.25, 0.1875, 0.3125, 0.21875, 0.109375, 0.125, 0.21875, 0.125, 0.40625, 0.125, 0.390625, 0.09375, 0.1328125, 0.21875, 0.25, 0.25, 0.3125, 0.25, 0.15625, 0.140625, 0.0625]",[68],0.5407479360725093,0.44809474110405856
700,6663.59375,"[0.375, 0.375, 0.5625, 0.15625, 0.21875, 0.25, 0.21875, 0.25, 0.8125, 0.25, 0.359375, 0.15625, 0.234375, 0.203125, 0.375, 0.4375, 0.5625, 0.15625, 0.25, 0.21875, 0.046875]","[0.25, 0.1875, 0.3125, 0.21875, 0.109375, 0.125, 0.21875, 0.125, 0.40625, 0.125, 0.390625, 0.09375, 0.1328125, 0.21875, 0.1875, 0.25, 0.3125, 0.25, 0.125, 0.109375, 0.0625]",[8],0.5523748477390682,0.47020469069130916
701,6485.0,"[0.375, 0.375, 0.5625, 0.15625, 0.21875, 0.25, 0.21875, 0.25, 0.8125, 0.28125, 0.359375, 0.15625, 0.234375, 0.203125, 0.375, 0.4375, 0.5625, 0.15625, 0.25, 0.21875, 0.046875]","[0.25, 0.1875, 0.3125, 0.21875, 0.109375, 0.125, 0.21875, 0.125, 0.40625, 0.140625, 0.390625, 0.09375, 0.1328125, 0.21875, 0.1875, 0.25, 0.3125, 0.25, 0.125, 0.109375, 0.0625]",[61],0.5484984883442946,0.46578939624229765
702,6524.84375,"[0.375, 0.375, 0.5625, 0.15625, 0.21875, 0.25, 0.234375, 0.25, 0.8125, 0.28125, 0.359375, 0.15625, 0.234375, 0.203125, 0.375, 0.4375, 0.5625, 0.15625, 0.25, 0.21875, 0.046875]","[0.25, 0.1875, 0.3125, 0.21875, 0.109375, 0.125, 0.234375, 0.125, 0.40625, 0.140625, 0.390625, 0.09375, 0.1328125, 0.21875, 0.1875, 0.25, 0.3125, 0.25, 0.125, 0.109375, 0.0625]",[68],0.5460047758564108,0.46505205571789066
703,6604.21875,"[0.375, 0.375, 0.5625, 0.15625, 0.21875, 0.25, 0.234375, 0.25, 0.8125, 0.28125, 0.359375, 0.15625, 0.234375, 0.203125, 0.375, 0.4375, 0.5625, 0.15625, 0.25, 0.21875, 0.046875]","[0.25, 0.1875, 0.3125, 0.21875, 0.109375, 0.125, 0.234375, 0.125, 0.40625, 0.140625, 0.390625, 0.09375, 0.1328125, 0.21875, 0.1875, 0.25, 0.3125, 0.25, 0.125, 0.109375, 0.0625]",[68],0.5460047758564108,0.46505205571789066
704,6683.59375,"[0.375, 0.375, 0.5625, 0.15625, 0.21875, 0.25, 0.234375, 0.25, 0.8125, 0.28125, 0.359375, 0.15625, 0.234375, 0.203125, 0.375, 0.4375, 0.5625, 0.15625, 0.25, 0.34375, 0.046875]","[0.25, 0.1875, 0.3125, 0.21875, 0.109375, 0.125, 0.234375, 0.125, 0.40625, 0.140625, 0.390625, 0.09375, 0.1328125, 0.21875, 0.1875, 0.25, 0.3125, 0.25, 0.125, 0.171875, 0.0625]",[75],0.5321601860979643,0.44847787831426167
705,6723.28125,"[0.375, 0.375, 0.5625, 0.15625, 0.21875, 0.25, 0.234375, 0.25, 0.8125, 0.28125, 0.359375, 0.15625, 0.234375, 0.203125, 0.375, 0.4375, 0.5625, 0.15625, 0.25, 0.34375, 0.046875]","[0.25, 0.1875, 0.3125, 0.21875, 0.109375, 0.125, 0.234375, 0.125, 0.40625, 0.140625, 0.390625, 0.09375, 0.1328125, 0.21875, 0.1875, 0.25, 0.3125, 0.25, 0.125, 0.171875, 0.0625]",[75],0.5321601860979643,0.44847787831426167
706,6703.4375,"[0.375, 0.375, 0.5625, 0.15625, 0.21875, 0.25, 0.234375, 0.25, 0.8125, 0.28125, 0.359375, 0.171875, 0.234375, 0.203125, 0.375, 0.4375, 0.5625, 0.15625, 0.25, 0.34375, 0.046875]","[0.25, 0.1875, 0.3125, 0.21875, 0.109375, 0.125, 0.234375, 0.125, 0.40625, 0.140625, 0.390625, 0.1015625, 0.1328125, 0.21875, 0.1875, 0.25, 0.3125, 0.25, 0.125, 0.171875, 0.0625]",[88],0.5287789904955812,0.44554169715834935
707,6743.125,"[0.375, 0.375, 0.4375, 0.15625, 0.21875, 0.25, 0.234375, 0.25, 0.8125, 0.28125, 0.359375, 0.171875, 0.234375, 0.203125, 0.375, 0.4375, 0.5625, 0.15625, 0.25, 0.34375, 0.046875]","[0.25, 0.1875, 0.25, 0.21875, 0.109375, 0.125, 0.234375, 0.125, 0.40625, 0.140625, 0.390625, 0.1015625, 0.1328125, 0.21875, 0.1875, 0.25, 0.3125, 0.25, 0.125, 0.171875, 0.0625]",[54],0.5172224459839404,0.43948050243921116
708,6704.0625,"[0.375, 0.375, 0.4375, 0.15625, 0.21875, 0.25, 0.234375, 0.25, 0.8125, 0.28125, 0.359375, 0.171875, 0.234375, 0.203125, 0.375, 0.4375, 0.5625, 0.15625, 0.25, 0.34375, 0.046875]","[0.25, 0.1875, 0.25, 0.21875, 0.109375, 0.125, 0.234375, 0.125, 0.40625, 0.140625, 0.390625, 0.1015625, 0.1328125, 0.21875, 0.1875, 0.25, 0.3125, 0.25, 0.125, 0.171875, 0.0625]",[54],0.5172224459839404,0.43948050243921116
709,6782.1875,"[0.375, 0.375, 0.4375, 0.15625, 0.21875, 0.25, 0.234375, 0.25, 0.8125, 0.28125, 0.359375, 0.171875, 0.171875, 0.1953125, 0.375, 0.4375, 0.5625, 0.15625, 0.25, 0.34375, 0.046875]","[0.25, 0.1875, 0.25, 0.21875, 0.109375, 0.125, 0.234375, 0.125, 0.40625, 0.140625, 0.390625, 0.1015625, 0.1015625, 0.2109375, 0.1875, 0.25, 0.3125, 0.25, 0.125, 0.171875, 0.0625]",[48],0.5300170266235638,0.4502580733340185
710,6565.078125,"[0.375, 0.375, 0.4375, 0.15625, 0.21875, 0.25, 0.234375, 0.25, 0.8125, 0.28125, 0.359375, 0.171875, 0.171875, 0.1953125, 0.375, 0.4375, 0.5625, 0.15625, 0.28125, 0.34375, 0.046875]","[0.25, 0.1875, 0.25, 0.21875, 0.109375, 0.125, 0.234375, 0.125, 0.40625, 0.140625, 0.390625, 0.1015625, 0.1015625, 0.2109375, 0.1875, 0.25, 0.3125, 0.25, 0.15625, 0.171875, 0.0625]",[54],0.5262014077892873,0.44196592941889906
711,6584.921875,"[0.375, 0.375, 0.4375, 0.171875, 0.21875, 0.25, 0.234375, 0.25, 0.8125, 0.28125, 0.359375, 0.171875, 0.171875, 0.1953125, 0.375, 0.4375, 0.5625, 0.15625, 0.28125, 0.34375, 0.046875]","[0.25, 0.1875, 0.25, 0.234375, 0.109375, 0.125, 0.234375, 0.125, 0.40625, 0.140625, 0.390625, 0.1015625, 0.1015625, 0.2109375, 0.1875, 0.25, 0.3125, 0.25, 0.15625, 0.171875, 0.0625]",[71],0.5227867261511888,0.441336852440145
712,6624.609375,"[0.375, 0.375, 0.4375, 0.171875, 0.21875, 0.25, 0.234375, 0.25, 0.8125, 0.28125, 0.34375, 0.171875, 0.171875, 0.1953125, 0.375, 0.4375, 0.5625, 0.125, 0.28125, 0.34375, 0.046875]","[0.25, 0.1875, 0.25, 0.234375, 0.109375, 0.125, 0.234375, 0.125, 0.40625, 0.140625, 0.375, 0.1015625, 0.1015625, 0.2109375, 0.1875, 0.25, 0.3125, 0.1875, 0.15625, 0.171875, 0.0625]",[25],0.5309431293857352,0.4388743651192316
713,6604.765625,"[0.375, 0.375, 0.4375, 0.171875, 0.21875, 0.25, 0.234375, 0.25, 0.8125, 0.28125, 0.34375, 0.171875, 0.171875, 0.1953125, 0.375, 0.3125, 0.5625, 0.125, 0.28125, 0.34375, 0.046875]","[0.25, 0.1875, 0.25, 0.234375, 0.109375, 0.125, 0.234375, 0.125, 0.40625, 0.140625, 0.375, 0.1015625, 0.1015625, 0.2109375, 0.1875, 0.1875, 0.3125, 0.1875, 0.15625, 0.171875, 0.0625]",[22],0.5328583511149496,0.441836033467768
714,6605.390625,"[0.375, 0.375, 0.4375, 0.171875, 0.21875, 0.25, 0.234375, 0.25, 0.8125, 0.28125, 0.34375, 0.171875, 0.171875, 0.1953125, 0.375, 0.3125, 0.5625, 0.125, 0.40625, 0.34375, 0.046875]","[0.25, 0.1875, 0.25, 0.234375, 0.109375, 0.125, 0.234375, 0.125, 0.40625, 0.140625, 0.375, 0.1015625, 0.1015625, 0.2109375, 0.1875, 0.1875, 0.3125, 0.1875, 0.21875, 0.171875, 0.0625]",[25],0.527228957965874,0.4334917551183781
715,6645.078125,"[0.375, 0.375, 0.4375, 0.171875, 0.21875, 0.25, 0.234375, 0.25, 0.8125, 0.28125, 0.3125, 0.171875, 0.203125, 0.1796875, 0.375, 0.3125, 0.5625, 0.125, 0.40625, 0.34375, 0.046875]","[0.25, 0.1875, 0.25, 0.234375, 0.109375, 0.125, 0.234375, 0.125, 0.40625, 0.140625, 0.34375, 0.1015625, 0.1328125, 0.1796875, 0.1875, 0.1875, 0.3125, 0.1875, 0.21875, 0.171875, 0.0625]",[36],0.5260885343794424,0.41534710774651157
716,6585.390625,"[0.375, 0.375, 0.4375, 0.171875, 0.21875, 0.265625, 0.234375, 0.25, 0.8125, 0.28125, 0.3125, 0.171875, 0.203125, 0.1796875, 0.375, 0.3125, 0.5625, 0.125, 0.40625, 0.34375, 0.046875]","[0.25, 0.1875, 0.25, 0.234375, 0.109375, 0.1328125, 0.234375, 0.125, 0.40625, 0.140625, 0.34375, 0.1015625, 0.1328125, 0.1796875, 0.1875, 0.1875, 0.3125, 0.1875, 0.21875, 0.171875, 0.0625]",[47],0.5240746515769878,0.41298665097321685
717,6625.234375,"[0.375, 0.375, 0.4375, 0.171875, 0.21875, 0.265625, 0.203125, 0.25, 0.8125, 0.28125, 0.3125, 0.15625, 0.203125, 0.1796875, 0.375, 0.3125, 0.5625, 0.125, 0.40625, 0.34375, 0.046875]","[0.25, 0.1875, 0.25, 0.234375, 0.109375, 0.1328125, 0.203125, 0.125, 0.40625, 0.140625, 0.34375, 0.09375, 0.1328125, 0.1796875, 0.1875, 0.1875, 0.3125, 0.1875, 0.21875, 0.171875, 0.0625]",[47],0.5326886703472491,0.41718984014102395
718,6565.234375,"[0.375, 0.375, 0.4375, 0.234375, 0.21875, 0.265625, 0.203125, 0.25, 0.75, 0.28125, 0.3125, 0.15625, 0.203125, 0.1796875, 0.375, 0.3125, 0.5625, 0.125, 0.40625, 0.34375, 0.046875]","[0.25, 0.1875, 0.25, 0.296875, 0.109375, 0.1328125, 0.203125, 0.125, 0.375, 0.140625, 0.34375, 0.09375, 0.1328125, 0.1796875, 0.1875, 0.1875, 0.3125, 0.1875, 0.21875, 0.171875, 0.0625]",[37],0.4968593923111118,0.4088407711703575
719,6684.609375,"[0.375, 0.375, 0.4375, 0.234375, 0.09375, 0.265625, 0.203125, 0.25, 0.75, 0.28125, 0.3125, 0.28125, 0.203125, 0.1796875, 0.375, 0.3125, 0.5625, 0.125, 0.40625, 0.3125, 0.046875]","[0.25, 0.1875, 0.25, 0.296875, 0.046875, 0.1328125, 0.203125, 0.125, 0.375, 0.140625, 0.34375, 0.15625, 0.1328125, 0.1796875, 0.1875, 0.1875, 0.3125, 0.1875, 0.21875, 0.15625, 0.0625]",[6],0.5065486100974593,0.42058686055429095
720,6525.859375,"[0.375, 0.375, 0.4375, 0.234375, 0.09375, 0.265625, 0.203125, 0.25, 0.75, 0.28125, 0.3125, 0.28125, 0.203125, 0.1796875, 0.375, 0.3125, 0.5625, 0.125, 0.40625, 0.34375, 0.046875]","[0.25, 0.1875, 0.25, 0.296875, 0.046875, 0.1328125, 0.203125, 0.125, 0.375, 0.140625, 0.34375, 0.15625, 0.1328125, 0.1796875, 0.1875, 0.1875, 0.3125, 0.1875, 0.21875, 0.1875, 0.0625]",[11],0.5048217820994346,0.41509656453729055
721,6545.78125,"[0.375, 0.375, 0.4375, 0.234375, 0.09375, 0.265625, 0.203125, 0.25, 0.75, 0.28125, 0.3125, 0.28125, 0.203125, 0.1796875, 0.375, 0.3125, 0.5625, 0.125, 0.40625, 0.34375, 0.0546875]","[0.25, 0.1875, 0.25, 0.296875, 0.046875, 0.1328125, 0.203125, 0.125, 0.375, 0.140625, 0.34375, 0.15625, 0.1328125, 0.1796875, 0.1875, 0.1875, 0.3125, 0.1875, 0.21875, 0.1875, 0.0703125]",[59],0.5021929638330643,0.411303488038722
722,6585.15625,"[0.375, 0.375, 0.4375, 0.234375, 0.09375, 0.265625, 0.203125, 0.25, 0.75, 0.34375, 0.3125, 0.28125, 0.203125, 0.1796875, 0.375, 0.3125, 0.5625, 0.125, 0.40625, 0.28125, 0.0546875]","[0.25, 0.1875, 0.25, 0.296875, 0.046875, 0.1328125, 0.203125, 0.125, 0.375, 0.171875, 0.34375, 0.15625, 0.1328125, 0.1796875, 0.1875, 0.1875, 0.3125, 0.1875, 0.21875, 0.15625, 0.0703125]",[16],0.5021929638330643,0.40986858487803607
723,6585.15625,"[0.375, 0.375, 0.4375, 0.234375, 0.15625, 0.265625, 0.203125, 0.25, 0.75, 0.34375, 0.3125, 0.28125, 0.203125, 0.1796875, 0.375, 0.3125, 0.5625, 0.125, 0.40625, 0.28125, 0.0546875]","[0.25, 0.1875, 0.25, 0.296875, 0.078125, 0.1328125, 0.203125, 0.125, 0.375, 0.171875, 0.34375, 0.15625, 0.1328125, 0.1796875, 0.1875, 0.1875, 0.3125, 0.1875, 0.21875, 0.15625, 0.0703125]",[71],0.4857767976255523,0.39412217935163035
724,6744.53125,"[0.375, 0.375, 0.4375, 0.234375, 0.15625, 0.265625, 0.203125, 0.25, 0.75, 0.34375, 0.3125, 0.28125, 0.203125, 0.1796875, 0.375, 0.3125, 0.5625, 0.125, 0.40625, 0.28125, 0.1171875]","[0.25, 0.1875, 0.25, 0.296875, 0.078125, 0.1328125, 0.203125, 0.125, 0.375, 0.171875, 0.34375, 0.15625, 0.1328125, 0.1796875, 0.1875, 0.1875, 0.3125, 0.1875, 0.21875, 0.15625, 0.1328125]",[75],0.466643570066352,0.3692918142455255
725,6784.21875,"[0.375, 0.375, 0.4375, 0.234375, 0.15625, 0.296875, 0.1953125, 0.25, 0.75, 0.28125, 0.3125, 0.28125, 0.203125, 0.1796875, 0.375, 0.3125, 0.5625, 0.125, 0.40625, 0.28125, 0.1171875]","[0.25, 0.1875, 0.25, 0.296875, 0.078125, 0.1640625, 0.1953125, 0.125, 0.375, 0.140625, 0.34375, 0.15625, 0.1328125, 0.1796875, 0.1875, 0.1875, 0.3125, 0.1875, 0.21875, 0.15625, 0.1328125]",[43],0.46927874743976217,0.36929540028135643
726,6744.765625,"[0.375, 0.375, 0.4375, 0.234375, 0.15625, 0.171875, 0.1953125, 0.25, 0.75, 0.28125, 0.3125, 0.28125, 0.203125, 0.1796875, 0.375, 0.3125, 0.5625, 0.125, 0.40625, 0.28125, 0.1171875]","[0.25, 0.1875, 0.25, 0.296875, 0.078125, 0.1015625, 0.1953125, 0.125, 0.375, 0.140625, 0.34375, 0.15625, 0.1328125, 0.1796875, 0.1875, 0.1875, 0.3125, 0.1875, 0.21875, 0.15625, 0.1328125]",[10],0.4881404309084276,0.3881777154422393
727,6605.859375,"[0.375, 0.375, 0.4375, 0.234375, 0.15625, 0.171875, 0.1953125, 0.25, 0.75, 0.28125, 0.3125, 0.28125, 0.203125, 0.1796875, 0.375, 0.3125, 0.5625, 0.125, 0.40625, 0.28125, 0.1171875]","[0.25, 0.1875, 0.25, 0.296875, 0.078125, 0.1015625, 0.1953125, 0.125, 0.375, 0.140625, 0.34375, 0.15625, 0.1328125, 0.1796875, 0.1875, 0.1875, 0.3125, 0.1875, 0.21875, 0.15625, 0.1328125]",[10],0.4881404309084276,0.3881777154422393
728,6645.546875,"[0.375, 0.375, 0.4375, 0.234375, 0.15625, 0.171875, 0.1953125, 0.25, 0.75, 0.28125, 0.3125, 0.34375, 0.203125, 0.1796875, 0.375, 0.3125, 0.5625, 0.125, 0.40625, 0.28125, 0.1171875]","[0.25, 0.1875, 0.25, 0.296875, 0.078125, 0.1015625, 0.1953125, 0.125, 0.375, 0.140625, 0.34375, 0.1875, 0.1328125, 0.1796875, 0.1875, 0.1875, 0.3125, 0.1875, 0.21875, 0.15625, 0.1328125]",[43],0.4838687070061824,0.3825667220919826
729,6803.046875,"[0.375, 0.25, 0.4375, 0.234375, 0.15625, 0.171875, 0.1875, 0.25, 0.75, 0.28125, 0.3125, 0.34375, 0.203125, 0.1796875, 0.375, 0.3125, 0.5625, 0.125, 0.40625, 0.28125, 0.1171875]","[0.25, 0.125, 0.25, 0.296875, 0.078125, 0.1015625, 0.1875, 0.125, 0.375, 0.140625, 0.34375, 0.1875, 0.1328125, 0.1796875, 0.1875, 0.1875, 0.3125, 0.1875, 0.21875, 0.15625, 0.1328125]",[17],0.49381963566208537,0.3976086014170906
730,6586.5625,"[0.375, 0.25, 0.4375, 0.234375, 0.15625, 0.171875, 0.1875, 0.25, 0.75, 0.28125, 0.3125, 0.34375, 0.203125, 0.1796875, 0.375, 0.3125, 0.5625, 0.125, 0.40625, 0.28125, 0.1171875]","[0.25, 0.125, 0.25, 0.296875, 0.078125, 0.1015625, 0.1875, 0.125, 0.375, 0.140625, 0.34375, 0.1875, 0.1328125, 0.1796875, 0.1875, 0.1875, 0.3125, 0.1875, 0.21875, 0.15625, 0.1328125]",[17],0.49381963566208537,0.3976086014170906
731,6566.71875,"[0.375, 0.25, 0.4375, 0.234375, 0.15625, 0.171875, 0.1875, 0.25, 0.75, 0.28125, 0.3125, 0.34375, 0.203125, 0.1796875, 0.375, 0.3125, 0.5625, 0.125, 0.40625, 0.28125, 0.1171875]","[0.25, 0.125, 0.25, 0.296875, 0.078125, 0.1015625, 0.1875, 0.125, 0.375, 0.140625, 0.34375, 0.1875, 0.1328125, 0.1796875, 0.1875, 0.1875, 0.3125, 0.1875, 0.21875, 0.15625, 0.1328125]",[17],0.49381963566208537,0.3976086014170906
732,6586.5625,"[0.375, 0.25, 0.4375, 0.234375, 0.15625, 0.171875, 0.1875, 0.25, 0.75, 0.28125, 0.34375, 0.34375, 0.203125, 0.1796875, 0.375, 0.3125, 0.5625, 0.125, 0.40625, 0.28125, 0.1171875]","[0.25, 0.125, 0.25, 0.296875, 0.078125, 0.1015625, 0.1875, 0.125, 0.375, 0.140625, 0.375, 0.1875, 0.1328125, 0.1796875, 0.1875, 0.1875, 0.3125, 0.1875, 0.21875, 0.15625, 0.1328125]",[43],0.49227513191674854,0.4095988507481371
733,6665.3125,"[0.375, 0.25, 0.4375, 0.234375, 0.15625, 0.171875, 0.1875, 0.125, 0.75, 0.28125, 0.34375, 0.34375, 0.203125, 0.1796875, 0.375, 0.3125, 0.5625, 0.125, 0.40625, 0.28125, 0.1171875]","[0.25, 0.125, 0.25, 0.296875, 0.078125, 0.1015625, 0.1875, 0.0625, 0.375, 0.140625, 0.375, 0.1875, 0.1328125, 0.1796875, 0.1875, 0.1875, 0.3125, 0.1875, 0.21875, 0.15625, 0.1328125]",[42],0.5170357350946494,0.4346993197862053
734,6667.1875,"[0.375, 0.25, 0.4375, 0.234375, 0.15625, 0.171875, 0.1875, 0.125, 0.75, 0.28125, 0.34375, 0.34375, 0.203125, 0.1796875, 0.375, 0.3125, 0.5625, 0.125, 0.40625, 0.28125, 0.1171875]","[0.25, 0.125, 0.25, 0.296875, 0.078125, 0.1015625, 0.1875, 0.0625, 0.375, 0.140625, 0.375, 0.1875, 0.1328125, 0.1796875, 0.1875, 0.1875, 0.3125, 0.1875, 0.21875, 0.15625, 0.1328125]",[42],0.5170357350946494,0.4346993197862053
735,6547.1875,"[0.375, 0.25, 0.4375, 0.234375, 0.15625, 0.171875, 0.1875, 0.125, 0.75, 0.34375, 0.34375, 0.34375, 0.203125, 0.1796875, 0.375, 0.3125, 0.5625, 0.125, 0.40625, 0.28125, 0.1171875]","[0.25, 0.125, 0.25, 0.296875, 0.078125, 0.1015625, 0.1875, 0.0625, 0.375, 0.203125, 0.375, 0.1875, 0.1328125, 0.1796875, 0.1875, 0.1875, 0.3125, 0.1875, 0.21875, 0.15625, 0.1328125]",[82],0.5128572644495454,0.4236348352085066
736,6567.03125,"[0.375, 0.25, 0.4375, 0.234375, 0.15625, 0.171875, 0.1875, 0.125, 0.75, 0.34375, 0.34375, 0.34375, 0.203125, 0.1796875, 0.375, 0.3125, 0.5625, 0.140625, 0.40625, 0.28125, 0.1171875]","[0.25, 0.125, 0.25, 0.296875, 0.078125, 0.1015625, 0.1875, 0.0625, 0.375, 0.203125, 0.375, 0.1875, 0.1328125, 0.1796875, 0.1875, 0.1875, 0.3125, 0.203125, 0.21875, 0.15625, 0.1328125]",[84],0.5088815210250334,0.421863479511511
737,6606.40625,"[0.375, 0.3125, 0.4375, 0.234375, 0.15625, 0.171875, 0.1875, 0.125, 0.75, 0.34375, 0.34375, 0.34375, 0.171875, 0.1796875, 0.375, 0.3125, 0.5625, 0.140625, 0.40625, 0.28125, 0.1171875]","[0.25, 0.15625, 0.25, 0.296875, 0.078125, 0.1015625, 0.1875, 0.0625, 0.375, 0.203125, 0.375, 0.1875, 0.1015625, 0.1796875, 0.1875, 0.1875, 0.3125, 0.203125, 0.21875, 0.15625, 0.1328125]",[60],0.5087708095257769,0.423922239112221
738,6646.09375,"[0.375, 0.3125, 0.4375, 0.234375, 0.15625, 0.171875, 0.1875, 0.125, 0.625, 0.34375, 0.34375, 0.34375, 0.171875, 0.1796875, 0.375, 0.3125, 0.5625, 0.140625, 0.40625, 0.28125, 0.1171875]","[0.25, 0.15625, 0.25, 0.296875, 0.078125, 0.1015625, 0.1875, 0.0625, 0.3125, 0.203125, 0.375, 0.1875, 0.1015625, 0.1796875, 0.1875, 0.1875, 0.3125, 0.203125, 0.21875, 0.15625, 0.1328125]",[60],0.4650715883963416,0.4036854074057761
739,6646.71875,"[0.375, 0.3125, 0.4375, 0.234375, 0.15625, 0.171875, 0.1875, 0.125, 0.625, 0.34375, 0.34375, 0.34375, 0.15625, 0.1796875, 0.375, 0.3125, 0.5625, 0.140625, 0.40625, 0.28125, 0.1171875]","[0.25, 0.15625, 0.25, 0.296875, 0.078125, 0.1015625, 0.1875, 0.0625, 0.3125, 0.203125, 0.375, 0.1875, 0.09375, 0.1796875, 0.1875, 0.1875, 0.3125, 0.203125, 0.21875, 0.15625, 0.1328125]",[60],0.4686470017440084,0.4068007251976496
740,6507.8125,"[0.375, 0.3125, 0.4375, 0.234375, 0.15625, 0.171875, 0.1875, 0.125, 0.625, 0.34375, 0.34375, 0.34375, 0.15625, 0.1796875, 0.375, 0.3125, 0.5625, 0.140625, 0.40625, 0.28125, 0.1171875]","[0.25, 0.15625, 0.25, 0.296875, 0.078125, 0.1015625, 0.1875, 0.0625, 0.3125, 0.203125, 0.375, 0.1875, 0.09375, 0.1796875, 0.1875, 0.1875, 0.3125, 0.203125, 0.21875, 0.15625, 0.1328125]",[60],0.4686470017440084,0.4068007251976496
741,6488.046875,"[0.375, 0.3125, 0.4375, 0.234375, 0.15625, 0.171875, 0.1953125, 0.125, 0.5625, 0.34375, 0.34375, 0.34375, 0.15625, 0.1796875, 0.375, 0.3125, 0.5625, 0.140625, 0.40625, 0.28125, 0.1171875]","[0.25, 0.15625, 0.25, 0.296875, 0.078125, 0.1015625, 0.1953125, 0.0625, 0.28125, 0.203125, 0.375, 0.1875, 0.09375, 0.1796875, 0.1875, 0.1875, 0.3125, 0.203125, 0.21875, 0.15625, 0.1328125]",[64],0.4491200189611916,0.399330063973114
742,6488.046875,"[0.375, 0.3125, 0.4375, 0.234375, 0.15625, 0.171875, 0.1953125, 0.125, 0.5625, 0.34375, 0.34375, 0.34375, 0.15625, 0.1796875, 0.375, 0.3125, 0.5625, 0.140625, 0.40625, 0.28125, 0.1171875]","[0.25, 0.15625, 0.25, 0.296875, 0.078125, 0.1015625, 0.1953125, 0.0625, 0.28125, 0.203125, 0.375, 0.1875, 0.09375, 0.1796875, 0.1875, 0.1875, 0.3125, 0.203125, 0.21875, 0.15625, 0.1328125]",[64],0.4491200189611916,0.399330063973114
743,6528.046875,"[0.375, 0.3125, 0.4375, 0.234375, 0.15625, 0.171875, 0.1953125, 0.125, 0.5625, 0.34375, 0.34375, 0.34375, 0.15625, 0.1640625, 0.375, 0.3125, 0.3125, 0.203125, 0.40625, 0.28125, 0.1171875]","[0.25, 0.15625, 0.25, 0.296875, 0.078125, 0.1015625, 0.1953125, 0.0625, 0.28125, 0.203125, 0.375, 0.1875, 0.09375, 0.1640625, 0.1875, 0.1875, 0.1875, 0.265625, 0.21875, 0.15625, 0.1328125]",[65],0.40549327297743165,0.3936923802704795
744,6488.203125,"[0.375, 0.3125, 0.4375, 0.234375, 0.15625, 0.171875, 0.1953125, 0.375, 0.5625, 0.34375, 0.34375, 0.34375, 0.15625, 0.1640625, 0.375, 0.3125, 0.3125, 0.203125, 0.40625, 0.28125, 0.1171875]","[0.25, 0.15625, 0.25, 0.296875, 0.078125, 0.1015625, 0.1953125, 0.1875, 0.28125, 0.203125, 0.375, 0.1875, 0.09375, 0.1640625, 0.1875, 0.1875, 0.1875, 0.265625, 0.21875, 0.15625, 0.1328125]",[73],0.37530590843958006,0.352923232548969
745,6527.890625,"[0.375, 0.3125, 0.4375, 0.234375, 0.15625, 0.171875, 0.1953125, 0.375, 0.5625, 0.34375, 0.34375, 0.34375, 0.1875, 0.1640625, 0.375, 0.3125, 0.3125, 0.203125, 0.40625, 0.28125, 0.1171875]","[0.25, 0.15625, 0.25, 0.296875, 0.078125, 0.1015625, 0.1953125, 0.1875, 0.28125, 0.203125, 0.375, 0.1875, 0.125, 0.1640625, 0.1875, 0.1875, 0.1875, 0.265625, 0.21875, 0.15625, 0.1328125]",[85],0.3677648419793334,0.34061666849780425
746,6547.734375,"[0.375, 0.3125, 0.4375, 0.234375, 0.15625, 0.171875, 0.1953125, 0.375, 0.5625, 0.34375, 0.34375, 0.34375, 0.1875, 0.1640625, 0.375, 0.3125, 0.3125, 0.203125, 0.40625, 0.28125, 0.1171875]","[0.25, 0.15625, 0.25, 0.296875, 0.078125, 0.1015625, 0.1953125, 0.1875, 0.28125, 0.203125, 0.375, 0.1875, 0.125, 0.1640625, 0.1875, 0.1875, 0.1875, 0.265625, 0.21875, 0.15625, 0.1328125]",[85],0.3677648419793334,0.34061666849780425
747,6567.734375,"[0.375, 0.3125, 0.4375, 0.234375, 0.15625, 0.171875, 0.2109375, 0.375, 0.5625, 0.34375, 0.34375, 0.34375, 0.1875, 0.1640625, 0.375, 0.3125, 0.3125, 0.203125, 0.40625, 0.28125, 0.1171875]","[0.25, 0.15625, 0.25, 0.296875, 0.078125, 0.1015625, 0.2109375, 0.1875, 0.28125, 0.203125, 0.375, 0.1875, 0.125, 0.1640625, 0.1875, 0.1875, 0.1875, 0.265625, 0.21875, 0.15625, 0.1328125]",[88],0.36468993034474606,0.33953364264031044
748,6647.109375,"[0.375, 0.3125, 0.3125, 0.296875, 0.15625, 0.171875, 0.2109375, 0.375, 0.3125, 0.34375, 0.21875, 0.34375, 0.1875, 0.1640625, 0.375, 0.3125, 0.3125, 0.203125, 0.40625, 0.28125, 0.1171875]","[0.25, 0.15625, 0.1875, 0.359375, 0.078125, 0.1015625, 0.2109375, 0.1875, 0.15625, 0.203125, 0.25, 0.1875, 0.125, 0.1640625, 0.1875, 0.1875, 0.1875, 0.265625, 0.21875, 0.15625, 0.1328125]",[41],0.3027336789934039,0.31733986263508374
749,6411.484375,"[0.375, 0.3125, 0.3125, 0.296875, 0.125, 0.171875, 0.2109375, 0.375, 0.3125, 0.34375, 0.21875, 0.34375, 0.1875, 0.1640625, 0.375, 0.3125, 0.3125, 0.203125, 0.40625, 0.28125, 0.1171875]","[0.25, 0.15625, 0.1875, 0.359375, 0.0625, 0.1015625, 0.2109375, 0.1875, 0.15625, 0.203125, 0.25, 0.1875, 0.125, 0.1640625, 0.1875, 0.1875, 0.1875, 0.265625, 0.21875, 0.15625, 0.1328125]",[15],0.31298904833657876,0.3263150034575203
750,6251.796875,"[0.375, 0.3125, 0.3125, 0.296875, 0.125, 0.171875, 0.1875, 0.375, 0.3125, 0.34375, 0.21875, 0.34375, 0.1875, 0.1640625, 0.375, 0.3125, 0.3125, 0.203125, 0.40625, 0.15625, 0.1171875]","[0.25, 0.15625, 0.1875, 0.359375, 0.0625, 0.1015625, 0.1875, 0.1875, 0.15625, 0.203125, 0.25, 0.1875, 0.125, 0.1640625, 0.1875, 0.1875, 0.1875, 0.265625, 0.21875, 0.09375, 0.1328125]",[15],0.33780044321863617,0.34795148636816775
751,6013.828125,"[0.375, 0.3125, 0.3125, 0.296875, 0.125, 0.171875, 0.1875, 0.375, 0.3125, 0.34375, 0.21875, 0.34375, 0.1875, 0.171875, 0.375, 0.3125, 0.3125, 0.203125, 0.40625, 0.15625, 0.1171875]","[0.25, 0.15625, 0.1875, 0.359375, 0.0625, 0.1015625, 0.1875, 0.1875, 0.15625, 0.203125, 0.25, 0.1875, 0.125, 0.171875, 0.1875, 0.1875, 0.1875, 0.265625, 0.21875, 0.09375, 0.1328125]",[41],0.33579605351503483,0.3467511479001144
752,6053.671875,"[0.375, 0.3125, 0.3125, 0.296875, 0.125, 0.171875, 0.1875, 0.375, 0.3125, 0.34375, 0.21875, 0.34375, 0.1875, 0.171875, 0.375, 0.3125, 0.3125, 0.203125, 0.40625, 0.15625, 0.1171875]","[0.25, 0.15625, 0.1875, 0.359375, 0.0625, 0.1015625, 0.1875, 0.1875, 0.15625, 0.203125, 0.25, 0.1875, 0.125, 0.171875, 0.1875, 0.1875, 0.1875, 0.265625, 0.21875, 0.09375, 0.1328125]",[41],0.33579605351503483,0.3467511479001144
753,6092.578125,"[0.125, 0.3125, 0.3125, 0.296875, 0.125, 0.171875, 0.1875, 0.375, 0.3125, 0.34375, 0.21875, 0.34375, 0.1875, 0.171875, 0.5, 0.3125, 0.3125, 0.203125, 0.40625, 0.15625, 0.1171875]","[0.125, 0.15625, 0.1875, 0.359375, 0.0625, 0.1015625, 0.1875, 0.1875, 0.15625, 0.203125, 0.25, 0.1875, 0.125, 0.171875, 0.25, 0.1875, 0.1875, 0.265625, 0.21875, 0.09375, 0.1328125]",[60],0.391291850224597,0.3591227662027302
754,6093.828125,"[0.125, 0.1875, 0.3125, 0.296875, 0.125, 0.171875, 0.1875, 0.375, 0.3125, 0.34375, 0.21875, 0.34375, 0.1875, 0.171875, 0.5, 0.3125, 0.3125, 0.203125, 0.40625, 0.15625, 0.1015625]","[0.125, 0.09375, 0.1875, 0.359375, 0.0625, 0.1015625, 0.1875, 0.1875, 0.15625, 0.203125, 0.25, 0.1875, 0.125, 0.171875, 0.25, 0.1875, 0.1875, 0.265625, 0.21875, 0.09375, 0.1171875]",[32],0.40764185158353,0.38372410895637604
755,5855.859375,"[0.125, 0.1875, 0.3125, 0.296875, 0.125, 0.171875, 0.1875, 0.375, 0.3125, 0.34375, 0.21875, 0.34375, 0.1875, 0.171875, 0.5, 0.3125, 0.3125, 0.203125, 0.40625, 0.15625, 0.1015625]","[0.125, 0.09375, 0.1875, 0.359375, 0.0625, 0.1015625, 0.1875, 0.1875, 0.15625, 0.203125, 0.25, 0.1875, 0.125, 0.171875, 0.25, 0.1875, 0.1875, 0.265625, 0.21875, 0.09375, 0.1171875]",[32],0.40764185158353,0.38372410895637604
756,5836.40625,"[0.125, 0.1875, 0.3125, 0.296875, 0.125, 0.171875, 0.1875, 0.375, 0.3125, 0.34375, 0.21875, 0.34375, 0.1875, 0.171875, 0.5, 0.3125, 0.3125, 0.203125, 0.40625, 0.15625, 0.1015625]","[0.125, 0.09375, 0.1875, 0.359375, 0.0625, 0.1015625, 0.1875, 0.1875, 0.15625, 0.203125, 0.25, 0.1875, 0.125, 0.171875, 0.25, 0.1875, 0.1875, 0.265625, 0.21875, 0.09375, 0.1171875]",[32],0.40764185158353,0.38372410895637604
757,5856.328125,"[0.125, 0.1875, 0.3125, 0.296875, 0.125, 0.140625, 0.1875, 0.375, 0.3125, 0.34375, 0.21875, 0.34375, 0.1875, 0.1875, 0.5, 0.3125, 0.3125, 0.203125, 0.40625, 0.15625, 0.1015625]","[0.125, 0.09375, 0.1875, 0.359375, 0.0625, 0.0859375, 0.1875, 0.1875, 0.15625, 0.203125, 0.25, 0.1875, 0.125, 0.1875, 0.25, 0.1875, 0.1875, 0.265625, 0.21875, 0.09375, 0.1171875]",[24],0.41225042975995474,0.38900166275137127
758,5896.328125,"[0.125, 0.1875, 0.3125, 0.296875, 0.125, 0.140625, 0.1875, 0.375, 0.3125, 0.28125, 0.21875, 0.34375, 0.1875, 0.1875, 0.5, 0.3125, 0.3125, 0.203125, 0.40625, 0.15625, 0.1328125]","[0.125, 0.09375, 0.1875, 0.359375, 0.0625, 0.0859375, 0.1875, 0.1875, 0.15625, 0.171875, 0.25, 0.1875, 0.125, 0.1875, 0.25, 0.1875, 0.1875, 0.265625, 0.21875, 0.09375, 0.1484375]",[45],0.40011233865771845,0.3822721310854958
759,6016.328125,"[0.125, 0.1875, 0.3125, 0.296875, 0.125, 0.140625, 0.1875, 0.375, 0.3125, 0.28125, 0.21875, 0.34375, 0.1875, 0.21875, 0.5, 0.3125, 0.3125, 0.203125, 0.40625, 0.15625, 0.1328125]","[0.125, 0.09375, 0.1875, 0.359375, 0.0625, 0.0859375, 0.1875, 0.1875, 0.15625, 0.171875, 0.25, 0.1875, 0.125, 0.21875, 0.25, 0.1875, 0.1875, 0.265625, 0.21875, 0.09375, 0.1484375]",[9],0.3948481601488299,0.3821880536245649
760,5976.015625,"[0.1875, 0.1875, 0.3125, 0.296875, 0.125, 0.140625, 0.1875, 0.375, 0.3125, 0.28125, 0.21875, 0.34375, 0.1875, 0.21875, 0.5, 0.3125, 0.3125, 0.171875, 0.40625, 0.15625, 0.1328125]","[0.1875, 0.09375, 0.1875, 0.359375, 0.0625, 0.0859375, 0.1875, 0.1875, 0.15625, 0.171875, 0.25, 0.1875, 0.125, 0.21875, 0.25, 0.1875, 0.1875, 0.203125, 0.21875, 0.09375, 0.1484375]",[60],0.3849405455852249,0.36260774260900713
761,5956.015625,"[0.1875, 0.1875, 0.3125, 0.296875, 0.125, 0.140625, 0.1875, 0.375, 0.3125, 0.28125, 0.21875, 0.34375, 0.1875, 0.21875, 0.5, 0.3125, 0.34375, 0.171875, 0.40625, 0.15625, 0.1328125]","[0.1875, 0.09375, 0.1875, 0.359375, 0.0625, 0.0859375, 0.1875, 0.1875, 0.15625, 0.171875, 0.25, 0.1875, 0.125, 0.21875, 0.25, 0.1875, 0.203125, 0.203125, 0.21875, 0.09375, 0.1484375]",[68],0.3869138041204287,0.3621505831634002
762,5995.859375,"[0.1875, 0.1875, 0.3125, 0.296875, 0.125, 0.140625, 0.203125, 0.375, 0.3125, 0.28125, 0.21875, 0.34375, 0.1875, 0.21875, 0.5, 0.3125, 0.34375, 0.171875, 0.40625, 0.15625, 0.1328125]","[0.1875, 0.09375, 0.1875, 0.359375, 0.0625, 0.0859375, 0.203125, 0.1875, 0.15625, 0.171875, 0.25, 0.1875, 0.125, 0.21875, 0.25, 0.1875, 0.203125, 0.203125, 0.21875, 0.09375, 0.1484375]",[76],0.38399024868461795,0.3616469812320005
763,6075.546875,"[0.1875, 0.1875, 0.3125, 0.296875, 0.125, 0.140625, 0.203125, 0.375, 0.3125, 0.28125, 0.21875, 0.34375, 0.1875, 0.21875, 0.5, 0.3125, 0.34375, 0.171875, 0.40625, 0.15625, 0.1328125]","[0.1875, 0.09375, 0.1875, 0.359375, 0.0625, 0.0859375, 0.203125, 0.1875, 0.15625, 0.171875, 0.25, 0.1875, 0.125, 0.21875, 0.25, 0.1875, 0.203125, 0.203125, 0.21875, 0.09375, 0.1484375]",[76],0.38399024868461795,0.3616469812320005
764,6153.359375,"[0.1875, 0.1875, 0.3125, 0.296875, 0.125, 0.140625, 0.203125, 0.375, 0.3125, 0.28125, 0.21875, 0.34375, 0.1875, 0.21875, 0.5, 0.5625, 0.34375, 0.171875, 0.40625, 0.15625, 0.1328125]","[0.1875, 0.09375, 0.1875, 0.359375, 0.0625, 0.0859375, 0.203125, 0.1875, 0.15625, 0.171875, 0.25, 0.1875, 0.125, 0.21875, 0.25, 0.3125, 0.203125, 0.203125, 0.21875, 0.09375, 0.1484375]",[79],0.4377001835206188,0.38156519757441193
765,6193.046875,"[0.1875, 0.1875, 0.3125, 0.296875, 0.125, 0.140625, 0.203125, 0.375, 0.3125, 0.28125, 0.21875, 0.34375, 0.1875, 0.21875, 0.5, 0.5625, 0.34375, 0.171875, 0.40625, 0.15625, 0.1328125]","[0.1875, 0.09375, 0.1875, 0.359375, 0.0625, 0.0859375, 0.203125, 0.1875, 0.15625, 0.171875, 0.25, 0.1875, 0.125, 0.21875, 0.25, 0.3125, 0.203125, 0.203125, 0.21875, 0.09375, 0.1484375]",[79],0.4377001835206188,0.38156519757441193
766,6173.046875,"[0.1875, 0.21875, 0.3125, 0.296875, 0.125, 0.140625, 0.203125, 0.375, 0.3125, 0.28125, 0.21875, 0.34375, 0.1875, 0.21875, 0.5, 0.5625, 0.34375, 0.171875, 0.40625, 0.15625, 0.1328125]","[0.1875, 0.109375, 0.1875, 0.359375, 0.0625, 0.0859375, 0.203125, 0.1875, 0.15625, 0.171875, 0.25, 0.1875, 0.125, 0.21875, 0.25, 0.3125, 0.203125, 0.203125, 0.21875, 0.09375, 0.1484375]",[81],0.43215755038107245,0.3752535478248757
767,6212.734375,"[0.125, 0.21875, 0.3125, 0.296875, 0.125, 0.140625, 0.203125, 0.375, 0.3125, 0.28125, 0.21875, 0.34375, 0.1875, 0.21875, 0.5, 0.5625, 0.34375, 0.203125, 0.40625, 0.15625, 0.1328125]","[0.125, 0.109375, 0.1875, 0.359375, 0.0625, 0.0859375, 0.203125, 0.1875, 0.15625, 0.171875, 0.25, 0.1875, 0.125, 0.21875, 0.25, 0.3125, 0.203125, 0.234375, 0.21875, 0.09375, 0.1484375]",[5],0.44133620479168556,0.38869817699862136
768,6252.734375,"[0.125, 0.21875, 0.3125, 0.296875, 0.125, 0.140625, 0.203125, 0.375, 0.3125, 0.28125, 0.21875, 0.34375, 0.1875, 0.21875, 0.5, 0.5625, 0.34375, 0.203125, 0.40625, 0.15625, 0.1328125]","[0.125, 0.109375, 0.1875, 0.359375, 0.0625, 0.0859375, 0.203125, 0.1875, 0.15625, 0.171875, 0.25, 0.1875, 0.125, 0.21875, 0.25, 0.3125, 0.203125, 0.234375, 0.21875, 0.09375, 0.1484375]",[5],0.44133620479168556,0.38869817699862136
769,6330.859375,"[0.125, 0.21875, 0.3125, 0.296875, 0.125, 0.140625, 0.203125, 0.375, 0.3125, 0.28125, 0.21875, 0.34375, 0.1875, 0.21875, 0.5, 0.5625, 0.34375, 0.203125, 0.40625, 0.15625, 0.1328125]","[0.125, 0.109375, 0.1875, 0.359375, 0.0625, 0.0859375, 0.203125, 0.1875, 0.15625, 0.171875, 0.25, 0.1875, 0.125, 0.21875, 0.25, 0.3125, 0.203125, 0.234375, 0.21875, 0.09375, 0.1484375]",[5],0.44133620479168556,0.38869817699862136
770,6212.734375,"[0.125, 0.28125, 0.3125, 0.296875, 0.125, 0.140625, 0.203125, 0.375, 0.3125, 0.28125, 0.21875, 0.34375, 0.1875, 0.21875, 0.5, 0.5625, 0.34375, 0.203125, 0.40625, 0.15625, 0.1015625]","[0.125, 0.171875, 0.1875, 0.359375, 0.0625, 0.0859375, 0.203125, 0.1875, 0.15625, 0.171875, 0.25, 0.1875, 0.125, 0.21875, 0.25, 0.3125, 0.203125, 0.234375, 0.21875, 0.09375, 0.1171875]",[24],0.44406324148859955,0.38142078830200726
771,6152.734375,"[0.125, 0.28125, 0.3125, 0.296875, 0.125, 0.140625, 0.203125, 0.375, 0.3125, 0.28125, 0.21875, 0.34375, 0.1875, 0.21875, 0.5, 0.5625, 0.34375, 0.203125, 0.40625, 0.15625, 0.1015625]","[0.125, 0.171875, 0.1875, 0.359375, 0.0625, 0.0859375, 0.203125, 0.1875, 0.15625, 0.171875, 0.25, 0.1875, 0.125, 0.21875, 0.25, 0.3125, 0.203125, 0.234375, 0.21875, 0.09375, 0.1171875]",[24],0.44406324148859955,0.38142078830200726
772,6172.734375,"[0.125, 0.28125, 0.3125, 0.296875, 0.125, 0.140625, 0.203125, 0.375, 0.3125, 0.28125, 0.21875, 0.34375, 0.21875, 0.21875, 0.5, 0.5625, 0.34375, 0.203125, 0.40625, 0.15625, 0.1015625]","[0.125, 0.171875, 0.1875, 0.359375, 0.0625, 0.0859375, 0.203125, 0.1875, 0.15625, 0.171875, 0.25, 0.1875, 0.140625, 0.21875, 0.25, 0.3125, 0.203125, 0.234375, 0.21875, 0.09375, 0.1171875]",[83],0.43851031854251316,0.37686923896813773
773,6252.109375,"[0.125, 0.28125, 0.3125, 0.296875, 0.125, 0.140625, 0.203125, 0.375, 0.3125, 0.28125, 0.21875, 0.34375, 0.21875, 0.21875, 0.5, 0.5625, 0.34375, 0.203125, 0.40625, 0.15625, 0.1015625]","[0.125, 0.171875, 0.1875, 0.359375, 0.0625, 0.0859375, 0.203125, 0.1875, 0.15625, 0.171875, 0.25, 0.1875, 0.140625, 0.21875, 0.25, 0.3125, 0.203125, 0.234375, 0.21875, 0.09375, 0.1171875]",[83],0.43851031854251316,0.37686923896813773
774,6330.234375,"[0.375, 0.28125, 0.3125, 0.28125, 0.125, 0.078125, 0.1875, 0.375, 0.3125, 0.28125, 0.21875, 0.34375, 0.21875, 0.21875, 0.5, 0.5625, 0.34375, 0.203125, 0.40625, 0.15625, 0.1015625]","[0.25, 0.171875, 0.1875, 0.34375, 0.0625, 0.0546875, 0.1875, 0.1875, 0.15625, 0.171875, 0.25, 0.1875, 0.140625, 0.21875, 0.25, 0.3125, 0.203125, 0.234375, 0.21875, 0.09375, 0.1171875]",[34],0.4337814258382236,0.3740935496459659
775,6230.859375,"[0.375, 0.28125, 0.3125, 0.28125, 0.125, 0.109375, 0.1875, 0.375, 0.3125, 0.28125, 0.21875, 0.34375, 0.21875, 0.21875, 0.5, 0.5625, 0.34375, 0.203125, 0.40625, 0.15625, 0.1015625]","[0.25, 0.171875, 0.1875, 0.34375, 0.0625, 0.0859375, 0.1875, 0.1875, 0.15625, 0.171875, 0.25, 0.1875, 0.140625, 0.21875, 0.25, 0.3125, 0.203125, 0.234375, 0.21875, 0.09375, 0.1171875]",[54],0.42327407710850146,0.3577983374212387
776,6250.703125,"[0.375, 0.28125, 0.3125, 0.28125, 0.125, 0.09375, 0.1875, 0.375, 0.3125, 0.28125, 0.21875, 0.34375, 0.21875, 0.21875, 0.5, 0.5625, 0.34375, 0.203125, 0.40625, 0.15625, 0.1015625]","[0.25, 0.171875, 0.1875, 0.34375, 0.0625, 0.078125, 0.1875, 0.1875, 0.15625, 0.171875, 0.25, 0.1875, 0.140625, 0.21875, 0.25, 0.3125, 0.203125, 0.234375, 0.21875, 0.09375, 0.1171875]",[61],0.42836984447142334,0.3615823875418827
777,6250.859375,"[0.375, 0.28125, 0.3125, 0.28125, 0.125, 0.09375, 0.1875, 0.375, 0.3125, 0.28125, 0.21875, 0.34375, 0.21875, 0.21875, 0.5, 0.5625, 0.34375, 0.203125, 0.40625, 0.15625, 0.0859375]","[0.25, 0.171875, 0.1875, 0.34375, 0.0625, 0.078125, 0.1875, 0.1875, 0.15625, 0.171875, 0.25, 0.1875, 0.140625, 0.21875, 0.25, 0.3125, 0.203125, 0.234375, 0.21875, 0.09375, 0.0859375]",[61],0.43361063133370553,0.37436557777685225
778,6250.546875,"[0.375, 0.28125, 0.3125, 0.28125, 0.125, 0.09375, 0.171875, 0.375, 0.3125, 0.28125, 0.28125, 0.34375, 0.21875, 0.21875, 0.25, 0.5625, 0.34375, 0.203125, 0.40625, 0.15625, 0.0859375]","[0.25, 0.171875, 0.1875, 0.34375, 0.0625, 0.078125, 0.171875, 0.1875, 0.15625, 0.171875, 0.3125, 0.1875, 0.140625, 0.21875, 0.125, 0.3125, 0.203125, 0.234375, 0.21875, 0.09375, 0.0859375]",[31],0.4112677285819497,0.4029366189523526
779,6211.953125,"[0.375, 0.28125, 0.3125, 0.28125, 0.125, 0.09375, 0.171875, 0.375, 0.3125, 0.28125, 0.28125, 0.34375, 0.21875, 0.21875, 0.25, 0.5625, 0.34375, 0.203125, 0.40625, 0.15625, 0.0859375]","[0.25, 0.171875, 0.1875, 0.34375, 0.0625, 0.078125, 0.171875, 0.1875, 0.15625, 0.171875, 0.3125, 0.1875, 0.140625, 0.21875, 0.125, 0.3125, 0.203125, 0.234375, 0.21875, 0.09375, 0.0859375]",[31],0.4112677285819497,0.4029366189523526
780,6092.578125,"[0.375, 0.28125, 0.3125, 0.28125, 0.125, 0.09375, 0.171875, 0.375, 0.3125, 0.34375, 0.28125, 0.34375, 0.21875, 0.21875, 0.25, 0.5625, 0.34375, 0.203125, 0.40625, 0.15625, 0.0859375]","[0.25, 0.171875, 0.1875, 0.34375, 0.0625, 0.078125, 0.171875, 0.1875, 0.15625, 0.234375, 0.3125, 0.1875, 0.140625, 0.21875, 0.125, 0.3125, 0.203125, 0.234375, 0.21875, 0.09375, 0.0859375]",[66],0.410740164816149,0.3997830205729479
781,6112.421875,"[0.3125, 0.28125, 0.3125, 0.28125, 0.125, 0.09375, 0.171875, 0.375, 0.3125, 0.34375, 0.28125, 0.34375, 0.234375, 0.21875, 0.25, 0.5625, 0.34375, 0.203125, 0.40625, 0.15625, 0.0859375]","[0.1875, 0.171875, 0.1875, 0.34375, 0.0625, 0.078125, 0.171875, 0.1875, 0.15625, 0.234375, 0.3125, 0.1875, 0.1484375, 0.21875, 0.125, 0.3125, 0.203125, 0.234375, 0.21875, 0.09375, 0.0859375]",[27],0.4059429694360596,0.39767861818380634
782,6112.421875,"[0.3125, 0.28125, 0.3125, 0.28125, 0.125, 0.09375, 0.171875, 0.4375, 0.3125, 0.34375, 0.28125, 0.34375, 0.234375, 0.21875, 0.25, 0.5625, 0.34375, 0.203125, 0.40625, 0.15625, 0.0859375]","[0.1875, 0.171875, 0.1875, 0.34375, 0.0625, 0.078125, 0.171875, 0.21875, 0.15625, 0.234375, 0.3125, 0.1875, 0.1484375, 0.21875, 0.125, 0.3125, 0.203125, 0.234375, 0.21875, 0.09375, 0.0859375]",[67],0.41449555462952575,0.3961945400655821
783,6191.171875,"[0.0625, 0.28125, 0.3125, 0.28125, 0.125, 0.09375, 0.171875, 0.4375, 0.3125, 0.21875, 0.28125, 0.34375, 0.234375, 0.21875, 0.25, 0.3125, 0.34375, 0.203125, 0.40625, 0.15625, 0.0859375]","[0.0625, 0.171875, 0.1875, 0.34375, 0.0625, 0.078125, 0.171875, 0.21875, 0.15625, 0.171875, 0.3125, 0.1875, 0.1484375, 0.21875, 0.125, 0.1875, 0.203125, 0.234375, 0.21875, 0.09375, 0.0859375]",[3],0.41160105419310544,0.41874645947367856
784,5877.421875,"[0.0625, 0.28125, 0.3125, 0.28125, 0.125, 0.09375, 0.171875, 0.4375, 0.3125, 0.21875, 0.28125, 0.34375, 0.234375, 0.2109375, 0.25, 0.3125, 0.34375, 0.203125, 0.40625, 0.15625, 0.0859375]","[0.0625, 0.171875, 0.1875, 0.34375, 0.0625, 0.078125, 0.171875, 0.21875, 0.15625, 0.171875, 0.3125, 0.1875, 0.1484375, 0.2109375, 0.125, 0.1875, 0.203125, 0.234375, 0.21875, 0.09375, 0.0859375]",[3],0.41267358397715753,0.41841084818299257
785,5738.125,"[0.0625, 0.28125, 0.3125, 0.28125, 0.125, 0.09375, 0.171875, 0.4375, 0.3125, 0.21875, 0.28125, 0.34375, 0.109375, 0.2109375, 0.25, 0.3125, 0.34375, 0.203125, 0.40625, 0.15625, 0.0859375]","[0.0625, 0.171875, 0.1875, 0.34375, 0.0625, 0.078125, 0.171875, 0.21875, 0.15625, 0.171875, 0.3125, 0.1875, 0.0859375, 0.2109375, 0.125, 0.1875, 0.203125, 0.234375, 0.21875, 0.09375, 0.0859375]",[3],0.4398319547707965,0.4386749174467932
786,5559.84375,"[0.0625, 0.28125, 0.3125, 0.28125, 0.125, 0.09375, 0.171875, 0.4375, 0.3125, 0.21875, 0.28125, 0.34375, 0.109375, 0.2109375, 0.25, 0.3125, 0.34375, 0.203125, 0.40625, 0.15625, 0.0859375]","[0.0625, 0.171875, 0.1875, 0.34375, 0.0625, 0.078125, 0.171875, 0.21875, 0.15625, 0.171875, 0.3125, 0.1875, 0.0859375, 0.2109375, 0.125, 0.1875, 0.203125, 0.234375, 0.21875, 0.09375, 0.0859375]",[3],0.4398319547707965,0.4386749174467932
787,5579.6875,"[0.0625, 0.28125, 0.3125, 0.28125, 0.125, 0.09375, 0.171875, 0.4375, 0.3125, 0.21875, 0.28125, 0.28125, 0.109375, 0.2109375, 0.25, 0.3125, 0.34375, 0.203125, 0.40625, 0.15625, 0.0859375]","[0.0625, 0.171875, 0.1875, 0.34375, 0.0625, 0.078125, 0.171875, 0.21875, 0.15625, 0.171875, 0.3125, 0.15625, 0.0859375, 0.2109375, 0.125, 0.1875, 0.203125, 0.234375, 0.21875, 0.09375, 0.0859375]",[3],0.43612945419585764,0.44223999979351114
788,5540.0,"[0.0625, 0.28125, 0.3125, 0.28125, 0.125, 0.09375, 0.171875, 0.4375, 0.3125, 0.21875, 0.28125, 0.28125, 0.109375, 0.2109375, 0.25, 0.3125, 0.34375, 0.203125, 0.40625, 0.15625, 0.0859375]","[0.0625, 0.171875, 0.1875, 0.34375, 0.0625, 0.078125, 0.171875, 0.21875, 0.15625, 0.171875, 0.3125, 0.15625, 0.0859375, 0.2109375, 0.125, 0.1875, 0.203125, 0.234375, 0.21875, 0.09375, 0.0859375]",[3],0.43612945419585764,0.44223999979351114
789,5619.375,"[0.0625, 0.28125, 0.3125, 0.28125, 0.125, 0.09375, 0.171875, 0.4375, 0.3125, 0.21875, 0.28125, 0.28125, 0.234375, 0.2109375, 0.25, 0.3125, 0.34375, 0.203125, 0.40625, 0.15625, 0.0859375]","[0.0625, 0.171875, 0.1875, 0.34375, 0.0625, 0.078125, 0.171875, 0.21875, 0.15625, 0.171875, 0.3125, 0.15625, 0.1484375, 0.2109375, 0.125, 0.1875, 0.203125, 0.234375, 0.21875, 0.09375, 0.0859375]",[15],0.40910490916541986,0.4220859054645104
790,5658.75,"[0.0625, 0.28125, 0.3125, 0.28125, 0.125, 0.09375, 0.171875, 0.4375, 0.3125, 0.28125, 0.28125, 0.28125, 0.234375, 0.2109375, 0.25, 0.3125, 0.34375, 0.203125, 0.40625, 0.15625, 0.0859375]","[0.0625, 0.171875, 0.1875, 0.34375, 0.0625, 0.078125, 0.171875, 0.21875, 0.15625, 0.234375, 0.3125, 0.15625, 0.1484375, 0.2109375, 0.125, 0.1875, 0.203125, 0.234375, 0.21875, 0.09375, 0.0859375]",[20],0.40503481941376007,0.4219270880368548
791,5678.4375,"[0.09375, 0.28125, 0.3125, 0.28125, 0.125, 0.09375, 0.171875, 0.4375, 0.3125, 0.28125, 0.28125, 0.28125, 0.234375, 0.2109375, 0.25, 0.3125, 0.34375, 0.203125, 0.40625, 0.15625, 0.0859375]","[0.078125, 0.171875, 0.1875, 0.34375, 0.0625, 0.078125, 0.171875, 0.21875, 0.15625, 0.234375, 0.3125, 0.15625, 0.1484375, 0.2109375, 0.125, 0.1875, 0.203125, 0.234375, 0.21875, 0.09375, 0.0859375]",[26],0.392228218269175,0.4140617315450958
792,5718.125,"[0.09375, 0.28125, 0.3125, 0.28125, 0.125, 0.09375, 0.171875, 0.4375, 0.3125, 0.28125, 0.28125, 0.28125, 0.234375, 0.2109375, 0.25, 0.3125, 0.34375, 0.203125, 0.34375, 0.15625, 0.0859375]","[0.078125, 0.171875, 0.1875, 0.34375, 0.0625, 0.078125, 0.171875, 0.21875, 0.15625, 0.234375, 0.3125, 0.15625, 0.1484375, 0.2109375, 0.125, 0.1875, 0.203125, 0.234375, 0.1875, 0.09375, 0.0859375]",[26],0.3799906597559342,0.4142126945441215
793,5678.4375,"[0.09375, 0.28125, 0.3125, 0.28125, 0.125, 0.09375, 0.171875, 0.4375, 0.3125, 0.28125, 0.28125, 0.28125, 0.234375, 0.2109375, 0.25, 0.3125, 0.34375, 0.203125, 0.34375, 0.15625, 0.0859375]","[0.078125, 0.171875, 0.1875, 0.34375, 0.0625, 0.078125, 0.171875, 0.21875, 0.15625, 0.234375, 0.3125, 0.15625, 0.1484375, 0.2109375, 0.125, 0.1875, 0.203125, 0.234375, 0.1875, 0.09375, 0.0859375]",[26],0.3799906597559342,0.4142126945441215
794,5758.4375,"[0.09375, 0.28125, 0.3125, 0.28125, 0.125, 0.09375, 0.171875, 0.4375, 0.3125, 0.28125, 0.28125, 0.28125, 0.234375, 0.2109375, 0.25, 0.3125, 0.34375, 0.203125, 0.34375, 0.15625, 0.0859375]","[0.078125, 0.171875, 0.1875, 0.34375, 0.0625, 0.078125, 0.171875, 0.21875, 0.15625, 0.234375, 0.3125, 0.15625, 0.1484375, 0.2109375, 0.125, 0.1875, 0.203125, 0.234375, 0.1875, 0.09375, 0.0859375]",[26],0.3799906597559342,0.4142126945441215
795,5638.4375,"[0.09375, 0.28125, 0.3125, 0.28125, 0.125, 0.09375, 0.171875, 0.4375, 0.3125, 0.28125, 0.28125, 0.28125, 0.234375, 0.2109375, 0.25, 0.3125, 0.34375, 0.203125, 0.34375, 0.15625, 0.0859375]","[0.078125, 0.171875, 0.1875, 0.34375, 0.0625, 0.078125, 0.171875, 0.21875, 0.15625, 0.234375, 0.3125, 0.15625, 0.1484375, 0.2109375, 0.125, 0.1875, 0.203125, 0.234375, 0.1875, 0.09375, 0.0859375]",[26],0.3799906597559342,0.4142126945441215
796,5618.75,"[0.125, 0.28125, 0.3125, 0.265625, 0.125, 0.09375, 0.171875, 0.4375, 0.3125, 0.28125, 0.28125, 0.28125, 0.234375, 0.2109375, 0.25, 0.3125, 0.34375, 0.171875, 0.34375, 0.15625, 0.0859375]","[0.09375, 0.171875, 0.1875, 0.328125, 0.0625, 0.078125, 0.171875, 0.21875, 0.15625, 0.234375, 0.3125, 0.15625, 0.1484375, 0.2109375, 0.125, 0.1875, 0.203125, 0.203125, 0.1875, 0.09375, 0.0859375]",[46],0.3748482927846281,0.3967620815660338
797,5599.0625,"[0.125, 0.28125, 0.3125, 0.265625, 0.125, 0.09375, 0.171875, 0.4375, 0.3125, 0.28125, 0.28125, 0.28125, 0.234375, 0.2109375, 0.25, 0.3125, 0.34375, 0.171875, 0.34375, 0.15625, 0.0859375]","[0.09375, 0.171875, 0.1875, 0.328125, 0.0625, 0.078125, 0.171875, 0.21875, 0.15625, 0.234375, 0.3125, 0.15625, 0.1484375, 0.2109375, 0.125, 0.1875, 0.203125, 0.203125, 0.1875, 0.09375, 0.0859375]",[46],0.3748482927846281,0.3967620815660338
798,5637.96875,"[0.25, 0.28125, 0.3125, 0.265625, 0.125, 0.09375, 0.171875, 0.4375, 0.3125, 0.28125, 0.28125, 0.28125, 0.234375, 0.2109375, 0.25, 0.3125, 0.34375, 0.171875, 0.34375, 0.15625, 0.0859375]","[0.15625, 0.171875, 0.1875, 0.328125, 0.0625, 0.078125, 0.171875, 0.21875, 0.15625, 0.234375, 0.3125, 0.15625, 0.1484375, 0.2109375, 0.125, 0.1875, 0.203125, 0.203125, 0.1875, 0.09375, 0.0859375]",[51],0.3503296147159917,0.3777164941540806
799,5796.71875,"[0.25, 0.28125, 0.3125, 0.265625, 0.125, 0.09375, 0.171875, 0.4375, 0.3125, 0.25, 0.28125, 0.28125, 0.234375, 0.2109375, 0.25, 0.3125, 0.34375, 0.171875, 0.34375, 0.125, 0.0859375]","[0.15625, 0.171875, 0.1875, 0.328125, 0.0625, 0.078125, 0.171875, 0.21875, 0.15625, 0.21875, 0.3125, 0.15625, 0.1484375, 0.2109375, 0.125, 0.1875, 0.203125, 0.203125, 0.1875, 0.0625, 0.0859375]",[6],0.36058292784902174,0.3915514291620027
800,5618.28125,"[0.25, 0.28125, 0.3125, 0.265625, 0.125, 0.09375, 0.171875, 0.4375, 0.3125, 0.25, 0.28125, 0.28125, 0.234375, 0.2109375, 0.25, 0.3125, 0.34375, 0.171875, 0.34375, 0.125, 0.0859375]","[0.15625, 0.171875, 0.1875, 0.328125, 0.0625, 0.078125, 0.171875, 0.21875, 0.15625, 0.21875, 0.3125, 0.15625, 0.1484375, 0.2109375, 0.125, 0.1875, 0.203125, 0.203125, 0.1875, 0.0625, 0.0859375]",[6],0.36058292784902174,0.3915514291620027
801,5598.4375,"[0.25, 0.28125, 0.3125, 0.28125, 0.125, 0.09375, 0.171875, 0.4375, 0.0625, 0.25, 0.28125, 0.28125, 0.234375, 0.2109375, 0.25, 0.3125, 0.34375, 0.171875, 0.34375, 0.125, 0.0859375]","[0.15625, 0.171875, 0.1875, 0.34375, 0.0625, 0.078125, 0.171875, 0.21875, 0.03125, 0.21875, 0.3125, 0.15625, 0.1484375, 0.2109375, 0.125, 0.1875, 0.203125, 0.203125, 0.1875, 0.0625, 0.0859375]",[8],0.4077117279371403,0.4518170234958347
802,5480.3125,"[0.25, 0.28125, 0.3125, 0.28125, 0.125, 0.09375, 0.171875, 0.4375, 0.0625, 0.25, 0.28125, 0.28125, 0.234375, 0.2109375, 0.25, 0.3125, 0.34375, 0.171875, 0.34375, 0.125, 0.0859375]","[0.15625, 0.171875, 0.1875, 0.34375, 0.0625, 0.078125, 0.171875, 0.21875, 0.03125, 0.21875, 0.3125, 0.15625, 0.1484375, 0.2109375, 0.125, 0.1875, 0.203125, 0.203125, 0.1875, 0.0625, 0.0859375]",[8],0.4077117279371403,0.4518170234958347
803,5520.3125,"[0.25, 0.28125, 0.3125, 0.28125, 0.125, 0.09375, 0.171875, 0.4375, 0.0625, 0.25, 0.28125, 0.34375, 0.234375, 0.2109375, 0.25, 0.3125, 0.34375, 0.171875, 0.34375, 0.125, 0.0859375]","[0.15625, 0.171875, 0.1875, 0.34375, 0.0625, 0.078125, 0.171875, 0.21875, 0.03125, 0.21875, 0.3125, 0.1875, 0.1484375, 0.2109375, 0.125, 0.1875, 0.203125, 0.203125, 0.1875, 0.0625, 0.0859375]",[51],0.41267519769998884,0.4482331237432431
804,5679.6875,"[0.25, 0.28125, 0.3125, 0.28125, 0.125, 0.09375, 0.171875, 0.4375, 0.0625, 0.25, 0.28125, 0.34375, 0.234375, 0.2734375, 0.25, 0.3125, 0.34375, 0.171875, 0.34375, 0.125, 0.0859375]","[0.15625, 0.171875, 0.1875, 0.34375, 0.0625, 0.078125, 0.171875, 0.21875, 0.03125, 0.21875, 0.3125, 0.1875, 0.1484375, 0.2734375, 0.125, 0.1875, 0.203125, 0.203125, 0.1875, 0.0625, 0.0859375]",[53],0.40806909816094383,0.4564650595723577
805,5719.0625,"[0.25, 0.28125, 0.3125, 0.28125, 0.125, 0.09375, 0.171875, 0.4375, 0.0625, 0.25, 0.28125, 0.34375, 0.234375, 0.2734375, 0.25, 0.3125, 0.34375, 0.171875, 0.34375, 0.125, 0.0859375]","[0.15625, 0.171875, 0.1875, 0.34375, 0.0625, 0.078125, 0.171875, 0.21875, 0.03125, 0.21875, 0.3125, 0.1875, 0.1484375, 0.2734375, 0.125, 0.1875, 0.203125, 0.203125, 0.1875, 0.0625, 0.0859375]",[53],0.40806909816094383,0.4564650595723577
806,5699.53125,"[0.25, 0.28125, 0.3125, 0.28125, 0.125, 0.09375, 0.171875, 0.4375, 0.0625, 0.25, 0.28125, 0.34375, 0.234375, 0.2734375, 0.25, 0.3125, 0.34375, 0.171875, 0.34375, 0.125, 0.0859375]","[0.15625, 0.171875, 0.1875, 0.34375, 0.0625, 0.078125, 0.171875, 0.21875, 0.03125, 0.21875, 0.3125, 0.1875, 0.1484375, 0.2734375, 0.125, 0.1875, 0.203125, 0.203125, 0.1875, 0.0625, 0.0859375]",[53],0.40806909816094383,0.4564650595723577
807,5719.375,"[0.25, 0.28125, 0.3125, 0.28125, 0.125, 0.09375, 0.171875, 0.4375, 0.0625, 0.25, 0.28125, 0.34375, 0.234375, 0.2734375, 0.25, 0.3125, 0.34375, 0.171875, 0.34375, 0.125, 0.0859375]","[0.15625, 0.171875, 0.1875, 0.34375, 0.0625, 0.078125, 0.171875, 0.21875, 0.03125, 0.21875, 0.3125, 0.1875, 0.1484375, 0.2734375, 0.125, 0.1875, 0.203125, 0.203125, 0.1875, 0.0625, 0.0859375]",[53],0.40806909816094383,0.4564650595723577
808,5758.4375,"[0.25, 0.28125, 0.3125, 0.28125, 0.125, 0.09375, 0.171875, 0.4375, 0.0625, 0.25, 0.28125, 0.34375, 0.234375, 0.2734375, 0.25, 0.3125, 0.34375, 0.171875, 0.34375, 0.125, 0.0859375]","[0.15625, 0.171875, 0.1875, 0.34375, 0.0625, 0.078125, 0.171875, 0.21875, 0.03125, 0.21875, 0.3125, 0.1875, 0.1484375, 0.2734375, 0.125, 0.1875, 0.203125, 0.203125, 0.1875, 0.0625, 0.0859375]",[53],0.40806909816094383,0.4564650595723577
809,5838.4375,"[0.25, 0.28125, 0.3125, 0.28125, 0.125, 0.09375, 0.171875, 0.4375, 0.0625, 0.25, 0.28125, 0.34375, 0.234375, 0.2578125, 0.25, 0.3125, 0.34375, 0.296875, 0.34375, 0.125, 0.0859375]","[0.15625, 0.171875, 0.1875, 0.34375, 0.0625, 0.078125, 0.171875, 0.21875, 0.03125, 0.21875, 0.3125, 0.1875, 0.1484375, 0.2578125, 0.125, 0.1875, 0.203125, 0.328125, 0.1875, 0.0625, 0.0859375]",[56],0.3967060258635817,0.4757478150711307
810,5838.4375,"[0.25, 0.28125, 0.3125, 0.28125, 0.125, 0.09375, 0.171875, 0.4375, 0.0625, 0.25, 0.28125, 0.34375, 0.234375, 0.2578125, 0.25, 0.3125, 0.34375, 0.296875, 0.34375, 0.125, 0.0859375]","[0.15625, 0.171875, 0.1875, 0.34375, 0.0625, 0.078125, 0.171875, 0.21875, 0.03125, 0.21875, 0.3125, 0.1875, 0.1484375, 0.2578125, 0.125, 0.1875, 0.203125, 0.328125, 0.1875, 0.0625, 0.0859375]",[56],0.3967060258635817,0.4757478150711307
811,5818.515625,"[0.25, 0.28125, 0.3125, 0.28125, 0.125, 0.09375, 0.171875, 0.4375, 0.0625, 0.25, 0.28125, 0.34375, 0.234375, 0.25, 0.25, 0.3125, 0.34375, 0.296875, 0.34375, 0.125, 0.0859375]","[0.15625, 0.171875, 0.1875, 0.34375, 0.0625, 0.078125, 0.171875, 0.21875, 0.03125, 0.21875, 0.3125, 0.1875, 0.1484375, 0.25, 0.125, 0.1875, 0.203125, 0.328125, 0.1875, 0.0625, 0.0859375]",[0],0.3971640394993694,0.4748363924601269
812,5818.046875,"[0.25, 0.28125, 0.3125, 0.28125, 0.125, 0.09375, 0.171875, 0.4375, 0.0625, 0.25, 0.28125, 0.34375, 0.234375, 0.25, 0.25, 0.3125, 0.34375, 0.296875, 0.34375, 0.125, 0.0859375]","[0.15625, 0.171875, 0.1875, 0.34375, 0.0625, 0.078125, 0.171875, 0.21875, 0.03125, 0.21875, 0.3125, 0.1875, 0.1484375, 0.25, 0.125, 0.1875, 0.203125, 0.328125, 0.1875, 0.0625, 0.0859375]",[0],0.3971640394993694,0.4748363924601269
813,5857.421875,"[0.25, 0.28125, 0.3125, 0.28125, 0.125, 0.09375, 0.171875, 0.4375, 0.1875, 0.25, 0.28125, 0.34375, 0.234375, 0.25, 0.25, 0.3125, 0.34375, 0.296875, 0.34375, 0.125, 0.0859375]","[0.15625, 0.171875, 0.1875, 0.34375, 0.0625, 0.078125, 0.171875, 0.21875, 0.09375, 0.21875, 0.3125, 0.1875, 0.1484375, 0.25, 0.125, 0.1875, 0.203125, 0.328125, 0.1875, 0.0625, 0.0859375]",[67],0.35648833906990846,0.44358498489295695
814,6016.171875,"[0.25, 0.28125, 0.3125, 0.28125, 0.125, 0.09375, 0.171875, 0.4375, 0.1875, 0.25, 0.28125, 0.46875, 0.234375, 0.25, 0.25, 0.3125, 0.34375, 0.296875, 0.34375, 0.125, 0.0859375]","[0.15625, 0.171875, 0.1875, 0.34375, 0.0625, 0.078125, 0.171875, 0.21875, 0.09375, 0.21875, 0.3125, 0.25, 0.1484375, 0.25, 0.125, 0.1875, 0.203125, 0.328125, 0.1875, 0.0625, 0.0859375]",[83],0.3859467059088114,0.4438812198984595
815,6055.546875,"[0.25, 0.28125, 0.3125, 0.28125, 0.125, 0.09375, 0.171875, 0.4375, 0.25, 0.25, 0.28125, 0.46875, 0.234375, 0.25, 0.25, 0.3125, 0.34375, 0.296875, 0.34375, 0.125, 0.0859375]","[0.15625, 0.171875, 0.1875, 0.34375, 0.0625, 0.078125, 0.171875, 0.21875, 0.15625, 0.21875, 0.3125, 0.25, 0.1484375, 0.25, 0.125, 0.1875, 0.203125, 0.328125, 0.1875, 0.0625, 0.0859375]",[85],0.3769575532708479,0.42489528121644277
816,6075.234375,"[0.25, 0.28125, 0.3125, 0.28125, 0.125, 0.09375, 0.171875, 0.4375, 0.25, 0.25, 0.28125, 0.46875, 0.234375, 0.25, 0.25, 0.3125, 0.34375, 0.296875, 0.34375, 0.125, 0.0859375]","[0.15625, 0.171875, 0.1875, 0.34375, 0.0625, 0.078125, 0.171875, 0.21875, 0.15625, 0.21875, 0.3125, 0.25, 0.1484375, 0.25, 0.125, 0.1875, 0.203125, 0.328125, 0.1875, 0.0625, 0.0859375]",[85],0.3769575532708479,0.42489528121644277
817,6094.921875,"[0.25, 0.28125, 0.3125, 0.21875, 0.125, 0.09375, 0.171875, 0.4375, 0.25, 0.25, 0.28125, 0.46875, 0.234375, 0.25, 0.3125, 0.3125, 0.34375, 0.296875, 0.34375, 0.125, 0.0859375]","[0.15625, 0.171875, 0.1875, 0.28125, 0.0625, 0.078125, 0.171875, 0.21875, 0.15625, 0.21875, 0.3125, 0.25, 0.1484375, 0.25, 0.15625, 0.1875, 0.203125, 0.328125, 0.1875, 0.0625, 0.0859375]",[86],0.38060940125041565,0.39662951401020957
818,6094.921875,"[0.25, 0.28125, 0.3125, 0.21875, 0.125, 0.09375, 0.109375, 0.4375, 0.25, 0.25, 0.28125, 0.46875, 0.234375, 0.25, 0.3125, 0.3125, 0.34375, 0.359375, 0.34375, 0.125, 0.0859375]","[0.15625, 0.171875, 0.1875, 0.28125, 0.0625, 0.078125, 0.109375, 0.21875, 0.15625, 0.21875, 0.3125, 0.25, 0.1484375, 0.25, 0.15625, 0.1875, 0.203125, 0.390625, 0.1875, 0.0625, 0.0859375]",[88],0.4018241312237659,0.4422175783214444
819,6094.921875,"[0.25, 0.28125, 0.3125, 0.21875, 0.125, 0.09375, 0.171875, 0.3125, 0.25, 0.25, 0.28125, 0.46875, 0.234375, 0.25, 0.3125, 0.3125, 0.34375, 0.359375, 0.34375, 0.125, 0.0859375]","[0.15625, 0.171875, 0.1875, 0.28125, 0.0625, 0.078125, 0.171875, 0.15625, 0.15625, 0.21875, 0.3125, 0.25, 0.1484375, 0.25, 0.15625, 0.1875, 0.203125, 0.390625, 0.1875, 0.0625, 0.0859375]",[43],0.36521720725809237,0.43285309009715955
820,6055.546875,"[0.25, 0.28125, 0.3125, 0.21875, 0.125, 0.09375, 0.171875, 0.3125, 0.25, 0.3125, 0.28125, 0.46875, 0.234375, 0.25, 0.3125, 0.3125, 0.34375, 0.359375, 0.34375, 0.125, 0.0859375]","[0.15625, 0.171875, 0.1875, 0.28125, 0.0625, 0.078125, 0.171875, 0.15625, 0.15625, 0.28125, 0.3125, 0.25, 0.1484375, 0.25, 0.15625, 0.1875, 0.203125, 0.390625, 0.1875, 0.0625, 0.0859375]",[89],0.36388759148265715,0.43851450779304163
821,6075.390625,"[0.25, 0.28125, 0.3125, 0.21875, 0.125, 0.109375, 0.171875, 0.3125, 0.25, 0.3125, 0.28125, 0.46875, 0.234375, 0.25, 0.3125, 0.3125, 0.34375, 0.359375, 0.34375, 0.125, 0.0859375]","[0.15625, 0.171875, 0.1875, 0.28125, 0.0625, 0.0859375, 0.171875, 0.15625, 0.15625, 0.28125, 0.3125, 0.25, 0.1484375, 0.25, 0.15625, 0.1875, 0.203125, 0.390625, 0.1875, 0.0625, 0.0859375]",[93],0.358019841290481,0.43509416301884507
822,6114.765625,"[0.25, 0.28125, 0.3125, 0.21875, 0.125, 0.109375, 0.171875, 0.3125, 0.25, 0.3125, 0.28125, 0.46875, 0.234375, 0.25, 0.3125, 0.3125, 0.40625, 0.359375, 0.34375, 0.125, 0.0859375]","[0.15625, 0.171875, 0.1875, 0.28125, 0.0625, 0.0859375, 0.171875, 0.15625, 0.15625, 0.28125, 0.3125, 0.25, 0.1484375, 0.25, 0.15625, 0.1875, 0.234375, 0.390625, 0.1875, 0.0625, 0.0859375]",[94],0.36750073081521784,0.43456232631589486
823,6194.140625,"[0.25, 0.28125, 0.3125, 0.21875, 0.125, 0.078125, 0.171875, 0.3125, 0.25, 0.3125, 0.28125, 0.46875, 0.234375, 0.25, 0.3125, 0.3125, 0.40625, 0.359375, 0.34375, 0.125, 0.0859375]","[0.15625, 0.171875, 0.1875, 0.28125, 0.0625, 0.0546875, 0.171875, 0.15625, 0.15625, 0.28125, 0.3125, 0.25, 0.1484375, 0.25, 0.15625, 0.1875, 0.234375, 0.390625, 0.1875, 0.0625, 0.0859375]",[34],0.37938240463364675,0.4492475382813988
824,6232.578125,"[0.25, 0.28125, 0.3125, 0.21875, 0.125, 0.078125, 0.171875, 0.3125, 0.5, 0.3125, 0.28125, 0.46875, 0.234375, 0.25, 0.3125, 0.3125, 0.40625, 0.359375, 0.34375, 0.125, 0.0859375]","[0.15625, 0.171875, 0.1875, 0.28125, 0.0625, 0.0546875, 0.171875, 0.15625, 0.28125, 0.28125, 0.3125, 0.25, 0.1484375, 0.25, 0.15625, 0.1875, 0.234375, 0.390625, 0.1875, 0.0625, 0.0859375]",[94],0.4073188544297395,0.4454877480966154
825,6271.953125,"[0.3125, 0.28125, 0.3125, 0.21875, 0.125, 0.078125, 0.171875, 0.3125, 0.5, 0.3125, 0.28125, 0.46875, 0.234375, 0.25, 0.3125, 0.3125, 0.40625, 0.359375, 0.34375, 0.125, 0.0859375]","[0.21875, 0.171875, 0.1875, 0.28125, 0.0625, 0.0546875, 0.171875, 0.15625, 0.28125, 0.28125, 0.3125, 0.25, 0.1484375, 0.25, 0.15625, 0.1875, 0.234375, 0.390625, 0.1875, 0.0625, 0.0859375]",[95],0.40354412787523414,0.43738025682449244
826,6291.796875,"[0.3125, 0.28125, 0.3125, 0.21875, 0.125, 0.078125, 0.171875, 0.3125, 0.5, 0.3125, 0.28125, 0.46875, 0.234375, 0.25, 0.3125, 0.3125, 0.40625, 0.359375, 0.34375, 0.125, 0.0859375]","[0.21875, 0.171875, 0.1875, 0.28125, 0.0625, 0.0546875, 0.171875, 0.15625, 0.28125, 0.28125, 0.3125, 0.25, 0.1484375, 0.25, 0.15625, 0.1875, 0.234375, 0.390625, 0.1875, 0.0625, 0.0859375]",[95],0.40354412787523414,0.43738025682449244
827,6311.640625,"[0.3125, 0.28125, 0.3125, 0.1875, 0.125, 0.078125, 0.171875, 0.3125, 0.5, 0.3125, 0.28125, 0.46875, 0.234375, 0.25, 0.3125, 0.3125, 0.40625, 0.359375, 0.3125, 0.125, 0.0859375]","[0.21875, 0.171875, 0.1875, 0.21875, 0.0625, 0.0546875, 0.171875, 0.15625, 0.28125, 0.28125, 0.3125, 0.25, 0.1484375, 0.25, 0.15625, 0.1875, 0.234375, 0.390625, 0.171875, 0.0625, 0.0859375]",[18],0.4088429714644005,0.4365342003787123
828,6271.953125,"[0.3125, 0.28125, 0.3125, 0.1875, 0.125, 0.078125, 0.171875, 0.3125, 0.5, 0.3125, 0.28125, 0.46875, 0.203125, 0.25, 0.3125, 0.3125, 0.40625, 0.359375, 0.3125, 0.125, 0.0859375]","[0.21875, 0.171875, 0.1875, 0.21875, 0.0625, 0.0546875, 0.171875, 0.15625, 0.28125, 0.28125, 0.3125, 0.25, 0.1171875, 0.25, 0.15625, 0.1875, 0.234375, 0.390625, 0.171875, 0.0625, 0.0859375]",[18],0.41371209857319596,0.4453761142204499
829,6311.640625,"[0.3125, 0.28125, 0.3125, 0.1875, 0.125, 0.078125, 0.171875, 0.3125, 0.5, 0.3125, 0.28125, 0.46875, 0.171875, 0.25, 0.3125, 0.3125, 0.40625, 0.359375, 0.3125, 0.125, 0.0859375]","[0.21875, 0.171875, 0.1875, 0.21875, 0.0625, 0.0546875, 0.171875, 0.15625, 0.28125, 0.28125, 0.3125, 0.25, 0.1015625, 0.25, 0.15625, 0.1875, 0.234375, 0.390625, 0.171875, 0.0625, 0.0859375]",[18],0.42006190220930895,0.45083635912109166
830,6152.890625,"[0.3125, 0.28125, 0.3125, 0.1875, 0.125, 0.078125, 0.171875, 0.3125, 0.5, 0.3125, 0.28125, 0.46875, 0.171875, 0.25, 0.3125, 0.3125, 0.40625, 0.359375, 0.3125, 0.125, 0.0859375]","[0.21875, 0.171875, 0.1875, 0.21875, 0.0625, 0.0546875, 0.171875, 0.15625, 0.28125, 0.28125, 0.3125, 0.25, 0.1015625, 0.25, 0.15625, 0.1875, 0.234375, 0.390625, 0.171875, 0.0625, 0.0859375]",[18],0.42006190220930895,0.45083635912109166
831,6133.125,"[0.3125, 0.28125, 0.3125, 0.1875, 0.125, 0.078125, 0.171875, 0.3125, 0.5, 0.3125, 0.28125, 0.46875, 0.171875, 0.25, 0.3125, 0.3125, 0.40625, 0.359375, 0.3125, 0.125, 0.0859375]","[0.21875, 0.171875, 0.1875, 0.21875, 0.0625, 0.0546875, 0.171875, 0.15625, 0.28125, 0.28125, 0.3125, 0.25, 0.1015625, 0.25, 0.15625, 0.1875, 0.234375, 0.390625, 0.171875, 0.0625, 0.0859375]",[18],0.42006190220930895,0.45083635912109166
832,6152.890625,"[0.3125, 0.28125, 0.3125, 0.1875, 0.125, 0.078125, 0.171875, 0.3125, 0.5, 0.3125, 0.28125, 0.46875, 0.171875, 0.25, 0.3125, 0.3125, 0.40625, 0.359375, 0.3125, 0.125, 0.0859375]","[0.21875, 0.171875, 0.1875, 0.21875, 0.0625, 0.0546875, 0.171875, 0.15625, 0.28125, 0.28125, 0.3125, 0.25, 0.1015625, 0.25, 0.15625, 0.1875, 0.234375, 0.390625, 0.171875, 0.0625, 0.0859375]",[18],0.42006190220930895,0.45083635912109166
833,6192.578125,"[0.3125, 0.28125, 0.3125, 0.1875, 0.125, 0.078125, 0.171875, 0.3125, 0.5, 0.3125, 0.28125, 0.46875, 0.171875, 0.25, 0.3125, 0.3125, 0.40625, 0.359375, 0.3125, 0.125, 0.0859375]","[0.21875, 0.171875, 0.1875, 0.21875, 0.0625, 0.0546875, 0.171875, 0.15625, 0.28125, 0.28125, 0.3125, 0.25, 0.1015625, 0.25, 0.15625, 0.1875, 0.234375, 0.390625, 0.171875, 0.0625, 0.0859375]",[18],0.42006190220930895,0.45083635912109166
834,6272.578125,"[0.3125, 0.28125, 0.3125, 0.1875, 0.125, 0.078125, 0.171875, 0.3125, 0.5, 0.3125, 0.28125, 0.46875, 0.046875, 0.25, 0.3125, 0.3125, 0.40625, 0.359375, 0.3125, 0.125, 0.078125]","[0.21875, 0.171875, 0.1875, 0.21875, 0.0625, 0.0546875, 0.171875, 0.15625, 0.28125, 0.28125, 0.3125, 0.25, 0.0390625, 0.25, 0.15625, 0.1875, 0.234375, 0.390625, 0.171875, 0.0625, 0.078125]",[3],0.4625211437019445,0.4826692208123248
835,5974.21875,"[0.3125, 0.28125, 0.3125, 0.1875, 0.125, 0.078125, 0.171875, 0.3125, 0.5, 0.3125, 0.28125, 0.46875, 0.046875, 0.2421875, 0.3125, 0.3125, 0.40625, 0.359375, 0.3125, 0.125, 0.078125]","[0.21875, 0.171875, 0.1875, 0.21875, 0.0625, 0.0546875, 0.171875, 0.15625, 0.28125, 0.28125, 0.3125, 0.25, 0.0390625, 0.2421875, 0.15625, 0.1875, 0.234375, 0.390625, 0.171875, 0.0625, 0.078125]",[3],0.46337961519618776,0.48233582748093917
836,5934.53125,"[0.3125, 0.28125, 0.3125, 0.1875, 0.125, 0.078125, 0.171875, 0.3125, 0.5, 0.3125, 0.28125, 0.46875, 0.046875, 0.25, 0.3125, 0.3125, 0.40625, 0.359375, 0.3125, 0.125, 0.078125]","[0.21875, 0.171875, 0.1875, 0.21875, 0.0625, 0.0546875, 0.171875, 0.15625, 0.28125, 0.28125, 0.3125, 0.25, 0.0390625, 0.25, 0.15625, 0.1875, 0.234375, 0.390625, 0.171875, 0.0625, 0.078125]",[11],0.4625211437019445,0.4826692208123248
837,5974.375,"[0.3125, 0.28125, 0.3125, 0.1875, 0.125, 0.078125, 0.1875, 0.3125, 0.5, 0.3125, 0.28125, 0.46875, 0.046875, 0.25, 0.3125, 0.3125, 0.40625, 0.359375, 0.3125, 0.125, 0.078125]","[0.21875, 0.171875, 0.1875, 0.21875, 0.0625, 0.0546875, 0.1875, 0.15625, 0.28125, 0.28125, 0.3125, 0.25, 0.0390625, 0.25, 0.15625, 0.1875, 0.234375, 0.390625, 0.171875, 0.0625, 0.078125]",[18],0.4592675153714007,0.4804038488162587
838,6053.75,"[0.3125, 0.28125, 0.3125, 0.1875, 0.125, 0.078125, 0.1875, 0.3125, 0.5, 0.3125, 0.28125, 0.46875, 0.046875, 0.25, 0.3125, 0.3125, 0.40625, 0.359375, 0.3125, 0.125, 0.078125]","[0.21875, 0.171875, 0.1875, 0.21875, 0.0625, 0.0546875, 0.1875, 0.15625, 0.28125, 0.28125, 0.3125, 0.25, 0.0390625, 0.25, 0.15625, 0.1875, 0.234375, 0.390625, 0.171875, 0.0625, 0.078125]",[18],0.4592675153714007,0.4804038488162587
839,6133.125,"[0.3125, 0.28125, 0.3125, 0.15625, 0.125, 0.203125, 0.1875, 0.3125, 0.5, 0.3125, 0.28125, 0.46875, 0.046875, 0.25, 0.3125, 0.3125, 0.40625, 0.359375, 0.3125, 0.125, 0.078125]","[0.21875, 0.171875, 0.1875, 0.15625, 0.0625, 0.1171875, 0.1875, 0.15625, 0.28125, 0.28125, 0.3125, 0.25, 0.0390625, 0.25, 0.15625, 0.1875, 0.234375, 0.390625, 0.171875, 0.0625, 0.078125]",[24],0.43260056587521445,0.4623069943599892
840,6133.125,"[0.3125, 0.28125, 0.3125, 0.15625, 0.125, 0.203125, 0.1875, 0.3125, 0.5, 0.3125, 0.28125, 0.46875, 0.046875, 0.25, 0.3125, 0.3125, 0.40625, 0.359375, 0.3125, 0.125, 0.078125]","[0.21875, 0.171875, 0.1875, 0.15625, 0.0625, 0.1171875, 0.1875, 0.15625, 0.28125, 0.28125, 0.3125, 0.25, 0.0390625, 0.25, 0.15625, 0.1875, 0.234375, 0.390625, 0.171875, 0.0625, 0.078125]",[24],0.43260056587521445,0.4623069943599892
841,6113.28125,"[0.3125, 0.28125, 0.3125, 0.15625, 0.125, 0.203125, 0.1875, 0.3125, 0.5, 0.3125, 0.28125, 0.46875, 0.046875, 0.25, 0.3125, 0.3125, 0.40625, 0.359375, 0.3125, 0.140625, 0.078125]","[0.21875, 0.171875, 0.1875, 0.15625, 0.0625, 0.1171875, 0.1875, 0.15625, 0.28125, 0.28125, 0.3125, 0.25, 0.0390625, 0.25, 0.15625, 0.1875, 0.234375, 0.390625, 0.171875, 0.0703125, 0.078125]",[25],0.4281597965946651,0.45862123628509865
842,6153.125,"[0.3125, 0.28125, 0.3125, 0.15625, 0.125, 0.203125, 0.1875, 0.3125, 0.5, 0.3125, 0.28125, 0.46875, 0.046875, 0.25, 0.3125, 0.3125, 0.40625, 0.359375, 0.3125, 0.140625, 0.09375]","[0.21875, 0.171875, 0.1875, 0.15625, 0.0625, 0.1171875, 0.1875, 0.15625, 0.28125, 0.28125, 0.3125, 0.25, 0.0390625, 0.25, 0.15625, 0.1875, 0.234375, 0.390625, 0.171875, 0.0703125, 0.09375]",[33],0.42257712736425834,0.4521140518953991
843,6232.5,"[0.3125, 0.28125, 0.3125, 0.21875, 0.125, 0.203125, 0.1875, 0.3125, 0.5, 0.3125, 0.28125, 0.46875, 0.046875, 0.25, 0.3125, 0.3125, 0.40625, 0.359375, 0.3125, 0.140625, 0.09375]","[0.21875, 0.171875, 0.1875, 0.21875, 0.0625, 0.1171875, 0.1875, 0.15625, 0.28125, 0.28125, 0.3125, 0.25, 0.0390625, 0.25, 0.15625, 0.1875, 0.234375, 0.390625, 0.171875, 0.0703125, 0.09375]",[35],0.4098489163283232,0.4445125095400663
844,6391.875,"[0.3125, 0.28125, 0.3125, 0.21875, 0.125, 0.203125, 0.25, 0.3125, 0.5, 0.3125, 0.28125, 0.46875, 0.046875, 0.25, 0.3125, 0.3125, 0.40625, 0.359375, 0.3125, 0.140625, 0.09375]","[0.21875, 0.171875, 0.1875, 0.21875, 0.0625, 0.1171875, 0.25, 0.15625, 0.28125, 0.28125, 0.3125, 0.25, 0.0390625, 0.25, 0.15625, 0.1875, 0.234375, 0.390625, 0.171875, 0.0703125, 0.09375]",[56],0.39998699250442715,0.44215920425200006
845,6431.25,"[0.3125, 0.28125, 0.3125, 0.21875, 0.125, 0.203125, 0.25, 0.0625, 0.5, 0.375, 0.28125, 0.46875, 0.046875, 0.25, 0.3125, 0.3125, 0.40625, 0.359375, 0.3125, 0.140625, 0.09375]","[0.21875, 0.171875, 0.1875, 0.21875, 0.0625, 0.1171875, 0.25, 0.03125, 0.28125, 0.34375, 0.3125, 0.25, 0.0390625, 0.25, 0.15625, 0.1875, 0.234375, 0.390625, 0.171875, 0.0703125, 0.09375]",[65],0.4526669939452262,0.5028939145410165
846,6293.59375,"[0.3125, 0.28125, 0.3125, 0.21875, 0.125, 0.21875, 0.25, 0.0625, 0.5, 0.375, 0.28125, 0.46875, 0.046875, 0.25, 0.3125, 0.3125, 0.40625, 0.359375, 0.3125, 0.140625, 0.09375]","[0.21875, 0.171875, 0.1875, 0.21875, 0.0625, 0.125, 0.25, 0.03125, 0.28125, 0.34375, 0.3125, 0.25, 0.0390625, 0.25, 0.15625, 0.1875, 0.234375, 0.390625, 0.171875, 0.0703125, 0.09375]",[95],0.450102278533819,0.5004954239696785
847,6332.96875,"[0.3125, 0.21875, 0.3125, 0.21875, 0.125, 0.21875, 0.25, 0.125, 0.5, 0.375, 0.28125, 0.46875, 0.046875, 0.25, 0.3125, 0.3125, 0.40625, 0.359375, 0.3125, 0.140625, 0.09375]","[0.21875, 0.109375, 0.1875, 0.21875, 0.0625, 0.125, 0.25, 0.0625, 0.28125, 0.34375, 0.3125, 0.25, 0.0390625, 0.25, 0.15625, 0.1875, 0.234375, 0.390625, 0.171875, 0.0703125, 0.09375]",[5],0.43554657119326506,0.5009567070828275
848,6373.28125,"[0.3125, 0.21875, 0.3125, 0.21875, 0.125, 0.21875, 0.25, 0.125, 0.5, 0.375, 0.28125, 0.46875, 0.046875, 0.25, 0.3125, 0.3125, 0.40625, 0.359375, 0.3125, 0.140625, 0.125]","[0.21875, 0.109375, 0.1875, 0.21875, 0.0625, 0.125, 0.25, 0.0625, 0.28125, 0.34375, 0.3125, 0.25, 0.0390625, 0.25, 0.15625, 0.1875, 0.234375, 0.390625, 0.171875, 0.0703125, 0.125]",[97],0.4255462773100701,0.49038549088152966
849,6532.03125,"[0.3125, 0.21875, 0.3125, 0.21875, 0.125, 0.21875, 0.25, 0.125, 0.5, 0.375, 0.28125, 0.46875, 0.046875, 0.25, 0.3125, 0.3125, 0.40625, 0.359375, 0.3125, 0.140625, 0.125]","[0.21875, 0.109375, 0.1875, 0.21875, 0.0625, 0.125, 0.25, 0.0625, 0.28125, 0.34375, 0.3125, 0.25, 0.0390625, 0.25, 0.15625, 0.1875, 0.234375, 0.390625, 0.171875, 0.0703125, 0.125]",[97],0.4255462773100701,0.49038549088152966
850,6412.65625,"[0.375, 0.21875, 0.3125, 0.21875, 0.125, 0.21875, 0.1875, 0.125, 0.5, 0.375, 0.28125, 0.46875, 0.046875, 0.25, 0.3125, 0.3125, 0.40625, 0.359375, 0.3125, 0.140625, 0.125]","[0.28125, 0.109375, 0.1875, 0.21875, 0.0625, 0.125, 0.1875, 0.0625, 0.28125, 0.34375, 0.3125, 0.25, 0.0390625, 0.25, 0.15625, 0.1875, 0.234375, 0.390625, 0.171875, 0.0703125, 0.125]",[35],0.4373663244153321,0.4954662446028524
851,6273.125,"[0.375, 0.21875, 0.3125, 0.21875, 0.125, 0.21875, 0.1875, 0.125, 0.5, 0.375, 0.28125, 0.46875, 0.046875, 0.25, 0.3125, 0.3125, 0.40625, 0.359375, 0.3125, 0.140625, 0.125]","[0.28125, 0.109375, 0.1875, 0.21875, 0.0625, 0.125, 0.1875, 0.0625, 0.28125, 0.34375, 0.3125, 0.25, 0.0390625, 0.25, 0.15625, 0.1875, 0.234375, 0.390625, 0.171875, 0.0703125, 0.125]",[35],0.4373663244153321,0.4954662446028524
852,6292.96875,"[0.375, 0.21875, 0.3125, 0.21875, 0.125, 0.21875, 0.1875, 0.125, 0.5, 0.375, 0.28125, 0.46875, 0.046875, 0.25, 0.3125, 0.3125, 0.40625, 0.359375, 0.3125, 0.140625, 0.125]","[0.28125, 0.109375, 0.1875, 0.21875, 0.0625, 0.125, 0.1875, 0.0625, 0.28125, 0.34375, 0.3125, 0.25, 0.0390625, 0.25, 0.15625, 0.1875, 0.234375, 0.390625, 0.171875, 0.0703125, 0.125]",[35],0.4373663244153321,0.4954662446028524
853,6332.65625,"[0.375, 0.21875, 0.3125, 0.21875, 0.125, 0.21875, 0.1875, 0.125, 0.5, 0.375, 0.28125, 0.46875, 0.109375, 0.25, 0.3125, 0.3125, 0.40625, 0.359375, 0.3125, 0.140625, 0.125]","[0.28125, 0.109375, 0.1875, 0.21875, 0.0625, 0.125, 0.1875, 0.0625, 0.28125, 0.34375, 0.3125, 0.25, 0.0703125, 0.25, 0.15625, 0.1875, 0.234375, 0.390625, 0.171875, 0.0703125, 0.125]",[98],0.4143660795685467,0.48040385382883233
854,6491.40625,"[0.375, 0.21875, 0.3125, 0.21875, 0.125, 0.21875, 0.1875, 0.125, 0.5, 0.375, 0.34375, 0.46875, 0.109375, 0.25, 0.3125, 0.3125, 0.40625, 0.359375, 0.3125, 0.140625, 0.125]","[0.28125, 0.109375, 0.1875, 0.21875, 0.0625, 0.125, 0.1875, 0.0625, 0.28125, 0.34375, 0.375, 0.25, 0.0703125, 0.25, 0.15625, 0.1875, 0.234375, 0.390625, 0.171875, 0.0703125, 0.125]",[61],0.41349852522299624,0.49653122140202294
855,6451.71875,"[0.375, 0.21875, 0.3125, 0.21875, 0.0625, 0.25, 0.1875, 0.125, 0.5, 0.375, 0.34375, 0.46875, 0.109375, 0.25, 0.3125, 0.3125, 0.40625, 0.359375, 0.3125, 0.140625, 0.125]","[0.28125, 0.109375, 0.1875, 0.21875, 0.03125, 0.15625, 0.1875, 0.0625, 0.28125, 0.34375, 0.375, 0.25, 0.0703125, 0.25, 0.15625, 0.1875, 0.234375, 0.390625, 0.171875, 0.0703125, 0.125]",[16],0.43076645850887646,0.5037064473671738
856,6392.03125,"[0.375, 0.21875, 0.3125, 0.21875, 0.0625, 0.25, 0.1875, 0.125, 0.5, 0.40625, 0.34375, 0.46875, 0.109375, 0.25, 0.3125, 0.3125, 0.40625, 0.359375, 0.3125, 0.140625, 0.125]","[0.28125, 0.109375, 0.1875, 0.21875, 0.03125, 0.15625, 0.1875, 0.0625, 0.28125, 0.359375, 0.375, 0.25, 0.0703125, 0.25, 0.15625, 0.1875, 0.234375, 0.390625, 0.171875, 0.0703125, 0.125]",[99],0.43366918498997165,0.5076092929621593
857,6431.71875,"[0.375, 0.21875, 0.3125, 0.21875, 0.0625, 0.25, 0.171875, 0.125, 0.5, 0.40625, 0.34375, 0.46875, 0.109375, 0.25, 0.3125, 0.3125, 0.40625, 0.359375, 0.3125, 0.140625, 0.1171875]","[0.28125, 0.109375, 0.1875, 0.21875, 0.03125, 0.15625, 0.171875, 0.0625, 0.28125, 0.359375, 0.375, 0.25, 0.0703125, 0.25, 0.15625, 0.1875, 0.234375, 0.390625, 0.171875, 0.0703125, 0.1171875]",[23],0.43932316910358327,0.5125837074046623
858,6411.015625,"[0.375, 0.21875, 0.3125, 0.21875, 0.0625, 0.234375, 0.171875, 0.25, 0.5, 0.40625, 0.34375, 0.46875, 0.109375, 0.25, 0.3125, 0.3125, 0.40625, 0.359375, 0.3125, 0.140625, 0.1171875]","[0.28125, 0.109375, 0.1875, 0.21875, 0.03125, 0.1484375, 0.171875, 0.125, 0.28125, 0.359375, 0.375, 0.25, 0.0703125, 0.25, 0.15625, 0.1875, 0.234375, 0.390625, 0.171875, 0.0703125, 0.1171875]",[40],0.4158212456688606,0.49107936638138483
859,6549.921875,"[0.375, 0.21875, 0.3125, 0.21875, 0.0625, 0.234375, 0.171875, 0.25, 0.5, 0.34375, 0.34375, 0.46875, 0.109375, 0.25, 0.3125, 0.3125, 0.40625, 0.359375, 0.3125, 0.265625, 0.1171875]","[0.28125, 0.109375, 0.1875, 0.21875, 0.03125, 0.1484375, 0.171875, 0.125, 0.28125, 0.296875, 0.375, 0.25, 0.0703125, 0.25, 0.15625, 0.1875, 0.234375, 0.390625, 0.171875, 0.1328125, 0.1171875]",[15],0.38819756561488084,0.4552391727306705
860,6550.390625,"[0.34375, 0.21875, 0.3125, 0.21875, 0.0625, 0.234375, 0.1875, 0.25, 0.5, 0.34375, 0.34375, 0.46875, 0.109375, 0.25, 0.3125, 0.3125, 0.40625, 0.359375, 0.3125, 0.265625, 0.1171875]","[0.265625, 0.109375, 0.1875, 0.21875, 0.03125, 0.1484375, 0.203125, 0.125, 0.28125, 0.296875, 0.375, 0.25, 0.0703125, 0.25, 0.15625, 0.1875, 0.234375, 0.390625, 0.171875, 0.1328125, 0.1171875]",[20],0.3830255027786306,0.4495067923007833
861,6550.390625,"[0.34375, 0.21875, 0.3125, 0.21875, 0.0625, 0.234375, 0.1875, 0.28125, 0.5, 0.34375, 0.34375, 0.46875, 0.109375, 0.25, 0.3125, 0.3125, 0.40625, 0.359375, 0.3125, 0.265625, 0.1171875]","[0.265625, 0.109375, 0.1875, 0.21875, 0.03125, 0.1484375, 0.203125, 0.140625, 0.28125, 0.296875, 0.375, 0.25, 0.0703125, 0.25, 0.15625, 0.1875, 0.234375, 0.390625, 0.171875, 0.1328125, 0.1171875]",[65],0.3801690135239485,0.4450458893433341
862,6590.234375,"[0.34375, 0.09375, 0.3125, 0.21875, 0.0625, 0.21875, 0.1875, 0.28125, 0.5, 0.34375, 0.34375, 0.46875, 0.109375, 0.265625, 0.3125, 0.3125, 0.40625, 0.359375, 0.3125, 0.265625, 0.1171875]","[0.265625, 0.046875, 0.1875, 0.21875, 0.03125, 0.140625, 0.203125, 0.140625, 0.28125, 0.296875, 0.375, 0.25, 0.0703125, 0.265625, 0.15625, 0.1875, 0.234375, 0.390625, 0.171875, 0.1328125, 0.1171875]",[54],0.4130368009444507,0.4742747637958683
863,6571.328125,"[0.34375, 0.09375, 0.3125, 0.21875, 0.0625, 0.21875, 0.1875, 0.28125, 0.5, 0.34375, 0.34375, 0.46875, 0.109375, 0.265625, 0.3125, 0.3125, 0.40625, 0.359375, 0.3125, 0.265625, 0.1484375]","[0.265625, 0.046875, 0.1875, 0.21875, 0.03125, 0.140625, 0.203125, 0.140625, 0.28125, 0.296875, 0.375, 0.25, 0.0703125, 0.265625, 0.15625, 0.1875, 0.234375, 0.390625, 0.171875, 0.1328125, 0.1484375]",[87],0.40401319402420105,0.46546740433392614
864,6730.078125,"[0.34375, 0.09375, 0.3125, 0.34375, 0.0625, 0.21875, 0.1875, 0.28125, 0.5, 0.34375, 0.34375, 0.46875, 0.109375, 0.265625, 0.3125, 0.3125, 0.40625, 0.359375, 0.3125, 0.265625, 0.1484375]","[0.265625, 0.046875, 0.1875, 0.34375, 0.03125, 0.140625, 0.203125, 0.140625, 0.28125, 0.296875, 0.375, 0.25, 0.0703125, 0.265625, 0.15625, 0.1875, 0.234375, 0.390625, 0.171875, 0.1328125, 0.1484375]",[99],0.39537896703116715,0.475797367133242
865,6769.453125,"[0.34375, 0.09375, 0.3125, 0.34375, 0.0625, 0.21875, 0.1875, 0.28125, 0.5, 0.34375, 0.34375, 0.46875, 0.109375, 0.265625, 0.375, 0.3125, 0.40625, 0.359375, 0.3125, 0.265625, 0.1484375]","[0.265625, 0.046875, 0.1875, 0.34375, 0.03125, 0.140625, 0.203125, 0.140625, 0.28125, 0.296875, 0.375, 0.25, 0.0703125, 0.265625, 0.21875, 0.1875, 0.234375, 0.390625, 0.171875, 0.1328125, 0.1484375]",[100],0.3964714292010669,0.46613105523723863
866,6789.296875,"[0.34375, 0.09375, 0.3125, 0.34375, 0.0625, 0.21875, 0.1875, 0.21875, 0.5, 0.34375, 0.34375, 0.484375, 0.109375, 0.265625, 0.375, 0.3125, 0.40625, 0.359375, 0.3125, 0.265625, 0.1484375]","[0.265625, 0.046875, 0.1875, 0.34375, 0.03125, 0.140625, 0.203125, 0.109375, 0.28125, 0.296875, 0.375, 0.2578125, 0.0703125, 0.265625, 0.21875, 0.1875, 0.234375, 0.390625, 0.171875, 0.1328125, 0.1484375]",[95],0.407186180302334,0.4755557932794834
867,6789.609375,"[0.34375, 0.09375, 0.3125, 0.34375, 0.0625, 0.21875, 0.1875, 0.21875, 0.5, 0.34375, 0.34375, 0.484375, 0.140625, 0.265625, 0.375, 0.3125, 0.40625, 0.359375, 0.3125, 0.265625, 0.1484375]","[0.265625, 0.046875, 0.1875, 0.34375, 0.03125, 0.140625, 0.203125, 0.109375, 0.28125, 0.296875, 0.375, 0.2578125, 0.0859375, 0.265625, 0.21875, 0.1875, 0.234375, 0.390625, 0.171875, 0.1328125, 0.1484375]",[101],0.397825491717404,0.46913674521858306
868,6869.296875,"[0.34375, 0.09375, 0.3125, 0.34375, 0.0625, 0.21875, 0.1875, 0.21875, 0.5, 0.34375, 0.34375, 0.484375, 0.140625, 0.265625, 0.375, 0.3125, 0.40625, 0.359375, 0.3125, 0.265625, 0.1484375]","[0.265625, 0.046875, 0.1875, 0.34375, 0.03125, 0.140625, 0.203125, 0.109375, 0.28125, 0.296875, 0.375, 0.2578125, 0.0859375, 0.265625, 0.21875, 0.1875, 0.234375, 0.390625, 0.171875, 0.1328125, 0.1484375]",[101],0.397825491717404,0.46913674521858306
869,6947.109375,"[0.34375, 0.34375, 0.3125, 0.34375, 0.0625, 0.21875, 0.1875, 0.21875, 0.5, 0.34375, 0.3125, 0.484375, 0.140625, 0.265625, 0.375, 0.3125, 0.40625, 0.34375, 0.3125, 0.265625, 0.1484375]","[0.265625, 0.171875, 0.1875, 0.34375, 0.03125, 0.140625, 0.203125, 0.109375, 0.28125, 0.296875, 0.3125, 0.2578125, 0.0859375, 0.265625, 0.21875, 0.1875, 0.234375, 0.375, 0.171875, 0.1328125, 0.1484375]",[21],0.35508275429837693,0.4058684992973979
870,6927.265625,"[0.34375, 0.34375, 0.3125, 0.21875, 0.0625, 0.21875, 0.1875, 0.21875, 0.5, 0.34375, 0.3125, 0.484375, 0.140625, 0.265625, 0.375, 0.3125, 0.40625, 0.34375, 0.3125, 0.265625, 0.1484375]","[0.265625, 0.171875, 0.1875, 0.21875, 0.03125, 0.140625, 0.203125, 0.109375, 0.28125, 0.296875, 0.3125, 0.2578125, 0.0859375, 0.265625, 0.21875, 0.1875, 0.234375, 0.375, 0.171875, 0.1328125, 0.1484375]",[21],0.3648507542411467,0.3918002527009508
871,6748.671875,"[0.34375, 0.34375, 0.3125, 0.21875, 0.0625, 0.21875, 0.1875, 0.21875, 0.5, 0.34375, 0.3125, 0.484375, 0.140625, 0.265625, 0.375, 0.3125, 0.40625, 0.34375, 0.3125, 0.265625, 0.1484375]","[0.265625, 0.171875, 0.1875, 0.21875, 0.03125, 0.140625, 0.203125, 0.109375, 0.28125, 0.296875, 0.3125, 0.2578125, 0.0859375, 0.265625, 0.21875, 0.1875, 0.234375, 0.375, 0.171875, 0.1328125, 0.1484375]",[21],0.3648507542411467,0.3918002527009508
872,6768.515625,"[0.34375, 0.34375, 0.3125, 0.21875, 0.0625, 0.21875, 0.1875, 0.21875, 0.5, 0.34375, 0.3125, 0.484375, 0.140625, 0.265625, 0.375, 0.3125, 0.40625, 0.34375, 0.3125, 0.265625, 0.1484375]","[0.265625, 0.171875, 0.1875, 0.21875, 0.03125, 0.140625, 0.203125, 0.109375, 0.28125, 0.296875, 0.3125, 0.2578125, 0.0859375, 0.265625, 0.21875, 0.1875, 0.234375, 0.375, 0.171875, 0.1328125, 0.1484375]",[21],0.3648507542411467,0.3918002527009508
873,6808.203125,"[0.34375, 0.34375, 0.3125, 0.21875, 0.0625, 0.21875, 0.1875, 0.21875, 0.5, 0.34375, 0.3125, 0.359375, 0.140625, 0.265625, 0.375, 0.3125, 0.40625, 0.3125, 0.3125, 0.265625, 0.1484375]","[0.265625, 0.171875, 0.1875, 0.21875, 0.03125, 0.140625, 0.203125, 0.109375, 0.28125, 0.296875, 0.3125, 0.1953125, 0.0859375, 0.265625, 0.21875, 0.1875, 0.234375, 0.34375, 0.171875, 0.1328125, 0.1484375]",[21],0.34473934363405384,0.3810182240061209
874,6689.765625,"[0.34375, 0.34375, 0.3125, 0.21875, 0.0625, 0.21875, 0.1875, 0.21875, 0.5, 0.34375, 0.3125, 0.359375, 0.140625, 0.265625, 0.375, 0.3125, 0.40625, 0.3125, 0.3125, 0.265625, 0.1484375]","[0.265625, 0.171875, 0.1875, 0.21875, 0.03125, 0.140625, 0.203125, 0.109375, 0.28125, 0.296875, 0.3125, 0.1953125, 0.0859375, 0.265625, 0.21875, 0.1875, 0.234375, 0.34375, 0.171875, 0.1328125, 0.1484375]",[21],0.34473934363405384,0.3810182240061209
875,6570.078125,"[0.34375, 0.34375, 0.3125, 0.21875, 0.0625, 0.21875, 0.1875, 0.21875, 0.5, 0.34375, 0.3125, 0.328125, 0.140625, 0.2578125, 0.375, 0.3125, 0.40625, 0.3125, 0.1875, 0.265625, 0.1484375]","[0.265625, 0.171875, 0.1875, 0.21875, 0.03125, 0.140625, 0.203125, 0.109375, 0.28125, 0.296875, 0.3125, 0.1640625, 0.0859375, 0.2578125, 0.21875, 0.1875, 0.234375, 0.34375, 0.109375, 0.1328125, 0.1484375]",[3],0.35781607707518825,0.40190024822561315
876,6331.875,"[0.34375, 0.34375, 0.3125, 0.21875, 0.0625, 0.21875, 0.1875, 0.21875, 0.5, 0.34375, 0.3125, 0.328125, 0.15625, 0.2578125, 0.375, 0.3125, 0.40625, 0.3125, 0.1875, 0.265625, 0.1484375]","[0.265625, 0.171875, 0.1875, 0.21875, 0.03125, 0.140625, 0.203125, 0.109375, 0.28125, 0.296875, 0.3125, 0.1640625, 0.09375, 0.2578125, 0.21875, 0.1875, 0.234375, 0.34375, 0.109375, 0.1328125, 0.1484375]",[12],0.35335405439277173,0.39856905494687933
877,6371.5625,"[0.34375, 0.34375, 0.3125, 0.21875, 0.0625, 0.21875, 0.1875, 0.21875, 0.5, 0.34375, 0.3125, 0.328125, 0.15625, 0.2578125, 0.375, 0.3125, 0.40625, 0.3125, 0.1875, 0.265625, 0.1484375]","[0.265625, 0.171875, 0.1875, 0.21875, 0.03125, 0.140625, 0.203125, 0.109375, 0.28125, 0.296875, 0.3125, 0.1640625, 0.09375, 0.2578125, 0.21875, 0.1875, 0.234375, 0.34375, 0.109375, 0.1328125, 0.1484375]",[12],0.35335405439277173,0.39856905494687933
878,6410.625,"[0.46875, 0.34375, 0.3125, 0.21875, 0.0625, 0.21875, 0.1875, 0.21875, 0.5, 0.34375, 0.3125, 0.328125, 0.15625, 0.2578125, 0.375, 0.3125, 0.40625, 0.3125, 0.1875, 0.265625, 0.1484375]","[0.328125, 0.171875, 0.1875, 0.21875, 0.03125, 0.140625, 0.203125, 0.109375, 0.28125, 0.296875, 0.3125, 0.1640625, 0.09375, 0.2578125, 0.21875, 0.1875, 0.234375, 0.34375, 0.109375, 0.1328125, 0.1484375]",[21],0.3721475074658157,0.41130348803872196
879,6570.0,"[0.46875, 0.34375, 0.3125, 0.21875, 0.0625, 0.21875, 0.25, 0.21875, 0.5, 0.34375, 0.3125, 0.328125, 0.15625, 0.2578125, 0.375, 0.3125, 0.40625, 0.3125, 0.1875, 0.265625, 0.1484375]","[0.328125, 0.171875, 0.1875, 0.21875, 0.03125, 0.140625, 0.265625, 0.109375, 0.28125, 0.296875, 0.3125, 0.1640625, 0.09375, 0.2578125, 0.21875, 0.1875, 0.234375, 0.34375, 0.109375, 0.1328125, 0.1484375]",[67],0.3617308425804445,0.4113687825644806
880,6609.6875,"[0.46875, 0.34375, 0.3125, 0.21875, 0.0625, 0.21875, 0.25, 0.21875, 0.4375, 0.34375, 0.3125, 0.328125, 0.15625, 0.2578125, 0.375, 0.3125, 0.40625, 0.3125, 0.1875, 0.296875, 0.1484375]","[0.328125, 0.171875, 0.1875, 0.21875, 0.03125, 0.140625, 0.265625, 0.109375, 0.25, 0.296875, 0.3125, 0.1640625, 0.09375, 0.2578125, 0.21875, 0.1875, 0.234375, 0.34375, 0.109375, 0.1640625, 0.1484375]",[4],0.34430304217707536,0.40080663754876794
881,6590.234375,"[0.46875, 0.34375, 0.3125, 0.21875, 0.0625, 0.21875, 0.25, 0.21875, 0.4375, 0.34375, 0.3125, 0.328125, 0.15625, 0.2578125, 0.375, 0.3125, 0.40625, 0.3125, 0.1875, 0.296875, 0.1484375]","[0.328125, 0.171875, 0.1875, 0.21875, 0.03125, 0.140625, 0.265625, 0.109375, 0.25, 0.296875, 0.3125, 0.1640625, 0.09375, 0.2578125, 0.21875, 0.1875, 0.234375, 0.34375, 0.109375, 0.1640625, 0.1484375]",[4],0.34430304217707536,0.40080663754876794
882,6609.6875,"[0.46875, 0.34375, 0.375, 0.21875, 0.0625, 0.21875, 0.25, 0.21875, 0.4375, 0.34375, 0.3125, 0.328125, 0.15625, 0.2578125, 0.375, 0.3125, 0.40625, 0.3125, 0.1875, 0.296875, 0.1484375]","[0.328125, 0.171875, 0.21875, 0.21875, 0.03125, 0.140625, 0.265625, 0.109375, 0.25, 0.296875, 0.3125, 0.1640625, 0.09375, 0.2578125, 0.21875, 0.1875, 0.234375, 0.34375, 0.109375, 0.1640625, 0.1484375]",[69],0.34682627368733493,0.3979377665499641
883,6689.0625,"[0.46875, 0.34375, 0.375, 0.21875, 0.0625, 0.21875, 0.25, 0.21875, 0.4375, 0.34375, 0.3125, 0.328125, 0.15625, 0.2578125, 0.375, 0.3125, 0.40625, 0.3125, 0.1875, 0.296875, 0.1484375]","[0.328125, 0.171875, 0.21875, 0.21875, 0.03125, 0.140625, 0.265625, 0.109375, 0.25, 0.296875, 0.3125, 0.1640625, 0.09375, 0.2578125, 0.21875, 0.1875, 0.234375, 0.34375, 0.109375, 0.1640625, 0.1484375]",[69],0.34682627368733493,0.3979377665499641
884,6768.4375,"[0.46875, 0.34375, 0.375, 0.21875, 0.0625, 0.21875, 0.25, 0.21875, 0.4375, 0.34375, 0.3125, 0.328125, 0.15625, 0.2578125, 0.375, 0.3125, 0.40625, 0.3125, 0.1875, 0.296875, 0.1484375]","[0.328125, 0.171875, 0.21875, 0.21875, 0.03125, 0.140625, 0.265625, 0.109375, 0.25, 0.296875, 0.3125, 0.1640625, 0.09375, 0.2578125, 0.21875, 0.1875, 0.234375, 0.34375, 0.109375, 0.1640625, 0.1484375]",[69],0.34682627368733493,0.3979377665499641
885,6649.375,"[0.46875, 0.34375, 0.375, 0.21875, 0.09375, 0.21875, 0.25, 0.21875, 0.4375, 0.34375, 0.3125, 0.328125, 0.15625, 0.2578125, 0.375, 0.3125, 0.40625, 0.3125, 0.1875, 0.296875, 0.1484375]","[0.328125, 0.171875, 0.21875, 0.21875, 0.0625, 0.140625, 0.265625, 0.109375, 0.25, 0.296875, 0.3125, 0.1640625, 0.09375, 0.2578125, 0.21875, 0.1875, 0.234375, 0.34375, 0.109375, 0.1640625, 0.1484375]",[81],0.3340041121669237,0.380656240660414
886,6669.296875,"[0.46875, 0.34375, 0.375, 0.21875, 0.09375, 0.21875, 0.25, 0.21875, 0.4375, 0.34375, 0.3125, 0.328125, 0.15625, 0.265625, 0.375, 0.3125, 0.40625, 0.3125, 0.1875, 0.296875, 0.1484375]","[0.328125, 0.171875, 0.21875, 0.21875, 0.0625, 0.140625, 0.265625, 0.109375, 0.25, 0.296875, 0.3125, 0.1640625, 0.09375, 0.265625, 0.21875, 0.1875, 0.234375, 0.34375, 0.109375, 0.1640625, 0.1484375]",[87],0.3332115677280528,0.38128939511530496
887,6708.984375,"[0.46875, 0.34375, 0.375, 0.25, 0.09375, 0.21875, 0.25, 0.21875, 0.4375, 0.34375, 0.3125, 0.328125, 0.15625, 0.265625, 0.375, 0.3125, 0.40625, 0.3125, 0.1875, 0.296875, 0.1484375]","[0.328125, 0.171875, 0.21875, 0.25, 0.0625, 0.140625, 0.265625, 0.109375, 0.25, 0.296875, 0.3125, 0.1640625, 0.09375, 0.265625, 0.21875, 0.1875, 0.234375, 0.34375, 0.109375, 0.1640625, 0.1484375]",[90],0.3285442548521306,0.3811737156594323
888,6788.359375,"[0.40625, 0.34375, 0.375, 0.25, 0.15625, 0.21875, 0.25, 0.21875, 0.4375, 0.34375, 0.3125, 0.328125, 0.15625, 0.265625, 0.375, 0.3125, 0.40625, 0.3125, 0.1875, 0.296875, 0.1484375]","[0.265625, 0.171875, 0.21875, 0.25, 0.09375, 0.140625, 0.265625, 0.109375, 0.25, 0.296875, 0.3125, 0.1640625, 0.09375, 0.265625, 0.21875, 0.1875, 0.234375, 0.34375, 0.109375, 0.1640625, 0.1484375]",[94],0.29309918418078357,0.35420434755427704
889,6907.734375,"[0.40625, 0.34375, 0.375, 0.375, 0.15625, 0.21875, 0.234375, 0.21875, 0.4375, 0.28125, 0.3125, 0.328125, 0.15625, 0.265625, 0.375, 0.3125, 0.40625, 0.28125, 0.1875, 0.296875, 0.1484375]","[0.265625, 0.171875, 0.21875, 0.375, 0.09375, 0.140625, 0.25, 0.109375, 0.25, 0.234375, 0.3125, 0.1640625, 0.09375, 0.265625, 0.21875, 0.1875, 0.234375, 0.28125, 0.109375, 0.1640625, 0.1484375]",[56],0.29602092281323145,0.3621704681745284
890,6828.515625,"[0.40625, 0.34375, 0.375, 0.375, 0.15625, 0.21875, 0.234375, 0.21875, 0.4375, 0.28125, 0.3125, 0.328125, 0.15625, 0.265625, 0.375, 0.3125, 0.40625, 0.28125, 0.1875, 0.296875, 0.1484375]","[0.265625, 0.171875, 0.21875, 0.375, 0.09375, 0.140625, 0.25, 0.109375, 0.25, 0.234375, 0.3125, 0.1640625, 0.09375, 0.265625, 0.21875, 0.1875, 0.234375, 0.28125, 0.109375, 0.1640625, 0.1484375]",[56],0.29602092281323145,0.3621704681745284
891,6808.671875,"[0.40625, 0.28125, 0.375, 0.375, 0.15625, 0.21875, 0.234375, 0.21875, 0.4375, 0.28125, 0.3125, 0.328125, 0.15625, 0.265625, 0.375, 0.3125, 0.40625, 0.28125, 0.1875, 0.296875, 0.1484375]","[0.265625, 0.140625, 0.21875, 0.375, 0.09375, 0.140625, 0.25, 0.109375, 0.25, 0.234375, 0.3125, 0.1640625, 0.09375, 0.265625, 0.21875, 0.1875, 0.234375, 0.28125, 0.109375, 0.1640625, 0.1484375]",[56],0.29634751937084414,0.369486799368849
892,6789.140625,"[0.40625, 0.28125, 0.375, 0.375, 0.15625, 0.21875, 0.234375, 0.21875, 0.4375, 0.28125, 0.3125, 0.359375, 0.15625, 0.265625, 0.375, 0.3125, 0.40625, 0.28125, 0.1875, 0.296875, 0.1484375]","[0.265625, 0.140625, 0.21875, 0.375, 0.09375, 0.140625, 0.25, 0.109375, 0.25, 0.234375, 0.3125, 0.1796875, 0.09375, 0.265625, 0.21875, 0.1875, 0.234375, 0.28125, 0.109375, 0.1640625, 0.1484375]",[57],0.298094245483313,0.36660747046664205
893,6867.890625,"[0.40625, 0.40625, 0.375, 0.375, 0.15625, 0.21875, 0.234375, 0.21875, 0.4375, 0.28125, 0.3125, 0.359375, 0.15625, 0.265625, 0.375, 0.3125, 0.40625, 0.28125, 0.1875, 0.296875, 0.1484375]","[0.265625, 0.203125, 0.21875, 0.375, 0.09375, 0.140625, 0.25, 0.109375, 0.25, 0.234375, 0.3125, 0.1796875, 0.09375, 0.265625, 0.21875, 0.1875, 0.234375, 0.28125, 0.109375, 0.1640625, 0.1484375]",[62],0.30373647181390007,0.3548680553982671
894,7026.640625,"[0.40625, 0.40625, 0.375, 0.375, 0.28125, 0.21875, 0.234375, 0.21875, 0.4375, 0.28125, 0.3125, 0.359375, 0.15625, 0.265625, 0.375, 0.3125, 0.40625, 0.28125, 0.1875, 0.296875, 0.1484375]","[0.265625, 0.203125, 0.21875, 0.375, 0.15625, 0.140625, 0.25, 0.109375, 0.25, 0.234375, 0.3125, 0.1796875, 0.09375, 0.265625, 0.21875, 0.1875, 0.234375, 0.28125, 0.109375, 0.1640625, 0.1484375]",[84],0.27962690988959304,0.33334858158406466
895,7066.015625,"[0.40625, 0.40625, 0.375, 0.375, 0.28125, 0.21875, 0.234375, 0.28125, 0.4375, 0.28125, 0.3125, 0.359375, 0.15625, 0.265625, 0.375, 0.3125, 0.40625, 0.28125, 0.1875, 0.296875, 0.1484375]","[0.265625, 0.203125, 0.21875, 0.375, 0.15625, 0.140625, 0.25, 0.171875, 0.25, 0.234375, 0.3125, 0.1796875, 0.09375, 0.265625, 0.21875, 0.1875, 0.234375, 0.28125, 0.109375, 0.1640625, 0.1484375]",[102],0.2706659809803834,0.31425220942311965
896,7085.703125,"[0.40625, 0.40625, 0.375, 0.375, 0.28125, 0.21875, 0.234375, 0.28125, 0.4375, 0.28125, 0.3125, 0.359375, 0.15625, 0.265625, 0.375, 0.0625, 0.40625, 0.28125, 0.1875, 0.296875, 0.1484375]","[0.265625, 0.203125, 0.21875, 0.375, 0.15625, 0.140625, 0.25, 0.171875, 0.25, 0.234375, 0.3125, 0.1796875, 0.09375, 0.265625, 0.21875, 0.0625, 0.234375, 0.28125, 0.109375, 0.1640625, 0.1484375]",[76],0.3320162212822657,0.3579287329102088
897,6947.890625,"[0.40625, 0.40625, 0.375, 0.375, 0.28125, 0.21875, 0.234375, 0.28125, 0.4375, 0.28125, 0.3125, 0.359375, 0.15625, 0.265625, 0.375, 0.125, 0.40625, 0.28125, 0.1875, 0.296875, 0.1484375]","[0.265625, 0.203125, 0.21875, 0.375, 0.15625, 0.140625, 0.25, 0.171875, 0.25, 0.234375, 0.3125, 0.1796875, 0.09375, 0.265625, 0.21875, 0.09375, 0.234375, 0.28125, 0.109375, 0.1640625, 0.1484375]",[102],0.3072170933893981,0.34264024582957875
898,7027.578125,"[0.40625, 0.40625, 0.375, 0.375, 0.28125, 0.21875, 0.234375, 0.28125, 0.4375, 0.25, 0.3125, 0.359375, 0.15625, 0.296875, 0.3125, 0.125, 0.40625, 0.28125, 0.1875, 0.296875, 0.1484375]","[0.265625, 0.203125, 0.21875, 0.375, 0.15625, 0.140625, 0.25, 0.171875, 0.25, 0.21875, 0.3125, 0.1796875, 0.09375, 0.296875, 0.15625, 0.09375, 0.234375, 0.28125, 0.109375, 0.1640625, 0.1484375]",[16],0.3056430200591744,0.35668361528114867
899,7127.265625,"[0.40625, 0.40625, 0.375, 0.375, 0.28125, 0.21875, 0.234375, 0.28125, 0.4375, 0.25, 0.3125, 0.359375, 0.15625, 0.296875, 0.3125, 0.125, 0.40625, 0.28125, 0.3125, 0.296875, 0.1484375]","[0.265625, 0.203125, 0.21875, 0.375, 0.15625, 0.140625, 0.25, 0.171875, 0.25, 0.21875, 0.3125, 0.1796875, 0.09375, 0.296875, 0.15625, 0.09375, 0.234375, 0.28125, 0.171875, 0.1640625, 0.1484375]",[99],0.28918482843275317,0.33840874699722173
900,7166.953125,"[0.40625, 0.40625, 0.375, 0.375, 0.28125, 0.21875, 0.234375, 0.28125, 0.4375, 0.25, 0.3125, 0.359375, 0.15625, 0.296875, 0.3125, 0.125, 0.40625, 0.28125, 0.3125, 0.296875, 0.1484375]","[0.265625, 0.203125, 0.21875, 0.375, 0.15625, 0.140625, 0.25, 0.171875, 0.25, 0.21875, 0.3125, 0.1796875, 0.09375, 0.296875, 0.15625, 0.09375, 0.234375, 0.28125, 0.171875, 0.1640625, 0.1484375]",[99],0.28918482843275317,0.33840874699722173
901,7146.953125,"[0.40625, 0.40625, 0.375, 0.375, 0.28125, 0.21875, 0.234375, 0.28125, 0.4375, 0.25, 0.3125, 0.359375, 0.15625, 0.234375, 0.3125, 0.125, 0.40625, 0.28125, 0.3125, 0.296875, 0.1484375]","[0.265625, 0.203125, 0.21875, 0.375, 0.15625, 0.140625, 0.25, 0.171875, 0.25, 0.21875, 0.3125, 0.1796875, 0.09375, 0.234375, 0.15625, 0.09375, 0.234375, 0.28125, 0.171875, 0.1640625, 0.1484375]",[51],0.29575534390512637,0.33112475152313353
902,7007.578125,"[0.40625, 0.40625, 0.375, 0.375, 0.28125, 0.21875, 0.234375, 0.28125, 0.4375, 0.25, 0.3125, 0.359375, 0.15625, 0.234375, 0.3125, 0.125, 0.40625, 0.28125, 0.3125, 0.328125, 0.1484375]","[0.265625, 0.203125, 0.21875, 0.375, 0.15625, 0.140625, 0.25, 0.171875, 0.25, 0.21875, 0.3125, 0.1796875, 0.09375, 0.234375, 0.15625, 0.09375, 0.234375, 0.28125, 0.171875, 0.1796875, 0.1484375]",[99],0.2951888463115705,0.3281159741996074
903,7087.265625,"[0.40625, 0.40625, 0.375, 0.375, 0.28125, 0.21875, 0.234375, 0.28125, 0.4375, 0.25, 0.3125, 0.359375, 0.15625, 0.234375, 0.3125, 0.125, 0.40625, 0.28125, 0.3125, 0.328125, 0.1484375]","[0.265625, 0.203125, 0.21875, 0.375, 0.15625, 0.140625, 0.25, 0.171875, 0.25, 0.21875, 0.3125, 0.1796875, 0.09375, 0.234375, 0.15625, 0.09375, 0.234375, 0.28125, 0.171875, 0.1796875, 0.1484375]",[99],0.2951888463115705,0.3281159741996074
904,7166.328125,"[0.40625, 0.40625, 0.375, 0.375, 0.28125, 0.21875, 0.234375, 0.28125, 0.4375, 0.25, 0.3125, 0.359375, 0.15625, 0.234375, 0.3125, 0.125, 0.40625, 0.15625, 0.3125, 0.328125, 0.1484375]","[0.265625, 0.203125, 0.21875, 0.375, 0.15625, 0.140625, 0.25, 0.171875, 0.25, 0.21875, 0.3125, 0.1796875, 0.09375, 0.234375, 0.15625, 0.09375, 0.234375, 0.15625, 0.171875, 0.1796875, 0.1484375]",[53],0.3183229445428889,0.3311051632203107
905,6888.671875,"[0.40625, 0.40625, 0.375, 0.375, 0.28125, 0.21875, 0.234375, 0.28125, 0.4375, 0.25, 0.3125, 0.359375, 0.15625, 0.234375, 0.3125, 0.125, 0.28125, 0.15625, 0.3125, 0.328125, 0.1640625]","[0.265625, 0.203125, 0.21875, 0.375, 0.15625, 0.140625, 0.25, 0.171875, 0.25, 0.21875, 0.3125, 0.1796875, 0.09375, 0.234375, 0.15625, 0.09375, 0.171875, 0.15625, 0.171875, 0.1796875, 0.1796875]",[74],0.3076295386379396,0.32877011649671944
906,6829.765625,"[0.40625, 0.40625, 0.25, 0.375, 0.28125, 0.21875, 0.234375, 0.28125, 0.4375, 0.25, 0.3125, 0.359375, 0.15625, 0.234375, 0.3125, 0.125, 0.28125, 0.15625, 0.3125, 0.328125, 0.1640625]","[0.265625, 0.203125, 0.15625, 0.375, 0.15625, 0.140625, 0.25, 0.171875, 0.25, 0.21875, 0.3125, 0.1796875, 0.09375, 0.234375, 0.15625, 0.09375, 0.171875, 0.15625, 0.171875, 0.1796875, 0.1796875]",[13],0.30698842053140213,0.33608307654821074
907,6771.015625,"[0.40625, 0.40625, 0.25, 0.375, 0.28125, 0.21875, 0.234375, 0.28125, 0.4375, 0.25, 0.3125, 0.359375, 0.15625, 0.234375, 0.3125, 0.125, 0.28125, 0.15625, 0.3125, 0.328125, 0.1640625]","[0.265625, 0.203125, 0.15625, 0.375, 0.15625, 0.140625, 0.25, 0.171875, 0.25, 0.21875, 0.3125, 0.1796875, 0.09375, 0.234375, 0.15625, 0.09375, 0.171875, 0.15625, 0.171875, 0.1796875, 0.1796875]",[13],0.30698842053140213,0.33608307654821074
908,6810.546875,"[0.40625, 0.40625, 0.25, 0.375, 0.28125, 0.21875, 0.234375, 0.28125, 0.4375, 0.25, 0.3125, 0.359375, 0.15625, 0.234375, 0.3125, 0.125, 0.28125, 0.140625, 0.3125, 0.328125, 0.1640625]","[0.265625, 0.203125, 0.15625, 0.375, 0.15625, 0.140625, 0.25, 0.171875, 0.25, 0.21875, 0.3125, 0.1796875, 0.09375, 0.234375, 0.15625, 0.09375, 0.171875, 0.140625, 0.171875, 0.1796875, 0.1796875]",[13],0.3118462033194023,0.34008402323123454
909,6870.078125,"[0.40625, 0.40625, 0.25, 0.375, 0.28125, 0.21875, 0.171875, 0.28125, 0.4375, 0.25, 0.4375, 0.359375, 0.15625, 0.234375, 0.3125, 0.125, 0.28125, 0.140625, 0.3125, 0.328125, 0.1640625]","[0.265625, 0.203125, 0.15625, 0.375, 0.15625, 0.140625, 0.1875, 0.171875, 0.25, 0.21875, 0.4375, 0.1796875, 0.09375, 0.234375, 0.15625, 0.09375, 0.171875, 0.140625, 0.171875, 0.1796875, 0.1796875]",[21],0.339215494951338,0.4035385165101425
910,6750.390625,"[0.40625, 0.40625, 0.25, 0.375, 0.28125, 0.21875, 0.171875, 0.28125, 0.4375, 0.25, 0.4375, 0.359375, 0.15625, 0.234375, 0.3125, 0.125, 0.28125, 0.140625, 0.34375, 0.328125, 0.1640625]","[0.265625, 0.203125, 0.15625, 0.375, 0.15625, 0.140625, 0.1875, 0.171875, 0.25, 0.21875, 0.4375, 0.1796875, 0.09375, 0.234375, 0.15625, 0.09375, 0.171875, 0.140625, 0.203125, 0.1796875, 0.1796875]",[38],0.3398920285558154,0.3994576183996974
911,6770.234375,"[0.40625, 0.40625, 0.25, 0.375, 0.28125, 0.21875, 0.171875, 0.28125, 0.4375, 0.25, 0.4375, 0.359375, 0.15625, 0.234375, 0.3125, 0.125, 0.28125, 0.140625, 0.34375, 0.328125, 0.1640625]","[0.265625, 0.203125, 0.15625, 0.375, 0.15625, 0.140625, 0.1875, 0.171875, 0.25, 0.21875, 0.4375, 0.1796875, 0.09375, 0.234375, 0.15625, 0.09375, 0.171875, 0.140625, 0.203125, 0.1796875, 0.1796875]",[38],0.3398920285558154,0.3994576183996974
912,6789.765625,"[0.40625, 0.40625, 0.25, 0.375, 0.28125, 0.21875, 0.171875, 0.28125, 0.4375, 0.1875, 0.4375, 0.359375, 0.15625, 0.234375, 0.3125, 0.125, 0.28125, 0.140625, 0.34375, 0.328125, 0.1640625]","[0.265625, 0.203125, 0.15625, 0.375, 0.15625, 0.140625, 0.1875, 0.171875, 0.25, 0.15625, 0.4375, 0.1796875, 0.09375, 0.234375, 0.15625, 0.09375, 0.171875, 0.140625, 0.203125, 0.1796875, 0.1796875]",[38],0.35041061204709223,0.40753793802443256
913,6789.765625,"[0.40625, 0.40625, 0.25, 0.375, 0.28125, 0.21875, 0.171875, 0.28125, 0.4375, 0.1875, 0.4375, 0.359375, 0.140625, 0.234375, 0.3125, 0.25, 0.28125, 0.140625, 0.34375, 0.328125, 0.15625]","[0.265625, 0.203125, 0.15625, 0.375, 0.15625, 0.140625, 0.1875, 0.171875, 0.25, 0.15625, 0.4375, 0.1796875, 0.0859375, 0.234375, 0.15625, 0.15625, 0.171875, 0.140625, 0.203125, 0.1796875, 0.171875]",[42],0.32905374513519825,0.3922651576197345
914,6909.375,"[0.40625, 0.40625, 0.25, 0.375, 0.28125, 0.21875, 0.234375, 0.28125, 0.4375, 0.1875, 0.4375, 0.359375, 0.140625, 0.234375, 0.3125, 0.25, 0.28125, 0.140625, 0.34375, 0.328125, 0.15625]","[0.265625, 0.203125, 0.15625, 0.375, 0.15625, 0.140625, 0.25, 0.171875, 0.25, 0.15625, 0.4375, 0.1796875, 0.0859375, 0.234375, 0.15625, 0.15625, 0.171875, 0.140625, 0.203125, 0.1796875, 0.171875]",[63],0.31630757749309696,0.3899107093984243
915,6949.21875,"[0.40625, 0.40625, 0.25, 0.375, 0.28125, 0.21875, 0.234375, 0.28125, 0.4375, 0.1875, 0.4375, 0.359375, 0.140625, 0.2265625, 0.1875, 0.25, 0.28125, 0.140625, 0.34375, 0.328125, 0.15625]","[0.265625, 0.203125, 0.15625, 0.375, 0.15625, 0.140625, 0.25, 0.171875, 0.25, 0.15625, 0.4375, 0.1796875, 0.0859375, 0.2265625, 0.09375, 0.15625, 0.171875, 0.140625, 0.203125, 0.1796875, 0.171875]",[41],0.3322666722771671,0.409868584878036
916,6830.390625,"[0.40625, 0.40625, 0.28125, 0.375, 0.28125, 0.21875, 0.234375, 0.28125, 0.4375, 0.1875, 0.4375, 0.359375, 0.078125, 0.2265625, 0.1875, 0.25, 0.28125, 0.125, 0.34375, 0.328125, 0.15625]","[0.265625, 0.203125, 0.171875, 0.375, 0.15625, 0.140625, 0.25, 0.171875, 0.25, 0.15625, 0.4375, 0.1796875, 0.0546875, 0.2265625, 0.09375, 0.15625, 0.171875, 0.125, 0.203125, 0.1796875, 0.171875]",[35],0.35696855433628877,0.42603088384616444
917,6771.015625,"[0.28125, 0.40625, 0.28125, 0.375, 0.28125, 0.21875, 0.234375, 0.28125, 0.4375, 0.1875, 0.4375, 0.359375, 0.078125, 0.2265625, 0.1875, 0.25, 0.28125, 0.125, 0.34375, 0.328125, 0.171875]","[0.203125, 0.203125, 0.171875, 0.375, 0.15625, 0.140625, 0.25, 0.171875, 0.25, 0.15625, 0.4375, 0.1796875, 0.0546875, 0.2265625, 0.09375, 0.15625, 0.171875, 0.125, 0.203125, 0.1796875, 0.1875]",[46],0.34588508324920103,0.42313081074551406
918,6771.640625,"[0.28125, 0.40625, 0.28125, 0.375, 0.28125, 0.21875, 0.234375, 0.28125, 0.4375, 0.1875, 0.4375, 0.359375, 0.078125, 0.2265625, 0.1875, 0.25, 0.25, 0.125, 0.34375, 0.328125, 0.171875]","[0.203125, 0.203125, 0.171875, 0.375, 0.15625, 0.140625, 0.25, 0.171875, 0.25, 0.15625, 0.4375, 0.1796875, 0.0546875, 0.2265625, 0.09375, 0.15625, 0.15625, 0.125, 0.203125, 0.1796875, 0.1875]",[46],0.3482568001257395,0.42616663789990283
919,6831.328125,"[0.28125, 0.40625, 0.25, 0.375, 0.28125, 0.21875, 0.234375, 0.28125, 0.4375, 0.1875, 0.4375, 0.359375, 0.078125, 0.2265625, 0.1875, 0.25, 0.25, 0.125, 0.34375, 0.203125, 0.171875]","[0.203125, 0.203125, 0.15625, 0.375, 0.15625, 0.140625, 0.25, 0.171875, 0.25, 0.15625, 0.4375, 0.1796875, 0.0546875, 0.2265625, 0.09375, 0.15625, 0.15625, 0.125, 0.203125, 0.1171875, 0.1875]",[41],0.35919830752429666,0.4440085074494632
920,6533.515625,"[0.28125, 0.40625, 0.25, 0.375, 0.28125, 0.21875, 0.234375, 0.28125, 0.4375, 0.1875, 0.4375, 0.359375, 0.078125, 0.2265625, 0.1875, 0.25, 0.25, 0.125, 0.34375, 0.203125, 0.171875]","[0.203125, 0.203125, 0.15625, 0.375, 0.15625, 0.140625, 0.25, 0.171875, 0.25, 0.15625, 0.4375, 0.1796875, 0.0546875, 0.2265625, 0.09375, 0.15625, 0.15625, 0.125, 0.203125, 0.1171875, 0.1875]",[41],0.35919830752429666,0.4440085074494632
921,6513.984375,"[0.28125, 0.40625, 0.25, 0.375, 0.28125, 0.21875, 0.234375, 0.28125, 0.4375, 0.1875, 0.4375, 0.359375, 0.09375, 0.2265625, 0.1875, 0.25, 0.25, 0.125, 0.34375, 0.203125, 0.171875]","[0.203125, 0.203125, 0.15625, 0.375, 0.15625, 0.140625, 0.25, 0.171875, 0.25, 0.15625, 0.4375, 0.1796875, 0.0625, 0.2265625, 0.09375, 0.15625, 0.15625, 0.125, 0.203125, 0.1171875, 0.1875]",[46],0.35288945355166396,0.44008843065423714
922,6553.828125,"[0.28125, 0.40625, 0.25, 0.375, 0.28125, 0.21875, 0.234375, 0.28125, 0.4375, 0.125, 0.4375, 0.359375, 0.09375, 0.2265625, 0.1875, 0.25, 0.25, 0.125, 0.34375, 0.203125, 0.1875]","[0.203125, 0.203125, 0.15625, 0.375, 0.15625, 0.140625, 0.25, 0.171875, 0.25, 0.09375, 0.4375, 0.1796875, 0.0625, 0.2265625, 0.09375, 0.15625, 0.15625, 0.125, 0.203125, 0.1171875, 0.203125]",[31],0.3662226882219842,0.4575511780566892
923,6593.203125,"[0.28125, 0.40625, 0.25, 0.375, 0.28125, 0.21875, 0.234375, 0.28125, 0.4375, 0.125, 0.4375, 0.359375, 0.09375, 0.2265625, 0.1875, 0.25, 0.25, 0.125, 0.34375, 0.203125, 0.1875]","[0.203125, 0.203125, 0.15625, 0.375, 0.15625, 0.140625, 0.25, 0.171875, 0.25, 0.09375, 0.4375, 0.1796875, 0.0625, 0.2265625, 0.09375, 0.15625, 0.15625, 0.125, 0.203125, 0.1171875, 0.203125]",[31],0.3662226882219842,0.4575511780566892
924,6673.203125,"[0.28125, 0.40625, 0.25, 0.375, 0.28125, 0.21875, 0.234375, 0.28125, 0.4375, 0.125, 0.40625, 0.359375, 0.21875, 0.2265625, 0.1875, 0.25, 0.25, 0.125, 0.34375, 0.203125, 0.1875]","[0.203125, 0.203125, 0.15625, 0.375, 0.15625, 0.140625, 0.25, 0.171875, 0.25, 0.09375, 0.40625, 0.1796875, 0.125, 0.2265625, 0.09375, 0.15625, 0.15625, 0.125, 0.203125, 0.1171875, 0.203125]",[17],0.32425379279872985,0.41375435401849875
925,6672.890625,"[0.28125, 0.40625, 0.25, 0.375, 0.28125, 0.21875, 0.234375, 0.28125, 0.4375, 0.125, 0.40625, 0.359375, 0.21875, 0.2265625, 0.1875, 0.25, 0.25, 0.125, 0.34375, 0.203125, 0.1875]","[0.203125, 0.203125, 0.15625, 0.375, 0.15625, 0.140625, 0.25, 0.171875, 0.25, 0.09375, 0.40625, 0.1796875, 0.125, 0.2265625, 0.09375, 0.15625, 0.15625, 0.125, 0.203125, 0.1171875, 0.203125]",[17],0.32425379279872985,0.41375435401849875
926,6653.359375,"[0.28125, 0.40625, 0.25, 0.375, 0.28125, 0.234375, 0.234375, 0.28125, 0.4375, 0.125, 0.40625, 0.359375, 0.21875, 0.2109375, 0.1875, 0.25, 0.25, 0.125, 0.34375, 0.203125, 0.1875]","[0.203125, 0.203125, 0.15625, 0.375, 0.15625, 0.1484375, 0.25, 0.171875, 0.25, 0.09375, 0.40625, 0.1796875, 0.125, 0.2109375, 0.09375, 0.15625, 0.15625, 0.125, 0.203125, 0.1171875, 0.203125]",[32],0.32450149039032616,0.41198873457459767
927,6653.203125,"[0.28125, 0.40625, 0.25, 0.375, 0.28125, 0.234375, 0.234375, 0.28125, 0.4375, 0.125, 0.40625, 0.296875, 0.21875, 0.2109375, 0.1875, 0.25, 0.25, 0.125, 0.34375, 0.203125, 0.1875]","[0.203125, 0.203125, 0.15625, 0.375, 0.15625, 0.1484375, 0.25, 0.171875, 0.25, 0.09375, 0.40625, 0.1484375, 0.125, 0.2109375, 0.09375, 0.15625, 0.15625, 0.125, 0.203125, 0.1171875, 0.203125]",[10],0.3202644513415359,0.41775870164121115
928,6612.890625,"[0.28125, 0.40625, 0.25, 0.375, 0.28125, 0.234375, 0.234375, 0.28125, 0.4375, 0.25, 0.40625, 0.234375, 0.21875, 0.2109375, 0.1875, 0.25, 0.25, 0.125, 0.34375, 0.203125, 0.1875]","[0.203125, 0.203125, 0.15625, 0.375, 0.15625, 0.1484375, 0.25, 0.171875, 0.25, 0.15625, 0.40625, 0.1171875, 0.125, 0.2109375, 0.09375, 0.15625, 0.15625, 0.125, 0.203125, 0.1171875, 0.203125]",[8],0.2954714261874285,0.407258253311614
929,6691.015625,"[0.28125, 0.40625, 0.25, 0.34375, 0.28125, 0.234375, 0.234375, 0.53125, 0.4375, 0.25, 0.40625, 0.234375, 0.21875, 0.2109375, 0.1875, 0.25, 0.25, 0.125, 0.34375, 0.203125, 0.1875]","[0.203125, 0.203125, 0.15625, 0.34375, 0.15625, 0.1484375, 0.25, 0.296875, 0.25, 0.15625, 0.40625, 0.1171875, 0.125, 0.2109375, 0.09375, 0.15625, 0.15625, 0.125, 0.203125, 0.1171875, 0.203125]",[19],0.34343870701839285,0.39811729385026606
930,6690.703125,"[0.28125, 0.40625, 0.25, 0.34375, 0.28125, 0.234375, 0.171875, 0.53125, 0.4375, 0.25, 0.40625, 0.234375, 0.21875, 0.2109375, 0.1875, 0.25, 0.25, 0.125, 0.34375, 0.203125, 0.1875]","[0.203125, 0.203125, 0.15625, 0.34375, 0.15625, 0.1484375, 0.1875, 0.296875, 0.25, 0.15625, 0.40625, 0.1171875, 0.125, 0.2109375, 0.09375, 0.15625, 0.15625, 0.125, 0.203125, 0.1171875, 0.203125]",[19],0.3554284255519871,0.39903667555385114
931,6511.640625,"[0.28125, 0.40625, 0.25, 0.34375, 0.28125, 0.203125, 0.171875, 0.53125, 0.4375, 0.25, 0.40625, 0.234375, 0.21875, 0.2109375, 0.1875, 0.25, 0.25, 0.125, 0.34375, 0.203125, 0.1875]","[0.203125, 0.203125, 0.15625, 0.34375, 0.15625, 0.1171875, 0.1875, 0.296875, 0.25, 0.15625, 0.40625, 0.1171875, 0.125, 0.2109375, 0.09375, 0.15625, 0.15625, 0.125, 0.203125, 0.1171875, 0.203125]",[19],0.36047454739922696,0.4080504752005794
932,6491.953125,"[0.28125, 0.40625, 0.25, 0.34375, 0.28125, 0.234375, 0.171875, 0.53125, 0.4375, 0.25, 0.40625, 0.234375, 0.21875, 0.2109375, 0.1875, 0.25, 0.25, 0.125, 0.34375, 0.203125, 0.1875]","[0.203125, 0.203125, 0.15625, 0.34375, 0.15625, 0.1328125, 0.1875, 0.296875, 0.25, 0.15625, 0.40625, 0.1171875, 0.125, 0.2109375, 0.09375, 0.15625, 0.15625, 0.125, 0.203125, 0.1171875, 0.203125]",[32],0.3554284255519871,0.40315830773252087
933,6571.328125,"[0.28125, 0.40625, 0.25, 0.34375, 0.28125, 0.234375, 0.171875, 0.53125, 0.4375, 0.25, 0.40625, 0.234375, 0.28125, 0.2109375, 0.1875, 0.25, 0.1875, 0.125, 0.34375, 0.203125, 0.1875]","[0.203125, 0.203125, 0.15625, 0.34375, 0.15625, 0.1328125, 0.1875, 0.296875, 0.25, 0.15625, 0.40625, 0.1171875, 0.15625, 0.2109375, 0.09375, 0.15625, 0.09375, 0.125, 0.203125, 0.1171875, 0.203125]",[60],0.3588369158645457,0.41449046262210576
934,6689.453125,"[0.28125, 0.40625, 0.25, 0.34375, 0.28125, 0.234375, 0.171875, 0.53125, 0.4375, 0.25, 0.40625, 0.234375, 0.28125, 0.2109375, 0.1875, 0.25, 0.1875, 0.125, 0.34375, 0.203125, 0.1875]","[0.203125, 0.203125, 0.15625, 0.34375, 0.15625, 0.1328125, 0.1875, 0.296875, 0.25, 0.15625, 0.40625, 0.1171875, 0.15625, 0.2109375, 0.09375, 0.15625, 0.09375, 0.125, 0.203125, 0.1171875, 0.203125]",[60],0.3588369158645457,0.41449046262210576
935,6571.640625,"[0.28125, 0.40625, 0.25, 0.34375, 0.28125, 0.234375, 0.171875, 0.53125, 0.4375, 0.25, 0.40625, 0.234375, 0.28125, 0.2109375, 0.1875, 0.25, 0.1875, 0.15625, 0.34375, 0.203125, 0.1875]","[0.203125, 0.203125, 0.15625, 0.34375, 0.15625, 0.1328125, 0.1875, 0.296875, 0.25, 0.15625, 0.40625, 0.1171875, 0.15625, 0.2109375, 0.09375, 0.15625, 0.09375, 0.1875, 0.203125, 0.1171875, 0.203125]",[63],0.34946682598886897,0.4012330013831793
936,6591.484375,"[0.28125, 0.40625, 0.25, 0.34375, 0.28125, 0.25, 0.171875, 0.53125, 0.4375, 0.25, 0.40625, 0.234375, 0.28125, 0.2109375, 0.1875, 0.25, 0.1875, 0.15625, 0.34375, 0.203125, 0.1875]","[0.203125, 0.203125, 0.15625, 0.34375, 0.15625, 0.140625, 0.1875, 0.296875, 0.25, 0.15625, 0.40625, 0.1171875, 0.15625, 0.2109375, 0.09375, 0.15625, 0.09375, 0.1875, 0.203125, 0.1171875, 0.203125]",[66],0.34754006736499743,0.3990624616932837
937,6631.328125,"[0.28125, 0.40625, 0.25, 0.34375, 0.28125, 0.25, 0.171875, 0.53125, 0.4375, 0.25, 0.40625, 0.234375, 0.28125, 0.2265625, 0.1875, 0.25, 0.1875, 0.15625, 0.34375, 0.203125, 0.1875]","[0.203125, 0.203125, 0.15625, 0.34375, 0.15625, 0.140625, 0.1875, 0.296875, 0.25, 0.15625, 0.40625, 0.1171875, 0.15625, 0.2265625, 0.09375, 0.15625, 0.09375, 0.1875, 0.203125, 0.1171875, 0.203125]",[74],0.3449531806223267,0.39882996820105643
938,6711.015625,"[0.28125, 0.40625, 0.25, 0.34375, 0.28125, 0.234375, 0.171875, 0.53125, 0.4375, 0.25, 0.40625, 0.234375, 0.28125, 0.2578125, 0.1875, 0.25, 0.1875, 0.15625, 0.34375, 0.203125, 0.1875]","[0.203125, 0.203125, 0.15625, 0.34375, 0.15625, 0.1328125, 0.1875, 0.296875, 0.25, 0.15625, 0.40625, 0.1171875, 0.15625, 0.2578125, 0.09375, 0.15625, 0.09375, 0.1875, 0.203125, 0.1171875, 0.203125]",[75],0.34299989243077106,0.40273648883365254
939,6849.921875,"[0.28125, 0.40625, 0.25, 0.34375, 0.28125, 0.234375, 0.171875, 0.53125, 0.4375, 0.25, 0.40625, 0.109375, 0.28125, 0.2578125, 0.1875, 0.25, 0.1875, 0.15625, 0.34375, 0.203125, 0.1875]","[0.203125, 0.203125, 0.15625, 0.34375, 0.15625, 0.1328125, 0.1875, 0.296875, 0.25, 0.15625, 0.40625, 0.0546875, 0.15625, 0.2578125, 0.09375, 0.15625, 0.09375, 0.1875, 0.203125, 0.1171875, 0.203125]",[37],0.37347708446418243,0.429727739202355
940,6572.109375,"[0.28125, 0.40625, 0.25, 0.34375, 0.28125, 0.234375, 0.171875, 0.53125, 0.4375, 0.25, 0.40625, 0.109375, 0.3125, 0.2578125, 0.1875, 0.25, 0.1875, 0.15625, 0.34375, 0.203125, 0.1875]","[0.203125, 0.203125, 0.15625, 0.34375, 0.15625, 0.1328125, 0.1875, 0.296875, 0.25, 0.15625, 0.40625, 0.0546875, 0.1875, 0.2578125, 0.09375, 0.15625, 0.09375, 0.1875, 0.203125, 0.1171875, 0.203125]",[75],0.372616294543962,0.42451733062237607
941,6591.953125,"[0.28125, 0.40625, 0.25, 0.34375, 0.28125, 0.234375, 0.171875, 0.53125, 0.4375, 0.25, 0.40625, 0.109375, 0.3125, 0.2578125, 0.1875, 0.25, 0.1875, 0.15625, 0.34375, 0.203125, 0.1875]","[0.203125, 0.203125, 0.15625, 0.34375, 0.15625, 0.1328125, 0.1875, 0.296875, 0.25, 0.15625, 0.40625, 0.0546875, 0.1875, 0.2578125, 0.09375, 0.15625, 0.09375, 0.1875, 0.203125, 0.1171875, 0.203125]",[75],0.372616294543962,0.42451733062237607
942,6611.796875,"[0.28125, 0.40625, 0.25, 0.34375, 0.28125, 0.234375, 0.171875, 0.53125, 0.4375, 0.25, 0.40625, 0.109375, 0.3125, 0.2578125, 0.1875, 0.25, 0.1875, 0.15625, 0.34375, 0.203125, 0.1875]","[0.203125, 0.203125, 0.15625, 0.34375, 0.15625, 0.1328125, 0.1875, 0.296875, 0.25, 0.15625, 0.40625, 0.0546875, 0.1875, 0.2578125, 0.09375, 0.15625, 0.09375, 0.1875, 0.203125, 0.1171875, 0.203125]",[75],0.372616294543962,0.42451733062237607
943,6650.859375,"[0.28125, 0.40625, 0.25, 0.34375, 0.28125, 0.234375, 0.171875, 0.53125, 0.4375, 0.25, 0.40625, 0.109375, 0.3125, 0.2578125, 0.1875, 0.25, 0.1875, 0.15625, 0.34375, 0.203125, 0.1875]","[0.203125, 0.203125, 0.15625, 0.34375, 0.15625, 0.1328125, 0.1875, 0.296875, 0.25, 0.15625, 0.40625, 0.0546875, 0.1875, 0.2578125, 0.09375, 0.15625, 0.09375, 0.1875, 0.203125, 0.1171875, 0.203125]",[75],0.372616294543962,0.42451733062237607
944,6730.859375,"[0.28125, 0.40625, 0.25, 0.34375, 0.28125, 0.234375, 0.109375, 0.53125, 0.4375, 0.25, 0.40625, 0.234375, 0.3125, 0.2578125, 0.1875, 0.25, 0.1875, 0.15625, 0.34375, 0.203125, 0.1875]","[0.203125, 0.203125, 0.15625, 0.34375, 0.15625, 0.1328125, 0.125, 0.296875, 0.25, 0.15625, 0.40625, 0.1171875, 0.1875, 0.2578125, 0.09375, 0.15625, 0.09375, 0.1875, 0.203125, 0.1171875, 0.203125]",[52],0.3608562548847084,0.41102920429434764
945,6610.859375,"[0.28125, 0.40625, 0.25, 0.34375, 0.28125, 0.234375, 0.109375, 0.53125, 0.4375, 0.25, 0.40625, 0.234375, 0.3125, 0.2578125, 0.1875, 0.25, 0.25, 0.15625, 0.34375, 0.203125, 0.1875]","[0.203125, 0.203125, 0.15625, 0.34375, 0.15625, 0.1328125, 0.125, 0.296875, 0.25, 0.15625, 0.40625, 0.1171875, 0.1875, 0.2578125, 0.09375, 0.15625, 0.15625, 0.1875, 0.203125, 0.1171875, 0.203125]",[78],0.3505318304038577,0.391265653312148
946,6630.703125,"[0.28125, 0.40625, 0.25, 0.34375, 0.28125, 0.234375, 0.109375, 0.53125, 0.4375, 0.25, 0.40625, 0.234375, 0.3125, 0.2578125, 0.1875, 0.25, 0.25, 0.15625, 0.34375, 0.203125, 0.1875]","[0.203125, 0.203125, 0.15625, 0.34375, 0.15625, 0.1328125, 0.125, 0.296875, 0.25, 0.15625, 0.40625, 0.1171875, 0.1875, 0.2578125, 0.09375, 0.15625, 0.15625, 0.1875, 0.203125, 0.1171875, 0.203125]",[78],0.3505318304038577,0.391265653312148
947,6650.546875,"[0.28125, 0.40625, 0.25, 0.34375, 0.3125, 0.234375, 0.109375, 0.53125, 0.4375, 0.25, 0.40625, 0.234375, 0.3125, 0.2578125, 0.1875, 0.25, 0.25, 0.15625, 0.34375, 0.203125, 0.1875]","[0.203125, 0.203125, 0.15625, 0.34375, 0.171875, 0.1328125, 0.125, 0.296875, 0.25, 0.15625, 0.40625, 0.1171875, 0.1875, 0.2578125, 0.09375, 0.15625, 0.15625, 0.1875, 0.203125, 0.1171875, 0.203125]",[81],0.34946102867495743,0.3881975193758801
948,6729.921875,"[0.28125, 0.40625, 0.25, 0.34375, 0.3125, 0.234375, 0.109375, 0.53125, 0.4375, 0.25, 0.40625, 0.234375, 0.375, 0.2578125, 0.1875, 0.25, 0.25, 0.15625, 0.34375, 0.203125, 0.1875]","[0.203125, 0.203125, 0.15625, 0.34375, 0.171875, 0.1328125, 0.125, 0.296875, 0.25, 0.15625, 0.40625, 0.1171875, 0.21875, 0.2578125, 0.09375, 0.15625, 0.15625, 0.1875, 0.203125, 0.1171875, 0.203125]",[82],0.3519904078203925,0.3858652183846101
949,6888.671875,"[0.28125, 0.40625, 0.25, 0.34375, 0.3125, 0.234375, 0.109375, 0.53125, 0.4375, 0.25, 0.40625, 0.234375, 0.375, 0.2578125, 0.1875, 0.25, 0.25, 0.15625, 0.34375, 0.203125, 0.1875]","[0.203125, 0.203125, 0.15625, 0.34375, 0.171875, 0.1328125, 0.125, 0.296875, 0.25, 0.15625, 0.40625, 0.1171875, 0.21875, 0.2578125, 0.09375, 0.15625, 0.15625, 0.1875, 0.203125, 0.1171875, 0.203125]",[82],0.3519904078203925,0.3858652183846101
950,6769.609375,"[0.28125, 0.40625, 0.25, 0.34375, 0.3125, 0.234375, 0.109375, 0.53125, 0.4375, 0.25, 0.40625, 0.234375, 0.375, 0.2578125, 0.1875, 0.25, 0.25, 0.1875, 0.34375, 0.203125, 0.1875]","[0.203125, 0.203125, 0.15625, 0.34375, 0.171875, 0.1328125, 0.125, 0.296875, 0.25, 0.15625, 0.40625, 0.1171875, 0.21875, 0.2578125, 0.09375, 0.15625, 0.15625, 0.25, 0.203125, 0.1171875, 0.203125]",[88],0.34421109617924145,0.3838831269332281
951,6789.453125,"[0.28125, 0.40625, 0.25, 0.328125, 0.3125, 0.234375, 0.109375, 0.53125, 0.4375, 0.25, 0.40625, 0.25, 0.375, 0.2578125, 0.1875, 0.25, 0.25, 0.1875, 0.34375, 0.203125, 0.1875]","[0.203125, 0.203125, 0.15625, 0.328125, 0.171875, 0.1328125, 0.125, 0.296875, 0.25, 0.15625, 0.40625, 0.125, 0.21875, 0.2578125, 0.09375, 0.15625, 0.15625, 0.25, 0.203125, 0.1171875, 0.203125]",[50],0.3417518563536379,0.3760791922923442
952,6808.984375,"[0.28125, 0.40625, 0.25, 0.328125, 0.3125, 0.234375, 0.109375, 0.53125, 0.4375, 0.25, 0.40625, 0.25, 0.375, 0.2578125, 0.1875, 0.25, 0.25, 0.1875, 0.34375, 0.203125, 0.1875]","[0.203125, 0.203125, 0.15625, 0.328125, 0.171875, 0.1328125, 0.125, 0.296875, 0.25, 0.15625, 0.40625, 0.125, 0.21875, 0.2578125, 0.09375, 0.15625, 0.15625, 0.25, 0.203125, 0.1171875, 0.203125]",[50],0.3417518563536379,0.3760791922923442
953,6848.984375,"[0.28125, 0.40625, 0.25, 0.328125, 0.3125, 0.265625, 0.109375, 0.53125, 0.4375, 0.25, 0.40625, 0.25, 0.375, 0.2578125, 0.1875, 0.25, 0.0625, 0.1875, 0.34375, 0.203125, 0.1875]","[0.203125, 0.203125, 0.15625, 0.328125, 0.171875, 0.1484375, 0.125, 0.296875, 0.25, 0.15625, 0.40625, 0.125, 0.21875, 0.2578125, 0.09375, 0.15625, 0.03125, 0.25, 0.203125, 0.1171875, 0.203125]",[19],0.38837299681117826,0.4235001546072692
954,6848.671875,"[0.28125, 0.40625, 0.25, 0.328125, 0.3125, 0.265625, 0.109375, 0.53125, 0.4375, 0.25, 0.40625, 0.25, 0.375, 0.2578125, 0.1875, 0.25, 0.0625, 0.1875, 0.34375, 0.203125, 0.1875]","[0.203125, 0.203125, 0.15625, 0.328125, 0.171875, 0.1484375, 0.125, 0.296875, 0.25, 0.15625, 0.40625, 0.125, 0.21875, 0.2578125, 0.09375, 0.15625, 0.03125, 0.25, 0.203125, 0.1171875, 0.203125]",[19],0.38837299681117826,0.4235001546072692
955,6730.546875,"[0.28125, 0.40625, 0.25, 0.328125, 0.3125, 0.265625, 0.109375, 0.53125, 0.4375, 0.25, 0.40625, 0.25, 0.375, 0.2578125, 0.1875, 0.25, 0.0625, 0.1875, 0.34375, 0.203125, 0.1875]","[0.203125, 0.203125, 0.15625, 0.328125, 0.171875, 0.1484375, 0.125, 0.296875, 0.25, 0.15625, 0.40625, 0.125, 0.21875, 0.2578125, 0.125, 0.15625, 0.03125, 0.25, 0.203125, 0.1171875, 0.203125]",[52],0.38837299681117826,0.41229769200224575
956,6711.015625,"[0.28125, 0.40625, 0.25, 0.328125, 0.3125, 0.265625, 0.109375, 0.53125, 0.4375, 0.25, 0.40625, 0.25, 0.375, 0.2578125, 0.1875, 0.25, 0.0625, 0.1875, 0.34375, 0.21875, 0.1875]","[0.203125, 0.203125, 0.15625, 0.328125, 0.171875, 0.1484375, 0.125, 0.296875, 0.25, 0.15625, 0.40625, 0.125, 0.21875, 0.2578125, 0.125, 0.15625, 0.03125, 0.25, 0.203125, 0.125, 0.203125]",[85],0.38564660196814726,0.4097512030681623
957,6750.390625,"[0.28125, 0.40625, 0.25, 0.328125, 0.3125, 0.265625, 0.109375, 0.53125, 0.4375, 0.25, 0.40625, 0.1875, 0.375, 0.2578125, 0.1875, 0.25, 0.0625, 0.1875, 0.34375, 0.21875, 0.1875]","[0.203125, 0.203125, 0.15625, 0.328125, 0.171875, 0.1484375, 0.125, 0.296875, 0.25, 0.15625, 0.40625, 0.09375, 0.21875, 0.2578125, 0.125, 0.15625, 0.03125, 0.25, 0.203125, 0.125, 0.203125]",[58],0.3957267046046241,0.4209814088707635
958,6711.015625,"[0.28125, 0.40625, 0.25, 0.328125, 0.3125, 0.265625, 0.109375, 0.53125, 0.4375, 0.25, 0.40625, 0.1875, 0.375, 0.2578125, 0.1875, 0.25, 0.0625, 0.1875, 0.34375, 0.21875, 0.1875]","[0.203125, 0.203125, 0.15625, 0.328125, 0.171875, 0.1484375, 0.125, 0.296875, 0.25, 0.15625, 0.40625, 0.09375, 0.21875, 0.2578125, 0.125, 0.15625, 0.03125, 0.25, 0.203125, 0.125, 0.203125]",[58],0.3957267046046241,0.4209814088707635
959,6789.140625,"[0.28125, 0.40625, 0.25, 0.328125, 0.3125, 0.265625, 0.109375, 0.53125, 0.4375, 0.25, 0.40625, 0.1875, 0.375, 0.2578125, 0.1875, 0.25, 0.3125, 0.1875, 0.34375, 0.21875, 0.1875]","[0.203125, 0.203125, 0.15625, 0.328125, 0.171875, 0.1484375, 0.125, 0.296875, 0.25, 0.15625, 0.40625, 0.09375, 0.21875, 0.2578125, 0.125, 0.15625, 0.15625, 0.25, 0.203125, 0.125, 0.203125]",[85],0.34158886573674796,0.369049812615674
960,6828.984375,"[0.28125, 0.40625, 0.25, 0.328125, 0.3125, 0.265625, 0.109375, 0.53125, 0.4375, 0.25, 0.40625, 0.1875, 0.375, 0.2578125, 0.1875, 0.25, 0.3125, 0.1875, 0.34375, 0.21875, 0.203125]","[0.203125, 0.203125, 0.15625, 0.328125, 0.171875, 0.1484375, 0.125, 0.296875, 0.25, 0.15625, 0.40625, 0.09375, 0.21875, 0.2578125, 0.125, 0.15625, 0.15625, 0.25, 0.203125, 0.125, 0.234375]",[89],0.33825119713362634,0.3679541422172961
961,6848.671875,"[0.28125, 0.40625, 0.25, 0.328125, 0.3125, 0.265625, 0.109375, 0.53125, 0.4375, 0.25, 0.40625, 0.1875, 0.375, 0.2578125, 0.1875, 0.25, 0.3125, 0.1875, 0.34375, 0.21875, 0.203125]","[0.203125, 0.203125, 0.15625, 0.328125, 0.171875, 0.1484375, 0.125, 0.296875, 0.25, 0.15625, 0.40625, 0.09375, 0.21875, 0.2578125, 0.125, 0.15625, 0.15625, 0.25, 0.203125, 0.125, 0.234375]",[89],0.33825119713362634,0.3679541422172961
962,6868.671875,"[0.28125, 0.40625, 0.25, 0.328125, 0.3125, 0.265625, 0.109375, 0.53125, 0.4375, 0.25, 0.40625, 0.21875, 0.375, 0.2578125, 0.1875, 0.25, 0.3125, 0.1875, 0.34375, 0.21875, 0.203125]","[0.203125, 0.203125, 0.15625, 0.328125, 0.171875, 0.1484375, 0.125, 0.296875, 0.25, 0.15625, 0.40625, 0.109375, 0.21875, 0.2578125, 0.125, 0.15625, 0.15625, 0.25, 0.203125, 0.125, 0.234375]",[91],0.33192475588866127,0.36159945949715766
963,6948.359375,"[0.15625, 0.40625, 0.25, 0.328125, 0.3125, 0.265625, 0.109375, 0.53125, 0.4375, 0.25, 0.40625, 0.21875, 0.375, 0.2578125, 0.1875, 0.25, 0.3125, 0.1875, 0.34375, 0.21875, 0.203125]","[0.140625, 0.203125, 0.15625, 0.328125, 0.171875, 0.1484375, 0.125, 0.296875, 0.25, 0.15625, 0.40625, 0.109375, 0.21875, 0.2578125, 0.125, 0.15625, 0.15625, 0.25, 0.203125, 0.125, 0.234375]",[12],0.3536009175784511,0.37303669873193845
964,6948.671875,"[0.15625, 0.40625, 0.25, 0.328125, 0.3125, 0.390625, 0.109375, 0.53125, 0.4375, 0.25, 0.40625, 0.21875, 0.375, 0.2578125, 0.125, 0.25, 0.3125, 0.1875, 0.34375, 0.21875, 0.203125]","[0.140625, 0.203125, 0.15625, 0.328125, 0.171875, 0.2109375, 0.125, 0.296875, 0.25, 0.15625, 0.40625, 0.109375, 0.21875, 0.2578125, 0.0625, 0.15625, 0.15625, 0.25, 0.203125, 0.125, 0.234375]",[19],0.370951191200992,0.3896553293876071
965,6949.140625,"[0.15625, 0.40625, 0.25, 0.328125, 0.3125, 0.390625, 0.109375, 0.53125, 0.4375, 0.25, 0.40625, 0.21875, 0.375, 0.2578125, 0.125, 0.25, 0.3125, 0.1875, 0.34375, 0.21875, 0.203125]","[0.140625, 0.203125, 0.15625, 0.328125, 0.171875, 0.2109375, 0.125, 0.296875, 0.25, 0.15625, 0.40625, 0.109375, 0.21875, 0.2578125, 0.0625, 0.15625, 0.15625, 0.25, 0.203125, 0.125, 0.234375]",[19],0.370951191200992,0.3896553293876071
966,6928.984375,"[0.125, 0.40625, 0.25, 0.328125, 0.3125, 0.375, 0.109375, 0.53125, 0.4375, 0.25, 0.40625, 0.21875, 0.375, 0.2578125, 0.125, 0.25, 0.3125, 0.1875, 0.34375, 0.21875, 0.203125]","[0.09375, 0.203125, 0.15625, 0.328125, 0.171875, 0.203125, 0.125, 0.296875, 0.25, 0.15625, 0.40625, 0.109375, 0.21875, 0.2578125, 0.0625, 0.15625, 0.15625, 0.25, 0.203125, 0.125, 0.234375]",[9],0.37864007628321955,0.4062769365956905
967,6909.140625,"[0.125, 0.40625, 0.25, 0.328125, 0.3125, 0.375, 0.109375, 0.53125, 0.4375, 0.25, 0.40625, 0.21875, 0.375, 0.2578125, 0.125, 0.25, 0.3125, 0.1875, 0.34375, 0.21875, 0.140625]","[0.09375, 0.203125, 0.15625, 0.328125, 0.171875, 0.203125, 0.125, 0.296875, 0.25, 0.15625, 0.40625, 0.109375, 0.21875, 0.2578125, 0.0625, 0.15625, 0.15625, 0.25, 0.203125, 0.125, 0.171875]",[9],0.393411904702713,0.41126981063877904
968,6789.140625,"[0.125, 0.40625, 0.25, 0.328125, 0.3125, 0.375, 0.109375, 0.53125, 0.4375, 0.25, 0.40625, 0.21875, 0.375, 0.2578125, 0.125, 0.375, 0.3125, 0.1875, 0.34375, 0.21875, 0.140625]","[0.09375, 0.203125, 0.15625, 0.328125, 0.171875, 0.203125, 0.125, 0.296875, 0.25, 0.15625, 0.40625, 0.109375, 0.21875, 0.2578125, 0.0625, 0.21875, 0.15625, 0.25, 0.203125, 0.125, 0.171875]",[17],0.39002426087030095,0.4033552941436558
969,6946.640625,"[0.125, 0.40625, 0.25, 0.328125, 0.3125, 0.375, 0.109375, 0.53125, 0.375, 0.25, 0.40625, 0.21875, 0.375, 0.2578125, 0.125, 0.375, 0.3125, 0.1875, 0.34375, 0.21875, 0.140625]","[0.09375, 0.203125, 0.15625, 0.328125, 0.171875, 0.203125, 0.125, 0.296875, 0.1875, 0.15625, 0.40625, 0.109375, 0.21875, 0.2578125, 0.0625, 0.21875, 0.15625, 0.25, 0.203125, 0.125, 0.171875]",[17],0.3830923242354885,0.4052982440952177
970,6789.140625,"[0.125, 0.40625, 0.25, 0.328125, 0.3125, 0.375, 0.109375, 0.53125, 0.375, 0.25, 0.40625, 0.21875, 0.375, 0.2578125, 0.125, 0.375, 0.375, 0.1875, 0.34375, 0.21875, 0.140625]","[0.09375, 0.203125, 0.15625, 0.328125, 0.171875, 0.203125, 0.125, 0.296875, 0.1875, 0.15625, 0.40625, 0.109375, 0.21875, 0.2578125, 0.0625, 0.21875, 0.21875, 0.25, 0.203125, 0.125, 0.171875]",[71],0.3843038221360949,0.39744758336413094
971,6808.828125,"[0.125, 0.40625, 0.25, 0.328125, 0.3125, 0.375, 0.109375, 0.53125, 0.375, 0.25, 0.40625, 0.21875, 0.375, 0.2578125, 0.125, 0.375, 0.375, 0.1875, 0.34375, 0.21875, 0.140625]","[0.09375, 0.203125, 0.15625, 0.328125, 0.171875, 0.203125, 0.125, 0.296875, 0.1875, 0.15625, 0.40625, 0.109375, 0.21875, 0.2578125, 0.0625, 0.21875, 0.21875, 0.25, 0.203125, 0.125, 0.171875]",[71],0.3843038221360949,0.39744758336413094
972,6828.828125,"[0.125, 0.40625, 0.25, 0.328125, 0.28125, 0.375, 0.109375, 0.53125, 0.375, 0.25, 0.40625, 0.21875, 0.375, 0.2578125, 0.125, 0.375, 0.375, 0.1875, 0.34375, 0.21875, 0.140625]","[0.09375, 0.203125, 0.15625, 0.328125, 0.140625, 0.203125, 0.125, 0.296875, 0.1875, 0.15625, 0.40625, 0.109375, 0.21875, 0.2578125, 0.0625, 0.21875, 0.21875, 0.25, 0.203125, 0.125, 0.171875]",[69],0.3859251085198476,0.4043955020406969
973,6828.203125,"[0.125, 0.40625, 0.25, 0.328125, 0.28125, 0.375, 0.109375, 0.53125, 0.375, 0.375, 0.40625, 0.21875, 0.375, 0.2578125, 0.125, 0.375, 0.375, 0.1875, 0.34375, 0.21875, 0.140625]","[0.09375, 0.203125, 0.15625, 0.328125, 0.140625, 0.203125, 0.125, 0.296875, 0.1875, 0.21875, 0.40625, 0.109375, 0.21875, 0.2578125, 0.0625, 0.21875, 0.21875, 0.25, 0.203125, 0.125, 0.171875]",[71],0.3819542371839533,0.3963463064020999
974,6986.953125,"[0.125, 0.40625, 0.25, 0.328125, 0.28125, 0.375, 0.109375, 0.53125, 0.375, 0.375, 0.40625, 0.21875, 0.375, 0.2578125, 0.125, 0.375, 0.375, 0.1875, 0.34375, 0.34375, 0.140625]","[0.09375, 0.203125, 0.15625, 0.328125, 0.140625, 0.203125, 0.125, 0.296875, 0.1875, 0.21875, 0.40625, 0.109375, 0.21875, 0.2578125, 0.0625, 0.21875, 0.21875, 0.25, 0.203125, 0.1875, 0.171875]",[83],0.3715488938173019,0.38209219425688934
975,7026.640625,"[0.125, 0.40625, 0.25, 0.328125, 0.28125, 0.375, 0.109375, 0.53125, 0.375, 0.375, 0.40625, 0.21875, 0.375, 0.2578125, 0.125, 0.375, 0.375, 0.1875, 0.34375, 0.34375, 0.140625]","[0.09375, 0.203125, 0.15625, 0.328125, 0.140625, 0.203125, 0.125, 0.296875, 0.1875, 0.21875, 0.40625, 0.109375, 0.21875, 0.2578125, 0.0625, 0.21875, 0.21875, 0.25, 0.203125, 0.1875, 0.171875]",[83],0.3715488938173019,0.38209219425688934
976,7006.640625,"[0.125, 0.40625, 0.25, 0.328125, 0.28125, 0.375, 0.109375, 0.53125, 0.375, 0.375, 0.40625, 0.21875, 0.375, 0.2578125, 0.15625, 0.375, 0.375, 0.1875, 0.34375, 0.328125, 0.109375]","[0.09375, 0.203125, 0.15625, 0.328125, 0.140625, 0.203125, 0.125, 0.296875, 0.1875, 0.21875, 0.40625, 0.109375, 0.21875, 0.2578125, 0.078125, 0.21875, 0.21875, 0.25, 0.203125, 0.1796875, 0.140625]",[24],0.3723642631583362,0.3827423959665094
977,6946.796875,"[0.125, 0.40625, 0.25, 0.328125, 0.28125, 0.375, 0.109375, 0.53125, 0.375, 0.375, 0.40625, 0.21875, 0.375, 0.2578125, 0.15625, 0.375, 0.375, 0.1875, 0.34375, 0.328125, 0.109375]","[0.09375, 0.203125, 0.15625, 0.328125, 0.140625, 0.203125, 0.125, 0.296875, 0.1875, 0.21875, 0.40625, 0.109375, 0.21875, 0.2578125, 0.078125, 0.21875, 0.21875, 0.25, 0.203125, 0.1796875, 0.140625]",[24],0.3723642631583362,0.3827423959665094
978,6986.796875,"[0.125, 0.40625, 0.25, 0.328125, 0.28125, 0.375, 0.109375, 0.53125, 0.375, 0.375, 0.40625, 0.21875, 0.375, 0.2578125, 0.15625, 0.375, 0.375, 0.1875, 0.34375, 0.328125, 0.109375]","[0.09375, 0.203125, 0.15625, 0.328125, 0.140625, 0.203125, 0.125, 0.296875, 0.1875, 0.21875, 0.40625, 0.109375, 0.21875, 0.2578125, 0.078125, 0.21875, 0.21875, 0.25, 0.203125, 0.1796875, 0.140625]",[24],0.3723642631583362,0.3827423959665094
979,7065.859375,"[0.125, 0.40625, 0.25, 0.328125, 0.28125, 0.375, 0.109375, 0.53125, 0.375, 0.375, 0.40625, 0.21875, 0.375, 0.2578125, 0.15625, 0.375, 0.375, 0.1875, 0.34375, 0.328125, 0.109375]","[0.09375, 0.203125, 0.15625, 0.328125, 0.140625, 0.203125, 0.125, 0.296875, 0.1875, 0.21875, 0.40625, 0.109375, 0.21875, 0.2578125, 0.078125, 0.21875, 0.21875, 0.25, 0.203125, 0.1796875, 0.140625]",[24],0.3723642631583362,0.3827423959665094
980,6946.796875,"[0.125, 0.40625, 0.25, 0.328125, 0.28125, 0.25, 0.109375, 0.53125, 0.375, 0.375, 0.40625, 0.21875, 0.375, 0.2578125, 0.15625, 0.375, 0.375, 0.1875, 0.34375, 0.328125, 0.109375]","[0.09375, 0.203125, 0.15625, 0.328125, 0.140625, 0.140625, 0.125, 0.296875, 0.1875, 0.21875, 0.40625, 0.109375, 0.21875, 0.2578125, 0.078125, 0.21875, 0.21875, 0.25, 0.203125, 0.1796875, 0.140625]",[18],0.3769951271470501,0.3939266660667159
981,6768.28125,"[0.125, 0.40625, 0.25, 0.328125, 0.28125, 0.25, 0.109375, 0.53125, 0.375, 0.375, 0.40625, 0.21875, 0.375, 0.265625, 0.15625, 0.375, 0.375, 0.1875, 0.34375, 0.328125, 0.109375]","[0.09375, 0.203125, 0.15625, 0.328125, 0.140625, 0.140625, 0.125, 0.296875, 0.1875, 0.21875, 0.40625, 0.109375, 0.21875, 0.265625, 0.078125, 0.21875, 0.21875, 0.25, 0.203125, 0.1796875, 0.140625]",[24],0.3761517590148507,0.39468917399009545
982,6807.96875,"[0.125, 0.40625, 0.25, 0.328125, 0.28125, 0.25, 0.109375, 0.53125, 0.375, 0.375, 0.40625, 0.21875, 0.375, 0.265625, 0.15625, 0.375, 0.375, 0.1875, 0.375, 0.328125, 0.109375]","[0.09375, 0.203125, 0.15625, 0.328125, 0.140625, 0.140625, 0.125, 0.296875, 0.1875, 0.21875, 0.40625, 0.109375, 0.21875, 0.265625, 0.078125, 0.21875, 0.21875, 0.25, 0.21875, 0.1796875, 0.140625]",[54],0.377195094152844,0.393765590764382
983,6886.71875,"[0.125, 0.40625, 0.375, 0.328125, 0.28125, 0.25, 0.109375, 0.53125, 0.375, 0.375, 0.40625, 0.21875, 0.25, 0.265625, 0.15625, 0.375, 0.375, 0.1875, 0.375, 0.328125, 0.109375]","[0.09375, 0.203125, 0.21875, 0.328125, 0.140625, 0.140625, 0.125, 0.296875, 0.1875, 0.21875, 0.40625, 0.109375, 0.15625, 0.265625, 0.078125, 0.21875, 0.21875, 0.25, 0.21875, 0.1796875, 0.140625]",[31],0.37719509415284397,0.393765590764382
984,6887.34375,"[0.125, 0.40625, 0.375, 0.328125, 0.28125, 0.25, 0.109375, 0.53125, 0.375, 0.375, 0.40625, 0.21875, 0.25, 0.265625, 0.15625, 0.375, 0.375, 0.1875, 0.375, 0.328125, 0.171875]","[0.09375, 0.203125, 0.21875, 0.328125, 0.140625, 0.140625, 0.125, 0.296875, 0.1875, 0.21875, 0.40625, 0.109375, 0.15625, 0.265625, 0.078125, 0.21875, 0.21875, 0.25, 0.21875, 0.1796875, 0.203125]",[91],0.3591715089753383,0.38246208882683
985,6927.03125,"[0.125, 0.40625, 0.375, 0.328125, 0.28125, 0.25, 0.109375, 0.53125, 0.375, 0.375, 0.40625, 0.21875, 0.28125, 0.265625, 0.15625, 0.375, 0.375, 0.1875, 0.359375, 0.328125, 0.171875]","[0.09375, 0.203125, 0.21875, 0.328125, 0.140625, 0.140625, 0.125, 0.296875, 0.1875, 0.21875, 0.40625, 0.109375, 0.1875, 0.265625, 0.078125, 0.21875, 0.21875, 0.25, 0.2109375, 0.1796875, 0.203125]",[29],0.355138164331097,0.3771240483159498
986,6927.03125,"[0.125, 0.40625, 0.375, 0.328125, 0.28125, 0.25, 0.109375, 0.53125, 0.375, 0.375, 0.40625, 0.21875, 0.28125, 0.265625, 0.15625, 0.375, 0.375, 0.1875, 0.359375, 0.328125, 0.171875]","[0.09375, 0.203125, 0.21875, 0.328125, 0.140625, 0.140625, 0.125, 0.296875, 0.1875, 0.21875, 0.40625, 0.109375, 0.1875, 0.265625, 0.078125, 0.21875, 0.21875, 0.25, 0.2109375, 0.1796875, 0.203125]",[96],0.355138164331097,0.3771240483159498
987,6946.875,"[0.125, 0.40625, 0.375, 0.328125, 0.28125, 0.234375, 0.109375, 0.53125, 0.375, 0.375, 0.40625, 0.21875, 0.25, 0.265625, 0.15625, 0.375, 0.375, 0.1875, 0.359375, 0.328125, 0.171875]","[0.09375, 0.203125, 0.21875, 0.328125, 0.140625, 0.1328125, 0.125, 0.296875, 0.1875, 0.21875, 0.40625, 0.109375, 0.15625, 0.265625, 0.078125, 0.21875, 0.21875, 0.25, 0.2109375, 0.1796875, 0.203125]",[37],0.36064109180459203,0.38513214699904824
988,6927.34375,"[0.125, 0.40625, 0.375, 0.328125, 0.28125, 0.234375, 0.140625, 0.53125, 0.375, 0.375, 0.40625, 0.21875, 0.25, 0.265625, 0.15625, 0.375, 0.375, 0.1875, 0.359375, 0.203125, 0.171875]","[0.09375, 0.203125, 0.21875, 0.328125, 0.140625, 0.1328125, 0.15625, 0.296875, 0.1875, 0.21875, 0.40625, 0.109375, 0.15625, 0.265625, 0.078125, 0.21875, 0.21875, 0.25, 0.2109375, 0.1171875, 0.203125]",[40],0.36359177425172534,0.3922606213422131
989,6927.34375,"[0.125, 0.40625, 0.375, 0.328125, 0.28125, 0.234375, 0.140625, 0.53125, 0.375, 0.375, 0.40625, 0.21875, 0.25, 0.265625, 0.15625, 0.375, 0.375, 0.1875, 0.359375, 0.203125, 0.171875]","[0.09375, 0.203125, 0.21875, 0.328125, 0.140625, 0.1328125, 0.15625, 0.296875, 0.1875, 0.21875, 0.40625, 0.109375, 0.15625, 0.265625, 0.078125, 0.21875, 0.21875, 0.25, 0.2109375, 0.1171875, 0.203125]",[40],0.36359177425172534,0.3922606213422131
990,6807.96875,"[0.125, 0.40625, 0.375, 0.328125, 0.28125, 0.234375, 0.140625, 0.53125, 0.375, 0.375, 0.40625, 0.21875, 0.25, 0.265625, 0.15625, 0.375, 0.375, 0.1875, 0.359375, 0.203125, 0.171875]","[0.09375, 0.203125, 0.21875, 0.328125, 0.140625, 0.1328125, 0.15625, 0.296875, 0.1875, 0.21875, 0.40625, 0.109375, 0.15625, 0.265625, 0.078125, 0.21875, 0.21875, 0.25, 0.2109375, 0.1171875, 0.203125]",[40],0.36359177425172534,0.3922606213422131
991,6788.515625,"[0.125, 0.40625, 0.375, 0.328125, 0.21875, 0.234375, 0.140625, 0.53125, 0.375, 0.375, 0.40625, 0.21875, 0.25, 0.265625, 0.15625, 0.375, 0.375, 0.1875, 0.359375, 0.203125, 0.171875]","[0.09375, 0.203125, 0.21875, 0.328125, 0.109375, 0.1328125, 0.15625, 0.296875, 0.1875, 0.21875, 0.40625, 0.109375, 0.15625, 0.265625, 0.078125, 0.21875, 0.21875, 0.25, 0.2109375, 0.1171875, 0.203125]",[40],0.3712673261173471,0.40223847407393754
992,6728.59375,"[0.1875, 0.40625, 0.375, 0.328125, 0.21875, 0.234375, 0.140625, 0.53125, 0.375, 0.375, 0.40625, 0.21875, 0.25, 0.265625, 0.15625, 0.375, 0.375, 0.1875, 0.359375, 0.203125, 0.171875]","[0.125, 0.203125, 0.21875, 0.328125, 0.109375, 0.1328125, 0.15625, 0.296875, 0.1875, 0.21875, 0.40625, 0.109375, 0.15625, 0.265625, 0.078125, 0.21875, 0.21875, 0.25, 0.2109375, 0.1171875, 0.203125]",[63],0.35450324695914726,0.39078363854601933
993,6808.28125,"[0.1875, 0.40625, 0.25, 0.328125, 0.21875, 0.234375, 0.140625, 0.53125, 0.375, 0.375, 0.40625, 0.21875, 0.25, 0.265625, 0.15625, 0.375, 0.375, 0.1875, 0.359375, 0.203125, 0.203125]","[0.125, 0.203125, 0.15625, 0.328125, 0.109375, 0.1328125, 0.15625, 0.296875, 0.1875, 0.21875, 0.40625, 0.109375, 0.15625, 0.265625, 0.078125, 0.21875, 0.21875, 0.25, 0.2109375, 0.1171875, 0.234375]",[70],0.350298403959535,0.3978367568148174
994,6887.03125,"[0.4375, 0.40625, 0.25, 0.328125, 0.21875, 0.234375, 0.140625, 0.53125, 0.375, 0.375, 0.40625, 0.21875, 0.25, 0.265625, 0.15625, 0.375, 0.375, 0.1875, 0.359375, 0.203125, 0.203125]","[0.25, 0.203125, 0.15625, 0.328125, 0.109375, 0.1328125, 0.15625, 0.296875, 0.1875, 0.21875, 0.40625, 0.109375, 0.15625, 0.265625, 0.078125, 0.21875, 0.21875, 0.25, 0.2109375, 0.1171875, 0.234375]",[92],0.3436343826048991,0.38092640220497337
995,6926.71875,"[0.4375, 0.40625, 0.25, 0.328125, 0.21875, 0.234375, 0.140625, 0.53125, 0.375, 0.375, 0.40625, 0.21875, 0.25, 0.265625, 0.15625, 0.375, 0.375, 0.1875, 0.359375, 0.203125, 0.203125]","[0.25, 0.203125, 0.15625, 0.328125, 0.109375, 0.1328125, 0.15625, 0.296875, 0.1875, 0.21875, 0.40625, 0.109375, 0.15625, 0.265625, 0.078125, 0.21875, 0.21875, 0.25, 0.2109375, 0.1171875, 0.234375]",[92],0.3436343826048991,0.38092640220497337
996,6906.875,"[0.4375, 0.40625, 0.25, 0.203125, 0.21875, 0.234375, 0.140625, 0.53125, 0.375, 0.375, 0.40625, 0.21875, 0.25, 0.265625, 0.15625, 0.375, 0.375, 0.1875, 0.359375, 0.203125, 0.203125]","[0.25, 0.203125, 0.15625, 0.203125, 0.109375, 0.1328125, 0.15625, 0.296875, 0.1875, 0.21875, 0.40625, 0.109375, 0.15625, 0.265625, 0.078125, 0.21875, 0.21875, 0.25, 0.2109375, 0.1171875, 0.234375]",[92],0.35668361528114856,0.3671458185203097
997,6767.96875,"[0.4375, 0.40625, 0.25, 0.203125, 0.21875, 0.234375, 0.140625, 0.53125, 0.375, 0.375, 0.40625, 0.21875, 0.25, 0.265625, 0.15625, 0.375, 0.375, 0.1875, 0.359375, 0.203125, 0.203125]","[0.25, 0.203125, 0.15625, 0.203125, 0.109375, 0.1328125, 0.15625, 0.296875, 0.1875, 0.21875, 0.40625, 0.109375, 0.15625, 0.265625, 0.078125, 0.21875, 0.21875, 0.25, 0.2109375, 0.1171875, 0.234375]",[92],0.35668361528114856,0.3671458185203097
998,6807.65625,"[0.4375, 0.40625, 0.25, 0.203125, 0.21875, 0.296875, 0.140625, 0.53125, 0.375, 0.375, 0.40625, 0.21875, 0.25, 0.265625, 0.15625, 0.375, 0.375, 0.1875, 0.359375, 0.203125, 0.203125]","[0.25, 0.203125, 0.15625, 0.203125, 0.109375, 0.1640625, 0.15625, 0.296875, 0.1875, 0.21875, 0.40625, 0.109375, 0.15625, 0.265625, 0.078125, 0.21875, 0.21875, 0.25, 0.2109375, 0.1171875, 0.234375]",[94],0.3502500661308907,0.3591694902058706
999,6967.03125,"[0.4375, 0.40625, 0.25, 0.203125, 0.21875, 0.296875, 0.203125, 0.53125, 0.375, 0.375, 0.40625, 0.21875, 0.25, 0.265625, 0.15625, 0.375, 0.375, 0.1875, 0.328125, 0.203125, 0.203125]","[0.25, 0.203125, 0.15625, 0.203125, 0.109375, 0.1640625, 0.21875, 0.296875, 0.1875, 0.21875, 0.40625, 0.109375, 0.15625, 0.265625, 0.078125, 0.21875, 0.21875, 0.25, 0.1796875, 0.1171875, 0.234375]",[21],0.33392256840439893,0.35430981296886016
1000,6966.71875,"[0.4375, 0.46875, 0.25, 0.203125, 0.21875, 0.296875, 0.203125, 0.53125, 0.375, 0.375, 0.40625, 0.21875, 0.25, 0.265625, 0.15625, 0.375, 0.375, 0.1875, 0.328125, 0.203125, 0.203125]","[0.25, 0.265625, 0.15625, 0.203125, 0.109375, 0.1640625, 0.21875, 0.296875, 0.1875, 0.21875, 0.40625, 0.109375, 0.15625, 0.265625, 0.078125, 0.21875, 0.21875, 0.25, 0.1796875, 0.1171875, 0.234375]",[96],0.3439994470492467,0.3553741079736412
