Interval,Power_Consumption,CPU_Utilization,Ram_Utilization,Inactivevmids,CPU_Imbalance,Ram_Imbalance
1,229.6875,"[0.0, 0.0, 0.0, 0.0, 0.0, 0.0, 0.0, 0.0, 0.0, 0.0, 0.0, 0.0, 0.0, 0.0, 0.0, 0.0, 0.0, 0.0, 0.0, 0.0, 0.0]","[0.0, 0.0, 0.0, 0.0, 0.0, 0.0, 0.0, 0.0, 0.0, 0.0, 0.0, 0.0, 0.0, 0.0, 0.0, 0.0, 0.0, 0.0, 0.0, 0.0, 0.0]",[0],0.0,0.0
2,249.375,"[0.0625, 0.0, 0.0, 0.0, 0.0, 0.0, 0.0, 0.0, 0.0, 0.0, 0.0, 0.0, 0.0, 0.0, 0.0, 0.0, 0.0, 0.0, 0.0, 0.0, 0.0]","[0.03125, 0.0, 0.0, 0.0, 0.0, 0.0, 0.0, 0.0, 0.0, 0.0, 0.0, 0.0, 0.0, 0.0, 0.0, 0.0, 0.0, 0.0, 0.0, 0.0, 0.0]",[1],4.47213595499958,4.47213595499958
3,328.125,"[0.0625, 0.0, 0.0, 0.0, 0.0, 0.0, 0.0, 0.0, 0.0, 0.0, 0.0, 0.0, 0.0, 0.0, 0.0, 0.0, 0.0, 0.0, 0.0, 0.0, 0.0]","[0.03125, 0.0, 0.0, 0.0, 0.0, 0.0, 0.0, 0.0, 0.0, 0.0, 0.0, 0.0, 0.0, 0.0, 0.0, 0.0, 0.0, 0.0, 0.0, 0.0, 0.0]",[1],4.47213595499958,4.47213595499958
4,406.875,"[0.3125, 0.0, 0.0, 0.0, 0.0, 0.0, 0.0, 0.0, 0.0, 0.0, 0.0, 0.0, 0.0, 0.0, 0.0, 0.0, 0.0, 0.0, 0.0, 0.0, 0.0]","[0.15625, 0.0, 0.0, 0.0, 0.0, 0.0, 0.0, 0.0, 0.0, 0.0, 0.0, 0.0, 0.0, 0.0, 0.0, 0.0, 0.0, 0.0, 0.0, 0.0, 0.0]",[2],4.47213595499958,4.47213595499958
5,446.25,"[0.375, 0.0, 0.0, 0.0, 0.0, 0.0, 0.0, 0.0, 0.0, 0.0, 0.0, 0.0, 0.0, 0.0, 0.0, 0.0, 0.0, 0.0, 0.0, 0.0, 0.0]","[0.21875, 0.0, 0.0, 0.0, 0.0, 0.0, 0.0, 0.0, 0.0, 0.0, 0.0, 0.0, 0.0, 0.0, 0.0, 0.0, 0.0, 0.0, 0.0, 0.0, 0.0]",[3],4.47213595499958,4.47213595499958
6,465.9375,"[0.40625, 0.0, 0.0, 0.0, 0.0, 0.0, 0.0, 0.0, 0.0, 0.0, 0.0, 0.0, 0.0, 0.0, 0.0, 0.0, 0.0, 0.0, 0.0, 0.0, 0.0]","[0.234375, 0.0, 0.0, 0.0, 0.0, 0.0, 0.0, 0.0, 0.0, 0.0, 0.0, 0.0, 0.0, 0.0, 0.0, 0.0, 0.0, 0.0, 0.0, 0.0, 0.0]",[4],4.47213595499958,4.47213595499958
7,505.3125,"[0.40625, 0.0, 0.0, 0.0, 0.0, 0.0, 0.0, 0.0, 0.0, 0.0, 0.0, 0.0, 0.0, 0.0, 0.0, 0.0, 0.0, 0.0, 0.0, 0.0, 0.0]","[0.234375, 0.0, 0.0, 0.0, 0.0, 0.0, 0.0, 0.0, 0.0, 0.0, 0.0, 0.0, 0.0, 0.0, 0.0, 0.0, 0.0, 0.0, 0.0, 0.0, 0.0]",[4],4.47213595499958,4.47213595499958
8,544.6875,"[0.53125, 0.0, 0.0, 0.0, 0.0, 0.0, 0.0, 0.0, 0.0, 0.0, 0.0, 0.0, 0.0, 0.0, 0.0, 0.0, 0.0, 0.0, 0.0, 0.0, 0.0]","[0.296875, 0.0, 0.0, 0.0, 0.0, 0.0, 0.0, 0.0, 0.0, 0.0, 0.0, 0.0, 0.0, 0.0, 0.0, 0.0, 0.0, 0.0, 0.0, 0.0, 0.0]",[5],4.47213595499958,4.47213595499958
9,702.1875,"[0.78125, 0.0, 0.0, 0.0, 0.0, 0.0, 0.0, 0.0, 0.0, 0.0, 0.0, 0.0, 0.0, 0.0, 0.0, 0.0, 0.0, 0.0, 0.0, 0.0, 0.0]","[0.421875, 0.0, 0.0, 0.0, 0.0, 0.0, 0.0, 0.0, 0.0, 0.0, 0.0, 0.0, 0.0, 0.0, 0.0, 0.0, 0.0, 0.0, 0.0, 0.0, 0.0]",[6],4.47213595499958,4.47213595499958
10,741.5625,"[0.78125, 0.0, 0.0, 0.0, 0.0, 0.0, 0.0, 0.0, 0.0, 0.0, 0.0, 0.0, 0.0, 0.0, 0.0, 0.0, 0.0, 0.0, 0.0, 0.0, 0.0]","[0.421875, 0.0, 0.0, 0.0, 0.0, 0.0, 0.0, 0.0, 0.0, 0.0, 0.0, 0.0, 0.0, 0.0, 0.0, 0.0, 0.0, 0.0, 0.0, 0.0, 0.0]",[6],4.47213595499958,4.47213595499958
11,721.875,"[0.8125, 0.0, 0.0, 0.0, 0.0, 0.0, 0.0, 0.0, 0.0, 0.0, 0.0, 0.0, 0.0, 0.0, 0.0, 0.0, 0.0, 0.0, 0.0, 0.0, 0.0]","[0.4375, 0.0, 0.0, 0.0, 0.0, 0.0, 0.0, 0.0, 0.0, 0.0, 0.0, 0.0, 0.0, 0.0, 0.0, 0.0, 0.0, 0.0, 0.0, 0.0, 0.0]",[7],4.47213595499958,4.47213595499958
12,761.25,"[0.8125, 0.0, 0.0, 0.0, 0.0, 0.0, 0.0, 0.0, 0.0, 0.0, 0.0, 0.0, 0.0, 0.0, 0.0, 0.0, 0.0, 0.0, 0.0, 0.0, 0.0]","[0.4375, 0.0, 0.0, 0.0, 0.0, 0.0, 0.0, 0.0, 0.0, 0.0, 0.0, 0.0, 0.0, 0.0, 0.0, 0.0, 0.0, 0.0, 0.0, 0.0, 0.0]",[7],4.47213595499958,4.47213595499958
13,800.625,"[0.9375, 0.0, 0.0, 0.0, 0.0, 0.0, 0.0, 0.0, 0.0, 0.0, 0.0, 0.0, 0.0, 0.0, 0.0, 0.0, 0.0, 0.0, 0.0, 0.0, 0.0]","[0.5, 0.0, 0.0, 0.0, 0.0, 0.0, 0.0, 0.0, 0.0, 0.0, 0.0, 0.0, 0.0, 0.0, 0.0, 0.0, 0.0, 0.0, 0.0, 0.0, 0.0]",[8],4.47213595499958,4.47213595499958
14,800.625,"[0.9375, 0.0, 0.0, 0.0, 0.0, 0.0, 0.0, 0.0, 0.0, 0.0, 0.0, 0.0, 0.0, 0.0, 0.0, 0.0, 0.0, 0.0, 0.0, 0.0, 0.0]","[0.5, 0.0, 0.0, 0.0, 0.0, 0.0, 0.0, 0.0, 0.0, 0.0, 0.0, 0.0, 0.0, 0.0, 0.0, 0.0, 0.0, 0.0, 0.0, 0.0, 0.0]","[8, 9, 10]",4.47213595499958,4.47213595499958
15,997.5,"[0.9375, 0.25, 0.0625, 0.0, 0.0, 0.0, 0.0, 0.0, 0.0, 0.0, 0.0, 0.0, 0.0, 0.0, 0.0, 0.0, 0.0, 0.0, 0.0, 0.0, 0.0]","[0.5, 0.125, 0.0625, 0.0, 0.0, 0.0, 0.0, 0.0, 0.0, 0.0, 0.0, 0.0, 0.0, 0.0, 0.0, 0.0, 0.0, 0.0, 0.0, 0.0, 0.0]","[8, 11]",3.4212570789112005,3.312884937870654
16,1017.1875,"[0.9375, 0.25, 0.0625, 0.0, 0.0, 0.0, 0.0, 0.0, 0.0, 0.0, 0.0, 0.0, 0.0, 0.0, 0.0, 0.0, 0.0, 0.0, 0.0, 0.0, 0.0]","[0.5, 0.125, 0.0625, 0.0, 0.0, 0.0, 0.0, 0.0, 0.0, 0.0, 0.0, 0.0, 0.0, 0.0, 0.0, 0.0, 0.0, 0.0, 0.0, 0.0, 0.0]","[8, 11]",3.4212570789112005,3.312884937870654
17,1036.875,"[0.9375, 0.25, 0.0625, 0.0, 0.0, 0.0, 0.0, 0.0, 0.0, 0.0, 0.0, 0.0, 0.0, 0.0, 0.0, 0.0, 0.0, 0.0, 0.0, 0.0, 0.0]","[0.5, 0.125, 0.0625, 0.0, 0.0, 0.0, 0.0, 0.0, 0.0, 0.0, 0.0, 0.0, 0.0, 0.0, 0.0, 0.0, 0.0, 0.0, 0.0, 0.0, 0.0]","[8, 11]",3.4212570789112005,3.312884937870654
18,1076.25,"[0.9375, 0.375, 0.0625, 0.0, 0.0, 0.0, 0.0, 0.0, 0.0, 0.0, 0.0, 0.0, 0.0, 0.0, 0.0, 0.0, 0.0, 0.0, 0.0, 0.0, 0.0]","[0.5, 0.1875, 0.0625, 0.0, 0.0, 0.0, 0.0, 0.0, 0.0, 0.0, 0.0, 0.0, 0.0, 0.0, 0.0, 0.0, 0.0, 0.0, 0.0, 0.0, 0.0]","[8, 12]",3.2199019542590612,3.129163892586431
19,1233.75,"[0.9375, 0.625, 0.0625, 0.0, 0.0, 0.0, 0.0, 0.0, 0.0, 0.0, 0.0, 0.0, 0.0, 0.0, 0.0, 0.0, 0.0, 0.0, 0.0, 0.0, 0.0]","[0.5, 0.3125, 0.0625, 0.0, 0.0, 0.0, 0.0, 0.0, 0.0, 0.0, 0.0, 0.0, 0.0, 0.0, 0.0, 0.0, 0.0, 0.0, 0.0, 0.0, 0.0]","[8, 13]",3.021128751793151,2.939873661036668
20,1273.125,"[0.9375, 0.625, 0.0625, 0.0, 0.0, 0.0, 0.0, 0.0, 0.0, 0.0, 0.0, 0.0, 0.0, 0.0, 0.0, 0.0, 0.0, 0.0, 0.0, 0.0, 0.0]","[0.5, 0.3125, 0.0625, 0.0, 0.0, 0.0, 0.0, 0.0, 0.0, 0.0, 0.0, 0.0, 0.0, 0.0, 0.0, 0.0, 0.0, 0.0, 0.0, 0.0, 0.0]","[8, 13]",3.021128751793151,2.939873661036668
21,1253.4375,"[0.9375, 0.65625, 0.0625, 0.0, 0.0, 0.0, 0.0, 0.0, 0.0, 0.0, 0.0, 0.0, 0.0, 0.0, 0.0, 0.0, 0.0, 0.0, 0.0, 0.0, 0.0]","[0.5, 0.328125, 0.0625, 0.0, 0.0, 0.0, 0.0, 0.0, 0.0, 0.0, 0.0, 0.0, 0.0, 0.0, 0.0, 0.0, 0.0, 0.0, 0.0, 0.0, 0.0]","[8, 14]",3.0091825765946614,2.9278804349190732
22,1292.8125,"[0.9375, 0.71875, 0.0625, 0.0, 0.0, 0.0, 0.0, 0.0, 0.0, 0.0, 0.0, 0.0, 0.0, 0.0, 0.0, 0.0, 0.0, 0.0, 0.0, 0.0, 0.0]","[0.5, 0.359375, 0.0625, 0.0, 0.0, 0.0, 0.0, 0.0, 0.0, 0.0, 0.0, 0.0, 0.0, 0.0, 0.0, 0.0, 0.0, 0.0, 0.0, 0.0, 0.0]","[8, 15]",2.991337355356918,2.909533211785955
23,1371.5625,"[0.9375, 0.84375, 0.0625, 0.0, 0.0, 0.0, 0.0, 0.0, 0.0, 0.0, 0.0, 0.0, 0.0, 0.0, 0.0, 0.0, 0.0, 0.0, 0.0, 0.0, 0.0]","[0.5, 0.421875, 0.0625, 0.0, 0.0, 0.0, 0.0, 0.0, 0.0, 0.0, 0.0, 0.0, 0.0, 0.0, 0.0, 0.0, 0.0, 0.0, 0.0, 0.0, 0.0]","[8, 16]",2.975143603244272,2.891329860079676
24,1371.5625,"[0.8125, 0.84375, 0.0625, 0.0, 0.0, 0.0, 0.0, 0.0, 0.0, 0.0, 0.0, 0.0, 0.0, 0.0, 0.0, 0.0, 0.0, 0.0, 0.0, 0.0, 0.0]","[0.4375, 0.421875, 0.0625, 0.0, 0.0, 0.0, 0.0, 0.0, 0.0, 0.0, 0.0, 0.0, 0.0, 0.0, 0.0, 0.0, 0.0, 0.0, 0.0, 0.0, 0.0]","[8, 4, 16]",2.963357488273358,2.8677645548555075
25,1332.1875,"[0.8125, 0.84375, 0.0625, 0.0, 0.0, 0.0, 0.0, 0.0, 0.0, 0.0, 0.0, 0.0, 0.0, 0.0, 0.0, 0.0, 0.0, 0.0, 0.0, 0.0, 0.0]","[0.4375, 0.421875, 0.0625, 0.0, 0.0, 0.0, 0.0, 0.0, 0.0, 0.0, 0.0, 0.0, 0.0, 0.0, 0.0, 0.0, 0.0, 0.0, 0.0, 0.0, 0.0]","[8, 4, 16]",2.963357488273358,2.8677645548555075
26,1312.5,"[0.8125, 0.84375, 0.09375, 0.0, 0.0, 0.0, 0.0, 0.0, 0.0, 0.0, 0.0, 0.0, 0.0, 0.0, 0.0, 0.0, 0.0, 0.0, 0.0, 0.0, 0.0]","[0.4375, 0.421875, 0.078125, 0.0, 0.0, 0.0, 0.0, 0.0, 0.0, 0.0, 0.0, 0.0, 0.0, 0.0, 0.0, 0.0, 0.0, 0.0, 0.0, 0.0, 0.0]","[8, 4, 17]",2.910111681705704,2.8234140090795514
27,1351.875,"[0.8125, 0.84375, 0.15625, 0.0, 0.0, 0.0, 0.0, 0.0, 0.0, 0.0, 0.0, 0.0, 0.0, 0.0, 0.0, 0.0, 0.0, 0.0, 0.0, 0.0, 0.0]","[0.4375, 0.421875, 0.109375, 0.0, 0.0, 0.0, 0.0, 0.0, 0.0, 0.0, 0.0, 0.0, 0.0, 0.0, 0.0, 0.0, 0.0, 0.0, 0.0, 0.0, 0.0]","[8, 4, 18]",2.81547025743681,2.7446855279325635
28,1430.625,"[0.8125, 0.84375, 0.15625, 0.0, 0.0, 0.0, 0.0, 0.0, 0.0, 0.0, 0.0, 0.0, 0.0, 0.0, 0.0, 0.0, 0.0, 0.0, 0.0, 0.0, 0.0]","[0.4375, 0.421875, 0.109375, 0.0, 0.0, 0.0, 0.0, 0.0, 0.0, 0.0, 0.0, 0.0, 0.0, 0.0, 0.0, 0.0, 0.0, 0.0, 0.0, 0.0, 0.0]","[8, 4, 18]",2.81547025743681,2.7446855279325635
29,1509.375,"[0.8125, 0.84375, 0.40625, 0.0, 0.0, 0.0, 0.0, 0.0, 0.0, 0.0, 0.0, 0.0, 0.0, 0.0, 0.0, 0.0, 0.0, 0.0, 0.0, 0.0, 0.0]","[0.4375, 0.421875, 0.234375, 0.0, 0.0, 0.0, 0.0, 0.0, 0.0, 0.0, 0.0, 0.0, 0.0, 0.0, 0.0, 0.0, 0.0, 0.0, 0.0, 0.0, 0.0]","[8, 4, 19]",2.566740008254138,2.5394037545399173
30,1548.75,"[0.8125, 0.84375, 0.46875, 0.0, 0.0, 0.0, 0.0, 0.0, 0.0, 0.0, 0.0, 0.0, 0.0, 0.0, 0.0, 0.0, 0.0, 0.0, 0.0, 0.0, 0.0]","[0.4375, 0.421875, 0.296875, 0.0, 0.0, 0.0, 0.0, 0.0, 0.0, 0.0, 0.0, 0.0, 0.0, 0.0, 0.0, 0.0, 0.0, 0.0, 0.0, 0.0, 0.0]","[8, 4, 20]",2.5303520823987427,2.4872942283783943
31,1568.4375,"[0.8125, 0.84375, 0.46875, 0.0, 0.0, 0.0, 0.0, 0.0, 0.0, 0.0, 0.0, 0.0, 0.0, 0.0, 0.0, 0.0, 0.0, 0.0, 0.0, 0.0, 0.0]","[0.4375, 0.421875, 0.296875, 0.0, 0.0, 0.0, 0.0, 0.0, 0.0, 0.0, 0.0, 0.0, 0.0, 0.0, 0.0, 0.0, 0.0, 0.0, 0.0, 0.0, 0.0]","[8, 4, 20]",2.5303520823987427,2.4872942283783943
32,1588.125,"[0.8125, 0.84375, 0.53125, 0.0, 0.0, 0.0, 0.0, 0.0, 0.0, 0.0, 0.0, 0.0, 0.0, 0.0, 0.0, 0.0, 0.0, 0.0, 0.0, 0.0, 0.0]","[0.4375, 0.421875, 0.328125, 0.0, 0.0, 0.0, 0.0, 0.0, 0.0, 0.0, 0.0, 0.0, 0.0, 0.0, 0.0, 0.0, 0.0, 0.0, 0.0, 0.0, 0.0]","[8, 4, 21]",2.5019992006393603,2.4706728591076765
33,1666.875,"[0.8125, 0.84375, 0.53125, 0.0, 0.0, 0.0, 0.0, 0.0, 0.0, 0.0, 0.0, 0.0, 0.0, 0.0, 0.0, 0.0, 0.0, 0.0, 0.0, 0.0, 0.0]","[0.4375, 0.421875, 0.328125, 0.0, 0.0, 0.0, 0.0, 0.0, 0.0, 0.0, 0.0, 0.0, 0.0, 0.0, 0.0, 0.0, 0.0, 0.0, 0.0, 0.0, 0.0]","[8, 4, 21]",2.5019992006393603,2.4706728591076765
34,1745.625,"[0.8125, 0.84375, 0.78125, 0.0, 0.0, 0.0, 0.0, 0.0, 0.0, 0.0, 0.0, 0.0, 0.0, 0.0, 0.0, 0.0, 0.0, 0.0, 0.0, 0.0, 0.0]","[0.4375, 0.421875, 0.453125, 0.0, 0.0, 0.0, 0.0, 0.0, 0.0, 0.0, 0.0, 0.0, 0.0, 0.0, 0.0, 0.0, 0.0, 0.0, 0.0, 0.0, 0.0]","[8, 4, 22]",2.4508984787332992,2.450704466261157
35,1785.0,"[0.8125, 0.84375, 0.84375, 0.0, 0.0, 0.0, 0.0, 0.0, 0.0, 0.0, 0.0, 0.0, 0.0, 0.0, 0.0, 0.0, 0.0, 0.0, 0.0, 0.0, 0.0]","[0.4375, 0.421875, 0.515625, 0.0, 0.0, 0.0, 0.0, 0.0, 0.0, 0.0, 0.0, 0.0, 0.0, 0.0, 0.0, 0.0, 0.0, 0.0, 0.0, 0.0, 0.0]","[8, 4, 23]",2.44993622365971,2.4609029620100324
36,1804.6875,"[0.84375, 0.84375, 0.84375, 0.0, 0.0, 0.0, 0.0, 0.0, 0.0, 0.0, 0.0, 0.0, 0.0, 0.0, 0.0, 0.0, 0.0, 0.0, 0.0, 0.0, 0.0]","[0.453125, 0.421875, 0.515625, 0.0, 0.0, 0.0, 0.0, 0.0, 0.0, 0.0, 0.0, 0.0, 0.0, 0.0, 0.0, 0.0, 0.0, 0.0, 0.0, 0.0, 0.0]","[8, 4, 24]",2.449489742783178,2.459570836735873
37,1844.0625,"[0.84375, 0.84375, 0.90625, 0.0, 0.0, 0.0, 0.0, 0.0, 0.0, 0.0, 0.0, 0.0, 0.0, 0.0, 0.0, 0.0, 0.0, 0.0, 0.0, 0.0, 0.0]","[0.453125, 0.421875, 0.546875, 0.0, 0.0, 0.0, 0.0, 0.0, 0.0, 0.0, 0.0, 0.0, 0.0, 0.0, 0.0, 0.0, 0.0, 0.0, 0.0, 0.0, 0.0]","[8, 4, 25]",2.451148486148229,2.4673694672488935
38,1922.8125,"[0.84375, 0.84375, 0.90625, 0.0, 0.0, 0.0, 0.0, 0.0, 0.0, 0.0, 0.0, 0.0, 0.0, 0.0, 0.0, 0.0, 0.0, 0.0, 0.0, 0.0, 0.0]","[0.453125, 0.421875, 0.546875, 0.0, 0.0, 0.0, 0.0, 0.0, 0.0, 0.0, 0.0, 0.0, 0.0, 0.0, 0.0, 0.0, 0.0, 0.0, 0.0, 0.0, 0.0]","[8, 4, 25]",2.451148486148229,2.4673694672488935
39,1844.0625,"[0.84375, 0.84375, 0.90625, 0.0, 0.0, 0.0, 0.0, 0.0, 0.0, 0.0, 0.0, 0.0, 0.0, 0.0, 0.0, 0.0, 0.0, 0.0, 0.0, 0.0, 0.0]","[0.453125, 0.421875, 0.546875, 0.0, 0.0, 0.0, 0.0, 0.0, 0.0, 0.0, 0.0, 0.0, 0.0, 0.0, 0.0, 0.0, 0.0, 0.0, 0.0, 0.0, 0.0]","[8, 25, 4, 26, 27]",2.451148486148229,2.4673694672488935
40,2040.9375,"[0.84375, 0.84375, 0.90625, 0.0, 0.0, 0.0, 0.0, 0.25, 0.0, 0.0, 0.0, 0.0, 0.0, 0.0, 0.0, 0.0, 0.0, 0.0, 0.0, 0.0, 0.0]","[0.453125, 0.421875, 0.546875, 0.0, 0.0, 0.0, 0.0, 0.125, 0.0, 0.0, 0.0, 0.0, 0.0, 0.0, 0.0, 0.0, 0.0, 0.0, 0.0, 0.0, 0.0]","[8, 25, 4, 27]",2.234366179291446,2.264023738709436
41,2021.25,"[0.84375, 0.84375, 0.90625, 0.0, 0.0, 0.0, 0.0, 0.28125, 0.0, 0.0, 0.0, 0.0, 0.0, 0.0, 0.0, 0.0, 0.0, 0.0, 0.0, 0.0, 0.0]","[0.453125, 0.421875, 0.546875, 0.0, 0.0, 0.0, 0.0, 0.140625, 0.0, 0.0, 0.0, 0.0, 0.0, 0.0, 0.0, 0.0, 0.0, 0.0, 0.0, 0.0, 0.0]","[8, 25, 4, 28]",2.214725592888618,2.2449053432160566
42,2060.625,"[0.84375, 0.84375, 0.90625, 0.0, 0.0, 0.0, 0.0, 0.34375, 0.0, 0.0, 0.0, 0.0, 0.0, 0.0, 0.0, 0.0, 0.0, 0.0, 0.0, 0.0, 0.0]","[0.453125, 0.421875, 0.546875, 0.0, 0.0, 0.0, 0.0, 0.171875, 0.0, 0.0, 0.0, 0.0, 0.0, 0.0, 0.0, 0.0, 0.0, 0.0, 0.0, 0.0, 0.0]","[8, 25, 4, 29]",2.179786974445225,2.210387556241875
43,2139.375,"[0.84375, 0.84375, 0.90625, 0.0, 0.0, 0.0, 0.0, 0.46875, 0.0, 0.0, 0.0, 0.0, 0.0, 0.0, 0.0, 0.0, 0.0, 0.0, 0.0, 0.0, 0.0]","[0.453125, 0.421875, 0.546875, 0.0, 0.0, 0.0, 0.0, 0.234375, 0.0, 0.0, 0.0, 0.0, 0.0, 0.0, 0.0, 0.0, 0.0, 0.0, 0.0, 0.0, 0.0]","[8, 25, 4, 30]",2.1257823118366996,2.155077126826395
44,2296.875,"[0.84375, 0.84375, 0.90625, 0.0, 0.0, 0.0, 0.0, 0.46875, 0.0, 0.0, 0.0, 0.0, 0.0, 0.0, 0.0, 0.0, 0.0, 0.0, 0.0, 0.0, 0.0]","[0.453125, 0.421875, 0.546875, 0.0, 0.0, 0.0, 0.0, 0.234375, 0.0, 0.0, 0.0, 0.0, 0.0, 0.0, 0.0, 0.0, 0.0, 0.0, 0.0, 0.0, 0.0]","[8, 25, 4, 30]",2.1257823118366996,2.155077126826395
45,2178.75,"[0.84375, 0.84375, 0.90625, 0.0, 0.0, 0.0, 0.0, 0.46875, 0.0, 0.0, 0.0, 0.0, 0.0, 0.0, 0.0, 0.0, 0.0, 0.0, 0.0, 0.0, 0.0]","[0.453125, 0.421875, 0.546875, 0.0, 0.0, 0.0, 0.0, 0.234375, 0.0, 0.0, 0.0, 0.0, 0.0, 0.0, 0.0, 0.0, 0.0, 0.0, 0.0, 0.0, 0.0]","[8, 25, 4, 30]",2.1257823118366996,2.155077126826395
46,2159.0625,"[0.84375, 0.84375, 0.90625, 0.0, 0.0, 0.0, 0.0, 0.46875, 0.0, 0.0, 0.0, 0.0, 0.0, 0.0, 0.0, 0.0, 0.0, 0.0, 0.0, 0.0, 0.0]","[0.453125, 0.421875, 0.546875, 0.0, 0.0, 0.0, 0.0, 0.234375, 0.0, 0.0, 0.0, 0.0, 0.0, 0.0, 0.0, 0.0, 0.0, 0.0, 0.0, 0.0, 0.0]","[8, 25, 4, 30]",2.1257823118366996,2.155077126826395
47,2178.75,"[0.84375, 0.84375, 0.90625, 0.0, 0.0, 0.0, 0.0, 0.53125, 0.0, 0.0, 0.0, 0.0, 0.0, 0.0, 0.0, 0.0, 0.0, 0.0, 0.0, 0.0, 0.0]","[0.453125, 0.421875, 0.546875, 0.0, 0.0, 0.0, 0.0, 0.265625, 0.0, 0.0, 0.0, 0.0, 0.0, 0.0, 0.0, 0.0, 0.0, 0.0, 0.0, 0.0, 0.0]","[8, 25, 4, 31]",2.1058964836857483,2.133651596630169
48,2257.5,"[0.84375, 0.84375, 0.90625, 0.0, 0.0, 0.0, 0.0, 0.53125, 0.0, 0.0, 0.0, 0.0, 0.0, 0.0, 0.0, 0.0, 0.0, 0.0, 0.0, 0.0, 0.0]","[0.453125, 0.421875, 0.546875, 0.0, 0.0, 0.0, 0.0, 0.265625, 0.0, 0.0, 0.0, 0.0, 0.0, 0.0, 0.0, 0.0, 0.0, 0.0, 0.0, 0.0, 0.0]","[8, 25, 4, 31]",2.1058964836857483,2.133651596630169
49,2336.25,"[0.84375, 0.84375, 0.90625, 0.0, 0.0, 0.0, 0.0, 0.78125, 0.0, 0.0, 0.0, 0.0, 0.0, 0.0, 0.0, 0.0, 0.0, 0.0, 0.0, 0.0, 0.0]","[0.453125, 0.421875, 0.546875, 0.0, 0.0, 0.0, 0.0, 0.390625, 0.0, 0.0, 0.0, 0.0, 0.0, 0.0, 0.0, 0.0, 0.0, 0.0, 0.0, 0.0, 0.0]","[8, 25, 4, 32]",2.0650431695683915,2.082641581548255
50,2375.625,"[0.84375, 0.84375, 0.90625, 0.0, 0.0, 0.0, 0.0, 0.84375, 0.0, 0.0, 0.0, 0.0, 0.0, 0.0, 0.0, 0.0, 0.0, 0.0, 0.0, 0.0, 0.0]","[0.453125, 0.421875, 0.546875, 0.0, 0.0, 0.0, 0.0, 0.453125, 0.0, 0.0, 0.0, 0.0, 0.0, 0.0, 0.0, 0.0, 0.0, 0.0, 0.0, 0.0, 0.0]","[8, 25, 4, 33]",2.0628152150811396,2.074246851269154
51,2395.3125,"[0.84375, 0.84375, 0.90625, 0.0, 0.0, 0.0, 0.0, 0.875, 0.0, 0.0, 0.0, 0.0, 0.0, 0.0, 0.0, 0.0, 0.0, 0.0, 0.0, 0.0, 0.0]","[0.453125, 0.421875, 0.546875, 0.0, 0.0, 0.0, 0.0, 0.46875, 0.0, 0.0, 0.0, 0.0, 0.0, 0.0, 0.0, 0.0, 0.0, 0.0, 0.0, 0.0, 0.0]","[8, 25, 4, 34]",2.062689293023063,2.0736062564781355
52,2434.6875,"[0.84375, 0.84375, 0.90625, 0.0, 0.0, 0.0, 0.0, 0.875, 0.0, 0.0, 0.0, 0.0, 0.0, 0.0, 0.0, 0.0, 0.0, 0.0, 0.0, 0.0, 0.0]","[0.453125, 0.421875, 0.546875, 0.0, 0.0, 0.0, 0.0, 0.46875, 0.0, 0.0, 0.0, 0.0, 0.0, 0.0, 0.0, 0.0, 0.0, 0.0, 0.0, 0.0, 0.0]","[8, 25, 4, 34]",2.062689293023063,2.0736062564781355
53,2474.0625,"[0.84375, 0.96875, 0.90625, 0.0, 0.0, 0.0, 0.0, 0.875, 0.0, 0.0, 0.0, 0.0, 0.0, 0.0, 0.0, 0.0, 0.0, 0.0, 0.0, 0.0, 0.0]","[0.453125, 0.484375, 0.546875, 0.0, 0.0, 0.0, 0.0, 0.46875, 0.0, 0.0, 0.0, 0.0, 0.0, 0.0, 0.0, 0.0, 0.0, 0.0, 0.0, 0.0, 0.0]","[8, 25, 4, 35]",2.064919887038376,2.068305586706181
54,2474.0625,"[0.84375, 0.96875, 0.90625, 0.0, 0.0, 0.0, 0.0, 0.875, 0.0, 0.0, 0.0, 0.0, 0.0, 0.0, 0.0, 0.0, 0.0, 0.0, 0.0, 0.0, 0.0]","[0.453125, 0.484375, 0.546875, 0.0, 0.0, 0.0, 0.0, 0.46875, 0.0, 0.0, 0.0, 0.0, 0.0, 0.0, 0.0, 0.0, 0.0, 0.0, 0.0, 0.0, 0.0]","[8, 25, 35, 4, 36, 37]",2.064919887038376,2.068305586706181
55,2670.9375,"[0.84375, 0.96875, 0.84375, 0.0, 0.0, 0.0, 0.0, 0.875, 0.25, 0.0625, 0.0, 0.0, 0.0, 0.0, 0.0, 0.0, 0.0, 0.0, 0.0, 0.0, 0.0]","[0.453125, 0.484375, 0.484375, 0.0, 0.0, 0.0, 0.0, 0.46875, 0.125, 0.0625, 0.0, 0.0, 0.0, 0.0, 0.0, 0.0, 0.0, 0.0, 0.0, 0.0, 0.0]","[8, 25, 35, 4, 22]",1.8815825691436598,1.855696371327053
56,2651.25,"[0.84375, 0.90625, 0.84375, 0.0, 0.0, 0.0, 0.0, 0.875, 0.25, 0.0625, 0.0, 0.0, 0.0, 0.0, 0.0, 0.0, 0.0, 0.0, 0.0, 0.0, 0.0]","[0.453125, 0.453125, 0.484375, 0.0, 0.0, 0.0, 0.0, 0.46875, 0.125, 0.0625, 0.0, 0.0, 0.0, 0.0, 0.0, 0.0, 0.0, 0.0, 0.0, 0.0, 0.0]","[8, 25, 35, 4, 14]",1.8760512614254998,1.8529659730462023
57,2631.5625,"[0.84375, 0.90625, 0.84375, 0.0, 0.0, 0.0, 0.0, 0.875, 0.25, 0.0625, 0.0, 0.0, 0.0, 0.0, 0.0, 0.0, 0.0, 0.0, 0.0, 0.0, 0.0]","[0.453125, 0.453125, 0.484375, 0.0, 0.0, 0.0, 0.0, 0.46875, 0.125, 0.0625, 0.0, 0.0, 0.0, 0.0, 0.0, 0.0, 0.0, 0.0, 0.0, 0.0, 0.0]","[8, 25, 35, 4, 14]",1.8760512614254998,1.8529659730462023
58,2670.9375,"[0.84375, 0.90625, 0.84375, 0.0, 0.0, 0.0, 0.0, 0.875, 0.375, 0.0625, 0.0, 0.0, 0.0, 0.0, 0.0, 0.0, 0.0, 0.0, 0.0, 0.0, 0.0]","[0.453125, 0.453125, 0.484375, 0.0, 0.0, 0.0, 0.0, 0.46875, 0.1875, 0.0625, 0.0, 0.0, 0.0, 0.0, 0.0, 0.0, 0.0, 0.0, 0.0, 0.0, 0.0]","[8, 25, 35, 4, 22]",1.8282406843739145,1.807437765379534
59,2828.4375,"[0.84375, 0.90625, 0.84375, 0.0, 0.0, 0.0, 0.0, 0.875, 0.375, 0.0625, 0.0, 0.0, 0.0, 0.0, 0.0, 0.0, 0.0, 0.0, 0.0, 0.0, 0.0]","[0.453125, 0.453125, 0.484375, 0.0, 0.0, 0.0, 0.0, 0.46875, 0.1875, 0.0625, 0.0, 0.0, 0.0, 0.0, 0.0, 0.0, 0.0, 0.0, 0.0, 0.0, 0.0]","[8, 25, 35, 4, 22]",1.8282406843739145,1.807437765379534
60,2710.3125,"[0.84375, 0.90625, 0.8125, 0.0, 0.0, 0.0, 0.0, 0.875, 0.4375, 0.0625, 0.0, 0.0, 0.0, 0.0, 0.0, 0.0, 0.0, 0.0, 0.0, 0.0, 0.0]","[0.453125, 0.453125, 0.46875, 0.0, 0.0, 0.0, 0.0, 0.46875, 0.25, 0.0625, 0.0, 0.0, 0.0, 0.0, 0.0, 0.0, 0.0, 0.0, 0.0, 0.0, 0.0]","[8, 25, 35, 4, 16]",1.809001595490389,1.771883607517303
61,2710.3125,"[0.84375, 0.90625, 0.8125, 0.0, 0.0, 0.0, 0.0, 0.875, 0.4375, 0.0625, 0.0, 0.0, 0.0, 0.0, 0.0, 0.0, 0.0, 0.0, 0.0, 0.0, 0.0]","[0.453125, 0.453125, 0.46875, 0.0, 0.0, 0.0, 0.0, 0.46875, 0.25, 0.0625, 0.0, 0.0, 0.0, 0.0, 0.0, 0.0, 0.0, 0.0, 0.0, 0.0, 0.0]","[8, 25, 35, 4, 16]",1.809001595490389,1.771883607517303
62,2730.0,"[0.84375, 0.90625, 0.8125, 0.0, 0.0, 0.0, 0.0, 0.875, 0.5, 0.0625, 0.0, 0.0, 0.0, 0.0, 0.0, 0.0, 0.0, 0.0, 0.0, 0.0, 0.0]","[0.453125, 0.453125, 0.46875, 0.0, 0.0, 0.0, 0.0, 0.46875, 0.28125, 0.0625, 0.0, 0.0, 0.0, 0.0, 0.0, 0.0, 0.0, 0.0, 0.0, 0.0, 0.0]","[8, 25, 35, 4, 38]",1.7935771367054443,1.759261208575918
63,2808.75,"[0.84375, 0.90625, 0.8125, 0.0, 0.0, 0.0, 0.0, 0.875, 0.5, 0.0625, 0.0, 0.0, 0.0, 0.0, 0.0, 0.0, 0.0, 0.0, 0.0, 0.0, 0.0]","[0.453125, 0.453125, 0.46875, 0.0, 0.0, 0.0, 0.0, 0.46875, 0.28125, 0.0625, 0.0, 0.0, 0.0, 0.0, 0.0, 0.0, 0.0, 0.0, 0.0, 0.0, 0.0]","[8, 25, 35, 4, 38]",1.7935771367054443,1.759261208575918
64,2887.5,"[0.84375, 0.90625, 0.8125, 0.0, 0.0, 0.0, 0.0, 0.875, 0.75, 0.0625, 0.0, 0.0, 0.0, 0.0, 0.0, 0.0, 0.0, 0.0, 0.0, 0.0, 0.0]","[0.453125, 0.453125, 0.46875, 0.0, 0.0, 0.0, 0.0, 0.46875, 0.40625, 0.0625, 0.0, 0.0, 0.0, 0.0, 0.0, 0.0, 0.0, 0.0, 0.0, 0.0, 0.0]","[8, 25, 35, 4, 39]",1.7603193029796913,1.732551541210552
65,2926.875,"[0.84375, 0.90625, 0.8125, 0.0, 0.0, 0.0, 0.0, 0.875, 0.75, 0.0625, 0.0, 0.0, 0.0, 0.0, 0.0, 0.0, 0.0, 0.0, 0.0, 0.0, 0.0]","[0.453125, 0.453125, 0.46875, 0.0, 0.0, 0.0, 0.0, 0.46875, 0.40625, 0.0625, 0.0, 0.0, 0.0, 0.0, 0.0, 0.0, 0.0, 0.0, 0.0, 0.0, 0.0]","[8, 25, 35, 4, 39]",1.7603193029796913,1.732551541210552
66,2907.1875,"[0.78125, 0.90625, 0.75, 0.0, 0.0, 0.0, 0.0, 0.875, 0.75, 0.0625, 0.0, 0.0, 0.0, 0.0, 0.0, 0.0, 0.0, 0.0, 0.0, 0.0, 0.0]","[0.421875, 0.453125, 0.4375, 0.0, 0.0, 0.0, 0.0, 0.46875, 0.40625, 0.0625, 0.0, 0.0, 0.0, 0.0, 0.0, 0.0, 0.0, 0.0, 0.0, 0.0, 0.0]","[8, 25, 35, 0, 4]",1.7621088355176495,1.7309645940705796
67,3005.625,"[0.78125, 0.90625, 0.75, 0.0, 0.0, 0.0, 0.0, 0.875, 0.75, 0.0625, 0.0, 0.0, 0.0, 0.0, 0.0, 0.0, 0.0, 0.0, 0.0, 0.0, 0.0]","[0.421875, 0.453125, 0.4375, 0.0, 0.0, 0.0, 0.0, 0.46875, 0.40625, 0.0625, 0.0, 0.0, 0.0, 0.0, 0.0, 0.0, 0.0, 0.0, 0.0, 0.0, 0.0]","[8, 25, 35, 0]",1.7621088355176495,1.7309645940705796
68,2887.5,"[0.78125, 0.90625, 0.875, 0.0, 0.0, 0.0, 0.0, 0.875, 0.75, 0.0625, 0.0, 0.0, 0.0, 0.0, 0.0, 0.0, 0.0, 0.0, 0.0, 0.0, 0.0]","[0.421875, 0.453125, 0.5, 0.0, 0.0, 0.0, 0.0, 0.46875, 0.40625, 0.0625, 0.0, 0.0, 0.0, 0.0, 0.0, 0.0, 0.0, 0.0, 0.0, 0.0, 0.0]","[8, 25, 35, 4]",1.761608801900767,1.7358685408009138
69,2887.5,"[0.78125, 0.90625, 0.875, 0.0, 0.0, 0.0, 0.0, 0.875, 0.75, 0.0625, 0.0, 0.0, 0.0, 0.0, 0.0, 0.0, 0.0, 0.0, 0.0, 0.0, 0.0]","[0.421875, 0.453125, 0.5, 0.0, 0.0, 0.0, 0.0, 0.46875, 0.40625, 0.0625, 0.0, 0.0, 0.0, 0.0, 0.0, 0.0, 0.0, 0.0, 0.0, 0.0, 0.0]","[8, 25, 35, 4, 17, 39]",1.761608801900767,1.7358685408009138
70,3084.375,"[0.75, 0.90625, 0.875, 0.0, 0.0, 0.0, 0.0, 0.875, 1.0, 0.0625, 0.0, 0.0, 0.0, 0.0, 0.0, 0.0, 0.0, 0.0, 0.0, 0.0, 0.0]","[0.40625, 0.453125, 0.5, 0.0, 0.0, 0.0, 0.0, 0.46875, 0.53125, 0.0625, 0.0, 0.0, 0.0, 0.0, 0.0, 0.0, 0.0, 0.0, 0.0, 0.0, 0.0]","[8, 25, 35, 4, 6]",1.766672187372098,1.7413141066154671
71,3045.0,"[0.75, 0.875, 0.875, 0.0, 0.0, 0.0, 0.0, 0.875, 1.0, 0.0625, 0.0, 0.0, 0.0, 0.0, 0.0, 0.0, 0.0, 0.0, 0.0, 0.0, 0.0]","[0.40625, 0.4375, 0.5, 0.0, 0.0, 0.0, 0.0, 0.46875, 0.53125, 0.0625, 0.0, 0.0, 0.0, 0.0, 0.0, 0.0, 0.0, 0.0, 0.0, 0.0, 0.0]","[8, 25, 35, 4, 6]",1.7663566655313672,1.7419065671797507
72,3045.0,"[0.75, 0.875, 0.875, 0.0, 0.0, 0.0, 0.0, 0.875, 1.0, 0.0625, 0.0, 0.0, 0.0, 0.0, 0.0, 0.0, 0.0, 0.0, 0.0, 0.0, 0.0]","[0.40625, 0.4375, 0.5, 0.0, 0.0, 0.0, 0.0, 0.46875, 0.53125, 0.0625, 0.0, 0.0, 0.0, 0.0, 0.0, 0.0, 0.0, 0.0, 0.0, 0.0, 0.0]","[8, 25, 35, 4, 6]",1.7663566655313672,1.7419065671797507
73,3084.375,"[0.75, 0.875, 0.875, 0.0, 0.0, 0.0, 0.0, 0.875, 1.0, 0.0625, 0.0, 0.0, 0.0, 0.0, 0.0, 0.0, 0.0, 0.0, 0.0, 0.0, 0.0]","[0.40625, 0.4375, 0.5, 0.0, 0.0, 0.0, 0.0, 0.46875, 0.53125, 0.0625, 0.0, 0.0, 0.0, 0.0, 0.0, 0.0, 0.0, 0.0, 0.0, 0.0, 0.0]","[8, 25, 35, 4, 6]",1.7663566655313672,1.7419065671797507
74,3163.125,"[0.75, 0.875, 0.875, 0.0, 0.0, 0.0, 0.0, 0.875, 1.0, 0.0625, 0.0, 0.0, 0.0, 0.0, 0.0, 0.0, 0.0, 0.0, 0.0, 0.0, 0.0]","[0.40625, 0.4375, 0.5, 0.0, 0.0, 0.0, 0.0, 0.46875, 0.53125, 0.0625, 0.0, 0.0, 0.0, 0.0, 0.0, 0.0, 0.0, 0.0, 0.0, 0.0, 0.0]","[8, 25, 35, 4, 6]",1.7663566655313672,1.7419065671797507
75,3045.0,"[0.8125, 0.875, 0.875, 0.0, 0.0, 0.0, 0.0, 0.875, 1.0, 0.0625, 0.0, 0.0, 0.0, 0.0, 0.0, 0.0, 0.0, 0.0, 0.0, 0.0, 0.0]","[0.46875, 0.4375, 0.5, 0.0, 0.0, 0.0, 0.0, 0.46875, 0.53125, 0.0625, 0.0, 0.0, 0.0, 0.0, 0.0, 0.0, 0.0, 0.0, 0.0, 0.0, 0.0]","[8, 25, 35, 4, 13]",1.7628496501088486,1.7380996018425794
76,3064.6875,"[0.8125, 0.875, 0.8125, 0.0, 0.0, 0.0, 0.0, 0.875, 1.0, 0.0625, 0.0, 0.0, 0.0, 0.0, 0.0, 0.0, 0.0, 0.0, 0.0, 0.0, 0.0]","[0.46875, 0.4375, 0.46875, 0.0, 0.0, 0.0, 0.0, 0.46875, 0.53125, 0.0625, 0.0, 0.0, 0.0, 0.0, 0.0, 0.0, 0.0, 0.0, 0.0, 0.0, 0.0]","[8, 25, 35, 4, 13]",1.763996652390506,1.7371676600978792
77,3045.0,"[0.8125, 0.875, 0.8125, 0.0, 0.0, 0.0, 0.0, 0.875, 1.0, 0.0625, 0.0, 0.0, 0.0, 0.0, 0.0, 0.0, 0.0, 0.0, 0.0, 0.0, 0.0]","[0.46875, 0.4375, 0.46875, 0.0, 0.0, 0.0, 0.0, 0.46875, 0.53125, 0.0625, 0.0, 0.0, 0.0, 0.0, 0.0, 0.0, 0.0, 0.0, 0.0, 0.0, 0.0]","[8, 25, 35, 4, 13]",1.763996652390506,1.7371676600978792
78,3084.375,"[0.8125, 0.875, 0.8125, 0.0, 0.0, 0.0, 0.0, 0.875, 1.0, 0.0625, 0.0, 0.0, 0.0, 0.0, 0.0, 0.0, 0.0, 0.0, 0.0, 0.0, 0.0]","[0.46875, 0.4375, 0.46875, 0.0, 0.0, 0.0, 0.0, 0.46875, 0.53125, 0.0625, 0.0, 0.0, 0.0, 0.0, 0.0, 0.0, 0.0, 0.0, 0.0, 0.0, 0.0]","[8, 25, 35, 4, 13]",1.763996652390506,1.7371676600978792
79,3005.625,"[0.8125, 0.875, 0.8125, 0.0, 0.0, 0.0, 0.0, 0.875, 1.0, 0.0625, 0.0, 0.0, 0.0, 0.0, 0.0, 0.0, 0.0, 0.0, 0.0, 0.0, 0.0]","[0.46875, 0.4375, 0.46875, 0.0, 0.0, 0.0, 0.0, 0.46875, 0.53125, 0.0625, 0.0, 0.0, 0.0, 0.0, 0.0, 0.0, 0.0, 0.0, 0.0, 0.0, 0.0]","[8, 25, 35, 4, 13, 24, 39]",1.763996652390506,1.7371676600978792
80,3202.5,"[0.8125, 0.875, 0.8125, 0.0, 0.0, 0.0, 0.0, 0.875, 1.0, 0.3125, 0.0, 0.0, 0.0, 0.0, 0.0, 0.0, 0.0, 0.0, 0.0, 0.0, 0.0]","[0.46875, 0.4375, 0.46875, 0.0, 0.0, 0.0, 0.0, 0.46875, 0.53125, 0.1875, 0.0, 0.0, 0.0, 0.0, 0.0, 0.0, 0.0, 0.0, 0.0, 0.0, 0.0]","[8, 25, 35, 4, 13, 39]",1.6656530250925607,1.653867171528262
81,3182.8125,"[0.8125, 0.875, 0.8125, 0.0, 0.0, 0.0, 0.0, 0.875, 1.0, 0.09375, 0.0, 0.0, 0.0, 0.0, 0.0, 0.0, 0.0, 0.0, 0.0, 0.0, 0.0]","[0.46875, 0.4375, 0.46875, 0.0, 0.0, 0.0, 0.0, 0.46875, 0.53125, 0.078125, 0.0, 0.0, 0.0, 0.0, 0.0, 0.0, 0.0, 0.0, 0.0, 0.0, 0.0]","[8, 25, 35, 4, 13, 24]",1.7491466241172482,1.7246450603536365
82,3064.6875,"[0.8125, 0.875, 0.8125, 0.0, 0.0, 0.0, 0.0, 0.875, 1.0, 0.15625, 0.0, 0.0, 0.0, 0.0, 0.0, 0.0, 0.0, 0.0, 0.0, 0.0, 0.0]","[0.46875, 0.4375, 0.46875, 0.0, 0.0, 0.0, 0.0, 0.46875, 0.53125, 0.109375, 0.0, 0.0, 0.0, 0.0, 0.0, 0.0, 0.0, 0.0, 0.0, 0.0, 0.0]","[8, 25, 35, 4, 13]",1.721708633396352,1.7014641988823391
83,3143.4375,"[0.8125, 0.875, 0.8125, 0.0, 0.0, 0.0, 0.0, 0.875, 1.0, 0.15625, 0.0, 0.0, 0.0, 0.0, 0.0, 0.0, 0.0, 0.0, 0.0, 0.0, 0.0]","[0.46875, 0.4375, 0.46875, 0.0, 0.0, 0.0, 0.0, 0.46875, 0.53125, 0.109375, 0.0, 0.0, 0.0, 0.0, 0.0, 0.0, 0.0, 0.0, 0.0, 0.0, 0.0]","[8, 25, 35, 4, 13]",1.721708633396352,1.7014641988823391
84,3064.6875,"[0.8125, 0.875, 0.8125, 0.0, 0.0, 0.0, 0.0, 0.875, 1.0, 0.15625, 0.0, 0.0, 0.0, 0.0, 0.0, 0.0, 0.0, 0.0, 0.0, 0.0, 0.0]","[0.46875, 0.4375, 0.46875, 0.0, 0.0, 0.0, 0.0, 0.46875, 0.53125, 0.109375, 0.0, 0.0, 0.0, 0.0, 0.0, 0.0, 0.0, 0.0, 0.0, 0.0, 0.0]","[8, 25, 35, 4, 13, 40, 41]",1.721708633396352,1.7014641988823391
85,3261.5625,"[0.8125, 0.875, 0.8125, 0.0, 0.0, 0.0, 0.0, 0.875, 1.0, 0.40625, 0.0, 0.0, 0.0, 0.0, 0.0625, 0.0, 0.0, 0.0, 0.0, 0.0, 0.0]","[0.46875, 0.4375, 0.46875, 0.0, 0.0, 0.0, 0.0, 0.46875, 0.53125, 0.234375, 0.0, 0.0, 0.0, 0.0, 0.0625, 0.0, 0.0, 0.0, 0.0, 0.0, 0.0]","[8, 25, 35, 4, 13, 42]",1.6120255676636301,1.582841202616135
86,3281.25,"[0.8125, 0.875, 0.8125, 0.0, 0.0, 0.0, 0.0, 0.875, 1.0, 0.40625, 0.0, 0.0, 0.0, 0.0, 0.0625, 0.0, 0.0, 0.0, 0.0, 0.0, 0.0]","[0.46875, 0.4375, 0.46875, 0.0, 0.0, 0.0, 0.0, 0.46875, 0.53125, 0.234375, 0.0, 0.0, 0.0, 0.0, 0.0625, 0.0, 0.0, 0.0, 0.0, 0.0, 0.0]","[8, 25, 35, 4, 13, 42]",1.6120255676636301,1.582841202616135
87,3300.9375,"[0.8125, 0.875, 0.8125, 0.0, 0.0, 0.0, 0.0, 0.875, 1.0, 0.40625, 0.0, 0.0, 0.0, 0.0, 0.0625, 0.0, 0.0, 0.0, 0.0, 0.0, 0.0]","[0.46875, 0.4375, 0.46875, 0.0, 0.0, 0.0, 0.0, 0.46875, 0.53125, 0.234375, 0.0, 0.0, 0.0, 0.0, 0.0625, 0.0, 0.0, 0.0, 0.0, 0.0, 0.0]","[8, 25, 35, 4, 13, 42]",1.6120255676636301,1.582841202616135
88,3340.3125,"[0.8125, 0.875, 0.8125, 0.0, 0.0, 0.0, 0.0, 0.875, 1.0, 0.53125, 0.0, 0.0, 0.0, 0.0, 0.0625, 0.0, 0.0, 0.0, 0.0, 0.0, 0.0]","[0.46875, 0.4375, 0.46875, 0.0, 0.0, 0.0, 0.0, 0.46875, 0.53125, 0.296875, 0.0, 0.0, 0.0, 0.0, 0.0625, 0.0, 0.0, 0.0, 0.0, 0.0, 0.0]","[8, 25, 35, 4, 13, 43]",1.5872997790538221,1.5621230973993603
89,3497.8125,"[0.8125, 0.875, 0.8125, 0.0, 0.0, 0.0, 0.0, 0.875, 1.0, 0.78125, 0.0, 0.0, 0.0, 0.0, 0.0625, 0.0, 0.0, 0.0, 0.0, 0.0, 0.0]","[0.46875, 0.4375, 0.46875, 0.0, 0.0, 0.0, 0.0, 0.46875, 0.53125, 0.421875, 0.0, 0.0, 0.0, 0.0, 0.0625, 0.0, 0.0, 0.0, 0.0, 0.0, 0.0]","[8, 25, 35, 4, 13, 44]",1.5631380693662018,1.5416810420339342
90,3537.1875,"[0.8125, 0.875, 0.8125, 0.0, 0.0, 0.0, 0.0, 0.875, 1.0, 0.84375, 0.0, 0.0, 0.0, 0.0, 0.0625, 0.0, 0.0, 0.0, 0.0, 0.0, 0.0]","[0.46875, 0.4375, 0.46875, 0.0, 0.0, 0.0, 0.0, 0.46875, 0.53125, 0.484375, 0.0, 0.0, 0.0, 0.0, 0.0625, 0.0, 0.0, 0.0, 0.0, 0.0, 0.0]","[8, 25, 35, 4, 13, 45]",1.5616818434994417,1.5405153944433754
91,3556.875,"[0.8125, 0.875, 0.8125, 0.0, 0.0, 0.0, 0.0, 0.875, 1.0, 0.84375, 0.0, 0.0, 0.0, 0.0, 0.0625, 0.0, 0.0, 0.0, 0.0, 0.0, 0.0]","[0.46875, 0.4375, 0.46875, 0.0, 0.0, 0.0, 0.0, 0.46875, 0.53125, 0.484375, 0.0, 0.0, 0.0, 0.0, 0.0625, 0.0, 0.0, 0.0, 0.0, 0.0, 0.0]","[8, 25, 35, 4, 13, 45]",1.5616818434994417,1.5405153944433754
92,3576.5625,"[0.8125, 0.875, 0.8125, 0.0, 0.0, 0.0, 0.0, 0.875, 1.0, 0.84375, 0.0, 0.0, 0.0, 0.0, 0.0625, 0.0, 0.0, 0.0, 0.0, 0.0, 0.0]","[0.46875, 0.4375, 0.46875, 0.0, 0.0, 0.0, 0.0, 0.46875, 0.53125, 0.484375, 0.0, 0.0, 0.0, 0.0, 0.0625, 0.0, 0.0, 0.0, 0.0, 0.0, 0.0]","[8, 25, 35, 4, 13, 45]",1.5616818434994417,1.5405153944433754
93,3615.9375,"[0.8125, 0.875, 0.8125, 0.0, 0.0, 0.0, 0.0, 0.875, 1.0, 0.84375, 0.0, 0.0, 0.0, 0.0, 0.0625, 0.0, 0.0, 0.0, 0.0, 0.0, 0.0]","[0.46875, 0.4375, 0.46875, 0.0, 0.0, 0.0, 0.0, 0.46875, 0.53125, 0.484375, 0.0, 0.0, 0.0, 0.0, 0.0625, 0.0, 0.0, 0.0, 0.0, 0.0, 0.0]","[8, 25, 35, 4, 13, 45]",1.5616818434994417,1.5405153944433754
94,3537.1875,"[0.8125, 0.875, 0.8125, 0.0, 0.0, 0.0, 0.0, 0.875, 1.0, 0.84375, 0.0, 0.0, 0.0, 0.0, 0.0625, 0.0, 0.0, 0.0, 0.0, 0.0, 0.0]","[0.46875, 0.4375, 0.46875, 0.0, 0.0, 0.0, 0.0, 0.46875, 0.53125, 0.484375, 0.0, 0.0, 0.0, 0.0, 0.0625, 0.0, 0.0, 0.0, 0.0, 0.0, 0.0]","[8, 25, 35, 4, 13, 45, 46, 47]",1.5616818434994417,1.5405153944433754
95,3734.0625,"[0.8125, 0.875, 0.75, 0.0, 0.0, 0.0, 0.0, 0.875, 1.0, 0.84375, 0.0, 0.0, 0.0, 0.0, 0.3125, 0.0625, 0.0, 0.0, 0.0, 0.0, 0.0]","[0.46875, 0.4375, 0.40625, 0.0, 0.0, 0.0, 0.0, 0.46875, 0.53125, 0.484375, 0.0, 0.0, 0.0, 0.0, 0.1875, 0.0625, 0.0, 0.0, 0.0, 0.0, 0.0]","[8, 25, 35, 4, 13, 45, 10]",1.461170309305241,1.434541484313703
96,3871.875,"[0.8125, 0.875, 1.0, 0.0, 0.0, 0.0, 0.0, 0.875, 1.0, 0.84375, 0.0, 0.0, 0.0, 0.0, 0.34375, 0.0625, 0.0, 0.0, 0.0, 0.0, 0.0]","[0.46875, 0.4375, 0.53125, 0.0, 0.0, 0.0, 0.0, 0.46875, 0.53125, 0.484375, 0.0, 0.0, 0.0, 0.0, 0.203125, 0.0625, 0.0, 0.0, 0.0, 0.0, 0.0]","[8, 25, 35, 4, 13, 48]",1.4572768830865652,1.4313893364580974
97,3911.25,"[0.875, 0.875, 1.0, 0.0, 0.0, 0.0, 0.0, 0.875, 1.0, 0.84375, 0.0, 0.0, 0.0, 0.0, 0.34375, 0.0625, 0.0, 0.0, 0.0, 0.0, 0.0]","[0.5, 0.4375, 0.53125, 0.0, 0.0, 0.0, 0.0, 0.46875, 0.53125, 0.484375, 0.0, 0.0, 0.0, 0.0, 0.203125, 0.0625, 0.0, 0.0, 0.0, 0.0, 0.0]","[8, 25, 35, 4, 13, 49]",1.4566118123690337,1.4322445137797988
98,3990.0,"[0.875, 0.875, 1.0, 0.0, 0.0, 0.0, 0.0, 0.875, 1.0, 0.84375, 0.0, 0.0, 0.0, 0.0, 0.34375, 0.0625, 0.0, 0.0, 0.0, 0.0, 0.0]","[0.5, 0.4375, 0.53125, 0.0, 0.0, 0.0, 0.0, 0.46875, 0.53125, 0.484375, 0.0, 0.0, 0.0, 0.0, 0.203125, 0.0625, 0.0, 0.0, 0.0, 0.0, 0.0]","[8, 25, 35, 4, 13, 49]",1.4566118123690337,1.4322445137797988
99,3911.25,"[0.875, 0.875, 1.0, 0.0, 0.0, 0.0, 0.0, 0.875, 1.0, 0.84375, 0.0, 0.0, 0.0, 0.0, 0.34375, 0.0625, 0.0, 0.0, 0.0, 0.0, 0.0]","[0.5, 0.4375, 0.53125, 0.0, 0.0, 0.0, 0.0, 0.46875, 0.53125, 0.484375, 0.0, 0.0, 0.0, 0.0, 0.203125, 0.0625, 0.0, 0.0, 0.0, 0.0, 0.0]","[8, 25, 35, 4, 13, 49, 50, 51]",1.4566118123690337,1.4322445137797988
100,4108.125,"[0.875, 0.875, 1.0, 0.0, 0.0, 0.0, 0.0, 0.875, 1.0, 0.84375, 0.0, 0.0, 0.0, 0.0, 0.59375, 0.0625, 0.0, 0.0, 0.0, 0.0, 0.0]","[0.5, 0.4375, 0.53125, 0.0, 0.0, 0.0, 0.0, 0.46875, 0.53125, 0.484375, 0.0, 0.0, 0.0, 0.0, 0.328125, 0.0625, 0.0, 0.0, 0.0, 0.0, 0.0]","[8, 25, 35, 4, 13, 49, 51]",1.4153727012281692,1.39720407586975
101,4088.4375,"[0.875, 0.875, 1.0, 0.0, 0.0, 0.0, 0.0, 0.875, 1.0, 0.84375, 0.0, 0.0, 0.0, 0.0, 0.59375, 0.0625, 0.0, 0.0, 0.0, 0.0, 0.0]","[0.5, 0.4375, 0.53125, 0.0, 0.0, 0.0, 0.0, 0.46875, 0.53125, 0.484375, 0.0, 0.0, 0.0, 0.0, 0.328125, 0.0625, 0.0, 0.0, 0.0, 0.0, 0.0]","[8, 25, 35, 4, 13, 49, 51]",1.4153727012281692,1.39720407586975
102,4108.125,"[0.875, 0.875, 1.0, 0.0, 0.0, 0.0, 0.0, 0.875, 1.0, 0.84375, 0.0, 0.0, 0.0, 0.0, 0.59375, 0.0625, 0.0, 0.0, 0.0, 0.0, 0.0]","[0.5, 0.4375, 0.53125, 0.0, 0.0, 0.0, 0.0, 0.46875, 0.53125, 0.484375, 0.0, 0.0, 0.0, 0.0, 0.328125, 0.0625, 0.0, 0.0, 0.0, 0.0, 0.0]","[8, 25, 35, 4, 13, 49, 51]",1.4153727012281692,1.39720407586975
103,4147.5,"[0.875, 0.875, 1.0, 0.0, 0.0, 0.0, 0.0, 0.875, 1.0, 0.84375, 0.0, 0.0, 0.0, 0.0, 0.59375, 0.0625, 0.0, 0.0, 0.0, 0.0, 0.0]","[0.5, 0.4375, 0.53125, 0.0, 0.0, 0.0, 0.0, 0.46875, 0.53125, 0.484375, 0.0, 0.0, 0.0, 0.0, 0.328125, 0.0625, 0.0, 0.0, 0.0, 0.0, 0.0]","[8, 25, 35, 4, 13, 49, 51]",1.4153727012281692,1.39720407586975
104,4226.25,"[0.875, 0.875, 1.0, 0.0, 0.0, 0.0, 0.0, 0.875, 1.0, 0.84375, 0.0, 0.0, 0.0, 0.0, 0.84375, 0.0625, 0.0, 0.0, 0.0, 0.0, 0.0]","[0.5, 0.4375, 0.53125, 0.0, 0.0, 0.0, 0.0, 0.46875, 0.53125, 0.484375, 0.0, 0.0, 0.0, 0.0, 0.453125, 0.0625, 0.0, 0.0, 0.0, 0.0, 0.0]","[8, 25, 35, 4, 13, 49, 52]",1.399301605337092,1.3833596619189439
105,4265.625,"[0.875, 0.875, 1.0, 0.0, 0.0, 0.0, 0.0, 0.875, 1.0, 0.84375, 0.0, 0.0, 0.0, 0.0, 0.90625, 0.0625, 0.0, 0.0, 0.0, 0.0, 0.0]","[0.5, 0.4375, 0.53125, 0.0, 0.0, 0.0, 0.0, 0.46875, 0.53125, 0.484375, 0.0, 0.0, 0.0, 0.0, 0.515625, 0.0625, 0.0, 0.0, 0.0, 0.0, 0.0]","[8, 25, 35, 4, 13, 49, 53]",1.398681764952861,1.3832653881858774
106,4285.3125,"[0.875, 0.875, 1.0, 0.0, 0.0, 0.0, 0.0, 0.875, 1.0, 0.84375, 0.0, 0.0, 0.0, 0.0, 0.90625, 0.0625, 0.0, 0.0, 0.0, 0.0, 0.0]","[0.5, 0.4375, 0.53125, 0.0, 0.0, 0.0, 0.0, 0.46875, 0.53125, 0.484375, 0.0, 0.0, 0.0, 0.0, 0.515625, 0.0625, 0.0, 0.0, 0.0, 0.0, 0.0]","[8, 25, 35, 4, 13, 49, 53]",1.398681764952861,1.3832653881858774
107,4305.0,"[0.875, 0.875, 1.0, 0.0, 0.0, 0.0, 0.0, 0.875, 1.0, 0.84375, 0.0, 0.0, 0.0, 0.0, 0.90625, 0.0625, 0.0, 0.0, 0.0, 0.0, 0.0]","[0.5, 0.4375, 0.53125, 0.0, 0.0, 0.0, 0.0, 0.46875, 0.53125, 0.484375, 0.0, 0.0, 0.0, 0.0, 0.515625, 0.0625, 0.0, 0.0, 0.0, 0.0, 0.0]","[8, 25, 35, 4, 13, 49, 53]",1.398681764952861,1.3832653881858774
108,4344.375,"[0.875, 0.625, 1.0, 0.0, 0.0, 0.0, 0.0, 0.875, 1.0, 0.84375, 0.0, 0.0, 0.0, 0.0, 0.90625, 0.0625, 0.0, 0.0, 0.0, 0.0, 0.0]","[0.5, 0.3125, 0.53125, 0.0, 0.0, 0.0, 0.0, 0.46875, 0.53125, 0.484375, 0.0, 0.0, 0.0, 0.0, 0.515625, 0.0625, 0.0, 0.0, 0.0, 0.0, 0.0]","[8, 25, 35, 4, 13, 49, 12]",1.4122100808729312,1.400533162873359
109,4265.625,"[0.875, 0.625, 1.0, 0.0, 0.0, 0.0, 0.0, 0.875, 1.0, 0.84375, 0.0, 0.0, 0.0, 0.0, 0.90625, 0.0625, 0.0, 0.0, 0.0, 0.0, 0.0]","[0.5, 0.3125, 0.53125, 0.0, 0.0, 0.0, 0.0, 0.46875, 0.53125, 0.484375, 0.0, 0.0, 0.0, 0.0, 0.515625, 0.0625, 0.0, 0.0, 0.0, 0.0, 0.0]","[8, 25, 35, 4, 13, 49, 12]",1.4122100808729312,1.400533162873359
110,4147.5,"[0.875, 0.6875, 1.0, 0.0, 0.0, 0.0, 0.0, 0.875, 1.0, 0.84375, 0.0, 0.0, 0.0, 0.0, 0.90625, 0.0625, 0.0, 0.0, 0.0, 0.0, 0.0]","[0.5, 0.375, 0.53125, 0.0, 0.0, 0.0, 0.0, 0.46875, 0.53125, 0.484375, 0.0, 0.0, 0.0, 0.0, 0.515625, 0.0625, 0.0, 0.0, 0.0, 0.0, 0.0]","[8, 25, 35, 4, 13, 49, 53]",1.4067160338888585,1.3895063962870484
111,4167.1875,"[0.875, 0.71875, 1.0, 0.0, 0.0, 0.0, 0.0, 0.875, 1.0, 0.84375, 0.0, 0.0, 0.0, 0.0, 0.90625, 0.0625, 0.0, 0.0, 0.0, 0.0, 0.0]","[0.5, 0.390625, 0.53125, 0.0, 0.0, 0.0, 0.0, 0.46875, 0.53125, 0.484375, 0.0, 0.0, 0.0, 0.0, 0.515625, 0.0625, 0.0, 0.0, 0.0, 0.0, 0.0]","[8, 25, 35, 4, 13, 49, 54]",1.404519114755746,1.3875138033494696
112,4206.5625,"[0.875, 0.78125, 1.0, 0.0, 0.0, 0.0, 0.0, 0.875, 1.0, 0.84375, 0.0, 0.0, 0.0, 0.0, 0.90625, 0.0625, 0.0, 0.0, 0.0, 0.0, 0.0]","[0.5, 0.421875, 0.53125, 0.0, 0.0, 0.0, 0.0, 0.46875, 0.53125, 0.484375, 0.0, 0.0, 0.0, 0.0, 0.515625, 0.0625, 0.0, 0.0, 0.0, 0.0, 0.0]","[8, 25, 35, 4, 13, 49, 55]",1.4011812823118708,1.3843998566032008
113,4285.3125,"[0.875, 0.90625, 1.0, 0.0, 0.0, 0.0, 0.0, 0.875, 1.0, 0.84375, 0.0, 0.0, 0.0, 0.0, 0.90625, 0.0625, 0.0, 0.0, 0.0, 0.0, 0.0]","[0.5, 0.484375, 0.53125, 0.0, 0.0, 0.0, 0.0, 0.46875, 0.53125, 0.484375, 0.0, 0.0, 0.0, 0.0, 0.515625, 0.0625, 0.0, 0.0, 0.0, 0.0, 0.0]","[8, 25, 35, 4, 13, 49, 56]",1.3984818886215982,1.381473331147829
114,4285.3125,"[0.875, 0.90625, 1.0, 0.0, 0.0, 0.0, 0.0, 0.875, 1.0, 0.84375, 0.0, 0.0, 0.0, 0.0, 0.90625, 0.0625, 0.0, 0.0, 0.0, 0.0, 0.0]","[0.5, 0.484375, 0.53125, 0.0, 0.0, 0.0, 0.0, 0.46875, 0.53125, 0.484375, 0.0, 0.0, 0.0, 0.0, 0.515625, 0.0625, 0.0, 0.0, 0.0, 0.0, 0.0]","[8, 25, 35, 4, 13, 49, 56, 57]",1.3984818886215982,1.381473331147829
115,4324.6875,"[0.875, 0.90625, 1.0, 0.0, 0.0, 0.0, 0.0, 0.75, 1.0, 0.84375, 0.0, 0.0, 0.0, 0.0, 0.90625, 0.0625, 0.0, 0.0, 0.0, 0.0, 0.0]","[0.5, 0.484375, 0.53125, 0.0, 0.0, 0.0, 0.0, 0.40625, 0.53125, 0.484375, 0.0, 0.0, 0.0, 0.0, 0.515625, 0.0625, 0.0, 0.0, 0.0, 0.0, 0.0]","[8, 25, 35, 4, 13, 49, 29, 56]",1.4026352930271846,1.3855978787084953
116,4383.75,"[0.875, 0.90625, 1.0, 0.0, 0.0, 0.0, 0.0, 0.75, 1.0, 0.84375, 0.0, 0.0, 0.0, 0.0, 0.90625, 0.09375, 0.0, 0.0, 0.0, 0.0, 0.0]","[0.5, 0.484375, 0.53125, 0.0, 0.0, 0.0, 0.0, 0.40625, 0.53125, 0.484375, 0.0, 0.0, 0.0, 0.0, 0.515625, 0.078125, 0.0, 0.0, 0.0, 0.0, 0.0]","[8, 25, 35, 4, 13, 49, 29]",1.393157607722064,1.3776063871148825
117,4265.625,"[0.875, 0.90625, 1.0, 0.0, 0.0, 0.0, 0.0, 0.75, 1.0, 0.59375, 0.0, 0.0, 0.0, 0.0, 0.90625, 0.09375, 0.0, 0.0, 0.0, 0.0, 0.0]","[0.5, 0.484375, 0.53125, 0.0, 0.0, 0.0, 0.0, 0.40625, 0.53125, 0.359375, 0.0, 0.0, 0.0, 0.0, 0.515625, 0.078125, 0.0, 0.0, 0.0, 0.0, 0.0]","[8, 25, 35, 4, 13, 49, 29]",1.4087916373797156,1.3868998841344207
118,4305.0,"[0.875, 0.90625, 1.0, 0.0, 0.0, 0.0, 0.0, 1.0, 1.0, 0.71875, 0.0, 0.0, 0.0, 0.0, 0.90625, 0.09375, 0.0, 0.0, 0.0, 0.0, 0.0]","[0.5, 0.484375, 0.53125, 0.0, 0.0, 0.0, 0.0, 0.53125, 0.53125, 0.421875, 0.0, 0.0, 0.0, 0.0, 0.515625, 0.078125, 0.0, 0.0, 0.0, 0.0, 0.0]","[8, 25, 35, 4, 13, 43]",1.3961525217200752,1.3770739643220369
119,4305.0,"[0.875, 0.90625, 1.0, 0.0, 0.0, 0.0, 0.0, 1.0, 1.0, 0.71875, 0.0, 0.0, 0.0, 0.0, 0.90625, 0.09375, 0.0, 0.0, 0.0, 0.0, 0.0]","[0.5, 0.484375, 0.53125, 0.0, 0.0, 0.0, 0.0, 0.53125, 0.53125, 0.421875, 0.0, 0.0, 0.0, 0.0, 0.515625, 0.078125, 0.0, 0.0, 0.0, 0.0, 0.0]","[8, 25, 35, 4, 13, 43, 57, 58]",1.3961525217200752,1.3770739643220369
120,4501.875,"[0.875, 0.90625, 1.0, 0.0, 0.0, 0.0, 0.0, 1.0, 1.0, 0.96875, 0.0, 0.0, 0.0, 0.0, 0.90625, 0.09375, 0.0, 0.0, 0.0, 0.0, 0.0]","[0.5, 0.484375, 0.53125, 0.0, 0.0, 0.0, 0.0, 0.53125, 0.53125, 0.546875, 0.0, 0.0, 0.0, 0.0, 0.515625, 0.078125, 0.0, 0.0, 0.0, 0.0, 0.0]","[8, 25, 35, 4, 13, 43, 58]",1.3889814783952674,1.3743285782621912
121,4482.1875,"[0.90625, 0.90625, 1.0, 0.0, 0.0, 0.0, 0.0, 1.0, 1.0, 0.96875, 0.0, 0.0, 0.0, 0.0, 0.90625, 0.09375, 0.0, 0.0, 0.0, 0.0, 0.0]","[0.515625, 0.484375, 0.53125, 0.0, 0.0, 0.0, 0.0, 0.53125, 0.53125, 0.546875, 0.0, 0.0, 0.0, 0.0, 0.515625, 0.078125, 0.0, 0.0, 0.0, 0.0, 0.0]","[8, 25, 35, 4, 13, 43, 59]",1.388435748552264,1.3742461101571344
122,4521.5625,"[0.90625, 0.90625, 1.0, 0.0, 0.0, 0.0, 0.0, 1.0, 1.0, 0.96875, 0.0, 0.0, 0.0, 0.0, 0.96875, 0.09375, 0.0, 0.0, 0.0, 0.0, 0.0]","[0.515625, 0.484375, 0.53125, 0.0, 0.0, 0.0, 0.0, 0.53125, 0.53125, 0.546875, 0.0, 0.0, 0.0, 0.0, 0.546875, 0.078125, 0.0, 0.0, 0.0, 0.0, 0.0]","[8, 25, 35, 4, 13, 43, 60]",1.388187934292217,1.374765883016265
123,4521.5625,"[0.90625, 0.90625, 1.0, 0.0, 0.0, 0.0, 0.0, 1.0, 1.0, 0.96875, 0.0, 0.0, 0.0, 0.0, 0.96875, 0.09375, 0.0, 0.0, 0.0, 0.0, 0.0]","[0.515625, 0.484375, 0.53125, 0.0, 0.0, 0.0, 0.0, 0.53125, 0.53125, 0.546875, 0.0, 0.0, 0.0, 0.0, 0.546875, 0.078125, 0.0, 0.0, 0.0, 0.0, 0.0]","[8, 25, 35, 4, 13, 43, 60, 61, 62]",1.388187934292217,1.374765883016265
124,4757.8125,"[0.90625, 0.90625, 1.0, 0.0, 0.0, 0.0, 0.0, 1.0, 1.0, 0.96875, 0.0, 0.0, 0.0, 0.0, 0.96875, 0.21875, 0.0, 0.0, 0.0, 0.0, 0.0]","[0.515625, 0.484375, 0.53125, 0.0, 0.0, 0.0, 0.0, 0.53125, 0.53125, 0.546875, 0.0, 0.0, 0.0, 0.0, 0.546875, 0.140625, 0.0, 0.0, 0.0, 0.0, 0.0]","[8, 25, 35, 4, 13, 43, 60, 62]",1.3564262662635551,1.34758178838423
125,4639.6875,"[0.90625, 0.90625, 1.0, 0.0, 0.0, 0.0, 0.0, 1.0, 1.0, 0.96875, 0.0, 0.0, 0.0, 0.0, 0.96875, 0.28125, 0.0, 0.0, 0.0, 0.0, 0.0]","[0.515625, 0.484375, 0.53125, 0.0, 0.0, 0.0, 0.0, 0.53125, 0.53125, 0.546875, 0.0, 0.0, 0.0, 0.0, 0.546875, 0.203125, 0.0, 0.0, 0.0, 0.0, 0.0]","[8, 25, 35, 4, 13, 43, 60, 63]",1.3427224969083165,1.3251551580719254
126,4659.375,"[0.90625, 0.90625, 1.0, 0.0, 0.0, 0.0, 0.0, 1.0, 1.0, 0.96875, 0.0, 0.0, 0.0, 0.0, 0.96875, 0.3125, 0.0, 0.0, 0.0, 0.0, 0.0]","[0.515625, 0.484375, 0.53125, 0.0, 0.0, 0.0, 0.0, 0.53125, 0.53125, 0.546875, 0.0, 0.0, 0.0, 0.0, 0.546875, 0.21875, 0.0, 0.0, 0.0, 0.0, 0.0]","[8, 25, 35, 4, 13, 43, 60, 64]",1.3364003933828894,1.3202666397360798
127,4698.75,"[0.90625, 0.90625, 1.0, 0.0, 0.0, 0.0, 0.0, 1.0, 1.0, 0.96875, 0.0, 0.0, 0.0, 0.0, 0.96875, 0.3125, 0.0, 0.0, 0.0, 0.0, 0.0]","[0.515625, 0.484375, 0.53125, 0.0, 0.0, 0.0, 0.0, 0.53125, 0.53125, 0.546875, 0.0, 0.0, 0.0, 0.0, 0.546875, 0.21875, 0.0, 0.0, 0.0, 0.0, 0.0]","[8, 25, 35, 4, 13, 43, 60, 64]",1.3364003933828894,1.3202666397360798
128,4738.125,"[0.90625, 0.90625, 1.0, 0.0, 0.0, 0.0, 0.0, 1.0, 1.0, 0.96875, 0.0, 0.0, 0.0, 0.0, 0.96875, 0.3125, 0.0, 0.0, 0.0, 0.0, 0.0]","[0.515625, 0.484375, 0.53125, 0.0, 0.0, 0.0, 0.0, 0.53125, 0.53125, 0.546875, 0.0, 0.0, 0.0, 0.0, 0.546875, 0.21875, 0.0, 0.0, 0.0, 0.0, 0.0]","[8, 25, 35, 4, 13, 43, 60, 64]",1.3364003933828894,1.3202666397360798
129,4816.875,"[0.90625, 0.90625, 1.0, 0.0, 0.0, 0.0, 0.0, 1.0, 1.0, 0.96875, 0.0, 0.0, 0.0, 0.0, 0.96875, 0.5625, 0.0, 0.0, 0.0, 0.0, 0.0]","[0.515625, 0.484375, 0.53125, 0.0, 0.0, 0.0, 0.0, 0.53125, 0.53125, 0.546875, 0.0, 0.0, 0.0, 0.0, 0.546875, 0.34375, 0.0, 0.0, 0.0, 0.0, 0.0]","[8, 25, 35, 4, 13, 43, 60, 65]",1.297935784244319,1.2909246256227047
130,4856.25,"[0.90625, 0.90625, 1.0, 0.0, 0.0, 0.0, 0.0, 1.0, 1.0, 0.96875, 0.0, 0.0, 0.0, 0.0, 0.96875, 0.5625, 0.0, 0.0, 0.0, 0.0, 0.0]","[0.515625, 0.484375, 0.53125, 0.0, 0.0, 0.0, 0.0, 0.53125, 0.53125, 0.546875, 0.0, 0.0, 0.0, 0.0, 0.546875, 0.34375, 0.0, 0.0, 0.0, 0.0, 0.0]","[8, 25, 35, 4, 13, 43, 60, 65]",1.297935784244319,1.2909246256227047
131,4836.5625,"[0.90625, 0.90625, 1.0, 0.0, 0.0, 0.0, 0.0, 1.0, 1.0, 0.96875, 0.0, 0.0, 0.0, 0.0, 0.96875, 0.59375, 0.0, 0.0, 0.0, 0.0, 0.0]","[0.515625, 0.484375, 0.53125, 0.0, 0.0, 0.0, 0.0, 0.53125, 0.53125, 0.546875, 0.0, 0.0, 0.0, 0.0, 0.546875, 0.359375, 0.0, 0.0, 0.0, 0.0, 0.0]","[8, 25, 35, 4, 13, 43, 60, 66]",1.2945685190520422,1.288418781809802
132,4875.9375,"[0.90625, 0.90625, 1.0, 0.0, 0.0, 0.0, 0.0, 1.0, 1.0, 0.96875, 0.0, 0.0, 0.0, 0.0, 0.96875, 0.65625, 0.0, 0.0, 0.0, 0.0, 0.0]","[0.515625, 0.484375, 0.53125, 0.0, 0.0, 0.0, 0.0, 0.53125, 0.53125, 0.546875, 0.0, 0.0, 0.0, 0.0, 0.546875, 0.390625, 0.0, 0.0, 0.0, 0.0, 0.0]","[8, 25, 35, 4, 13, 43, 60, 67]",1.2887377351740041,1.284136641548491
133,4954.6875,"[0.90625, 0.90625, 1.0, 0.0, 0.0, 0.0, 0.0, 1.0, 1.0, 0.96875, 0.0, 0.0, 0.0, 0.0, 0.96875, 0.65625, 0.0, 0.0, 0.0, 0.0, 0.0]","[0.515625, 0.484375, 0.53125, 0.0, 0.0, 0.0, 0.0, 0.53125, 0.53125, 0.546875, 0.0, 0.0, 0.0, 0.0, 0.546875, 0.390625, 0.0, 0.0, 0.0, 0.0, 0.0]","[8, 25, 35, 4, 13, 43, 60, 67]",1.2887377351740041,1.284136641548491
134,5033.4375,"[0.90625, 0.90625, 1.0, 0.0, 0.0, 0.0, 0.0, 1.0, 1.0, 0.96875, 0.0, 0.0, 0.0, 0.0, 0.96875, 0.90625, 0.0, 0.0, 0.0, 0.0, 0.0]","[0.515625, 0.484375, 0.53125, 0.0, 0.0, 0.0, 0.0, 0.53125, 0.53125, 0.546875, 0.0, 0.0, 0.0, 0.0, 0.546875, 0.515625, 0.0, 0.0, 0.0, 0.0, 0.0]","[8, 25, 35, 4, 13, 43, 60, 68]",1.2766574432498514,1.276105897835075
135,5072.8125,"[0.90625, 0.90625, 1.0, 0.0, 0.0, 0.0, 0.0, 1.0, 1.0, 0.84375, 0.0, 0.0, 0.0, 0.0, 0.96875, 0.90625, 0.0, 0.0, 0.0, 0.0, 0.0]","[0.515625, 0.484375, 0.53125, 0.0, 0.0, 0.0, 0.0, 0.53125, 0.53125, 0.484375, 0.0, 0.0, 0.0, 0.0, 0.546875, 0.515625, 0.0, 0.0, 0.0, 0.0, 0.0]","[8, 25, 35, 4, 13, 43, 60, 42]",1.278277710461861,1.276498414494586
136,4974.375,"[0.90625, 0.90625, 1.0, 0.0, 0.0, 0.0, 0.0, 1.0, 1.0, 0.875, 0.0, 0.0, 0.0, 0.0, 0.96875, 0.90625, 0.0, 0.0, 0.0, 0.0, 0.0]","[0.515625, 0.484375, 0.53125, 0.0, 0.0, 0.0, 0.0, 0.53125, 0.53125, 0.5, 0.0, 0.0, 0.0, 0.0, 0.546875, 0.515625, 0.0, 0.0, 0.0, 0.0, 0.0]","[8, 25, 35, 4, 13, 43, 60, 68]",1.2774945597728784,1.27609291907307
137,5013.75,"[0.90625, 0.90625, 1.0, 0.0, 0.0, 0.0, 0.0, 1.0, 1.0, 0.875, 0.0, 0.0, 0.0, 0.0, 0.96875, 0.90625, 0.0, 0.0, 0.0, 0.0, 0.0]","[0.515625, 0.484375, 0.53125, 0.0, 0.0, 0.0, 0.0, 0.53125, 0.53125, 0.5, 0.0, 0.0, 0.0, 0.0, 0.546875, 0.515625, 0.0, 0.0, 0.0, 0.0, 0.0]","[8, 25, 35, 4, 13, 43, 60, 68]",1.2774945597728784,1.27609291907307
138,5053.125,"[0.90625, 0.90625, 1.0, 0.0, 0.0, 0.0, 0.0, 1.0, 1.0, 0.875, 0.0, 0.0, 0.0, 0.0, 0.96875, 0.90625, 0.0, 0.0, 0.0, 0.0, 0.0]","[0.515625, 0.484375, 0.53125, 0.0, 0.0, 0.0, 0.0, 0.53125, 0.53125, 0.5, 0.0, 0.0, 0.0, 0.0, 0.546875, 0.515625, 0.0, 0.0, 0.0, 0.0, 0.0]","[8, 25, 35, 4, 13, 43, 60, 68]",1.2774945597728784,1.27609291907307
139,4974.375,"[0.90625, 0.90625, 1.0, 0.0, 0.0, 0.0, 0.0, 1.0, 1.0, 0.875, 0.0, 0.0, 0.0, 0.0, 0.96875, 0.90625, 0.0, 0.0, 0.0, 0.0, 0.0]","[0.515625, 0.484375, 0.53125, 0.0, 0.0, 0.0, 0.0, 0.53125, 0.53125, 0.5, 0.0, 0.0, 0.0, 0.0, 0.546875, 0.515625, 0.0, 0.0, 0.0, 0.0, 0.0]","[8, 25, 35, 4, 13, 43, 60, 68, 69, 70]",1.2774945597728784,1.27609291907307
140,5171.5625,"[0.90625, 0.90625, 1.0, 0.0, 0.0, 0.0, 0.0, 1.0, 1.0, 0.875, 0.0, 0.0, 0.0, 0.0, 0.96875, 0.875, 0.25, 0.0, 0.0, 0.0, 0.0]","[0.515625, 0.484375, 0.53125, 0.0, 0.0, 0.0, 0.0, 0.53125, 0.53125, 0.5, 0.0, 0.0, 0.0, 0.0, 0.546875, 0.5, 0.125, 0.0, 0.0, 0.0, 0.0]","[8, 25, 35, 4, 13, 43, 60, 68, 56]",1.2200245339953568,1.2227301556478323
141,5210.625,"[0.90625, 0.90625, 1.0, 0.0, 0.0, 0.0, 0.0, 1.0, 1.0, 1.0, 0.0, 0.0, 0.0, 0.0, 0.71875, 0.84375, 0.25, 0.0, 0.0, 0.0, 0.0]","[0.515625, 0.484375, 0.53125, 0.0, 0.0, 0.0, 0.0, 0.53125, 0.53125, 0.5625, 0.0, 0.0, 0.0, 0.0, 0.421875, 0.484375, 0.125, 0.0, 0.0, 0.0, 0.0]","[8, 25, 35, 4, 13, 43, 68, 46]",1.226526439020688,1.226834803693462
142,5053.125,"[0.90625, 0.90625, 0.75, 0.0, 0.0, 0.0, 0.0, 0.75, 1.0, 1.0, 0.0, 0.0, 0.0, 0.0, 0.71875, 0.84375, 0.25, 0.0, 0.0, 0.0, 0.0]","[0.515625, 0.484375, 0.40625, 0.0, 0.0, 0.0, 0.0, 0.40625, 0.53125, 0.5625, 0.0, 0.0, 0.0, 0.0, 0.421875, 0.484375, 0.125, 0.0, 0.0, 0.0, 0.0]","[8, 25, 35, 4, 13, 43, 68, 26]",1.2272867175116862,1.231207949890276
143,5092.5,"[0.90625, 0.90625, 1.0, 0.0, 0.0, 0.0, 0.0, 1.0, 1.0, 1.0, 0.0, 0.0, 0.0, 0.0, 0.71875, 0.84375, 0.25, 0.0, 0.0, 0.0, 0.0]","[0.515625, 0.484375, 0.53125, 0.0, 0.0, 0.0, 0.0, 0.53125, 0.53125, 0.5625, 0.0, 0.0, 0.0, 0.0, 0.421875, 0.484375, 0.125, 0.0, 0.0, 0.0, 0.0]","[8, 35, 4, 13, 25]",1.226526439020688,1.226834803693462
144,5013.75,"[0.90625, 0.90625, 1.0, 0.0, 0.0, 0.0, 0.0, 1.0, 1.0, 1.0, 0.0, 0.0, 0.0, 0.0, 0.71875, 0.84375, 0.25, 0.0, 0.0, 0.0, 0.0]","[0.515625, 0.484375, 0.53125, 0.0, 0.0, 0.0, 0.0, 0.53125, 0.53125, 0.5625, 0.0, 0.0, 0.0, 0.0, 0.421875, 0.484375, 0.125, 0.0, 0.0, 0.0, 0.0]","[8, 35, 4, 13, 25, 26, 45]",1.226526439020688,1.226834803693462
145,5053.125,"[0.90625, 0.90625, 1.0, 0.0, 0.0, 0.0, 0.0, 1.0, 1.0, 1.0, 0.0, 0.0, 0.0, 0.0, 0.71875, 0.84375, 0.25, 0.0, 0.0, 0.0, 0.0]","[0.515625, 0.484375, 0.53125, 0.0, 0.0, 0.0, 0.0, 0.53125, 0.53125, 0.5625, 0.0, 0.0, 0.0, 0.0, 0.421875, 0.484375, 0.125, 0.0, 0.0, 0.0, 0.0]","[8, 35, 4, 13, 25, 26, 45, 46]",1.226526439020688,1.226834803693462
146,5033.4375,"[0.90625, 0.65625, 1.0, 0.0, 0.0, 0.0, 0.0, 1.0, 1.0, 1.0, 0.0, 0.0, 0.0, 0.0, 0.71875, 0.84375, 0.25, 0.0, 0.0, 0.0, 0.0]","[0.515625, 0.359375, 0.53125, 0.0, 0.0, 0.0, 0.0, 0.53125, 0.53125, 0.5625, 0.0, 0.0, 0.0, 0.0, 0.421875, 0.484375, 0.125, 0.0, 0.0, 0.0, 0.0]","[8, 35, 4, 13, 25, 26, 45, 9, 46]",1.2354002313769805,1.2359027556008502
147,5210.625,"[0.90625, 0.90625, 1.0, 0.0, 0.0, 0.0, 0.0, 1.0, 1.0, 1.0, 0.0, 0.0, 0.0, 0.0, 0.96875, 0.84375, 0.3125, 0.0, 0.0, 0.0, 0.0]","[0.515625, 0.484375, 0.53125, 0.0, 0.0, 0.0, 0.0, 0.53125, 0.53125, 0.5625, 0.0, 0.0, 0.0, 0.0, 0.546875, 0.484375, 0.15625, 0.0, 0.0, 0.0, 0.0]","[35, 4, 13, 25, 26, 8]",1.2097061324048306,1.2135477331001019
148,5210.625,"[0.90625, 0.90625, 1.0, 0.0, 0.0, 0.0, 0.0, 1.0, 1.0, 1.0, 0.0, 0.0, 0.0, 0.0, 0.96875, 0.84375, 0.3125, 0.0, 0.0, 0.0, 0.0]","[0.515625, 0.484375, 0.53125, 0.0, 0.0, 0.0, 0.0, 0.53125, 0.53125, 0.5625, 0.0, 0.0, 0.0, 0.0, 0.546875, 0.484375, 0.15625, 0.0, 0.0, 0.0, 0.0]","[35, 4, 13, 25, 26, 8, 56, 63]",1.2097061324048306,1.2135477331001019
149,5210.625,"[0.90625, 0.90625, 1.0, 0.0, 0.0, 0.0, 0.0, 1.0, 1.0, 1.0, 0.0, 0.0, 0.0, 0.0, 0.96875, 0.84375, 0.3125, 0.0, 0.0, 0.0, 0.0]","[0.515625, 0.484375, 0.53125, 0.0, 0.0, 0.0, 0.0, 0.53125, 0.53125, 0.5625, 0.0, 0.0, 0.0, 0.0, 0.546875, 0.484375, 0.15625, 0.0, 0.0, 0.0, 0.0]","[35, 4, 13, 25, 26, 8, 56, 63, 70, 71, 72]",1.2097061324048306,1.2135477331001019
150,5487.8125,"[0.90625, 0.90625, 1.0, 0.125, 0.03125, 0.0, 0.0, 1.0, 1.0, 1.0, 0.0, 0.0, 0.0, 0.0, 0.96875, 0.84375, 0.4375, 0.0, 0.0, 0.0, 0.0]","[0.515625, 0.484375, 0.53125, 0.125, 0.03125, 0.0, 0.0, 0.53125, 0.53125, 0.5625, 0.0, 0.0, 0.0, 0.0, 0.546875, 0.484375, 0.21875, 0.0, 0.0, 0.0, 0.0]","[35, 4, 13, 25, 26, 8, 56, 63, 73]",1.1541161038921877,1.1321070417202403
151,5507.5,"[0.90625, 0.90625, 1.0, 0.125, 0.03125, 0.0, 0.0, 1.0, 1.0, 1.0, 0.0, 0.0, 0.0, 0.0, 0.96875, 0.84375, 0.46875, 0.0, 0.0, 0.0, 0.0]","[0.515625, 0.484375, 0.53125, 0.125, 0.03125, 0.0, 0.0, 0.53125, 0.53125, 0.5625, 0.0, 0.0, 0.0, 0.0, 0.546875, 0.484375, 0.234375, 0.0, 0.0, 0.0, 0.0]","[35, 4, 13, 25, 26, 8, 56, 63, 74]",1.1502559901931424,1.1283670803652706
152,5546.875,"[0.90625, 0.90625, 1.0, 0.125, 0.03125, 0.0, 0.0, 1.0, 1.0, 1.0, 0.0, 0.0, 0.0, 0.0, 0.96875, 0.84375, 0.46875, 0.0, 0.0, 0.0, 0.0]","[0.515625, 0.484375, 0.53125, 0.125, 0.03125, 0.0, 0.0, 0.53125, 0.53125, 0.5625, 0.0, 0.0, 0.0, 0.0, 0.546875, 0.484375, 0.234375, 0.0, 0.0, 0.0, 0.0]","[35, 4, 13, 25, 26, 8, 56, 63, 74]",1.1502559901931424,1.1283670803652706
153,5586.25,"[0.90625, 0.90625, 1.0, 0.125, 0.03125, 0.0, 0.0, 1.0, 0.75, 1.0, 0.0, 0.0, 0.0, 0.0, 0.96875, 0.84375, 0.59375, 0.0, 0.0, 0.0, 0.0]","[0.515625, 0.484375, 0.53125, 0.125, 0.03125, 0.0, 0.0, 0.53125, 0.40625, 0.5625, 0.0, 0.0, 0.0, 0.0, 0.546875, 0.484375, 0.296875, 0.0, 0.0, 0.0, 0.0]","[35, 4, 13, 25, 26, 8, 56, 63, 17]",1.1393837221376253,1.1180701310731223
154,5822.5,"[0.84375, 0.90625, 1.0, 0.125, 0.03125, 0.0, 0.0, 1.0, 1.0, 1.0, 0.0, 0.0, 0.0, 0.0, 0.96875, 0.71875, 0.59375, 0.0, 0.0, 0.0, 0.0]","[0.453125, 0.484375, 0.53125, 0.125, 0.03125, 0.0, 0.0, 0.53125, 0.53125, 0.5625, 0.0, 0.0, 0.0, 0.0, 0.546875, 0.421875, 0.296875, 0.0, 0.0, 0.0, 0.0]","[35, 13, 25, 26, 8, 4]",1.142299523907461,1.1180701310731223
155,5507.5,"[0.84375, 0.90625, 1.0, 0.125, 0.0, 0.0, 0.0, 1.0, 1.0, 1.0, 0.0, 0.0, 0.0, 0.0, 0.96875, 0.71875, 0.59375, 0.0, 0.0, 0.0, 0.0]","[0.453125, 0.484375, 0.53125, 0.125, 0.0, 0.0, 0.0, 0.53125, 0.53125, 0.5625, 0.0, 0.0, 0.0, 0.0, 0.546875, 0.421875, 0.296875, 0.0, 0.0, 0.0, 0.0]","[35, 13, 25, 26, 8, 4]",1.1498849655540047,1.1316051858277092
156,5448.125,"[0.84375, 0.9375, 1.0, 0.125, 0.0, 0.0, 0.0, 1.0, 1.0, 1.0, 0.0, 0.0, 0.0, 0.0, 0.96875, 0.71875, 0.59375, 0.0, 0.0, 0.0, 0.0]","[0.453125, 0.5, 0.53125, 0.125, 0.0, 0.0, 0.0, 0.53125, 0.53125, 0.5625, 0.0, 0.0, 0.0, 0.0, 0.546875, 0.421875, 0.296875, 0.0, 0.0, 0.0, 0.0]","[35, 13, 25, 26, 8, 6]",1.1500399660653444,1.1316674848630655
157,5487.5,"[0.84375, 1.0, 1.0, 0.125, 0.0, 0.0, 0.0, 1.0, 1.0, 1.0, 0.0, 0.0, 0.0, 0.0, 0.96875, 0.71875, 0.59375, 0.0, 0.0, 0.0, 0.0]","[0.453125, 0.53125, 0.53125, 0.125, 0.0, 0.0, 0.0, 0.53125, 0.53125, 0.5625, 0.0, 0.0, 0.0, 0.0, 0.546875, 0.421875, 0.296875, 0.0, 0.0, 0.0, 0.0]","[35, 13, 25, 26, 8, 17]",1.1510415692818727,1.1323793518220022
158,5487.5,"[0.84375, 1.0, 1.0, 0.125, 0.0, 0.0, 0.0, 1.0, 1.0, 1.0, 0.0, 0.0, 0.0, 0.0, 0.96875, 0.71875, 0.59375, 0.0, 0.0, 0.0, 0.0]","[0.453125, 0.53125, 0.53125, 0.125, 0.0, 0.0, 0.0, 0.53125, 0.53125, 0.5625, 0.0, 0.0, 0.0, 0.0, 0.546875, 0.421875, 0.296875, 0.0, 0.0, 0.0, 0.0]","[35, 13, 25, 26, 8, 17, 67, 72]",1.1510415692818727,1.1323793518220022
159,5723.75,"[0.96875, 1.0, 1.0, 0.125, 0.0, 0.0, 0.0, 1.0, 1.0, 1.0, 0.0, 0.0, 0.0, 0.0, 0.96875, 0.71875, 0.59375, 0.0, 0.0, 0.0, 0.0]","[0.515625, 0.53125, 0.53125, 0.125, 0.0, 0.0, 0.0, 0.53125, 0.53125, 0.5625, 0.0, 0.0, 0.0, 0.0, 0.546875, 0.421875, 0.296875, 0.0, 0.0, 0.0, 0.0]","[35, 13, 25, 26, 8, 17, 72]",1.1505855822147457,1.131748735021403
160,5566.25,"[0.96875, 1.0, 1.0, 0.125, 0.0, 0.0, 0.0, 1.0, 1.0, 0.75, 0.0, 0.0, 0.0, 0.0, 0.96875, 0.71875, 0.59375, 0.0, 0.0, 0.0, 0.0]","[0.515625, 0.53125, 0.53125, 0.125, 0.0, 0.0, 0.0, 0.53125, 0.53125, 0.4375, 0.0, 0.0, 0.0, 0.0, 0.546875, 0.421875, 0.296875, 0.0, 0.0, 0.0, 0.0]","[35, 13, 25, 26, 8, 17, 40, 72]",1.1532049500434578,1.1308364775381978
161,5467.8125,"[0.96875, 1.0, 1.0, 0.125, 0.0, 0.0, 0.0, 1.0, 1.0, 0.75, 0.0, 0.0, 0.0, 0.0, 0.96875, 0.71875, 0.59375, 0.0, 0.0, 0.0, 0.0]","[0.515625, 0.53125, 0.53125, 0.125, 0.0, 0.0, 0.0, 0.53125, 0.53125, 0.4375, 0.0, 0.0, 0.0, 0.0, 0.546875, 0.421875, 0.296875, 0.0, 0.0, 0.0, 0.0]","[35, 25, 26, 8, 17, 13]",1.1532049500434578,1.1308364775381978
162,5408.75,"[0.96875, 1.0, 1.0, 0.125, 0.0, 0.0, 0.0, 1.0, 1.0, 0.75, 0.0, 0.0, 0.0, 0.0, 0.96875, 0.71875, 0.59375, 0.0, 0.0, 0.0, 0.0]","[0.515625, 0.53125, 0.53125, 0.125, 0.0, 0.0, 0.0, 0.53125, 0.53125, 0.4375, 0.0, 0.0, 0.0, 0.0, 0.546875, 0.421875, 0.296875, 0.0, 0.0, 0.0, 0.0]","[35, 25, 26, 8, 17, 13, 40]",1.1532049500434578,1.1308364775381978
163,5487.5,"[0.96875, 1.0, 1.0, 0.125, 0.0, 0.0, 0.0, 1.0, 1.0, 0.75, 0.0, 0.0, 0.0, 0.0, 0.96875, 0.71875, 0.59375, 0.0, 0.0, 0.0, 0.0]","[0.515625, 0.53125, 0.53125, 0.125, 0.0, 0.0, 0.0, 0.53125, 0.53125, 0.4375, 0.0, 0.0, 0.0, 0.0, 0.546875, 0.421875, 0.296875, 0.0, 0.0, 0.0, 0.0]","[35, 25, 26, 8, 17, 13, 40]",1.1532049500434578,1.1308364775381978
164,5566.25,"[0.96875, 1.0, 1.0, 0.125, 0.0, 0.0, 0.0, 1.0, 1.0, 1.0, 0.0, 0.0, 0.0, 0.0, 0.96875, 0.71875, 0.59375, 0.0, 0.0, 0.0, 0.0]","[0.515625, 0.53125, 0.53125, 0.125, 0.0, 0.0, 0.0, 0.53125, 0.53125, 0.5625, 0.0, 0.0, 0.0, 0.0, 0.546875, 0.421875, 0.296875, 0.0, 0.0, 0.0, 0.0]","[35, 25, 26, 8, 17, 13, 72]",1.1505855822147457,1.131748735021403
165,5566.25,"[0.96875, 1.0, 1.0, 0.125, 0.0, 0.0, 0.0, 1.0, 1.0, 1.0, 0.0, 0.0, 0.0, 0.0, 0.96875, 0.71875, 0.59375, 0.0, 0.0, 0.0, 0.0]","[0.515625, 0.53125, 0.53125, 0.125, 0.0, 0.0, 0.0, 0.53125, 0.53125, 0.5625, 0.0, 0.0, 0.0, 0.0, 0.546875, 0.421875, 0.296875, 0.0, 0.0, 0.0, 0.0]","[35, 25, 26, 8, 17, 72, 13, 75, 76]",1.1505855822147457,1.131748735021403
166,5625.3125,"[0.96875, 1.0, 1.0, 0.125, 0.0, 0.0, 0.0, 1.0, 1.0, 1.0, 0.0, 0.0, 0.0, 0.0, 0.96875, 0.78125, 0.625, 0.0, 0.0, 0.0, 0.0]","[0.515625, 0.53125, 0.53125, 0.125, 0.0, 0.0, 0.0, 0.53125, 0.53125, 0.5625, 0.0, 0.0, 0.0, 0.0, 0.546875, 0.484375, 0.3125, 0.0, 0.0, 0.0, 0.0]","[35, 25, 26, 8, 17, 72, 13, 77]",1.1451130458372336,1.1264400732491242
167,5664.6875,"[0.71875, 1.0, 1.0, 0.125, 0.0, 0.0, 0.0, 1.0, 1.0, 1.0, 0.0, 0.0, 0.0, 0.0, 0.96875, 0.84375, 0.625, 0.0, 0.0, 0.0, 0.0]","[0.390625, 0.53125, 0.53125, 0.125, 0.0, 0.0, 0.0, 0.53125, 0.53125, 0.5625, 0.0, 0.0, 0.0, 0.0, 0.546875, 0.515625, 0.3125, 0.0, 0.0, 0.0, 0.0]","[35, 25, 26, 8, 17, 72, 5, 13]",1.1484972458897342,1.131614216254398
168,5625.3125,"[0.71875, 1.0, 1.0, 0.125, 0.0, 0.0, 0.0, 1.0, 1.0, 1.0, 0.0, 0.0, 0.0, 0.0, 0.96875, 0.84375, 0.625, 0.0, 0.0, 0.0, 0.0]","[0.390625, 0.53125, 0.53125, 0.125, 0.0, 0.0, 0.0, 0.53125, 0.53125, 0.5625, 0.0, 0.0, 0.0, 0.0, 0.546875, 0.515625, 0.3125, 0.0, 0.0, 0.0, 0.0]","[35, 25, 26, 8, 17, 72, 5]",1.1484972458897342,1.131614216254398
169,5507.1875,"[0.71875, 1.0, 1.0, 0.125, 0.0, 0.0, 0.0, 1.0, 1.0, 1.0, 0.0, 0.0, 0.0, 0.0, 0.96875, 0.84375, 0.625, 0.0, 0.0, 0.0, 0.0]","[0.390625, 0.53125, 0.53125, 0.125, 0.0, 0.0, 0.0, 0.53125, 0.53125, 0.5625, 0.0, 0.0, 0.0, 0.0, 0.546875, 0.515625, 0.3125, 0.0, 0.0, 0.0, 0.0]","[35, 25, 26, 8, 17, 72, 5, 13]",1.1484972458897342,1.131614216254398
170,5546.5625,"[0.71875, 1.0, 1.0, 0.125, 0.0, 0.0, 0.0, 1.0, 1.0, 1.0, 0.0, 0.0, 0.0, 0.0, 0.96875, 0.84375, 0.625, 0.0, 0.0, 0.0, 0.0]","[0.390625, 0.53125, 0.53125, 0.125, 0.0, 0.0, 0.0, 0.53125, 0.53125, 0.5625, 0.0, 0.0, 0.0, 0.0, 0.546875, 0.515625, 0.3125, 0.0, 0.0, 0.0, 0.0]","[35, 25, 26, 8, 17, 72, 5, 13]",1.1484972458897342,1.131614216254398
171,5526.875,"[0.71875, 1.0, 1.0, 0.125, 0.0, 0.0, 0.0, 1.0, 1.0, 1.0, 0.0, 0.0, 0.0, 0.0, 0.96875, 0.84375, 0.625, 0.0, 0.0, 0.0, 0.0]","[0.390625, 0.53125, 0.53125, 0.125, 0.0, 0.0, 0.0, 0.53125, 0.53125, 0.5625, 0.0, 0.0, 0.0, 0.0, 0.546875, 0.515625, 0.3125, 0.0, 0.0, 0.0, 0.0]","[35, 25, 26, 8, 17, 72, 5, 13]",1.1484972458897342,1.131614216254398
172,5546.5625,"[0.71875, 1.0, 1.0, 0.125, 0.0, 0.0, 0.0, 1.0, 1.0, 1.0, 0.0, 0.0, 0.0, 0.0, 0.96875, 0.84375, 0.625, 0.0, 0.0, 0.0, 0.0]","[0.390625, 0.53125, 0.53125, 0.125, 0.0, 0.0, 0.0, 0.53125, 0.53125, 0.5625, 0.0, 0.0, 0.0, 0.0, 0.546875, 0.515625, 0.3125, 0.0, 0.0, 0.0, 0.0]","[35, 25, 26, 8, 17, 72, 5, 13]",1.1484972458897342,1.131614216254398
173,5585.9375,"[0.84375, 1.0, 1.0, 0.125, 0.0, 0.0, 0.0, 1.0, 1.0, 1.0, 0.0, 0.0, 0.0, 0.0, 0.96875, 0.84375, 0.625, 0.0, 0.0, 0.0, 0.0]","[0.453125, 0.53125, 0.53125, 0.125, 0.0, 0.0, 0.0, 0.53125, 0.53125, 0.5625, 0.0, 0.0, 0.0, 0.0, 0.546875, 0.515625, 0.3125, 0.0, 0.0, 0.0, 0.0]","[35, 25, 26, 8, 17, 72, 5, 78]",1.1439550268552245,1.1273680613296708
174,5585.9375,"[0.84375, 1.0, 1.0, 0.125, 0.0, 0.0, 0.0, 1.0, 1.0, 1.0, 0.0, 0.0, 0.0, 0.0, 0.96875, 0.84375, 0.625, 0.0, 0.0, 0.0, 0.0]","[0.453125, 0.53125, 0.53125, 0.125, 0.0, 0.0, 0.0, 0.53125, 0.53125, 0.5625, 0.0, 0.0, 0.0, 0.0, 0.546875, 0.515625, 0.3125, 0.0, 0.0, 0.0, 0.0]","[35, 25, 26, 8, 17, 72, 5, 78, 79]",1.1439550268552245,1.1273680613296708
175,5625.3125,"[0.84375, 1.0, 1.0, 0.125, 0.0, 0.0, 0.0, 0.9375, 1.0, 1.0, 0.0, 0.0, 0.0, 0.0, 0.96875, 0.84375, 0.6875, 0.0, 0.0, 0.0, 0.0]","[0.453125, 0.53125, 0.53125, 0.125, 0.0, 0.0, 0.0, 0.46875, 0.53125, 0.5625, 0.0, 0.0, 0.0, 0.0, 0.546875, 0.515625, 0.375, 0.0, 0.0, 0.0, 0.0]","[35, 25, 26, 8, 17, 72, 5, 32, 78]",1.1388698961448307,1.1188892126099386
176,5645.0,"[0.84375, 0.96875, 1.0, 0.125, 0.0, 0.0, 0.0, 1.0, 0.9375, 1.0, 0.0, 0.0, 0.0, 0.0, 0.96875, 0.84375, 0.6875, 0.0, 0.0, 0.0, 0.0]","[0.453125, 0.515625, 0.53125, 0.125, 0.0, 0.0, 0.0, 0.53125, 0.5, 0.5625, 0.0, 0.0, 0.0, 0.0, 0.546875, 0.515625, 0.375, 0.0, 0.0, 0.0, 0.0]","[35, 25, 26, 8, 17, 5, 16, 32]",1.1383227002205394,1.118169951464688
177,5605.625,"[0.84375, 0.96875, 0.875, 0.125, 0.0, 0.0, 0.0, 1.0, 0.9375, 1.0, 0.0, 0.0, 0.0, 0.0, 0.96875, 0.90625, 0.6875, 0.0, 0.0, 0.0, 0.0]","[0.453125, 0.515625, 0.46875, 0.125, 0.0, 0.0, 0.0, 0.53125, 0.5, 0.5625, 0.0, 0.0, 0.0, 0.0, 0.546875, 0.546875, 0.375, 0.0, 0.0, 0.0, 0.0]","[35, 25, 26, 8, 17, 0, 5, 16]",1.1368560288760268,1.1189523757891349
178,5605.625,"[0.84375, 0.96875, 0.875, 0.125, 0.0, 0.0, 0.0, 1.0, 0.9375, 1.0, 0.0, 0.0, 0.0, 0.0, 0.96875, 0.90625, 0.6875, 0.0, 0.0, 0.0, 0.0]","[0.453125, 0.515625, 0.46875, 0.125, 0.0, 0.0, 0.0, 0.53125, 0.5, 0.5625, 0.0, 0.0, 0.0, 0.0, 0.546875, 0.546875, 0.375, 0.0, 0.0, 0.0, 0.0]","[35, 25, 26, 8, 17, 0, 5, 16]",1.1368560288760268,1.1189523757891349
179,5526.875,"[0.84375, 0.96875, 0.875, 0.125, 0.0, 0.0, 0.0, 1.0, 0.9375, 1.0, 0.0, 0.0, 0.0, 0.0, 0.96875, 0.90625, 0.6875, 0.0, 0.0, 0.0, 0.0]","[0.453125, 0.515625, 0.46875, 0.125, 0.0, 0.0, 0.0, 0.53125, 0.5, 0.5625, 0.0, 0.0, 0.0, 0.0, 0.546875, 0.546875, 0.375, 0.0, 0.0, 0.0, 0.0]","[35, 25, 26, 8, 17, 16, 0, 5, 53, 78]",1.1368560288760268,1.1189523757891349
180,5724.0625,"[0.84375, 0.96875, 0.875, 0.15625, 0.0, 0.0, 0.0, 1.0, 0.9375, 1.0, 0.0, 0.0, 0.0, 0.0, 0.96875, 0.90625, 0.9375, 0.0, 0.0, 0.0, 0.0]","[0.453125, 0.515625, 0.46875, 0.1875, 0.0, 0.0, 0.0, 0.53125, 0.5, 0.5625, 0.0, 0.0, 0.0, 0.0, 0.546875, 0.546875, 0.5, 0.0, 0.0, 0.0, 0.0]","[35, 25, 26, 8, 17, 16, 0, 5, 80]",1.123771689409088,1.09401613813859
181,5743.75,"[0.84375, 0.96875, 0.875, 0.15625, 0.0, 0.0, 0.0, 1.0, 0.9375, 1.0, 0.0, 0.0, 0.0, 0.0, 0.96875, 0.90625, 0.9375, 0.0, 0.0, 0.0, 0.0]","[0.453125, 0.515625, 0.46875, 0.1875, 0.0, 0.0, 0.0, 0.53125, 0.5, 0.5625, 0.0, 0.0, 0.0, 0.0, 0.546875, 0.546875, 0.5, 0.0, 0.0, 0.0, 0.0]","[35, 25, 26, 8, 17, 16, 0, 3, 5]",1.123771689409088,1.09401613813859
182,5763.4375,"[0.84375, 0.96875, 0.875, 0.15625, 0.0, 0.0, 0.0, 1.0, 0.9375, 1.0, 0.0, 0.0, 0.0, 0.0, 0.96875, 0.90625, 0.875, 0.0, 0.0, 0.0, 0.0]","[0.453125, 0.515625, 0.46875, 0.1875, 0.0, 0.0, 0.0, 0.53125, 0.5, 0.5625, 0.0, 0.0, 0.0, 0.0, 0.546875, 0.546875, 0.4375, 0.0, 0.0, 0.0, 0.0]","[35, 25, 26, 8, 17, 16, 0, 3, 5]",1.1240349168169665,1.0956861079211568
183,5763.4375,"[0.84375, 0.96875, 0.875, 0.15625, 0.0, 0.0, 0.0, 1.0, 0.9375, 1.0, 0.0, 0.0, 0.0, 0.0, 0.96875, 0.90625, 0.875, 0.0, 0.0, 0.0, 0.0]","[0.453125, 0.515625, 0.46875, 0.1875, 0.0, 0.0, 0.0, 0.53125, 0.5, 0.5625, 0.0, 0.0, 0.0, 0.0, 0.546875, 0.546875, 0.4375, 0.0, 0.0, 0.0, 0.0]","[35, 25, 26, 8, 17, 16, 0, 3, 5]",1.1240349168169665,1.0956861079211568
184,5684.6875,"[0.84375, 0.96875, 0.875, 0.15625, 0.0, 0.0, 0.0, 1.0, 0.9375, 1.0, 0.0, 0.0, 0.0, 0.0, 0.96875, 0.90625, 0.875, 0.0, 0.0, 0.0, 0.0]","[0.453125, 0.515625, 0.46875, 0.1875, 0.0, 0.0, 0.0, 0.53125, 0.5, 0.5625, 0.0, 0.0, 0.0, 0.0, 0.546875, 0.546875, 0.4375, 0.0, 0.0, 0.0, 0.0]","[35, 25, 26, 8, 17, 16, 5, 0, 3, 79, 81]",1.1240349168169665,1.0956861079211568
185,5883.125,"[0.84375, 0.96875, 0.875, 0.28125, 0.03125, 0.0, 0.0, 1.0, 0.9375, 1.0, 0.0, 0.0, 0.0, 0.0, 0.96875, 0.90625, 0.875, 0.0, 0.0, 0.0, 0.0]","[0.453125, 0.515625, 0.46875, 0.3125, 0.03125, 0.0, 0.0, 0.53125, 0.5, 0.5625, 0.0, 0.0, 0.0, 0.0, 0.546875, 0.546875, 0.4375, 0.0, 0.0, 0.0, 0.0]","[35, 25, 26, 8, 17, 16, 5, 0, 3, 82]",1.094648703403114,1.0573440256106157
186,5902.96875,"[0.84375, 0.96875, 0.875, 0.28125, 0.03125, 0.0, 0.0, 1.0, 0.9375, 1.0, 0.0, 0.0, 0.0, 0.0, 0.96875, 0.90625, 0.875, 0.0, 0.0, 0.0, 0.0]","[0.453125, 0.515625, 0.46875, 0.3125, 0.03125, 0.0, 0.0, 0.53125, 0.5, 0.5625, 0.0, 0.0, 0.0, 0.0, 0.546875, 0.546875, 0.4375, 0.0, 0.0, 0.0, 0.0]","[35, 25, 26, 8, 17, 16, 5, 0, 3, 82]",1.094648703403114,1.0573440256106157
187,5922.8125,"[0.84375, 0.96875, 0.875, 0.3125, 0.03125, 0.0, 0.0, 1.0, 0.9375, 1.0, 0.0, 0.0, 0.0, 0.0, 0.96875, 0.90625, 0.875, 0.0, 0.0, 0.0, 0.0]","[0.453125, 0.515625, 0.46875, 0.34375, 0.03125, 0.0, 0.0, 0.53125, 0.5, 0.5625, 0.0, 0.0, 0.0, 0.0, 0.546875, 0.546875, 0.4375, 0.0, 0.0, 0.0, 0.0]","[35, 25, 26, 8, 17, 16, 5, 0, 3, 83]",1.0897943620920367,1.053051204951573
188,6002.1875,"[0.84375, 0.96875, 0.875, 0.375, 0.03125, 0.0, 0.0, 0.9375, 0.9375, 1.0, 0.0, 0.0, 0.0, 0.0, 0.96875, 0.90625, 0.875, 0.0, 0.0, 0.0, 0.0]","[0.453125, 0.515625, 0.46875, 0.40625, 0.03125, 0.0, 0.0, 0.5, 0.5, 0.5625, 0.0, 0.0, 0.0, 0.0, 0.546875, 0.546875, 0.4375, 0.0, 0.0, 0.0, 0.0]","[35, 25, 26, 8, 17, 16, 5, 0, 3, 30]",1.0798468850265546,1.0463904403240307
189,6121.5625,"[0.84375, 0.96875, 0.875, 0.5, 0.03125, 0.0, 0.0, 0.9375, 0.9375, 1.0, 0.0, 0.0, 0.0, 0.0, 0.96875, 0.90625, 0.875, 0.0, 0.0, 0.0, 0.0]","[0.453125, 0.515625, 0.46875, 0.53125, 0.03125, 0.0, 0.0, 0.5, 0.5, 0.5625, 0.0, 0.0, 0.0, 0.0, 0.546875, 0.546875, 0.4375, 0.0, 0.0, 0.0, 0.0]","[35, 25, 26, 8, 17, 16, 5, 0, 3, 84]",1.0651937455418428,1.0431793312593107
190,6161.25,"[0.84375, 0.96875, 0.875, 0.5, 0.03125, 0.0, 0.0, 0.90625, 0.9375, 1.0, 0.0, 0.0, 0.0, 0.0, 0.96875, 0.90625, 0.875, 0.0, 0.0, 0.0, 0.0]","[0.453125, 0.515625, 0.46875, 0.53125, 0.03125, 0.0, 0.0, 0.484375, 0.5, 0.5625, 0.0, 0.0, 0.0, 0.0, 0.546875, 0.546875, 0.4375, 0.0, 0.0, 0.0, 0.0]","[35, 25, 26, 8, 17, 16, 5, 0, 3, 27]",1.0649993570899856,1.0433446445625136
191,6121.71875,"[0.84375, 0.96875, 0.875, 0.515625, 0.03125, 0.0, 0.0, 0.90625, 0.9375, 1.0, 0.0, 0.0, 0.0, 0.0, 0.96875, 0.90625, 0.875, 0.0, 0.0, 0.0, 0.0]","[0.453125, 0.515625, 0.46875, 0.546875, 0.03125, 0.0, 0.0, 0.484375, 0.5, 0.5625, 0.0, 0.0, 0.0, 0.0, 0.546875, 0.546875, 0.4375, 0.0, 0.0, 0.0, 0.0]","[35, 25, 26, 8, 17, 16, 5, 0, 3, 84]",1.0634620459707524,1.043747435636692
192,6161.40625,"[0.84375, 0.96875, 0.875, 0.546875, 0.03125, 0.0, 0.0, 0.90625, 0.9375, 1.0, 0.0, 0.0, 0.0, 0.0, 0.96875, 0.90625, 0.875, 0.0, 0.0, 0.0, 0.0]","[0.453125, 0.515625, 0.46875, 0.578125, 0.03125, 0.0, 0.0, 0.484375, 0.5, 0.5625, 0.0, 0.0, 0.0, 0.0, 0.546875, 0.546875, 0.4375, 0.0, 0.0, 0.0, 0.0]","[35, 25, 26, 8, 17, 16, 5, 0, 3, 85]",1.0605793380204704,1.0450426158805888
193,6240.78125,"[0.84375, 0.96875, 0.875, 0.546875, 0.03125, 0.0, 0.0, 0.90625, 0.9375, 1.0, 0.0, 0.0, 0.0, 0.0, 0.96875, 0.90625, 0.875, 0.0, 0.0, 0.0, 0.0]","[0.453125, 0.515625, 0.46875, 0.578125, 0.03125, 0.0, 0.0, 0.484375, 0.5, 0.5625, 0.0, 0.0, 0.0, 0.0, 0.546875, 0.546875, 0.4375, 0.0, 0.0, 0.0, 0.0]","[35, 25, 26, 8, 17, 16, 5, 0, 3, 85]",1.0605793380204704,1.0450426158805888
194,6320.15625,"[0.84375, 0.96875, 0.875, 0.671875, 0.03125, 0.0, 0.0, 0.90625, 0.9375, 1.0, 0.0, 0.0, 0.0, 0.0, 0.96875, 0.875, 0.875, 0.0, 0.0, 0.0, 0.0]","[0.453125, 0.515625, 0.46875, 0.703125, 0.03125, 0.0, 0.0, 0.484375, 0.5, 0.5625, 0.0, 0.0, 0.0, 0.0, 0.546875, 0.53125, 0.4375, 0.0, 0.0, 0.0, 0.0]","[35, 25, 26, 8, 17, 16, 5, 0, 3, 65]",1.0516133974252388,1.0561428580877144
195,6340.15625,"[0.84375, 0.96875, 0.875, 0.671875, 0.03125, 0.0, 0.0, 0.90625, 0.9375, 1.0, 0.0, 0.0, 0.0, 0.0, 0.96875, 0.875, 0.875, 0.0, 0.0, 0.0, 0.0]","[0.453125, 0.515625, 0.46875, 0.703125, 0.03125, 0.0, 0.0, 0.484375, 0.5, 0.5625, 0.0, 0.0, 0.0, 0.0, 0.546875, 0.53125, 0.4375, 0.0, 0.0, 0.0, 0.0]","[35, 25, 26, 8, 17, 16, 5, 0, 3, 65]",1.0516133974252388,1.0561428580877144
196,6320.3125,"[0.84375, 0.96875, 0.875, 0.6875, 0.03125, 0.0, 0.0, 0.90625, 0.9375, 1.0, 0.0, 0.0, 0.0, 0.0, 0.96875, 0.875, 0.875, 0.0, 0.0, 0.0, 0.0]","[0.453125, 0.515625, 0.46875, 0.71875, 0.03125, 0.0, 0.0, 0.484375, 0.5, 0.5625, 0.0, 0.0, 0.0, 0.0, 0.546875, 0.53125, 0.4375, 0.0, 0.0, 0.0, 0.0]","[35, 25, 26, 8, 17, 16, 5, 0, 3, 86]",1.0507638648067326,1.0582020916000245
197,6360.0,"[0.84375, 0.96875, 0.875, 0.6875, 0.03125, 0.0, 0.0, 0.90625, 0.9375, 1.0, 0.0, 0.0, 0.0, 0.0, 0.96875, 0.875, 0.875, 0.0, 0.0, 0.0, 0.0]","[0.453125, 0.515625, 0.46875, 0.71875, 0.03125, 0.0, 0.0, 0.484375, 0.5, 0.5625, 0.0, 0.0, 0.0, 0.0, 0.546875, 0.53125, 0.4375, 0.0, 0.0, 0.0, 0.0]","[35, 25, 26, 8, 17, 16, 5, 0, 3, 86]",1.0507638648067326,1.0582020916000245
198,6399.6875,"[0.84375, 0.96875, 0.875, 0.6875, 0.03125, 0.0, 0.0, 0.90625, 0.9375, 1.0, 0.0, 0.0, 0.0, 0.0, 0.96875, 0.875, 0.875, 0.0, 0.0, 0.0, 0.0]","[0.453125, 0.515625, 0.46875, 0.71875, 0.03125, 0.0, 0.0, 0.484375, 0.5, 0.5625, 0.0, 0.0, 0.0, 0.0, 0.546875, 0.53125, 0.4375, 0.0, 0.0, 0.0, 0.0]","[35, 25, 26, 8, 17, 16, 5, 0, 3, 86]",1.0507638648067326,1.0582020916000245
199,6479.0625,"[0.84375, 0.96875, 0.875, 0.6875, 0.03125, 0.0, 0.0, 0.90625, 0.9375, 1.0, 0.0, 0.0, 0.0, 0.0, 0.96875, 0.875, 0.875, 0.0, 0.0, 0.0, 0.0]","[0.453125, 0.515625, 0.46875, 0.71875, 0.03125, 0.0, 0.0, 0.484375, 0.5, 0.5625, 0.0, 0.0, 0.0, 0.0, 0.546875, 0.53125, 0.4375, 0.0, 0.0, 0.0, 0.0]","[35, 25, 26, 8, 17, 16, 5, 0, 3, 86]",1.0507638648067326,1.0582020916000245
200,6360.0,"[0.84375, 0.96875, 0.875, 0.6875, 0.03125, 0.0, 0.0, 0.90625, 0.9375, 1.0, 0.0, 0.0, 0.0, 0.0, 0.96875, 0.875, 0.875, 0.0, 0.0, 0.0, 0.0]","[0.453125, 0.515625, 0.46875, 0.71875, 0.03125, 0.0, 0.0, 0.484375, 0.5, 0.5625, 0.0, 0.0, 0.0, 0.0, 0.546875, 0.53125, 0.4375, 0.0, 0.0, 0.0, 0.0]","[35, 25, 26, 8, 17, 16, 5, 0, 3, 86]",1.0507638648067326,1.0582020916000245
201,6340.15625,"[0.84375, 0.96875, 0.875, 0.703125, 0.03125, 0.0, 0.0, 0.90625, 0.9375, 1.0, 0.0, 0.0, 0.0, 0.0, 0.71875, 0.875, 0.875, 0.0, 0.0, 0.0, 0.0]","[0.453125, 0.515625, 0.46875, 0.734375, 0.03125, 0.0, 0.0, 0.484375, 0.5, 0.5625, 0.0, 0.0, 0.0, 0.0, 0.421875, 0.53125, 0.4375, 0.0, 0.0, 0.0, 0.0]","[35, 25, 26, 8, 17, 16, 5, 0, 3, 45]",1.0528028259567186,1.0643159983139219
202,6458.59375,"[0.84375, 0.71875, 1.0, 0.734375, 0.03125, 0.0, 0.0, 0.90625, 0.9375, 1.0, 0.0, 0.0, 0.0, 0.0, 0.71875, 0.875, 0.875, 0.0, 0.0, 0.0, 0.0]","[0.453125, 0.390625, 0.53125, 0.765625, 0.03125, 0.0, 0.0, 0.484375, 0.5, 0.5625, 0.0, 0.0, 0.0, 0.0, 0.421875, 0.53125, 0.4375, 0.0, 0.0, 0.0, 0.0]","[35, 25, 26, 8, 16, 5, 0, 3]",1.0555994942716844,1.0750790513974497
203,6222.34375,"[0.84375, 0.71875, 1.0, 0.734375, 0.03125, 0.0, 0.0, 0.90625, 0.9375, 1.0, 0.0, 0.0, 0.0, 0.0, 0.71875, 0.875, 0.875, 0.0, 0.0, 0.0, 0.0]","[0.453125, 0.390625, 0.53125, 0.765625, 0.03125, 0.0, 0.0, 0.484375, 0.5, 0.5625, 0.0, 0.0, 0.0, 0.0, 0.421875, 0.53125, 0.4375, 0.0, 0.0, 0.0, 0.0]","[35, 26, 8, 16, 5, 0, 3]",1.0555994942716844,1.0750790513974497
204,6143.59375,"[0.84375, 0.71875, 1.0, 0.734375, 0.03125, 0.0, 0.0, 0.90625, 0.9375, 1.0, 0.0, 0.0, 0.0, 0.0, 0.65625, 0.875, 0.875, 0.0, 0.0, 0.0, 0.0]","[0.453125, 0.390625, 0.53125, 0.765625, 0.03125, 0.0, 0.0, 0.484375, 0.5, 0.5625, 0.0, 0.0, 0.0, 0.0, 0.390625, 0.53125, 0.4375, 0.0, 0.0, 0.0, 0.0]","[35, 8, 16, 5, 3, 0, 9, 25]",1.0586247656925043,1.0778369748615502
205,6143.59375,"[0.84375, 0.78125, 1.0, 0.734375, 0.03125, 0.0, 0.0, 0.90625, 0.9375, 1.0, 0.0, 0.0, 0.0, 0.0, 0.65625, 0.875, 0.875, 0.0, 0.0, 0.0, 0.0]","[0.453125, 0.453125, 0.53125, 0.765625, 0.03125, 0.0, 0.0, 0.484375, 0.5, 0.5625, 0.0, 0.0, 0.0, 0.0, 0.390625, 0.53125, 0.4375, 0.0, 0.0, 0.0, 0.0]","[35, 8, 16, 5, 3, 9, 0, 26, 59]",1.056639835681479,1.073030125092734
206,6163.28125,"[0.84375, 0.78125, 1.0, 0.734375, 0.03125, 0.0, 0.0, 0.90625, 0.9375, 1.0, 0.0, 0.0, 0.0, 0.0, 0.65625, 0.875, 0.875, 0.0, 0.0, 0.0, 0.0]","[0.453125, 0.453125, 0.53125, 0.765625, 0.03125, 0.0, 0.0, 0.484375, 0.5, 0.5625, 0.0, 0.0, 0.0, 0.0, 0.390625, 0.53125, 0.4375, 0.0, 0.0, 0.0, 0.0]","[35, 8, 16, 5, 3, 9, 26, 0, 59, 87]",1.056639835681479,1.073030125092734
207,6340.78125,"[0.84375, 0.78125, 1.0, 0.734375, 0.03125, 0.0, 0.0, 0.90625, 0.9375, 1.0, 0.0, 0.0, 0.0, 0.0, 0.90625, 0.875, 0.875, 0.0, 0.0, 0.0, 0.0]","[0.453125, 0.453125, 0.53125, 0.765625, 0.03125, 0.0, 0.0, 0.484375, 0.5, 0.5625, 0.0, 0.0, 0.0, 0.0, 0.515625, 0.53125, 0.4375, 0.0, 0.0, 0.0, 0.0]","[35, 8, 16, 5, 3, 9, 26, 0, 87]",1.0501963309213003,1.0659553346119386
208,6379.84375,"[0.84375, 0.78125, 1.0, 0.734375, 0.03125, 0.0, 0.0, 0.90625, 0.9375, 1.0, 0.0, 0.0, 0.0, 0.0, 0.90625, 0.875, 0.875, 0.0, 0.0, 0.0, 0.0]","[0.453125, 0.453125, 0.53125, 0.765625, 0.03125, 0.0, 0.0, 0.484375, 0.5, 0.5625, 0.0, 0.0, 0.0, 0.0, 0.515625, 0.53125, 0.4375, 0.0, 0.0, 0.0, 0.0]","[35, 8, 16, 5, 3, 9, 26, 0, 87]",1.0501963309213003,1.0659553346119386
209,6301.09375,"[0.84375, 0.78125, 1.0, 0.734375, 0.03125, 0.0, 0.0, 0.90625, 0.9375, 1.0, 0.0, 0.0, 0.0, 0.0, 0.90625, 0.875, 0.875, 0.0, 0.0, 0.0, 0.0]","[0.453125, 0.453125, 0.53125, 0.765625, 0.03125, 0.0, 0.0, 0.484375, 0.5, 0.5625, 0.0, 0.0, 0.0, 0.0, 0.515625, 0.53125, 0.4375, 0.0, 0.0, 0.0, 0.0]","[35, 8, 16, 5, 3, 9, 26, 0, 87, 88]",1.0501963309213003,1.0659553346119386
210,6340.78125,"[0.84375, 0.78125, 1.0, 0.765625, 0.03125, 0.0, 0.0, 0.90625, 0.9375, 1.0, 0.0, 0.0, 0.0, 0.0, 0.90625, 0.875, 0.875, 0.0, 0.0, 0.0, 0.0]","[0.453125, 0.453125, 0.53125, 0.828125, 0.03125, 0.0, 0.0, 0.484375, 0.5, 0.5625, 0.0, 0.0, 0.0, 0.0, 0.515625, 0.53125, 0.4375, 0.0, 0.0, 0.0, 0.0]","[35, 8, 16, 5, 3, 9, 26, 0, 87, 89]",1.0490820943990682,1.0770890130326662
211,6360.625,"[0.84375, 0.78125, 1.0, 0.765625, 0.03125, 0.0, 0.0, 0.90625, 0.8125, 1.0, 0.0, 0.0, 0.0, 0.0, 0.90625, 0.875, 0.875, 0.0, 0.0, 0.0, 0.0]","[0.453125, 0.453125, 0.53125, 0.828125, 0.03125, 0.0, 0.0, 0.484375, 0.4375, 0.5625, 0.0, 0.0, 0.0, 0.0, 0.515625, 0.53125, 0.4375, 0.0, 0.0, 0.0, 0.0]","[35, 8, 16, 5, 3, 9, 26, 0, 14, 87]",1.0494435077546158,1.0804284291937682
212,6301.71875,"[0.6875, 0.78125, 1.0, 0.75, 0.03125, 0.0, 0.0, 0.90625, 0.8125, 1.0, 0.0, 0.0, 0.0, 0.0, 0.84375, 0.875, 0.875, 0.0, 0.0, 0.0, 0.0]","[0.375, 0.453125, 0.53125, 0.8125, 0.03125, 0.0, 0.0, 0.484375, 0.4375, 0.5625, 0.0, 0.0, 0.0, 0.0, 0.453125, 0.53125, 0.4375, 0.0, 0.0, 0.0, 0.0]","[35, 8, 16, 5, 3, 9, 26, 0, 13, 14]",1.0541824077346573,1.08652674083783
213,6341.25,"[0.6875, 0.78125, 1.0, 0.8125, 0.03125, 0.0, 0.0, 0.90625, 0.8125, 1.0, 0.0, 0.0, 0.0, 0.0, 0.84375, 0.875, 0.875, 0.0, 0.0, 0.0, 0.0]","[0.375, 0.453125, 0.53125, 0.875, 0.03125, 0.0, 0.0, 0.484375, 0.4375, 0.5625, 0.0, 0.0, 0.0, 0.0, 0.453125, 0.53125, 0.4375, 0.0, 0.0, 0.0, 0.0]","[35, 8, 16, 5, 3, 9, 26, 0, 13]",1.0527965578935654,1.1004363245625426
214,6341.25,"[0.6875, 0.78125, 1.0, 0.8125, 0.03125, 0.0, 0.0, 0.90625, 0.8125, 1.0, 0.0, 0.0, 0.0, 0.0, 0.84375, 0.875, 0.875, 0.0, 0.0, 0.0, 0.0]","[0.375, 0.453125, 0.53125, 0.875, 0.03125, 0.0, 0.0, 0.484375, 0.4375, 0.5625, 0.0, 0.0, 0.0, 0.0, 0.453125, 0.53125, 0.4375, 0.0, 0.0, 0.0, 0.0]","[35, 8, 16, 5, 3, 9, 26, 0, 13]",1.0527965578935654,1.1004363245625426
215,6223.125,"[0.75, 0.78125, 1.0, 0.8125, 0.03125, 0.0, 0.0, 0.90625, 0.8125, 1.0, 0.0, 0.0, 0.0, 0.0, 0.84375, 0.875, 0.875, 0.0, 0.0, 0.0, 0.0]","[0.4375, 0.453125, 0.53125, 0.875, 0.03125, 0.0, 0.0, 0.484375, 0.4375, 0.5625, 0.0, 0.0, 0.0, 0.0, 0.453125, 0.53125, 0.4375, 0.0, 0.0, 0.0, 0.0]","[35, 8, 16, 5, 3, 9, 26, 0, 23]",1.0503104354263497,1.094256863906202
216,6242.8125,"[0.78125, 0.78125, 1.0, 0.8125, 0.03125, 0.0, 0.0, 0.90625, 0.8125, 1.0, 0.0, 0.0, 0.0, 0.0, 0.84375, 0.875, 0.875, 0.0, 0.0, 0.0, 0.0]","[0.453125, 0.453125, 0.53125, 0.875, 0.03125, 0.0, 0.0, 0.484375, 0.4375, 0.5625, 0.0, 0.0, 0.0, 0.0, 0.453125, 0.53125, 0.4375, 0.0, 0.0, 0.0, 0.0]","[35, 8, 16, 5, 3, 9, 26, 0, 27]",1.0494388621846653,1.0931333295579622
217,6282.1875,"[0.78125, 0.84375, 1.0, 0.8125, 0.03125, 0.0, 0.0, 0.90625, 0.8125, 1.0, 0.0, 0.0, 0.0, 0.0, 0.8125, 0.875, 0.875, 0.0, 0.0, 0.0, 0.0]","[0.453125, 0.484375, 0.53125, 0.875, 0.03125, 0.0, 0.0, 0.484375, 0.4375, 0.5625, 0.0, 0.0, 0.0, 0.0, 0.4375, 0.53125, 0.4375, 0.0, 0.0, 0.0, 0.0]","[35, 8, 16, 5, 3, 9, 26, 0, 10]",1.0488088481701516,1.0925121307599621
218,6341.25,"[0.78125, 0.84375, 1.0, 0.8125, 0.03125, 0.0, 0.0, 0.90625, 0.8125, 1.0, 0.0, 0.0, 0.0, 0.0, 0.8125, 0.875, 0.875, 0.0, 0.0, 0.0, 0.0]","[0.453125, 0.484375, 0.53125, 0.875, 0.03125, 0.0, 0.0, 0.484375, 0.4375, 0.5625, 0.0, 0.0, 0.0, 0.0, 0.4375, 0.53125, 0.4375, 0.0, 0.0, 0.0, 0.0]","[35, 8, 16, 5, 3, 9, 26, 0, 10]",1.0488088481701516,1.0925121307599621
219,6262.5,"[0.78125, 0.84375, 1.0, 0.8125, 0.03125, 0.0, 0.0, 0.90625, 0.8125, 1.0, 0.0, 0.0, 0.0, 0.0, 0.8125, 0.875, 0.875, 0.0, 0.0, 0.0, 0.0]","[0.453125, 0.484375, 0.53125, 0.875, 0.03125, 0.0, 0.0, 0.484375, 0.4375, 0.5625, 0.0, 0.0, 0.0, 0.0, 0.4375, 0.53125, 0.4375, 0.0, 0.0, 0.0, 0.0]","[35, 8, 16, 5, 3, 9, 26, 10, 0, 52, 87]",1.0488088481701516,1.0925121307599621
220,6460.9375,"[0.78125, 0.84375, 1.0, 0.9375, 0.0625, 0.0, 0.0, 0.90625, 0.8125, 1.0, 0.0, 0.0, 0.0, 0.0, 0.8125, 0.875, 0.875, 0.0, 0.0, 0.0, 0.0]","[0.453125, 0.484375, 0.53125, 1.0, 0.0625, 0.0, 0.0, 0.484375, 0.4375, 0.5625, 0.0, 0.0, 0.0, 0.0, 0.4375, 0.53125, 0.4375, 0.0, 0.0, 0.0, 0.0]","[35, 8, 16, 5, 3, 9, 26, 10, 0, 89]",1.0419457613182588,1.112877109703819
221,6480.625,"[0.8125, 0.84375, 1.0, 0.9375, 0.0625, 0.0, 0.0, 0.90625, 0.8125, 1.0, 0.0, 0.0, 0.0, 0.0, 0.8125, 0.875, 0.875, 0.0, 0.0, 0.0, 0.0]","[0.46875, 0.484375, 0.53125, 1.0, 0.0625, 0.0, 0.0, 0.484375, 0.4375, 0.5625, 0.0, 0.0, 0.0, 0.0, 0.4375, 0.53125, 0.4375, 0.0, 0.0, 0.0, 0.0]","[35, 8, 16, 5, 3, 9, 26, 10, 0, 90]",1.041242068744587,1.111701355974323
222,6520.0,"[0.8125, 0.84375, 1.0, 0.9375, 0.0625, 0.0, 0.0, 0.90625, 0.8125, 1.0, 0.0, 0.0, 0.0, 0.0, 0.8125, 0.875, 0.875, 0.0, 0.0, 0.0, 0.0]","[0.46875, 0.484375, 0.53125, 1.0, 0.0625, 0.0, 0.0, 0.484375, 0.4375, 0.5625, 0.0, 0.0, 0.0, 0.0, 0.4375, 0.53125, 0.4375, 0.0, 0.0, 0.0, 0.0]","[35, 8, 16, 5, 3, 9, 26, 10, 0, 90]",1.041242068744587,1.111701355974323
223,6559.375,"[0.8125, 0.78125, 1.0, 0.9375, 0.0625, 0.0, 0.0, 0.90625, 0.8125, 1.0, 0.0, 0.0, 0.0, 0.0, 0.9375, 0.875, 0.875, 0.0, 0.0, 0.0, 0.0]","[0.46875, 0.421875, 0.53125, 1.0, 0.0625, 0.0, 0.0, 0.484375, 0.4375, 0.5625, 0.0, 0.0, 0.0, 0.0, 0.5, 0.53125, 0.4375, 0.0, 0.0, 0.0, 0.0]","[35, 8, 16, 5, 3, 9, 26, 10, 0, 25]",1.041979119805724,1.1123251063834365
224,6520.0,"[0.8125, 0.78125, 1.0, 0.9375, 0.0625, 0.0, 0.0, 0.90625, 0.8125, 1.0, 0.0, 0.0, 0.0, 0.0, 0.9375, 0.875, 0.875, 0.0, 0.0, 0.0, 0.0]","[0.46875, 0.421875, 0.53125, 1.0, 0.0625, 0.0, 0.0, 0.484375, 0.4375, 0.5625, 0.0, 0.0, 0.0, 0.0, 0.5, 0.53125, 0.4375, 0.0, 0.0, 0.0, 0.0]","[35, 8, 16, 5, 3, 9, 26, 10, 25, 0, 91, 92]",1.041979119805724,1.1123251063834365
225,6718.4375,"[0.8125, 0.78125, 1.0, 0.9375, 0.1875, 0.03125, 0.0, 0.90625, 0.8125, 1.0, 0.0, 0.0, 0.0, 0.0, 0.9375, 0.875, 0.875, 0.0, 0.0, 0.0, 0.0]","[0.46875, 0.421875, 0.53125, 1.0, 0.125, 0.03125, 0.0, 0.484375, 0.4375, 0.5625, 0.0, 0.0, 0.0, 0.0, 0.5, 0.53125, 0.4375, 0.0, 0.0, 0.0, 0.0]","[35, 8, 16, 5, 3, 9, 26, 10, 25, 0, 93]",1.0115409928133792,1.0820278450193874
226,6738.28125,"[0.75, 0.78125, 1.0, 0.9375, 0.1875, 0.03125, 0.0, 0.90625, 0.8125, 0.96875, 0.0, 0.0, 0.0, 0.0, 0.9375, 0.875, 0.875, 0.0, 0.0, 0.0, 0.0]","[0.40625, 0.421875, 0.53125, 1.0, 0.125, 0.03125, 0.0, 0.484375, 0.4375, 0.546875, 0.0, 0.0, 0.0, 0.0, 0.5, 0.53125, 0.4375, 0.0, 0.0, 0.0, 0.0]","[35, 8, 16, 5, 3, 9, 26, 10, 25, 0, 2]",1.0122202201489938,1.087459556772888
227,6856.5625,"[0.75, 0.78125, 1.0, 0.9375, 0.21875, 0.03125, 0.0, 0.90625, 0.8125, 0.96875, 0.0, 0.0, 0.0, 0.0, 0.9375, 0.875, 0.875, 0.0, 0.0, 0.0, 0.0]","[0.40625, 0.421875, 0.53125, 1.0, 0.140625, 0.03125, 0.0, 0.484375, 0.4375, 0.546875, 0.0, 0.0, 0.0, 0.0, 0.5, 0.53125, 0.4375, 0.0, 0.0, 0.0, 0.0]","[35, 8, 16, 5, 3, 9, 26, 10, 25, 0]",1.0069373564597757,1.0830644354924464
228,6777.8125,"[0.625, 0.78125, 1.0, 0.9375, 0.21875, 0.03125, 0.0, 0.90625, 0.8125, 0.96875, 0.0, 0.0, 0.0, 0.0, 0.9375, 0.875, 0.875, 0.0, 0.0, 0.0, 0.0]","[0.34375, 0.421875, 0.53125, 1.0, 0.140625, 0.03125, 0.0, 0.484375, 0.4375, 0.546875, 0.0, 0.0, 0.0, 0.0, 0.5, 0.53125, 0.4375, 0.0, 0.0, 0.0, 0.0]","[35, 8, 16, 5, 3, 9, 26, 10, 25, 0]",1.0127092435134974,1.09081745605904
229,6777.8125,"[0.625, 0.78125, 1.0, 0.9375, 0.21875, 0.03125, 0.0, 0.90625, 0.8125, 0.96875, 0.0, 0.0, 0.0, 0.0, 0.9375, 0.875, 0.875, 0.0, 0.0, 0.0, 0.0]","[0.34375, 0.421875, 0.53125, 1.0, 0.140625, 0.03125, 0.0, 0.484375, 0.4375, 0.546875, 0.0, 0.0, 0.0, 0.0, 0.5, 0.53125, 0.4375, 0.0, 0.0, 0.0, 0.0]","[35, 8, 16, 5, 3, 9, 26, 10, 25, 0]",1.0127092435134974,1.09081745605904
230,6659.6875,"[0.625, 0.78125, 1.0, 0.9375, 0.21875, 0.03125, 0.0, 0.90625, 0.8125, 0.96875, 0.0, 0.0, 0.0, 0.0, 0.9375, 0.875, 0.875, 0.0, 0.0, 0.0, 0.0]","[0.34375, 0.421875, 0.53125, 1.0, 0.140625, 0.03125, 0.0, 0.484375, 0.4375, 0.546875, 0.0, 0.0, 0.0, 0.0, 0.5, 0.53125, 0.4375, 0.0, 0.0, 0.0, 0.0]","[35, 8, 16, 5, 3, 9, 26, 10, 25, 0]",1.0127092435134974,1.09081745605904
231,6640.0,"[0.625, 0.78125, 1.0, 0.9375, 0.21875, 0.03125, 0.0, 0.90625, 0.8125, 0.96875, 0.0, 0.0, 0.0, 0.0, 0.9375, 0.875, 0.875, 0.0, 0.0, 0.0, 0.0]","[0.34375, 0.421875, 0.53125, 1.0, 0.140625, 0.03125, 0.0, 0.484375, 0.4375, 0.546875, 0.0, 0.0, 0.0, 0.0, 0.5, 0.53125, 0.4375, 0.0, 0.0, 0.0, 0.0]","[35, 8, 16, 5, 3, 9, 26, 10, 25, 0]",1.0127092435134974,1.09081745605904
232,6659.6875,"[0.5625, 0.78125, 1.0, 0.9375, 0.21875, 0.03125, 0.0, 0.90625, 0.8125, 0.96875, 0.0, 0.0, 0.0, 0.0, 0.9375, 0.875, 0.875, 0.0, 0.0, 0.0, 0.0]","[0.3125, 0.421875, 0.53125, 1.0, 0.140625, 0.03125, 0.0, 0.484375, 0.4375, 0.546875, 0.0, 0.0, 0.0, 0.0, 0.5, 0.53125, 0.4375, 0.0, 0.0, 0.0, 0.0]","[35, 8, 16, 5, 3, 9, 26, 10, 25, 7]",1.0170839856152558,1.0956796024561684
233,6659.6875,"[0.6875, 0.78125, 0.875, 0.9375, 0.21875, 0.03125, 0.0, 0.90625, 0.8125, 0.96875, 0.0, 0.0, 0.0, 0.0, 0.9375, 0.875, 0.875, 0.0, 0.0, 0.0, 0.0]","[0.375, 0.421875, 0.46875, 1.0, 0.140625, 0.03125, 0.0, 0.484375, 0.4375, 0.546875, 0.0, 0.0, 0.0, 0.0, 0.5, 0.53125, 0.4375, 0.0, 0.0, 0.0, 0.0]","[35, 8, 16, 5, 3, 9, 26, 10, 25, 17]",1.0068647111850393,1.0891817699857205
234,6738.4375,"[0.9375, 0.78125, 0.875, 0.9375, 0.21875, 0.03125, 0.0, 0.90625, 0.8125, 0.96875, 0.0, 0.0, 0.0, 0.0, 0.9375, 0.875, 0.875, 0.0, 0.0, 0.0, 0.0]","[0.5, 0.421875, 0.46875, 1.0, 0.140625, 0.03125, 0.0, 0.484375, 0.4375, 0.546875, 0.0, 0.0, 0.0, 0.0, 0.5, 0.53125, 0.4375, 0.0, 0.0, 0.0, 0.0]","[35, 8, 16, 5, 3, 9, 26, 10, 25, 39]",1.0035290499594187,1.078887359219811
235,6777.8125,"[0.9375, 0.78125, 0.875, 0.9375, 0.21875, 0.03125, 0.0, 0.90625, 0.8125, 0.96875, 0.0, 0.0, 0.0, 0.0, 0.9375, 0.875, 0.875, 0.0, 0.0, 0.0, 0.0]","[0.5, 0.421875, 0.46875, 1.0, 0.140625, 0.03125, 0.0, 0.484375, 0.4375, 0.546875, 0.0, 0.0, 0.0, 0.0, 0.5, 0.53125, 0.4375, 0.0, 0.0, 0.0, 0.0]","[35, 8, 16, 5, 3, 9, 26, 10, 25, 39]",1.0035290499594187,1.078887359219811
236,6758.125,"[0.9375, 0.78125, 0.875, 0.9375, 0.21875, 0.03125, 0.0, 0.90625, 0.8125, 0.96875, 0.0, 0.0, 0.0, 0.0, 0.9375, 0.875, 0.875, 0.0, 0.0, 0.0, 0.0]","[0.5, 0.421875, 0.46875, 1.0, 0.140625, 0.03125, 0.0, 0.484375, 0.4375, 0.546875, 0.0, 0.0, 0.0, 0.0, 0.5, 0.53125, 0.4375, 0.0, 0.0, 0.0, 0.0]","[35, 8, 16, 5, 3, 9, 26, 10, 25, 39]",1.0035290499594187,1.078887359219811
237,6777.8125,"[0.9375, 0.78125, 0.875, 0.9375, 0.09375, 0.03125, 0.0, 0.90625, 0.8125, 0.96875, 0.0, 0.0, 0.0, 0.0, 0.9375, 0.875, 0.875, 0.0, 0.0, 0.0, 0.0]","[0.5, 0.421875, 0.46875, 1.0, 0.078125, 0.03125, 0.0, 0.484375, 0.4375, 0.546875, 0.0, 0.0, 0.0, 0.0, 0.5, 0.53125, 0.4375, 0.0, 0.0, 0.0, 0.0]","[35, 8, 16, 5, 3, 9, 26, 10, 25, 39]",1.0261368044360974,1.097415260357842
238,6658.4375,"[0.9375, 0.78125, 0.875, 0.9375, 0.09375, 0.03125, 0.0, 0.90625, 0.8125, 0.96875, 0.0, 0.0, 0.0, 0.0, 0.6875, 0.8125, 0.875, 0.0, 0.0, 0.0, 0.0]","[0.5, 0.421875, 0.46875, 1.0, 0.078125, 0.03125, 0.0, 0.484375, 0.4375, 0.546875, 0.0, 0.0, 0.0, 0.0, 0.375, 0.5, 0.4375, 0.0, 0.0, 0.0, 0.0]","[35, 8, 16, 5, 3, 9, 26, 10, 25]",1.030239962752988,1.1090847466158478
239,6382.8125,"[0.9375, 0.78125, 0.625, 0.9375, 0.09375, 0.03125, 0.0, 0.65625, 0.8125, 0.96875, 0.0, 0.0, 0.0, 0.0, 0.6875, 0.8125, 0.875, 0.0, 0.0, 0.0, 0.0]","[0.5, 0.421875, 0.34375, 1.0, 0.078125, 0.03125, 0.0, 0.359375, 0.4375, 0.546875, 0.0, 0.0, 0.0, 0.0, 0.375, 0.5, 0.4375, 0.0, 0.0, 0.0, 0.0]","[35, 8, 16, 5, 3, 9, 26, 10, 21, 25]",1.0401029311928183,1.1337743313395912
240,6422.1875,"[0.9375, 0.78125, 0.6875, 0.9375, 0.09375, 0.03125, 0.0, 0.65625, 0.8125, 0.96875, 0.0, 0.0, 0.0, 0.0, 0.9375, 0.8125, 0.875, 0.0, 0.0, 0.0, 0.0]","[0.5, 0.421875, 0.40625, 1.0, 0.078125, 0.03125, 0.0, 0.359375, 0.4375, 0.546875, 0.0, 0.0, 0.0, 0.0, 0.5, 0.5, 0.4375, 0.0, 0.0, 0.0, 0.0]","[35, 8, 16, 5, 3, 9, 26, 21]",1.0358466603448284,1.1156381257807153
241,6284.375,"[0.9375, 0.8125, 0.6875, 0.9375, 0.09375, 0.03125, 0.0, 0.65625, 0.8125, 0.96875, 0.0, 0.0, 0.0, 0.0, 0.9375, 0.8125, 0.875, 0.0, 0.0, 0.0, 0.0]","[0.5, 0.4375, 0.40625, 1.0, 0.078125, 0.03125, 0.0, 0.359375, 0.4375, 0.546875, 0.0, 0.0, 0.0, 0.0, 0.5, 0.5, 0.4375, 0.0, 0.0, 0.0, 0.0]","[35, 8, 16, 5, 3, 9, 26, 39]",1.0354420462934424,1.1142528291830327
242,6323.75,"[0.9375, 0.8125, 0.6875, 0.9375, 0.09375, 0.03125, 0.0, 0.65625, 0.8125, 0.96875, 0.0, 0.0, 0.0, 0.0, 0.9375, 0.875, 0.875, 0.0, 0.0, 0.0, 0.0]","[0.5, 0.4375, 0.40625, 1.0, 0.078125, 0.03125, 0.0, 0.359375, 0.4375, 0.546875, 0.0, 0.0, 0.0, 0.0, 0.5, 0.53125, 0.4375, 0.0, 0.0, 0.0, 0.0]","[35, 8, 16, 5, 3, 9, 26, 49]",1.0353700682962983,1.1133015495514638
243,6402.5,"[0.9375, 0.8125, 0.6875, 0.9375, 0.09375, 0.03125, 0.0, 0.65625, 0.8125, 0.96875, 0.0, 0.0, 0.0, 0.0, 0.9375, 0.875, 0.875, 0.0, 0.0, 0.0, 0.0]","[0.5, 0.4375, 0.40625, 1.0, 0.078125, 0.03125, 0.0, 0.359375, 0.4375, 0.546875, 0.0, 0.0, 0.0, 0.0, 0.5, 0.53125, 0.4375, 0.0, 0.0, 0.0, 0.0]","[35, 8, 16, 5, 3, 9, 26, 49]",1.0353700682962983,1.1133015495514638
244,6323.75,"[0.9375, 0.8125, 0.6875, 0.9375, 0.09375, 0.03125, 0.0, 0.65625, 0.8125, 0.96875, 0.0, 0.0, 0.0, 0.0, 0.9375, 0.875, 0.875, 0.0, 0.0, 0.0, 0.0]","[0.5, 0.4375, 0.40625, 1.0, 0.078125, 0.03125, 0.0, 0.359375, 0.4375, 0.546875, 0.0, 0.0, 0.0, 0.0, 0.5, 0.53125, 0.4375, 0.0, 0.0, 0.0, 0.0]","[35, 8, 16, 5, 3, 9, 26, 49, 50]",1.0353700682962983,1.1133015495514638
245,6363.125,"[0.9375, 0.8125, 0.6875, 0.9375, 0.09375, 0.03125, 0.0, 0.65625, 0.8125, 0.96875, 0.0, 0.0, 0.0, 0.0, 0.9375, 0.875, 0.875, 0.0, 0.0, 0.0, 0.0]","[0.5, 0.4375, 0.40625, 1.0, 0.078125, 0.03125, 0.0, 0.359375, 0.4375, 0.546875, 0.0, 0.0, 0.0, 0.0, 0.5, 0.53125, 0.4375, 0.0, 0.0, 0.0, 0.0]","[35, 8, 16, 5, 3, 9, 26, 49, 50]",1.0353700682962983,1.1133015495514638
246,6343.4375,"[0.9375, 0.8125, 0.71875, 0.9375, 0.09375, 0.03125, 0.0, 0.65625, 0.8125, 0.96875, 0.0, 0.0, 0.0, 0.0, 0.875, 0.875, 0.875, 0.0, 0.0, 0.0, 0.0]","[0.5, 0.4375, 0.421875, 1.0, 0.078125, 0.03125, 0.0, 0.359375, 0.4375, 0.546875, 0.0, 0.0, 0.0, 0.0, 0.4375, 0.53125, 0.4375, 0.0, 0.0, 0.0, 0.0]","[35, 8, 16, 5, 3, 9, 26, 41, 49]",1.0331369225937317,1.1156381257807153
247,6343.4375,"[0.9375, 0.8125, 0.78125, 0.9375, 0.09375, 0.03125, 0.0, 0.65625, 0.8125, 0.96875, 0.0, 0.0, 0.0, 0.0, 0.875, 0.875, 0.875, 0.0, 0.0, 0.0, 0.0]","[0.5, 0.4375, 0.453125, 1.0, 0.078125, 0.03125, 0.0, 0.359375, 0.4375, 0.546875, 0.0, 0.0, 0.0, 0.0, 0.4375, 0.53125, 0.4375, 0.0, 0.0, 0.0, 0.0]","[35, 8, 16, 5, 3, 9, 26, 41, 67]",1.0314553893677154,1.1130315744462445
248,6422.1875,"[0.9375, 0.8125, 0.78125, 0.921875, 0.09375, 0.03125, 0.0, 0.65625, 0.8125, 0.71875, 0.0, 0.0, 0.0, 0.0, 0.875, 0.875, 0.875, 0.0, 0.0, 0.0, 0.0]","[0.5, 0.4375, 0.453125, 0.984375, 0.078125, 0.03125, 0.0, 0.359375, 0.4375, 0.421875, 0.0, 0.0, 0.0, 0.0, 0.4375, 0.53125, 0.4375, 0.0, 0.0, 0.0, 0.0]","[35, 8, 16, 5, 3, 9, 26, 41, 57]",1.0306013459307446,1.114191131749228
249,6402.34375,"[0.9375, 0.8125, 0.53125, 0.921875, 0.09375, 0.03125, 0.0, 0.65625, 0.8125, 0.96875, 0.0, 0.0, 0.0, 0.0, 1.0, 0.875, 0.875, 0.0, 0.0, 0.0, 0.0]","[0.5, 0.4375, 0.328125, 0.984375, 0.078125, 0.03125, 0.0, 0.359375, 0.4375, 0.546875, 0.0, 0.0, 0.0, 0.0, 0.5, 0.53125, 0.4375, 0.0, 0.0, 0.0, 0.0]","[35, 16, 5, 3, 9, 26, 41, 43]",1.0474091385621347,1.1189183839584975
250,6284.21875,"[0.9375, 0.6875, 0.53125, 0.921875, 0.09375, 0.03125, 0.0, 0.65625, 0.8125, 0.96875, 0.0, 0.0, 0.0, 0.0, 1.0, 0.875, 0.875, 0.0, 0.0, 0.0, 0.0]","[0.5, 0.375, 0.328125, 0.984375, 0.078125, 0.03125, 0.0, 0.359375, 0.4375, 0.546875, 0.0, 0.0, 0.0, 0.0, 0.5, 0.53125, 0.4375, 0.0, 0.0, 0.0, 0.0]","[35, 16, 5, 3, 9, 26, 34, 41]",1.0507546766935192,1.1254155027666537
251,6185.78125,"[0.9375, 0.71875, 0.53125, 0.921875, 0.09375, 0.03125, 0.0, 0.59375, 0.8125, 0.96875, 0.0, 0.0, 0.0, 0.0, 1.0, 0.875, 0.875, 0.0, 0.0, 0.0, 0.0]","[0.5, 0.390625, 0.328125, 0.984375, 0.078125, 0.03125, 0.0, 0.328125, 0.4375, 0.546875, 0.0, 0.0, 0.0, 0.0, 0.5, 0.53125, 0.4375, 0.0, 0.0, 0.0, 0.0]","[35, 16, 5, 3, 9, 26, 28, 34]",1.0533634868075366,1.1281756547087876
252,6185.78125,"[0.9375, 0.71875, 0.53125, 0.921875, 0.09375, 0.03125, 0.0, 0.59375, 0.8125, 0.96875, 0.0, 0.0, 0.0, 0.0, 1.0, 0.875, 0.875, 0.0, 0.0, 0.0, 0.0]","[0.5, 0.390625, 0.328125, 0.984375, 0.078125, 0.03125, 0.0, 0.328125, 0.4375, 0.546875, 0.0, 0.0, 0.0, 0.0, 0.5, 0.53125, 0.4375, 0.0, 0.0, 0.0, 0.0]","[35, 16, 5, 3, 9, 26, 28, 34]",1.0533634868075366,1.1281756547087876
253,6225.15625,"[0.9375, 0.84375, 0.53125, 0.921875, 0.09375, 0.03125, 0.0, 0.59375, 0.8125, 0.96875, 0.0, 0.0, 0.0, 0.0, 1.0, 0.875, 0.875, 0.0, 0.0, 0.0, 0.0]","[0.5, 0.453125, 0.328125, 0.984375, 0.078125, 0.03125, 0.0, 0.328125, 0.4375, 0.546875, 0.0, 0.0, 0.0, 0.0, 0.5, 0.53125, 0.4375, 0.0, 0.0, 0.0, 0.0]","[35, 16, 5, 3, 9, 26, 28, 43]",1.0511185847921745,1.1223499549995997
254,6225.15625,"[0.9375, 0.71875, 0.53125, 0.921875, 0.09375, 0.03125, 0.0, 0.59375, 0.8125, 0.96875, 0.0, 0.0, 0.0, 0.0, 1.0, 0.875, 0.875, 0.0, 0.0, 0.0, 0.0]","[0.5, 0.390625, 0.328125, 0.984375, 0.078125, 0.03125, 0.0, 0.328125, 0.4375, 0.546875, 0.0, 0.0, 0.0, 0.0, 0.5, 0.53125, 0.4375, 0.0, 0.0, 0.0, 0.0]","[35, 16, 5, 3, 9, 26, 43, 11, 28, 67]",1.0533634868075366,1.1281756547087876
255,6500.78125,"[0.9375, 0.71875, 0.59375, 0.921875, 0.09375, 0.03125, 0.0, 0.84375, 0.8125, 0.96875, 0.0, 0.0, 0.0, 0.0, 1.0, 0.875, 0.875, 0.0, 0.0, 0.0, 0.0]","[0.5, 0.390625, 0.390625, 0.984375, 0.078125, 0.03125, 0.0, 0.453125, 0.4375, 0.546875, 0.0, 0.0, 0.0, 0.0, 0.5, 0.53125, 0.4375, 0.0, 0.0, 0.0, 0.0]","[35, 16, 5, 3, 9, 26, 43, 11]",1.0393569962569988,1.1052662072491601
256,6362.96875,"[0.9375, 0.71875, 0.59375, 0.921875, 0.09375, 0.03125, 0.0, 0.84375, 0.78125, 0.96875, 0.0, 0.0, 0.0, 0.0, 1.0, 0.875, 0.875, 0.0, 0.0, 0.0, 0.0]","[0.5, 0.390625, 0.390625, 0.984375, 0.078125, 0.03125, 0.0, 0.453125, 0.390625, 0.546875, 0.0, 0.0, 0.0, 0.0, 0.5, 0.53125, 0.4375, 0.0, 0.0, 0.0, 0.0]","[35, 16, 5, 3, 9, 26, 43, 22]",1.0398694829984365,1.1098778829789624
257,6362.96875,"[0.9375, 0.71875, 0.59375, 0.921875, 0.09375, 0.03125, 0.0, 0.84375, 0.78125, 0.96875, 0.0, 0.0, 0.0, 0.0, 1.0, 0.875, 0.875, 0.0, 0.0, 0.0, 0.0]","[0.5, 0.390625, 0.390625, 0.984375, 0.078125, 0.03125, 0.0, 0.453125, 0.390625, 0.546875, 0.0, 0.0, 0.0, 0.0, 0.5, 0.53125, 0.4375, 0.0, 0.0, 0.0, 0.0]","[35, 16, 5, 3, 9, 26, 43, 22]",1.0398694829984365,1.1098778829789624
258,6402.34375,"[0.9375, 0.71875, 0.59375, 0.921875, 0.09375, 0.03125, 0.0, 0.84375, 0.78125, 0.96875, 0.0, 0.0, 0.0, 0.0, 1.0, 0.875, 0.84375, 0.0, 0.0, 0.0, 0.0]","[0.5, 0.390625, 0.390625, 0.984375, 0.078125, 0.03125, 0.0, 0.453125, 0.390625, 0.546875, 0.0, 0.0, 0.0, 0.0, 0.5, 0.53125, 0.421875, 0.0, 0.0, 0.0, 0.0]","[35, 16, 5, 3, 9, 26, 43, 22]",1.03983079656289,1.1112423777345872
259,6303.90625,"[0.9375, 0.71875, 0.59375, 0.921875, 0.09375, 0.03125, 0.0, 0.84375, 0.78125, 0.96875, 0.0, 0.0, 0.0, 0.0, 1.0, 0.875, 0.84375, 0.0, 0.0, 0.0, 0.0]","[0.5, 0.390625, 0.390625, 0.984375, 0.078125, 0.03125, 0.0, 0.453125, 0.390625, 0.546875, 0.0, 0.0, 0.0, 0.0, 0.5, 0.53125, 0.421875, 0.0, 0.0, 0.0, 0.0]","[35, 16, 5, 3, 9, 26, 43, 22, 76, 77]",1.03983079656289,1.1112423777345872
260,6500.78125,"[0.9375, 0.96875, 0.65625, 0.921875, 0.09375, 0.03125, 0.0, 0.84375, 0.78125, 0.96875, 0.0, 0.0, 0.0, 0.0, 1.0, 0.875, 0.84375, 0.0, 0.0, 0.0, 0.0]","[0.5, 0.515625, 0.453125, 0.984375, 0.078125, 0.03125, 0.0, 0.453125, 0.390625, 0.546875, 0.0, 0.0, 0.0, 0.0, 0.5, 0.53125, 0.421875, 0.0, 0.0, 0.0, 0.0]","[35, 16, 5, 3, 9, 26, 43, 22, 86]",1.034366724113364,1.0962713863764717
261,6520.46875,"[0.9375, 0.96875, 0.65625, 0.921875, 0.09375, 0.03125, 0.0, 0.84375, 0.8125, 0.96875, 0.0, 0.0, 0.0, 0.0, 1.0, 0.875, 0.84375, 0.0, 0.0, 0.0, 0.0]","[0.5, 0.515625, 0.453125, 0.984375, 0.078125, 0.03125, 0.0, 0.453125, 0.40625, 0.546875, 0.0, 0.0, 0.0, 0.0, 0.5, 0.53125, 0.421875, 0.0, 0.0, 0.0, 0.0]","[35, 16, 5, 3, 9, 26, 43, 22, 91]",1.0337010981901282,1.094547107071513
262,6559.84375,"[0.9375, 0.96875, 0.65625, 0.921875, 0.09375, 0.03125, 0.0, 0.84375, 0.875, 0.96875, 0.0, 0.0, 0.0, 0.0, 1.0, 0.875, 0.84375, 0.0, 0.0, 0.0, 0.0]","[0.5, 0.515625, 0.453125, 0.984375, 0.078125, 0.03125, 0.0, 0.453125, 0.4375, 0.546875, 0.0, 0.0, 0.0, 0.0, 0.5, 0.53125, 0.421875, 0.0, 0.0, 0.0, 0.0]","[35, 16, 5, 3, 9, 26, 43, 22, 93]",1.0330568820305068,1.091573969664976
263,6638.59375,"[0.9375, 0.96875, 0.65625, 0.921875, 0.09375, 0.03125, 0.0, 0.84375, 0.875, 0.96875, 0.0, 0.0, 0.0, 0.0, 1.0, 0.875, 0.96875, 0.0, 0.0, 0.0, 0.0]","[0.5, 0.515625, 0.453125, 0.984375, 0.078125, 0.03125, 0.0, 0.453125, 0.4375, 0.546875, 0.0, 0.0, 0.0, 0.0, 0.5, 0.53125, 0.484375, 0.0, 0.0, 0.0, 0.0]","[35, 16, 5, 3, 9, 26, 43, 22, 94]",1.0334404304959908,1.0868518484272196
264,6638.59375,"[0.9375, 0.96875, 0.65625, 0.921875, 0.09375, 0.03125, 0.0, 0.84375, 0.875, 0.96875, 0.0, 0.0, 0.0, 0.0, 1.0, 0.875, 0.96875, 0.0, 0.0, 0.0, 0.0]","[0.5, 0.515625, 0.453125, 0.984375, 0.078125, 0.03125, 0.0, 0.453125, 0.4375, 0.546875, 0.0, 0.0, 0.0, 0.0, 0.5, 0.53125, 0.484375, 0.0, 0.0, 0.0, 0.0]","[35, 16, 5, 3, 9, 26, 43, 22, 94, 95]",1.0334404304959908,1.0868518484272196
265,6677.96875,"[0.9375, 0.96875, 0.71875, 0.921875, 0.09375, 0.03125, 0.0, 0.84375, 0.875, 0.96875, 0.0, 0.0, 0.0, 0.0, 1.0, 0.875, 0.96875, 0.0, 0.0, 0.0, 0.0]","[0.5, 0.515625, 0.515625, 0.984375, 0.078125, 0.03125, 0.0, 0.453125, 0.4375, 0.546875, 0.0, 0.0, 0.0, 0.0, 0.5, 0.53125, 0.484375, 0.0, 0.0, 0.0, 0.0]","[35, 16, 5, 3, 9, 26, 43, 22, 94, 96]",1.030200791513831,1.0832842175514446
266,6697.65625,"[0.9375, 0.96875, 0.75, 0.921875, 0.09375, 0.03125, 0.0, 0.84375, 0.875, 0.96875, 0.0, 0.0, 0.0, 0.0, 1.0, 0.875, 0.96875, 0.0, 0.0, 0.0, 0.0]","[0.5, 0.515625, 0.53125, 0.984375, 0.078125, 0.03125, 0.0, 0.453125, 0.4375, 0.546875, 0.0, 0.0, 0.0, 0.0, 0.5, 0.53125, 0.484375, 0.0, 0.0, 0.0, 0.0]","[35, 16, 5, 3, 9, 26, 43, 22, 94, 97]",1.02892620516808,1.0827544930497144
267,6737.03125,"[0.9375, 0.96875, 0.8125, 0.921875, 0.09375, 0.03125, 0.0, 0.84375, 0.875, 0.96875, 0.0, 0.0, 0.0, 0.0, 1.0, 0.875, 0.96875, 0.0, 0.0, 0.0, 0.0]","[0.5, 0.515625, 0.5625, 0.984375, 0.078125, 0.03125, 0.0, 0.453125, 0.4375, 0.546875, 0.0, 0.0, 0.0, 0.0, 0.5, 0.53125, 0.484375, 0.0, 0.0, 0.0, 0.0]","[35, 16, 5, 3, 9, 26, 43, 22, 94, 98]",1.027048908862788,1.0821146991988522
268,6815.78125,"[0.9375, 0.96875, 0.9375, 0.921875, 0.09375, 0.03125, 0.0, 0.84375, 0.875, 0.96875, 0.0, 0.0, 0.0, 0.0, 1.0, 0.875, 0.96875, 0.0, 0.0, 0.0, 0.0]","[0.5, 0.515625, 0.625, 0.984375, 0.078125, 0.03125, 0.0, 0.453125, 0.4375, 0.546875, 0.0, 0.0, 0.0, 0.0, 0.5, 0.53125, 0.484375, 0.0, 0.0, 0.0, 0.0]","[35, 16, 5, 3, 9, 26, 43, 22, 94, 99]",1.0258733812311451,1.082452445469683
269,6815.78125,"[0.9375, 0.96875, 0.9375, 0.921875, 0.09375, 0.03125, 0.0, 0.84375, 0.875, 0.96875, 0.0, 0.0, 0.0, 0.0, 1.0, 0.875, 0.96875, 0.0, 0.0, 0.0, 0.0]","[0.5, 0.515625, 0.625, 0.984375, 0.078125, 0.03125, 0.0, 0.453125, 0.4375, 0.546875, 0.0, 0.0, 0.0, 0.0, 0.5, 0.53125, 0.484375, 0.0, 0.0, 0.0, 0.0]","[35, 16, 5, 3, 9, 26, 43, 22, 99, 94, 100, 101]",1.0258733812311451,1.082452445469683
270,7014.21875,"[0.9375, 0.96875, 0.9375, 0.921875, 0.21875, 0.0625, 0.0, 0.84375, 0.875, 0.96875, 0.0, 0.0, 0.0, 0.0, 1.0, 0.875, 0.71875, 0.0, 0.0, 0.0, 0.0]","[0.5, 0.515625, 0.625, 0.984375, 0.140625, 0.0625, 0.0, 0.453125, 0.4375, 0.546875, 0.0, 0.0, 0.0, 0.0, 0.5, 0.53125, 0.359375, 0.0, 0.0, 0.0, 0.0]","[35, 16, 5, 3, 9, 26, 43, 22, 99, 69, 94]",1.0010978544674531,1.0665058624962482
271,7034.0625,"[0.9375, 0.96875, 0.9375, 0.921875, 0.09375, 0.0625, 0.0, 0.59375, 0.875, 0.96875, 0.0, 0.0, 0.0, 0.0, 1.0, 0.875, 0.71875, 0.0, 0.0, 0.0, 0.0]","[0.5, 0.515625, 0.625, 0.984375, 0.078125, 0.0625, 0.0, 0.328125, 0.4375, 0.546875, 0.0, 0.0, 0.0, 0.0, 0.5, 0.53125, 0.359375, 0.0, 0.0, 0.0, 0.0]","[35, 16, 5, 3, 9, 26, 43, 22, 99, 68]",1.03394856848856,1.0992464951696945
272,6737.34375,"[0.9375, 0.96875, 0.9375, 0.921875, 0.09375, 0.0625, 0.0, 0.65625, 0.875, 0.96875, 0.0, 0.0, 0.0, 0.0, 1.0, 0.875, 0.71875, 0.0, 0.0, 0.0, 0.0]","[0.5, 0.515625, 0.625, 0.984375, 0.078125, 0.0625, 0.0, 0.359375, 0.4375, 0.546875, 0.0, 0.0, 0.0, 0.0, 0.5, 0.53125, 0.359375, 0.0, 0.0, 0.0, 0.0]","[35, 16, 5, 3, 9, 26, 43, 22, 69]",1.029876965604375,1.094638806518176
273,6658.59375,"[0.9375, 0.96875, 0.9375, 0.921875, 0.09375, 0.0625, 0.0, 0.65625, 0.875, 0.96875, 0.0, 0.0, 0.0, 0.0, 1.0, 0.875, 0.71875, 0.0, 0.0, 0.0, 0.0]","[0.5, 0.515625, 0.625, 0.984375, 0.078125, 0.0625, 0.0, 0.359375, 0.4375, 0.546875, 0.0, 0.0, 0.0, 0.0, 0.5, 0.53125, 0.359375, 0.0, 0.0, 0.0, 0.0]","[35, 16, 5, 3, 9, 26, 43, 22, 69]",1.029876965604375,1.094638806518176
274,6737.34375,"[0.9375, 0.96875, 0.9375, 0.921875, 0.09375, 0.0625, 0.0, 0.65625, 0.875, 0.96875, 0.0, 0.0, 0.0, 0.0, 1.0, 0.875, 0.71875, 0.0, 0.0, 0.0, 0.0]","[0.5, 0.515625, 0.625, 0.984375, 0.078125, 0.0625, 0.0, 0.359375, 0.4375, 0.546875, 0.0, 0.0, 0.0, 0.0, 0.5, 0.53125, 0.359375, 0.0, 0.0, 0.0, 0.0]","[35, 16, 5, 3, 9, 26, 43, 22, 69]",1.029876965604375,1.094638806518176
275,6619.21875,"[0.9375, 0.96875, 0.9375, 0.921875, 0.09375, 0.0625, 0.0, 0.65625, 0.875, 0.96875, 0.0, 0.0, 0.0, 0.0, 1.0, 0.875, 0.78125, 0.0, 0.0, 0.0, 0.0]","[0.5, 0.515625, 0.625, 0.984375, 0.078125, 0.0625, 0.0, 0.359375, 0.4375, 0.546875, 0.0, 0.0, 0.0, 0.0, 0.5, 0.53125, 0.421875, 0.0, 0.0, 0.0, 0.0]","[35, 16, 5, 3, 9, 26, 43, 22, 94]",1.0277448424842273,1.087314523085251
276,6638.90625,"[0.9375, 0.96875, 0.9375, 0.921875, 0.09375, 0.0625, 0.0, 0.65625, 0.875, 0.96875, 0.0, 0.0, 0.0, 0.0, 1.0, 0.875, 0.78125, 0.0, 0.0, 0.0, 0.0]","[0.5, 0.515625, 0.625, 0.984375, 0.078125, 0.0625, 0.0, 0.359375, 0.4375, 0.546875, 0.0, 0.0, 0.0, 0.0, 0.5, 0.53125, 0.421875, 0.0, 0.0, 0.0, 0.0]","[35, 16, 5, 3, 9, 26, 43, 22, 94]",1.0277448424842273,1.087314523085251
277,6658.59375,"[0.9375, 0.96875, 0.9375, 0.921875, 0.09375, 0.0625, 0.0, 0.65625, 0.875, 0.96875, 0.0, 0.0, 0.0, 0.0, 1.0, 0.875, 0.84375, 0.0, 0.0, 0.0, 0.0]","[0.5, 0.515625, 0.625, 0.984375, 0.078125, 0.0625, 0.0, 0.359375, 0.4375, 0.546875, 0.0, 0.0, 0.0, 0.0, 0.5, 0.53125, 0.453125, 0.0, 0.0, 0.0, 0.0]","[35, 16, 5, 3, 9, 26, 43, 22, 99]",1.0265295296781953,1.0845689253122661
278,6737.34375,"[0.9375, 0.96875, 0.9375, 0.921875, 0.09375, 0.0625, 0.0, 0.65625, 0.875, 0.96875, 0.0, 0.0, 0.0, 0.0, 1.0, 0.875, 0.84375, 0.0, 0.0, 0.0, 0.0]","[0.5, 0.515625, 0.625, 0.984375, 0.078125, 0.0625, 0.0, 0.359375, 0.4375, 0.546875, 0.0, 0.0, 0.0, 0.0, 0.5, 0.53125, 0.453125, 0.0, 0.0, 0.0, 0.0]","[35, 16, 5, 3, 9, 26, 43, 22, 99]",1.0265295296781953,1.0845689253122661
279,6658.59375,"[0.9375, 0.96875, 0.9375, 0.890625, 0.09375, 0.0625, 0.0, 0.65625, 0.875, 0.9375, 0.0, 0.0, 0.0, 0.0, 1.0, 0.875, 0.84375, 0.0, 0.0, 0.0, 0.0]","[0.5, 0.515625, 0.625, 0.953125, 0.078125, 0.0625, 0.0, 0.359375, 0.4375, 0.53125, 0.0, 0.0, 0.0, 0.0, 0.5, 0.53125, 0.453125, 0.0, 0.0, 0.0, 0.0]","[35, 16, 5, 3, 9, 26, 43, 22, 99, 42, 84]",1.025927289120965,1.0772208137660502
280,6796.40625,"[0.9375, 0.96875, 0.9375, 0.890625, 0.09375, 0.0625, 0.0, 0.90625, 0.875, 0.9375, 0.0, 0.0, 0.0, 0.0, 1.0, 0.875, 0.84375, 0.0, 0.0, 0.0, 0.0]","[0.5, 0.515625, 0.625, 0.953125, 0.078125, 0.0625, 0.0, 0.484375, 0.4375, 0.53125, 0.0, 0.0, 0.0, 0.0, 0.5, 0.53125, 0.453125, 0.0, 0.0, 0.0, 0.0]","[35, 16, 5, 3, 9, 26, 43, 22, 99, 84]",1.0189487767702425,1.0654000630542653
281,6776.5625,"[0.9375, 0.96875, 0.9375, 0.890625, 0.09375, 0.0625, 0.0, 0.90625, 0.875, 0.9375, 0.0, 0.0, 0.0, 0.0, 1.0, 0.875, 0.84375, 0.0, 0.0, 0.0, 0.0]","[0.5, 0.515625, 0.625, 0.953125, 0.078125, 0.0625, 0.0, 0.484375, 0.4375, 0.53125, 0.0, 0.0, 0.0, 0.0, 0.5, 0.53125, 0.453125, 0.0, 0.0, 0.0, 0.0]","[35, 16, 5, 3, 9, 26, 43, 22, 99, 84]",1.0189487767702425,1.0654000630542653
282,6796.40625,"[0.9375, 0.96875, 0.9375, 0.921875, 0.09375, 0.0625, 0.0, 0.90625, 0.875, 0.9375, 0.0, 0.0, 0.0, 0.0, 1.0, 0.875, 0.84375, 0.0, 0.0, 0.0, 0.0]","[0.5, 0.515625, 0.625, 0.984375, 0.078125, 0.0625, 0.0, 0.484375, 0.4375, 0.53125, 0.0, 0.0, 0.0, 0.0, 0.5, 0.53125, 0.453125, 0.0, 0.0, 0.0, 0.0]","[35, 16, 5, 3, 9, 26, 43, 22, 99, 100]",1.0189439766879658,1.0727698045158398
283,6875.15625,"[0.9375, 0.96875, 0.9375, 0.921875, 0.09375, 0.0625, 0.0, 0.90625, 0.875, 0.9375, 0.0, 0.0, 0.0, 0.0, 1.0, 0.875, 0.96875, 0.0, 0.0, 0.0, 0.0]","[0.5, 0.515625, 0.625, 0.984375, 0.078125, 0.0625, 0.0, 0.484375, 0.4375, 0.53125, 0.0, 0.0, 0.0, 0.0, 0.5, 0.53125, 0.515625, 0.0, 0.0, 0.0, 0.0]","[35, 16, 5, 3, 9, 26, 43, 22, 99, 102]",1.018708211835707,1.068974303342673
284,6875.15625,"[0.9375, 0.96875, 0.9375, 0.921875, 0.09375, 0.0625, 0.0, 0.90625, 0.875, 0.9375, 0.0, 0.0, 0.0, 0.0, 1.0, 0.875, 0.96875, 0.0, 0.0, 0.0, 0.0]","[0.5, 0.515625, 0.625, 0.984375, 0.078125, 0.0625, 0.0, 0.484375, 0.4375, 0.53125, 0.0, 0.0, 0.0, 0.0, 0.5, 0.53125, 0.515625, 0.0, 0.0, 0.0, 0.0]","[35, 16, 5, 3, 9, 26, 43, 22, 99, 102, 103, 104]",1.018708211835707,1.068974303342673
285,7073.59375,"[0.9375, 0.96875, 0.9375, 0.921875, 0.21875, 0.09375, 0.0, 0.90625, 0.875, 0.9375, 0.0, 0.0, 0.0, 0.0, 1.0, 0.875, 0.96875, 0.0, 0.0, 0.0, 0.0]","[0.5, 0.515625, 0.625, 0.984375, 0.140625, 0.09375, 0.0, 0.484375, 0.4375, 0.53125, 0.0, 0.0, 0.0, 0.0, 0.5, 0.53125, 0.515625, 0.0, 0.0, 0.0, 0.0]","[35, 16, 5, 3, 9, 26, 43, 22, 99, 102, 105]",0.991048461307409,1.0421311497759451
286,7093.4375,"[0.9375, 0.96875, 0.9375, 0.921875, 0.234375, 0.09375, 0.0, 0.90625, 0.875, 0.9375, 0.0, 0.0, 0.0, 0.0, 1.0, 0.875, 0.96875, 0.0, 0.0, 0.0, 0.0]","[0.5, 0.515625, 0.625, 0.984375, 0.1484375, 0.09375, 0.0, 0.484375, 0.4375, 0.53125, 0.0, 0.0, 0.0, 0.0, 0.5, 0.53125, 0.515625, 0.0, 0.0, 0.0, 0.0]","[35, 16, 5, 3, 9, 26, 43, 22, 99, 102, 106]",0.9886161986579883,1.04012659327101
287,7133.125,"[0.9375, 0.96875, 0.9375, 0.921875, 0.265625, 0.09375, 0.0, 0.90625, 0.875, 0.9375, 0.0, 0.0, 0.0, 0.0, 1.0, 0.875, 0.96875, 0.0, 0.0, 0.0, 0.0]","[0.5, 0.515625, 0.625, 0.984375, 0.1640625, 0.09375, 0.0, 0.484375, 0.4375, 0.53125, 0.0, 0.0, 0.0, 0.0, 0.5, 0.53125, 0.515625, 0.0, 0.0, 0.0, 0.0]","[35, 16, 5, 3, 9, 26, 43, 22, 99, 102, 107]",0.9839317802464661,1.0362344800487178
288,7212.5,"[0.9375, 0.96875, 0.9375, 0.921875, 0.328125, 0.09375, 0.0, 0.90625, 0.875, 0.9375, 0.0, 0.0, 0.0, 0.0, 1.0, 0.875, 0.96875, 0.0, 0.0, 0.0, 0.0]","[0.5, 0.515625, 0.625, 0.984375, 0.1953125, 0.09375, 0.0, 0.484375, 0.4375, 0.53125, 0.0, 0.0, 0.0, 0.0, 0.5, 0.53125, 0.515625, 0.0, 0.0, 0.0, 0.0]","[35, 16, 5, 3, 9, 26, 43, 22, 99, 102, 108]",0.9752784334139896,1.0289153927217651
289,7371.25,"[0.90625, 0.96875, 0.9375, 0.796875, 0.328125, 0.09375, 0.0, 0.90625, 0.875, 0.9375, 0.0, 0.0, 0.0, 0.0, 1.0, 0.875, 0.96875, 0.0, 0.0, 0.0, 0.0]","[0.484375, 0.515625, 0.625, 0.859375, 0.1953125, 0.09375, 0.0, 0.484375, 0.4375, 0.53125, 0.0, 0.0, 0.0, 0.0, 0.5, 0.53125, 0.515625, 0.0, 0.0, 0.0, 0.0]","[35, 16, 5, 3, 9, 26, 43, 22, 99, 102, 30]",0.9762563317152215,1.0026397031162508
290,7232.5,"[0.90625, 0.96875, 0.9375, 0.921875, 0.328125, 0.09375, 0.0, 0.90625, 0.875, 0.9375, 0.0, 0.0, 0.0, 0.0, 1.0, 0.875, 0.96875, 0.0, 0.0, 0.0, 0.0]","[0.484375, 0.515625, 0.625, 0.984375, 0.1953125, 0.09375, 0.0, 0.484375, 0.4375, 0.53125, 0.0, 0.0, 0.0, 0.0, 0.5, 0.53125, 0.515625, 0.0, 0.0, 0.0, 0.0]","[35, 16, 5, 3, 9, 26, 43, 22, 99, 30]",0.975154274417019,1.0297108198981093
291,7212.65625,"[0.90625, 0.96875, 0.6875, 0.921875, 0.328125, 0.09375, 0.0, 0.90625, 0.875, 0.9375, 0.0, 0.0, 0.0, 0.0, 1.0, 0.875, 0.96875, 0.0, 0.0, 0.0, 0.0]","[0.484375, 0.515625, 0.5, 0.984375, 0.1953125, 0.09375, 0.0, 0.484375, 0.4375, 0.53125, 0.0, 0.0, 0.0, 0.0, 0.5, 0.53125, 0.515625, 0.0, 0.0, 0.0, 0.0]","[35, 16, 5, 3, 9, 26, 43, 22, 99, 18]",0.9798729333906558,1.030480089583219
292,7074.6875,"[0.90625, 0.96875, 0.6875, 0.921875, 0.328125, 0.09375, 0.0, 0.90625, 0.875, 0.9375, 0.0, 0.0, 0.0, 0.0, 1.0, 0.875, 0.96875, 0.0, 0.0, 0.0, 0.0]","[0.484375, 0.515625, 0.5, 0.984375, 0.1953125, 0.09375, 0.0, 0.484375, 0.4375, 0.53125, 0.0, 0.0, 0.0, 0.0, 0.5, 0.53125, 0.515625, 0.0, 0.0, 0.0, 0.0]","[35, 16, 5, 3, 9, 26, 43, 22, 99, 18]",0.9798729333906558,1.030480089583219
293,7114.0625,"[0.90625, 0.96875, 0.6875, 0.921875, 0.328125, 0.09375, 0.0, 0.90625, 0.875, 0.9375, 0.0, 0.0, 0.0, 0.0, 1.0, 0.875, 0.96875, 0.0, 0.0, 0.0, 0.0]","[0.484375, 0.515625, 0.5, 0.984375, 0.1953125, 0.09375, 0.0, 0.484375, 0.4375, 0.53125, 0.0, 0.0, 0.0, 0.0, 0.5, 0.53125, 0.515625, 0.0, 0.0, 0.0, 0.0]","[35, 16, 5, 3, 9, 26, 43, 22, 99, 18]",0.9798729333906558,1.030480089583219
294,7192.8125,"[0.90625, 0.96875, 0.9375, 0.921875, 0.328125, 0.09375, 0.0, 0.90625, 0.875, 0.9375, 0.0, 0.0, 0.0, 0.0, 1.0, 0.875, 0.96875, 0.0, 0.0, 0.0, 0.0]","[0.484375, 0.515625, 0.625, 0.984375, 0.1953125, 0.09375, 0.0, 0.484375, 0.4375, 0.53125, 0.0, 0.0, 0.0, 0.0, 0.5, 0.53125, 0.515625, 0.0, 0.0, 0.0, 0.0]","[35, 16, 5, 3, 9, 26, 43, 22, 99, 30]",0.975154274417019,1.0297108198981093
295,7192.8125,"[0.90625, 0.71875, 0.9375, 0.921875, 0.328125, 0.09375, 0.0, 0.90625, 0.875, 0.6875, 0.0, 0.0, 0.0, 0.0, 1.0, 0.875, 0.96875, 0.0, 0.0, 0.0, 0.0]","[0.484375, 0.390625, 0.625, 0.984375, 0.1953125, 0.09375, 0.0, 0.484375, 0.4375, 0.40625, 0.0, 0.0, 0.0, 0.0, 0.5, 0.53125, 0.515625, 0.0, 0.0, 0.0, 0.0]","[35, 16, 5, 3, 9, 26, 43, 22, 99, 30, 57]",0.981661788934491,1.046433212690331
296,7094.53125,"[0.90625, 0.96875, 0.9375, 0.921875, 0.34375, 0.09375, 0.0, 0.90625, 0.875, 0.6875, 0.0, 0.0, 0.0, 0.0, 1.0, 0.875, 0.96875, 0.0, 0.0, 0.0, 0.0]","[0.484375, 0.515625, 0.625, 0.984375, 0.203125, 0.09375, 0.0, 0.484375, 0.4375, 0.40625, 0.0, 0.0, 0.0, 0.0, 0.5, 0.53125, 0.515625, 0.0, 0.0, 0.0, 0.0]","[35, 16, 5, 3, 9, 26, 43, 22]",0.9778285187880736,1.0358581907677178
297,7094.53125,"[0.90625, 0.96875, 0.9375, 0.921875, 0.3125, 0.09375, 0.0, 0.90625, 0.875, 0.6875, 0.0, 0.0, 0.0, 0.0, 1.0, 0.875, 0.96875, 0.0, 0.0, 0.0, 0.0]","[0.484375, 0.515625, 0.625, 0.984375, 0.171875, 0.09375, 0.0, 0.484375, 0.4375, 0.40625, 0.0, 0.0, 0.0, 0.0, 0.5, 0.53125, 0.515625, 0.0, 0.0, 0.0, 0.0]","[35, 16, 5, 3, 9, 26, 43, 22]",0.9819795621050622,1.043145610473573
298,7094.21875,"[0.90625, 0.96875, 0.9375, 0.921875, 0.3125, 0.09375, 0.0, 0.90625, 0.875, 0.6875, 0.0, 0.0, 0.0, 0.0, 0.75, 1.0, 0.96875, 0.0, 0.0, 0.0, 0.0]","[0.484375, 0.515625, 0.625, 0.984375, 0.171875, 0.09375, 0.0, 0.484375, 0.4375, 0.40625, 0.0, 0.0, 0.0, 0.0, 0.375, 0.59375, 0.515625, 0.0, 0.0, 0.0, 0.0]","[35, 16, 5, 3, 9, 26, 43, 30]",0.9840012079838644,1.0530617920071412
299,6936.71875,"[0.90625, 0.96875, 0.9375, 0.921875, 0.3125, 0.09375, 0.0, 0.90625, 0.875, 0.6875, 0.0, 0.0, 0.0, 0.0, 0.75, 1.0, 0.96875, 0.0, 0.0, 0.0, 0.0]","[0.484375, 0.515625, 0.625, 0.984375, 0.171875, 0.09375, 0.0, 0.484375, 0.4375, 0.40625, 0.0, 0.0, 0.0, 0.0, 0.375, 0.59375, 0.515625, 0.0, 0.0, 0.0, 0.0]","[35, 16, 5, 9, 26, 43, 3, 30]",0.9840012079838644,1.0530617920071412
300,6936.71875,"[0.90625, 0.96875, 0.9375, 0.921875, 0.3125, 0.09375, 0.0, 0.90625, 0.875, 0.6875, 0.0, 0.0, 0.0, 0.0, 0.75, 1.0, 0.96875, 0.0, 0.0, 0.0, 0.0]","[0.484375, 0.515625, 0.625, 0.984375, 0.171875, 0.09375, 0.0, 0.484375, 0.4375, 0.40625, 0.0, 0.0, 0.0, 0.0, 0.375, 0.59375, 0.515625, 0.0, 0.0, 0.0, 0.0]","[35, 16, 5, 26, 43, 30, 3, 9, 59]",0.9840012079838644,1.0530617920071412
301,6995.78125,"[0.90625, 0.96875, 0.9375, 0.921875, 0.3125, 0.09375, 0.0, 0.96875, 0.875, 0.6875, 0.0, 0.0, 0.0, 0.0, 0.75, 1.0, 0.96875, 0.0, 0.0, 0.0, 0.0]","[0.484375, 0.515625, 0.625, 0.984375, 0.171875, 0.09375, 0.0, 0.546875, 0.4375, 0.40625, 0.0, 0.0, 0.0, 0.0, 0.375, 0.59375, 0.515625, 0.0, 0.0, 0.0, 0.0]","[35, 16, 5, 43, 9, 3, 26]",0.9849125267489188,1.0508472254825378
302,7054.84375,"[0.90625, 0.96875, 1.0, 0.921875, 0.3125, 0.09375, 0.0, 0.96875, 0.9375, 0.6875, 0.0, 0.0, 0.0, 0.0, 0.75, 1.0, 0.96875, 0.0, 0.0, 0.0, 0.0]","[0.484375, 0.515625, 0.6875, 0.984375, 0.171875, 0.09375, 0.0, 0.546875, 0.46875, 0.40625, 0.0, 0.0, 0.0, 0.0, 0.375, 0.59375, 0.515625, 0.0, 0.0, 0.0, 0.0]","[35, 16, 5, 43, 3, 59]",0.9864032323770504,1.0512680791963913
303,7054.84375,"[0.90625, 0.96875, 1.0, 0.921875, 0.3125, 0.09375, 0.0, 0.96875, 0.9375, 0.6875, 0.0, 0.0, 0.0, 0.0, 0.75, 1.0, 0.96875, 0.0, 0.0, 0.0, 0.0]","[0.484375, 0.515625, 0.6875, 0.984375, 0.171875, 0.09375, 0.0, 0.546875, 0.46875, 0.40625, 0.0, 0.0, 0.0, 0.0, 0.375, 0.59375, 0.515625, 0.0, 0.0, 0.0, 0.0]","[35, 16, 5, 43, 59, 3, 76, 80]",0.9864032323770504,1.0512680791963913
304,7054.84375,"[0.90625, 0.96875, 1.0, 0.921875, 0.3125, 0.09375, 0.0, 0.96875, 0.9375, 0.6875, 0.0, 0.0, 0.0, 0.0, 0.75, 1.0, 0.96875, 0.0, 0.0, 0.0, 0.0]","[0.484375, 0.515625, 0.6875, 0.984375, 0.171875, 0.09375, 0.0, 0.546875, 0.46875, 0.40625, 0.0, 0.0, 0.0, 0.0, 0.375, 0.59375, 0.515625, 0.0, 0.0, 0.0, 0.0]","[35, 16, 5, 43, 59, 76, 80, 3, 81, 108, 109]",0.9864032323770504,1.0512680791963913
305,7330.78125,"[0.90625, 0.96875, 1.0, 0.921875, 0.34375, 0.09375, 0.0, 0.96875, 0.9375, 0.9375, 0.0, 0.0, 0.0, 0.0, 0.875, 1.0, 0.96875, 0.0, 0.0, 0.0, 0.0]","[0.484375, 0.515625, 0.6875, 0.984375, 0.203125, 0.09375, 0.0, 0.546875, 0.46875, 0.53125, 0.0, 0.0, 0.0, 0.0, 0.4375, 0.59375, 0.515625, 0.0, 0.0, 0.0, 0.0]","[35, 16, 5, 43, 59, 76, 80, 3, 110]",0.9742165561084437,1.0289091059696807
306,7350.46875,"[0.90625, 0.9375, 1.0, 0.921875, 0.34375, 0.09375, 0.0, 0.96875, 0.9375, 0.9375, 0.0, 0.0, 0.0, 0.0, 0.875, 0.9375, 0.96875, 0.0, 0.0, 0.0, 0.0]","[0.484375, 0.5, 0.6875, 0.984375, 0.203125, 0.09375, 0.0, 0.546875, 0.46875, 0.53125, 0.0, 0.0, 0.0, 0.0, 0.4375, 0.53125, 0.515625, 0.0, 0.0, 0.0, 0.0]","[35, 16, 5, 43, 59, 76, 80, 3, 21]",0.973232713649627,1.0306406119664788
307,7311.09375,"[0.90625, 0.9375, 1.0, 0.921875, 0.34375, 0.09375, 0.0, 0.96875, 0.9375, 0.9375, 0.0, 0.0, 0.0, 0.0, 0.9375, 0.9375, 0.96875, 0.0, 0.0, 0.0, 0.0]","[0.484375, 0.5, 0.6875, 0.984375, 0.203125, 0.09375, 0.0, 0.546875, 0.46875, 0.53125, 0.0, 0.0, 0.0, 0.0, 0.46875, 0.53125, 0.515625, 0.0, 0.0, 0.0, 0.0]","[35, 16, 5, 43, 59, 76, 80, 3, 62]",0.9731232430491449,1.0282434213979539
308,7311.09375,"[0.90625, 0.9375, 1.0, 0.921875, 0.34375, 0.09375, 0.0, 0.96875, 0.9375, 0.9375, 0.0, 0.0, 0.0, 0.0, 0.9375, 0.9375, 0.96875, 0.0, 0.0, 0.0, 0.0]","[0.484375, 0.5, 0.6875, 0.984375, 0.203125, 0.09375, 0.0, 0.546875, 0.46875, 0.53125, 0.0, 0.0, 0.0, 0.0, 0.46875, 0.53125, 0.515625, 0.0, 0.0, 0.0, 0.0]","[35, 16, 5, 43, 59, 76, 80, 3, 62, 110]",0.9731232430491449,1.0282434213979539
309,7311.09375,"[0.90625, 0.9375, 1.0, 0.921875, 0.34375, 0.09375, 0.0, 0.96875, 0.9375, 0.9375, 0.0, 0.0, 0.0, 0.0, 0.9375, 0.9375, 0.96875, 0.0, 0.0, 0.0, 0.0]","[0.484375, 0.5, 0.6875, 0.984375, 0.203125, 0.09375, 0.0, 0.546875, 0.46875, 0.53125, 0.0, 0.0, 0.0, 0.0, 0.46875, 0.53125, 0.515625, 0.0, 0.0, 0.0, 0.0]","[35, 16, 5, 43, 59, 76, 80, 3, 62, 110, 111]",0.9731232430491449,1.0282434213979539
310,7350.78125,"[0.90625, 0.9375, 1.0, 0.921875, 0.375, 0.09375, 0.0, 0.96875, 0.9375, 0.9375, 0.0, 0.0, 0.0, 0.0, 0.9375, 0.9375, 0.96875, 0.0, 0.0, 0.0, 0.0]","[0.484375, 0.5, 0.6875, 0.984375, 0.234375, 0.09375, 0.0, 0.546875, 0.46875, 0.53125, 0.0, 0.0, 0.0, 0.0, 0.46875, 0.53125, 0.515625, 0.0, 0.0, 0.0, 0.0]","[35, 16, 5, 43, 59, 76, 80, 3, 62, 110, 112]",0.9692859015947349,1.0217277761609556
311,7370.625,"[0.90625, 0.9375, 1.0, 0.921875, 0.375, 0.09375, 0.0, 0.96875, 0.9375, 0.9375, 0.0, 0.0, 0.0, 0.0, 0.9375, 0.9375, 0.71875, 0.0, 0.0, 0.0, 0.0]","[0.484375, 0.5, 0.6875, 0.984375, 0.234375, 0.09375, 0.0, 0.546875, 0.46875, 0.53125, 0.0, 0.0, 0.0, 0.0, 0.46875, 0.53125, 0.390625, 0.0, 0.0, 0.0, 0.0]","[35, 16, 5, 43, 59, 76, 80, 3, 53, 62, 110]",0.9728154001516438,1.0311594102056068
312,7390.46875,"[0.84375, 0.9375, 1.0, 0.921875, 0.40625, 0.09375, 0.0, 0.90625, 0.9375, 0.9375, 0.0, 0.0, 0.0, 0.0, 0.9375, 0.9375, 0.71875, 0.0, 0.0, 0.0, 0.0]","[0.453125, 0.5, 0.6875, 0.984375, 0.25, 0.09375, 0.0, 0.515625, 0.46875, 0.53125, 0.0, 0.0, 0.0, 0.0, 0.46875, 0.53125, 0.390625, 0.0, 0.0, 0.0, 0.0]","[35, 5, 43, 59, 76, 80, 3, 16, 48]",0.9687027503086213,1.0309822501775077
313,7232.96875,"[0.59375, 0.9375, 0.9375, 0.921875, 0.40625, 0.09375, 0.0, 0.90625, 0.9375, 0.9375, 0.0, 0.0, 0.0, 0.0, 0.9375, 0.9375, 0.71875, 0.0, 0.0, 0.0, 0.0]","[0.328125, 0.5, 0.65625, 0.984375, 0.25, 0.09375, 0.0, 0.515625, 0.46875, 0.53125, 0.0, 0.0, 0.0, 0.0, 0.46875, 0.53125, 0.390625, 0.0, 0.0, 0.0, 0.0]","[35, 5, 43, 59, 76, 80, 48, 1, 3, 16]",0.9766343949524154,1.0428428815707325
314,7193.59375,"[0.84375, 0.9375, 0.9375, 0.921875, 0.40625, 0.09375, 0.0, 0.90625, 0.9375, 0.9375, 0.0, 0.0, 0.0, 0.0, 0.9375, 0.9375, 0.84375, 0.0, 0.0, 0.0, 0.0]","[0.453125, 0.5, 0.65625, 0.984375, 0.25, 0.09375, 0.0, 0.515625, 0.46875, 0.53125, 0.0, 0.0, 0.0, 0.0, 0.46875, 0.53125, 0.453125, 0.0, 0.0, 0.0, 0.0]","[35, 5, 43, 59, 76, 80, 48, 1, 20]",0.9644185035534061,1.023532631438318
315,7193.59375,"[0.84375, 0.9375, 0.9375, 0.890625, 0.40625, 0.09375, 0.0, 0.90625, 0.9375, 0.9375, 0.0, 0.0, 0.0, 0.0, 0.9375, 0.9375, 0.84375, 0.0, 0.0, 0.0, 0.0]","[0.453125, 0.5, 0.65625, 0.953125, 0.25, 0.09375, 0.0, 0.515625, 0.46875, 0.53125, 0.0, 0.0, 0.0, 0.0, 0.46875, 0.53125, 0.453125, 0.0, 0.0, 0.0, 0.0]","[35, 5, 43, 59, 76, 80, 48, 20, 1, 53, 62]",0.9642591749597981,1.0161802139641127
316,7213.125,"[0.90625, 0.9375, 0.9375, 0.890625, 0.40625, 0.09375, 0.0, 0.90625, 0.9375, 0.9375, 0.0, 0.0, 0.0, 0.0, 0.9375, 0.9375, 0.84375, 0.0, 0.0, 0.0, 0.0]","[0.515625, 0.5, 0.65625, 0.953125, 0.25, 0.09375, 0.0, 0.515625, 0.46875, 0.53125, 0.0, 0.0, 0.0, 0.0, 0.46875, 0.53125, 0.453125, 0.0, 0.0, 0.0, 0.0]","[35, 5, 43, 59, 76, 80, 48, 53, 1, 62]",0.9641001868834779,1.0129767438872965
317,7272.34375,"[0.90625, 0.9375, 0.9375, 0.796875, 0.40625, 0.09375, 0.0, 0.96875, 0.9375, 0.9375, 0.0, 0.0, 0.0, 0.0, 0.9375, 0.9375, 0.84375, 0.0, 0.0, 0.0, 0.0]","[0.515625, 0.5, 0.65625, 0.859375, 0.25, 0.09375, 0.0, 0.578125, 0.46875, 0.53125, 0.0, 0.0, 0.0, 0.0, 0.46875, 0.53125, 0.453125, 0.0, 0.0, 0.0, 0.0]","[35, 5, 43, 59, 76, 80, 48, 1, 68]",0.9657902881268285,0.9932162614627782
318,7192.34375,"[0.90625, 0.9375, 0.9375, 0.796875, 0.40625, 0.09375, 0.0, 0.96875, 0.9375, 0.9375, 0.0, 0.0, 0.0, 0.0, 0.9375, 0.9375, 0.96875, 0.0, 0.0, 0.0, 0.0]","[0.515625, 0.5, 0.65625, 0.859375, 0.25, 0.09375, 0.0, 0.578125, 0.46875, 0.53125, 0.0, 0.0, 0.0, 0.0, 0.46875, 0.53125, 0.515625, 0.0, 0.0, 0.0, 0.0]","[35, 43, 59, 76, 80, 48, 1, 5]",0.9661668592950186,0.9903456558031936
319,7192.34375,"[0.90625, 0.9375, 0.9375, 0.796875, 0.40625, 0.09375, 0.0, 0.96875, 0.9375, 0.9375, 0.0, 0.0, 0.0, 0.0, 0.9375, 0.9375, 0.96875, 0.0, 0.0, 0.0, 0.0]","[0.515625, 0.5, 0.65625, 0.859375, 0.25, 0.09375, 0.0, 0.578125, 0.46875, 0.53125, 0.0, 0.0, 0.0, 0.0, 0.46875, 0.53125, 0.515625, 0.0, 0.0, 0.0, 0.0]","[35, 43, 59, 76, 80, 48, 5, 1, 79, 82]",0.9661668592950186,0.9903456558031936
320,7232.03125,"[0.90625, 0.9375, 0.9375, 0.828125, 0.40625, 0.09375, 0.0, 0.96875, 0.90625, 0.9375, 0.0, 0.0, 0.0, 0.0, 0.9375, 0.9375, 0.96875, 0.0, 0.0, 0.0, 0.0]","[0.515625, 0.5, 0.65625, 0.921875, 0.25, 0.09375, 0.0, 0.578125, 0.453125, 0.53125, 0.0, 0.0, 0.0, 0.0, 0.46875, 0.53125, 0.515625, 0.0, 0.0, 0.0, 0.0]","[35, 43, 59, 76, 80, 48, 5, 79, 1, 86, 112]",0.965387549122113,1.003135579936998
321,7232.1875,"[0.90625, 0.9375, 0.9375, 0.828125, 0.421875, 0.09375, 0.0, 0.90625, 0.90625, 0.9375, 0.0, 0.0, 0.0, 0.0, 0.9375, 0.9375, 0.96875, 0.0, 0.0, 0.0, 0.0]","[0.515625, 0.5, 0.65625, 0.921875, 0.2578125, 0.09375, 0.0, 0.515625, 0.453125, 0.53125, 0.0, 0.0, 0.0, 0.0, 0.46875, 0.53125, 0.515625, 0.0, 0.0, 0.0, 0.0]","[35, 43, 59, 76, 80, 48, 5, 79, 86, 1, 30, 113]",0.9630560574759338,1.002599816456371
322,7391.25,"[0.90625, 0.9375, 0.875, 0.828125, 0.546875, 0.125, 0.0, 0.90625, 0.90625, 0.9375, 0.0, 0.0, 0.0, 0.0, 0.9375, 0.9375, 0.96875, 0.0, 0.0, 0.0, 0.0]","[0.515625, 0.5, 0.59375, 0.921875, 0.3203125, 0.109375, 0.0, 0.515625, 0.453125, 0.53125, 0.0, 0.0, 0.0, 0.0, 0.46875, 0.53125, 0.515625, 0.0, 0.0, 0.0, 0.0]","[35, 43, 59, 76, 80, 48, 5, 79, 86, 1, 9]",0.9455247213379474,0.9858566663840393
323,7431.25,"[0.90625, 0.9375, 0.875, 0.828125, 0.546875, 0.125, 0.0, 0.90625, 0.90625, 0.9375, 0.0, 0.0, 0.0, 0.0, 0.9375, 0.9375, 0.96875, 0.0, 0.0, 0.0, 0.0]","[0.515625, 0.5, 0.59375, 0.921875, 0.3203125, 0.109375, 0.0, 0.515625, 0.453125, 0.53125, 0.0, 0.0, 0.0, 0.0, 0.46875, 0.53125, 0.515625, 0.0, 0.0, 0.0, 0.0]","[35, 43, 59, 76, 80, 48, 5, 79, 86, 1, 9]",0.9455247213379474,0.9858566663840393
324,7510.625,"[0.90625, 0.9375, 0.875, 0.828125, 0.671875, 0.125, 0.0, 0.90625, 0.90625, 0.9375, 0.0, 0.0, 0.0, 0.0, 0.9375, 0.9375, 0.96875, 0.0, 0.0, 0.0, 0.0]","[0.515625, 0.5, 0.59375, 0.921875, 0.3828125, 0.109375, 0.0, 0.515625, 0.453125, 0.53125, 0.0, 0.0, 0.0, 0.0, 0.46875, 0.53125, 0.515625, 0.0, 0.0, 0.0, 0.0]","[35, 43, 59, 76, 80, 48, 5, 79, 86, 1, 114]",0.9375842986505614,0.978065940759821
325,7550.3125,"[0.90625, 0.9375, 0.875, 0.828125, 0.671875, 0.125, 0.0, 0.90625, 0.90625, 0.9375, 0.0, 0.0, 0.0, 0.0, 0.9375, 0.9375, 0.96875, 0.0, 0.0, 0.0, 0.0]","[0.515625, 0.5, 0.59375, 0.921875, 0.3828125, 0.109375, 0.0, 0.515625, 0.453125, 0.53125, 0.0, 0.0, 0.0, 0.0, 0.46875, 0.53125, 0.515625, 0.0, 0.0, 0.0, 0.0]","[35, 43, 59, 76, 80, 48, 5, 79, 86, 1, 114]",0.9375842986505614,0.978065940759821
326,7530.46875,"[0.90625, 0.9375, 0.875, 0.828125, 0.671875, 0.125, 0.0, 0.90625, 0.90625, 0.9375, 0.0, 0.0, 0.0, 0.0, 0.9375, 0.9375, 0.96875, 0.0, 0.0, 0.0, 0.0]","[0.515625, 0.5, 0.59375, 0.921875, 0.3828125, 0.109375, 0.0, 0.515625, 0.453125, 0.53125, 0.0, 0.0, 0.0, 0.0, 0.46875, 0.53125, 0.515625, 0.0, 0.0, 0.0, 0.0]","[35, 43, 59, 76, 80, 48, 5, 79, 86, 1, 114]",0.9375842986505614,0.978065940759821
327,7550.3125,"[0.90625, 0.9375, 0.875, 0.828125, 0.671875, 0.125, 0.0, 0.90625, 0.90625, 0.8125, 0.0, 0.0, 0.0, 0.0, 0.9375, 0.9375, 0.96875, 0.0, 0.0, 0.0, 0.0]","[0.515625, 0.5, 0.59375, 0.921875, 0.3828125, 0.109375, 0.0, 0.515625, 0.453125, 0.46875, 0.0, 0.0, 0.0, 0.0, 0.46875, 0.53125, 0.515625, 0.0, 0.0, 0.0, 0.0]","[35, 43, 59, 76, 80, 48, 5, 79, 86, 1, 29]",0.937834554962031,0.9803084931622226
328,7511.25,"[0.90625, 0.9375, 0.875, 0.828125, 0.734375, 0.125, 0.0, 0.90625, 0.90625, 0.8125, 0.0, 0.0, 0.0, 0.0, 0.9375, 0.9375, 0.96875, 0.0, 0.0, 0.0, 0.0]","[0.515625, 0.5, 0.59375, 0.921875, 0.4140625, 0.109375, 0.0, 0.515625, 0.453125, 0.46875, 0.0, 0.0, 0.0, 0.0, 0.46875, 0.53125, 0.515625, 0.0, 0.0, 0.0, 0.0]","[35, 43, 59, 76, 80, 48, 5, 79, 86, 1, 114]",0.935277836939628,0.9773156304601902
329,7670.0,"[0.90625, 0.9375, 0.875, 0.828125, 0.734375, 0.125, 0.0, 0.90625, 0.90625, 0.8125, 0.0, 0.0, 0.0, 0.0, 0.9375, 0.9375, 0.96875, 0.0, 0.0, 0.0, 0.0]","[0.515625, 0.5, 0.59375, 0.921875, 0.4140625, 0.109375, 0.0, 0.515625, 0.453125, 0.46875, 0.0, 0.0, 0.0, 0.0, 0.46875, 0.53125, 0.515625, 0.0, 0.0, 0.0, 0.0]","[35, 43, 59, 76, 80, 48, 5, 79, 86, 1, 114]",0.935277836939628,0.9773156304601902
330,7550.9375,"[0.90625, 0.9375, 0.84375, 0.828125, 0.734375, 0.125, 0.0, 0.90625, 0.90625, 0.8125, 0.0, 0.0, 0.0, 0.0, 0.9375, 0.9375, 0.96875, 0.0, 0.0, 0.0, 0.0]","[0.515625, 0.5, 0.578125, 0.921875, 0.4140625, 0.109375, 0.0, 0.515625, 0.453125, 0.46875, 0.0, 0.0, 0.0, 0.0, 0.46875, 0.53125, 0.515625, 0.0, 0.0, 0.0, 0.0]","[35, 43, 59, 76, 80, 48, 5, 79, 86, 1, 96]",0.9354284873930531,0.9770601009047278
331,7511.40625,"[0.90625, 0.9375, 0.84375, 0.828125, 0.75, 0.125, 0.0, 0.90625, 0.90625, 0.8125, 0.0, 0.0, 0.0, 0.0, 0.9375, 0.9375, 0.96875, 0.0, 0.0, 0.0, 0.0]","[0.515625, 0.5, 0.578125, 0.921875, 0.421875, 0.109375, 0.0, 0.515625, 0.453125, 0.46875, 0.0, 0.0, 0.0, 0.0, 0.46875, 0.53125, 0.515625, 0.0, 0.0, 0.0, 0.0]","[35, 43, 59, 76, 80, 48, 5, 79, 86, 1, 114]",0.9349324406763421,0.9764062374979996
332,7551.09375,"[0.90625, 0.9375, 0.84375, 0.828125, 0.75, 0.125, 0.0, 0.90625, 0.90625, 0.8125, 0.0, 0.0, 0.0, 0.0, 0.9375, 0.9375, 0.96875, 0.0, 0.0, 0.0, 0.0]","[0.515625, 0.5, 0.578125, 0.921875, 0.421875, 0.109375, 0.0, 0.515625, 0.453125, 0.46875, 0.0, 0.0, 0.0, 0.0, 0.46875, 0.53125, 0.515625, 0.0, 0.0, 0.0, 0.0]","[35, 43, 59, 76, 80, 48, 5, 79, 86, 1, 114]",0.9349324406763421,0.9764062374979996
333,7590.78125,"[0.84375, 0.9375, 0.84375, 0.828125, 0.75, 0.125, 0.0, 0.90625, 0.90625, 0.8125, 0.0, 0.0, 0.0, 0.0, 0.9375, 0.9375, 0.96875, 0.0, 0.0, 0.0, 0.0]","[0.484375, 0.5, 0.578125, 0.921875, 0.421875, 0.109375, 0.0, 0.515625, 0.453125, 0.46875, 0.0, 0.0, 0.0, 0.0, 0.46875, 0.53125, 0.515625, 0.0, 0.0, 0.0, 0.0]","[35, 43, 59, 76, 80, 48, 5, 79, 86, 0, 1]",0.9349630000439605,0.9774744318420913
334,7630.78125,"[0.84375, 0.9375, 0.78125, 0.828125, 0.75, 0.125, 0.0, 0.90625, 0.90625, 0.5625, 0.0, 0.0, 0.0, 0.0, 0.9375, 0.9375, 0.96875, 0.0, 0.0, 0.0, 0.0]","[0.484375, 0.5, 0.515625, 0.921875, 0.421875, 0.109375, 0.0, 0.515625, 0.453125, 0.34375, 0.0, 0.0, 0.0, 0.0, 0.46875, 0.53125, 0.515625, 0.0, 0.0, 0.0, 0.0]","[35, 43, 59, 76, 80, 48, 5, 79, 86, 0, 1]",0.9464318227406561,0.9887312483042422
335,7472.34375,"[0.84375, 0.9375, 0.78125, 0.828125, 0.75, 0.125, 0.0, 0.90625, 0.90625, 0.5625, 0.0, 0.0, 0.0, 0.0, 0.9375, 0.9375, 0.96875, 0.0, 0.0, 0.0, 0.0]","[0.484375, 0.5, 0.515625, 0.921875, 0.421875, 0.109375, 0.0, 0.515625, 0.453125, 0.34375, 0.0, 0.0, 0.0, 0.0, 0.46875, 0.53125, 0.515625, 0.0, 0.0, 0.0, 0.0]","[35, 43, 59, 76, 48, 5, 79, 86, 0]",0.9464318227406561,0.9887312483042422
336,7295.0,"[0.84375, 0.9375, 0.78125, 0.828125, 0.75, 0.125, 0.0, 0.90625, 0.90625, 0.5625, 0.0, 0.0, 0.0, 0.0, 0.9375, 0.9375, 0.96875, 0.0, 0.0, 0.0, 0.0]","[0.484375, 0.5, 0.515625, 0.921875, 0.421875, 0.109375, 0.0, 0.515625, 0.453125, 0.34375, 0.0, 0.0, 0.0, 0.0, 0.46875, 0.53125, 0.515625, 0.0, 0.0, 0.0, 0.0]","[35, 43, 59, 76, 48, 5, 79, 86, 0]",0.9464318227406561,0.9887312483042422
337,7314.84375,"[0.84375, 0.9375, 0.78125, 0.828125, 0.6875, 0.125, 0.0, 0.90625, 0.90625, 0.5625, 0.0, 0.0, 0.0, 0.0, 0.9375, 0.9375, 0.96875, 0.0, 0.0, 0.0, 0.0]","[0.484375, 0.5, 0.515625, 0.921875, 0.390625, 0.109375, 0.0, 0.515625, 0.453125, 0.34375, 0.0, 0.0, 0.0, 0.0, 0.46875, 0.53125, 0.515625, 0.0, 0.0, 0.0, 0.0]","[35, 43, 59, 76, 48, 5, 79, 86, 0]",0.9485323945212335,0.9914717869651289
338,7275.15625,"[0.84375, 0.9375, 0.78125, 0.828125, 0.6875, 0.125, 0.0, 0.90625, 0.90625, 0.5625, 0.0, 0.0, 0.0, 0.0, 0.9375, 0.9375, 0.96875, 0.0, 0.0, 0.0, 0.0]","[0.484375, 0.5, 0.515625, 0.921875, 0.390625, 0.109375, 0.0, 0.515625, 0.453125, 0.34375, 0.0, 0.0, 0.0, 0.0, 0.46875, 0.53125, 0.515625, 0.0, 0.0, 0.0, 0.0]","[35, 43, 59, 76, 48, 5, 79, 86, 0]",0.9485323945212335,0.9914717869651289
339,7195.78125,"[0.84375, 0.9375, 0.78125, 0.828125, 0.6875, 0.125, 0.0, 0.90625, 0.90625, 0.5625, 0.0, 0.0, 0.0, 0.0, 0.9375, 0.9375, 0.96875, 0.0, 0.0, 0.0, 0.0]","[0.484375, 0.5, 0.515625, 0.921875, 0.390625, 0.109375, 0.0, 0.515625, 0.453125, 0.34375, 0.0, 0.0, 0.0, 0.0, 0.46875, 0.53125, 0.515625, 0.0, 0.0, 0.0, 0.0]","[35, 43, 59, 76, 48, 5, 79, 86, 0, 1]",0.9485323945212335,0.9914717869651289
340,7235.15625,"[0.84375, 0.9375, 0.78125, 0.828125, 0.6875, 0.125, 0.0, 0.90625, 0.90625, 0.5625, 0.0, 0.0, 0.0, 0.0, 0.9375, 0.9375, 0.96875, 0.0, 0.0, 0.0, 0.0]","[0.484375, 0.5, 0.515625, 0.921875, 0.390625, 0.109375, 0.0, 0.515625, 0.453125, 0.34375, 0.0, 0.0, 0.0, 0.0, 0.46875, 0.53125, 0.515625, 0.0, 0.0, 0.0, 0.0]","[35, 43, 59, 76, 48, 5, 79, 86, 0, 1]",0.9485323945212335,0.9914717869651289
341,7215.46875,"[0.84375, 0.9375, 0.78125, 0.828125, 0.6875, 0.125, 0.0, 0.90625, 0.90625, 0.59375, 0.0, 0.0, 0.0, 0.0, 0.9375, 0.9375, 0.96875, 0.0, 0.0, 0.0, 0.0]","[0.484375, 0.5, 0.515625, 0.921875, 0.390625, 0.109375, 0.0, 0.515625, 0.453125, 0.359375, 0.0, 0.0, 0.0, 0.0, 0.46875, 0.53125, 0.515625, 0.0, 0.0, 0.0, 0.0]","[35, 43, 59, 76, 48, 5, 79, 86, 0, 19]",0.9463961097829245,0.9895570350235448
342,7254.84375,"[0.84375, 0.9375, 0.78125, 0.828125, 0.6875, 0.125, 0.0, 0.90625, 0.90625, 0.59375, 0.0, 0.0, 0.0, 0.0, 0.875, 0.9375, 0.84375, 0.0, 0.0, 0.0, 0.0]","[0.484375, 0.5, 0.515625, 0.921875, 0.390625, 0.109375, 0.0, 0.515625, 0.453125, 0.359375, 0.0, 0.0, 0.0, 0.0, 0.4375, 0.53125, 0.453125, 0.0, 0.0, 0.0, 0.0]","[35, 43, 59, 76, 48, 5, 79, 86, 0, 19]",0.9434167870021909,0.9935703871162403
343,7254.84375,"[0.84375, 0.9375, 0.78125, 0.828125, 0.6875, 0.125, 0.0, 0.90625, 0.90625, 0.71875, 0.0, 0.0, 0.0, 0.0, 1.0, 0.9375, 0.84375, 0.0, 0.0, 0.0, 0.0]","[0.484375, 0.5, 0.515625, 0.921875, 0.390625, 0.109375, 0.0, 0.515625, 0.453125, 0.421875, 0.0, 0.0, 0.0, 0.0, 0.5, 0.53125, 0.453125, 0.0, 0.0, 0.0, 0.0]","[35, 43, 59, 76, 5, 79, 86, 0, 21]",0.9404438473272355,0.984650543737116
344,7412.34375,"[0.84375, 0.9375, 0.78125, 0.828125, 0.6875, 0.125, 0.0, 0.90625, 0.90625, 0.71875, 0.0, 0.0, 0.0, 0.0, 1.0, 0.9375, 0.84375, 0.0, 0.0, 0.0, 0.0]","[0.484375, 0.5, 0.515625, 0.921875, 0.390625, 0.109375, 0.0, 0.515625, 0.453125, 0.421875, 0.0, 0.0, 0.0, 0.0, 0.5, 0.53125, 0.453125, 0.0, 0.0, 0.0, 0.0]","[35, 43, 59, 76, 5, 79, 86, 0, 21]",0.9404438473272355,0.984650543737116
345,7294.21875,"[0.84375, 0.9375, 0.78125, 0.828125, 0.6875, 0.125, 0.0, 0.90625, 0.90625, 0.78125, 0.0, 0.0, 0.0, 0.0, 1.0, 0.9375, 0.84375, 0.0, 0.0, 0.0, 0.0]","[0.484375, 0.5, 0.515625, 0.921875, 0.390625, 0.109375, 0.0, 0.515625, 0.453125, 0.484375, 0.0, 0.0, 0.0, 0.0, 0.5, 0.53125, 0.453125, 0.0, 0.0, 0.0, 0.0]","[35, 43, 59, 76, 5, 79, 86, 0, 80]",0.9388194250355614,0.9810144409402612
346,7313.90625,"[0.84375, 0.9375, 0.78125, 0.828125, 0.6875, 0.125, 0.0, 0.90625, 0.90625, 0.78125, 0.0, 0.0, 0.0, 0.0, 1.0, 0.9375, 0.84375, 0.0, 0.0, 0.0, 0.0]","[0.484375, 0.5, 0.515625, 0.921875, 0.390625, 0.109375, 0.0, 0.515625, 0.453125, 0.484375, 0.0, 0.0, 0.0, 0.0, 0.5, 0.53125, 0.453125, 0.0, 0.0, 0.0, 0.0]","[35, 43, 59, 76, 5, 79, 86, 0, 80]",0.9388194250355614,0.9810144409402612
347,7333.59375,"[0.84375, 0.9375, 0.78125, 0.828125, 0.6875, 0.125, 0.0, 0.90625, 0.90625, 0.78125, 0.0, 0.0, 0.0, 0.0, 1.0, 0.9375, 0.84375, 0.0, 0.0, 0.0, 0.0]","[0.484375, 0.5, 0.515625, 0.921875, 0.390625, 0.109375, 0.0, 0.515625, 0.453125, 0.484375, 0.0, 0.0, 0.0, 0.0, 0.5, 0.53125, 0.453125, 0.0, 0.0, 0.0, 0.0]","[35, 43, 59, 76, 5, 79, 86, 0, 80]",0.9388194250355614,0.9810144409402612
348,7372.96875,"[0.84375, 0.9375, 0.78125, 0.828125, 0.6875, 0.125, 0.0, 0.90625, 0.90625, 0.90625, 0.0, 0.0, 0.0, 0.0, 1.0, 0.8125, 0.84375, 0.0, 0.0, 0.0, 0.0]","[0.484375, 0.5, 0.515625, 0.921875, 0.390625, 0.109375, 0.0, 0.515625, 0.453125, 0.546875, 0.0, 0.0, 0.0, 0.0, 0.5, 0.46875, 0.453125, 0.0, 0.0, 0.0, 0.0]","[35, 43, 59, 76, 5, 79, 86, 0, 22]",0.9378665044122279,0.9816231456113899
349,7294.21875,"[0.84375, 0.9375, 0.78125, 0.828125, 0.6875, 0.125, 0.0, 0.90625, 0.90625, 0.90625, 0.0, 0.0, 0.0, 0.0, 1.0, 0.8125, 0.71875, 0.0, 0.0, 0.0, 0.0]","[0.484375, 0.5, 0.515625, 0.921875, 0.390625, 0.109375, 0.0, 0.515625, 0.453125, 0.546875, 0.0, 0.0, 0.0, 0.0, 0.5, 0.46875, 0.390625, 0.0, 0.0, 0.0, 0.0]","[35, 43, 59, 76, 5, 79, 86, 0, 22, 74]",0.9400702024424106,0.9865081818822963
350,7412.65625,"[0.84375, 0.9375, 0.78125, 0.859375, 0.6875, 0.125, 0.0, 0.90625, 0.90625, 0.90625, 0.0, 0.0, 0.0, 0.0, 1.0, 0.8125, 0.71875, 0.0, 0.0, 0.0, 0.0]","[0.484375, 0.5, 0.515625, 0.984375, 0.390625, 0.109375, 0.0, 0.515625, 0.453125, 0.546875, 0.0, 0.0, 0.0, 0.0, 0.5, 0.46875, 0.390625, 0.0, 0.0, 0.0, 0.0]","[35, 43, 59, 76, 5, 79, 86, 0, 22]",0.9400266547733553,1.0020991301596198
351,7275.0,"[0.84375, 0.9375, 0.78125, 0.875, 0.6875, 0.125, 0.0, 0.90625, 0.90625, 0.90625, 0.0, 0.0, 0.0, 0.0, 1.0, 0.8125, 0.71875, 0.0, 0.0, 0.0, 0.0]","[0.484375, 0.5, 0.515625, 1.0, 0.390625, 0.109375, 0.0, 0.515625, 0.453125, 0.546875, 0.0, 0.0, 0.0, 0.0, 0.5, 0.46875, 0.390625, 0.0, 0.0, 0.0, 0.0]","[35, 43, 59, 76, 5, 79, 86, 0, 100]",0.9400876108461816,1.0061912236910364
352,7275.0,"[0.84375, 0.9375, 0.78125, 0.875, 0.671875, 0.125, 0.0, 0.90625, 0.90625, 0.90625, 0.0, 0.0, 0.0, 0.0, 1.0, 0.75, 0.71875, 0.0, 0.0, 0.0, 0.0]","[0.484375, 0.5, 0.515625, 1.0, 0.3828125, 0.109375, 0.0, 0.515625, 0.453125, 0.546875, 0.0, 0.0, 0.0, 0.0, 0.5, 0.40625, 0.390625, 0.0, 0.0, 0.0, 0.0]","[35, 43, 59, 76, 5, 79, 86, 0, 57, 75]",0.9418108872448793,1.0117407178583817
353,7333.90625,"[0.84375, 0.9375, 0.78125, 0.75, 0.671875, 0.125, 0.0, 0.84375, 0.90625, 0.90625, 0.0, 0.0, 0.0, 0.0, 1.0, 0.75, 0.71875, 0.0, 0.0, 0.0, 0.0]","[0.484375, 0.5, 0.515625, 0.875, 0.3828125, 0.109375, 0.0, 0.453125, 0.453125, 0.546875, 0.0, 0.0, 0.0, 0.0, 0.5, 0.40625, 0.390625, 0.0, 0.0, 0.0, 0.0]","[35, 43, 59, 76, 5, 79, 86, 0, 57]",0.9420495617138889,0.9821832770421978
354,7332.65625,"[0.84375, 0.9375, 0.78125, 0.75, 0.671875, 0.125, 0.0, 0.84375, 0.65625, 0.90625, 0.0, 0.0, 0.0, 0.0, 1.0, 0.75, 0.71875, 0.0, 0.0, 0.0, 0.0]","[0.484375, 0.5, 0.515625, 0.875, 0.3828125, 0.109375, 0.0, 0.453125, 0.328125, 0.546875, 0.0, 0.0, 0.0, 0.0, 0.5, 0.40625, 0.390625, 0.0, 0.0, 0.0, 0.0]","[35, 43, 59, 76, 5, 79, 86, 0]",0.9446344348481827,0.9935517675082017
355,7135.78125,"[0.9375, 0.9375, 0.71875, 0.75, 0.671875, 0.09375, 0.0, 0.84375, 0.65625, 0.90625, 0.0, 0.0, 0.0, 0.0, 1.0, 1.0, 0.71875, 0.0, 0.0, 0.0, 0.0]","[0.53125, 0.5, 0.453125, 0.875, 0.3828125, 0.078125, 0.0, 0.453125, 0.328125, 0.546875, 0.0, 0.0, 0.0, 0.0, 0.5, 0.53125, 0.390625, 0.0, 0.0, 0.0, 0.0]","[35, 43, 59, 5, 79, 0]",0.956741702743622,0.999192189393683
356,7017.34375,"[0.9375, 0.9375, 0.71875, 0.75, 0.671875, 0.09375, 0.0, 0.875, 0.65625, 0.90625, 0.0, 0.0, 0.0, 0.0, 1.0, 1.0, 0.71875, 0.0, 0.0, 0.0, 0.0]","[0.53125, 0.5, 0.453125, 0.875, 0.3828125, 0.078125, 0.0, 0.46875, 0.328125, 0.546875, 0.0, 0.0, 0.0, 0.0, 0.5, 0.53125, 0.390625, 0.0, 0.0, 0.0, 0.0]","[35, 43, 59, 5, 79, 57]",0.9568671861194038,0.998456434993329
357,7056.71875,"[0.9375, 0.9375, 0.71875, 0.75, 0.671875, 0.09375, 0.0, 0.9375, 0.65625, 0.90625, 0.0, 0.0, 0.0, 0.0, 1.0, 1.0, 0.71875, 0.0, 0.0, 0.0, 0.0]","[0.53125, 0.5, 0.453125, 0.875, 0.3828125, 0.078125, 0.0, 0.5, 0.328125, 0.546875, 0.0, 0.0, 0.0, 0.0, 0.5, 0.53125, 0.390625, 0.0, 0.0, 0.0, 0.0]","[35, 43, 59, 5, 79, 63]",0.9577841990528211,0.9974501353273056
358,7056.71875,"[0.9375, 0.9375, 0.71875, 0.75, 0.671875, 0.09375, 0.0, 0.9375, 0.65625, 0.90625, 0.0, 0.0, 0.0, 0.0, 1.0, 1.0, 0.65625, 0.0, 0.0, 0.0, 0.0]","[0.53125, 0.5, 0.453125, 0.875, 0.3828125, 0.078125, 0.0, 0.5, 0.328125, 0.546875, 0.0, 0.0, 0.0, 0.0, 0.5, 0.53125, 0.359375, 0.0, 0.0, 0.0, 0.0]","[35, 43, 59, 5, 79, 63, 67]",0.9603558192358531,1.000757696223682
359,7174.84375,"[0.9375, 0.9375, 0.71875, 0.75, 0.671875, 0.09375, 0.0, 0.9375, 0.65625, 0.90625, 0.0, 0.0, 0.0, 0.0, 1.0, 1.0, 0.65625, 0.0, 0.0, 0.0, 0.0]","[0.53125, 0.5, 0.453125, 0.875, 0.3828125, 0.078125, 0.0, 0.5, 0.328125, 0.546875, 0.0, 0.0, 0.0, 0.0, 0.5, 0.53125, 0.359375, 0.0, 0.0, 0.0, 0.0]","[35, 43, 59, 5, 79, 63, 67]",0.9603558192358531,1.000757696223682
360,7056.71875,"[0.9375, 0.9375, 0.71875, 0.75, 0.671875, 0.09375, 0.0, 0.9375, 0.59375, 0.90625, 0.0, 0.0, 0.0, 0.0, 1.0, 1.0, 0.65625, 0.0, 0.0, 0.0, 0.0]","[0.53125, 0.5, 0.453125, 0.875, 0.3828125, 0.078125, 0.0, 0.5, 0.296875, 0.546875, 0.0, 0.0, 0.0, 0.0, 0.5, 0.53125, 0.359375, 0.0, 0.0, 0.0, 0.0]","[35, 43, 59, 5, 79, 26, 63]",0.9639038655807792,1.0053888166872695
361,6997.65625,"[0.9375, 0.9375, 0.75, 0.75, 0.671875, 0.09375, 0.0, 0.9375, 0.59375, 0.90625, 0.0, 0.0, 0.0, 0.0, 1.0, 1.0, 0.65625, 0.0, 0.0, 0.0, 0.0]","[0.53125, 0.5, 0.46875, 0.875, 0.3828125, 0.078125, 0.0, 0.5, 0.296875, 0.546875, 0.0, 0.0, 0.0, 0.0, 0.5, 0.53125, 0.359375, 0.0, 0.0, 0.0, 0.0]","[35, 43, 59, 5, 79, 26, 67]",0.9630053935169105,1.004634508507076
362,7037.03125,"[0.9375, 0.9375, 0.8125, 0.75, 0.671875, 0.09375, 0.0, 0.6875, 0.59375, 0.90625, 0.0, 0.0, 0.0, 0.0, 1.0, 1.0, 0.65625, 0.0, 0.0, 0.0, 0.0]","[0.53125, 0.5, 0.5, 0.875, 0.3828125, 0.078125, 0.0, 0.375, 0.296875, 0.546875, 0.0, 0.0, 0.0, 0.0, 0.5, 0.53125, 0.359375, 0.0, 0.0, 0.0, 0.0]","[35, 43, 59, 5, 79, 26, 31]",0.9638048516324303,1.011576235831236
363,7037.03125,"[0.9375, 0.9375, 0.8125, 0.6875, 0.671875, 0.09375, 0.0, 0.8125, 0.59375, 0.90625, 0.0, 0.0, 0.0, 0.0, 1.0, 1.0, 0.65625, 0.0, 0.0, 0.0, 0.0]","[0.53125, 0.5, 0.5, 0.8125, 0.3828125, 0.078125, 0.0, 0.4375, 0.296875, 0.546875, 0.0, 0.0, 0.0, 0.0, 0.5, 0.53125, 0.359375, 0.0, 0.0, 0.0, 0.0]","[35, 43, 59, 5, 79, 26]",0.9629411523443033,0.9924696270058752
364,6878.90625,"[0.9375, 0.9375, 0.8125, 0.6875, 0.671875, 0.09375, 0.0, 0.8125, 0.59375, 0.90625, 0.0, 0.0, 0.0, 0.0, 1.0, 1.0, 0.65625, 0.0, 0.0, 0.0, 0.0]","[0.53125, 0.5, 0.5, 0.8125, 0.3828125, 0.078125, 0.0, 0.4375, 0.296875, 0.546875, 0.0, 0.0, 0.0, 0.0, 0.5, 0.53125, 0.359375, 0.0, 0.0, 0.0, 0.0]","[35, 43, 59, 5, 79, 26, 71, 72]",0.9629411523443033,0.9924696270058752
365,6918.28125,"[0.90625, 0.9375, 0.8125, 0.6875, 0.671875, 0.09375, 0.0, 0.8125, 0.59375, 0.90625, 0.0, 0.0, 0.0, 0.0, 1.0, 1.0, 0.71875, 0.0, 0.0, 0.0, 0.0]","[0.515625, 0.5, 0.5, 0.8125, 0.3828125, 0.078125, 0.0, 0.4375, 0.296875, 0.546875, 0.0, 0.0, 0.0, 0.0, 0.5, 0.53125, 0.421875, 0.0, 0.0, 0.0, 0.0]","[35, 43, 59, 5, 79, 26, 71, 23, 75]",0.9598012797465484,0.9868120829328555
366,7075.78125,"[0.90625, 0.9375, 0.8125, 0.6875, 0.671875, 0.09375, 0.0, 0.8125, 0.59375, 0.90625, 0.0, 0.0, 0.0, 0.0, 1.0, 1.0, 0.96875, 0.0, 0.0, 0.0, 0.0]","[0.515625, 0.5, 0.5, 0.8125, 0.3828125, 0.078125, 0.0, 0.4375, 0.296875, 0.546875, 0.0, 0.0, 0.0, 0.0, 0.5, 0.53125, 0.546875, 0.0, 0.0, 0.0, 0.0]","[35, 43, 59, 5, 79, 26, 71, 11]",0.9595574481296493,0.9834170794536071
367,7095.46875,"[0.90625, 0.9375, 0.8125, 0.6875, 0.671875, 0.09375, 0.0, 0.8125, 0.59375, 0.90625, 0.0, 0.0, 0.0, 0.0, 1.0, 1.0, 0.96875, 0.0, 0.0, 0.0, 0.0]","[0.515625, 0.5, 0.5, 0.8125, 0.3828125, 0.078125, 0.0, 0.4375, 0.296875, 0.546875, 0.0, 0.0, 0.0, 0.0, 0.5, 0.53125, 0.546875, 0.0, 0.0, 0.0, 0.0]","[35, 43, 59, 5, 79, 26, 71, 11]",0.9595574481296493,0.9834170794536071
368,7134.84375,"[0.90625, 0.90625, 0.8125, 0.6875, 0.671875, 0.09375, 0.0, 0.8125, 0.59375, 0.90625, 0.0, 0.0, 0.0, 0.0, 1.0, 0.75, 0.96875, 0.0, 0.0, 0.0, 0.0]","[0.515625, 0.484375, 0.5, 0.8125, 0.3828125, 0.078125, 0.0, 0.4375, 0.296875, 0.546875, 0.0, 0.0, 0.0, 0.0, 0.5, 0.40625, 0.546875, 0.0, 0.0, 0.0, 0.0]","[35, 43, 59, 5, 79, 26, 71, 4]",0.957019981788221,0.9884682918056786
369,7036.40625,"[0.90625, 0.90625, 0.8125, 0.6875, 0.671875, 0.09375, 0.0, 0.8125, 0.59375, 0.90625, 0.0, 0.0, 0.0, 0.0, 1.0, 1.0, 0.96875, 0.0, 0.0, 0.0, 0.0]","[0.515625, 0.484375, 0.5, 0.8125, 0.3828125, 0.078125, 0.0, 0.4375, 0.296875, 0.546875, 0.0, 0.0, 0.0, 0.0, 0.5, 0.53125, 0.546875, 0.0, 0.0, 0.0, 0.0]","[35, 43, 59, 5, 79, 26, 71, 11]",0.9590545445002544,0.9837974789043419
370,7075.78125,"[0.90625, 0.90625, 0.6875, 0.6875, 0.671875, 0.09375, 0.0, 0.875, 0.59375, 0.90625, 0.0, 0.0, 0.0, 0.0, 1.0, 1.0, 0.96875, 0.0, 0.0, 0.0, 0.0]","[0.515625, 0.484375, 0.4375, 0.8125, 0.3828125, 0.078125, 0.0, 0.5, 0.296875, 0.546875, 0.0, 0.0, 0.0, 0.0, 0.5, 0.53125, 0.546875, 0.0, 0.0, 0.0, 0.0]","[35, 43, 59, 5, 79, 26, 71, 64]",0.9621610213182316,0.9837974789043419
371,7016.71875,"[0.90625, 0.90625, 0.71875, 0.6875, 0.671875, 0.09375, 0.0, 0.875, 0.59375, 0.90625, 0.0, 0.0, 0.0, 0.0, 1.0, 1.0, 0.96875, 0.0, 0.0, 0.0, 0.0]","[0.515625, 0.484375, 0.453125, 0.8125, 0.3828125, 0.078125, 0.0, 0.5, 0.296875, 0.546875, 0.0, 0.0, 0.0, 0.0, 0.5, 0.53125, 0.546875, 0.0, 0.0, 0.0, 0.0]","[35, 43, 59, 5, 79, 26, 71, 83]",0.9609778162585196,0.9829267426588688
372,7056.09375,"[0.90625, 0.90625, 0.78125, 0.6875, 0.671875, 0.09375, 0.0, 0.875, 0.59375, 0.90625, 0.0, 0.0, 0.0, 0.0, 1.0, 1.0, 0.96875, 0.0, 0.0, 0.0, 0.0]","[0.515625, 0.484375, 0.484375, 0.8125, 0.3828125, 0.078125, 0.0, 0.5, 0.296875, 0.546875, 0.0, 0.0, 0.0, 0.0, 0.5, 0.53125, 0.546875, 0.0, 0.0, 0.0, 0.0]","[35, 43, 59, 5, 79, 26, 71, 89]",0.9593150583982868,0.9816519724088787
373,7134.84375,"[0.90625, 0.90625, 0.90625, 0.6875, 0.671875, 0.09375, 0.0, 0.875, 0.59375, 0.90625, 0.0, 0.0, 0.0, 0.0, 1.0, 1.0, 0.96875, 0.0, 0.0, 0.0, 0.0]","[0.515625, 0.484375, 0.546875, 0.8125, 0.3828125, 0.078125, 0.0, 0.5, 0.296875, 0.546875, 0.0, 0.0, 0.0, 0.0, 0.5, 0.53125, 0.546875, 0.0, 0.0, 0.0, 0.0]","[35, 43, 59, 5, 79, 26, 71, 94]",0.9586903850578431,0.9809061477778083
374,7134.84375,"[0.90625, 0.90625, 0.90625, 0.6875, 0.640625, 0.09375, 0.0, 0.625, 0.59375, 0.90625, 0.0, 0.0, 0.0, 0.0, 1.0, 1.0, 0.96875, 0.0, 0.0, 0.0, 0.0]","[0.515625, 0.484375, 0.546875, 0.8125, 0.3515625, 0.078125, 0.0, 0.375, 0.296875, 0.546875, 0.0, 0.0, 0.0, 0.0, 0.5, 0.53125, 0.546875, 0.0, 0.0, 0.0, 0.0]","[35, 43, 59, 5, 79, 26, 71, 94, 28, 98]",0.9671172066391074,0.9921832493907846
375,7292.34375,"[0.90625, 0.90625, 0.90625, 0.6875, 0.640625, 0.09375, 0.0, 0.875, 0.84375, 0.90625, 0.0, 0.0, 0.0, 0.0, 1.0, 1.0, 0.96875, 0.0, 0.0, 0.0, 0.0]","[0.515625, 0.484375, 0.546875, 0.8125, 0.3515625, 0.078125, 0.0, 0.5, 0.421875, 0.546875, 0.0, 0.0, 0.0, 0.0, 0.5, 0.53125, 0.546875, 0.0, 0.0, 0.0, 0.0]","[35, 59, 5, 79, 26, 71, 43]",0.9509779796167822,0.9699938402859778
376,7272.34375,"[0.90625, 0.90625, 0.90625, 0.6875, 0.640625, 0.09375, 0.0, 0.875, 0.84375, 0.9375, 0.0, 0.0, 0.0, 0.0, 1.0, 1.0, 0.96875, 0.0, 0.0, 0.0, 0.0]","[0.515625, 0.484375, 0.546875, 0.8125, 0.3515625, 0.078125, 0.0, 0.5, 0.421875, 0.5625, 0.0, 0.0, 0.0, 0.0, 0.5, 0.53125, 0.546875, 0.0, 0.0, 0.0, 0.0]","[35, 59, 5, 79, 26, 71, 98]",0.9512507976343567,0.970137960705971
377,7311.71875,"[0.90625, 0.90625, 0.96875, 0.65625, 0.640625, 0.09375, 0.0, 0.875, 0.84375, 0.9375, 0.0, 0.0, 0.0, 0.0, 1.0, 1.0, 0.96875, 0.0, 0.0, 0.0, 0.0]","[0.515625, 0.484375, 0.578125, 0.78125, 0.3515625, 0.078125, 0.0, 0.5, 0.421875, 0.5625, 0.0, 0.0, 0.0, 0.0, 0.5, 0.53125, 0.546875, 0.0, 0.0, 0.0, 0.0]","[35, 59, 5, 79, 26, 71, 84]",0.9535186124307624,0.9654966191539173
378,7272.03125,"[0.90625, 0.90625, 0.96875, 0.65625, 0.640625, 0.09375, 0.0, 0.875, 0.84375, 0.9375, 0.0, 0.0, 0.0, 0.0, 1.0, 1.0, 0.96875, 0.0, 0.0, 0.0, 0.0]","[0.515625, 0.484375, 0.578125, 0.78125, 0.3515625, 0.078125, 0.0, 0.5, 0.421875, 0.5625, 0.0, 0.0, 0.0, 0.0, 0.5, 0.53125, 0.546875, 0.0, 0.0, 0.0, 0.0]","[35, 59, 5, 79, 26, 71, 84, 100, 104]",0.9535186124307624,0.9654966191539173
379,7350.78125,"[0.90625, 0.90625, 0.96875, 0.65625, 0.640625, 0.09375, 0.0, 1.0, 0.84375, 0.9375, 0.0, 0.0, 0.0, 0.0, 1.0, 1.0, 0.96875, 0.0, 0.0, 0.0, 0.0]","[0.515625, 0.484375, 0.578125, 0.78125, 0.3515625, 0.078125, 0.0, 0.5625, 0.421875, 0.5625, 0.0, 0.0, 0.0, 0.0, 0.5, 0.53125, 0.546875, 0.0, 0.0, 0.0, 0.0]","[35, 59, 5, 79, 26, 71, 84, 104, 107, 108]",0.9546684779460384,0.9651070886579232
380,7390.46875,"[0.90625, 0.90625, 0.96875, 0.65625, 0.640625, 0.09375, 0.0, 1.0, 0.84375, 0.9375, 0.0, 0.0, 0.0, 0.0, 1.0, 1.0, 0.96875, 0.0, 0.0, 0.0, 0.0]","[0.515625, 0.484375, 0.578125, 0.78125, 0.3515625, 0.078125, 0.0, 0.5625, 0.421875, 0.5625, 0.0, 0.0, 0.0, 0.0, 0.5, 0.53125, 0.546875, 0.0, 0.0, 0.0, 0.0]","[35, 59, 5, 79, 26, 71, 84, 104, 107, 108, 109]",0.9546684779460384,0.9651070886579232
381,7529.375,"[0.90625, 0.90625, 0.96875, 0.78125, 0.640625, 0.09375, 0.0, 1.0, 0.84375, 0.9375, 0.0, 0.0, 0.0, 0.0, 1.0, 1.0, 0.96875, 0.0, 0.0, 0.0, 0.0]","[0.515625, 0.484375, 0.578125, 0.90625, 0.3515625, 0.078125, 0.0, 0.5625, 0.421875, 0.5625, 0.0, 0.0, 0.0, 0.0, 0.5, 0.53125, 0.546875, 0.0, 0.0, 0.0, 0.0]","[35, 59, 5, 79, 26, 71, 84, 104, 107, 109]",0.9494782847456613,0.9867946171792424
382,7549.21875,"[0.90625, 0.90625, 0.96875, 0.8125, 0.640625, 0.09375, 0.0, 1.0, 0.84375, 0.875, 0.0, 0.0, 0.0, 0.0, 1.0, 1.0, 0.96875, 0.0, 0.0, 0.0, 0.0]","[0.515625, 0.484375, 0.578125, 0.9375, 0.3515625, 0.078125, 0.0, 0.5625, 0.421875, 0.53125, 0.0, 0.0, 0.0, 0.0, 0.5, 0.53125, 0.546875, 0.0, 0.0, 0.0, 0.0]","[35, 59, 5, 79, 26, 71, 84, 104, 107, 24]",0.9487385817766432,0.9936091765820135
383,7589.21875,"[0.90625, 0.90625, 0.96875, 0.8125, 0.640625, 0.09375, 0.0, 1.0, 0.84375, 0.875, 0.0, 0.0, 0.0, 0.0, 1.0, 1.0, 0.96875, 0.0, 0.0, 0.0, 0.0]","[0.515625, 0.484375, 0.578125, 0.9375, 0.3515625, 0.078125, 0.0, 0.5625, 0.421875, 0.53125, 0.0, 0.0, 0.0, 0.0, 0.5, 0.53125, 0.546875, 0.0, 0.0, 0.0, 0.0]","[35, 59, 5, 79, 26, 71, 84, 104, 107, 24]",0.9487385817766432,0.9936091765820135
384,7509.84375,"[0.90625, 0.90625, 0.96875, 0.8125, 0.640625, 0.09375, 0.0, 1.0, 0.84375, 0.875, 0.0, 0.0, 0.0, 0.0, 1.0, 1.0, 0.96875, 0.0, 0.0, 0.0, 0.0]","[0.515625, 0.484375, 0.578125, 0.9375, 0.3515625, 0.078125, 0.0, 0.5625, 0.421875, 0.53125, 0.0, 0.0, 0.0, 0.0, 0.5, 0.53125, 0.546875, 0.0, 0.0, 0.0, 0.0]","[35, 59, 5, 79, 26, 71, 84, 104, 107, 24, 114, 115]",0.9487385817766432,0.9936091765820135
385,7708.28125,"[0.875, 0.90625, 0.96875, 0.8125, 0.765625, 0.125, 0.0, 1.0, 0.84375, 0.875, 0.0, 0.0, 0.0, 0.0, 1.0, 1.0, 0.96875, 0.0, 0.0, 0.0, 0.0]","[0.5, 0.484375, 0.578125, 0.9375, 0.4140625, 0.109375, 0.0, 0.5625, 0.421875, 0.53125, 0.0, 0.0, 0.0, 0.0, 0.5, 0.53125, 0.546875, 0.0, 0.0, 0.0, 0.0]","[35, 59, 5, 79, 26, 71, 84, 104, 107, 24, 58]",0.9378036013938563,0.9788053549018093
386,7787.1875,"[1.0, 0.90625, 0.96875, 0.8125, 0.765625, 0.125, 0.0, 1.0, 0.84375, 0.875, 0.0, 0.0, 0.0, 0.0, 1.0, 1.0, 0.96875, 0.0, 0.0, 0.0, 0.0]","[0.5625, 0.484375, 0.578125, 0.9375, 0.4140625, 0.109375, 0.0, 0.5625, 0.421875, 0.53125, 0.0, 0.0, 0.0, 0.0, 0.5, 0.53125, 0.546875, 0.0, 0.0, 0.0, 0.0]","[35, 59, 5, 79, 26, 71, 104, 107, 24, 58]",0.938449668892435,0.9773282182980964
387,7807.03125,"[1.0, 0.90625, 0.96875, 0.84375, 0.765625, 0.125, 0.0, 1.0, 0.84375, 0.875, 0.0, 0.0, 0.0, 0.0, 1.0, 1.0, 0.96875, 0.0, 0.0, 0.0, 0.0]","[0.5625, 0.484375, 0.578125, 0.96875, 0.4140625, 0.109375, 0.0, 0.5625, 0.421875, 0.53125, 0.0, 0.0, 0.0, 0.0, 0.5, 0.53125, 0.546875, 0.0, 0.0, 0.0, 0.0]","[35, 59, 5, 79, 26, 71, 104, 107, 24, 116]",0.9378385397272581,0.9838568839534171
388,7807.03125,"[1.0, 0.90625, 0.96875, 0.84375, 0.765625, 0.125, 0.0, 1.0, 0.84375, 0.875, 0.0, 0.0, 0.0, 0.0, 1.0, 1.0, 0.96875, 0.0, 0.0, 0.0, 0.0]","[0.5625, 0.484375, 0.578125, 0.96875, 0.4140625, 0.109375, 0.0, 0.5625, 0.421875, 0.53125, 0.0, 0.0, 0.0, 0.0, 0.5, 0.53125, 0.546875, 0.0, 0.0, 0.0, 0.0]","[35, 59, 5, 79, 26, 71, 104, 107, 24, 116, 117]",0.9378385397272581,0.9838568839534171
389,7965.78125,"[1.0, 0.90625, 0.96875, 0.84375, 0.765625, 0.125, 0.0, 1.0, 0.84375, 0.875, 0.0, 0.0, 0.0, 0.0, 1.0, 1.0, 0.96875, 0.0, 0.0, 0.0, 0.0]","[0.5625, 0.484375, 0.578125, 0.96875, 0.4140625, 0.109375, 0.0, 0.5625, 0.421875, 0.53125, 0.0, 0.0, 0.0, 0.0, 0.5, 0.53125, 0.546875, 0.0, 0.0, 0.0, 0.0]","[35, 59, 5, 79, 26, 71, 104, 107, 24, 116, 117]",0.9378385397272581,0.9838568839534171
390,7846.71875,"[1.0, 0.90625, 0.96875, 0.84375, 0.796875, 0.125, 0.0, 1.0, 0.84375, 0.875, 0.0, 0.0, 0.0, 0.0, 1.0, 1.0, 0.96875, 0.0, 0.0, 0.0, 0.0]","[0.5625, 0.484375, 0.578125, 0.96875, 0.4453125, 0.109375, 0.0, 0.5625, 0.421875, 0.53125, 0.0, 0.0, 0.0, 0.0, 0.5, 0.53125, 0.546875, 0.0, 0.0, 0.0, 0.0]","[35, 59, 5, 79, 26, 71, 104, 107, 24, 116, 118]",0.936908282797032,0.9812201476127437
391,7866.5625,"[1.0, 0.90625, 0.90625, 0.84375, 0.8125, 0.125, 0.0, 1.0, 0.84375, 0.875, 0.0, 0.0, 0.0, 0.0, 1.0, 1.0, 0.96875, 0.0, 0.0, 0.0, 0.0]","[0.5625, 0.484375, 0.515625, 0.96875, 0.453125, 0.109375, 0.0, 0.5625, 0.421875, 0.53125, 0.0, 0.0, 0.0, 0.0, 0.5, 0.53125, 0.546875, 0.0, 0.0, 0.0, 0.0]","[35, 59, 5, 79, 26, 71, 104, 107, 24, 77, 116]",0.9363083622853057,0.9818329902861294
392,7866.875,"[1.0, 0.90625, 0.90625, 0.84375, 0.84375, 0.125, 0.0, 1.0, 0.84375, 0.875, 0.0, 0.0, 0.0, 0.0, 1.0, 1.0, 0.96875, 0.0, 0.0, 0.0, 0.0]","[0.5625, 0.484375, 0.515625, 0.96875, 0.46875, 0.109375, 0.0, 0.5625, 0.421875, 0.53125, 0.0, 0.0, 0.0, 0.0, 0.5, 0.53125, 0.546875, 0.0, 0.0, 0.0, 0.0]","[35, 59, 5, 79, 26, 71, 104, 107, 24, 77, 119]",0.9357014428131682,0.9808035082025558
393,7946.25,"[1.0, 0.90625, 0.90625, 0.8125, 0.84375, 0.125, 0.0, 1.0, 0.84375, 0.875, 0.0, 0.0, 0.0, 0.0, 1.0, 1.0, 0.96875, 0.0, 0.0, 0.0, 0.0]","[0.5625, 0.484375, 0.515625, 0.9375, 0.46875, 0.109375, 0.0, 0.5625, 0.421875, 0.53125, 0.0, 0.0, 0.0, 0.0, 0.5, 0.53125, 0.546875, 0.0, 0.0, 0.0, 0.0]","[35, 59, 5, 79, 26, 71, 104, 107, 24, 62, 77]",0.9363083622853057,0.9741935312720856
394,7906.5625,"[1.0, 0.90625, 0.90625, 0.8125, 0.84375, 0.125, 0.0, 1.0, 0.84375, 0.875, 0.0, 0.0, 0.0, 0.0, 1.0, 1.0, 0.96875, 0.0, 0.0, 0.0, 0.0]","[0.5625, 0.484375, 0.515625, 0.9375, 0.46875, 0.109375, 0.0, 0.5625, 0.421875, 0.53125, 0.0, 0.0, 0.0, 0.0, 0.5, 0.53125, 0.546875, 0.0, 0.0, 0.0, 0.0]","[35, 59, 5, 79, 26, 71, 104, 107, 24, 77, 62, 119]",0.9363083622853057,0.9741935312720856
395,8025.625,"[1.0, 0.84375, 0.90625, 0.8125, 0.84375, 0.125, 0.0, 1.0, 0.84375, 0.875, 0.0, 0.0, 0.0, 0.0, 1.0, 1.0, 0.96875, 0.0, 0.0, 0.0, 0.0]","[0.5625, 0.453125, 0.515625, 0.9375, 0.46875, 0.109375, 0.0, 0.5625, 0.421875, 0.53125, 0.0, 0.0, 0.0, 0.0, 0.5, 0.53125, 0.546875, 0.0, 0.0, 0.0, 0.0]","[35, 59, 5, 79, 26, 71, 104, 107, 24, 62, 6]",0.9368585255941095,0.9760251730335638
396,7966.40625,"[1.0, 0.84375, 0.90625, 0.828125, 0.96875, 0.125, 0.0, 1.0, 0.84375, 0.8125, 0.0, 0.0, 0.0, 0.0, 1.0, 1.0, 0.96875, 0.0, 0.0, 0.0, 0.0]","[0.5625, 0.453125, 0.515625, 0.953125, 0.53125, 0.109375, 0.0, 0.5625, 0.421875, 0.46875, 0.0, 0.0, 0.0, 0.0, 0.5, 0.53125, 0.546875, 0.0, 0.0, 0.0, 0.0]","[35, 59, 5, 79, 26, 71, 104, 107, 24, 9]",0.9372196048333662,0.9793337224492505
397,7966.40625,"[1.0, 0.84375, 0.90625, 0.828125, 0.96875, 0.125, 0.0, 1.0, 0.84375, 0.875, 0.0, 0.0, 0.0, 0.0, 1.0, 1.0, 0.96875, 0.0, 0.0, 0.0, 0.0]","[0.5625, 0.453125, 0.515625, 0.953125, 0.53125, 0.109375, 0.0, 0.5625, 0.421875, 0.5, 0.0, 0.0, 0.0, 0.0, 0.5, 0.53125, 0.546875, 0.0, 0.0, 0.0, 0.0]","[35, 59, 5, 79, 26, 71, 104, 107, 24, 21]",0.9361741994303119,0.9777326456734846
398,8045.15625,"[1.0, 0.71875, 0.90625, 0.828125, 0.84375, 0.125, 0.0, 1.0, 0.84375, 0.875, 0.0, 0.0, 0.0, 0.0, 1.0, 1.0, 0.96875, 0.0, 0.0, 0.0, 0.0]","[0.5625, 0.390625, 0.515625, 0.953125, 0.46875, 0.109375, 0.0, 0.5625, 0.421875, 0.5, 0.0, 0.0, 0.0, 0.0, 0.5, 0.53125, 0.546875, 0.0, 0.0, 0.0, 0.0]","[35, 59, 5, 79, 26, 71, 104, 107, 24, 21]",0.9400471250076395,0.9857026068133035
399,8045.15625,"[1.0, 0.96875, 0.90625, 0.703125, 0.84375, 0.125, 0.0, 1.0, 0.84375, 0.8125, 0.0, 0.0, 0.0, 0.0, 1.0, 1.0, 0.96875, 0.0, 0.0, 0.0, 0.0]","[0.5625, 0.515625, 0.515625, 0.828125, 0.46875, 0.109375, 0.0, 0.5625, 0.421875, 0.4375, 0.0, 0.0, 0.0, 0.0, 0.5, 0.53125, 0.546875, 0.0, 0.0, 0.0, 0.0]","[35, 59, 5, 79, 26, 71, 104, 107, 21]",0.9412660963455696,0.9565129336226981
400,7727.65625,"[1.0, 0.96875, 0.90625, 0.703125, 0.84375, 0.09375, 0.0, 1.0, 0.84375, 0.875, 0.0, 0.0, 0.0, 0.0, 1.0, 1.0, 0.96875, 0.0, 0.0, 0.0, 0.0]","[0.5625, 0.515625, 0.515625, 0.828125, 0.46875, 0.078125, 0.0, 0.5625, 0.421875, 0.5, 0.0, 0.0, 0.0, 0.0, 0.5, 0.53125, 0.546875, 0.0, 0.0, 0.0, 0.0]","[35, 59, 5, 79, 26, 71, 104, 107, 44]",0.9456972160596109,0.9620646920227467
401,7707.65625,"[1.0, 0.96875, 0.90625, 0.703125, 0.71875, 0.09375, 0.0, 1.0, 0.84375, 0.875, 0.0, 0.0, 0.0, 0.0, 1.0, 1.0, 0.96875, 0.0, 0.0, 0.0, 0.0]","[0.5625, 0.515625, 0.515625, 0.828125, 0.40625, 0.078125, 0.0, 0.5625, 0.421875, 0.5, 0.0, 0.0, 0.0, 0.0, 0.5, 0.53125, 0.546875, 0.0, 0.0, 0.0, 0.0]","[35, 59, 5, 79, 26, 71, 104, 107, 44]",0.9493386727770392,0.9663693318756339
402,7568.59375,"[1.0, 0.71875, 0.90625, 0.703125, 0.71875, 0.09375, 0.0, 1.0, 0.90625, 0.875, 0.0, 0.0, 0.0, 0.0, 1.0, 1.0, 0.96875, 0.0, 0.0, 0.0, 0.0]","[0.5625, 0.390625, 0.515625, 0.828125, 0.40625, 0.078125, 0.0, 0.5625, 0.453125, 0.5, 0.0, 0.0, 0.0, 0.0, 0.5, 0.53125, 0.546875, 0.0, 0.0, 0.0, 0.0]","[35, 59, 5, 79, 26, 71, 104, 107, 24]",0.9523275785335112,0.9714912605642153
403,7489.84375,"[1.0, 0.71875, 0.90625, 0.703125, 0.71875, 0.09375, 0.0, 1.0, 0.90625, 0.875, 0.0, 0.0, 0.0, 0.0, 1.0, 1.0, 0.96875, 0.0, 0.0, 0.0, 0.0]","[0.5625, 0.390625, 0.515625, 0.828125, 0.40625, 0.078125, 0.0, 0.5625, 0.453125, 0.5, 0.0, 0.0, 0.0, 0.0, 0.5, 0.53125, 0.546875, 0.0, 0.0, 0.0, 0.0]","[35, 59, 5, 79, 26, 71, 104, 107, 24]",0.9523275785335112,0.9714912605642153
404,7568.59375,"[1.0, 0.96875, 0.90625, 0.703125, 0.71875, 0.09375, 0.0, 1.0, 0.90625, 0.875, 0.0, 0.0, 0.0, 0.0, 1.0, 1.0, 0.96875, 0.0, 0.0, 0.0, 0.0]","[0.5625, 0.515625, 0.515625, 0.828125, 0.40625, 0.078125, 0.0, 0.5625, 0.453125, 0.5, 0.0, 0.0, 0.0, 0.0, 0.5, 0.53125, 0.546875, 0.0, 0.0, 0.0, 0.0]","[35, 59, 5, 79, 26, 71, 104, 107, 55]",0.9487972840844981,0.9642241389345978
405,7607.96875,"[1.0, 0.96875, 0.90625, 0.703125, 0.671875, 0.09375, 0.0, 1.0, 0.84375, 0.875, 0.0, 0.0, 0.0, 0.0, 1.0, 1.0, 0.96875, 0.0, 0.0, 0.0, 0.0]","[0.5625, 0.515625, 0.515625, 0.828125, 0.3828125, 0.078125, 0.0, 0.5625, 0.421875, 0.5, 0.0, 0.0, 0.0, 0.0, 0.5, 0.53125, 0.546875, 0.0, 0.0, 0.0, 0.0]","[35, 59, 5, 79, 26, 71, 104, 107, 55]",0.9515515002691262,0.968586458855303
406,7489.375,"[1.0, 0.96875, 0.90625, 0.703125, 0.671875, 0.09375, 0.0, 1.0, 0.875, 0.875, 0.0, 0.0, 0.0, 0.0, 1.0, 1.0, 0.96875, 0.0, 0.0, 0.0, 0.0]","[0.5625, 0.515625, 0.515625, 0.828125, 0.3828125, 0.078125, 0.0, 0.5625, 0.4375, 0.5, 0.0, 0.0, 0.0, 0.0, 0.5, 0.53125, 0.546875, 0.0, 0.0, 0.0, 0.0]","[35, 59, 5, 79, 26, 71, 104, 107, 91]",0.9511956459634425,0.9674441340524086
407,7528.75,"[1.0, 0.96875, 0.90625, 0.703125, 0.671875, 0.09375, 0.0, 1.0, 0.875, 0.875, 0.0, 0.0, 0.0, 0.0, 1.0, 1.0, 0.96875, 0.0, 0.0, 0.0, 0.0]","[0.5625, 0.515625, 0.515625, 0.828125, 0.3828125, 0.078125, 0.0, 0.5625, 0.4375, 0.5, 0.0, 0.0, 0.0, 0.0, 0.5, 0.53125, 0.546875, 0.0, 0.0, 0.0, 0.0]","[35, 59, 5, 79, 26, 71, 104, 107, 91]",0.9511956459634425,0.9674441340524086
408,7568.125,"[1.0, 0.96875, 0.90625, 0.703125, 0.671875, 0.09375, 0.0, 1.0, 0.875, 1.0, 0.0, 0.0, 0.0, 0.0, 1.0, 1.0, 0.96875, 0.0, 0.0, 0.0, 0.0]","[0.5625, 0.515625, 0.515625, 0.828125, 0.3828125, 0.078125, 0.0, 0.5625, 0.4375, 0.5625, 0.0, 0.0, 0.0, 0.0, 0.5, 0.53125, 0.546875, 0.0, 0.0, 0.0, 0.0]","[35, 59, 5, 79, 26, 71, 104, 107, 101]",0.9517041099316809,0.9666526661618875
409,7568.125,"[1.0, 0.96875, 0.90625, 0.703125, 0.671875, 0.09375, 0.0, 1.0, 0.625, 1.0, 0.0, 0.0, 0.0, 0.0, 1.0, 0.875, 0.96875, 0.0, 0.0, 0.0, 0.0]","[0.5625, 0.515625, 0.515625, 0.828125, 0.3828125, 0.078125, 0.0, 0.5625, 0.3125, 0.5625, 0.0, 0.0, 0.0, 0.0, 0.5, 0.46875, 0.546875, 0.0, 0.0, 0.0, 0.0]","[35, 59, 5, 79, 26, 71, 104, 107, 38, 61]",0.9598331979786406,0.9820242066234812
410,7529.0625,"[1.0, 0.96875, 0.90625, 0.703125, 0.671875, 0.09375, 0.0, 1.0, 0.625, 0.875, 0.0, 0.0, 0.0, 0.0, 1.0, 0.875, 0.96875, 0.0, 0.0, 0.0, 0.0]","[0.5625, 0.515625, 0.515625, 0.828125, 0.3828125, 0.078125, 0.0, 0.5625, 0.3125, 0.5, 0.0, 0.0, 0.0, 0.0, 0.5, 0.46875, 0.546875, 0.0, 0.0, 0.0, 0.0]","[35, 59, 5, 79, 26, 71, 104, 107, 38]",0.9585070119657513,0.9824943952867483
411,7272.8125,"[1.0, 0.96875, 0.90625, 0.703125, 0.671875, 0.09375, 0.0, 1.0, 0.65625, 0.875, 0.0, 0.0, 0.0, 0.0, 1.0, 0.875, 0.96875, 0.0, 0.0, 0.0, 0.0]","[0.5625, 0.515625, 0.515625, 0.828125, 0.3828125, 0.078125, 0.0, 0.5625, 0.328125, 0.5, 0.0, 0.0, 0.0, 0.0, 0.5, 0.46875, 0.546875, 0.0, 0.0, 0.0, 0.0]","[35, 59, 5, 79, 26, 71, 104, 107, 60]",0.956722680100253,0.9802922886573017
412,7312.1875,"[1.0, 0.96875, 0.90625, 0.703125, 0.671875, 0.09375, 0.0, 1.0, 0.71875, 0.875, 0.0, 0.0, 0.0, 0.0, 1.0, 0.875, 0.96875, 0.0, 0.0, 0.0, 0.0]","[0.5625, 0.515625, 0.515625, 0.828125, 0.3828125, 0.078125, 0.0, 0.5625, 0.359375, 0.5, 0.0, 0.0, 0.0, 0.0, 0.5, 0.46875, 0.546875, 0.0, 0.0, 0.0, 0.0]","[35, 59, 5, 79, 26, 71, 104, 107, 61]",0.9538252913191027,0.9763659110828635
413,7390.9375,"[1.0, 0.96875, 0.90625, 0.703125, 0.671875, 0.09375, 0.0, 1.0, 0.84375, 0.875, 0.0, 0.0, 0.0, 0.0, 1.0, 0.875, 0.96875, 0.0, 0.0, 0.0, 0.0]","[0.5625, 0.515625, 0.515625, 0.828125, 0.3828125, 0.078125, 0.0, 0.5625, 0.421875, 0.5, 0.0, 0.0, 0.0, 0.0, 0.5, 0.46875, 0.546875, 0.0, 0.0, 0.0, 0.0]","[35, 59, 5, 79, 26, 71, 104, 107, 101]",0.9506239927434067,0.9703792284720686
414,7390.9375,"[1.0, 0.96875, 0.90625, 0.703125, 0.671875, 0.09375, 0.0, 1.0, 0.84375, 0.875, 0.0, 0.0, 0.0, 0.0, 1.0, 0.875, 0.96875, 0.0, 0.0, 0.0, 0.0]","[0.5625, 0.515625, 0.515625, 0.828125, 0.3828125, 0.078125, 0.0, 0.5625, 0.421875, 0.5, 0.0, 0.0, 0.0, 0.0, 0.5, 0.46875, 0.546875, 0.0, 0.0, 0.0, 0.0]","[35, 59, 5, 79, 26, 71, 104, 107, 101, 102]",0.9506239927434067,0.9703792284720686
415,7430.625,"[1.0, 0.96875, 0.90625, 0.734375, 0.671875, 0.09375, 0.0, 1.0, 0.84375, 0.875, 0.0, 0.0, 0.0, 0.0, 0.875, 0.875, 0.96875, 0.0, 0.0, 0.0, 0.0]","[0.5625, 0.515625, 0.515625, 0.890625, 0.3828125, 0.078125, 0.0, 0.5625, 0.421875, 0.5, 0.0, 0.0, 0.0, 0.0, 0.4375, 0.46875, 0.546875, 0.0, 0.0, 0.0, 0.0]","[35, 59, 5, 79, 26, 71, 104, 107, 81, 101]",0.9481116904227735,0.9855277806209018
416,7371.71875,"[0.875, 0.96875, 0.90625, 0.734375, 0.671875, 0.09375, 0.0, 1.0, 0.84375, 0.875, 0.0, 0.0, 0.0, 0.0, 0.875, 0.875, 0.96875, 0.0, 0.0, 0.0, 0.0]","[0.5, 0.515625, 0.515625, 0.890625, 0.3828125, 0.078125, 0.0, 0.5625, 0.421875, 0.5, 0.0, 0.0, 0.0, 0.0, 0.4375, 0.46875, 0.546875, 0.0, 0.0, 0.0, 0.0]","[35, 59, 5, 79, 26, 71, 104, 107, 76, 81]",0.9464622775747633,0.9862365297840625
417,7312.8125,"[0.875, 0.96875, 0.90625, 0.734375, 0.671875, 0.09375, 0.0, 1.0, 0.84375, 0.875, 0.0, 0.0, 0.0, 0.0, 0.875, 0.875, 0.96875, 0.0, 0.0, 0.0, 0.0]","[0.5, 0.515625, 0.515625, 0.890625, 0.3828125, 0.078125, 0.0, 0.5625, 0.421875, 0.5, 0.0, 0.0, 0.0, 0.0, 0.4375, 0.46875, 0.546875, 0.0, 0.0, 0.0, 0.0]","[35, 5, 79, 26, 71, 104, 107, 59, 76]",0.9464622775747633,0.9862365297840625
418,7351.875,"[0.875, 0.96875, 0.90625, 0.609375, 0.671875, 0.09375, 0.0, 1.0, 0.96875, 0.875, 0.0, 0.0, 0.0, 0.0, 0.75, 0.875, 0.96875, 0.0, 0.0, 0.0, 0.0]","[0.5, 0.515625, 0.515625, 0.765625, 0.3828125, 0.078125, 0.0, 0.5625, 0.484375, 0.5, 0.0, 0.0, 0.0, 0.0, 0.375, 0.46875, 0.546875, 0.0, 0.0, 0.0, 0.0]","[35, 5, 79, 26, 71, 104, 107, 59, 81]",0.955241112216325,0.9643454369952718
419,7271.875,"[0.875, 0.96875, 0.90625, 0.609375, 0.546875, 0.09375, 0.0, 1.0, 0.96875, 0.875, 0.0, 0.0, 0.0, 0.0, 1.0, 0.875, 0.96875, 0.0, 0.0, 0.0, 0.0]","[0.5, 0.515625, 0.515625, 0.765625, 0.3203125, 0.078125, 0.0, 0.5625, 0.484375, 0.5, 0.0, 0.0, 0.0, 0.0, 0.5, 0.46875, 0.546875, 0.0, 0.0, 0.0, 0.0]","[35, 5, 79, 26, 71, 104, 107, 30, 59]",0.9629423993760629,0.9642284051047498
420,7152.5,"[0.875, 0.84375, 0.90625, 0.578125, 0.546875, 0.09375, 0.0, 1.0, 0.96875, 0.875, 0.0, 0.0, 0.0, 0.0, 1.0, 0.6875, 0.96875, 0.0, 0.0, 0.0, 0.0]","[0.5, 0.453125, 0.515625, 0.734375, 0.3203125, 0.078125, 0.0, 0.5625, 0.484375, 0.5, 0.0, 0.0, 0.0, 0.0, 0.5, 0.40625, 0.546875, 0.0, 0.0, 0.0, 0.0]","[35, 5, 79, 26, 71, 104, 107, 30, 34]",0.9683905916661618,0.9645720351697704
421,6896.25,"[0.875, 0.84375, 0.84375, 0.578125, 0.546875, 0.0625, 0.0, 1.0, 0.96875, 0.875, 0.0, 0.0, 0.0, 0.0, 1.0, 0.71875, 0.96875, 0.0, 0.0, 0.0, 0.0]","[0.5, 0.453125, 0.453125, 0.734375, 0.3203125, 0.046875, 0.0, 0.5625, 0.484375, 0.5, 0.0, 0.0, 0.0, 0.0, 0.5, 0.421875, 0.546875, 0.0, 0.0, 0.0, 0.0]","[35, 79, 26, 71, 104, 107, 5, 30]",0.973049409791641,0.9746460282245349
422,6856.5625,"[0.875, 0.84375, 0.90625, 0.578125, 0.515625, 0.0625, 0.0, 1.0, 0.96875, 0.875, 0.0, 0.0, 0.0, 0.0, 1.0, 0.71875, 0.96875, 0.0, 0.0, 0.0, 0.0]","[0.5, 0.453125, 0.484375, 0.734375, 0.3046875, 0.046875, 0.0, 0.5625, 0.484375, 0.5, 0.0, 0.0, 0.0, 0.0, 0.5, 0.421875, 0.546875, 0.0, 0.0, 0.0, 0.0]","[35, 26, 71, 104, 107, 2, 5]",0.9758208088936061,0.9758676511901131
423,6895.625,"[0.875, 0.84375, 0.90625, 0.578125, 0.515625, 0.0625, 0.0, 1.0, 0.96875, 0.875, 0.0, 0.0, 0.0, 0.0, 1.0, 0.71875, 0.96875, 0.0, 0.0, 0.0, 0.0]","[0.5, 0.453125, 0.484375, 0.734375, 0.3046875, 0.046875, 0.0, 0.5625, 0.484375, 0.5, 0.0, 0.0, 0.0, 0.0, 0.5, 0.421875, 0.546875, 0.0, 0.0, 0.0, 0.0]","[35, 26, 71, 104, 107, 2, 5]",0.9758208088936061,0.9758676511901131
424,6816.875,"[0.875, 0.84375, 0.90625, 0.578125, 0.515625, 0.0625, 0.0, 1.0, 0.96875, 0.875, 0.0, 0.0, 0.0, 0.0, 1.0, 0.71875, 0.96875, 0.0, 0.0, 0.0, 0.0]","[0.5, 0.453125, 0.484375, 0.734375, 0.3046875, 0.046875, 0.0, 0.5625, 0.484375, 0.5, 0.0, 0.0, 0.0, 0.0, 0.5, 0.421875, 0.546875, 0.0, 0.0, 0.0, 0.0]","[35, 26, 71, 104, 107, 2, 5, 58]",0.9758208088936061,0.9758676511901131
425,6856.25,"[0.875, 0.84375, 0.90625, 0.578125, 0.515625, 0.0625, 0.0, 1.0, 0.96875, 0.875, 0.0, 0.0, 0.0, 0.0, 1.0, 0.71875, 0.96875, 0.0, 0.0, 0.0, 0.0]","[0.5, 0.453125, 0.484375, 0.734375, 0.3046875, 0.046875, 0.0, 0.5625, 0.484375, 0.5, 0.0, 0.0, 0.0, 0.0, 0.5, 0.421875, 0.546875, 0.0, 0.0, 0.0, 0.0]","[35, 26, 71, 104, 107, 2, 5, 58]",0.9758208088936061,0.9758676511901131
426,6836.5625,"[0.875, 0.875, 0.90625, 0.578125, 0.515625, 0.0625, 0.0, 1.0, 0.96875, 0.875, 0.0, 0.0, 0.0, 0.0, 1.0, 0.71875, 0.96875, 0.0, 0.0, 0.0, 0.0]","[0.5, 0.46875, 0.484375, 0.734375, 0.3046875, 0.046875, 0.0, 0.5625, 0.484375, 0.5, 0.0, 0.0, 0.0, 0.0, 0.5, 0.421875, 0.546875, 0.0, 0.0, 0.0, 0.0]","[35, 26, 71, 104, 107, 2, 5, 79]",0.9757607477305433,0.9752709185393841
427,6875.9375,"[0.875, 0.875, 0.90625, 0.578125, 0.515625, 0.0625, 0.0, 1.0, 0.96875, 0.9375, 0.0, 0.0, 0.0, 0.0, 1.0, 0.71875, 0.96875, 0.0, 0.0, 0.0, 0.0]","[0.5, 0.46875, 0.484375, 0.734375, 0.3046875, 0.046875, 0.0, 0.5625, 0.484375, 0.53125, 0.0, 0.0, 0.0, 0.0, 0.5, 0.421875, 0.546875, 0.0, 0.0, 0.0, 0.0]","[35, 26, 71, 104, 107, 2, 5, 85]",0.9762892470017922,0.9752294212540027
428,6954.6875,"[0.875, 0.875, 0.90625, 0.578125, 0.515625, 0.0625, 0.0, 1.0, 0.96875, 0.9375, 0.0, 0.0, 0.0, 0.0, 1.0, 0.71875, 0.96875, 0.0, 0.0, 0.0, 0.0]","[0.5, 0.46875, 0.484375, 0.734375, 0.3046875, 0.046875, 0.0, 0.5625, 0.484375, 0.53125, 0.0, 0.0, 0.0, 0.0, 0.5, 0.421875, 0.546875, 0.0, 0.0, 0.0, 0.0]","[35, 26, 71, 104, 107, 2, 5, 85]",0.9762892470017922,0.9752294212540027
429,6875.9375,"[0.875, 0.875, 0.90625, 0.578125, 0.515625, 0.0625, 0.0, 1.0, 0.96875, 0.9375, 0.0, 0.0, 0.0, 0.0, 1.0, 0.71875, 0.96875, 0.0, 0.0, 0.0, 0.0]","[0.5, 0.46875, 0.484375, 0.734375, 0.3046875, 0.046875, 0.0, 0.5625, 0.484375, 0.53125, 0.0, 0.0, 0.0, 0.0, 0.5, 0.421875, 0.546875, 0.0, 0.0, 0.0, 0.0]","[35, 26, 71, 104, 107, 2, 5, 85, 86]",0.9762892470017922,0.9752294212540027
430,6915.3125,"[0.875, 0.875, 0.90625, 0.578125, 0.515625, 0.0625, 0.0, 1.0, 0.96875, 0.6875, 0.0, 0.0, 0.0, 0.0, 1.0, 0.71875, 0.96875, 0.0, 0.0, 0.0, 0.0]","[0.5, 0.46875, 0.484375, 0.734375, 0.3046875, 0.046875, 0.0, 0.5625, 0.484375, 0.40625, 0.0, 0.0, 0.0, 0.0, 0.5, 0.421875, 0.546875, 0.0, 0.0, 0.0, 0.0]","[35, 26, 71, 104, 107, 2, 5, 40, 85]",0.9795370490363461,0.979230738356494
431,6895.625,"[0.875, 0.875, 0.84375, 0.578125, 0.515625, 0.0625, 0.0, 1.0, 0.96875, 0.71875, 0.0, 0.0, 0.0, 0.0, 1.0, 0.71875, 0.96875, 0.0, 0.0, 0.0, 0.0]","[0.5, 0.46875, 0.421875, 0.734375, 0.3046875, 0.046875, 0.0, 0.5625, 0.484375, 0.421875, 0.0, 0.0, 0.0, 0.0, 0.5, 0.421875, 0.546875, 0.0, 0.0, 0.0, 0.0]","[35, 26, 71, 104, 107, 2, 5, 25]",0.9779751054151556,0.9806381307441218
432,6738.125,"[0.875, 0.875, 0.78125, 0.578125, 0.515625, 0.0625, 0.0, 1.0, 0.96875, 0.71875, 0.0, 0.0, 0.0, 0.0, 1.0, 0.71875, 0.96875, 0.0, 0.0, 0.0, 0.0]","[0.5, 0.46875, 0.390625, 0.734375, 0.3046875, 0.046875, 0.0, 0.5625, 0.484375, 0.421875, 0.0, 0.0, 0.0, 0.0, 0.5, 0.421875, 0.546875, 0.0, 0.0, 0.0, 0.0]","[35, 26, 71, 104, 107, 2, 5, 25]",0.9785420735840019,0.982899619625814
433,6738.125,"[0.875, 0.875, 0.78125, 0.578125, 0.515625, 0.0625, 0.0, 1.0, 0.96875, 0.84375, 0.0, 0.0, 0.0, 0.0, 1.0, 0.71875, 0.96875, 0.0, 0.0, 0.0, 0.0]","[0.5, 0.46875, 0.390625, 0.734375, 0.3046875, 0.046875, 0.0, 0.5625, 0.484375, 0.484375, 0.0, 0.0, 0.0, 0.0, 0.5, 0.421875, 0.546875, 0.0, 0.0, 0.0, 0.0]","[35, 26, 71, 104, 107, 2, 5, 40]",0.9763356454196511,0.9804756703532576
434,6738.125,"[0.875, 0.875, 0.78125, 0.578125, 0.515625, 0.0625, 0.0, 1.0, 0.96875, 0.84375, 0.0, 0.0, 0.0, 0.0, 0.75, 0.71875, 0.90625, 0.0, 0.0, 0.0, 0.0]","[0.5, 0.46875, 0.390625, 0.734375, 0.3046875, 0.046875, 0.0, 0.5625, 0.484375, 0.484375, 0.0, 0.0, 0.0, 0.0, 0.375, 0.421875, 0.515625, 0.0, 0.0, 0.0, 0.0]","[35, 26, 71, 104, 107, 2, 5, 40, 46]",0.9722742151137836,0.9858477236809658
435,6738.125,"[0.875, 0.875, 0.78125, 0.578125, 0.515625, 0.0625, 0.0, 1.0, 0.96875, 0.84375, 0.0, 0.0, 0.0, 0.0, 0.75, 0.71875, 0.90625, 0.0, 0.0, 0.0, 0.0]","[0.5, 0.46875, 0.390625, 0.734375, 0.3046875, 0.046875, 0.0, 0.5625, 0.484375, 0.484375, 0.0, 0.0, 0.0, 0.0, 0.375, 0.421875, 0.515625, 0.0, 0.0, 0.0, 0.0]","[35, 26, 71, 104, 107, 2, 5, 40]",0.9722742151137836,0.9858477236809658
436,6560.9375,"[0.875, 0.875, 0.78125, 0.578125, 0.515625, 0.0625, 0.0, 1.0, 0.96875, 0.84375, 0.0, 0.0, 0.0, 0.0, 0.78125, 0.71875, 0.90625, 0.0, 0.0, 0.0, 0.0]","[0.5, 0.46875, 0.390625, 0.734375, 0.3046875, 0.046875, 0.0, 0.5625, 0.484375, 0.484375, 0.0, 0.0, 0.0, 0.0, 0.390625, 0.421875, 0.515625, 0.0, 0.0, 0.0, 0.0]","[35, 26, 71, 104, 107, 2, 5, 46]",0.9717809753649511,0.9844917446392804
437,6600.3125,"[0.875, 0.875, 0.78125, 0.578125, 0.515625, 0.0625, 0.0, 1.0, 0.96875, 0.84375, 0.0, 0.0, 0.0, 0.0, 0.84375, 0.71875, 0.90625, 0.0, 0.0, 0.0, 0.0]","[0.5, 0.46875, 0.390625, 0.734375, 0.3046875, 0.046875, 0.0, 0.5625, 0.484375, 0.484375, 0.0, 0.0, 0.0, 0.0, 0.421875, 0.421875, 0.515625, 0.0, 0.0, 0.0, 0.0]","[35, 26, 71, 104, 107, 2, 5, 67]",0.9715289216760856,0.9823202561845543
438,6679.0625,"[0.875, 0.875, 0.90625, 0.578125, 0.515625, 0.0625, 0.0, 1.0, 0.96875, 0.84375, 0.0, 0.0, 0.0, 0.0, 0.84375, 0.71875, 0.90625, 0.0, 0.0, 0.0, 0.0]","[0.5, 0.46875, 0.453125, 0.734375, 0.3046875, 0.046875, 0.0, 0.5625, 0.484375, 0.484375, 0.0, 0.0, 0.0, 0.0, 0.421875, 0.421875, 0.515625, 0.0, 0.0, 0.0, 0.0]","[35, 26, 71, 104, 107, 2, 5, 81]",0.9717827850261852,0.978630517248596
439,6679.0625,"[0.875, 0.875, 0.90625, 0.578125, 0.515625, 0.0625, 0.0, 1.0, 0.96875, 0.84375, 0.0, 0.0, 0.0, 0.0, 0.84375, 0.71875, 0.90625, 0.0, 0.0, 0.0, 0.0]","[0.5, 0.46875, 0.453125, 0.734375, 0.3046875, 0.046875, 0.0, 0.5625, 0.484375, 0.484375, 0.0, 0.0, 0.0, 0.0, 0.421875, 0.421875, 0.515625, 0.0, 0.0, 0.0, 0.0]","[35, 26, 71, 104, 107, 81, 2, 5, 86, 90]",0.9717827850261852,0.978630517248596
440,6876.25,"[0.875, 0.875, 0.78125, 0.609375, 0.515625, 0.0625, 0.0, 1.0, 0.96875, 0.84375, 0.0, 0.0, 0.0, 0.0, 0.84375, 0.96875, 0.90625, 0.0, 0.0, 0.0, 0.0]","[0.5, 0.46875, 0.390625, 0.796875, 0.3046875, 0.046875, 0.0, 0.5625, 0.484375, 0.484375, 0.0, 0.0, 0.0, 0.0, 0.421875, 0.546875, 0.515625, 0.0, 0.0, 0.0, 0.0]","[35, 26, 71, 104, 107, 81, 2, 5, 89]",0.96959165175182,0.991484179573865
441,6817.1875,"[0.875, 0.875, 0.78125, 0.609375, 0.484375, 0.0625, 0.0, 1.0, 0.96875, 0.84375, 0.0, 0.0, 0.0, 0.0, 0.84375, 0.96875, 0.90625, 0.0, 0.0, 0.0, 0.0]","[0.5, 0.46875, 0.390625, 0.796875, 0.2734375, 0.046875, 0.0, 0.5625, 0.484375, 0.484375, 0.0, 0.0, 0.0, 0.0, 0.421875, 0.546875, 0.515625, 0.0, 0.0, 0.0, 0.0]","[35, 26, 71, 104, 107, 81, 2, 5, 87]",0.9723999281283774,0.9965410251867929
442,6797.1875,"[0.875, 0.875, 0.75, 0.609375, 0.484375, 0.0625, 0.0, 1.0, 0.96875, 0.84375, 0.0, 0.0, 0.0, 0.0, 0.84375, 0.96875, 0.90625, 0.0, 0.0, 0.0, 0.0]","[0.5, 0.46875, 0.375, 0.796875, 0.2734375, 0.046875, 0.0, 0.5625, 0.484375, 0.484375, 0.0, 0.0, 0.0, 0.0, 0.421875, 0.546875, 0.515625, 0.0, 0.0, 0.0, 0.0]","[35, 26, 71, 104, 107, 81, 2, 5, 50]",0.9730953088355453,0.9980516264348276
443,6816.875,"[0.875, 0.875, 0.75, 0.609375, 0.484375, 0.0625, 0.0, 1.0, 0.96875, 0.8125, 0.0, 0.0, 0.0, 0.0, 0.84375, 0.96875, 0.90625, 0.0, 0.0, 0.0, 0.0]","[0.5, 0.46875, 0.375, 0.796875, 0.2734375, 0.046875, 0.0, 0.5625, 0.484375, 0.46875, 0.0, 0.0, 0.0, 0.0, 0.421875, 0.546875, 0.515625, 0.0, 0.0, 0.0, 0.0]","[35, 26, 71, 104, 107, 81, 2, 5, 43]",0.9732738839298091,0.9985283921555507
444,6875.9375,"[0.875, 0.875, 1.0, 0.609375, 0.484375, 0.0625, 0.0, 1.0, 0.96875, 0.8125, 0.0, 0.0, 0.0, 0.0, 0.84375, 0.96875, 0.90625, 0.0, 0.0, 0.0, 0.0]","[0.5, 0.46875, 0.5, 0.796875, 0.2734375, 0.046875, 0.0, 0.5625, 0.484375, 0.46875, 0.0, 0.0, 0.0, 0.0, 0.421875, 0.546875, 0.515625, 0.0, 0.0, 0.0, 0.0]","[35, 26, 71, 104, 107, 81, 2, 5, 50]",0.9741501703695208,0.9911062277068219
445,6915.3125,"[0.8125, 0.875, 1.0, 0.609375, 0.484375, 0.0625, 0.0, 1.0, 0.84375, 0.8125, 0.0, 0.0, 0.0, 0.0, 0.84375, 0.96875, 0.90625, 0.0, 0.0, 0.0, 0.0]","[0.4375, 0.46875, 0.5, 0.796875, 0.2734375, 0.046875, 0.0, 0.5625, 0.421875, 0.46875, 0.0, 0.0, 0.0, 0.0, 0.421875, 0.546875, 0.515625, 0.0, 0.0, 0.0, 0.0]","[35, 26, 71, 104, 107, 81, 2, 5, 13]",0.9731441208960124,0.9964601767691735
446,6777.5,"[0.8125, 0.875, 1.0, 0.609375, 0.484375, 0.0625, 0.0, 1.0, 0.84375, 0.84375, 0.0, 0.0, 0.0, 0.0, 0.84375, 0.96875, 0.90625, 0.0, 0.0, 0.0, 0.0]","[0.4375, 0.46875, 0.5, 0.796875, 0.2734375, 0.046875, 0.0, 0.5625, 0.421875, 0.484375, 0.0, 0.0, 0.0, 0.0, 0.421875, 0.546875, 0.515625, 0.0, 0.0, 0.0, 0.0]","[35, 26, 71, 104, 107, 81, 2, 5, 50]",0.9729231171536075,0.9959942235150512
447,6816.875,"[0.8125, 0.875, 1.0, 0.609375, 0.484375, 0.0625, 0.0, 1.0, 0.84375, 0.84375, 0.0, 0.0, 0.0, 0.0, 0.84375, 0.96875, 0.90625, 0.0, 0.0, 0.0, 0.0]","[0.4375, 0.46875, 0.5, 0.796875, 0.2734375, 0.046875, 0.0, 0.5625, 0.421875, 0.484375, 0.0, 0.0, 0.0, 0.0, 0.421875, 0.546875, 0.515625, 0.0, 0.0, 0.0, 0.0]","[35, 26, 71, 104, 107, 81, 2, 5, 50]",0.9729231171536075,0.9959942235150512
448,6856.25,"[0.8125, 0.875, 1.0, 0.609375, 0.484375, 0.0625, 0.0, 1.0, 0.84375, 0.84375, 0.0, 0.0, 0.0, 0.0, 0.84375, 0.96875, 0.90625, 0.0, 0.0, 0.0, 0.0]","[0.4375, 0.46875, 0.5, 0.796875, 0.2734375, 0.046875, 0.0, 0.5625, 0.421875, 0.484375, 0.0, 0.0, 0.0, 0.0, 0.421875, 0.546875, 0.515625, 0.0, 0.0, 0.0, 0.0]","[35, 26, 71, 104, 107, 81, 2, 5, 50]",0.9729231171536075,0.9959942235150512
449,6777.5,"[0.8125, 0.875, 1.0, 0.609375, 0.484375, 0.0625, 0.0, 1.0, 0.84375, 0.8125, 0.0, 0.0, 0.0, 0.0, 0.84375, 0.96875, 0.90625, 0.0, 0.0, 0.0, 0.0]","[0.4375, 0.46875, 0.5, 0.796875, 0.2734375, 0.046875, 0.0, 0.5625, 0.421875, 0.46875, 0.0, 0.0, 0.0, 0.0, 0.421875, 0.546875, 0.515625, 0.0, 0.0, 0.0, 0.0]","[35, 26, 71, 104, 107, 81, 2, 5, 13, 50]",0.9731441208960124,0.9964601767691735
450,6797.5,"[0.8125, 0.875, 1.0, 0.640625, 0.484375, 0.0625, 0.0, 1.0, 0.84375, 0.8125, 0.0, 0.0, 0.0, 0.0, 0.84375, 0.96875, 0.90625, 0.0, 0.0, 0.0, 0.0]","[0.4375, 0.46875, 0.5, 0.859375, 0.2734375, 0.046875, 0.0, 0.5625, 0.421875, 0.46875, 0.0, 0.0, 0.0, 0.0, 0.421875, 0.546875, 0.515625, 0.0, 0.0, 0.0, 0.0]","[35, 26, 71, 104, 107, 81, 2, 5, 13, 61]",0.9713205045937546,1.00962361334899
451,6817.34375,"[0.8125, 0.875, 1.0, 0.65625, 0.484375, 0.0625, 0.0, 1.0, 0.84375, 0.8125, 0.0, 0.0, 0.0, 0.0, 0.84375, 0.96875, 0.90625, 0.0, 0.0, 0.0, 0.0]","[0.4375, 0.46875, 0.5, 0.875, 0.2734375, 0.046875, 0.0, 0.5625, 0.421875, 0.46875, 0.0, 0.0, 0.0, 0.0, 0.421875, 0.546875, 0.515625, 0.0, 0.0, 0.0, 0.0]","[35, 26, 71, 104, 107, 81, 2, 5, 13, 87]",0.9705003933153861,1.0131692077314525
452,6857.03125,"[0.8125, 0.875, 1.0, 0.65625, 0.484375, 0.0625, 0.0, 1.0, 0.84375, 0.8125, 0.0, 0.0, 0.0, 0.0, 0.84375, 0.90625, 0.90625, 0.0, 0.0, 0.0, 0.0]","[0.4375, 0.46875, 0.5, 0.875, 0.2734375, 0.046875, 0.0, 0.5625, 0.421875, 0.46875, 0.0, 0.0, 0.0, 0.0, 0.421875, 0.484375, 0.515625, 0.0, 0.0, 0.0, 0.0]","[35, 26, 71, 104, 107, 81, 2, 5, 13, 47]",0.9691646528291398,1.0138549482650756
453,6857.34375,"[0.8125, 0.875, 1.0, 0.65625, 0.484375, 0.0625, 0.0, 1.0, 0.84375, 0.8125, 0.0, 0.0, 0.0, 0.0, 0.84375, 0.90625, 0.90625, 0.0, 0.0, 0.0, 0.0]","[0.4375, 0.46875, 0.5, 0.875, 0.2734375, 0.046875, 0.0, 0.5625, 0.421875, 0.46875, 0.0, 0.0, 0.0, 0.0, 0.421875, 0.484375, 0.515625, 0.0, 0.0, 0.0, 0.0]","[35, 26, 71, 104, 107, 81, 2, 5, 13, 47]",0.9691646528291398,1.0138549482650756
454,6936.71875,"[0.8125, 0.875, 0.9375, 0.65625, 0.484375, 0.0625, 0.0, 1.0, 0.84375, 0.8125, 0.0, 0.0, 0.0, 0.0, 0.84375, 0.90625, 0.90625, 0.0, 0.0, 0.0, 0.0]","[0.4375, 0.46875, 0.46875, 0.875, 0.2734375, 0.046875, 0.0, 0.5625, 0.421875, 0.46875, 0.0, 0.0, 0.0, 0.0, 0.421875, 0.484375, 0.515625, 0.0, 0.0, 0.0, 0.0]","[35, 26, 71, 104, 107, 81, 2, 5, 13, 47]",0.9671890945857041,1.0147925374789661
455,6778.28125,"[0.8125, 0.875, 0.9375, 0.65625, 0.484375, 0.0625, 0.0, 1.0, 0.84375, 0.8125, 0.0, 0.0, 0.0, 0.0, 0.84375, 0.90625, 0.90625, 0.0, 0.0, 0.0, 0.0]","[0.4375, 0.46875, 0.46875, 0.875, 0.2734375, 0.046875, 0.0, 0.5625, 0.421875, 0.46875, 0.0, 0.0, 0.0, 0.0, 0.421875, 0.484375, 0.515625, 0.0, 0.0, 0.0, 0.0]","[35, 26, 71, 104, 107, 81, 2, 5, 13, 47]",0.9671890945857041,1.0147925374789661
456,6758.4375,"[0.8125, 0.875, 0.9375, 0.5625, 0.484375, 0.0625, 0.0, 1.0, 0.84375, 0.8125, 0.0, 0.0, 0.0, 0.0, 0.84375, 0.90625, 0.90625, 0.0, 0.0, 0.0, 0.0]","[0.4375, 0.46875, 0.46875, 0.78125, 0.2734375, 0.046875, 0.0, 0.5625, 0.421875, 0.46875, 0.0, 0.0, 0.0, 0.0, 0.421875, 0.484375, 0.515625, 0.0, 0.0, 0.0, 0.0]","[35, 26, 71, 104, 107, 81, 2, 5, 13, 14]",0.9728614561080402,0.9938250395724901
457,6659.21875,"[0.8125, 0.75, 0.9375, 0.5625, 0.484375, 0.0625, 0.0, 1.0, 0.84375, 0.8125, 0.0, 0.0, 0.0, 0.0, 0.84375, 0.90625, 0.90625, 0.0, 0.0, 0.0, 0.0]","[0.4375, 0.40625, 0.46875, 0.78125, 0.2734375, 0.046875, 0.0, 0.5625, 0.421875, 0.46875, 0.0, 0.0, 0.0, 0.0, 0.421875, 0.484375, 0.515625, 0.0, 0.0, 0.0, 0.0]","[35, 26, 71, 104, 107, 81, 2, 5, 13, 14]",0.9735475896067985,0.9969396518811332
458,6777.65625,"[0.8125, 0.75, 0.9375, 0.625, 0.484375, 0.0625, 0.0, 1.0, 0.84375, 0.8125, 0.0, 0.0, 0.0, 0.0, 0.84375, 0.90625, 0.90625, 0.0, 0.0, 0.0, 0.0]","[0.4375, 0.40625, 0.46875, 0.84375, 0.2734375, 0.046875, 0.0, 0.5625, 0.421875, 0.46875, 0.0, 0.0, 0.0, 0.0, 0.421875, 0.484375, 0.515625, 0.0, 0.0, 0.0, 0.0]","[35, 26, 71, 104, 107, 81, 2, 5, 13]",0.9695866638298758,1.0109697223080014
459,6777.65625,"[0.8125, 0.75, 0.9375, 0.625, 0.484375, 0.0625, 0.0, 1.0, 0.84375, 0.8125, 0.0, 0.0, 0.0, 0.0, 0.84375, 0.90625, 0.90625, 0.0, 0.0, 0.0, 0.0]","[0.4375, 0.40625, 0.46875, 0.84375, 0.2734375, 0.046875, 0.0, 0.5625, 0.421875, 0.46875, 0.0, 0.0, 0.0, 0.0, 0.421875, 0.484375, 0.515625, 0.0, 0.0, 0.0, 0.0]","[35, 26, 71, 104, 107, 81, 2, 5, 13]",0.9695866638298758,1.0109697223080014
460,6659.53125,"[0.8125, 0.75, 0.8125, 0.625, 0.484375, 0.0625, 0.0, 1.0, 0.84375, 0.75, 0.0, 0.0, 0.0, 0.0, 0.84375, 0.90625, 0.90625, 0.0, 0.0, 0.0, 0.0]","[0.4375, 0.40625, 0.40625, 0.84375, 0.2734375, 0.046875, 0.0, 0.5625, 0.421875, 0.40625, 0.0, 0.0, 0.0, 0.0, 0.421875, 0.484375, 0.515625, 0.0, 0.0, 0.0, 0.0]","[35, 26, 71, 104, 107, 81, 2, 5, 13]",0.9684112854410366,1.0177692913775467
461,6679.21875,"[0.8125, 0.75, 0.8125, 0.625, 0.484375, 0.0625, 0.0, 1.0, 0.84375, 0.75, 0.0, 0.0, 0.0, 0.0, 0.84375, 0.90625, 0.90625, 0.0, 0.0, 0.0, 0.0]","[0.4375, 0.40625, 0.40625, 0.84375, 0.2734375, 0.046875, 0.0, 0.5625, 0.421875, 0.40625, 0.0, 0.0, 0.0, 0.0, 0.421875, 0.484375, 0.515625, 0.0, 0.0, 0.0, 0.0]","[35, 26, 71, 104, 107, 81, 2, 5]",0.9684112854410366,1.0177692913775467
462,6541.40625,"[0.8125, 0.75, 0.8125, 0.625, 0.484375, 0.0625, 0.0, 1.0, 0.84375, 0.75, 0.0, 0.0, 0.0, 0.0, 0.84375, 0.90625, 0.90625, 0.0, 0.0, 0.0, 0.0]","[0.4375, 0.40625, 0.40625, 0.84375, 0.2734375, 0.046875, 0.0, 0.5625, 0.421875, 0.40625, 0.0, 0.0, 0.0, 0.0, 0.421875, 0.484375, 0.515625, 0.0, 0.0, 0.0, 0.0]","[35, 26, 71, 104, 107, 81, 2, 5]",0.9684112854410366,1.0177692913775467
463,6580.78125,"[0.8125, 0.75, 0.8125, 0.625, 0.484375, 0.0625, 0.0, 1.0, 0.84375, 0.75, 0.0, 0.0, 0.0, 0.0, 0.84375, 0.90625, 0.90625, 0.0, 0.0, 0.0, 0.0]","[0.4375, 0.40625, 0.40625, 0.84375, 0.2734375, 0.046875, 0.0, 0.5625, 0.421875, 0.40625, 0.0, 0.0, 0.0, 0.0, 0.421875, 0.484375, 0.515625, 0.0, 0.0, 0.0, 0.0]","[35, 26, 71, 104, 107, 81, 2, 5]",0.9684112854410366,1.0177692913775467
464,6659.53125,"[0.8125, 1.0, 0.8125, 0.625, 0.484375, 0.0625, 0.0, 1.0, 0.84375, 0.75, 0.0, 0.0, 0.0, 0.0, 0.84375, 0.90625, 0.90625, 0.0, 0.0, 0.0, 0.0]","[0.4375, 0.53125, 0.40625, 0.84375, 0.2734375, 0.046875, 0.0, 0.5625, 0.421875, 0.40625, 0.0, 0.0, 0.0, 0.0, 0.421875, 0.484375, 0.515625, 0.0, 0.0, 0.0, 0.0]","[35, 26, 71, 104, 107, 81, 2, 13]",0.971830687257246,1.013798981281411
465,6698.90625,"[0.8125, 1.0, 0.8125, 0.625, 0.484375, 0.0625, 0.0, 1.0, 0.84375, 0.75, 0.0, 0.0, 0.0, 0.0, 0.84375, 0.90625, 0.90625, 0.0, 0.0, 0.0, 0.0]","[0.4375, 0.53125, 0.40625, 0.84375, 0.2734375, 0.046875, 0.0, 0.5625, 0.421875, 0.40625, 0.0, 0.0, 0.0, 0.0, 0.421875, 0.484375, 0.515625, 0.0, 0.0, 0.0, 0.0]","[35, 26, 71, 104, 107, 81, 2, 13]",0.971830687257246,1.013798981281411
466,6679.21875,"[0.8125, 1.0, 0.84375, 0.625, 0.484375, 0.0625, 0.0, 1.0, 0.84375, 0.75, 0.0, 0.0, 0.0, 0.0, 0.84375, 0.90625, 0.90625, 0.0, 0.0, 0.0, 0.0]","[0.4375, 0.53125, 0.421875, 0.84375, 0.2734375, 0.046875, 0.0, 0.5625, 0.421875, 0.40625, 0.0, 0.0, 0.0, 0.0, 0.421875, 0.484375, 0.515625, 0.0, 0.0, 0.0, 0.0]","[35, 26, 71, 104, 107, 81, 2, 15]",0.9717405520805568,1.0126360427378183
467,6718.59375,"[0.8125, 1.0, 0.84375, 0.625, 0.484375, 0.0625, 0.0, 1.0, 0.84375, 0.75, 0.0, 0.0, 0.0, 0.0, 0.84375, 0.90625, 0.90625, 0.0, 0.0, 0.0, 0.0]","[0.4375, 0.53125, 0.421875, 0.84375, 0.2734375, 0.046875, 0.0, 0.5625, 0.421875, 0.40625, 0.0, 0.0, 0.0, 0.0, 0.421875, 0.484375, 0.515625, 0.0, 0.0, 0.0, 0.0]","[35, 26, 71, 104, 107, 81, 2, 15]",0.9717405520805568,1.0126360427378183
468,6757.96875,"[0.8125, 1.0, 0.84375, 0.59375, 0.484375, 0.0625, 0.0, 1.0, 0.84375, 0.75, 0.0, 0.0, 0.0, 0.0, 0.84375, 0.90625, 0.90625, 0.0, 0.0, 0.0, 0.0]","[0.4375, 0.53125, 0.421875, 0.78125, 0.2734375, 0.046875, 0.0, 0.5625, 0.421875, 0.40625, 0.0, 0.0, 0.0, 0.0, 0.421875, 0.484375, 0.515625, 0.0, 0.0, 0.0, 0.0]","[35, 26, 71, 104, 107, 81, 2, 15]",0.9736338166091911,0.9988226219535532
469,6639.53125,"[0.8125, 1.0, 0.84375, 0.59375, 0.484375, 0.0625, 0.0, 1.0, 0.84375, 0.75, 0.0, 0.0, 0.0, 0.0, 0.84375, 0.90625, 0.90625, 0.0, 0.0, 0.0, 0.0]","[0.4375, 0.53125, 0.421875, 0.78125, 0.2734375, 0.046875, 0.0, 0.5625, 0.421875, 0.40625, 0.0, 0.0, 0.0, 0.0, 0.421875, 0.484375, 0.515625, 0.0, 0.0, 0.0, 0.0]","[35, 26, 71, 104, 107, 81, 15, 2, 37, 47]",0.9736338166091911,0.9988226219535532
470,6836.71875,"[0.8125, 1.0, 0.84375, 0.59375, 0.46875, 0.0625, 0.0, 1.0, 0.84375, 1.0, 0.0, 0.0, 0.0, 0.0, 0.84375, 0.90625, 0.90625, 0.0, 0.0, 0.0, 0.0]","[0.4375, 0.53125, 0.421875, 0.78125, 0.265625, 0.046875, 0.0, 0.5625, 0.421875, 0.53125, 0.0, 0.0, 0.0, 0.0, 0.421875, 0.484375, 0.515625, 0.0, 0.0, 0.0, 0.0]","[35, 26, 71, 104, 107, 81, 15, 2, 67]",0.9766515482901462,0.9964599450028252
471,6796.875,"[0.8125, 1.0, 0.84375, 0.59375, 0.46875, 0.0625, 0.0, 0.9375, 0.84375, 1.0, 0.0, 0.0, 0.0, 0.0, 0.84375, 0.90625, 0.90625, 0.0, 0.0, 0.0, 0.0]","[0.4375, 0.53125, 0.421875, 0.78125, 0.265625, 0.046875, 0.0, 0.53125, 0.421875, 0.53125, 0.0, 0.0, 0.0, 0.0, 0.421875, 0.484375, 0.515625, 0.0, 0.0, 0.0, 0.0]","[35, 26, 71, 104, 107, 81, 15, 2, 57]",0.974940241541127,0.9956933097001941
472,6777.1875,"[0.5, 1.0, 0.84375, 0.59375, 0.46875, 0.0625, 0.0, 0.9375, 0.84375, 1.0, 0.0, 0.0, 0.0, 0.0, 0.84375, 0.90625, 0.90625, 0.0, 0.0, 0.0, 0.0]","[0.28125, 0.53125, 0.421875, 0.78125, 0.265625, 0.046875, 0.0, 0.53125, 0.421875, 0.53125, 0.0, 0.0, 0.0, 0.0, 0.421875, 0.484375, 0.515625, 0.0, 0.0, 0.0, 0.0]","[35, 26, 71, 104, 107, 81, 15, 2, 7]",0.9905555861961577,1.0129128422179527
473,6619.6875,"[0.625, 1.0, 0.84375, 0.59375, 0.46875, 0.0625, 0.0, 0.9375, 0.84375, 1.0, 0.0, 0.0, 0.0, 0.0, 0.84375, 0.90625, 0.90625, 0.0, 0.0, 0.0, 0.0]","[0.34375, 0.53125, 0.421875, 0.78125, 0.265625, 0.046875, 0.0, 0.53125, 0.421875, 0.53125, 0.0, 0.0, 0.0, 0.0, 0.421875, 0.484375, 0.515625, 0.0, 0.0, 0.0, 0.0]","[35, 26, 71, 104, 107, 81, 15, 2, 17]",0.98129682122565,1.003843086536192
474,6777.1875,"[0.625, 1.0, 0.84375, 0.59375, 0.46875, 0.0625, 0.0, 0.9375, 0.84375, 1.0, 0.0, 0.0, 0.0, 0.0, 0.84375, 0.90625, 0.90625, 0.0, 0.0, 0.0, 0.0]","[0.34375, 0.53125, 0.421875, 0.78125, 0.265625, 0.046875, 0.0, 0.53125, 0.421875, 0.53125, 0.0, 0.0, 0.0, 0.0, 0.421875, 0.484375, 0.515625, 0.0, 0.0, 0.0, 0.0]","[35, 26, 71, 104, 107, 81, 15, 2, 17]",0.98129682122565,1.003843086536192
475,6659.0625,"[0.625, 1.0, 0.84375, 0.59375, 0.46875, 0.0625, 0.0, 0.9375, 0.84375, 1.0, 0.0, 0.0, 0.0, 0.0, 0.84375, 0.90625, 0.90625, 0.0, 0.0, 0.0, 0.0]","[0.34375, 0.53125, 0.421875, 0.78125, 0.265625, 0.046875, 0.0, 0.53125, 0.421875, 0.53125, 0.0, 0.0, 0.0, 0.0, 0.421875, 0.484375, 0.515625, 0.0, 0.0, 0.0, 0.0]","[35, 26, 71, 104, 107, 81, 15, 2, 17]",0.98129682122565,1.003843086536192
476,6639.375,"[0.65625, 1.0, 0.84375, 0.5625, 0.46875, 0.0625, 0.0, 0.9375, 0.84375, 1.0, 0.0, 0.0, 0.0, 0.0, 0.84375, 0.90625, 0.90625, 0.0, 0.0, 0.0, 0.0]","[0.359375, 0.53125, 0.421875, 0.71875, 0.265625, 0.046875, 0.0, 0.53125, 0.421875, 0.53125, 0.0, 0.0, 0.0, 0.0, 0.421875, 0.484375, 0.515625, 0.0, 0.0, 0.0, 0.0]","[35, 26, 71, 104, 107, 81, 15, 2, 47]",0.9818091395134569,0.9902801431437277
477,6639.0625,"[0.71875, 1.0, 0.78125, 0.5625, 0.453125, 0.0625, 0.0, 0.9375, 0.84375, 0.9375, 0.0, 0.0, 0.0, 0.0, 0.84375, 0.90625, 0.90625, 0.0, 0.0, 0.0, 0.0]","[0.390625, 0.53125, 0.390625, 0.71875, 0.2578125, 0.046875, 0.0, 0.53125, 0.421875, 0.46875, 0.0, 0.0, 0.0, 0.0, 0.421875, 0.484375, 0.515625, 0.0, 0.0, 0.0, 0.0]","[35, 26, 71, 104, 107, 81, 15, 2, 21]",0.979174242474466,0.9905265732135475
478,6619.21875,"[0.71875, 1.0, 0.78125, 0.5625, 0.453125, 0.0625, 0.0, 0.9375, 0.78125, 0.9375, 0.0, 0.0, 0.0, 0.0, 0.84375, 0.90625, 0.90625, 0.0, 0.0, 0.0, 0.0]","[0.390625, 0.53125, 0.390625, 0.71875, 0.2578125, 0.046875, 0.0, 0.53125, 0.390625, 0.46875, 0.0, 0.0, 0.0, 0.0, 0.421875, 0.484375, 0.515625, 0.0, 0.0, 0.0, 0.0]","[35, 26, 71, 104, 107, 81, 15, 2, 21]",0.9795081047478466,0.9925473125995211
479,6658.59375,"[0.96875, 1.0, 0.75, 0.5625, 0.453125, 0.0625, 0.0, 0.9375, 0.78125, 0.9375, 0.0, 0.0, 0.0, 0.0, 0.84375, 0.90625, 0.90625, 0.0, 0.0, 0.0, 0.0]","[0.515625, 0.53125, 0.375, 0.71875, 0.2578125, 0.046875, 0.0, 0.53125, 0.390625, 0.46875, 0.0, 0.0, 0.0, 0.0, 0.421875, 0.484375, 0.515625, 0.0, 0.0, 0.0, 0.0]","[35, 26, 71, 104, 107, 81, 15, 2, 30]",0.980364103473607,0.990143039602907
480,6678.28125,"[0.96875, 1.0, 0.75, 0.5625, 0.453125, 0.0625, 0.0, 0.9375, 0.78125, 0.9375, 0.0, 0.0, 0.0, 0.0, 0.84375, 0.90625, 0.90625, 0.0, 0.0, 0.0, 0.0]","[0.515625, 0.53125, 0.375, 0.71875, 0.2578125, 0.046875, 0.0, 0.53125, 0.390625, 0.46875, 0.0, 0.0, 0.0, 0.0, 0.421875, 0.484375, 0.515625, 0.0, 0.0, 0.0, 0.0]","[35, 26, 71, 104, 107, 81, 15, 2, 30]",0.980364103473607,0.990143039602907
481,6658.59375,"[0.96875, 1.0, 0.78125, 0.5625, 0.453125, 0.0625, 0.0, 0.9375, 0.53125, 0.9375, 0.0, 0.0, 0.0, 0.0, 0.84375, 0.90625, 0.90625, 0.0, 0.0, 0.0, 0.0]","[0.515625, 0.53125, 0.390625, 0.71875, 0.2578125, 0.046875, 0.0, 0.53125, 0.265625, 0.46875, 0.0, 0.0, 0.0, 0.0, 0.421875, 0.484375, 0.515625, 0.0, 0.0, 0.0, 0.0]","[35, 26, 71, 104, 107, 81, 15, 2, 36]",0.992140811127597,1.0049419541653903
482,6540.46875,"[0.96875, 1.0, 0.78125, 0.5625, 0.453125, 0.0625, 0.0, 0.9375, 0.53125, 0.9375, 0.0, 0.0, 0.0, 0.0, 0.84375, 0.90625, 0.90625, 0.0, 0.0, 0.0, 0.0]","[0.515625, 0.53125, 0.390625, 0.71875, 0.2578125, 0.046875, 0.0, 0.53125, 0.265625, 0.46875, 0.0, 0.0, 0.0, 0.0, 0.421875, 0.484375, 0.515625, 0.0, 0.0, 0.0, 0.0]","[26, 71, 104, 107, 81, 15, 2, 35]",0.992140811127597,1.0049419541653903
483,6579.84375,"[0.96875, 1.0, 0.78125, 0.5625, 0.453125, 0.0625, 0.0, 0.9375, 0.53125, 0.9375, 0.0, 0.0, 0.0, 0.0, 0.84375, 0.90625, 0.90625, 0.0, 0.0, 0.0, 0.0]","[0.515625, 0.53125, 0.390625, 0.71875, 0.2578125, 0.046875, 0.0, 0.53125, 0.265625, 0.46875, 0.0, 0.0, 0.0, 0.0, 0.421875, 0.484375, 0.515625, 0.0, 0.0, 0.0, 0.0]","[26, 71, 104, 107, 81, 15, 2, 35]",0.992140811127597,1.0049419541653903
484,6501.09375,"[0.96875, 0.9375, 0.78125, 0.5625, 0.453125, 0.0625, 0.0, 0.8125, 0.40625, 0.9375, 0.0, 0.0, 0.0, 0.0, 0.84375, 0.90625, 0.90625, 0.0, 0.0, 0.0, 0.0]","[0.515625, 0.5, 0.390625, 0.71875, 0.2578125, 0.046875, 0.0, 0.46875, 0.203125, 0.46875, 0.0, 0.0, 0.0, 0.0, 0.421875, 0.484375, 0.515625, 0.0, 0.0, 0.0, 0.0]","[26, 71, 104, 107, 81, 15, 35, 2, 27, 36]",1.0005622156715215,1.0164581274384141
485,6501.40625,"[0.84375, 0.9375, 0.78125, 0.59375, 0.453125, 0.03125, 0.0, 0.8125, 0.65625, 0.9375, 0.0, 0.0, 0.0, 0.0, 0.84375, 0.90625, 0.90625, 0.0, 0.0, 0.0, 0.0]","[0.453125, 0.5, 0.390625, 0.78125, 0.2578125, 0.015625, 0.0, 0.46875, 0.328125, 0.46875, 0.0, 0.0, 0.0, 0.0, 0.421875, 0.484375, 0.515625, 0.0, 0.0, 0.0, 0.0]","[26, 71, 104, 107, 81, 15, 35, 2, 44]",0.9818809164321378,1.01892308420396
486,6402.65625,"[0.84375, 0.9375, 0.78125, 0.59375, 0.453125, 0.03125, 0.0, 0.8125, 0.65625, 0.9375, 0.0, 0.0, 0.0, 0.0, 0.84375, 0.90625, 0.90625, 0.0, 0.0, 0.0, 0.0]","[0.453125, 0.5, 0.390625, 0.78125, 0.2578125, 0.015625, 0.0, 0.46875, 0.328125, 0.46875, 0.0, 0.0, 0.0, 0.0, 0.421875, 0.484375, 0.515625, 0.0, 0.0, 0.0, 0.0]","[26, 71, 104, 107, 81, 15, 35, 2, 44]",0.9818809164321378,1.01892308420396
487,6422.34375,"[0.84375, 0.6875, 0.78125, 0.59375, 0.421875, 0.03125, 0.0, 0.8125, 0.71875, 0.9375, 0.0, 0.0, 0.0, 0.0, 0.84375, 0.84375, 0.90625, 0.0, 0.0, 0.0, 0.0]","[0.453125, 0.375, 0.390625, 0.78125, 0.2265625, 0.015625, 0.0, 0.46875, 0.359375, 0.46875, 0.0, 0.0, 0.0, 0.0, 0.421875, 0.453125, 0.515625, 0.0, 0.0, 0.0, 0.0]","[26, 71, 104, 107, 81, 15, 35, 2, 24]",0.980891081951484,1.027185899550369
488,6422.03125,"[0.84375, 0.8125, 0.78125, 0.59375, 0.421875, 0.03125, 0.0, 0.8125, 0.71875, 0.9375, 0.0, 0.0, 0.0, 0.0, 0.84375, 0.84375, 0.90625, 0.0, 0.0, 0.0, 0.0]","[0.453125, 0.4375, 0.390625, 0.78125, 0.2265625, 0.015625, 0.0, 0.46875, 0.359375, 0.46875, 0.0, 0.0, 0.0, 0.0, 0.421875, 0.453125, 0.515625, 0.0, 0.0, 0.0, 0.0]","[26, 71, 104, 107, 81, 15, 35, 2]",0.9793239652335768,1.0231151830513845
489,6264.53125,"[0.84375, 0.8125, 0.78125, 0.59375, 0.421875, 0.03125, 0.0, 0.8125, 0.71875, 0.9375, 0.0, 0.0, 0.0, 0.0, 0.84375, 0.84375, 0.90625, 0.0, 0.0, 0.0, 0.0]","[0.453125, 0.4375, 0.390625, 0.78125, 0.2265625, 0.015625, 0.0, 0.46875, 0.359375, 0.46875, 0.0, 0.0, 0.0, 0.0, 0.421875, 0.453125, 0.515625, 0.0, 0.0, 0.0, 0.0]","[26, 71, 104, 107, 81, 15, 35, 2, 64]",0.9793239652335768,1.0231151830513845
490,6303.90625,"[0.84375, 0.8125, 0.78125, 0.59375, 0.421875, 0.03125, 0.0, 0.8125, 0.6875, 0.9375, 0.0, 0.0, 0.0, 0.0, 0.84375, 0.84375, 0.90625, 0.0, 0.0, 0.0, 0.0]","[0.453125, 0.4375, 0.390625, 0.78125, 0.2265625, 0.015625, 0.0, 0.46875, 0.34375, 0.46875, 0.0, 0.0, 0.0, 0.0, 0.421875, 0.453125, 0.515625, 0.0, 0.0, 0.0, 0.0]","[26, 71, 104, 107, 81, 15, 35, 2, 55]",0.9801806697104196,1.0248520550694786
491,6264.53125,"[0.84375, 0.8125, 0.78125, 0.59375, 0.421875, 0.03125, 0.0, 0.8125, 0.6875, 0.9375, 0.0, 0.0, 0.0, 0.0, 0.84375, 0.84375, 0.90625, 0.0, 0.0, 0.0, 0.0]","[0.453125, 0.4375, 0.390625, 0.78125, 0.2265625, 0.015625, 0.0, 0.46875, 0.34375, 0.46875, 0.0, 0.0, 0.0, 0.0, 0.421875, 0.453125, 0.515625, 0.0, 0.0, 0.0, 0.0]","[26, 71, 104, 107, 81, 15, 35, 2, 55]",0.9801806697104196,1.0248520550694786
492,6284.21875,"[0.84375, 0.8125, 0.78125, 0.59375, 0.421875, 0.03125, 0.0, 0.8125, 0.75, 0.9375, 0.0, 0.0, 0.0, 0.0, 0.84375, 0.84375, 0.78125, 0.0, 0.0, 0.0, 0.0]","[0.453125, 0.4375, 0.390625, 0.78125, 0.2265625, 0.015625, 0.0, 0.46875, 0.375, 0.46875, 0.0, 0.0, 0.0, 0.0, 0.421875, 0.453125, 0.453125, 0.0, 0.0, 0.0, 0.0]","[26, 71, 104, 107, 81, 15, 35, 2, 64]",0.9768662219542324,1.0215734812921913
493,6284.21875,"[0.84375, 0.8125, 0.78125, 0.59375, 0.421875, 0.03125, 0.0, 0.8125, 0.75, 0.9375, 0.0, 0.0, 0.0, 0.0, 0.84375, 0.84375, 0.78125, 0.0, 0.0, 0.0, 0.0]","[0.453125, 0.4375, 0.390625, 0.78125, 0.2265625, 0.015625, 0.0, 0.46875, 0.375, 0.46875, 0.0, 0.0, 0.0, 0.0, 0.421875, 0.453125, 0.453125, 0.0, 0.0, 0.0, 0.0]","[26, 71, 104, 107, 81, 15, 35, 2, 64]",0.9768662219542324,1.0215734812921913
494,6362.96875,"[0.84375, 0.8125, 0.78125, 0.59375, 0.421875, 0.03125, 0.0, 0.8125, 1.0, 0.9375, 0.0, 0.0, 0.0, 0.0, 0.84375, 0.84375, 0.78125, 0.0, 0.0, 0.0, 0.0]","[0.453125, 0.4375, 0.390625, 0.78125, 0.2265625, 0.015625, 0.0, 0.46875, 0.5, 0.46875, 0.0, 0.0, 0.0, 0.0, 0.421875, 0.453125, 0.453125, 0.0, 0.0, 0.0, 0.0]","[26, 71, 104, 107, 81, 15, 35, 2, 66]",0.9822944491641055,1.01658021976671
495,6402.34375,"[0.84375, 0.8125, 0.78125, 0.59375, 0.421875, 0.03125, 0.0, 0.8125, 1.0, 0.9375, 0.0, 0.0, 0.0, 0.0, 0.84375, 0.84375, 0.78125, 0.0, 0.0, 0.0, 0.0]","[0.453125, 0.4375, 0.390625, 0.78125, 0.2265625, 0.015625, 0.0, 0.46875, 0.5, 0.46875, 0.0, 0.0, 0.0, 0.0, 0.421875, 0.453125, 0.453125, 0.0, 0.0, 0.0, 0.0]","[26, 71, 104, 107, 81, 15, 35, 2, 66]",0.9822944491641055,1.01658021976671
496,6382.65625,"[0.84375, 0.8125, 0.78125, 0.59375, 0.421875, 0.03125, 0.0, 0.8125, 1.0, 0.9375, 0.0, 0.0, 0.0, 0.0, 0.84375, 0.84375, 0.8125, 0.0, 0.0, 0.0, 0.0]","[0.453125, 0.4375, 0.390625, 0.78125, 0.2265625, 0.015625, 0.0, 0.46875, 0.5, 0.46875, 0.0, 0.0, 0.0, 0.0, 0.421875, 0.453125, 0.46875, 0.0, 0.0, 0.0, 0.0]","[26, 71, 104, 107, 81, 15, 35, 2, 67]",0.9821288338524706,1.0161960819562832
497,6422.03125,"[0.84375, 0.8125, 0.84375, 0.59375, 0.421875, 0.03125, 0.0, 0.8125, 1.0, 0.9375, 0.0, 0.0, 0.0, 0.0, 0.84375, 0.84375, 0.8125, 0.0, 0.0, 0.0, 0.0]","[0.453125, 0.4375, 0.421875, 0.78125, 0.2265625, 0.015625, 0.0, 0.46875, 0.5, 0.46875, 0.0, 0.0, 0.0, 0.0, 0.421875, 0.453125, 0.46875, 0.0, 0.0, 0.0, 0.0]","[26, 71, 104, 107, 81, 15, 35, 2, 74]",0.9819986924962447,1.014034722305359
498,6500.78125,"[0.84375, 0.8125, 0.84375, 0.59375, 0.421875, 0.03125, 0.0, 0.8125, 1.0, 0.9375, 0.0, 0.0, 0.0, 0.0, 0.84375, 0.84375, 0.8125, 0.0, 0.0, 0.0, 0.0]","[0.453125, 0.4375, 0.421875, 0.78125, 0.2265625, 0.015625, 0.0, 0.46875, 0.5, 0.46875, 0.0, 0.0, 0.0, 0.0, 0.421875, 0.453125, 0.46875, 0.0, 0.0, 0.0, 0.0]","[26, 71, 104, 107, 81, 15, 35, 2, 74]",0.9819986924962447,1.014034722305359
499,6422.03125,"[0.84375, 0.8125, 0.84375, 0.59375, 0.421875, 0.03125, 0.0, 0.5625, 1.0, 0.9375, 0.0, 0.0, 0.0, 0.0, 0.84375, 0.84375, 0.8125, 0.0, 0.0, 0.0, 0.0]","[0.453125, 0.4375, 0.421875, 0.78125, 0.2265625, 0.015625, 0.0, 0.34375, 0.5, 0.46875, 0.0, 0.0, 0.0, 0.0, 0.421875, 0.453125, 0.46875, 0.0, 0.0, 0.0, 0.0]","[26, 71, 104, 107, 81, 15, 35, 2, 42, 74]",0.9910076320531694,1.0225117871175813
500,6461.71875,"[0.84375, 0.5625, 0.84375, 0.625, 0.421875, 0.03125, 0.0, 0.5625, 1.0, 0.9375, 0.0, 0.0, 0.0, 0.0, 0.84375, 0.84375, 0.8125, 0.0, 0.0, 0.0, 0.0]","[0.453125, 0.3125, 0.421875, 0.84375, 0.2265625, 0.015625, 0.0, 0.34375, 0.5, 0.46875, 0.0, 0.0, 0.0, 0.0, 0.421875, 0.453125, 0.46875, 0.0, 0.0, 0.0, 0.0]","[26, 71, 104, 107, 81, 15, 35, 2, 42]",0.997517060841932,1.0509414050530794
501,6323.90625,"[0.84375, 0.5625, 0.84375, 0.625, 0.421875, 0.03125, 0.0, 0.59375, 1.0, 0.9375, 0.0, 0.0, 0.0, 0.0, 0.84375, 0.84375, 0.8125, 0.0, 0.0, 0.0, 0.0]","[0.453125, 0.3125, 0.421875, 0.84375, 0.2265625, 0.015625, 0.0, 0.359375, 0.5, 0.46875, 0.0, 0.0, 0.0, 0.0, 0.421875, 0.453125, 0.46875, 0.0, 0.0, 0.0, 0.0]","[26, 71, 104, 107, 81, 15, 35, 2]",0.9954951374108325,1.0491111274137859
502,6205.78125,"[0.84375, 0.5625, 0.84375, 0.625, 0.421875, 0.03125, 0.0, 0.59375, 1.0, 0.9375, 0.0, 0.0, 0.0, 0.0, 0.84375, 0.84375, 0.8125, 0.0, 0.0, 0.0, 0.0]","[0.453125, 0.3125, 0.421875, 0.84375, 0.2265625, 0.015625, 0.0, 0.359375, 0.5, 0.46875, 0.0, 0.0, 0.0, 0.0, 0.421875, 0.453125, 0.46875, 0.0, 0.0, 0.0, 0.0]","[26, 71, 104, 107, 81, 15, 35, 2]",0.9954951374108325,1.0491111274137859
503,6245.15625,"[0.84375, 0.5625, 0.84375, 0.625, 0.421875, 0.03125, 0.0, 0.59375, 1.0, 0.9375, 0.0, 0.0, 0.0, 0.0, 0.84375, 0.84375, 0.8125, 0.0, 0.0, 0.0, 0.0]","[0.453125, 0.3125, 0.421875, 0.84375, 0.2265625, 0.015625, 0.0, 0.359375, 0.5, 0.46875, 0.0, 0.0, 0.0, 0.0, 0.421875, 0.453125, 0.46875, 0.0, 0.0, 0.0, 0.0]","[26, 71, 104, 107, 81, 15, 35, 2]",0.9954951374108325,1.0491111274137859
504,6323.90625,"[0.84375, 0.5625, 0.84375, 0.625, 0.421875, 0.03125, 0.0, 0.59375, 1.0, 0.9375, 0.0, 0.0, 0.0, 0.0, 0.84375, 0.84375, 0.8125, 0.0, 0.0, 0.0, 0.0]","[0.453125, 0.3125, 0.421875, 0.84375, 0.2265625, 0.015625, 0.0, 0.359375, 0.5, 0.46875, 0.0, 0.0, 0.0, 0.0, 0.421875, 0.453125, 0.46875, 0.0, 0.0, 0.0, 0.0]","[26, 71, 104, 107, 81, 15, 35, 2]",0.9954951374108325,1.0491111274137859
505,6205.78125,"[0.84375, 0.5625, 0.84375, 0.59375, 0.421875, 0.03125, 0.0, 0.65625, 1.0, 0.9375, 0.0, 0.0, 0.0, 0.0, 0.84375, 0.84375, 0.8125, 0.0, 0.0, 0.0, 0.0]","[0.453125, 0.3125, 0.421875, 0.78125, 0.2265625, 0.015625, 0.0, 0.421875, 0.5, 0.46875, 0.0, 0.0, 0.0, 0.0, 0.421875, 0.453125, 0.46875, 0.0, 0.0, 0.0, 0.0]","[26, 71, 104, 107, 81, 15, 35, 76]",0.9940576435559794,1.0273033417211503
506,6185.78125,"[0.84375, 0.5625, 0.84375, 0.59375, 0.421875, 0.03125, 0.0, 0.6875, 1.0, 0.9375, 0.0, 0.0, 0.0, 0.0, 0.84375, 0.84375, 0.8125, 0.0, 0.0, 0.0, 0.0]","[0.453125, 0.3125, 0.421875, 0.78125, 0.2265625, 0.015625, 0.0, 0.4375, 0.5, 0.46875, 0.0, 0.0, 0.0, 0.0, 0.421875, 0.453125, 0.46875, 0.0, 0.0, 0.0, 0.0]","[26, 71, 104, 107, 81, 15, 35, 78]",0.9929030386258638,1.0265880711201234
507,6225.15625,"[0.84375, 0.5625, 0.84375, 0.59375, 0.421875, 0.03125, 0.0, 0.6875, 1.0, 0.9375, 0.0, 0.0, 0.0, 0.0, 0.84375, 0.84375, 0.8125, 0.0, 0.0, 0.0, 0.0]","[0.453125, 0.3125, 0.421875, 0.78125, 0.2265625, 0.015625, 0.0, 0.4375, 0.5, 0.46875, 0.0, 0.0, 0.0, 0.0, 0.421875, 0.453125, 0.46875, 0.0, 0.0, 0.0, 0.0]","[26, 71, 104, 107, 81, 15, 35, 78]",0.9929030386258638,1.0265880711201234
508,6264.53125,"[0.84375, 0.5625, 0.84375, 0.59375, 0.421875, 0.03125, 0.0, 0.6875, 1.0, 0.9375, 0.0, 0.0, 0.0, 0.0, 0.84375, 0.84375, 0.8125, 0.0, 0.0, 0.0, 0.0]","[0.453125, 0.3125, 0.421875, 0.78125, 0.2265625, 0.015625, 0.0, 0.4375, 0.5, 0.46875, 0.0, 0.0, 0.0, 0.0, 0.421875, 0.453125, 0.46875, 0.0, 0.0, 0.0, 0.0]","[26, 71, 104, 107, 81, 15, 35, 78]",0.9929030386258638,1.0265880711201234
509,6343.28125,"[0.84375, 0.5625, 0.84375, 0.59375, 0.421875, 0.03125, 0.0, 0.9375, 1.0, 0.9375, 0.0, 0.0, 0.0, 0.0, 0.84375, 0.78125, 0.8125, 0.0, 0.0, 0.0, 0.0]","[0.453125, 0.3125, 0.421875, 0.78125, 0.2265625, 0.015625, 0.0, 0.5625, 0.5, 0.46875, 0.0, 0.0, 0.0, 0.0, 0.421875, 0.390625, 0.46875, 0.0, 0.0, 0.0, 0.0]","[26, 71, 104, 107, 81, 15, 35, 59]",0.9932894297361946,1.031131174452269
510,6343.28125,"[0.84375, 0.5625, 0.84375, 0.59375, 0.421875, 0.03125, 0.0, 0.9375, 1.0, 0.9375, 0.0, 0.0, 0.0, 0.0, 0.84375, 0.84375, 0.8125, 0.0, 0.0, 0.0, 0.0]","[0.453125, 0.3125, 0.421875, 0.78125, 0.2265625, 0.015625, 0.0, 0.5625, 0.5, 0.46875, 0.0, 0.0, 0.0, 0.0, 0.421875, 0.453125, 0.46875, 0.0, 0.0, 0.0, 0.0]","[26, 71, 104, 107, 81, 15, 35, 82]",0.9932031002490328,1.0274465436601956
511,6362.96875,"[0.84375, 0.5625, 0.84375, 0.59375, 0.421875, 0.03125, 0.0, 0.9375, 1.0, 0.9375, 0.0, 0.0, 0.0, 0.0, 0.84375, 0.84375, 0.8125, 0.0, 0.0, 0.0, 0.0]","[0.453125, 0.3125, 0.421875, 0.78125, 0.2265625, 0.015625, 0.0, 0.5625, 0.5, 0.46875, 0.0, 0.0, 0.0, 0.0, 0.421875, 0.453125, 0.46875, 0.0, 0.0, 0.0, 0.0]","[26, 71, 104, 107, 81, 15, 35, 82]",0.9932031002490328,1.0274465436601956
512,6382.65625,"[0.84375, 0.5625, 0.84375, 0.59375, 0.421875, 0.03125, 0.0, 0.9375, 1.0, 0.9375, 0.0, 0.0, 0.0, 0.0, 0.84375, 0.84375, 0.875, 0.0, 0.0, 0.0, 0.0]","[0.453125, 0.3125, 0.421875, 0.78125, 0.2265625, 0.015625, 0.0, 0.5625, 0.5, 0.46875, 0.0, 0.0, 0.0, 0.0, 0.421875, 0.453125, 0.5, 0.0, 0.0, 0.0, 0.0]","[26, 71, 104, 107, 81, 15, 35, 84]",0.9935580602980614,1.0270804432626395
513,6461.40625,"[0.84375, 0.5625, 0.84375, 0.59375, 0.421875, 0.03125, 0.0, 0.9375, 1.0, 0.9375, 0.0, 0.0, 0.0, 0.0, 0.84375, 0.96875, 0.875, 0.0, 0.0, 0.0, 0.0]","[0.453125, 0.3125, 0.421875, 0.78125, 0.2265625, 0.015625, 0.0, 0.5625, 0.5, 0.46875, 0.0, 0.0, 0.0, 0.0, 0.421875, 0.515625, 0.5, 0.0, 0.0, 0.0, 0.0]","[26, 71, 104, 107, 81, 15, 35, 87]",0.9960402364312295,1.026155491590122
514,6461.40625,"[0.84375, 0.5625, 0.84375, 0.59375, 0.421875, 0.03125, 0.0, 0.9375, 1.0, 0.9375, 0.0, 0.0, 0.0, 0.0, 0.84375, 0.96875, 0.875, 0.0, 0.0, 0.0, 0.0]","[0.453125, 0.3125, 0.421875, 0.78125, 0.2265625, 0.015625, 0.0, 0.5625, 0.5, 0.46875, 0.0, 0.0, 0.0, 0.0, 0.421875, 0.515625, 0.5, 0.0, 0.0, 0.0, 0.0]","[26, 71, 104, 107, 81, 15, 35, 87, 89]",0.9960402364312295,1.026155491590122
515,6500.78125,"[0.84375, 0.625, 0.84375, 0.59375, 0.421875, 0.03125, 0.0, 0.9375, 1.0, 0.9375, 0.0, 0.0, 0.0, 0.0, 0.84375, 0.96875, 0.875, 0.0, 0.0, 0.0, 0.0]","[0.453125, 0.375, 0.421875, 0.78125, 0.2265625, 0.015625, 0.0, 0.5625, 0.5, 0.46875, 0.0, 0.0, 0.0, 0.0, 0.421875, 0.515625, 0.5, 0.0, 0.0, 0.0, 0.0]","[26, 71, 104, 107, 81, 15, 35, 87, 92]",0.9918991846782375,1.0184149364741455
516,6520.46875,"[0.59375, 0.625, 0.84375, 0.59375, 0.421875, 0.03125, 0.0, 0.9375, 1.0, 0.9375, 0.0, 0.0, 0.0, 0.0, 0.84375, 0.96875, 0.875, 0.0, 0.0, 0.0, 0.0]","[0.328125, 0.375, 0.421875, 0.78125, 0.2265625, 0.015625, 0.0, 0.5625, 0.5, 0.46875, 0.0, 0.0, 0.0, 0.0, 0.421875, 0.515625, 0.5, 0.0, 0.0, 0.0, 0.0]","[26, 71, 104, 107, 81, 15, 35, 16, 87]",0.9997710962753676,1.0293654665840584
517,6540.15625,"[0.65625, 0.625, 0.59375, 0.59375, 0.421875, 0.03125, 0.0, 0.9375, 1.0, 0.8125, 0.0, 0.0, 0.0, 0.0, 0.84375, 0.96875, 0.75, 0.0, 0.0, 0.0, 0.0]","[0.359375, 0.375, 0.296875, 0.78125, 0.2265625, 0.015625, 0.0, 0.5625, 0.5, 0.40625, 0.0, 0.0, 0.0, 0.0, 0.421875, 0.515625, 0.4375, 0.0, 0.0, 0.0, 0.0]","[26, 71, 104, 107, 81, 15, 35, 16]",0.9999477894691003,1.0433986844415768
518,6461.40625,"[0.90625, 0.75, 0.59375, 0.59375, 0.421875, 0.03125, 0.0, 0.9375, 1.0, 0.8125, 0.0, 0.0, 0.0, 0.0, 0.84375, 0.96875, 1.0, 0.0, 0.0, 0.0, 0.0]","[0.484375, 0.4375, 0.296875, 0.78125, 0.2265625, 0.015625, 0.0, 0.5625, 0.5, 0.40625, 0.0, 0.0, 0.0, 0.0, 0.421875, 0.515625, 0.5625, 0.0, 0.0, 0.0, 0.0]","[26, 71, 104, 107, 81, 18]",0.9976129325208238,1.0311093771543864
519,6461.40625,"[0.90625, 0.75, 0.59375, 0.59375, 0.421875, 0.03125, 0.0, 0.9375, 1.0, 0.8125, 0.0, 0.0, 0.0, 0.0, 0.84375, 0.96875, 0.75, 0.0, 0.0, 0.0, 0.0]","[0.484375, 0.4375, 0.296875, 0.78125, 0.2265625, 0.015625, 0.0, 0.5625, 0.5, 0.40625, 0.0, 0.0, 0.0, 0.0, 0.421875, 0.515625, 0.4375, 0.0, 0.0, 0.0, 0.0]","[26, 71, 104, 107, 81, 18, 23, 25]",0.9944029981200858,1.0316818668354448
520,6500.78125,"[0.90625, 1.0, 0.59375, 0.59375, 0.421875, 0.03125, 0.0, 0.90625, 1.0, 0.8125, 0.0, 0.0, 0.0, 0.0, 0.84375, 0.96875, 0.75, 0.0, 0.0, 0.0, 0.0]","[0.484375, 0.5625, 0.296875, 0.78125, 0.2265625, 0.015625, 0.0, 0.546875, 0.5, 0.40625, 0.0, 0.0, 0.0, 0.0, 0.421875, 0.515625, 0.4375, 0.0, 0.0, 0.0, 0.0]","[71, 104, 107, 81, 18, 0]",0.9969237671033908,1.0305964325221315
521,6461.40625,"[0.90625, 1.0, 0.59375, 0.59375, 0.421875, 0.03125, 0.0, 0.90625, 1.0, 0.8125, 0.0, 0.0, 0.0, 0.0, 0.84375, 0.96875, 0.75, 0.0, 0.0, 0.0, 0.0]","[0.484375, 0.5625, 0.296875, 0.78125, 0.2265625, 0.015625, 0.0, 0.546875, 0.5, 0.40625, 0.0, 0.0, 0.0, 0.0, 0.421875, 0.515625, 0.4375, 0.0, 0.0, 0.0, 0.0]","[104, 107, 81, 18, 0]",0.9969237671033908,1.0305964325221315
522,6481.09375,"[0.90625, 1.0, 0.59375, 0.59375, 0.421875, 0.03125, 0.0, 0.875, 1.0, 0.8125, 0.0, 0.0, 0.0, 0.0, 0.84375, 0.96875, 0.75, 0.0, 0.0, 0.0, 0.0]","[0.484375, 0.5625, 0.296875, 0.78125, 0.2265625, 0.015625, 0.0, 0.53125, 0.5, 0.40625, 0.0, 0.0, 0.0, 0.0, 0.421875, 0.515625, 0.4375, 0.0, 0.0, 0.0, 0.0]","[104, 107, 81, 18, 0]",0.9964650156943241,1.0302443055752186
523,6500.78125,"[0.90625, 1.0, 0.59375, 0.59375, 0.421875, 0.03125, 0.0, 1.0, 1.0, 0.8125, 0.0, 0.0, 0.0, 0.0, 0.84375, 0.96875, 0.75, 0.0, 0.0, 0.0, 0.0]","[0.484375, 0.5625, 0.296875, 0.78125, 0.2265625, 0.015625, 0.0, 0.59375, 0.5, 0.40625, 0.0, 0.0, 0.0, 0.0, 0.421875, 0.515625, 0.4375, 0.0, 0.0, 0.0, 0.0]","[104, 107, 81, 18, 25]",0.9996610281180245,1.0326051499985756
524,6500.78125,"[0.90625, 1.0, 0.59375, 0.59375, 0.421875, 0.03125, 0.0, 1.0, 1.0, 0.8125, 0.0, 0.0, 0.0, 0.0, 0.84375, 0.96875, 0.625, 0.0, 0.0, 0.0, 0.0]","[0.484375, 0.5625, 0.296875, 0.78125, 0.2265625, 0.015625, 0.0, 0.59375, 0.5, 0.40625, 0.0, 0.0, 0.0, 0.0, 0.421875, 0.515625, 0.375, 0.0, 0.0, 0.0, 0.0]","[104, 107, 81, 18, 25, 3, 26]",1.0049393895411527,1.0376372349921539
525,6461.40625,"[0.90625, 1.0, 0.59375, 0.59375, 0.421875, 0.03125, 0.0, 1.0, 1.0, 0.8125, 0.0, 0.0, 0.0, 0.0, 0.71875, 0.96875, 0.625, 0.0, 0.0, 0.0, 0.0]","[0.484375, 0.5625, 0.296875, 0.78125, 0.2265625, 0.015625, 0.0, 0.59375, 0.5, 0.40625, 0.0, 0.0, 0.0, 0.0, 0.359375, 0.515625, 0.375, 0.0, 0.0, 0.0, 0.0]","[104, 107, 81, 18, 25, 3, 26, 48]",1.0068380764061768,1.0433458660094972
526,6520.46875,"[0.90625, 1.0, 0.59375, 0.59375, 0.390625, 0.03125, 0.0, 1.0, 1.0, 0.8125, 0.0, 0.0, 0.0, 0.0, 0.96875, 0.96875, 0.65625, 0.0, 0.0, 0.0, 0.0]","[0.484375, 0.5625, 0.296875, 0.78125, 0.2109375, 0.015625, 0.0, 0.59375, 0.5, 0.40625, 0.0, 0.0, 0.0, 0.0, 0.484375, 0.515625, 0.390625, 0.0, 0.0, 0.0, 0.0]","[104, 107, 81, 18, 25, 3, 68]",1.0087687292514582,1.036662384551938
527,6520.15625,"[0.90625, 1.0, 0.59375, 0.59375, 0.390625, 0.03125, 0.0, 1.0, 1.0, 0.8125, 0.0, 0.0, 0.0, 0.0, 0.96875, 0.96875, 0.65625, 0.0, 0.0, 0.0, 0.0]","[0.484375, 0.5625, 0.296875, 0.78125, 0.2109375, 0.015625, 0.0, 0.59375, 0.5, 0.40625, 0.0, 0.0, 0.0, 0.0, 0.484375, 0.515625, 0.390625, 0.0, 0.0, 0.0, 0.0]","[104, 107, 81, 18, 25, 3, 68]",1.0087687292514582,1.036662384551938
528,6559.53125,"[0.90625, 1.0, 0.59375, 0.59375, 0.390625, 0.03125, 0.0, 1.0, 1.0, 0.9375, 0.0, 0.0, 0.0, 0.0, 0.96875, 0.96875, 0.65625, 0.0, 0.0, 0.0, 0.0]","[0.484375, 0.5625, 0.296875, 0.78125, 0.2109375, 0.015625, 0.0, 0.59375, 0.5, 0.46875, 0.0, 0.0, 0.0, 0.0, 0.484375, 0.515625, 0.390625, 0.0, 0.0, 0.0, 0.0]","[104, 107, 81, 18, 25, 3, 71]",1.0091441214501928,1.0328994401736675
529,6559.53125,"[0.90625, 1.0, 0.59375, 0.59375, 0.390625, 0.03125, 0.0, 1.0, 1.0, 0.9375, 0.0, 0.0, 0.0, 0.0, 0.96875, 0.96875, 0.65625, 0.0, 0.0, 0.0, 0.0]","[0.484375, 0.5625, 0.296875, 0.78125, 0.2109375, 0.015625, 0.0, 0.59375, 0.5, 0.46875, 0.0, 0.0, 0.0, 0.0, 0.484375, 0.515625, 0.390625, 0.0, 0.0, 0.0, 0.0]","[104, 107, 81, 18, 25, 3, 71, 76]",1.0091441214501928,1.0328994401736675
530,6598.90625,"[0.90625, 1.0, 0.59375, 0.59375, 0.390625, 0.03125, 0.0, 1.0, 1.0, 0.9375, 0.0, 0.0, 0.0, 0.0, 0.90625, 0.96875, 0.65625, 0.0, 0.0, 0.0, 0.0]","[0.484375, 0.5625, 0.296875, 0.78125, 0.2109375, 0.015625, 0.0, 0.59375, 0.5, 0.46875, 0.0, 0.0, 0.0, 0.0, 0.453125, 0.515625, 0.390625, 0.0, 0.0, 0.0, 0.0]","[104, 107, 81, 18, 25, 3, 46, 71]",1.0079997599543629,1.0340825639044464
531,6539.84375,"[0.90625, 1.0, 0.59375, 0.59375, 0.390625, 0.03125, 0.0, 1.0, 1.0, 0.9375, 0.0, 0.0, 0.0, 0.0, 0.90625, 0.96875, 0.65625, 0.0, 0.0, 0.0, 0.0]","[0.484375, 0.5625, 0.296875, 0.78125, 0.2109375, 0.015625, 0.0, 0.59375, 0.5, 0.46875, 0.0, 0.0, 0.0, 0.0, 0.453125, 0.515625, 0.390625, 0.0, 0.0, 0.0, 0.0]","[104, 107, 81, 18, 25, 3, 46, 71]",1.0079997599543629,1.0340825639044464
532,6559.53125,"[0.90625, 1.0, 0.59375, 0.59375, 0.390625, 0.03125, 0.0, 1.0, 1.0, 0.9375, 0.0, 0.0, 0.0, 0.0, 0.90625, 0.96875, 0.71875, 0.0, 0.0, 0.0, 0.0]","[0.484375, 0.5625, 0.296875, 0.78125, 0.2109375, 0.015625, 0.0, 0.59375, 0.5, 0.46875, 0.0, 0.0, 0.0, 0.0, 0.453125, 0.515625, 0.421875, 0.0, 0.0, 0.0, 0.0]","[104, 107, 81, 18, 25, 3, 46, 76]",1.005163541675891,1.0314873297689198
533,6638.28125,"[0.90625, 1.0, 0.59375, 0.46875, 0.390625, 0.03125, 0.0, 1.0, 1.0, 0.9375, 0.0, 0.0, 0.0, 0.0, 0.90625, 0.9375, 0.71875, 0.0, 0.0, 0.0, 0.0]","[0.484375, 0.5625, 0.296875, 0.65625, 0.2109375, 0.015625, 0.0, 0.59375, 0.5, 0.46875, 0.0, 0.0, 0.0, 0.0, 0.453125, 0.5, 0.421875, 0.0, 0.0, 0.0, 0.0]","[104, 107, 81, 18, 25, 3, 34, 46]",1.0151480698712232,1.0118846282966332
534,6538.59375,"[0.90625, 1.0, 0.59375, 0.46875, 0.390625, 0.03125, 0.0, 1.0, 1.0, 0.9375, 0.0, 0.0, 0.0, 0.0, 0.65625, 0.8125, 0.71875, 0.0, 0.0, 0.0, 0.0]","[0.484375, 0.5625, 0.296875, 0.65625, 0.2109375, 0.015625, 0.0, 0.59375, 0.5, 0.46875, 0.0, 0.0, 0.0, 0.0, 0.328125, 0.4375, 0.421875, 0.0, 0.0, 0.0, 0.0]","[104, 107, 81, 18, 25, 3, 10, 34]",1.018247784080757,1.023133662368953
535,6341.71875,"[0.90625, 1.0, 0.59375, 0.46875, 0.390625, 0.03125, 0.0, 1.0, 1.0, 0.9375, 0.0, 0.0, 0.0, 0.0, 0.53125, 0.8125, 0.71875, 0.0, 0.0, 0.0, 0.0]","[0.484375, 0.5625, 0.296875, 0.65625, 0.2109375, 0.015625, 0.0, 0.59375, 0.5, 0.46875, 0.0, 0.0, 0.0, 0.0, 0.265625, 0.4375, 0.421875, 0.0, 0.0, 0.0, 0.0]","[104, 107, 81, 18, 25, 3, 8]",1.0264948242797265,1.0329215048523506
536,6085.78125,"[0.90625, 1.0, 0.59375, 0.46875, 0.328125, 0.03125, 0.0, 1.0, 1.0, 0.9375, 0.0, 0.0, 0.0, 0.0, 0.53125, 0.75, 0.75, 0.0, 0.0, 0.0, 0.0]","[0.484375, 0.5625, 0.296875, 0.65625, 0.1796875, 0.015625, 0.0, 0.59375, 0.5, 0.46875, 0.0, 0.0, 0.0, 0.0, 0.265625, 0.40625, 0.4375, 0.0, 0.0, 0.0, 0.0]","[104, 107, 81, 18, 25, 3, 10]",1.034829214656121,1.041460217847514
537,6163.90625,"[0.90625, 1.0, 0.59375, 0.46875, 0.328125, 0.03125, 0.0, 1.0, 1.0, 0.9375, 0.0, 0.0, 0.0, 0.0, 0.53125, 1.0, 0.8125, 0.0, 0.0, 0.0, 0.0]","[0.484375, 0.5625, 0.296875, 0.65625, 0.1796875, 0.015625, 0.0, 0.59375, 0.5, 0.46875, 0.0, 0.0, 0.0, 0.0, 0.265625, 0.53125, 0.46875, 0.0, 0.0, 0.0, 0.0]","[104, 107, 81, 18, 25, 29]",1.0367663526935582,1.0382980460431666
538,6163.90625,"[0.90625, 1.0, 0.59375, 0.46875, 0.328125, 0.03125, 0.0, 1.0, 1.0, 0.9375, 0.0, 0.0, 0.0, 0.0, 0.28125, 1.0, 0.8125, 0.0, 0.0, 0.0, 0.0]","[0.484375, 0.5625, 0.296875, 0.65625, 0.1796875, 0.015625, 0.0, 0.59375, 0.5, 0.46875, 0.0, 0.0, 0.0, 0.0, 0.140625, 0.53125, 0.46875, 0.0, 0.0, 0.0, 0.0]","[104, 107, 81, 18, 25, 29, 34, 39]",1.067615381514996,1.06819007839124
539,6242.65625,"[0.90625, 1.0, 0.59375, 0.46875, 0.328125, 0.03125, 0.0, 1.0, 1.0, 0.9375, 0.0, 0.0, 0.0, 0.0, 0.28125, 1.0, 0.9375, 0.0, 0.0, 0.0, 0.0]","[0.484375, 0.5625, 0.296875, 0.65625, 0.1796875, 0.015625, 0.0, 0.59375, 0.5, 0.46875, 0.0, 0.0, 0.0, 0.0, 0.140625, 0.53125, 0.53125, 0.0, 0.0, 0.0, 0.0]","[104, 107, 81, 18, 25, 29, 39]",1.068190765287098,1.0680602424514094
540,6124.53125,"[0.96875, 1.0, 0.59375, 0.46875, 0.328125, 0.03125, 0.0, 0.875, 1.0, 0.9375, 0.0, 0.0, 0.0, 0.0, 0.28125, 1.0, 0.9375, 0.0, 0.0, 0.0, 0.0]","[0.546875, 0.5625, 0.296875, 0.65625, 0.1796875, 0.015625, 0.0, 0.53125, 0.5, 0.46875, 0.0, 0.0, 0.0, 0.0, 0.140625, 0.53125, 0.53125, 0.0, 0.0, 0.0, 0.0]","[104, 107, 81, 18, 25, 29, 31]",1.0668790799594348,1.065717125463405
541,6065.46875,"[0.96875, 1.0, 0.59375, 0.4375, 0.328125, 0.03125, 0.0, 0.90625, 1.0, 0.9375, 0.0, 0.0, 0.0, 0.0, 0.28125, 1.0, 0.9375, 0.0, 0.0, 0.0, 0.0]","[0.546875, 0.5625, 0.296875, 0.59375, 0.1796875, 0.015625, 0.0, 0.546875, 0.5, 0.46875, 0.0, 0.0, 0.0, 0.0, 0.140625, 0.53125, 0.53125, 0.0, 0.0, 0.0, 0.0]","[104, 107, 81, 18, 25, 29, 46]",1.0706665080960935,1.059906730003185
542,6065.15625,"[0.96875, 1.0, 0.59375, 0.40625, 0.328125, 0.03125, 0.0, 0.65625, 1.0, 0.9375, 0.0, 0.0, 0.0, 0.0, 0.28125, 1.0, 0.9375, 0.0, 0.0, 0.0, 0.0]","[0.546875, 0.5625, 0.296875, 0.53125, 0.1796875, 0.015625, 0.0, 0.421875, 0.5, 0.46875, 0.0, 0.0, 0.0, 0.0, 0.140625, 0.53125, 0.53125, 0.0, 0.0, 0.0, 0.0]","[104, 107, 81, 18, 25, 29, 46]",1.0793776569752458,1.0560728853690933
543,5907.34375,"[0.96875, 1.0, 0.59375, 0.40625, 0.328125, 0.03125, 0.0, 0.65625, 0.75, 0.9375, 0.0, 0.0, 0.0, 0.0, 0.28125, 1.0, 0.9375, 0.0, 0.0, 0.0, 0.0]","[0.546875, 0.5625, 0.296875, 0.53125, 0.1796875, 0.015625, 0.0, 0.421875, 0.375, 0.46875, 0.0, 0.0, 0.0, 0.0, 0.140625, 0.53125, 0.53125, 0.0, 0.0, 0.0, 0.0]","[104, 107, 81, 18, 25, 29, 28]",1.075573861460802,1.0598579925242462
544,5907.34375,"[0.96875, 1.0, 0.59375, 0.40625, 0.328125, 0.03125, 0.0, 0.90625, 0.875, 0.9375, 0.0, 0.0, 0.0, 0.0, 0.28125, 1.0, 0.9375, 0.0, 0.0, 0.0, 0.0]","[0.546875, 0.5625, 0.296875, 0.53125, 0.1796875, 0.015625, 0.0, 0.546875, 0.4375, 0.46875, 0.0, 0.0, 0.0, 0.0, 0.140625, 0.53125, 0.53125, 0.0, 0.0, 0.0, 0.0]","[104, 107, 81, 18, 25, 46]",1.0714918623031864,1.0571969420150447
545,5946.71875,"[0.96875, 1.0, 0.59375, 0.40625, 0.296875, 0.03125, 0.0, 0.90625, 0.875, 0.9375, 0.0, 0.0, 0.0, 0.0, 0.28125, 1.0, 0.9375, 0.0, 0.0, 0.0, 0.0]","[0.546875, 0.5625, 0.296875, 0.53125, 0.1640625, 0.015625, 0.0, 0.546875, 0.4375, 0.46875, 0.0, 0.0, 0.0, 0.0, 0.140625, 0.53125, 0.53125, 0.0, 0.0, 0.0, 0.0]","[104, 107, 81, 18, 25, 46]",1.0762811025497268,1.0614148594209896
546,5887.34375,"[0.96875, 1.0, 0.59375, 0.40625, 0.296875, 0.03125, 0.0, 0.9375, 0.875, 0.9375, 0.0, 0.0, 0.0, 0.0, 0.28125, 1.0, 0.9375, 0.0, 0.0, 0.0, 0.0]","[0.546875, 0.5625, 0.296875, 0.53125, 0.1640625, 0.015625, 0.0, 0.5625, 0.4375, 0.46875, 0.0, 0.0, 0.0, 0.0, 0.140625, 0.53125, 0.53125, 0.0, 0.0, 0.0, 0.0]","[104, 107, 81, 18, 25, 51]",1.0769407869913126,1.0623647735833563
547,5926.71875,"[0.96875, 1.0, 0.59375, 0.40625, 0.296875, 0.03125, 0.0, 0.9375, 0.875, 0.9375, 0.0, 0.0, 0.0, 0.0, 0.28125, 1.0, 0.9375, 0.0, 0.0, 0.0, 0.0]","[0.546875, 0.5625, 0.296875, 0.53125, 0.1640625, 0.015625, 0.0, 0.5625, 0.4375, 0.46875, 0.0, 0.0, 0.0, 0.0, 0.140625, 0.53125, 0.53125, 0.0, 0.0, 0.0, 0.0]","[104, 107, 81, 18, 25, 51]",1.0769407869913126,1.0623647735833563
548,5887.34375,"[0.90625, 1.0, 0.59375, 0.40625, 0.296875, 0.03125, 0.0, 0.9375, 0.875, 0.9375, 0.0, 0.0, 0.0, 0.0, 0.28125, 1.0, 0.9375, 0.0, 0.0, 0.0, 0.0]","[0.515625, 0.5625, 0.296875, 0.53125, 0.1640625, 0.015625, 0.0, 0.5625, 0.4375, 0.46875, 0.0, 0.0, 0.0, 0.0, 0.140625, 0.53125, 0.53125, 0.0, 0.0, 0.0, 0.0]","[104, 107, 81, 18, 25, 51, 52]",1.0752984081949841,1.061070479400788
549,5847.96875,"[0.84375, 1.0, 0.59375, 0.40625, 0.296875, 0.03125, 0.0, 0.9375, 0.875, 0.9375, 0.0, 0.0, 0.0, 0.0, 0.28125, 1.0, 0.9375, 0.0, 0.0, 0.0, 0.0]","[0.484375, 0.5625, 0.296875, 0.53125, 0.1640625, 0.015625, 0.0, 0.5625, 0.4375, 0.46875, 0.0, 0.0, 0.0, 0.0, 0.140625, 0.53125, 0.53125, 0.0, 0.0, 0.0, 0.0]","[104, 107, 81, 18, 25, 51, 52, 56]",1.074636665300434,1.0605183320305742
550,5926.71875,"[0.84375, 1.0, 0.65625, 0.40625, 0.296875, 0.03125, 0.0, 0.9375, 0.875, 0.9375, 0.0, 0.0, 0.0, 0.0, 0.28125, 1.0, 0.9375, 0.0, 0.0, 0.0, 0.0]","[0.484375, 0.5625, 0.359375, 0.53125, 0.1640625, 0.015625, 0.0, 0.5625, 0.4375, 0.46875, 0.0, 0.0, 0.0, 0.0, 0.140625, 0.53125, 0.53125, 0.0, 0.0, 0.0, 0.0]","[104, 107, 81, 18, 25, 51, 52]",1.0707540734054135,1.0522161942502737
551,5867.65625,"[0.84375, 1.0, 0.65625, 0.40625, 0.296875, 0.03125, 0.0, 0.9375, 0.625, 0.9375, 0.0, 0.0, 0.0, 0.0, 0.28125, 1.0, 0.9375, 0.0, 0.0, 0.0, 0.0]","[0.484375, 0.5625, 0.359375, 0.53125, 0.1640625, 0.015625, 0.0, 0.5625, 0.3125, 0.46875, 0.0, 0.0, 0.0, 0.0, 0.140625, 0.53125, 0.53125, 0.0, 0.0, 0.0, 0.0]","[104, 107, 81, 18, 25, 51, 52]",1.0766064846391235,1.063539476279058
552,5729.84375,"[0.84375, 0.9375, 0.71875, 0.40625, 0.296875, 0.03125, 0.0, 0.9375, 0.625, 0.9375, 0.0, 0.0, 0.0, 0.0, 0.28125, 1.0, 0.9375, 0.0, 0.0, 0.0, 0.0]","[0.484375, 0.5, 0.390625, 0.53125, 0.1640625, 0.015625, 0.0, 0.5625, 0.3125, 0.46875, 0.0, 0.0, 0.0, 0.0, 0.140625, 0.53125, 0.53125, 0.0, 0.0, 0.0, 0.0]","[104, 107, 81, 18, 25, 12, 51]",1.0711720204597701,1.0573180996427314
553,5769.21875,"[0.84375, 0.9375, 0.84375, 0.40625, 0.296875, 0.03125, 0.0, 0.9375, 0.625, 0.9375, 0.0, 0.0, 0.0, 0.0, 0.28125, 1.0, 0.9375, 0.0, 0.0, 0.0, 0.0]","[0.484375, 0.5, 0.453125, 0.53125, 0.1640625, 0.015625, 0.0, 0.5625, 0.3125, 0.46875, 0.0, 0.0, 0.0, 0.0, 0.140625, 0.53125, 0.53125, 0.0, 0.0, 0.0, 0.0]","[104, 107, 81, 18, 25, 12, 57]",1.0697286779816677,1.0545830053686174
554,5769.21875,"[0.84375, 0.9375, 0.84375, 0.40625, 0.296875, 0.03125, 0.0, 0.9375, 0.625, 0.9375, 0.0, 0.0, 0.0, 0.0, 0.28125, 1.0, 0.9375, 0.0, 0.0, 0.0, 0.0]","[0.484375, 0.5, 0.453125, 0.53125, 0.1640625, 0.015625, 0.0, 0.5625, 0.3125, 0.46875, 0.0, 0.0, 0.0, 0.0, 0.140625, 0.53125, 0.53125, 0.0, 0.0, 0.0, 0.0]","[104, 107, 81, 18, 25, 12, 57, 64]",1.0697286779816677,1.0545830053686174
555,5808.59375,"[0.84375, 0.9375, 0.84375, 0.40625, 0.296875, 0.03125, 0.0, 0.9375, 0.6875, 0.9375, 0.0, 0.0, 0.0, 0.0, 0.28125, 1.0, 0.90625, 0.0, 0.0, 0.0, 0.0]","[0.484375, 0.5, 0.453125, 0.53125, 0.1640625, 0.015625, 0.0, 0.5625, 0.375, 0.46875, 0.0, 0.0, 0.0, 0.0, 0.140625, 0.53125, 0.515625, 0.0, 0.0, 0.0, 0.0]","[104, 107, 81, 18, 25, 12, 57, 70]",1.0656551832690158,1.046635583882939
556,5808.59375,"[0.84375, 0.9375, 0.84375, 0.40625, 0.296875, 0.03125, 0.0, 0.9375, 0.6875, 0.9375, 0.0, 0.0, 0.0, 0.0, 0.28125, 1.0, 0.90625, 0.0, 0.0, 0.0, 0.0]","[0.484375, 0.5, 0.453125, 0.53125, 0.1640625, 0.015625, 0.0, 0.5625, 0.375, 0.46875, 0.0, 0.0, 0.0, 0.0, 0.140625, 0.53125, 0.515625, 0.0, 0.0, 0.0, 0.0]","[104, 107, 81, 18, 25, 12, 57, 70]",1.0656551832690158,1.046635583882939
557,5828.28125,"[0.84375, 0.9375, 0.78125, 0.40625, 0.296875, 0.03125, 0.0, 0.9375, 0.6875, 0.9375, 0.0, 0.0, 0.0, 0.0, 0.28125, 1.0, 0.90625, 0.0, 0.0, 0.0, 0.0]","[0.484375, 0.5, 0.421875, 0.53125, 0.1640625, 0.015625, 0.0, 0.5625, 0.375, 0.46875, 0.0, 0.0, 0.0, 0.0, 0.140625, 0.53125, 0.515625, 0.0, 0.0, 0.0, 0.0]","[104, 107, 81, 18, 25, 12, 57, 70]",1.0658266400399776,1.0475994388171281
558,5828.28125,"[0.84375, 0.9375, 0.78125, 0.40625, 0.296875, 0.03125, 0.0, 0.9375, 0.6875, 0.9375, 0.0, 0.0, 0.0, 0.0, 0.28125, 1.0, 0.90625, 0.0, 0.0, 0.0, 0.0]","[0.484375, 0.5, 0.421875, 0.53125, 0.1640625, 0.015625, 0.0, 0.5625, 0.375, 0.46875, 0.0, 0.0, 0.0, 0.0, 0.140625, 0.53125, 0.515625, 0.0, 0.0, 0.0, 0.0]","[104, 107, 81, 18, 25, 12, 57, 70]",1.0658266400399776,1.0475994388171281
559,5907.03125,"[0.84375, 0.9375, 0.78125, 0.40625, 0.296875, 0.03125, 0.0, 0.875, 0.9375, 0.9375, 0.0, 0.0, 0.0, 0.0, 0.28125, 1.0, 0.90625, 0.0, 0.0, 0.0, 0.0]","[0.484375, 0.5, 0.421875, 0.53125, 0.1640625, 0.015625, 0.0, 0.5, 0.5, 0.46875, 0.0, 0.0, 0.0, 0.0, 0.140625, 0.53125, 0.515625, 0.0, 0.0, 0.0, 0.0]","[104, 107, 81, 18, 25, 11, 12, 57]",1.063275752340455,1.040432624861672
560,5907.03125,"[0.84375, 0.9375, 0.84375, 0.40625, 0.296875, 0.03125, 0.0, 0.875, 0.9375, 0.9375, 0.0, 0.0, 0.0, 0.0, 0.28125, 1.0, 0.90625, 0.0, 0.0, 0.0, 0.0]","[0.484375, 0.5, 0.484375, 0.53125, 0.1640625, 0.015625, 0.0, 0.5, 0.5, 0.46875, 0.0, 0.0, 0.0, 0.0, 0.140625, 0.53125, 0.515625, 0.0, 0.0, 0.0, 0.0]","[104, 107, 81, 18, 25, 11, 12, 73]",1.0628078241756531,1.0391728726310099
561,5926.71875,"[0.84375, 0.9375, 0.84375, 0.40625, 0.296875, 0.03125, 0.0, 0.875, 0.9375, 0.9375, 0.0, 0.0, 0.0, 0.0, 0.28125, 0.9375, 0.90625, 0.0, 0.0, 0.0, 0.0]","[0.484375, 0.5, 0.484375, 0.53125, 0.1640625, 0.015625, 0.0, 0.5, 0.5, 0.46875, 0.0, 0.0, 0.0, 0.0, 0.140625, 0.46875, 0.515625, 0.0, 0.0, 0.0, 0.0]","[104, 107, 81, 18, 25, 11, 12, 59]",1.0604273965245503,1.037834220132386
562,5907.03125,"[0.84375, 0.9375, 0.84375, 0.40625, 0.296875, 0.03125, 0.0, 0.875, 0.9375, 0.9375, 0.0, 0.0, 0.0, 0.0, 0.28125, 0.9375, 0.90625, 0.0, 0.0, 0.0, 0.0]","[0.484375, 0.5, 0.484375, 0.53125, 0.1640625, 0.015625, 0.0, 0.5, 0.5, 0.46875, 0.0, 0.0, 0.0, 0.0, 0.140625, 0.46875, 0.515625, 0.0, 0.0, 0.0, 0.0]","[104, 107, 81, 18, 25, 11, 12, 59]",1.0604273965245503,1.037834220132386
563,5946.40625,"[0.59375, 0.9375, 0.84375, 0.40625, 0.296875, 0.03125, 0.0, 0.875, 0.9375, 0.9375, 0.0, 0.0, 0.0, 0.0, 0.28125, 0.9375, 0.84375, 0.0, 0.0, 0.0, 0.0]","[0.359375, 0.5, 0.484375, 0.53125, 0.1640625, 0.015625, 0.0, 0.5, 0.5, 0.46875, 0.0, 0.0, 0.0, 0.0, 0.140625, 0.46875, 0.453125, 0.0, 0.0, 0.0, 0.0]","[104, 107, 81, 18, 25, 11, 12, 21]",1.0670374459154859,1.0414642468026678
564,5828.28125,"[0.84375, 0.9375, 0.84375, 0.40625, 0.296875, 0.03125, 0.0, 0.875, 0.9375, 0.9375, 0.0, 0.0, 0.0, 0.0, 0.28125, 0.6875, 0.84375, 0.0, 0.0, 0.0, 0.0]","[0.484375, 0.5, 0.484375, 0.53125, 0.1640625, 0.015625, 0.0, 0.5, 0.5, 0.46875, 0.0, 0.0, 0.0, 0.0, 0.140625, 0.34375, 0.453125, 0.0, 0.0, 0.0, 0.0]","[104, 107, 81, 18, 25, 11, 12, 59]",1.0596618261011919,1.043335182178742
565,5710.15625,"[0.84375, 0.9375, 0.84375, 0.40625, 0.296875, 0.03125, 0.0, 0.875, 0.9375, 0.90625, 0.0, 0.0, 0.0, 0.0, 0.28125, 0.6875, 0.84375, 0.0, 0.0, 0.0, 0.0]","[0.484375, 0.5, 0.484375, 0.53125, 0.1640625, 0.015625, 0.0, 0.5, 0.5, 0.453125, 0.0, 0.0, 0.0, 0.0, 0.140625, 0.34375, 0.453125, 0.0, 0.0, 0.0, 0.0]","[104, 107, 18, 25, 1, 11, 12]",1.0584413115515758,1.0432505381233994
566,5670.78125,"[0.84375, 0.9375, 0.84375, 0.40625, 0.265625, 0.03125, 0.0, 0.875, 0.9375, 0.78125, 0.0, 0.0, 0.0, 0.0, 0.28125, 0.6875, 0.84375, 0.0, 0.0, 0.0, 0.0]","[0.484375, 0.5, 0.484375, 0.53125, 0.1328125, 0.015625, 0.0, 0.5, 0.5, 0.390625, 0.0, 0.0, 0.0, 0.0, 0.140625, 0.34375, 0.453125, 0.0, 0.0, 0.0, 0.0]","[104, 107, 18, 25, 1, 11, 12]",1.0614196014055581,1.0544074541015944
567,5572.03125,"[0.84375, 0.9375, 0.84375, 0.40625, 0.265625, 0.03125, 0.0, 0.875, 0.9375, 0.84375, 0.0, 0.0, 0.0, 0.0, 0.28125, 0.6875, 0.84375, 0.0, 0.0, 0.0, 0.0]","[0.484375, 0.5, 0.484375, 0.53125, 0.1328125, 0.015625, 0.0, 0.5, 0.5, 0.421875, 0.0, 0.0, 0.0, 0.0, 0.140625, 0.34375, 0.453125, 0.0, 0.0, 0.0, 0.0]","[104, 107, 18, 25, 1, 11, 19]",1.0619503014819,1.0530133044289691
568,5650.78125,"[0.84375, 0.9375, 0.84375, 0.40625, 0.265625, 0.03125, 0.0, 0.875, 0.9375, 0.84375, 0.0, 0.0, 0.0, 0.0, 0.28125, 0.6875, 0.96875, 0.0, 0.0, 0.0, 0.0]","[0.484375, 0.5, 0.484375, 0.53125, 0.1328125, 0.015625, 0.0, 0.5, 0.5, 0.421875, 0.0, 0.0, 0.0, 0.0, 0.140625, 0.34375, 0.515625, 0.0, 0.0, 0.0, 0.0]","[104, 107, 18, 25, 1, 11, 59]",1.0662715326164172,1.0547160923693915
569,5650.78125,"[0.84375, 0.9375, 0.84375, 0.40625, 0.265625, 0.03125, 0.0, 0.875, 0.9375, 0.84375, 0.0, 0.0, 0.0, 0.0, 0.28125, 0.625, 0.96875, 0.0, 0.0, 0.0, 0.0]","[0.484375, 0.5, 0.484375, 0.53125, 0.1328125, 0.015625, 0.0, 0.5, 0.5, 0.421875, 0.0, 0.0, 0.0, 0.0, 0.140625, 0.3125, 0.515625, 0.0, 0.0, 0.0, 0.0]","[104, 107, 18, 25, 59, 1, 11, 32, 69]",1.0691907313858922,1.0586359311069966
570,5808.28125,"[0.84375, 0.9375, 0.84375, 0.40625, 0.265625, 0.03125, 0.0, 0.875, 0.9375, 0.84375, 0.0, 0.0, 0.0, 0.0, 0.28125, 0.875, 0.96875, 0.0, 0.0, 0.0, 0.0]","[0.484375, 0.5, 0.484375, 0.53125, 0.1328125, 0.015625, 0.0, 0.5, 0.5, 0.421875, 0.0, 0.0, 0.0, 0.0, 0.140625, 0.4375, 0.515625, 0.0, 0.0, 0.0, 0.0]","[104, 107, 18, 25, 59, 1, 11, 69]",1.0643375062644072,1.048362129691279
571,5788.59375,"[0.84375, 0.9375, 0.84375, 0.40625, 0.265625, 0.03125, 0.0, 0.875, 0.9375, 0.875, 0.0, 0.0, 0.0, 0.0, 0.28125, 0.875, 0.96875, 0.0, 0.0, 0.0, 0.0]","[0.484375, 0.5, 0.484375, 0.53125, 0.1328125, 0.015625, 0.0, 0.5, 0.5, 0.4375, 0.0, 0.0, 0.0, 0.0, 0.140625, 0.4375, 0.515625, 0.0, 0.0, 0.0, 0.0]","[104, 107, 18, 25, 59, 1, 11, 73]",1.0646554634841745,1.047829021310015
572,5827.96875,"[0.84375, 0.9375, 0.90625, 0.40625, 0.265625, 0.03125, 0.0, 0.875, 0.9375, 0.875, 0.0, 0.0, 0.0, 0.0, 0.28125, 0.875, 0.96875, 0.0, 0.0, 0.0, 0.0]","[0.484375, 0.5, 0.515625, 0.53125, 0.1328125, 0.015625, 0.0, 0.5, 0.5, 0.4375, 0.0, 0.0, 0.0, 0.0, 0.140625, 0.4375, 0.515625, 0.0, 0.0, 0.0, 0.0]","[104, 107, 18, 25, 59, 1, 11, 74]",1.0654755254054853,1.0487014627864992
573,5906.71875,"[0.84375, 0.9375, 0.90625, 0.40625, 0.265625, 0.03125, 0.0, 0.875, 0.875, 0.875, 0.0, 0.0, 0.0, 0.0, 0.28125, 0.875, 0.96875, 0.0, 0.0, 0.0, 0.0]","[0.484375, 0.5, 0.515625, 0.53125, 0.1328125, 0.015625, 0.0, 0.5, 0.46875, 0.4375, 0.0, 0.0, 0.0, 0.0, 0.140625, 0.4375, 0.515625, 0.0, 0.0, 0.0, 0.0]","[104, 107, 18, 25, 59, 1, 11, 60]",1.0640739719915215,1.048275779620538
574,5788.59375,"[0.84375, 0.9375, 0.90625, 0.390625, 0.265625, 0.03125, 0.0, 0.875, 0.875, 0.8125, 0.0, 0.0, 0.0, 0.0, 0.28125, 0.875, 0.96875, 0.0, 0.0, 0.0, 0.0]","[0.484375, 0.5, 0.515625, 0.515625, 0.1328125, 0.015625, 0.0, 0.5, 0.46875, 0.40625, 0.0, 0.0, 0.0, 0.0, 0.140625, 0.4375, 0.515625, 0.0, 0.0, 0.0, 0.0]","[104, 107, 18, 25, 59, 1, 9, 11, 60]",1.065683559708099,1.0486978102887479
575,5768.75,"[0.84375, 0.9375, 0.90625, 0.390625, 0.265625, 0.03125, 0.0, 0.875, 0.875, 0.8125, 0.0, 0.0, 0.0, 0.0, 0.34375, 0.875, 0.96875, 0.0, 0.0, 0.0, 0.0]","[0.484375, 0.5, 0.515625, 0.515625, 0.1328125, 0.015625, 0.0, 0.5, 0.46875, 0.40625, 0.0, 0.0, 0.0, 0.0, 0.203125, 0.4375, 0.515625, 0.0, 0.0, 0.0, 0.0]","[104, 107, 18, 25, 59, 1, 9, 11, 61]",1.0561142073350358,1.0318447490257214
576,5788.4375,"[0.84375, 0.9375, 0.90625, 0.390625, 0.265625, 0.03125, 0.0, 0.875, 0.875, 0.6875, 0.0, 0.0, 0.0, 0.0, 0.375, 0.875, 0.96875, 0.0, 0.0, 0.0, 0.0]","[0.484375, 0.5, 0.515625, 0.515625, 0.1328125, 0.015625, 0.0, 0.5, 0.46875, 0.34375, 0.0, 0.0, 0.0, 0.0, 0.21875, 0.4375, 0.515625, 0.0, 0.0, 0.0, 0.0]","[104, 107, 18, 25, 59, 1, 9, 11, 74]",1.0541910971566255,1.033152865887066
577,5906.5625,"[0.84375, 0.9375, 0.90625, 0.390625, 0.265625, 0.03125, 0.0, 0.875, 0.875, 0.6875, 0.0, 0.0, 0.0, 0.0, 0.375, 0.875, 0.96875, 0.0, 0.0, 0.0, 0.0]","[0.484375, 0.5, 0.515625, 0.515625, 0.1328125, 0.015625, 0.0, 0.5, 0.46875, 0.34375, 0.0, 0.0, 0.0, 0.0, 0.21875, 0.4375, 0.515625, 0.0, 0.0, 0.0, 0.0]","[104, 107, 18, 25, 59, 1, 9, 11]",1.0541910971566255,1.033152865887066
578,5788.4375,"[0.84375, 0.9375, 0.90625, 0.390625, 0.265625, 0.03125, 0.0, 0.875, 0.875, 0.6875, 0.0, 0.0, 0.0, 0.0, 0.375, 0.875, 0.96875, 0.0, 0.0, 0.0, 0.0]","[0.484375, 0.5, 0.515625, 0.515625, 0.1328125, 0.015625, 0.0, 0.5, 0.46875, 0.34375, 0.0, 0.0, 0.0, 0.0, 0.21875, 0.4375, 0.515625, 0.0, 0.0, 0.0, 0.0]","[104, 107, 18, 25, 59, 1, 9, 11]",1.0541910971566255,1.033152865887066
579,5867.1875,"[0.84375, 0.9375, 0.90625, 0.390625, 0.265625, 0.03125, 0.0, 0.875, 0.875, 0.6875, 0.0, 0.0, 0.0, 0.0, 0.375, 0.875, 0.96875, 0.0, 0.0, 0.0, 0.0]","[0.484375, 0.5, 0.515625, 0.515625, 0.1328125, 0.015625, 0.0, 0.5, 0.46875, 0.34375, 0.0, 0.0, 0.0, 0.0, 0.21875, 0.4375, 0.515625, 0.0, 0.0, 0.0, 0.0]","[104, 107, 18, 25, 59, 1, 9, 11]",1.0541910971566255,1.033152865887066
580,5749.0625,"[0.84375, 0.9375, 0.90625, 0.390625, 0.265625, 0.03125, 0.0, 0.875, 0.875, 0.6875, 0.0, 0.0, 0.0, 0.0, 0.375, 0.875, 0.96875, 0.0, 0.0, 0.0, 0.0]","[0.484375, 0.5, 0.515625, 0.515625, 0.1328125, 0.015625, 0.0, 0.5, 0.46875, 0.34375, 0.0, 0.0, 0.0, 0.0, 0.21875, 0.4375, 0.515625, 0.0, 0.0, 0.0, 0.0]","[104, 107, 18, 25, 59, 1, 9, 11]",1.0541910971566255,1.033152865887066
581,5729.375,"[0.84375, 0.9375, 0.90625, 0.390625, 0.265625, 0.03125, 0.0, 0.875, 0.875, 0.71875, 0.0, 0.0, 0.0, 0.0, 0.375, 0.875, 0.96875, 0.0, 0.0, 0.0, 0.0]","[0.484375, 0.5, 0.515625, 0.515625, 0.1328125, 0.015625, 0.0, 0.5, 0.46875, 0.359375, 0.0, 0.0, 0.0, 0.0, 0.21875, 0.4375, 0.515625, 0.0, 0.0, 0.0, 0.0]","[104, 107, 18, 25, 59, 1, 9, 74]",1.0531764515895718,1.0315919158896762
582,5768.75,"[0.84375, 0.9375, 0.90625, 0.390625, 0.265625, 0.03125, 0.0, 0.875, 0.625, 0.78125, 0.0, 0.0, 0.0, 0.0, 0.375, 0.875, 0.96875, 0.0, 0.0, 0.0, 0.0]","[0.484375, 0.5, 0.515625, 0.515625, 0.1328125, 0.015625, 0.0, 0.5, 0.34375, 0.390625, 0.0, 0.0, 0.0, 0.0, 0.21875, 0.4375, 0.515625, 0.0, 0.0, 0.0, 0.0]","[104, 107, 18, 25, 59, 1, 9, 27]",1.0562080272490817,1.0349830948255252
583,5690.0,"[0.59375, 0.9375, 0.90625, 0.390625, 0.265625, 0.03125, 0.0, 0.875, 0.75, 0.71875, 0.0, 0.0, 0.0, 0.0, 0.375, 0.875, 0.96875, 0.0, 0.0, 0.0, 0.0]","[0.359375, 0.5, 0.515625, 0.515625, 0.1328125, 0.015625, 0.0, 0.5, 0.40625, 0.359375, 0.0, 0.0, 0.0, 0.0, 0.21875, 0.4375, 0.515625, 0.0, 0.0, 0.0, 0.0]","[104, 107, 18, 25, 59, 1, 9, 35]",1.0583440872512264,1.0358027111279606
584,5965.625,"[0.84375, 0.9375, 0.90625, 0.390625, 0.265625, 0.03125, 0.0, 0.875, 0.75, 0.71875, 0.0, 0.0, 0.0, 0.0, 0.375, 0.875, 0.96875, 0.0, 0.0, 0.0, 0.0]","[0.484375, 0.5, 0.515625, 0.515625, 0.1328125, 0.015625, 0.0, 0.5, 0.40625, 0.359375, 0.0, 0.0, 0.0, 0.0, 0.21875, 0.4375, 0.515625, 0.0, 0.0, 0.0, 0.0]","[104, 107, 18, 25, 59, 1]",1.0528202443251808,1.032665677720361
585,5690.0,"[0.90625, 0.9375, 0.90625, 0.390625, 0.265625, 0.03125, 0.0, 0.875, 0.75, 0.71875, 0.0, 0.0, 0.0, 0.0, 0.375, 0.875, 0.96875, 0.0, 0.0, 0.0, 0.0]","[0.546875, 0.5, 0.515625, 0.515625, 0.1328125, 0.015625, 0.0, 0.5, 0.40625, 0.359375, 0.0, 0.0, 0.0, 0.0, 0.21875, 0.4375, 0.515625, 0.0, 0.0, 0.0, 0.0]","[104, 107, 18, 25, 59, 9]",1.0542787112875887,1.0361511725089196
586,5709.6875,"[0.90625, 0.9375, 0.90625, 0.390625, 0.265625, 0.03125, 0.0, 0.875, 0.75, 0.71875, 0.0, 0.0, 0.0, 0.0, 0.375, 0.90625, 0.96875, 0.0, 0.0, 0.0, 0.0]","[0.546875, 0.5, 0.515625, 0.515625, 0.1328125, 0.015625, 0.0, 0.5, 0.40625, 0.359375, 0.0, 0.0, 0.0, 0.0, 0.21875, 0.453125, 0.515625, 0.0, 0.0, 0.0, 0.0]","[104, 107, 18, 25, 59, 74]",1.0550955141263312,1.0359197235073934
587,5749.0625,"[0.90625, 0.9375, 0.90625, 0.390625, 0.265625, 0.03125, 0.0, 0.875, 0.75, 0.71875, 0.0, 0.0, 0.0, 0.0, 0.375, 0.90625, 0.96875, 0.0, 0.0, 0.0, 0.0]","[0.546875, 0.5, 0.515625, 0.515625, 0.1328125, 0.015625, 0.0, 0.5, 0.40625, 0.359375, 0.0, 0.0, 0.0, 0.0, 0.21875, 0.453125, 0.515625, 0.0, 0.0, 0.0, 0.0]","[104, 107, 18, 25, 59, 74]",1.0550955141263312,1.0359197235073934
588,5788.4375,"[0.90625, 0.9375, 0.84375, 0.390625, 0.265625, 0.03125, 0.0, 1.0, 0.75, 0.71875, 0.0, 0.0, 0.0, 0.0, 0.375, 0.90625, 0.96875, 0.0, 0.0, 0.0, 0.0]","[0.546875, 0.5, 0.484375, 0.515625, 0.1328125, 0.015625, 0.0, 0.5625, 0.40625, 0.359375, 0.0, 0.0, 0.0, 0.0, 0.21875, 0.453125, 0.515625, 0.0, 0.0, 0.0, 0.0]","[104, 107, 18, 25, 59, 49]",1.0586721919347835,1.038741158078041
589,5749.0625,"[0.90625, 0.6875, 0.84375, 0.390625, 0.265625, 0.03125, 0.0, 1.0, 0.75, 0.71875, 0.0, 0.0, 0.0, 0.0, 0.375, 0.90625, 0.96875, 0.0, 0.0, 0.0, 0.0]","[0.546875, 0.375, 0.484375, 0.515625, 0.1328125, 0.015625, 0.0, 0.5625, 0.40625, 0.359375, 0.0, 0.0, 0.0, 0.0, 0.21875, 0.453125, 0.515625, 0.0, 0.0, 0.0, 0.0]","[104, 107, 18, 25, 59, 23, 49]",1.0580483720874307,1.0414642468026678
590,5788.4375,"[0.90625, 0.625, 0.78125, 0.390625, 0.265625, 0.03125, 0.0, 1.0, 0.75, 0.78125, 0.0, 0.0, 0.0, 0.0, 0.375, 0.90625, 0.96875, 0.0, 0.0, 0.0, 0.0]","[0.546875, 0.34375, 0.421875, 0.515625, 0.1328125, 0.015625, 0.0, 0.5625, 0.40625, 0.421875, 0.0, 0.0, 0.0, 0.0, 0.21875, 0.453125, 0.515625, 0.0, 0.0, 0.0, 0.0]","[104, 107, 25, 59, 18]",1.0594762667654984,1.040531793351842
591,5571.875,"[0.90625, 0.625, 0.78125, 0.390625, 0.265625, 0.03125, 0.0, 1.0, 0.6875, 0.78125, 0.0, 0.0, 0.0, 0.0, 0.375, 0.90625, 0.96875, 0.0, 0.0, 0.0, 0.0]","[0.546875, 0.34375, 0.421875, 0.515625, 0.1328125, 0.015625, 0.0, 0.5625, 0.34375, 0.421875, 0.0, 0.0, 0.0, 0.0, 0.21875, 0.453125, 0.515625, 0.0, 0.0, 0.0, 0.0]","[104, 107, 25, 59, 18]",1.0608175937076105,1.0451233409179843
592,5552.1875,"[0.90625, 0.625, 0.84375, 0.390625, 0.265625, 0.03125, 0.0, 1.0, 0.6875, 0.40625, 0.0, 0.0, 0.0, 0.0, 0.375, 0.90625, 0.96875, 0.0, 0.0, 0.0, 0.0]","[0.546875, 0.34375, 0.453125, 0.515625, 0.1328125, 0.015625, 0.0, 0.5625, 0.34375, 0.234375, 0.0, 0.0, 0.0, 0.0, 0.21875, 0.453125, 0.515625, 0.0, 0.0, 0.0, 0.0]","[104, 107, 25, 59, 23]",1.0848354821293718,1.0671900347388563
593,5394.6875,"[0.90625, 0.625, 0.96875, 0.328125, 0.265625, 0.03125, 0.0, 1.0, 0.6875, 0.40625, 0.0, 0.0, 0.0, 0.0, 0.375, 0.90625, 0.71875, 0.0, 0.0, 0.0, 0.0]","[0.546875, 0.34375, 0.515625, 0.453125, 0.1328125, 0.015625, 0.0, 0.5625, 0.34375, 0.234375, 0.0, 0.0, 0.0, 0.0, 0.21875, 0.453125, 0.390625, 0.0, 0.0, 0.0, 0.0]","[104, 107, 25, 59, 14]",1.0929814371164541,1.0647087863134392
594,5315.3125,"[0.90625, 0.625, 0.96875, 0.328125, 0.265625, 0.03125, 0.0, 1.0, 0.6875, 0.40625, 0.0, 0.0, 0.0, 0.0, 0.375, 0.90625, 0.71875, 0.0, 0.0, 0.0, 0.0]","[0.546875, 0.34375, 0.515625, 0.453125, 0.1328125, 0.015625, 0.0, 0.5625, 0.34375, 0.234375, 0.0, 0.0, 0.0, 0.0, 0.21875, 0.453125, 0.390625, 0.0, 0.0, 0.0, 0.0]","[104, 107, 25, 59, 14]",1.0929814371164541,1.0647087863134392
595,5197.1875,"[0.90625, 0.625, 0.96875, 0.328125, 0.265625, 0.03125, 0.0, 1.0, 0.6875, 0.40625, 0.0, 0.0, 0.0, 0.0, 0.375, 0.90625, 0.71875, 0.0, 0.0, 0.0, 0.0]","[0.546875, 0.34375, 0.515625, 0.453125, 0.1328125, 0.015625, 0.0, 0.5625, 0.34375, 0.234375, 0.0, 0.0, 0.0, 0.0, 0.21875, 0.453125, 0.390625, 0.0, 0.0, 0.0, 0.0]","[104, 107, 25, 59, 14]",1.0929814371164541,1.0647087863134392
596,5177.5,"[0.90625, 0.625, 0.96875, 0.328125, 0.265625, 0.03125, 0.0, 1.0, 0.6875, 0.40625, 0.0, 0.0, 0.0, 0.0, 0.375, 0.90625, 0.75, 0.0, 0.0, 0.0, 0.0]","[0.546875, 0.34375, 0.515625, 0.453125, 0.1328125, 0.015625, 0.0, 0.5625, 0.34375, 0.234375, 0.0, 0.0, 0.0, 0.0, 0.21875, 0.453125, 0.40625, 0.0, 0.0, 0.0, 0.0]","[104, 107, 25, 59, 15]",1.0927340491356115,1.0641878541548058
597,5216.875,"[0.90625, 0.625, 0.96875, 0.328125, 0.265625, 0.03125, 0.0, 1.0, 0.6875, 0.40625, 0.0, 0.0, 0.0, 0.0, 0.375, 0.90625, 0.75, 0.0, 0.0, 0.0, 0.0]","[0.546875, 0.34375, 0.515625, 0.453125, 0.1328125, 0.015625, 0.0, 0.5625, 0.34375, 0.234375, 0.0, 0.0, 0.0, 0.0, 0.21875, 0.453125, 0.40625, 0.0, 0.0, 0.0, 0.0]","[104, 107, 25, 59, 15]",1.0927340491356115,1.0641878541548058
598,5256.25,"[0.90625, 0.625, 0.96875, 0.328125, 0.265625, 0.03125, 0.0, 1.0, 0.6875, 0.40625, 0.0, 0.0, 0.0, 0.0, 0.375, 0.90625, 0.75, 0.0, 0.0, 0.0, 0.0]","[0.546875, 0.34375, 0.515625, 0.453125, 0.1328125, 0.015625, 0.0, 0.5625, 0.34375, 0.234375, 0.0, 0.0, 0.0, 0.0, 0.21875, 0.453125, 0.40625, 0.0, 0.0, 0.0, 0.0]","[104, 107, 25, 59, 15]",1.0927340491356115,1.0641878541548058
599,5335.0,"[0.90625, 0.625, 0.96875, 0.328125, 0.265625, 0.03125, 0.0, 1.0, 0.6875, 0.40625, 0.0, 0.0, 0.0, 0.0, 0.375, 0.90625, 1.0, 0.0, 0.0, 0.0, 0.0]","[0.546875, 0.34375, 0.515625, 0.453125, 0.1328125, 0.015625, 0.0, 0.5625, 0.34375, 0.234375, 0.0, 0.0, 0.0, 0.0, 0.21875, 0.453125, 0.53125, 0.0, 0.0, 0.0, 0.0]","[104, 107, 25, 59, 37]",1.1016204919723185,1.0685047075609766
600,5374.375,"[0.90625, 0.625, 0.96875, 0.328125, 0.265625, 0.03125, 0.0, 1.0, 0.6875, 0.375, 0.0, 0.0, 0.0, 0.0, 0.375, 0.90625, 1.0, 0.0, 0.0, 0.0, 0.0]","[0.546875, 0.34375, 0.515625, 0.453125, 0.1328125, 0.015625, 0.0, 0.5625, 0.34375, 0.21875, 0.0, 0.0, 0.0, 0.0, 0.21875, 0.453125, 0.53125, 0.0, 0.0, 0.0, 0.0]","[104, 107, 25, 59, 37]",1.1058657351490495,1.072034218424758
601,5335.0,"[0.90625, 0.625, 0.96875, 0.328125, 0.265625, 0.03125, 0.0, 1.0, 0.6875, 0.375, 0.0, 0.0, 0.0, 0.0, 0.375, 0.9375, 1.0, 0.0, 0.0, 0.0, 0.0]","[0.546875, 0.34375, 0.515625, 0.453125, 0.1328125, 0.015625, 0.0, 0.5625, 0.34375, 0.21875, 0.0, 0.0, 0.0, 0.0, 0.21875, 0.46875, 0.53125, 0.0, 0.0, 0.0, 0.0]","[104, 107, 25, 59, 54]",1.107232379253184,1.072298847397475
602,5374.375,"[0.90625, 0.625, 0.96875, 0.328125, 0.265625, 0.03125, 0.0, 1.0, 0.6875, 0.375, 0.0, 0.0, 0.0, 0.0, 0.375, 0.9375, 1.0, 0.0, 0.0, 0.0, 0.0]","[0.546875, 0.34375, 0.515625, 0.453125, 0.1328125, 0.015625, 0.0, 0.5625, 0.34375, 0.21875, 0.0, 0.0, 0.0, 0.0, 0.21875, 0.46875, 0.53125, 0.0, 0.0, 0.0, 0.0]","[104, 107, 25, 59, 54]",1.107232379253184,1.072298847397475
603,5335.0,"[0.90625, 0.625, 0.96875, 0.328125, 0.265625, 0.03125, 0.0, 1.0, 0.6875, 0.375, 0.0, 0.0, 0.0, 0.0, 0.375, 0.9375, 1.0, 0.0, 0.0, 0.0, 0.0]","[0.546875, 0.34375, 0.515625, 0.453125, 0.1328125, 0.015625, 0.0, 0.5625, 0.34375, 0.21875, 0.0, 0.0, 0.0, 0.0, 0.21875, 0.46875, 0.53125, 0.0, 0.0, 0.0, 0.0]","[104, 107, 25, 59, 54, 56, 64]",1.107232379253184,1.072298847397475
604,5571.25,"[0.90625, 0.625, 0.96875, 0.328125, 0.265625, 0.03125, 0.0, 1.0, 0.8125, 0.375, 0.0, 0.0, 0.0, 0.0, 0.375, 0.9375, 1.0, 0.0, 0.0, 0.0, 0.0]","[0.546875, 0.34375, 0.515625, 0.453125, 0.1328125, 0.015625, 0.0, 0.5625, 0.40625, 0.21875, 0.0, 0.0, 0.0, 0.0, 0.21875, 0.46875, 0.53125, 0.0, 0.0, 0.0, 0.0]","[104, 107, 25, 59, 54, 64]",1.1051258195924136,1.0676601476739502
605,5453.125,"[0.90625, 0.625, 0.96875, 0.328125, 0.265625, 0.03125, 0.0, 1.0, 0.8125, 0.375, 0.0, 0.0, 0.0, 0.0, 0.375, 0.9375, 1.0, 0.0, 0.0, 0.0, 0.0]","[0.546875, 0.34375, 0.515625, 0.453125, 0.1328125, 0.015625, 0.0, 0.5625, 0.40625, 0.21875, 0.0, 0.0, 0.0, 0.0, 0.21875, 0.46875, 0.53125, 0.0, 0.0, 0.0, 0.0]","[104, 107, 25, 59, 54, 64]",1.1051258195924136,1.0676601476739502
606,5433.4375,"[0.90625, 0.625, 0.96875, 0.328125, 0.265625, 0.03125, 0.0, 1.0, 0.8125, 0.375, 0.0, 0.0, 0.0, 0.0, 0.375, 0.9375, 1.0, 0.0, 0.0, 0.0, 0.0]","[0.546875, 0.34375, 0.515625, 0.453125, 0.1328125, 0.015625, 0.0, 0.5625, 0.40625, 0.21875, 0.0, 0.0, 0.0, 0.0, 0.21875, 0.46875, 0.53125, 0.0, 0.0, 0.0, 0.0]","[104, 107, 25, 59, 54, 64]",1.1051258195924136,1.0676601476739502
607,5453.125,"[0.90625, 0.625, 0.96875, 0.328125, 0.265625, 0.03125, 0.0, 1.0, 0.8125, 0.375, 0.0, 0.0, 0.0, 0.0, 0.375, 0.9375, 1.0, 0.0, 0.0, 0.0, 0.0]","[0.546875, 0.34375, 0.515625, 0.453125, 0.1328125, 0.015625, 0.0, 0.5625, 0.40625, 0.21875, 0.0, 0.0, 0.0, 0.0, 0.21875, 0.46875, 0.53125, 0.0, 0.0, 0.0, 0.0]","[104, 107, 25, 59, 54, 44]",1.1051258195924136,1.0676601476739502
608,5492.5,"[0.90625, 0.625, 0.96875, 0.328125, 0.265625, 0.03125, 0.0, 1.0, 0.9375, 0.375, 0.0, 0.0, 0.0, 0.0, 0.375, 0.9375, 0.875, 0.0, 0.0, 0.0, 0.0]","[0.546875, 0.34375, 0.515625, 0.453125, 0.1328125, 0.015625, 0.0, 0.5625, 0.46875, 0.21875, 0.0, 0.0, 0.0, 0.0, 0.21875, 0.46875, 0.46875, 0.0, 0.0, 0.0, 0.0]","[104, 107, 25, 59, 54, 34]",1.10256946853617,1.0637094517731456
609,5413.75,"[0.90625, 0.625, 0.96875, 0.328125, 0.265625, 0.03125, 0.0, 1.0, 0.8125, 0.375, 0.0, 0.0, 0.0, 0.0, 0.375, 0.9375, 0.875, 0.0, 0.0, 0.0, 0.0]","[0.546875, 0.34375, 0.515625, 0.453125, 0.1328125, 0.015625, 0.0, 0.5625, 0.40625, 0.21875, 0.0, 0.0, 0.0, 0.0, 0.21875, 0.46875, 0.46875, 0.0, 0.0, 0.0, 0.0]","[104, 107, 25, 59, 54, 34, 29, 68]",1.0993013880036115,1.0641883296468961
610,5610.625,"[0.90625, 0.875, 0.96875, 0.3125, 0.265625, 0.03125, 0.0, 1.0, 0.8125, 0.375, 0.0, 0.0, 0.0, 0.0, 0.375, 0.9375, 1.0, 0.0, 0.0, 0.0, 0.0]","[0.546875, 0.46875, 0.515625, 0.4375, 0.1328125, 0.015625, 0.0, 0.5625, 0.40625, 0.21875, 0.0, 0.0, 0.0, 0.0, 0.21875, 0.46875, 0.53125, 0.0, 0.0, 0.0, 0.0]","[104, 107, 25, 59, 34, 65]",1.1022167137413426,1.0618938923130141
611,5571.09375,"[0.90625, 0.875, 0.96875, 0.3125, 0.265625, 0.03125, 0.0, 1.0, 0.8125, 0.375, 0.0, 0.0, 0.0, 0.0, 0.375, 0.9375, 1.0, 0.0, 0.0, 0.0, 0.0]","[0.546875, 0.46875, 0.515625, 0.4375, 0.1328125, 0.015625, 0.0, 0.5625, 0.40625, 0.21875, 0.0, 0.0, 0.0, 0.0, 0.21875, 0.46875, 0.53125, 0.0, 0.0, 0.0, 0.0]","[104, 107, 25, 59, 34, 65]",1.1022167137413426,1.0618938923130141
612,5590.78125,"[0.90625, 0.9375, 0.96875, 0.3125, 0.265625, 0.03125, 0.0, 1.0, 0.8125, 0.375, 0.0, 0.0, 0.0, 0.0, 0.375, 0.9375, 1.0, 0.0, 0.0, 0.0, 0.0]","[0.546875, 0.5, 0.515625, 0.4375, 0.1328125, 0.015625, 0.0, 0.5625, 0.40625, 0.21875, 0.0, 0.0, 0.0, 0.0, 0.21875, 0.46875, 0.53125, 0.0, 0.0, 0.0, 0.0]","[104, 107, 25, 59, 34, 68]",1.1036203583049315,1.062623470637757
613,5590.78125,"[0.90625, 0.9375, 0.96875, 0.3125, 0.265625, 0.03125, 0.0, 1.0, 0.8125, 0.3125, 0.0, 0.0, 0.0, 0.0, 0.375, 0.9375, 1.0, 0.0, 0.0, 0.0, 0.0]","[0.546875, 0.5, 0.515625, 0.4375, 0.1328125, 0.015625, 0.0, 0.5625, 0.40625, 0.1875, 0.0, 0.0, 0.0, 0.0, 0.21875, 0.46875, 0.53125, 0.0, 0.0, 0.0, 0.0]","[104, 107, 25, 59, 34, 12, 68]",1.113007624430543,1.0703547969265002
614,5551.40625,"[0.90625, 0.9375, 0.96875, 0.3125, 0.265625, 0.03125, 0.0, 1.0, 0.8125, 0.3125, 0.0, 0.0, 0.0, 0.0, 0.375, 0.9375, 0.96875, 0.0, 0.0, 0.0, 0.0]","[0.546875, 0.5, 0.515625, 0.4375, 0.1328125, 0.015625, 0.0, 0.5625, 0.40625, 0.1875, 0.0, 0.0, 0.0, 0.0, 0.21875, 0.46875, 0.515625, 0.0, 0.0, 0.0, 0.0]","[104, 107, 25, 59, 34, 12, 14, 68]",1.1115811293473308,1.0694181847261095
615,5571.09375,"[0.90625, 0.9375, 0.96875, 0.3125, 0.265625, 0.03125, 0.0, 1.0, 0.75, 0.3125, 0.0, 0.0, 0.0, 0.0, 0.4375, 0.9375, 0.96875, 0.0, 0.0, 0.0, 0.0]","[0.546875, 0.5, 0.515625, 0.4375, 0.1328125, 0.015625, 0.0, 0.5625, 0.375, 0.1875, 0.0, 0.0, 0.0, 0.0, 0.28125, 0.46875, 0.515625, 0.0, 0.0, 0.0, 0.0]","[104, 107, 25, 59, 34, 12, 14, 55]",1.1043318912808304,1.0588709659142088
616,5708.90625,"[0.90625, 0.9375, 0.96875, 0.3125, 0.265625, 0.03125, 0.0, 1.0, 0.75, 0.3125, 0.0, 0.0, 0.0, 0.0, 0.46875, 0.9375, 0.96875, 0.0, 0.0, 0.0, 0.0]","[0.546875, 0.5, 0.515625, 0.4375, 0.1328125, 0.015625, 0.0, 0.5625, 0.375, 0.1875, 0.0, 0.0, 0.0, 0.0, 0.296875, 0.46875, 0.515625, 0.0, 0.0, 0.0, 0.0]","[104, 107, 25, 59, 34, 12, 14]",1.1007096093212723,1.0563252846332452
617,5590.78125,"[0.90625, 0.9375, 0.96875, 0.3125, 0.265625, 0.03125, 0.0, 1.0, 0.75, 0.3125, 0.0, 0.0, 0.0, 0.0, 0.46875, 0.9375, 0.96875, 0.0, 0.0, 0.0, 0.0]","[0.546875, 0.5, 0.515625, 0.4375, 0.1328125, 0.015625, 0.0, 0.5625, 0.375, 0.1875, 0.0, 0.0, 0.0, 0.0, 0.296875, 0.46875, 0.515625, 0.0, 0.0, 0.0, 0.0]","[104, 107, 25, 59, 34, 12, 14]",1.1007096093212723,1.0563252846332452
618,5630.15625,"[0.90625, 0.9375, 0.96875, 0.3125, 0.265625, 0.03125, 0.0, 1.0, 0.875, 0.3125, 0.0, 0.0, 0.0, 0.0, 0.46875, 0.9375, 0.96875, 0.0, 0.0, 0.0, 0.0]","[0.546875, 0.5, 0.515625, 0.4375, 0.1328125, 0.015625, 0.0, 0.5625, 0.4375, 0.1875, 0.0, 0.0, 0.0, 0.0, 0.296875, 0.46875, 0.515625, 0.0, 0.0, 0.0, 0.0]","[104, 107, 25, 59, 34, 12, 69]",1.0998948364797916,1.053068084583549
619,5630.15625,"[0.90625, 0.9375, 0.96875, 0.3125, 0.265625, 0.03125, 0.0, 1.0, 0.875, 0.3125, 0.0, 0.0, 0.0, 0.0, 0.46875, 0.9375, 0.9375, 0.0, 0.0, 0.0, 0.0]","[0.546875, 0.5, 0.515625, 0.4375, 0.1328125, 0.015625, 0.0, 0.5625, 0.4375, 0.1875, 0.0, 0.0, 0.0, 0.0, 0.296875, 0.46875, 0.5, 0.0, 0.0, 0.0, 0.0]","[104, 107, 25, 59, 34, 12, 48, 69]",1.0988133321013605,1.0524070081933183
620,5649.84375,"[0.90625, 0.9375, 0.96875, 0.3125, 0.265625, 0.03125, 0.0, 1.0, 0.875, 0.3125, 0.0, 0.0, 0.0, 0.0, 0.53125, 0.9375, 0.9375, 0.0, 0.0, 0.0, 0.0]","[0.546875, 0.5, 0.515625, 0.4375, 0.1328125, 0.015625, 0.0, 0.5625, 0.4375, 0.1875, 0.0, 0.0, 0.0, 0.0, 0.359375, 0.46875, 0.5, 0.0, 0.0, 0.0, 0.0]","[104, 107, 25, 59, 34, 12, 48, 80]",1.0924878182613689,1.0445333356636157
621,5669.53125,"[0.90625, 0.9375, 0.96875, 0.3125, 0.265625, 0.03125, 0.0, 1.0, 0.875, 0.3125, 0.0, 0.0, 0.0, 0.0, 0.53125, 0.9375, 0.9375, 0.0, 0.0, 0.0, 0.0]","[0.546875, 0.5, 0.515625, 0.4375, 0.1328125, 0.015625, 0.0, 0.5625, 0.4375, 0.1875, 0.0, 0.0, 0.0, 0.0, 0.359375, 0.46875, 0.5, 0.0, 0.0, 0.0, 0.0]","[104, 107, 25, 59, 34, 12, 48, 80]",1.0924878182613689,1.0445333356636157
622,5689.21875,"[0.90625, 0.9375, 0.96875, 0.3125, 0.265625, 0.03125, 0.0, 1.0, 0.875, 0.3125, 0.0, 0.0, 0.0, 0.0, 0.59375, 0.9375, 0.9375, 0.0, 0.0, 0.0, 0.0]","[0.546875, 0.5, 0.515625, 0.4375, 0.1328125, 0.015625, 0.0, 0.5625, 0.4375, 0.1875, 0.0, 0.0, 0.0, 0.0, 0.390625, 0.46875, 0.5, 0.0, 0.0, 0.0, 0.0]","[104, 107, 25, 59, 34, 12, 48, 81]",1.0873572093479413,1.0419375032620115
623,5767.96875,"[0.90625, 0.9375, 0.96875, 0.3125, 0.265625, 0.03125, 0.0, 1.0, 0.875, 0.3125, 0.0, 0.0, 0.0, 0.0, 0.71875, 0.9375, 0.9375, 0.0, 0.0, 0.0, 0.0]","[0.546875, 0.5, 0.515625, 0.4375, 0.1328125, 0.015625, 0.0, 0.5625, 0.4375, 0.1875, 0.0, 0.0, 0.0, 0.0, 0.453125, 0.46875, 0.5, 0.0, 0.0, 0.0, 0.0]","[104, 107, 25, 59, 34, 12, 48, 86]",1.0805289709872925,1.0392882364882787
624,5925.46875,"[0.90625, 0.9375, 0.96875, 0.3125, 0.265625, 0.03125, 0.0, 1.0, 0.875, 0.25, 0.0, 0.0, 0.0, 0.0, 0.96875, 0.9375, 0.9375, 0.0, 0.0, 0.0, 0.0]","[0.546875, 0.5, 0.515625, 0.4375, 0.1328125, 0.015625, 0.0, 0.5625, 0.4375, 0.15625, 0.0, 0.0, 0.0, 0.0, 0.578125, 0.46875, 0.5, 0.0, 0.0, 0.0, 0.0]","[104, 107, 25, 59, 34, 12, 48, 79]",1.0895430340149805,1.0516321251864063
625,5925.46875,"[0.90625, 0.9375, 0.96875, 0.3125, 0.265625, 0.03125, 0.0, 1.0, 0.9375, 0.25, 0.0, 0.0, 0.0, 0.0, 0.96875, 0.9375, 0.9375, 0.0, 0.0, 0.0, 0.0]","[0.546875, 0.5, 0.515625, 0.4375, 0.1328125, 0.015625, 0.0, 0.5625, 0.5, 0.15625, 0.0, 0.0, 0.0, 0.0, 0.578125, 0.46875, 0.5, 0.0, 0.0, 0.0, 0.0]","[104, 107, 25, 59, 34, 12, 48, 87]",1.0900340157443973,1.0505508570664377
626,5945.15625,"[0.9375, 0.9375, 0.96875, 0.3125, 0.265625, 0.03125, 0.0, 1.0, 0.8125, 0.25, 0.0, 0.0, 0.0, 0.0, 0.96875, 0.9375, 0.9375, 0.0, 0.0, 0.0, 0.0]","[0.5625, 0.5, 0.515625, 0.4375, 0.1328125, 0.015625, 0.0, 0.5625, 0.4375, 0.15625, 0.0, 0.0, 0.0, 0.0, 0.578125, 0.46875, 0.5, 0.0, 0.0, 0.0, 0.0]","[104, 107, 25, 59, 34, 12, 14, 48]",1.0904615867516732,1.0525191849197122
627,5905.78125,"[0.9375, 0.9375, 0.96875, 0.3125, 0.265625, 0.03125, 0.0, 1.0, 0.8125, 0.25, 0.0, 0.0, 0.0, 0.0, 0.96875, 0.9375, 0.9375, 0.0, 0.0, 0.0, 0.0]","[0.5625, 0.5, 0.515625, 0.4375, 0.1328125, 0.015625, 0.0, 0.5625, 0.4375, 0.15625, 0.0, 0.0, 0.0, 0.0, 0.578125, 0.46875, 0.5, 0.0, 0.0, 0.0, 0.0]","[104, 107, 25, 59, 34, 12, 14, 48]",1.0904615867516732,1.0525191849197122
628,5945.15625,"[0.9375, 0.9375, 0.96875, 0.3125, 0.265625, 0.03125, 0.0, 1.0, 0.9375, 0.25, 0.0, 0.0, 0.0, 0.0, 0.96875, 0.9375, 0.6875, 0.0, 0.0, 0.0, 0.0]","[0.5625, 0.5, 0.515625, 0.4375, 0.1328125, 0.015625, 0.0, 0.5625, 0.5, 0.15625, 0.0, 0.0, 0.0, 0.0, 0.578125, 0.46875, 0.375, 0.0, 0.0, 0.0, 0.0]","[104, 107, 25, 59, 34, 12, 14, 15]",1.0945329456969464,1.056785483529881
629,5945.15625,"[0.9375, 0.9375, 0.96875, 0.3125, 0.265625, 0.03125, 0.0, 1.0, 0.9375, 0.25, 0.0, 0.0, 0.0, 0.0, 0.96875, 0.9375, 0.9375, 0.0, 0.0, 0.0, 0.0]","[0.5625, 0.5, 0.515625, 0.4375, 0.1328125, 0.015625, 0.0, 0.5625, 0.5, 0.15625, 0.0, 0.0, 0.0, 0.0, 0.578125, 0.46875, 0.5, 0.0, 0.0, 0.0, 0.0]","[104, 107, 25, 59, 34, 12, 14, 88]",1.0903638374072109,1.0513428159225857
630,5984.53125,"[0.9375, 0.9375, 0.96875, 0.3125, 0.265625, 0.03125, 0.0, 1.0, 0.9375, 0.25, 0.0, 0.0, 0.0, 0.0, 0.96875, 0.9375, 1.0, 0.0, 0.0, 0.0, 0.0]","[0.5625, 0.5, 0.515625, 0.4375, 0.1328125, 0.015625, 0.0, 0.5625, 0.5, 0.15625, 0.0, 0.0, 0.0, 0.0, 0.578125, 0.46875, 0.5625, 0.0, 0.0, 0.0, 0.0]","[104, 107, 25, 59, 34, 12, 14, 92]",1.0917000824009957,1.0530395379959891
631,6004.21875,"[0.9375, 0.9375, 0.96875, 0.3125, 0.265625, 0.03125, 0.0, 1.0, 0.9375, 0.25, 0.0, 0.0, 0.0, 0.0, 0.96875, 0.9375, 1.0, 0.0, 0.0, 0.0, 0.0]","[0.5625, 0.5, 0.515625, 0.4375, 0.1328125, 0.015625, 0.0, 0.5625, 0.5, 0.15625, 0.0, 0.0, 0.0, 0.0, 0.578125, 0.46875, 0.5625, 0.0, 0.0, 0.0, 0.0]","[104, 107, 25, 59, 34, 12, 14, 92]",1.0917000824009957,1.0530395379959891
632,6023.90625,"[0.9375, 0.9375, 0.96875, 0.296875, 0.265625, 0.03125, 0.0, 1.0, 0.9375, 0.25, 0.0, 0.0, 0.0, 0.0, 0.96875, 1.0, 1.0, 0.0, 0.0, 0.0, 0.0]","[0.5625, 0.5, 0.515625, 0.421875, 0.1328125, 0.015625, 0.0, 0.5625, 0.5, 0.15625, 0.0, 0.0, 0.0, 0.0, 0.578125, 0.5, 0.5625, 0.0, 0.0, 0.0, 0.0]","[104, 107, 25, 59, 34, 6, 12, 14]",1.0953032713355453,1.053498485499121
633,6004.0625,"[0.9375, 0.9375, 0.96875, 0.296875, 0.265625, 0.03125, 0.0, 1.0, 0.9375, 0.25, 0.0, 0.0, 0.0, 0.0, 0.96875, 1.0, 0.9375, 0.0, 0.0, 0.0, 0.0]","[0.5625, 0.5, 0.515625, 0.421875, 0.1328125, 0.015625, 0.0, 0.5625, 0.5, 0.15625, 0.0, 0.0, 0.0, 0.0, 0.578125, 0.5, 0.5, 0.0, 0.0, 0.0, 0.0]","[104, 107, 25, 59, 34, 14, 6, 12, 72, 93]",1.0941196342360604,1.0519049609063658
634,6202.1875,"[0.9375, 0.9375, 0.90625, 0.296875, 0.265625, 0.03125, 0.0, 1.0, 0.9375, 0.375, 0.0, 0.0, 0.0, 0.0, 0.96875, 1.0, 0.9375, 0.0, 0.0, 0.0, 0.0]","[0.5625, 0.5, 0.453125, 0.421875, 0.1328125, 0.015625, 0.0, 0.5625, 0.5, 0.21875, 0.0, 0.0, 0.0, 0.0, 0.578125, 0.5, 0.5, 0.0, 0.0, 0.0, 0.0]","[104, 107, 25, 59, 34, 14, 6, 12, 57]",1.0743131574781064,1.0366479317663424
635,6043.4375,"[0.9375, 0.9375, 0.90625, 0.296875, 0.265625, 0.03125, 0.0, 1.0, 0.9375, 0.4375, 0.0, 0.0, 0.0, 0.0, 0.96875, 1.0, 0.9375, 0.0, 0.0, 0.0, 0.0]","[0.5625, 0.5, 0.453125, 0.421875, 0.1328125, 0.015625, 0.0, 0.5625, 0.5, 0.28125, 0.0, 0.0, 0.0, 0.0, 0.578125, 0.5, 0.5, 0.0, 0.0, 0.0, 0.0]","[104, 107, 25, 59, 34, 14, 6, 12, 93]",1.0664830637163742,1.0243755109997752
636,6063.125,"[0.9375, 0.9375, 0.90625, 0.296875, 0.265625, 0.03125, 0.0, 1.0, 0.9375, 0.46875, 0.0, 0.0, 0.0, 0.0, 0.96875, 1.0, 0.9375, 0.0, 0.0, 0.0, 0.0]","[0.5625, 0.5, 0.453125, 0.421875, 0.1328125, 0.015625, 0.0, 0.5625, 0.5, 0.296875, 0.0, 0.0, 0.0, 0.0, 0.578125, 0.5, 0.5, 0.0, 0.0, 0.0, 0.0]","[104, 107, 25, 59, 34, 14, 6, 12, 94]",1.0629755076037926,1.0218285655859183
637,6102.5,"[0.9375, 0.9375, 0.90625, 0.296875, 0.265625, 0.03125, 0.0, 1.0, 0.9375, 0.46875, 0.0, 0.0, 0.0, 0.0, 0.96875, 1.0, 0.9375, 0.0, 0.0, 0.0, 0.0]","[0.5625, 0.5, 0.453125, 0.421875, 0.1328125, 0.015625, 0.0, 0.5625, 0.5, 0.296875, 0.0, 0.0, 0.0, 0.0, 0.578125, 0.5, 0.5, 0.0, 0.0, 0.0, 0.0]","[104, 107, 25, 59, 34, 14, 6, 12, 94]",1.0629755076037926,1.0218285655859183
638,6141.875,"[0.9375, 0.9375, 0.90625, 0.296875, 0.265625, 0.03125, 0.0, 1.0, 0.9375, 0.46875, 0.0, 0.0, 0.0, 0.0, 0.96875, 1.0, 0.9375, 0.0, 0.0, 0.0, 0.0]","[0.5625, 0.5, 0.453125, 0.421875, 0.1328125, 0.015625, 0.0, 0.5625, 0.5, 0.296875, 0.0, 0.0, 0.0, 0.0, 0.578125, 0.5, 0.5, 0.0, 0.0, 0.0, 0.0]","[104, 107, 25, 59, 34, 14, 6, 12, 94]",1.0629755076037926,1.0218285655859183
639,6220.625,"[0.9375, 0.9375, 0.90625, 0.296875, 0.265625, 0.03125, 0.0, 1.0, 0.9375, 0.46875, 0.0, 0.0, 0.0, 0.0, 0.96875, 1.0, 0.9375, 0.0, 0.0, 0.0, 0.0]","[0.5625, 0.5, 0.453125, 0.421875, 0.1328125, 0.015625, 0.0, 0.5625, 0.5, 0.296875, 0.0, 0.0, 0.0, 0.0, 0.578125, 0.5, 0.5, 0.0, 0.0, 0.0, 0.0]","[104, 107, 25, 59, 34, 14, 6, 12, 94]",1.0629755076037926,1.0218285655859183
640,6102.5,"[0.9375, 0.9375, 0.90625, 0.171875, 0.265625, 0.03125, 0.0, 1.0, 0.9375, 0.53125, 0.0, 0.0, 0.0, 0.0, 0.96875, 1.0, 0.6875, 0.0, 0.0, 0.0, 0.0]","[0.5625, 0.5, 0.453125, 0.296875, 0.1328125, 0.015625, 0.0, 0.5625, 0.5, 0.359375, 0.0, 0.0, 0.0, 0.0, 0.578125, 0.5, 0.375, 0.0, 0.0, 0.0, 0.0]","[104, 107, 25, 59, 34, 14, 6, 12, 15]",1.0822986159337575,1.031337633254152
641,5963.4375,"[0.9375, 0.9375, 0.90625, 0.171875, 0.265625, 0.03125, 0.0, 1.0, 0.9375, 0.5625, 0.0, 0.0, 0.0, 0.0, 0.96875, 1.0, 0.6875, 0.0, 0.0, 0.0, 0.0]","[0.5625, 0.5, 0.453125, 0.296875, 0.1328125, 0.015625, 0.0, 0.5625, 0.5, 0.375, 0.0, 0.0, 0.0, 0.0, 0.578125, 0.5, 0.375, 0.0, 0.0, 0.0, 0.0]","[107, 25, 59, 34, 14, 6, 12]",1.079543278287038,1.0298658848281952
642,5845.3125,"[0.9375, 0.9375, 0.96875, 0.171875, 0.265625, 0.03125, 0.0, 1.0, 0.9375, 0.5625, 0.0, 0.0, 0.0, 0.0, 0.96875, 1.0, 0.6875, 0.0, 0.0, 0.0, 0.0]","[0.5625, 0.5, 0.484375, 0.296875, 0.1328125, 0.015625, 0.0, 0.5625, 0.5, 0.375, 0.0, 0.0, 0.0, 0.0, 0.578125, 0.5, 0.375, 0.0, 0.0, 0.0, 0.0]","[25, 59, 34, 14, 6, 95]",1.080686384939897,1.0296295256061765
643,5845.3125,"[0.9375, 0.9375, 0.96875, 0.171875, 0.265625, 0.03125, 0.0, 1.0, 0.9375, 0.5625, 0.0, 0.0, 0.0, 0.0, 0.96875, 1.0, 0.6875, 0.0, 0.0, 0.0, 0.0]","[0.5625, 0.5, 0.484375, 0.296875, 0.1328125, 0.015625, 0.0, 0.5625, 0.5, 0.375, 0.0, 0.0, 0.0, 0.0, 0.578125, 0.5, 0.375, 0.0, 0.0, 0.0, 0.0]","[25, 59, 34, 14, 95, 6, 96, 97]",1.080686384939897,1.0296295256061765
644,6002.8125,"[0.875, 0.9375, 0.96875, 0.171875, 0.265625, 0.03125, 0.0, 1.0, 0.9375, 0.5625, 0.0, 0.0, 0.0, 0.0, 0.96875, 1.0, 0.6875, 0.0, 0.0, 0.0, 0.0]","[0.5, 0.5, 0.484375, 0.296875, 0.1328125, 0.015625, 0.0, 0.5625, 0.5, 0.375, 0.0, 0.0, 0.0, 0.0, 0.578125, 0.5, 0.375, 0.0, 0.0, 0.0, 0.0]","[25, 59, 34, 14, 95, 96, 6, 39, 97]",1.0800808006843585,1.026591024994399
645,6002.8125,"[0.8125, 0.9375, 0.96875, 0.171875, 0.265625, 0.03125, 0.0, 1.0, 0.9375, 0.625, 0.0, 0.0, 0.0, 0.0, 0.96875, 1.0, 0.8125, 0.0, 0.0, 0.0, 0.0]","[0.4375, 0.5, 0.484375, 0.296875, 0.1328125, 0.015625, 0.0, 0.5625, 0.5, 0.4375, 0.0, 0.0, 0.0, 0.0, 0.578125, 0.5, 0.4375, 0.0, 0.0, 0.0, 0.0]","[25, 59, 34, 14, 95, 96, 6]",1.0717431678644782,1.0195553540637212
646,5904.375,"[0.84375, 0.9375, 0.96875, 0.171875, 0.265625, 0.03125, 0.0, 0.9375, 0.8125, 0.5625, 0.0, 0.0, 0.0, 0.0, 0.96875, 1.0, 0.8125, 0.0, 0.0, 0.0, 0.0]","[0.453125, 0.5, 0.484375, 0.296875, 0.1328125, 0.015625, 0.0, 0.5, 0.4375, 0.375, 0.0, 0.0, 0.0, 0.0, 0.578125, 0.5, 0.4375, 0.0, 0.0, 0.0, 0.0]","[25, 59, 34, 14, 95, 96, 20]",1.0738233361137344,1.0187551713355663
647,5865.0,"[0.96875, 0.9375, 0.96875, 0.171875, 0.265625, 0.03125, 0.0, 0.9375, 0.8125, 0.5625, 0.0, 0.0, 0.0, 0.0, 0.96875, 1.0, 0.8125, 0.0, 0.0, 0.0, 0.0]","[0.515625, 0.5, 0.484375, 0.296875, 0.1328125, 0.015625, 0.0, 0.5, 0.4375, 0.375, 0.0, 0.0, 0.0, 0.0, 0.578125, 0.5, 0.4375, 0.0, 0.0, 0.0, 0.0]","[25, 59, 34, 14, 95, 20]",1.0754556886602091,1.0201218869753903
648,5825.625,"[0.96875, 0.9375, 0.71875, 0.171875, 0.265625, 0.03125, 0.0, 0.90625, 0.8125, 0.5625, 0.0, 0.0, 0.0, 0.0, 0.96875, 1.0, 0.8125, 0.0, 0.0, 0.0, 0.0]","[0.515625, 0.5, 0.359375, 0.296875, 0.1328125, 0.015625, 0.0, 0.484375, 0.4375, 0.375, 0.0, 0.0, 0.0, 0.0, 0.578125, 0.5, 0.4375, 0.0, 0.0, 0.0, 0.0]","[25, 59, 34, 14, 95, 20, 27]",1.0754243960257541,1.023801832600532
649,5727.1875,"[0.96875, 0.9375, 0.71875, 0.171875, 0.265625, 0.03125, 0.0, 0.90625, 0.8125, 0.5625, 0.0, 0.0, 0.0, 0.0, 0.96875, 1.0, 0.8125, 0.0, 0.0, 0.0, 0.0]","[0.515625, 0.5, 0.359375, 0.296875, 0.1328125, 0.015625, 0.0, 0.484375, 0.4375, 0.375, 0.0, 0.0, 0.0, 0.0, 0.578125, 0.5, 0.4375, 0.0, 0.0, 0.0, 0.0]","[25, 59, 34, 14, 95, 20, 27]",1.0754243960257541,1.023801832600532
650,5687.8125,"[0.96875, 0.9375, 0.71875, 0.171875, 0.265625, 0.03125, 0.0, 0.90625, 0.8125, 0.5625, 0.0, 0.0, 0.0, 0.0, 0.96875, 1.0, 0.875, 0.0, 0.0, 0.0, 0.0]","[0.515625, 0.5, 0.359375, 0.296875, 0.1328125, 0.015625, 0.0, 0.484375, 0.4375, 0.375, 0.0, 0.0, 0.0, 0.0, 0.578125, 0.5, 0.5, 0.0, 0.0, 0.0, 0.0]","[25, 59, 34, 14, 95, 20, 43]",1.0754778224868593,1.0246071961331926
651,5707.5,"[0.96875, 0.9375, 0.71875, 0.171875, 0.265625, 0.03125, 0.0, 0.90625, 0.8125, 0.5625, 0.0, 0.0, 0.0, 0.0, 0.96875, 1.0, 0.875, 0.0, 0.0, 0.0, 0.0]","[0.515625, 0.5, 0.359375, 0.296875, 0.1328125, 0.015625, 0.0, 0.484375, 0.4375, 0.375, 0.0, 0.0, 0.0, 0.0, 0.578125, 0.5, 0.5, 0.0, 0.0, 0.0, 0.0]","[25, 59, 34, 14, 95, 20, 38]",1.0754778224868593,1.0246071961331926
652,5727.1875,"[0.96875, 0.9375, 0.71875, 0.171875, 0.265625, 0.03125, 0.0, 0.90625, 0.8125, 0.5625, 0.0, 0.0, 0.0, 0.0, 0.96875, 1.0, 0.875, 0.0, 0.0, 0.0, 0.0]","[0.515625, 0.5, 0.359375, 0.296875, 0.1328125, 0.015625, 0.0, 0.484375, 0.4375, 0.375, 0.0, 0.0, 0.0, 0.0, 0.578125, 0.5, 0.5, 0.0, 0.0, 0.0, 0.0]","[25, 59, 34, 14, 95, 20, 38]",1.0754778224868593,1.0246071961331926
653,5766.5625,"[0.96875, 0.9375, 0.71875, 0.171875, 0.265625, 0.03125, 0.0, 0.90625, 0.9375, 0.5625, 0.0, 0.0, 0.0, 0.0, 0.96875, 1.0, 0.875, 0.0, 0.0, 0.0, 0.0]","[0.515625, 0.5, 0.359375, 0.296875, 0.1328125, 0.015625, 0.0, 0.484375, 0.5, 0.375, 0.0, 0.0, 0.0, 0.0, 0.578125, 0.5, 0.5, 0.0, 0.0, 0.0, 0.0]","[25, 59, 34, 14, 95, 20, 46]",1.0763376395461368,1.0250251860941204
654,5766.5625,"[0.96875, 0.9375, 0.6875, 0.171875, 0.265625, 0.03125, 0.0, 0.90625, 0.9375, 0.5625, 0.0, 0.0, 0.0, 0.0, 0.96875, 1.0, 0.875, 0.0, 0.0, 0.0, 0.0]","[0.515625, 0.5, 0.34375, 0.296875, 0.1328125, 0.015625, 0.0, 0.484375, 0.5, 0.375, 0.0, 0.0, 0.0, 0.0, 0.578125, 0.5, 0.5, 0.0, 0.0, 0.0, 0.0]","[25, 59, 34, 14, 95, 20, 46, 53]",1.0776858570520025,1.0266222250561392
655,5786.25,"[0.96875, 0.9375, 0.6875, 0.171875, 0.265625, 0.03125, 0.0, 0.90625, 0.9375, 0.5625, 0.0, 0.0, 0.0, 0.0, 0.96875, 1.0, 0.875, 0.0, 0.0, 0.0, 0.0]","[0.515625, 0.5, 0.375, 0.296875, 0.1328125, 0.015625, 0.0, 0.484375, 0.5, 0.375, 0.0, 0.0, 0.0, 0.0, 0.578125, 0.5, 0.5, 0.0, 0.0, 0.0, 0.0]","[25, 59, 34, 14, 95, 18, 20, 46]",1.0776858570520025,1.0236449101867462
656,5766.5625,"[0.96875, 0.9375, 0.6875, 0.171875, 0.265625, 0.03125, 0.0, 0.90625, 0.9375, 0.5625, 0.0, 0.0, 0.0, 0.0, 0.96875, 1.0, 0.875, 0.0, 0.0, 0.0, 0.0]","[0.515625, 0.5, 0.375, 0.296875, 0.1328125, 0.015625, 0.0, 0.484375, 0.5, 0.375, 0.0, 0.0, 0.0, 0.0, 0.578125, 0.5, 0.5, 0.0, 0.0, 0.0, 0.0]","[25, 59, 34, 14, 95, 18, 20, 46]",1.0776858570520025,1.0236449101867462
657,5786.25,"[0.96875, 0.9375, 0.6875, 0.171875, 0.265625, 0.03125, 0.0, 0.90625, 0.9375, 0.5625, 0.0, 0.0, 0.0, 0.0, 0.96875, 1.0, 0.875, 0.0, 0.0, 0.0, 0.0]","[0.515625, 0.5, 0.375, 0.296875, 0.1328125, 0.015625, 0.0, 0.484375, 0.5, 0.375, 0.0, 0.0, 0.0, 0.0, 0.578125, 0.5, 0.5, 0.0, 0.0, 0.0, 0.0]","[25, 59, 34, 14, 95, 18, 20, 46]",1.0776858570520025,1.0236449101867462
658,5825.625,"[0.96875, 0.9375, 0.6875, 0.171875, 0.265625, 0.03125, 0.0, 0.90625, 0.8125, 0.5625, 0.0, 0.0, 0.0, 0.0, 0.9375, 1.0, 0.875, 0.0, 0.0, 0.0, 0.0]","[0.515625, 0.5, 0.375, 0.296875, 0.1328125, 0.015625, 0.0, 0.484375, 0.4375, 0.375, 0.0, 0.0, 0.0, 0.0, 0.5625, 0.5, 0.5, 0.0, 0.0, 0.0, 0.0]","[25, 59, 34, 14, 95, 18, 20, 40]",1.0757110120891784,1.021652294804859
659,5805.9375,"[0.96875, 0.875, 0.9375, 0.171875, 0.265625, 0.03125, 0.0, 0.90625, 0.8125, 0.5625, 0.0, 0.0, 0.0, 0.0, 0.9375, 1.0, 0.875, 0.0, 0.0, 0.0, 0.0]","[0.515625, 0.4375, 0.5, 0.296875, 0.1328125, 0.015625, 0.0, 0.484375, 0.4375, 0.375, 0.0, 0.0, 0.0, 0.0, 0.5625, 0.5, 0.5, 0.0, 0.0, 0.0, 0.0]","[25, 59, 34, 14, 95, 18, 20, 46]",1.0722245316546506,1.018597242843769
660,5805.9375,"[0.96875, 0.875, 0.9375, 0.171875, 0.265625, 0.03125, 0.0, 0.90625, 0.875, 0.5625, 0.0, 0.0, 0.0, 0.0, 0.6875, 1.0, 0.875, 0.0, 0.0, 0.0, 0.0]","[0.515625, 0.4375, 0.5, 0.296875, 0.1328125, 0.015625, 0.0, 0.484375, 0.5, 0.375, 0.0, 0.0, 0.0, 0.0, 0.4375, 0.5, 0.5, 0.0, 0.0, 0.0, 0.0]","[25, 59, 34, 14, 95, 18, 20, 48]",1.07456408914483,1.014342019121757
661,5746.875,"[0.96875, 1.0, 0.9375, 0.171875, 0.265625, 0.03125, 0.0, 0.90625, 0.875, 0.5625, 0.0, 0.0, 0.0, 0.0, 0.71875, 1.0, 0.875, 0.0, 0.0, 0.0, 0.0]","[0.515625, 0.5, 0.5, 0.296875, 0.1328125, 0.015625, 0.0, 0.484375, 0.5, 0.375, 0.0, 0.0, 0.0, 0.0, 0.453125, 0.5, 0.5, 0.0, 0.0, 0.0, 0.0]","[25, 59, 34, 14, 18, 20, 63]",1.0765836937019413,1.014814420221121
662,5786.25,"[0.96875, 0.75, 0.9375, 0.171875, 0.265625, 0.03125, 0.0, 0.90625, 0.875, 0.5625, 0.0, 0.0, 0.0, 0.0, 0.71875, 1.0, 0.875, 0.0, 0.0, 0.0, 0.0]","[0.515625, 0.375, 0.5, 0.296875, 0.1328125, 0.015625, 0.0, 0.484375, 0.5, 0.375, 0.0, 0.0, 0.0, 0.0, 0.453125, 0.5, 0.5, 0.0, 0.0, 0.0, 0.0]","[25, 59, 34, 14, 18, 20, 29]",1.0740875861771613,1.016949778116438
663,5668.125,"[0.96875, 0.875, 0.9375, 0.171875, 0.265625, 0.03125, 0.0, 0.90625, 0.875, 0.5625, 0.0, 0.0, 0.0, 0.0, 0.71875, 1.0, 0.875, 0.0, 0.0, 0.0, 0.0]","[0.515625, 0.4375, 0.5, 0.296875, 0.1328125, 0.015625, 0.0, 0.484375, 0.5, 0.375, 0.0, 0.0, 0.0, 0.0, 0.453125, 0.5, 0.5, 0.0, 0.0, 0.0, 0.0]","[25, 59, 14, 18, 20, 34]",1.0733303552008608,1.0142097434754969
664,5668.125,"[0.96875, 0.875, 0.9375, 0.171875, 0.265625, 0.03125, 0.0, 0.90625, 0.875, 0.5625, 0.0, 0.0, 0.0, 0.0, 0.71875, 1.0, 0.875, 0.0, 0.0, 0.0, 0.0]","[0.515625, 0.4375, 0.5, 0.296875, 0.1328125, 0.015625, 0.0, 0.484375, 0.5, 0.375, 0.0, 0.0, 0.0, 0.0, 0.453125, 0.5, 0.5, 0.0, 0.0, 0.0, 0.0]","[25, 59, 14, 34, 18, 20, 63, 86]",1.0733303552008608,1.0142097434754969
665,5707.5,"[0.96875, 0.875, 0.9375, 0.171875, 0.265625, 0.03125, 0.0, 0.90625, 0.875, 0.5625, 0.0, 0.0, 0.0, 0.0, 0.78125, 1.0, 0.875, 0.0, 0.0, 0.0, 0.0]","[0.515625, 0.4375, 0.5, 0.296875, 0.1328125, 0.015625, 0.0, 0.484375, 0.5, 0.375, 0.0, 0.0, 0.0, 0.0, 0.515625, 0.5, 0.5, 0.0, 0.0, 0.0, 0.0]","[25, 59, 14, 34, 63, 18, 20, 89, 97]",1.0716718453319258,1.0157009239707226
666,5727.1875,"[0.96875, 0.875, 0.9375, 0.171875, 0.265625, 0.03125, 0.0, 0.90625, 0.875, 0.5625, 0.0, 0.0, 0.0, 0.0, 0.78125, 1.0, 0.875, 0.0, 0.0, 0.0, 0.0]","[0.515625, 0.4375, 0.5, 0.296875, 0.1328125, 0.015625, 0.0, 0.484375, 0.5, 0.375, 0.0, 0.0, 0.0, 0.0, 0.515625, 0.5, 0.5, 0.0, 0.0, 0.0, 0.0]","[25, 59, 14, 34, 63, 89, 18, 20, 97, 98]",1.0716718453319258,1.0157009239707226
667,5904.6875,"[0.96875, 0.875, 0.8125, 0.171875, 0.296875, 0.03125, 0.0, 0.90625, 0.875, 0.8125, 0.0, 0.0, 0.0, 0.0, 0.78125, 1.0, 0.875, 0.0, 0.0, 0.0, 0.0]","[0.515625, 0.4375, 0.4375, 0.296875, 0.1484375, 0.015625, 0.0, 0.484375, 0.5, 0.5, 0.0, 0.0, 0.0, 0.0, 0.515625, 0.5, 0.5, 0.0, 0.0, 0.0, 0.0]","[25, 59, 14, 34, 63, 89, 18, 20, 23]",1.0543834917873212,1.0079537748488776
668,5904.6875,"[0.96875, 0.875, 0.8125, 0.171875, 0.296875, 0.03125, 0.0, 0.90625, 0.875, 0.8125, 0.0, 0.0, 0.0, 0.0, 0.90625, 1.0, 0.875, 0.0, 0.0, 0.0, 0.0]","[0.515625, 0.4375, 0.4375, 0.296875, 0.1484375, 0.015625, 0.0, 0.484375, 0.5, 0.5, 0.0, 0.0, 0.0, 0.0, 0.578125, 0.5, 0.5, 0.0, 0.0, 0.0, 0.0]","[25, 59, 14, 34, 63, 89, 18, 20, 99]",1.0541148289899607,1.0121581385843488
669,5904.6875,"[0.96875, 0.84375, 0.8125, 0.171875, 0.296875, 0.03125, 0.0, 0.90625, 0.875, 0.8125, 0.0, 0.0, 0.0, 0.0, 0.90625, 1.0, 0.875, 0.0, 0.0, 0.0, 0.0]","[0.515625, 0.421875, 0.4375, 0.296875, 0.1484375, 0.015625, 0.0, 0.484375, 0.5, 0.5, 0.0, 0.0, 0.0, 0.0, 0.578125, 0.5, 0.5, 0.0, 0.0, 0.0, 0.0]","[25, 59, 14, 34, 63, 89, 18, 20, 41, 99]",1.0540864981528961,1.0127428448118374
670,5924.6875,"[0.96875, 0.84375, 0.8125, 0.171875, 0.296875, 0.03125, 0.0, 0.90625, 0.875, 0.8125, 0.0, 0.0, 0.0, 0.0, 0.90625, 1.0, 0.875, 0.0, 0.0, 0.0, 0.0]","[0.515625, 0.421875, 0.4375, 0.296875, 0.1484375, 0.015625, 0.0, 0.484375, 0.5, 0.5, 0.0, 0.0, 0.0, 0.0, 0.578125, 0.5, 0.5, 0.0, 0.0, 0.0, 0.0]","[25, 59, 14, 34, 63, 89, 18, 20, 41, 99]",1.0540864981528961,1.0127428448118374
671,5904.84375,"[0.96875, 0.84375, 0.8125, 0.171875, 0.296875, 0.03125, 0.0, 0.90625, 0.875, 0.8125, 0.0, 0.0, 0.0, 0.0, 0.90625, 1.0, 0.875, 0.0, 0.0, 0.0, 0.0]","[0.515625, 0.421875, 0.4375, 0.296875, 0.1484375, 0.015625, 0.0, 0.484375, 0.5, 0.5, 0.0, 0.0, 0.0, 0.0, 0.578125, 0.5, 0.5, 0.0, 0.0, 0.0, 0.0]","[25, 59, 14, 34, 63, 89, 18, 20, 41, 99]",1.0540864981528961,1.0127428448118374
672,5924.6875,"[0.96875, 0.84375, 0.8125, 0.171875, 0.296875, 0.03125, 0.0, 0.90625, 0.875, 0.8125, 0.0, 0.0, 0.0, 0.0, 0.90625, 1.0, 0.875, 0.0, 0.0, 0.0, 0.0]","[0.515625, 0.421875, 0.4375, 0.296875, 0.1484375, 0.015625, 0.0, 0.484375, 0.5, 0.5, 0.0, 0.0, 0.0, 0.0, 0.578125, 0.5, 0.5, 0.0, 0.0, 0.0, 0.0]","[25, 59, 14, 34, 63, 89, 18, 20, 41, 99]",1.0540864981528961,1.0127428448118374
673,5964.375,"[0.96875, 0.84375, 0.8125, 0.171875, 0.296875, 0.03125, 0.0, 0.90625, 0.875, 0.8125, 0.0, 0.0, 0.0, 0.0, 0.90625, 1.0, 0.875, 0.0, 0.0, 0.0, 0.0]","[0.515625, 0.421875, 0.4375, 0.296875, 0.1484375, 0.015625, 0.0, 0.484375, 0.5, 0.5, 0.0, 0.0, 0.0, 0.0, 0.578125, 0.5, 0.5, 0.0, 0.0, 0.0, 0.0]","[25, 59, 14, 34, 63, 89, 18, 20, 41, 99]",1.0540864981528961,1.0127428448118374
674,6043.75,"[0.96875, 0.84375, 0.8125, 0.171875, 0.296875, 0.03125, 0.0, 0.90625, 0.875, 0.8125, 0.0, 0.0, 0.0, 0.0, 0.90625, 1.0, 0.875, 0.0, 0.0, 0.0, 0.0]","[0.515625, 0.421875, 0.4375, 0.296875, 0.1484375, 0.015625, 0.0, 0.484375, 0.5, 0.5, 0.0, 0.0, 0.0, 0.0, 0.578125, 0.5, 0.5, 0.0, 0.0, 0.0, 0.0]","[25, 59, 14, 34, 63, 89, 18, 20, 41, 99]",1.0540864981528961,1.0127428448118374
675,5924.6875,"[0.96875, 0.84375, 0.8125, 0.171875, 0.328125, 0.03125, 0.0, 0.90625, 0.875, 0.8125, 0.0, 0.0, 0.0, 0.0, 0.90625, 1.0, 0.875, 0.0, 0.0, 0.0, 0.0]","[0.515625, 0.421875, 0.4375, 0.296875, 0.1796875, 0.015625, 0.0, 0.484375, 0.5, 0.5, 0.0, 0.0, 0.0, 0.0, 0.578125, 0.5, 0.5, 0.0, 0.0, 0.0, 0.0]","[25, 59, 14, 34, 63, 89, 18, 20, 41, 100]",1.04942657663968,1.00444435218152
676,5944.53125,"[0.96875, 0.84375, 0.8125, 0.171875, 0.328125, 0.0, 0.0, 0.90625, 0.875, 0.8125, 0.0, 0.0, 0.0, 0.0, 0.90625, 1.0, 0.875, 0.0, 0.0, 0.0, 0.0]","[0.515625, 0.421875, 0.4375, 0.296875, 0.1796875, 0.0, 0.0, 0.484375, 0.5, 0.5, 0.0, 0.0, 0.0, 0.0, 0.578125, 0.5, 0.5, 0.0, 0.0, 0.0, 0.0]","[25, 59, 14, 34, 63, 89, 18, 20, 41, 100]",1.0566415681519976,1.0106887284741333
677,5924.6875,"[0.96875, 0.84375, 0.8125, 0.171875, 0.328125, 0.0, 0.0, 0.90625, 0.875, 0.8125, 0.0, 0.0, 0.0, 0.0, 0.90625, 1.0, 0.875, 0.0, 0.0, 0.0, 0.0]","[0.515625, 0.421875, 0.4375, 0.296875, 0.1796875, 0.0, 0.0, 0.484375, 0.5, 0.5, 0.0, 0.0, 0.0, 0.0, 0.578125, 0.5, 0.5, 0.0, 0.0, 0.0, 0.0]","[25, 59, 14, 34, 63, 89, 18, 20, 41, 100]",1.0566415681519976,1.0106887284741333
678,5964.375,"[0.96875, 0.59375, 0.8125, 0.171875, 0.328125, 0.0, 0.0, 0.90625, 0.875, 0.8125, 0.0, 0.0, 0.0, 0.0, 0.84375, 0.875, 0.875, 0.0, 0.0, 0.0, 0.0]","[0.515625, 0.296875, 0.4375, 0.296875, 0.1796875, 0.0, 0.0, 0.484375, 0.5, 0.5, 0.0, 0.0, 0.0, 0.0, 0.515625, 0.4375, 0.5, 0.0, 0.0, 0.0, 0.0]","[25, 59, 14, 34, 63, 89, 5, 18, 20, 41]",1.0607876396533473,1.0172125369953764
679,6004.375,"[0.96875, 0.59375, 0.8125, 0.171875, 0.453125, 0.0, 0.0, 0.90625, 1.0, 0.8125, 0.0, 0.0, 0.0, 0.0, 0.84375, 0.875, 0.875, 0.0, 0.0, 0.0, 0.0]","[0.515625, 0.296875, 0.4375, 0.296875, 0.2421875, 0.0, 0.0, 0.484375, 0.5625, 0.5, 0.0, 0.0, 0.0, 0.0, 0.515625, 0.4375, 0.5, 0.0, 0.0, 0.0, 0.0]","[25, 59, 34, 63, 89, 5, 18, 20]",1.048936182594686,1.0073908092089965
680,5886.25,"[0.96875, 0.59375, 0.8125, 0.140625, 0.453125, 0.0, 0.0, 0.90625, 1.0, 0.8125, 0.0, 0.0, 0.0, 0.0, 0.84375, 0.875, 0.875, 0.0, 0.0, 0.0, 0.0]","[0.515625, 0.296875, 0.4375, 0.265625, 0.2421875, 0.0, 0.0, 0.484375, 0.5625, 0.5, 0.0, 0.0, 0.0, 0.0, 0.515625, 0.4375, 0.5, 0.0, 0.0, 0.0, 0.0]","[25, 59, 34, 63, 89, 5, 18, 20]",1.0550628926131231,1.0124640820071709
681,5826.875,"[0.96875, 0.59375, 0.8125, 0.140625, 0.453125, 0.0, 0.0, 0.90625, 0.9375, 0.8125, 0.0, 0.0, 0.0, 0.0, 0.8125, 0.875, 0.875, 0.0, 0.0, 0.0, 0.0]","[0.515625, 0.296875, 0.4375, 0.265625, 0.2421875, 0.0, 0.0, 0.484375, 0.5, 0.5, 0.0, 0.0, 0.0, 0.0, 0.5, 0.4375, 0.5, 0.0, 0.0, 0.0, 0.0]","[25, 59, 34, 63, 89, 5, 18, 20]",1.0524631814579974,1.0071580290700948
682,5787.5,"[0.96875, 0.59375, 0.8125, 0.140625, 0.453125, 0.0, 0.0, 0.90625, 0.9375, 0.8125, 0.0, 0.0, 0.0, 0.0, 0.8125, 0.875, 0.875, 0.0, 0.0, 0.0, 0.0]","[0.515625, 0.296875, 0.4375, 0.265625, 0.2421875, 0.0, 0.0, 0.484375, 0.5, 0.5, 0.0, 0.0, 0.0, 0.0, 0.5, 0.4375, 0.5, 0.0, 0.0, 0.0, 0.0]","[25, 59, 34, 63, 89, 5, 18, 20]",1.0524631814579974,1.0071580290700948
683,5826.875,"[0.96875, 0.59375, 0.8125, 0.140625, 0.453125, 0.0, 0.0, 0.90625, 0.9375, 0.8125, 0.0, 0.0, 0.0, 0.0, 0.8125, 0.875, 0.875, 0.0, 0.0, 0.0, 0.0]","[0.515625, 0.296875, 0.4375, 0.265625, 0.2421875, 0.0, 0.0, 0.484375, 0.5, 0.5, 0.0, 0.0, 0.0, 0.0, 0.5, 0.4375, 0.5, 0.0, 0.0, 0.0, 0.0]","[25, 59, 34, 63, 89, 5, 18, 20]",1.0524631814579974,1.0071580290700948
684,5748.125,"[0.96875, 0.59375, 0.8125, 0.140625, 0.453125, 0.0, 0.0, 0.90625, 0.9375, 0.8125, 0.0, 0.0, 0.0, 0.0, 0.8125, 0.875, 0.84375, 0.0, 0.0, 0.0, 0.0]","[0.515625, 0.296875, 0.4375, 0.265625, 0.2421875, 0.0, 0.0, 0.484375, 0.5, 0.5, 0.0, 0.0, 0.0, 0.0, 0.5, 0.4375, 0.484375, 0.0, 0.0, 0.0, 0.0]","[25, 59, 34, 63, 89, 5, 8, 18, 20]",1.0520956988699963,1.0064980831012125
685,5767.8125,"[0.90625, 0.65625, 0.8125, 0.140625, 0.453125, 0.0, 0.0, 0.90625, 0.9375, 0.8125, 0.0, 0.0, 0.0, 0.0, 0.8125, 0.875, 0.84375, 0.0, 0.0, 0.0, 0.0]","[0.484375, 0.359375, 0.4375, 0.265625, 0.2421875, 0.0, 0.0, 0.484375, 0.5, 0.5, 0.0, 0.0, 0.0, 0.0, 0.5, 0.4375, 0.484375, 0.0, 0.0, 0.0, 0.0]","[25, 59, 34, 63, 89, 5, 8, 18, 45]",1.0462190785535377,0.9978146169868526
686,5748.125,"[0.90625, 0.6875, 0.8125, 0.140625, 0.453125, 0.0, 0.0, 0.90625, 0.9375, 0.8125, 0.0, 0.0, 0.0, 0.0, 0.8125, 0.875, 0.84375, 0.0, 0.0, 0.0, 0.0]","[0.484375, 0.375, 0.4375, 0.265625, 0.2421875, 0.0, 0.0, 0.484375, 0.5, 0.5, 0.0, 0.0, 0.0, 0.0, 0.5, 0.4375, 0.484375, 0.0, 0.0, 0.0, 0.0]","[25, 59, 34, 63, 89, 5, 8, 18, 47]",1.0448782629879783,0.9966322009646968
687,5787.5,"[0.90625, 0.75, 0.8125, 0.140625, 0.453125, 0.0, 0.0, 0.90625, 0.9375, 0.75, 0.0, 0.0, 0.0, 0.0, 0.8125, 0.875, 0.84375, 0.0, 0.0, 0.0, 0.0]","[0.484375, 0.40625, 0.4375, 0.265625, 0.2421875, 0.0, 0.0, 0.484375, 0.5, 0.4375, 0.0, 0.0, 0.0, 0.0, 0.5, 0.4375, 0.484375, 0.0, 0.0, 0.0, 0.0]","[25, 59, 34, 63, 89, 5, 8, 18, 49]",1.0437064599973367,0.9935845110375023
688,5984.375,"[0.78125, 0.75, 0.8125, 0.140625, 0.453125, 0.0, 0.0, 0.90625, 0.875, 0.75, 0.0, 0.0, 0.0, 0.0, 0.8125, 0.875, 0.84375, 0.0, 0.0, 0.0, 0.0]","[0.421875, 0.40625, 0.4375, 0.265625, 0.2421875, 0.0, 0.0, 0.484375, 0.46875, 0.4375, 0.0, 0.0, 0.0, 0.0, 0.5, 0.4375, 0.484375, 0.0, 0.0, 0.0, 0.0]","[25, 59, 34, 63, 89, 5, 7, 8]",1.040203643814743,0.9912127818152101
689,5787.5,"[0.78125, 0.75, 0.8125, 0.140625, 0.453125, 0.0, 0.0, 0.90625, 0.875, 0.75, 0.0, 0.0, 0.0, 0.0, 0.8125, 0.875, 0.84375, 0.0, 0.0, 0.0, 0.0]","[0.421875, 0.40625, 0.4375, 0.265625, 0.2421875, 0.0, 0.0, 0.484375, 0.46875, 0.4375, 0.0, 0.0, 0.0, 0.0, 0.5, 0.4375, 0.484375, 0.0, 0.0, 0.0, 0.0]","[25, 59, 34, 63, 89, 5, 7, 8]",1.040203643814743,0.9912127818152101
690,5669.375,"[0.78125, 0.75, 0.8125, 0.140625, 0.453125, 0.0, 0.0, 0.90625, 0.875, 0.75, 0.0, 0.0, 0.0, 0.0, 0.8125, 0.875, 0.8125, 0.0, 0.0, 0.0, 0.0]","[0.421875, 0.40625, 0.4375, 0.265625, 0.2421875, 0.0, 0.0, 0.484375, 0.46875, 0.4375, 0.0, 0.0, 0.0, 0.0, 0.5, 0.4375, 0.46875, 0.0, 0.0, 0.0, 0.0]","[25, 59, 34, 63, 89, 5, 7, 8]",1.0398407295308423,0.9905094242713989
691,5630.0,"[0.78125, 0.78125, 0.8125, 0.140625, 0.453125, 0.0, 0.0, 0.90625, 0.875, 0.75, 0.0, 0.0, 0.0, 0.0, 0.8125, 0.875, 0.75, 0.0, 0.0, 0.0, 0.0]","[0.421875, 0.421875, 0.4375, 0.265625, 0.2421875, 0.0, 0.0, 0.484375, 0.46875, 0.4375, 0.0, 0.0, 0.0, 0.0, 0.5, 0.4375, 0.40625, 0.0, 0.0, 0.0, 0.0]","[25, 59, 34, 63, 89, 5, 7, 18]",1.0397540152251514,0.9897141638856046
692,5630.0,"[0.78125, 0.78125, 0.8125, 0.140625, 0.453125, 0.0, 0.0, 0.90625, 0.875, 0.75, 0.0, 0.0, 0.0, 0.0, 0.8125, 0.875, 0.75, 0.0, 0.0, 0.0, 0.0]","[0.421875, 0.421875, 0.4375, 0.265625, 0.2421875, 0.0, 0.0, 0.484375, 0.46875, 0.4375, 0.0, 0.0, 0.0, 0.0, 0.5, 0.4375, 0.40625, 0.0, 0.0, 0.0, 0.0]","[25, 59, 34, 63, 89, 5, 7, 18]",1.0397540152251514,0.9897141638856046
693,5669.375,"[0.78125, 0.78125, 0.8125, 0.140625, 0.453125, 0.0, 0.0, 0.90625, 0.875, 0.75, 0.0, 0.0, 0.0, 0.0, 0.8125, 0.875, 0.75, 0.0, 0.0, 0.0, 0.0]","[0.421875, 0.421875, 0.4375, 0.265625, 0.2421875, 0.0, 0.0, 0.484375, 0.46875, 0.4375, 0.0, 0.0, 0.0, 0.0, 0.5, 0.4375, 0.40625, 0.0, 0.0, 0.0, 0.0]","[25, 59, 34, 63, 89, 5, 7, 18]",1.0397540152251514,0.9897141638856046
694,5748.125,"[0.78125, 0.78125, 0.8125, 0.140625, 0.453125, 0.0, 0.0, 0.90625, 0.875, 1.0, 0.0, 0.0, 0.0, 0.0, 0.75, 0.875, 0.75, 0.0, 0.0, 0.0, 0.0]","[0.421875, 0.421875, 0.4375, 0.265625, 0.2421875, 0.0, 0.0, 0.484375, 0.46875, 0.5625, 0.0, 0.0, 0.0, 0.0, 0.46875, 0.4375, 0.40625, 0.0, 0.0, 0.0, 0.0]","[25, 59, 34, 63, 89, 5, 7, 27]",1.0460654657237671,0.9966317052229478
695,5748.125,"[0.78125, 0.78125, 0.8125, 0.140625, 0.453125, 0.0, 0.0, 0.90625, 0.875, 1.0, 0.0, 0.0, 0.0, 0.0, 0.75, 0.875, 0.75, 0.0, 0.0, 0.0, 0.0]","[0.421875, 0.421875, 0.4375, 0.265625, 0.2421875, 0.0, 0.0, 0.484375, 0.46875, 0.5625, 0.0, 0.0, 0.0, 0.0, 0.46875, 0.4375, 0.40625, 0.0, 0.0, 0.0, 0.0]","[25, 59, 34, 63, 89, 5, 7, 27]",1.0460654657237671,0.9966317052229478
696,5728.4375,"[0.78125, 0.78125, 0.8125, 0.140625, 0.453125, 0.0, 0.0, 0.90625, 0.875, 1.0, 0.0, 0.0, 0.0, 0.0, 0.78125, 0.875, 0.75, 0.0, 0.0, 0.0, 0.0]","[0.421875, 0.421875, 0.4375, 0.265625, 0.2421875, 0.0, 0.0, 0.484375, 0.46875, 0.5625, 0.0, 0.0, 0.0, 0.0, 0.484375, 0.4375, 0.40625, 0.0, 0.0, 0.0, 0.0]","[25, 59, 34, 63, 89, 5, 7, 49]",1.0456296000038832,0.9972078101037044
697,5767.8125,"[0.78125, 0.78125, 0.8125, 0.140625, 0.453125, 0.0, 0.0, 0.90625, 0.875, 1.0, 0.0, 0.0, 0.0, 0.0, 0.84375, 0.875, 0.75, 0.0, 0.0, 0.0, 0.0]","[0.421875, 0.421875, 0.4375, 0.265625, 0.2421875, 0.0, 0.0, 0.484375, 0.46875, 0.5625, 0.0, 0.0, 0.0, 0.0, 0.515625, 0.4375, 0.40625, 0.0, 0.0, 0.0, 0.0]","[25, 59, 34, 63, 89, 5, 7, 61]",1.0455616985940834,0.9989767750584263
698,5846.5625,"[0.71875, 0.78125, 0.8125, 0.140625, 0.453125, 0.0, 0.0, 0.90625, 0.875, 1.0, 0.0, 0.0, 0.0, 0.0, 0.84375, 0.875, 0.75, 0.0, 0.0, 0.0, 0.0]","[0.359375, 0.421875, 0.4375, 0.265625, 0.2421875, 0.0, 0.0, 0.484375, 0.46875, 0.5625, 0.0, 0.0, 0.0, 0.0, 0.515625, 0.4375, 0.40625, 0.0, 0.0, 0.0, 0.0]","[25, 59, 34, 63, 89, 1, 5, 7]",1.0468082251561395,1.0020833190943694
699,5885.9375,"[0.71875, 0.78125, 0.8125, 0.140625, 0.453125, 0.0, 0.0, 0.65625, 0.875, 1.0, 0.0, 0.0, 0.0, 0.0, 0.84375, 0.875, 1.0, 0.0, 0.0, 0.0, 0.0]","[0.359375, 0.421875, 0.4375, 0.265625, 0.2421875, 0.0, 0.0, 0.359375, 0.46875, 0.5625, 0.0, 0.0, 0.0, 0.0, 0.515625, 0.4375, 0.53125, 0.0, 0.0, 0.0, 0.0]","[25, 59, 34, 63, 89, 1, 5, 61]",1.0538522948478812,1.0078656760377473
700,5767.8125,"[0.78125, 0.78125, 0.8125, 0.140625, 0.453125, 0.0, 0.0, 0.65625, 0.8125, 1.0, 0.0, 0.0, 0.0, 0.0, 0.84375, 0.875, 1.0, 0.0, 0.0, 0.0, 0.0]","[0.421875, 0.421875, 0.4375, 0.265625, 0.2421875, 0.0, 0.0, 0.359375, 0.40625, 0.5625, 0.0, 0.0, 0.0, 0.0, 0.515625, 0.4375, 0.53125, 0.0, 0.0, 0.0, 0.0]","[25, 59, 34, 63, 89, 1, 5, 46]",1.0520956988699963,1.0049786563261465
701,5748.125,"[0.78125, 0.8125, 0.8125, 0.140625, 0.453125, 0.0, 0.0, 0.65625, 0.8125, 1.0, 0.0, 0.0, 0.0, 0.0, 0.84375, 0.875, 1.0, 0.0, 0.0, 0.0, 0.0]","[0.421875, 0.4375, 0.4375, 0.265625, 0.2421875, 0.0, 0.0, 0.359375, 0.40625, 0.5625, 0.0, 0.0, 0.0, 0.0, 0.515625, 0.4375, 0.53125, 0.0, 0.0, 0.0, 0.0]","[25, 59, 34, 63, 89, 1, 5, 64]",1.0518816679704939,1.0048026427175125
702,5787.5,"[0.84375, 0.8125, 0.8125, 0.140625, 0.453125, 0.0, 0.0, 0.65625, 0.8125, 1.0, 0.0, 0.0, 0.0, 0.0, 0.84375, 0.875, 1.0, 0.0, 0.0, 0.0, 0.0]","[0.453125, 0.4375, 0.4375, 0.265625, 0.2421875, 0.0, 0.0, 0.359375, 0.40625, 0.5625, 0.0, 0.0, 0.0, 0.0, 0.515625, 0.4375, 0.53125, 0.0, 0.0, 0.0, 0.0]","[25, 59, 34, 63, 89, 1, 5, 66]",1.0516634632547162,1.0046259783627856
703,5866.25,"[0.84375, 0.8125, 0.8125, 0.140625, 0.453125, 0.0, 0.0, 0.65625, 0.9375, 1.0, 0.0, 0.0, 0.0, 0.0, 0.84375, 0.875, 1.0, 0.0, 0.0, 0.0, 0.0]","[0.453125, 0.4375, 0.4375, 0.265625, 0.2421875, 0.0, 0.0, 0.359375, 0.46875, 0.5625, 0.0, 0.0, 0.0, 0.0, 0.515625, 0.4375, 0.53125, 0.0, 0.0, 0.0, 0.0]","[25, 59, 34, 63, 89, 1, 5, 68]",1.0531348730411154,1.0040223386854785
704,5866.25,"[0.84375, 0.8125, 0.8125, 0.140625, 0.453125, 0.0, 0.0, 0.65625, 0.9375, 1.0, 0.0, 0.0, 0.0, 0.0, 0.78125, 0.875, 0.9375, 0.0, 0.0, 0.0, 0.0]","[0.453125, 0.4375, 0.4375, 0.265625, 0.2421875, 0.0, 0.0, 0.359375, 0.46875, 0.5625, 0.0, 0.0, 0.0, 0.0, 0.453125, 0.4375, 0.5, 0.0, 0.0, 0.0, 0.0]","[25, 59, 34, 63, 89, 68, 1, 5, 71, 78]",1.0510902938307078,0.999523192776971
705,5984.6875,"[0.84375, 0.8125, 0.8125, 0.140625, 0.453125, 0.0, 0.0, 0.90625, 0.9375, 1.0, 0.0, 0.0, 0.0, 0.0, 0.78125, 0.875, 0.9375, 0.0, 0.0, 0.0, 0.0]","[0.453125, 0.4375, 0.4375, 0.265625, 0.2421875, 0.0, 0.0, 0.484375, 0.46875, 0.5625, 0.0, 0.0, 0.0, 0.0, 0.453125, 0.4375, 0.5, 0.0, 0.0, 0.0, 0.0]","[25, 59, 34, 63, 89, 68, 1, 5, 78]",1.0470617925850172,0.9967636509825892
706,5964.6875,"[0.84375, 0.8125, 0.8125, 0.140625, 0.453125, 0.0, 0.0, 0.90625, 0.9375, 1.0, 0.0, 0.0, 0.0, 0.0, 0.78125, 0.875, 0.9375, 0.0, 0.0, 0.0, 0.0]","[0.453125, 0.4375, 0.4375, 0.265625, 0.2421875, 0.0, 0.0, 0.484375, 0.46875, 0.5625, 0.0, 0.0, 0.0, 0.0, 0.453125, 0.4375, 0.5, 0.0, 0.0, 0.0, 0.0]","[25, 59, 34, 63, 89, 68, 1, 5, 78]",1.0470617925850172,0.9967636509825892
707,5984.375,"[0.84375, 0.8125, 0.8125, 0.140625, 0.453125, 0.0, 0.0, 0.90625, 0.9375, 1.0, 0.0, 0.0, 0.0, 0.0, 0.84375, 0.875, 0.9375, 0.0, 0.0, 0.0, 0.0]","[0.453125, 0.4375, 0.4375, 0.265625, 0.2421875, 0.0, 0.0, 0.484375, 0.46875, 0.5625, 0.0, 0.0, 0.0, 0.0, 0.484375, 0.4375, 0.5, 0.0, 0.0, 0.0, 0.0]","[25, 59, 34, 63, 89, 68, 1, 5, 79]",1.046392436122583,0.9972573090549745
708,6063.125,"[0.84375, 0.8125, 0.8125, 0.140625, 0.453125, 0.0, 0.0, 0.90625, 0.9375, 1.0, 0.0, 0.0, 0.0, 0.0, 0.84375, 0.875, 0.9375, 0.0, 0.0, 0.0, 0.0]","[0.453125, 0.4375, 0.4375, 0.265625, 0.2421875, 0.0, 0.0, 0.484375, 0.46875, 0.5625, 0.0, 0.0, 0.0, 0.0, 0.484375, 0.4375, 0.5, 0.0, 0.0, 0.0, 0.0]","[25, 59, 34, 63, 89, 68, 1, 5, 79]",1.046392436122583,0.9972573090549745
709,5984.375,"[0.84375, 0.8125, 0.8125, 0.140625, 0.453125, 0.0, 0.0, 0.90625, 0.9375, 1.0, 0.0, 0.0, 0.0, 0.0, 0.84375, 0.875, 0.9375, 0.0, 0.0, 0.0, 0.0]","[0.453125, 0.4375, 0.4375, 0.265625, 0.2421875, 0.0, 0.0, 0.484375, 0.46875, 0.5625, 0.0, 0.0, 0.0, 0.0, 0.484375, 0.4375, 0.5, 0.0, 0.0, 0.0, 0.0]","[25, 59, 34, 63, 89, 68, 1, 5, 79, 80]",1.046392436122583,0.9972573090549745
710,6024.0625,"[0.84375, 0.8125, 0.8125, 0.140625, 0.484375, 0.0, 0.0, 0.90625, 0.9375, 1.0, 0.0, 0.0, 0.0, 0.0, 0.84375, 0.875, 0.9375, 0.0, 0.0, 0.0, 0.0]","[0.453125, 0.4375, 0.4375, 0.265625, 0.2734375, 0.0, 0.0, 0.484375, 0.46875, 0.5625, 0.0, 0.0, 0.0, 0.0, 0.484375, 0.4375, 0.5, 0.0, 0.0, 0.0, 0.0]","[25, 59, 34, 63, 89, 68, 1, 5, 79, 84]",1.0431009079337585,0.9916246531358134
711,6043.90625,"[0.84375, 0.8125, 0.8125, 0.140625, 0.359375, 0.0, 0.0, 0.90625, 0.9375, 1.0, 0.0, 0.0, 0.0, 0.0, 0.84375, 0.875, 0.9375, 0.0, 0.0, 0.0, 0.0]","[0.453125, 0.4375, 0.4375, 0.265625, 0.2109375, 0.0, 0.0, 0.484375, 0.46875, 0.5625, 0.0, 0.0, 0.0, 0.0, 0.484375, 0.4375, 0.5, 0.0, 0.0, 0.0, 0.0]","[25, 59, 34, 63, 89, 68, 1, 5, 77, 79]",1.0579568107396162,1.003829021141004
712,5905.0,"[0.84375, 0.8125, 0.8125, 0.140625, 0.265625, 0.0, 0.0, 0.90625, 0.9375, 1.0, 0.0, 0.0, 0.0, 0.0, 0.84375, 0.875, 0.9375, 0.0, 0.0, 0.0, 0.0]","[0.453125, 0.4375, 0.4375, 0.265625, 0.1640625, 0.0, 0.0, 0.484375, 0.46875, 0.5625, 0.0, 0.0, 0.0, 0.0, 0.484375, 0.4375, 0.5, 0.0, 0.0, 0.0, 0.0]","[25, 59, 34, 63, 89, 68, 1, 5, 62, 77]",1.0721201848672248,1.0154877186420734
713,5825.625,"[0.84375, 0.8125, 0.8125, 0.140625, 0.328125, 0.0, 0.0, 0.90625, 0.9375, 1.0, 0.0, 0.0, 0.0, 0.0, 0.84375, 0.875, 0.875, 0.0, 0.0, 0.0, 0.0]","[0.453125, 0.4375, 0.4375, 0.265625, 0.1953125, 0.0, 0.0, 0.484375, 0.46875, 0.5625, 0.0, 0.0, 0.0, 0.0, 0.484375, 0.4375, 0.46875, 0.0, 0.0, 0.0, 0.0]","[25, 59, 34, 63, 89, 68, 1, 5, 10, 62]",1.0614310827450089,1.0065166774819079
714,5945.0,"[0.84375, 0.8125, 0.8125, 0.140625, 0.453125, 0.0, 0.0, 0.90625, 0.9375, 1.0, 0.0, 0.0, 0.0, 0.0, 0.84375, 0.875, 0.875, 0.0, 0.0, 0.0, 0.0]","[0.453125, 0.4375, 0.4375, 0.265625, 0.2578125, 0.0, 0.0, 0.484375, 0.46875, 0.5625, 0.0, 0.0, 0.0, 0.0, 0.484375, 0.4375, 0.46875, 0.0, 0.0, 0.0, 0.0]","[25, 59, 34, 63, 89, 68, 1, 5, 10, 84]",1.0454340034755123,0.9933816432098513
715,5984.6875,"[0.84375, 0.75, 0.8125, 0.140625, 0.484375, 0.0, 0.0, 0.90625, 0.9375, 1.0, 0.0, 0.0, 0.0, 0.0, 0.84375, 0.875, 0.875, 0.0, 0.0, 0.0, 0.0]","[0.453125, 0.40625, 0.4375, 0.265625, 0.2890625, 0.0, 0.0, 0.484375, 0.46875, 0.5625, 0.0, 0.0, 0.0, 0.0, 0.484375, 0.4375, 0.46875, 0.0, 0.0, 0.0, 0.0]","[25, 59, 34, 63, 89, 68, 1, 5, 10, 65]",1.0432596421575886,0.9890402190482278
716,6122.65625,"[0.84375, 0.75, 0.8125, 0.140625, 0.484375, 0.0, 0.0, 0.90625, 0.9375, 1.0, 0.0, 0.0, 0.0, 0.0, 0.84375, 0.875, 0.875, 0.0, 0.0, 0.0, 0.0]","[0.453125, 0.40625, 0.4375, 0.265625, 0.2890625, 0.0, 0.0, 0.484375, 0.46875, 0.5625, 0.0, 0.0, 0.0, 0.0, 0.484375, 0.4375, 0.46875, 0.0, 0.0, 0.0, 0.0]","[25, 59, 34, 63, 89, 68, 1, 5, 10]",1.0432596421575886,0.9890402190482278
717,5984.6875,"[0.84375, 0.75, 0.8125, 0.140625, 0.484375, 0.0, 0.0, 0.90625, 0.9375, 1.0, 0.0, 0.0, 0.0, 0.0, 0.84375, 0.875, 0.875, 0.0, 0.0, 0.0, 0.0]","[0.453125, 0.40625, 0.4375, 0.265625, 0.2890625, 0.0, 0.0, 0.484375, 0.46875, 0.5625, 0.0, 0.0, 0.0, 0.0, 0.484375, 0.4375, 0.46875, 0.0, 0.0, 0.0, 0.0]","[25, 59, 34, 63, 89, 68, 1, 5, 10]",1.0432596421575886,0.9890402190482278
718,6024.0625,"[0.84375, 0.75, 0.8125, 0.140625, 0.484375, 0.0, 0.0, 0.90625, 0.9375, 1.0, 0.0, 0.0, 0.0, 0.0, 0.84375, 0.875, 0.875, 0.0, 0.0, 0.0, 0.0]","[0.453125, 0.40625, 0.4375, 0.265625, 0.2890625, 0.0, 0.0, 0.484375, 0.46875, 0.5625, 0.0, 0.0, 0.0, 0.0, 0.484375, 0.4375, 0.46875, 0.0, 0.0, 0.0, 0.0]","[25, 59, 34, 63, 89, 68, 1, 5, 10]",1.0432596421575886,0.9890402190482278
719,6102.8125,"[0.84375, 1.0, 0.8125, 0.140625, 0.484375, 0.0, 0.0, 0.90625, 0.9375, 1.0, 0.0, 0.0, 0.0, 0.0, 0.78125, 0.875, 0.8125, 0.0, 0.0, 0.0, 0.0]","[0.453125, 0.53125, 0.4375, 0.265625, 0.2890625, 0.0, 0.0, 0.484375, 0.46875, 0.5625, 0.0, 0.0, 0.0, 0.0, 0.421875, 0.4375, 0.4375, 0.0, 0.0, 0.0, 0.0]","[25, 59, 34, 63, 89, 68, 1, 5, 65]",1.045759639276873,0.9909468344185746
720,6063.4375,"[0.84375, 1.0, 0.8125, 0.140625, 0.484375, 0.0, 0.0, 0.90625, 0.9375, 1.0, 0.0, 0.0, 0.0, 0.0, 0.78125, 0.875, 0.8125, 0.0, 0.0, 0.0, 0.0]","[0.453125, 0.53125, 0.4375, 0.265625, 0.2890625, 0.0, 0.0, 0.484375, 0.46875, 0.5625, 0.0, 0.0, 0.0, 0.0, 0.421875, 0.4375, 0.4375, 0.0, 0.0, 0.0, 0.0]","[25, 59, 34, 63, 89, 68, 1, 5, 65]",1.045759639276873,0.9909468344185746
721,6043.75,"[0.84375, 1.0, 0.8125, 0.140625, 0.484375, 0.0, 0.0, 0.78125, 0.9375, 1.0, 0.0, 0.0, 0.0, 0.0, 0.8125, 0.875, 0.8125, 0.0, 0.0, 0.0, 0.0]","[0.453125, 0.53125, 0.4375, 0.265625, 0.2890625, 0.0, 0.0, 0.421875, 0.46875, 0.5625, 0.0, 0.0, 0.0, 0.0, 0.4375, 0.4375, 0.4375, 0.0, 0.0, 0.0, 0.0]","[25, 59, 34, 63, 89, 68, 0, 1, 5]",1.045569749360867,0.9904537985673834
722,6004.375,"[0.84375, 1.0, 0.8125, 0.140625, 0.453125, 0.0, 0.0, 0.84375, 0.9375, 1.0, 0.0, 0.0, 0.0, 0.0, 0.8125, 0.875, 0.8125, 0.0, 0.0, 0.0, 0.0]","[0.453125, 0.53125, 0.4375, 0.265625, 0.2734375, 0.0, 0.0, 0.453125, 0.46875, 0.5625, 0.0, 0.0, 0.0, 0.0, 0.4375, 0.4375, 0.4375, 0.0, 0.0, 0.0, 0.0]","[25, 59, 34, 63, 89, 68, 0, 1, 69]",1.0482176368220626,0.9925833339709302
723,6043.4375,"[0.8125, 1.0, 0.8125, 0.140625, 0.453125, 0.0, 0.0, 0.78125, 0.9375, 1.0, 0.0, 0.0, 0.0, 0.0, 0.78125, 0.875, 0.8125, 0.0, 0.0, 0.0, 0.0]","[0.4375, 0.53125, 0.4375, 0.265625, 0.2734375, 0.0, 0.0, 0.390625, 0.46875, 0.5625, 0.0, 0.0, 0.0, 0.0, 0.421875, 0.4375, 0.4375, 0.0, 0.0, 0.0, 0.0]","[25, 59, 34, 63, 89, 68, 0, 1, 2]",1.0494174245472885,0.9942470647396742
724,5885.9375,"[0.8125, 1.0, 0.8125, 0.140625, 0.453125, 0.0, 0.0, 0.78125, 0.9375, 1.0, 0.0, 0.0, 0.0, 0.0, 0.78125, 0.875, 0.8125, 0.0, 0.0, 0.0, 0.0]","[0.4375, 0.53125, 0.4375, 0.265625, 0.2734375, 0.0, 0.0, 0.390625, 0.46875, 0.5625, 0.0, 0.0, 0.0, 0.0, 0.421875, 0.4375, 0.4375, 0.0, 0.0, 0.0, 0.0]","[25, 59, 34, 63, 89, 68, 0, 1, 2, 6]",1.0494174245472885,0.9942470647396742
725,5925.625,"[0.8125, 1.0, 0.8125, 0.140625, 0.453125, 0.0, 0.0, 0.78125, 0.9375, 1.0, 0.0, 0.0, 0.0, 0.0, 0.71875, 0.875, 0.8125, 0.0, 0.0, 0.0, 0.0]","[0.4375, 0.53125, 0.4375, 0.265625, 0.2734375, 0.0, 0.0, 0.390625, 0.46875, 0.5625, 0.0, 0.0, 0.0, 0.0, 0.359375, 0.4375, 0.4375, 0.0, 0.0, 0.0, 0.0]","[25, 59, 34, 63, 89, 68, 0, 1, 2, 6]",1.0509973260533498,0.9972390768018752
726,6023.90625,"[0.8125, 0.875, 0.8125, 0.140625, 0.453125, 0.0, 0.0, 0.78125, 0.9375, 0.96875, 0.0, 0.0, 0.0, 0.0, 0.6875, 0.875, 0.8125, 0.0, 0.0, 0.0, 0.0]","[0.4375, 0.46875, 0.4375, 0.265625, 0.2734375, 0.0, 0.0, 0.390625, 0.46875, 0.546875, 0.0, 0.0, 0.0, 0.0, 0.34375, 0.4375, 0.4375, 0.0, 0.0, 0.0, 0.0]","[25, 59, 34, 63, 89, 68, 0, 1, 2]",1.0465136933131742,0.992194606928205
727,5767.8125,"[0.8125, 0.875, 0.8125, 0.140625, 0.453125, 0.0, 0.0, 0.78125, 0.8125, 0.96875, 0.0, 0.0, 0.0, 0.0, 0.6875, 0.875, 0.8125, 0.0, 0.0, 0.0, 0.0]","[0.4375, 0.46875, 0.4375, 0.265625, 0.2734375, 0.0, 0.0, 0.390625, 0.40625, 0.546875, 0.0, 0.0, 0.0, 0.0, 0.34375, 0.4375, 0.4375, 0.0, 0.0, 0.0, 0.0]","[25, 59, 34, 63, 89, 68, 0, 1, 2]",1.0438862759572167,0.9912251180210732
728,5728.4375,"[0.8125, 0.875, 0.8125, 0.140625, 0.453125, 0.0, 0.0, 0.78125, 0.8125, 0.96875, 0.0, 0.0, 0.0, 0.0, 0.8125, 0.875, 0.8125, 0.0, 0.0, 0.0, 0.0]","[0.4375, 0.46875, 0.4375, 0.265625, 0.2734375, 0.0, 0.0, 0.390625, 0.40625, 0.546875, 0.0, 0.0, 0.0, 0.0, 0.40625, 0.4375, 0.4375, 0.0, 0.0, 0.0, 0.0]","[25, 59, 34, 63, 89, 68, 0, 1, 6]",1.041789859276291,0.988117576255926
729,5728.4375,"[0.8125, 0.875, 0.8125, 0.140625, 0.453125, 0.0, 0.0, 0.78125, 0.8125, 0.96875, 0.0, 0.0, 0.0, 0.0, 0.8125, 0.875, 0.8125, 0.0, 0.0, 0.0, 0.0]","[0.4375, 0.46875, 0.4375, 0.265625, 0.2734375, 0.0, 0.0, 0.390625, 0.40625, 0.546875, 0.0, 0.0, 0.0, 0.0, 0.40625, 0.4375, 0.4375, 0.0, 0.0, 0.0, 0.0]","[25, 59, 34, 63, 89, 68, 0, 1, 6, 11]",1.041789859276291,0.988117576255926
730,5768.125,"[0.8125, 0.875, 0.8125, 0.140625, 0.484375, 0.0, 0.0, 0.78125, 0.8125, 0.96875, 0.0, 0.0, 0.0, 0.0, 0.8125, 0.875, 0.8125, 0.0, 0.0, 0.0, 0.0]","[0.4375, 0.46875, 0.4375, 0.265625, 0.3046875, 0.0, 0.0, 0.390625, 0.40625, 0.546875, 0.0, 0.0, 0.0, 0.0, 0.40625, 0.4375, 0.4375, 0.0, 0.0, 0.0, 0.0]","[25, 59, 34, 63, 89, 68, 0, 1, 6, 16]",1.0385642766134107,0.9837027133984478
731,5787.96875,"[0.8125, 0.875, 0.8125, 0.140625, 0.5, 0.0, 0.0, 0.78125, 0.8125, 0.96875, 0.0, 0.0, 0.0, 0.0, 0.8125, 0.875, 0.8125, 0.0, 0.0, 0.0, 0.0]","[0.4375, 0.46875, 0.4375, 0.265625, 0.3125, 0.0, 0.0, 0.390625, 0.40625, 0.546875, 0.0, 0.0, 0.0, 0.0, 0.40625, 0.4375, 0.4375, 0.0, 0.0, 0.0, 0.0]","[25, 59, 34, 63, 89, 68, 0, 1, 6, 38]",1.0370654569046074,0.9827577901998348
732,5827.65625,"[0.8125, 0.875, 0.8125, 0.140625, 0.5, 0.0, 0.0, 0.78125, 0.8125, 0.96875, 0.0, 0.0, 0.0, 0.0, 0.8125, 0.625, 0.8125, 0.0, 0.0, 0.0, 0.0]","[0.4375, 0.46875, 0.4375, 0.265625, 0.3125, 0.0, 0.0, 0.390625, 0.40625, 0.546875, 0.0, 0.0, 0.0, 0.0, 0.40625, 0.3125, 0.4375, 0.0, 0.0, 0.0, 0.0]","[25, 59, 34, 63, 89, 68, 0, 1, 6, 32]",1.0409311124714204,0.9888564891650191
733,5867.34375,"[0.8125, 0.875, 0.8125, 0.140625, 0.5625, 0.0, 0.0, 0.78125, 0.8125, 0.96875, 0.0, 0.0, 0.0, 0.0, 0.8125, 0.625, 0.8125, 0.0, 0.0, 0.0, 0.0]","[0.4375, 0.46875, 0.4375, 0.265625, 0.34375, 0.0, 0.0, 0.390625, 0.40625, 0.546875, 0.0, 0.0, 0.0, 0.0, 0.40625, 0.3125, 0.4375, 0.0, 0.0, 0.0, 0.0]","[25, 34, 63, 89, 68, 0, 1, 6]",1.0357978203227416,0.9858462811818265
734,5709.84375,"[0.8125, 0.875, 0.8125, 0.140625, 0.5625, 0.0, 0.0, 0.78125, 0.8125, 0.96875, 0.0, 0.0, 0.0, 0.0, 0.8125, 0.625, 0.8125, 0.0, 0.0, 0.0, 0.0]","[0.4375, 0.46875, 0.4375, 0.265625, 0.34375, 0.0, 0.0, 0.390625, 0.40625, 0.546875, 0.0, 0.0, 0.0, 0.0, 0.40625, 0.3125, 0.4375, 0.0, 0.0, 0.0, 0.0]","[25, 34, 63, 89, 68, 0, 1, 6, 38]",1.0357978203227416,0.9858462811818265
735,5749.21875,"[0.8125, 0.875, 0.8125, 0.140625, 0.5625, 0.0, 0.0, 0.78125, 0.8125, 0.96875, 0.0, 0.0, 0.0, 0.0, 0.8125, 0.625, 0.8125, 0.0, 0.0, 0.0, 0.0]","[0.4375, 0.46875, 0.4375, 0.265625, 0.34375, 0.0, 0.0, 0.390625, 0.40625, 0.546875, 0.0, 0.0, 0.0, 0.0, 0.40625, 0.3125, 0.4375, 0.0, 0.0, 0.0, 0.0]","[25, 34, 63, 89, 68, 0, 1, 6, 38]",1.0357978203227416,0.9858462811818265
736,5729.53125,"[0.8125, 0.875, 0.8125, 0.140625, 0.5625, 0.0, 0.0, 0.78125, 0.8125, 0.96875, 0.0, 0.0, 0.0, 0.0, 0.8125, 0.625, 0.8125, 0.0, 0.0, 0.0, 0.0]","[0.4375, 0.46875, 0.4375, 0.265625, 0.34375, 0.0, 0.0, 0.390625, 0.40625, 0.546875, 0.0, 0.0, 0.0, 0.0, 0.40625, 0.3125, 0.4375, 0.0, 0.0, 0.0, 0.0]","[25, 34, 63, 89, 68, 0, 1, 6, 38]",1.0357978203227416,0.9858462811818265
737,5749.21875,"[0.8125, 0.875, 0.8125, 0.140625, 0.5625, 0.0, 0.0, 0.78125, 0.8125, 0.96875, 0.0, 0.0, 0.0, 0.0, 0.8125, 0.625, 0.8125, 0.0, 0.0, 0.0, 0.0]","[0.4375, 0.46875, 0.4375, 0.265625, 0.34375, 0.0, 0.0, 0.390625, 0.40625, 0.546875, 0.0, 0.0, 0.0, 0.0, 0.40625, 0.3125, 0.4375, 0.0, 0.0, 0.0, 0.0]","[25, 34, 63, 89, 68, 0, 1, 6, 38]",1.0357978203227416,0.9858462811818265
738,5788.59375,"[0.8125, 0.875, 0.8125, 0.140625, 0.5625, 0.0, 0.0, 0.78125, 0.8125, 0.96875, 0.0, 0.0, 0.0, 0.0, 0.8125, 0.75, 0.8125, 0.0, 0.0, 0.0, 0.0]","[0.4375, 0.46875, 0.4375, 0.265625, 0.34375, 0.0, 0.0, 0.390625, 0.40625, 0.546875, 0.0, 0.0, 0.0, 0.0, 0.40625, 0.375, 0.4375, 0.0, 0.0, 0.0, 0.0]","[25, 34, 63, 89, 68, 0, 1, 6, 48]",1.0315872841116838,0.9807842353254745
739,5946.09375,"[0.8125, 0.875, 0.8125, 0.140625, 0.5625, 0.0, 0.0, 0.75, 0.8125, 0.96875, 0.0, 0.0, 0.0, 0.0, 0.8125, 0.75, 0.6875, 0.0, 0.0, 0.0, 0.0]","[0.4375, 0.46875, 0.4375, 0.265625, 0.34375, 0.0, 0.0, 0.375, 0.40625, 0.546875, 0.0, 0.0, 0.0, 0.0, 0.40625, 0.375, 0.375, 0.0, 0.0, 0.0, 0.0]","[25, 34, 63, 89, 68, 0, 1, 6, 33]",1.0335497451652604,0.982198728563819
740,6044.53125,"[0.8125, 0.875, 0.8125, 0.140625, 0.5625, 0.0, 0.0, 0.75, 0.8125, 0.9375, 0.0, 0.0, 0.0, 0.0, 0.8125, 0.5, 0.75, 0.0, 0.0, 0.0, 0.0]","[0.4375, 0.46875, 0.4375, 0.265625, 0.34375, 0.0, 0.0, 0.375, 0.40625, 0.53125, 0.0, 0.0, 0.0, 0.0, 0.40625, 0.25, 0.4375, 0.0, 0.0, 0.0, 0.0]","[25, 34, 63, 89, 68, 0, 1]",1.043123243628055,0.9934459752646104
741,5572.03125,"[0.8125, 0.875, 0.8125, 0.140625, 0.5625, 0.0, 0.0, 0.75, 0.8125, 0.9375, 0.0, 0.0, 0.0, 0.0, 0.8125, 0.5, 0.75, 0.0, 0.0, 0.0, 0.0]","[0.4375, 0.46875, 0.4375, 0.265625, 0.34375, 0.0, 0.0, 0.375, 0.40625, 0.53125, 0.0, 0.0, 0.0, 0.0, 0.40625, 0.25, 0.4375, 0.0, 0.0, 0.0, 0.0]","[25, 34, 63, 89, 68, 0, 1]",1.043123243628055,0.9934459752646104
742,5591.71875,"[0.8125, 0.875, 0.75, 0.140625, 0.5625, 0.0, 0.0, 0.8125, 0.8125, 0.9375, 0.0, 0.0, 0.0, 0.0, 0.8125, 0.5, 0.75, 0.0, 0.0, 0.0, 0.0]","[0.4375, 0.46875, 0.40625, 0.265625, 0.34375, 0.0, 0.0, 0.40625, 0.40625, 0.53125, 0.0, 0.0, 0.0, 0.0, 0.40625, 0.25, 0.4375, 0.0, 0.0, 0.0, 0.0]","[25, 34, 63, 89, 68, 0, 4]",1.043123243628055,0.9923591386765425
743,5631.09375,"[0.8125, 0.875, 0.75, 0.140625, 0.5625, 0.0, 0.0, 0.8125, 0.78125, 0.9375, 0.0, 0.0, 0.0, 0.0, 0.8125, 0.5, 0.75, 0.0, 0.0, 0.0, 0.0]","[0.4375, 0.46875, 0.40625, 0.265625, 0.34375, 0.0, 0.0, 0.40625, 0.390625, 0.53125, 0.0, 0.0, 0.0, 0.0, 0.40625, 0.25, 0.4375, 0.0, 0.0, 0.0, 0.0]","[25, 34, 63, 89, 68, 0, 4]",1.0428469896842394,0.99258416878654
744,5690.15625,"[0.8125, 0.875, 0.9375, 0.140625, 0.5625, 0.0, 0.0, 0.8125, 0.78125, 0.9375, 0.0, 0.0, 0.0, 0.0, 0.8125, 0.5, 0.75, 0.0, 0.0, 0.0, 0.0]","[0.4375, 0.46875, 0.46875, 0.265625, 0.34375, 0.0, 0.0, 0.40625, 0.390625, 0.53125, 0.0, 0.0, 0.0, 0.0, 0.40625, 0.25, 0.4375, 0.0, 0.0, 0.0, 0.0]","[25, 34, 63, 89, 68, 0, 6]",1.0467855331359044,0.994211403613283
745,5690.15625,"[0.8125, 0.875, 0.9375, 0.140625, 0.5625, 0.0, 0.0, 0.8125, 0.78125, 0.8125, 0.0, 0.0, 0.0, 0.0, 0.8125, 0.5, 0.75, 0.0, 0.0, 0.0, 0.0]","[0.4375, 0.46875, 0.46875, 0.265625, 0.34375, 0.0, 0.0, 0.40625, 0.390625, 0.46875, 0.0, 0.0, 0.0, 0.0, 0.40625, 0.25, 0.4375, 0.0, 0.0, 0.0, 0.0]","[25, 34, 63, 89, 68, 0, 6]",1.043039488116142,0.9881943786593681
746,5591.71875,"[0.8125, 0.875, 0.9375, 0.140625, 0.5625, 0.0, 0.0, 0.8125, 0.78125, 0.8125, 0.0, 0.0, 0.0, 0.0, 0.8125, 0.5, 0.75, 0.0, 0.0, 0.0, 0.0]","[0.4375, 0.46875, 0.46875, 0.265625, 0.34375, 0.0, 0.0, 0.40625, 0.390625, 0.46875, 0.0, 0.0, 0.0, 0.0, 0.40625, 0.25, 0.4375, 0.0, 0.0, 0.0, 0.0]","[25, 34, 63, 89, 68, 0, 6]",1.043039488116142,0.9881943786593681
747,5611.40625,"[0.8125, 0.875, 0.9375, 0.140625, 0.5625, 0.0, 0.0, 0.8125, 0.84375, 0.8125, 0.0, 0.0, 0.0, 0.0, 0.8125, 0.5, 0.75, 0.0, 0.0, 0.0, 0.0]","[0.4375, 0.46875, 0.46875, 0.265625, 0.34375, 0.0, 0.0, 0.40625, 0.421875, 0.46875, 0.0, 0.0, 0.0, 0.0, 0.40625, 0.25, 0.4375, 0.0, 0.0, 0.0, 0.0]","[25, 34, 63, 89, 68, 0, 48]",1.0437356811494707,0.9880536422684751
748,5690.15625,"[0.8125, 0.875, 0.9375, 0.140625, 0.5625, 0.0, 0.0, 0.8125, 0.84375, 0.8125, 0.0, 0.0, 0.0, 0.0, 0.8125, 0.5, 0.75, 0.0, 0.0, 0.0, 0.0]","[0.4375, 0.46875, 0.46875, 0.265625, 0.34375, 0.0, 0.0, 0.40625, 0.421875, 0.46875, 0.0, 0.0, 0.0, 0.0, 0.40625, 0.25, 0.4375, 0.0, 0.0, 0.0, 0.0]","[25, 34, 63, 89, 68, 0, 48]",1.0437356811494707,0.9880536422684751
749,5611.40625,"[0.8125, 0.875, 0.9375, 0.140625, 0.5625, 0.0, 0.0, 0.8125, 0.84375, 0.8125, 0.0, 0.0, 0.0, 0.0, 0.8125, 0.5, 0.75, 0.0, 0.0, 0.0, 0.0]","[0.4375, 0.46875, 0.46875, 0.265625, 0.34375, 0.0, 0.0, 0.40625, 0.421875, 0.46875, 0.0, 0.0, 0.0, 0.0, 0.40625, 0.25, 0.4375, 0.0, 0.0, 0.0, 0.0]","[25, 34, 63, 89, 68, 0, 48, 53]",1.0437356811494707,0.9880536422684751
750,5650.78125,"[0.8125, 0.875, 0.9375, 0.140625, 0.5625, 0.0, 0.0, 0.8125, 0.84375, 0.8125, 0.0, 0.0, 0.0, 0.0, 0.8125, 0.5, 0.8125, 0.0, 0.0, 0.0, 0.0]","[0.4375, 0.46875, 0.46875, 0.265625, 0.34375, 0.0, 0.0, 0.40625, 0.421875, 0.46875, 0.0, 0.0, 0.0, 0.0, 0.40625, 0.25, 0.5, 0.0, 0.0, 0.0, 0.0]","[25, 34, 63, 89, 68, 0, 48, 55]",1.0436590599960787,0.9916958318417414
751,5670.46875,"[0.8125, 0.875, 0.9375, 0.140625, 0.5625, 0.0, 0.0, 0.8125, 0.84375, 0.8125, 0.0, 0.0, 0.0, 0.0, 0.8125, 0.5, 0.84375, 0.0, 0.0, 0.0, 0.0]","[0.4375, 0.46875, 0.46875, 0.265625, 0.34375, 0.0, 0.0, 0.40625, 0.421875, 0.46875, 0.0, 0.0, 0.0, 0.0, 0.40625, 0.25, 0.515625, 0.0, 0.0, 0.0, 0.0]","[25, 34, 63, 89, 68, 0, 48, 59]",1.044041205814887,0.9931622179360903
752,5709.84375,"[0.8125, 0.875, 0.9375, 0.140625, 0.5625, 0.0, 0.0, 0.8125, 0.84375, 0.8125, 0.0, 0.0, 0.0, 0.0, 0.875, 0.5, 0.84375, 0.0, 0.0, 0.0, 0.0]","[0.4375, 0.46875, 0.46875, 0.265625, 0.34375, 0.0, 0.0, 0.40625, 0.421875, 0.46875, 0.0, 0.0, 0.0, 0.0, 0.4375, 0.25, 0.515625, 0.0, 0.0, 0.0, 0.0]","[25, 34, 63, 89, 68, 0, 48, 60]",1.0450015867954687,0.9931352717806017
753,5788.59375,"[0.8125, 0.875, 0.9375, 0.140625, 0.5625, 0.0, 0.0, 0.8125, 0.84375, 0.8125, 0.0, 0.0, 0.0, 0.0, 0.875, 0.5, 0.84375, 0.0, 0.0, 0.0, 0.0]","[0.4375, 0.46875, 0.46875, 0.265625, 0.34375, 0.0, 0.0, 0.40625, 0.421875, 0.46875, 0.0, 0.0, 0.0, 0.0, 0.4375, 0.25, 0.515625, 0.0, 0.0, 0.0, 0.0]","[25, 34, 63, 89, 68, 0, 48, 60]",1.0450015867954687,0.9931352717806017
754,5709.84375,"[0.8125, 0.875, 0.9375, 0.140625, 0.5625, 0.0, 0.0, 0.8125, 0.84375, 0.8125, 0.0, 0.0, 0.0, 0.0, 0.875, 0.5, 0.84375, 0.0, 0.0, 0.0, 0.0]","[0.4375, 0.46875, 0.46875, 0.265625, 0.34375, 0.0, 0.0, 0.40625, 0.421875, 0.46875, 0.0, 0.0, 0.0, 0.0, 0.4375, 0.25, 0.515625, 0.0, 0.0, 0.0, 0.0]","[25, 34, 63, 89, 68, 0, 48, 60, 67]",1.0450015867954687,0.9931352717806017
755,5749.21875,"[0.8125, 0.875, 0.9375, 0.140625, 0.53125, 0.0, 0.0, 0.8125, 0.84375, 0.8125, 0.0, 0.0, 0.0, 0.0, 0.875, 0.5625, 0.84375, 0.0, 0.0, 0.0, 0.0]","[0.4375, 0.46875, 0.46875, 0.265625, 0.3125, 0.0, 0.0, 0.40625, 0.421875, 0.46875, 0.0, 0.0, 0.0, 0.0, 0.4375, 0.3125, 0.515625, 0.0, 0.0, 0.0, 0.0]","[25, 34, 63, 89, 68, 0, 11, 48, 60]",1.0422392274426657,0.9869176952907723
756,5729.21875,"[0.8125, 0.875, 0.9375, 0.140625, 0.53125, 0.0, 0.0, 0.8125, 0.84375, 0.8125, 0.0, 0.0, 0.0, 0.0, 0.875, 0.53125, 0.84375, 0.0, 0.0, 0.0, 0.0]","[0.4375, 0.46875, 0.46875, 0.265625, 0.3125, 0.0, 0.0, 0.40625, 0.421875, 0.46875, 0.0, 0.0, 0.0, 0.0, 0.4375, 0.296875, 0.515625, 0.0, 0.0, 0.0, 0.0]","[25, 34, 63, 89, 68, 0, 9, 11, 48]",1.0446961009520381,0.9888703571921516
757,5729.21875,"[0.8125, 0.875, 0.9375, 0.109375, 0.53125, 0.0, 0.0, 0.8125, 0.84375, 0.8125, 0.0, 0.0, 0.0, 0.0, 0.875, 0.53125, 0.84375, 0.0, 0.0, 0.0, 0.0]","[0.4375, 0.46875, 0.46875, 0.203125, 0.3125, 0.0, 0.0, 0.40625, 0.421875, 0.46875, 0.0, 0.0, 0.0, 0.0, 0.4375, 0.296875, 0.515625, 0.0, 0.0, 0.0, 0.0]","[25, 34, 63, 89, 68, 0, 9, 11, 48]",1.0512941640424198,1.001362887971224
758,5728.90625,"[0.8125, 0.875, 0.9375, 0.09375, 0.5, 0.0, 0.0, 0.8125, 0.84375, 0.8125, 0.0, 0.0, 0.0, 0.0, 0.875, 0.53125, 0.84375, 0.0, 0.0, 0.0, 0.0]","[0.4375, 0.46875, 0.46875, 0.1875, 0.28125, 0.0, 0.0, 0.40625, 0.421875, 0.46875, 0.0, 0.0, 0.0, 0.0, 0.4375, 0.296875, 0.515625, 0.0, 0.0, 0.0, 0.0]","[25, 34, 63, 89, 68, 0, 9, 11, 22]",1.0575245797221327,1.0093846693012694
759,5748.125,"[0.78125, 0.875, 0.9375, 0.09375, 0.5, 0.0, 0.0, 0.8125, 0.84375, 0.8125, 0.0, 0.0, 0.0, 0.0, 0.875, 0.78125, 0.84375, 0.0, 0.0, 0.0, 0.0]","[0.421875, 0.46875, 0.46875, 0.1875, 0.28125, 0.0, 0.0, 0.40625, 0.421875, 0.46875, 0.0, 0.0, 0.0, 0.0, 0.4375, 0.421875, 0.515625, 0.0, 0.0, 0.0, 0.0]","[25, 34, 63, 89, 68, 0, 9, 11, 17]",1.0459980630275991,1.0005785363515487
760,5767.8125,"[0.78125, 0.875, 0.9375, 0.09375, 0.5, 0.0, 0.0, 0.8125, 0.84375, 0.8125, 0.0, 0.0, 0.0, 0.0, 0.875, 0.84375, 0.84375, 0.0, 0.0, 0.0, 0.0]","[0.421875, 0.46875, 0.46875, 0.1875, 0.28125, 0.0, 0.0, 0.40625, 0.421875, 0.46875, 0.0, 0.0, 0.0, 0.0, 0.4375, 0.484375, 0.515625, 0.0, 0.0, 0.0, 0.0]","[25, 34, 63, 89, 68, 0, 9, 11, 48]",1.0459246034520597,1.001921591536191
761,5787.5,"[0.8125, 0.875, 0.9375, 0.09375, 0.5, 0.0, 0.0, 0.8125, 0.84375, 0.8125, 0.0, 0.0, 0.0, 0.0, 0.875, 0.84375, 0.84375, 0.0, 0.0, 0.0, 0.0]","[0.4375, 0.46875, 0.46875, 0.1875, 0.28125, 0.0, 0.0, 0.40625, 0.421875, 0.46875, 0.0, 0.0, 0.0, 0.0, 0.4375, 0.484375, 0.515625, 0.0, 0.0, 0.0, 0.0]","[25, 34, 63, 89, 68, 0, 9, 11, 60]",1.04570155184794,1.0018213096505026
762,5826.875,"[0.8125, 0.875, 0.9375, 0.09375, 0.5, 0.0, 0.0, 0.75, 0.84375, 0.875, 0.0, 0.0, 0.0, 0.0, 0.875, 0.84375, 0.84375, 0.0, 0.0, 0.0, 0.0]","[0.4375, 0.46875, 0.46875, 0.1875, 0.28125, 0.0, 0.0, 0.375, 0.421875, 0.5, 0.0, 0.0, 0.0, 0.0, 0.4375, 0.484375, 0.515625, 0.0, 0.0, 0.0, 0.0]","[25, 34, 63, 89, 68, 0, 5, 9, 11]",1.046853477740199,1.0047470873664959
763,5866.25,"[0.8125, 0.875, 0.9375, 0.09375, 0.5, 0.0, 0.0, 0.75, 0.84375, 0.875, 0.0, 0.0, 0.0, 0.0, 0.875, 0.84375, 0.84375, 0.0, 0.0, 0.0, 0.0]","[0.4375, 0.46875, 0.46875, 0.1875, 0.28125, 0.0, 0.0, 0.375, 0.421875, 0.5, 0.0, 0.0, 0.0, 0.0, 0.4375, 0.484375, 0.515625, 0.0, 0.0, 0.0, 0.0]","[25, 34, 63, 89, 68, 0, 5, 9, 11]",1.046853477740199,1.0047470873664959
764,5945.0,"[0.8125, 0.875, 0.9375, 0.09375, 0.5, 0.0, 0.0, 0.75, 0.84375, 0.875, 0.0, 0.0, 0.0, 0.0, 0.875, 0.84375, 0.84375, 0.0, 0.0, 0.0, 0.0]","[0.4375, 0.46875, 0.46875, 0.1875, 0.28125, 0.0, 0.0, 0.375, 0.421875, 0.5, 0.0, 0.0, 0.0, 0.0, 0.4375, 0.484375, 0.515625, 0.0, 0.0, 0.0, 0.0]","[25, 34, 63, 89, 68, 0, 5, 9, 11]",1.046853477740199,1.0047470873664959
765,5826.875,"[0.8125, 0.875, 0.9375, 0.09375, 0.5, 0.0, 0.0, 0.8125, 0.84375, 0.875, 0.0, 0.0, 0.0, 0.0, 0.875, 0.84375, 0.84375, 0.0, 0.0, 0.0, 0.0]","[0.4375, 0.46875, 0.46875, 0.1875, 0.28125, 0.0, 0.0, 0.4375, 0.421875, 0.5, 0.0, 0.0, 0.0, 0.0, 0.4375, 0.484375, 0.515625, 0.0, 0.0, 0.0, 0.0]","[25, 34, 63, 89, 68, 0, 5, 9, 69]",1.0460319428606206,1.0026323209073886
766,5846.5625,"[0.8125, 0.875, 0.9375, 0.09375, 0.5, 0.0, 0.0, 0.8125, 0.84375, 0.875, 0.0, 0.0, 0.0, 0.0, 0.875, 0.84375, 0.78125, 0.0, 0.0, 0.0, 0.0]","[0.4375, 0.46875, 0.46875, 0.1875, 0.28125, 0.0, 0.0, 0.4375, 0.421875, 0.5, 0.0, 0.0, 0.0, 0.0, 0.4375, 0.484375, 0.453125, 0.0, 0.0, 0.0, 0.0]","[25, 34, 63, 89, 68, 0, 5, 9, 69]",1.0462776733243284,0.9998660348943964
767,5826.875,"[0.8125, 0.875, 0.9375, 0.0625, 0.5, 0.0, 0.0, 0.8125, 0.84375, 0.875, 0.0, 0.0, 0.0, 0.0, 0.875, 0.84375, 0.84375, 0.0, 0.0, 0.0, 0.0]","[0.4375, 0.46875, 0.46875, 0.125, 0.28125, 0.0, 0.0, 0.4375, 0.421875, 0.5, 0.0, 0.0, 0.0, 0.0, 0.4375, 0.484375, 0.484375, 0.0, 0.0, 0.0, 0.0]","[25, 34, 63, 89, 68, 0, 5, 9, 75]",1.0528640016210908,1.0184467851151142
768,5865.9375,"[0.8125, 0.875, 0.875, 0.0625, 0.5, 0.0, 0.0, 0.8125, 0.84375, 0.875, 0.0, 0.0, 0.0, 0.0, 0.875, 0.84375, 0.84375, 0.0, 0.0, 0.0, 0.0]","[0.4375, 0.46875, 0.4375, 0.125, 0.28125, 0.0, 0.0, 0.4375, 0.421875, 0.5, 0.0, 0.0, 0.0, 0.0, 0.4375, 0.484375, 0.484375, 0.0, 0.0, 0.0, 0.0]","[25, 34, 63, 89, 68, 0, 5, 9, 73]",1.0514253355827419,1.0180187191415484
769,5747.8125,"[0.8125, 0.875, 0.875, 0.0625, 0.5, 0.0, 0.0, 0.8125, 0.84375, 0.875, 0.0, 0.0, 0.0, 0.0, 0.875, 0.84375, 0.78125, 0.0, 0.0, 0.0, 0.0]","[0.4375, 0.46875, 0.4375, 0.125, 0.28125, 0.0, 0.0, 0.4375, 0.421875, 0.5, 0.0, 0.0, 0.0, 0.0, 0.4375, 0.484375, 0.421875, 0.0, 0.0, 0.0, 0.0]","[25, 34, 63, 89, 68, 0, 5, 9, 33, 73]",1.0515828056535799,1.0168297554732955
770,5748.125,"[0.8125, 0.875, 0.875, 0.0625, 0.5, 0.0, 0.0, 0.8125, 0.84375, 0.875, 0.0, 0.0, 0.0, 0.0, 0.875, 0.71875, 0.78125, 0.0, 0.0, 0.0, 0.0]","[0.4375, 0.46875, 0.4375, 0.125, 0.28125, 0.0, 0.0, 0.4375, 0.421875, 0.5, 0.0, 0.0, 0.0, 0.0, 0.4375, 0.421875, 0.421875, 0.0, 0.0, 0.0, 0.0]","[25, 34, 63, 89, 68, 0, 5, 9, 33, 38]",1.0527575145933157,1.0151647108123125
771,5807.03125,"[0.8125, 0.875, 0.875, 0.0625, 0.515625, 0.0, 0.0, 0.8125, 0.84375, 0.875, 0.0, 0.0, 0.0, 0.0, 0.875, 0.71875, 0.78125, 0.0, 0.0, 0.0, 0.0]","[0.4375, 0.46875, 0.4375, 0.125, 0.2890625, 0.0, 0.0, 0.4375, 0.421875, 0.5, 0.0, 0.0, 0.0, 0.0, 0.4375, 0.421875, 0.421875, 0.0, 0.0, 0.0, 0.0]","[25, 34, 63, 89, 68, 0, 5, 9, 33]",1.0513160042291858,1.013996487427219
772,5688.90625,"[0.8125, 0.875, 0.875, 0.0625, 0.515625, 0.0, 0.0, 0.8125, 0.84375, 0.875, 0.0, 0.0, 0.0, 0.0, 0.875, 0.71875, 0.78125, 0.0, 0.0, 0.0, 0.0]","[0.4375, 0.46875, 0.4375, 0.125, 0.2890625, 0.0, 0.0, 0.4375, 0.421875, 0.5, 0.0, 0.0, 0.0, 0.0, 0.4375, 0.421875, 0.421875, 0.0, 0.0, 0.0, 0.0]","[25, 34, 63, 89, 68, 0, 5, 9, 33]",1.0513160042291858,1.013996487427219
773,5728.28125,"[0.8125, 0.875, 0.875, 0.0625, 0.515625, 0.0, 0.0, 0.8125, 0.84375, 0.875, 0.0, 0.0, 0.0, 0.0, 0.875, 0.84375, 0.78125, 0.0, 0.0, 0.0, 0.0]","[0.4375, 0.46875, 0.4375, 0.125, 0.2890625, 0.0, 0.0, 0.4375, 0.421875, 0.5, 0.0, 0.0, 0.0, 0.0, 0.4375, 0.484375, 0.421875, 0.0, 0.0, 0.0, 0.0]","[25, 34, 63, 89, 68, 0, 5, 9, 73]",1.0501293027810081,1.0156410339440665
774,5728.28125,"[0.8125, 0.875, 0.875, 0.0625, 0.515625, 0.0, 0.0, 0.8125, 0.84375, 0.875, 0.0, 0.0, 0.0, 0.0, 0.875, 0.78125, 0.78125, 0.0, 0.0, 0.0, 0.0]","[0.4375, 0.46875, 0.4375, 0.125, 0.2890625, 0.0, 0.0, 0.4375, 0.421875, 0.5, 0.0, 0.0, 0.0, 0.0, 0.4375, 0.421875, 0.421875, 0.0, 0.0, 0.0, 0.0]","[25, 34, 63, 89, 68, 0, 5, 9, 67, 73]",1.0501794172648105,1.013996487427219
775,5728.59375,"[0.8125, 0.84375, 0.875, 0.0625, 0.546875, 0.0, 0.0, 0.8125, 0.84375, 0.875, 0.0, 0.0, 0.0, 0.0, 0.875, 0.78125, 0.78125, 0.0, 0.0, 0.0, 0.0]","[0.4375, 0.453125, 0.4375, 0.125, 0.3203125, 0.0, 0.0, 0.4375, 0.421875, 0.5, 0.0, 0.0, 0.0, 0.0, 0.4375, 0.421875, 0.421875, 0.0, 0.0, 0.0, 0.0]","[25, 34, 63, 89, 68, 0, 5, 9, 45, 67]",1.0470568161328992,1.0093834947872427
776,5728.75,"[0.8125, 0.84375, 0.875, 0.0625, 0.546875, 0.0, 0.0, 0.8125, 0.84375, 0.875, 0.0, 0.0, 0.0, 0.0, 0.875, 0.78125, 0.78125, 0.0, 0.0, 0.0, 0.0]","[0.4375, 0.453125, 0.4375, 0.125, 0.3203125, 0.0, 0.0, 0.4375, 0.421875, 0.5, 0.0, 0.0, 0.0, 0.0, 0.4375, 0.421875, 0.421875, 0.0, 0.0, 0.0, 0.0]","[25, 34, 63, 89, 68, 0, 5, 9, 45, 67]",1.0470568161328992,1.0093834947872427
777,5748.59375,"[0.8125, 0.84375, 0.875, 0.0625, 0.546875, 0.0, 0.0, 0.8125, 0.84375, 0.875, 0.0, 0.0, 0.0, 0.0, 0.875, 0.78125, 0.78125, 0.0, 0.0, 0.0, 0.0]","[0.4375, 0.453125, 0.4375, 0.125, 0.3203125, 0.0, 0.0, 0.4375, 0.421875, 0.5, 0.0, 0.0, 0.0, 0.0, 0.4375, 0.421875, 0.421875, 0.0, 0.0, 0.0, 0.0]","[25, 34, 63, 89, 68, 0, 5, 9, 45, 67]",1.0470568161328992,1.0093834947872427
778,5788.28125,"[0.8125, 0.84375, 0.875, 0.0625, 0.609375, 0.0, 0.0, 0.8125, 0.84375, 0.875, 0.0, 0.0, 0.0, 0.0, 0.875, 0.78125, 0.78125, 0.0, 0.0, 0.0, 0.0]","[0.4375, 0.453125, 0.4375, 0.125, 0.3515625, 0.0, 0.0, 0.4375, 0.421875, 0.5, 0.0, 0.0, 0.0, 0.0, 0.4375, 0.421875, 0.421875, 0.0, 0.0, 0.0, 0.0]","[25, 34, 63, 89, 68, 0, 5, 9, 45, 75]",1.0426454783378254,1.0064208662191012
779,5947.03125,"[0.8125, 0.84375, 0.875, 0.0625, 0.609375, 0.0, 0.0, 0.8125, 0.84375, 0.875, 0.0, 0.0, 0.0, 0.0, 0.875, 0.78125, 0.78125, 0.0, 0.0, 0.0, 0.0]","[0.4375, 0.453125, 0.4375, 0.125, 0.3515625, 0.0, 0.0, 0.4375, 0.421875, 0.5, 0.0, 0.0, 0.0, 0.0, 0.4375, 0.421875, 0.421875, 0.0, 0.0, 0.0, 0.0]","[25, 34, 63, 89, 68, 0, 5, 9, 45, 75]",1.0426454783378254,1.0064208662191012
780,5827.96875,"[0.8125, 0.84375, 0.875, 0.0625, 0.609375, 0.0, 0.0, 0.8125, 0.84375, 0.875, 0.0, 0.0, 0.0, 0.0, 0.875, 0.78125, 0.78125, 0.0, 0.0, 0.0, 0.0]","[0.4375, 0.453125, 0.4375, 0.125, 0.3515625, 0.0, 0.0, 0.4375, 0.421875, 0.5, 0.0, 0.0, 0.0, 0.0, 0.4375, 0.421875, 0.421875, 0.0, 0.0, 0.0, 0.0]","[25, 34, 63, 89, 68, 0, 5, 9, 45, 75]",1.0426454783378254,1.0064208662191012
781,5808.125,"[0.8125, 0.78125, 0.875, 0.0625, 0.609375, 0.0, 0.0, 0.8125, 0.84375, 0.875, 0.0, 0.0, 0.0, 0.0, 0.875, 0.78125, 0.78125, 0.0, 0.0, 0.0, 0.0]","[0.4375, 0.421875, 0.4375, 0.125, 0.3515625, 0.0, 0.0, 0.4375, 0.421875, 0.5, 0.0, 0.0, 0.0, 0.0, 0.4375, 0.421875, 0.421875, 0.0, 0.0, 0.0, 0.0]","[25, 34, 63, 89, 68, 0, 5, 9, 45, 47]",1.0425797339230651,1.0059888021856676
782,5788.59375,"[0.8125, 0.78125, 0.875, 0.0625, 0.59375, 0.0, 0.0, 0.8125, 0.84375, 0.875, 0.0, 0.0, 0.0, 0.0, 0.875, 0.78125, 0.78125, 0.0, 0.0, 0.0, 0.0]","[0.4375, 0.421875, 0.4375, 0.125, 0.34375, 0.0, 0.0, 0.4375, 0.421875, 0.5, 0.0, 0.0, 0.0, 0.0, 0.4375, 0.421875, 0.421875, 0.0, 0.0, 0.0, 0.0]","[25, 34, 63, 89, 68, 0, 5, 9, 45, 47]",1.0435572776395623,1.0066176086827388
783,5808.4375,"[0.8125, 0.78125, 0.875, 0.0625, 0.59375, 0.0, 0.0, 0.8125, 0.84375, 0.875, 0.0, 0.0, 0.0, 0.0, 0.875, 0.78125, 0.78125, 0.0, 0.0, 0.0, 0.0]","[0.4375, 0.421875, 0.4375, 0.125, 0.34375, 0.0, 0.0, 0.4375, 0.421875, 0.5, 0.0, 0.0, 0.0, 0.0, 0.4375, 0.421875, 0.421875, 0.0, 0.0, 0.0, 0.0]","[25, 34, 63, 89, 68, 0, 5, 9, 45, 47]",1.0435572776395623,1.0066176086827388
784,5887.8125,"[0.8125, 0.78125, 0.875, 0.0625, 0.59375, 0.0, 0.0, 0.8125, 0.84375, 0.875, 0.0, 0.0, 0.0, 0.0, 0.875, 0.78125, 0.78125, 0.0, 0.0, 0.0, 0.0]","[0.4375, 0.421875, 0.4375, 0.125, 0.34375, 0.0, 0.0, 0.4375, 0.421875, 0.5, 0.0, 0.0, 0.0, 0.0, 0.4375, 0.421875, 0.421875, 0.0, 0.0, 0.0, 0.0]","[25, 34, 63, 89, 68, 0, 5, 9, 45, 47]",1.0435572776395623,1.0066176086827388
785,5768.75,"[0.8125, 0.78125, 0.875, 0.0625, 0.625, 0.0, 0.0, 0.8125, 0.84375, 0.875, 0.0, 0.0, 0.0, 0.0, 0.875, 0.78125, 0.78125, 0.0, 0.0, 0.0, 0.0]","[0.4375, 0.421875, 0.4375, 0.125, 0.375, 0.0, 0.0, 0.4375, 0.421875, 0.5, 0.0, 0.0, 0.0, 0.0, 0.4375, 0.421875, 0.421875, 0.0, 0.0, 0.0, 0.0]","[25, 34, 63, 89, 68, 0, 5, 9, 45, 75]",1.0416759368423798,1.0044781697840446
786,5788.59375,"[0.78125, 0.78125, 0.875, 0.0625, 0.625, 0.0, 0.0, 0.8125, 0.84375, 0.875, 0.0, 0.0, 0.0, 0.0, 0.875, 0.78125, 0.78125, 0.0, 0.0, 0.0, 0.0]","[0.421875, 0.421875, 0.4375, 0.125, 0.375, 0.0, 0.0, 0.4375, 0.421875, 0.5, 0.0, 0.0, 0.0, 0.0, 0.4375, 0.421875, 0.421875, 0.0, 0.0, 0.0, 0.0]","[25, 34, 63, 89, 68, 0, 5, 9, 45, 75]",1.0417557963885746,1.00437927834562
787,5788.75,"[0.78125, 0.78125, 0.875, 0.0625, 0.65625, 0.0, 0.0, 0.8125, 0.84375, 0.875, 0.0, 0.0, 0.0, 0.0, 0.875, 0.78125, 0.78125, 0.0, 0.0, 0.0, 0.0]","[0.421875, 0.421875, 0.4375, 0.125, 0.390625, 0.0, 0.0, 0.4375, 0.421875, 0.5, 0.0, 0.0, 0.0, 0.0, 0.4375, 0.421875, 0.421875, 0.0, 0.0, 0.0, 0.0]","[25, 34, 63, 89, 68, 0, 5, 9, 45, 76]",1.0401837570932888,1.0037002558189598
788,5868.125,"[0.78125, 0.78125, 0.875, 0.0625, 0.71875, 0.0, 0.0, 0.8125, 0.84375, 0.875, 0.0, 0.0, 0.0, 0.0, 0.875, 0.78125, 0.78125, 0.0, 0.0, 0.0, 0.0]","[0.421875, 0.421875, 0.4375, 0.125, 0.421875, 0.0, 0.0, 0.4375, 0.421875, 0.5, 0.0, 0.0, 0.0, 0.0, 0.4375, 0.421875, 0.421875, 0.0, 0.0, 0.0, 0.0]","[25, 34, 63, 89, 68, 0, 5, 9, 45, 82]",1.0379012904082925,1.0030639159215793
789,6026.875,"[0.78125, 0.78125, 0.875, 0.0625, 0.71875, 0.0, 0.0, 0.8125, 0.84375, 0.84375, 0.0, 0.0, 0.0, 0.0, 0.875, 0.78125, 0.78125, 0.0, 0.0, 0.0, 0.0]","[0.421875, 0.421875, 0.4375, 0.125, 0.421875, 0.0, 0.0, 0.4375, 0.421875, 0.484375, 0.0, 0.0, 0.0, 0.0, 0.4375, 0.421875, 0.421875, 0.0, 0.0, 0.0, 0.0]","[25, 34, 63, 89, 68, 0, 5, 9, 15, 41]",1.037416020188168,1.001974044187884
790,5888.125,"[0.78125, 0.78125, 0.875, 0.0625, 0.734375, 0.0, 0.0, 0.8125, 0.84375, 0.84375, 0.0, 0.0, 0.0, 0.0, 0.875, 0.78125, 0.78125, 0.0, 0.0, 0.0, 0.0]","[0.421875, 0.421875, 0.4375, 0.125, 0.4453125, 0.0, 0.0, 0.4375, 0.421875, 0.484375, 0.0, 0.0, 0.0, 0.0, 0.4375, 0.421875, 0.421875, 0.0, 0.0, 0.0, 0.0]","[25, 34, 63, 89, 68, 0, 5, 9, 15, 38]",1.037034183868437,1.0021586124218396
791,5888.125,"[0.78125, 0.78125, 0.875, 0.0625, 0.734375, 0.0, 0.0, 0.8125, 0.84375, 0.84375, 0.0, 0.0, 0.0, 0.0, 0.875, 0.78125, 0.78125, 0.0, 0.0, 0.0, 0.0]","[0.421875, 0.421875, 0.4375, 0.125, 0.4453125, 0.0, 0.0, 0.4375, 0.421875, 0.484375, 0.0, 0.0, 0.0, 0.0, 0.4375, 0.421875, 0.421875, 0.0, 0.0, 0.0, 0.0]","[25, 34, 63, 89, 68, 0, 5, 9, 15, 38]",1.037034183868437,1.0021586124218396
792,5907.96875,"[0.78125, 0.78125, 0.875, 0.0625, 0.734375, 0.0, 0.0, 0.8125, 0.84375, 0.84375, 0.0, 0.0, 0.0, 0.0, 0.875, 0.78125, 0.78125, 0.0, 0.0, 0.0, 0.0]","[0.421875, 0.421875, 0.4375, 0.125, 0.4453125, 0.0, 0.0, 0.4375, 0.421875, 0.484375, 0.0, 0.0, 0.0, 0.0, 0.4375, 0.421875, 0.421875, 0.0, 0.0, 0.0, 0.0]","[25, 34, 63, 89, 68, 0, 5, 9, 15, 38]",1.037034183868437,1.0021586124218396
793,5947.65625,"[0.78125, 0.78125, 0.875, 0.0625, 0.734375, 0.0, 0.0, 0.8125, 0.84375, 0.84375, 0.0, 0.0, 0.0, 0.0, 0.875, 0.78125, 0.78125, 0.0, 0.0, 0.0, 0.0]","[0.421875, 0.421875, 0.4375, 0.125, 0.4453125, 0.0, 0.0, 0.4375, 0.421875, 0.484375, 0.0, 0.0, 0.0, 0.0, 0.4375, 0.421875, 0.421875, 0.0, 0.0, 0.0, 0.0]","[25, 34, 63, 89, 68, 0, 5, 9, 15, 38]",1.037034183868437,1.0021586124218396
794,6027.03125,"[0.78125, 0.78125, 0.875, 0.0625, 0.796875, 0.0, 0.0, 0.8125, 0.84375, 0.84375, 0.0, 0.0, 0.0, 0.0, 0.875, 0.53125, 0.78125, 0.0, 0.0, 0.0, 0.0]","[0.421875, 0.421875, 0.4375, 0.125, 0.4765625, 0.0, 0.0, 0.4375, 0.421875, 0.484375, 0.0, 0.0, 0.0, 0.0, 0.4375, 0.296875, 0.421875, 0.0, 0.0, 0.0, 0.0]","[25, 34, 63, 89, 68, 0, 5, 9, 15, 22]",1.0476157982206296,1.0120571042667015
795,5988.28125,"[0.78125, 0.71875, 0.875, 0.0625, 0.796875, 0.0, 0.0, 0.8125, 0.84375, 0.84375, 0.0, 0.0, 0.0, 0.0, 0.875, 0.53125, 0.78125, 0.0, 0.0, 0.0, 0.0]","[0.421875, 0.359375, 0.4375, 0.125, 0.4765625, 0.0, 0.0, 0.4375, 0.421875, 0.484375, 0.0, 0.0, 0.0, 0.0, 0.4375, 0.296875, 0.421875, 0.0, 0.0, 0.0, 0.0]","[25, 34, 63, 89, 68, 0, 5, 9, 15]",1.048501119580478,1.0140587060914281
796,5928.125,"[0.78125, 0.71875, 0.875, 0.0625, 0.8125, 0.0, 0.0, 0.8125, 0.84375, 0.84375, 0.0, 0.0, 0.0, 0.0, 0.875, 0.53125, 0.75, 0.0, 0.0, 0.0, 0.0]","[0.421875, 0.359375, 0.4375, 0.125, 0.484375, 0.0, 0.0, 0.4375, 0.421875, 0.484375, 0.0, 0.0, 0.0, 0.0, 0.4375, 0.296875, 0.40625, 0.0, 0.0, 0.0, 0.0]","[25, 34, 63, 89, 68, 0, 5, 9]",1.0488244885996851,1.0146609591404316
797,5947.8125,"[0.78125, 0.71875, 0.875, 0.0625, 0.8125, 0.0, 0.0, 0.8125, 0.84375, 0.84375, 0.0, 0.0, 0.0, 0.0, 0.875, 0.53125, 0.75, 0.0, 0.0, 0.0, 0.0]","[0.421875, 0.359375, 0.4375, 0.125, 0.484375, 0.0, 0.0, 0.4375, 0.421875, 0.484375, 0.0, 0.0, 0.0, 0.0, 0.4375, 0.296875, 0.40625, 0.0, 0.0, 0.0, 0.0]","[25, 34, 63, 89, 68, 0, 5]",1.0488244885996851,1.0146609591404316
798,5829.6875,"[0.78125, 0.71875, 0.875, 0.0625, 0.78125, 0.0, 0.0, 0.8125, 0.84375, 0.84375, 0.0, 0.0, 0.0, 0.0, 0.875, 0.53125, 0.75, 0.0, 0.0, 0.0, 0.0]","[0.421875, 0.359375, 0.4375, 0.125, 0.453125, 0.0, 0.0, 0.4375, 0.421875, 0.484375, 0.0, 0.0, 0.0, 0.0, 0.4375, 0.296875, 0.40625, 0.0, 0.0, 0.0, 0.0]","[25, 34, 63, 89, 68, 0, 5]",1.0487457865792478,1.0127720786466567
799,5868.75,"[0.78125, 0.71875, 0.875, 0.0625, 0.78125, 0.0, 0.0, 0.8125, 0.84375, 0.84375, 0.0, 0.0, 0.0, 0.0, 0.875, 0.53125, 0.75, 0.0, 0.0, 0.0, 0.0]","[0.421875, 0.359375, 0.4375, 0.125, 0.453125, 0.0, 0.0, 0.4375, 0.421875, 0.484375, 0.0, 0.0, 0.0, 0.0, 0.4375, 0.296875, 0.40625, 0.0, 0.0, 0.0, 0.0]","[25, 34, 63, 89, 68, 0, 5]",1.0487457865792478,1.0127720786466567
800,5750.625,"[0.78125, 0.71875, 0.875, 0.0625, 0.765625, 0.0, 0.0, 0.8125, 0.84375, 0.84375, 0.0, 0.0, 0.0, 0.0, 0.875, 0.53125, 0.8125, 0.0, 0.0, 0.0, 0.0]","[0.421875, 0.359375, 0.4375, 0.125, 0.4453125, 0.0, 0.0, 0.4375, 0.421875, 0.484375, 0.0, 0.0, 0.0, 0.0, 0.4375, 0.296875, 0.46875, 0.0, 0.0, 0.0, 0.0]","[25, 34, 63, 89, 68, 0, 9]",1.048656942810685,1.013990278253446
801,5750.46875,"[0.8125, 0.71875, 0.625, 0.0625, 0.765625, 0.0, 0.0, 0.8125, 0.84375, 0.84375, 0.0, 0.0, 0.0, 0.0, 0.875, 0.53125, 0.8125, 0.0, 0.0, 0.0, 0.0]","[0.4375, 0.359375, 0.3125, 0.125, 0.4453125, 0.0, 0.0, 0.4375, 0.421875, 0.484375, 0.0, 0.0, 0.0, 0.0, 0.4375, 0.296875, 0.46875, 0.0, 0.0, 0.0, 0.0]","[25, 34, 63, 89, 68, 0, 16]",1.051445856608068,1.0198437039735246
802,5632.34375,"[0.8125, 0.78125, 0.625, 0.0625, 0.765625, 0.0, 0.0, 0.8125, 0.84375, 0.84375, 0.0, 0.0, 0.0, 0.0, 0.875, 0.53125, 0.8125, 0.0, 0.0, 0.0, 0.0]","[0.4375, 0.390625, 0.3125, 0.125, 0.4453125, 0.0, 0.0, 0.4375, 0.421875, 0.484375, 0.0, 0.0, 0.0, 0.0, 0.4375, 0.296875, 0.46875, 0.0, 0.0, 0.0, 0.0]","[25, 34, 63, 89, 68, 0, 20]",1.050918357086303,1.0185254826173211
803,5711.09375,"[0.8125, 0.90625, 0.625, 0.0625, 0.765625, 0.0, 0.0, 0.8125, 0.84375, 0.84375, 0.0, 0.0, 0.0, 0.0, 0.875, 0.53125, 0.8125, 0.0, 0.0, 0.0, 0.0]","[0.4375, 0.453125, 0.3125, 0.125, 0.4453125, 0.0, 0.0, 0.4375, 0.421875, 0.484375, 0.0, 0.0, 0.0, 0.0, 0.4375, 0.296875, 0.46875, 0.0, 0.0, 0.0, 0.0]","[25, 34, 63, 89, 68, 0, 22]",1.053294112488623,1.01892275693027
804,5711.09375,"[0.8125, 0.90625, 0.625, 0.0625, 0.765625, 0.0, 0.0, 0.8125, 0.84375, 0.84375, 0.0, 0.0, 0.0, 0.0, 0.875, 0.53125, 0.8125, 0.0, 0.0, 0.0, 0.0]","[0.4375, 0.453125, 0.3125, 0.125, 0.4453125, 0.0, 0.0, 0.4375, 0.421875, 0.484375, 0.0, 0.0, 0.0, 0.0, 0.4375, 0.296875, 0.46875, 0.0, 0.0, 0.0, 0.0]","[25, 34, 63, 89, 68, 22, 0, 40, 45]",1.053294112488623,1.01892275693027
805,5908.28125,"[0.8125, 0.90625, 0.875, 0.0625, 0.765625, 0.0, 0.0, 0.8125, 0.84375, 0.84375, 0.0, 0.0, 0.0, 0.0, 0.875, 0.53125, 0.8125, 0.0, 0.0, 0.0, 0.0]","[0.4375, 0.453125, 0.4375, 0.125, 0.4453125, 0.0, 0.0, 0.4375, 0.421875, 0.484375, 0.0, 0.0, 0.0, 0.0, 0.4375, 0.296875, 0.46875, 0.0, 0.0, 0.0, 0.0]","[25, 34, 63, 89, 68, 22, 0, 45]",1.0491370489212286,1.0123327958690334
806,5888.28125,"[0.8125, 0.90625, 0.875, 0.0625, 0.765625, 0.0, 0.0, 0.8125, 0.84375, 0.84375, 0.0, 0.0, 0.0, 0.0, 0.875, 0.53125, 0.8125, 0.0, 0.0, 0.0, 0.0]","[0.4375, 0.453125, 0.4375, 0.125, 0.4453125, 0.0, 0.0, 0.4375, 0.421875, 0.484375, 0.0, 0.0, 0.0, 0.0, 0.4375, 0.296875, 0.46875, 0.0, 0.0, 0.0, 0.0]","[25, 34, 63, 89, 68, 22, 0, 45]",1.0491370489212286,1.0123327958690334
807,5907.96875,"[0.8125, 0.90625, 0.875, 0.0625, 0.765625, 0.0, 0.0, 0.5625, 0.84375, 0.84375, 0.0, 0.0, 0.0, 0.0, 0.875, 0.53125, 0.875, 0.0, 0.0, 0.0, 0.0]","[0.4375, 0.453125, 0.4375, 0.125, 0.4453125, 0.0, 0.0, 0.3125, 0.421875, 0.484375, 0.0, 0.0, 0.0, 0.0, 0.4375, 0.296875, 0.5, 0.0, 0.0, 0.0, 0.0]","[25, 34, 63, 89, 68, 22, 0, 55]",1.059148661061624,1.0210816382004637
808,5829.21875,"[0.8125, 0.90625, 0.875, 0.0625, 0.765625, 0.0, 0.0, 0.6875, 0.84375, 0.84375, 0.0, 0.0, 0.0, 0.0, 0.875, 0.53125, 0.875, 0.0, 0.0, 0.0, 0.0]","[0.4375, 0.453125, 0.4375, 0.125, 0.4453125, 0.0, 0.0, 0.375, 0.421875, 0.484375, 0.0, 0.0, 0.0, 0.0, 0.4375, 0.296875, 0.5, 0.0, 0.0, 0.0, 0.0]","[25, 34, 63, 89, 22, 0, 68]",1.0521034746794662,1.0156208097800872
809,5829.21875,"[0.8125, 0.90625, 0.875, 0.0625, 0.703125, 0.0, 0.0, 0.6875, 0.84375, 0.84375, 0.0, 0.0, 0.0, 0.0, 0.875, 0.53125, 0.875, 0.0, 0.0, 0.0, 0.0]","[0.4375, 0.453125, 0.4375, 0.125, 0.4140625, 0.0, 0.0, 0.375, 0.421875, 0.484375, 0.0, 0.0, 0.0, 0.0, 0.4375, 0.296875, 0.5, 0.0, 0.0, 0.0, 0.0]","[25, 34, 63, 89, 22, 68, 0, 67, 71]",1.0535192272110838,1.0154797201452948
810,5946.71875,"[0.8125, 0.90625, 0.875, 0.0625, 0.703125, 0.0, 0.0, 0.9375, 0.84375, 0.84375, 0.0, 0.0, 0.0, 0.0, 0.875, 0.59375, 0.75, 0.0, 0.0, 0.0, 0.0]","[0.4375, 0.453125, 0.4375, 0.125, 0.4140625, 0.0, 0.0, 0.5, 0.421875, 0.484375, 0.0, 0.0, 0.0, 0.0, 0.4375, 0.359375, 0.4375, 0.0, 0.0, 0.0, 0.0]","[25, 34, 63, 89, 22, 68, 0, 39]",1.048754363178392,1.0074617460394644
811,5887.65625,"[0.6875, 0.90625, 0.625, 0.0625, 0.703125, 0.0, 0.0, 0.9375, 0.84375, 0.84375, 0.0, 0.0, 0.0, 0.0, 0.875, 0.59375, 0.78125, 0.0, 0.0, 0.0, 0.0]","[0.375, 0.453125, 0.3125, 0.125, 0.4140625, 0.0, 0.0, 0.5, 0.421875, 0.484375, 0.0, 0.0, 0.0, 0.0, 0.4375, 0.359375, 0.453125, 0.0, 0.0, 0.0, 0.0]","[25, 34, 63, 89, 22, 68, 0, 4]",1.0548101497874343,1.015871131747763
812,5848.28125,"[0.6875, 0.78125, 0.625, 0.0625, 0.703125, 0.0, 0.0, 0.9375, 0.84375, 0.84375, 0.0, 0.0, 0.0, 0.0, 0.875, 0.59375, 0.78125, 0.0, 0.0, 0.0, 0.0]","[0.375, 0.390625, 0.3125, 0.125, 0.4140625, 0.0, 0.0, 0.5, 0.421875, 0.484375, 0.0, 0.0, 0.0, 0.0, 0.4375, 0.359375, 0.453125, 0.0, 0.0, 0.0, 0.0]","[25, 34, 63, 89, 22, 68, 0]",1.0523371746886598,1.0154928187847476
813,5651.40625,"[0.8125, 0.78125, 0.625, 0.0625, 0.703125, 0.0, 0.0, 0.9375, 0.84375, 0.84375, 0.0, 0.0, 0.0, 0.0, 0.625, 0.59375, 0.78125, 0.0, 0.0, 0.0, 0.0]","[0.4375, 0.390625, 0.3125, 0.125, 0.4140625, 0.0, 0.0, 0.5, 0.421875, 0.484375, 0.0, 0.0, 0.0, 0.0, 0.3125, 0.359375, 0.453125, 0.0, 0.0, 0.0, 0.0]","[25, 34, 63, 89, 22, 68, 4]",1.053193941224627,1.0203339490637267
814,5651.40625,"[0.8125, 0.78125, 0.625, 0.0625, 0.703125, 0.0, 0.0, 0.9375, 0.84375, 0.84375, 0.0, 0.0, 0.0, 0.0, 0.625, 0.34375, 0.78125, 0.0, 0.0, 0.0, 0.0]","[0.4375, 0.390625, 0.3125, 0.125, 0.4140625, 0.0, 0.0, 0.5, 0.421875, 0.484375, 0.0, 0.0, 0.0, 0.0, 0.3125, 0.234375, 0.453125, 0.0, 0.0, 0.0, 0.0]","[25, 34, 63, 89, 22, 68, 3]",1.078923989004314,1.0365898932568287
815,5375.78125,"[0.8125, 0.78125, 0.6875, 0.03125, 0.703125, 0.0, 0.0, 0.9375, 0.84375, 0.84375, 0.0, 0.0, 0.0, 0.0, 0.625, 0.34375, 0.78125, 0.0, 0.0, 0.0, 0.0]","[0.4375, 0.390625, 0.375, 0.0625, 0.4140625, 0.0, 0.0, 0.5, 0.421875, 0.484375, 0.0, 0.0, 0.0, 0.0, 0.3125, 0.234375, 0.453125, 0.0, 0.0, 0.0, 0.0]","[34, 63, 89, 22, 68, 4]",1.0845398081991946,1.0553800514852376
816,5355.78125,"[0.8125, 0.78125, 0.6875, 0.03125, 0.703125, 0.0, 0.0, 0.9375, 0.84375, 0.84375, 0.0, 0.0, 0.0, 0.0, 0.625, 0.34375, 0.78125, 0.0, 0.0, 0.0, 0.0]","[0.4375, 0.390625, 0.375, 0.0625, 0.4140625, 0.0, 0.0, 0.5, 0.421875, 0.484375, 0.0, 0.0, 0.0, 0.0, 0.3125, 0.234375, 0.453125, 0.0, 0.0, 0.0, 0.0]","[34, 63, 89, 22, 68, 4]",1.0845398081991946,1.0553800514852376
817,5375.46875,"[0.6875, 0.78125, 0.6875, 0.03125, 0.703125, 0.0, 0.0, 0.9375, 0.84375, 0.84375, 0.0, 0.0, 0.0, 0.0, 0.625, 0.34375, 0.78125, 0.0, 0.0, 0.0, 0.0]","[0.375, 0.390625, 0.375, 0.0625, 0.4140625, 0.0, 0.0, 0.5, 0.421875, 0.484375, 0.0, 0.0, 0.0, 0.0, 0.3125, 0.234375, 0.453125, 0.0, 0.0, 0.0, 0.0]","[34, 63, 89, 22, 68, 0]",1.0849712796964792,1.0555251219471526
818,5336.09375,"[0.8125, 0.78125, 0.6875, 0.03125, 0.703125, 0.0, 0.0, 0.9375, 0.84375, 0.84375, 0.0, 0.0, 0.0, 0.0, 0.625, 0.34375, 0.78125, 0.0, 0.0, 0.0, 0.0]","[0.4375, 0.390625, 0.375, 0.0625, 0.4140625, 0.0, 0.0, 0.5, 0.421875, 0.484375, 0.0, 0.0, 0.0, 0.0, 0.3125, 0.234375, 0.453125, 0.0, 0.0, 0.0, 0.0]","[34, 63, 89, 22, 68, 4]",1.0845398081991946,1.0553800514852376
819,5336.09375,"[0.8125, 0.78125, 0.6875, 0.03125, 0.703125, 0.0, 0.0, 0.9375, 0.84375, 0.84375, 0.0, 0.0, 0.0, 0.0, 0.625, 0.34375, 0.78125, 0.0, 0.0, 0.0, 0.0]","[0.4375, 0.390625, 0.375, 0.0625, 0.4140625, 0.0, 0.0, 0.5, 0.421875, 0.484375, 0.0, 0.0, 0.0, 0.0, 0.3125, 0.234375, 0.453125, 0.0, 0.0, 0.0, 0.0]","[34, 63, 89, 22, 68, 4, 25, 26]",1.0845398081991946,1.0553800514852376
820,5532.96875,"[0.8125, 0.78125, 0.9375, 0.03125, 0.703125, 0.0, 0.0, 0.9375, 0.84375, 0.84375, 0.0, 0.0, 0.0, 0.0, 0.625, 0.34375, 0.78125, 0.0, 0.0, 0.0, 0.0]","[0.4375, 0.390625, 0.5, 0.0625, 0.4140625, 0.0, 0.0, 0.5, 0.421875, 0.484375, 0.0, 0.0, 0.0, 0.0, 0.3125, 0.234375, 0.453125, 0.0, 0.0, 0.0, 0.0]","[34, 63, 89, 22, 68, 4, 26]",1.087327044117562,1.0581711982693909
821,5513.28125,"[0.8125, 0.78125, 0.9375, 0.03125, 0.703125, 0.0, 0.0, 0.9375, 0.84375, 0.59375, 0.0, 0.0, 0.0, 0.0, 0.625, 0.34375, 0.8125, 0.0, 0.0, 0.0, 0.0]","[0.4375, 0.390625, 0.5, 0.0625, 0.4140625, 0.0, 0.0, 0.5, 0.421875, 0.359375, 0.0, 0.0, 0.0, 0.0, 0.3125, 0.234375, 0.46875, 0.0, 0.0, 0.0, 0.0]","[34, 63, 89, 22, 68, 4, 18]",1.0930675532190481,1.0585884581883198
822,5395.15625,"[0.8125, 0.78125, 0.9375, 0.03125, 0.703125, 0.0, 0.0, 0.9375, 0.84375, 0.59375, 0.0, 0.0, 0.0, 0.0, 0.6875, 0.34375, 0.8125, 0.0, 0.0, 0.0, 0.0]","[0.4375, 0.390625, 0.5, 0.0625, 0.4140625, 0.0, 0.0, 0.5, 0.421875, 0.359375, 0.0, 0.0, 0.0, 0.0, 0.34375, 0.234375, 0.46875, 0.0, 0.0, 0.0, 0.0]","[34, 63, 89, 22, 68, 4, 50]",1.0904340518894893,1.0554029463826635
823,5473.90625,"[0.8125, 0.78125, 0.9375, 0.03125, 0.703125, 0.0, 0.0, 0.9375, 0.84375, 0.59375, 0.0, 0.0, 0.0, 0.0, 0.8125, 0.34375, 0.8125, 0.0, 0.0, 0.0, 0.0]","[0.4375, 0.390625, 0.5, 0.0625, 0.4140625, 0.0, 0.0, 0.5, 0.421875, 0.359375, 0.0, 0.0, 0.0, 0.0, 0.40625, 0.234375, 0.46875, 0.0, 0.0, 0.0, 0.0]","[34, 63, 89, 22, 68, 4, 76]",1.0889076579335721,1.052278298982554
824,5473.90625,"[0.8125, 0.78125, 0.8125, 0.03125, 0.671875, 0.0, 0.0, 0.9375, 0.84375, 0.59375, 0.0, 0.0, 0.0, 0.0, 0.8125, 0.34375, 0.8125, 0.0, 0.0, 0.0, 0.0]","[0.4375, 0.390625, 0.4375, 0.0625, 0.3984375, 0.0, 0.0, 0.5, 0.421875, 0.359375, 0.0, 0.0, 0.0, 0.0, 0.40625, 0.234375, 0.46875, 0.0, 0.0, 0.0, 0.0]","[34, 63, 89, 22, 68, 4, 76, 51, 79]",1.0859943493911635,1.0486682546053365
825,5552.65625,"[0.8125, 0.78125, 0.8125, 0.03125, 0.703125, 0.0, 0.0, 0.9375, 0.84375, 0.84375, 0.0, 0.0, 0.0, 0.0, 0.6875, 0.28125, 0.8125, 0.0, 0.0, 0.0, 0.0]","[0.4375, 0.390625, 0.4375, 0.0625, 0.4296875, 0.0, 0.0, 0.5, 0.421875, 0.484375, 0.0, 0.0, 0.0, 0.0, 0.34375, 0.171875, 0.46875, 0.0, 0.0, 0.0, 0.0]","[34, 63, 89, 22, 68, 4, 76, 2]",1.0910481993811918,1.0678414482559784
826,5454.21875,"[0.8125, 0.75, 0.8125, 0.03125, 0.703125, 0.0, 0.0, 0.9375, 0.84375, 0.84375, 0.0, 0.0, 0.0, 0.0, 0.71875, 0.28125, 0.8125, 0.0, 0.0, 0.0, 0.0]","[0.4375, 0.375, 0.4375, 0.0625, 0.4296875, 0.0, 0.0, 0.5, 0.421875, 0.484375, 0.0, 0.0, 0.0, 0.0, 0.359375, 0.171875, 0.46875, 0.0, 0.0, 0.0, 0.0]","[34, 63, 89, 22, 68, 4, 76, 8]",1.090387958352873,1.0672833290408352
827,5631.40625,"[0.8125, 1.0, 0.8125, 0.03125, 0.703125, 0.0, 0.0, 0.9375, 0.84375, 0.84375, 0.0, 0.0, 0.0, 0.0, 0.71875, 0.28125, 0.8125, 0.0, 0.0, 0.0, 0.0]","[0.4375, 0.5, 0.4375, 0.0625, 0.4296875, 0.0, 0.0, 0.5, 0.421875, 0.484375, 0.0, 0.0, 0.0, 0.0, 0.359375, 0.171875, 0.46875, 0.0, 0.0, 0.0, 0.0]","[34, 63, 89, 22, 68, 4, 8]",1.0963370887773827,1.0684365076246112
828,5670.78125,"[0.8125, 1.0, 0.8125, 0.03125, 0.703125, 0.0, 0.0, 0.9375, 0.84375, 0.84375, 0.0, 0.0, 0.0, 0.0, 0.65625, 0.28125, 0.9375, 0.0, 0.0, 0.0, 0.0]","[0.4375, 0.5, 0.4375, 0.0625, 0.4296875, 0.0, 0.0, 0.5, 0.421875, 0.484375, 0.0, 0.0, 0.0, 0.0, 0.328125, 0.171875, 0.53125, 0.0, 0.0, 0.0, 0.0]","[34, 63, 89, 22, 68, 4, 71]",1.1010111952436739,1.0756663574067986
829,5631.40625,"[0.8125, 0.96875, 0.8125, 0.03125, 0.578125, 0.0, 0.0, 0.9375, 0.84375, 0.84375, 0.0, 0.0, 0.0, 0.0, 0.65625, 0.28125, 0.9375, 0.0, 0.0, 0.0, 0.0]","[0.4375, 0.484375, 0.4375, 0.0625, 0.3671875, 0.0, 0.0, 0.5, 0.421875, 0.484375, 0.0, 0.0, 0.0, 0.0, 0.328125, 0.171875, 0.53125, 0.0, 0.0, 0.0, 0.0]","[34, 63, 89, 22, 68, 4, 46, 62]",1.1065387458199585,1.0774548602999996
830,5492.34375,"[0.8125, 0.96875, 0.8125, 0.03125, 0.578125, 0.0, 0.0, 0.9375, 0.84375, 0.84375, 0.0, 0.0, 0.0, 0.0, 0.65625, 0.28125, 0.9375, 0.0, 0.0, 0.0, 0.0]","[0.4375, 0.484375, 0.4375, 0.0625, 0.3671875, 0.0, 0.0, 0.5, 0.421875, 0.484375, 0.0, 0.0, 0.0, 0.0, 0.328125, 0.171875, 0.53125, 0.0, 0.0, 0.0, 0.0]","[34, 63, 89, 22, 68, 4, 46, 62]",1.1065387458199585,1.0774548602999996
831,5472.65625,"[0.8125, 0.96875, 0.78125, 0.03125, 0.578125, 0.0, 0.0, 0.9375, 0.84375, 0.84375, 0.0, 0.0, 0.0, 0.0, 0.6875, 0.28125, 0.9375, 0.0, 0.0, 0.0, 0.0]","[0.4375, 0.484375, 0.421875, 0.0625, 0.3671875, 0.0, 0.0, 0.5, 0.421875, 0.484375, 0.0, 0.0, 0.0, 0.0, 0.34375, 0.171875, 0.53125, 0.0, 0.0, 0.0, 0.0]","[34, 63, 89, 22, 68, 4, 13, 46]",1.105288705012491,1.0758554518665333
832,5492.34375,"[0.8125, 0.96875, 0.78125, 0.03125, 0.578125, 0.0, 0.0, 0.9375, 0.84375, 0.84375, 0.0, 0.0, 0.0, 0.0, 0.6875, 0.28125, 0.9375, 0.0, 0.0, 0.0, 0.0]","[0.4375, 0.484375, 0.421875, 0.0625, 0.3671875, 0.0, 0.0, 0.5, 0.421875, 0.484375, 0.0, 0.0, 0.0, 0.0, 0.34375, 0.171875, 0.53125, 0.0, 0.0, 0.0, 0.0]","[34, 63, 89, 22, 68, 4, 13, 46]",1.105288705012491,1.0758554518665333
833,5531.71875,"[0.8125, 0.96875, 0.78125, 0.03125, 0.578125, 0.0, 0.0, 0.9375, 0.84375, 0.84375, 0.0, 0.0, 0.0, 0.0, 0.8125, 0.28125, 0.9375, 0.0, 0.0, 0.0, 0.0]","[0.4375, 0.484375, 0.421875, 0.0625, 0.3671875, 0.0, 0.0, 0.5, 0.421875, 0.484375, 0.0, 0.0, 0.0, 0.0, 0.40625, 0.171875, 0.53125, 0.0, 0.0, 0.0, 0.0]","[34, 63, 89, 22, 68, 4, 13, 71]",1.1025121341031117,1.0717071625907115
834,5531.71875,"[0.8125, 0.96875, 0.78125, 0.03125, 0.578125, 0.0, 0.0, 0.9375, 0.84375, 0.84375, 0.0, 0.0, 0.0, 0.0, 0.8125, 0.28125, 0.9375, 0.0, 0.0, 0.0, 0.0]","[0.4375, 0.484375, 0.421875, 0.0625, 0.3671875, 0.0, 0.0, 0.5, 0.421875, 0.484375, 0.0, 0.0, 0.0, 0.0, 0.40625, 0.171875, 0.53125, 0.0, 0.0, 0.0, 0.0]","[34, 63, 89, 22, 68, 4, 13, 71, 78]",1.1025121341031117,1.0717071625907115
835,5571.09375,"[0.8125, 0.96875, 0.78125, 0.03125, 0.578125, 0.0, 0.0, 0.9375, 0.84375, 0.84375, 0.0, 0.0, 0.0, 0.0, 0.8125, 0.28125, 0.9375, 0.0, 0.0, 0.0, 0.0]","[0.4375, 0.484375, 0.421875, 0.0625, 0.3671875, 0.0, 0.0, 0.5, 0.421875, 0.484375, 0.0, 0.0, 0.0, 0.0, 0.40625, 0.171875, 0.53125, 0.0, 0.0, 0.0, 0.0]","[34, 63, 89, 22, 68, 4, 13, 71, 78]",1.1025121341031117,1.0717071625907115
836,5551.40625,"[0.5625, 0.96875, 0.78125, 0.03125, 0.578125, 0.0, 0.0, 0.9375, 0.84375, 0.84375, 0.0, 0.0, 0.0, 0.0, 0.8125, 0.28125, 0.9375, 0.0, 0.0, 0.0, 0.0]","[0.3125, 0.484375, 0.421875, 0.0625, 0.3671875, 0.0, 0.0, 0.5, 0.421875, 0.484375, 0.0, 0.0, 0.0, 0.0, 0.40625, 0.171875, 0.53125, 0.0, 0.0, 0.0, 0.0]","[34, 63, 89, 22, 68, 4, 13, 21, 71]",1.1128444575472312,1.0797890882699608
837,5571.09375,"[0.5625, 0.96875, 0.78125, 0.03125, 0.578125, 0.0, 0.0, 0.875, 0.84375, 0.84375, 0.0, 0.0, 0.0, 0.0, 0.8125, 0.28125, 0.9375, 0.0, 0.0, 0.0, 0.0]","[0.3125, 0.484375, 0.421875, 0.0625, 0.3671875, 0.0, 0.0, 0.4375, 0.421875, 0.484375, 0.0, 0.0, 0.0, 0.0, 0.40625, 0.171875, 0.53125, 0.0, 0.0, 0.0, 0.0]","[34, 63, 89, 22, 68, 4, 11, 13]",1.1107164676590102,1.076714579502983
838,5413.59375,"[0.6875, 0.96875, 0.78125, 0.03125, 0.578125, 0.0, 0.0, 0.875, 0.84375, 0.84375, 0.0, 0.0, 0.0, 0.0, 0.8125, 0.28125, 0.9375, 0.0, 0.0, 0.0, 0.0]","[0.375, 0.484375, 0.421875, 0.0625, 0.3671875, 0.0, 0.0, 0.4375, 0.421875, 0.484375, 0.0, 0.0, 0.0, 0.0, 0.40625, 0.171875, 0.53125, 0.0, 0.0, 0.0, 0.0]","[34, 63, 89, 22, 68, 4, 11, 21]",1.103362478781098,1.0709905825822952
839,5571.09375,"[0.6875, 0.96875, 0.78125, 0.03125, 0.578125, 0.0, 0.0, 0.875, 0.84375, 0.84375, 0.0, 0.0, 0.0, 0.0, 0.8125, 0.28125, 0.9375, 0.0, 0.0, 0.0, 0.0]","[0.375, 0.484375, 0.421875, 0.0625, 0.3671875, 0.0, 0.0, 0.4375, 0.421875, 0.484375, 0.0, 0.0, 0.0, 0.0, 0.40625, 0.171875, 0.53125, 0.0, 0.0, 0.0, 0.0]","[34, 63, 89, 22, 68, 4, 11, 21]",1.103362478781098,1.0709905825822952
840,5452.96875,"[0.75, 0.96875, 0.78125, 0.03125, 0.515625, 0.0, 0.0, 0.875, 0.84375, 0.84375, 0.0, 0.0, 0.0, 0.0, 0.8125, 0.28125, 0.9375, 0.0, 0.0, 0.0, 0.0]","[0.4375, 0.484375, 0.421875, 0.0625, 0.3359375, 0.0, 0.0, 0.4375, 0.421875, 0.484375, 0.0, 0.0, 0.0, 0.0, 0.40625, 0.171875, 0.53125, 0.0, 0.0, 0.0, 0.0]","[34, 63, 89, 22, 68, 4, 11, 32]",1.1068590987559015,1.072160047901243
841,5393.28125,"[0.78125, 0.96875, 0.78125, 0.03125, 0.515625, 0.0, 0.0, 0.875, 0.84375, 0.78125, 0.0, 0.0, 0.0, 0.0, 0.8125, 0.28125, 0.9375, 0.0, 0.0, 0.0, 0.0]","[0.453125, 0.484375, 0.421875, 0.0625, 0.3359375, 0.0, 0.0, 0.4375, 0.421875, 0.421875, 0.0, 0.0, 0.0, 0.0, 0.40625, 0.171875, 0.53125, 0.0, 0.0, 0.0, 0.0]","[34, 63, 89, 22, 68, 4, 11, 57]",1.1063322703163976,1.070627680119524
842,5393.28125,"[0.78125, 0.96875, 0.78125, 0.03125, 0.515625, 0.0, 0.0, 0.875, 0.84375, 0.78125, 0.0, 0.0, 0.0, 0.0, 0.8125, 0.15625, 0.9375, 0.0, 0.0, 0.0, 0.0]","[0.453125, 0.484375, 0.421875, 0.0625, 0.3359375, 0.0, 0.0, 0.4375, 0.421875, 0.421875, 0.0, 0.0, 0.0, 0.0, 0.40625, 0.109375, 0.53125, 0.0, 0.0, 0.0, 0.0]","[34, 63, 89, 22, 68, 4, 11, 33]",1.1306531634914612,1.0910060792493819
843,5353.90625,"[0.78125, 0.96875, 0.78125, 0.03125, 0.515625, 0.0, 0.0, 0.875, 0.84375, 0.90625, 0.0, 0.0, 0.0, 0.0, 0.8125, 0.15625, 0.9375, 0.0, 0.0, 0.0, 0.0]","[0.453125, 0.484375, 0.421875, 0.0625, 0.3359375, 0.0, 0.0, 0.4375, 0.421875, 0.484375, 0.0, 0.0, 0.0, 0.0, 0.40625, 0.109375, 0.53125, 0.0, 0.0, 0.0, 0.0]","[34, 63, 89, 22, 68, 4, 11, 57]",1.1316534557689863,1.0926617939855048
844,5353.90625,"[0.78125, 0.96875, 0.78125, 0.03125, 0.515625, 0.0, 0.0, 0.875, 0.84375, 0.90625, 0.0, 0.0, 0.0, 0.0, 0.8125, 0.15625, 0.9375, 0.0, 0.0, 0.0, 0.0]","[0.453125, 0.484375, 0.421875, 0.0625, 0.3359375, 0.0, 0.0, 0.4375, 0.421875, 0.484375, 0.0, 0.0, 0.0, 0.0, 0.40625, 0.109375, 0.53125, 0.0, 0.0, 0.0, 0.0]","[34, 63, 89, 22, 68, 4, 57, 11, 71, 78]",1.1316534557689863,1.0926617939855048
845,5551.09375,"[0.78125, 0.96875, 0.78125, 0.03125, 0.515625, 0.0, 0.0, 0.875, 0.84375, 0.90625, 0.0, 0.0, 0.0, 0.0, 0.8125, 0.40625, 0.9375, 0.0, 0.0, 0.0, 0.0]","[0.453125, 0.484375, 0.421875, 0.0625, 0.3515625, 0.0, 0.0, 0.4375, 0.421875, 0.484375, 0.0, 0.0, 0.0, 0.0, 0.40625, 0.234375, 0.53125, 0.0, 0.0, 0.0, 0.0]","[34, 63, 89, 22, 68, 4, 57, 11, 75]",1.0888826071084459,1.0553288267572476
846,5531.09375,"[0.78125, 0.96875, 0.78125, 0.03125, 0.515625, 0.0, 0.0, 0.875, 0.84375, 0.90625, 0.0, 0.0, 0.0, 0.0, 0.8125, 0.4375, 0.9375, 0.0, 0.0, 0.0, 0.0]","[0.453125, 0.484375, 0.421875, 0.0625, 0.3515625, 0.0, 0.0, 0.4375, 0.421875, 0.484375, 0.0, 0.0, 0.0, 0.0, 0.40625, 0.25, 0.53125, 0.0, 0.0, 0.0, 0.0]","[34, 63, 89, 22, 68, 4, 57, 11, 84]",1.0850256488945067,1.0521308027159122
847,5570.46875,"[0.78125, 0.96875, 0.78125, 0.03125, 0.515625, 0.0, 0.0, 0.875, 0.84375, 0.90625, 0.0, 0.0, 0.0, 0.0, 0.8125, 0.5, 0.9375, 0.0, 0.0, 0.0, 0.0]","[0.453125, 0.484375, 0.421875, 0.0625, 0.3515625, 0.0, 0.0, 0.4375, 0.421875, 0.484375, 0.0, 0.0, 0.0, 0.0, 0.40625, 0.28125, 0.53125, 0.0, 0.0, 0.0, 0.0]","[34, 63, 89, 22, 68, 4, 57, 11, 85]",1.0782615522022654,1.0465475374939837
848,5649.21875,"[0.78125, 0.96875, 0.78125, 0.03125, 0.515625, 0.0, 0.0, 0.875, 0.84375, 0.90625, 0.0, 0.0, 0.0, 0.0, 0.8125, 0.625, 0.9375, 0.0, 0.0, 0.0, 0.0]","[0.453125, 0.484375, 0.421875, 0.0625, 0.3515625, 0.0, 0.0, 0.4375, 0.421875, 0.484375, 0.0, 0.0, 0.0, 0.0, 0.40625, 0.34375, 0.53125, 0.0, 0.0, 0.0, 0.0]","[34, 63, 89, 22, 68, 4, 57, 11, 86]",1.068405842960948,1.0385281910833268
849,5806.71875,"[0.78125, 0.96875, 0.78125, 0.03125, 0.515625, 0.0, 0.0, 0.875, 0.84375, 0.90625, 0.0, 0.0, 0.0, 0.0, 0.8125, 0.625, 0.9375, 0.0, 0.0, 0.0, 0.0]","[0.453125, 0.484375, 0.421875, 0.0625, 0.3515625, 0.0, 0.0, 0.4375, 0.421875, 0.484375, 0.0, 0.0, 0.0, 0.0, 0.40625, 0.34375, 0.53125, 0.0, 0.0, 0.0, 0.0]","[34, 63, 89, 22, 68, 4, 57, 11, 86]",1.068405842960948,1.0385281910833268
850,5688.59375,"[0.78125, 0.96875, 0.78125, 0.03125, 0.515625, 0.0, 0.0, 0.875, 0.84375, 0.90625, 0.0, 0.0, 0.0, 0.0, 0.8125, 0.6875, 0.9375, 0.0, 0.0, 0.0, 0.0]","[0.453125, 0.484375, 0.421875, 0.0625, 0.3515625, 0.0, 0.0, 0.4375, 0.421875, 0.484375, 0.0, 0.0, 0.0, 0.0, 0.40625, 0.40625, 0.53125, 0.0, 0.0, 0.0, 0.0]","[34, 63, 89, 22, 68, 4, 57, 11, 87]",1.0652366375522349,1.0344912548023575
851,5708.28125,"[0.78125, 0.84375, 0.78125, 0.03125, 0.515625, 0.0, 0.0, 0.875, 0.84375, 0.90625, 0.0, 0.0, 0.0, 0.0, 0.8125, 0.71875, 0.9375, 0.0, 0.0, 0.0, 0.0]","[0.453125, 0.421875, 0.421875, 0.0625, 0.3515625, 0.0, 0.0, 0.4375, 0.421875, 0.484375, 0.0, 0.0, 0.0, 0.0, 0.40625, 0.421875, 0.53125, 0.0, 0.0, 0.0, 0.0]","[34, 63, 89, 22, 68, 4, 57, 11, 24]",1.0609123070161988,1.0330887184079638
852,5668.90625,"[0.78125, 0.84375, 0.78125, 0.03125, 0.515625, 0.0, 0.0, 0.875, 0.84375, 0.90625, 0.0, 0.0, 0.0, 0.0, 0.8125, 0.78125, 0.9375, 0.0, 0.0, 0.0, 0.0]","[0.453125, 0.421875, 0.421875, 0.0625, 0.3515625, 0.0, 0.0, 0.4375, 0.421875, 0.484375, 0.0, 0.0, 0.0, 0.0, 0.40625, 0.453125, 0.53125, 0.0, 0.0, 0.0, 0.0]","[34, 63, 89, 22, 68, 4, 57, 11, 88]",1.0596391623140604,1.0331348388435488
853,5747.65625,"[0.65625, 0.84375, 0.78125, 0.03125, 0.484375, 0.0, 0.0, 0.875, 0.84375, 0.90625, 0.0, 0.0, 0.0, 0.0, 0.8125, 0.78125, 0.9375, 0.0, 0.0, 0.0, 0.0]","[0.390625, 0.421875, 0.421875, 0.0625, 0.3203125, 0.0, 0.0, 0.4375, 0.421875, 0.484375, 0.0, 0.0, 0.0, 0.0, 0.40625, 0.453125, 0.53125, 0.0, 0.0, 0.0, 0.0]","[34, 63, 89, 22, 68, 4, 57, 0, 11]",1.0663181344094284,1.0371302929751647
854,5707.96875,"[0.90625, 0.84375, 0.78125, 0.03125, 0.484375, 0.0, 0.0, 0.875, 0.84375, 0.90625, 0.0, 0.0, 0.0, 0.0, 0.8125, 0.78125, 0.9375, 0.0, 0.0, 0.0, 0.0]","[0.515625, 0.421875, 0.421875, 0.0625, 0.3203125, 0.0, 0.0, 0.4375, 0.421875, 0.484375, 0.0, 0.0, 0.0, 0.0, 0.40625, 0.453125, 0.53125, 0.0, 0.0, 0.0, 0.0]","[34, 63, 89, 22, 68, 4, 57, 0, 47]",1.0633281086601007,1.0392549267147833
855,5747.34375,"[0.90625, 0.84375, 0.78125, 0.03125, 0.484375, 0.0, 0.0, 0.875, 0.84375, 0.90625, 0.0, 0.0, 0.0, 0.0, 0.78125, 0.78125, 0.9375, 0.0, 0.0, 0.0, 0.0]","[0.515625, 0.421875, 0.421875, 0.0625, 0.3203125, 0.0, 0.0, 0.4375, 0.421875, 0.484375, 0.0, 0.0, 0.0, 0.0, 0.390625, 0.453125, 0.53125, 0.0, 0.0, 0.0, 0.0]","[34, 63, 89, 22, 68, 4, 57, 0, 47]",1.0636407267272816,1.0399558422752802
856,5707.96875,"[0.90625, 0.84375, 0.78125, 0.03125, 0.484375, 0.0, 0.0, 0.875, 0.84375, 0.90625, 0.0, 0.0, 0.0, 0.0, 0.78125, 0.8125, 0.9375, 0.0, 0.0, 0.0, 0.0]","[0.515625, 0.421875, 0.421875, 0.0625, 0.3203125, 0.0, 0.0, 0.4375, 0.421875, 0.484375, 0.0, 0.0, 0.0, 0.0, 0.390625, 0.46875, 0.53125, 0.0, 0.0, 0.0, 0.0]","[34, 63, 89, 22, 68, 4, 57, 0, 62]",1.0633281086601007,1.0402391697207
857,5747.34375,"[0.90625, 0.84375, 0.78125, 0.03125, 0.484375, 0.0, 0.0, 0.875, 0.84375, 0.90625, 0.0, 0.0, 0.0, 0.0, 0.78125, 0.8125, 0.6875, 0.0, 0.0, 0.0, 0.0]","[0.515625, 0.421875, 0.421875, 0.0625, 0.3203125, 0.0, 0.0, 0.4375, 0.421875, 0.484375, 0.0, 0.0, 0.0, 0.0, 0.390625, 0.46875, 0.40625, 0.0, 0.0, 0.0, 0.0]","[34, 63, 89, 22, 68, 4, 57, 0, 7]",1.0638828868572294,1.036085538196576
858,5629.21875,"[0.90625, 0.84375, 0.78125, 0.03125, 0.484375, 0.0, 0.0, 0.875, 0.84375, 0.90625, 0.0, 0.0, 0.0, 0.0, 0.78125, 0.8125, 0.6875, 0.0, 0.0, 0.0, 0.0]","[0.515625, 0.421875, 0.421875, 0.0625, 0.3203125, 0.0, 0.0, 0.4375, 0.421875, 0.484375, 0.0, 0.0, 0.0, 0.0, 0.390625, 0.46875, 0.40625, 0.0, 0.0, 0.0, 0.0]","[34, 63, 89, 22, 68, 4, 57, 0, 7]",1.0638828868572294,1.036085538196576
859,5707.96875,"[0.78125, 0.84375, 0.78125, 0.03125, 0.484375, 0.0, 0.0, 0.875, 0.84375, 0.90625, 0.0, 0.0, 0.0, 0.0, 0.78125, 0.8125, 0.875, 0.0, 0.0, 0.0, 0.0]","[0.453125, 0.421875, 0.421875, 0.0625, 0.3203125, 0.0, 0.0, 0.4375, 0.421875, 0.484375, 0.0, 0.0, 0.0, 0.0, 0.390625, 0.46875, 0.5, 0.0, 0.0, 0.0, 0.0]","[34, 63, 89, 22, 68, 4, 57, 0, 13]",1.0609160674103923,1.034746691645909
860,5629.21875,"[0.78125, 0.84375, 0.78125, 0.03125, 0.484375, 0.0, 0.0, 0.875, 0.84375, 0.90625, 0.0, 0.0, 0.0, 0.0, 0.84375, 0.8125, 0.875, 0.0, 0.0, 0.0, 0.0]","[0.453125, 0.421875, 0.421875, 0.0625, 0.3203125, 0.0, 0.0, 0.4375, 0.421875, 0.484375, 0.0, 0.0, 0.0, 0.0, 0.453125, 0.46875, 0.5, 0.0, 0.0, 0.0, 0.0]","[34, 63, 89, 22, 68, 4, 57, 0, 45]",1.0608786215558885,1.033887952873605
861,5648.90625,"[0.78125, 0.84375, 0.78125, 0.03125, 0.484375, 0.0, 0.0, 0.625, 0.84375, 0.90625, 0.0, 0.0, 0.0, 0.0, 0.84375, 0.8125, 0.875, 0.0, 0.0, 0.0, 0.0]","[0.453125, 0.421875, 0.421875, 0.0625, 0.3203125, 0.0, 0.0, 0.3125, 0.421875, 0.484375, 0.0, 0.0, 0.0, 0.0, 0.453125, 0.46875, 0.5, 0.0, 0.0, 0.0, 0.0]","[34, 63, 89, 22, 68, 4, 57, 0, 45]",1.0653074395297197,1.0415850411705465
862,5511.09375,"[0.78125, 0.84375, 0.78125, 0.03125, 0.484375, 0.0, 0.0, 0.6875, 0.84375, 0.90625, 0.0, 0.0, 0.0, 0.0, 0.84375, 0.8125, 0.875, 0.0, 0.0, 0.0, 0.0]","[0.453125, 0.421875, 0.421875, 0.0625, 0.3203125, 0.0, 0.0, 0.34375, 0.421875, 0.484375, 0.0, 0.0, 0.0, 0.0, 0.453125, 0.46875, 0.5, 0.0, 0.0, 0.0, 0.0]","[34, 63, 89, 22, 4, 57, 0, 62]",1.062479118047333,1.038173996377011
863,5589.84375,"[0.78125, 0.84375, 0.90625, 0.03125, 0.484375, 0.0, 0.0, 0.6875, 0.84375, 0.90625, 0.0, 0.0, 0.0, 0.0, 0.84375, 0.8125, 0.875, 0.0, 0.0, 0.0, 0.0]","[0.453125, 0.421875, 0.484375, 0.0625, 0.3203125, 0.0, 0.0, 0.34375, 0.421875, 0.484375, 0.0, 0.0, 0.0, 0.0, 0.453125, 0.46875, 0.5, 0.0, 0.0, 0.0, 0.0]","[34, 63, 89, 22, 4, 57, 0, 67]",1.0639204071245651,1.0394369458425503
864,5589.84375,"[0.78125, 0.84375, 0.90625, 0.03125, 0.484375, 0.0, 0.0, 0.6875, 0.84375, 0.90625, 0.0, 0.0, 0.0, 0.0, 0.84375, 0.78125, 0.875, 0.0, 0.0, 0.0, 0.0]","[0.453125, 0.421875, 0.484375, 0.0625, 0.3203125, 0.0, 0.0, 0.34375, 0.421875, 0.484375, 0.0, 0.0, 0.0, 0.0, 0.453125, 0.453125, 0.5, 0.0, 0.0, 0.0, 0.0]","[34, 63, 89, 22, 4, 57, 67, 0, 68, 75]",1.064068312980122,1.0390384228923386
865,5767.34375,"[0.78125, 0.84375, 0.90625, 0.03125, 0.515625, 0.0, 0.0, 0.9375, 0.84375, 0.90625, 0.0, 0.0, 0.0, 0.0, 0.84375, 0.78125, 0.875, 0.0, 0.0, 0.0, 0.0]","[0.453125, 0.421875, 0.484375, 0.0625, 0.3515625, 0.0, 0.0, 0.46875, 0.421875, 0.484375, 0.0, 0.0, 0.0, 0.0, 0.453125, 0.453125, 0.5, 0.0, 0.0, 0.0, 0.0]","[34, 63, 89, 22, 4, 57, 67, 0, 88]",1.0602269448882362,1.0312271967931417
866,5787.03125,"[0.78125, 0.84375, 0.90625, 0.03125, 0.515625, 0.0, 0.0, 0.9375, 0.84375, 0.90625, 0.0, 0.0, 0.0, 0.0, 0.84375, 0.8125, 0.875, 0.0, 0.0, 0.0, 0.0]","[0.453125, 0.421875, 0.484375, 0.0625, 0.3515625, 0.0, 0.0, 0.46875, 0.421875, 0.484375, 0.0, 0.0, 0.0, 0.0, 0.453125, 0.46875, 0.5, 0.0, 0.0, 0.0, 0.0]","[34, 63, 89, 22, 4, 57, 67, 0, 90]",1.0598605034451765,1.0314196187683635
867,5826.40625,"[0.78125, 0.84375, 0.90625, 0.03125, 0.515625, 0.0, 0.0, 0.9375, 0.8125, 0.90625, 0.0, 0.0, 0.0, 0.0, 0.84375, 0.8125, 0.875, 0.0, 0.0, 0.0, 0.0]","[0.453125, 0.421875, 0.484375, 0.0625, 0.3515625, 0.0, 0.0, 0.46875, 0.40625, 0.484375, 0.0, 0.0, 0.0, 0.0, 0.453125, 0.46875, 0.5, 0.0, 0.0, 0.0, 0.0]","[34, 63, 89, 22, 4, 57, 67, 0, 43]",1.0599437880185771,1.0319459135292408
868,5846.09375,"[0.78125, 0.84375, 0.90625, 0.03125, 0.515625, 0.0, 0.0, 0.9375, 0.8125, 0.90625, 0.0, 0.0, 0.0, 0.0, 0.84375, 0.8125, 0.875, 0.0, 0.0, 0.0, 0.0]","[0.453125, 0.421875, 0.484375, 0.0625, 0.3515625, 0.0, 0.0, 0.46875, 0.40625, 0.484375, 0.0, 0.0, 0.0, 0.0, 0.453125, 0.46875, 0.5, 0.0, 0.0, 0.0, 0.0]","[34, 63, 89, 22, 4, 57, 67, 0, 43]",1.0599437880185771,1.0319459135292408
869,5767.34375,"[0.78125, 0.84375, 0.84375, 0.03125, 0.515625, 0.0, 0.0, 0.9375, 0.8125, 0.90625, 0.0, 0.0, 0.0, 0.0, 0.84375, 0.8125, 0.875, 0.0, 0.0, 0.0, 0.0]","[0.453125, 0.421875, 0.453125, 0.0625, 0.3515625, 0.0, 0.0, 0.46875, 0.40625, 0.484375, 0.0, 0.0, 0.0, 0.0, 0.453125, 0.46875, 0.5, 0.0, 0.0, 0.0, 0.0]","[34, 63, 89, 22, 4, 57, 67, 43, 0, 52, 90]",1.059164090888929,1.0312486314110665
870,5926.40625,"[0.78125, 0.84375, 0.84375, 0.0625, 0.640625, 0.0, 0.0, 0.9375, 0.8125, 0.90625, 0.0, 0.0, 0.0, 0.0, 0.84375, 0.8125, 0.875, 0.0, 0.0, 0.0, 0.0]","[0.453125, 0.421875, 0.453125, 0.125, 0.4140625, 0.0, 0.0, 0.46875, 0.40625, 0.484375, 0.0, 0.0, 0.0, 0.0, 0.453125, 0.46875, 0.5, 0.0, 0.0, 0.0, 0.0]","[34, 63, 89, 22, 4, 57, 67, 43, 0, 91]",1.0428633560475917,1.005924123168305
871,5946.25,"[0.78125, 0.84375, 0.84375, 0.0625, 0.65625, 0.0, 0.0, 0.9375, 0.8125, 0.78125, 0.0, 0.0, 0.0, 0.0, 0.84375, 0.8125, 0.875, 0.0, 0.0, 0.0, 0.0]","[0.453125, 0.421875, 0.453125, 0.125, 0.421875, 0.0, 0.0, 0.46875, 0.40625, 0.421875, 0.0, 0.0, 0.0, 0.0, 0.453125, 0.46875, 0.5, 0.0, 0.0, 0.0, 0.0]","[34, 63, 89, 22, 4, 57, 67, 43, 0, 72]",1.04137048130761,1.0050890913907349
872,5907.1875,"[0.78125, 0.84375, 0.84375, 0.0625, 0.671875, 0.0, 0.0, 0.9375, 0.6875, 0.78125, 0.0, 0.0, 0.0, 0.0, 0.84375, 0.8125, 0.875, 0.0, 0.0, 0.0, 0.0]","[0.453125, 0.421875, 0.453125, 0.125, 0.4296875, 0.0, 0.0, 0.46875, 0.34375, 0.421875, 0.0, 0.0, 0.0, 0.0, 0.453125, 0.46875, 0.5, 0.0, 0.0, 0.0, 0.0]","[34, 63, 89, 22, 4, 57, 67, 43, 0, 14]",1.0430727238961013,1.0089288868418516
873,6045.46875,"[0.78125, 0.84375, 0.84375, 0.0625, 0.671875, 0.0, 0.0, 0.9375, 0.6875, 0.78125, 0.0, 0.0, 0.0, 0.0, 0.84375, 0.8125, 0.875, 0.0, 0.0, 0.0, 0.0]","[0.453125, 0.421875, 0.453125, 0.125, 0.4296875, 0.0, 0.0, 0.46875, 0.34375, 0.421875, 0.0, 0.0, 0.0, 0.0, 0.453125, 0.46875, 0.5, 0.0, 0.0, 0.0, 0.0]","[34, 63, 89, 22, 4, 57, 67, 43, 0]",1.0430727238961013,1.0089288868418516
874,5966.09375,"[0.78125, 0.84375, 0.84375, 0.0625, 0.671875, 0.0, 0.0, 0.9375, 0.9375, 0.78125, 0.0, 0.0, 0.0, 0.0, 0.84375, 0.8125, 0.875, 0.0, 0.0, 0.0, 0.0]","[0.453125, 0.421875, 0.453125, 0.125, 0.4296875, 0.0, 0.0, 0.46875, 0.46875, 0.421875, 0.0, 0.0, 0.0, 0.0, 0.453125, 0.46875, 0.5, 0.0, 0.0, 0.0, 0.0]","[34, 63, 89, 22, 4, 57, 67, 43, 14]",1.0424048080170367,1.0046230351437027
875,6005.46875,"[0.78125, 0.84375, 0.84375, 0.0625, 0.671875, 0.0, 0.0, 0.9375, 0.9375, 0.78125, 0.0, 0.0, 0.0, 0.0, 0.84375, 0.75, 0.875, 0.0, 0.0, 0.0, 0.0]","[0.453125, 0.421875, 0.453125, 0.125, 0.4296875, 0.0, 0.0, 0.46875, 0.46875, 0.421875, 0.0, 0.0, 0.0, 0.0, 0.453125, 0.4375, 0.5, 0.0, 0.0, 0.0, 0.0]","[34, 63, 89, 22, 4, 57, 67, 43, 14]",1.0433004335076925,1.0043684035782525
876,5946.40625,"[0.78125, 0.84375, 0.84375, 0.0625, 0.671875, 0.0, 0.0, 0.9375, 0.9375, 0.78125, 0.0, 0.0, 0.0, 0.0, 0.84375, 0.75, 0.875, 0.0, 0.0, 0.0, 0.0]","[0.453125, 0.421875, 0.453125, 0.125, 0.4296875, 0.0, 0.0, 0.46875, 0.46875, 0.421875, 0.0, 0.0, 0.0, 0.0, 0.453125, 0.4375, 0.5, 0.0, 0.0, 0.0, 0.0]","[34, 63, 89, 22, 4, 57, 67, 43, 14]",1.0433004335076925,1.0043684035782525
877,5966.09375,"[0.78125, 0.84375, 0.84375, 0.0625, 0.671875, 0.0, 0.0, 0.9375, 0.9375, 0.78125, 0.0, 0.0, 0.0, 0.0, 0.84375, 0.75, 0.875, 0.0, 0.0, 0.0, 0.0]","[0.453125, 0.421875, 0.453125, 0.125, 0.4296875, 0.0, 0.0, 0.46875, 0.46875, 0.421875, 0.0, 0.0, 0.0, 0.0, 0.453125, 0.4375, 0.5, 0.0, 0.0, 0.0, 0.0]","[34, 63, 89, 22, 4, 57, 67, 43, 14]",1.0433004335076925,1.0043684035782525
878,6005.46875,"[0.78125, 0.84375, 0.84375, 0.0625, 0.671875, 0.0, 0.0, 0.9375, 0.9375, 0.78125, 0.0, 0.0, 0.0, 0.0, 0.84375, 0.875, 0.875, 0.0, 0.0, 0.0, 0.0]","[0.453125, 0.421875, 0.453125, 0.125, 0.4296875, 0.0, 0.0, 0.46875, 0.46875, 0.421875, 0.0, 0.0, 0.0, 0.0, 0.453125, 0.5, 0.5, 0.0, 0.0, 0.0, 0.0]","[34, 63, 89, 22, 4, 57, 67, 43, 24]",1.0425269725582083,1.0057076710353774
879,6005.46875,"[0.78125, 0.84375, 0.84375, 0.0625, 0.671875, 0.0, 0.0, 0.9375, 0.9375, 0.78125, 0.0, 0.0, 0.0, 0.0, 0.84375, 0.875, 0.875, 0.0, 0.0, 0.0, 0.0]","[0.453125, 0.421875, 0.453125, 0.125, 0.4296875, 0.0, 0.0, 0.46875, 0.46875, 0.421875, 0.0, 0.0, 0.0, 0.0, 0.453125, 0.5, 0.5, 0.0, 0.0, 0.0, 0.0]","[34, 63, 89, 22, 4, 57, 67, 43, 24, 91]",1.0425269725582083,1.0057076710353774
880,6045.15625,"[0.78125, 0.84375, 0.84375, 0.0625, 0.671875, 0.0, 0.0, 0.9375, 0.9375, 0.78125, 0.0, 0.0, 0.0, 0.0, 0.84375, 0.875, 0.875, 0.0, 0.0, 0.0, 0.0]","[0.453125, 0.421875, 0.453125, 0.125, 0.4296875, 0.0, 0.0, 0.46875, 0.46875, 0.421875, 0.0, 0.0, 0.0, 0.0, 0.453125, 0.5, 0.5, 0.0, 0.0, 0.0, 0.0]","[34, 63, 89, 22, 4, 57, 67, 43, 24, 91]",1.0425269725582083,1.0057076710353774
881,6025.3125,"[0.78125, 0.84375, 0.84375, 0.0625, 0.671875, 0.0, 0.0, 0.9375, 0.9375, 0.78125, 0.0, 0.0, 0.0, 0.0, 0.84375, 0.875, 0.875, 0.0, 0.0, 0.0, 0.0]","[0.453125, 0.421875, 0.453125, 0.125, 0.4296875, 0.0, 0.0, 0.46875, 0.46875, 0.421875, 0.0, 0.0, 0.0, 0.0, 0.453125, 0.5, 0.5, 0.0, 0.0, 0.0, 0.0]","[34, 63, 89, 22, 4, 57, 67, 43, 24, 91]",1.0425269725582083,1.0057076710353774
882,6045.15625,"[0.78125, 0.84375, 0.84375, 0.0625, 0.671875, 0.0, 0.0, 0.9375, 0.9375, 0.78125, 0.0, 0.0, 0.0, 0.0, 0.84375, 0.875, 0.875, 0.0, 0.0, 0.0, 0.0]","[0.453125, 0.421875, 0.453125, 0.125, 0.4140625, 0.0, 0.0, 0.46875, 0.46875, 0.421875, 0.0, 0.0, 0.0, 0.0, 0.453125, 0.5, 0.5, 0.0, 0.0, 0.0, 0.0]","[34, 63, 89, 22, 4, 57, 67, 43, 24, 73]",1.0425269725582083,1.0061114639946152
883,6084.84375,"[0.78125, 0.84375, 0.84375, 0.0625, 0.671875, 0.0, 0.0, 0.9375, 0.9375, 0.78125, 0.0, 0.0, 0.0, 0.0, 0.84375, 0.875, 0.875, 0.0, 0.0, 0.0, 0.0]","[0.453125, 0.421875, 0.453125, 0.125, 0.4140625, 0.0, 0.0, 0.46875, 0.46875, 0.421875, 0.0, 0.0, 0.0, 0.0, 0.453125, 0.5, 0.5, 0.0, 0.0, 0.0, 0.0]","[34, 63, 89, 22, 4, 57, 67, 43, 24, 73]",1.0425269725582083,1.0061114639946152
884,6164.21875,"[0.78125, 0.84375, 0.84375, 0.0625, 0.671875, 0.0, 0.0, 0.9375, 0.6875, 0.78125, 0.0, 0.0, 0.0, 0.0, 0.84375, 0.875, 0.875, 0.0, 0.0, 0.0, 0.0]","[0.453125, 0.421875, 0.453125, 0.125, 0.4140625, 0.0, 0.0, 0.46875, 0.34375, 0.421875, 0.0, 0.0, 0.0, 0.0, 0.453125, 0.5, 0.5, 0.0, 0.0, 0.0, 0.0]","[34, 63, 89, 22, 4, 57, 67, 43, 24, 70]",1.0436565755166054,1.0106511837242291
885,6045.15625,"[0.78125, 0.84375, 0.84375, 0.0625, 0.671875, 0.0, 0.0, 0.9375, 0.6875, 0.78125, 0.0, 0.0, 0.0, 0.0, 0.84375, 0.875, 0.875, 0.0, 0.0, 0.0, 0.0]","[0.453125, 0.421875, 0.453125, 0.125, 0.4140625, 0.0, 0.0, 0.46875, 0.34375, 0.421875, 0.0, 0.0, 0.0, 0.0, 0.453125, 0.5, 0.5, 0.0, 0.0, 0.0, 0.0]","[34, 63, 89, 22, 4, 57, 67, 43, 24]",1.0436565755166054,1.0106511837242291
886,5867.65625,"[0.78125, 0.84375, 0.84375, 0.0625, 0.671875, 0.0, 0.0, 0.9375, 0.71875, 0.78125, 0.0, 0.0, 0.0, 0.0, 0.84375, 0.875, 0.875, 0.0, 0.0, 0.0, 0.0]","[0.453125, 0.421875, 0.453125, 0.125, 0.4140625, 0.0, 0.0, 0.46875, 0.359375, 0.421875, 0.0, 0.0, 0.0, 0.0, 0.453125, 0.5, 0.5, 0.0, 0.0, 0.0, 0.0]","[34, 63, 89, 22, 4, 57, 67, 43, 70]",1.0425939178629522,1.0092884425186002
887,5907.03125,"[0.78125, 0.8125, 0.84375, 0.0625, 0.671875, 0.0, 0.0, 0.9375, 0.71875, 0.78125, 0.0, 0.0, 0.0, 0.0, 0.84375, 0.875, 0.875, 0.0, 0.0, 0.0, 0.0]","[0.453125, 0.40625, 0.453125, 0.125, 0.4140625, 0.0, 0.0, 0.46875, 0.359375, 0.421875, 0.0, 0.0, 0.0, 0.0, 0.453125, 0.5, 0.5, 0.0, 0.0, 0.0, 0.0]","[34, 63, 89, 22, 4, 57, 67, 43, 58]",1.042487866778771,1.0096725702447835
888,5926.71875,"[0.78125, 0.8125, 0.84375, 0.0625, 0.671875, 0.0, 0.0, 0.9375, 0.71875, 0.78125, 0.0, 0.0, 0.0, 0.0, 0.84375, 0.875, 0.875, 0.0, 0.0, 0.0, 0.0]","[0.453125, 0.40625, 0.453125, 0.125, 0.4140625, 0.0, 0.0, 0.46875, 0.359375, 0.421875, 0.0, 0.0, 0.0, 0.0, 0.453125, 0.5, 0.5, 0.0, 0.0, 0.0, 0.0]","[34, 63, 89, 22, 4, 57, 67, 43, 58]",1.042487866778771,1.0096725702447835
889,6005.46875,"[0.78125, 0.8125, 0.84375, 0.0625, 0.671875, 0.0, 0.0, 0.9375, 0.71875, 0.78125, 0.0, 0.0, 0.0, 0.0, 0.84375, 0.875, 0.875, 0.0, 0.0, 0.0, 0.0]","[0.453125, 0.40625, 0.453125, 0.125, 0.4140625, 0.0, 0.0, 0.46875, 0.359375, 0.421875, 0.0, 0.0, 0.0, 0.0, 0.453125, 0.5, 0.5, 0.0, 0.0, 0.0, 0.0]","[34, 63, 89, 22, 4, 57, 67, 43, 58]",1.042487866778771,1.0096725702447835
890,5887.34375,"[0.78125, 0.8125, 0.84375, 0.0625, 0.671875, 0.0, 0.0, 0.90625, 0.71875, 0.78125, 0.0, 0.0, 0.0, 0.0, 0.84375, 0.875, 0.875, 0.0, 0.0, 0.0, 0.0]","[0.453125, 0.40625, 0.453125, 0.125, 0.4140625, 0.0, 0.0, 0.453125, 0.359375, 0.421875, 0.0, 0.0, 0.0, 0.0, 0.453125, 0.5, 0.5, 0.0, 0.0, 0.0, 0.0]","[34, 63, 89, 22, 4, 57, 67, 43, 31]",1.0414666656242,1.0092987815517789
891,5847.96875,"[0.78125, 0.8125, 0.84375, 0.0625, 0.640625, 0.0, 0.0, 0.90625, 0.71875, 0.78125, 0.0, 0.0, 0.0, 0.0, 0.84375, 0.875, 0.875, 0.0, 0.0, 0.0, 0.0]","[0.453125, 0.40625, 0.453125, 0.125, 0.3984375, 0.0, 0.0, 0.453125, 0.359375, 0.421875, 0.0, 0.0, 0.0, 0.0, 0.453125, 0.5, 0.5, 0.0, 0.0, 0.0, 0.0]","[34, 63, 89, 22, 4, 57, 67, 43, 31]",1.0429243730116822,1.0097646695696403
892,5827.96875,"[0.78125, 0.8125, 0.84375, 0.0625, 0.640625, 0.0, 0.0, 0.90625, 0.78125, 0.78125, 0.0, 0.0, 0.0, 0.0, 0.84375, 0.875, 0.84375, 0.0, 0.0, 0.0, 0.0]","[0.453125, 0.40625, 0.453125, 0.125, 0.3984375, 0.0, 0.0, 0.453125, 0.390625, 0.421875, 0.0, 0.0, 0.0, 0.0, 0.453125, 0.5, 0.484375, 0.0, 0.0, 0.0, 0.0]","[34, 63, 89, 22, 4, 57, 67, 43, 39]",1.041319220205744,1.0069538202427384
893,5887.03125,"[0.78125, 0.8125, 0.84375, 0.0625, 0.640625, 0.0, 0.0, 0.90625, 0.78125, 0.90625, 0.0, 0.0, 0.0, 0.0, 0.84375, 0.875, 0.84375, 0.0, 0.0, 0.0, 0.0]","[0.453125, 0.40625, 0.453125, 0.125, 0.3984375, 0.0, 0.0, 0.453125, 0.390625, 0.484375, 0.0, 0.0, 0.0, 0.0, 0.453125, 0.5, 0.484375, 0.0, 0.0, 0.0, 0.0]","[34, 63, 89, 22, 4, 57, 67, 43, 58]",1.0422873920613231,1.0078656760377473
894,5887.03125,"[0.78125, 0.8125, 0.84375, 0.0625, 0.640625, 0.0, 0.0, 0.90625, 0.78125, 0.90625, 0.0, 0.0, 0.0, 0.0, 0.84375, 0.875, 0.84375, 0.0, 0.0, 0.0, 0.0]","[0.453125, 0.40625, 0.453125, 0.125, 0.3984375, 0.0, 0.0, 0.453125, 0.390625, 0.484375, 0.0, 0.0, 0.0, 0.0, 0.453125, 0.5, 0.484375, 0.0, 0.0, 0.0, 0.0]","[34, 63, 89, 22, 4, 57, 67, 43, 58, 70, 72]",1.0422873920613231,1.0078656760377473
895,6085.46875,"[0.78125, 0.8125, 0.84375, 0.09375, 0.765625, 0.0, 0.0, 0.90625, 0.78125, 0.90625, 0.0, 0.0, 0.0, 0.0, 0.84375, 0.875, 0.84375, 0.0, 0.0, 0.0, 0.0]","[0.453125, 0.40625, 0.453125, 0.1875, 0.4609375, 0.0, 0.0, 0.453125, 0.390625, 0.484375, 0.0, 0.0, 0.0, 0.0, 0.453125, 0.5, 0.484375, 0.0, 0.0, 0.0, 0.0]","[34, 63, 89, 22, 4, 57, 67, 43, 58, 73]",1.031038957405959,0.9896617436165882
896,6105.3125,"[0.78125, 0.8125, 0.84375, 0.09375, 0.765625, 0.0, 0.0, 0.78125, 0.78125, 0.90625, 0.0, 0.0, 0.0, 0.0, 0.8125, 0.875, 0.84375, 0.0, 0.0, 0.0, 0.0]","[0.453125, 0.40625, 0.453125, 0.1875, 0.4609375, 0.0, 0.0, 0.390625, 0.390625, 0.484375, 0.0, 0.0, 0.0, 0.0, 0.4375, 0.5, 0.484375, 0.0, 0.0, 0.0, 0.0]","[34, 63, 89, 22, 4, 57, 67, 43, 58, 27]",1.0302127305495221,0.9908329205376439
897,6026.71875,"[0.78125, 0.8125, 0.84375, 0.09375, 0.765625, 0.0, 0.0, 0.78125, 0.78125, 0.90625, 0.0, 0.0, 0.0, 0.0, 0.8125, 0.875, 0.84375, 0.0, 0.0, 0.0, 0.0]","[0.453125, 0.40625, 0.453125, 0.1875, 0.4609375, 0.0, 0.0, 0.390625, 0.390625, 0.484375, 0.0, 0.0, 0.0, 0.0, 0.4375, 0.5, 0.484375, 0.0, 0.0, 0.0, 0.0]","[34, 63, 89, 22, 4, 57, 67, 43, 58, 27]",1.0302127305495221,0.9908329205376439
898,6066.40625,"[0.78125, 0.8125, 0.84375, 0.09375, 0.796875, 0.0, 0.0, 0.78125, 0.78125, 0.90625, 0.0, 0.0, 0.0, 0.0, 0.8125, 0.875, 0.84375, 0.0, 0.0, 0.0, 0.0]","[0.453125, 0.40625, 0.453125, 0.1875, 0.4609375, 0.0, 0.0, 0.390625, 0.390625, 0.484375, 0.0, 0.0, 0.0, 0.0, 0.4375, 0.5, 0.484375, 0.0, 0.0, 0.0, 0.0]","[34, 63, 89, 22, 4, 57, 67, 43, 58, 55]",1.0298940177420888,0.9908329205376439
899,6185.46875,"[0.78125, 0.8125, 0.84375, 0.09375, 0.921875, 0.0, 0.0, 0.78125, 0.78125, 0.90625, 0.0, 0.0, 0.0, 0.0, 0.8125, 0.875, 0.84375, 0.0, 0.0, 0.0, 0.0]","[0.453125, 0.40625, 0.453125, 0.1875, 0.5234375, 0.0, 0.0, 0.390625, 0.390625, 0.484375, 0.0, 0.0, 0.0, 0.0, 0.4375, 0.5, 0.484375, 0.0, 0.0, 0.0, 0.0]","[34, 63, 89, 22, 4, 57, 67, 43, 58, 73]",1.0311781289273916,0.9938467320378631
900,6224.84375,"[0.78125, 0.8125, 0.84375, 0.09375, 0.921875, 0.0, 0.0, 0.78125, 0.78125, 0.875, 0.0, 0.0, 0.0, 0.0, 0.8125, 0.875, 0.78125, 0.0, 0.0, 0.0, 0.0]","[0.453125, 0.40625, 0.453125, 0.1875, 0.5234375, 0.0, 0.0, 0.390625, 0.390625, 0.46875, 0.0, 0.0, 0.0, 0.0, 0.4375, 0.5, 0.421875, 0.0, 0.0, 0.0, 0.0]","[34, 63, 89, 22, 4, 57, 67, 43, 58, 5]",1.0308339193620684,0.9926460513536407
901,6146.09375,"[0.78125, 0.8125, 0.84375, 0.09375, 0.921875, 0.0, 0.0, 0.78125, 0.78125, 0.875, 0.0, 0.0, 0.0, 0.0, 0.8125, 0.875, 0.8125, 0.0, 0.0, 0.0, 0.0]","[0.453125, 0.40625, 0.453125, 0.1875, 0.5234375, 0.0, 0.0, 0.390625, 0.390625, 0.46875, 0.0, 0.0, 0.0, 0.0, 0.4375, 0.5, 0.4375, 0.0, 0.0, 0.0, 0.0]","[34, 63, 89, 22, 4, 57, 67, 43, 58, 73]",1.0306013459307446,0.9925077711177457
902,6185.46875,"[0.75, 0.8125, 0.84375, 0.09375, 0.921875, 0.0, 0.0, 0.78125, 0.78125, 0.875, 0.0, 0.0, 0.0, 0.0, 0.8125, 0.875, 0.8125, 0.0, 0.0, 0.0, 0.0]","[0.4375, 0.40625, 0.453125, 0.1875, 0.5234375, 0.0, 0.0, 0.390625, 0.390625, 0.46875, 0.0, 0.0, 0.0, 0.0, 0.4375, 0.5, 0.4375, 0.0, 0.0, 0.0, 0.0]","[34, 63, 89, 22, 4, 57, 67, 43, 58, 32]",1.0311185771446283,0.9924053779322363
903,6205.15625,"[0.875, 0.8125, 0.84375, 0.09375, 0.921875, 0.0, 0.0, 0.78125, 0.65625, 0.875, 0.0, 0.0, 0.0, 0.0, 0.8125, 0.875, 0.78125, 0.0, 0.0, 0.0, 0.0]","[0.5, 0.40625, 0.453125, 0.1875, 0.5234375, 0.0, 0.0, 0.390625, 0.328125, 0.46875, 0.0, 0.0, 0.0, 0.0, 0.4375, 0.5, 0.421875, 0.0, 0.0, 0.0, 0.0]","[34, 63, 89, 22, 4, 57, 67, 43, 58, 26]",1.0347631977116127,0.9992825550424236
904,6264.21875,"[0.875, 0.8125, 0.84375, 0.09375, 0.921875, 0.0, 0.0, 0.78125, 0.90625, 0.875, 0.0, 0.0, 0.0, 0.0, 0.8125, 0.875, 0.78125, 0.0, 0.0, 0.0, 0.0]","[0.5, 0.40625, 0.453125, 0.1875, 0.5234375, 0.0, 0.0, 0.390625, 0.453125, 0.46875, 0.0, 0.0, 0.0, 0.0, 0.4375, 0.5, 0.421875, 0.0, 0.0, 0.0, 0.0]","[34, 63, 89, 22, 4, 57, 67, 43, 58, 44]",1.031152029551132,0.9928677474468129
905,6303.59375,"[0.875, 0.8125, 0.84375, 0.09375, 0.921875, 0.0, 0.0, 0.78125, 0.90625, 0.875, 0.0, 0.0, 0.0, 0.0, 0.8125, 0.875, 0.78125, 0.0, 0.0, 0.0, 0.0]","[0.5, 0.40625, 0.453125, 0.1875, 0.5234375, 0.0, 0.0, 0.390625, 0.453125, 0.46875, 0.0, 0.0, 0.0, 0.0, 0.4375, 0.5, 0.421875, 0.0, 0.0, 0.0, 0.0]","[34, 63, 89, 22, 4, 57, 67, 43, 58, 44]",1.031152029551132,0.9928677474468129
906,6283.90625,"[0.875, 0.8125, 0.84375, 0.09375, 0.921875, 0.0, 0.0, 0.78125, 0.90625, 0.875, 0.0, 0.0, 0.0, 0.0, 0.8125, 0.875, 0.78125, 0.0, 0.0, 0.0, 0.0]","[0.5, 0.40625, 0.453125, 0.1875, 0.5234375, 0.0, 0.0, 0.390625, 0.453125, 0.46875, 0.0, 0.0, 0.0, 0.0, 0.4375, 0.5, 0.421875, 0.0, 0.0, 0.0, 0.0]","[34, 63, 89, 22, 4, 57, 67, 43, 58, 44]",1.031152029551132,0.9928677474468129
907,6303.59375,"[0.875, 0.8125, 0.84375, 0.09375, 0.921875, 0.0, 0.0, 0.78125, 0.90625, 0.875, 0.0, 0.0, 0.0, 0.0, 0.8125, 0.875, 0.84375, 0.0, 0.0, 0.0, 0.0]","[0.5, 0.40625, 0.453125, 0.1875, 0.5234375, 0.0, 0.0, 0.390625, 0.453125, 0.46875, 0.0, 0.0, 0.0, 0.0, 0.4375, 0.5, 0.453125, 0.0, 0.0, 0.0, 0.0]","[34, 63, 89, 22, 4, 57, 67, 43, 58, 73]",1.0305827738716098,0.9925078479617958
908,6382.34375,"[0.875, 0.8125, 0.84375, 0.09375, 0.921875, 0.0, 0.0, 0.90625, 0.90625, 0.875, 0.0, 0.0, 0.0, 0.0, 0.8125, 0.875, 0.84375, 0.0, 0.0, 0.0, 0.0]","[0.5, 0.40625, 0.453125, 0.1875, 0.5234375, 0.0, 0.0, 0.453125, 0.453125, 0.46875, 0.0, 0.0, 0.0, 0.0, 0.4375, 0.5, 0.453125, 0.0, 0.0, 0.0, 0.0]","[34, 63, 89, 22, 4, 57, 67, 43, 58, 78]",1.030222844118571,0.9906797876075643
909,6382.34375,"[0.875, 0.8125, 0.84375, 0.09375, 0.921875, 0.0, 0.0, 0.90625, 0.90625, 0.875, 0.0, 0.0, 0.0, 0.0, 0.8125, 0.875, 0.84375, 0.0, 0.0, 0.0, 0.0]","[0.5, 0.40625, 0.453125, 0.1875, 0.5234375, 0.0, 0.0, 0.453125, 0.453125, 0.46875, 0.0, 0.0, 0.0, 0.0, 0.4375, 0.5, 0.453125, 0.0, 0.0, 0.0, 0.0]","[34, 63, 89, 22, 4, 57, 67, 43, 58, 78, 93, 95]",1.030222844118571,0.9906797876075643
910,6580.78125,"[0.875, 0.8125, 0.84375, 0.21875, 0.921875, 0.03125, 0.0, 0.90625, 0.90625, 0.875, 0.0, 0.0, 0.0, 0.0, 0.8125, 0.875, 0.84375, 0.0, 0.0, 0.0, 0.0]","[0.5, 0.40625, 0.453125, 0.3125, 0.5234375, 0.03125, 0.0, 0.453125, 0.453125, 0.46875, 0.0, 0.0, 0.0, 0.0, 0.4375, 0.5, 0.453125, 0.0, 0.0, 0.0, 0.0]","[34, 63, 89, 22, 4, 57, 67, 43, 58, 78, 96]",1.0001763426397174,0.9554269374146193
911,6600.625,"[0.875, 0.8125, 0.84375, 0.234375, 0.921875, 0.03125, 0.0, 0.90625, 0.90625, 0.875, 0.0, 0.0, 0.0, 0.0, 0.8125, 0.875, 0.84375, 0.0, 0.0, 0.0, 0.0]","[0.5, 0.40625, 0.453125, 0.328125, 0.5234375, 0.03125, 0.0, 0.453125, 0.453125, 0.46875, 0.0, 0.0, 0.0, 0.0, 0.4375, 0.5, 0.453125, 0.0, 0.0, 0.0, 0.0]","[34, 63, 89, 22, 4, 57, 67, 43, 58, 78, 98]",0.9976101081676327,0.9535746643637056
912,6640.3125,"[0.875, 0.6875, 0.84375, 0.265625, 0.921875, 0.03125, 0.0, 0.90625, 0.90625, 0.875, 0.0, 0.0, 0.0, 0.0, 0.8125, 0.875, 0.84375, 0.0, 0.0, 0.0, 0.0]","[0.5, 0.34375, 0.453125, 0.359375, 0.5234375, 0.03125, 0.0, 0.453125, 0.453125, 0.46875, 0.0, 0.0, 0.0, 0.0, 0.4375, 0.5, 0.453125, 0.0, 0.0, 0.0, 0.0]","[34, 63, 89, 22, 4, 57, 67, 43, 58, 78, 29]",0.9957926950729448,0.9548974521739146
913,6798.4375,"[0.875, 0.9375, 0.84375, 0.265625, 0.921875, 0.03125, 0.0, 0.90625, 0.90625, 0.875, 0.0, 0.0, 0.0, 0.0, 0.8125, 0.875, 0.84375, 0.0, 0.0, 0.0, 0.0]","[0.5, 0.46875, 0.453125, 0.359375, 0.5234375, 0.03125, 0.0, 0.453125, 0.453125, 0.46875, 0.0, 0.0, 0.0, 0.0, 0.4375, 0.5, 0.453125, 0.0, 0.0, 0.0, 0.0]","[34, 63, 89, 22, 4, 57, 67, 43, 58, 29]",0.993361962275838,0.9493355641020464
914,6719.0625,"[0.875, 0.9375, 0.84375, 0.265625, 0.921875, 0.03125, 0.0, 0.90625, 0.90625, 0.875, 0.0, 0.0, 0.0, 0.0, 0.8125, 0.875, 0.84375, 0.0, 0.0, 0.0, 0.0]","[0.5, 0.46875, 0.453125, 0.359375, 0.5234375, 0.03125, 0.0, 0.453125, 0.453125, 0.46875, 0.0, 0.0, 0.0, 0.0, 0.4375, 0.5, 0.453125, 0.0, 0.0, 0.0, 0.0]","[34, 63, 89, 22, 4, 57, 67, 43, 58, 29, 99]",0.993361962275838,0.9493355641020464
915,6758.75,"[0.875, 0.9375, 0.84375, 0.296875, 0.921875, 0.03125, 0.0, 0.90625, 0.90625, 0.875, 0.0, 0.0, 0.0, 0.0, 0.8125, 0.875, 0.84375, 0.0, 0.0, 0.0, 0.0]","[0.5, 0.46875, 0.453125, 0.421875, 0.5234375, 0.03125, 0.0, 0.453125, 0.453125, 0.46875, 0.0, 0.0, 0.0, 0.0, 0.4375, 0.5, 0.453125, 0.0, 0.0, 0.0, 0.0]","[34, 63, 89, 22, 4, 57, 67, 43, 58, 29, 100]",0.988744951489268,0.9454874419656323
916,6778.59375,"[0.875, 0.9375, 0.84375, 0.3125, 0.921875, 0.03125, 0.0, 0.90625, 0.90625, 0.875, 0.0, 0.0, 0.0, 0.0, 0.8125, 0.875, 0.84375, 0.0, 0.0, 0.0, 0.0]","[0.5, 0.46875, 0.453125, 0.4375, 0.5234375, 0.03125, 0.0, 0.453125, 0.453125, 0.46875, 0.0, 0.0, 0.0, 0.0, 0.4375, 0.5, 0.453125, 0.0, 0.0, 0.0, 0.0]","[34, 63, 89, 22, 4, 57, 67, 43, 58, 29, 101]",0.9865365871927014,0.9450119088666468
917,6818.28125,"[0.875, 0.9375, 0.84375, 0.3125, 0.921875, 0.03125, 0.0, 0.90625, 0.90625, 0.625, 0.0, 0.0, 0.0, 0.0, 0.8125, 0.875, 0.84375, 0.0, 0.0, 0.0, 0.0]","[0.5, 0.46875, 0.453125, 0.4375, 0.5234375, 0.03125, 0.0, 0.453125, 0.453125, 0.34375, 0.0, 0.0, 0.0, 0.0, 0.4375, 0.5, 0.453125, 0.0, 0.0, 0.0, 0.0]","[34, 63, 89, 22, 4, 57, 67, 43, 58, 29, 97]",0.9930556598771098,0.9509768920323693
918,6857.96875,"[0.875, 0.9375, 0.84375, 0.375, 0.921875, 0.03125, 0.0, 0.90625, 0.90625, 0.625, 0.0, 0.0, 0.0, 0.0, 0.8125, 0.875, 0.84375, 0.0, 0.0, 0.0, 0.0]","[0.5, 0.46875, 0.453125, 0.5, 0.5234375, 0.03125, 0.0, 0.453125, 0.453125, 0.34375, 0.0, 0.0, 0.0, 0.0, 0.4375, 0.5, 0.453125, 0.0, 0.0, 0.0, 0.0]","[63, 89, 22, 4, 57, 67, 43, 58, 29]",0.9847757904959132,0.9513741407390255
919,6700.46875,"[0.875, 0.9375, 0.84375, 0.375, 0.921875, 0.03125, 0.0, 0.90625, 0.90625, 0.625, 0.0, 0.0, 0.0, 0.0, 0.8125, 0.875, 0.84375, 0.0, 0.0, 0.0, 0.0]","[0.5, 0.46875, 0.453125, 0.5, 0.5234375, 0.03125, 0.0, 0.453125, 0.453125, 0.34375, 0.0, 0.0, 0.0, 0.0, 0.4375, 0.5, 0.453125, 0.0, 0.0, 0.0, 0.0]","[89, 22, 4, 57, 67, 43, 58, 29, 34, 63]",0.9847757904959132,0.9513741407390255
920,6739.84375,"[0.875, 0.9375, 0.84375, 0.375, 0.890625, 0.03125, 0.0, 0.90625, 0.90625, 0.625, 0.0, 0.0, 0.0, 0.0, 0.8125, 0.875, 0.84375, 0.0, 0.0, 0.0, 0.0]","[0.5, 0.46875, 0.453125, 0.5, 0.4921875, 0.03125, 0.0, 0.453125, 0.453125, 0.34375, 0.0, 0.0, 0.0, 0.0, 0.4375, 0.5, 0.453125, 0.0, 0.0, 0.0, 0.0]","[22, 4, 57, 67, 43, 58, 29, 34, 63, 79]",0.9842070159789873,0.9501733494391646
921,6680.46875,"[0.875, 0.9375, 0.84375, 0.375, 0.890625, 0.03125, 0.0, 0.90625, 0.90625, 0.625, 0.0, 0.0, 0.0, 0.0, 0.8125, 0.875, 0.84375, 0.0, 0.0, 0.0, 0.0]","[0.5, 0.46875, 0.453125, 0.5, 0.4921875, 0.03125, 0.0, 0.453125, 0.453125, 0.34375, 0.0, 0.0, 0.0, 0.0, 0.4375, 0.5, 0.453125, 0.0, 0.0, 0.0, 0.0]","[22, 4, 57, 67, 43, 58, 29, 34, 63, 79, 89]",0.9842070159789873,0.9501733494391646
922,6857.96875,"[0.875, 0.9375, 0.84375, 0.375, 0.890625, 0.03125, 0.0, 0.90625, 0.90625, 0.875, 0.0, 0.0, 0.0, 0.0, 0.8125, 0.875, 0.84375, 0.0, 0.0, 0.0, 0.0]","[0.5, 0.46875, 0.453125, 0.5, 0.4921875, 0.03125, 0.0, 0.453125, 0.453125, 0.46875, 0.0, 0.0, 0.0, 0.0, 0.4375, 0.5, 0.453125, 0.0, 0.0, 0.0, 0.0]","[22, 4, 57, 67, 43, 58, 29, 34, 63, 89]",0.9779662662237394,0.9440230916706926
923,6897.65625,"[0.875, 0.9375, 0.84375, 0.375, 0.828125, 0.03125, 0.0, 0.90625, 0.90625, 0.875, 0.0, 0.0, 0.0, 0.0, 0.8125, 0.875, 0.84375, 0.0, 0.0, 0.0, 0.0]","[0.5, 0.46875, 0.453125, 0.5, 0.4609375, 0.03125, 0.0, 0.453125, 0.453125, 0.46875, 0.0, 0.0, 0.0, 0.0, 0.4375, 0.5, 0.453125, 0.0, 0.0, 0.0, 0.0]","[22, 4, 57, 67, 43, 58, 29, 34, 63, 77]",0.9778399589060648,0.9437978345805758
924,6897.65625,"[0.875, 0.9375, 0.84375, 0.375, 0.828125, 0.03125, 0.0, 0.90625, 0.90625, 0.625, 0.0, 0.0, 0.0, 0.0, 0.8125, 0.875, 0.84375, 0.0, 0.0, 0.0, 0.0]","[0.5, 0.46875, 0.453125, 0.5, 0.4609375, 0.03125, 0.0, 0.453125, 0.453125, 0.34375, 0.0, 0.0, 0.0, 0.0, 0.4375, 0.5, 0.453125, 0.0, 0.0, 0.0, 0.0]","[22, 4, 57, 67, 43, 58, 29, 34, 63, 51]",0.9837665987840514,0.9497099947856341
925,6779.53125,"[0.875, 0.6875, 0.84375, 0.375, 0.953125, 0.03125, 0.0, 0.875, 0.90625, 0.6875, 0.0, 0.0, 0.0, 0.0, 0.8125, 0.875, 0.84375, 0.0, 0.0, 0.0, 0.0]","[0.5, 0.34375, 0.453125, 0.5, 0.5234375, 0.03125, 0.0, 0.4375, 0.453125, 0.40625, 0.0, 0.0, 0.0, 0.0, 0.4375, 0.5, 0.453125, 0.0, 0.0, 0.0, 0.0]","[22, 4, 57, 67, 43, 58, 29, 34, 42]",0.9834339459568318,0.9528415276131629
926,6622.03125,"[0.875, 0.6875, 0.84375, 0.375, 0.953125, 0.03125, 0.0, 0.875, 0.90625, 0.6875, 0.0, 0.0, 0.0, 0.0, 0.8125, 0.875, 0.84375, 0.0, 0.0, 0.0, 0.0]","[0.5, 0.34375, 0.453125, 0.5, 0.5234375, 0.03125, 0.0, 0.4375, 0.453125, 0.40625, 0.0, 0.0, 0.0, 0.0, 0.4375, 0.5, 0.453125, 0.0, 0.0, 0.0, 0.0]","[22, 4, 57, 67, 43, 58, 29, 34, 42]",0.9834339459568318,0.9528415276131629
927,6641.71875,"[0.875, 0.75, 0.84375, 0.375, 0.953125, 0.03125, 0.0, 0.875, 0.90625, 0.6875, 0.0, 0.0, 0.0, 0.0, 0.8125, 0.875, 0.84375, 0.0, 0.0, 0.0, 0.0]","[0.5, 0.375, 0.453125, 0.5, 0.5234375, 0.03125, 0.0, 0.4375, 0.453125, 0.40625, 0.0, 0.0, 0.0, 0.0, 0.4375, 0.5, 0.453125, 0.0, 0.0, 0.0, 0.0]","[22, 4, 57, 67, 43, 58, 29, 34, 76]",0.9816293646636965,0.9501625506846046
928,6720.46875,"[0.875, 0.75, 0.84375, 0.34375, 0.953125, 0.03125, 0.0, 0.875, 0.90625, 0.6875, 0.0, 0.0, 0.0, 0.0, 0.8125, 0.875, 0.84375, 0.0, 0.0, 0.0, 0.0]","[0.5, 0.375, 0.453125, 0.4375, 0.5234375, 0.03125, 0.0, 0.4375, 0.453125, 0.40625, 0.0, 0.0, 0.0, 0.0, 0.4375, 0.5, 0.453125, 0.0, 0.0, 0.0, 0.0]","[22, 4, 57, 67, 43, 58, 29, 34, 36]",0.9856351789196259,0.9494924790828884
929,6759.53125,"[0.875, 1.0, 0.84375, 0.34375, 0.953125, 0.03125, 0.0, 0.875, 0.90625, 0.6875, 0.0, 0.0, 0.0, 0.0, 0.8125, 0.875, 0.84375, 0.0, 0.0, 0.0, 0.0]","[0.5, 0.5, 0.453125, 0.4375, 0.5234375, 0.03125, 0.0, 0.4375, 0.453125, 0.40625, 0.0, 0.0, 0.0, 0.0, 0.4375, 0.5, 0.453125, 0.0, 0.0, 0.0, 0.0]","[22, 4, 57, 67, 43, 58, 29, 34, 76]",0.98806718802742,0.9472217261873438
930,6798.90625,"[0.875, 1.0, 0.84375, 0.34375, 0.953125, 0.03125, 0.0, 0.875, 0.90625, 0.6875, 0.0, 0.0, 0.0, 0.0, 0.875, 0.875, 0.84375, 0.0, 0.0, 0.0, 0.0]","[0.5, 0.5, 0.453125, 0.4375, 0.5234375, 0.03125, 0.0, 0.4375, 0.453125, 0.40625, 0.0, 0.0, 0.0, 0.0, 0.5, 0.5, 0.453125, 0.0, 0.0, 0.0, 0.0]","[22, 4, 57, 67, 43, 58, 29, 34, 77]",0.9878978417924565,0.9473350035877257
931,6818.59375,"[0.875, 1.0, 0.84375, 0.34375, 0.953125, 0.03125, 0.0, 0.875, 0.90625, 0.6875, 0.0, 0.0, 0.0, 0.0, 0.8125, 0.875, 0.84375, 0.0, 0.0, 0.0, 0.0]","[0.5, 0.5, 0.453125, 0.4375, 0.5234375, 0.03125, 0.0, 0.4375, 0.453125, 0.40625, 0.0, 0.0, 0.0, 0.0, 0.46875, 0.5, 0.453125, 0.0, 0.0, 0.0, 0.0]","[22, 4, 57, 67, 43, 58, 29, 34, 59]",0.98806718802742,0.9469097449096648
932,6798.90625,"[0.875, 1.0, 0.84375, 0.34375, 0.953125, 0.03125, 0.0, 0.875, 0.90625, 0.6875, 0.0, 0.0, 0.0, 0.0, 0.8125, 0.8125, 0.84375, 0.0, 0.0, 0.0, 0.0]","[0.5, 0.5, 0.453125, 0.4375, 0.5234375, 0.03125, 0.0, 0.4375, 0.453125, 0.40625, 0.0, 0.0, 0.0, 0.0, 0.46875, 0.46875, 0.453125, 0.0, 0.0, 0.0, 0.0]","[22, 4, 57, 67, 43, 58, 29, 34, 59]",0.988144467981795,0.9463995869024574
933,6798.90625,"[0.875, 1.0, 0.84375, 0.34375, 0.953125, 0.03125, 0.0, 0.875, 0.90625, 0.6875, 0.0, 0.0, 0.0, 0.0, 0.8125, 0.9375, 0.84375, 0.0, 0.0, 0.0, 0.0]","[0.5, 0.5, 0.453125, 0.4375, 0.5234375, 0.03125, 0.0, 0.4375, 0.453125, 0.40625, 0.0, 0.0, 0.0, 0.0, 0.46875, 0.53125, 0.453125, 0.0, 0.0, 0.0, 0.0]","[22, 4, 57, 67, 43, 58, 29, 34, 77]",0.9888980037782822,0.9481366976693564
934,6798.90625,"[0.875, 1.0, 0.84375, 0.34375, 0.953125, 0.03125, 0.0, 0.875, 0.90625, 0.6875, 0.0, 0.0, 0.0, 0.0, 0.8125, 0.9375, 0.84375, 0.0, 0.0, 0.0, 0.0]","[0.5, 0.5, 0.453125, 0.4375, 0.5234375, 0.03125, 0.0, 0.4375, 0.453125, 0.40625, 0.0, 0.0, 0.0, 0.0, 0.46875, 0.53125, 0.453125, 0.0, 0.0, 0.0, 0.0]","[22, 4, 57, 67, 43, 58, 29, 34, 77, 89]",0.9888980037782822,0.9481366976693564
935,6838.28125,"[0.875, 1.0, 0.84375, 0.34375, 0.953125, 0.03125, 0.0, 0.875, 0.78125, 0.75, 0.0, 0.0, 0.0, 0.0, 0.8125, 0.9375, 0.84375, 0.0, 0.0, 0.0, 0.0]","[0.5, 0.5, 0.453125, 0.4375, 0.5234375, 0.03125, 0.0, 0.4375, 0.390625, 0.46875, 0.0, 0.0, 0.0, 0.0, 0.46875, 0.53125, 0.453125, 0.0, 0.0, 0.0, 0.0]","[22, 4, 57, 67, 43, 58, 29, 34, 66, 77]",0.9870522984982344,0.9489377144534559
936,6779.21875,"[0.875, 1.0, 0.78125, 0.34375, 0.953125, 0.03125, 0.0, 0.875, 0.78125, 0.75, 0.0, 0.0, 0.0, 0.0, 0.8125, 0.9375, 0.84375, 0.0, 0.0, 0.0, 0.0]","[0.5, 0.5, 0.421875, 0.4375, 0.5234375, 0.03125, 0.0, 0.4375, 0.390625, 0.46875, 0.0, 0.0, 0.0, 0.0, 0.46875, 0.53125, 0.453125, 0.0, 0.0, 0.0, 0.0]","[22, 4, 57, 67, 43, 58, 29, 34, 66, 77]",0.9876301091573595,0.9497479608744787
937,6759.53125,"[0.875, 1.0, 0.78125, 0.34375, 0.953125, 0.03125, 0.0, 0.875, 0.78125, 0.75, 0.0, 0.0, 0.0, 0.0, 0.6875, 0.9375, 0.84375, 0.0, 0.0, 0.0, 0.0]","[0.5, 0.5, 0.421875, 0.4375, 0.5234375, 0.03125, 0.0, 0.4375, 0.390625, 0.46875, 0.0, 0.0, 0.0, 0.0, 0.40625, 0.53125, 0.453125, 0.0, 0.0, 0.0, 0.0]","[22, 4, 57, 67, 43, 58, 29, 34, 46, 66]",0.9906480201878053,0.9512012955494334
938,6877.65625,"[0.875, 1.0, 0.78125, 0.34375, 0.953125, 0.03125, 0.0, 0.875, 0.78125, 0.75, 0.0, 0.0, 0.0, 0.0, 0.8125, 0.9375, 0.84375, 0.0, 0.0, 0.0, 0.0]","[0.5, 0.5, 0.421875, 0.4375, 0.5234375, 0.03125, 0.0, 0.4375, 0.390625, 0.46875, 0.0, 0.0, 0.0, 0.0, 0.46875, 0.53125, 0.453125, 0.0, 0.0, 0.0, 0.0]","[22, 4, 57, 67, 43, 58, 29, 34, 46]",0.9876301091573595,0.9497479608744787
939,6720.15625,"[0.875, 1.0, 0.78125, 0.34375, 0.953125, 0.03125, 0.0, 0.875, 0.78125, 0.75, 0.0, 0.0, 0.0, 0.0, 0.8125, 0.9375, 0.84375, 0.0, 0.0, 0.0, 0.0]","[0.5, 0.5, 0.421875, 0.4375, 0.5234375, 0.03125, 0.0, 0.4375, 0.390625, 0.46875, 0.0, 0.0, 0.0, 0.0, 0.46875, 0.53125, 0.453125, 0.0, 0.0, 0.0, 0.0]","[22, 4, 57, 67, 43, 58, 29, 34, 46, 77]",0.9876301091573595,0.9497479608744787
940,6759.53125,"[0.875, 1.0, 0.78125, 0.34375, 0.953125, 0.03125, 0.0, 0.875, 0.78125, 0.75, 0.0, 0.0, 0.0, 0.0, 0.8125, 0.9375, 0.78125, 0.0, 0.0, 0.0, 0.0]","[0.5, 0.5, 0.421875, 0.4375, 0.5234375, 0.03125, 0.0, 0.4375, 0.390625, 0.46875, 0.0, 0.0, 0.0, 0.0, 0.46875, 0.53125, 0.390625, 0.0, 0.0, 0.0, 0.0]","[22, 4, 57, 67, 43, 58, 29, 34, 46, 53]",0.9881257711387652,0.9520293358831009
941,6700.46875,"[0.875, 1.0, 0.78125, 0.34375, 0.953125, 0.03125, 0.0, 0.875, 0.78125, 0.78125, 0.0, 0.0, 0.0, 0.0, 0.8125, 0.9375, 0.78125, 0.0, 0.0, 0.0, 0.0]","[0.5, 0.5, 0.421875, 0.4375, 0.5234375, 0.03125, 0.0, 0.4375, 0.390625, 0.484375, 0.0, 0.0, 0.0, 0.0, 0.46875, 0.53125, 0.390625, 0.0, 0.0, 0.0, 0.0]","[22, 4, 57, 67, 43, 58, 29, 34, 46, 77]",0.9874998821708982,0.9521969848485473
942,6739.84375,"[0.875, 1.0, 0.78125, 0.34375, 0.953125, 0.03125, 0.0, 0.875, 0.78125, 0.78125, 0.0, 0.0, 0.0, 0.0, 0.8125, 0.9375, 0.78125, 0.0, 0.0, 0.0, 0.0]","[0.5, 0.5, 0.421875, 0.4375, 0.5234375, 0.03125, 0.0, 0.4375, 0.390625, 0.484375, 0.0, 0.0, 0.0, 0.0, 0.46875, 0.53125, 0.390625, 0.0, 0.0, 0.0, 0.0]","[22, 4, 57, 67, 43, 58, 29, 34, 46, 77]",0.9874998821708982,0.9521969848485473
943,6779.21875,"[0.625, 0.875, 0.78125, 0.34375, 0.953125, 0.03125, 0.0, 0.875, 0.78125, 0.78125, 0.0, 0.0, 0.0, 0.0, 0.8125, 0.9375, 0.78125, 0.0, 0.0, 0.0, 0.0]","[0.375, 0.4375, 0.421875, 0.4375, 0.5234375, 0.03125, 0.0, 0.4375, 0.390625, 0.484375, 0.0, 0.0, 0.0, 0.0, 0.46875, 0.53125, 0.390625, 0.0, 0.0, 0.0, 0.0]","[22, 4, 57, 67, 43, 58, 29, 34, 20, 35]",0.9887942532541824,0.9535883009205717
944,6621.71875,"[0.625, 0.875, 0.78125, 0.34375, 0.953125, 0.03125, 0.0, 0.875, 0.78125, 0.78125, 0.0, 0.0, 0.0, 0.0, 0.8125, 0.9375, 0.78125, 0.0, 0.0, 0.0, 0.0]","[0.375, 0.4375, 0.421875, 0.4375, 0.5234375, 0.03125, 0.0, 0.4375, 0.390625, 0.484375, 0.0, 0.0, 0.0, 0.0, 0.46875, 0.53125, 0.390625, 0.0, 0.0, 0.0, 0.0]","[22, 4, 57, 67, 43, 58, 29, 34, 20, 35]",0.9887942532541824,0.9535883009205717
945,6503.59375,"[0.6875, 0.875, 0.78125, 0.34375, 0.953125, 0.03125, 0.0, 0.875, 0.78125, 0.78125, 0.0, 0.0, 0.0, 0.0, 0.8125, 0.9375, 0.78125, 0.0, 0.0, 0.0, 0.0]","[0.4375, 0.4375, 0.421875, 0.4375, 0.5234375, 0.03125, 0.0, 0.4375, 0.390625, 0.484375, 0.0, 0.0, 0.0, 0.0, 0.46875, 0.53125, 0.390625, 0.0, 0.0, 0.0, 0.0]","[22, 4, 57, 67, 43, 58, 29, 34, 20, 46]",0.9860426376785036,0.951110830957653
946,6523.28125,"[0.6875, 0.875, 0.78125, 0.34375, 0.953125, 0.03125, 0.0, 0.875, 0.78125, 0.78125, 0.0, 0.0, 0.0, 0.0, 0.8125, 0.9375, 0.78125, 0.0, 0.0, 0.0, 0.0]","[0.4375, 0.4375, 0.421875, 0.4375, 0.5234375, 0.03125, 0.0, 0.4375, 0.390625, 0.484375, 0.0, 0.0, 0.0, 0.0, 0.46875, 0.53125, 0.390625, 0.0, 0.0, 0.0, 0.0]","[22, 4, 57, 67, 43, 58, 29, 34, 20, 46]",0.9860426376785036,0.951110830957653
947,6542.96875,"[0.6875, 0.875, 0.78125, 0.34375, 0.953125, 0.03125, 0.0, 0.875, 0.78125, 0.78125, 0.0, 0.0, 0.0, 0.0, 0.8125, 0.9375, 0.78125, 0.0, 0.0, 0.0, 0.0]","[0.4375, 0.4375, 0.421875, 0.4375, 0.5234375, 0.03125, 0.0, 0.4375, 0.390625, 0.484375, 0.0, 0.0, 0.0, 0.0, 0.46875, 0.53125, 0.390625, 0.0, 0.0, 0.0, 0.0]","[22, 4, 57, 67, 43, 58, 29, 34, 20, 46]",0.9860426376785036,0.951110830957653
948,6582.34375,"[0.6875, 0.875, 0.78125, 0.34375, 0.953125, 0.03125, 0.0, 0.875, 0.53125, 0.78125, 0.0, 0.0, 0.0, 0.0, 0.8125, 0.9375, 0.78125, 0.0, 0.0, 0.0, 0.0]","[0.4375, 0.4375, 0.421875, 0.4375, 0.5234375, 0.03125, 0.0, 0.4375, 0.265625, 0.484375, 0.0, 0.0, 0.0, 0.0, 0.46875, 0.53125, 0.390625, 0.0, 0.0, 0.0, 0.0]","[22, 4, 57, 67, 43, 58, 29, 34, 0, 20]",0.9968375866729166,0.9648725994794982
949,6661.09375,"[0.6875, 0.875, 0.78125, 0.34375, 0.953125, 0.03125, 0.0, 0.875, 0.53125, 0.78125, 0.0, 0.0, 0.0, 0.0, 0.8125, 0.9375, 0.78125, 0.0, 0.0, 0.0, 0.0]","[0.4375, 0.4375, 0.421875, 0.4375, 0.5234375, 0.03125, 0.0, 0.4375, 0.265625, 0.484375, 0.0, 0.0, 0.0, 0.0, 0.46875, 0.53125, 0.390625, 0.0, 0.0, 0.0, 0.0]","[22, 4, 57, 67, 43, 58, 29, 34, 0]",0.9968375866729166,0.9648725994794982
950,6385.46875,"[0.6875, 0.875, 0.78125, 0.34375, 0.953125, 0.03125, 0.0, 0.875, 0.53125, 0.78125, 0.0, 0.0, 0.0, 0.0, 0.8125, 0.9375, 0.65625, 0.0, 0.0, 0.0, 0.0]","[0.4375, 0.4375, 0.421875, 0.4375, 0.5234375, 0.03125, 0.0, 0.4375, 0.265625, 0.484375, 0.0, 0.0, 0.0, 0.0, 0.46875, 0.53125, 0.328125, 0.0, 0.0, 0.0, 0.0]","[22, 4, 57, 67, 43, 58, 29, 34, 0]",0.9996050549239558,0.9698856467425877
951,6444.53125,"[0.9375, 0.875, 0.78125, 0.34375, 0.953125, 0.03125, 0.0, 0.875, 0.53125, 0.78125, 0.0, 0.0, 0.0, 0.0, 0.8125, 0.9375, 0.6875, 0.0, 0.0, 0.0, 0.0]","[0.5625, 0.4375, 0.421875, 0.4375, 0.5234375, 0.03125, 0.0, 0.4375, 0.265625, 0.484375, 0.0, 0.0, 0.0, 0.0, 0.46875, 0.53125, 0.34375, 0.0, 0.0, 0.0, 0.0]","[22, 4, 57, 67, 43, 58, 29, 19]",0.9993296751682107,0.9737693153640059
952,6483.90625,"[0.9375, 0.875, 0.78125, 0.34375, 0.953125, 0.03125, 0.0, 0.875, 0.53125, 0.78125, 0.0, 0.0, 0.0, 0.0, 0.8125, 0.9375, 0.6875, 0.0, 0.0, 0.0, 0.0]","[0.5625, 0.4375, 0.421875, 0.4375, 0.5234375, 0.03125, 0.0, 0.4375, 0.265625, 0.484375, 0.0, 0.0, 0.0, 0.0, 0.46875, 0.53125, 0.34375, 0.0, 0.0, 0.0, 0.0]","[22, 4, 57, 67, 43, 58, 29, 19]",0.9993296751682107,0.9737693153640059
953,6523.28125,"[0.9375, 0.875, 0.78125, 0.34375, 0.953125, 0.03125, 0.0, 0.875, 0.53125, 0.90625, 0.0, 0.0, 0.0, 0.0, 0.8125, 0.9375, 0.6875, 0.0, 0.0, 0.0, 0.0]","[0.5625, 0.4375, 0.421875, 0.4375, 0.5234375, 0.03125, 0.0, 0.4375, 0.265625, 0.546875, 0.0, 0.0, 0.0, 0.0, 0.46875, 0.53125, 0.34375, 0.0, 0.0, 0.0, 0.0]","[22, 4, 57, 67, 43, 58, 29, 20]",1.0001801639506558,0.9766638567372752
954,6523.28125,"[0.9375, 0.875, 0.78125, 0.34375, 0.953125, 0.03125, 0.0, 0.875, 0.53125, 0.90625, 0.0, 0.0, 0.0, 0.0, 0.8125, 0.9375, 0.6875, 0.0, 0.0, 0.0, 0.0]","[0.5625, 0.4375, 0.421875, 0.4375, 0.5234375, 0.03125, 0.0, 0.4375, 0.265625, 0.546875, 0.0, 0.0, 0.0, 0.0, 0.46875, 0.53125, 0.34375, 0.0, 0.0, 0.0, 0.0]","[22, 4, 57, 67, 43, 58, 29, 20, 46]",1.0001801639506558,0.9766638567372752
955,6562.65625,"[0.9375, 0.875, 0.78125, 0.34375, 0.953125, 0.03125, 0.0, 0.875, 0.53125, 0.90625, 0.0, 0.0, 0.0, 0.0, 0.8125, 0.9375, 0.75, 0.0, 0.0, 0.0, 0.0]","[0.5625, 0.4375, 0.421875, 0.4375, 0.5234375, 0.03125, 0.0, 0.4375, 0.265625, 0.546875, 0.0, 0.0, 0.0, 0.0, 0.46875, 0.53125, 0.40625, 0.0, 0.0, 0.0, 0.0]","[22, 4, 57, 67, 43, 58, 29, 20, 77]",0.9982816191959193,0.9717459831258065
956,6582.34375,"[0.9375, 0.875, 0.78125, 0.34375, 0.953125, 0.03125, 0.0, 0.875, 0.53125, 0.90625, 0.0, 0.0, 0.0, 0.0, 0.6875, 0.9375, 0.75, 0.0, 0.0, 0.0, 0.0]","[0.5625, 0.4375, 0.421875, 0.4375, 0.5234375, 0.03125, 0.0, 0.4375, 0.265625, 0.546875, 0.0, 0.0, 0.0, 0.0, 0.40625, 0.53125, 0.40625, 0.0, 0.0, 0.0, 0.0]","[22, 4, 57, 67, 43, 58, 29, 20, 23]",1.0009201928260854,0.9733089175098437
957,6680.78125,"[0.9375, 0.875, 0.78125, 0.34375, 0.953125, 0.03125, 0.0, 0.875, 0.53125, 0.90625, 0.0, 0.0, 0.0, 0.0, 0.6875, 0.9375, 0.75, 0.0, 0.0, 0.0, 0.0]","[0.5625, 0.4375, 0.421875, 0.4375, 0.5234375, 0.03125, 0.0, 0.4375, 0.265625, 0.546875, 0.0, 0.0, 0.0, 0.0, 0.40625, 0.53125, 0.40625, 0.0, 0.0, 0.0, 0.0]","[22, 4, 57, 67, 43, 58, 29, 20]",1.0009201928260854,0.9733089175098437
958,6562.65625,"[0.9375, 0.875, 0.78125, 0.34375, 0.953125, 0.03125, 0.0, 0.875, 0.53125, 0.90625, 0.0, 0.0, 0.0, 0.0, 0.6875, 0.9375, 0.75, 0.0, 0.0, 0.0, 0.0]","[0.5625, 0.4375, 0.421875, 0.4375, 0.5234375, 0.03125, 0.0, 0.4375, 0.265625, 0.546875, 0.0, 0.0, 0.0, 0.0, 0.40625, 0.53125, 0.40625, 0.0, 0.0, 0.0, 0.0]","[22, 4, 57, 67, 43, 58, 29, 20]",1.0009201928260854,0.9733089175098437
959,6641.40625,"[0.9375, 0.875, 0.78125, 0.34375, 0.953125, 0.03125, 0.0, 0.875, 0.53125, 0.90625, 0.0, 0.0, 0.0, 0.0, 0.6875, 0.9375, 0.75, 0.0, 0.0, 0.0, 0.0]","[0.5625, 0.4375, 0.421875, 0.4375, 0.5234375, 0.03125, 0.0, 0.4375, 0.265625, 0.546875, 0.0, 0.0, 0.0, 0.0, 0.40625, 0.53125, 0.40625, 0.0, 0.0, 0.0, 0.0]","[22, 4, 57, 67, 43, 58, 29, 20]",1.0009201928260854,0.9733089175098437
960,6523.28125,"[0.9375, 0.875, 0.78125, 0.34375, 0.953125, 0.03125, 0.0, 0.875, 0.53125, 0.90625, 0.0, 0.0, 0.0, 0.0, 0.6875, 0.9375, 0.75, 0.0, 0.0, 0.0, 0.0]","[0.5625, 0.4375, 0.421875, 0.4375, 0.5234375, 0.03125, 0.0, 0.4375, 0.265625, 0.546875, 0.0, 0.0, 0.0, 0.0, 0.40625, 0.53125, 0.40625, 0.0, 0.0, 0.0, 0.0]","[22, 4, 57, 67, 43, 58, 29, 20]",1.0009201928260854,0.9733089175098437
961,6503.59375,"[0.9375, 0.875, 0.78125, 0.34375, 0.953125, 0.03125, 0.0, 0.875, 0.53125, 0.90625, 0.0, 0.0, 0.0, 0.0, 0.6875, 0.9375, 0.71875, 0.0, 0.0, 0.0, 0.0]","[0.5625, 0.4375, 0.421875, 0.4375, 0.5234375, 0.03125, 0.0, 0.4375, 0.265625, 0.546875, 0.0, 0.0, 0.0, 0.0, 0.40625, 0.53125, 0.390625, 0.0, 0.0, 0.0, 0.0]","[22, 4, 57, 67, 43, 58, 29, 0]",1.0016757635354676,0.9741906592739298
962,6503.59375,"[0.9375, 0.875, 0.78125, 0.34375, 0.953125, 0.03125, 0.0, 0.8125, 0.53125, 0.90625, 0.0, 0.0, 0.0, 0.0, 0.6875, 0.9375, 0.71875, 0.0, 0.0, 0.0, 0.0]","[0.5625, 0.4375, 0.421875, 0.4375, 0.5234375, 0.03125, 0.0, 0.40625, 0.265625, 0.546875, 0.0, 0.0, 0.0, 0.0, 0.40625, 0.53125, 0.390625, 0.0, 0.0, 0.0, 0.0]","[22, 4, 57, 67, 43, 58, 29, 0]",1.001162526017324,0.9752851390040785
963,6503.59375,"[0.9375, 0.875, 0.78125, 0.34375, 0.953125, 0.03125, 0.0, 0.8125, 0.53125, 0.90625, 0.0, 0.0, 0.0, 0.0, 0.625, 0.9375, 0.71875, 0.0, 0.0, 0.0, 0.0]","[0.5625, 0.4375, 0.421875, 0.4375, 0.5234375, 0.03125, 0.0, 0.40625, 0.265625, 0.546875, 0.0, 0.0, 0.0, 0.0, 0.375, 0.53125, 0.390625, 0.0, 0.0, 0.0, 0.0]","[22, 4, 57, 67, 43, 58, 29, 0]",1.003960641120148,0.9771899270129178
964,6542.96875,"[0.9375, 0.875, 0.78125, 0.34375, 0.953125, 0.03125, 0.0, 0.8125, 0.53125, 0.90625, 0.0, 0.0, 0.0, 0.0, 0.59375, 0.9375, 0.96875, 0.0, 0.0, 0.0, 0.0]","[0.5625, 0.4375, 0.421875, 0.4375, 0.5234375, 0.03125, 0.0, 0.40625, 0.265625, 0.546875, 0.0, 0.0, 0.0, 0.0, 0.359375, 0.53125, 0.515625, 0.0, 0.0, 0.0, 0.0]","[22, 4, 57, 67, 43, 58, 29, 2]",1.0075149814216862,0.9773198746426639
965,6562.65625,"[0.9375, 0.875, 0.84375, 0.34375, 0.953125, 0.03125, 0.0, 0.8125, 0.53125, 0.90625, 0.0, 0.0, 0.0, 0.0, 0.59375, 0.9375, 0.96875, 0.0, 0.0, 0.0, 0.0]","[0.5625, 0.4375, 0.484375, 0.4375, 0.5234375, 0.03125, 0.0, 0.40625, 0.265625, 0.546875, 0.0, 0.0, 0.0, 0.0, 0.359375, 0.53125, 0.515625, 0.0, 0.0, 0.0, 0.0]","[22, 4, 57, 67, 43, 58, 29, 18]",1.0071286263088004,0.9763423683642816
966,6582.34375,"[0.9375, 0.875, 0.84375, 0.34375, 0.953125, 0.03125, 0.0, 0.84375, 0.53125, 0.90625, 0.0, 0.0, 0.0, 0.0, 0.59375, 0.9375, 0.96875, 0.0, 0.0, 0.0, 0.0]","[0.5625, 0.4375, 0.484375, 0.4375, 0.5234375, 0.03125, 0.0, 0.421875, 0.265625, 0.546875, 0.0, 0.0, 0.0, 0.0, 0.359375, 0.53125, 0.515625, 0.0, 0.0, 0.0, 0.0]","[22, 4, 57, 67, 43, 58, 29, 20]",1.007033895044615,0.9755569889695562
967,6621.71875,"[0.9375, 0.875, 0.78125, 0.34375, 0.953125, 0.03125, 0.0, 0.90625, 0.53125, 0.90625, 0.0, 0.0, 0.0, 0.0, 0.59375, 0.9375, 0.96875, 0.0, 0.0, 0.0, 0.0]","[0.5625, 0.4375, 0.453125, 0.4375, 0.5234375, 0.03125, 0.0, 0.453125, 0.265625, 0.546875, 0.0, 0.0, 0.0, 0.0, 0.359375, 0.53125, 0.515625, 0.0, 0.0, 0.0, 0.0]","[22, 4, 57, 67, 43, 58, 29, 12]",1.0080934928373126,0.9747538645420194
968,6661.09375,"[0.9375, 0.875, 0.78125, 0.34375, 0.828125, 0.03125, 0.0, 0.90625, 0.53125, 0.90625, 0.0, 0.0, 0.0, 0.0, 0.59375, 0.9375, 0.96875, 0.0, 0.0, 0.0, 0.0]","[0.5625, 0.4375, 0.453125, 0.4375, 0.4609375, 0.03125, 0.0, 0.453125, 0.265625, 0.546875, 0.0, 0.0, 0.0, 0.0, 0.359375, 0.53125, 0.515625, 0.0, 0.0, 0.0, 0.0]","[22, 4, 57, 67, 43, 58, 29, 12]",1.006172722047665,0.9737052572787064
969,6582.34375,"[0.9375, 0.875, 0.78125, 0.34375, 0.828125, 0.03125, 0.0, 0.90625, 0.53125, 0.90625, 0.0, 0.0, 0.0, 0.0, 0.59375, 0.9375, 0.96875, 0.0, 0.0, 0.0, 0.0]","[0.5625, 0.4375, 0.453125, 0.4375, 0.4609375, 0.03125, 0.0, 0.453125, 0.265625, 0.546875, 0.0, 0.0, 0.0, 0.0, 0.359375, 0.53125, 0.515625, 0.0, 0.0, 0.0, 0.0]","[22, 4, 57, 67, 43, 58, 29, 12]",1.006172722047665,0.9737052572787064
970,6463.28125,"[0.9375, 0.875, 0.78125, 0.34375, 0.859375, 0.03125, 0.0, 0.90625, 0.53125, 0.90625, 0.0, 0.0, 0.0, 0.0, 0.59375, 0.9375, 0.96875, 0.0, 0.0, 0.0, 0.0]","[0.5625, 0.4375, 0.453125, 0.4375, 0.4921875, 0.03125, 0.0, 0.453125, 0.265625, 0.546875, 0.0, 0.0, 0.0, 0.0, 0.359375, 0.53125, 0.515625, 0.0, 0.0, 0.0, 0.0]","[22, 4, 57, 67, 43, 58, 29, 23]",1.0062962245536902,0.9738669455881699
971,6483.125,"[0.9375, 0.875, 0.78125, 0.34375, 0.734375, 0.03125, 0.0, 0.90625, 0.53125, 0.90625, 0.0, 0.0, 0.0, 0.0, 0.59375, 0.9375, 0.90625, 0.0, 0.0, 0.0, 0.0]","[0.5625, 0.4375, 0.453125, 0.4375, 0.4296875, 0.03125, 0.0, 0.453125, 0.265625, 0.546875, 0.0, 0.0, 0.0, 0.0, 0.359375, 0.53125, 0.484375, 0.0, 0.0, 0.0, 0.0]","[22, 4, 57, 67, 43, 58, 29, 23]",1.0051200285977402,0.9733456100594843
972,6304.53125,"[0.9375, 0.875, 0.78125, 0.34375, 0.734375, 0.03125, 0.0, 0.90625, 0.53125, 0.90625, 0.0, 0.0, 0.0, 0.0, 0.59375, 0.9375, 0.90625, 0.0, 0.0, 0.0, 0.0]","[0.5625, 0.4375, 0.453125, 0.4375, 0.4296875, 0.03125, 0.0, 0.453125, 0.265625, 0.546875, 0.0, 0.0, 0.0, 0.0, 0.359375, 0.53125, 0.484375, 0.0, 0.0, 0.0, 0.0]","[22, 4, 57, 67, 43, 29, 23]",1.0051200285977402,0.9733456100594843
973,6343.90625,"[0.9375, 0.875, 0.90625, 0.34375, 0.734375, 0.03125, 0.0, 0.90625, 0.53125, 0.90625, 0.0, 0.0, 0.0, 0.0, 0.59375, 0.9375, 0.90625, 0.0, 0.0, 0.0, 0.0]","[0.5625, 0.4375, 0.515625, 0.4375, 0.4296875, 0.03125, 0.0, 0.453125, 0.265625, 0.546875, 0.0, 0.0, 0.0, 0.0, 0.359375, 0.53125, 0.484375, 0.0, 0.0, 0.0, 0.0]","[22, 4, 57, 67, 43, 29, 38]",1.0060210498981124,0.9743233116086774
974,6343.90625,"[0.9375, 0.875, 0.90625, 0.34375, 0.734375, 0.03125, 0.0, 0.90625, 0.53125, 0.90625, 0.0, 0.0, 0.0, 0.0, 0.59375, 0.9375, 0.90625, 0.0, 0.0, 0.0, 0.0]","[0.5625, 0.4375, 0.515625, 0.4375, 0.4296875, 0.03125, 0.0, 0.453125, 0.265625, 0.546875, 0.0, 0.0, 0.0, 0.0, 0.359375, 0.53125, 0.484375, 0.0, 0.0, 0.0, 0.0]","[22, 4, 57, 67, 43, 29, 38, 45]",1.0060210498981124,0.9743233116086774
975,6383.28125,"[0.9375, 0.875, 0.90625, 0.34375, 0.734375, 0.03125, 0.0, 0.90625, 0.53125, 0.90625, 0.0, 0.0, 0.0, 0.0, 0.59375, 0.9375, 0.90625, 0.0, 0.0, 0.0, 0.0]","[0.5625, 0.4375, 0.515625, 0.4375, 0.4296875, 0.03125, 0.0, 0.453125, 0.265625, 0.546875, 0.0, 0.0, 0.0, 0.0, 0.359375, 0.53125, 0.484375, 0.0, 0.0, 0.0, 0.0]","[22, 4, 57, 67, 43, 29, 38, 45]",1.0060210498981124,0.9743233116086774
976,6363.59375,"[0.9375, 0.875, 0.90625, 0.34375, 0.734375, 0.03125, 0.0, 0.90625, 0.53125, 0.90625, 0.0, 0.0, 0.0, 0.0, 0.53125, 0.9375, 0.90625, 0.0, 0.0, 0.0, 0.0]","[0.5625, 0.4375, 0.515625, 0.4375, 0.4296875, 0.03125, 0.0, 0.453125, 0.265625, 0.546875, 0.0, 0.0, 0.0, 0.0, 0.296875, 0.53125, 0.484375, 0.0, 0.0, 0.0, 0.0]","[22, 4, 57, 67, 43, 29, 13, 38]",1.0106432394075764,0.9817633709642629
977,6343.90625,"[0.9375, 0.875, 0.90625, 0.34375, 0.734375, 0.03125, 0.0, 0.90625, 0.53125, 0.90625, 0.0, 0.0, 0.0, 0.0, 0.53125, 0.9375, 0.90625, 0.0, 0.0, 0.0, 0.0]","[0.5625, 0.4375, 0.515625, 0.4375, 0.4296875, 0.03125, 0.0, 0.453125, 0.265625, 0.546875, 0.0, 0.0, 0.0, 0.0, 0.296875, 0.53125, 0.484375, 0.0, 0.0, 0.0, 0.0]","[22, 4, 57, 67, 43, 29, 13, 38]",1.0106432394075764,0.9817633709642629
978,6383.28125,"[0.9375, 0.875, 0.90625, 0.34375, 0.734375, 0.03125, 0.0, 0.90625, 0.53125, 0.90625, 0.0, 0.0, 0.0, 0.0, 0.53125, 0.9375, 0.90625, 0.0, 0.0, 0.0, 0.0]","[0.5625, 0.4375, 0.515625, 0.4375, 0.4296875, 0.03125, 0.0, 0.453125, 0.265625, 0.546875, 0.0, 0.0, 0.0, 0.0, 0.296875, 0.53125, 0.484375, 0.0, 0.0, 0.0, 0.0]","[22, 4, 57, 67, 43, 29, 13, 38]",1.0106432394075764,0.9817633709642629
979,6462.03125,"[0.9375, 0.875, 0.90625, 0.3125, 0.734375, 0.03125, 0.0, 0.78125, 0.53125, 0.90625, 0.0, 0.0, 0.0, 0.0, 0.53125, 0.9375, 0.90625, 0.0, 0.0, 0.0, 0.0]","[0.5625, 0.4375, 0.515625, 0.40625, 0.4296875, 0.03125, 0.0, 0.390625, 0.265625, 0.546875, 0.0, 0.0, 0.0, 0.0, 0.296875, 0.53125, 0.484375, 0.0, 0.0, 0.0, 0.0]","[22, 4, 57, 67, 43, 29, 13, 38]",1.0140754875202733,0.9851503066299494
980,6225.46875,"[0.9375, 0.875, 0.90625, 0.3125, 0.734375, 0.03125, 0.0, 0.78125, 0.53125, 0.90625, 0.0, 0.0, 0.0, 0.0, 0.53125, 0.9375, 0.90625, 0.0, 0.0, 0.0, 0.0]","[0.5625, 0.4375, 0.515625, 0.40625, 0.4296875, 0.03125, 0.0, 0.390625, 0.265625, 0.546875, 0.0, 0.0, 0.0, 0.0, 0.296875, 0.53125, 0.484375, 0.0, 0.0, 0.0, 0.0]","[22, 4, 57, 67, 43, 29, 13, 38]",1.0140754875202733,0.9851503066299494
981,6205.78125,"[0.9375, 0.875, 0.90625, 0.3125, 0.734375, 0.03125, 0.0, 0.78125, 0.53125, 0.90625, 0.0, 0.0, 0.0, 0.0, 0.53125, 0.9375, 0.90625, 0.0, 0.0, 0.0, 0.0]","[0.5625, 0.4375, 0.515625, 0.40625, 0.4296875, 0.03125, 0.0, 0.390625, 0.265625, 0.546875, 0.0, 0.0, 0.0, 0.0, 0.296875, 0.53125, 0.484375, 0.0, 0.0, 0.0, 0.0]","[22, 4, 57, 67, 43, 29, 13, 38]",1.0140754875202733,0.9851503066299494
982,6225.46875,"[0.9375, 0.875, 0.90625, 0.3125, 0.734375, 0.03125, 0.0, 0.78125, 0.59375, 0.90625, 0.0, 0.0, 0.0, 0.0, 0.53125, 0.9375, 0.65625, 0.0, 0.0, 0.0, 0.0]","[0.5625, 0.4375, 0.515625, 0.40625, 0.4296875, 0.03125, 0.0, 0.390625, 0.296875, 0.546875, 0.0, 0.0, 0.0, 0.0, 0.296875, 0.53125, 0.359375, 0.0, 0.0, 0.0, 0.0]","[22, 4, 57, 67, 43, 29, 0, 13]",1.0110249396386959,0.9839803508982267
983,6304.21875,"[0.9375, 0.875, 0.90625, 0.25, 0.734375, 0.03125, 0.0, 0.78125, 0.71875, 0.90625, 0.0, 0.0, 0.0, 0.0, 0.53125, 0.9375, 0.65625, 0.0, 0.0, 0.0, 0.0]","[0.5625, 0.4375, 0.515625, 0.34375, 0.4296875, 0.03125, 0.0, 0.390625, 0.359375, 0.546875, 0.0, 0.0, 0.0, 0.0, 0.296875, 0.53125, 0.359375, 0.0, 0.0, 0.0, 0.0]","[22, 4, 57, 67, 43, 29, 0]",1.0155434527388345,0.9812681439520586
984,6224.84375,"[0.9375, 0.875, 0.90625, 0.25, 0.734375, 0.03125, 0.0, 0.78125, 0.71875, 0.90625, 0.0, 0.0, 0.0, 0.0, 0.53125, 0.9375, 0.65625, 0.0, 0.0, 0.0, 0.0]","[0.5625, 0.4375, 0.515625, 0.34375, 0.4296875, 0.03125, 0.0, 0.390625, 0.359375, 0.546875, 0.0, 0.0, 0.0, 0.0, 0.296875, 0.53125, 0.359375, 0.0, 0.0, 0.0, 0.0]","[22, 4, 57, 67, 43, 29, 0]",1.0155434527388345,0.9812681439520586
985,6106.71875,"[0.9375, 0.875, 0.90625, 0.25, 0.609375, 0.03125, 0.0, 0.78125, 0.78125, 0.90625, 0.0, 0.0, 0.0, 0.0, 0.53125, 0.9375, 0.65625, 0.0, 0.0, 0.0, 0.0]","[0.5625, 0.4375, 0.515625, 0.34375, 0.3671875, 0.03125, 0.0, 0.390625, 0.421875, 0.546875, 0.0, 0.0, 0.0, 0.0, 0.296875, 0.53125, 0.359375, 0.0, 0.0, 0.0, 0.0]","[22, 4, 57, 67, 43, 29, 45]",1.019430279733781,0.9808153802994756
986,5967.65625,"[0.8125, 0.8125, 0.90625, 0.25, 0.609375, 0.03125, 0.0, 0.78125, 0.78125, 0.90625, 0.0, 0.0, 0.0, 0.0, 0.53125, 0.9375, 0.65625, 0.0, 0.0, 0.0, 0.0]","[0.5, 0.40625, 0.515625, 0.34375, 0.3671875, 0.03125, 0.0, 0.390625, 0.421875, 0.546875, 0.0, 0.0, 0.0, 0.0, 0.296875, 0.53125, 0.359375, 0.0, 0.0, 0.0, 0.0]","[22, 4, 57, 67, 43, 29, 16]",1.0147841854261457,0.9762575065901505
987,5869.21875,"[0.8125, 0.8125, 0.90625, 0.25, 0.609375, 0.03125, 0.0, 0.78125, 0.59375, 0.65625, 0.0, 0.0, 0.0, 0.0, 0.53125, 0.9375, 0.65625, 0.0, 0.0, 0.0, 0.0]","[0.5, 0.40625, 0.515625, 0.34375, 0.3671875, 0.03125, 0.0, 0.390625, 0.328125, 0.421875, 0.0, 0.0, 0.0, 0.0, 0.296875, 0.53125, 0.359375, 0.0, 0.0, 0.0, 0.0]","[22, 4, 57, 67, 43, 29, 26]",1.0167603843793669,0.9740310487515
988,5790.46875,"[0.8125, 0.8125, 0.90625, 0.25, 0.484375, 0.03125, 0.0, 0.78125, 0.59375, 0.90625, 0.0, 0.0, 0.0, 0.0, 0.53125, 0.9375, 0.78125, 0.0, 0.0, 0.0, 0.0]","[0.5, 0.40625, 0.515625, 0.34375, 0.3046875, 0.03125, 0.0, 0.390625, 0.328125, 0.546875, 0.0, 0.0, 0.0, 0.0, 0.296875, 0.53125, 0.421875, 0.0, 0.0, 0.0, 0.0]","[22, 4, 57, 67, 43, 32]",1.0269184659024357,0.9852250076853913
989,5631.71875,"[0.5625, 0.8125, 0.90625, 0.25, 0.484375, 0.03125, 0.0, 0.78125, 0.59375, 0.90625, 0.0, 0.0, 0.0, 0.0, 0.53125, 0.9375, 0.78125, 0.0, 0.0, 0.0, 0.0]","[0.375, 0.40625, 0.515625, 0.34375, 0.3046875, 0.03125, 0.0, 0.390625, 0.328125, 0.546875, 0.0, 0.0, 0.0, 0.0, 0.296875, 0.53125, 0.421875, 0.0, 0.0, 0.0, 0.0]","[22, 4, 57, 67, 43, 32, 34, 45]",1.0327900706354551,0.9838929660385005
990,5671.09375,"[0.5625, 0.8125, 0.90625, 0.25, 0.484375, 0.03125, 0.0, 0.78125, 0.84375, 0.65625, 0.0, 0.0, 0.0, 0.0, 0.53125, 0.90625, 0.78125, 0.0, 0.0, 0.0, 0.0]","[0.375, 0.40625, 0.515625, 0.34375, 0.3046875, 0.03125, 0.0, 0.390625, 0.453125, 0.421875, 0.0, 0.0, 0.0, 0.0, 0.296875, 0.515625, 0.421875, 0.0, 0.0, 0.0, 0.0]","[22, 4, 57, 67, 43, 32, 29]",1.0252022715262257,0.969590536516862
991,5474.21875,"[0.5625, 0.8125, 0.90625, 0.25, 0.484375, 0.03125, 0.0, 0.78125, 0.71875, 0.6875, 0.0, 0.0, 0.0, 0.0, 0.53125, 0.90625, 0.78125, 0.0, 0.0, 0.0, 0.0]","[0.375, 0.40625, 0.515625, 0.34375, 0.3046875, 0.03125, 0.0, 0.390625, 0.390625, 0.4375, 0.0, 0.0, 0.0, 0.0, 0.296875, 0.515625, 0.421875, 0.0, 0.0, 0.0, 0.0]","[22, 4, 57, 67, 43, 32, 45]",1.022252834201798,0.9691835439099642
992,5592.34375,"[0.5625, 0.8125, 0.90625, 0.25, 0.484375, 0.03125, 0.0, 0.78125, 0.96875, 0.75, 0.0, 0.0, 0.0, 0.0, 0.53125, 0.90625, 0.65625, 0.0, 0.0, 0.0, 0.0]","[0.375, 0.40625, 0.515625, 0.34375, 0.3046875, 0.03125, 0.0, 0.390625, 0.515625, 0.46875, 0.0, 0.0, 0.0, 0.0, 0.296875, 0.515625, 0.359375, 0.0, 0.0, 0.0, 0.0]","[22, 4, 57, 67, 43, 47]",1.0321345199908265,0.9772300942690816
993,5592.34375,"[0.5625, 0.8125, 0.90625, 0.25, 0.484375, 0.03125, 0.0, 0.78125, 0.96875, 0.75, 0.0, 0.0, 0.0, 0.0, 0.53125, 0.90625, 0.65625, 0.0, 0.0, 0.0, 0.0]","[0.375, 0.40625, 0.515625, 0.34375, 0.3046875, 0.03125, 0.0, 0.390625, 0.515625, 0.46875, 0.0, 0.0, 0.0, 0.0, 0.296875, 0.515625, 0.359375, 0.0, 0.0, 0.0, 0.0]","[22, 4, 57, 67, 43, 47]",1.0321345199908265,0.9772300942690816
994,5671.09375,"[0.5625, 0.8125, 0.90625, 0.25, 0.484375, 0.03125, 0.0, 0.78125, 0.96875, 1.0, 0.0, 0.0, 0.0, 0.0, 0.53125, 0.90625, 0.65625, 0.0, 0.0, 0.0, 0.0]","[0.375, 0.40625, 0.515625, 0.34375, 0.3046875, 0.03125, 0.0, 0.390625, 0.515625, 0.59375, 0.0, 0.0, 0.0, 0.0, 0.296875, 0.515625, 0.359375, 0.0, 0.0, 0.0, 0.0]","[22, 4, 57, 67, 43, 54]",1.041185030632375,0.9901142601469375
995,5710.46875,"[0.5625, 0.8125, 0.90625, 0.25, 0.484375, 0.03125, 0.0, 0.78125, 0.90625, 1.0, 0.0, 0.0, 0.0, 0.0, 0.53125, 0.90625, 0.65625, 0.0, 0.0, 0.0, 0.0]","[0.375, 0.40625, 0.515625, 0.34375, 0.3046875, 0.03125, 0.0, 0.390625, 0.484375, 0.59375, 0.0, 0.0, 0.0, 0.0, 0.296875, 0.515625, 0.359375, 0.0, 0.0, 0.0, 0.0]","[22, 4, 57, 67, 43, 31]",1.0379395054906135,0.9881498736589245
996,5651.40625,"[0.5625, 0.8125, 0.90625, 0.25, 0.484375, 0.03125, 0.0, 0.8125, 0.90625, 1.0, 0.0, 0.0, 0.0, 0.0, 0.53125, 0.90625, 0.65625, 0.0, 0.0, 0.0, 0.0]","[0.375, 0.40625, 0.515625, 0.34375, 0.3046875, 0.03125, 0.0, 0.40625, 0.484375, 0.59375, 0.0, 0.0, 0.0, 0.0, 0.296875, 0.515625, 0.359375, 0.0, 0.0, 0.0, 0.0]","[22, 4, 57, 67, 43, 54]",1.0381541466032536,0.9875795926232089
997,5690.78125,"[0.5625, 0.8125, 0.90625, 0.25, 0.484375, 0.03125, 0.0, 0.875, 0.84375, 1.0, 0.0, 0.0, 0.0, 0.0, 0.53125, 0.90625, 0.65625, 0.0, 0.0, 0.0, 0.0]","[0.375, 0.40625, 0.515625, 0.34375, 0.3046875, 0.03125, 0.0, 0.4375, 0.453125, 0.59375, 0.0, 0.0, 0.0, 0.0, 0.296875, 0.515625, 0.359375, 0.0, 0.0, 0.0, 0.0]","[22, 4, 57, 67, 43, 6]",1.03751434501413,0.9861272519563197
998,5730.15625,"[0.5625, 0.8125, 0.90625, 0.25, 0.453125, 0.03125, 0.0, 0.875, 0.84375, 1.0, 0.0, 0.0, 0.0, 0.0, 0.53125, 0.90625, 0.65625, 0.0, 0.0, 0.0, 0.0]","[0.375, 0.40625, 0.515625, 0.34375, 0.2734375, 0.03125, 0.0, 0.4375, 0.453125, 0.59375, 0.0, 0.0, 0.0, 0.0, 0.296875, 0.515625, 0.359375, 0.0, 0.0, 0.0, 0.0]","[22, 4, 57, 67, 43, 6]",1.0406765287157058,0.9906617755101077
999,5611.71875,"[0.5625, 0.8125, 0.90625, 0.25, 0.453125, 0.03125, 0.0, 0.875, 0.84375, 1.0, 0.0, 0.0, 0.0, 0.0, 0.53125, 0.90625, 0.65625, 0.0, 0.0, 0.0, 0.0]","[0.375, 0.40625, 0.515625, 0.34375, 0.2734375, 0.03125, 0.0, 0.4375, 0.453125, 0.59375, 0.0, 0.0, 0.0, 0.0, 0.296875, 0.515625, 0.359375, 0.0, 0.0, 0.0, 0.0]","[22, 4, 57, 67, 43, 6, 41, 55]",1.0406765287157058,0.9906617755101077
1000,5808.59375,"[0.625, 0.8125, 0.90625, 0.25, 0.453125, 0.03125, 0.0, 0.8125, 0.8125, 0.9375, 0.0, 0.0, 0.0, 0.0, 0.53125, 0.90625, 0.90625, 0.0, 0.0, 0.0, 0.0]","[0.4375, 0.40625, 0.515625, 0.34375, 0.2734375, 0.03125, 0.0, 0.40625, 0.4375, 0.53125, 0.0, 0.0, 0.0, 0.0, 0.296875, 0.515625, 0.484375, 0.0, 0.0, 0.0, 0.0]","[22, 4, 57, 67, 43, 6, 24]",1.0313687102622688,0.9795840135012087
