Interval,Power_Consumption,CPU_Utilization,Ram_Utilization,Inactivevmids,CPU_Imbalance,Ram_Imbalance
1,328.125,"[0.0, 0.0, 0.0, 0.0, 0.0, 0.0, 0.0, 0.0, 0.0, 0.0, 0.0, 0.0, 0.0, 0.0, 0.0, 0.0, 0.125, 0.0, 0.0, 0.0, 0.0]","[0.0, 0.0, 0.0, 0.0, 0.0, 0.0, 0.0, 0.0, 0.0, 0.0, 0.0, 0.0, 0.0, 0.0, 0.0, 0.0, 0.09375, 0.0, 0.0, 0.0, 0.0]","[2, 4]",4.47213595499958,4.47213595499958
2,328.125,"[0.0, 0.0, 0.0, 0.0, 0.0, 0.0, 0.0, 0.0, 0.0, 0.0, 0.0, 0.0, 0.0, 0.0, 0.0, 0.0, 0.15625, 0.0, 0.0, 0.0, 0.0]","[0.0, 0.0, 0.0, 0.0, 0.0, 0.0, 0.0, 0.0, 0.0, 0.0, 0.0, 0.0, 0.0, 0.0, 0.0, 0.0, 0.109375, 0.0, 0.0, 0.0, 0.0]",[4],4.47213595499958,4.47213595499958
3,465.9375,"[0.0, 0.0, 0.0, 0.0, 0.0, 0.0, 0.0, 0.0, 0.0, 0.0, 0.0, 0.0, 0.0, 0.0, 0.0, 0.0, 0.40625, 0.0, 0.0, 0.0, 0.0]","[0.0, 0.0, 0.0, 0.0, 0.0, 0.0, 0.0, 0.0, 0.0, 0.0, 0.0, 0.0, 0.0, 0.0, 0.0, 0.0, 0.234375, 0.0, 0.0, 0.0, 0.0]",[5],4.47213595499958,4.47213595499958
4,485.625,"[0.0, 0.0, 0.0, 0.0, 0.0, 0.0, 0.0, 0.0, 0.0, 0.0, 0.0, 0.0, 0.0, 0.0, 0.0, 0.0, 0.4375, 0.0, 0.0, 0.0, 0.0]","[0.0, 0.0, 0.0, 0.0, 0.0, 0.0, 0.0, 0.0, 0.0, 0.0, 0.0, 0.0, 0.0, 0.0, 0.0, 0.0, 0.25, 0.0, 0.0, 0.0, 0.0]",[6],4.47213595499958,4.47213595499958
5,505.3125,"[0.0, 0.0, 0.0, 0.0, 0.0, 0.0, 0.0, 0.0, 0.0, 0.0, 0.0, 0.0, 0.0, 0.0, 0.0, 0.0, 0.4375, 0.0, 0.0, 0.0, 0.0]","[0.0, 0.0, 0.0, 0.0, 0.0, 0.0, 0.0, 0.0, 0.0, 0.0, 0.0, 0.0, 0.0, 0.0, 0.0, 0.0, 0.25, 0.0, 0.0, 0.0, 0.0]","[6, 7, 8, 9]",4.47213595499958,4.47213595499958
6,780.9375,"[0.0, 0.0, 0.0, 0.0, 0.0, 0.0, 0.0, 0.0, 0.0, 0.0, 0.0, 0.0, 0.0, 0.0, 0.0, 0.0, 0.71875, 0.0, 0.0, 0.0, 0.0]","[0.0, 0.0, 0.0, 0.0, 0.0, 0.0, 0.0, 0.0, 0.0, 0.0, 0.0, 0.0, 0.0, 0.0, 0.0, 0.0, 0.390625, 0.0, 0.0, 0.0, 0.0]","[6, 7]",4.472135954999579,4.47213595499958
7,820.3125,"[0.0, 0.0, 0.0, 0.0, 0.0, 0.0, 0.0, 0.0, 0.0, 0.0, 0.0, 0.0, 0.0, 0.0, 0.0, 0.0, 0.71875, 0.0, 0.0, 0.0, 0.0]","[0.0, 0.0, 0.0, 0.0, 0.0, 0.0, 0.0, 0.0, 0.0, 0.0, 0.0, 0.0, 0.0, 0.0, 0.0, 0.0, 0.390625, 0.0, 0.0, 0.0, 0.0]","[6, 7]",4.472135954999579,4.47213595499958
8,820.3125,"[0.0, 0.0, 0.0, 0.0, 0.0, 0.0, 0.0, 0.0, 0.0, 0.0, 0.0, 0.0, 0.0, 0.0, 0.0, 0.0, 0.71875, 0.0, 0.0, 0.0, 0.0]","[0.0, 0.0, 0.0, 0.0, 0.0, 0.0, 0.0, 0.0, 0.0, 0.0, 0.0, 0.0, 0.0, 0.0, 0.0, 0.0, 0.390625, 0.0, 0.0, 0.0, 0.0]","[6, 7, 10]",4.472135954999579,4.47213595499958
9,761.25,"[0.0, 0.0, 0.0, 0.0, 0.0, 0.0, 0.0, 0.0, 0.0, 0.0, 0.0, 0.0, 0.0, 0.0, 0.0, 0.0, 0.75, 0.0, 0.0, 0.0, 0.0]","[0.0, 0.0, 0.0, 0.0, 0.0, 0.0, 0.0, 0.0, 0.0, 0.0, 0.0, 0.0, 0.0, 0.0, 0.0, 0.0, 0.40625, 0.0, 0.0, 0.0, 0.0]","[6, 10]",4.47213595499958,4.47213595499958
10,721.875,"[0.0, 0.0, 0.0, 0.0, 0.0, 0.0, 0.0, 0.0, 0.0, 0.0, 0.0, 0.0, 0.0, 0.0, 0.0, 0.0, 0.8125, 0.0, 0.0, 0.0, 0.0]","[0.0, 0.0, 0.0, 0.0, 0.0, 0.0, 0.0, 0.0, 0.0, 0.0, 0.0, 0.0, 0.0, 0.0, 0.0, 0.0, 0.4375, 0.0, 0.0, 0.0, 0.0]","[10, 11, 12, 13]",4.47213595499958,4.47213595499958
11,840.0,"[0.0, 0.0, 0.0, 0.0, 0.0, 0.0, 0.0, 0.0, 0.0, 0.0, 0.0, 0.0, 0.0, 0.0, 0.0, 0.0, 0.9375, 0.0, 0.0, 0.0, 0.0]","[0.0, 0.0, 0.0, 0.0, 0.0, 0.0, 0.0, 0.0, 0.0, 0.0, 0.0, 0.0, 0.0, 0.0, 0.0, 0.0, 0.5, 0.0, 0.0, 0.0, 0.0]","[10, 11, 12, 14, 15]",4.47213595499958,4.47213595499958
12,840.0,"[0.0, 0.0, 0.0, 0.0, 0.0, 0.0, 0.0, 0.0, 0.0, 0.0, 0.0, 0.0, 0.0, 0.0, 0.0, 0.0, 0.9375, 0.0, 0.0, 0.0, 0.0]","[0.0, 0.0, 0.0, 0.0, 0.0, 0.0, 0.0, 0.0, 0.0, 0.0, 0.0, 0.0, 0.0, 0.0, 0.0, 0.0, 0.5, 0.0, 0.0, 0.0, 0.0]","[10, 11, 12, 15, 14, 16, 17, 18]",4.47213595499958,4.47213595499958
13,840.0,"[0.0, 0.0, 0.0, 0.0, 0.0, 0.0, 0.0, 0.0, 0.0, 0.0, 0.0, 0.0, 0.0, 0.0, 0.0, 0.0, 1.0, 0.0, 0.0, 0.0, 0.0]","[0.0, 0.0, 0.0, 0.0, 0.0, 0.0, 0.0, 0.0, 0.0, 0.0, 0.0, 0.0, 0.0, 0.0, 0.0, 0.0, 0.53125, 0.0, 0.0, 0.0, 0.0]","[10, 11, 12, 14, 18, 17, 19, 20, 21]",4.47213595499958,4.47213595499958
14,840.0,"[0.0, 0.0, 0.0, 0.0, 0.0, 0.0, 0.0, 0.0, 0.0, 0.0, 0.0, 0.0, 0.0, 0.0, 0.0, 0.0, 1.0, 0.0, 0.0, 0.0, 0.0]","[0.0, 0.0, 0.0, 0.0, 0.0, 0.0, 0.0, 0.0, 0.0, 0.0, 0.0, 0.0, 0.0, 0.0, 0.0, 0.0, 0.53125, 0.0, 0.0, 0.0, 0.0]","[10, 11, 12, 14, 18, 17, 20, 21, 19, 22, 23, 24, 25, 26, 27]",4.47213595499958,4.47213595499958
15,840.0,"[0.0, 0.0, 0.0, 0.0, 0.0, 0.0, 0.0, 0.0, 0.0, 0.0, 0.0, 0.0, 0.0, 0.0, 0.0, 0.0, 1.0, 0.0, 0.0, 0.0, 0.0]","[0.0, 0.0, 0.0, 0.0, 0.0, 0.0, 0.0, 0.0, 0.0, 0.0, 0.0, 0.0, 0.0, 0.0, 0.0, 0.0, 0.53125, 0.0, 0.0, 0.0, 0.0]","[10, 11, 12, 14, 18, 17, 20, 21, 19, 23, 24, 25, 27, 22, 26, 28, 29, 30, 31, 32, 33]",4.47213595499958,4.47213595499958
16,840.0,"[0.0, 0.0, 0.0, 0.0, 0.0, 0.0, 0.0, 0.0, 0.0, 0.0, 0.0, 0.0, 0.0, 0.0, 0.0, 0.0, 1.0, 0.0, 0.0, 0.0, 0.0]","[0.0, 0.0, 0.0, 0.0, 0.0, 0.0, 0.0, 0.0, 0.0, 0.0, 0.0, 0.0, 0.0, 0.0, 0.0, 0.0, 0.53125, 0.0, 0.0, 0.0, 0.0]","[10, 11, 12, 14, 18, 17, 20, 21, 19, 23, 24, 25, 27, 22, 28, 29, 30, 32, 33, 26, 31, 34, 35, 36, 37, 38, 39, 40]",4.47213595499958,4.47213595499958
17,840.0,"[0.0, 0.0, 0.0, 0.0, 0.0, 0.0, 0.0, 0.0, 0.0, 0.0, 0.0, 0.0, 0.0, 0.0, 0.0, 0.0, 1.0, 0.0, 0.0, 0.0, 0.0]","[0.0, 0.0, 0.0, 0.0, 0.0, 0.0, 0.0, 0.0, 0.0, 0.0, 0.0, 0.0, 0.0, 0.0, 0.0, 0.0, 0.53125, 0.0, 0.0, 0.0, 0.0]","[10, 11, 12, 14, 18, 17, 20, 21, 19, 23, 24, 25, 27, 22, 28, 29, 30, 32, 33, 26, 34, 35, 36, 38, 39, 40, 31, 37, 41, 42, 43, 44, 45, 46, 47, 48]",4.47213595499958,4.47213595499958
18,840.0,"[0.0, 0.0, 0.0, 0.0, 0.0, 0.0, 0.0, 0.0, 0.0, 0.0, 0.0, 0.0, 0.0, 0.0, 0.0, 0.0, 1.0, 0.0, 0.0, 0.0, 0.0]","[0.0, 0.0, 0.0, 0.0, 0.0, 0.0, 0.0, 0.0, 0.0, 0.0, 0.0, 0.0, 0.0, 0.0, 0.0, 0.0, 0.53125, 0.0, 0.0, 0.0, 0.0]","[10, 11, 12, 14, 18, 17, 20, 21, 19, 23, 24, 25, 27, 22, 28, 29, 30, 32, 33, 26, 34, 35, 36, 38, 39, 40, 31, 41, 42, 43, 45, 46, 47, 37, 44, 48, 49, 50, 51, 52, 53, 54, 55, 56, 57]",4.47213595499958,4.47213595499958
19,840.0,"[0.0, 0.0, 0.0, 0.0, 0.0, 0.0, 0.0, 0.0, 0.0, 0.0, 0.0, 0.0, 0.0, 0.0, 0.0, 0.0, 1.0, 0.0, 0.0, 0.0, 0.0]","[0.0, 0.0, 0.0, 0.0, 0.0, 0.0, 0.0, 0.0, 0.0, 0.0, 0.0, 0.0, 0.0, 0.0, 0.0, 0.0, 0.53125, 0.0, 0.0, 0.0, 0.0]","[10, 11, 12, 14, 18, 17, 20, 21, 19, 23, 24, 25, 27, 22, 28, 29, 30, 32, 33, 26, 34, 35, 36, 38, 39, 40, 31, 41, 42, 43, 45, 46, 47, 37, 48, 49, 50, 52, 53, 54, 57, 44, 51, 55, 56, 58, 59, 60, 61, 62, 63, 64, 65, 66, 67, 68]",4.47213595499958,4.47213595499958
20,840.0,"[0.0, 0.0, 0.0, 0.0, 0.0, 0.0, 0.0, 0.0, 0.0, 0.0, 0.0, 0.0, 0.0, 0.0, 0.0, 0.0, 1.0, 0.0, 0.0, 0.0, 0.0]","[0.0, 0.0, 0.0, 0.0, 0.0, 0.0, 0.0, 0.0, 0.0, 0.0, 0.0, 0.0, 0.0, 0.0, 0.0, 0.0, 0.53125, 0.0, 0.0, 0.0, 0.0]","[10, 11, 12, 14, 18, 17, 20, 21, 19, 23, 24, 25, 27, 22, 28, 29, 30, 32, 33, 26, 34, 35, 36, 38, 39, 40, 31, 41, 42, 43, 45, 46, 47, 37, 48, 49, 50, 52, 53, 54, 57, 44, 55, 56, 58, 60, 61, 62, 65, 66, 68, 51, 59, 63, 64, 67, 69, 70, 71, 72, 73, 74, 75, 76, 77, 78, 79]",4.47213595499958,4.47213595499958
21,840.0,"[0.0, 0.0, 0.0, 0.0, 0.0, 0.0, 0.0, 0.0, 0.0, 0.0, 0.0, 0.0, 0.0, 0.0, 0.0, 0.0, 1.0, 0.0, 0.0, 0.0, 0.0]","[0.0, 0.0, 0.0, 0.0, 0.0, 0.0, 0.0, 0.0, 0.0, 0.0, 0.0, 0.0, 0.0, 0.0, 0.0, 0.0, 0.53125, 0.0, 0.0, 0.0, 0.0]","[10, 11, 12, 14, 18, 17, 20, 21, 19, 23, 24, 25, 27, 22, 28, 29, 30, 32, 33, 26, 34, 35, 36, 38, 39, 40, 31, 41, 42, 43, 45, 46, 47, 37, 48, 49, 50, 52, 53, 54, 57, 44, 55, 56, 58, 60, 61, 62, 65, 66, 68, 51, 63, 64, 67, 70, 71, 72, 75, 76, 78, 79, 59, 69, 73, 74, 77, 80, 81, 82, 83, 84, 85, 86, 87, 88, 89, 90, 91, 92]",4.47213595499958,4.47213595499958
22,840.0,"[0.0, 0.0, 0.0, 0.0, 0.0, 0.0, 0.0, 0.0, 0.0, 0.0, 0.0, 0.0, 0.0, 0.0, 0.0, 0.0, 1.0, 0.0, 0.0, 0.0, 0.0]","[0.0, 0.0, 0.0, 0.0, 0.0, 0.0, 0.0, 0.0, 0.0, 0.0, 0.0, 0.0, 0.0, 0.0, 0.0, 0.0, 0.53125, 0.0, 0.0, 0.0, 0.0]","[10, 11, 12, 14, 18, 17, 20, 21, 19, 23, 24, 25, 27, 22, 28, 29, 30, 32, 33, 26, 34, 35, 36, 38, 39, 40, 31, 41, 42, 43, 45, 46, 47, 37, 48, 49, 50, 52, 53, 54, 57, 44, 55, 56, 58, 60, 61, 62, 65, 66, 68, 51, 63, 64, 67, 70, 71, 72, 75, 76, 78, 79, 59, 73, 74, 77, 81, 82, 83, 86, 87, 89, 90, 69, 80, 84, 85, 88, 91, 92, 93, 94, 95, 96, 97, 98, 99, 100, 101, 102, 103, 104, 105]",4.47213595499958,4.47213595499958
23,840.0,"[0.0, 0.0, 0.0, 0.0, 0.0, 0.0, 0.0, 0.0, 0.0, 0.0, 0.0, 0.0, 0.0, 0.0, 0.0, 0.0, 1.0, 0.0, 0.0, 0.0, 0.0]","[0.0, 0.0, 0.0, 0.0, 0.0, 0.0, 0.0, 0.0, 0.0, 0.0, 0.0, 0.0, 0.0, 0.0, 0.0, 0.0, 0.53125, 0.0, 0.0, 0.0, 0.0]","[10, 11, 12, 14, 18, 17, 20, 21, 19, 23, 24, 25, 27, 22, 28, 29, 30, 32, 33, 26, 34, 35, 36, 38, 39, 40, 31, 41, 42, 43, 45, 46, 47, 37, 48, 49, 50, 52, 53, 54, 57, 44, 55, 56, 58, 60, 61, 62, 65, 66, 68, 51, 63, 64, 67, 70, 71, 72, 75, 76, 78, 79, 59, 73, 74, 77, 81, 82, 83, 86, 87, 89, 90, 69, 84, 85, 88, 92, 93, 94, 97, 98, 100, 101, 80, 91, 95, 96, 99, 102, 103, 104, 105, 106, 107, 108, 109, 110, 111, 112, 113, 114, 115, 116, 117, 118]",4.47213595499958,4.47213595499958
24,840.0,"[0.0, 0.0, 0.0, 0.0, 0.0, 0.0, 0.0, 0.0, 0.0, 0.0, 0.0, 0.0, 0.0, 0.0, 0.0, 0.0, 1.0, 0.0, 0.0, 0.0, 0.0]","[0.0, 0.0, 0.0, 0.0, 0.0, 0.0, 0.0, 0.0, 0.0, 0.0, 0.0, 0.0, 0.0, 0.0, 0.0, 0.0, 0.53125, 0.0, 0.0, 0.0, 0.0]","[10, 11, 12, 14, 18, 17, 20, 21, 19, 23, 24, 25, 27, 22, 28, 29, 30, 32, 33, 26, 34, 35, 36, 38, 39, 40, 31, 41, 42, 43, 45, 46, 47, 37, 48, 49, 50, 52, 53, 54, 57, 44, 55, 56, 58, 60, 61, 62, 65, 66, 68, 51, 63, 64, 67, 70, 71, 72, 75, 76, 78, 79, 59, 73, 74, 77, 81, 82, 83, 86, 87, 89, 90, 69, 84, 85, 88, 92, 93, 94, 97, 98, 100, 101, 80, 95, 96, 99, 103, 104, 105, 108, 109, 111, 112, 117, 91, 102, 106, 107, 110, 113, 114, 115, 116, 118, 119, 120, 121, 122, 123, 124, 125, 126, 127, 128, 129, 130, 131]",4.47213595499958,4.47213595499958
25,840.0,"[0.0, 0.0, 0.0, 0.0, 0.0, 0.0, 0.0, 0.0, 0.0, 0.0, 0.0, 0.0, 0.0, 0.0, 0.0, 0.0, 1.0, 0.0, 0.0, 0.0, 0.0]","[0.0, 0.0, 0.0, 0.0, 0.0, 0.0, 0.0, 0.0, 0.0, 0.0, 0.0, 0.0, 0.0, 0.0, 0.0, 0.0, 0.53125, 0.0, 0.0, 0.0, 0.0]","[10, 11, 12, 14, 18, 17, 20, 21, 19, 23, 24, 25, 27, 22, 28, 29, 30, 32, 33, 26, 34, 35, 36, 38, 39, 40, 31, 41, 42, 43, 45, 46, 47, 37, 48, 49, 50, 52, 53, 54, 57, 44, 55, 56, 58, 60, 61, 62, 65, 66, 68, 51, 63, 64, 67, 70, 71, 72, 75, 76, 78, 79, 59, 73, 74, 77, 81, 82, 83, 86, 87, 89, 90, 69, 84, 85, 88, 92, 93, 94, 97, 98, 100, 101, 80, 95, 96, 99, 103, 104, 105, 108, 109, 111, 112, 117, 91, 106, 107, 110, 114, 115, 116, 120, 121, 123, 124, 129, 131, 102, 113, 118, 119, 122, 125, 126, 127, 128, 130, 132, 133, 134, 135, 136, 137, 138, 139, 140, 141, 142, 143, 144, 145, 146, 147]",4.47213595499958,4.47213595499958
26,840.0,"[0.0, 0.0, 0.0, 0.0, 0.0, 0.0, 0.0, 0.0, 0.0, 0.0, 0.0, 0.0, 0.0, 0.0, 0.0, 0.0, 1.0, 0.0, 0.0, 0.0, 0.0]","[0.0, 0.0, 0.0, 0.0, 0.0, 0.0, 0.0, 0.0, 0.0, 0.0, 0.0, 0.0, 0.0, 0.0, 0.0, 0.0, 0.53125, 0.0, 0.0, 0.0, 0.0]","[10, 11, 12, 14, 18, 17, 20, 21, 19, 23, 24, 25, 27, 22, 28, 29, 30, 32, 33, 26, 34, 35, 36, 38, 39, 40, 31, 41, 42, 43, 45, 46, 47, 37, 48, 49, 50, 52, 53, 54, 57, 44, 55, 56, 58, 60, 61, 62, 65, 66, 68, 51, 63, 64, 67, 70, 71, 72, 75, 76, 78, 79, 59, 73, 74, 77, 81, 82, 83, 86, 87, 89, 90, 69, 84, 85, 88, 92, 93, 94, 97, 98, 100, 101, 80, 95, 96, 99, 103, 104, 105, 108, 109, 111, 112, 117, 91, 106, 107, 110, 114, 115, 116, 120, 121, 123, 124, 129, 131, 102, 118, 119, 122, 126, 127, 128, 133, 134, 136, 137, 142, 144, 145, 147, 113, 125, 130, 132, 135, 138, 139, 140, 141, 143, 146, 148, 149, 150, 151, 152, 153, 154, 155, 156, 157, 158, 159, 160, 161, 162, 163, 164]",4.47213595499958,4.47213595499958
27,840.0,"[0.0, 0.0, 0.0, 0.0, 0.0, 0.0, 0.0, 0.0, 0.0, 0.0, 0.0, 0.0, 0.0, 0.0, 0.0, 0.0, 1.0, 0.0, 0.0, 0.0, 0.0]","[0.0, 0.0, 0.0, 0.0, 0.0, 0.0, 0.0, 0.0, 0.0, 0.0, 0.0, 0.0, 0.0, 0.0, 0.0, 0.0, 0.53125, 0.0, 0.0, 0.0, 0.0]","[10, 11, 12, 14, 18, 17, 20, 21, 19, 23, 24, 25, 27, 22, 28, 29, 30, 32, 33, 26, 34, 35, 36, 38, 39, 40, 31, 41, 42, 43, 45, 46, 47, 37, 48, 49, 50, 52, 53, 54, 57, 44, 55, 56, 58, 60, 61, 62, 65, 66, 68, 51, 63, 64, 67, 70, 71, 72, 75, 76, 78, 79, 59, 73, 74, 77, 81, 82, 83, 86, 87, 89, 90, 69, 84, 85, 88, 92, 93, 94, 97, 98, 100, 101, 80, 95, 96, 99, 103, 104, 105, 108, 109, 111, 112, 117, 91, 106, 107, 110, 114, 115, 116, 120, 121, 123, 124, 129, 131, 102, 118, 119, 122, 126, 127, 128, 133, 134, 136, 137, 142, 144, 145, 147, 113, 130, 132, 135, 139, 140, 141, 148, 149, 151, 152, 157, 159, 160, 162, 163, 164, 125, 138, 143, 146, 150, 153, 154, 155, 156, 158, 161, 165, 166, 167, 168, 169, 170, 171, 172, 173, 174, 175, 176, 177, 178, 179, 180, 181, 182, 183]",4.47213595499958,4.47213595499958
28,840.0,"[0.0, 0.0, 0.0, 0.0, 0.0, 0.0, 0.0, 0.0, 0.0, 0.0, 0.0, 0.0, 0.0, 0.0, 0.0, 0.0, 1.0, 0.0, 0.0, 0.0, 0.0]","[0.0, 0.0, 0.0, 0.0, 0.0, 0.0, 0.0, 0.0, 0.0, 0.0, 0.0, 0.0, 0.0, 0.0, 0.0, 0.0, 0.53125, 0.0, 0.0, 0.0, 0.0]","[10, 11, 12, 14, 18, 17, 20, 21, 19, 23, 24, 25, 27, 22, 28, 29, 30, 32, 33, 26, 34, 35, 36, 38, 39, 40, 31, 41, 42, 43, 45, 46, 47, 37, 48, 49, 50, 52, 53, 54, 57, 44, 55, 56, 58, 60, 61, 62, 65, 66, 68, 51, 63, 64, 67, 70, 71, 72, 75, 76, 78, 79, 59, 73, 74, 77, 81, 82, 83, 86, 87, 89, 90, 69, 84, 85, 88, 92, 93, 94, 97, 98, 100, 101, 80, 95, 96, 99, 103, 104, 105, 108, 109, 111, 112, 117, 91, 106, 107, 110, 114, 115, 116, 120, 121, 123, 124, 129, 131, 102, 118, 119, 122, 126, 127, 128, 133, 134, 136, 137, 142, 144, 145, 147, 113, 130, 132, 135, 139, 140, 141, 148, 149, 151, 152, 157, 159, 160, 162, 163, 164, 125, 143, 146, 150, 154, 155, 156, 165, 166, 168, 169, 174, 176, 177, 179, 180, 181, 138, 153, 158, 161, 167, 170, 171, 172, 173, 175, 178, 182, 183, 184, 185, 186, 187, 188, 189, 190, 191, 192, 193, 194, 195, 196, 197, 198, 199, 200, 201, 202]",4.47213595499958,4.47213595499958
29,840.0,"[0.0, 0.0, 0.0, 0.0, 0.0, 0.0, 0.0, 0.0, 0.0, 0.0, 0.0, 0.0, 0.0, 0.0, 0.0, 0.0, 1.0, 0.0, 0.0, 0.0, 0.0]","[0.0, 0.0, 0.0, 0.0, 0.0, 0.0, 0.0, 0.0, 0.0, 0.0, 0.0, 0.0, 0.0, 0.0, 0.0, 0.0, 0.53125, 0.0, 0.0, 0.0, 0.0]","[10, 11, 12, 14, 17, 20, 21, 19, 23, 24, 25, 27, 22, 28, 29, 30, 32, 33, 26, 34, 35, 36, 38, 39, 40, 31, 41, 42, 43, 45, 46, 47, 37, 48, 49, 50, 52, 53, 54, 57, 44, 55, 56, 58, 60, 61, 62, 65, 66, 68, 51, 63, 64, 67, 70, 71, 72, 75, 76, 78, 79, 59, 73, 74, 77, 81, 82, 83, 86, 87, 89, 90, 69, 84, 85, 88, 92, 93, 94, 97, 98, 100, 101, 80, 95, 96, 99, 103, 104, 105, 108, 109, 111, 112, 117, 91, 106, 107, 110, 114, 115, 116, 120, 121, 123, 124, 129, 131, 102, 118, 119, 122, 126, 127, 128, 133, 134, 136, 137, 142, 144, 145, 147, 113, 130, 132, 135, 139, 140, 141, 148, 149, 151, 152, 157, 159, 160, 162, 163, 164, 125, 143, 146, 150, 154, 155, 156, 165, 166, 168, 169, 174, 176, 177, 179, 180, 181, 138, 158, 161, 167, 171, 172, 173, 182, 183, 185, 186, 191, 193, 194, 196, 197, 198, 201, 18, 153, 170, 175, 178, 184, 187, 188, 189, 190, 192, 195, 199, 200, 202, 203, 204, 205, 206, 207, 208, 209, 210, 211, 212, 213, 214, 215, 216, 217, 218, 219, 220, 221]",4.47213595499958,4.47213595499958
30,840.0,"[0.0, 0.0, 0.0, 0.0, 0.0, 0.0, 0.0, 0.0, 0.0, 0.0, 0.0, 0.0, 0.0, 0.0, 0.0, 0.0, 1.0, 0.0, 0.0, 0.0, 0.0]","[0.0, 0.0, 0.0, 0.0, 0.0, 0.0, 0.0, 0.0, 0.0, 0.0, 0.0, 0.0, 0.0, 0.0, 0.0, 0.0, 0.53125, 0.0, 0.0, 0.0, 0.0]","[10, 11, 12, 14, 17, 21, 19, 23, 24, 25, 27, 22, 28, 29, 30, 32, 33, 26, 34, 35, 36, 38, 39, 40, 31, 41, 42, 43, 45, 46, 47, 37, 48, 49, 50, 52, 53, 54, 57, 44, 55, 56, 58, 60, 61, 62, 65, 66, 68, 51, 63, 64, 67, 70, 71, 72, 75, 76, 78, 79, 59, 73, 74, 77, 81, 82, 83, 86, 87, 89, 90, 69, 84, 85, 88, 92, 93, 94, 97, 98, 100, 101, 80, 95, 96, 99, 103, 104, 105, 108, 109, 111, 112, 117, 91, 106, 107, 110, 114, 115, 116, 120, 121, 123, 124, 129, 131, 102, 118, 119, 122, 126, 127, 128, 133, 134, 136, 137, 142, 144, 145, 147, 113, 130, 132, 135, 139, 140, 141, 148, 149, 151, 152, 157, 159, 160, 162, 163, 164, 125, 143, 146, 150, 154, 155, 156, 165, 166, 168, 169, 174, 176, 177, 179, 180, 181, 138, 158, 161, 167, 171, 172, 173, 182, 183, 185, 186, 191, 193, 194, 196, 197, 198, 201, 18, 170, 175, 178, 187, 188, 189, 195, 199, 202, 203, 208, 210, 211, 213, 214, 215, 218, 220, 20, 153, 184, 190, 192, 200, 204, 205, 206, 207, 209, 212, 216, 217, 219, 221, 222, 223, 224, 225, 226, 227, 228, 229, 230, 231, 232, 233, 234, 235, 236, 237, 238, 239, 240, 241]",4.47213595499958,4.47213595499958
31,840.0,"[0.0, 0.0, 0.0, 0.0, 0.0, 0.0, 0.0, 0.0, 0.0, 0.0, 0.0, 0.0, 0.0, 0.0, 0.0, 0.0, 1.0, 0.0, 0.0, 0.0, 0.0]","[0.0, 0.0, 0.0, 0.0, 0.0, 0.0, 0.0, 0.0, 0.0, 0.0, 0.0, 0.0, 0.0, 0.0, 0.0, 0.0, 0.53125, 0.0, 0.0, 0.0, 0.0]","[10, 11, 12, 14, 17, 21, 19, 24, 25, 27, 22, 28, 29, 30, 32, 33, 26, 34, 35, 36, 38, 39, 40, 31, 41, 42, 43, 45, 46, 47, 37, 48, 49, 50, 52, 53, 54, 57, 44, 55, 56, 58, 60, 61, 62, 65, 66, 68, 51, 63, 64, 67, 70, 71, 72, 75, 76, 78, 79, 59, 73, 74, 77, 81, 82, 83, 86, 87, 89, 90, 69, 84, 85, 88, 92, 93, 94, 97, 98, 100, 101, 80, 95, 96, 99, 103, 104, 105, 108, 109, 111, 112, 117, 91, 106, 107, 110, 114, 115, 116, 120, 121, 123, 124, 129, 131, 102, 118, 119, 122, 126, 127, 128, 133, 134, 136, 137, 142, 144, 145, 147, 113, 130, 132, 135, 139, 140, 141, 148, 149, 151, 152, 157, 159, 160, 162, 163, 164, 125, 143, 146, 150, 154, 155, 156, 165, 166, 168, 169, 174, 176, 177, 179, 180, 181, 138, 158, 161, 167, 171, 172, 173, 182, 183, 185, 186, 191, 193, 194, 196, 197, 198, 201, 18, 170, 175, 178, 187, 188, 189, 195, 199, 202, 203, 208, 210, 211, 213, 214, 215, 218, 220, 20, 184, 190, 192, 204, 205, 206, 212, 216, 219, 221, 226, 228, 229, 231, 232, 233, 236, 238, 240, 241, 23, 153, 200, 207, 209, 217, 222, 223, 224, 225, 227, 230, 234, 235, 237, 239, 242, 243, 244, 245, 246, 247, 248, 249, 250, 251, 252, 253, 254, 255, 256, 257, 258, 259, 260, 261, 262]",4.47213595499958,4.47213595499958
32,840.0,"[0.0, 0.0, 0.0, 0.0, 0.0, 0.0, 0.0, 0.0, 0.0, 0.0, 0.0, 0.0, 0.0, 0.0, 0.0, 0.0, 1.0, 0.0, 0.0, 0.0, 0.0]","[0.0, 0.0, 0.0, 0.0, 0.0, 0.0, 0.0, 0.0, 0.0, 0.0, 0.0, 0.0, 0.0, 0.0, 0.0, 0.0, 0.53125, 0.0, 0.0, 0.0, 0.0]","[10, 11, 12, 14, 17, 21, 19, 24, 25, 27, 22, 29, 30, 32, 33, 26, 34, 35, 36, 38, 39, 40, 31, 41, 42, 43, 45, 46, 47, 37, 48, 49, 50, 52, 53, 54, 57, 44, 55, 56, 58, 60, 61, 62, 65, 66, 68, 51, 63, 64, 67, 70, 71, 72, 75, 76, 78, 79, 59, 73, 74, 77, 81, 82, 83, 86, 87, 89, 90, 69, 84, 85, 88, 92, 93, 94, 97, 98, 100, 101, 80, 95, 96, 99, 103, 104, 105, 108, 109, 111, 112, 117, 91, 106, 107, 110, 114, 115, 116, 120, 121, 123, 124, 129, 131, 102, 118, 119, 122, 126, 127, 128, 133, 134, 136, 137, 142, 144, 145, 147, 113, 130, 132, 135, 139, 140, 141, 148, 149, 151, 152, 157, 159, 160, 162, 163, 164, 125, 143, 146, 150, 154, 155, 156, 165, 166, 168, 169, 174, 176, 177, 179, 180, 181, 138, 158, 161, 167, 171, 172, 173, 182, 183, 185, 186, 191, 193, 194, 196, 197, 198, 201, 18, 170, 175, 178, 187, 188, 189, 195, 199, 202, 203, 208, 210, 211, 213, 214, 215, 218, 220, 20, 184, 190, 192, 204, 205, 206, 212, 216, 219, 221, 226, 228, 229, 231, 232, 233, 236, 238, 240, 241, 23, 200, 207, 209, 222, 223, 224, 230, 234, 237, 239, 246, 248, 249, 251, 252, 253, 256, 258, 260, 261, 262, 28, 153, 217, 225, 227, 235, 242, 243, 244, 245, 247, 250, 254, 255, 257, 259, 263, 264, 265, 266, 267, 268, 269, 270, 271, 272, 273, 274, 275, 276, 277, 278, 279, 280, 281, 282, 283, 284]",4.47213595499958,4.47213595499958
33,840.0,"[0.0, 0.0, 0.0, 0.0, 0.0, 0.0, 0.0, 0.0, 0.0, 0.0, 0.0, 0.0, 0.0, 0.0, 0.0, 0.0, 1.0, 0.0, 0.0, 0.0, 0.0]","[0.0, 0.0, 0.0, 0.0, 0.0, 0.0, 0.0, 0.0, 0.0, 0.0, 0.0, 0.0, 0.0, 0.0, 0.0, 0.0, 0.53125, 0.0, 0.0, 0.0, 0.0]","[10, 11, 12, 14, 17, 21, 19, 24, 25, 27, 22, 29, 30, 32, 33, 26, 35, 36, 38, 39, 40, 31, 41, 42, 43, 45, 46, 47, 37, 48, 49, 50, 52, 53, 54, 57, 44, 55, 56, 58, 60, 61, 62, 65, 66, 68, 51, 63, 64, 67, 70, 71, 72, 75, 76, 78, 79, 59, 73, 74, 77, 81, 82, 83, 86, 87, 89, 90, 69, 84, 85, 88, 92, 93, 94, 97, 98, 100, 101, 80, 95, 96, 99, 103, 104, 105, 108, 109, 111, 112, 117, 91, 106, 107, 110, 114, 115, 116, 120, 121, 123, 124, 129, 131, 102, 118, 119, 122, 126, 127, 128, 133, 134, 136, 137, 142, 144, 145, 147, 113, 130, 132, 135, 139, 140, 141, 148, 149, 151, 152, 157, 159, 160, 162, 163, 164, 125, 143, 146, 150, 154, 155, 156, 165, 166, 168, 169, 174, 176, 177, 179, 180, 181, 138, 158, 161, 167, 171, 172, 173, 182, 183, 185, 186, 191, 193, 194, 196, 197, 198, 201, 18, 170, 175, 178, 187, 188, 189, 195, 199, 202, 203, 208, 210, 211, 213, 214, 215, 218, 220, 20, 184, 190, 192, 204, 205, 206, 212, 216, 219, 221, 226, 228, 229, 231, 232, 233, 236, 238, 240, 241, 23, 200, 207, 209, 222, 223, 224, 230, 234, 237, 239, 246, 248, 249, 251, 252, 253, 256, 258, 260, 261, 262, 28, 217, 225, 227, 242, 243, 244, 250, 254, 257, 259, 267, 269, 270, 272, 273, 274, 277, 279, 281, 282, 283, 284, 34, 153, 235, 245, 247, 255, 263, 264, 265, 266, 268, 271, 275, 276, 278, 280, 285, 286, 287, 288, 289, 290, 291, 292, 293, 294, 295, 296, 297, 298, 299, 300, 301, 302, 303, 304, 305, 306, 307, 308]",4.47213595499958,4.47213595499958
34,840.0,"[0.0, 0.0, 0.0, 0.0, 0.0, 0.0, 0.0, 0.0, 0.0, 0.0, 0.0, 0.0, 0.0, 0.0, 0.0, 0.0, 1.0, 0.0, 0.0, 0.0, 0.0]","[0.0, 0.0, 0.0, 0.0, 0.0, 0.0, 0.0, 0.0, 0.0, 0.0, 0.0, 0.0, 0.0, 0.0, 0.0, 0.0, 0.53125, 0.0, 0.0, 0.0, 0.0]","[10, 11, 12, 14, 17, 21, 19, 24, 25, 27, 22, 29, 30, 32, 33, 26, 35, 36, 38, 39, 40, 31, 42, 43, 45, 46, 47, 37, 48, 49, 50, 52, 53, 54, 57, 44, 55, 56, 58, 60, 61, 62, 65, 66, 68, 51, 63, 64, 67, 70, 71, 72, 75, 76, 78, 79, 59, 73, 74, 77, 81, 82, 83, 86, 87, 89, 90, 69, 84, 85, 88, 92, 93, 94, 97, 98, 100, 101, 80, 95, 96, 99, 103, 104, 105, 108, 109, 111, 112, 117, 91, 106, 107, 110, 114, 115, 116, 120, 121, 123, 124, 129, 131, 102, 118, 119, 122, 126, 127, 128, 133, 134, 136, 137, 142, 144, 145, 147, 113, 130, 132, 135, 139, 140, 141, 148, 149, 151, 152, 157, 159, 160, 162, 163, 164, 125, 143, 146, 150, 154, 155, 156, 165, 166, 168, 169, 174, 176, 177, 179, 180, 181, 138, 158, 161, 167, 171, 172, 173, 182, 183, 185, 186, 191, 193, 194, 196, 197, 198, 201, 18, 170, 175, 178, 187, 188, 189, 195, 199, 202, 203, 208, 210, 211, 213, 214, 215, 218, 220, 20, 184, 190, 192, 204, 205, 206, 212, 216, 219, 221, 226, 228, 229, 231, 232, 233, 236, 238, 240, 241, 23, 200, 207, 209, 222, 223, 224, 230, 234, 237, 239, 246, 248, 249, 251, 252, 253, 256, 258, 260, 261, 262, 28, 217, 225, 227, 242, 243, 244, 250, 254, 257, 259, 267, 269, 270, 272, 273, 274, 277, 279, 281, 282, 283, 284, 34, 235, 245, 247, 263, 264, 265, 271, 275, 278, 280, 289, 291, 292, 294, 295, 296, 299, 301, 303, 304, 305, 306, 307, 308, 41, 153, 255, 266, 268, 276, 285, 286, 287, 288, 290, 293, 297, 298, 300, 302, 309, 310, 311, 312, 313, 314, 315, 316, 317, 318, 319, 320, 321, 322, 323, 324, 325, 326, 327, 328, 329, 330, 331, 332, 333]",4.47213595499958,4.47213595499958
35,840.0,"[0.0, 0.0, 0.0, 0.0, 0.0, 0.0, 0.0, 0.0, 0.0, 0.0, 0.0, 0.0, 0.0, 0.0, 0.0, 0.0, 1.0, 0.0, 0.0, 0.0, 0.0]","[0.0, 0.0, 0.0, 0.0, 0.0, 0.0, 0.0, 0.0, 0.0, 0.0, 0.0, 0.0, 0.0, 0.0, 0.0, 0.0, 0.53125, 0.0, 0.0, 0.0, 0.0]","[10, 11, 12, 14, 17, 21, 19, 24, 25, 27, 22, 29, 30, 32, 33, 26, 35, 36, 38, 39, 40, 31, 42, 43, 45, 46, 47, 37, 49, 50, 52, 53, 54, 57, 44, 55, 56, 58, 60, 61, 62, 65, 66, 68, 51, 63, 64, 67, 70, 71, 72, 75, 76, 78, 79, 59, 73, 74, 77, 81, 82, 83, 86, 87, 89, 90, 69, 84, 85, 88, 92, 93, 94, 97, 98, 100, 101, 80, 95, 96, 99, 103, 104, 105, 108, 109, 111, 112, 117, 91, 106, 107, 110, 114, 115, 116, 120, 121, 123, 124, 129, 131, 102, 118, 119, 122, 126, 127, 128, 133, 134, 136, 137, 142, 144, 145, 147, 113, 130, 132, 135, 139, 140, 141, 148, 149, 151, 152, 157, 159, 160, 162, 163, 164, 125, 143, 146, 150, 154, 155, 156, 165, 166, 168, 169, 174, 176, 177, 179, 180, 181, 138, 158, 161, 167, 171, 172, 173, 182, 183, 185, 186, 191, 193, 194, 196, 197, 198, 201, 18, 170, 175, 178, 187, 188, 189, 195, 199, 202, 203, 208, 210, 211, 213, 214, 215, 218, 220, 20, 184, 190, 192, 204, 205, 206, 212, 216, 219, 221, 226, 228, 229, 231, 232, 233, 236, 238, 240, 241, 23, 200, 207, 209, 222, 223, 224, 230, 234, 237, 239, 246, 248, 249, 251, 252, 253, 256, 258, 260, 261, 262, 28, 217, 225, 227, 242, 243, 244, 250, 254, 257, 259, 267, 269, 270, 272, 273, 274, 277, 279, 281, 282, 283, 284, 34, 235, 245, 247, 263, 264, 265, 271, 275, 278, 280, 289, 291, 292, 294, 295, 296, 299, 301, 303, 304, 305, 306, 307, 308, 41, 255, 266, 268, 285, 286, 287, 293, 297, 300, 302, 313, 315, 316, 318, 319, 320, 323, 325, 327, 328, 329, 330, 331, 332, 333, 48, 153, 276, 288, 290, 298, 309, 310, 311, 312, 314, 317, 321, 322, 324, 326, 334, 335, 336, 337, 338, 339, 340, 341, 342, 343, 344, 345, 346, 347, 348, 349, 350, 351, 352, 353, 354, 355, 356, 357, 358, 359]",4.47213595499958,4.47213595499958
36,840.0,"[0.0, 0.0, 0.0, 0.0, 0.0, 0.0, 0.0, 0.0, 0.0, 0.0, 0.0, 0.0, 0.0, 0.0, 0.0, 0.0, 1.0, 0.0, 0.0, 0.0, 0.0]","[0.0, 0.0, 0.0, 0.0, 0.0, 0.0, 0.0, 0.0, 0.0, 0.0, 0.0, 0.0, 0.0, 0.0, 0.0, 0.0, 0.53125, 0.0, 0.0, 0.0, 0.0]","[10, 11, 12, 14, 17, 21, 19, 24, 25, 27, 22, 29, 30, 32, 33, 26, 35, 36, 38, 39, 40, 31, 42, 43, 45, 46, 47, 37, 49, 50, 52, 53, 54, 57, 44, 56, 58, 60, 61, 62, 65, 66, 68, 51, 63, 64, 67, 70, 71, 72, 75, 76, 78, 79, 59, 73, 74, 77, 81, 82, 83, 86, 87, 89, 90, 69, 84, 85, 88, 92, 93, 94, 97, 98, 100, 101, 80, 95, 96, 99, 103, 104, 105, 108, 109, 111, 112, 117, 91, 106, 107, 110, 114, 115, 116, 120, 121, 123, 124, 129, 131, 102, 118, 119, 122, 126, 127, 128, 133, 134, 136, 137, 142, 144, 145, 147, 113, 130, 132, 135, 139, 140, 141, 148, 149, 151, 152, 157, 159, 160, 162, 163, 164, 125, 143, 146, 150, 154, 155, 156, 165, 166, 168, 169, 174, 176, 177, 179, 180, 181, 138, 158, 161, 167, 171, 172, 173, 182, 183, 185, 186, 191, 193, 194, 196, 197, 198, 201, 18, 170, 175, 178, 187, 188, 189, 195, 199, 202, 203, 208, 210, 211, 213, 214, 215, 218, 220, 20, 184, 190, 192, 204, 205, 206, 212, 216, 219, 221, 226, 228, 229, 231, 232, 233, 236, 238, 240, 241, 23, 200, 207, 209, 222, 223, 224, 230, 234, 237, 239, 246, 248, 249, 251, 252, 253, 256, 258, 260, 261, 262, 28, 217, 225, 227, 242, 243, 244, 250, 254, 257, 259, 267, 269, 270, 272, 273, 274, 277, 279, 281, 282, 283, 284, 34, 235, 245, 247, 263, 264, 265, 271, 275, 278, 280, 289, 291, 292, 294, 295, 296, 299, 301, 303, 304, 305, 306, 307, 308, 41, 255, 266, 268, 285, 286, 287, 293, 297, 300, 302, 313, 315, 316, 318, 319, 320, 323, 325, 327, 328, 329, 330, 331, 332, 333, 48, 276, 288, 290, 309, 310, 311, 317, 321, 324, 326, 338, 340, 341, 343, 344, 345, 348, 350, 352, 353, 354, 355, 356, 357, 358, 55, 153, 298, 312, 314, 322, 334, 335, 336, 337, 339, 342, 346, 347, 349, 351, 359, 360, 361, 362, 363, 364, 365, 366, 367, 368, 369, 370, 371, 372, 373, 374, 375, 376, 377, 378, 379, 380, 381, 382, 383, 384, 385, 386]",4.47213595499958,4.47213595499958
37,840.0,"[0.0, 0.0, 0.0, 0.0, 0.0, 0.0, 0.0, 0.0, 0.0, 0.0, 0.0, 0.0, 0.0, 0.0, 0.0, 0.0, 1.0, 0.0, 0.0, 0.0, 0.0]","[0.0, 0.0, 0.0, 0.0, 0.0, 0.0, 0.0, 0.0, 0.0, 0.0, 0.0, 0.0, 0.0, 0.0, 0.0, 0.0, 0.53125, 0.0, 0.0, 0.0, 0.0]","[10, 11, 12, 14, 17, 21, 19, 24, 25, 27, 22, 29, 30, 32, 33, 26, 35, 36, 38, 39, 40, 31, 42, 43, 45, 46, 47, 37, 49, 50, 52, 53, 54, 57, 44, 56, 58, 60, 61, 62, 65, 66, 68, 51, 64, 67, 70, 71, 72, 75, 76, 78, 79, 59, 73, 74, 77, 81, 82, 83, 86, 87, 89, 90, 69, 84, 85, 88, 92, 93, 94, 97, 98, 100, 101, 80, 95, 96, 99, 103, 104, 105, 108, 109, 111, 112, 117, 91, 106, 107, 110, 114, 115, 116, 120, 121, 123, 124, 129, 131, 102, 118, 119, 122, 126, 127, 128, 133, 134, 136, 137, 142, 144, 145, 147, 113, 130, 132, 135, 139, 140, 141, 148, 149, 151, 152, 157, 159, 160, 162, 163, 164, 125, 143, 146, 150, 154, 155, 156, 165, 166, 168, 169, 174, 176, 177, 179, 180, 181, 138, 158, 161, 167, 171, 172, 173, 182, 183, 185, 186, 191, 193, 194, 196, 197, 198, 201, 18, 170, 175, 178, 187, 188, 189, 195, 199, 202, 203, 208, 210, 211, 213, 214, 215, 218, 220, 20, 184, 190, 192, 204, 205, 206, 212, 216, 219, 221, 226, 228, 229, 231, 232, 233, 236, 238, 240, 241, 23, 200, 207, 209, 222, 223, 224, 230, 234, 237, 239, 246, 248, 249, 251, 252, 253, 256, 258, 260, 261, 262, 28, 217, 225, 227, 242, 243, 244, 250, 254, 257, 259, 267, 269, 270, 272, 273, 274, 277, 279, 281, 282, 283, 284, 34, 235, 245, 247, 263, 264, 265, 271, 275, 278, 280, 289, 291, 292, 294, 295, 296, 299, 301, 303, 304, 305, 306, 307, 308, 41, 255, 266, 268, 285, 286, 287, 293, 297, 300, 302, 313, 315, 316, 318, 319, 320, 323, 325, 327, 328, 329, 330, 331, 332, 333, 48, 276, 288, 290, 309, 310, 311, 317, 321, 324, 326, 338, 340, 341, 343, 344, 345, 348, 350, 352, 353, 354, 355, 356, 357, 358, 55, 298, 312, 314, 334, 335, 336, 342, 346, 349, 351, 363, 365, 366, 368, 369, 370, 373, 375, 377, 378, 379, 380, 381, 382, 383, 63, 153, 322, 337, 339, 347, 359, 360, 361, 362, 364, 367, 371, 372, 374, 376, 384, 385, 386, 387, 388, 389, 390, 391, 392, 393, 394, 395, 396, 397, 398, 399, 400, 401, 402, 403, 404, 405, 406, 407, 408, 409, 410, 411, 412, 413, 414]",4.47213595499958,4.47213595499958
38,840.0,"[0.0, 0.0, 0.0, 0.0, 0.0, 0.0, 0.0, 0.0, 0.0, 0.0, 0.0, 0.0, 0.0, 0.0, 0.0, 0.0, 1.0, 0.0, 0.0, 0.0, 0.0]","[0.0, 0.0, 0.0, 0.0, 0.0, 0.0, 0.0, 0.0, 0.0, 0.0, 0.0, 0.0, 0.0, 0.0, 0.0, 0.0, 0.53125, 0.0, 0.0, 0.0, 0.0]","[10, 11, 12, 14, 17, 21, 19, 24, 25, 27, 22, 29, 30, 32, 33, 26, 35, 36, 38, 39, 40, 31, 42, 43, 45, 46, 47, 37, 49, 50, 52, 53, 54, 57, 44, 56, 58, 60, 61, 62, 65, 66, 68, 51, 64, 67, 70, 71, 72, 75, 76, 78, 79, 59, 74, 77, 81, 82, 83, 86, 87, 89, 90, 69, 84, 85, 88, 92, 93, 94, 97, 98, 100, 101, 80, 95, 96, 99, 103, 104, 105, 108, 109, 111, 112, 117, 91, 106, 107, 110, 114, 115, 116, 120, 121, 123, 124, 129, 131, 102, 118, 119, 122, 126, 127, 128, 133, 134, 136, 137, 142, 144, 145, 147, 113, 130, 132, 135, 139, 140, 141, 148, 149, 151, 152, 157, 159, 160, 162, 163, 164, 125, 143, 146, 150, 154, 155, 156, 165, 166, 168, 169, 174, 176, 177, 179, 180, 181, 138, 158, 161, 167, 171, 172, 173, 182, 183, 185, 186, 191, 193, 194, 196, 197, 198, 201, 18, 170, 175, 178, 187, 188, 189, 195, 199, 202, 203, 208, 210, 211, 213, 214, 215, 218, 220, 20, 184, 190, 192, 204, 205, 206, 212, 216, 219, 221, 226, 228, 229, 231, 232, 233, 236, 238, 240, 241, 23, 200, 207, 209, 222, 223, 224, 230, 234, 237, 239, 246, 248, 249, 251, 252, 253, 256, 258, 260, 261, 262, 28, 217, 225, 227, 242, 243, 244, 250, 254, 257, 259, 267, 269, 270, 272, 273, 274, 277, 279, 281, 282, 283, 284, 34, 235, 245, 247, 263, 264, 265, 271, 275, 278, 280, 289, 291, 292, 294, 295, 296, 299, 301, 303, 304, 305, 306, 307, 308, 41, 255, 266, 268, 285, 286, 287, 293, 297, 300, 302, 313, 315, 316, 318, 319, 320, 323, 325, 327, 328, 329, 330, 331, 332, 333, 48, 276, 288, 290, 309, 310, 311, 317, 321, 324, 326, 338, 340, 341, 343, 344, 345, 348, 350, 352, 353, 354, 355, 356, 357, 358, 55, 298, 312, 314, 334, 335, 336, 342, 346, 349, 351, 363, 365, 366, 368, 369, 370, 373, 375, 377, 378, 379, 380, 381, 382, 383, 63, 322, 337, 339, 359, 360, 361, 367, 371, 374, 376, 388, 390, 391, 393, 394, 395, 398, 400, 402, 403, 404, 405, 406, 407, 408, 412, 413, 73, 153, 347, 362, 364, 372, 384, 385, 386, 387, 389, 392, 396, 397, 399, 401, 409, 410, 411, 414, 415, 416, 417, 418, 419, 420, 421, 422, 423, 424, 425, 426, 427, 428, 429, 430, 431, 432, 433, 434, 435, 436, 437, 438, 439, 440, 441, 442]",4.47213595499958,4.47213595499958
39,840.0,"[0.0, 0.0, 0.0, 0.0, 0.0, 0.0, 0.0, 0.0, 0.0, 0.0, 0.0, 0.0, 0.0, 0.0, 0.0, 0.0, 1.0, 0.0, 0.0, 0.0, 0.0]","[0.0, 0.0, 0.0, 0.0, 0.0, 0.0, 0.0, 0.0, 0.0, 0.0, 0.0, 0.0, 0.0, 0.0, 0.0, 0.0, 0.53125, 0.0, 0.0, 0.0, 0.0]","[10, 11, 12, 14, 17, 21, 19, 24, 25, 27, 22, 29, 30, 32, 33, 26, 35, 36, 38, 39, 40, 31, 42, 43, 45, 46, 47, 37, 49, 50, 52, 53, 54, 57, 44, 56, 58, 60, 61, 62, 65, 66, 68, 51, 64, 67, 70, 71, 72, 75, 76, 78, 79, 59, 74, 77, 81, 82, 83, 86, 87, 89, 90, 69, 85, 88, 92, 93, 94, 97, 98, 100, 101, 80, 95, 96, 99, 103, 104, 105, 108, 109, 111, 112, 117, 91, 106, 107, 110, 114, 115, 116, 120, 121, 123, 124, 129, 131, 102, 118, 119, 122, 126, 127, 128, 133, 134, 136, 137, 142, 144, 145, 147, 113, 130, 132, 135, 139, 140, 141, 148, 149, 151, 152, 157, 159, 160, 162, 163, 164, 125, 143, 146, 150, 154, 155, 156, 165, 166, 168, 169, 174, 176, 177, 179, 180, 181, 138, 158, 161, 167, 171, 172, 173, 182, 183, 185, 186, 191, 193, 194, 196, 197, 198, 201, 18, 170, 175, 178, 187, 188, 189, 195, 199, 202, 203, 208, 210, 211, 213, 214, 215, 218, 220, 20, 184, 190, 192, 204, 205, 206, 212, 216, 219, 221, 226, 228, 229, 231, 232, 233, 236, 238, 240, 241, 23, 200, 207, 209, 222, 223, 224, 230, 234, 237, 239, 246, 248, 249, 251, 252, 253, 256, 258, 260, 261, 262, 28, 217, 225, 227, 242, 243, 244, 250, 254, 257, 259, 267, 269, 270, 272, 273, 274, 277, 279, 281, 282, 283, 284, 34, 235, 245, 247, 263, 264, 265, 271, 275, 278, 280, 289, 291, 292, 294, 295, 296, 299, 301, 303, 304, 305, 306, 307, 308, 41, 255, 266, 268, 285, 286, 287, 293, 297, 300, 302, 313, 315, 316, 318, 319, 320, 323, 325, 327, 328, 329, 330, 331, 332, 333, 48, 276, 288, 290, 309, 310, 311, 317, 321, 324, 326, 338, 340, 341, 343, 344, 345, 348, 350, 352, 353, 354, 355, 356, 357, 358, 55, 298, 312, 314, 334, 335, 336, 342, 346, 349, 351, 363, 365, 366, 368, 369, 370, 373, 375, 377, 378, 379, 380, 381, 382, 383, 63, 322, 337, 339, 359, 360, 361, 367, 371, 374, 376, 388, 390, 391, 393, 394, 395, 398, 400, 402, 403, 404, 405, 406, 407, 408, 412, 413, 73, 347, 362, 364, 384, 385, 386, 392, 396, 399, 401, 415, 417, 418, 420, 421, 422, 425, 427, 429, 430, 431, 432, 433, 434, 435, 439, 440, 84, 153, 372, 387, 389, 397, 409, 410, 411, 414, 416, 419, 423, 424, 426, 428, 436, 437, 438, 441, 442, 443, 444, 445, 446, 447, 448, 449, 450, 451, 452, 453, 454, 455, 456, 457, 458, 459, 460, 461, 462, 463, 464, 465, 466, 467, 468, 469, 470]",4.47213595499958,4.47213595499958
40,840.0,"[0.0, 0.0, 0.0, 0.0, 0.0, 0.0, 0.0, 0.0, 0.0, 0.0, 0.0, 0.0, 0.0, 0.0, 0.0, 0.0, 1.0, 0.0, 0.0, 0.0, 0.0]","[0.0, 0.0, 0.0, 0.0, 0.0, 0.0, 0.0, 0.0, 0.0, 0.0, 0.0, 0.0, 0.0, 0.0, 0.0, 0.0, 0.53125, 0.0, 0.0, 0.0, 0.0]","[10, 11, 12, 14, 17, 21, 19, 24, 25, 27, 22, 29, 30, 32, 33, 26, 35, 36, 38, 39, 40, 31, 42, 43, 45, 46, 47, 37, 49, 50, 52, 53, 54, 57, 44, 56, 58, 60, 61, 62, 65, 66, 68, 51, 64, 67, 70, 71, 72, 75, 76, 78, 79, 59, 74, 77, 81, 82, 83, 86, 87, 89, 90, 69, 85, 88, 92, 93, 94, 97, 98, 100, 101, 80, 96, 99, 103, 104, 105, 108, 109, 111, 112, 117, 91, 106, 107, 110, 114, 115, 116, 120, 121, 123, 124, 129, 131, 102, 118, 119, 122, 126, 127, 128, 133, 134, 136, 137, 142, 144, 145, 147, 113, 130, 132, 135, 139, 140, 141, 148, 149, 151, 152, 157, 159, 160, 162, 163, 164, 125, 143, 146, 150, 154, 155, 156, 165, 166, 168, 169, 174, 176, 177, 179, 180, 181, 138, 158, 161, 167, 171, 172, 173, 182, 183, 185, 186, 191, 193, 194, 196, 197, 198, 201, 18, 170, 175, 178, 187, 188, 189, 195, 199, 202, 203, 208, 210, 211, 213, 214, 215, 218, 220, 20, 184, 190, 192, 204, 205, 206, 212, 216, 219, 221, 226, 228, 229, 231, 232, 233, 236, 238, 240, 241, 23, 200, 207, 209, 222, 223, 224, 230, 234, 237, 239, 246, 248, 249, 251, 252, 253, 256, 258, 260, 261, 262, 28, 217, 225, 227, 242, 243, 244, 250, 254, 257, 259, 267, 269, 270, 272, 273, 274, 277, 279, 281, 282, 283, 284, 34, 235, 245, 247, 263, 264, 265, 271, 275, 278, 280, 289, 291, 292, 294, 295, 296, 299, 301, 303, 304, 305, 306, 307, 308, 41, 255, 266, 268, 285, 286, 287, 293, 297, 300, 302, 313, 315, 316, 318, 319, 320, 323, 325, 327, 328, 329, 330, 331, 332, 333, 48, 276, 288, 290, 309, 310, 311, 317, 321, 324, 326, 338, 340, 341, 343, 344, 345, 348, 350, 352, 353, 354, 355, 356, 357, 358, 55, 298, 312, 314, 334, 335, 336, 342, 346, 349, 351, 363, 365, 366, 368, 369, 370, 373, 375, 377, 378, 379, 380, 381, 382, 383, 63, 322, 337, 339, 359, 360, 361, 367, 371, 374, 376, 388, 390, 391, 393, 394, 395, 398, 400, 402, 403, 404, 405, 406, 407, 408, 412, 413, 73, 347, 362, 364, 384, 385, 386, 392, 396, 399, 401, 415, 417, 418, 420, 421, 422, 425, 427, 429, 430, 431, 432, 433, 434, 435, 439, 440, 84, 372, 387, 389, 409, 410, 411, 419, 423, 426, 428, 442, 444, 445, 447, 448, 449, 452, 454, 456, 457, 458, 459, 460, 461, 462, 466, 467, 95, 153, 397, 414, 416, 424, 436, 437, 438, 441, 443, 446, 450, 451, 453, 455, 463, 464, 465, 468, 469, 470, 471, 472, 473, 474, 475, 476, 477, 478, 479, 480, 481, 482, 483, 484, 485, 486, 487, 488, 489, 490, 491, 492, 493, 494, 495, 496, 497, 498]",4.47213595499958,4.47213595499958
41,840.0,"[0.0, 0.0, 0.0, 0.0, 0.0, 0.0, 0.0, 0.0, 0.0, 0.0, 0.0, 0.0, 0.0, 0.0, 0.0, 0.0, 1.0, 0.0, 0.0, 0.0, 0.0]","[0.0, 0.0, 0.0, 0.0, 0.0, 0.0, 0.0, 0.0, 0.0, 0.0, 0.0, 0.0, 0.0, 0.0, 0.0, 0.0, 0.53125, 0.0, 0.0, 0.0, 0.0]","[10, 11, 12, 14, 17, 21, 19, 24, 25, 27, 22, 29, 30, 32, 33, 26, 35, 36, 38, 39, 40, 31, 42, 43, 45, 46, 47, 37, 49, 50, 52, 53, 54, 57, 44, 56, 58, 60, 61, 62, 65, 66, 68, 51, 64, 67, 70, 71, 72, 75, 76, 78, 79, 59, 74, 77, 81, 82, 83, 86, 87, 89, 90, 69, 85, 88, 92, 93, 94, 97, 98, 100, 101, 80, 96, 99, 103, 104, 105, 108, 109, 111, 112, 117, 91, 107, 110, 114, 115, 116, 120, 121, 123, 124, 129, 131, 102, 118, 119, 122, 126, 127, 128, 133, 134, 136, 137, 142, 144, 145, 147, 113, 130, 132, 135, 139, 140, 141, 148, 149, 151, 152, 157, 159, 160, 162, 163, 164, 125, 143, 146, 150, 154, 155, 156, 165, 166, 168, 169, 174, 176, 177, 179, 180, 181, 138, 158, 161, 167, 171, 172, 173, 182, 183, 185, 186, 191, 193, 194, 196, 197, 198, 201, 18, 170, 175, 178, 187, 188, 189, 195, 199, 202, 203, 208, 210, 211, 213, 214, 215, 218, 220, 20, 184, 190, 192, 204, 205, 206, 212, 216, 219, 221, 226, 228, 229, 231, 232, 233, 236, 238, 240, 241, 23, 200, 207, 209, 222, 223, 224, 230, 234, 237, 239, 246, 248, 249, 251, 252, 253, 256, 258, 260, 261, 262, 28, 217, 225, 227, 242, 243, 244, 250, 254, 257, 259, 267, 269, 270, 272, 273, 274, 277, 279, 281, 282, 283, 284, 34, 235, 245, 247, 263, 264, 265, 271, 275, 278, 280, 289, 291, 292, 294, 295, 296, 299, 301, 303, 304, 305, 306, 307, 308, 41, 255, 266, 268, 285, 286, 287, 293, 297, 300, 302, 313, 315, 316, 318, 319, 320, 323, 325, 327, 328, 329, 330, 331, 332, 333, 48, 276, 288, 290, 309, 310, 311, 317, 321, 324, 326, 338, 340, 341, 343, 344, 345, 348, 350, 352, 353, 354, 355, 356, 357, 358, 55, 298, 312, 314, 334, 335, 336, 342, 346, 349, 351, 363, 365, 366, 368, 369, 370, 373, 375, 377, 378, 379, 380, 381, 382, 383, 63, 322, 337, 339, 359, 360, 361, 367, 371, 374, 376, 388, 390, 391, 393, 394, 395, 398, 400, 402, 403, 404, 405, 406, 407, 408, 412, 413, 73, 347, 362, 364, 384, 385, 386, 392, 396, 399, 401, 415, 417, 418, 420, 421, 422, 425, 427, 429, 430, 431, 432, 433, 434, 435, 439, 440, 84, 372, 387, 389, 409, 410, 411, 419, 423, 426, 428, 442, 444, 445, 447, 448, 449, 452, 454, 456, 457, 458, 459, 460, 461, 462, 466, 467, 95, 397, 414, 416, 436, 437, 438, 446, 450, 453, 455, 469, 471, 472, 474, 475, 476, 479, 481, 483, 484, 485, 486, 487, 488, 489, 493, 494, 498, 106, 153, 424, 441, 443, 451, 463, 464, 465, 468, 470, 473, 477, 478, 480, 482, 490, 491, 492, 495, 496, 497, 499, 500, 501, 502, 503, 504, 505, 506, 507, 508, 509, 510, 511, 512, 513, 514, 515, 516, 517, 518, 519, 520, 521, 522, 523, 524, 525, 526, 527]",4.47213595499958,4.47213595499958
42,840.0,"[0.0, 0.0, 0.0, 0.0, 0.0, 0.0, 0.0, 0.0, 0.0, 0.0, 0.0, 0.0, 0.0, 0.0, 0.0, 0.0, 1.0, 0.0, 0.0, 0.0, 0.0]","[0.0, 0.0, 0.0, 0.0, 0.0, 0.0, 0.0, 0.0, 0.0, 0.0, 0.0, 0.0, 0.0, 0.0, 0.0, 0.0, 0.53125, 0.0, 0.0, 0.0, 0.0]","[10, 11, 12, 14, 17, 21, 19, 24, 25, 27, 22, 29, 30, 32, 33, 26, 35, 36, 38, 39, 40, 31, 42, 43, 45, 46, 47, 37, 49, 50, 52, 53, 54, 57, 44, 56, 58, 60, 61, 62, 65, 66, 68, 51, 64, 67, 70, 71, 72, 75, 76, 78, 79, 59, 74, 77, 81, 82, 83, 86, 87, 89, 90, 69, 85, 88, 92, 93, 94, 97, 98, 100, 101, 80, 96, 99, 103, 104, 105, 108, 109, 111, 112, 117, 91, 107, 110, 114, 115, 116, 120, 121, 123, 124, 129, 131, 102, 119, 122, 126, 127, 128, 133, 134, 136, 137, 142, 144, 145, 147, 113, 130, 132, 135, 139, 140, 141, 148, 149, 151, 152, 157, 159, 160, 162, 163, 164, 125, 143, 146, 150, 154, 155, 156, 165, 166, 168, 169, 174, 176, 177, 179, 180, 181, 138, 158, 161, 167, 171, 172, 173, 182, 183, 185, 186, 191, 193, 194, 196, 197, 198, 201, 18, 170, 175, 178, 187, 188, 189, 195, 199, 202, 203, 208, 210, 211, 213, 214, 215, 218, 220, 20, 184, 190, 192, 204, 205, 206, 212, 216, 219, 221, 226, 228, 229, 231, 232, 233, 236, 238, 240, 241, 23, 200, 207, 209, 222, 223, 224, 230, 234, 237, 239, 246, 248, 249, 251, 252, 253, 256, 258, 260, 261, 262, 28, 217, 225, 227, 242, 243, 244, 250, 254, 257, 259, 267, 269, 270, 272, 273, 274, 277, 279, 281, 282, 283, 284, 34, 235, 245, 247, 263, 264, 265, 271, 275, 278, 280, 289, 291, 292, 294, 295, 296, 299, 301, 303, 304, 305, 306, 307, 308, 41, 255, 266, 268, 285, 286, 287, 293, 297, 300, 302, 313, 315, 316, 318, 319, 320, 323, 325, 327, 328, 329, 330, 331, 332, 333, 48, 276, 288, 290, 309, 310, 311, 317, 321, 324, 326, 338, 340, 341, 343, 344, 345, 348, 350, 352, 353, 354, 355, 356, 357, 358, 55, 298, 312, 314, 334, 335, 336, 342, 346, 349, 351, 363, 365, 366, 368, 369, 370, 373, 375, 377, 378, 379, 380, 381, 382, 383, 63, 322, 337, 339, 359, 360, 361, 367, 371, 374, 376, 388, 390, 391, 393, 394, 395, 398, 400, 402, 403, 404, 405, 406, 407, 408, 412, 413, 73, 347, 362, 364, 384, 385, 386, 392, 396, 399, 401, 415, 417, 418, 420, 421, 422, 425, 427, 429, 430, 431, 432, 433, 434, 435, 439, 440, 84, 372, 387, 389, 409, 410, 411, 419, 423, 426, 428, 442, 444, 445, 447, 448, 449, 452, 454, 456, 457, 458, 459, 460, 461, 462, 466, 467, 95, 397, 414, 416, 436, 437, 438, 446, 450, 453, 455, 469, 471, 472, 474, 475, 476, 479, 481, 483, 484, 485, 486, 487, 488, 489, 493, 494, 498, 106, 424, 441, 443, 463, 464, 465, 473, 477, 480, 482, 496, 499, 500, 502, 503, 504, 507, 509, 511, 512, 513, 514, 515, 516, 517, 521, 522, 526, 527, 118, 153, 451, 468, 470, 478, 490, 491, 492, 495, 497, 501, 505, 506, 508, 510, 518, 519, 520, 523, 524, 525, 528, 529, 530, 531, 532, 533, 534, 535, 536, 537, 538, 539, 540, 541, 542, 543, 544, 545, 546, 547, 548, 549, 550, 551, 552, 553, 554, 555, 556, 557]",4.47213595499958,4.47213595499958
43,840.0,"[0.0, 0.0, 0.0, 0.0, 0.0, 0.0, 0.0, 0.0, 0.0, 0.0, 0.0, 0.0, 0.0, 0.0, 0.0, 0.0, 0.96875, 0.0, 0.0, 0.0, 0.0]","[0.0, 0.0, 0.0, 0.0, 0.0, 0.0, 0.0, 0.0, 0.0, 0.0, 0.0, 0.0, 0.0, 0.0, 0.0, 0.0, 0.515625, 0.0, 0.0, 0.0, 0.0]","[10, 11, 12, 14, 17, 21, 19, 24, 25, 27, 22, 29, 30, 32, 33, 26, 35, 36, 38, 39, 40, 31, 42, 43, 45, 46, 47, 37, 49, 50, 52, 53, 54, 57, 44, 56, 58, 60, 61, 62, 65, 66, 68, 51, 64, 67, 70, 71, 72, 75, 76, 78, 79, 59, 74, 77, 81, 82, 83, 86, 87, 89, 90, 69, 85, 88, 92, 93, 94, 97, 98, 100, 101, 80, 96, 99, 103, 104, 105, 108, 109, 111, 112, 117, 91, 107, 110, 114, 115, 116, 120, 121, 123, 124, 129, 131, 102, 119, 122, 126, 127, 128, 133, 134, 136, 137, 142, 144, 145, 147, 113, 132, 135, 139, 140, 141, 148, 149, 151, 152, 157, 159, 160, 162, 163, 164, 125, 143, 146, 150, 154, 155, 156, 165, 166, 168, 169, 174, 176, 177, 179, 180, 181, 138, 158, 161, 167, 171, 172, 173, 182, 183, 185, 186, 191, 193, 194, 196, 197, 198, 201, 18, 170, 175, 178, 187, 188, 189, 195, 199, 202, 203, 208, 210, 211, 213, 214, 215, 218, 220, 20, 184, 190, 192, 204, 205, 206, 212, 216, 219, 221, 226, 228, 229, 231, 232, 233, 236, 238, 240, 241, 23, 200, 207, 209, 222, 223, 224, 230, 234, 237, 239, 246, 248, 249, 251, 252, 253, 256, 258, 260, 261, 262, 28, 217, 225, 227, 242, 243, 244, 250, 254, 257, 259, 267, 269, 270, 272, 273, 274, 277, 279, 281, 282, 283, 284, 34, 235, 245, 247, 263, 264, 265, 271, 275, 278, 280, 289, 291, 292, 294, 295, 296, 299, 301, 303, 304, 305, 306, 307, 308, 41, 255, 266, 268, 285, 286, 287, 293, 297, 300, 302, 313, 315, 316, 318, 319, 320, 323, 325, 327, 328, 329, 330, 331, 332, 333, 48, 276, 288, 290, 309, 310, 311, 317, 321, 324, 326, 338, 340, 341, 343, 344, 345, 348, 350, 352, 353, 354, 355, 356, 357, 358, 55, 298, 312, 314, 334, 335, 336, 342, 346, 349, 351, 363, 365, 366, 368, 369, 370, 373, 375, 377, 378, 379, 380, 381, 382, 383, 63, 322, 337, 339, 359, 360, 361, 367, 371, 374, 376, 388, 390, 391, 393, 394, 395, 398, 400, 402, 403, 404, 405, 406, 407, 408, 412, 413, 73, 347, 362, 364, 384, 385, 386, 392, 396, 399, 401, 415, 417, 418, 420, 421, 422, 425, 427, 429, 430, 431, 432, 433, 434, 435, 439, 440, 84, 372, 387, 389, 409, 410, 411, 419, 423, 426, 428, 442, 444, 445, 447, 448, 449, 452, 454, 456, 457, 458, 459, 460, 461, 462, 466, 467, 95, 397, 414, 416, 436, 437, 438, 446, 450, 453, 455, 469, 471, 472, 474, 475, 476, 479, 481, 483, 484, 485, 486, 487, 488, 489, 493, 494, 498, 106, 424, 441, 443, 463, 464, 465, 473, 477, 480, 482, 496, 499, 500, 502, 503, 504, 507, 509, 511, 512, 513, 514, 515, 516, 517, 521, 522, 526, 527, 118, 451, 468, 470, 490, 491, 492, 501, 505, 508, 510, 524, 528, 529, 531, 532, 533, 536, 538, 540, 541, 542, 543, 544, 545, 546, 550, 551, 555, 556, 0, 130, 153, 478, 495, 497, 506, 518, 519, 520, 523, 525, 530, 534, 535, 537, 539, 547, 548, 549, 552, 553, 554, 557, 558, 559, 560, 561, 562, 563, 564, 565, 566, 567, 568, 569, 570, 571, 572, 573, 574, 575, 576, 577, 578, 579, 580, 581, 582, 583, 584, 585, 586]",4.47213595499958,4.47213595499958
44,840.0,"[0.0, 0.0, 0.0, 0.0, 0.0, 0.0, 0.0, 0.0, 0.0, 0.0, 0.0, 0.0, 0.0, 0.0, 0.0, 0.0, 1.0, 0.0, 0.0, 0.0, 0.0]","[0.0, 0.0, 0.0, 0.0, 0.0, 0.0, 0.0, 0.0, 0.0, 0.0, 0.0, 0.0, 0.0, 0.0, 0.0, 0.0, 0.53125, 0.0, 0.0, 0.0, 0.0]","[10, 11, 12, 14, 17, 21, 19, 24, 27, 22, 29, 30, 32, 33, 26, 35, 36, 38, 39, 40, 31, 42, 43, 45, 46, 47, 37, 49, 50, 52, 53, 54, 57, 44, 56, 58, 60, 61, 62, 65, 66, 68, 51, 64, 67, 70, 71, 72, 75, 76, 78, 79, 59, 74, 77, 81, 82, 83, 86, 87, 89, 90, 69, 85, 88, 92, 93, 94, 97, 98, 100, 101, 80, 96, 99, 103, 104, 105, 108, 109, 111, 112, 117, 91, 107, 110, 114, 115, 116, 120, 121, 123, 124, 129, 131, 102, 119, 122, 126, 127, 128, 133, 134, 136, 137, 142, 144, 145, 147, 113, 132, 135, 139, 140, 141, 148, 149, 151, 152, 157, 159, 160, 162, 163, 164, 125, 146, 150, 154, 155, 156, 165, 166, 168, 169, 174, 176, 177, 179, 180, 181, 138, 158, 161, 167, 171, 172, 173, 182, 183, 185, 186, 191, 193, 194, 196, 197, 198, 201, 18, 170, 175, 178, 187, 188, 189, 195, 199, 202, 203, 208, 210, 211, 213, 214, 215, 218, 220, 20, 184, 190, 192, 204, 205, 206, 212, 216, 219, 221, 226, 228, 229, 231, 232, 233, 236, 238, 240, 23, 200, 207, 209, 222, 223, 224, 230, 234, 237, 239, 246, 248, 249, 251, 252, 253, 256, 258, 260, 261, 262, 28, 217, 225, 227, 242, 243, 244, 250, 254, 257, 259, 267, 269, 270, 272, 273, 274, 277, 279, 281, 282, 283, 284, 34, 235, 245, 247, 263, 264, 265, 271, 275, 278, 280, 289, 291, 292, 294, 295, 296, 299, 301, 303, 304, 305, 306, 307, 308, 41, 255, 266, 268, 285, 286, 287, 293, 297, 300, 302, 313, 315, 316, 318, 319, 320, 323, 325, 327, 328, 329, 330, 331, 332, 333, 48, 276, 288, 290, 309, 310, 311, 317, 321, 324, 326, 338, 340, 341, 343, 344, 345, 348, 350, 352, 353, 354, 355, 356, 357, 358, 55, 298, 312, 314, 334, 335, 336, 342, 346, 349, 351, 363, 365, 366, 368, 369, 370, 373, 375, 377, 378, 379, 380, 381, 382, 383, 63, 322, 337, 339, 359, 360, 361, 367, 371, 374, 376, 388, 390, 391, 393, 394, 395, 398, 400, 402, 403, 404, 405, 406, 407, 408, 412, 413, 73, 347, 362, 364, 384, 385, 386, 392, 396, 399, 401, 415, 417, 418, 420, 421, 422, 425, 427, 429, 430, 431, 432, 433, 434, 435, 439, 440, 84, 372, 387, 389, 409, 410, 411, 419, 423, 426, 428, 442, 444, 445, 447, 448, 449, 452, 454, 456, 457, 458, 459, 460, 461, 462, 466, 467, 95, 397, 414, 416, 436, 437, 438, 446, 450, 453, 455, 469, 471, 472, 474, 475, 476, 479, 481, 483, 484, 485, 486, 487, 488, 489, 493, 494, 498, 106, 424, 441, 443, 463, 464, 465, 473, 477, 480, 482, 496, 499, 500, 502, 503, 504, 507, 509, 511, 512, 513, 514, 515, 516, 517, 521, 522, 526, 527, 118, 451, 468, 470, 490, 491, 492, 501, 505, 508, 510, 524, 528, 529, 531, 532, 533, 536, 538, 540, 541, 542, 543, 544, 545, 546, 550, 551, 555, 556, 0, 153, 478, 495, 506, 518, 519, 525, 530, 535, 537, 552, 554, 557, 559, 560, 561, 564, 566, 568, 569, 570, 571, 572, 573, 574, 578, 579, 583, 584, 586, 130, 143, 241, 497, 520, 523, 534, 539, 547, 548, 549, 553, 558, 562, 563, 565, 567, 575, 576, 577, 580, 581, 582, 585, 587, 588, 589, 590, 591, 592, 593, 594, 595, 596, 597, 598, 599, 600, 601, 602, 603, 604, 605, 606, 607, 608, 609, 610, 611, 612, 613, 614, 615]",4.47213595499958,4.47213595499958
45,840.0,"[0.0, 0.0, 0.0, 0.0, 0.0, 0.0, 0.0, 0.0, 0.0, 0.0, 0.0, 0.0, 0.0, 0.0, 0.0, 0.0, 1.0, 0.0, 0.0, 0.0, 0.0]","[0.0, 0.0, 0.0, 0.0, 0.0, 0.0, 0.0, 0.0, 0.0, 0.0, 0.0, 0.0, 0.0, 0.0, 0.0, 0.0, 0.53125, 0.0, 0.0, 0.0, 0.0]","[10, 11, 12, 14, 17, 21, 19, 24, 27, 22, 29, 30, 32, 33, 26, 35, 36, 38, 39, 40, 31, 42, 43, 45, 46, 47, 37, 49, 50, 52, 53, 54, 57, 44, 56, 58, 60, 61, 62, 65, 66, 68, 51, 64, 67, 70, 71, 72, 75, 76, 78, 79, 59, 74, 77, 81, 82, 83, 86, 87, 89, 90, 69, 85, 88, 92, 93, 94, 97, 98, 100, 101, 80, 96, 99, 103, 104, 105, 108, 109, 111, 112, 117, 91, 107, 110, 114, 115, 116, 120, 121, 123, 124, 129, 131, 102, 119, 122, 126, 127, 128, 133, 134, 136, 137, 142, 144, 145, 147, 113, 132, 135, 139, 140, 141, 148, 149, 151, 152, 157, 159, 160, 162, 163, 164, 125, 146, 150, 154, 155, 156, 165, 166, 168, 169, 174, 176, 177, 179, 180, 181, 138, 161, 167, 171, 172, 173, 182, 183, 185, 186, 191, 193, 194, 196, 197, 198, 201, 18, 170, 175, 178, 187, 188, 189, 195, 199, 202, 203, 208, 210, 211, 213, 214, 215, 218, 220, 20, 184, 190, 192, 204, 205, 206, 212, 216, 219, 221, 226, 228, 229, 231, 232, 233, 236, 238, 240, 23, 200, 207, 209, 222, 223, 224, 230, 234, 237, 239, 246, 248, 249, 251, 252, 253, 256, 258, 260, 262, 28, 217, 225, 227, 242, 243, 244, 250, 254, 257, 259, 267, 269, 270, 272, 273, 274, 277, 279, 281, 282, 283, 284, 34, 235, 245, 247, 263, 264, 265, 271, 275, 278, 280, 289, 291, 292, 294, 295, 296, 299, 301, 303, 304, 305, 306, 307, 308, 41, 255, 266, 268, 285, 286, 287, 293, 297, 300, 302, 313, 315, 316, 318, 319, 320, 323, 325, 327, 328, 329, 330, 331, 332, 333, 48, 276, 288, 290, 309, 310, 311, 317, 321, 324, 326, 338, 340, 341, 343, 344, 345, 348, 350, 352, 353, 354, 355, 356, 357, 358, 55, 298, 312, 314, 334, 335, 336, 342, 346, 349, 351, 363, 365, 366, 368, 369, 370, 373, 375, 377, 378, 379, 380, 381, 382, 383, 63, 322, 337, 339, 359, 360, 361, 367, 371, 374, 376, 388, 390, 391, 393, 394, 395, 398, 400, 402, 403, 404, 405, 406, 407, 408, 412, 413, 73, 347, 362, 364, 384, 385, 386, 392, 396, 399, 401, 415, 417, 418, 420, 421, 422, 425, 427, 429, 430, 431, 432, 433, 434, 435, 439, 440, 84, 372, 387, 389, 409, 410, 411, 419, 423, 426, 428, 442, 444, 445, 447, 448, 449, 452, 454, 456, 457, 458, 459, 460, 461, 462, 466, 467, 95, 397, 414, 416, 436, 437, 438, 446, 450, 453, 455, 469, 471, 472, 474, 475, 476, 479, 481, 483, 484, 485, 486, 487, 488, 489, 493, 494, 498, 106, 424, 441, 443, 463, 464, 465, 473, 477, 480, 482, 496, 499, 500, 502, 503, 504, 507, 509, 511, 512, 513, 514, 515, 516, 517, 521, 522, 526, 527, 118, 451, 468, 470, 490, 491, 492, 501, 505, 508, 510, 524, 528, 529, 531, 532, 533, 536, 538, 540, 541, 542, 543, 544, 545, 546, 550, 551, 555, 556, 0, 153, 478, 495, 506, 518, 519, 525, 530, 535, 537, 552, 554, 557, 559, 560, 561, 564, 566, 568, 569, 570, 571, 572, 573, 574, 578, 579, 583, 584, 586, 130, 241, 497, 523, 534, 539, 549, 553, 562, 563, 577, 581, 582, 587, 588, 589, 592, 594, 596, 597, 598, 599, 600, 601, 602, 606, 607, 611, 612, 614, 143, 158, 261, 520, 547, 548, 558, 565, 567, 575, 576, 580, 585, 590, 591, 593, 595, 603, 604, 605, 608, 609, 610, 613, 615, 616, 617, 618, 619, 620, 621, 622, 623, 624, 625, 626, 627, 628, 629, 630, 631, 632, 633, 634, 635, 636, 637, 638, 639, 640, 641, 642, 643, 644, 645]",4.47213595499958,4.47213595499958
46,840.0,"[0.0, 0.0, 0.0, 0.0, 0.0, 0.0, 0.0, 0.0, 0.0, 0.0, 0.0, 0.0, 0.0, 0.0, 0.0, 0.0, 1.0, 0.0, 0.0, 0.0, 0.0]","[0.0, 0.0, 0.0, 0.0, 0.0, 0.0, 0.0, 0.0, 0.0, 0.0, 0.0, 0.0, 0.0, 0.0, 0.0, 0.0, 0.53125, 0.0, 0.0, 0.0, 0.0]","[10, 11, 12, 14, 17, 21, 19, 24, 27, 22, 29, 30, 32, 33, 26, 35, 36, 38, 39, 40, 31, 42, 43, 45, 46, 47, 37, 49, 50, 52, 53, 54, 57, 44, 56, 58, 60, 61, 62, 65, 66, 68, 51, 64, 67, 70, 71, 72, 75, 76, 78, 79, 59, 74, 77, 81, 82, 83, 86, 87, 89, 90, 69, 85, 88, 92, 93, 94, 97, 98, 100, 101, 80, 96, 99, 103, 104, 105, 108, 109, 111, 112, 117, 91, 107, 110, 114, 115, 116, 120, 121, 123, 124, 129, 131, 102, 119, 122, 126, 127, 128, 133, 134, 136, 137, 142, 144, 145, 147, 113, 132, 135, 139, 140, 141, 148, 149, 151, 152, 157, 159, 160, 162, 163, 164, 125, 146, 150, 154, 155, 156, 165, 166, 168, 169, 174, 176, 177, 179, 180, 181, 138, 161, 167, 171, 172, 173, 182, 183, 185, 186, 191, 193, 194, 196, 197, 198, 201, 18, 175, 178, 187, 188, 189, 195, 199, 202, 203, 208, 210, 211, 213, 214, 215, 218, 220, 20, 184, 190, 192, 204, 205, 206, 212, 216, 219, 221, 226, 228, 229, 231, 232, 233, 236, 238, 240, 23, 200, 207, 209, 222, 223, 224, 230, 234, 237, 239, 246, 248, 249, 251, 252, 253, 256, 258, 260, 262, 28, 217, 225, 227, 242, 243, 244, 250, 254, 257, 259, 267, 269, 270, 272, 273, 274, 277, 279, 281, 283, 284, 34, 235, 245, 247, 263, 264, 265, 271, 275, 278, 280, 289, 291, 292, 294, 295, 296, 299, 301, 303, 304, 305, 306, 307, 308, 41, 255, 266, 268, 285, 286, 287, 293, 297, 300, 302, 313, 315, 316, 318, 319, 320, 323, 325, 327, 328, 329, 330, 331, 332, 333, 48, 276, 288, 290, 309, 310, 311, 317, 321, 324, 326, 338, 340, 341, 343, 344, 345, 348, 350, 352, 353, 354, 355, 356, 357, 358, 55, 298, 312, 314, 334, 335, 336, 342, 346, 349, 351, 363, 365, 366, 368, 369, 370, 373, 375, 377, 378, 379, 380, 381, 382, 383, 63, 322, 337, 339, 359, 360, 361, 367, 371, 374, 376, 388, 390, 391, 393, 394, 395, 398, 400, 402, 403, 404, 405, 406, 407, 408, 412, 413, 73, 347, 362, 364, 384, 385, 386, 392, 396, 399, 401, 415, 417, 418, 420, 421, 422, 425, 427, 429, 430, 431, 432, 433, 434, 435, 439, 440, 84, 372, 387, 389, 409, 410, 411, 419, 423, 426, 428, 442, 444, 445, 447, 448, 449, 452, 454, 456, 457, 458, 459, 460, 461, 462, 466, 467, 95, 397, 414, 416, 436, 437, 438, 446, 450, 453, 455, 469, 471, 472, 474, 475, 476, 479, 481, 483, 484, 485, 486, 487, 488, 489, 493, 494, 498, 106, 424, 441, 443, 463, 464, 465, 473, 477, 480, 482, 496, 499, 500, 502, 503, 504, 507, 509, 511, 512, 513, 514, 515, 516, 517, 521, 522, 526, 527, 118, 451, 468, 470, 490, 491, 492, 501, 505, 508, 510, 524, 528, 529, 531, 532, 533, 536, 538, 540, 541, 542, 543, 544, 545, 546, 550, 551, 555, 556, 0, 153, 478, 495, 506, 518, 519, 525, 530, 535, 537, 552, 554, 557, 559, 560, 561, 564, 566, 568, 569, 570, 571, 572, 573, 574, 578, 579, 583, 584, 586, 130, 241, 497, 523, 534, 539, 549, 553, 562, 563, 577, 581, 582, 587, 588, 589, 592, 594, 596, 597, 598, 599, 600, 601, 602, 606, 607, 611, 612, 614, 143, 261, 520, 548, 558, 565, 576, 580, 590, 591, 605, 609, 610, 615, 616, 617, 620, 622, 624, 625, 626, 627, 628, 629, 630, 634, 635, 639, 640, 642, 644, 645, 158, 170, 282, 547, 567, 575, 585, 593, 595, 603, 604, 608, 613, 618, 619, 621, 623, 631, 632, 633, 636, 637, 638, 641, 643, 646, 647, 648, 649, 650, 651, 652, 653, 654, 655, 656, 657, 658, 659, 660, 661, 662, 663, 664, 665, 666, 667, 668, 669, 670, 671, 672, 673, 674, 675, 676]",4.47213595499958,4.47213595499958
47,840.0,"[0.0, 0.0, 0.0, 0.0, 0.0, 0.0, 0.0, 0.0, 0.0, 0.0, 0.0, 0.0, 0.0, 0.0, 0.0, 0.0, 1.0, 0.0, 0.0, 0.0, 0.0]","[0.0, 0.0, 0.0, 0.0, 0.0, 0.0, 0.0, 0.0, 0.0, 0.0, 0.0, 0.0, 0.0, 0.0, 0.0, 0.0, 0.53125, 0.0, 0.0, 0.0, 0.0]","[10, 11, 12, 14, 17, 21, 19, 24, 27, 22, 29, 30, 32, 33, 26, 35, 36, 38, 39, 40, 31, 42, 43, 45, 46, 47, 37, 49, 50, 52, 53, 54, 57, 44, 56, 58, 60, 61, 62, 65, 66, 68, 51, 64, 67, 70, 71, 72, 75, 76, 78, 79, 59, 74, 77, 81, 82, 83, 86, 87, 89, 90, 69, 85, 88, 92, 93, 94, 97, 98, 100, 101, 80, 96, 99, 103, 104, 105, 108, 109, 111, 112, 117, 91, 107, 110, 114, 115, 116, 120, 121, 123, 124, 129, 131, 102, 119, 122, 126, 127, 128, 133, 134, 136, 137, 142, 144, 145, 147, 113, 132, 135, 139, 140, 141, 148, 149, 151, 152, 157, 159, 160, 162, 163, 164, 125, 146, 150, 154, 155, 156, 165, 166, 168, 169, 174, 176, 177, 179, 180, 181, 138, 161, 167, 171, 172, 173, 182, 183, 185, 186, 191, 193, 194, 196, 197, 198, 201, 18, 175, 178, 187, 188, 189, 195, 199, 202, 203, 208, 210, 211, 213, 214, 215, 218, 220, 20, 190, 192, 204, 205, 206, 212, 216, 219, 221, 226, 228, 229, 231, 232, 233, 236, 238, 240, 23, 200, 207, 209, 222, 223, 224, 230, 234, 237, 239, 246, 248, 249, 251, 252, 253, 256, 258, 260, 262, 28, 217, 225, 227, 242, 243, 244, 250, 254, 257, 259, 267, 269, 270, 272, 273, 274, 277, 279, 281, 283, 284, 34, 235, 245, 247, 263, 264, 265, 271, 275, 278, 280, 289, 291, 292, 294, 295, 296, 299, 301, 303, 305, 306, 307, 308, 41, 255, 266, 268, 285, 286, 287, 293, 297, 300, 302, 313, 315, 316, 318, 319, 320, 323, 325, 327, 328, 329, 330, 331, 332, 333, 48, 276, 288, 290, 309, 310, 311, 317, 321, 324, 326, 338, 340, 341, 343, 344, 345, 348, 350, 352, 353, 354, 355, 356, 357, 358, 55, 298, 312, 314, 334, 335, 336, 342, 346, 349, 351, 363, 365, 366, 368, 369, 370, 373, 375, 377, 378, 379, 380, 381, 382, 383, 63, 322, 337, 339, 359, 360, 361, 367, 371, 374, 376, 388, 390, 391, 393, 394, 395, 398, 400, 402, 403, 404, 405, 406, 407, 408, 412, 413, 73, 347, 362, 364, 384, 385, 386, 392, 396, 399, 401, 415, 417, 418, 420, 421, 422, 425, 427, 429, 430, 431, 432, 433, 434, 435, 439, 440, 84, 372, 387, 389, 409, 410, 411, 419, 423, 426, 428, 442, 444, 445, 447, 448, 449, 452, 454, 456, 457, 458, 459, 460, 461, 462, 466, 467, 95, 397, 414, 416, 436, 437, 438, 446, 450, 453, 455, 469, 471, 472, 474, 475, 476, 479, 481, 483, 484, 485, 486, 487, 488, 489, 493, 494, 498, 106, 424, 441, 443, 463, 464, 465, 473, 477, 480, 482, 496, 499, 500, 502, 503, 504, 507, 509, 511, 512, 513, 514, 515, 516, 517, 521, 522, 526, 527, 118, 451, 468, 470, 490, 491, 492, 501, 505, 508, 510, 524, 528, 529, 531, 532, 533, 536, 538, 540, 541, 542, 543, 544, 545, 546, 550, 551, 555, 556, 0, 153, 478, 495, 506, 518, 519, 525, 530, 535, 537, 552, 554, 557, 559, 560, 561, 564, 566, 568, 569, 570, 571, 572, 573, 574, 578, 579, 583, 584, 586, 130, 241, 497, 523, 534, 539, 549, 553, 562, 563, 577, 581, 582, 587, 588, 589, 592, 594, 596, 597, 598, 599, 600, 601, 602, 606, 607, 611, 612, 614, 143, 261, 520, 548, 558, 565, 576, 580, 590, 591, 605, 609, 610, 615, 616, 617, 620, 622, 624, 625, 626, 627, 628, 629, 630, 634, 635, 639, 640, 642, 644, 645, 158, 282, 547, 575, 585, 593, 604, 608, 618, 619, 633, 637, 638, 643, 646, 647, 650, 652, 654, 655, 656, 657, 658, 659, 660, 664, 665, 669, 670, 672, 674, 675, 170, 184, 304, 567, 595, 603, 613, 621, 623, 631, 632, 636, 641, 648, 649, 651, 653, 661, 662, 663, 666, 667, 668, 671, 673, 676, 677, 678, 679, 680, 681, 682, 683, 684, 685, 686, 687, 688, 689, 690, 691, 692, 693, 694, 695, 696, 697, 698, 699, 700, 701, 702, 703, 704, 705, 706, 707, 708]",4.47213595499958,4.47213595499958
48,840.0,"[0.0, 0.0, 0.0, 0.0, 0.0, 0.0, 0.0, 0.0, 0.0, 0.0, 0.0, 0.0, 0.0, 0.0, 0.0, 0.0, 1.0, 0.0, 0.0, 0.0, 0.0]","[0.0, 0.0, 0.0, 0.0, 0.0, 0.0, 0.0, 0.0, 0.0, 0.0, 0.0, 0.0, 0.0, 0.0, 0.0, 0.0, 0.53125, 0.0, 0.0, 0.0, 0.0]","[10, 11, 12, 14, 17, 21, 19, 24, 27, 22, 29, 30, 32, 33, 26, 35, 36, 38, 39, 40, 31, 42, 43, 45, 46, 47, 37, 49, 50, 52, 53, 54, 57, 44, 56, 58, 60, 61, 62, 65, 66, 68, 51, 64, 67, 70, 71, 72, 75, 76, 78, 79, 59, 74, 77, 81, 82, 83, 86, 87, 89, 90, 69, 85, 88, 92, 93, 94, 97, 98, 100, 101, 80, 96, 99, 103, 104, 105, 108, 109, 111, 112, 117, 91, 107, 110, 114, 115, 116, 120, 121, 123, 124, 129, 131, 102, 119, 122, 126, 127, 128, 133, 134, 136, 137, 142, 144, 145, 147, 113, 132, 135, 139, 140, 141, 148, 149, 151, 152, 157, 159, 160, 162, 163, 164, 125, 146, 150, 154, 155, 156, 165, 166, 168, 169, 174, 176, 177, 179, 180, 181, 138, 161, 167, 171, 172, 173, 182, 183, 185, 186, 191, 193, 194, 196, 197, 198, 201, 18, 175, 178, 187, 188, 189, 195, 199, 202, 203, 208, 210, 211, 213, 214, 215, 218, 220, 20, 190, 192, 204, 205, 206, 212, 216, 219, 221, 226, 228, 229, 231, 232, 233, 236, 238, 240, 23, 207, 209, 222, 223, 224, 230, 234, 237, 239, 246, 248, 249, 251, 252, 253, 256, 258, 260, 262, 28, 217, 225, 227, 242, 243, 244, 250, 254, 257, 259, 267, 269, 270, 272, 273, 274, 277, 279, 281, 283, 284, 34, 235, 245, 247, 263, 264, 265, 271, 275, 278, 280, 289, 291, 292, 294, 295, 296, 299, 301, 303, 305, 306, 307, 308, 41, 255, 266, 268, 285, 286, 287, 293, 297, 300, 302, 313, 315, 316, 318, 319, 320, 323, 325, 327, 329, 330, 331, 332, 333, 48, 276, 288, 290, 309, 310, 311, 317, 321, 324, 326, 338, 340, 341, 343, 344, 345, 348, 350, 352, 353, 354, 355, 356, 357, 358, 55, 298, 312, 314, 334, 335, 336, 342, 346, 349, 351, 363, 365, 366, 368, 369, 370, 373, 375, 377, 378, 379, 380, 381, 382, 383, 63, 322, 337, 339, 359, 360, 361, 367, 371, 374, 376, 388, 390, 391, 393, 394, 395, 398, 400, 402, 403, 404, 405, 406, 407, 408, 412, 413, 73, 347, 362, 364, 384, 385, 386, 392, 396, 399, 401, 415, 417, 418, 420, 421, 422, 425, 427, 429, 430, 431, 432, 433, 434, 435, 439, 440, 84, 372, 387, 389, 409, 410, 411, 419, 423, 426, 428, 442, 444, 445, 447, 448, 449, 452, 454, 456, 457, 458, 459, 460, 461, 462, 466, 467, 95, 397, 414, 416, 436, 437, 438, 446, 450, 453, 455, 469, 471, 472, 474, 475, 476, 479, 481, 483, 484, 485, 486, 487, 488, 489, 493, 494, 498, 106, 424, 441, 443, 463, 464, 465, 473, 477, 480, 482, 496, 499, 500, 502, 503, 504, 507, 509, 511, 512, 513, 514, 515, 516, 517, 521, 522, 526, 527, 118, 451, 468, 470, 490, 491, 492, 501, 505, 508, 510, 524, 528, 529, 531, 532, 533, 536, 538, 540, 541, 542, 543, 544, 545, 546, 550, 551, 555, 556, 0, 153, 478, 495, 506, 518, 519, 525, 530, 535, 537, 552, 554, 557, 559, 560, 561, 564, 566, 568, 569, 570, 571, 572, 573, 574, 578, 579, 583, 584, 586, 130, 241, 497, 523, 534, 539, 549, 553, 562, 563, 577, 581, 582, 587, 588, 589, 592, 594, 596, 597, 598, 599, 600, 601, 602, 606, 607, 611, 612, 614, 143, 261, 520, 548, 558, 565, 576, 580, 590, 591, 605, 609, 610, 615, 616, 617, 620, 622, 624, 625, 626, 627, 628, 629, 630, 634, 635, 639, 640, 642, 644, 645, 158, 282, 547, 575, 585, 593, 604, 608, 618, 619, 633, 637, 638, 643, 646, 647, 650, 652, 654, 655, 656, 657, 658, 659, 660, 664, 665, 669, 670, 672, 674, 675, 170, 304, 567, 603, 613, 621, 632, 636, 648, 649, 663, 667, 668, 673, 676, 677, 680, 682, 684, 685, 686, 687, 688, 689, 690, 694, 695, 699, 700, 702, 704, 705, 707, 708, 184, 200, 328, 595, 623, 631, 641, 651, 653, 661, 662, 666, 671, 678, 679, 681, 683, 691, 692, 693, 696, 697, 698, 701, 703, 706, 709, 710, 711, 712, 713, 714, 715, 716, 717, 718, 719, 720, 721, 722, 723, 724, 725, 726, 727, 728, 729, 730, 731, 732, 733, 734, 735, 736, 737, 738, 739, 740, 741, 742, 743, 744]",4.47213595499958,4.47213595499958
49,840.0,"[0.0, 0.0, 0.0, 0.0, 0.0, 0.0, 0.0, 0.0, 0.0, 0.0, 0.0, 0.0, 0.0, 0.0, 0.0, 0.0, 1.0, 0.0, 0.0, 0.0, 0.0]","[0.0, 0.0, 0.0, 0.0, 0.0, 0.0, 0.0, 0.0, 0.0, 0.0, 0.0, 0.0, 0.0, 0.0, 0.0, 0.0, 0.53125, 0.0, 0.0, 0.0, 0.0]","[10, 11, 12, 14, 17, 21, 19, 24, 27, 22, 29, 30, 32, 33, 26, 35, 36, 38, 39, 40, 31, 42, 43, 45, 46, 47, 37, 49, 50, 52, 53, 54, 57, 44, 56, 58, 60, 61, 62, 65, 66, 68, 51, 64, 67, 70, 71, 72, 75, 76, 78, 79, 59, 74, 77, 81, 82, 83, 86, 87, 89, 90, 69, 85, 88, 92, 93, 94, 97, 98, 100, 101, 80, 96, 99, 103, 104, 105, 108, 109, 111, 112, 117, 91, 107, 110, 114, 115, 116, 120, 121, 123, 124, 129, 131, 102, 119, 122, 126, 127, 128, 133, 134, 136, 137, 142, 144, 145, 147, 113, 132, 135, 139, 140, 141, 148, 149, 151, 152, 157, 159, 160, 162, 163, 164, 125, 146, 150, 154, 155, 156, 165, 166, 168, 169, 174, 176, 177, 179, 180, 181, 138, 161, 167, 171, 172, 173, 182, 183, 185, 186, 191, 193, 194, 196, 197, 198, 201, 18, 175, 178, 187, 188, 189, 195, 199, 202, 203, 208, 210, 211, 213, 214, 215, 218, 220, 20, 190, 192, 204, 205, 206, 212, 216, 219, 221, 226, 228, 229, 231, 232, 233, 236, 238, 240, 23, 207, 209, 222, 223, 224, 230, 234, 237, 239, 246, 248, 249, 251, 252, 253, 256, 258, 260, 262, 28, 225, 227, 242, 243, 244, 250, 254, 257, 259, 267, 269, 270, 272, 273, 274, 277, 279, 281, 283, 284, 34, 235, 245, 247, 263, 264, 265, 271, 275, 278, 280, 289, 291, 292, 294, 295, 296, 299, 301, 303, 305, 306, 307, 308, 41, 255, 266, 268, 285, 286, 287, 293, 297, 300, 302, 313, 315, 316, 318, 319, 320, 323, 325, 327, 329, 330, 331, 332, 333, 48, 276, 288, 290, 309, 310, 311, 317, 321, 324, 326, 338, 340, 341, 343, 344, 345, 348, 350, 352, 354, 355, 356, 357, 358, 55, 298, 312, 314, 334, 335, 336, 342, 346, 349, 351, 363, 365, 366, 368, 369, 370, 373, 375, 377, 378, 379, 380, 381, 382, 383, 63, 322, 337, 339, 359, 360, 361, 367, 371, 374, 376, 388, 390, 391, 393, 394, 395, 398, 400, 402, 403, 404, 405, 406, 407, 408, 412, 413, 73, 347, 362, 364, 384, 385, 386, 392, 396, 399, 401, 415, 417, 418, 420, 421, 422, 425, 427, 429, 430, 431, 432, 433, 434, 435, 439, 440, 84, 372, 387, 389, 409, 410, 411, 419, 423, 426, 428, 442, 444, 445, 447, 448, 449, 452, 454, 456, 457, 458, 459, 460, 461, 462, 466, 467, 95, 397, 414, 416, 436, 437, 438, 446, 450, 453, 455, 469, 471, 472, 474, 475, 476, 479, 481, 483, 484, 485, 486, 487, 488, 489, 493, 494, 498, 106, 424, 441, 443, 463, 464, 465, 473, 477, 480, 482, 496, 499, 500, 502, 503, 504, 507, 509, 511, 512, 513, 514, 515, 516, 517, 521, 522, 526, 527, 118, 451, 468, 470, 490, 491, 492, 501, 505, 508, 510, 524, 528, 529, 531, 532, 533, 536, 538, 540, 541, 542, 543, 544, 545, 546, 550, 551, 555, 556, 0, 153, 478, 495, 506, 518, 519, 525, 530, 535, 537, 552, 554, 557, 559, 560, 561, 564, 566, 568, 569, 570, 571, 572, 573, 574, 578, 579, 583, 584, 586, 130, 241, 497, 523, 534, 539, 549, 553, 562, 563, 577, 581, 582, 587, 588, 589, 592, 594, 596, 597, 598, 599, 600, 601, 602, 606, 607, 611, 612, 614, 143, 261, 520, 548, 558, 565, 576, 580, 590, 591, 605, 609, 610, 615, 616, 617, 620, 622, 624, 625, 626, 627, 628, 629, 630, 634, 635, 639, 640, 642, 644, 645, 158, 282, 547, 575, 585, 593, 604, 608, 618, 619, 633, 637, 638, 643, 646, 647, 650, 652, 654, 655, 656, 657, 658, 659, 660, 664, 665, 669, 670, 672, 674, 675, 170, 304, 567, 603, 613, 621, 632, 636, 648, 649, 663, 667, 668, 673, 676, 677, 680, 682, 684, 685, 686, 687, 688, 689, 690, 694, 695, 699, 700, 702, 704, 705, 707, 708, 184, 328, 595, 631, 641, 651, 662, 666, 678, 679, 693, 697, 698, 703, 706, 709, 712, 714, 716, 717, 718, 719, 720, 721, 722, 726, 727, 731, 732, 734, 736, 737, 739, 740, 743, 744, 200, 217, 353, 623, 653, 661, 671, 681, 683, 691, 692, 696, 701, 710, 711, 713, 715, 723, 724, 725, 728, 729, 730, 733, 735, 738, 741, 742, 745, 746, 747, 748, 749, 750, 751, 752, 753, 754, 755, 756, 757, 758, 759, 760, 761, 762, 763, 764, 765, 766, 767, 768, 769, 770, 771, 772, 773, 774, 775, 776, 777, 778, 779, 780]",4.47213595499958,4.47213595499958
50,840.0,"[0.0, 0.0, 0.0, 0.0, 0.0, 0.0, 0.0, 0.0, 0.0, 0.0, 0.0, 0.0, 0.0, 0.0, 0.0, 0.0, 1.0, 0.0, 0.0, 0.0, 0.0]","[0.0, 0.0, 0.0, 0.0, 0.0, 0.0, 0.0, 0.0, 0.0, 0.0, 0.0, 0.0, 0.0, 0.0, 0.0, 0.0, 0.53125, 0.0, 0.0, 0.0, 0.0]","[10, 11, 12, 14, 17, 21, 19, 24, 27, 22, 29, 30, 32, 33, 26, 35, 36, 38, 39, 40, 31, 42, 43, 45, 46, 47, 37, 49, 50, 52, 53, 54, 57, 44, 56, 58, 60, 61, 62, 65, 66, 68, 51, 64, 67, 70, 71, 72, 75, 76, 78, 79, 59, 74, 77, 81, 82, 83, 86, 87, 89, 90, 69, 85, 88, 92, 93, 94, 97, 98, 100, 101, 80, 96, 99, 103, 104, 105, 108, 109, 111, 112, 117, 91, 107, 110, 114, 115, 116, 120, 121, 123, 124, 129, 131, 102, 119, 122, 126, 127, 128, 133, 134, 136, 137, 142, 144, 145, 147, 113, 132, 135, 139, 140, 141, 148, 149, 151, 152, 157, 159, 160, 162, 163, 164, 125, 146, 150, 154, 155, 156, 165, 166, 168, 169, 174, 176, 177, 179, 180, 181, 138, 161, 167, 171, 172, 173, 182, 183, 185, 186, 191, 193, 194, 196, 197, 198, 201, 18, 175, 178, 187, 188, 189, 195, 199, 202, 203, 208, 210, 211, 213, 214, 215, 218, 220, 20, 190, 192, 204, 205, 206, 212, 216, 219, 221, 226, 228, 229, 231, 232, 233, 236, 238, 240, 23, 207, 209, 222, 223, 224, 230, 234, 237, 239, 246, 248, 249, 251, 252, 253, 256, 258, 260, 262, 28, 225, 227, 242, 243, 244, 250, 254, 257, 259, 267, 269, 270, 272, 273, 274, 277, 279, 281, 283, 284, 34, 245, 247, 263, 264, 265, 271, 275, 278, 280, 289, 291, 292, 294, 295, 296, 299, 301, 303, 305, 306, 307, 308, 41, 255, 266, 268, 285, 286, 287, 293, 297, 300, 302, 313, 315, 316, 318, 319, 320, 323, 325, 327, 329, 330, 331, 332, 333, 48, 276, 288, 290, 309, 310, 311, 317, 321, 324, 326, 338, 340, 341, 343, 344, 345, 348, 350, 352, 354, 355, 356, 357, 358, 55, 298, 312, 314, 334, 335, 336, 342, 346, 349, 351, 363, 365, 366, 368, 369, 370, 373, 375, 377, 379, 380, 381, 382, 383, 63, 322, 337, 339, 359, 360, 361, 367, 371, 374, 376, 388, 390, 391, 393, 394, 395, 398, 400, 402, 403, 404, 405, 406, 407, 408, 412, 413, 73, 347, 362, 364, 384, 385, 386, 392, 396, 399, 401, 415, 417, 418, 420, 421, 422, 425, 427, 429, 430, 431, 432, 433, 434, 435, 439, 440, 84, 372, 387, 389, 409, 410, 411, 419, 423, 426, 428, 442, 444, 445, 447, 448, 449, 452, 454, 456, 457, 458, 459, 460, 461, 462, 466, 467, 95, 397, 414, 416, 436, 437, 438, 446, 450, 453, 455, 469, 471, 472, 474, 475, 476, 479, 481, 483, 484, 485, 486, 487, 488, 489, 493, 494, 498, 106, 424, 441, 443, 463, 464, 465, 473, 477, 480, 482, 496, 499, 500, 502, 503, 504, 507, 509, 511, 512, 513, 514, 515, 516, 517, 521, 522, 526, 527, 118, 451, 468, 470, 490, 491, 492, 501, 505, 508, 510, 524, 528, 529, 531, 532, 533, 536, 538, 540, 541, 542, 543, 544, 545, 546, 550, 551, 555, 556, 0, 153, 478, 495, 506, 518, 519, 525, 530, 535, 537, 552, 554, 557, 559, 560, 561, 564, 566, 568, 569, 570, 571, 572, 573, 574, 578, 579, 583, 584, 586, 130, 241, 497, 523, 534, 539, 549, 553, 562, 563, 577, 581, 582, 587, 588, 589, 592, 594, 596, 597, 598, 599, 600, 601, 602, 606, 607, 611, 612, 614, 143, 261, 520, 548, 558, 565, 576, 580, 590, 591, 605, 609, 610, 615, 616, 617, 620, 622, 624, 625, 626, 627, 628, 629, 630, 634, 635, 639, 640, 642, 644, 645, 158, 282, 547, 575, 585, 593, 604, 608, 618, 619, 633, 637, 638, 643, 646, 647, 650, 652, 654, 655, 656, 657, 658, 659, 660, 664, 665, 669, 670, 672, 674, 675, 170, 304, 567, 603, 613, 621, 632, 636, 648, 649, 663, 667, 668, 673, 676, 677, 680, 682, 684, 685, 686, 687, 688, 689, 690, 694, 695, 699, 700, 702, 704, 705, 707, 708, 184, 328, 595, 631, 641, 651, 662, 666, 678, 679, 693, 697, 698, 703, 706, 709, 712, 714, 716, 717, 718, 719, 720, 721, 722, 726, 727, 731, 732, 734, 736, 737, 739, 740, 743, 744, 200, 353, 623, 661, 671, 681, 692, 696, 710, 711, 725, 729, 730, 735, 738, 741, 746, 748, 750, 751, 752, 753, 754, 755, 756, 760, 761, 765, 766, 768, 770, 771, 773, 774, 777, 778, 217, 235, 378, 653, 683, 691, 701, 713, 715, 723, 724, 728, 733, 742, 745, 747, 749, 757, 758, 759, 762, 763, 764, 767, 769, 772, 775, 776, 779, 780, 781, 782, 783, 784, 785, 786, 787, 788, 789, 790, 791, 792, 793, 794, 795, 796, 797, 798, 799, 800, 801, 802, 803, 804, 805, 806, 807, 808, 809, 810, 811, 812, 813, 814, 815]",4.47213595499958,4.47213595499958
51,840.0,"[0.0, 0.0, 0.0, 0.0, 0.0, 0.0, 0.0, 0.0, 0.0, 0.0, 0.0, 0.0, 0.0, 0.0, 0.0, 0.0, 1.0, 0.0, 0.0, 0.0, 0.0]","[0.0, 0.0, 0.0, 0.0, 0.0, 0.0, 0.0, 0.0, 0.0, 0.0, 0.0, 0.0, 0.0, 0.0, 0.0, 0.0, 0.53125, 0.0, 0.0, 0.0, 0.0]","[10, 11, 12, 14, 17, 21, 19, 24, 27, 22, 29, 30, 32, 33, 26, 35, 36, 38, 39, 40, 31, 42, 43, 45, 46, 47, 37, 49, 50, 52, 53, 54, 57, 44, 56, 58, 60, 61, 62, 65, 66, 68, 51, 64, 67, 70, 71, 72, 75, 76, 78, 79, 59, 74, 77, 81, 82, 83, 86, 87, 89, 90, 69, 85, 88, 92, 93, 94, 97, 98, 100, 101, 80, 96, 99, 103, 104, 105, 108, 109, 111, 112, 117, 91, 107, 110, 114, 115, 116, 120, 121, 123, 124, 129, 131, 102, 119, 122, 126, 127, 128, 133, 134, 136, 137, 142, 144, 145, 147, 113, 132, 135, 139, 140, 141, 148, 149, 151, 152, 157, 159, 160, 162, 163, 164, 125, 146, 150, 154, 155, 156, 165, 166, 168, 169, 174, 176, 177, 179, 180, 181, 138, 161, 167, 171, 172, 173, 182, 183, 185, 186, 191, 193, 194, 196, 197, 198, 201, 18, 175, 178, 187, 188, 189, 195, 199, 202, 203, 208, 210, 211, 213, 214, 215, 218, 220, 20, 190, 192, 204, 205, 206, 212, 216, 219, 221, 226, 228, 229, 231, 232, 233, 236, 238, 240, 23, 207, 209, 222, 223, 224, 230, 234, 237, 239, 246, 248, 249, 251, 252, 253, 256, 258, 260, 262, 28, 225, 227, 242, 243, 244, 250, 254, 257, 259, 267, 269, 270, 272, 273, 274, 277, 279, 281, 283, 284, 34, 245, 247, 263, 264, 265, 271, 275, 278, 280, 289, 291, 292, 294, 295, 296, 299, 301, 303, 305, 306, 307, 308, 41, 266, 268, 285, 286, 287, 293, 297, 300, 302, 313, 315, 316, 318, 319, 320, 323, 325, 327, 329, 330, 331, 332, 333, 48, 276, 288, 290, 309, 310, 311, 317, 321, 324, 326, 338, 340, 341, 343, 344, 345, 348, 350, 352, 354, 355, 356, 357, 358, 55, 298, 312, 314, 334, 335, 336, 342, 346, 349, 351, 363, 365, 366, 368, 369, 370, 373, 375, 377, 379, 380, 381, 382, 383, 63, 322, 337, 339, 359, 360, 361, 367, 371, 374, 376, 388, 390, 391, 393, 394, 395, 398, 400, 402, 404, 405, 406, 407, 408, 412, 413, 73, 347, 362, 364, 384, 385, 386, 392, 396, 399, 401, 415, 417, 418, 420, 421, 422, 425, 427, 429, 430, 431, 432, 433, 434, 435, 439, 440, 84, 372, 387, 389, 409, 410, 411, 419, 423, 426, 428, 442, 444, 445, 447, 448, 449, 452, 454, 456, 457, 458, 459, 460, 461, 462, 466, 467, 95, 397, 414, 416, 436, 437, 438, 446, 450, 453, 455, 469, 471, 472, 474, 475, 476, 479, 481, 483, 484, 485, 486, 487, 488, 489, 493, 494, 498, 106, 424, 441, 443, 463, 464, 465, 473, 477, 480, 482, 496, 499, 500, 502, 503, 504, 507, 509, 511, 512, 513, 514, 515, 516, 517, 521, 522, 526, 527, 118, 451, 468, 470, 490, 491, 492, 501, 505, 508, 510, 524, 528, 529, 531, 532, 533, 536, 538, 540, 541, 542, 543, 544, 545, 546, 550, 551, 555, 556, 0, 153, 478, 495, 506, 518, 519, 525, 530, 535, 537, 552, 554, 557, 559, 560, 561, 564, 566, 568, 569, 570, 571, 572, 573, 574, 578, 579, 583, 584, 586, 130, 241, 497, 523, 534, 539, 549, 553, 562, 563, 577, 581, 582, 587, 588, 589, 592, 594, 596, 597, 598, 599, 600, 601, 602, 606, 607, 611, 612, 614, 143, 261, 520, 548, 558, 565, 576, 580, 590, 591, 605, 609, 610, 615, 616, 617, 620, 622, 624, 625, 626, 627, 628, 629, 630, 634, 635, 639, 640, 642, 644, 645, 158, 282, 547, 575, 585, 593, 604, 608, 618, 619, 633, 637, 638, 643, 646, 647, 650, 652, 654, 655, 656, 657, 658, 659, 660, 664, 665, 669, 670, 672, 674, 675, 170, 304, 567, 603, 613, 621, 632, 636, 648, 649, 663, 667, 668, 673, 676, 677, 680, 682, 684, 685, 686, 687, 688, 689, 690, 694, 695, 699, 700, 702, 704, 705, 707, 708, 184, 328, 595, 631, 641, 651, 662, 666, 678, 679, 693, 697, 698, 703, 706, 709, 712, 714, 716, 717, 718, 719, 720, 721, 722, 726, 727, 731, 732, 734, 736, 737, 739, 740, 743, 744, 200, 353, 623, 661, 671, 681, 692, 696, 710, 711, 725, 729, 730, 735, 738, 741, 746, 748, 750, 751, 752, 753, 754, 755, 756, 760, 761, 765, 766, 768, 770, 771, 773, 774, 777, 778, 217, 378, 653, 691, 701, 713, 724, 728, 742, 745, 759, 763, 764, 769, 772, 775, 780, 782, 784, 785, 786, 787, 788, 789, 790, 794, 795, 799, 800, 802, 804, 805, 807, 808, 811, 812, 815, 235, 255, 403, 683, 715, 723, 733, 747, 749, 757, 758, 762, 767, 776, 779, 781, 783, 791, 792, 793, 796, 797, 798, 801, 803, 806, 809, 810, 813, 814, 816, 817, 818, 819, 820, 821, 822, 823, 824, 825, 826, 827, 828, 829, 830, 831, 832, 833, 834, 835, 836, 837, 838, 839, 840, 841, 842, 843, 844, 845, 846, 847, 848, 849, 850, 851]",4.47213595499958,4.47213595499958
52,840.0,"[0.0, 0.0, 0.0, 0.0, 0.0, 0.0, 0.0, 0.0, 0.0, 0.0, 0.0, 0.0, 0.0, 0.0, 0.0, 0.0, 1.0, 0.0, 0.0, 0.0, 0.0]","[0.0, 0.0, 0.0, 0.0, 0.0, 0.0, 0.0, 0.0, 0.0, 0.0, 0.0, 0.0, 0.0, 0.0, 0.0, 0.0, 0.53125, 0.0, 0.0, 0.0, 0.0]","[10, 11, 12, 14, 17, 21, 19, 24, 27, 22, 29, 30, 32, 33, 26, 35, 36, 38, 39, 40, 31, 42, 43, 45, 46, 47, 37, 49, 50, 52, 53, 54, 57, 44, 56, 58, 60, 61, 62, 65, 66, 68, 51, 64, 67, 70, 71, 72, 75, 76, 78, 79, 59, 74, 77, 81, 82, 83, 86, 87, 89, 90, 69, 85, 88, 92, 93, 94, 97, 98, 100, 101, 80, 96, 99, 103, 104, 105, 108, 109, 111, 112, 117, 91, 107, 110, 114, 115, 116, 120, 121, 123, 124, 129, 131, 102, 119, 122, 126, 127, 128, 133, 134, 136, 137, 142, 144, 145, 147, 113, 132, 135, 139, 140, 141, 148, 149, 151, 152, 157, 159, 160, 162, 163, 164, 125, 146, 150, 154, 155, 156, 165, 166, 168, 169, 174, 176, 177, 179, 180, 181, 138, 161, 167, 171, 172, 173, 182, 183, 185, 186, 191, 193, 194, 196, 197, 198, 201, 18, 175, 178, 187, 188, 189, 195, 199, 202, 203, 208, 210, 211, 213, 214, 215, 218, 220, 20, 190, 192, 204, 205, 206, 212, 216, 219, 221, 226, 228, 229, 231, 232, 233, 236, 238, 240, 23, 207, 209, 222, 223, 224, 230, 234, 237, 239, 246, 248, 249, 251, 252, 253, 256, 258, 260, 262, 28, 225, 227, 242, 243, 244, 250, 254, 257, 259, 267, 269, 270, 272, 273, 274, 277, 279, 281, 283, 284, 34, 245, 247, 263, 264, 265, 271, 275, 278, 280, 289, 291, 292, 294, 295, 296, 299, 301, 303, 305, 306, 307, 308, 41, 266, 268, 285, 286, 287, 293, 297, 300, 302, 313, 315, 316, 318, 319, 320, 323, 325, 327, 329, 330, 331, 332, 333, 48, 288, 290, 309, 310, 311, 317, 321, 324, 326, 338, 340, 341, 343, 344, 345, 348, 350, 352, 354, 355, 356, 357, 358, 55, 298, 312, 314, 334, 335, 336, 342, 346, 349, 351, 363, 365, 366, 368, 369, 370, 373, 375, 377, 379, 380, 381, 382, 383, 63, 322, 337, 339, 359, 360, 361, 367, 371, 374, 376, 388, 390, 391, 393, 394, 395, 398, 400, 402, 404, 405, 406, 407, 408, 412, 413, 73, 347, 362, 364, 384, 385, 386, 392, 396, 399, 401, 415, 417, 418, 420, 421, 422, 425, 427, 429, 431, 432, 433, 434, 435, 439, 440, 84, 372, 387, 389, 409, 410, 411, 419, 423, 426, 428, 442, 444, 445, 447, 448, 449, 452, 454, 456, 457, 458, 459, 460, 461, 462, 466, 467, 95, 397, 414, 416, 436, 437, 438, 446, 450, 453, 455, 469, 471, 472, 474, 475, 476, 479, 481, 483, 484, 485, 486, 487, 488, 489, 493, 494, 498, 106, 424, 441, 443, 463, 464, 465, 473, 477, 480, 482, 496, 499, 500, 502, 503, 504, 507, 509, 511, 512, 513, 514, 515, 516, 517, 521, 522, 526, 527, 118, 451, 468, 470, 490, 491, 492, 501, 505, 508, 510, 524, 528, 529, 531, 532, 533, 536, 538, 540, 541, 542, 543, 544, 545, 546, 550, 551, 555, 556, 0, 153, 478, 495, 506, 518, 519, 525, 530, 535, 537, 552, 554, 557, 559, 560, 561, 564, 566, 568, 569, 570, 571, 572, 573, 574, 578, 579, 583, 584, 586, 130, 241, 497, 523, 534, 539, 549, 553, 562, 563, 577, 581, 582, 587, 588, 589, 592, 594, 596, 597, 598, 599, 600, 601, 602, 606, 607, 611, 612, 614, 143, 261, 520, 548, 558, 565, 576, 580, 590, 591, 605, 609, 610, 615, 616, 617, 620, 622, 624, 625, 626, 627, 628, 629, 630, 634, 635, 639, 640, 642, 644, 645, 158, 282, 547, 575, 585, 593, 604, 608, 618, 619, 633, 637, 638, 643, 646, 647, 650, 652, 654, 655, 656, 657, 658, 659, 660, 664, 665, 669, 670, 672, 674, 675, 170, 304, 567, 603, 613, 621, 632, 636, 648, 649, 663, 667, 668, 673, 676, 677, 680, 682, 684, 685, 686, 687, 688, 689, 690, 694, 695, 699, 700, 702, 704, 705, 707, 708, 184, 328, 595, 631, 641, 651, 662, 666, 678, 679, 693, 697, 698, 703, 706, 709, 712, 714, 716, 717, 718, 719, 720, 721, 722, 726, 727, 731, 732, 734, 736, 737, 739, 740, 743, 744, 200, 353, 623, 661, 671, 681, 692, 696, 710, 711, 725, 729, 730, 735, 738, 741, 746, 748, 750, 751, 752, 753, 754, 755, 756, 760, 761, 765, 766, 768, 770, 771, 773, 774, 777, 778, 217, 378, 653, 691, 701, 713, 724, 728, 742, 745, 759, 763, 764, 769, 772, 775, 780, 782, 784, 785, 786, 787, 788, 789, 790, 794, 795, 799, 800, 802, 804, 805, 807, 808, 811, 812, 815, 235, 403, 683, 723, 733, 747, 758, 762, 776, 779, 793, 797, 798, 803, 806, 809, 814, 817, 819, 820, 821, 822, 823, 824, 825, 829, 830, 834, 835, 837, 839, 840, 842, 843, 846, 847, 850, 851, 255, 276, 430, 715, 749, 757, 767, 781, 783, 791, 792, 796, 801, 810, 813, 816, 818, 826, 827, 828, 831, 832, 833, 836, 838, 841, 844, 845, 848, 849, 852, 853, 854, 855, 856, 857, 858, 859, 860, 861, 862, 863, 864, 865, 866, 867, 868, 869, 870, 871, 872, 873, 874, 875, 876, 877, 878, 879, 880, 881, 882, 883, 884, 885, 886, 887, 888]",4.47213595499958,4.47213595499958
53,840.0,"[0.0, 0.0, 0.0, 0.0, 0.0, 0.0, 0.0, 0.0, 0.0, 0.0, 0.0, 0.0, 0.0, 0.0, 0.0, 0.0, 1.0, 0.0, 0.0, 0.0, 0.0]","[0.0, 0.0, 0.0, 0.0, 0.0, 0.0, 0.0, 0.0, 0.0, 0.0, 0.0, 0.0, 0.0, 0.0, 0.0, 0.0, 0.53125, 0.0, 0.0, 0.0, 0.0]","[10, 11, 12, 14, 17, 21, 19, 24, 27, 22, 29, 30, 32, 33, 26, 35, 36, 38, 39, 31, 42, 43, 45, 46, 47, 37, 49, 50, 52, 53, 54, 57, 44, 56, 58, 60, 61, 62, 65, 66, 68, 51, 64, 67, 70, 71, 72, 75, 76, 78, 79, 59, 74, 77, 81, 82, 83, 86, 87, 89, 90, 69, 85, 88, 92, 93, 94, 97, 98, 100, 101, 80, 96, 99, 103, 104, 105, 108, 109, 111, 112, 117, 91, 107, 110, 114, 115, 116, 120, 121, 123, 124, 129, 131, 102, 119, 122, 126, 127, 128, 133, 134, 136, 137, 142, 144, 145, 147, 113, 132, 135, 139, 140, 141, 148, 149, 151, 152, 157, 159, 160, 162, 163, 164, 125, 146, 150, 154, 155, 156, 165, 166, 168, 169, 174, 176, 177, 179, 180, 181, 138, 161, 167, 171, 172, 173, 182, 183, 185, 186, 191, 193, 194, 196, 197, 198, 201, 18, 175, 178, 187, 188, 189, 195, 199, 202, 203, 208, 210, 211, 213, 214, 215, 218, 220, 20, 190, 192, 204, 205, 206, 212, 216, 219, 221, 226, 228, 229, 231, 232, 233, 236, 238, 240, 23, 207, 209, 222, 223, 224, 230, 234, 237, 239, 246, 248, 249, 251, 252, 253, 256, 258, 260, 262, 28, 225, 227, 242, 243, 244, 250, 254, 257, 259, 267, 269, 270, 272, 273, 274, 277, 279, 281, 283, 284, 34, 245, 247, 263, 264, 265, 271, 275, 278, 280, 289, 291, 292, 294, 295, 296, 299, 301, 303, 305, 306, 307, 308, 41, 266, 268, 285, 286, 287, 293, 297, 300, 302, 313, 315, 316, 318, 319, 320, 323, 325, 327, 329, 330, 331, 332, 333, 48, 288, 290, 309, 310, 311, 317, 321, 324, 326, 338, 340, 341, 343, 344, 345, 348, 350, 352, 354, 355, 356, 357, 358, 55, 312, 314, 334, 335, 336, 342, 346, 349, 351, 363, 365, 366, 368, 369, 370, 373, 375, 377, 379, 380, 381, 382, 383, 63, 322, 337, 339, 359, 360, 361, 367, 371, 374, 376, 388, 390, 391, 393, 394, 395, 398, 400, 402, 404, 405, 406, 407, 408, 412, 413, 73, 347, 362, 364, 384, 385, 386, 392, 396, 399, 401, 415, 417, 418, 420, 421, 422, 425, 427, 429, 431, 432, 433, 434, 435, 439, 440, 84, 372, 387, 389, 409, 410, 411, 419, 423, 426, 428, 442, 444, 445, 447, 448, 449, 452, 454, 456, 458, 459, 460, 461, 462, 466, 467, 95, 397, 414, 416, 436, 437, 438, 446, 450, 453, 455, 469, 471, 472, 474, 475, 476, 479, 481, 483, 484, 485, 486, 487, 488, 489, 493, 494, 498, 106, 424, 441, 443, 463, 464, 465, 473, 477, 480, 482, 496, 499, 500, 502, 503, 504, 507, 509, 511, 512, 513, 514, 515, 516, 517, 521, 522, 526, 527, 118, 451, 468, 470, 490, 491, 492, 501, 505, 508, 510, 524, 528, 529, 531, 532, 533, 536, 538, 540, 541, 542, 543, 544, 545, 546, 550, 551, 555, 556, 0, 153, 478, 495, 506, 518, 519, 525, 530, 535, 537, 552, 554, 557, 559, 560, 561, 564, 566, 568, 569, 570, 571, 572, 573, 574, 578, 579, 583, 584, 586, 130, 241, 497, 523, 534, 539, 549, 553, 562, 563, 577, 581, 582, 587, 588, 589, 592, 594, 596, 597, 598, 599, 600, 601, 602, 606, 607, 611, 612, 614, 143, 261, 520, 548, 558, 565, 576, 580, 590, 591, 605, 609, 610, 615, 616, 617, 620, 622, 624, 625, 626, 627, 628, 629, 630, 634, 635, 639, 640, 642, 644, 645, 158, 282, 547, 575, 585, 593, 604, 608, 618, 619, 633, 637, 638, 643, 646, 647, 650, 652, 654, 655, 656, 657, 658, 659, 660, 664, 665, 669, 670, 672, 674, 675, 170, 304, 567, 603, 613, 621, 632, 636, 648, 649, 663, 667, 668, 673, 676, 677, 680, 682, 684, 685, 686, 687, 688, 689, 690, 694, 695, 699, 700, 702, 704, 705, 707, 708, 184, 328, 595, 631, 641, 651, 662, 666, 678, 679, 693, 697, 698, 703, 706, 709, 712, 714, 716, 717, 718, 719, 720, 721, 722, 726, 727, 731, 732, 734, 736, 737, 739, 740, 743, 744, 200, 353, 623, 661, 671, 681, 692, 696, 710, 711, 725, 729, 730, 735, 738, 741, 746, 748, 750, 751, 752, 753, 754, 755, 756, 760, 761, 765, 766, 768, 770, 771, 773, 774, 777, 778, 217, 378, 653, 691, 701, 713, 724, 728, 742, 745, 759, 763, 764, 769, 772, 775, 780, 782, 784, 785, 786, 787, 788, 789, 790, 794, 795, 799, 800, 802, 804, 805, 807, 808, 811, 812, 815, 235, 403, 683, 723, 733, 747, 758, 762, 776, 779, 793, 797, 798, 803, 806, 809, 814, 817, 819, 820, 821, 822, 823, 824, 825, 829, 830, 834, 835, 837, 839, 840, 842, 843, 846, 847, 850, 851, 255, 430, 715, 757, 767, 781, 792, 796, 810, 813, 828, 832, 833, 838, 841, 844, 849, 853, 855, 856, 857, 858, 859, 860, 861, 865, 866, 870, 871, 873, 875, 876, 878, 879, 882, 883, 886, 887, 888, 40, 276, 298, 457, 749, 783, 791, 801, 816, 818, 826, 827, 831, 836, 845, 848, 852, 854, 862, 863, 864, 867, 868, 869, 872, 874, 877, 880, 881, 884, 885, 889, 890, 891, 892, 893, 894, 895, 896, 897, 898, 899, 900, 901, 902, 903, 904, 905, 906, 907, 908, 909, 910, 911, 912, 913, 914, 915, 916, 917, 918, 919, 920, 921, 922, 923, 924, 925, 926]",4.47213595499958,4.47213595499958
54,840.0,"[0.0, 0.0, 0.0, 0.0, 0.0, 0.0, 0.0, 0.0, 0.0, 0.0, 0.0, 0.0, 0.0, 0.0, 0.0, 0.0, 1.0, 0.0, 0.0, 0.0, 0.0]","[0.0, 0.0, 0.0, 0.0, 0.0, 0.0, 0.0, 0.0, 0.0, 0.0, 0.0, 0.0, 0.0, 0.0, 0.0, 0.0, 0.53125, 0.0, 0.0, 0.0, 0.0]","[10, 11, 12, 14, 17, 21, 19, 24, 27, 22, 29, 30, 32, 33, 26, 35, 36, 38, 39, 31, 42, 43, 45, 46, 37, 49, 50, 52, 53, 54, 57, 44, 56, 58, 60, 61, 62, 65, 66, 68, 51, 64, 67, 70, 71, 72, 75, 76, 78, 79, 59, 74, 77, 81, 82, 83, 86, 87, 89, 90, 69, 85, 88, 92, 93, 94, 97, 98, 100, 101, 80, 96, 99, 103, 104, 105, 108, 109, 111, 112, 117, 91, 107, 110, 114, 115, 116, 120, 121, 123, 124, 129, 131, 102, 119, 122, 126, 127, 128, 133, 134, 136, 137, 142, 144, 145, 147, 113, 132, 135, 139, 140, 141, 148, 149, 151, 152, 157, 159, 160, 162, 163, 164, 125, 146, 150, 154, 155, 156, 165, 166, 168, 169, 174, 176, 177, 179, 180, 181, 138, 161, 167, 171, 172, 173, 182, 183, 185, 186, 191, 193, 194, 196, 197, 198, 201, 18, 175, 178, 187, 188, 189, 195, 199, 202, 203, 208, 210, 211, 213, 214, 215, 218, 220, 20, 190, 192, 204, 205, 206, 212, 216, 219, 221, 226, 228, 229, 231, 232, 233, 236, 238, 240, 23, 207, 209, 222, 223, 224, 230, 234, 237, 239, 246, 248, 249, 251, 252, 253, 256, 258, 260, 262, 28, 225, 227, 242, 243, 244, 250, 254, 257, 259, 267, 269, 270, 272, 273, 274, 277, 279, 281, 283, 284, 34, 245, 247, 263, 264, 265, 271, 275, 278, 280, 289, 291, 292, 294, 295, 296, 299, 301, 303, 305, 306, 307, 308, 41, 266, 268, 285, 286, 287, 293, 297, 300, 302, 313, 315, 316, 318, 319, 320, 323, 325, 327, 329, 330, 331, 332, 333, 48, 288, 290, 309, 310, 311, 317, 321, 324, 326, 338, 340, 341, 343, 344, 345, 348, 350, 352, 354, 355, 356, 357, 358, 55, 312, 314, 334, 335, 336, 342, 346, 349, 351, 363, 365, 366, 368, 369, 370, 373, 375, 377, 379, 380, 381, 382, 383, 63, 337, 339, 359, 360, 361, 367, 371, 374, 376, 388, 390, 391, 393, 394, 395, 398, 400, 402, 404, 405, 406, 407, 408, 412, 413, 73, 347, 362, 364, 384, 385, 386, 392, 396, 399, 401, 415, 417, 418, 420, 421, 422, 425, 427, 429, 431, 432, 433, 434, 435, 439, 440, 84, 372, 387, 389, 409, 410, 411, 419, 423, 426, 428, 442, 444, 445, 447, 448, 449, 452, 454, 456, 458, 459, 460, 461, 462, 466, 467, 95, 397, 414, 416, 436, 437, 438, 446, 450, 453, 455, 469, 471, 472, 474, 475, 476, 479, 481, 483, 485, 486, 487, 488, 489, 493, 494, 498, 106, 424, 441, 443, 463, 464, 465, 473, 477, 480, 482, 496, 499, 500, 502, 503, 504, 507, 509, 511, 512, 513, 514, 515, 516, 517, 521, 522, 526, 527, 118, 451, 468, 470, 490, 491, 492, 501, 505, 508, 510, 524, 528, 529, 531, 532, 533, 536, 538, 540, 541, 542, 543, 544, 545, 546, 550, 551, 555, 556, 0, 153, 478, 495, 506, 518, 519, 525, 530, 535, 537, 552, 554, 557, 559, 560, 561, 564, 566, 568, 569, 570, 571, 572, 573, 574, 578, 579, 583, 584, 586, 130, 241, 497, 523, 534, 539, 549, 553, 562, 563, 577, 581, 582, 587, 588, 589, 592, 594, 596, 597, 598, 599, 600, 601, 602, 606, 607, 611, 612, 614, 143, 261, 520, 548, 558, 565, 576, 580, 590, 591, 605, 609, 610, 615, 616, 617, 620, 622, 624, 625, 626, 627, 628, 629, 630, 634, 635, 639, 640, 642, 644, 645, 158, 282, 547, 575, 585, 593, 604, 608, 618, 619, 633, 637, 638, 643, 646, 647, 650, 652, 654, 655, 656, 657, 658, 659, 660, 664, 665, 669, 670, 672, 674, 675, 170, 304, 567, 603, 613, 621, 632, 636, 648, 649, 663, 667, 668, 673, 676, 677, 680, 682, 684, 685, 686, 687, 688, 689, 690, 694, 695, 699, 700, 702, 704, 705, 707, 708, 184, 328, 595, 631, 641, 651, 662, 666, 678, 679, 693, 697, 698, 703, 706, 709, 712, 714, 716, 717, 718, 719, 720, 721, 722, 726, 727, 731, 732, 734, 736, 737, 739, 740, 743, 744, 200, 353, 623, 661, 671, 681, 692, 696, 710, 711, 725, 729, 730, 735, 738, 741, 746, 748, 750, 751, 752, 753, 754, 755, 756, 760, 761, 765, 766, 768, 770, 771, 773, 774, 777, 778, 217, 378, 653, 691, 701, 713, 724, 728, 742, 745, 759, 763, 764, 769, 772, 775, 780, 782, 784, 785, 786, 787, 788, 789, 790, 794, 795, 799, 800, 802, 804, 805, 807, 808, 811, 812, 815, 235, 403, 683, 723, 733, 747, 758, 762, 776, 779, 793, 797, 798, 803, 806, 809, 814, 817, 819, 820, 821, 822, 823, 824, 825, 829, 830, 834, 835, 837, 839, 840, 842, 843, 846, 847, 850, 851, 255, 430, 715, 757, 767, 781, 792, 796, 810, 813, 828, 832, 833, 838, 841, 844, 849, 853, 855, 856, 857, 858, 859, 860, 861, 865, 866, 870, 871, 873, 875, 876, 878, 879, 882, 883, 886, 887, 888, 40, 298, 457, 783, 791, 801, 826, 827, 836, 845, 863, 867, 868, 872, 874, 877, 884, 889, 891, 892, 893, 894, 895, 896, 897, 901, 902, 906, 907, 909, 911, 912, 914, 915, 918, 919, 922, 923, 924, 925, 926, 47, 276, 322, 484, 749, 816, 818, 831, 848, 852, 854, 862, 864, 869, 880, 881, 885, 890, 898, 899, 900, 903, 904, 905, 908, 910, 913, 916, 917, 920, 921, 927, 928, 929, 930, 931, 932, 933, 934, 935, 936, 937, 938, 939, 940, 941, 942, 943, 944, 945, 946, 947, 948, 949, 950, 951, 952, 953, 954, 955, 956, 957, 958, 959, 960, 961, 962, 963, 964, 965, 966, 967]",4.47213595499958,4.47213595499958
55,840.0,"[0.0, 0.0, 0.0, 0.0, 0.0, 0.0, 0.0, 0.0, 0.0, 0.0, 0.0, 0.0, 0.0, 0.0, 0.0, 0.0, 1.0, 0.0, 0.0, 0.0, 0.0]","[0.0, 0.0, 0.0, 0.0, 0.0, 0.0, 0.0, 0.0, 0.0, 0.0, 0.0, 0.0, 0.0, 0.0, 0.0, 0.0, 0.53125, 0.0, 0.0, 0.0, 0.0]","[10, 11, 12, 14, 17, 21, 19, 24, 27, 22, 29, 30, 32, 33, 26, 35, 36, 38, 39, 31, 42, 43, 45, 46, 37, 49, 50, 52, 53, 57, 44, 56, 58, 60, 61, 62, 65, 66, 68, 51, 64, 67, 70, 71, 72, 75, 76, 78, 79, 59, 74, 77, 81, 82, 83, 86, 87, 89, 90, 69, 85, 88, 92, 93, 94, 97, 98, 100, 101, 80, 96, 99, 103, 104, 105, 108, 109, 111, 112, 117, 91, 107, 110, 114, 115, 116, 120, 121, 123, 124, 129, 131, 102, 119, 122, 126, 127, 128, 133, 134, 136, 137, 142, 144, 145, 147, 113, 132, 135, 139, 140, 141, 148, 149, 151, 152, 157, 159, 160, 162, 163, 164, 125, 146, 150, 154, 155, 156, 165, 166, 168, 169, 174, 176, 177, 179, 180, 181, 138, 161, 167, 171, 172, 173, 182, 183, 185, 186, 191, 193, 194, 196, 197, 198, 201, 18, 175, 178, 187, 188, 189, 195, 199, 202, 203, 208, 210, 211, 213, 214, 215, 218, 220, 20, 190, 192, 204, 205, 206, 212, 216, 219, 221, 226, 228, 229, 231, 232, 233, 236, 238, 240, 23, 207, 209, 222, 223, 224, 230, 234, 237, 239, 246, 248, 249, 251, 252, 253, 256, 258, 260, 262, 28, 225, 227, 242, 243, 244, 250, 254, 257, 259, 267, 269, 270, 272, 273, 274, 277, 279, 281, 283, 284, 34, 245, 247, 263, 264, 265, 271, 275, 278, 280, 289, 291, 292, 294, 295, 296, 299, 301, 303, 305, 306, 307, 308, 41, 266, 268, 285, 286, 287, 293, 297, 300, 302, 313, 315, 316, 318, 319, 320, 323, 325, 327, 329, 330, 331, 332, 333, 48, 288, 290, 309, 310, 311, 317, 321, 324, 326, 338, 340, 341, 343, 344, 345, 348, 350, 352, 354, 355, 356, 357, 358, 55, 312, 314, 334, 335, 336, 342, 346, 349, 351, 363, 365, 366, 368, 369, 370, 373, 375, 377, 379, 380, 381, 382, 383, 63, 337, 339, 359, 360, 361, 367, 371, 374, 376, 388, 390, 391, 393, 394, 395, 398, 400, 402, 404, 405, 406, 407, 408, 412, 413, 73, 362, 364, 384, 385, 386, 392, 396, 399, 401, 415, 417, 418, 420, 421, 422, 425, 427, 429, 431, 432, 433, 434, 435, 439, 440, 84, 372, 387, 389, 409, 410, 411, 419, 423, 426, 428, 442, 444, 445, 447, 448, 449, 452, 454, 456, 458, 459, 460, 461, 462, 466, 467, 95, 397, 414, 416, 436, 437, 438, 446, 450, 453, 455, 469, 471, 472, 474, 475, 476, 479, 481, 483, 485, 486, 487, 488, 489, 493, 494, 498, 106, 424, 441, 443, 463, 464, 465, 473, 477, 480, 482, 496, 499, 500, 502, 503, 504, 507, 509, 511, 513, 514, 515, 516, 517, 521, 522, 526, 527, 118, 451, 468, 470, 490, 491, 492, 501, 505, 508, 510, 524, 528, 529, 531, 532, 533, 536, 538, 540, 541, 542, 543, 544, 545, 546, 550, 551, 555, 556, 0, 153, 478, 495, 506, 518, 519, 525, 530, 535, 537, 552, 554, 557, 559, 560, 561, 564, 566, 568, 569, 570, 571, 572, 573, 574, 578, 579, 583, 584, 586, 130, 241, 497, 523, 534, 539, 549, 553, 562, 563, 577, 581, 582, 587, 588, 589, 592, 594, 596, 597, 598, 599, 600, 601, 602, 606, 607, 611, 612, 614, 143, 261, 520, 548, 558, 565, 576, 580, 590, 591, 605, 609, 610, 615, 616, 617, 620, 622, 624, 625, 626, 627, 628, 629, 630, 634, 635, 639, 640, 642, 644, 645, 158, 282, 547, 575, 585, 593, 604, 608, 618, 619, 633, 637, 638, 643, 646, 647, 650, 652, 654, 655, 656, 657, 658, 659, 660, 664, 665, 669, 670, 672, 674, 675, 170, 304, 567, 603, 613, 621, 632, 636, 648, 649, 663, 667, 668, 673, 676, 677, 680, 682, 684, 685, 686, 687, 688, 689, 690, 694, 695, 699, 700, 702, 704, 705, 707, 708, 184, 328, 595, 631, 641, 651, 662, 666, 678, 679, 693, 697, 698, 703, 706, 709, 712, 714, 716, 717, 718, 719, 720, 721, 722, 726, 727, 731, 732, 734, 736, 737, 739, 740, 743, 744, 200, 353, 623, 661, 671, 681, 692, 696, 710, 711, 725, 729, 730, 735, 738, 741, 746, 748, 750, 751, 752, 753, 754, 755, 756, 760, 761, 765, 766, 768, 770, 771, 773, 774, 777, 778, 217, 378, 653, 691, 701, 713, 724, 728, 742, 745, 759, 763, 764, 769, 772, 775, 780, 782, 784, 785, 786, 787, 788, 789, 790, 794, 795, 799, 800, 802, 804, 805, 807, 808, 811, 812, 815, 235, 403, 683, 723, 733, 747, 758, 762, 776, 779, 793, 797, 798, 803, 806, 809, 814, 817, 819, 820, 821, 822, 823, 824, 825, 829, 830, 834, 835, 837, 839, 840, 842, 843, 846, 847, 850, 851, 255, 430, 715, 757, 767, 781, 792, 796, 810, 813, 828, 832, 833, 838, 841, 844, 849, 853, 855, 856, 857, 858, 859, 860, 861, 865, 866, 870, 871, 873, 875, 876, 878, 879, 882, 883, 886, 887, 888, 40, 298, 457, 783, 791, 801, 826, 827, 836, 845, 863, 867, 868, 872, 874, 877, 884, 889, 891, 892, 893, 894, 895, 896, 897, 901, 902, 906, 907, 909, 911, 912, 914, 915, 918, 919, 922, 923, 924, 925, 926, 47, 322, 484, 816, 818, 831, 854, 862, 869, 880, 899, 903, 904, 908, 910, 913, 920, 927, 929, 930, 931, 932, 933, 934, 935, 939, 940, 944, 945, 947, 949, 950, 952, 953, 956, 957, 960, 961, 962, 963, 964, 965, 966, 967, 54, 276, 347, 512, 749, 848, 852, 864, 881, 885, 890, 898, 900, 905, 916, 917, 921, 928, 936, 937, 938, 941, 942, 943, 946, 948, 951, 954, 955, 958, 959, 968, 969, 970, 971, 972, 973, 974, 975, 976, 977, 978, 979, 980, 981, 982, 983, 984, 985, 986, 987, 988, 989, 990, 991, 992, 993, 994, 995, 996, 997, 998, 999]",4.47213595499958,4.47213595499958
56,840.0,"[0.0, 0.0, 0.0, 0.0, 0.0, 0.0, 0.0, 0.0, 0.0, 0.0, 0.0, 0.0, 0.0, 0.0, 0.0, 0.0, 1.0, 0.0, 0.0, 0.0, 0.0]","[0.0, 0.0, 0.0, 0.0, 0.0, 0.0, 0.0, 0.0, 0.0, 0.0, 0.0, 0.0, 0.0, 0.0, 0.0, 0.0, 0.53125, 0.0, 0.0, 0.0, 0.0]","[10, 11, 12, 14, 17, 21, 19, 24, 27, 22, 29, 30, 32, 33, 26, 35, 36, 38, 39, 31, 42, 43, 45, 46, 37, 49, 50, 52, 53, 57, 44, 56, 58, 60, 61, 65, 66, 68, 51, 64, 67, 70, 71, 72, 75, 76, 78, 79, 59, 74, 77, 81, 82, 83, 86, 87, 89, 90, 69, 85, 88, 92, 93, 94, 97, 98, 100, 101, 80, 96, 99, 103, 104, 105, 108, 109, 111, 112, 117, 91, 107, 110, 114, 115, 116, 120, 121, 123, 124, 129, 131, 102, 119, 122, 126, 127, 128, 133, 134, 136, 137, 142, 144, 145, 147, 113, 132, 135, 139, 140, 141, 148, 149, 151, 152, 157, 159, 160, 162, 163, 164, 125, 146, 150, 154, 155, 156, 165, 166, 168, 169, 174, 176, 177, 179, 180, 181, 138, 161, 167, 171, 172, 173, 182, 183, 185, 186, 191, 193, 194, 196, 197, 198, 201, 18, 175, 178, 187, 188, 189, 195, 199, 202, 203, 208, 210, 211, 213, 214, 215, 218, 220, 20, 190, 192, 204, 205, 206, 212, 216, 219, 221, 226, 228, 229, 231, 232, 233, 236, 238, 240, 23, 207, 209, 222, 223, 224, 230, 234, 237, 239, 246, 248, 249, 251, 252, 253, 256, 258, 260, 262, 28, 225, 227, 242, 243, 244, 250, 254, 257, 259, 267, 269, 270, 272, 273, 274, 277, 279, 281, 283, 284, 34, 245, 247, 263, 264, 265, 271, 275, 278, 280, 289, 291, 292, 294, 295, 296, 299, 301, 303, 305, 306, 307, 308, 41, 266, 268, 285, 286, 287, 293, 297, 300, 302, 313, 315, 316, 318, 319, 320, 323, 325, 327, 329, 330, 331, 332, 333, 48, 288, 290, 309, 310, 311, 317, 321, 324, 326, 338, 340, 341, 343, 344, 345, 348, 350, 352, 354, 355, 356, 357, 358, 55, 312, 314, 334, 335, 336, 342, 346, 349, 351, 363, 365, 366, 368, 369, 370, 373, 375, 377, 379, 380, 381, 382, 383, 63, 337, 339, 359, 360, 361, 367, 371, 374, 376, 388, 390, 391, 393, 394, 395, 398, 400, 402, 404, 405, 406, 407, 408, 412, 413, 73, 362, 364, 384, 385, 386, 392, 396, 399, 401, 415, 417, 418, 420, 421, 422, 425, 427, 429, 431, 432, 433, 434, 435, 439, 440, 84, 387, 389, 409, 410, 411, 419, 423, 426, 428, 442, 444, 445, 447, 448, 449, 452, 454, 456, 458, 459, 460, 461, 462, 466, 467, 95, 397, 414, 416, 436, 437, 438, 446, 450, 453, 455, 469, 471, 472, 474, 475, 476, 479, 481, 483, 485, 486, 487, 488, 489, 493, 494, 498, 106, 424, 441, 443, 463, 464, 465, 473, 477, 480, 482, 496, 499, 500, 502, 503, 504, 507, 509, 511, 513, 514, 515, 516, 517, 521, 522, 526, 527, 118, 451, 468, 470, 490, 491, 492, 501, 505, 508, 510, 524, 528, 529, 531, 532, 533, 536, 538, 540, 542, 543, 544, 545, 546, 550, 551, 555, 556, 0, 153, 478, 495, 506, 518, 519, 525, 530, 535, 537, 552, 554, 557, 559, 560, 561, 564, 566, 568, 569, 570, 571, 572, 573, 574, 578, 579, 583, 584, 586, 130, 241, 497, 523, 534, 539, 549, 553, 562, 563, 577, 581, 582, 587, 588, 589, 592, 594, 596, 597, 598, 599, 600, 601, 602, 606, 607, 611, 612, 614, 143, 261, 520, 548, 558, 565, 576, 580, 590, 591, 605, 609, 610, 615, 616, 617, 620, 622, 624, 625, 626, 627, 628, 629, 630, 634, 635, 639, 640, 642, 644, 645, 158, 282, 547, 575, 585, 593, 604, 608, 618, 619, 633, 637, 638, 643, 646, 647, 650, 652, 654, 655, 656, 657, 658, 659, 660, 664, 665, 669, 670, 672, 674, 675, 170, 304, 567, 603, 613, 621, 632, 636, 648, 649, 663, 667, 668, 673, 676, 677, 680, 682, 684, 685, 686, 687, 688, 689, 690, 694, 695, 699, 700, 702, 704, 705, 707, 708, 184, 328, 595, 631, 641, 651, 662, 666, 678, 679, 693, 697, 698, 703, 706, 709, 712, 714, 716, 717, 718, 719, 720, 721, 722, 726, 727, 731, 732, 734, 736, 737, 739, 740, 743, 744, 200, 353, 623, 661, 671, 681, 692, 696, 710, 711, 725, 729, 730, 735, 738, 741, 746, 748, 750, 751, 752, 753, 754, 755, 756, 760, 761, 765, 766, 768, 770, 771, 773, 774, 777, 778, 217, 378, 653, 691, 701, 713, 724, 728, 742, 745, 759, 763, 764, 769, 772, 775, 780, 782, 784, 785, 786, 787, 788, 789, 790, 794, 795, 799, 800, 802, 804, 805, 807, 808, 811, 812, 815, 235, 403, 683, 723, 733, 747, 758, 762, 776, 779, 793, 797, 798, 803, 806, 809, 814, 817, 819, 820, 821, 822, 823, 824, 825, 829, 830, 834, 835, 837, 839, 840, 842, 843, 846, 847, 850, 851, 255, 430, 715, 757, 767, 781, 792, 796, 810, 813, 828, 832, 833, 838, 841, 844, 849, 853, 855, 856, 857, 858, 859, 860, 861, 865, 866, 870, 871, 873, 875, 876, 878, 879, 882, 883, 886, 887, 888, 40, 298, 457, 783, 791, 801, 826, 827, 836, 845, 863, 867, 868, 872, 874, 877, 884, 889, 891, 892, 893, 894, 895, 896, 897, 901, 902, 906, 907, 909, 911, 912, 914, 915, 918, 919, 922, 923, 924, 925, 926, 47, 322, 484, 816, 818, 831, 854, 862, 869, 880, 899, 903, 904, 908, 910, 913, 920, 927, 929, 930, 931, 932, 933, 934, 935, 939, 940, 944, 945, 947, 949, 950, 952, 953, 956, 957, 960, 961, 962, 963, 964, 965, 966, 967, 54, 347, 512, 848, 852, 864, 890, 898, 905, 916, 937, 941, 942, 946, 948, 951, 958, 968, 970, 971, 972, 973, 974, 975, 976, 980, 981, 985, 986, 988, 990, 991, 993, 994, 997, 998, 62, 276, 372, 541, 749, 881, 885, 900, 917, 921, 928, 936, 938, 943, 954, 955, 959, 969, 977, 978, 979, 982, 983, 984, 987, 989, 992, 995, 996, 999]",4.47213595499958,4.47213595499958
57,840.0,"[0.0, 0.0, 0.0, 0.0, 0.0, 0.0, 0.0, 0.0, 0.0, 0.0, 0.0, 0.0, 0.0, 0.0, 0.0, 0.0, 1.0, 0.0, 0.0, 0.0, 0.0]","[0.0, 0.0, 0.0, 0.0, 0.0, 0.0, 0.0, 0.0, 0.0, 0.0, 0.0, 0.0, 0.0, 0.0, 0.0, 0.0, 0.53125, 0.0, 0.0, 0.0, 0.0]","[10, 11, 12, 14, 17, 21, 19, 24, 27, 22, 29, 30, 32, 33, 26, 35, 36, 38, 39, 31, 42, 43, 45, 46, 37, 49, 50, 52, 53, 57, 44, 56, 58, 60, 61, 65, 66, 68, 51, 64, 67, 70, 71, 75, 76, 78, 79, 59, 74, 77, 81, 82, 83, 86, 87, 89, 90, 69, 85, 88, 92, 93, 94, 97, 98, 100, 101, 80, 96, 99, 103, 104, 105, 108, 109, 111, 112, 117, 91, 107, 110, 114, 115, 116, 120, 121, 123, 124, 129, 131, 102, 119, 122, 126, 127, 128, 133, 134, 136, 137, 142, 144, 145, 147, 113, 132, 135, 139, 140, 141, 148, 149, 151, 152, 157, 159, 160, 162, 163, 164, 125, 146, 150, 154, 155, 156, 165, 166, 168, 169, 174, 176, 177, 179, 180, 181, 138, 161, 167, 171, 172, 173, 182, 183, 185, 186, 191, 193, 194, 196, 197, 198, 201, 18, 175, 178, 187, 188, 189, 195, 199, 202, 203, 208, 210, 211, 213, 214, 215, 218, 220, 20, 190, 192, 204, 205, 206, 212, 216, 219, 221, 226, 228, 229, 231, 232, 233, 236, 238, 240, 23, 207, 209, 222, 223, 224, 230, 234, 237, 239, 246, 248, 249, 251, 252, 253, 256, 258, 260, 262, 28, 225, 227, 242, 243, 244, 250, 254, 257, 259, 267, 269, 270, 272, 273, 274, 277, 279, 281, 283, 284, 34, 245, 247, 263, 264, 265, 271, 275, 278, 280, 289, 291, 292, 294, 295, 296, 299, 301, 303, 305, 306, 307, 308, 41, 266, 268, 285, 286, 287, 293, 297, 300, 302, 313, 315, 316, 318, 319, 320, 323, 325, 327, 329, 330, 331, 332, 333, 48, 288, 290, 309, 310, 311, 317, 321, 324, 326, 338, 340, 341, 343, 344, 345, 348, 350, 352, 354, 355, 356, 357, 358, 55, 312, 314, 334, 335, 336, 342, 346, 349, 351, 363, 365, 366, 368, 369, 370, 373, 375, 377, 379, 380, 381, 382, 383, 63, 337, 339, 359, 360, 361, 367, 371, 374, 376, 388, 390, 391, 393, 394, 395, 398, 400, 402, 404, 405, 406, 407, 408, 412, 413, 73, 362, 364, 384, 385, 386, 392, 396, 399, 401, 415, 417, 418, 420, 421, 422, 425, 427, 429, 431, 432, 433, 434, 435, 439, 440, 84, 387, 389, 409, 410, 411, 419, 423, 426, 428, 442, 444, 445, 447, 448, 449, 452, 454, 456, 458, 459, 460, 461, 462, 466, 467, 95, 414, 416, 436, 437, 438, 446, 450, 453, 455, 469, 471, 472, 474, 475, 476, 479, 481, 483, 485, 486, 487, 488, 489, 493, 494, 498, 106, 424, 441, 443, 463, 464, 465, 473, 477, 480, 482, 496, 499, 500, 502, 503, 504, 507, 509, 511, 513, 514, 515, 516, 517, 521, 522, 526, 527, 118, 451, 468, 470, 490, 491, 492, 501, 505, 508, 510, 524, 528, 529, 531, 532, 533, 536, 538, 540, 542, 543, 544, 545, 546, 550, 551, 555, 556, 0, 153, 478, 495, 506, 518, 519, 525, 530, 535, 537, 552, 554, 557, 559, 560, 561, 564, 566, 568, 570, 571, 572, 573, 574, 578, 579, 583, 584, 586, 130, 241, 497, 523, 534, 539, 549, 553, 562, 563, 577, 581, 582, 587, 588, 589, 592, 594, 596, 597, 598, 599, 600, 601, 602, 606, 607, 611, 612, 614, 143, 261, 520, 548, 558, 565, 576, 580, 590, 591, 605, 609, 610, 615, 616, 617, 620, 622, 624, 625, 626, 627, 628, 629, 630, 634, 635, 639, 640, 642, 644, 645, 158, 282, 547, 575, 585, 593, 604, 608, 618, 619, 633, 637, 638, 643, 646, 647, 650, 652, 654, 655, 656, 657, 658, 659, 660, 664, 665, 669, 670, 672, 674, 675, 170, 304, 567, 603, 613, 621, 632, 636, 648, 649, 663, 667, 668, 673, 676, 677, 680, 682, 684, 685, 686, 687, 688, 689, 690, 694, 695, 699, 700, 702, 704, 705, 707, 708, 184, 328, 595, 631, 641, 651, 662, 666, 678, 679, 693, 697, 698, 703, 706, 709, 712, 714, 716, 717, 718, 719, 720, 721, 722, 726, 727, 731, 732, 734, 736, 737, 739, 740, 743, 744, 200, 353, 623, 661, 671, 681, 692, 696, 710, 711, 725, 729, 730, 735, 738, 741, 746, 748, 750, 751, 752, 753, 754, 755, 756, 760, 761, 765, 766, 768, 770, 771, 773, 774, 777, 778, 217, 378, 653, 691, 701, 713, 724, 728, 742, 745, 759, 763, 764, 769, 772, 775, 780, 782, 784, 785, 786, 787, 788, 789, 790, 794, 795, 799, 800, 802, 804, 805, 807, 808, 811, 812, 815, 235, 403, 683, 723, 733, 747, 758, 762, 776, 779, 793, 797, 798, 803, 806, 809, 814, 817, 819, 820, 821, 822, 823, 824, 825, 829, 830, 834, 835, 837, 839, 840, 842, 843, 846, 847, 850, 851, 255, 430, 715, 757, 767, 781, 792, 796, 810, 813, 828, 832, 833, 838, 841, 844, 849, 853, 855, 856, 857, 858, 859, 860, 861, 865, 866, 870, 871, 873, 875, 876, 878, 879, 882, 883, 886, 887, 888, 40, 298, 457, 783, 791, 801, 826, 827, 836, 845, 863, 867, 868, 872, 874, 877, 884, 889, 891, 892, 893, 894, 895, 896, 897, 901, 902, 906, 907, 909, 911, 912, 914, 915, 918, 919, 922, 923, 924, 925, 926, 47, 322, 484, 816, 818, 831, 854, 862, 869, 880, 899, 903, 904, 908, 910, 913, 920, 927, 929, 930, 931, 932, 933, 934, 935, 939, 940, 944, 945, 947, 949, 950, 952, 953, 956, 957, 960, 961, 962, 963, 964, 965, 966, 967, 54, 347, 512, 848, 852, 864, 890, 898, 905, 916, 937, 941, 942, 946, 948, 951, 958, 968, 970, 971, 972, 973, 974, 975, 976, 980, 981, 985, 986, 988, 990, 991, 993, 994, 997, 998, 62, 372, 541, 881, 885, 900, 928, 936, 943, 954, 978, 982, 983, 987, 989, 992, 999, 72, 276, 397, 569, 749, 917, 921, 938, 955, 959, 969, 977, 979, 984, 995, 996]",4.47213595499958,4.47213595499958
58,840.0,"[0.0, 0.0, 0.0, 0.0, 0.0, 0.0, 0.0, 0.0, 0.0, 0.0, 0.0, 0.0, 0.0, 0.0, 0.0, 0.0, 1.0, 0.0, 0.0, 0.0, 0.0]","[0.0, 0.0, 0.0, 0.0, 0.0, 0.0, 0.0, 0.0, 0.0, 0.0, 0.0, 0.0, 0.0, 0.0, 0.0, 0.0, 0.53125, 0.0, 0.0, 0.0, 0.0]","[10, 11, 12, 14, 17, 21, 19, 24, 27, 22, 29, 30, 32, 33, 26, 35, 36, 38, 39, 31, 42, 43, 45, 46, 37, 49, 50, 52, 53, 57, 44, 56, 58, 60, 61, 65, 66, 68, 51, 64, 67, 70, 71, 75, 76, 78, 79, 59, 74, 77, 81, 82, 86, 87, 89, 90, 69, 85, 88, 92, 93, 94, 97, 98, 100, 101, 80, 96, 99, 103, 104, 105, 108, 109, 111, 112, 117, 91, 107, 110, 114, 115, 116, 120, 121, 123, 124, 129, 131, 102, 119, 122, 126, 127, 128, 133, 134, 136, 137, 142, 144, 145, 147, 113, 132, 135, 139, 140, 141, 148, 149, 151, 152, 157, 159, 160, 162, 163, 164, 125, 146, 150, 154, 155, 156, 165, 166, 168, 169, 174, 176, 177, 179, 180, 181, 138, 161, 167, 171, 172, 173, 182, 183, 185, 186, 191, 193, 194, 196, 197, 198, 201, 18, 175, 178, 187, 188, 189, 195, 199, 202, 203, 208, 210, 211, 213, 214, 215, 218, 220, 20, 190, 192, 204, 205, 206, 212, 216, 219, 221, 226, 228, 229, 231, 232, 233, 236, 238, 240, 23, 207, 209, 222, 223, 224, 230, 234, 237, 239, 246, 248, 249, 251, 252, 253, 256, 258, 260, 262, 28, 225, 227, 242, 243, 244, 250, 254, 257, 259, 267, 269, 270, 272, 273, 274, 277, 279, 281, 283, 284, 34, 245, 247, 263, 264, 265, 271, 275, 278, 280, 289, 291, 292, 294, 295, 296, 299, 301, 303, 305, 306, 307, 308, 41, 266, 268, 285, 286, 287, 293, 297, 300, 302, 313, 315, 316, 318, 319, 320, 323, 325, 327, 329, 330, 331, 332, 333, 48, 288, 290, 309, 310, 311, 317, 321, 324, 326, 338, 340, 341, 343, 344, 345, 348, 350, 352, 354, 355, 356, 357, 358, 55, 312, 314, 334, 335, 336, 342, 346, 349, 351, 363, 365, 366, 368, 369, 370, 373, 375, 377, 379, 380, 381, 382, 383, 63, 337, 339, 359, 360, 361, 367, 371, 374, 376, 388, 390, 391, 393, 394, 395, 398, 400, 402, 404, 405, 406, 407, 408, 412, 413, 73, 362, 364, 384, 385, 386, 392, 396, 399, 401, 415, 417, 418, 420, 421, 422, 425, 427, 429, 431, 432, 433, 434, 435, 439, 440, 84, 387, 389, 409, 410, 411, 419, 423, 426, 428, 442, 444, 445, 447, 448, 449, 452, 454, 456, 458, 459, 460, 461, 462, 466, 467, 95, 414, 416, 436, 437, 438, 446, 450, 453, 455, 469, 471, 472, 474, 475, 476, 479, 481, 483, 485, 486, 487, 488, 489, 493, 494, 498, 106, 441, 443, 463, 464, 465, 473, 477, 480, 482, 496, 499, 500, 502, 503, 504, 507, 509, 511, 513, 514, 515, 516, 517, 521, 522, 526, 527, 118, 451, 468, 470, 490, 491, 492, 501, 505, 508, 510, 524, 528, 529, 531, 532, 533, 536, 538, 540, 542, 543, 544, 545, 546, 550, 551, 555, 556, 0, 153, 478, 495, 506, 518, 519, 525, 530, 535, 537, 552, 554, 557, 559, 560, 561, 564, 566, 568, 570, 571, 572, 573, 574, 578, 579, 583, 584, 586, 130, 241, 497, 523, 534, 539, 549, 553, 562, 563, 577, 581, 582, 587, 588, 589, 592, 594, 596, 598, 599, 600, 601, 602, 606, 607, 611, 612, 614, 143, 261, 520, 548, 558, 565, 576, 580, 590, 591, 605, 609, 610, 615, 616, 617, 620, 622, 624, 625, 626, 627, 628, 629, 630, 634, 635, 639, 640, 642, 644, 158, 282, 547, 575, 585, 593, 604, 608, 618, 619, 633, 637, 638, 643, 646, 647, 650, 652, 654, 655, 656, 657, 658, 659, 660, 664, 665, 669, 670, 672, 674, 675, 170, 304, 567, 603, 613, 621, 632, 636, 648, 649, 663, 667, 668, 673, 676, 677, 680, 682, 684, 685, 686, 687, 688, 689, 690, 694, 695, 699, 700, 702, 704, 705, 707, 708, 184, 328, 595, 631, 641, 651, 662, 666, 678, 679, 693, 697, 698, 703, 706, 709, 712, 714, 716, 717, 718, 719, 720, 721, 722, 726, 727, 731, 732, 734, 736, 737, 739, 740, 743, 744, 200, 353, 623, 661, 671, 681, 692, 696, 710, 711, 725, 729, 730, 735, 738, 741, 746, 748, 750, 751, 752, 753, 754, 755, 756, 760, 761, 765, 766, 768, 770, 771, 773, 774, 777, 778, 217, 378, 653, 691, 701, 713, 724, 728, 742, 745, 759, 763, 764, 769, 772, 775, 780, 782, 784, 785, 786, 787, 788, 789, 790, 794, 795, 799, 800, 802, 804, 805, 807, 808, 811, 812, 815, 235, 403, 683, 723, 733, 747, 758, 762, 776, 779, 793, 797, 798, 803, 806, 809, 814, 817, 819, 820, 821, 822, 823, 824, 825, 829, 830, 834, 835, 837, 839, 840, 842, 843, 846, 847, 850, 851, 255, 430, 715, 757, 767, 781, 792, 796, 810, 813, 828, 832, 833, 838, 841, 844, 849, 853, 855, 856, 857, 858, 859, 860, 861, 865, 866, 870, 871, 873, 875, 876, 878, 879, 882, 883, 886, 887, 888, 40, 298, 457, 783, 791, 801, 826, 827, 836, 845, 863, 867, 868, 872, 874, 877, 884, 889, 891, 892, 893, 894, 895, 896, 897, 901, 902, 906, 907, 909, 911, 912, 914, 915, 918, 919, 922, 923, 924, 925, 926, 47, 322, 484, 816, 818, 831, 854, 862, 869, 880, 899, 903, 904, 908, 910, 913, 920, 927, 929, 930, 931, 932, 933, 934, 935, 939, 940, 944, 945, 947, 949, 950, 952, 953, 956, 957, 960, 961, 962, 963, 964, 965, 966, 967, 54, 347, 512, 848, 852, 864, 890, 898, 905, 916, 937, 941, 942, 946, 948, 951, 958, 968, 970, 971, 972, 973, 974, 975, 976, 980, 981, 985, 986, 988, 990, 991, 993, 994, 997, 998, 62, 372, 541, 881, 885, 900, 928, 936, 943, 954, 978, 982, 983, 987, 989, 992, 999, 72, 397, 569, 917, 921, 938, 969, 977, 984, 995, 83, 276, 424, 597, 645, 749, 955, 959, 979, 996]",4.47213595499958,4.47213595499958
59,840.0,"[0.0, 0.0, 0.0, 0.0, 0.0, 0.0, 0.0, 0.0, 0.0, 0.0, 0.0, 0.0, 0.0, 0.0, 0.0, 0.0, 1.0, 0.0, 0.0, 0.0, 0.0]","[0.0, 0.0, 0.0, 0.0, 0.0, 0.0, 0.0, 0.0, 0.0, 0.0, 0.0, 0.0, 0.0, 0.0, 0.0, 0.0, 0.53125, 0.0, 0.0, 0.0, 0.0]","[10, 11, 12, 14, 17, 21, 19, 24, 27, 22, 29, 30, 32, 33, 26, 35, 36, 38, 39, 31, 42, 43, 45, 46, 37, 49, 50, 52, 53, 57, 44, 56, 58, 60, 61, 65, 66, 68, 51, 64, 67, 70, 71, 75, 76, 78, 79, 59, 74, 77, 81, 82, 86, 87, 89, 90, 69, 85, 88, 92, 93, 97, 98, 100, 101, 80, 96, 99, 103, 104, 105, 108, 109, 111, 112, 117, 91, 107, 110, 114, 115, 116, 120, 121, 123, 124, 129, 131, 102, 119, 122, 126, 127, 128, 133, 134, 136, 137, 142, 144, 145, 147, 113, 132, 135, 139, 140, 141, 148, 149, 151, 152, 157, 159, 160, 162, 163, 164, 125, 146, 150, 154, 155, 156, 165, 166, 168, 169, 174, 176, 177, 179, 180, 181, 138, 161, 167, 171, 172, 173, 182, 183, 185, 186, 191, 193, 194, 196, 197, 198, 201, 18, 175, 178, 187, 188, 189, 195, 199, 202, 203, 208, 210, 211, 213, 214, 215, 218, 220, 20, 190, 192, 204, 205, 206, 212, 216, 219, 221, 226, 228, 229, 231, 232, 233, 236, 238, 240, 23, 207, 209, 222, 223, 224, 230, 234, 237, 239, 246, 248, 249, 251, 252, 253, 256, 258, 260, 262, 28, 225, 227, 242, 243, 244, 250, 254, 257, 259, 267, 269, 270, 272, 273, 274, 277, 279, 281, 283, 284, 34, 245, 247, 263, 264, 265, 271, 275, 278, 280, 289, 291, 292, 294, 295, 296, 299, 301, 303, 305, 306, 307, 308, 41, 266, 268, 285, 286, 287, 293, 297, 300, 302, 313, 315, 316, 318, 319, 320, 323, 325, 327, 329, 330, 331, 332, 333, 48, 288, 290, 309, 310, 311, 317, 321, 324, 326, 338, 340, 341, 343, 344, 345, 348, 350, 352, 354, 355, 356, 357, 358, 55, 312, 314, 334, 335, 336, 342, 346, 349, 351, 363, 365, 366, 368, 369, 370, 373, 375, 377, 379, 380, 381, 382, 383, 63, 337, 339, 359, 360, 361, 367, 371, 374, 376, 388, 390, 391, 393, 394, 395, 398, 400, 402, 404, 405, 406, 407, 408, 412, 413, 73, 362, 364, 384, 385, 386, 392, 396, 399, 401, 415, 417, 418, 420, 421, 422, 425, 427, 429, 431, 432, 433, 434, 435, 439, 440, 84, 387, 389, 409, 410, 411, 419, 423, 426, 428, 442, 444, 445, 447, 448, 449, 452, 454, 456, 458, 459, 460, 461, 462, 466, 467, 95, 414, 416, 436, 437, 438, 446, 450, 453, 455, 469, 471, 472, 474, 475, 476, 479, 481, 483, 485, 486, 487, 488, 489, 493, 494, 498, 106, 441, 443, 463, 464, 465, 473, 477, 480, 482, 496, 499, 500, 502, 503, 504, 507, 509, 511, 513, 514, 515, 516, 517, 521, 522, 526, 527, 118, 468, 470, 490, 491, 492, 501, 505, 508, 510, 524, 528, 529, 531, 532, 533, 536, 538, 540, 542, 543, 544, 545, 546, 550, 551, 555, 556, 0, 153, 478, 495, 506, 518, 519, 525, 530, 535, 537, 552, 554, 557, 559, 560, 561, 564, 566, 568, 570, 571, 572, 573, 574, 578, 579, 583, 584, 586, 130, 241, 497, 523, 534, 539, 549, 553, 562, 563, 577, 581, 582, 587, 588, 589, 592, 594, 596, 598, 599, 600, 601, 602, 606, 607, 611, 612, 614, 143, 261, 520, 548, 558, 565, 576, 580, 590, 591, 605, 609, 610, 615, 616, 617, 620, 622, 624, 626, 627, 628, 629, 630, 634, 635, 639, 640, 642, 644, 158, 282, 547, 575, 585, 593, 604, 608, 618, 619, 633, 637, 638, 643, 646, 647, 650, 652, 654, 655, 656, 657, 658, 659, 660, 664, 665, 669, 670, 672, 674, 170, 304, 567, 603, 613, 621, 632, 636, 648, 649, 663, 667, 668, 673, 676, 677, 680, 682, 684, 685, 686, 687, 688, 689, 690, 694, 695, 699, 700, 702, 704, 705, 707, 708, 184, 328, 595, 631, 641, 651, 662, 666, 678, 679, 693, 697, 698, 703, 706, 709, 712, 714, 716, 717, 718, 719, 720, 721, 722, 726, 727, 731, 732, 734, 736, 737, 739, 740, 743, 744, 200, 353, 623, 661, 671, 681, 692, 696, 710, 711, 725, 729, 730, 735, 738, 741, 746, 748, 750, 751, 752, 753, 754, 755, 756, 760, 761, 765, 766, 768, 770, 771, 773, 774, 777, 778, 217, 378, 653, 691, 701, 713, 724, 728, 742, 745, 759, 763, 764, 769, 772, 775, 780, 782, 784, 785, 786, 787, 788, 789, 790, 794, 795, 799, 800, 802, 804, 805, 807, 808, 811, 812, 815, 235, 403, 683, 723, 733, 747, 758, 762, 776, 779, 793, 797, 798, 803, 806, 809, 814, 817, 819, 820, 821, 822, 823, 824, 825, 829, 830, 834, 835, 837, 839, 840, 842, 843, 846, 847, 850, 851, 255, 430, 715, 757, 767, 781, 792, 796, 810, 813, 828, 832, 833, 838, 841, 844, 849, 853, 855, 856, 857, 858, 859, 860, 861, 865, 866, 870, 871, 873, 875, 876, 878, 879, 882, 883, 886, 887, 888, 40, 298, 457, 783, 791, 801, 826, 827, 836, 845, 863, 867, 868, 872, 874, 877, 884, 889, 891, 892, 893, 894, 895, 896, 897, 901, 902, 906, 907, 909, 911, 912, 914, 915, 918, 919, 922, 923, 924, 925, 926, 47, 322, 484, 816, 818, 831, 854, 862, 869, 880, 899, 903, 904, 908, 910, 913, 920, 927, 929, 930, 931, 932, 933, 934, 935, 939, 940, 944, 945, 947, 949, 950, 952, 953, 956, 957, 960, 961, 962, 963, 964, 965, 966, 967, 54, 347, 512, 848, 852, 864, 890, 898, 905, 916, 937, 941, 942, 946, 948, 951, 958, 968, 970, 971, 972, 973, 974, 975, 976, 980, 981, 985, 986, 988, 990, 991, 993, 994, 997, 998, 62, 372, 541, 881, 885, 900, 928, 936, 943, 954, 978, 982, 983, 987, 989, 992, 999, 72, 397, 569, 917, 921, 938, 969, 977, 984, 995, 83, 424, 597, 749, 955, 959, 94, 276, 451, 625, 645, 675, 979, 996]",4.47213595499958,4.47213595499958
60,840.0,"[0.0, 0.0, 0.0, 0.0, 0.0, 0.0, 0.0, 0.0, 0.0, 0.0, 0.0, 0.0, 0.0, 0.0, 0.0, 0.0, 0.9375, 0.0, 0.0, 0.0, 0.0]","[0.0, 0.0, 0.0, 0.0, 0.0, 0.0, 0.0, 0.0, 0.0, 0.0, 0.0, 0.0, 0.0, 0.0, 0.0, 0.0, 0.46875, 0.0, 0.0, 0.0, 0.0]","[10, 11, 12, 14, 17, 21, 19, 24, 27, 22, 29, 30, 32, 33, 26, 35, 36, 38, 39, 31, 42, 43, 45, 46, 37, 49, 50, 52, 53, 57, 44, 56, 58, 60, 61, 65, 66, 68, 51, 64, 67, 70, 71, 75, 76, 78, 79, 59, 74, 77, 81, 82, 86, 87, 89, 90, 69, 85, 88, 92, 93, 97, 98, 100, 101, 80, 96, 99, 103, 104, 108, 109, 111, 112, 117, 91, 107, 110, 114, 115, 116, 120, 121, 123, 124, 129, 131, 102, 119, 122, 126, 127, 128, 133, 134, 136, 137, 142, 144, 145, 147, 113, 132, 135, 139, 140, 141, 148, 149, 151, 152, 157, 159, 160, 162, 163, 164, 125, 146, 150, 154, 155, 156, 165, 166, 168, 169, 174, 176, 177, 179, 180, 181, 138, 161, 167, 171, 172, 173, 182, 183, 185, 186, 191, 193, 194, 196, 197, 198, 201, 18, 175, 178, 187, 188, 189, 195, 199, 202, 203, 208, 210, 211, 213, 214, 215, 218, 220, 20, 190, 192, 204, 205, 206, 212, 216, 219, 221, 226, 228, 229, 231, 232, 233, 236, 238, 240, 23, 207, 209, 222, 223, 224, 230, 234, 237, 239, 246, 248, 249, 251, 252, 253, 256, 258, 260, 262, 28, 225, 227, 242, 243, 244, 250, 254, 257, 259, 267, 269, 270, 272, 273, 274, 277, 279, 281, 283, 284, 34, 245, 247, 263, 264, 265, 271, 275, 278, 280, 289, 291, 292, 294, 295, 296, 299, 301, 303, 305, 306, 307, 308, 41, 266, 268, 285, 286, 287, 293, 297, 300, 302, 313, 315, 316, 318, 319, 320, 323, 325, 327, 329, 330, 331, 332, 333, 48, 288, 290, 309, 310, 311, 317, 321, 324, 326, 338, 340, 341, 343, 344, 345, 348, 350, 352, 354, 355, 356, 357, 358, 55, 312, 314, 334, 335, 336, 342, 346, 349, 351, 363, 365, 366, 368, 369, 370, 373, 375, 377, 379, 380, 381, 382, 383, 63, 337, 339, 359, 360, 361, 367, 371, 374, 376, 388, 390, 391, 393, 394, 395, 398, 400, 402, 404, 405, 406, 407, 408, 412, 413, 73, 362, 364, 384, 385, 386, 392, 396, 399, 401, 415, 417, 418, 420, 421, 422, 425, 427, 429, 431, 432, 433, 434, 435, 439, 440, 84, 387, 389, 409, 410, 411, 419, 423, 426, 428, 442, 444, 445, 447, 448, 449, 452, 454, 456, 458, 459, 460, 461, 462, 466, 467, 95, 414, 416, 436, 437, 438, 446, 450, 453, 455, 469, 471, 472, 474, 475, 476, 479, 481, 483, 485, 486, 487, 488, 489, 493, 494, 498, 106, 441, 443, 463, 464, 465, 473, 477, 480, 482, 496, 499, 500, 502, 503, 504, 507, 509, 511, 513, 514, 515, 516, 517, 521, 522, 526, 527, 118, 468, 470, 490, 491, 492, 501, 505, 508, 510, 524, 528, 529, 531, 532, 533, 536, 538, 540, 542, 543, 544, 545, 546, 550, 551, 555, 556, 0, 478, 495, 506, 518, 519, 525, 530, 535, 537, 552, 554, 557, 559, 560, 561, 564, 566, 568, 570, 571, 572, 573, 574, 578, 579, 583, 584, 586, 130, 241, 497, 523, 534, 539, 549, 553, 562, 563, 577, 581, 582, 587, 588, 589, 592, 594, 596, 598, 599, 600, 601, 602, 606, 607, 611, 612, 614, 143, 261, 520, 548, 558, 565, 576, 580, 590, 591, 605, 609, 610, 615, 616, 617, 620, 622, 624, 626, 627, 628, 629, 630, 634, 635, 639, 640, 642, 644, 158, 282, 547, 575, 585, 593, 604, 608, 618, 619, 633, 637, 638, 643, 646, 647, 650, 652, 654, 656, 657, 658, 659, 660, 664, 665, 669, 670, 672, 674, 170, 304, 567, 603, 613, 621, 632, 636, 648, 649, 663, 667, 668, 673, 676, 677, 680, 682, 684, 685, 686, 687, 688, 689, 690, 694, 695, 699, 700, 702, 704, 707, 708, 184, 328, 595, 631, 641, 651, 662, 666, 678, 679, 693, 697, 698, 703, 706, 709, 712, 714, 716, 717, 718, 719, 720, 721, 722, 726, 727, 731, 732, 734, 736, 737, 739, 740, 743, 744, 200, 353, 623, 661, 671, 681, 692, 696, 710, 711, 725, 729, 730, 735, 738, 741, 746, 748, 750, 751, 752, 753, 754, 755, 756, 760, 761, 765, 766, 768, 770, 771, 773, 774, 777, 778, 217, 378, 653, 691, 701, 713, 724, 728, 742, 745, 759, 763, 764, 769, 772, 775, 780, 782, 784, 785, 786, 787, 788, 789, 790, 794, 795, 799, 800, 802, 804, 805, 807, 808, 811, 812, 815, 235, 403, 683, 723, 733, 747, 758, 762, 776, 779, 793, 797, 798, 803, 806, 809, 814, 817, 819, 820, 821, 822, 823, 824, 825, 829, 830, 834, 835, 837, 839, 840, 842, 843, 846, 847, 850, 851, 255, 430, 715, 757, 767, 781, 792, 796, 810, 813, 828, 832, 833, 838, 841, 844, 849, 853, 855, 856, 857, 858, 859, 860, 861, 865, 866, 870, 871, 873, 875, 876, 878, 879, 882, 883, 886, 887, 888, 40, 298, 457, 783, 791, 801, 826, 827, 836, 845, 863, 867, 868, 872, 874, 877, 884, 889, 891, 892, 893, 894, 895, 896, 897, 901, 902, 906, 907, 909, 911, 912, 914, 915, 918, 919, 922, 923, 924, 925, 926, 47, 322, 484, 816, 818, 831, 854, 862, 869, 880, 899, 903, 904, 908, 910, 913, 920, 927, 929, 930, 931, 932, 933, 934, 935, 939, 940, 944, 945, 947, 949, 950, 952, 953, 956, 957, 960, 961, 962, 963, 964, 965, 966, 967, 54, 347, 512, 848, 852, 864, 890, 898, 905, 916, 937, 941, 942, 946, 948, 951, 958, 968, 970, 971, 972, 973, 974, 975, 976, 980, 981, 985, 986, 988, 990, 991, 993, 994, 997, 998, 62, 372, 541, 881, 885, 900, 928, 936, 943, 954, 978, 982, 983, 987, 989, 992, 999, 72, 397, 569, 917, 921, 938, 969, 977, 984, 995, 83, 424, 597, 749, 955, 959, 94, 451, 625, 675, 979, 996, 1, 105, 153, 276, 645, 655, 705]",4.47213595499958,4.47213595499958
61,840.0,"[0.0, 0.0, 0.0, 0.0, 0.0, 0.0, 0.0, 0.0, 0.0, 0.0, 0.0, 0.0, 0.0, 0.0, 0.0, 0.0, 1.0, 0.0, 0.0, 0.0, 0.0]","[0.0, 0.0, 0.0, 0.0, 0.0, 0.0, 0.0, 0.0, 0.0, 0.0, 0.0, 0.0, 0.0, 0.0, 0.0, 0.0, 0.5, 0.0, 0.0, 0.0, 0.0]","[10, 11, 12, 14, 17, 21, 19, 24, 27, 22, 29, 32, 26, 35, 36, 38, 39, 31, 42, 43, 45, 46, 37, 49, 50, 52, 53, 57, 44, 56, 58, 60, 61, 65, 66, 68, 51, 64, 67, 70, 71, 75, 76, 78, 79, 59, 74, 77, 81, 82, 86, 87, 89, 90, 69, 85, 88, 92, 93, 97, 98, 100, 101, 80, 96, 99, 103, 104, 108, 109, 111, 112, 117, 91, 107, 110, 114, 115, 120, 121, 123, 124, 129, 131, 102, 119, 122, 126, 127, 128, 133, 134, 136, 137, 142, 144, 145, 147, 113, 132, 135, 139, 140, 141, 148, 149, 151, 152, 157, 159, 160, 162, 163, 164, 125, 146, 150, 154, 155, 156, 165, 166, 168, 169, 174, 176, 177, 179, 180, 181, 138, 161, 167, 171, 172, 173, 182, 183, 185, 186, 191, 193, 194, 196, 197, 198, 201, 18, 175, 178, 187, 188, 189, 195, 199, 202, 203, 208, 210, 211, 213, 214, 215, 218, 220, 20, 190, 192, 204, 205, 206, 212, 216, 219, 221, 226, 228, 229, 231, 232, 233, 236, 238, 240, 23, 207, 209, 222, 223, 224, 230, 234, 237, 239, 246, 248, 249, 251, 252, 253, 256, 258, 260, 262, 28, 225, 227, 242, 243, 244, 250, 254, 257, 259, 267, 269, 270, 272, 273, 274, 277, 279, 281, 283, 284, 34, 245, 247, 263, 264, 265, 271, 275, 278, 280, 289, 291, 292, 294, 295, 296, 299, 301, 303, 305, 306, 307, 308, 41, 266, 268, 285, 286, 287, 293, 297, 300, 302, 313, 315, 316, 318, 319, 320, 323, 325, 327, 329, 330, 331, 332, 333, 48, 288, 290, 309, 310, 311, 317, 321, 324, 326, 338, 340, 341, 343, 344, 345, 348, 350, 352, 354, 355, 356, 357, 358, 55, 312, 314, 334, 335, 336, 342, 346, 349, 351, 363, 365, 366, 368, 369, 370, 373, 375, 377, 379, 380, 381, 382, 383, 63, 337, 339, 359, 360, 361, 367, 371, 374, 376, 388, 390, 391, 393, 394, 395, 398, 400, 402, 404, 405, 406, 407, 408, 412, 413, 73, 362, 364, 384, 385, 386, 392, 396, 399, 401, 415, 417, 418, 420, 421, 422, 425, 427, 429, 431, 432, 433, 434, 435, 439, 440, 84, 387, 389, 409, 410, 411, 419, 423, 426, 428, 442, 444, 445, 447, 448, 449, 452, 454, 456, 458, 459, 460, 461, 462, 466, 467, 95, 414, 416, 436, 437, 438, 446, 450, 453, 455, 469, 471, 472, 474, 475, 476, 479, 481, 483, 485, 486, 487, 488, 489, 493, 494, 498, 106, 441, 443, 463, 464, 465, 473, 477, 480, 482, 496, 499, 500, 502, 503, 504, 507, 509, 511, 513, 514, 515, 516, 517, 521, 522, 526, 527, 118, 468, 470, 490, 491, 492, 501, 505, 508, 510, 524, 528, 529, 531, 532, 533, 536, 538, 540, 542, 543, 544, 545, 546, 550, 551, 555, 556, 0, 478, 495, 506, 518, 519, 525, 530, 535, 537, 552, 554, 557, 559, 560, 561, 564, 566, 568, 570, 571, 572, 573, 574, 578, 579, 583, 584, 586, 130, 497, 523, 534, 539, 549, 553, 562, 563, 577, 581, 582, 587, 588, 589, 592, 594, 596, 598, 599, 600, 601, 602, 606, 607, 611, 612, 614, 143, 261, 520, 548, 558, 565, 576, 580, 590, 591, 605, 609, 610, 615, 616, 617, 620, 622, 624, 626, 627, 628, 629, 630, 634, 635, 639, 640, 642, 644, 158, 282, 547, 575, 585, 593, 604, 608, 618, 619, 633, 637, 638, 643, 646, 647, 650, 652, 654, 656, 657, 658, 659, 660, 664, 665, 669, 670, 672, 674, 170, 304, 567, 603, 613, 621, 632, 636, 648, 649, 663, 667, 668, 673, 676, 677, 680, 682, 684, 686, 687, 688, 689, 690, 694, 695, 699, 700, 702, 704, 707, 708, 184, 328, 595, 631, 641, 651, 662, 666, 678, 679, 693, 697, 698, 703, 706, 709, 712, 714, 716, 717, 718, 719, 720, 721, 722, 726, 727, 731, 732, 734, 736, 739, 740, 743, 744, 200, 353, 623, 661, 671, 681, 692, 696, 710, 711, 725, 729, 730, 735, 738, 741, 746, 748, 750, 751, 752, 753, 754, 755, 756, 760, 761, 765, 766, 768, 770, 771, 773, 774, 777, 778, 217, 378, 653, 691, 701, 713, 724, 728, 742, 745, 759, 763, 764, 769, 772, 775, 780, 782, 784, 785, 786, 787, 788, 789, 790, 794, 795, 799, 800, 802, 804, 805, 807, 808, 811, 812, 815, 235, 403, 683, 723, 733, 747, 758, 762, 776, 779, 793, 797, 798, 803, 806, 809, 814, 817, 819, 820, 821, 822, 823, 824, 825, 829, 830, 834, 835, 837, 839, 840, 842, 843, 846, 847, 850, 851, 255, 430, 715, 757, 767, 781, 792, 796, 810, 813, 828, 832, 833, 838, 841, 844, 849, 853, 855, 856, 857, 858, 859, 860, 861, 865, 866, 870, 871, 873, 875, 876, 878, 879, 882, 883, 886, 887, 888, 40, 298, 457, 783, 791, 801, 826, 827, 836, 845, 863, 867, 868, 872, 874, 877, 884, 889, 891, 892, 893, 894, 895, 896, 897, 901, 902, 906, 907, 909, 911, 912, 914, 915, 918, 919, 922, 923, 924, 925, 926, 47, 322, 484, 816, 818, 831, 854, 862, 869, 880, 899, 903, 904, 908, 910, 913, 920, 927, 929, 930, 931, 932, 933, 934, 935, 939, 940, 944, 945, 947, 949, 950, 952, 953, 956, 957, 960, 961, 962, 963, 964, 965, 966, 967, 54, 347, 512, 848, 852, 864, 890, 898, 905, 916, 937, 941, 942, 946, 948, 951, 958, 968, 970, 971, 972, 973, 974, 975, 976, 980, 981, 985, 986, 988, 990, 991, 993, 994, 997, 998, 62, 372, 541, 881, 885, 900, 928, 936, 943, 954, 978, 982, 983, 987, 989, 992, 999, 72, 397, 569, 917, 921, 938, 969, 977, 984, 995, 83, 424, 597, 749, 955, 959, 94, 451, 625, 675, 979, 996, 1, 153, 276, 655, 705, 105, 116, 241, 645, 685, 737]",4.47213595499958,4.47213595499958
62,840.0,"[0.0, 0.0, 0.0, 0.0, 0.0, 0.0, 0.0, 0.0, 0.0, 0.0, 0.0, 0.0, 0.0, 0.0, 0.0, 0.0, 1.0, 0.0, 0.0, 0.0, 0.0]","[0.0, 0.0, 0.0, 0.0, 0.0, 0.0, 0.0, 0.0, 0.0, 0.0, 0.0, 0.0, 0.0, 0.0, 0.0, 0.0, 0.5, 0.0, 0.0, 0.0, 0.0]","[10, 11, 12, 14, 17, 21, 19, 24, 27, 22, 29, 32, 26, 35, 36, 38, 39, 31, 42, 43, 45, 46, 37, 49, 50, 52, 53, 57, 44, 56, 58, 60, 61, 65, 66, 68, 51, 64, 67, 70, 71, 75, 76, 78, 79, 59, 74, 77, 81, 82, 86, 87, 89, 90, 69, 85, 88, 92, 93, 97, 98, 100, 101, 80, 96, 99, 103, 104, 108, 109, 111, 112, 117, 91, 107, 110, 114, 115, 120, 121, 123, 124, 129, 131, 102, 119, 122, 126, 127, 133, 134, 136, 137, 142, 144, 145, 147, 113, 132, 135, 139, 140, 141, 148, 149, 151, 152, 157, 159, 160, 162, 163, 164, 125, 146, 150, 154, 155, 156, 165, 166, 168, 169, 174, 176, 177, 179, 180, 181, 138, 161, 167, 171, 172, 173, 182, 183, 185, 186, 191, 193, 194, 196, 197, 198, 201, 18, 175, 178, 187, 188, 189, 195, 199, 202, 203, 208, 210, 211, 213, 214, 215, 218, 220, 20, 190, 192, 204, 205, 206, 212, 216, 219, 221, 226, 228, 229, 231, 232, 233, 236, 238, 240, 23, 207, 209, 222, 223, 224, 230, 234, 237, 239, 246, 248, 249, 251, 252, 253, 256, 258, 260, 262, 28, 225, 227, 242, 243, 244, 250, 254, 257, 259, 267, 269, 270, 272, 273, 274, 277, 279, 281, 283, 284, 34, 245, 247, 263, 264, 265, 271, 275, 278, 280, 289, 291, 292, 294, 295, 296, 299, 301, 303, 305, 306, 307, 308, 41, 266, 268, 285, 286, 287, 293, 297, 300, 302, 313, 315, 316, 318, 319, 320, 323, 325, 327, 329, 330, 331, 332, 333, 48, 288, 290, 309, 310, 311, 317, 321, 324, 326, 338, 340, 341, 343, 344, 345, 348, 350, 352, 354, 355, 356, 357, 358, 55, 312, 314, 334, 335, 336, 342, 346, 349, 351, 363, 365, 366, 368, 369, 370, 373, 375, 377, 379, 380, 381, 382, 383, 63, 337, 339, 359, 360, 361, 367, 371, 374, 376, 388, 390, 391, 393, 394, 395, 398, 400, 402, 404, 405, 406, 407, 408, 412, 413, 73, 362, 364, 384, 385, 386, 392, 396, 399, 401, 415, 417, 418, 420, 421, 422, 425, 427, 429, 431, 432, 433, 434, 435, 439, 440, 84, 387, 389, 409, 410, 411, 419, 423, 426, 428, 442, 444, 445, 447, 448, 449, 452, 454, 456, 458, 459, 460, 461, 462, 466, 467, 95, 414, 416, 436, 437, 438, 446, 450, 453, 455, 469, 471, 472, 474, 475, 476, 479, 481, 483, 485, 486, 487, 488, 489, 493, 494, 498, 106, 441, 443, 463, 464, 465, 473, 477, 480, 482, 496, 499, 500, 502, 503, 504, 507, 509, 511, 513, 514, 515, 516, 517, 521, 522, 526, 527, 118, 468, 470, 490, 491, 492, 501, 505, 508, 510, 524, 528, 529, 531, 532, 533, 536, 538, 540, 542, 543, 544, 545, 546, 550, 551, 555, 556, 0, 478, 495, 506, 518, 519, 525, 530, 535, 537, 552, 554, 557, 559, 560, 561, 564, 566, 568, 570, 571, 572, 573, 574, 578, 579, 583, 584, 586, 130, 497, 523, 534, 539, 549, 553, 562, 563, 577, 581, 582, 587, 588, 589, 592, 594, 596, 598, 599, 600, 601, 602, 606, 607, 611, 612, 614, 143, 520, 548, 558, 565, 576, 580, 590, 591, 605, 609, 610, 615, 616, 617, 620, 622, 624, 626, 627, 628, 629, 630, 634, 635, 639, 640, 642, 644, 158, 282, 547, 575, 585, 593, 604, 608, 618, 619, 633, 637, 638, 643, 646, 647, 650, 652, 654, 656, 657, 658, 659, 660, 664, 665, 669, 670, 672, 674, 170, 304, 567, 603, 613, 621, 632, 636, 648, 649, 663, 667, 668, 673, 676, 677, 680, 682, 684, 686, 687, 688, 689, 690, 694, 695, 699, 700, 702, 704, 707, 708, 184, 328, 595, 631, 641, 651, 662, 666, 678, 679, 693, 697, 698, 703, 706, 709, 712, 714, 716, 718, 719, 720, 721, 722, 726, 727, 731, 732, 734, 736, 739, 740, 743, 744, 200, 353, 623, 661, 671, 681, 692, 696, 710, 711, 725, 729, 730, 735, 738, 741, 746, 748, 750, 751, 752, 753, 754, 755, 756, 760, 761, 765, 766, 768, 770, 773, 774, 777, 778, 217, 378, 653, 691, 701, 713, 724, 728, 742, 745, 759, 763, 764, 769, 772, 775, 780, 782, 784, 785, 786, 787, 788, 789, 790, 794, 795, 799, 800, 802, 804, 805, 807, 808, 811, 812, 815, 235, 403, 683, 723, 733, 747, 758, 762, 776, 779, 793, 797, 798, 803, 806, 809, 814, 817, 819, 820, 821, 822, 823, 824, 825, 829, 830, 834, 835, 837, 839, 840, 842, 843, 846, 847, 850, 851, 255, 430, 715, 757, 767, 781, 792, 796, 810, 813, 828, 832, 833, 838, 841, 844, 849, 853, 855, 856, 857, 858, 859, 860, 861, 865, 866, 870, 871, 873, 875, 876, 878, 879, 882, 883, 886, 887, 888, 40, 298, 457, 783, 791, 801, 826, 827, 836, 845, 863, 867, 868, 872, 874, 877, 884, 889, 891, 892, 893, 894, 895, 896, 897, 901, 902, 906, 907, 909, 911, 912, 914, 915, 918, 919, 922, 923, 924, 925, 926, 47, 322, 484, 816, 818, 831, 854, 862, 869, 880, 899, 903, 904, 908, 910, 913, 920, 927, 929, 930, 931, 932, 933, 934, 935, 939, 940, 944, 945, 947, 949, 950, 952, 953, 956, 957, 960, 961, 962, 963, 964, 965, 966, 967, 54, 347, 512, 848, 852, 864, 890, 898, 905, 916, 937, 941, 942, 946, 948, 951, 958, 968, 970, 971, 972, 973, 974, 975, 976, 980, 981, 985, 986, 988, 990, 991, 993, 994, 997, 998, 62, 372, 541, 881, 885, 900, 928, 936, 943, 954, 978, 982, 983, 987, 989, 992, 999, 72, 397, 569, 917, 921, 938, 969, 977, 984, 995, 83, 424, 597, 749, 955, 959, 94, 451, 625, 675, 979, 996, 1, 153, 276, 655, 705, 105, 241, 645, 737, 116, 128, 261, 685, 717, 771]",4.47213595499958,4.47213595499958
63,840.0,"[0.0, 0.0, 0.0, 0.0, 0.0, 0.0, 0.0, 0.0, 0.0, 0.0, 0.0, 0.0, 0.0, 0.0, 0.0, 0.0, 1.0, 0.0, 0.0, 0.0, 0.0]","[0.0, 0.0, 0.0, 0.0, 0.0, 0.0, 0.0, 0.0, 0.0, 0.0, 0.0, 0.0, 0.0, 0.0, 0.0, 0.0, 0.5, 0.0, 0.0, 0.0, 0.0]","[10, 11, 12, 14, 17, 21, 19, 24, 27, 22, 29, 32, 26, 35, 36, 38, 39, 31, 42, 43, 45, 46, 37, 49, 50, 52, 53, 57, 44, 56, 58, 60, 61, 65, 66, 51, 64, 67, 70, 71, 75, 76, 78, 79, 59, 74, 77, 81, 82, 86, 87, 89, 90, 69, 85, 88, 92, 93, 97, 98, 100, 101, 80, 96, 99, 103, 104, 108, 109, 111, 112, 117, 91, 107, 110, 114, 115, 120, 121, 123, 124, 129, 131, 102, 119, 122, 126, 127, 133, 134, 136, 137, 142, 144, 145, 147, 113, 132, 135, 139, 140, 148, 149, 151, 152, 157, 159, 160, 162, 163, 164, 125, 146, 150, 154, 155, 156, 165, 166, 168, 169, 174, 176, 177, 179, 180, 181, 138, 161, 167, 171, 172, 173, 182, 183, 185, 186, 191, 193, 194, 196, 197, 198, 201, 18, 175, 178, 187, 188, 189, 195, 199, 202, 203, 208, 210, 211, 213, 214, 215, 218, 220, 20, 190, 192, 204, 205, 206, 212, 216, 219, 221, 226, 228, 229, 231, 232, 233, 236, 238, 240, 23, 207, 209, 222, 223, 224, 230, 234, 237, 239, 246, 248, 249, 251, 252, 253, 256, 258, 260, 262, 28, 225, 227, 242, 243, 244, 250, 254, 257, 259, 267, 269, 270, 272, 273, 274, 277, 279, 281, 283, 284, 34, 245, 247, 263, 264, 265, 271, 275, 278, 280, 289, 291, 292, 294, 295, 296, 299, 301, 303, 305, 306, 307, 308, 41, 266, 268, 285, 286, 287, 293, 297, 300, 302, 313, 315, 316, 318, 319, 320, 323, 325, 327, 329, 330, 331, 332, 333, 48, 288, 290, 309, 310, 311, 317, 321, 324, 326, 338, 340, 341, 343, 344, 345, 348, 350, 352, 354, 355, 356, 357, 358, 55, 312, 314, 334, 335, 336, 342, 346, 349, 351, 363, 365, 366, 368, 369, 370, 373, 375, 377, 379, 380, 381, 382, 383, 63, 337, 339, 359, 360, 361, 367, 371, 374, 376, 388, 390, 391, 393, 394, 395, 398, 400, 402, 404, 405, 406, 407, 408, 412, 413, 73, 362, 364, 384, 385, 386, 392, 396, 399, 401, 415, 417, 418, 420, 421, 422, 425, 427, 429, 431, 432, 433, 434, 435, 439, 440, 84, 387, 389, 409, 410, 411, 419, 423, 426, 428, 442, 444, 445, 447, 448, 449, 452, 454, 456, 458, 459, 460, 461, 462, 466, 467, 95, 414, 416, 436, 437, 438, 446, 450, 453, 455, 469, 471, 472, 474, 475, 476, 479, 481, 483, 485, 486, 487, 488, 489, 493, 494, 498, 106, 441, 443, 463, 464, 465, 473, 477, 480, 482, 496, 499, 500, 502, 503, 504, 507, 509, 511, 513, 514, 515, 516, 517, 521, 522, 526, 527, 118, 468, 470, 490, 491, 492, 501, 505, 508, 510, 524, 528, 529, 531, 532, 533, 536, 538, 540, 542, 543, 544, 545, 546, 550, 551, 555, 556, 0, 478, 495, 506, 518, 519, 525, 530, 535, 537, 552, 554, 557, 559, 560, 561, 564, 566, 568, 570, 571, 572, 573, 574, 578, 579, 583, 584, 586, 130, 497, 523, 534, 539, 549, 553, 562, 563, 577, 581, 582, 587, 588, 589, 592, 594, 596, 598, 599, 600, 601, 602, 606, 607, 611, 612, 614, 143, 520, 548, 558, 565, 576, 580, 590, 591, 605, 609, 610, 615, 616, 617, 620, 622, 624, 626, 627, 628, 629, 630, 634, 635, 639, 640, 642, 644, 158, 547, 575, 585, 593, 604, 608, 618, 619, 633, 637, 638, 643, 646, 647, 650, 652, 654, 656, 657, 658, 659, 660, 664, 665, 669, 670, 672, 674, 170, 304, 567, 603, 613, 621, 632, 636, 648, 649, 663, 667, 668, 673, 676, 677, 680, 682, 684, 686, 687, 688, 689, 690, 694, 695, 699, 700, 702, 704, 707, 708, 184, 328, 595, 631, 641, 651, 662, 666, 678, 679, 693, 697, 698, 703, 706, 709, 712, 714, 716, 718, 719, 720, 721, 722, 726, 727, 731, 732, 734, 736, 739, 740, 743, 744, 200, 353, 623, 661, 671, 681, 692, 696, 710, 711, 725, 729, 730, 735, 738, 741, 746, 748, 750, 752, 753, 754, 755, 756, 760, 761, 765, 766, 768, 770, 773, 774, 777, 778, 217, 378, 653, 691, 701, 713, 724, 728, 742, 745, 759, 763, 764, 769, 772, 775, 780, 782, 784, 785, 786, 787, 788, 789, 790, 794, 795, 799, 800, 802, 804, 807, 808, 811, 812, 815, 235, 403, 683, 723, 733, 747, 758, 762, 776, 779, 793, 797, 798, 803, 806, 809, 814, 817, 819, 820, 821, 822, 823, 824, 825, 829, 830, 834, 835, 837, 839, 840, 842, 843, 846, 847, 850, 851, 255, 430, 715, 757, 767, 781, 792, 796, 810, 813, 828, 832, 833, 838, 841, 844, 849, 853, 855, 856, 857, 858, 859, 860, 861, 865, 866, 870, 871, 873, 875, 876, 878, 879, 882, 883, 886, 887, 888, 40, 298, 457, 783, 791, 801, 826, 827, 836, 845, 863, 867, 868, 872, 874, 877, 884, 889, 891, 892, 893, 894, 895, 896, 897, 901, 902, 906, 907, 909, 911, 912, 914, 915, 918, 919, 922, 923, 924, 925, 926, 47, 322, 484, 816, 818, 831, 854, 862, 869, 880, 899, 903, 904, 908, 910, 913, 920, 927, 929, 930, 931, 932, 933, 934, 935, 939, 940, 944, 945, 947, 949, 950, 952, 953, 956, 957, 960, 961, 962, 963, 964, 965, 966, 967, 54, 347, 512, 848, 852, 864, 890, 898, 905, 916, 937, 941, 942, 946, 948, 951, 958, 968, 970, 971, 972, 973, 974, 975, 976, 980, 981, 985, 986, 988, 990, 991, 993, 994, 997, 998, 62, 372, 541, 881, 885, 900, 928, 936, 943, 954, 978, 982, 983, 987, 989, 992, 999, 72, 397, 569, 917, 921, 938, 969, 977, 984, 995, 83, 424, 597, 749, 955, 959, 94, 451, 625, 675, 979, 996, 1, 153, 276, 655, 705, 105, 241, 645, 737, 116, 261, 685, 771, 68, 128, 141, 282, 717, 751, 805]",4.47213595499958,4.47213595499958
64,840.0,"[0.0, 0.0, 0.0, 0.0, 0.0, 0.0, 0.0, 0.0, 0.0, 0.0, 0.0, 0.0, 0.0, 0.0, 0.0, 0.0, 1.0, 0.0, 0.0, 0.0, 0.0]","[0.0, 0.0, 0.0, 0.0, 0.0, 0.0, 0.0, 0.0, 0.0, 0.0, 0.0, 0.0, 0.0, 0.0, 0.0, 0.0, 0.5, 0.0, 0.0, 0.0, 0.0]","[10, 11, 12, 14, 17, 21, 19, 24, 27, 22, 29, 32, 26, 35, 36, 38, 39, 31, 42, 43, 45, 46, 37, 49, 50, 52, 53, 57, 44, 56, 58, 60, 61, 65, 66, 51, 64, 67, 70, 71, 75, 76, 79, 59, 74, 77, 81, 82, 86, 87, 89, 90, 69, 85, 88, 92, 93, 97, 98, 100, 101, 80, 96, 99, 103, 104, 108, 109, 111, 112, 117, 91, 107, 110, 114, 115, 120, 121, 123, 124, 129, 131, 102, 119, 122, 126, 127, 133, 134, 136, 137, 142, 144, 145, 147, 113, 132, 135, 139, 140, 148, 149, 151, 152, 157, 159, 160, 162, 163, 164, 125, 146, 150, 154, 155, 165, 166, 168, 169, 174, 176, 177, 179, 180, 181, 138, 161, 167, 171, 172, 173, 182, 183, 185, 186, 191, 193, 194, 196, 197, 198, 201, 18, 175, 178, 187, 188, 189, 195, 199, 202, 203, 208, 210, 211, 213, 214, 215, 218, 220, 20, 190, 192, 204, 205, 206, 212, 216, 219, 221, 226, 228, 229, 231, 232, 233, 236, 238, 240, 23, 207, 209, 222, 223, 224, 230, 234, 237, 239, 246, 248, 249, 251, 252, 253, 256, 258, 260, 262, 28, 225, 227, 242, 243, 244, 250, 254, 257, 259, 267, 269, 270, 272, 273, 274, 277, 279, 281, 283, 284, 34, 245, 247, 263, 264, 265, 271, 275, 278, 280, 289, 291, 292, 294, 295, 296, 299, 301, 303, 305, 306, 307, 308, 41, 266, 268, 285, 286, 287, 293, 297, 300, 302, 313, 315, 316, 318, 319, 320, 323, 325, 327, 329, 330, 331, 332, 333, 48, 288, 290, 309, 310, 311, 317, 321, 324, 326, 338, 340, 341, 343, 344, 345, 348, 350, 352, 354, 355, 356, 357, 358, 55, 312, 314, 334, 335, 336, 342, 346, 349, 351, 363, 365, 366, 368, 369, 370, 373, 375, 377, 379, 380, 381, 382, 383, 63, 337, 339, 359, 360, 361, 367, 371, 374, 376, 388, 390, 391, 393, 394, 395, 398, 400, 402, 404, 405, 406, 407, 408, 412, 413, 73, 362, 364, 384, 385, 386, 392, 396, 399, 401, 415, 417, 418, 420, 421, 422, 425, 427, 429, 431, 432, 433, 434, 435, 439, 440, 84, 387, 389, 409, 410, 411, 419, 423, 426, 428, 442, 444, 445, 447, 448, 449, 452, 454, 456, 458, 459, 460, 461, 462, 466, 467, 95, 414, 416, 436, 437, 438, 446, 450, 453, 455, 469, 471, 472, 474, 475, 476, 479, 481, 483, 485, 486, 487, 488, 489, 493, 494, 498, 106, 441, 443, 463, 464, 465, 473, 477, 480, 482, 496, 499, 500, 502, 503, 504, 507, 509, 511, 513, 514, 515, 516, 517, 521, 522, 526, 527, 118, 468, 470, 490, 491, 492, 501, 505, 508, 510, 524, 528, 529, 531, 532, 533, 536, 538, 540, 542, 543, 544, 545, 546, 550, 551, 555, 556, 0, 478, 495, 506, 518, 519, 525, 530, 535, 537, 552, 554, 557, 559, 560, 561, 564, 566, 568, 570, 571, 572, 573, 574, 578, 579, 583, 584, 586, 130, 497, 523, 534, 539, 549, 553, 562, 563, 577, 581, 582, 587, 588, 589, 592, 594, 596, 598, 599, 600, 601, 602, 606, 607, 611, 612, 614, 143, 520, 548, 558, 565, 576, 580, 590, 591, 605, 609, 610, 615, 616, 617, 620, 622, 624, 626, 627, 628, 629, 630, 634, 635, 639, 640, 642, 644, 158, 547, 575, 585, 593, 604, 608, 618, 619, 633, 637, 638, 643, 646, 647, 650, 652, 654, 656, 657, 658, 659, 660, 664, 665, 669, 670, 672, 674, 170, 567, 603, 613, 621, 632, 636, 648, 649, 663, 667, 668, 673, 676, 677, 680, 682, 684, 686, 687, 688, 689, 690, 694, 695, 699, 700, 702, 704, 707, 708, 184, 328, 595, 631, 641, 651, 662, 666, 678, 679, 693, 697, 698, 703, 706, 709, 712, 714, 716, 718, 719, 720, 721, 722, 726, 727, 731, 732, 734, 736, 739, 740, 743, 744, 200, 353, 623, 661, 671, 681, 692, 696, 710, 711, 725, 729, 730, 735, 738, 741, 746, 748, 750, 752, 753, 754, 755, 756, 760, 761, 765, 766, 768, 770, 773, 774, 777, 778, 217, 378, 653, 691, 701, 713, 724, 728, 742, 745, 759, 763, 764, 769, 772, 775, 780, 782, 784, 786, 787, 788, 789, 790, 794, 795, 799, 800, 802, 804, 807, 808, 811, 812, 815, 235, 403, 683, 723, 733, 747, 758, 762, 776, 779, 793, 797, 798, 803, 806, 809, 814, 817, 819, 820, 821, 822, 823, 824, 825, 829, 830, 834, 835, 837, 839, 842, 843, 846, 847, 850, 851, 255, 430, 715, 757, 767, 781, 792, 796, 810, 813, 828, 832, 833, 838, 841, 844, 849, 853, 855, 856, 857, 858, 859, 860, 861, 865, 866, 870, 871, 873, 875, 876, 878, 879, 882, 883, 886, 887, 888, 40, 298, 457, 783, 791, 801, 826, 827, 836, 845, 863, 867, 868, 872, 874, 877, 884, 889, 891, 892, 893, 894, 895, 896, 897, 901, 902, 906, 907, 909, 911, 912, 914, 915, 918, 919, 922, 923, 924, 925, 926, 47, 322, 484, 816, 818, 831, 854, 862, 869, 880, 899, 903, 904, 908, 910, 913, 920, 927, 929, 930, 931, 932, 933, 934, 935, 939, 940, 944, 945, 947, 949, 950, 952, 953, 956, 957, 960, 961, 962, 963, 964, 965, 966, 967, 54, 347, 512, 848, 852, 864, 890, 898, 905, 916, 937, 941, 942, 946, 948, 951, 958, 968, 970, 971, 972, 973, 974, 975, 976, 980, 981, 985, 986, 988, 990, 991, 993, 994, 997, 998, 62, 372, 541, 881, 885, 900, 928, 936, 943, 954, 978, 982, 983, 987, 989, 992, 999, 72, 397, 569, 917, 921, 938, 969, 977, 984, 995, 83, 424, 597, 749, 955, 959, 94, 451, 625, 675, 979, 996, 1, 153, 276, 655, 705, 105, 241, 645, 737, 116, 261, 685, 771, 68, 141, 282, 751, 805, 78, 128, 156, 304, 717, 785, 840]",4.47213595499958,4.47213595499958
65,840.0,"[0.0, 0.0, 0.0, 0.0, 0.0, 0.0, 0.0, 0.0, 0.0, 0.0, 0.0, 0.0, 0.0, 0.0, 0.0, 0.0, 1.0, 0.0, 0.0, 0.0, 0.0]","[0.0, 0.0, 0.0, 0.0, 0.0, 0.0, 0.0, 0.0, 0.0, 0.0, 0.0, 0.0, 0.0, 0.0, 0.0, 0.0, 0.5, 0.0, 0.0, 0.0, 0.0]","[10, 11, 12, 14, 17, 21, 19, 24, 27, 22, 29, 32, 26, 35, 36, 38, 39, 31, 42, 43, 45, 46, 37, 49, 50, 52, 53, 57, 44, 56, 58, 60, 61, 65, 66, 51, 64, 67, 70, 71, 75, 76, 79, 59, 74, 77, 81, 82, 86, 87, 90, 69, 85, 88, 92, 93, 97, 98, 100, 101, 80, 96, 99, 103, 104, 108, 109, 111, 112, 117, 91, 107, 110, 114, 115, 120, 121, 123, 124, 129, 131, 102, 119, 122, 126, 127, 133, 134, 136, 137, 142, 144, 145, 147, 113, 132, 135, 139, 140, 148, 149, 151, 152, 157, 159, 160, 162, 163, 164, 125, 146, 150, 154, 155, 165, 166, 168, 169, 174, 176, 177, 179, 180, 181, 138, 161, 167, 171, 172, 182, 183, 185, 186, 191, 193, 194, 196, 197, 198, 201, 18, 175, 178, 187, 188, 189, 195, 199, 202, 203, 208, 210, 211, 213, 214, 215, 218, 220, 20, 190, 192, 204, 205, 206, 212, 216, 219, 221, 226, 228, 229, 231, 232, 233, 236, 238, 240, 23, 207, 209, 222, 223, 224, 230, 234, 237, 239, 246, 248, 249, 251, 252, 253, 256, 258, 260, 262, 28, 225, 227, 242, 243, 244, 250, 254, 257, 259, 267, 269, 270, 272, 273, 274, 277, 279, 281, 283, 284, 34, 245, 247, 263, 264, 265, 271, 275, 278, 280, 289, 291, 292, 294, 295, 296, 299, 301, 303, 305, 306, 307, 308, 41, 266, 268, 285, 286, 287, 293, 297, 300, 302, 313, 315, 316, 318, 319, 320, 323, 325, 327, 329, 330, 331, 332, 333, 48, 288, 290, 309, 310, 311, 317, 321, 324, 326, 338, 340, 341, 343, 344, 345, 348, 350, 352, 354, 355, 356, 357, 358, 55, 312, 314, 334, 335, 336, 342, 346, 349, 351, 363, 365, 366, 368, 369, 370, 373, 375, 377, 379, 380, 381, 382, 383, 63, 337, 339, 359, 360, 361, 367, 371, 374, 376, 388, 390, 391, 393, 394, 395, 398, 400, 402, 404, 405, 406, 407, 408, 412, 413, 73, 362, 364, 384, 385, 386, 392, 396, 399, 401, 415, 417, 418, 420, 421, 422, 425, 427, 429, 431, 432, 433, 434, 435, 439, 440, 84, 387, 389, 409, 410, 411, 419, 423, 426, 428, 442, 444, 445, 447, 448, 449, 452, 454, 456, 458, 459, 460, 461, 462, 466, 467, 95, 414, 416, 436, 437, 438, 446, 450, 453, 455, 469, 471, 472, 474, 475, 476, 479, 481, 483, 485, 486, 487, 488, 489, 493, 494, 498, 106, 441, 443, 463, 464, 465, 473, 477, 480, 482, 496, 499, 500, 502, 503, 504, 507, 509, 511, 513, 514, 515, 516, 517, 521, 522, 526, 527, 118, 468, 470, 490, 491, 492, 501, 505, 508, 510, 524, 528, 529, 531, 532, 533, 536, 538, 540, 542, 543, 544, 545, 546, 550, 551, 555, 556, 0, 478, 495, 506, 518, 519, 525, 530, 535, 537, 552, 554, 557, 559, 560, 561, 564, 566, 568, 570, 571, 572, 573, 574, 578, 579, 583, 584, 586, 130, 497, 523, 534, 539, 549, 553, 562, 563, 577, 581, 582, 587, 588, 589, 592, 594, 596, 598, 599, 600, 601, 602, 606, 607, 611, 612, 614, 143, 520, 548, 558, 565, 576, 580, 590, 591, 605, 609, 610, 615, 616, 617, 620, 622, 624, 626, 627, 628, 629, 630, 634, 635, 639, 640, 642, 644, 158, 547, 575, 585, 593, 604, 608, 618, 619, 633, 637, 638, 643, 646, 647, 650, 652, 654, 656, 657, 658, 659, 660, 664, 665, 669, 670, 672, 674, 170, 567, 603, 613, 621, 632, 636, 648, 649, 663, 667, 668, 673, 676, 677, 680, 682, 684, 686, 687, 688, 689, 690, 694, 695, 699, 700, 702, 704, 707, 708, 184, 595, 631, 641, 651, 662, 666, 678, 679, 693, 697, 698, 703, 706, 709, 712, 714, 716, 718, 719, 720, 721, 722, 726, 727, 731, 732, 734, 736, 739, 740, 743, 744, 200, 353, 623, 661, 671, 681, 692, 696, 710, 711, 725, 729, 730, 735, 738, 741, 746, 748, 750, 752, 753, 754, 755, 756, 760, 761, 765, 766, 768, 770, 773, 774, 777, 778, 217, 378, 653, 691, 701, 713, 724, 728, 742, 745, 759, 763, 764, 769, 772, 775, 780, 782, 784, 786, 787, 788, 789, 790, 794, 795, 799, 800, 802, 804, 807, 808, 811, 812, 815, 235, 403, 683, 723, 733, 747, 758, 762, 776, 779, 793, 797, 798, 803, 806, 809, 814, 817, 819, 821, 822, 823, 824, 825, 829, 830, 834, 835, 837, 839, 842, 843, 846, 847, 850, 851, 255, 430, 715, 757, 767, 781, 792, 796, 810, 813, 828, 832, 833, 838, 841, 844, 849, 853, 855, 856, 857, 858, 859, 860, 861, 865, 866, 870, 871, 873, 875, 878, 879, 882, 883, 886, 887, 888, 40, 298, 457, 783, 791, 801, 826, 827, 836, 845, 863, 867, 868, 872, 874, 877, 884, 889, 891, 892, 893, 894, 895, 896, 897, 901, 902, 906, 907, 909, 911, 912, 914, 915, 918, 919, 922, 923, 924, 925, 926, 47, 322, 484, 816, 818, 831, 854, 862, 869, 880, 899, 903, 904, 908, 910, 913, 920, 927, 929, 930, 931, 932, 933, 934, 935, 939, 940, 944, 945, 947, 949, 950, 952, 953, 956, 957, 960, 961, 962, 963, 964, 965, 966, 967, 54, 347, 512, 848, 852, 864, 890, 898, 905, 916, 937, 941, 942, 946, 948, 951, 958, 968, 970, 971, 972, 973, 974, 975, 976, 980, 981, 985, 986, 988, 990, 991, 993, 994, 997, 998, 62, 372, 541, 881, 885, 900, 928, 936, 943, 954, 978, 982, 983, 987, 989, 992, 999, 72, 397, 569, 917, 921, 938, 969, 977, 984, 995, 83, 424, 597, 749, 955, 959, 94, 451, 625, 675, 979, 996, 1, 153, 276, 655, 705, 105, 241, 645, 737, 116, 261, 685, 771, 68, 141, 282, 751, 805, 78, 156, 304, 785, 840, 89, 128, 173, 328, 717, 820, 876]",4.47213595499958,4.47213595499958
66,840.0,"[0.0, 0.0, 0.0, 0.0, 0.0, 0.0, 0.0, 0.0, 0.0, 0.0, 0.0, 0.0, 0.0, 0.0, 0.0, 0.0, 1.0, 0.0, 0.0, 0.0, 0.0]","[0.0, 0.0, 0.0, 0.0, 0.0, 0.0, 0.0, 0.0, 0.0, 0.0, 0.0, 0.0, 0.0, 0.0, 0.0, 0.0, 0.5, 0.0, 0.0, 0.0, 0.0]","[10, 11, 12, 14, 17, 21, 19, 24, 27, 22, 29, 32, 26, 35, 36, 38, 39, 31, 42, 43, 45, 46, 37, 49, 50, 52, 53, 57, 44, 56, 58, 60, 61, 65, 66, 51, 64, 67, 70, 71, 75, 76, 79, 59, 74, 77, 81, 82, 86, 87, 90, 69, 85, 88, 92, 93, 97, 98, 101, 80, 96, 99, 103, 104, 108, 109, 111, 112, 117, 91, 107, 110, 114, 115, 120, 121, 123, 124, 129, 131, 102, 119, 122, 126, 127, 133, 134, 136, 137, 142, 144, 145, 147, 113, 132, 135, 139, 140, 148, 149, 151, 152, 157, 159, 160, 162, 163, 164, 125, 146, 150, 154, 155, 165, 166, 168, 169, 174, 176, 177, 179, 180, 181, 138, 161, 167, 171, 172, 182, 183, 185, 186, 191, 193, 194, 196, 197, 198, 201, 18, 175, 178, 187, 188, 195, 199, 202, 203, 208, 210, 211, 213, 214, 215, 218, 220, 20, 190, 192, 204, 205, 206, 212, 216, 219, 221, 226, 228, 229, 231, 232, 233, 236, 238, 240, 23, 207, 209, 222, 223, 224, 230, 234, 237, 239, 246, 248, 249, 251, 252, 253, 256, 258, 260, 262, 28, 225, 227, 242, 243, 244, 250, 254, 257, 259, 267, 269, 270, 272, 273, 274, 277, 279, 281, 283, 284, 34, 245, 247, 263, 264, 265, 271, 275, 278, 280, 289, 291, 292, 294, 295, 296, 299, 301, 303, 305, 306, 307, 308, 41, 266, 268, 285, 286, 287, 293, 297, 300, 302, 313, 315, 316, 318, 319, 320, 323, 325, 327, 329, 330, 331, 332, 333, 48, 288, 290, 309, 310, 311, 317, 321, 324, 326, 338, 340, 341, 343, 344, 345, 348, 350, 352, 354, 355, 356, 357, 358, 55, 312, 314, 334, 335, 336, 342, 346, 349, 351, 363, 365, 366, 368, 369, 370, 373, 375, 377, 379, 380, 381, 382, 383, 63, 337, 339, 359, 360, 361, 367, 371, 374, 376, 388, 390, 391, 393, 394, 395, 398, 400, 402, 404, 405, 406, 407, 408, 412, 413, 73, 362, 364, 384, 385, 386, 392, 396, 399, 401, 415, 417, 418, 420, 421, 422, 425, 427, 429, 431, 432, 433, 434, 435, 439, 440, 84, 387, 389, 409, 410, 411, 419, 423, 426, 428, 442, 444, 445, 447, 448, 449, 452, 454, 456, 458, 459, 460, 461, 462, 466, 467, 95, 414, 416, 436, 437, 438, 446, 450, 453, 455, 469, 471, 472, 474, 475, 476, 479, 481, 483, 485, 486, 487, 488, 489, 493, 494, 498, 106, 441, 443, 463, 464, 465, 473, 477, 480, 482, 496, 499, 500, 502, 503, 504, 507, 509, 511, 513, 514, 515, 516, 517, 521, 522, 526, 527, 118, 468, 470, 490, 491, 492, 501, 505, 508, 510, 524, 528, 529, 531, 532, 533, 536, 538, 540, 542, 543, 544, 545, 546, 550, 551, 555, 556, 0, 478, 495, 506, 518, 519, 525, 530, 535, 537, 552, 554, 557, 559, 560, 561, 564, 566, 568, 570, 571, 572, 573, 574, 578, 579, 583, 584, 586, 130, 497, 523, 534, 539, 549, 553, 562, 563, 577, 581, 582, 587, 588, 589, 592, 594, 596, 598, 599, 600, 601, 602, 606, 607, 611, 612, 614, 143, 520, 548, 558, 565, 576, 580, 590, 591, 605, 609, 610, 615, 616, 617, 620, 622, 624, 626, 627, 628, 629, 630, 634, 635, 639, 640, 642, 644, 158, 547, 575, 585, 593, 604, 608, 618, 619, 633, 637, 638, 643, 646, 647, 650, 652, 654, 656, 657, 658, 659, 660, 664, 665, 669, 670, 672, 674, 170, 567, 603, 613, 621, 632, 636, 648, 649, 663, 667, 668, 673, 676, 677, 680, 682, 684, 686, 687, 688, 689, 690, 694, 695, 699, 700, 702, 704, 707, 708, 184, 595, 631, 641, 651, 662, 666, 678, 679, 693, 697, 698, 703, 706, 709, 712, 714, 716, 718, 719, 720, 721, 722, 726, 727, 731, 732, 734, 736, 739, 740, 743, 744, 200, 623, 661, 671, 681, 692, 696, 710, 711, 725, 729, 730, 735, 738, 741, 746, 748, 750, 752, 753, 754, 755, 756, 760, 761, 765, 766, 768, 770, 773, 774, 777, 778, 217, 378, 653, 691, 701, 713, 724, 728, 742, 745, 759, 763, 764, 769, 772, 775, 780, 782, 784, 786, 787, 788, 789, 790, 794, 795, 799, 800, 802, 804, 807, 808, 811, 812, 815, 235, 403, 683, 723, 733, 747, 758, 762, 776, 779, 793, 797, 798, 803, 806, 809, 814, 817, 819, 821, 822, 823, 824, 825, 829, 830, 834, 835, 837, 839, 842, 843, 846, 847, 850, 851, 255, 430, 715, 757, 767, 781, 792, 796, 810, 813, 828, 832, 833, 838, 841, 844, 849, 853, 855, 857, 858, 859, 860, 861, 865, 866, 870, 871, 873, 875, 878, 879, 882, 883, 886, 887, 888, 40, 298, 457, 783, 791, 801, 826, 827, 836, 845, 863, 867, 868, 872, 874, 877, 884, 889, 891, 892, 893, 894, 895, 896, 897, 901, 902, 906, 907, 909, 911, 914, 915, 918, 919, 922, 923, 924, 925, 926, 47, 322, 484, 816, 818, 831, 854, 862, 869, 880, 899, 903, 904, 908, 910, 913, 920, 927, 929, 930, 931, 932, 933, 934, 935, 939, 940, 944, 945, 947, 949, 950, 952, 953, 956, 957, 960, 961, 962, 963, 964, 965, 966, 967, 54, 347, 512, 848, 852, 864, 890, 898, 905, 916, 937, 941, 942, 946, 948, 951, 958, 968, 970, 971, 972, 973, 974, 975, 976, 980, 981, 985, 986, 988, 990, 991, 993, 994, 997, 998, 62, 372, 541, 881, 885, 900, 928, 936, 943, 954, 978, 982, 983, 987, 989, 992, 999, 72, 397, 569, 917, 921, 938, 969, 977, 984, 995, 83, 424, 597, 749, 955, 959, 94, 451, 625, 675, 979, 996, 1, 153, 276, 655, 705, 105, 241, 645, 737, 116, 261, 685, 771, 68, 141, 282, 751, 805, 78, 156, 304, 785, 840, 89, 173, 328, 820, 876, 100, 128, 189, 353, 717, 856, 912]",4.47213595499958,4.47213595499958
67,840.0,"[0.0, 0.0, 0.0, 0.0, 0.0, 0.0, 0.0, 0.0, 0.0, 0.0, 0.0, 0.0, 0.0, 0.0, 0.0, 0.0, 0.96875, 0.0, 0.0, 0.0, 0.0]","[0.0, 0.0, 0.0, 0.0, 0.0, 0.0, 0.0, 0.0, 0.0, 0.0, 0.0, 0.0, 0.0, 0.0, 0.0, 0.0, 0.484375, 0.0, 0.0, 0.0, 0.0]","[10, 11, 12, 14, 17, 21, 19, 24, 27, 22, 29, 32, 26, 35, 36, 38, 39, 31, 42, 43, 45, 46, 37, 49, 50, 52, 53, 57, 44, 56, 58, 60, 61, 65, 66, 51, 64, 67, 70, 71, 75, 76, 79, 59, 74, 77, 81, 82, 86, 87, 90, 69, 85, 88, 92, 93, 97, 98, 101, 80, 96, 99, 103, 104, 108, 109, 112, 117, 91, 107, 110, 114, 115, 120, 121, 123, 124, 129, 131, 102, 119, 122, 126, 127, 133, 134, 136, 137, 142, 144, 145, 147, 113, 132, 135, 139, 140, 148, 149, 151, 152, 157, 159, 160, 162, 163, 164, 125, 146, 150, 154, 155, 165, 166, 168, 169, 174, 176, 177, 179, 180, 181, 138, 161, 167, 171, 172, 182, 183, 185, 186, 191, 193, 194, 196, 197, 198, 201, 18, 175, 178, 187, 188, 195, 199, 202, 203, 208, 210, 211, 213, 214, 215, 218, 20, 190, 192, 204, 205, 212, 216, 219, 221, 226, 228, 229, 231, 232, 233, 236, 238, 240, 23, 207, 209, 222, 223, 224, 230, 234, 237, 239, 246, 248, 249, 251, 252, 253, 256, 258, 260, 262, 28, 225, 227, 242, 243, 244, 250, 254, 257, 259, 267, 269, 270, 272, 273, 274, 277, 279, 281, 283, 284, 34, 245, 247, 263, 264, 265, 271, 275, 278, 280, 289, 291, 292, 294, 295, 296, 299, 301, 303, 305, 306, 307, 308, 41, 266, 268, 285, 286, 287, 293, 297, 300, 302, 313, 315, 316, 318, 319, 320, 323, 325, 327, 329, 330, 331, 332, 333, 48, 288, 290, 309, 310, 311, 317, 321, 324, 326, 338, 340, 341, 343, 344, 345, 348, 350, 352, 354, 355, 356, 357, 358, 55, 312, 314, 334, 335, 336, 342, 346, 349, 351, 363, 365, 366, 368, 369, 370, 373, 375, 377, 379, 380, 381, 382, 383, 63, 337, 339, 359, 360, 361, 367, 371, 374, 376, 388, 390, 391, 393, 394, 395, 398, 400, 402, 404, 405, 406, 407, 408, 412, 413, 73, 362, 364, 384, 385, 386, 392, 396, 399, 401, 415, 417, 418, 420, 421, 422, 425, 427, 429, 431, 432, 433, 434, 435, 439, 440, 84, 387, 389, 409, 410, 411, 419, 423, 426, 428, 442, 444, 445, 447, 448, 449, 452, 454, 456, 458, 459, 460, 461, 462, 466, 467, 95, 414, 416, 436, 437, 438, 446, 450, 453, 455, 469, 471, 472, 474, 475, 476, 479, 481, 483, 485, 486, 487, 488, 489, 493, 494, 498, 106, 441, 443, 463, 464, 465, 473, 477, 480, 482, 496, 499, 500, 502, 503, 504, 507, 509, 511, 513, 514, 515, 516, 517, 521, 522, 526, 527, 118, 468, 470, 490, 491, 492, 501, 505, 508, 510, 524, 528, 529, 531, 532, 533, 536, 538, 540, 542, 543, 544, 545, 546, 550, 551, 555, 556, 0, 478, 495, 506, 518, 519, 525, 530, 535, 537, 552, 554, 557, 559, 560, 561, 564, 566, 568, 570, 571, 572, 573, 574, 578, 579, 583, 584, 586, 130, 497, 523, 534, 539, 549, 553, 562, 563, 577, 581, 582, 587, 588, 589, 592, 594, 596, 598, 599, 600, 601, 602, 606, 607, 611, 612, 614, 143, 520, 548, 558, 565, 576, 580, 590, 591, 605, 609, 610, 615, 616, 617, 620, 622, 624, 626, 627, 628, 629, 630, 634, 635, 639, 640, 642, 644, 158, 547, 575, 585, 593, 604, 608, 618, 619, 633, 637, 638, 643, 646, 647, 650, 652, 654, 656, 657, 658, 659, 660, 664, 665, 669, 670, 672, 674, 170, 567, 603, 613, 621, 632, 636, 648, 649, 663, 667, 668, 673, 676, 677, 680, 682, 684, 686, 687, 688, 689, 690, 694, 695, 699, 700, 702, 704, 707, 708, 184, 595, 631, 641, 651, 662, 666, 678, 679, 693, 697, 698, 703, 706, 709, 712, 714, 716, 718, 719, 720, 721, 722, 726, 727, 731, 732, 734, 736, 739, 740, 743, 744, 200, 623, 661, 671, 681, 692, 696, 710, 711, 725, 729, 730, 735, 738, 741, 746, 748, 750, 752, 753, 754, 755, 756, 760, 761, 765, 766, 768, 770, 773, 774, 777, 778, 217, 653, 691, 701, 713, 724, 728, 742, 745, 759, 763, 764, 769, 772, 775, 780, 782, 784, 786, 787, 788, 789, 790, 794, 795, 799, 800, 802, 804, 807, 808, 811, 812, 815, 235, 403, 683, 723, 733, 747, 758, 762, 776, 779, 793, 797, 798, 803, 806, 809, 814, 817, 819, 821, 822, 823, 824, 825, 829, 830, 834, 835, 837, 839, 842, 843, 846, 847, 850, 851, 255, 430, 715, 757, 767, 781, 792, 796, 810, 813, 828, 832, 833, 838, 841, 844, 849, 853, 855, 857, 858, 859, 860, 861, 865, 866, 870, 871, 873, 875, 878, 879, 882, 883, 886, 887, 888, 40, 298, 457, 783, 791, 801, 826, 827, 836, 845, 863, 867, 868, 872, 874, 877, 884, 889, 891, 893, 894, 895, 896, 897, 901, 902, 906, 907, 909, 911, 914, 915, 918, 919, 922, 923, 924, 925, 926, 47, 322, 484, 816, 818, 831, 854, 862, 869, 880, 899, 903, 904, 908, 910, 913, 920, 927, 929, 930, 931, 932, 933, 934, 935, 939, 940, 944, 945, 947, 949, 952, 953, 956, 957, 960, 961, 962, 963, 964, 965, 966, 967, 54, 347, 512, 848, 852, 864, 890, 898, 905, 916, 937, 941, 942, 946, 948, 951, 958, 968, 970, 971, 972, 973, 974, 975, 976, 980, 981, 985, 986, 988, 990, 991, 993, 994, 997, 998, 62, 372, 541, 881, 885, 900, 928, 936, 943, 954, 978, 982, 983, 987, 989, 992, 999, 72, 397, 569, 917, 921, 938, 969, 977, 984, 995, 83, 424, 597, 749, 955, 959, 94, 451, 625, 675, 979, 996, 1, 153, 276, 655, 705, 105, 241, 645, 737, 116, 261, 685, 771, 68, 141, 282, 751, 805, 78, 156, 304, 785, 840, 89, 173, 328, 820, 876, 100, 189, 353, 856, 912, 33, 111, 128, 206, 220, 378, 717, 892, 950]",4.47213595499958,4.47213595499958
68,840.0,"[0.0, 0.0, 0.0, 0.0, 0.0, 0.0, 0.0, 0.0, 0.0, 0.0, 0.0, 0.0, 0.0, 0.0, 0.0, 0.0, 1.0, 0.0, 0.0, 0.0, 0.0]","[0.0, 0.0, 0.0, 0.0, 0.0, 0.0, 0.0, 0.0, 0.0, 0.0, 0.0, 0.0, 0.0, 0.0, 0.0, 0.0, 0.5, 0.0, 0.0, 0.0, 0.0]","[10, 11, 12, 14, 17, 21, 19, 24, 27, 22, 29, 32, 26, 35, 38, 31, 42, 43, 45, 46, 37, 49, 50, 52, 53, 57, 44, 56, 58, 60, 61, 65, 66, 51, 64, 67, 70, 71, 75, 76, 79, 59, 74, 77, 81, 82, 86, 87, 90, 69, 85, 88, 92, 93, 97, 98, 101, 80, 96, 99, 103, 104, 108, 109, 112, 117, 91, 107, 110, 114, 115, 120, 121, 124, 129, 131, 102, 119, 122, 126, 127, 133, 134, 136, 137, 142, 144, 145, 147, 113, 132, 135, 139, 140, 148, 149, 151, 152, 157, 159, 160, 162, 163, 164, 125, 146, 150, 154, 155, 165, 166, 168, 169, 174, 176, 177, 179, 180, 181, 138, 161, 167, 171, 172, 182, 183, 185, 186, 191, 193, 194, 196, 197, 198, 201, 18, 175, 178, 187, 188, 195, 199, 202, 203, 208, 210, 211, 213, 214, 215, 218, 20, 190, 192, 204, 205, 212, 216, 219, 221, 226, 228, 229, 231, 232, 233, 236, 240, 23, 207, 209, 222, 223, 230, 234, 237, 239, 246, 248, 249, 251, 252, 253, 256, 258, 260, 262, 28, 225, 227, 242, 243, 244, 250, 254, 257, 259, 267, 269, 270, 272, 273, 274, 277, 279, 281, 283, 284, 34, 245, 247, 263, 264, 265, 271, 275, 278, 280, 289, 291, 292, 294, 295, 296, 299, 301, 303, 305, 306, 307, 308, 41, 266, 268, 285, 286, 287, 293, 297, 300, 302, 313, 315, 316, 318, 319, 320, 323, 325, 327, 329, 330, 331, 332, 333, 48, 288, 290, 309, 310, 311, 317, 321, 324, 326, 338, 340, 341, 343, 344, 345, 348, 350, 352, 354, 355, 356, 357, 358, 55, 312, 314, 334, 335, 336, 342, 346, 349, 351, 363, 365, 366, 368, 369, 370, 373, 375, 377, 379, 380, 381, 382, 383, 63, 337, 339, 359, 360, 361, 367, 371, 374, 376, 388, 390, 391, 393, 394, 395, 398, 400, 402, 404, 405, 406, 407, 408, 412, 413, 73, 362, 364, 384, 385, 386, 392, 396, 399, 401, 415, 417, 418, 420, 421, 422, 425, 427, 429, 431, 432, 433, 434, 435, 439, 440, 84, 387, 389, 409, 410, 411, 419, 423, 426, 428, 442, 444, 445, 447, 448, 449, 452, 454, 456, 458, 459, 460, 461, 462, 466, 467, 95, 414, 416, 436, 437, 438, 446, 450, 453, 455, 469, 471, 472, 474, 475, 476, 479, 481, 483, 485, 486, 487, 488, 489, 493, 494, 498, 106, 441, 443, 463, 464, 465, 473, 477, 480, 482, 496, 499, 500, 502, 503, 504, 507, 509, 511, 513, 514, 515, 516, 517, 521, 522, 526, 527, 118, 468, 470, 490, 491, 492, 501, 505, 508, 510, 524, 528, 529, 531, 532, 533, 536, 538, 540, 542, 543, 544, 545, 546, 550, 551, 555, 556, 0, 478, 495, 506, 518, 519, 525, 530, 535, 537, 552, 554, 557, 559, 560, 561, 564, 566, 568, 570, 571, 572, 573, 574, 578, 579, 583, 584, 586, 130, 497, 523, 534, 539, 549, 553, 562, 563, 577, 581, 582, 587, 588, 589, 592, 594, 596, 598, 599, 600, 601, 602, 606, 607, 611, 612, 614, 143, 520, 548, 558, 565, 576, 580, 590, 591, 605, 609, 610, 615, 616, 617, 620, 622, 624, 626, 627, 628, 629, 630, 634, 635, 639, 640, 642, 644, 158, 547, 575, 585, 593, 604, 608, 618, 619, 633, 637, 638, 643, 646, 647, 650, 652, 654, 656, 657, 658, 659, 660, 664, 665, 669, 670, 672, 674, 170, 567, 603, 613, 621, 632, 636, 648, 649, 663, 667, 668, 673, 676, 677, 680, 682, 684, 686, 687, 688, 689, 690, 694, 695, 699, 700, 702, 704, 707, 708, 184, 595, 631, 641, 651, 662, 666, 678, 679, 693, 697, 698, 703, 706, 709, 712, 714, 716, 718, 719, 720, 721, 722, 726, 727, 731, 732, 734, 736, 739, 740, 743, 744, 200, 623, 661, 671, 681, 692, 696, 710, 711, 725, 729, 730, 735, 738, 741, 746, 748, 750, 752, 753, 754, 755, 756, 760, 761, 765, 766, 768, 770, 773, 774, 777, 778, 217, 653, 691, 701, 713, 724, 728, 742, 745, 759, 763, 764, 769, 772, 775, 780, 782, 784, 786, 787, 788, 789, 790, 794, 795, 799, 800, 802, 804, 807, 808, 811, 812, 815, 235, 683, 723, 733, 747, 758, 762, 776, 779, 793, 797, 798, 803, 806, 809, 814, 817, 819, 821, 822, 823, 824, 825, 829, 830, 834, 835, 837, 839, 842, 843, 846, 847, 850, 851, 255, 430, 715, 757, 767, 781, 792, 796, 810, 813, 828, 832, 833, 838, 841, 844, 849, 853, 855, 857, 858, 859, 860, 861, 865, 866, 870, 871, 873, 875, 878, 879, 882, 883, 886, 887, 888, 40, 298, 457, 783, 791, 801, 826, 827, 836, 845, 863, 867, 868, 872, 874, 877, 884, 889, 891, 893, 894, 895, 896, 897, 901, 902, 906, 907, 909, 911, 914, 915, 918, 919, 922, 923, 924, 925, 926, 47, 322, 484, 816, 818, 831, 854, 862, 869, 880, 899, 903, 904, 908, 910, 913, 920, 927, 929, 931, 932, 933, 934, 935, 939, 940, 944, 945, 947, 949, 952, 953, 956, 957, 960, 961, 962, 963, 964, 965, 966, 967, 54, 347, 512, 848, 852, 864, 890, 898, 905, 916, 937, 941, 942, 946, 948, 951, 958, 968, 970, 971, 972, 973, 974, 975, 976, 980, 981, 985, 986, 988, 990, 993, 994, 997, 998, 62, 372, 541, 881, 885, 900, 928, 936, 943, 954, 978, 982, 983, 987, 989, 992, 999, 72, 397, 569, 917, 921, 938, 969, 977, 984, 995, 83, 424, 597, 749, 955, 959, 94, 451, 625, 675, 979, 996, 1, 153, 276, 655, 705, 105, 241, 645, 737, 116, 261, 685, 771, 68, 141, 282, 751, 805, 78, 156, 304, 785, 840, 89, 173, 328, 820, 876, 100, 189, 353, 856, 912, 33, 128, 206, 378, 717, 39, 111, 123, 220, 224, 238, 403, 892, 930, 950, 991]",4.47213595499958,4.47213595499958
69,840.0,"[0.0, 0.0, 0.0, 0.0, 0.0, 0.0, 0.0, 0.0, 0.0, 0.0, 0.0, 0.0, 0.0, 0.0, 0.0, 0.0, 1.0, 0.0, 0.0, 0.0, 0.0]","[0.0, 0.0, 0.0, 0.0, 0.0, 0.0, 0.0, 0.0, 0.0, 0.0, 0.0, 0.0, 0.0, 0.0, 0.0, 0.0, 0.5, 0.0, 0.0, 0.0, 0.0]","[10, 11, 12, 14, 17, 21, 19, 24, 27, 22, 29, 32, 26, 35, 38, 31, 42, 43, 45, 37, 49, 50, 52, 53, 57, 44, 56, 58, 60, 61, 65, 66, 51, 64, 67, 70, 71, 75, 76, 79, 59, 74, 77, 81, 82, 86, 87, 90, 69, 85, 88, 92, 93, 97, 98, 101, 80, 96, 99, 103, 104, 108, 109, 112, 117, 91, 107, 110, 114, 115, 120, 121, 124, 129, 131, 102, 119, 122, 126, 127, 133, 134, 137, 142, 144, 145, 147, 113, 132, 135, 139, 140, 148, 149, 151, 152, 157, 159, 160, 162, 163, 164, 125, 146, 150, 154, 155, 165, 166, 168, 169, 174, 176, 177, 179, 180, 181, 138, 161, 167, 171, 172, 182, 183, 185, 186, 191, 193, 194, 196, 197, 198, 201, 18, 175, 178, 187, 188, 195, 199, 202, 203, 208, 210, 211, 213, 214, 215, 218, 20, 190, 192, 204, 205, 212, 216, 219, 221, 226, 228, 229, 231, 232, 233, 236, 240, 23, 207, 209, 222, 223, 230, 234, 237, 239, 246, 248, 249, 251, 252, 253, 256, 260, 262, 28, 225, 227, 242, 243, 250, 254, 257, 259, 267, 269, 270, 272, 273, 274, 277, 279, 281, 283, 284, 34, 245, 247, 263, 264, 265, 271, 275, 278, 280, 289, 291, 292, 294, 295, 296, 299, 301, 303, 305, 306, 307, 308, 41, 266, 268, 285, 286, 287, 293, 297, 300, 302, 313, 315, 316, 318, 319, 320, 323, 325, 327, 329, 330, 331, 332, 333, 48, 288, 290, 309, 310, 311, 317, 321, 324, 326, 338, 340, 341, 343, 344, 345, 348, 350, 352, 354, 355, 356, 357, 358, 55, 312, 314, 334, 335, 336, 342, 346, 349, 351, 363, 365, 366, 368, 369, 370, 373, 375, 377, 379, 380, 381, 382, 383, 63, 337, 339, 359, 360, 361, 367, 371, 374, 376, 388, 390, 391, 393, 394, 395, 398, 400, 402, 404, 405, 406, 407, 408, 412, 413, 73, 362, 364, 384, 385, 386, 392, 396, 399, 401, 415, 417, 418, 420, 421, 422, 425, 427, 429, 431, 432, 433, 434, 435, 439, 440, 84, 387, 389, 409, 410, 411, 419, 423, 426, 428, 442, 444, 445, 447, 448, 449, 452, 454, 456, 458, 459, 460, 461, 462, 466, 467, 95, 414, 416, 436, 437, 438, 446, 450, 453, 455, 469, 471, 472, 474, 475, 476, 479, 481, 483, 485, 486, 487, 488, 489, 493, 494, 498, 106, 441, 443, 463, 464, 465, 473, 477, 480, 482, 496, 499, 500, 502, 503, 504, 507, 509, 511, 513, 514, 515, 516, 517, 521, 522, 526, 527, 118, 468, 470, 490, 491, 492, 501, 505, 508, 510, 524, 528, 529, 531, 532, 533, 536, 538, 540, 542, 543, 544, 545, 546, 550, 551, 555, 556, 0, 478, 495, 506, 518, 519, 525, 530, 535, 537, 552, 554, 557, 559, 560, 561, 564, 566, 568, 570, 571, 572, 573, 574, 578, 579, 583, 584, 586, 130, 497, 523, 534, 539, 549, 553, 562, 563, 577, 581, 582, 587, 588, 589, 592, 594, 596, 598, 599, 600, 601, 602, 606, 607, 611, 612, 614, 143, 520, 548, 558, 565, 576, 580, 590, 591, 605, 609, 610, 615, 616, 617, 620, 622, 624, 626, 627, 628, 629, 630, 634, 635, 639, 640, 642, 644, 158, 547, 575, 585, 593, 604, 608, 618, 619, 633, 637, 638, 643, 646, 647, 650, 652, 654, 656, 657, 658, 659, 660, 664, 665, 669, 670, 672, 674, 170, 567, 603, 613, 621, 632, 636, 648, 649, 663, 667, 668, 673, 676, 677, 680, 682, 684, 686, 687, 688, 689, 690, 694, 695, 699, 700, 702, 704, 707, 708, 184, 595, 631, 641, 651, 662, 666, 678, 679, 693, 697, 698, 703, 706, 709, 712, 714, 716, 718, 719, 720, 721, 722, 726, 727, 731, 732, 734, 736, 739, 740, 743, 744, 200, 623, 661, 671, 681, 692, 696, 710, 711, 725, 729, 730, 735, 738, 741, 746, 748, 750, 752, 753, 754, 755, 756, 760, 761, 765, 766, 768, 770, 773, 774, 777, 778, 217, 653, 691, 701, 713, 724, 728, 742, 745, 759, 763, 764, 769, 772, 775, 780, 782, 784, 786, 787, 788, 789, 790, 794, 795, 799, 800, 802, 804, 807, 808, 811, 812, 815, 235, 683, 723, 733, 747, 758, 762, 776, 779, 793, 797, 798, 803, 806, 809, 814, 817, 819, 821, 822, 823, 824, 825, 829, 830, 834, 835, 837, 839, 842, 843, 846, 847, 850, 851, 255, 715, 757, 767, 781, 792, 796, 810, 813, 828, 832, 833, 838, 841, 844, 849, 853, 855, 857, 858, 859, 860, 861, 865, 866, 870, 871, 873, 875, 878, 879, 882, 883, 886, 887, 888, 40, 298, 457, 783, 791, 801, 826, 827, 836, 845, 863, 867, 868, 872, 874, 877, 884, 889, 891, 893, 894, 895, 896, 897, 901, 902, 906, 907, 909, 911, 914, 915, 918, 919, 922, 923, 924, 925, 926, 47, 322, 484, 816, 818, 831, 854, 862, 869, 880, 899, 903, 904, 908, 910, 913, 920, 927, 929, 931, 932, 933, 934, 935, 939, 940, 944, 945, 947, 949, 952, 953, 956, 957, 960, 961, 962, 963, 964, 965, 966, 967, 54, 347, 512, 848, 852, 864, 890, 898, 905, 916, 937, 941, 942, 946, 948, 951, 958, 968, 970, 972, 973, 974, 975, 976, 980, 981, 985, 986, 988, 990, 993, 994, 997, 998, 62, 372, 541, 881, 885, 900, 928, 936, 943, 954, 978, 982, 983, 987, 989, 992, 999, 72, 397, 569, 917, 921, 938, 969, 977, 984, 995, 83, 424, 597, 749, 955, 959, 94, 451, 625, 675, 979, 996, 1, 153, 276, 655, 705, 105, 241, 645, 737, 116, 261, 685, 771, 68, 141, 282, 751, 805, 78, 156, 304, 785, 840, 89, 173, 328, 820, 876, 100, 189, 353, 856, 912, 33, 128, 206, 378, 717, 39, 123, 220, 238, 403, 950, 991, 46, 111, 136, 224, 244, 258, 430, 892, 930, 971]",4.47213595499958,4.47213595499958
70,840.0,"[0.0, 0.0, 0.0, 0.0, 0.0, 0.0, 0.0, 0.0, 0.0, 0.0, 0.0, 0.0, 0.0, 0.0, 0.0, 0.0, 1.0, 0.0, 0.0, 0.0, 0.0]","[0.0, 0.0, 0.0, 0.0, 0.0, 0.0, 0.0, 0.0, 0.0, 0.0, 0.0, 0.0, 0.0, 0.0, 0.0, 0.0, 0.5, 0.0, 0.0, 0.0, 0.0]","[10, 11, 12, 14, 17, 21, 19, 24, 27, 22, 29, 32, 26, 35, 38, 31, 42, 43, 45, 37, 49, 50, 52, 57, 44, 56, 58, 60, 61, 65, 66, 51, 64, 67, 70, 71, 75, 76, 79, 59, 74, 77, 81, 82, 86, 87, 90, 69, 85, 88, 92, 93, 97, 98, 101, 80, 96, 99, 103, 104, 108, 109, 112, 117, 91, 107, 110, 114, 115, 120, 121, 124, 129, 131, 102, 119, 122, 126, 127, 133, 134, 137, 142, 144, 145, 147, 113, 132, 135, 139, 140, 148, 149, 152, 157, 159, 160, 162, 163, 164, 125, 146, 150, 154, 155, 165, 166, 168, 169, 174, 176, 177, 179, 180, 181, 138, 161, 167, 171, 172, 182, 183, 185, 186, 191, 193, 194, 196, 197, 198, 201, 18, 175, 178, 187, 188, 195, 199, 202, 203, 208, 210, 211, 213, 214, 215, 218, 20, 190, 192, 204, 205, 212, 216, 219, 221, 226, 228, 229, 231, 232, 233, 236, 240, 23, 207, 209, 222, 223, 230, 234, 237, 239, 246, 248, 249, 251, 252, 253, 256, 260, 262, 28, 225, 227, 242, 243, 250, 254, 257, 259, 267, 269, 270, 272, 273, 274, 277, 281, 283, 284, 34, 245, 247, 263, 264, 271, 275, 278, 280, 289, 291, 292, 294, 295, 296, 299, 301, 303, 305, 306, 307, 308, 41, 266, 268, 285, 286, 287, 293, 297, 300, 302, 313, 315, 316, 318, 319, 320, 323, 325, 327, 329, 330, 331, 332, 333, 48, 288, 290, 309, 310, 311, 317, 321, 324, 326, 338, 340, 341, 343, 344, 345, 348, 350, 352, 354, 355, 356, 357, 358, 55, 312, 314, 334, 335, 336, 342, 346, 349, 351, 363, 365, 366, 368, 369, 370, 373, 375, 377, 379, 380, 381, 382, 383, 63, 337, 339, 359, 360, 361, 367, 371, 374, 376, 388, 390, 391, 393, 394, 395, 398, 400, 402, 404, 405, 406, 407, 408, 412, 413, 73, 362, 364, 384, 385, 386, 392, 396, 399, 401, 415, 417, 418, 420, 421, 422, 425, 427, 429, 431, 432, 433, 434, 435, 439, 440, 84, 387, 389, 409, 410, 411, 419, 423, 426, 428, 442, 444, 445, 447, 448, 449, 452, 454, 456, 458, 459, 460, 461, 462, 466, 467, 95, 414, 416, 436, 437, 438, 446, 450, 453, 455, 469, 471, 472, 474, 475, 476, 479, 481, 483, 485, 486, 487, 488, 489, 493, 494, 498, 106, 441, 443, 463, 464, 465, 473, 477, 480, 482, 496, 499, 500, 502, 503, 504, 507, 509, 511, 513, 514, 515, 516, 517, 521, 522, 526, 527, 118, 468, 470, 490, 491, 492, 501, 505, 508, 510, 524, 528, 529, 531, 532, 533, 536, 538, 540, 542, 543, 544, 545, 546, 550, 551, 555, 556, 0, 478, 495, 506, 518, 519, 525, 530, 535, 537, 552, 554, 557, 559, 560, 561, 564, 566, 568, 570, 571, 572, 573, 574, 578, 579, 583, 584, 586, 130, 497, 523, 534, 539, 549, 553, 562, 563, 577, 581, 582, 587, 588, 589, 592, 594, 596, 598, 599, 600, 601, 602, 606, 607, 611, 612, 614, 143, 520, 548, 558, 565, 576, 580, 590, 591, 605, 609, 610, 615, 616, 617, 620, 622, 624, 626, 627, 628, 629, 630, 634, 635, 639, 640, 642, 644, 158, 547, 575, 585, 593, 604, 608, 618, 619, 633, 637, 638, 643, 646, 647, 650, 652, 654, 656, 657, 658, 659, 660, 664, 665, 669, 670, 672, 674, 170, 567, 603, 613, 621, 632, 636, 648, 649, 663, 667, 668, 673, 676, 677, 680, 682, 684, 686, 687, 688, 689, 690, 694, 695, 699, 700, 702, 704, 707, 708, 184, 595, 631, 641, 651, 662, 666, 678, 679, 693, 697, 698, 703, 706, 709, 712, 714, 716, 718, 719, 720, 721, 722, 726, 727, 731, 732, 734, 736, 739, 740, 743, 744, 200, 623, 661, 671, 681, 692, 696, 710, 711, 725, 729, 730, 735, 738, 741, 746, 748, 750, 752, 753, 754, 755, 756, 760, 761, 765, 766, 768, 770, 773, 774, 777, 778, 217, 653, 691, 701, 713, 724, 728, 742, 745, 759, 763, 764, 769, 772, 775, 780, 782, 784, 786, 787, 788, 789, 790, 794, 795, 799, 800, 802, 804, 807, 808, 811, 812, 815, 235, 683, 723, 733, 747, 758, 762, 776, 779, 793, 797, 798, 803, 806, 809, 814, 817, 819, 821, 822, 823, 824, 825, 829, 830, 834, 835, 837, 839, 842, 843, 846, 847, 850, 851, 255, 715, 757, 767, 781, 792, 796, 810, 813, 828, 832, 833, 838, 841, 844, 849, 853, 855, 857, 858, 859, 860, 861, 865, 866, 870, 871, 873, 875, 878, 879, 882, 883, 886, 887, 888, 40, 457, 783, 791, 801, 826, 827, 836, 845, 863, 867, 868, 872, 874, 877, 884, 889, 891, 893, 894, 895, 896, 897, 901, 902, 906, 907, 909, 911, 914, 915, 918, 919, 922, 923, 924, 925, 926, 47, 322, 484, 816, 818, 831, 854, 862, 869, 880, 899, 903, 904, 908, 910, 913, 920, 927, 929, 931, 932, 933, 934, 935, 939, 940, 944, 945, 947, 949, 952, 953, 956, 957, 960, 961, 962, 963, 964, 965, 966, 967, 54, 347, 512, 848, 852, 864, 890, 898, 905, 916, 937, 941, 942, 946, 948, 951, 958, 968, 970, 972, 973, 974, 975, 976, 980, 981, 985, 986, 988, 990, 993, 994, 997, 998, 62, 372, 541, 881, 885, 900, 928, 936, 943, 954, 978, 982, 983, 987, 989, 992, 999, 72, 397, 569, 917, 921, 938, 969, 977, 984, 995, 83, 424, 597, 749, 955, 959, 94, 451, 625, 675, 979, 996, 1, 153, 276, 655, 705, 105, 241, 645, 737, 116, 261, 685, 771, 68, 141, 282, 751, 805, 78, 156, 304, 785, 840, 89, 173, 328, 820, 876, 100, 189, 353, 856, 912, 33, 128, 206, 378, 717, 39, 123, 220, 238, 403, 950, 991, 46, 136, 224, 258, 430, 971, 53, 111, 151, 244, 265, 279, 298, 892, 930]",4.47213595499958,4.47213595499958
71,840.0,"[0.0, 0.0, 0.0, 0.0, 0.0, 0.0, 0.0, 0.0, 0.0, 0.0, 0.0, 0.0, 0.0, 0.0, 0.0, 0.0, 1.0, 0.0, 0.0, 0.0, 0.0]","[0.0, 0.0, 0.0, 0.0, 0.0, 0.0, 0.0, 0.0, 0.0, 0.0, 0.0, 0.0, 0.0, 0.0, 0.0, 0.0, 0.5, 0.0, 0.0, 0.0, 0.0]","[10, 11, 12, 14, 17, 21, 19, 24, 27, 22, 29, 32, 26, 35, 38, 31, 42, 43, 45, 37, 49, 50, 52, 57, 44, 56, 58, 60, 65, 66, 51, 64, 67, 70, 71, 75, 76, 79, 59, 74, 77, 81, 82, 86, 87, 90, 69, 85, 88, 92, 93, 97, 98, 101, 80, 96, 99, 103, 104, 108, 109, 112, 117, 91, 107, 110, 114, 115, 120, 121, 124, 129, 131, 102, 119, 122, 126, 127, 133, 134, 137, 142, 144, 145, 147, 113, 132, 135, 139, 140, 148, 149, 152, 157, 159, 160, 162, 164, 125, 146, 150, 154, 155, 165, 166, 169, 174, 176, 177, 179, 180, 181, 138, 161, 167, 171, 172, 182, 183, 185, 186, 191, 193, 194, 196, 197, 198, 201, 18, 175, 178, 187, 188, 195, 199, 202, 203, 208, 210, 211, 213, 214, 215, 218, 20, 190, 192, 204, 205, 212, 216, 219, 221, 226, 228, 229, 231, 232, 233, 236, 240, 23, 207, 209, 222, 223, 230, 234, 237, 239, 246, 248, 249, 251, 252, 253, 256, 260, 262, 28, 225, 227, 242, 243, 250, 254, 257, 259, 267, 269, 270, 272, 273, 274, 277, 281, 283, 284, 34, 245, 247, 263, 264, 271, 275, 278, 280, 289, 291, 292, 294, 295, 296, 299, 303, 305, 306, 307, 308, 41, 266, 268, 285, 286, 293, 297, 300, 302, 313, 315, 316, 318, 319, 320, 323, 325, 327, 329, 330, 331, 332, 333, 48, 288, 290, 309, 310, 311, 317, 321, 324, 326, 338, 340, 341, 343, 344, 345, 348, 350, 352, 354, 355, 356, 357, 358, 55, 312, 314, 334, 335, 336, 342, 346, 349, 351, 363, 365, 366, 368, 369, 370, 373, 375, 377, 379, 380, 381, 382, 383, 63, 337, 339, 359, 360, 361, 367, 371, 374, 376, 388, 390, 391, 393, 394, 395, 398, 400, 402, 404, 405, 406, 407, 408, 412, 413, 73, 362, 364, 384, 385, 386, 392, 396, 399, 401, 415, 417, 418, 420, 421, 422, 425, 427, 429, 431, 432, 433, 434, 435, 439, 440, 84, 387, 389, 409, 410, 411, 419, 423, 426, 428, 442, 444, 445, 447, 448, 449, 452, 454, 456, 458, 459, 460, 461, 462, 466, 467, 95, 414, 416, 436, 437, 438, 446, 450, 453, 455, 469, 471, 472, 474, 475, 476, 479, 481, 483, 485, 486, 487, 488, 489, 493, 494, 498, 106, 441, 443, 463, 464, 465, 473, 477, 480, 482, 496, 499, 500, 502, 503, 504, 507, 509, 511, 513, 514, 515, 516, 517, 521, 522, 526, 527, 118, 468, 470, 490, 491, 492, 501, 505, 508, 510, 524, 528, 529, 531, 532, 533, 536, 538, 540, 542, 543, 544, 545, 546, 550, 551, 555, 556, 0, 478, 495, 506, 518, 519, 525, 530, 535, 537, 552, 554, 557, 559, 560, 561, 564, 566, 568, 570, 571, 572, 573, 574, 578, 579, 583, 584, 586, 130, 497, 523, 534, 539, 549, 553, 562, 563, 577, 581, 582, 587, 588, 589, 592, 594, 596, 598, 599, 600, 601, 602, 606, 607, 611, 612, 614, 143, 520, 548, 558, 565, 576, 580, 590, 591, 605, 609, 610, 615, 616, 617, 620, 622, 624, 626, 627, 628, 629, 630, 634, 635, 639, 640, 642, 644, 158, 547, 575, 585, 593, 604, 608, 618, 619, 633, 637, 638, 643, 646, 647, 650, 652, 654, 656, 657, 658, 659, 660, 664, 665, 669, 670, 672, 674, 170, 567, 603, 613, 621, 632, 636, 648, 649, 663, 667, 668, 673, 676, 677, 680, 682, 684, 686, 687, 688, 689, 690, 694, 695, 699, 700, 702, 704, 707, 708, 184, 595, 631, 641, 651, 662, 666, 678, 679, 693, 697, 698, 703, 706, 709, 712, 714, 716, 718, 719, 720, 721, 722, 726, 727, 731, 732, 734, 736, 739, 740, 743, 744, 200, 623, 661, 671, 681, 692, 696, 710, 711, 725, 729, 730, 735, 738, 741, 746, 748, 750, 752, 753, 754, 755, 756, 760, 761, 765, 766, 768, 770, 773, 774, 777, 778, 217, 653, 691, 701, 713, 724, 728, 742, 745, 759, 763, 764, 769, 772, 775, 780, 782, 784, 786, 787, 788, 789, 790, 794, 795, 799, 800, 802, 804, 807, 808, 811, 812, 815, 235, 683, 723, 733, 747, 758, 762, 776, 779, 793, 797, 798, 803, 806, 809, 814, 817, 819, 821, 822, 823, 824, 825, 829, 830, 834, 835, 837, 839, 842, 843, 846, 847, 850, 851, 255, 715, 757, 767, 781, 792, 796, 810, 813, 828, 832, 833, 838, 841, 844, 849, 853, 855, 857, 858, 859, 860, 861, 865, 866, 870, 871, 873, 875, 878, 879, 882, 883, 886, 887, 888, 40, 457, 783, 791, 801, 826, 827, 836, 845, 863, 867, 868, 872, 874, 877, 884, 889, 891, 893, 894, 895, 896, 897, 901, 902, 906, 907, 909, 911, 914, 915, 918, 919, 922, 923, 924, 925, 926, 47, 484, 816, 818, 831, 854, 862, 869, 880, 899, 903, 904, 908, 910, 913, 920, 927, 929, 931, 932, 933, 934, 935, 939, 940, 944, 945, 947, 949, 952, 953, 956, 957, 960, 961, 962, 963, 964, 965, 966, 967, 54, 347, 512, 848, 852, 864, 890, 898, 905, 916, 937, 941, 942, 946, 948, 951, 958, 968, 970, 972, 973, 974, 975, 976, 980, 981, 985, 986, 988, 990, 993, 994, 997, 998, 62, 372, 541, 881, 885, 900, 928, 936, 943, 954, 978, 982, 983, 987, 989, 992, 999, 72, 397, 569, 917, 921, 938, 969, 977, 984, 995, 83, 424, 597, 749, 955, 959, 94, 451, 625, 675, 979, 996, 1, 153, 276, 655, 705, 105, 241, 645, 737, 116, 261, 685, 771, 68, 141, 282, 751, 805, 78, 156, 304, 785, 840, 89, 173, 328, 820, 876, 100, 189, 353, 856, 912, 33, 128, 206, 378, 717, 39, 123, 220, 238, 403, 950, 991, 46, 136, 224, 258, 430, 971, 53, 151, 244, 279, 298, 61, 111, 163, 168, 265, 287, 301, 322, 892, 930]",4.47213595499958,4.47213595499958
72,840.0,"[0.0, 0.0, 0.0, 0.0, 0.0, 0.0, 0.0, 0.0, 0.0, 0.0, 0.0, 0.0, 0.0, 0.0, 0.0, 0.0, 1.0, 0.0, 0.0, 0.0, 0.0]","[0.0, 0.0, 0.0, 0.0, 0.0, 0.0, 0.0, 0.0, 0.0, 0.0, 0.0, 0.0, 0.0, 0.0, 0.0, 0.0, 0.5, 0.0, 0.0, 0.0, 0.0]","[10, 11, 12, 14, 17, 21, 19, 24, 27, 22, 29, 32, 26, 35, 38, 31, 42, 43, 45, 37, 49, 50, 52, 57, 44, 56, 58, 60, 65, 66, 51, 64, 67, 70, 75, 76, 79, 59, 74, 77, 81, 82, 86, 87, 90, 69, 85, 88, 92, 93, 97, 98, 101, 80, 96, 99, 103, 104, 108, 109, 112, 117, 91, 107, 110, 114, 115, 120, 121, 124, 129, 131, 102, 119, 122, 126, 127, 133, 134, 137, 142, 144, 145, 147, 113, 132, 135, 139, 140, 148, 149, 152, 157, 159, 160, 162, 164, 125, 146, 150, 154, 155, 165, 166, 169, 174, 176, 177, 179, 181, 138, 161, 167, 171, 172, 182, 183, 186, 191, 193, 194, 196, 197, 198, 201, 18, 175, 178, 187, 188, 195, 199, 202, 203, 208, 210, 211, 213, 214, 215, 218, 20, 190, 192, 204, 205, 212, 216, 219, 221, 226, 228, 229, 231, 232, 233, 236, 240, 23, 207, 209, 222, 223, 230, 234, 237, 239, 246, 248, 249, 251, 252, 253, 256, 260, 262, 28, 225, 227, 242, 243, 250, 254, 257, 259, 267, 269, 270, 272, 273, 274, 277, 281, 283, 284, 34, 245, 247, 263, 264, 271, 275, 278, 280, 289, 291, 292, 294, 295, 296, 299, 303, 305, 306, 307, 308, 41, 266, 268, 285, 286, 293, 297, 300, 302, 313, 315, 316, 318, 319, 320, 323, 327, 329, 330, 331, 332, 48, 288, 290, 309, 310, 317, 321, 324, 326, 338, 340, 341, 343, 344, 345, 348, 350, 352, 354, 355, 356, 357, 358, 55, 312, 314, 334, 335, 336, 342, 346, 349, 351, 363, 365, 366, 368, 369, 370, 373, 375, 377, 379, 380, 381, 382, 383, 63, 337, 339, 359, 360, 361, 367, 371, 374, 376, 388, 390, 391, 393, 394, 395, 398, 400, 402, 404, 405, 406, 407, 408, 412, 413, 73, 362, 364, 384, 385, 386, 392, 396, 399, 401, 415, 417, 418, 420, 421, 422, 425, 427, 429, 431, 432, 433, 434, 435, 439, 440, 84, 387, 389, 409, 410, 411, 419, 423, 426, 428, 442, 444, 445, 447, 448, 449, 452, 454, 456, 458, 459, 460, 461, 462, 466, 467, 95, 414, 416, 436, 437, 438, 446, 450, 453, 455, 469, 471, 472, 474, 475, 476, 479, 481, 483, 485, 486, 487, 488, 489, 493, 494, 498, 106, 441, 443, 463, 464, 465, 473, 477, 480, 482, 496, 499, 500, 502, 503, 504, 507, 509, 511, 513, 514, 515, 516, 517, 521, 522, 526, 527, 118, 468, 470, 490, 491, 492, 501, 505, 508, 510, 524, 528, 529, 531, 532, 533, 536, 538, 540, 542, 543, 544, 545, 546, 550, 551, 555, 556, 0, 478, 495, 506, 518, 519, 525, 530, 535, 537, 552, 554, 557, 559, 560, 561, 564, 566, 568, 570, 571, 572, 573, 574, 578, 579, 583, 584, 586, 130, 497, 523, 534, 539, 549, 553, 562, 563, 577, 581, 582, 587, 588, 589, 592, 594, 596, 598, 599, 600, 601, 602, 606, 607, 611, 612, 614, 143, 520, 548, 558, 565, 576, 580, 590, 591, 605, 609, 610, 615, 616, 617, 620, 622, 624, 626, 627, 628, 629, 630, 634, 635, 639, 640, 642, 644, 158, 547, 575, 585, 593, 604, 608, 618, 619, 633, 637, 638, 643, 646, 647, 650, 652, 654, 656, 657, 658, 659, 660, 664, 665, 669, 670, 672, 674, 170, 567, 603, 613, 621, 632, 636, 648, 649, 663, 667, 668, 673, 676, 677, 680, 682, 684, 686, 687, 688, 689, 690, 694, 695, 699, 700, 702, 704, 707, 708, 184, 595, 631, 641, 651, 662, 666, 678, 679, 693, 697, 698, 703, 706, 709, 712, 714, 716, 718, 719, 720, 721, 722, 726, 727, 731, 732, 734, 736, 739, 740, 743, 744, 200, 623, 661, 671, 681, 692, 696, 710, 711, 725, 729, 730, 735, 738, 741, 746, 748, 750, 752, 753, 754, 755, 756, 760, 761, 765, 766, 768, 770, 773, 774, 777, 778, 217, 653, 691, 701, 713, 724, 728, 742, 745, 759, 763, 764, 769, 772, 775, 780, 782, 784, 786, 787, 788, 789, 790, 794, 795, 799, 800, 802, 804, 807, 808, 811, 812, 815, 235, 683, 723, 733, 747, 758, 762, 776, 779, 793, 797, 798, 803, 806, 809, 814, 817, 819, 821, 822, 823, 824, 825, 829, 830, 834, 835, 837, 839, 842, 843, 846, 847, 850, 851, 255, 715, 757, 767, 781, 792, 796, 810, 813, 828, 832, 833, 838, 841, 844, 849, 853, 855, 857, 858, 859, 860, 861, 865, 866, 870, 871, 873, 875, 878, 879, 882, 883, 886, 887, 888, 40, 457, 783, 791, 801, 826, 827, 836, 845, 863, 867, 868, 872, 874, 877, 884, 889, 891, 893, 894, 895, 896, 897, 901, 902, 906, 907, 909, 911, 914, 915, 918, 919, 922, 923, 924, 925, 926, 47, 484, 816, 818, 831, 854, 862, 869, 880, 899, 903, 904, 908, 910, 913, 920, 927, 929, 931, 932, 933, 934, 935, 939, 940, 944, 945, 947, 949, 952, 953, 956, 957, 960, 961, 962, 963, 964, 965, 966, 967, 54, 512, 848, 852, 864, 890, 898, 905, 916, 937, 941, 942, 946, 948, 951, 958, 968, 970, 972, 973, 974, 975, 976, 980, 981, 985, 986, 988, 990, 993, 994, 997, 998, 62, 372, 541, 881, 885, 900, 928, 936, 943, 954, 978, 982, 983, 987, 989, 992, 999, 72, 397, 569, 917, 921, 938, 969, 977, 984, 995, 83, 424, 597, 749, 955, 959, 94, 451, 625, 675, 979, 996, 1, 153, 276, 655, 705, 105, 241, 645, 737, 116, 261, 685, 771, 68, 141, 282, 751, 805, 78, 156, 304, 785, 840, 89, 173, 328, 820, 876, 100, 189, 353, 856, 912, 33, 128, 206, 378, 717, 39, 123, 220, 238, 403, 950, 991, 46, 136, 224, 258, 430, 971, 53, 151, 244, 279, 298, 61, 163, 168, 287, 301, 930, 71, 111, 180, 185, 265, 311, 322, 325, 333, 347, 892]",4.47213595499958,4.47213595499958
73,840.0,"[0.0, 0.0, 0.0, 0.0, 0.0, 0.0, 0.0, 0.0, 0.0, 0.0, 0.0, 0.0, 0.0, 0.0, 0.0, 0.0, 1.0, 0.0, 0.0, 0.0, 0.0]","[0.0, 0.0, 0.0, 0.0, 0.0, 0.0, 0.0, 0.0, 0.0, 0.0, 0.0, 0.0, 0.0, 0.0, 0.0, 0.0, 0.5, 0.0, 0.0, 0.0, 0.0]","[10, 11, 12, 14, 17, 21, 19, 24, 27, 22, 29, 32, 26, 35, 38, 31, 42, 43, 45, 37, 49, 50, 52, 57, 44, 56, 58, 60, 65, 66, 51, 64, 67, 70, 75, 76, 79, 59, 74, 77, 81, 86, 87, 90, 69, 85, 88, 92, 93, 97, 98, 101, 80, 96, 99, 103, 104, 108, 109, 112, 117, 91, 107, 110, 114, 115, 120, 121, 124, 129, 131, 102, 119, 122, 126, 127, 133, 134, 137, 142, 144, 145, 147, 113, 132, 135, 139, 140, 148, 149, 152, 157, 159, 160, 162, 164, 125, 146, 150, 154, 155, 165, 166, 169, 174, 176, 177, 179, 181, 138, 161, 167, 171, 172, 182, 183, 186, 191, 193, 194, 196, 198, 201, 18, 175, 178, 187, 188, 195, 199, 203, 208, 210, 211, 213, 214, 215, 218, 20, 190, 192, 204, 205, 212, 216, 219, 221, 226, 228, 229, 231, 232, 233, 236, 240, 23, 207, 209, 222, 223, 230, 234, 237, 239, 246, 248, 249, 251, 252, 253, 256, 260, 262, 28, 225, 227, 242, 243, 250, 254, 257, 259, 267, 269, 270, 272, 273, 274, 277, 281, 283, 284, 34, 245, 247, 263, 264, 271, 275, 278, 280, 289, 291, 292, 294, 295, 296, 299, 303, 305, 306, 307, 308, 41, 266, 268, 285, 286, 293, 297, 300, 302, 313, 315, 316, 318, 319, 320, 323, 327, 329, 330, 331, 332, 48, 288, 290, 309, 310, 317, 321, 324, 326, 338, 340, 341, 343, 344, 345, 348, 352, 354, 355, 356, 357, 55, 312, 314, 334, 335, 342, 346, 349, 351, 363, 365, 366, 368, 369, 370, 373, 375, 377, 379, 380, 381, 382, 383, 63, 337, 339, 359, 360, 361, 367, 371, 374, 376, 388, 390, 391, 393, 394, 395, 398, 400, 402, 404, 405, 406, 407, 408, 412, 413, 73, 362, 364, 384, 385, 386, 392, 396, 399, 401, 415, 417, 418, 420, 421, 422, 425, 427, 429, 431, 432, 433, 434, 435, 439, 440, 84, 387, 389, 409, 410, 411, 419, 423, 426, 428, 442, 444, 445, 447, 448, 449, 452, 454, 456, 458, 459, 460, 461, 462, 466, 467, 95, 414, 416, 436, 437, 438, 446, 450, 453, 455, 469, 471, 472, 474, 475, 476, 479, 481, 483, 485, 486, 487, 488, 489, 493, 494, 498, 106, 441, 443, 463, 464, 465, 473, 477, 480, 482, 496, 499, 500, 502, 503, 504, 507, 509, 511, 513, 514, 515, 516, 517, 521, 522, 526, 527, 118, 468, 470, 490, 491, 492, 501, 505, 508, 510, 524, 528, 529, 531, 532, 533, 536, 538, 540, 542, 543, 544, 545, 546, 550, 551, 555, 556, 0, 478, 495, 506, 518, 519, 525, 530, 535, 537, 552, 554, 557, 559, 560, 561, 564, 566, 568, 570, 571, 572, 573, 574, 578, 579, 583, 584, 586, 130, 497, 523, 534, 539, 549, 553, 562, 563, 577, 581, 582, 587, 588, 589, 592, 594, 596, 598, 599, 600, 601, 602, 606, 607, 611, 612, 614, 143, 520, 548, 558, 565, 576, 580, 590, 591, 605, 609, 610, 615, 616, 617, 620, 622, 624, 626, 627, 628, 629, 630, 634, 635, 639, 640, 642, 644, 158, 547, 575, 585, 593, 604, 608, 618, 619, 633, 637, 638, 643, 646, 647, 650, 652, 654, 656, 657, 658, 659, 660, 664, 665, 669, 670, 672, 674, 170, 567, 603, 613, 621, 632, 636, 648, 649, 663, 667, 668, 673, 676, 677, 680, 682, 684, 686, 687, 688, 689, 690, 694, 695, 699, 700, 702, 704, 707, 708, 184, 595, 631, 641, 651, 662, 666, 678, 679, 693, 697, 698, 703, 706, 709, 712, 714, 716, 718, 719, 720, 721, 722, 726, 727, 731, 732, 734, 736, 739, 740, 743, 744, 200, 623, 661, 671, 681, 692, 696, 710, 711, 725, 729, 730, 735, 738, 741, 746, 748, 750, 752, 753, 754, 755, 756, 760, 761, 765, 766, 768, 770, 773, 774, 777, 778, 217, 653, 691, 701, 713, 724, 728, 742, 745, 759, 763, 764, 769, 772, 775, 780, 782, 784, 786, 787, 788, 789, 790, 794, 795, 799, 800, 802, 804, 807, 808, 811, 812, 815, 235, 683, 723, 733, 747, 758, 762, 776, 779, 793, 797, 798, 803, 806, 809, 814, 817, 819, 821, 822, 823, 824, 825, 829, 830, 834, 835, 837, 839, 842, 843, 846, 847, 850, 851, 255, 715, 757, 767, 781, 792, 796, 810, 813, 828, 832, 833, 838, 841, 844, 849, 853, 855, 857, 858, 859, 860, 861, 865, 866, 870, 871, 873, 875, 878, 879, 882, 883, 886, 887, 888, 40, 457, 783, 791, 801, 826, 827, 836, 845, 863, 867, 868, 872, 874, 877, 884, 889, 891, 893, 894, 895, 896, 897, 901, 902, 906, 907, 909, 911, 914, 915, 918, 919, 922, 923, 924, 925, 926, 47, 484, 816, 818, 831, 854, 862, 869, 880, 899, 903, 904, 908, 910, 913, 920, 927, 929, 931, 932, 933, 934, 935, 939, 940, 944, 945, 947, 949, 952, 953, 956, 957, 960, 961, 962, 963, 964, 965, 966, 967, 54, 512, 848, 852, 864, 890, 898, 905, 916, 937, 941, 942, 946, 948, 951, 958, 968, 970, 972, 973, 974, 975, 976, 980, 981, 985, 986, 988, 990, 993, 994, 997, 998, 62, 541, 881, 885, 900, 928, 936, 943, 954, 978, 982, 983, 987, 989, 992, 999, 72, 397, 569, 917, 921, 938, 969, 977, 984, 995, 83, 424, 597, 749, 955, 959, 94, 451, 625, 675, 979, 996, 1, 153, 276, 655, 705, 105, 241, 645, 737, 116, 261, 685, 771, 68, 141, 282, 751, 805, 78, 156, 304, 785, 840, 89, 173, 328, 820, 876, 100, 189, 353, 856, 912, 33, 128, 206, 378, 717, 39, 123, 220, 238, 403, 950, 991, 46, 136, 224, 258, 430, 971, 53, 151, 244, 279, 298, 61, 163, 168, 287, 301, 930, 71, 180, 185, 311, 322, 347, 892, 82, 111, 197, 202, 265, 325, 333, 336, 350, 358, 372]",4.47213595499958,4.47213595499958
74,840.0,"[0.0, 0.0, 0.0, 0.0, 0.0, 0.0, 0.0, 0.0, 0.0, 0.0, 0.0, 0.0, 0.0, 0.0, 0.0, 0.0, 1.0, 0.0, 0.0, 0.0, 0.0]","[0.0, 0.0, 0.0, 0.0, 0.0, 0.0, 0.0, 0.0, 0.0, 0.0, 0.0, 0.0, 0.0, 0.0, 0.0, 0.0, 0.5, 0.0, 0.0, 0.0, 0.0]","[10, 11, 12, 14, 17, 21, 19, 24, 27, 22, 29, 32, 26, 35, 38, 31, 42, 43, 45, 37, 49, 50, 52, 57, 44, 56, 58, 60, 65, 66, 51, 64, 67, 70, 75, 76, 79, 59, 74, 77, 81, 86, 87, 90, 69, 85, 88, 92, 97, 98, 101, 80, 96, 99, 103, 104, 108, 109, 112, 117, 91, 107, 110, 114, 115, 120, 121, 124, 129, 131, 102, 119, 122, 126, 127, 133, 134, 137, 142, 144, 145, 147, 113, 132, 135, 139, 140, 148, 149, 152, 157, 159, 160, 162, 164, 125, 146, 150, 154, 155, 165, 166, 169, 174, 176, 177, 179, 181, 138, 161, 167, 171, 172, 182, 183, 186, 191, 193, 194, 196, 198, 201, 18, 175, 178, 187, 188, 195, 199, 203, 208, 210, 211, 213, 215, 218, 20, 190, 192, 204, 205, 212, 216, 221, 226, 228, 229, 231, 232, 233, 236, 240, 23, 207, 209, 222, 223, 230, 234, 237, 239, 246, 248, 249, 251, 252, 253, 256, 260, 262, 28, 225, 227, 242, 243, 250, 254, 257, 259, 267, 269, 270, 272, 273, 274, 277, 281, 283, 284, 34, 245, 247, 263, 264, 271, 275, 278, 280, 289, 291, 292, 294, 295, 296, 299, 303, 305, 306, 307, 308, 41, 266, 268, 285, 286, 293, 297, 300, 302, 313, 315, 316, 318, 319, 320, 323, 327, 329, 330, 331, 332, 48, 288, 290, 309, 310, 317, 321, 324, 326, 338, 340, 341, 343, 344, 345, 348, 352, 354, 355, 356, 357, 55, 312, 314, 334, 335, 342, 346, 349, 351, 363, 365, 366, 368, 369, 370, 373, 377, 379, 380, 381, 382, 63, 337, 339, 359, 360, 367, 371, 374, 376, 388, 390, 391, 393, 394, 395, 398, 400, 402, 404, 405, 406, 407, 408, 412, 413, 73, 362, 364, 384, 385, 386, 392, 396, 399, 401, 415, 417, 418, 420, 421, 422, 425, 427, 429, 431, 432, 433, 434, 435, 439, 440, 84, 387, 389, 409, 410, 411, 419, 423, 426, 428, 442, 444, 445, 447, 448, 449, 452, 454, 456, 458, 459, 460, 461, 462, 466, 467, 95, 414, 416, 436, 437, 438, 446, 450, 453, 455, 469, 471, 472, 474, 475, 476, 479, 481, 483, 485, 486, 487, 488, 489, 493, 494, 498, 106, 441, 443, 463, 464, 465, 473, 477, 480, 482, 496, 499, 500, 502, 503, 504, 507, 509, 511, 513, 514, 515, 516, 517, 521, 522, 526, 527, 118, 468, 470, 490, 491, 492, 501, 505, 508, 510, 524, 528, 529, 531, 532, 533, 536, 538, 540, 542, 543, 544, 545, 546, 550, 551, 555, 556, 0, 478, 495, 506, 518, 519, 525, 530, 535, 537, 552, 554, 557, 559, 560, 561, 564, 566, 568, 570, 571, 572, 573, 574, 578, 579, 583, 584, 586, 130, 497, 523, 534, 539, 549, 553, 562, 563, 577, 581, 582, 587, 588, 589, 592, 594, 596, 598, 599, 600, 601, 602, 606, 607, 611, 612, 614, 143, 520, 548, 558, 565, 576, 580, 590, 591, 605, 609, 610, 615, 616, 617, 620, 622, 624, 626, 627, 628, 629, 630, 634, 635, 639, 640, 642, 644, 158, 547, 575, 585, 593, 604, 608, 618, 619, 633, 637, 638, 643, 646, 647, 650, 652, 654, 656, 657, 658, 659, 660, 664, 665, 669, 670, 672, 674, 170, 567, 603, 613, 621, 632, 636, 648, 649, 663, 667, 668, 673, 676, 677, 680, 682, 684, 686, 687, 688, 689, 690, 694, 695, 699, 700, 702, 704, 707, 708, 184, 595, 631, 641, 651, 662, 666, 678, 679, 693, 697, 698, 703, 706, 709, 712, 714, 716, 718, 719, 720, 721, 722, 726, 727, 731, 732, 734, 736, 739, 740, 743, 744, 200, 623, 661, 671, 681, 692, 696, 710, 711, 725, 729, 730, 735, 738, 741, 746, 748, 750, 752, 753, 754, 755, 756, 760, 761, 765, 766, 768, 770, 773, 774, 777, 778, 217, 653, 691, 701, 713, 724, 728, 742, 745, 759, 763, 764, 769, 772, 775, 780, 782, 784, 786, 787, 788, 789, 790, 794, 795, 799, 800, 802, 804, 807, 808, 811, 812, 815, 235, 683, 723, 733, 747, 758, 762, 776, 779, 793, 797, 798, 803, 806, 809, 814, 817, 819, 821, 822, 823, 824, 825, 829, 830, 834, 835, 837, 839, 842, 843, 846, 847, 850, 851, 255, 715, 757, 767, 781, 792, 796, 810, 813, 828, 832, 833, 838, 841, 844, 849, 853, 855, 857, 858, 859, 860, 861, 865, 866, 870, 871, 873, 875, 878, 879, 882, 883, 886, 887, 888, 40, 457, 783, 791, 801, 826, 827, 836, 845, 863, 867, 868, 872, 874, 877, 884, 889, 891, 893, 894, 895, 896, 897, 901, 902, 906, 907, 909, 911, 914, 915, 918, 919, 922, 923, 924, 925, 926, 47, 484, 816, 818, 831, 854, 862, 869, 880, 899, 903, 904, 908, 910, 913, 920, 927, 929, 931, 932, 933, 934, 935, 939, 940, 944, 945, 947, 949, 952, 953, 956, 957, 960, 961, 962, 963, 964, 965, 966, 967, 54, 512, 848, 852, 864, 890, 898, 905, 916, 937, 941, 942, 946, 948, 951, 958, 968, 970, 972, 973, 974, 975, 976, 980, 981, 985, 986, 988, 990, 993, 994, 997, 998, 62, 541, 881, 885, 900, 928, 936, 943, 954, 978, 982, 983, 987, 989, 992, 999, 72, 569, 917, 921, 938, 969, 977, 984, 995, 83, 424, 597, 749, 955, 959, 94, 451, 625, 675, 979, 996, 1, 153, 276, 655, 705, 105, 241, 645, 737, 116, 261, 685, 771, 68, 141, 282, 751, 805, 78, 156, 304, 785, 840, 89, 173, 328, 820, 876, 100, 189, 353, 856, 912, 33, 128, 206, 378, 717, 39, 123, 220, 238, 403, 950, 991, 46, 136, 224, 258, 430, 971, 53, 151, 244, 279, 298, 61, 163, 168, 287, 301, 930, 71, 180, 185, 311, 322, 347, 892, 82, 197, 202, 325, 333, 358, 372, 93, 111, 214, 219, 265, 336, 350, 361, 375, 383, 397]",4.47213595499958,4.47213595499958
75,840.0,"[0.0, 0.0, 0.0, 0.0, 0.0, 0.0, 0.0, 0.0, 0.0, 0.0, 0.0, 0.0, 0.0, 0.0, 0.0, 0.0, 1.0, 0.0, 0.0, 0.0, 0.0]","[0.0, 0.0, 0.0, 0.0, 0.0, 0.0, 0.0, 0.0, 0.0, 0.0, 0.0, 0.0, 0.0, 0.0, 0.0, 0.0, 0.5, 0.0, 0.0, 0.0, 0.0]","[10, 11, 12, 14, 17, 21, 19, 24, 27, 22, 29, 32, 26, 35, 38, 31, 42, 43, 45, 37, 49, 50, 52, 57, 44, 56, 58, 60, 65, 66, 51, 64, 67, 70, 75, 76, 79, 59, 74, 77, 81, 86, 87, 90, 69, 85, 88, 92, 97, 98, 101, 80, 96, 99, 103, 108, 109, 112, 117, 91, 107, 110, 114, 115, 120, 121, 124, 129, 131, 102, 119, 122, 126, 127, 133, 134, 137, 142, 144, 145, 147, 113, 132, 135, 139, 140, 148, 149, 152, 157, 159, 160, 162, 164, 125, 146, 150, 154, 155, 165, 166, 169, 174, 176, 177, 179, 181, 138, 161, 167, 171, 172, 182, 183, 186, 191, 193, 194, 196, 198, 201, 18, 175, 178, 187, 188, 195, 199, 203, 208, 210, 211, 213, 215, 218, 20, 190, 192, 204, 205, 212, 216, 221, 226, 228, 229, 231, 233, 236, 240, 23, 207, 209, 222, 223, 230, 234, 239, 246, 248, 249, 251, 252, 253, 256, 260, 262, 28, 225, 227, 242, 243, 250, 254, 257, 259, 267, 269, 270, 272, 273, 274, 277, 281, 283, 284, 34, 245, 247, 263, 264, 271, 275, 278, 280, 289, 291, 292, 294, 295, 296, 299, 303, 305, 306, 307, 308, 41, 266, 268, 285, 286, 293, 297, 300, 302, 313, 315, 316, 318, 319, 320, 323, 327, 329, 330, 331, 332, 48, 288, 290, 309, 310, 317, 321, 324, 326, 338, 340, 341, 343, 344, 345, 348, 352, 354, 355, 356, 357, 55, 312, 314, 334, 335, 342, 346, 349, 351, 363, 365, 366, 368, 369, 370, 373, 377, 379, 380, 381, 382, 63, 337, 339, 359, 360, 367, 371, 374, 376, 388, 390, 391, 393, 394, 395, 398, 402, 404, 405, 406, 407, 412, 413, 73, 362, 364, 384, 385, 392, 396, 399, 401, 415, 417, 418, 420, 421, 422, 425, 427, 429, 431, 432, 433, 434, 435, 439, 440, 84, 387, 389, 409, 410, 411, 419, 423, 426, 428, 442, 444, 445, 447, 448, 449, 452, 454, 456, 458, 459, 460, 461, 462, 466, 467, 95, 414, 416, 436, 437, 438, 446, 450, 453, 455, 469, 471, 472, 474, 475, 476, 479, 481, 483, 485, 486, 487, 488, 489, 493, 494, 498, 106, 441, 443, 463, 464, 465, 473, 477, 480, 482, 496, 499, 500, 502, 503, 504, 507, 509, 511, 513, 514, 515, 516, 517, 521, 522, 526, 527, 118, 468, 470, 490, 491, 492, 501, 505, 508, 510, 524, 528, 529, 531, 532, 533, 536, 538, 540, 542, 543, 544, 545, 546, 550, 551, 555, 556, 0, 478, 495, 506, 518, 519, 525, 530, 535, 537, 552, 554, 557, 559, 560, 561, 564, 566, 568, 570, 571, 572, 573, 574, 578, 579, 583, 584, 586, 130, 497, 523, 534, 539, 549, 553, 562, 563, 577, 581, 582, 587, 588, 589, 592, 594, 596, 598, 599, 600, 601, 602, 606, 607, 611, 612, 614, 143, 520, 548, 558, 565, 576, 580, 590, 591, 605, 609, 610, 615, 616, 617, 620, 622, 624, 626, 627, 628, 629, 630, 634, 635, 639, 640, 642, 644, 158, 547, 575, 585, 593, 604, 608, 618, 619, 633, 637, 638, 643, 646, 647, 650, 652, 654, 656, 657, 658, 659, 660, 664, 665, 669, 670, 672, 674, 170, 567, 603, 613, 621, 632, 636, 648, 649, 663, 667, 668, 673, 676, 677, 680, 682, 684, 686, 687, 688, 689, 690, 694, 695, 699, 700, 702, 704, 707, 708, 184, 595, 631, 641, 651, 662, 666, 678, 679, 693, 697, 698, 703, 706, 709, 712, 714, 716, 718, 719, 720, 721, 722, 726, 727, 731, 732, 734, 736, 739, 740, 743, 744, 200, 623, 661, 671, 681, 692, 696, 710, 711, 725, 729, 730, 735, 738, 741, 746, 748, 750, 752, 753, 754, 755, 756, 760, 761, 765, 766, 768, 770, 773, 774, 777, 778, 217, 653, 691, 701, 713, 724, 728, 742, 745, 759, 763, 764, 769, 772, 775, 780, 782, 784, 786, 787, 788, 789, 790, 794, 795, 799, 800, 802, 804, 807, 808, 811, 812, 815, 235, 683, 723, 733, 747, 758, 762, 776, 779, 793, 797, 798, 803, 806, 809, 814, 817, 819, 821, 822, 823, 824, 825, 829, 830, 834, 835, 837, 839, 842, 843, 846, 847, 850, 851, 255, 715, 757, 767, 781, 792, 796, 810, 813, 828, 832, 833, 838, 841, 844, 849, 853, 855, 857, 858, 859, 860, 861, 865, 866, 870, 871, 873, 875, 878, 879, 882, 883, 886, 887, 888, 40, 457, 783, 791, 801, 826, 827, 836, 845, 863, 867, 868, 872, 874, 877, 884, 889, 891, 893, 894, 895, 896, 897, 901, 902, 906, 907, 909, 911, 914, 915, 918, 919, 922, 923, 924, 925, 926, 47, 484, 816, 818, 831, 854, 862, 869, 880, 899, 903, 904, 908, 910, 913, 920, 927, 929, 931, 932, 933, 934, 935, 939, 940, 944, 945, 947, 949, 952, 953, 956, 957, 960, 961, 962, 963, 964, 965, 966, 967, 54, 512, 848, 852, 864, 890, 898, 905, 916, 937, 941, 942, 946, 948, 951, 958, 968, 970, 972, 973, 974, 975, 976, 980, 981, 985, 986, 988, 990, 993, 994, 997, 998, 62, 541, 881, 885, 900, 928, 936, 943, 954, 978, 982, 983, 987, 989, 992, 999, 72, 569, 917, 921, 938, 969, 977, 984, 995, 83, 597, 749, 955, 959, 94, 451, 625, 675, 979, 996, 1, 153, 276, 655, 705, 105, 241, 645, 737, 116, 261, 685, 771, 68, 141, 282, 751, 805, 78, 156, 304, 785, 840, 89, 173, 328, 820, 876, 100, 189, 353, 856, 912, 33, 128, 206, 378, 717, 39, 123, 220, 238, 403, 950, 991, 46, 136, 224, 258, 430, 971, 53, 151, 244, 279, 298, 61, 163, 168, 287, 301, 930, 71, 180, 185, 311, 322, 347, 892, 82, 197, 202, 325, 333, 358, 372, 93, 214, 219, 336, 350, 383, 397, 104, 111, 232, 237, 265, 361, 375, 386, 400, 408, 424]",4.47213595499958,4.47213595499958
76,840.0,"[0.0, 0.0, 0.0, 0.0, 0.0, 0.0, 0.0, 0.0, 0.0, 0.0, 0.0, 0.0, 0.0, 0.0, 0.0, 0.0, 1.0, 0.0, 0.0, 0.0, 0.0]","[0.0, 0.0, 0.0, 0.0, 0.0, 0.0, 0.0, 0.0, 0.0, 0.0, 0.0, 0.0, 0.0, 0.0, 0.0, 0.0, 0.5, 0.0, 0.0, 0.0, 0.0]","[10, 11, 12, 14, 17, 21, 19, 24, 27, 22, 29, 32, 26, 35, 38, 31, 42, 43, 45, 37, 49, 50, 52, 57, 44, 56, 58, 60, 65, 66, 51, 64, 67, 70, 75, 76, 79, 59, 74, 77, 81, 86, 87, 90, 69, 85, 88, 92, 97, 98, 101, 80, 96, 99, 103, 108, 109, 112, 117, 91, 107, 110, 114, 120, 121, 124, 129, 131, 102, 119, 122, 126, 127, 133, 134, 137, 142, 144, 145, 147, 113, 132, 135, 139, 140, 148, 149, 152, 157, 159, 160, 162, 164, 125, 146, 150, 154, 155, 165, 166, 169, 174, 176, 177, 179, 181, 138, 161, 167, 171, 172, 182, 183, 186, 191, 193, 194, 196, 198, 201, 18, 175, 178, 187, 188, 195, 199, 203, 208, 210, 211, 213, 215, 218, 20, 190, 192, 204, 205, 212, 216, 221, 226, 228, 229, 231, 233, 236, 240, 23, 207, 209, 222, 223, 230, 234, 239, 246, 248, 249, 251, 253, 256, 260, 262, 28, 225, 227, 242, 243, 250, 254, 259, 267, 269, 270, 272, 273, 274, 277, 281, 283, 284, 34, 245, 247, 263, 264, 271, 275, 278, 280, 289, 291, 292, 294, 295, 296, 299, 303, 305, 306, 307, 308, 41, 266, 268, 285, 286, 293, 297, 300, 302, 313, 315, 316, 318, 319, 320, 323, 327, 329, 330, 331, 332, 48, 288, 290, 309, 310, 317, 321, 324, 326, 338, 340, 341, 343, 344, 345, 348, 352, 354, 355, 356, 357, 55, 312, 314, 334, 335, 342, 346, 349, 351, 363, 365, 366, 368, 369, 370, 373, 377, 379, 380, 381, 382, 63, 337, 339, 359, 360, 367, 371, 374, 376, 388, 390, 391, 393, 394, 395, 398, 402, 404, 405, 406, 407, 412, 413, 73, 362, 364, 384, 385, 392, 396, 399, 401, 415, 417, 418, 420, 421, 422, 425, 429, 431, 432, 433, 434, 439, 440, 84, 387, 389, 409, 410, 419, 423, 426, 428, 442, 444, 445, 447, 448, 449, 452, 454, 456, 458, 459, 460, 461, 462, 466, 467, 95, 414, 416, 436, 437, 438, 446, 450, 453, 455, 469, 471, 472, 474, 475, 476, 479, 481, 483, 485, 486, 487, 488, 489, 493, 494, 498, 106, 441, 443, 463, 464, 465, 473, 477, 480, 482, 496, 499, 500, 502, 503, 504, 507, 509, 511, 513, 514, 515, 516, 517, 521, 522, 526, 527, 118, 468, 470, 490, 491, 492, 501, 505, 508, 510, 524, 528, 529, 531, 532, 533, 536, 538, 540, 542, 543, 544, 545, 546, 550, 551, 555, 556, 0, 478, 495, 506, 518, 519, 525, 530, 535, 537, 552, 554, 557, 559, 560, 561, 564, 566, 568, 570, 571, 572, 573, 574, 578, 579, 583, 584, 586, 130, 497, 523, 534, 539, 549, 553, 562, 563, 577, 581, 582, 587, 588, 589, 592, 594, 596, 598, 599, 600, 601, 602, 606, 607, 611, 612, 614, 143, 520, 548, 558, 565, 576, 580, 590, 591, 605, 609, 610, 615, 616, 617, 620, 622, 624, 626, 627, 628, 629, 630, 634, 635, 639, 640, 642, 644, 158, 547, 575, 585, 593, 604, 608, 618, 619, 633, 637, 638, 643, 646, 647, 650, 652, 654, 656, 657, 658, 659, 660, 664, 665, 669, 670, 672, 674, 170, 567, 603, 613, 621, 632, 636, 648, 649, 663, 667, 668, 673, 676, 677, 680, 682, 684, 686, 687, 688, 689, 690, 694, 695, 699, 700, 702, 704, 707, 708, 184, 595, 631, 641, 651, 662, 666, 678, 679, 693, 697, 698, 703, 706, 709, 712, 714, 716, 718, 719, 720, 721, 722, 726, 727, 731, 732, 734, 736, 739, 740, 743, 744, 200, 623, 661, 671, 681, 692, 696, 710, 711, 725, 729, 730, 735, 738, 741, 746, 748, 750, 752, 753, 754, 755, 756, 760, 761, 765, 766, 768, 770, 773, 774, 777, 778, 217, 653, 691, 701, 713, 724, 728, 742, 745, 759, 763, 764, 769, 772, 775, 780, 782, 784, 786, 787, 788, 789, 790, 794, 795, 799, 800, 802, 804, 807, 808, 811, 812, 815, 235, 683, 723, 733, 747, 758, 762, 776, 779, 793, 797, 798, 803, 806, 809, 814, 817, 819, 821, 822, 823, 824, 825, 829, 830, 834, 835, 837, 839, 842, 843, 846, 847, 850, 851, 255, 715, 757, 767, 781, 792, 796, 810, 813, 828, 832, 833, 838, 841, 844, 849, 853, 855, 857, 858, 859, 860, 861, 865, 866, 870, 871, 873, 875, 878, 879, 882, 883, 886, 887, 888, 40, 457, 783, 791, 801, 826, 827, 836, 845, 863, 867, 868, 872, 874, 877, 884, 889, 891, 893, 894, 895, 896, 897, 901, 902, 906, 907, 909, 911, 914, 915, 918, 919, 922, 923, 924, 925, 926, 47, 484, 816, 818, 831, 854, 862, 869, 880, 899, 903, 904, 908, 910, 913, 920, 927, 929, 931, 932, 933, 934, 935, 939, 940, 944, 945, 947, 949, 952, 953, 956, 957, 960, 961, 962, 963, 964, 965, 966, 967, 54, 512, 848, 852, 864, 890, 898, 905, 916, 937, 941, 942, 946, 948, 951, 958, 968, 970, 972, 973, 974, 975, 976, 980, 981, 985, 986, 988, 990, 993, 994, 997, 998, 62, 541, 881, 885, 900, 928, 936, 943, 954, 978, 982, 983, 987, 989, 992, 999, 72, 569, 917, 921, 938, 969, 977, 984, 995, 83, 597, 749, 955, 959, 94, 625, 675, 979, 996, 1, 153, 276, 655, 705, 105, 241, 645, 737, 116, 261, 685, 771, 68, 141, 282, 751, 805, 78, 156, 304, 785, 840, 89, 173, 328, 820, 876, 100, 189, 353, 856, 912, 33, 128, 206, 378, 717, 39, 123, 220, 238, 403, 950, 991, 46, 136, 224, 258, 430, 971, 53, 151, 244, 279, 298, 61, 163, 168, 287, 301, 930, 71, 180, 185, 311, 322, 347, 892, 82, 197, 202, 325, 333, 358, 372, 93, 214, 219, 336, 350, 383, 397, 104, 232, 237, 361, 375, 408, 424, 111, 115, 252, 257, 265, 386, 400, 411, 427, 435, 451]",4.47213595499958,4.47213595499958
77,840.0,"[0.0, 0.0, 0.0, 0.0, 0.0, 0.0, 0.0, 0.0, 0.0, 0.0, 0.0, 0.0, 0.0, 0.0, 0.0, 0.0, 1.0, 0.0, 0.0, 0.0, 0.0]","[0.0, 0.0, 0.0, 0.0, 0.0, 0.0, 0.0, 0.0, 0.0, 0.0, 0.0, 0.0, 0.0, 0.0, 0.0, 0.0, 0.5, 0.0, 0.0, 0.0, 0.0]","[10, 11, 12, 14, 17, 21, 19, 24, 27, 22, 29, 32, 26, 35, 38, 31, 42, 43, 45, 37, 49, 50, 52, 57, 44, 56, 58, 60, 65, 66, 51, 64, 67, 70, 75, 76, 79, 59, 74, 77, 81, 86, 87, 90, 69, 85, 88, 92, 97, 98, 101, 80, 96, 99, 103, 108, 109, 112, 117, 91, 107, 110, 114, 120, 121, 124, 129, 131, 102, 119, 122, 126, 133, 134, 137, 142, 144, 145, 147, 113, 132, 135, 139, 140, 148, 149, 152, 157, 159, 160, 162, 164, 125, 146, 150, 154, 155, 165, 166, 169, 174, 176, 177, 179, 181, 138, 161, 167, 171, 172, 182, 183, 186, 191, 193, 194, 196, 198, 201, 18, 175, 178, 187, 188, 195, 199, 203, 208, 210, 211, 213, 215, 218, 20, 190, 192, 204, 205, 212, 216, 221, 226, 228, 229, 231, 233, 236, 240, 23, 207, 209, 222, 223, 230, 234, 239, 246, 248, 249, 251, 253, 256, 260, 262, 28, 225, 227, 242, 243, 250, 254, 259, 267, 269, 270, 272, 274, 277, 281, 283, 284, 34, 245, 247, 263, 264, 271, 275, 280, 289, 291, 292, 294, 295, 296, 299, 303, 305, 306, 307, 308, 41, 266, 268, 285, 286, 293, 297, 300, 302, 313, 315, 316, 318, 319, 320, 323, 327, 329, 330, 331, 332, 48, 288, 290, 309, 310, 317, 321, 324, 326, 338, 340, 341, 343, 344, 345, 348, 352, 354, 355, 356, 357, 55, 312, 314, 334, 335, 342, 346, 349, 351, 363, 365, 366, 368, 369, 370, 373, 377, 379, 380, 381, 382, 63, 337, 339, 359, 360, 367, 371, 374, 376, 388, 390, 391, 393, 394, 395, 398, 402, 404, 405, 406, 407, 412, 413, 73, 362, 364, 384, 385, 392, 396, 399, 401, 415, 417, 418, 420, 421, 422, 425, 429, 431, 432, 433, 434, 439, 440, 84, 387, 389, 409, 410, 419, 423, 426, 428, 442, 444, 445, 447, 448, 449, 452, 456, 458, 459, 460, 461, 466, 467, 95, 414, 416, 436, 437, 446, 450, 453, 455, 469, 471, 472, 474, 475, 476, 479, 481, 483, 485, 486, 487, 488, 489, 493, 494, 498, 106, 441, 443, 463, 464, 465, 473, 477, 480, 482, 496, 499, 500, 502, 503, 504, 507, 509, 511, 513, 514, 515, 516, 517, 521, 522, 526, 527, 118, 468, 470, 490, 491, 492, 501, 505, 508, 510, 524, 528, 529, 531, 532, 533, 536, 538, 540, 542, 543, 544, 545, 546, 550, 551, 555, 556, 0, 478, 495, 506, 518, 519, 525, 530, 535, 537, 552, 554, 557, 559, 560, 561, 564, 566, 568, 570, 571, 572, 573, 574, 578, 579, 583, 584, 586, 130, 497, 523, 534, 539, 549, 553, 562, 563, 577, 581, 582, 587, 588, 589, 592, 594, 596, 598, 599, 600, 601, 602, 606, 607, 611, 612, 614, 143, 520, 548, 558, 565, 576, 580, 590, 591, 605, 609, 610, 615, 616, 617, 620, 622, 624, 626, 627, 628, 629, 630, 634, 635, 639, 640, 642, 644, 158, 547, 575, 585, 593, 604, 608, 618, 619, 633, 637, 638, 643, 646, 647, 650, 652, 654, 656, 657, 658, 659, 660, 664, 665, 669, 670, 672, 674, 170, 567, 603, 613, 621, 632, 636, 648, 649, 663, 667, 668, 673, 676, 677, 680, 682, 684, 686, 687, 688, 689, 690, 694, 695, 699, 700, 702, 704, 707, 708, 184, 595, 631, 641, 651, 662, 666, 678, 679, 693, 697, 698, 703, 706, 709, 712, 714, 716, 718, 719, 720, 721, 722, 726, 727, 731, 732, 734, 736, 739, 740, 743, 744, 200, 623, 661, 671, 681, 692, 696, 710, 711, 725, 729, 730, 735, 738, 741, 746, 748, 750, 752, 753, 754, 755, 756, 760, 761, 765, 766, 768, 770, 773, 774, 777, 778, 217, 653, 691, 701, 713, 724, 728, 742, 745, 759, 763, 764, 769, 772, 775, 780, 782, 784, 786, 787, 788, 789, 790, 794, 795, 799, 800, 802, 804, 807, 808, 811, 812, 815, 235, 683, 723, 733, 747, 758, 762, 776, 779, 793, 797, 798, 803, 806, 809, 814, 817, 819, 821, 822, 823, 824, 825, 829, 830, 834, 835, 837, 839, 842, 843, 846, 847, 850, 851, 255, 715, 757, 767, 781, 792, 796, 810, 813, 828, 832, 833, 838, 841, 844, 849, 853, 855, 857, 858, 859, 860, 861, 865, 866, 870, 871, 873, 875, 878, 879, 882, 883, 886, 887, 888, 40, 457, 783, 791, 801, 826, 827, 836, 845, 863, 867, 868, 872, 874, 877, 884, 889, 891, 893, 894, 895, 896, 897, 901, 902, 906, 907, 909, 911, 914, 915, 918, 919, 922, 923, 924, 925, 926, 47, 484, 816, 818, 831, 854, 862, 869, 880, 899, 903, 904, 908, 910, 913, 920, 927, 929, 931, 932, 933, 934, 935, 939, 940, 944, 945, 947, 949, 952, 953, 956, 957, 960, 961, 962, 963, 964, 965, 966, 967, 54, 512, 848, 852, 864, 890, 898, 905, 916, 937, 941, 942, 946, 948, 951, 958, 968, 970, 972, 973, 974, 975, 976, 980, 981, 985, 986, 988, 990, 993, 994, 997, 998, 62, 541, 881, 885, 900, 928, 936, 943, 954, 978, 982, 983, 987, 989, 992, 999, 72, 569, 917, 921, 938, 969, 977, 984, 995, 83, 597, 749, 955, 959, 94, 625, 675, 979, 996, 1, 276, 655, 705, 105, 241, 645, 737, 116, 261, 685, 771, 68, 141, 282, 751, 805, 78, 156, 304, 785, 840, 89, 173, 328, 820, 876, 100, 189, 353, 856, 912, 33, 128, 206, 378, 717, 39, 123, 220, 238, 403, 950, 991, 46, 136, 224, 258, 430, 971, 53, 151, 244, 279, 298, 61, 163, 168, 287, 301, 930, 71, 180, 185, 311, 322, 347, 892, 82, 197, 202, 325, 333, 358, 372, 93, 214, 219, 336, 350, 383, 397, 104, 232, 237, 361, 375, 408, 424, 111, 252, 257, 386, 400, 435, 451, 115, 127, 153, 265, 273, 278, 411, 427, 438, 454, 462]",4.47213595499958,4.47213595499958
78,840.0,"[0.0, 0.0, 0.0, 0.0, 0.0, 0.0, 0.0, 0.0, 0.0, 0.0, 0.0, 0.0, 0.0, 0.0, 0.0, 0.0, 1.0, 0.0, 0.0, 0.0, 0.0]","[0.0, 0.0, 0.0, 0.0, 0.0, 0.0, 0.0, 0.0, 0.0, 0.0, 0.0, 0.0, 0.0, 0.0, 0.0, 0.0, 0.5, 0.0, 0.0, 0.0, 0.0]","[10, 11, 12, 14, 17, 21, 19, 24, 27, 22, 29, 32, 26, 35, 38, 31, 42, 43, 45, 37, 49, 50, 52, 57, 44, 56, 58, 60, 65, 66, 51, 64, 67, 70, 75, 76, 79, 59, 74, 77, 81, 86, 87, 90, 69, 85, 88, 92, 97, 98, 101, 80, 96, 99, 103, 108, 109, 112, 117, 91, 107, 110, 114, 120, 121, 124, 129, 131, 102, 119, 122, 126, 133, 134, 137, 142, 144, 145, 147, 113, 132, 135, 139, 148, 149, 152, 157, 159, 160, 162, 164, 125, 146, 150, 154, 155, 165, 166, 169, 174, 176, 177, 179, 181, 138, 161, 167, 171, 172, 182, 183, 186, 191, 193, 194, 196, 198, 201, 18, 175, 178, 187, 188, 195, 199, 203, 208, 210, 211, 213, 215, 218, 20, 190, 192, 204, 205, 212, 216, 221, 226, 228, 229, 231, 233, 236, 240, 23, 207, 209, 222, 223, 230, 234, 239, 246, 248, 249, 251, 253, 256, 260, 262, 28, 225, 227, 242, 243, 250, 254, 259, 267, 269, 270, 272, 274, 277, 281, 283, 284, 34, 245, 247, 263, 264, 271, 275, 280, 289, 291, 292, 294, 296, 299, 303, 305, 306, 307, 308, 41, 266, 268, 285, 286, 293, 297, 302, 313, 315, 316, 318, 319, 320, 323, 327, 329, 330, 331, 332, 48, 288, 290, 309, 310, 317, 321, 324, 326, 338, 340, 341, 343, 344, 345, 348, 352, 354, 355, 356, 357, 55, 312, 314, 334, 335, 342, 346, 349, 351, 363, 365, 366, 368, 369, 370, 373, 377, 379, 380, 381, 382, 63, 337, 339, 359, 360, 367, 371, 374, 376, 388, 390, 391, 393, 394, 395, 398, 402, 404, 405, 406, 407, 412, 413, 73, 362, 364, 384, 385, 392, 396, 399, 401, 415, 417, 418, 420, 421, 422, 425, 429, 431, 432, 433, 434, 439, 440, 84, 387, 389, 409, 410, 419, 423, 426, 428, 442, 444, 445, 447, 448, 449, 452, 456, 458, 459, 460, 461, 466, 467, 95, 414, 416, 436, 437, 446, 450, 453, 455, 469, 471, 472, 474, 475, 476, 479, 483, 485, 486, 487, 488, 493, 494, 498, 106, 441, 443, 463, 464, 473, 477, 480, 482, 496, 499, 500, 502, 503, 504, 507, 509, 511, 513, 514, 515, 516, 517, 521, 522, 526, 527, 118, 468, 470, 490, 491, 492, 501, 505, 508, 510, 524, 528, 529, 531, 532, 533, 536, 538, 540, 542, 543, 544, 545, 546, 550, 551, 555, 556, 0, 478, 495, 506, 518, 519, 525, 530, 535, 537, 552, 554, 557, 559, 560, 561, 564, 566, 568, 570, 571, 572, 573, 574, 578, 579, 583, 584, 586, 130, 497, 523, 534, 539, 549, 553, 562, 563, 577, 581, 582, 587, 588, 589, 592, 594, 596, 598, 599, 600, 601, 602, 606, 607, 611, 612, 614, 143, 520, 548, 558, 565, 576, 580, 590, 591, 605, 609, 610, 615, 616, 617, 620, 622, 624, 626, 627, 628, 629, 630, 634, 635, 639, 640, 642, 644, 158, 547, 575, 585, 593, 604, 608, 618, 619, 633, 637, 638, 643, 646, 647, 650, 652, 654, 656, 657, 658, 659, 660, 664, 665, 669, 670, 672, 674, 170, 567, 603, 613, 621, 632, 636, 648, 649, 663, 667, 668, 673, 676, 677, 680, 682, 684, 686, 687, 688, 689, 690, 694, 695, 699, 700, 702, 704, 707, 708, 184, 595, 631, 641, 651, 662, 666, 678, 679, 693, 697, 698, 703, 706, 709, 712, 714, 716, 718, 719, 720, 721, 722, 726, 727, 731, 732, 734, 736, 739, 740, 743, 744, 200, 623, 661, 671, 681, 692, 696, 710, 711, 725, 729, 730, 735, 738, 741, 746, 748, 750, 752, 753, 754, 755, 756, 760, 761, 765, 766, 768, 770, 773, 774, 777, 778, 217, 653, 691, 701, 713, 724, 728, 742, 745, 759, 763, 764, 769, 772, 775, 780, 782, 784, 786, 787, 788, 789, 790, 794, 795, 799, 800, 802, 804, 807, 808, 811, 812, 815, 235, 683, 723, 733, 747, 758, 762, 776, 779, 793, 797, 798, 803, 806, 809, 814, 817, 819, 821, 822, 823, 824, 825, 829, 830, 834, 835, 837, 839, 842, 843, 846, 847, 850, 851, 255, 715, 757, 767, 781, 792, 796, 810, 813, 828, 832, 833, 838, 841, 844, 849, 853, 855, 857, 858, 859, 860, 861, 865, 866, 870, 871, 873, 875, 878, 879, 882, 883, 886, 887, 888, 40, 457, 783, 791, 801, 826, 827, 836, 845, 863, 867, 868, 872, 874, 877, 884, 889, 891, 893, 894, 895, 896, 897, 901, 902, 906, 907, 909, 911, 914, 915, 918, 919, 922, 923, 924, 925, 926, 47, 484, 816, 818, 831, 854, 862, 869, 880, 899, 903, 904, 908, 910, 913, 920, 927, 929, 931, 932, 933, 934, 935, 939, 940, 944, 945, 947, 949, 952, 953, 956, 957, 960, 961, 962, 963, 964, 965, 966, 967, 54, 512, 848, 852, 864, 890, 898, 905, 916, 937, 941, 942, 946, 948, 951, 958, 968, 970, 972, 973, 974, 975, 976, 980, 981, 985, 986, 988, 990, 993, 994, 997, 998, 62, 541, 881, 885, 900, 928, 936, 943, 954, 978, 982, 983, 987, 989, 992, 999, 72, 569, 917, 921, 938, 969, 977, 984, 995, 83, 597, 749, 955, 959, 94, 625, 675, 979, 996, 1, 276, 655, 705, 105, 645, 737, 116, 261, 685, 771, 68, 141, 282, 751, 805, 78, 156, 304, 785, 840, 89, 173, 328, 820, 876, 100, 189, 353, 856, 912, 33, 128, 206, 378, 717, 39, 123, 220, 238, 403, 950, 991, 46, 136, 224, 258, 430, 971, 53, 151, 244, 279, 298, 61, 163, 168, 287, 301, 930, 71, 180, 185, 311, 322, 347, 892, 82, 197, 202, 325, 333, 358, 372, 93, 214, 219, 336, 350, 383, 397, 104, 232, 237, 361, 375, 408, 424, 111, 252, 257, 386, 400, 435, 451, 115, 153, 265, 278, 411, 454, 462, 127, 140, 241, 273, 295, 300, 427, 438, 465, 481, 489]",4.47213595499958,4.47213595499958
79,840.0,"[0.0, 0.0, 0.0, 0.0, 0.0, 0.0, 0.0, 0.0, 0.0, 0.0, 0.0, 0.0, 0.0, 0.0, 0.0, 0.0, 1.0, 0.0, 0.0, 0.0, 0.0]","[0.0, 0.0, 0.0, 0.0, 0.0, 0.0, 0.0, 0.0, 0.0, 0.0, 0.0, 0.0, 0.0, 0.0, 0.0, 0.0, 0.5, 0.0, 0.0, 0.0, 0.0]","[10, 11, 12, 14, 17, 21, 19, 24, 27, 22, 29, 32, 26, 35, 38, 31, 42, 43, 45, 37, 49, 50, 52, 57, 44, 56, 58, 60, 65, 66, 51, 64, 67, 70, 75, 76, 79, 59, 74, 77, 81, 86, 87, 90, 69, 85, 88, 92, 97, 98, 101, 80, 96, 99, 103, 108, 109, 112, 117, 91, 107, 110, 114, 120, 121, 124, 129, 131, 102, 119, 122, 126, 133, 134, 137, 142, 144, 145, 147, 113, 132, 135, 139, 148, 149, 152, 157, 159, 160, 162, 164, 125, 146, 150, 154, 165, 166, 169, 174, 176, 177, 179, 181, 138, 161, 167, 171, 172, 182, 183, 186, 191, 193, 194, 196, 198, 201, 18, 175, 178, 187, 188, 195, 199, 203, 208, 210, 211, 213, 215, 218, 20, 190, 192, 204, 205, 212, 216, 221, 226, 228, 229, 231, 233, 236, 240, 23, 207, 209, 222, 223, 230, 234, 239, 246, 248, 249, 251, 253, 256, 260, 262, 28, 225, 227, 242, 243, 250, 254, 259, 267, 269, 270, 272, 274, 277, 281, 283, 284, 34, 245, 247, 263, 264, 271, 275, 280, 289, 291, 292, 294, 296, 299, 303, 305, 306, 307, 308, 41, 266, 268, 285, 286, 293, 297, 302, 313, 315, 316, 318, 320, 323, 327, 329, 330, 331, 332, 48, 288, 290, 309, 310, 317, 321, 326, 338, 340, 341, 343, 344, 345, 348, 352, 354, 355, 356, 357, 55, 312, 314, 334, 335, 342, 346, 349, 351, 363, 365, 366, 368, 369, 370, 373, 377, 379, 380, 381, 382, 63, 337, 339, 359, 360, 367, 371, 374, 376, 388, 390, 391, 393, 394, 395, 398, 402, 404, 405, 406, 407, 412, 413, 73, 362, 364, 384, 385, 392, 396, 399, 401, 415, 417, 418, 420, 421, 422, 425, 429, 431, 432, 433, 434, 439, 440, 84, 387, 389, 409, 410, 419, 423, 426, 428, 442, 444, 445, 447, 448, 449, 452, 456, 458, 459, 460, 461, 466, 467, 95, 414, 416, 436, 437, 446, 450, 453, 455, 469, 471, 472, 474, 475, 476, 479, 483, 485, 486, 487, 488, 493, 494, 498, 106, 441, 443, 463, 464, 473, 477, 480, 482, 496, 499, 500, 502, 503, 504, 507, 511, 513, 514, 515, 516, 521, 522, 526, 527, 118, 468, 470, 490, 491, 501, 505, 508, 510, 524, 528, 529, 531, 532, 533, 536, 538, 540, 542, 543, 544, 545, 546, 550, 551, 555, 556, 0, 478, 495, 506, 518, 519, 525, 530, 535, 537, 552, 554, 557, 559, 560, 561, 564, 566, 568, 570, 571, 572, 573, 574, 578, 579, 583, 584, 586, 130, 497, 523, 534, 539, 549, 553, 562, 563, 577, 581, 582, 587, 588, 589, 592, 594, 596, 598, 599, 600, 601, 602, 606, 607, 611, 612, 614, 143, 520, 548, 558, 565, 576, 580, 590, 591, 605, 609, 610, 615, 616, 617, 620, 622, 624, 626, 627, 628, 629, 630, 634, 635, 639, 640, 642, 644, 158, 547, 575, 585, 593, 604, 608, 618, 619, 633, 637, 638, 643, 646, 647, 650, 652, 654, 656, 657, 658, 659, 660, 664, 665, 669, 670, 672, 674, 170, 567, 603, 613, 621, 632, 636, 648, 649, 663, 667, 668, 673, 676, 677, 680, 682, 684, 686, 687, 688, 689, 690, 694, 695, 699, 700, 702, 704, 707, 708, 184, 595, 631, 641, 651, 662, 666, 678, 679, 693, 697, 698, 703, 706, 709, 712, 714, 716, 718, 719, 720, 721, 722, 726, 727, 731, 732, 734, 736, 739, 740, 743, 744, 200, 623, 661, 671, 681, 692, 696, 710, 711, 725, 729, 730, 735, 738, 741, 746, 748, 750, 752, 753, 754, 755, 756, 760, 761, 765, 766, 768, 770, 773, 774, 777, 778, 217, 653, 691, 701, 713, 724, 728, 742, 745, 759, 763, 764, 769, 772, 775, 780, 782, 784, 786, 787, 788, 789, 790, 794, 795, 799, 800, 802, 804, 807, 808, 811, 812, 815, 235, 683, 723, 733, 747, 758, 762, 776, 779, 793, 797, 798, 803, 806, 809, 814, 817, 819, 821, 822, 823, 824, 825, 829, 830, 834, 835, 837, 839, 842, 843, 846, 847, 850, 851, 255, 715, 757, 767, 781, 792, 796, 810, 813, 828, 832, 833, 838, 841, 844, 849, 853, 855, 857, 858, 859, 860, 861, 865, 866, 870, 871, 873, 875, 878, 879, 882, 883, 886, 887, 888, 40, 457, 783, 791, 801, 826, 827, 836, 845, 863, 867, 868, 872, 874, 877, 884, 889, 891, 893, 894, 895, 896, 897, 901, 902, 906, 907, 909, 911, 914, 915, 918, 919, 922, 923, 924, 925, 926, 47, 484, 816, 818, 831, 854, 862, 869, 880, 899, 903, 904, 908, 910, 913, 920, 927, 929, 931, 932, 933, 934, 935, 939, 940, 944, 945, 947, 949, 952, 953, 956, 957, 960, 961, 962, 963, 964, 965, 966, 967, 54, 512, 848, 852, 864, 890, 898, 905, 916, 937, 941, 942, 946, 948, 951, 958, 968, 970, 972, 973, 974, 975, 976, 980, 981, 985, 986, 988, 990, 993, 994, 997, 998, 62, 541, 881, 885, 900, 928, 936, 943, 954, 978, 982, 983, 987, 989, 992, 999, 72, 569, 917, 921, 938, 969, 977, 984, 995, 83, 597, 749, 955, 959, 94, 625, 675, 979, 996, 1, 276, 655, 705, 105, 645, 737, 116, 685, 771, 68, 141, 282, 751, 805, 78, 156, 304, 785, 840, 89, 173, 328, 820, 876, 100, 189, 353, 856, 912, 33, 128, 206, 378, 717, 39, 123, 220, 238, 403, 950, 991, 46, 136, 224, 258, 430, 971, 53, 151, 244, 279, 298, 61, 163, 168, 287, 301, 930, 71, 180, 185, 311, 322, 347, 892, 82, 197, 202, 325, 333, 358, 372, 93, 214, 219, 336, 350, 383, 397, 104, 232, 237, 361, 375, 408, 424, 111, 252, 257, 386, 400, 435, 451, 115, 153, 265, 278, 411, 454, 462, 127, 241, 273, 300, 427, 481, 489, 140, 155, 261, 295, 319, 324, 438, 465, 492, 509, 517]",4.47213595499958,4.47213595499958
80,840.0,"[0.0, 0.0, 0.0, 0.0, 0.0, 0.0, 0.0, 0.0, 0.0, 0.0, 0.0, 0.0, 0.0, 0.0, 0.0, 0.0, 1.0, 0.0, 0.0, 0.0, 0.0]","[0.0, 0.0, 0.0, 0.0, 0.0, 0.0, 0.0, 0.0, 0.0, 0.0, 0.0, 0.0, 0.0, 0.0, 0.0, 0.0, 0.5, 0.0, 0.0, 0.0, 0.0]","[10, 11, 12, 14, 17, 21, 19, 24, 27, 22, 29, 32, 26, 35, 38, 31, 42, 43, 45, 37, 49, 50, 52, 57, 44, 56, 58, 60, 65, 66, 51, 64, 67, 70, 75, 76, 79, 59, 74, 77, 81, 86, 87, 90, 69, 85, 88, 92, 97, 98, 101, 80, 96, 99, 103, 108, 109, 112, 117, 91, 107, 110, 114, 120, 121, 124, 129, 131, 102, 119, 122, 126, 133, 134, 137, 142, 144, 145, 147, 113, 132, 135, 139, 148, 149, 152, 157, 159, 160, 162, 164, 125, 146, 150, 154, 165, 166, 169, 174, 176, 177, 179, 181, 138, 161, 167, 171, 182, 183, 186, 191, 193, 194, 196, 198, 201, 18, 175, 178, 187, 188, 195, 199, 203, 208, 210, 211, 213, 215, 218, 20, 190, 192, 204, 205, 212, 216, 221, 226, 228, 229, 231, 233, 236, 240, 23, 207, 209, 222, 223, 230, 234, 239, 246, 248, 249, 251, 253, 256, 260, 262, 28, 225, 227, 242, 243, 250, 254, 259, 267, 269, 270, 272, 274, 277, 281, 283, 284, 34, 245, 247, 263, 264, 271, 275, 280, 289, 291, 292, 294, 296, 299, 303, 305, 306, 307, 308, 41, 266, 268, 285, 286, 293, 297, 302, 313, 315, 316, 318, 320, 323, 327, 329, 330, 331, 332, 48, 288, 290, 309, 310, 317, 321, 326, 338, 340, 341, 343, 345, 348, 352, 354, 355, 356, 357, 55, 312, 314, 334, 335, 342, 346, 351, 363, 365, 366, 368, 369, 370, 373, 377, 379, 380, 381, 382, 63, 337, 339, 359, 360, 367, 371, 374, 376, 388, 390, 391, 393, 394, 395, 398, 402, 404, 405, 406, 407, 412, 413, 73, 362, 364, 384, 385, 392, 396, 399, 401, 415, 417, 418, 420, 421, 422, 425, 429, 431, 432, 433, 434, 439, 440, 84, 387, 389, 409, 410, 419, 423, 426, 428, 442, 444, 445, 447, 448, 449, 452, 456, 458, 459, 460, 461, 466, 467, 95, 414, 416, 436, 437, 446, 450, 453, 455, 469, 471, 472, 474, 475, 476, 479, 483, 485, 486, 487, 488, 493, 494, 498, 106, 441, 443, 463, 464, 473, 477, 480, 482, 496, 499, 500, 502, 503, 504, 507, 511, 513, 514, 515, 516, 521, 522, 526, 527, 118, 468, 470, 490, 491, 501, 505, 508, 510, 524, 528, 529, 531, 532, 533, 536, 540, 542, 543, 544, 545, 550, 551, 555, 556, 0, 478, 495, 506, 518, 525, 530, 535, 537, 552, 554, 557, 559, 560, 561, 564, 566, 568, 570, 571, 572, 573, 574, 578, 579, 583, 584, 586, 130, 497, 523, 534, 539, 549, 553, 562, 563, 577, 581, 582, 587, 588, 589, 592, 594, 596, 598, 599, 600, 601, 602, 606, 607, 611, 612, 614, 143, 520, 548, 558, 565, 576, 580, 590, 591, 605, 609, 610, 615, 616, 617, 620, 622, 624, 626, 627, 628, 629, 630, 634, 635, 639, 640, 642, 644, 158, 547, 575, 585, 593, 604, 608, 618, 619, 633, 637, 638, 643, 646, 647, 650, 652, 654, 656, 657, 658, 659, 660, 664, 665, 669, 670, 672, 674, 170, 567, 603, 613, 621, 632, 636, 648, 649, 663, 667, 668, 673, 676, 677, 680, 682, 684, 686, 687, 688, 689, 690, 694, 695, 699, 700, 702, 704, 707, 708, 184, 595, 631, 641, 651, 662, 666, 678, 679, 693, 697, 698, 703, 706, 709, 712, 714, 716, 718, 719, 720, 721, 722, 726, 727, 731, 732, 734, 736, 739, 740, 743, 744, 200, 623, 661, 671, 681, 692, 696, 710, 711, 725, 729, 730, 735, 738, 741, 746, 748, 750, 752, 753, 754, 755, 756, 760, 761, 765, 766, 768, 770, 773, 774, 777, 778, 217, 653, 691, 701, 713, 724, 728, 742, 745, 759, 763, 764, 769, 772, 775, 780, 782, 784, 786, 787, 788, 789, 790, 794, 795, 799, 800, 802, 804, 807, 808, 811, 812, 815, 235, 683, 723, 733, 747, 758, 762, 776, 779, 793, 797, 798, 803, 806, 809, 814, 817, 819, 821, 822, 823, 824, 825, 829, 830, 834, 835, 837, 839, 842, 843, 846, 847, 850, 851, 255, 715, 757, 767, 781, 792, 796, 810, 813, 828, 832, 833, 838, 841, 844, 849, 853, 855, 857, 858, 859, 860, 861, 865, 866, 870, 871, 873, 875, 878, 879, 882, 883, 886, 887, 888, 40, 457, 783, 791, 801, 826, 827, 836, 845, 863, 867, 868, 872, 874, 877, 884, 889, 891, 893, 894, 895, 896, 897, 901, 902, 906, 907, 909, 911, 914, 915, 918, 919, 922, 923, 924, 925, 926, 47, 484, 816, 818, 831, 854, 862, 869, 880, 899, 903, 904, 908, 910, 913, 920, 927, 929, 931, 932, 933, 934, 935, 939, 940, 944, 945, 947, 949, 952, 953, 956, 957, 960, 961, 962, 963, 964, 965, 966, 967, 54, 512, 848, 852, 864, 890, 898, 905, 916, 937, 941, 942, 946, 948, 951, 958, 968, 970, 972, 973, 974, 975, 976, 980, 981, 985, 986, 988, 990, 993, 994, 997, 998, 62, 541, 881, 885, 900, 928, 936, 943, 954, 978, 982, 983, 987, 989, 992, 999, 72, 569, 917, 921, 938, 969, 977, 984, 995, 83, 597, 749, 955, 959, 94, 625, 675, 979, 996, 1, 276, 655, 705, 105, 645, 737, 116, 685, 771, 68, 282, 751, 805, 78, 156, 304, 785, 840, 89, 173, 328, 820, 876, 100, 189, 353, 856, 912, 33, 128, 206, 378, 717, 39, 123, 220, 238, 403, 950, 991, 46, 136, 224, 258, 430, 971, 53, 151, 244, 279, 298, 61, 163, 168, 287, 301, 930, 71, 180, 185, 311, 322, 347, 892, 82, 197, 202, 325, 333, 358, 372, 93, 214, 219, 336, 350, 383, 397, 104, 232, 237, 361, 375, 408, 424, 111, 252, 257, 386, 400, 435, 451, 115, 153, 265, 278, 411, 454, 462, 127, 241, 273, 300, 427, 481, 489, 140, 261, 295, 324, 438, 509, 517, 141, 155, 172, 319, 344, 349, 465, 492, 519, 538, 546]",4.47213595499958,4.47213595499958
81,840.0,"[0.0, 0.0, 0.0, 0.0, 0.0, 0.0, 0.0, 0.0, 0.0, 0.0, 0.0, 0.0, 0.0, 0.0, 0.0, 0.0, 1.0, 0.0, 0.0, 0.0, 0.0]","[0.0, 0.0, 0.0, 0.0, 0.0, 0.0, 0.0, 0.0, 0.0, 0.0, 0.0, 0.0, 0.0, 0.0, 0.0, 0.0, 0.5, 0.0, 0.0, 0.0, 0.0]","[10, 11, 12, 14, 17, 21, 19, 24, 27, 22, 29, 32, 26, 35, 38, 31, 42, 43, 45, 37, 49, 50, 52, 57, 44, 56, 58, 60, 65, 66, 51, 64, 67, 70, 75, 76, 79, 59, 74, 77, 81, 86, 87, 90, 69, 85, 88, 92, 97, 98, 101, 80, 96, 99, 103, 108, 109, 112, 117, 91, 107, 110, 114, 120, 121, 124, 129, 131, 102, 119, 122, 126, 133, 134, 137, 142, 144, 145, 147, 113, 132, 135, 139, 148, 149, 152, 157, 159, 160, 162, 164, 125, 146, 150, 154, 165, 166, 169, 174, 176, 177, 179, 181, 138, 161, 167, 171, 182, 183, 186, 191, 193, 194, 196, 198, 201, 18, 175, 178, 187, 195, 199, 203, 208, 210, 211, 213, 215, 218, 20, 190, 192, 204, 205, 212, 216, 221, 226, 228, 229, 231, 233, 236, 240, 23, 207, 209, 222, 223, 230, 234, 239, 246, 248, 249, 251, 253, 256, 260, 262, 28, 225, 227, 242, 243, 250, 254, 259, 267, 269, 270, 272, 274, 277, 281, 283, 284, 34, 245, 247, 263, 264, 271, 275, 280, 289, 291, 292, 294, 296, 299, 303, 305, 306, 307, 308, 41, 266, 268, 285, 286, 293, 297, 302, 313, 315, 316, 318, 320, 323, 327, 329, 330, 331, 332, 48, 288, 290, 309, 310, 317, 321, 326, 338, 340, 341, 343, 345, 348, 352, 354, 355, 356, 357, 55, 312, 314, 334, 335, 342, 346, 351, 363, 365, 366, 368, 370, 373, 377, 379, 380, 381, 382, 63, 337, 339, 359, 360, 367, 371, 376, 388, 390, 391, 393, 394, 395, 398, 402, 404, 405, 406, 407, 412, 413, 73, 362, 364, 384, 385, 392, 396, 399, 401, 415, 417, 418, 420, 421, 422, 425, 429, 431, 432, 433, 434, 439, 440, 84, 387, 389, 409, 410, 419, 423, 426, 428, 442, 444, 445, 447, 448, 449, 452, 456, 458, 459, 460, 461, 466, 467, 95, 414, 416, 436, 437, 446, 450, 453, 455, 469, 471, 472, 474, 475, 476, 479, 483, 485, 486, 487, 488, 493, 494, 498, 106, 441, 443, 463, 464, 473, 477, 480, 482, 496, 499, 500, 502, 503, 504, 507, 511, 513, 514, 515, 516, 521, 522, 526, 527, 118, 468, 470, 490, 491, 501, 505, 508, 510, 524, 528, 529, 531, 532, 533, 536, 540, 542, 543, 544, 545, 550, 551, 555, 556, 0, 478, 495, 506, 518, 525, 530, 535, 537, 552, 554, 557, 559, 560, 561, 564, 568, 570, 571, 572, 573, 578, 579, 583, 584, 586, 130, 497, 523, 534, 549, 553, 562, 563, 577, 581, 582, 587, 588, 589, 592, 594, 596, 598, 599, 600, 601, 602, 606, 607, 611, 612, 614, 143, 520, 548, 558, 565, 576, 580, 590, 591, 605, 609, 610, 615, 616, 617, 620, 622, 624, 626, 627, 628, 629, 630, 634, 635, 639, 640, 642, 644, 158, 547, 575, 585, 593, 604, 608, 618, 619, 633, 637, 638, 643, 646, 647, 650, 652, 654, 656, 657, 658, 659, 660, 664, 665, 669, 670, 672, 674, 170, 567, 603, 613, 621, 632, 636, 648, 649, 663, 667, 668, 673, 676, 677, 680, 682, 684, 686, 687, 688, 689, 690, 694, 695, 699, 700, 702, 704, 707, 708, 184, 595, 631, 641, 651, 662, 666, 678, 679, 693, 697, 698, 703, 706, 709, 712, 714, 716, 718, 719, 720, 721, 722, 726, 727, 731, 732, 734, 736, 739, 740, 743, 744, 200, 623, 661, 671, 681, 692, 696, 710, 711, 725, 729, 730, 735, 738, 741, 746, 748, 750, 752, 753, 754, 755, 756, 760, 761, 765, 766, 768, 770, 773, 774, 777, 778, 217, 653, 691, 701, 713, 724, 728, 742, 745, 759, 763, 764, 769, 772, 775, 780, 782, 784, 786, 787, 788, 789, 790, 794, 795, 799, 800, 802, 804, 807, 808, 811, 812, 815, 235, 683, 723, 733, 747, 758, 762, 776, 779, 793, 797, 798, 803, 806, 809, 814, 817, 819, 821, 822, 823, 824, 825, 829, 830, 834, 835, 837, 839, 842, 843, 846, 847, 850, 851, 255, 715, 757, 767, 781, 792, 796, 810, 813, 828, 832, 833, 838, 841, 844, 849, 853, 855, 857, 858, 859, 860, 861, 865, 866, 870, 871, 873, 875, 878, 879, 882, 883, 886, 887, 888, 40, 457, 783, 791, 801, 826, 827, 836, 845, 863, 867, 868, 872, 874, 877, 884, 889, 891, 893, 894, 895, 896, 897, 901, 902, 906, 907, 909, 911, 914, 915, 918, 919, 922, 923, 924, 925, 926, 47, 484, 816, 818, 831, 854, 862, 869, 880, 899, 903, 904, 908, 910, 913, 920, 927, 929, 931, 932, 933, 934, 935, 939, 940, 944, 945, 947, 949, 952, 953, 956, 957, 960, 961, 962, 963, 964, 965, 966, 967, 54, 512, 848, 852, 864, 890, 898, 905, 916, 937, 941, 942, 946, 948, 951, 958, 968, 970, 972, 973, 974, 975, 976, 980, 981, 985, 986, 988, 990, 993, 994, 997, 998, 62, 541, 881, 885, 900, 928, 936, 943, 954, 978, 982, 983, 987, 989, 992, 999, 72, 569, 917, 921, 938, 969, 977, 984, 995, 83, 597, 749, 955, 959, 94, 625, 675, 979, 996, 1, 276, 655, 705, 105, 645, 737, 116, 685, 771, 68, 282, 751, 805, 78, 304, 785, 840, 89, 173, 328, 820, 876, 100, 189, 353, 856, 912, 33, 128, 206, 378, 717, 39, 123, 220, 238, 403, 950, 991, 46, 136, 224, 258, 430, 971, 53, 151, 244, 279, 298, 61, 163, 168, 287, 301, 930, 71, 180, 185, 311, 322, 347, 892, 82, 197, 202, 325, 333, 358, 372, 93, 214, 219, 336, 350, 383, 397, 104, 232, 237, 361, 375, 408, 424, 111, 252, 257, 386, 400, 435, 451, 115, 153, 265, 278, 411, 454, 462, 127, 241, 273, 300, 427, 481, 489, 140, 261, 295, 324, 438, 509, 517, 141, 172, 319, 349, 465, 538, 546, 155, 156, 188, 344, 369, 374, 492, 519, 539, 566, 574]",4.47213595499958,4.47213595499958
82,840.0,"[0.0, 0.0, 0.0, 0.0, 0.0, 0.0, 0.0, 0.0, 0.0, 0.0, 0.0, 0.0, 0.0, 0.0, 0.0, 0.0, 1.0, 0.0, 0.0, 0.0, 0.0]","[0.0, 0.0, 0.0, 0.0, 0.0, 0.0, 0.0, 0.0, 0.0, 0.0, 0.0, 0.0, 0.0, 0.0, 0.0, 0.0, 0.5, 0.0, 0.0, 0.0, 0.0]","[10, 11, 12, 14, 17, 21, 19, 24, 27, 22, 29, 32, 26, 35, 38, 31, 42, 43, 45, 37, 49, 50, 52, 57, 44, 56, 58, 60, 65, 66, 51, 64, 67, 70, 75, 76, 79, 59, 74, 77, 81, 86, 87, 90, 69, 85, 88, 92, 97, 98, 101, 80, 96, 99, 103, 108, 109, 112, 117, 91, 107, 110, 114, 120, 121, 124, 129, 131, 102, 119, 122, 126, 133, 134, 137, 142, 144, 145, 147, 113, 132, 135, 139, 148, 149, 152, 157, 159, 160, 162, 164, 125, 146, 150, 154, 165, 166, 169, 174, 176, 177, 179, 181, 138, 161, 167, 171, 182, 183, 186, 191, 193, 194, 196, 198, 18, 175, 178, 187, 195, 199, 203, 208, 210, 211, 213, 215, 218, 20, 190, 192, 204, 212, 216, 221, 226, 228, 229, 231, 233, 236, 240, 23, 207, 209, 222, 223, 230, 234, 239, 246, 248, 249, 251, 253, 256, 260, 262, 28, 225, 227, 242, 243, 250, 254, 259, 267, 269, 270, 272, 274, 277, 281, 283, 284, 34, 245, 247, 263, 264, 271, 275, 280, 289, 291, 292, 294, 296, 299, 303, 305, 306, 307, 308, 41, 266, 268, 285, 286, 293, 297, 302, 313, 315, 316, 318, 320, 323, 327, 329, 330, 331, 332, 48, 288, 290, 309, 310, 317, 321, 326, 338, 340, 341, 343, 345, 348, 352, 354, 355, 356, 357, 55, 312, 314, 334, 335, 342, 346, 351, 363, 365, 366, 368, 370, 373, 377, 379, 380, 381, 382, 63, 337, 339, 359, 360, 367, 371, 376, 388, 390, 391, 393, 395, 398, 402, 404, 405, 406, 407, 412, 413, 73, 362, 364, 384, 385, 392, 396, 401, 415, 417, 418, 420, 421, 422, 425, 429, 431, 432, 433, 434, 439, 440, 84, 387, 389, 409, 410, 419, 423, 426, 428, 442, 444, 445, 447, 448, 449, 452, 456, 458, 459, 460, 461, 466, 467, 95, 414, 416, 436, 437, 446, 450, 453, 455, 469, 471, 472, 474, 475, 476, 479, 483, 485, 486, 487, 488, 493, 494, 498, 106, 441, 443, 463, 464, 473, 477, 480, 482, 496, 499, 500, 502, 503, 504, 507, 511, 513, 514, 515, 516, 521, 522, 526, 527, 118, 468, 470, 490, 491, 501, 505, 508, 510, 524, 528, 529, 531, 532, 533, 536, 540, 542, 543, 544, 545, 550, 551, 555, 556, 0, 478, 495, 506, 518, 525, 530, 535, 537, 552, 554, 557, 559, 560, 561, 564, 568, 570, 571, 572, 573, 578, 579, 583, 584, 586, 130, 497, 523, 534, 549, 553, 562, 563, 577, 581, 582, 587, 588, 589, 592, 596, 598, 599, 600, 601, 606, 607, 611, 612, 614, 143, 520, 548, 558, 576, 580, 590, 591, 605, 609, 610, 615, 616, 617, 620, 622, 624, 626, 627, 628, 629, 630, 634, 635, 639, 640, 642, 644, 158, 547, 575, 585, 593, 604, 608, 618, 619, 633, 637, 638, 643, 646, 647, 650, 652, 654, 656, 657, 658, 659, 660, 664, 665, 669, 670, 672, 674, 170, 567, 603, 613, 621, 632, 636, 648, 649, 663, 667, 668, 673, 676, 677, 680, 682, 684, 686, 687, 688, 689, 690, 694, 695, 699, 700, 702, 704, 707, 708, 184, 595, 631, 641, 651, 662, 666, 678, 679, 693, 697, 698, 703, 706, 709, 712, 714, 716, 718, 719, 720, 721, 722, 726, 727, 731, 732, 734, 736, 739, 740, 743, 744, 200, 623, 661, 671, 681, 692, 696, 710, 711, 725, 729, 730, 735, 738, 741, 746, 748, 750, 752, 753, 754, 755, 756, 760, 761, 765, 766, 768, 770, 773, 774, 777, 778, 217, 653, 691, 701, 713, 724, 728, 742, 745, 759, 763, 764, 769, 772, 775, 780, 782, 784, 786, 787, 788, 789, 790, 794, 795, 799, 800, 802, 804, 807, 808, 811, 812, 815, 235, 683, 723, 733, 747, 758, 762, 776, 779, 793, 797, 798, 803, 806, 809, 814, 817, 819, 821, 822, 823, 824, 825, 829, 830, 834, 835, 837, 839, 842, 843, 846, 847, 850, 851, 255, 715, 757, 767, 781, 792, 796, 810, 813, 828, 832, 833, 838, 841, 844, 849, 853, 855, 857, 858, 859, 860, 861, 865, 866, 870, 871, 873, 875, 878, 879, 882, 883, 886, 887, 888, 40, 457, 783, 791, 801, 826, 827, 836, 845, 863, 867, 868, 872, 874, 877, 884, 889, 891, 893, 894, 895, 896, 897, 901, 902, 906, 907, 909, 911, 914, 915, 918, 919, 922, 923, 924, 925, 926, 47, 484, 816, 818, 831, 854, 862, 869, 880, 899, 903, 904, 908, 910, 913, 920, 927, 929, 931, 932, 933, 934, 935, 939, 940, 944, 945, 947, 949, 952, 953, 956, 957, 960, 961, 962, 963, 964, 965, 966, 967, 54, 512, 848, 852, 864, 890, 898, 905, 916, 937, 941, 942, 946, 948, 951, 958, 968, 970, 972, 973, 974, 975, 976, 980, 981, 985, 986, 988, 990, 993, 994, 997, 998, 62, 541, 881, 885, 900, 928, 936, 943, 954, 978, 982, 983, 987, 989, 992, 999, 72, 569, 917, 921, 938, 969, 977, 984, 995, 83, 597, 749, 955, 959, 94, 625, 675, 979, 996, 1, 276, 655, 705, 105, 645, 737, 116, 685, 771, 68, 282, 751, 805, 78, 304, 785, 840, 89, 328, 820, 876, 100, 189, 353, 856, 912, 33, 128, 206, 378, 717, 39, 123, 220, 238, 403, 950, 991, 46, 136, 224, 258, 430, 971, 53, 151, 244, 279, 298, 61, 163, 168, 287, 301, 930, 71, 180, 185, 311, 322, 347, 892, 82, 197, 202, 325, 333, 358, 372, 93, 214, 219, 336, 350, 383, 397, 104, 232, 237, 361, 375, 408, 424, 111, 252, 257, 386, 400, 435, 451, 115, 153, 265, 278, 411, 454, 462, 127, 241, 273, 300, 427, 481, 489, 140, 261, 295, 324, 438, 509, 517, 141, 172, 319, 349, 465, 538, 546, 155, 188, 344, 374, 492, 566, 574, 156, 173, 201, 205, 369, 394, 399, 519, 539, 565, 594, 602]",4.47213595499958,4.47213595499958
83,840.0,"[0.0, 0.0, 0.0, 0.0, 0.0, 0.0, 0.0, 0.0, 0.0, 0.0, 0.0, 0.0, 0.0, 0.0, 0.0, 0.0, 1.0, 0.0, 0.0, 0.0, 0.0]","[0.0, 0.0, 0.0, 0.0, 0.0, 0.0, 0.0, 0.0, 0.0, 0.0, 0.0, 0.0, 0.0, 0.0, 0.0, 0.0, 0.5, 0.0, 0.0, 0.0, 0.0]","[10, 11, 12, 14, 17, 21, 19, 24, 27, 22, 29, 32, 26, 35, 38, 31, 42, 43, 45, 37, 49, 50, 52, 57, 44, 56, 58, 60, 65, 66, 51, 64, 67, 70, 75, 76, 79, 59, 74, 77, 81, 86, 87, 90, 69, 85, 88, 92, 97, 98, 101, 80, 96, 99, 103, 108, 109, 112, 117, 91, 107, 110, 114, 120, 121, 124, 129, 131, 102, 119, 122, 126, 133, 134, 137, 142, 144, 145, 147, 113, 132, 135, 139, 148, 149, 152, 157, 159, 160, 162, 164, 125, 146, 150, 154, 165, 166, 169, 174, 176, 177, 179, 181, 138, 161, 167, 171, 182, 183, 186, 191, 193, 194, 196, 198, 18, 175, 178, 187, 195, 199, 203, 208, 210, 211, 213, 215, 20, 190, 192, 204, 212, 216, 221, 226, 228, 229, 231, 233, 236, 240, 23, 207, 209, 222, 230, 234, 239, 246, 248, 249, 251, 253, 256, 260, 262, 28, 225, 227, 242, 243, 250, 254, 259, 267, 269, 270, 272, 274, 277, 281, 283, 284, 34, 245, 247, 263, 264, 271, 275, 280, 289, 291, 292, 294, 296, 299, 303, 305, 306, 307, 308, 41, 266, 268, 285, 286, 293, 297, 302, 313, 315, 316, 318, 320, 323, 327, 329, 330, 331, 332, 48, 288, 290, 309, 310, 317, 321, 326, 338, 340, 341, 343, 345, 348, 352, 354, 355, 356, 357, 55, 312, 314, 334, 335, 342, 346, 351, 363, 365, 366, 368, 370, 373, 377, 379, 380, 381, 382, 63, 337, 339, 359, 360, 367, 371, 376, 388, 390, 391, 393, 395, 398, 402, 404, 405, 406, 407, 412, 413, 73, 362, 364, 384, 385, 392, 396, 401, 415, 417, 418, 420, 422, 425, 429, 431, 432, 433, 434, 439, 440, 84, 387, 389, 409, 410, 419, 423, 428, 442, 444, 445, 447, 448, 449, 452, 456, 458, 459, 460, 461, 466, 467, 95, 414, 416, 436, 437, 446, 450, 453, 455, 469, 471, 472, 474, 475, 476, 479, 483, 485, 486, 487, 488, 493, 494, 498, 106, 441, 443, 463, 464, 473, 477, 480, 482, 496, 499, 500, 502, 503, 504, 507, 511, 513, 514, 515, 516, 521, 522, 526, 527, 118, 468, 470, 490, 491, 501, 505, 508, 510, 524, 528, 529, 531, 532, 533, 536, 540, 542, 543, 544, 545, 550, 551, 555, 556, 0, 478, 495, 506, 518, 525, 530, 535, 537, 552, 554, 557, 559, 560, 561, 564, 568, 570, 571, 572, 573, 578, 579, 583, 584, 586, 130, 497, 523, 534, 549, 553, 562, 563, 577, 581, 582, 587, 588, 589, 592, 596, 598, 599, 600, 601, 606, 607, 611, 612, 614, 143, 520, 548, 558, 576, 580, 590, 591, 605, 609, 610, 615, 616, 617, 620, 624, 626, 627, 628, 629, 634, 635, 639, 640, 642, 644, 158, 547, 575, 585, 604, 608, 618, 619, 633, 637, 638, 643, 646, 647, 650, 652, 654, 656, 657, 658, 659, 660, 664, 665, 669, 670, 672, 674, 170, 567, 603, 613, 621, 632, 636, 648, 649, 663, 667, 668, 673, 676, 677, 680, 682, 684, 686, 687, 688, 689, 690, 694, 695, 699, 700, 702, 704, 707, 708, 184, 595, 631, 641, 651, 662, 666, 678, 679, 693, 697, 698, 703, 706, 709, 712, 714, 716, 718, 719, 720, 721, 722, 726, 727, 731, 732, 734, 736, 739, 740, 743, 744, 200, 623, 661, 671, 681, 692, 696, 710, 711, 725, 729, 730, 735, 738, 741, 746, 748, 750, 752, 753, 754, 755, 756, 760, 761, 765, 766, 768, 770, 773, 774, 777, 778, 217, 653, 691, 701, 713, 724, 728, 742, 745, 759, 763, 764, 769, 772, 775, 780, 782, 784, 786, 787, 788, 789, 790, 794, 795, 799, 800, 802, 804, 807, 808, 811, 812, 815, 235, 683, 723, 733, 747, 758, 762, 776, 779, 793, 797, 798, 803, 806, 809, 814, 817, 819, 821, 822, 823, 824, 825, 829, 830, 834, 835, 837, 839, 842, 843, 846, 847, 850, 851, 255, 715, 757, 767, 781, 792, 796, 810, 813, 828, 832, 833, 838, 841, 844, 849, 853, 855, 857, 858, 859, 860, 861, 865, 866, 870, 871, 873, 875, 878, 879, 882, 883, 886, 887, 888, 40, 457, 783, 791, 801, 826, 827, 836, 845, 863, 867, 868, 872, 874, 877, 884, 889, 891, 893, 894, 895, 896, 897, 901, 902, 906, 907, 909, 911, 914, 915, 918, 919, 922, 923, 924, 925, 926, 47, 484, 816, 818, 831, 854, 862, 869, 880, 899, 903, 904, 908, 910, 913, 920, 927, 929, 931, 932, 933, 934, 935, 939, 940, 944, 945, 947, 949, 952, 953, 956, 957, 960, 961, 962, 963, 964, 965, 966, 967, 54, 512, 848, 852, 864, 890, 898, 905, 916, 937, 941, 942, 946, 948, 951, 958, 968, 970, 972, 973, 974, 975, 976, 980, 981, 985, 986, 988, 990, 993, 994, 997, 998, 62, 541, 881, 885, 900, 928, 936, 943, 954, 978, 982, 983, 987, 989, 992, 999, 72, 569, 917, 921, 938, 969, 977, 984, 995, 83, 597, 749, 955, 959, 94, 625, 675, 979, 996, 1, 276, 655, 705, 105, 645, 737, 116, 685, 771, 68, 282, 751, 805, 78, 304, 785, 840, 89, 328, 820, 876, 100, 353, 856, 912, 33, 128, 206, 378, 717, 39, 123, 220, 238, 403, 950, 991, 46, 136, 224, 258, 430, 971, 53, 151, 244, 279, 298, 61, 163, 168, 287, 301, 930, 71, 180, 185, 311, 322, 347, 892, 82, 197, 202, 325, 333, 358, 372, 93, 214, 219, 336, 350, 383, 397, 104, 232, 237, 361, 375, 408, 424, 111, 252, 257, 386, 400, 435, 451, 115, 153, 265, 278, 411, 454, 462, 127, 241, 273, 300, 427, 481, 489, 140, 261, 295, 324, 438, 509, 517, 141, 172, 319, 349, 465, 538, 546, 155, 188, 344, 374, 492, 566, 574, 156, 201, 205, 394, 399, 565, 594, 173, 189, 218, 223, 369, 421, 426, 519, 539, 593, 602, 622, 630]",4.47213595499958,4.47213595499958
84,840.0,"[0.0, 0.0, 0.0, 0.0, 0.0, 0.0, 0.0, 0.0, 0.0, 0.0, 0.0, 0.0, 0.0, 0.0, 0.0, 0.0, 1.0, 0.0, 0.0, 0.0, 0.0]","[0.0, 0.0, 0.0, 0.0, 0.0, 0.0, 0.0, 0.0, 0.0, 0.0, 0.0, 0.0, 0.0, 0.0, 0.0, 0.0, 0.5, 0.0, 0.0, 0.0, 0.0]","[10, 11, 12, 14, 17, 21, 19, 24, 27, 22, 29, 32, 26, 35, 38, 31, 42, 43, 45, 37, 49, 50, 52, 57, 44, 56, 58, 60, 65, 66, 51, 64, 67, 70, 75, 76, 79, 59, 74, 77, 81, 86, 87, 90, 69, 85, 88, 92, 97, 98, 101, 80, 96, 99, 103, 108, 109, 112, 117, 91, 107, 110, 114, 120, 121, 124, 129, 131, 102, 119, 122, 126, 133, 134, 137, 142, 144, 145, 147, 113, 132, 135, 139, 148, 149, 152, 157, 159, 160, 162, 164, 125, 146, 150, 154, 165, 166, 169, 174, 176, 177, 179, 181, 138, 161, 167, 171, 182, 183, 186, 191, 193, 194, 196, 198, 18, 175, 178, 187, 195, 199, 203, 208, 210, 211, 213, 215, 20, 190, 192, 204, 212, 216, 221, 226, 228, 229, 231, 233, 240, 23, 207, 209, 222, 230, 234, 239, 246, 248, 249, 251, 253, 256, 260, 262, 28, 225, 227, 242, 250, 254, 259, 267, 269, 270, 272, 274, 277, 281, 283, 284, 34, 245, 247, 263, 264, 271, 275, 280, 289, 291, 292, 294, 296, 299, 303, 305, 306, 307, 308, 41, 266, 268, 285, 286, 293, 297, 302, 313, 315, 316, 318, 320, 323, 327, 329, 330, 331, 332, 48, 288, 290, 309, 310, 317, 321, 326, 338, 340, 341, 343, 345, 348, 352, 354, 355, 356, 357, 55, 312, 314, 334, 335, 342, 346, 351, 363, 365, 366, 368, 370, 373, 377, 379, 380, 381, 382, 63, 337, 339, 359, 360, 367, 371, 376, 388, 390, 391, 393, 395, 398, 402, 404, 405, 406, 407, 412, 413, 73, 362, 364, 384, 385, 392, 396, 401, 415, 417, 418, 420, 422, 425, 429, 431, 432, 433, 434, 439, 440, 84, 387, 389, 409, 410, 419, 423, 428, 442, 444, 445, 447, 449, 452, 456, 458, 459, 460, 461, 466, 467, 95, 414, 416, 436, 437, 446, 450, 455, 469, 471, 472, 474, 475, 476, 479, 483, 485, 486, 487, 488, 493, 494, 498, 106, 441, 443, 463, 464, 473, 477, 480, 482, 496, 499, 500, 502, 503, 504, 507, 511, 513, 514, 515, 516, 521, 522, 526, 527, 118, 468, 470, 490, 491, 501, 505, 508, 510, 524, 528, 529, 531, 532, 533, 536, 540, 542, 543, 544, 545, 550, 551, 555, 556, 0, 478, 495, 506, 518, 525, 530, 535, 537, 552, 554, 557, 559, 560, 561, 564, 568, 570, 571, 572, 573, 578, 579, 583, 584, 586, 130, 497, 523, 534, 549, 553, 562, 563, 577, 581, 582, 587, 588, 589, 592, 596, 598, 599, 600, 601, 606, 607, 611, 612, 614, 143, 520, 548, 558, 576, 580, 590, 591, 605, 609, 610, 615, 616, 617, 620, 624, 626, 627, 628, 629, 634, 635, 639, 640, 642, 644, 158, 547, 575, 585, 604, 608, 618, 619, 633, 637, 638, 643, 646, 647, 650, 654, 656, 657, 658, 659, 664, 665, 669, 670, 672, 674, 170, 567, 603, 613, 632, 636, 648, 649, 663, 667, 668, 673, 676, 677, 680, 682, 684, 686, 687, 688, 689, 690, 694, 695, 699, 700, 702, 704, 707, 708, 184, 595, 631, 641, 651, 662, 666, 678, 679, 693, 697, 698, 703, 706, 709, 712, 714, 716, 718, 719, 720, 721, 722, 726, 727, 731, 732, 734, 736, 739, 740, 743, 744, 200, 623, 661, 671, 681, 692, 696, 710, 711, 725, 729, 730, 735, 738, 741, 746, 748, 750, 752, 753, 754, 755, 756, 760, 761, 765, 766, 768, 770, 773, 774, 777, 778, 217, 653, 691, 701, 713, 724, 728, 742, 745, 759, 763, 764, 769, 772, 775, 780, 782, 784, 786, 787, 788, 789, 790, 794, 795, 799, 800, 802, 804, 807, 808, 811, 812, 815, 235, 683, 723, 733, 747, 758, 762, 776, 779, 793, 797, 798, 803, 806, 809, 814, 817, 819, 821, 822, 823, 824, 825, 829, 830, 834, 835, 837, 839, 842, 843, 846, 847, 850, 851, 255, 715, 757, 767, 781, 792, 796, 810, 813, 828, 832, 833, 838, 841, 844, 849, 853, 855, 857, 858, 859, 860, 861, 865, 866, 870, 871, 873, 875, 878, 879, 882, 883, 886, 887, 888, 40, 457, 783, 791, 801, 826, 827, 836, 845, 863, 867, 868, 872, 874, 877, 884, 889, 891, 893, 894, 895, 896, 897, 901, 902, 906, 907, 909, 911, 914, 915, 918, 919, 922, 923, 924, 925, 926, 47, 484, 816, 818, 831, 854, 862, 869, 880, 899, 903, 904, 908, 910, 913, 920, 927, 929, 931, 932, 933, 934, 935, 939, 940, 944, 945, 947, 949, 952, 953, 956, 957, 960, 961, 962, 963, 964, 965, 966, 967, 54, 512, 848, 852, 864, 890, 898, 905, 916, 937, 941, 942, 946, 948, 951, 958, 968, 970, 972, 973, 974, 975, 976, 980, 981, 985, 986, 988, 990, 993, 994, 997, 998, 62, 541, 881, 885, 900, 928, 936, 943, 954, 978, 982, 983, 987, 989, 992, 999, 72, 569, 917, 921, 938, 969, 977, 984, 995, 83, 597, 749, 955, 959, 94, 625, 675, 979, 996, 1, 276, 655, 705, 105, 645, 737, 116, 685, 771, 68, 282, 751, 805, 78, 304, 785, 840, 89, 328, 820, 876, 100, 353, 856, 912, 33, 206, 378, 717, 39, 123, 220, 238, 403, 950, 991, 46, 136, 224, 258, 430, 971, 53, 151, 244, 279, 298, 61, 163, 168, 287, 301, 930, 71, 180, 185, 311, 322, 347, 892, 82, 197, 202, 325, 333, 358, 372, 93, 214, 219, 336, 350, 383, 397, 104, 232, 237, 361, 375, 408, 424, 111, 252, 257, 386, 400, 435, 451, 115, 153, 265, 278, 411, 454, 462, 127, 241, 273, 300, 427, 481, 489, 140, 261, 295, 324, 438, 509, 517, 141, 172, 319, 349, 465, 538, 546, 155, 188, 344, 374, 492, 566, 574, 156, 201, 205, 394, 399, 565, 594, 173, 218, 223, 421, 426, 593, 602, 630, 128, 189, 236, 243, 369, 448, 453, 519, 539, 621, 622, 652, 660]",4.47213595499958,4.47213595499958
85,840.0,"[0.0, 0.0, 0.0, 0.0, 0.0, 0.0, 0.0, 0.0, 0.0, 0.0, 0.0, 0.0, 0.0, 0.0, 0.0, 0.0, 1.0, 0.0, 0.0, 0.0, 0.0]","[0.0, 0.0, 0.0, 0.0, 0.0, 0.0, 0.0, 0.0, 0.0, 0.0, 0.0, 0.0, 0.0, 0.0, 0.0, 0.0, 0.5, 0.0, 0.0, 0.0, 0.0]","[10, 11, 12, 14, 17, 21, 19, 24, 27, 22, 29, 32, 26, 35, 38, 31, 42, 43, 45, 37, 49, 50, 52, 57, 44, 56, 58, 60, 65, 66, 51, 64, 67, 70, 75, 76, 79, 59, 74, 77, 81, 86, 87, 90, 69, 85, 88, 92, 97, 98, 101, 80, 96, 99, 103, 108, 109, 112, 117, 91, 107, 110, 114, 120, 121, 124, 129, 131, 102, 119, 122, 126, 133, 134, 137, 142, 144, 145, 147, 113, 132, 135, 139, 148, 149, 152, 157, 159, 160, 162, 164, 125, 146, 150, 154, 165, 166, 169, 174, 176, 177, 179, 181, 138, 161, 167, 171, 182, 183, 186, 191, 193, 194, 196, 198, 18, 175, 178, 187, 195, 199, 203, 208, 210, 211, 213, 215, 20, 190, 192, 204, 212, 216, 221, 226, 228, 229, 231, 233, 240, 23, 207, 209, 222, 230, 234, 239, 246, 248, 249, 251, 253, 260, 262, 28, 225, 227, 242, 250, 254, 259, 267, 269, 270, 272, 274, 277, 281, 283, 284, 34, 245, 247, 263, 271, 275, 280, 289, 291, 292, 294, 296, 299, 303, 305, 306, 307, 308, 41, 266, 268, 285, 286, 293, 297, 302, 313, 315, 316, 318, 320, 323, 327, 329, 330, 331, 332, 48, 288, 290, 309, 310, 317, 321, 326, 338, 340, 341, 343, 345, 348, 352, 354, 355, 356, 357, 55, 312, 314, 334, 335, 342, 346, 351, 363, 365, 366, 368, 370, 373, 377, 379, 380, 381, 382, 63, 337, 339, 359, 360, 367, 371, 376, 388, 390, 391, 393, 395, 398, 402, 404, 405, 406, 407, 412, 413, 73, 362, 364, 384, 385, 392, 396, 401, 415, 417, 418, 420, 422, 425, 429, 431, 432, 433, 434, 439, 440, 84, 387, 389, 409, 410, 419, 423, 428, 442, 444, 445, 447, 449, 452, 456, 458, 459, 460, 461, 466, 467, 95, 414, 416, 436, 437, 446, 450, 455, 469, 471, 472, 474, 476, 479, 483, 485, 486, 487, 488, 493, 494, 498, 106, 441, 443, 463, 464, 473, 477, 482, 496, 499, 500, 502, 503, 504, 507, 511, 513, 514, 515, 516, 521, 522, 526, 527, 118, 468, 470, 490, 491, 501, 505, 508, 510, 524, 528, 529, 531, 532, 533, 536, 540, 542, 543, 544, 545, 550, 551, 555, 556, 0, 478, 495, 506, 518, 525, 530, 535, 537, 552, 554, 557, 559, 560, 561, 564, 568, 570, 571, 572, 573, 578, 579, 583, 584, 586, 130, 497, 523, 534, 549, 553, 562, 563, 577, 581, 582, 587, 588, 589, 592, 596, 598, 599, 600, 601, 606, 607, 611, 612, 614, 143, 520, 548, 558, 576, 580, 590, 591, 605, 609, 610, 615, 616, 617, 620, 624, 626, 627, 628, 629, 634, 635, 639, 640, 642, 644, 158, 547, 575, 585, 604, 608, 618, 619, 633, 637, 638, 643, 646, 647, 650, 654, 656, 657, 658, 659, 664, 665, 669, 670, 672, 674, 170, 567, 603, 613, 632, 636, 648, 649, 663, 667, 668, 673, 676, 677, 680, 684, 686, 687, 688, 689, 694, 695, 699, 700, 702, 704, 707, 708, 184, 595, 631, 641, 662, 666, 678, 679, 693, 697, 698, 703, 706, 709, 712, 714, 716, 718, 719, 720, 721, 722, 726, 727, 731, 732, 734, 736, 739, 740, 743, 744, 200, 623, 661, 671, 681, 692, 696, 710, 711, 725, 729, 730, 735, 738, 741, 746, 748, 750, 752, 753, 754, 755, 756, 760, 761, 765, 766, 768, 770, 773, 774, 777, 778, 217, 653, 691, 701, 713, 724, 728, 742, 745, 759, 763, 764, 769, 772, 775, 780, 782, 784, 786, 787, 788, 789, 790, 794, 795, 799, 800, 802, 804, 807, 808, 811, 812, 815, 235, 683, 723, 733, 747, 758, 762, 776, 779, 793, 797, 798, 803, 806, 809, 814, 817, 819, 821, 822, 823, 824, 825, 829, 830, 834, 835, 837, 839, 842, 843, 846, 847, 850, 851, 255, 715, 757, 767, 781, 792, 796, 810, 813, 828, 832, 833, 838, 841, 844, 849, 853, 855, 857, 858, 859, 860, 861, 865, 866, 870, 871, 873, 875, 878, 879, 882, 883, 886, 887, 888, 40, 457, 783, 791, 801, 826, 827, 836, 845, 863, 867, 868, 872, 874, 877, 884, 889, 891, 893, 894, 895, 896, 897, 901, 902, 906, 907, 909, 911, 914, 915, 918, 919, 922, 923, 924, 925, 926, 47, 484, 816, 818, 831, 854, 862, 869, 880, 899, 903, 904, 908, 910, 913, 920, 927, 929, 931, 932, 933, 934, 935, 939, 940, 944, 945, 947, 949, 952, 953, 956, 957, 960, 961, 962, 963, 964, 965, 966, 967, 54, 512, 848, 852, 864, 890, 898, 905, 916, 937, 941, 942, 946, 948, 951, 958, 968, 970, 972, 973, 974, 975, 976, 980, 981, 985, 986, 988, 990, 993, 994, 997, 998, 62, 541, 881, 885, 900, 928, 936, 943, 954, 978, 982, 983, 987, 989, 992, 999, 72, 569, 917, 921, 938, 969, 977, 984, 995, 83, 597, 749, 955, 959, 94, 625, 675, 979, 996, 1, 276, 655, 705, 105, 645, 737, 116, 685, 771, 68, 282, 751, 805, 78, 304, 785, 840, 89, 328, 820, 876, 100, 353, 856, 912, 33, 206, 378, 717, 39, 220, 238, 403, 950, 991, 46, 136, 224, 258, 430, 971, 53, 151, 244, 279, 298, 61, 163, 168, 287, 301, 930, 71, 180, 185, 311, 322, 347, 892, 82, 197, 202, 325, 333, 358, 372, 93, 214, 219, 336, 350, 383, 397, 104, 232, 237, 361, 375, 408, 424, 111, 252, 257, 386, 400, 435, 451, 115, 153, 265, 278, 411, 454, 462, 127, 241, 273, 300, 427, 481, 489, 140, 261, 295, 324, 438, 509, 517, 141, 172, 319, 349, 465, 538, 546, 155, 188, 344, 374, 492, 566, 574, 156, 201, 205, 394, 399, 565, 594, 173, 218, 223, 421, 426, 593, 602, 630, 128, 236, 243, 448, 453, 621, 622, 660, 123, 189, 256, 264, 369, 475, 480, 519, 539, 651, 652, 682, 690]",4.47213595499958,4.47213595499958
86,840.0,"[0.0, 0.0, 0.0, 0.0, 0.0, 0.0, 0.0, 0.0, 0.0, 0.0, 0.0, 0.0, 0.0, 0.0, 0.0, 0.0, 1.0, 0.0, 0.0, 0.0, 0.0]","[0.0, 0.0, 0.0, 0.0, 0.0, 0.0, 0.0, 0.0, 0.0, 0.0, 0.0, 0.0, 0.0, 0.0, 0.0, 0.0, 0.5, 0.0, 0.0, 0.0, 0.0]","[10, 11, 12, 14, 17, 21, 19, 24, 27, 22, 29, 32, 26, 35, 38, 31, 42, 43, 45, 37, 49, 50, 52, 57, 44, 56, 58, 60, 65, 66, 51, 64, 67, 70, 75, 76, 79, 59, 74, 77, 81, 86, 87, 90, 69, 85, 88, 92, 97, 98, 101, 80, 96, 99, 103, 108, 109, 112, 117, 91, 107, 110, 114, 120, 121, 124, 129, 131, 102, 119, 122, 126, 133, 134, 137, 142, 144, 145, 147, 113, 132, 135, 139, 148, 149, 152, 157, 159, 160, 162, 164, 125, 146, 150, 154, 165, 166, 169, 174, 176, 177, 179, 181, 138, 161, 167, 171, 182, 183, 186, 191, 193, 194, 196, 198, 18, 175, 178, 187, 195, 199, 203, 208, 210, 211, 213, 215, 20, 190, 192, 204, 212, 216, 221, 226, 228, 229, 231, 233, 240, 23, 207, 209, 222, 230, 234, 239, 246, 248, 249, 251, 253, 260, 262, 28, 225, 227, 242, 250, 254, 259, 267, 269, 270, 272, 274, 281, 283, 284, 34, 245, 247, 263, 271, 275, 280, 289, 291, 292, 294, 296, 299, 303, 305, 306, 307, 308, 41, 266, 268, 285, 293, 297, 302, 313, 315, 316, 318, 320, 323, 327, 329, 330, 331, 332, 48, 288, 290, 309, 310, 317, 321, 326, 338, 340, 341, 343, 345, 348, 352, 354, 355, 356, 357, 55, 312, 314, 334, 335, 342, 346, 351, 363, 365, 366, 368, 370, 373, 377, 379, 380, 381, 382, 63, 337, 339, 359, 360, 367, 371, 376, 388, 390, 391, 393, 395, 398, 402, 404, 405, 406, 407, 412, 413, 73, 362, 364, 384, 385, 392, 396, 401, 415, 417, 418, 420, 422, 425, 429, 431, 432, 433, 434, 439, 440, 84, 387, 389, 409, 410, 419, 423, 428, 442, 444, 445, 447, 449, 452, 456, 458, 459, 460, 461, 466, 467, 95, 414, 416, 436, 437, 446, 450, 455, 469, 471, 472, 474, 476, 479, 483, 485, 486, 487, 488, 493, 494, 498, 106, 441, 443, 463, 464, 473, 477, 482, 496, 499, 500, 502, 504, 507, 511, 513, 514, 515, 516, 521, 522, 526, 527, 118, 468, 470, 490, 491, 501, 505, 510, 524, 528, 529, 531, 532, 533, 536, 540, 542, 543, 544, 545, 550, 551, 555, 556, 0, 478, 495, 506, 518, 525, 530, 535, 537, 552, 554, 557, 559, 560, 561, 564, 568, 570, 571, 572, 573, 578, 579, 583, 584, 586, 130, 497, 523, 534, 549, 553, 562, 563, 577, 581, 582, 587, 588, 589, 592, 596, 598, 599, 600, 601, 606, 607, 611, 612, 614, 143, 520, 548, 558, 576, 580, 590, 591, 605, 609, 610, 615, 616, 617, 620, 624, 626, 627, 628, 629, 634, 635, 639, 640, 642, 644, 158, 547, 575, 585, 604, 608, 618, 619, 633, 637, 638, 643, 646, 647, 650, 654, 656, 657, 658, 659, 664, 665, 669, 670, 672, 674, 170, 567, 603, 613, 632, 636, 648, 649, 663, 667, 668, 673, 676, 677, 680, 684, 686, 687, 688, 689, 694, 695, 699, 700, 702, 704, 707, 708, 184, 595, 631, 641, 662, 666, 678, 679, 693, 697, 698, 703, 706, 709, 712, 716, 718, 719, 720, 721, 726, 727, 731, 732, 734, 736, 739, 740, 743, 744, 200, 623, 661, 671, 692, 696, 710, 711, 725, 729, 730, 735, 738, 741, 746, 748, 750, 752, 753, 754, 755, 756, 760, 761, 765, 766, 768, 770, 773, 774, 777, 778, 217, 653, 691, 701, 713, 724, 728, 742, 745, 759, 763, 764, 769, 772, 775, 780, 782, 784, 786, 787, 788, 789, 790, 794, 795, 799, 800, 802, 804, 807, 808, 811, 812, 815, 235, 683, 723, 733, 747, 758, 762, 776, 779, 793, 797, 798, 803, 806, 809, 814, 817, 819, 821, 822, 823, 824, 825, 829, 830, 834, 835, 837, 839, 842, 843, 846, 847, 850, 851, 255, 715, 757, 767, 781, 792, 796, 810, 813, 828, 832, 833, 838, 841, 844, 849, 853, 855, 857, 858, 859, 860, 861, 865, 866, 870, 871, 873, 875, 878, 879, 882, 883, 886, 887, 888, 40, 457, 783, 791, 801, 826, 827, 836, 845, 863, 867, 868, 872, 874, 877, 884, 889, 891, 893, 894, 895, 896, 897, 901, 902, 906, 907, 909, 911, 914, 915, 918, 919, 922, 923, 924, 925, 926, 47, 484, 816, 818, 831, 854, 862, 869, 880, 899, 903, 904, 908, 910, 913, 920, 927, 929, 931, 932, 933, 934, 935, 939, 940, 944, 945, 947, 949, 952, 953, 956, 957, 960, 961, 962, 963, 964, 965, 966, 967, 54, 512, 848, 852, 864, 890, 898, 905, 916, 937, 941, 942, 946, 948, 951, 958, 968, 970, 972, 973, 974, 975, 976, 980, 981, 985, 986, 988, 990, 993, 994, 997, 998, 62, 541, 881, 885, 900, 928, 936, 943, 954, 978, 982, 983, 987, 989, 992, 999, 72, 569, 917, 921, 938, 969, 977, 984, 995, 83, 597, 749, 955, 959, 94, 625, 675, 979, 996, 1, 276, 655, 705, 105, 645, 737, 116, 685, 771, 68, 282, 751, 805, 78, 304, 785, 840, 89, 328, 820, 876, 100, 353, 856, 912, 33, 206, 378, 717, 39, 220, 238, 403, 950, 991, 46, 224, 258, 430, 971, 53, 151, 244, 279, 298, 61, 163, 168, 287, 301, 930, 71, 180, 185, 311, 322, 347, 892, 82, 197, 202, 325, 333, 358, 372, 93, 214, 219, 336, 350, 383, 397, 104, 232, 237, 361, 375, 408, 424, 111, 252, 257, 386, 400, 435, 451, 115, 153, 265, 278, 411, 454, 462, 127, 241, 273, 300, 427, 481, 489, 140, 261, 295, 324, 438, 509, 517, 141, 172, 319, 349, 465, 538, 546, 155, 188, 344, 374, 492, 566, 574, 156, 201, 205, 394, 399, 565, 594, 173, 218, 223, 421, 426, 593, 602, 630, 128, 236, 243, 448, 453, 621, 622, 660, 123, 256, 264, 475, 480, 651, 652, 690, 136, 189, 277, 286, 369, 503, 508, 519, 539, 681, 682, 714, 722]",4.47213595499958,4.47213595499958
87,840.0,"[0.0, 0.0, 0.0, 0.0, 0.0, 0.0, 0.0, 0.0, 0.0, 0.0, 0.0, 0.0, 0.0, 0.0, 0.0, 0.0, 1.0, 0.0, 0.0, 0.0, 0.0]","[0.0, 0.0, 0.0, 0.0, 0.0, 0.0, 0.0, 0.0, 0.0, 0.0, 0.0, 0.0, 0.0, 0.0, 0.0, 0.0, 0.5, 0.0, 0.0, 0.0, 0.0]","[10, 11, 12, 14, 17, 21, 19, 24, 27, 22, 29, 32, 26, 35, 38, 31, 42, 43, 45, 37, 49, 50, 52, 57, 44, 56, 58, 60, 65, 66, 51, 64, 67, 70, 75, 76, 79, 59, 74, 77, 81, 86, 87, 90, 69, 85, 88, 92, 97, 98, 101, 80, 96, 99, 103, 108, 109, 112, 117, 91, 107, 110, 114, 120, 121, 124, 129, 131, 102, 119, 122, 126, 133, 134, 137, 142, 144, 145, 147, 113, 132, 135, 139, 148, 149, 152, 157, 159, 160, 162, 164, 125, 146, 150, 154, 165, 166, 169, 174, 176, 177, 179, 181, 138, 161, 167, 171, 182, 183, 186, 191, 193, 194, 196, 198, 18, 175, 178, 187, 195, 199, 203, 208, 210, 211, 213, 215, 20, 190, 192, 204, 212, 216, 221, 226, 228, 229, 231, 233, 240, 23, 207, 209, 222, 230, 234, 239, 246, 248, 249, 251, 253, 260, 262, 28, 225, 227, 242, 250, 254, 259, 267, 269, 270, 272, 274, 281, 283, 284, 34, 245, 247, 263, 271, 275, 280, 289, 291, 292, 294, 296, 303, 305, 306, 307, 308, 41, 266, 268, 285, 293, 297, 302, 313, 315, 316, 318, 320, 323, 327, 329, 330, 331, 332, 48, 288, 290, 309, 317, 321, 326, 338, 340, 341, 343, 345, 348, 352, 354, 355, 356, 357, 55, 312, 314, 334, 335, 342, 346, 351, 363, 365, 366, 368, 370, 373, 377, 379, 380, 381, 382, 63, 337, 339, 359, 360, 367, 371, 376, 388, 390, 391, 393, 395, 398, 402, 404, 405, 406, 407, 412, 413, 73, 362, 364, 384, 385, 392, 396, 401, 415, 417, 418, 420, 422, 425, 429, 431, 432, 433, 434, 439, 440, 84, 387, 389, 409, 410, 419, 423, 428, 442, 444, 445, 447, 449, 452, 456, 458, 459, 460, 461, 466, 467, 95, 414, 416, 436, 437, 446, 450, 455, 469, 471, 472, 474, 476, 479, 483, 485, 486, 487, 488, 493, 494, 498, 106, 441, 443, 463, 464, 473, 477, 482, 496, 499, 500, 502, 504, 507, 511, 513, 514, 515, 516, 521, 522, 526, 527, 118, 468, 470, 490, 491, 501, 505, 510, 524, 528, 529, 531, 533, 536, 540, 542, 543, 544, 545, 550, 551, 555, 556, 0, 478, 495, 506, 518, 525, 530, 537, 552, 554, 557, 559, 560, 561, 564, 568, 570, 571, 572, 573, 578, 579, 583, 584, 586, 130, 497, 523, 534, 549, 553, 562, 563, 577, 581, 582, 587, 588, 589, 592, 596, 598, 599, 600, 601, 606, 607, 611, 612, 614, 143, 520, 548, 558, 576, 580, 590, 591, 605, 609, 610, 615, 616, 617, 620, 624, 626, 627, 628, 629, 634, 635, 639, 640, 642, 644, 158, 547, 575, 585, 604, 608, 618, 619, 633, 637, 638, 643, 646, 647, 650, 654, 656, 657, 658, 659, 664, 665, 669, 670, 672, 674, 170, 567, 603, 613, 632, 636, 648, 649, 663, 667, 668, 673, 676, 677, 680, 684, 686, 687, 688, 689, 694, 695, 699, 700, 702, 704, 707, 708, 184, 595, 631, 641, 662, 666, 678, 679, 693, 697, 698, 703, 706, 709, 712, 716, 718, 719, 720, 721, 726, 727, 731, 732, 734, 736, 739, 740, 743, 744, 200, 623, 661, 671, 692, 696, 710, 711, 725, 729, 730, 735, 738, 741, 746, 750, 752, 753, 754, 755, 760, 761, 765, 766, 768, 770, 773, 774, 777, 778, 217, 653, 691, 701, 724, 728, 742, 745, 759, 763, 764, 769, 772, 775, 780, 782, 784, 786, 787, 788, 789, 790, 794, 795, 799, 800, 802, 804, 807, 808, 811, 812, 815, 235, 683, 723, 733, 747, 758, 762, 776, 779, 793, 797, 798, 803, 806, 809, 814, 817, 819, 821, 822, 823, 824, 825, 829, 830, 834, 835, 837, 839, 842, 843, 846, 847, 850, 851, 255, 715, 757, 767, 781, 792, 796, 810, 813, 828, 832, 833, 838, 841, 844, 849, 853, 855, 857, 858, 859, 860, 861, 865, 866, 870, 871, 873, 875, 878, 879, 882, 883, 886, 887, 888, 40, 457, 783, 791, 801, 826, 827, 836, 845, 863, 867, 868, 872, 874, 877, 884, 889, 891, 893, 894, 895, 896, 897, 901, 902, 906, 907, 909, 911, 914, 915, 918, 919, 922, 923, 924, 925, 926, 47, 484, 816, 818, 831, 854, 862, 869, 880, 899, 903, 904, 908, 910, 913, 920, 927, 929, 931, 932, 933, 934, 935, 939, 940, 944, 945, 947, 949, 952, 953, 956, 957, 960, 961, 962, 963, 964, 965, 966, 967, 54, 512, 848, 852, 864, 890, 898, 905, 916, 937, 941, 942, 946, 948, 951, 958, 968, 970, 972, 973, 974, 975, 976, 980, 981, 985, 986, 988, 990, 993, 994, 997, 998, 62, 541, 881, 885, 900, 928, 936, 943, 954, 978, 982, 983, 987, 989, 992, 999, 72, 569, 917, 921, 938, 969, 977, 984, 995, 83, 597, 749, 955, 959, 94, 625, 675, 979, 996, 1, 276, 655, 705, 105, 645, 737, 116, 685, 771, 68, 282, 751, 805, 78, 304, 785, 840, 89, 328, 820, 876, 100, 353, 856, 912, 33, 206, 378, 717, 39, 220, 238, 403, 950, 991, 46, 224, 258, 430, 971, 53, 244, 279, 298, 61, 163, 168, 287, 301, 930, 71, 180, 185, 311, 322, 347, 892, 82, 197, 202, 325, 333, 358, 372, 93, 214, 219, 336, 350, 383, 397, 104, 232, 237, 361, 375, 408, 424, 111, 252, 257, 386, 400, 435, 451, 115, 153, 265, 278, 411, 454, 462, 127, 241, 273, 300, 427, 481, 489, 140, 261, 295, 324, 438, 509, 517, 141, 172, 319, 349, 465, 538, 546, 155, 188, 344, 374, 492, 566, 574, 156, 201, 205, 394, 399, 565, 594, 173, 218, 223, 421, 426, 593, 602, 630, 128, 236, 243, 448, 453, 621, 622, 660, 123, 256, 264, 475, 480, 651, 652, 690, 136, 277, 286, 503, 508, 681, 682, 722, 151, 189, 299, 310, 369, 519, 532, 535, 539, 713, 714, 748, 756]",4.47213595499958,4.47213595499958
88,840.0,"[0.0, 0.0, 0.0, 0.0, 0.0, 0.0, 0.0, 0.0, 0.0, 0.0, 0.0, 0.0, 0.0, 0.0, 0.0, 0.0, 1.0, 0.0, 0.0, 0.0, 0.0]","[0.0, 0.0, 0.0, 0.0, 0.0, 0.0, 0.0, 0.0, 0.0, 0.0, 0.0, 0.0, 0.0, 0.0, 0.0, 0.0, 0.5, 0.0, 0.0, 0.0, 0.0]","[10, 11, 12, 14, 17, 21, 19, 24, 27, 22, 29, 32, 26, 35, 38, 31, 42, 43, 45, 37, 49, 50, 52, 57, 44, 56, 58, 60, 65, 66, 51, 64, 67, 70, 75, 76, 79, 59, 74, 77, 81, 86, 87, 90, 69, 85, 88, 92, 97, 98, 101, 80, 96, 99, 103, 108, 109, 112, 117, 91, 107, 110, 114, 120, 121, 124, 129, 131, 102, 119, 122, 126, 133, 134, 137, 142, 144, 145, 147, 113, 132, 135, 139, 148, 149, 152, 157, 159, 160, 162, 164, 125, 146, 150, 154, 165, 166, 169, 174, 176, 177, 179, 181, 138, 161, 167, 171, 182, 183, 186, 191, 193, 194, 196, 198, 18, 175, 178, 187, 195, 199, 203, 208, 210, 211, 213, 215, 20, 190, 192, 204, 212, 216, 221, 226, 228, 229, 231, 233, 240, 23, 207, 209, 222, 230, 234, 239, 246, 248, 249, 251, 253, 260, 262, 28, 225, 227, 242, 250, 254, 259, 267, 269, 270, 272, 274, 281, 283, 284, 34, 245, 247, 263, 271, 275, 280, 289, 291, 292, 294, 296, 303, 305, 306, 307, 41, 266, 268, 285, 293, 297, 302, 313, 315, 316, 318, 320, 327, 329, 330, 331, 332, 48, 288, 290, 309, 317, 321, 326, 338, 340, 341, 343, 345, 348, 352, 354, 355, 356, 357, 55, 312, 314, 334, 342, 346, 351, 363, 365, 366, 368, 370, 373, 377, 379, 380, 381, 382, 63, 337, 339, 359, 360, 367, 371, 376, 388, 390, 391, 393, 395, 398, 402, 404, 405, 406, 407, 412, 413, 73, 362, 364, 384, 385, 392, 396, 401, 415, 417, 418, 420, 422, 425, 429, 431, 432, 433, 434, 439, 440, 84, 387, 389, 409, 410, 419, 423, 428, 442, 444, 445, 447, 449, 452, 456, 458, 459, 460, 461, 466, 467, 95, 414, 416, 436, 437, 446, 450, 455, 469, 471, 472, 474, 476, 479, 483, 485, 486, 487, 488, 493, 494, 498, 106, 441, 443, 463, 464, 473, 477, 482, 496, 499, 500, 502, 504, 507, 511, 513, 514, 515, 516, 521, 522, 526, 527, 118, 468, 470, 490, 491, 501, 505, 510, 524, 528, 529, 531, 533, 536, 540, 542, 543, 544, 545, 550, 551, 555, 556, 0, 478, 495, 506, 518, 525, 530, 537, 552, 554, 557, 559, 561, 564, 568, 570, 571, 572, 573, 578, 579, 583, 584, 586, 130, 497, 523, 534, 549, 553, 563, 577, 581, 582, 587, 588, 589, 592, 596, 598, 599, 600, 601, 606, 607, 611, 612, 614, 143, 520, 548, 558, 576, 580, 590, 591, 605, 609, 610, 615, 616, 617, 620, 624, 626, 627, 628, 629, 634, 635, 639, 640, 642, 644, 158, 547, 575, 585, 604, 608, 618, 619, 633, 637, 638, 643, 646, 647, 650, 654, 656, 657, 658, 659, 664, 665, 669, 670, 672, 674, 170, 567, 603, 613, 632, 636, 648, 649, 663, 667, 668, 673, 676, 677, 680, 684, 686, 687, 688, 689, 694, 695, 699, 700, 702, 704, 707, 708, 184, 595, 631, 641, 662, 666, 678, 679, 693, 697, 698, 703, 706, 709, 712, 716, 718, 719, 720, 721, 726, 727, 731, 732, 734, 736, 739, 740, 743, 744, 200, 623, 661, 671, 692, 696, 710, 711, 725, 729, 730, 735, 738, 741, 746, 750, 752, 753, 754, 755, 760, 761, 765, 766, 768, 770, 773, 774, 777, 778, 217, 653, 691, 701, 724, 728, 742, 745, 759, 763, 764, 769, 772, 775, 780, 784, 786, 787, 788, 789, 794, 795, 799, 800, 802, 804, 807, 808, 811, 812, 815, 235, 683, 723, 733, 758, 762, 776, 779, 793, 797, 798, 803, 806, 809, 814, 817, 819, 821, 822, 823, 824, 825, 829, 830, 834, 835, 837, 839, 842, 843, 846, 847, 850, 851, 255, 715, 757, 767, 781, 792, 796, 810, 813, 828, 832, 833, 838, 841, 844, 849, 853, 855, 857, 858, 859, 860, 861, 865, 866, 870, 871, 873, 875, 878, 879, 882, 883, 886, 887, 888, 40, 457, 783, 791, 801, 826, 827, 836, 845, 863, 867, 868, 872, 874, 877, 884, 889, 891, 893, 894, 895, 896, 897, 901, 902, 906, 907, 909, 911, 914, 915, 918, 919, 922, 923, 924, 925, 926, 47, 484, 816, 818, 831, 854, 862, 869, 880, 899, 903, 904, 908, 910, 913, 920, 927, 929, 931, 932, 933, 934, 935, 939, 940, 944, 945, 947, 949, 952, 953, 956, 957, 960, 961, 962, 963, 964, 965, 966, 967, 54, 512, 848, 852, 864, 890, 898, 905, 916, 937, 941, 942, 946, 948, 951, 958, 968, 970, 972, 973, 974, 975, 976, 980, 981, 985, 986, 988, 990, 993, 994, 997, 998, 62, 541, 881, 885, 900, 928, 936, 943, 954, 978, 982, 983, 987, 989, 992, 999, 72, 569, 917, 921, 938, 969, 977, 984, 995, 83, 597, 749, 955, 959, 94, 625, 675, 979, 996, 1, 276, 655, 705, 105, 645, 737, 116, 685, 771, 68, 282, 751, 805, 78, 304, 785, 840, 89, 328, 820, 876, 100, 353, 856, 912, 33, 206, 378, 717, 39, 220, 238, 403, 950, 991, 46, 224, 258, 430, 971, 53, 244, 279, 298, 61, 168, 287, 301, 930, 71, 180, 185, 311, 322, 347, 892, 82, 197, 202, 325, 333, 358, 372, 93, 214, 219, 336, 350, 383, 397, 104, 232, 237, 361, 375, 408, 424, 111, 252, 257, 386, 400, 435, 451, 115, 153, 265, 278, 411, 454, 462, 127, 241, 273, 300, 427, 481, 489, 140, 261, 295, 324, 438, 509, 517, 141, 172, 319, 349, 465, 538, 546, 155, 188, 344, 374, 492, 566, 574, 156, 201, 205, 394, 399, 565, 594, 173, 218, 223, 421, 426, 593, 602, 630, 128, 236, 243, 448, 453, 621, 622, 660, 123, 256, 264, 475, 480, 651, 652, 690, 136, 277, 286, 503, 508, 681, 682, 722, 151, 299, 310, 519, 532, 713, 714, 756, 163, 189, 308, 323, 335, 369, 535, 539, 560, 562, 747, 748, 782, 790]",4.47213595499958,4.47213595499958
89,840.0,"[0.0, 0.0, 0.0, 0.0, 0.0, 0.0, 0.0, 0.0, 0.0, 0.0, 0.0, 0.0, 0.0, 0.0, 0.0, 0.0, 1.0, 0.0, 0.0, 0.0, 0.0]","[0.0, 0.0, 0.0, 0.0, 0.0, 0.0, 0.0, 0.0, 0.0, 0.0, 0.0, 0.0, 0.0, 0.0, 0.0, 0.0, 0.5, 0.0, 0.0, 0.0, 0.0]","[10, 11, 12, 14, 17, 21, 19, 24, 27, 22, 29, 32, 26, 35, 38, 31, 42, 43, 45, 37, 49, 50, 52, 57, 44, 56, 58, 60, 65, 66, 51, 64, 67, 70, 75, 76, 79, 59, 74, 77, 81, 86, 87, 90, 69, 85, 88, 92, 97, 98, 101, 80, 96, 99, 103, 108, 109, 112, 117, 91, 107, 110, 114, 120, 121, 124, 129, 131, 102, 119, 122, 126, 133, 134, 137, 142, 144, 145, 147, 113, 132, 135, 139, 148, 149, 152, 157, 159, 160, 162, 164, 125, 146, 150, 154, 165, 166, 169, 174, 176, 177, 179, 181, 138, 161, 167, 171, 182, 183, 186, 191, 193, 194, 196, 198, 18, 175, 178, 187, 195, 199, 203, 208, 210, 211, 213, 215, 20, 190, 192, 204, 212, 216, 221, 226, 228, 229, 231, 233, 240, 23, 207, 209, 222, 230, 234, 239, 246, 248, 249, 251, 253, 260, 262, 28, 225, 227, 242, 250, 254, 259, 267, 269, 270, 272, 274, 281, 283, 284, 34, 245, 247, 263, 271, 275, 280, 289, 291, 292, 294, 296, 303, 305, 306, 307, 41, 266, 268, 285, 293, 297, 302, 313, 315, 316, 318, 320, 327, 329, 330, 331, 48, 288, 290, 309, 317, 321, 326, 338, 340, 341, 343, 345, 352, 354, 355, 356, 357, 55, 312, 314, 334, 342, 346, 351, 363, 365, 366, 368, 370, 373, 377, 379, 380, 381, 382, 63, 337, 339, 359, 367, 371, 376, 388, 390, 391, 393, 395, 398, 402, 404, 405, 406, 407, 412, 413, 73, 362, 364, 384, 385, 392, 396, 401, 415, 417, 418, 420, 422, 425, 429, 431, 432, 433, 434, 439, 440, 84, 387, 389, 409, 410, 419, 423, 428, 442, 444, 445, 447, 449, 452, 456, 458, 459, 460, 461, 466, 467, 95, 414, 416, 436, 437, 446, 450, 455, 469, 471, 472, 474, 476, 479, 483, 485, 486, 487, 488, 493, 494, 498, 106, 441, 443, 463, 464, 473, 477, 482, 496, 499, 500, 502, 504, 507, 511, 513, 514, 515, 516, 521, 522, 526, 527, 118, 468, 470, 490, 491, 501, 505, 510, 524, 528, 529, 531, 533, 536, 540, 542, 543, 544, 545, 550, 551, 555, 556, 0, 478, 495, 506, 518, 525, 530, 537, 552, 554, 557, 559, 561, 564, 568, 570, 571, 572, 573, 578, 579, 583, 584, 586, 130, 497, 523, 534, 549, 553, 563, 577, 581, 582, 587, 589, 592, 596, 598, 599, 600, 601, 606, 607, 611, 612, 614, 143, 520, 548, 558, 576, 580, 591, 605, 609, 610, 615, 616, 617, 620, 624, 626, 627, 628, 629, 634, 635, 639, 640, 642, 644, 158, 547, 575, 585, 604, 608, 618, 619, 633, 637, 638, 643, 646, 647, 650, 654, 656, 657, 658, 659, 664, 665, 669, 670, 672, 674, 170, 567, 603, 613, 632, 636, 648, 649, 663, 667, 668, 673, 676, 677, 680, 684, 686, 687, 688, 689, 694, 695, 699, 700, 702, 704, 707, 708, 184, 595, 631, 641, 662, 666, 678, 679, 693, 697, 698, 703, 706, 709, 712, 716, 718, 719, 720, 721, 726, 727, 731, 732, 734, 736, 739, 740, 743, 744, 200, 623, 661, 671, 692, 696, 710, 711, 725, 729, 730, 735, 738, 741, 746, 750, 752, 753, 754, 755, 760, 761, 765, 766, 768, 770, 773, 774, 777, 778, 217, 653, 691, 701, 724, 728, 742, 745, 759, 763, 764, 769, 772, 775, 780, 784, 786, 787, 788, 789, 794, 795, 799, 800, 802, 804, 807, 808, 811, 812, 815, 235, 683, 723, 733, 758, 762, 776, 779, 793, 797, 798, 803, 806, 809, 814, 819, 821, 822, 823, 824, 829, 830, 834, 835, 837, 839, 842, 843, 846, 847, 850, 851, 255, 715, 757, 767, 792, 796, 810, 813, 828, 832, 833, 838, 841, 844, 849, 853, 855, 857, 858, 859, 860, 861, 865, 866, 870, 871, 873, 875, 878, 879, 882, 883, 886, 887, 888, 40, 457, 783, 791, 801, 826, 827, 836, 845, 863, 867, 868, 872, 874, 877, 884, 889, 891, 893, 894, 895, 896, 897, 901, 902, 906, 907, 909, 911, 914, 915, 918, 919, 922, 923, 924, 925, 926, 47, 484, 816, 818, 831, 854, 862, 869, 880, 899, 903, 904, 908, 910, 913, 920, 927, 929, 931, 932, 933, 934, 935, 939, 940, 944, 945, 947, 949, 952, 953, 956, 957, 960, 961, 962, 963, 964, 965, 966, 967, 54, 512, 848, 852, 864, 890, 898, 905, 916, 937, 941, 942, 946, 948, 951, 958, 968, 970, 972, 973, 974, 975, 976, 980, 981, 985, 986, 988, 990, 993, 994, 997, 998, 62, 541, 881, 885, 900, 928, 936, 943, 954, 978, 982, 983, 987, 989, 992, 999, 72, 569, 917, 921, 938, 969, 977, 984, 995, 83, 597, 749, 955, 959, 94, 625, 675, 979, 996, 1, 276, 655, 705, 105, 645, 737, 116, 685, 771, 68, 282, 751, 805, 78, 304, 785, 840, 89, 328, 820, 876, 100, 353, 856, 912, 33, 206, 378, 717, 39, 220, 238, 403, 950, 991, 46, 224, 258, 430, 971, 53, 244, 279, 298, 61, 168, 287, 301, 930, 71, 185, 311, 322, 347, 892, 82, 197, 202, 325, 333, 358, 372, 93, 214, 219, 336, 350, 383, 397, 104, 232, 237, 361, 375, 408, 424, 111, 252, 257, 386, 400, 435, 451, 115, 153, 265, 278, 411, 454, 462, 127, 241, 273, 300, 427, 481, 489, 140, 261, 295, 324, 438, 509, 517, 141, 172, 319, 349, 465, 538, 546, 155, 188, 344, 374, 492, 566, 574, 156, 201, 205, 394, 399, 565, 594, 173, 218, 223, 421, 426, 593, 602, 630, 128, 236, 243, 448, 453, 621, 622, 660, 123, 256, 264, 475, 480, 651, 652, 690, 136, 277, 286, 503, 508, 681, 682, 722, 151, 299, 310, 519, 532, 713, 714, 756, 163, 308, 323, 369, 535, 562, 747, 782, 790, 180, 189, 332, 335, 348, 360, 539, 560, 588, 590, 748, 781, 817, 825]",4.47213595499958,4.47213595499958
90,840.0,"[0.0, 0.0, 0.0, 0.0, 0.0, 0.0, 0.0, 0.0, 0.0, 0.0, 0.0, 0.0, 0.0, 0.0, 0.0, 0.0, 1.0, 0.0, 0.0, 0.0, 0.0]","[0.0, 0.0, 0.0, 0.0, 0.0, 0.0, 0.0, 0.0, 0.0, 0.0, 0.0, 0.0, 0.0, 0.0, 0.0, 0.0, 0.5, 0.0, 0.0, 0.0, 0.0]","[10, 11, 12, 14, 17, 21, 19, 24, 27, 22, 29, 32, 26, 35, 38, 31, 42, 43, 45, 37, 49, 50, 52, 57, 44, 56, 58, 60, 65, 66, 51, 64, 67, 70, 75, 76, 79, 59, 74, 77, 81, 86, 87, 90, 69, 85, 88, 92, 97, 98, 101, 80, 96, 99, 103, 108, 109, 112, 117, 91, 107, 110, 114, 120, 121, 124, 129, 131, 102, 119, 122, 126, 133, 134, 137, 142, 144, 145, 147, 113, 132, 135, 139, 148, 149, 152, 157, 159, 160, 162, 164, 125, 146, 150, 154, 165, 166, 169, 174, 176, 177, 179, 181, 138, 161, 167, 171, 182, 183, 186, 191, 193, 194, 196, 198, 18, 175, 178, 187, 195, 199, 203, 208, 210, 211, 213, 215, 20, 190, 192, 204, 212, 216, 221, 226, 228, 229, 231, 233, 240, 23, 207, 209, 222, 230, 234, 239, 246, 248, 249, 251, 253, 260, 262, 28, 225, 227, 242, 250, 254, 259, 267, 269, 270, 272, 274, 281, 283, 284, 34, 245, 247, 263, 271, 275, 280, 289, 291, 292, 294, 296, 303, 305, 306, 307, 41, 266, 268, 285, 293, 297, 302, 313, 315, 316, 318, 320, 327, 329, 330, 331, 48, 288, 290, 309, 317, 321, 326, 338, 340, 341, 343, 345, 352, 354, 355, 356, 55, 312, 314, 334, 342, 346, 351, 363, 365, 366, 368, 370, 377, 379, 380, 381, 382, 63, 337, 339, 359, 367, 371, 376, 388, 390, 391, 393, 395, 398, 402, 404, 405, 406, 407, 412, 413, 73, 362, 364, 384, 392, 396, 401, 415, 417, 418, 420, 422, 425, 429, 431, 432, 433, 434, 439, 440, 84, 387, 389, 409, 410, 419, 423, 428, 442, 444, 445, 447, 449, 452, 456, 458, 459, 460, 461, 466, 467, 95, 414, 416, 436, 437, 446, 450, 455, 469, 471, 472, 474, 476, 479, 483, 485, 486, 487, 488, 493, 494, 498, 106, 441, 443, 463, 464, 473, 477, 482, 496, 499, 500, 502, 504, 507, 511, 513, 514, 515, 516, 521, 522, 526, 527, 118, 468, 470, 490, 491, 501, 505, 510, 524, 528, 529, 531, 533, 536, 540, 542, 543, 544, 545, 550, 551, 555, 556, 0, 478, 495, 506, 518, 525, 530, 537, 552, 554, 557, 559, 561, 564, 568, 570, 571, 572, 573, 578, 579, 583, 584, 586, 130, 497, 523, 534, 549, 553, 563, 577, 581, 582, 587, 589, 592, 596, 598, 599, 600, 601, 606, 607, 611, 612, 614, 143, 520, 548, 558, 576, 580, 591, 605, 609, 610, 615, 617, 620, 624, 626, 627, 628, 629, 634, 635, 639, 640, 642, 644, 158, 547, 575, 585, 604, 608, 619, 633, 637, 638, 643, 646, 647, 650, 654, 656, 657, 658, 659, 664, 665, 669, 670, 672, 674, 170, 567, 603, 613, 632, 636, 648, 649, 663, 667, 668, 673, 676, 677, 680, 684, 686, 687, 688, 689, 694, 695, 699, 700, 702, 704, 707, 708, 184, 595, 631, 641, 662, 666, 678, 679, 693, 697, 698, 703, 706, 709, 712, 716, 718, 719, 720, 721, 726, 727, 731, 732, 734, 736, 739, 740, 743, 744, 200, 623, 661, 671, 692, 696, 710, 711, 725, 729, 730, 735, 738, 741, 746, 750, 752, 753, 754, 755, 760, 761, 765, 766, 768, 770, 773, 774, 777, 778, 217, 653, 691, 701, 724, 728, 742, 745, 759, 763, 764, 769, 772, 775, 780, 784, 786, 787, 788, 789, 794, 795, 799, 800, 802, 804, 807, 808, 811, 812, 815, 235, 683, 723, 733, 758, 762, 776, 779, 793, 797, 798, 803, 806, 809, 814, 819, 821, 822, 823, 824, 829, 830, 834, 835, 837, 839, 842, 843, 846, 847, 850, 851, 255, 715, 757, 767, 792, 796, 810, 813, 828, 832, 833, 838, 841, 844, 849, 855, 857, 858, 859, 860, 865, 866, 870, 871, 873, 875, 878, 879, 882, 883, 886, 887, 888, 40, 457, 783, 791, 826, 827, 836, 845, 863, 867, 868, 872, 874, 877, 884, 889, 891, 893, 894, 895, 896, 897, 901, 902, 906, 907, 909, 911, 914, 915, 918, 919, 922, 923, 924, 925, 926, 47, 484, 816, 818, 831, 854, 862, 869, 880, 899, 903, 904, 908, 910, 913, 920, 927, 929, 931, 932, 933, 934, 935, 939, 940, 944, 945, 947, 949, 952, 953, 956, 957, 960, 961, 962, 963, 964, 965, 966, 967, 54, 512, 848, 852, 864, 890, 898, 905, 916, 937, 941, 942, 946, 948, 951, 958, 968, 970, 972, 973, 974, 975, 976, 980, 981, 985, 986, 988, 990, 993, 994, 997, 998, 62, 541, 881, 885, 900, 928, 936, 943, 954, 978, 982, 983, 987, 989, 992, 999, 72, 569, 917, 921, 938, 969, 977, 984, 995, 83, 597, 749, 955, 959, 94, 625, 675, 979, 996, 1, 276, 655, 705, 105, 645, 737, 116, 685, 771, 68, 282, 751, 805, 78, 304, 785, 840, 89, 328, 820, 876, 100, 353, 856, 912, 33, 206, 378, 717, 39, 220, 238, 403, 950, 991, 46, 224, 258, 430, 971, 53, 244, 279, 298, 61, 168, 287, 301, 930, 71, 185, 311, 322, 347, 892, 82, 202, 325, 333, 358, 372, 93, 214, 219, 336, 350, 383, 397, 104, 232, 237, 361, 375, 408, 424, 111, 252, 257, 386, 400, 435, 451, 115, 153, 265, 278, 411, 454, 462, 127, 241, 273, 300, 427, 481, 489, 140, 261, 295, 324, 438, 509, 517, 141, 172, 319, 349, 465, 538, 546, 155, 188, 344, 374, 492, 566, 574, 156, 201, 205, 394, 399, 565, 594, 173, 218, 223, 421, 426, 593, 602, 630, 128, 236, 243, 448, 453, 621, 622, 660, 123, 256, 264, 475, 480, 651, 652, 690, 136, 277, 286, 503, 508, 681, 682, 722, 151, 299, 310, 519, 532, 713, 714, 756, 163, 308, 323, 369, 535, 562, 747, 782, 790, 180, 332, 335, 360, 539, 590, 748, 817, 825, 189, 197, 348, 357, 373, 385, 560, 588, 616, 618, 781, 801, 853, 861]",4.47213595499958,4.47213595499958
91,840.0,"[0.0, 0.0, 0.0, 0.0, 0.0, 0.0, 0.0, 0.0, 0.0, 0.0, 0.0, 0.0, 0.0, 0.0, 0.0, 0.0, 1.0, 0.0, 0.0, 0.0, 0.0]","[0.0, 0.0, 0.0, 0.0, 0.0, 0.0, 0.0, 0.0, 0.0, 0.0, 0.0, 0.0, 0.0, 0.0, 0.0, 0.0, 0.5, 0.0, 0.0, 0.0, 0.0]","[10, 11, 12, 14, 17, 21, 19, 24, 27, 22, 29, 32, 26, 35, 38, 31, 42, 43, 45, 37, 49, 50, 52, 57, 44, 56, 58, 60, 65, 66, 51, 64, 67, 70, 75, 76, 79, 59, 74, 77, 81, 86, 87, 90, 69, 85, 88, 92, 97, 98, 101, 80, 96, 99, 103, 108, 109, 112, 117, 91, 107, 110, 114, 120, 121, 124, 129, 131, 102, 119, 122, 126, 133, 134, 137, 142, 144, 145, 147, 113, 132, 135, 139, 148, 149, 152, 157, 159, 160, 162, 164, 125, 146, 150, 154, 165, 166, 169, 174, 176, 177, 179, 181, 138, 161, 167, 171, 182, 183, 186, 191, 193, 194, 196, 198, 18, 175, 178, 187, 195, 199, 203, 208, 210, 211, 213, 215, 20, 190, 192, 204, 212, 216, 221, 226, 228, 229, 231, 233, 240, 23, 207, 209, 222, 230, 234, 239, 246, 248, 249, 251, 253, 260, 262, 28, 225, 227, 242, 250, 254, 259, 267, 269, 270, 272, 274, 281, 283, 284, 34, 245, 247, 263, 271, 275, 280, 289, 291, 292, 294, 296, 303, 305, 306, 307, 41, 266, 268, 285, 293, 297, 302, 313, 315, 316, 318, 320, 327, 329, 330, 331, 48, 288, 290, 309, 317, 321, 326, 338, 340, 341, 343, 345, 352, 354, 355, 356, 55, 312, 314, 334, 342, 346, 351, 363, 365, 366, 368, 370, 377, 379, 380, 381, 63, 337, 339, 359, 367, 371, 376, 388, 390, 391, 393, 395, 402, 404, 405, 406, 407, 412, 413, 73, 362, 364, 384, 392, 396, 401, 415, 417, 418, 420, 422, 425, 429, 431, 432, 433, 434, 439, 440, 84, 387, 389, 409, 419, 423, 428, 442, 444, 445, 447, 449, 452, 456, 458, 459, 460, 461, 466, 467, 95, 414, 416, 436, 437, 446, 450, 455, 469, 471, 472, 474, 476, 479, 483, 485, 486, 487, 488, 493, 494, 498, 106, 441, 443, 463, 464, 473, 477, 482, 496, 499, 500, 502, 504, 507, 511, 513, 514, 515, 516, 521, 522, 526, 527, 118, 468, 470, 490, 491, 501, 505, 510, 524, 528, 529, 531, 533, 536, 540, 542, 543, 544, 545, 550, 551, 555, 556, 0, 478, 495, 506, 518, 525, 530, 537, 552, 554, 557, 559, 561, 564, 568, 570, 571, 572, 573, 578, 579, 583, 584, 586, 130, 497, 523, 534, 549, 553, 563, 577, 581, 582, 587, 589, 592, 596, 598, 599, 600, 601, 606, 607, 611, 612, 614, 143, 520, 548, 558, 576, 580, 591, 605, 609, 610, 615, 617, 620, 624, 626, 627, 628, 629, 634, 635, 639, 640, 642, 644, 158, 547, 575, 585, 604, 608, 619, 633, 637, 638, 643, 647, 650, 654, 656, 657, 658, 659, 664, 665, 669, 670, 672, 674, 170, 567, 603, 613, 632, 636, 649, 663, 667, 668, 673, 676, 677, 680, 684, 686, 687, 688, 689, 694, 695, 699, 700, 702, 704, 707, 708, 184, 595, 631, 641, 662, 666, 678, 679, 693, 697, 698, 703, 706, 709, 712, 716, 718, 719, 720, 721, 726, 727, 731, 732, 734, 736, 739, 740, 743, 744, 200, 623, 661, 671, 692, 696, 710, 711, 725, 729, 730, 735, 738, 741, 746, 750, 752, 753, 754, 755, 760, 761, 765, 766, 768, 770, 773, 774, 777, 778, 217, 653, 691, 701, 724, 728, 742, 745, 759, 763, 764, 769, 772, 775, 780, 784, 786, 787, 788, 789, 794, 795, 799, 800, 802, 804, 807, 808, 811, 812, 815, 235, 683, 723, 733, 758, 762, 776, 779, 793, 797, 798, 803, 806, 809, 814, 819, 821, 822, 823, 824, 829, 830, 834, 835, 837, 839, 842, 843, 846, 847, 850, 851, 255, 715, 757, 767, 792, 796, 810, 813, 828, 832, 833, 838, 841, 844, 849, 855, 857, 858, 859, 860, 865, 866, 870, 871, 873, 875, 878, 879, 882, 883, 886, 887, 888, 40, 457, 783, 791, 826, 827, 836, 845, 863, 867, 868, 872, 874, 877, 884, 891, 893, 894, 895, 896, 901, 902, 906, 907, 909, 911, 914, 915, 918, 919, 922, 923, 924, 925, 926, 47, 484, 816, 818, 854, 862, 869, 880, 899, 903, 904, 908, 910, 913, 920, 927, 929, 931, 932, 933, 934, 935, 939, 940, 944, 945, 947, 949, 952, 953, 956, 957, 960, 961, 962, 963, 964, 965, 966, 967, 54, 512, 848, 852, 864, 890, 898, 905, 916, 937, 941, 942, 946, 948, 951, 958, 968, 970, 972, 973, 974, 975, 976, 980, 981, 985, 986, 988, 990, 993, 994, 997, 998, 62, 541, 881, 885, 900, 928, 936, 943, 954, 978, 982, 983, 987, 989, 992, 999, 72, 569, 917, 921, 938, 969, 977, 984, 995, 83, 597, 749, 955, 959, 94, 625, 675, 979, 996, 1, 276, 655, 705, 105, 645, 737, 116, 685, 771, 68, 282, 751, 805, 78, 304, 785, 840, 89, 328, 820, 876, 100, 353, 856, 912, 33, 206, 378, 717, 39, 220, 238, 403, 950, 991, 46, 224, 258, 430, 971, 53, 244, 279, 298, 61, 168, 287, 301, 930, 71, 185, 311, 322, 347, 892, 82, 202, 325, 333, 358, 372, 93, 219, 336, 350, 383, 397, 104, 232, 237, 361, 375, 408, 424, 111, 252, 257, 386, 400, 435, 451, 115, 153, 265, 278, 411, 454, 462, 127, 241, 273, 300, 427, 481, 489, 140, 261, 295, 324, 438, 509, 517, 141, 172, 319, 349, 465, 538, 546, 155, 188, 344, 374, 492, 566, 574, 156, 201, 205, 394, 399, 565, 594, 173, 218, 223, 421, 426, 593, 602, 630, 128, 236, 243, 448, 453, 621, 622, 660, 123, 256, 264, 475, 480, 651, 652, 690, 136, 277, 286, 503, 508, 681, 682, 722, 151, 299, 310, 519, 532, 713, 714, 756, 163, 308, 323, 369, 535, 562, 747, 782, 790, 180, 332, 335, 360, 539, 590, 748, 817, 825, 189, 348, 357, 385, 560, 618, 781, 853, 861, 197, 214, 373, 382, 398, 410, 588, 616, 646, 648, 801, 831, 889, 897]",4.47213595499958,4.47213595499958
92,840.0,"[0.0, 0.0, 0.0, 0.0, 0.0, 0.0, 0.0, 0.0, 0.0, 0.0, 0.0, 0.0, 0.0, 0.0, 0.0, 0.0, 1.0, 0.0, 0.0, 0.0, 0.0]","[0.0, 0.0, 0.0, 0.0, 0.0, 0.0, 0.0, 0.0, 0.0, 0.0, 0.0, 0.0, 0.0, 0.0, 0.0, 0.0, 0.5, 0.0, 0.0, 0.0, 0.0]","[10, 11, 12, 14, 17, 21, 19, 24, 27, 22, 29, 32, 26, 35, 38, 31, 42, 43, 45, 37, 49, 50, 52, 57, 44, 56, 58, 60, 65, 66, 51, 64, 67, 70, 75, 76, 79, 59, 74, 77, 81, 86, 87, 90, 69, 85, 88, 92, 97, 98, 101, 80, 96, 99, 103, 108, 109, 112, 117, 91, 107, 110, 114, 120, 121, 124, 129, 131, 102, 119, 122, 126, 133, 134, 137, 142, 144, 145, 147, 113, 132, 135, 139, 148, 149, 152, 157, 159, 160, 162, 164, 125, 146, 150, 154, 165, 166, 169, 174, 176, 177, 179, 181, 138, 161, 167, 171, 182, 183, 186, 191, 193, 194, 196, 198, 18, 175, 178, 187, 195, 199, 203, 208, 210, 211, 213, 215, 20, 190, 192, 204, 212, 216, 221, 226, 228, 229, 231, 233, 240, 23, 207, 209, 222, 230, 234, 239, 246, 248, 249, 251, 253, 260, 262, 28, 225, 227, 242, 250, 254, 259, 267, 269, 270, 272, 274, 281, 283, 284, 34, 245, 247, 263, 271, 275, 280, 289, 291, 292, 294, 296, 303, 305, 306, 307, 41, 266, 268, 285, 293, 297, 302, 313, 315, 316, 318, 320, 327, 329, 330, 331, 48, 288, 290, 309, 317, 321, 326, 338, 340, 341, 343, 345, 352, 354, 355, 356, 55, 312, 314, 334, 342, 346, 351, 363, 365, 366, 368, 370, 377, 379, 380, 381, 63, 337, 339, 359, 367, 371, 376, 388, 390, 391, 393, 395, 402, 404, 405, 406, 412, 413, 73, 362, 364, 384, 392, 396, 401, 415, 417, 418, 420, 422, 429, 431, 432, 433, 434, 439, 440, 84, 387, 389, 409, 419, 423, 428, 442, 444, 445, 447, 449, 452, 456, 458, 459, 460, 461, 466, 467, 95, 414, 416, 436, 446, 450, 455, 469, 471, 472, 474, 476, 479, 483, 485, 486, 487, 488, 493, 494, 498, 106, 441, 443, 463, 464, 473, 477, 482, 496, 499, 500, 502, 504, 507, 511, 513, 514, 515, 516, 521, 522, 526, 527, 118, 468, 470, 490, 491, 501, 505, 510, 524, 528, 529, 531, 533, 536, 540, 542, 543, 544, 545, 550, 551, 555, 556, 0, 478, 495, 506, 518, 525, 530, 537, 552, 554, 557, 559, 561, 564, 568, 570, 571, 572, 573, 578, 579, 583, 584, 586, 130, 497, 523, 534, 549, 553, 563, 577, 581, 582, 587, 589, 592, 596, 598, 599, 600, 601, 606, 607, 611, 612, 614, 143, 520, 548, 558, 576, 580, 591, 605, 609, 610, 615, 617, 620, 624, 626, 627, 628, 629, 634, 635, 639, 640, 642, 644, 158, 547, 575, 585, 604, 608, 619, 633, 637, 638, 643, 647, 650, 654, 656, 657, 658, 659, 664, 665, 669, 670, 672, 674, 170, 567, 603, 613, 632, 636, 649, 663, 667, 668, 673, 677, 680, 684, 686, 687, 688, 689, 694, 695, 699, 700, 702, 704, 707, 708, 184, 595, 631, 641, 662, 666, 679, 693, 697, 698, 703, 706, 709, 712, 716, 718, 719, 720, 721, 726, 727, 731, 732, 734, 736, 739, 740, 743, 744, 200, 623, 661, 671, 692, 696, 710, 711, 725, 729, 730, 735, 738, 741, 746, 750, 752, 753, 754, 755, 760, 761, 765, 766, 768, 770, 773, 774, 777, 778, 217, 653, 691, 701, 724, 728, 742, 745, 759, 763, 764, 769, 772, 775, 780, 784, 786, 787, 788, 789, 794, 795, 799, 800, 802, 804, 807, 808, 811, 812, 815, 235, 683, 723, 733, 758, 762, 776, 779, 793, 797, 798, 803, 806, 809, 814, 819, 821, 822, 823, 824, 829, 830, 834, 835, 837, 839, 842, 843, 846, 847, 850, 255, 715, 757, 767, 792, 796, 810, 813, 828, 832, 833, 838, 841, 844, 849, 855, 857, 858, 859, 860, 865, 866, 870, 871, 873, 875, 878, 879, 882, 883, 886, 887, 888, 40, 457, 783, 791, 826, 827, 836, 845, 863, 867, 868, 872, 874, 877, 884, 891, 893, 894, 895, 896, 901, 902, 906, 907, 909, 911, 914, 915, 918, 919, 922, 923, 924, 925, 47, 484, 816, 818, 854, 862, 869, 880, 899, 903, 904, 908, 910, 913, 920, 929, 931, 932, 933, 934, 939, 940, 944, 945, 947, 949, 952, 953, 956, 957, 960, 961, 962, 963, 964, 965, 966, 967, 54, 512, 848, 852, 890, 898, 905, 916, 937, 941, 942, 946, 948, 951, 958, 968, 970, 972, 973, 974, 975, 976, 980, 981, 985, 986, 988, 990, 993, 994, 997, 998, 62, 541, 881, 885, 900, 928, 936, 943, 954, 978, 982, 983, 987, 989, 992, 999, 72, 569, 917, 921, 938, 969, 977, 984, 995, 83, 597, 749, 955, 959, 94, 625, 675, 979, 996, 1, 276, 655, 705, 105, 645, 737, 116, 685, 771, 68, 282, 751, 805, 78, 304, 785, 840, 89, 328, 820, 876, 100, 353, 856, 912, 33, 206, 378, 717, 39, 220, 238, 403, 950, 991, 46, 224, 258, 430, 971, 53, 244, 279, 298, 61, 168, 287, 301, 930, 71, 185, 311, 322, 347, 892, 82, 202, 325, 333, 358, 372, 93, 219, 336, 350, 383, 397, 104, 237, 361, 375, 408, 424, 111, 252, 257, 386, 400, 435, 451, 115, 153, 265, 278, 411, 454, 462, 127, 241, 273, 300, 427, 481, 489, 140, 261, 295, 324, 438, 509, 517, 141, 172, 319, 349, 465, 538, 546, 155, 188, 344, 374, 492, 566, 574, 156, 201, 205, 394, 399, 565, 594, 173, 218, 223, 421, 426, 593, 602, 630, 128, 236, 243, 448, 453, 621, 622, 660, 123, 256, 264, 475, 480, 651, 652, 690, 136, 277, 286, 503, 508, 681, 682, 722, 151, 299, 310, 519, 532, 713, 714, 756, 163, 308, 323, 369, 535, 562, 747, 782, 790, 180, 332, 335, 360, 539, 590, 748, 817, 825, 189, 348, 357, 385, 560, 618, 781, 853, 861, 197, 373, 382, 410, 588, 648, 801, 889, 897, 214, 232, 398, 407, 425, 437, 616, 646, 676, 678, 831, 851, 864, 926, 927, 935]",4.47213595499958,4.47213595499958
93,840.0,"[0.0, 0.0, 0.0, 0.0, 0.0, 0.0, 0.0, 0.0, 0.0, 0.0, 0.0, 0.0, 0.0, 0.0, 0.0, 0.0, 1.0, 0.0, 0.0, 0.0, 0.0]","[0.0, 0.0, 0.0, 0.0, 0.0, 0.0, 0.0, 0.0, 0.0, 0.0, 0.0, 0.0, 0.0, 0.0, 0.0, 0.0, 0.5, 0.0, 0.0, 0.0, 0.0]","[10, 11, 12, 14, 17, 21, 19, 24, 27, 22, 29, 32, 26, 35, 38, 31, 42, 43, 45, 37, 49, 50, 52, 57, 44, 56, 58, 60, 65, 66, 51, 64, 67, 70, 75, 76, 79, 59, 74, 77, 81, 86, 87, 90, 69, 85, 88, 92, 97, 98, 101, 80, 96, 99, 103, 108, 109, 112, 117, 91, 107, 110, 114, 120, 121, 124, 129, 131, 102, 119, 122, 126, 133, 134, 137, 142, 144, 145, 147, 113, 132, 135, 139, 148, 149, 152, 157, 159, 160, 162, 164, 125, 146, 150, 154, 165, 166, 169, 174, 176, 177, 179, 181, 138, 161, 167, 171, 182, 183, 186, 191, 193, 194, 196, 198, 18, 175, 178, 187, 195, 199, 203, 208, 210, 211, 213, 215, 20, 190, 192, 204, 212, 216, 221, 226, 228, 229, 231, 233, 240, 23, 207, 209, 222, 230, 234, 239, 246, 248, 249, 251, 253, 260, 262, 28, 225, 227, 242, 250, 254, 259, 267, 269, 270, 272, 274, 281, 283, 284, 34, 245, 247, 263, 271, 275, 280, 289, 291, 292, 294, 296, 303, 305, 306, 307, 41, 266, 268, 285, 293, 297, 302, 313, 315, 316, 318, 320, 327, 329, 330, 331, 48, 288, 290, 309, 317, 321, 326, 338, 340, 341, 343, 345, 352, 354, 355, 356, 55, 312, 314, 334, 342, 346, 351, 363, 365, 366, 368, 370, 377, 379, 380, 381, 63, 337, 339, 359, 367, 371, 376, 388, 390, 391, 393, 395, 402, 404, 405, 406, 412, 413, 73, 362, 364, 384, 392, 396, 401, 415, 417, 418, 420, 422, 429, 431, 432, 433, 439, 440, 84, 387, 389, 409, 419, 423, 428, 442, 444, 445, 447, 449, 456, 458, 459, 460, 461, 466, 467, 95, 414, 416, 436, 446, 450, 455, 469, 471, 472, 474, 476, 479, 483, 485, 486, 487, 488, 493, 494, 498, 106, 441, 443, 463, 473, 477, 482, 496, 499, 500, 502, 504, 507, 511, 513, 514, 515, 516, 521, 522, 526, 527, 118, 468, 470, 490, 491, 501, 505, 510, 524, 528, 529, 531, 533, 536, 540, 542, 543, 544, 545, 550, 551, 555, 556, 0, 478, 495, 506, 518, 525, 530, 537, 552, 554, 557, 559, 561, 564, 568, 570, 571, 572, 573, 578, 579, 583, 584, 586, 130, 497, 523, 534, 549, 553, 563, 577, 581, 582, 587, 589, 592, 596, 598, 599, 600, 601, 606, 607, 611, 612, 614, 143, 520, 548, 558, 576, 580, 591, 605, 609, 610, 615, 617, 620, 624, 626, 627, 628, 629, 634, 635, 639, 640, 642, 644, 158, 547, 575, 585, 604, 608, 619, 633, 637, 638, 643, 647, 650, 654, 656, 657, 658, 659, 664, 665, 669, 670, 672, 674, 170, 567, 603, 613, 632, 636, 649, 663, 667, 668, 673, 677, 680, 684, 686, 687, 688, 689, 694, 695, 699, 700, 702, 704, 707, 708, 184, 595, 631, 641, 662, 666, 679, 693, 697, 698, 703, 709, 712, 716, 718, 719, 720, 721, 726, 727, 731, 732, 734, 736, 739, 740, 743, 744, 200, 623, 661, 671, 692, 696, 711, 725, 729, 730, 735, 738, 741, 746, 750, 752, 753, 754, 755, 760, 761, 765, 766, 768, 770, 773, 774, 777, 778, 217, 653, 691, 701, 724, 728, 742, 745, 759, 763, 764, 769, 772, 775, 780, 784, 786, 787, 788, 789, 794, 795, 799, 800, 802, 804, 807, 808, 811, 812, 815, 235, 683, 723, 733, 758, 762, 776, 779, 793, 797, 798, 803, 806, 809, 814, 819, 821, 822, 823, 824, 829, 830, 834, 835, 837, 839, 842, 843, 846, 847, 850, 255, 715, 757, 767, 792, 796, 810, 813, 828, 832, 833, 838, 841, 844, 849, 855, 857, 858, 859, 860, 865, 866, 870, 871, 873, 875, 878, 879, 882, 883, 886, 888, 40, 457, 783, 791, 826, 827, 836, 845, 863, 867, 868, 872, 874, 877, 884, 891, 893, 894, 895, 896, 901, 902, 906, 907, 909, 911, 914, 915, 918, 919, 922, 923, 924, 925, 47, 484, 816, 818, 854, 862, 869, 880, 899, 903, 904, 908, 910, 913, 920, 929, 931, 932, 933, 934, 939, 940, 944, 945, 947, 949, 952, 953, 956, 957, 960, 961, 962, 963, 965, 966, 967, 54, 512, 848, 852, 890, 898, 905, 916, 937, 941, 942, 946, 948, 951, 958, 970, 972, 973, 974, 975, 980, 981, 985, 986, 988, 990, 993, 994, 997, 998, 62, 541, 881, 885, 928, 936, 943, 954, 978, 982, 983, 987, 989, 992, 999, 72, 569, 917, 921, 938, 969, 977, 984, 995, 83, 597, 749, 955, 959, 94, 625, 675, 979, 996, 1, 276, 655, 705, 105, 645, 737, 116, 685, 771, 68, 282, 751, 805, 78, 304, 785, 840, 89, 328, 820, 876, 100, 353, 856, 912, 33, 206, 378, 717, 39, 220, 238, 403, 950, 991, 46, 224, 258, 430, 971, 53, 244, 279, 298, 61, 168, 287, 301, 930, 71, 185, 311, 322, 347, 892, 82, 202, 325, 333, 358, 372, 93, 219, 336, 350, 383, 397, 104, 237, 361, 375, 408, 424, 111, 257, 386, 400, 435, 451, 115, 153, 265, 278, 411, 454, 462, 127, 241, 273, 300, 427, 481, 489, 140, 261, 295, 324, 438, 509, 517, 141, 172, 319, 349, 465, 538, 546, 155, 188, 344, 374, 492, 566, 574, 156, 201, 205, 394, 399, 565, 594, 173, 218, 223, 421, 426, 593, 602, 630, 128, 236, 243, 448, 453, 621, 622, 660, 123, 256, 264, 475, 480, 651, 652, 690, 136, 277, 286, 503, 508, 681, 682, 722, 151, 299, 310, 519, 532, 713, 714, 756, 163, 308, 323, 369, 535, 562, 747, 782, 790, 180, 332, 335, 360, 539, 590, 748, 817, 825, 189, 348, 357, 385, 560, 618, 781, 853, 861, 197, 373, 382, 410, 588, 648, 801, 889, 897, 214, 398, 407, 437, 616, 678, 831, 864, 926, 232, 252, 425, 434, 452, 464, 646, 676, 706, 710, 851, 887, 900, 927, 935, 964, 968, 976]",4.47213595499958,4.47213595499958
94,840.0,"[0.0, 0.0, 0.0, 0.0, 0.0, 0.0, 0.0, 0.0, 0.0, 0.0, 0.0, 0.0, 0.0, 0.0, 0.0, 0.0, 1.0, 0.0, 0.0, 0.0, 0.0]","[0.0, 0.0, 0.0, 0.0, 0.0, 0.0, 0.0, 0.0, 0.0, 0.0, 0.0, 0.0, 0.0, 0.0, 0.0, 0.0, 0.5, 0.0, 0.0, 0.0, 0.0]","[10, 11, 12, 14, 17, 21, 19, 24, 27, 22, 29, 32, 26, 35, 38, 31, 42, 43, 45, 37, 49, 50, 52, 57, 44, 56, 58, 60, 65, 66, 51, 64, 67, 70, 75, 76, 79, 59, 74, 77, 81, 86, 87, 90, 69, 85, 88, 92, 97, 98, 101, 80, 96, 99, 103, 108, 109, 112, 117, 91, 107, 110, 114, 120, 121, 124, 129, 131, 102, 119, 122, 126, 133, 134, 137, 142, 144, 145, 147, 113, 132, 135, 139, 148, 149, 152, 157, 159, 160, 162, 164, 125, 146, 150, 154, 165, 166, 169, 174, 176, 177, 179, 181, 138, 161, 167, 171, 182, 183, 186, 191, 193, 194, 196, 198, 18, 175, 178, 187, 195, 199, 203, 208, 210, 211, 213, 215, 20, 190, 192, 204, 212, 216, 221, 226, 228, 229, 231, 233, 240, 23, 207, 209, 222, 230, 234, 239, 246, 248, 249, 251, 253, 260, 262, 28, 225, 227, 242, 250, 254, 259, 267, 269, 270, 272, 274, 281, 283, 284, 34, 245, 247, 263, 271, 275, 280, 289, 291, 292, 294, 296, 303, 305, 306, 307, 41, 266, 268, 285, 293, 297, 302, 313, 315, 316, 318, 320, 327, 329, 330, 331, 48, 288, 290, 309, 317, 321, 326, 338, 340, 341, 343, 345, 352, 354, 355, 356, 55, 312, 314, 334, 342, 346, 351, 363, 365, 366, 368, 370, 377, 379, 380, 381, 63, 337, 339, 359, 367, 371, 376, 388, 390, 391, 393, 395, 402, 404, 405, 406, 412, 413, 73, 362, 364, 384, 392, 396, 401, 415, 417, 418, 420, 422, 429, 431, 432, 433, 439, 440, 84, 387, 389, 409, 419, 423, 428, 442, 444, 445, 447, 449, 456, 458, 459, 460, 466, 467, 95, 414, 416, 436, 446, 450, 455, 469, 471, 472, 474, 476, 483, 485, 486, 487, 488, 493, 494, 498, 106, 441, 443, 463, 473, 477, 482, 496, 499, 500, 502, 504, 507, 511, 513, 514, 515, 516, 521, 522, 526, 527, 118, 468, 470, 490, 501, 505, 510, 524, 528, 529, 531, 533, 536, 540, 542, 543, 544, 545, 550, 551, 555, 556, 0, 478, 495, 506, 518, 525, 530, 537, 552, 554, 557, 559, 561, 564, 568, 570, 571, 572, 573, 578, 579, 583, 584, 586, 130, 497, 523, 534, 549, 553, 563, 577, 581, 582, 587, 589, 592, 596, 598, 599, 600, 601, 606, 607, 611, 612, 614, 143, 520, 548, 558, 576, 580, 591, 605, 609, 610, 615, 617, 620, 624, 626, 627, 628, 629, 634, 635, 639, 640, 642, 644, 158, 547, 575, 585, 604, 608, 619, 633, 637, 638, 643, 647, 650, 654, 656, 657, 658, 659, 664, 665, 669, 670, 672, 674, 170, 567, 603, 613, 632, 636, 649, 663, 667, 668, 673, 677, 680, 684, 686, 687, 688, 689, 694, 695, 699, 700, 702, 704, 707, 708, 184, 595, 631, 641, 662, 666, 679, 693, 697, 698, 703, 709, 712, 716, 718, 719, 720, 721, 726, 727, 731, 732, 734, 736, 739, 740, 743, 744, 200, 623, 661, 671, 692, 696, 711, 725, 729, 730, 735, 741, 746, 750, 752, 753, 754, 755, 760, 761, 765, 766, 768, 770, 773, 774, 777, 778, 217, 653, 691, 701, 724, 728, 745, 759, 763, 764, 769, 772, 775, 780, 784, 786, 787, 788, 789, 794, 795, 799, 800, 802, 804, 807, 808, 811, 812, 815, 235, 683, 723, 733, 758, 762, 776, 779, 793, 797, 798, 803, 806, 809, 814, 819, 821, 822, 823, 824, 829, 830, 834, 835, 837, 839, 842, 843, 846, 847, 850, 255, 715, 757, 767, 792, 796, 810, 813, 828, 832, 833, 838, 841, 844, 849, 855, 857, 858, 859, 860, 865, 866, 870, 871, 873, 875, 878, 879, 882, 883, 886, 888, 40, 457, 783, 791, 826, 827, 836, 845, 863, 867, 868, 872, 874, 877, 884, 891, 893, 894, 895, 896, 901, 902, 906, 907, 909, 911, 914, 915, 918, 919, 922, 924, 925, 47, 484, 816, 818, 854, 862, 869, 880, 899, 903, 904, 908, 910, 913, 920, 929, 931, 932, 933, 934, 939, 940, 944, 945, 947, 949, 952, 953, 956, 957, 960, 961, 962, 963, 965, 966, 967, 54, 512, 848, 852, 890, 898, 905, 916, 937, 941, 942, 946, 948, 951, 958, 970, 972, 973, 974, 975, 980, 981, 985, 986, 988, 990, 993, 994, 997, 998, 62, 541, 881, 885, 928, 936, 943, 954, 978, 982, 983, 987, 989, 992, 999, 72, 569, 917, 921, 969, 977, 984, 995, 83, 597, 749, 955, 959, 94, 625, 675, 979, 996, 1, 276, 655, 705, 105, 645, 737, 116, 685, 771, 68, 282, 751, 805, 78, 304, 785, 840, 89, 328, 820, 876, 100, 353, 856, 912, 33, 206, 378, 717, 39, 220, 238, 403, 950, 991, 46, 224, 258, 430, 971, 53, 244, 279, 298, 61, 168, 287, 301, 930, 71, 185, 311, 322, 347, 892, 82, 202, 325, 333, 358, 372, 93, 219, 336, 350, 383, 397, 104, 237, 361, 375, 408, 424, 111, 257, 386, 400, 435, 451, 115, 265, 278, 411, 454, 462, 127, 241, 273, 300, 427, 481, 489, 140, 261, 295, 324, 438, 509, 517, 141, 172, 319, 349, 465, 538, 546, 155, 188, 344, 374, 492, 566, 574, 156, 201, 205, 394, 399, 565, 594, 173, 218, 223, 421, 426, 593, 602, 630, 128, 236, 243, 448, 453, 621, 622, 660, 123, 256, 264, 475, 480, 651, 652, 690, 136, 277, 286, 503, 508, 681, 682, 722, 151, 299, 310, 519, 532, 713, 714, 756, 163, 308, 323, 369, 535, 562, 747, 782, 790, 180, 332, 335, 360, 539, 590, 748, 817, 825, 189, 348, 357, 385, 560, 618, 781, 853, 861, 197, 373, 382, 410, 588, 648, 801, 889, 897, 214, 398, 407, 437, 616, 678, 831, 864, 926, 232, 425, 434, 464, 646, 710, 851, 900, 927, 153, 252, 452, 461, 479, 491, 676, 706, 738, 742, 887, 923, 935, 938, 964, 968, 976]",4.47213595499958,4.47213595499958
95,840.0,"[0.0, 0.0, 0.0, 0.0, 0.0, 0.0, 0.0, 0.0, 0.0, 0.0, 0.0, 0.0, 0.0, 0.0, 0.0, 0.0, 1.0, 0.0, 0.0, 0.0, 0.0]","[0.0, 0.0, 0.0, 0.0, 0.0, 0.0, 0.0, 0.0, 0.0, 0.0, 0.0, 0.0, 0.0, 0.0, 0.0, 0.0, 0.5, 0.0, 0.0, 0.0, 0.0]","[10, 11, 12, 14, 17, 21, 19, 24, 27, 22, 29, 32, 26, 35, 38, 31, 42, 43, 45, 37, 49, 50, 52, 57, 44, 56, 58, 60, 65, 66, 51, 64, 67, 70, 75, 76, 79, 59, 74, 77, 81, 86, 87, 90, 69, 85, 88, 92, 97, 98, 101, 80, 96, 99, 103, 108, 109, 112, 117, 91, 107, 110, 114, 120, 121, 124, 129, 131, 102, 119, 122, 126, 133, 134, 137, 142, 144, 145, 147, 113, 132, 135, 139, 148, 149, 152, 157, 159, 160, 162, 164, 125, 146, 150, 154, 165, 166, 169, 174, 176, 177, 179, 181, 138, 161, 167, 171, 182, 183, 186, 191, 193, 194, 196, 198, 18, 175, 178, 187, 195, 199, 203, 208, 210, 211, 213, 215, 20, 190, 192, 204, 212, 216, 221, 226, 228, 229, 231, 233, 240, 23, 207, 209, 222, 230, 234, 239, 246, 248, 249, 251, 253, 260, 262, 28, 225, 227, 242, 250, 254, 259, 267, 269, 270, 272, 274, 281, 283, 284, 34, 245, 247, 263, 271, 275, 280, 289, 291, 292, 294, 296, 303, 305, 306, 307, 41, 266, 268, 285, 293, 297, 302, 313, 315, 316, 318, 320, 327, 329, 330, 331, 48, 288, 290, 309, 317, 321, 326, 338, 340, 341, 343, 345, 352, 354, 355, 356, 55, 312, 314, 334, 342, 346, 351, 363, 365, 366, 368, 370, 377, 379, 380, 381, 63, 337, 339, 359, 367, 371, 376, 388, 390, 391, 393, 395, 402, 404, 405, 406, 412, 413, 73, 362, 364, 384, 392, 396, 401, 415, 417, 418, 420, 422, 429, 431, 432, 433, 439, 440, 84, 387, 389, 409, 419, 423, 428, 442, 444, 445, 447, 449, 456, 458, 459, 460, 466, 467, 95, 414, 416, 436, 446, 450, 455, 469, 471, 472, 474, 476, 483, 485, 486, 487, 493, 494, 498, 106, 441, 443, 463, 473, 477, 482, 496, 499, 500, 502, 504, 511, 513, 514, 515, 516, 521, 522, 526, 527, 118, 468, 470, 490, 501, 505, 510, 524, 528, 529, 531, 533, 536, 540, 542, 543, 544, 545, 550, 551, 555, 556, 0, 478, 495, 506, 525, 530, 537, 552, 554, 557, 559, 561, 564, 568, 570, 571, 572, 573, 578, 579, 583, 584, 586, 130, 497, 523, 534, 549, 553, 563, 577, 581, 582, 587, 589, 592, 596, 598, 599, 600, 601, 606, 607, 611, 612, 614, 143, 520, 548, 558, 576, 580, 591, 605, 609, 610, 615, 617, 620, 624, 626, 627, 628, 629, 634, 635, 639, 640, 642, 644, 158, 547, 575, 585, 604, 608, 619, 633, 637, 638, 643, 647, 650, 654, 656, 657, 658, 659, 664, 665, 669, 670, 672, 674, 170, 567, 603, 613, 632, 636, 649, 663, 667, 668, 673, 677, 680, 684, 686, 687, 688, 689, 694, 695, 699, 700, 702, 704, 707, 708, 184, 595, 631, 641, 662, 666, 679, 693, 697, 698, 703, 709, 712, 716, 718, 719, 720, 721, 726, 727, 731, 732, 734, 736, 739, 740, 743, 744, 200, 623, 661, 671, 692, 696, 711, 725, 729, 730, 735, 741, 746, 750, 752, 753, 754, 755, 760, 761, 765, 766, 768, 770, 773, 774, 777, 778, 217, 653, 691, 701, 724, 728, 745, 759, 763, 764, 769, 775, 780, 784, 786, 787, 788, 789, 794, 795, 799, 800, 802, 804, 807, 808, 811, 812, 815, 235, 683, 723, 733, 758, 762, 779, 793, 797, 798, 803, 806, 809, 814, 819, 821, 822, 823, 824, 829, 830, 834, 835, 837, 839, 842, 843, 846, 847, 850, 255, 715, 757, 767, 792, 796, 810, 813, 828, 832, 833, 838, 841, 844, 849, 855, 857, 858, 859, 860, 865, 866, 870, 871, 873, 875, 878, 879, 882, 883, 886, 888, 40, 457, 783, 791, 826, 827, 836, 845, 863, 867, 868, 872, 874, 877, 884, 891, 893, 894, 895, 896, 901, 902, 906, 907, 909, 911, 914, 915, 918, 919, 922, 924, 925, 47, 484, 816, 818, 854, 862, 869, 880, 899, 903, 904, 908, 910, 913, 920, 929, 931, 932, 933, 934, 939, 940, 944, 945, 947, 949, 952, 953, 956, 957, 960, 962, 963, 965, 966, 967, 54, 512, 848, 852, 890, 898, 905, 916, 937, 941, 942, 946, 948, 951, 958, 970, 972, 973, 974, 975, 980, 981, 985, 986, 988, 990, 993, 994, 997, 998, 62, 541, 881, 885, 928, 936, 943, 954, 978, 982, 983, 987, 989, 992, 999, 72, 569, 917, 921, 969, 977, 984, 995, 83, 597, 749, 955, 94, 625, 675, 979, 996, 1, 276, 655, 705, 105, 645, 737, 116, 685, 771, 68, 282, 751, 805, 78, 304, 785, 840, 89, 328, 820, 876, 100, 353, 856, 912, 33, 206, 378, 717, 39, 220, 238, 403, 950, 991, 46, 224, 258, 430, 971, 53, 244, 279, 298, 61, 168, 287, 301, 930, 71, 185, 311, 322, 347, 892, 82, 202, 325, 333, 358, 372, 93, 219, 336, 350, 383, 397, 104, 237, 361, 375, 408, 424, 111, 257, 386, 400, 435, 451, 115, 265, 278, 411, 454, 462, 127, 273, 300, 427, 481, 489, 140, 261, 295, 324, 438, 509, 517, 141, 172, 319, 349, 465, 538, 546, 155, 188, 344, 374, 492, 566, 574, 156, 201, 205, 394, 399, 565, 594, 173, 218, 223, 421, 426, 593, 602, 630, 128, 236, 243, 448, 453, 621, 622, 660, 123, 256, 264, 475, 480, 651, 652, 690, 136, 277, 286, 503, 508, 681, 682, 722, 151, 299, 310, 519, 532, 713, 714, 756, 163, 308, 323, 369, 535, 562, 747, 782, 790, 180, 332, 335, 360, 539, 590, 748, 817, 825, 189, 348, 357, 385, 560, 618, 781, 853, 861, 197, 373, 382, 410, 588, 648, 801, 889, 897, 214, 398, 407, 437, 616, 678, 831, 864, 926, 232, 425, 434, 464, 646, 710, 851, 900, 927, 153, 452, 461, 491, 676, 742, 887, 935, 938, 241, 252, 479, 488, 507, 518, 706, 738, 772, 776, 923, 959, 961, 964, 968, 976]",4.47213595499958,4.47213595499958
96,840.0,"[0.0, 0.0, 0.0, 0.0, 0.0, 0.0, 0.0, 0.0, 0.0, 0.0, 0.0, 0.0, 0.0, 0.0, 0.0, 0.0, 1.0, 0.0, 0.0, 0.0, 0.0]","[0.0, 0.0, 0.0, 0.0, 0.0, 0.0, 0.0, 0.0, 0.0, 0.0, 0.0, 0.0, 0.0, 0.0, 0.0, 0.0, 0.5, 0.0, 0.0, 0.0, 0.0]","[10, 11, 12, 14, 17, 21, 19, 24, 27, 22, 29, 32, 26, 35, 38, 31, 42, 43, 45, 37, 49, 50, 52, 57, 44, 56, 58, 60, 65, 66, 51, 64, 67, 70, 75, 76, 79, 59, 74, 77, 81, 86, 87, 90, 69, 85, 88, 92, 97, 98, 101, 80, 96, 99, 103, 108, 109, 112, 117, 91, 107, 110, 114, 120, 121, 124, 129, 131, 102, 119, 122, 126, 133, 134, 137, 142, 144, 145, 147, 113, 132, 135, 139, 148, 149, 152, 157, 159, 160, 162, 164, 125, 146, 150, 154, 165, 166, 169, 174, 176, 177, 179, 181, 138, 161, 167, 171, 182, 183, 186, 191, 193, 194, 196, 198, 18, 175, 178, 187, 195, 199, 203, 208, 210, 211, 213, 215, 20, 190, 192, 204, 212, 216, 221, 226, 228, 229, 231, 233, 240, 23, 207, 209, 222, 230, 234, 239, 246, 248, 249, 251, 253, 260, 28, 225, 227, 242, 250, 254, 259, 267, 269, 270, 272, 274, 281, 283, 284, 34, 245, 247, 263, 271, 275, 280, 289, 291, 292, 294, 296, 303, 305, 306, 307, 41, 266, 268, 285, 293, 297, 302, 313, 315, 316, 318, 320, 327, 329, 330, 331, 48, 288, 290, 309, 317, 321, 326, 338, 340, 341, 343, 345, 352, 354, 355, 356, 55, 312, 314, 334, 342, 346, 351, 363, 365, 366, 368, 370, 377, 379, 380, 381, 63, 337, 339, 359, 367, 371, 376, 388, 390, 391, 393, 395, 402, 404, 405, 406, 412, 413, 73, 362, 364, 384, 392, 396, 401, 415, 417, 418, 420, 422, 429, 431, 432, 433, 439, 440, 84, 387, 389, 409, 419, 423, 428, 442, 444, 445, 447, 449, 456, 458, 459, 460, 466, 467, 95, 414, 416, 436, 446, 450, 455, 469, 471, 472, 474, 476, 483, 485, 486, 487, 493, 494, 498, 106, 441, 443, 463, 473, 477, 482, 496, 499, 500, 502, 504, 511, 513, 514, 515, 521, 522, 526, 527, 118, 468, 470, 490, 501, 505, 510, 524, 528, 529, 531, 533, 540, 542, 543, 544, 545, 550, 551, 555, 556, 0, 478, 495, 506, 525, 530, 537, 552, 554, 557, 559, 561, 564, 568, 570, 571, 572, 573, 578, 579, 583, 584, 586, 130, 497, 523, 549, 553, 563, 577, 581, 582, 587, 589, 592, 596, 598, 599, 600, 601, 606, 607, 611, 612, 614, 143, 520, 548, 558, 576, 580, 591, 605, 609, 610, 615, 617, 620, 624, 626, 627, 628, 629, 634, 635, 639, 640, 642, 644, 158, 547, 575, 585, 604, 608, 619, 633, 637, 638, 643, 647, 650, 654, 656, 657, 658, 659, 664, 665, 669, 670, 672, 674, 170, 567, 603, 613, 632, 636, 649, 663, 667, 668, 673, 677, 680, 684, 686, 687, 688, 689, 694, 695, 699, 700, 702, 704, 707, 708, 184, 595, 631, 641, 662, 666, 679, 693, 697, 698, 703, 709, 712, 716, 718, 719, 720, 721, 726, 727, 731, 732, 734, 736, 739, 740, 743, 744, 200, 623, 661, 671, 692, 696, 711, 725, 729, 730, 735, 741, 746, 750, 752, 753, 754, 755, 760, 761, 765, 766, 768, 770, 773, 774, 777, 778, 217, 653, 691, 701, 724, 728, 745, 759, 763, 764, 769, 775, 780, 784, 786, 787, 788, 789, 794, 795, 799, 800, 802, 804, 807, 808, 811, 812, 815, 235, 683, 723, 733, 758, 762, 779, 793, 797, 798, 803, 809, 814, 819, 821, 822, 823, 824, 829, 830, 834, 835, 837, 839, 842, 843, 846, 847, 850, 255, 715, 757, 767, 792, 796, 813, 828, 832, 833, 838, 841, 844, 849, 855, 857, 858, 859, 860, 865, 866, 870, 871, 873, 875, 878, 879, 882, 883, 886, 888, 40, 457, 783, 791, 826, 827, 836, 845, 863, 867, 868, 872, 874, 877, 884, 891, 893, 894, 895, 896, 901, 902, 906, 907, 909, 911, 914, 915, 918, 919, 922, 924, 925, 47, 484, 816, 818, 854, 862, 869, 880, 899, 903, 904, 908, 910, 913, 920, 929, 931, 932, 933, 934, 939, 940, 944, 945, 947, 949, 952, 953, 956, 957, 960, 962, 963, 965, 966, 967, 54, 512, 848, 852, 890, 898, 905, 916, 937, 941, 942, 946, 948, 951, 958, 970, 972, 973, 974, 975, 980, 981, 985, 986, 988, 990, 993, 994, 997, 998, 62, 541, 881, 885, 928, 936, 943, 954, 978, 982, 983, 987, 989, 992, 999, 72, 569, 917, 921, 969, 977, 984, 995, 83, 597, 749, 955, 94, 625, 675, 979, 1, 276, 655, 705, 105, 645, 737, 116, 685, 771, 68, 282, 751, 805, 78, 304, 785, 840, 89, 328, 820, 876, 100, 353, 856, 912, 33, 206, 378, 717, 39, 220, 238, 403, 950, 991, 46, 224, 258, 430, 971, 53, 244, 279, 298, 61, 168, 287, 301, 930, 71, 185, 311, 322, 347, 892, 82, 202, 325, 333, 358, 372, 93, 219, 336, 350, 383, 397, 104, 237, 361, 375, 408, 424, 111, 257, 386, 400, 435, 451, 115, 265, 278, 411, 454, 462, 127, 273, 300, 427, 481, 489, 140, 295, 324, 438, 509, 517, 141, 172, 319, 349, 465, 538, 546, 155, 188, 344, 374, 492, 566, 574, 156, 201, 205, 394, 399, 565, 594, 173, 218, 223, 421, 426, 593, 602, 630, 128, 236, 243, 448, 453, 621, 622, 660, 123, 256, 264, 475, 480, 651, 652, 690, 136, 277, 286, 503, 508, 681, 682, 722, 151, 299, 310, 519, 532, 713, 714, 756, 163, 308, 323, 369, 535, 562, 747, 782, 790, 180, 332, 335, 360, 539, 590, 748, 817, 825, 189, 348, 357, 385, 560, 618, 781, 853, 861, 197, 373, 382, 410, 588, 648, 801, 889, 897, 214, 398, 407, 437, 616, 678, 831, 864, 926, 232, 425, 434, 464, 646, 710, 851, 900, 927, 153, 452, 461, 491, 676, 742, 887, 935, 938, 241, 479, 488, 518, 706, 776, 923, 961, 964, 252, 261, 262, 507, 516, 534, 536, 738, 772, 806, 810, 959, 968, 976, 996]",4.47213595499958,4.47213595499958
97,840.0,"[0.0, 0.0, 0.0, 0.0, 0.0, 0.0, 0.0, 0.0, 0.0, 0.0, 0.0, 0.0, 0.0, 0.0, 0.0, 0.0, 1.0, 0.0, 0.0, 0.0, 0.0]","[0.0, 0.0, 0.0, 0.0, 0.0, 0.0, 0.0, 0.0, 0.0, 0.0, 0.0, 0.0, 0.0, 0.0, 0.0, 0.0, 0.5, 0.0, 0.0, 0.0, 0.0]","[10, 11, 12, 14, 17, 21, 19, 24, 27, 22, 29, 32, 26, 35, 38, 31, 42, 43, 45, 37, 49, 50, 52, 57, 44, 56, 58, 60, 65, 66, 51, 64, 67, 70, 75, 76, 79, 59, 74, 77, 81, 86, 87, 90, 69, 85, 88, 92, 97, 98, 101, 80, 96, 99, 103, 108, 109, 112, 117, 91, 107, 110, 114, 120, 121, 124, 129, 131, 102, 119, 122, 126, 133, 134, 137, 142, 144, 145, 147, 113, 132, 135, 139, 148, 149, 152, 157, 159, 160, 162, 164, 125, 146, 150, 154, 165, 166, 169, 174, 176, 177, 179, 181, 138, 161, 167, 171, 182, 183, 186, 191, 193, 194, 196, 198, 18, 175, 178, 187, 195, 199, 203, 208, 210, 211, 213, 215, 20, 190, 192, 204, 212, 216, 221, 226, 228, 229, 231, 233, 240, 23, 207, 209, 222, 230, 234, 239, 246, 248, 249, 251, 253, 260, 28, 225, 227, 242, 250, 254, 259, 267, 269, 270, 272, 274, 281, 284, 34, 245, 247, 263, 271, 275, 280, 289, 291, 292, 294, 296, 303, 305, 306, 307, 41, 266, 268, 285, 293, 297, 302, 313, 315, 316, 318, 320, 327, 329, 330, 331, 48, 288, 290, 309, 317, 321, 326, 338, 340, 341, 343, 345, 352, 354, 355, 356, 55, 312, 314, 334, 342, 346, 351, 363, 365, 366, 368, 370, 377, 379, 380, 381, 63, 337, 339, 359, 367, 371, 376, 388, 390, 391, 393, 395, 402, 404, 405, 406, 412, 413, 73, 362, 364, 384, 392, 396, 401, 415, 417, 418, 420, 422, 429, 431, 432, 433, 439, 440, 84, 387, 389, 409, 419, 423, 428, 442, 444, 445, 447, 449, 456, 458, 459, 460, 466, 467, 95, 414, 416, 436, 446, 450, 455, 469, 471, 472, 474, 476, 483, 485, 486, 487, 493, 494, 498, 106, 441, 443, 463, 473, 477, 482, 496, 499, 500, 502, 504, 511, 513, 514, 515, 521, 522, 526, 527, 118, 468, 470, 490, 501, 505, 510, 524, 528, 529, 531, 533, 540, 542, 543, 544, 550, 551, 555, 556, 0, 478, 495, 506, 525, 530, 537, 552, 554, 557, 559, 561, 568, 570, 571, 572, 573, 578, 579, 583, 584, 586, 130, 497, 523, 549, 553, 563, 577, 581, 582, 587, 589, 592, 596, 598, 599, 600, 601, 606, 607, 611, 612, 614, 143, 520, 548, 576, 580, 591, 605, 609, 610, 615, 617, 620, 624, 626, 627, 628, 629, 634, 635, 639, 640, 642, 644, 158, 547, 575, 585, 604, 608, 619, 633, 637, 638, 643, 647, 650, 654, 656, 657, 658, 659, 664, 665, 669, 670, 672, 674, 170, 567, 603, 613, 632, 636, 649, 663, 667, 668, 673, 677, 680, 684, 686, 687, 688, 689, 694, 695, 699, 700, 702, 704, 707, 708, 184, 595, 631, 641, 662, 666, 679, 693, 697, 698, 703, 709, 712, 716, 718, 719, 720, 721, 726, 727, 731, 732, 734, 736, 739, 740, 743, 744, 200, 623, 661, 671, 692, 696, 711, 725, 729, 730, 735, 741, 746, 750, 752, 753, 754, 755, 760, 761, 765, 766, 768, 770, 773, 774, 777, 778, 217, 653, 691, 701, 724, 728, 745, 759, 763, 764, 769, 775, 780, 784, 786, 787, 788, 789, 794, 795, 799, 800, 802, 804, 807, 808, 811, 812, 815, 235, 683, 723, 733, 758, 762, 779, 793, 797, 798, 803, 809, 814, 819, 821, 822, 823, 824, 829, 830, 834, 835, 837, 839, 842, 843, 846, 847, 850, 255, 715, 757, 767, 792, 796, 813, 828, 832, 833, 838, 844, 849, 855, 857, 858, 859, 860, 865, 866, 870, 871, 873, 875, 878, 879, 882, 883, 886, 888, 40, 457, 783, 791, 826, 827, 845, 863, 867, 868, 872, 874, 877, 884, 891, 893, 894, 895, 896, 901, 902, 906, 907, 909, 911, 914, 915, 918, 919, 922, 924, 925, 47, 484, 816, 818, 854, 862, 869, 880, 899, 903, 904, 908, 910, 913, 920, 929, 931, 932, 933, 934, 939, 940, 944, 945, 947, 949, 952, 953, 956, 957, 960, 962, 963, 965, 966, 967, 54, 512, 848, 852, 890, 898, 905, 916, 937, 941, 942, 946, 948, 951, 958, 970, 972, 973, 974, 975, 980, 981, 985, 986, 988, 990, 993, 994, 997, 998, 62, 541, 881, 885, 928, 936, 943, 954, 978, 982, 983, 987, 989, 992, 999, 72, 569, 917, 921, 969, 977, 984, 995, 83, 597, 749, 955, 94, 625, 675, 979, 1, 276, 655, 705, 105, 645, 737, 116, 685, 771, 68, 282, 751, 78, 304, 785, 840, 89, 328, 820, 876, 100, 353, 856, 912, 33, 206, 378, 717, 39, 220, 238, 403, 950, 991, 46, 224, 258, 430, 971, 53, 244, 279, 298, 61, 168, 287, 301, 930, 71, 185, 311, 322, 347, 892, 82, 202, 325, 333, 358, 372, 93, 219, 336, 350, 383, 397, 104, 237, 361, 375, 408, 424, 111, 257, 386, 400, 435, 451, 115, 265, 278, 411, 454, 462, 127, 273, 300, 427, 481, 489, 140, 295, 324, 438, 509, 517, 141, 319, 349, 465, 538, 546, 155, 188, 344, 374, 492, 566, 574, 156, 201, 205, 394, 399, 565, 594, 173, 218, 223, 421, 426, 593, 602, 630, 128, 236, 243, 448, 453, 621, 622, 660, 123, 256, 264, 475, 480, 651, 652, 690, 136, 277, 286, 503, 508, 681, 682, 722, 151, 299, 310, 519, 532, 713, 714, 756, 163, 308, 323, 369, 535, 562, 747, 782, 790, 180, 332, 335, 360, 539, 590, 748, 817, 825, 189, 348, 357, 385, 560, 618, 781, 853, 861, 197, 373, 382, 410, 588, 648, 801, 889, 897, 214, 398, 407, 437, 616, 678, 831, 864, 926, 232, 425, 434, 464, 646, 710, 851, 900, 927, 153, 452, 461, 491, 676, 742, 887, 935, 938, 241, 479, 488, 518, 706, 776, 923, 961, 964, 252, 262, 507, 534, 536, 806, 810, 968, 976, 172, 261, 283, 516, 545, 558, 564, 738, 772, 805, 836, 841, 959, 996]",4.47213595499958,4.47213595499958
98,840.0,"[0.0, 0.0, 0.0, 0.0, 0.0, 0.0, 0.0, 0.0, 0.0, 0.0, 0.0, 0.0, 0.0, 0.0, 0.0, 0.0, 1.0, 0.0, 0.0, 0.0, 0.0]","[0.0, 0.0, 0.0, 0.0, 0.0, 0.0, 0.0, 0.0, 0.0, 0.0, 0.0, 0.0, 0.0, 0.0, 0.0, 0.0, 0.5, 0.0, 0.0, 0.0, 0.0]","[10, 11, 12, 14, 17, 21, 19, 24, 27, 22, 29, 32, 26, 35, 38, 31, 42, 43, 45, 37, 49, 50, 52, 57, 44, 56, 58, 60, 65, 66, 51, 64, 67, 70, 75, 76, 79, 59, 74, 77, 81, 86, 87, 90, 69, 85, 88, 92, 97, 98, 101, 80, 96, 99, 103, 108, 109, 112, 117, 91, 107, 110, 114, 120, 121, 124, 129, 131, 102, 119, 122, 126, 133, 134, 137, 142, 144, 145, 147, 113, 132, 135, 139, 148, 149, 152, 157, 159, 160, 162, 164, 125, 146, 150, 154, 165, 166, 169, 174, 176, 177, 179, 181, 138, 161, 167, 171, 182, 183, 186, 191, 193, 194, 196, 198, 18, 175, 178, 187, 195, 199, 203, 208, 210, 211, 213, 215, 20, 190, 192, 204, 212, 216, 221, 226, 228, 229, 231, 233, 240, 23, 207, 209, 222, 230, 234, 239, 246, 248, 249, 251, 253, 260, 28, 225, 227, 242, 250, 254, 259, 267, 269, 270, 272, 274, 281, 284, 34, 245, 247, 263, 271, 275, 280, 289, 291, 292, 294, 296, 303, 306, 307, 41, 266, 268, 285, 293, 297, 302, 313, 315, 316, 318, 320, 327, 329, 330, 331, 48, 288, 290, 309, 317, 321, 326, 338, 340, 341, 343, 345, 352, 354, 355, 356, 55, 312, 314, 334, 342, 346, 351, 363, 365, 366, 368, 370, 377, 379, 380, 381, 63, 337, 339, 359, 367, 371, 376, 388, 390, 391, 393, 395, 402, 404, 405, 406, 412, 413, 73, 362, 364, 384, 392, 396, 401, 415, 417, 418, 420, 422, 429, 431, 432, 433, 439, 440, 84, 387, 389, 409, 419, 423, 428, 442, 444, 445, 447, 449, 456, 458, 459, 460, 466, 467, 95, 414, 416, 436, 446, 450, 455, 469, 471, 472, 474, 476, 483, 485, 486, 487, 493, 494, 498, 106, 441, 443, 463, 473, 477, 482, 496, 499, 500, 502, 504, 511, 513, 514, 515, 521, 522, 526, 527, 118, 468, 470, 490, 501, 505, 510, 524, 528, 529, 531, 533, 540, 542, 543, 544, 550, 551, 555, 556, 0, 478, 495, 506, 525, 530, 537, 552, 554, 557, 559, 561, 568, 570, 571, 572, 578, 579, 583, 584, 586, 130, 497, 523, 549, 553, 563, 577, 581, 582, 587, 589, 596, 598, 599, 600, 601, 606, 607, 611, 612, 614, 143, 520, 548, 576, 580, 591, 605, 609, 610, 615, 617, 620, 624, 626, 627, 628, 629, 634, 635, 639, 640, 642, 644, 158, 547, 575, 604, 608, 619, 633, 637, 638, 643, 647, 650, 654, 656, 657, 658, 659, 664, 665, 669, 670, 672, 674, 170, 567, 603, 613, 632, 636, 649, 663, 667, 668, 673, 677, 680, 684, 686, 687, 688, 689, 694, 695, 699, 700, 702, 704, 707, 708, 184, 595, 631, 641, 662, 666, 679, 693, 697, 698, 703, 709, 712, 716, 718, 719, 720, 721, 726, 727, 731, 732, 734, 736, 739, 740, 743, 744, 200, 623, 661, 671, 692, 696, 711, 725, 729, 730, 735, 741, 746, 750, 752, 753, 754, 755, 760, 761, 765, 766, 768, 770, 773, 774, 777, 778, 217, 653, 691, 701, 724, 728, 745, 759, 763, 764, 769, 775, 780, 784, 786, 787, 788, 789, 794, 795, 799, 800, 802, 804, 807, 808, 811, 812, 815, 235, 683, 723, 733, 758, 762, 779, 793, 797, 798, 803, 809, 814, 819, 821, 822, 823, 824, 829, 830, 834, 835, 837, 839, 842, 843, 846, 847, 850, 255, 715, 757, 767, 792, 796, 813, 828, 832, 833, 838, 844, 849, 855, 857, 858, 859, 860, 865, 866, 870, 871, 873, 875, 878, 879, 882, 883, 886, 888, 40, 457, 783, 791, 826, 827, 845, 863, 867, 868, 872, 877, 884, 891, 893, 894, 895, 896, 901, 902, 906, 907, 909, 911, 914, 915, 918, 919, 922, 924, 925, 47, 484, 816, 818, 854, 862, 880, 899, 903, 904, 908, 910, 913, 920, 929, 931, 932, 933, 934, 939, 940, 944, 945, 947, 949, 952, 953, 956, 957, 960, 962, 963, 965, 966, 967, 54, 512, 848, 852, 890, 898, 905, 916, 937, 941, 942, 946, 948, 951, 958, 970, 972, 973, 974, 975, 980, 981, 985, 986, 988, 990, 993, 994, 997, 998, 62, 541, 881, 885, 928, 936, 943, 954, 978, 982, 983, 987, 989, 992, 999, 72, 569, 917, 921, 969, 977, 984, 995, 83, 597, 749, 955, 94, 625, 675, 979, 1, 276, 655, 705, 105, 645, 737, 116, 685, 771, 68, 282, 751, 78, 304, 785, 89, 328, 820, 876, 100, 353, 856, 912, 33, 206, 378, 717, 39, 220, 238, 403, 950, 991, 46, 224, 258, 430, 971, 53, 244, 279, 298, 61, 168, 287, 301, 930, 71, 185, 311, 322, 347, 892, 82, 202, 325, 333, 358, 372, 93, 219, 336, 350, 383, 397, 104, 237, 361, 375, 408, 424, 111, 257, 386, 400, 435, 451, 115, 265, 278, 411, 454, 462, 127, 273, 300, 427, 481, 489, 140, 295, 324, 438, 509, 517, 141, 319, 349, 465, 538, 546, 155, 344, 374, 492, 566, 574, 156, 201, 205, 394, 399, 565, 594, 173, 218, 223, 421, 426, 593, 602, 630, 128, 236, 243, 448, 453, 621, 622, 660, 123, 256, 264, 475, 480, 651, 652, 690, 136, 277, 286, 503, 508, 681, 682, 722, 151, 299, 310, 519, 532, 713, 714, 756, 163, 308, 323, 369, 535, 562, 747, 782, 790, 180, 332, 335, 360, 539, 590, 748, 817, 825, 189, 348, 357, 385, 560, 618, 781, 853, 861, 197, 373, 382, 410, 588, 648, 801, 889, 897, 214, 398, 407, 437, 616, 678, 831, 864, 926, 232, 425, 434, 464, 646, 710, 851, 900, 927, 153, 452, 461, 491, 676, 742, 887, 935, 938, 241, 479, 488, 518, 706, 776, 923, 961, 964, 252, 262, 507, 534, 536, 806, 810, 968, 976, 172, 283, 516, 558, 564, 805, 836, 959, 996, 188, 261, 305, 545, 573, 585, 592, 738, 772, 840, 841, 869, 874]",4.47213595499958,4.47213595499958
99,840.0,"[0.0, 0.0, 0.0, 0.0, 0.0, 0.0, 0.0, 0.0, 0.0, 0.0, 0.0, 0.0, 0.0, 0.0, 0.0, 0.0, 1.0, 0.0, 0.0, 0.0, 0.0]","[0.0, 0.0, 0.0, 0.0, 0.0, 0.0, 0.0, 0.0, 0.0, 0.0, 0.0, 0.0, 0.0, 0.0, 0.0, 0.0, 0.5, 0.0, 0.0, 0.0, 0.0]","[10, 11, 12, 14, 17, 21, 19, 24, 27, 22, 29, 32, 26, 35, 38, 31, 42, 43, 45, 37, 49, 50, 52, 57, 44, 56, 58, 60, 65, 66, 51, 64, 67, 70, 75, 76, 79, 59, 74, 77, 81, 86, 87, 90, 69, 85, 88, 92, 97, 98, 101, 80, 96, 99, 103, 108, 109, 112, 117, 91, 107, 110, 114, 120, 121, 124, 129, 131, 102, 119, 122, 126, 133, 134, 137, 142, 144, 145, 147, 113, 132, 135, 139, 148, 149, 152, 157, 159, 160, 162, 164, 125, 146, 150, 154, 165, 166, 169, 174, 176, 177, 179, 181, 138, 161, 167, 171, 182, 183, 186, 191, 193, 194, 196, 198, 18, 175, 178, 187, 195, 199, 203, 208, 210, 211, 213, 215, 20, 190, 192, 204, 212, 216, 221, 226, 228, 229, 231, 233, 240, 23, 207, 209, 222, 230, 234, 239, 246, 248, 249, 251, 253, 260, 28, 225, 227, 242, 250, 254, 259, 267, 269, 270, 272, 274, 281, 284, 34, 245, 247, 263, 271, 275, 280, 289, 291, 292, 294, 296, 303, 306, 307, 41, 266, 268, 285, 293, 297, 302, 313, 315, 316, 318, 320, 327, 330, 331, 48, 288, 290, 309, 317, 321, 326, 338, 340, 341, 343, 345, 352, 354, 355, 356, 55, 312, 314, 334, 342, 346, 351, 363, 365, 366, 368, 370, 377, 379, 380, 381, 63, 337, 339, 359, 367, 371, 376, 388, 390, 391, 393, 395, 402, 404, 405, 406, 412, 413, 73, 362, 364, 384, 392, 396, 401, 415, 417, 418, 420, 422, 429, 431, 432, 433, 439, 440, 84, 387, 389, 409, 419, 423, 428, 442, 444, 445, 447, 449, 456, 458, 459, 460, 466, 467, 95, 414, 416, 436, 446, 450, 455, 469, 471, 472, 474, 476, 483, 485, 486, 487, 493, 494, 498, 106, 441, 443, 463, 473, 477, 482, 496, 499, 500, 502, 504, 511, 513, 514, 515, 521, 522, 526, 527, 118, 468, 470, 490, 501, 505, 510, 524, 528, 529, 531, 533, 540, 542, 543, 544, 550, 551, 555, 556, 0, 478, 495, 506, 525, 530, 537, 552, 554, 557, 559, 561, 568, 570, 571, 572, 578, 579, 583, 584, 586, 130, 497, 523, 549, 553, 563, 577, 581, 582, 587, 589, 596, 598, 599, 600, 606, 607, 611, 612, 614, 143, 520, 548, 576, 580, 591, 605, 609, 610, 615, 617, 624, 626, 627, 628, 629, 634, 635, 639, 640, 642, 644, 158, 547, 575, 604, 608, 619, 633, 637, 638, 643, 647, 650, 654, 656, 657, 658, 659, 664, 665, 669, 670, 672, 674, 170, 567, 603, 632, 636, 649, 663, 667, 668, 673, 677, 680, 684, 686, 687, 688, 689, 694, 695, 699, 700, 702, 704, 707, 708, 184, 595, 631, 641, 662, 666, 679, 693, 697, 698, 703, 709, 712, 716, 718, 719, 720, 721, 726, 727, 731, 732, 734, 736, 739, 740, 743, 744, 200, 623, 661, 671, 692, 696, 711, 725, 729, 730, 735, 741, 746, 750, 752, 753, 754, 755, 760, 761, 765, 766, 768, 770, 773, 774, 777, 778, 217, 653, 691, 701, 724, 728, 745, 759, 763, 764, 769, 775, 780, 784, 786, 787, 788, 789, 794, 795, 799, 800, 802, 804, 807, 808, 811, 812, 815, 235, 683, 723, 733, 758, 762, 779, 793, 797, 798, 803, 809, 814, 819, 821, 822, 823, 824, 829, 830, 834, 835, 837, 839, 842, 843, 846, 847, 850, 255, 715, 757, 767, 792, 796, 813, 828, 832, 833, 838, 844, 849, 855, 857, 858, 859, 860, 865, 866, 870, 871, 873, 875, 878, 879, 882, 883, 886, 888, 40, 457, 783, 791, 826, 827, 845, 863, 867, 868, 872, 877, 884, 891, 893, 894, 895, 896, 901, 902, 906, 907, 909, 911, 914, 915, 918, 919, 922, 924, 925, 47, 484, 816, 818, 854, 862, 880, 899, 903, 904, 908, 913, 920, 929, 931, 932, 933, 934, 939, 940, 944, 945, 947, 949, 952, 953, 956, 957, 960, 962, 963, 965, 966, 967, 54, 512, 848, 852, 890, 898, 916, 937, 941, 942, 946, 948, 951, 958, 970, 972, 973, 974, 975, 980, 981, 985, 986, 988, 990, 993, 994, 997, 998, 62, 541, 881, 885, 928, 936, 943, 954, 978, 982, 983, 987, 989, 992, 999, 72, 569, 917, 921, 969, 977, 984, 995, 83, 597, 749, 955, 94, 625, 675, 979, 1, 276, 655, 705, 105, 645, 737, 116, 685, 771, 68, 282, 751, 78, 304, 785, 89, 328, 820, 100, 353, 856, 912, 33, 206, 378, 717, 39, 220, 238, 403, 950, 991, 46, 224, 258, 430, 971, 53, 244, 279, 298, 61, 168, 287, 301, 930, 71, 185, 311, 322, 347, 892, 82, 202, 325, 333, 358, 372, 93, 219, 336, 350, 383, 397, 104, 237, 361, 375, 408, 424, 111, 257, 386, 400, 435, 451, 115, 265, 278, 411, 454, 462, 127, 273, 300, 427, 481, 489, 140, 295, 324, 438, 509, 517, 141, 319, 349, 465, 538, 546, 155, 344, 374, 492, 566, 574, 156, 205, 394, 399, 565, 594, 173, 218, 223, 421, 426, 593, 602, 630, 128, 236, 243, 448, 453, 621, 622, 660, 123, 256, 264, 475, 480, 651, 652, 690, 136, 277, 286, 503, 508, 681, 682, 722, 151, 299, 310, 519, 532, 713, 714, 756, 163, 308, 323, 369, 535, 562, 747, 782, 790, 180, 332, 335, 360, 539, 590, 748, 817, 825, 189, 348, 357, 385, 560, 618, 781, 853, 861, 197, 373, 382, 410, 588, 648, 801, 889, 897, 214, 398, 407, 437, 616, 678, 831, 864, 926, 232, 425, 434, 464, 646, 710, 851, 900, 927, 153, 452, 461, 491, 676, 742, 887, 935, 938, 241, 479, 488, 518, 706, 776, 923, 961, 964, 252, 262, 507, 534, 536, 806, 810, 968, 976, 172, 283, 516, 558, 564, 805, 836, 959, 996, 188, 305, 545, 585, 592, 840, 841, 874, 201, 261, 329, 573, 601, 613, 620, 738, 772, 869, 876, 905, 910]",4.47213595499958,4.47213595499958
100,840.0,"[0.0, 0.0, 0.0, 0.0, 0.0, 0.0, 0.0, 0.0, 0.0, 0.0, 0.0, 0.0, 0.0, 0.0, 0.0, 0.0, 1.0, 0.0, 0.0, 0.0, 0.0]","[0.0, 0.0, 0.0, 0.0, 0.0, 0.0, 0.0, 0.0, 0.0, 0.0, 0.0, 0.0, 0.0, 0.0, 0.0, 0.0, 0.5, 0.0, 0.0, 0.0, 0.0]","[10, 11, 12, 14, 17, 21, 19, 24, 27, 22, 29, 32, 26, 35, 38, 31, 42, 43, 45, 37, 49, 50, 52, 57, 44, 56, 58, 60, 65, 66, 51, 64, 67, 70, 75, 76, 79, 59, 74, 77, 81, 86, 87, 90, 69, 85, 88, 92, 97, 98, 101, 80, 96, 99, 103, 108, 109, 112, 117, 91, 107, 110, 114, 120, 121, 124, 129, 131, 102, 119, 122, 126, 133, 134, 137, 142, 144, 145, 147, 113, 132, 135, 139, 148, 149, 152, 157, 159, 160, 162, 164, 125, 146, 150, 154, 165, 166, 169, 174, 176, 177, 179, 181, 138, 161, 167, 171, 182, 183, 186, 191, 193, 194, 196, 198, 18, 175, 178, 187, 195, 199, 203, 208, 210, 211, 213, 215, 20, 190, 192, 204, 212, 216, 221, 226, 228, 229, 231, 233, 240, 23, 207, 209, 222, 230, 234, 239, 246, 248, 249, 251, 253, 260, 28, 225, 227, 242, 250, 254, 259, 267, 269, 270, 272, 274, 281, 284, 34, 245, 247, 263, 271, 275, 280, 289, 291, 292, 294, 296, 303, 306, 307, 41, 266, 268, 285, 293, 297, 302, 313, 315, 316, 318, 320, 327, 330, 331, 48, 288, 290, 309, 317, 321, 326, 338, 340, 341, 343, 345, 352, 355, 356, 55, 312, 314, 334, 342, 346, 351, 363, 365, 366, 368, 370, 377, 379, 380, 381, 63, 337, 339, 359, 367, 371, 376, 388, 390, 391, 393, 395, 402, 404, 405, 406, 412, 413, 73, 362, 364, 384, 392, 396, 401, 415, 417, 418, 420, 422, 429, 431, 432, 433, 439, 440, 84, 387, 389, 409, 419, 423, 428, 442, 444, 445, 447, 449, 456, 458, 459, 460, 466, 467, 95, 414, 416, 436, 446, 450, 455, 469, 471, 472, 474, 476, 483, 485, 486, 487, 493, 494, 498, 106, 441, 443, 463, 473, 477, 482, 496, 499, 500, 502, 504, 511, 513, 514, 515, 521, 522, 526, 527, 118, 468, 470, 490, 501, 505, 510, 524, 528, 529, 531, 533, 540, 542, 543, 544, 550, 551, 555, 556, 0, 478, 495, 506, 525, 530, 537, 552, 554, 557, 559, 561, 568, 570, 571, 572, 578, 579, 583, 584, 586, 130, 497, 523, 549, 553, 563, 577, 581, 582, 587, 589, 596, 598, 599, 600, 606, 607, 611, 612, 614, 143, 520, 548, 576, 580, 591, 605, 609, 610, 615, 617, 624, 626, 627, 628, 634, 635, 639, 640, 642, 644, 158, 547, 575, 604, 608, 619, 633, 637, 638, 643, 647, 654, 656, 657, 658, 659, 664, 665, 669, 670, 672, 674, 170, 567, 603, 632, 636, 649, 663, 667, 668, 673, 677, 680, 684, 686, 687, 688, 689, 694, 695, 699, 700, 702, 704, 707, 708, 184, 595, 631, 662, 666, 679, 693, 697, 698, 703, 709, 712, 716, 718, 719, 720, 721, 726, 727, 731, 732, 734, 736, 739, 740, 743, 744, 200, 623, 661, 671, 692, 696, 711, 725, 729, 730, 735, 741, 746, 750, 752, 753, 754, 755, 760, 761, 765, 766, 768, 770, 773, 774, 777, 778, 217, 653, 691, 701, 724, 728, 745, 759, 763, 764, 769, 775, 780, 784, 786, 787, 788, 789, 794, 795, 799, 800, 802, 804, 807, 808, 811, 812, 815, 235, 683, 723, 733, 758, 762, 779, 793, 797, 798, 803, 809, 814, 819, 821, 822, 823, 824, 829, 830, 834, 835, 837, 839, 842, 843, 846, 847, 850, 255, 715, 757, 767, 792, 796, 813, 828, 832, 833, 838, 844, 849, 855, 857, 858, 859, 860, 865, 866, 870, 871, 873, 875, 878, 879, 882, 883, 886, 888, 40, 457, 783, 791, 826, 827, 845, 863, 867, 868, 872, 877, 884, 891, 893, 894, 895, 896, 901, 902, 906, 907, 909, 911, 914, 915, 918, 919, 922, 924, 925, 47, 484, 816, 818, 854, 862, 880, 899, 903, 904, 908, 913, 920, 929, 931, 932, 933, 934, 939, 940, 944, 945, 947, 949, 952, 953, 956, 957, 960, 962, 963, 965, 966, 967, 54, 512, 848, 852, 890, 898, 916, 937, 941, 942, 946, 951, 958, 970, 972, 973, 974, 975, 980, 981, 985, 986, 988, 990, 993, 994, 997, 998, 62, 541, 881, 885, 928, 936, 954, 978, 982, 983, 987, 989, 992, 999, 72, 569, 917, 921, 969, 977, 984, 995, 83, 597, 749, 955, 94, 625, 675, 979, 1, 276, 655, 705, 105, 645, 737, 116, 685, 771, 68, 282, 751, 78, 304, 785, 89, 328, 820, 100, 353, 856, 33, 206, 378, 717, 39, 220, 238, 403, 950, 991, 46, 224, 258, 430, 971, 53, 244, 279, 298, 61, 168, 287, 301, 930, 71, 185, 311, 322, 347, 892, 82, 202, 325, 333, 358, 372, 93, 219, 336, 350, 383, 397, 104, 237, 361, 375, 408, 424, 111, 257, 386, 400, 435, 451, 115, 265, 278, 411, 454, 462, 127, 273, 300, 427, 481, 489, 140, 295, 324, 438, 509, 517, 141, 319, 349, 465, 538, 546, 155, 344, 374, 492, 566, 574, 156, 205, 394, 399, 565, 594, 173, 223, 421, 426, 593, 602, 630, 128, 236, 243, 448, 453, 621, 622, 660, 123, 256, 264, 475, 480, 651, 652, 690, 136, 277, 286, 503, 508, 681, 682, 722, 151, 299, 310, 519, 532, 713, 714, 756, 163, 308, 323, 369, 535, 562, 747, 782, 790, 180, 332, 335, 360, 539, 590, 748, 817, 825, 189, 348, 357, 385, 560, 618, 781, 853, 861, 197, 373, 382, 410, 588, 648, 801, 889, 897, 214, 398, 407, 437, 616, 678, 831, 864, 926, 232, 425, 434, 464, 646, 710, 851, 900, 927, 153, 452, 461, 491, 676, 742, 887, 935, 938, 241, 479, 488, 518, 706, 776, 923, 961, 964, 252, 262, 507, 534, 536, 806, 810, 968, 976, 172, 283, 516, 558, 564, 805, 836, 959, 996, 188, 305, 545, 585, 592, 840, 841, 874, 201, 329, 573, 613, 620, 869, 876, 910, 218, 261, 354, 601, 629, 641, 650, 738, 772, 905, 912, 943, 948]",4.47213595499958,4.47213595499958
