Interval,Power_Consumption,CPU_Utilization,Ram_Utilization,Inactivevmids,CPU_Imbalance,Ram_Imbalance
1,229.6875,"[0.03125, 0.0, 0.0, 0.0, 0.0, 0.0, 0.0, 0.0, 0.0, 0.0, 0.0, 0.0, 0.0, 0.0, 0.0, 0.0, 0.0, 0.0, 0.0, 0.0, 0.0]","[0.015625, 0.0, 0.0, 0.0, 0.0, 0.0, 0.0, 0.0, 0.0, 0.0, 0.0, 0.0, 0.0, 0.0, 0.0, 0.0, 0.0, 0.0, 0.0, 0.0, 0.0]",[1],4.47213595499958,4.47213595499958
2,269.375,"[0.03125, 0.0, 0.0, 0.0, 0.0, 0.0, 0.0, 0.0, 0.0, 0.0, 0.03125, 0.0, 0.0, 0.0, 0.0, 0.0, 0.0, 0.0, 0.0, 0.0, 0.0]","[0.015625, 0.0, 0.0, 0.0, 0.0, 0.0, 0.0, 0.0, 0.0, 0.0, 0.03125, 0.0, 0.0, 0.0, 0.0, 0.0, 0.0, 0.0, 0.0, 0.0, 0.0]",[2],3.082207001484488,3.265986323710904
3,349.0625,"[0.03125, 0.0, 0.0, 0.0, 0.0, 0.0, 0.0, 0.0, 0.0, 0.0, 0.03125, 0.0, 0.0, 0.03125, 0.0, 0.0, 0.0, 0.0, 0.0, 0.0, 0.0]","[0.015625, 0.0, 0.0, 0.0, 0.0, 0.0, 0.0, 0.0, 0.0, 0.0, 0.03125, 0.0, 0.0, 0.03125, 0.0, 0.0, 0.0, 0.0, 0.0, 0.0, 0.0]",[3],2.449489742783178,2.5612496949731396
4,506.5625,"[0.03125, 0.0, 0.0, 0.0, 0.0, 0.0, 0.0, 0.0, 0.0, 0.25, 0.03125, 0.0, 0.0, 0.03125, 0.0, 0.0, 0.0, 0.0, 0.0, 0.0, 0.0]","[0.015625, 0.0, 0.0, 0.0, 0.0, 0.0, 0.0, 0.0, 0.0, 0.125, 0.03125, 0.0, 0.0, 0.03125, 0.0, 0.0, 0.0, 0.0, 0.0, 0.0, 0.0]",[4],3.2600765594620196,2.840951586556829
5,545.9375,"[0.03125, 0.0, 0.0, 0.0, 0.0, 0.0, 0.0, 0.0, 0.0, 0.25, 0.03125, 0.0, 0.0, 0.03125, 0.0, 0.0, 0.0, 0.0, 0.0, 0.0, 0.0]","[0.015625, 0.0, 0.0, 0.0, 0.0, 0.0, 0.0, 0.0, 0.0, 0.125, 0.03125, 0.0, 0.0, 0.03125, 0.0, 0.0, 0.0, 0.0, 0.0, 0.0, 0.0]",[4],3.2600765594620196,2.840951586556829
6,526.40625,"[0.03125, 0.0, 0.0, 0.0, 0.0, 0.0, 0.0, 0.0, 0.0, 0.25, 0.03125, 0.0, 0.0, 0.03125, 0.0, 0.0, 0.0, 0.0, 0.0, 0.015625, 0.0]","[0.015625, 0.0, 0.0, 0.0, 0.0, 0.0, 0.0, 0.0, 0.0, 0.125, 0.03125, 0.0, 0.0, 0.03125, 0.0, 0.0, 0.0, 0.0, 0.0, 0.0078125, 0.0]",[5],3.111051099130142,2.7276966873365875
7,566.09375,"[0.03125, 0.0, 0.0, 0.03125, 0.0, 0.0, 0.0, 0.0, 0.0, 0.25, 0.03125, 0.0, 0.0, 0.03125, 0.0, 0.0, 0.0, 0.0, 0.0, 0.015625, 0.0]","[0.015625, 0.0, 0.0, 0.03125, 0.0, 0.0, 0.0, 0.0, 0.0, 0.125, 0.03125, 0.0, 0.0, 0.03125, 0.0, 0.0, 0.0, 0.0, 0.0, 0.0078125, 0.0]",[6],2.858810941632902,2.3984039090891747
8,645.46875,"[0.03125, 0.0, 0.0, 0.03125, 0.0, 0.0, 0.0, 0.0, 0.0, 0.25, 0.03125, 0.0625, 0.0, 0.03125, 0.0, 0.0, 0.0, 0.0, 0.0, 0.015625, 0.0]","[0.015625, 0.0, 0.0, 0.03125, 0.0, 0.0, 0.0, 0.0, 0.0, 0.125, 0.03125, 0.03125, 0.0, 0.03125, 0.0, 0.0, 0.0, 0.0, 0.0, 0.0078125, 0.0]",[7],2.4932727562103754,2.1380899352993947
9,804.21875,"[0.03125, 0.0, 0.0, 0.03125, 0.0, 0.0, 0.0, 0.0, 0.0, 0.25, 0.03125, 0.0625, 0.125, 0.03125, 0.0, 0.0, 0.0, 0.0, 0.0, 0.015625, 0.0]","[0.015625, 0.0, 0.0, 0.03125, 0.0, 0.0, 0.0, 0.0, 0.0, 0.125, 0.03125, 0.03125, 0.0625, 0.03125, 0.0, 0.0, 0.0, 0.0, 0.0, 0.0078125, 0.0]",[8],2.1011666730353307,1.8488006431955157
10,843.90625,"[0.03125, 0.0, 0.0, 0.03125, 0.0, 0.0, 0.0, 0.0, 0.0, 0.25, 0.03125, 0.0625, 0.125, 0.03125, 0.0, 0.0, 0.0, 0.0, 0.0, 0.015625, 0.0]","[0.015625, 0.0, 0.0, 0.03125, 0.0, 0.0, 0.0, 0.0, 0.0, 0.125, 0.03125, 0.03125, 0.0625, 0.03125, 0.0, 0.0, 0.0, 0.0, 0.0, 0.0078125, 0.0]",[8],2.1011666730353307,1.8488006431955157
11,824.0625,"[0.03125, 0.0, 0.0, 0.046875, 0.0, 0.0, 0.0, 0.0, 0.0, 0.25, 0.03125, 0.0625, 0.125, 0.03125, 0.0, 0.0, 0.0, 0.0, 0.0, 0.015625, 0.0]","[0.015625, 0.0, 0.0, 0.046875, 0.0, 0.0, 0.0, 0.0, 0.0, 0.125, 0.03125, 0.03125, 0.0625, 0.03125, 0.0, 0.0, 0.0, 0.0, 0.0, 0.0078125, 0.0]",[9],2.050943975620917,1.800411475602586
12,863.75,"[0.03125, 0.0, 0.0, 0.046875, 0.0, 0.0, 0.0, 0.0, 0.0, 0.25, 0.03125, 0.0625, 0.15625, 0.03125, 0.0, 0.0, 0.0, 0.0, 0.0, 0.015625, 0.0]","[0.015625, 0.0, 0.0, 0.046875, 0.0, 0.0, 0.0, 0.0, 0.0, 0.125, 0.03125, 0.03125, 0.078125, 0.03125, 0.0, 0.0, 0.0, 0.0, 0.0, 0.0078125, 0.0]",[10],2.04236382655001,1.7973371984632232
13,942.5,"[0.03125, 0.0, 0.125, 0.046875, 0.0, 0.0, 0.0, 0.0, 0.0, 0.25, 0.03125, 0.0625, 0.15625, 0.03125, 0.0, 0.0, 0.0, 0.0, 0.0, 0.015625, 0.0]","[0.015625, 0.0, 0.0625, 0.046875, 0.0, 0.0, 0.0, 0.0, 0.0, 0.125, 0.03125, 0.03125, 0.078125, 0.03125, 0.0, 0.0, 0.0, 0.0, 0.0, 0.0078125, 0.0]",[11],1.781706812768775,1.5917140820537665
14,1101.25,"[0.03125, 0.0, 0.125, 0.046875, 0.125, 0.0, 0.0, 0.0, 0.0, 0.25, 0.03125, 0.0625, 0.15625, 0.03125, 0.0, 0.0, 0.0, 0.0, 0.0, 0.015625, 0.0]","[0.015625, 0.0, 0.0625, 0.046875, 0.0625, 0.0, 0.0, 0.0, 0.0, 0.125, 0.03125, 0.03125, 0.078125, 0.03125, 0.0, 0.0, 0.0, 0.0, 0.0, 0.0078125, 0.0]",[12],1.5797264681854624,1.4253932901995967
15,1140.625,"[0.03125, 0.0, 0.1875, 0.046875, 0.125, 0.0, 0.0, 0.0, 0.0, 0.25, 0.03125, 0.0625, 0.15625, 0.03125, 0.0, 0.0, 0.0, 0.0, 0.0, 0.015625, 0.0]","[0.015625, 0.0, 0.125, 0.046875, 0.0625, 0.0, 0.0, 0.0, 0.0, 0.125, 0.03125, 0.03125, 0.078125, 0.03125, 0.0, 0.0, 0.0, 0.0, 0.0, 0.0078125, 0.0]",[13],1.5848238598237556,1.4788061688345562
16,1160.46875,"[0.03125, 0.0, 0.1875, 0.046875, 0.125, 0.0, 0.0, 0.0, 0.0, 0.25, 0.03125, 0.078125, 0.15625, 0.03125, 0.0, 0.0, 0.0, 0.0, 0.0, 0.015625, 0.0]","[0.015625, 0.0, 0.125, 0.046875, 0.0625, 0.0, 0.0, 0.0, 0.0, 0.125, 0.03125, 0.0390625, 0.078125, 0.03125, 0.0, 0.0, 0.0, 0.0, 0.0, 0.0078125, 0.0]",[14],1.5646937703593453,1.4613064930625155
17,1199.84375,"[0.03125, 0.0, 0.1875, 0.046875, 0.125, 0.0, 0.0, 0.0, 0.0, 0.25, 0.03125, 0.078125, 0.15625, 0.03125, 0.0, 0.0, 0.0, 0.0, 0.0, 0.015625, 0.0]","[0.015625, 0.0, 0.125, 0.046875, 0.0625, 0.0, 0.0, 0.0, 0.0, 0.125, 0.03125, 0.0390625, 0.078125, 0.03125, 0.0, 0.0, 0.0, 0.0, 0.0, 0.0078125, 0.0]",[14],1.5646937703593453,1.4613064930625155
18,1239.21875,"[0.03125, 0.0, 0.1875, 0.046875, 0.125, 0.0, 0.0, 0.0, 0.125, 0.25, 0.03125, 0.078125, 0.15625, 0.03125, 0.0, 0.0, 0.0, 0.0, 0.0, 0.015625, 0.0]","[0.015625, 0.0, 0.125, 0.046875, 0.0625, 0.0, 0.0, 0.0, 0.0625, 0.125, 0.03125, 0.0390625, 0.078125, 0.03125, 0.0, 0.0, 0.0, 0.0, 0.0, 0.0078125, 0.0]",[15],1.4061705764170633,1.3227575363610673
19,1397.96875,"[0.03125, 0.0, 0.1875, 0.046875, 0.125, 0.0, 0.0, 0.0, 0.125, 0.25, 0.03125, 0.078125, 0.15625, 0.03125, 0.0, 0.0, 0.0, 0.0, 0.0, 0.015625, 0.0]","[0.015625, 0.0, 0.125, 0.046875, 0.0625, 0.0, 0.0, 0.0, 0.0625, 0.125, 0.03125, 0.0390625, 0.078125, 0.03125, 0.0, 0.0, 0.0, 0.0, 0.0, 0.0078125, 0.0]",[15],1.4061705764170633,1.3227575363610673
20,1278.59375,"[0.03125, 0.0, 0.1875, 0.046875, 0.125, 0.0, 0.0, 0.0, 0.1875, 0.25, 0.03125, 0.078125, 0.15625, 0.03125, 0.0, 0.0, 0.0, 0.0, 0.0, 0.015625, 0.0]","[0.015625, 0.0, 0.125, 0.046875, 0.0625, 0.0, 0.0, 0.0, 0.125, 0.125, 0.03125, 0.0390625, 0.078125, 0.03125, 0.0, 0.0, 0.0, 0.0, 0.0, 0.0078125, 0.0]",[16],1.4054287154718472,1.339078102759229
21,1298.28125,"[0.03125, 0.0, 0.1875, 0.046875, 0.125, 0.0, 0.0, 0.0, 0.1875, 0.25, 0.03125, 0.078125, 0.15625, 0.03125, 0.0, 0.0, 0.0, 0.0, 0.0, 0.015625, 0.0]","[0.015625, 0.0, 0.125, 0.046875, 0.0625, 0.0, 0.0, 0.0, 0.125, 0.125, 0.03125, 0.0390625, 0.078125, 0.03125, 0.0, 0.0, 0.0, 0.0, 0.0, 0.0078125, 0.0]",[16],1.4054287154718472,1.339078102759229
22,1317.96875,"[0.03125, 0.0, 0.25, 0.046875, 0.125, 0.0, 0.0, 0.0, 0.1875, 0.25, 0.03125, 0.078125, 0.15625, 0.03125, 0.0, 0.0, 0.0, 0.0, 0.0, 0.015625, 0.0]","[0.015625, 0.0, 0.15625, 0.046875, 0.0625, 0.0, 0.0, 0.0, 0.125, 0.125, 0.03125, 0.0390625, 0.078125, 0.03125, 0.0, 0.0, 0.0, 0.0, 0.0, 0.0078125, 0.0]",[17],1.4390407404435899,1.3830427265145642
23,1396.71875,"[0.03125, 0.125, 0.25, 0.046875, 0.125, 0.0, 0.0, 0.0, 0.1875, 0.25, 0.03125, 0.078125, 0.15625, 0.03125, 0.0, 0.0, 0.0, 0.0, 0.0, 0.015625, 0.0]","[0.015625, 0.0625, 0.15625, 0.046875, 0.0625, 0.0, 0.0, 0.0, 0.125, 0.125, 0.03125, 0.0390625, 0.078125, 0.03125, 0.0, 0.0, 0.0, 0.0, 0.0, 0.0078125, 0.0]",[18],1.3061472969177996,1.264832004655164
24,1555.46875,"[0.03125, 0.125, 0.25, 0.046875, 0.125, 0.0, 0.0, 0.0, 0.1875, 0.25, 0.03125, 0.078125, 0.15625, 0.03125, 0.0, 0.0, 0.0, 0.0, 0.0, 0.015625, 0.0]","[0.015625, 0.0625, 0.15625, 0.046875, 0.0625, 0.0, 0.0, 0.0, 0.125, 0.125, 0.03125, 0.0390625, 0.078125, 0.03125, 0.0, 0.0, 0.0, 0.0, 0.0, 0.0078125, 0.0]",[18],1.3061472969177996,1.264832004655164
25,1436.40625,"[0.03125, 0.125, 0.25, 0.046875, 0.125, 0.0, 0.0, 0.0, 0.1875, 0.25, 0.03125, 0.078125, 0.15625, 0.03125, 0.0, 0.0, 0.0, 0.0, 0.0, 0.015625, 0.0]","[0.015625, 0.0625, 0.15625, 0.046875, 0.0625, 0.0, 0.0, 0.0, 0.125, 0.125, 0.03125, 0.0390625, 0.078125, 0.03125, 0.0, 0.0, 0.0, 0.0, 0.0, 0.0078125, 0.0]",[18],1.3061472969177996,1.264832004655164
26,1416.640625,"[0.03125, 0.125, 0.25, 0.046875, 0.125, 0.0, 0.0, 0.0, 0.1875, 0.25, 0.03125, 0.078125, 0.15625, 0.03125, 0.0, 0.0, 0.0, 0.0, 0.0, 0.015625, 0.0]","[0.015625, 0.0625, 0.15625, 0.046875, 0.0625, 0.0, 0.0, 0.0, 0.125, 0.125, 0.03125, 0.0390625, 0.078125, 0.03125, 0.0, 0.0, 0.0, 0.0, 0.0, 0.0078125, 0.0]",[18],1.3061472969177996,1.264832004655164
27,1436.40625,"[0.03125, 0.125, 0.25, 0.046875, 0.125, 0.0, 0.0, 0.0, 0.1875, 0.25, 0.03125, 0.078125, 0.15625, 0.03125, 0.0, 0.0, 0.0, 0.0, 0.0, 0.015625, 0.0]","[0.015625, 0.0625, 0.15625, 0.046875, 0.0625, 0.0, 0.0, 0.0, 0.125, 0.125, 0.03125, 0.0390625, 0.078125, 0.03125, 0.0, 0.0, 0.0, 0.0, 0.0, 0.0078125, 0.0]",[18],1.3061472969177996,1.264832004655164
28,1475.46875,"[0.03125, 0.125, 0.25, 0.046875, 0.125, 0.0, 0.0, 0.125, 0.1875, 0.25, 0.03125, 0.078125, 0.15625, 0.03125, 0.0, 0.0, 0.0, 0.0, 0.0, 0.015625, 0.0]","[0.015625, 0.0625, 0.15625, 0.046875, 0.0625, 0.0, 0.0, 0.0625, 0.125, 0.125, 0.03125, 0.0390625, 0.078125, 0.03125, 0.0, 0.0, 0.0, 0.0, 0.0, 0.0078125, 0.0]",[19],1.189910177123434,1.1593687085949558
29,1634.84375,"[0.03125, 0.125, 0.25, 0.046875, 0.125, 0.0, 0.0, 0.125, 0.1875, 0.25, 0.03125, 0.078125, 0.15625, 0.03125, 0.0, 0.0, 0.0, 0.0, 0.0, 0.015625, 0.0]","[0.015625, 0.0625, 0.15625, 0.046875, 0.0625, 0.0, 0.0, 0.0625, 0.125, 0.125, 0.03125, 0.0390625, 0.078125, 0.03125, 0.0, 0.0, 0.0, 0.0, 0.0, 0.0078125, 0.0]",[19],1.189910177123434,1.1593687085949558
30,1514.84375,"[0.03125, 0.125, 0.25, 0.046875, 0.125, 0.0, 0.0, 0.125, 0.25, 0.25, 0.03125, 0.078125, 0.15625, 0.03125, 0.0, 0.0, 0.0, 0.0, 0.0, 0.015625, 0.0]","[0.015625, 0.0625, 0.15625, 0.046875, 0.0625, 0.0, 0.0, 0.0625, 0.1875, 0.125, 0.03125, 0.0390625, 0.078125, 0.03125, 0.0, 0.0, 0.0, 0.0, 0.0, 0.0078125, 0.0]",[20],1.2127322556360633,1.2374819087304656
31,1534.765625,"[0.03125, 0.125, 0.25, 0.046875, 0.125, 0.0, 0.0, 0.125, 0.25, 0.25, 0.03125, 0.078125, 0.15625, 0.03125, 0.0, 0.0, 0.0, 0.0, 0.0, 0.015625, 0.0]","[0.015625, 0.0625, 0.15625, 0.046875, 0.0625, 0.0, 0.0, 0.0625, 0.1875, 0.125, 0.03125, 0.0390625, 0.078125, 0.03125, 0.0, 0.0, 0.0, 0.0, 0.0, 0.0078125, 0.0]",[20],1.2127322556360633,1.2374819087304656
32,1554.53125,"[0.03125, 0.125, 0.25, 0.046875, 0.125, 0.0, 0.0, 0.125, 0.25, 0.25, 0.03125, 0.078125, 0.15625, 0.03125, 0.0, 0.0, 0.0, 0.0, 0.0, 0.015625, 0.0]","[0.015625, 0.0625, 0.15625, 0.046875, 0.0625, 0.0, 0.0, 0.0625, 0.1875, 0.125, 0.03125, 0.0390625, 0.078125, 0.03125, 0.0, 0.0, 0.0, 0.0, 0.0, 0.0078125, 0.0]",[20],1.2127322556360633,1.2374819087304656
33,1593.59375,"[0.03125, 0.25, 0.25, 0.046875, 0.125, 0.0, 0.0, 0.125, 0.25, 0.25, 0.03125, 0.078125, 0.15625, 0.03125, 0.0, 0.0, 0.0, 0.0, 0.0, 0.015625, 0.0]","[0.015625, 0.125, 0.15625, 0.046875, 0.0625, 0.0, 0.0, 0.0625, 0.1875, 0.125, 0.03125, 0.0390625, 0.078125, 0.03125, 0.0, 0.0, 0.0, 0.0, 0.0, 0.0078125, 0.0]",[21],1.2142016777643303,1.215523508017506
34,1751.09375,"[0.03125, 0.25, 0.25, 0.046875, 0.125, 0.0, 0.0, 0.125, 0.25, 0.25, 0.03125, 0.078125, 0.15625, 0.03125, 0.0, 0.0, 0.25, 0.0, 0.0, 0.015625, 0.0]","[0.015625, 0.125, 0.15625, 0.046875, 0.0625, 0.0, 0.0, 0.0625, 0.1875, 0.125, 0.03125, 0.0390625, 0.078125, 0.03125, 0.0, 0.0, 0.125, 0.0, 0.0, 0.0078125, 0.0]",[22],1.1092251522998557,1.1035656495456638
35,1790.9375,"[0.03125, 0.125, 0.25, 0.046875, 0.125, 0.0, 0.0, 0.125, 0.25, 0.25, 0.03125, 0.078125, 0.15625, 0.03125, 0.0, 0.0, 0.25, 0.0, 0.0, 0.015625, 0.0]","[0.015625, 0.0625, 0.15625, 0.046875, 0.0625, 0.0, 0.0, 0.0625, 0.1875, 0.125, 0.03125, 0.0390625, 0.078125, 0.03125, 0.0, 0.0, 0.125, 0.0, 0.0, 0.0078125, 0.0]",[20],1.1142713995346087,1.1240239108071126
36,1692.03125,"[0.03125, 0.125, 0.25, 0.046875, 0.125, 0.0, 0.0, 0.125, 0.25, 0.25, 0.03125, 0.078125, 0.15625, 0.03125, 0.0, 0.0, 0.25, 0.0, 0.0, 0.015625, 0.0]","[0.015625, 0.0625, 0.15625, 0.046875, 0.0625, 0.0, 0.0, 0.0625, 0.1875, 0.125, 0.03125, 0.0390625, 0.078125, 0.03125, 0.0, 0.0, 0.125, 0.0, 0.0, 0.0078125, 0.0]",[20],1.1142713995346087,1.1240239108071126
37,1712.03125,"[0.03125, 0.125, 0.25, 0.046875, 0.125, 0.0, 0.0, 0.125, 0.25, 0.25, 0.03125, 0.078125, 0.15625, 0.03125, 0.0, 0.0, 0.25, 0.0, 0.0, 0.015625, 0.0]","[0.015625, 0.0625, 0.15625, 0.046875, 0.0625, 0.0, 0.0, 0.0625, 0.1875, 0.125, 0.03125, 0.0390625, 0.078125, 0.03125, 0.0, 0.0, 0.125, 0.0, 0.0, 0.0078125, 0.0]",[20],1.1142713995346087,1.1240239108071126
38,1751.09375,"[0.03125, 0.125, 0.25, 0.046875, 0.125, 0.0, 0.0, 0.125, 0.25, 0.25, 0.03125, 0.078125, 0.15625, 0.03125, 0.0, 0.0, 0.25, 0.0, 0.0, 0.015625, 0.0]","[0.015625, 0.0625, 0.15625, 0.046875, 0.0625, 0.0, 0.0, 0.0625, 0.1875, 0.125, 0.03125, 0.0390625, 0.078125, 0.03125, 0.0, 0.0, 0.125, 0.0, 0.0, 0.0078125, 0.0]",[20],1.1142713995346087,1.1240239108071126
39,1831.09375,"[0.03125, 0.125, 0.25, 0.046875, 0.125, 0.0, 0.0, 0.125, 0.25, 0.25, 0.03125, 0.078125, 0.15625, 0.03125, 0.0, 0.0, 0.25, 0.0, 0.0, 0.015625, 0.0]","[0.015625, 0.0625, 0.15625, 0.046875, 0.0625, 0.0, 0.0, 0.0625, 0.1875, 0.125, 0.03125, 0.0390625, 0.078125, 0.03125, 0.0, 0.0, 0.125, 0.0, 0.0, 0.0078125, 0.0]",[20],1.1142713995346087,1.1240239108071126
40,1711.71875,"[0.03125, 0.125, 0.25, 0.046875, 0.125, 0.0, 0.0, 0.125, 0.25, 0.25, 0.03125, 0.078125, 0.15625, 0.03125, 0.0, 0.0625, 0.25, 0.0, 0.0, 0.015625, 0.0]","[0.015625, 0.0625, 0.15625, 0.046875, 0.0625, 0.0, 0.0, 0.0625, 0.1875, 0.125, 0.03125, 0.0390625, 0.078125, 0.03125, 0.0, 0.0625, 0.125, 0.0, 0.0, 0.0078125, 0.0]",[22],1.0561695850654238,1.039574088612392
41,1731.5625,"[0.03125, 0.125, 0.25, 0.046875, 0.125, 0.0, 0.0, 0.125, 0.25, 0.25, 0.03125, 0.078125, 0.15625, 0.03125, 0.0, 0.0625, 0.25, 0.0, 0.0, 0.015625, 0.0]","[0.015625, 0.0625, 0.15625, 0.046875, 0.0625, 0.0, 0.0, 0.0625, 0.1875, 0.125, 0.03125, 0.0390625, 0.078125, 0.03125, 0.0, 0.0625, 0.125, 0.0, 0.0, 0.0078125, 0.0]",[22],1.0561695850654238,1.039574088612392
42,1751.5625,"[0.03125, 0.125, 0.25, 0.046875, 0.125, 0.0, 0.0, 0.125, 0.25, 0.25, 0.03125, 0.078125, 0.15625, 0.03125, 0.0, 0.0625, 0.25, 0.0, 0.0, 0.015625, 0.0]","[0.015625, 0.0625, 0.15625, 0.046875, 0.0625, 0.0, 0.0, 0.0625, 0.1875, 0.125, 0.03125, 0.0390625, 0.078125, 0.03125, 0.0, 0.0625, 0.125, 0.0, 0.0, 0.0078125, 0.0]",[22],1.0561695850654238,1.039574088612392
43,1790.46875,"[0.03125, 0.125, 0.25, 0.046875, 0.125, 0.0, 0.0, 0.125, 0.25, 0.25, 0.03125, 0.078125, 0.15625, 0.03125, 0.0, 0.0625, 0.25, 0.0, 0.0, 0.015625, 0.0]","[0.015625, 0.0625, 0.15625, 0.046875, 0.0625, 0.0, 0.0, 0.0625, 0.1875, 0.125, 0.03125, 0.0390625, 0.078125, 0.03125, 0.0, 0.0625, 0.125, 0.0, 0.0, 0.0078125, 0.0]",[22],1.0561695850654238,1.039574088612392
44,1870.46875,"[0.03125, 0.125, 0.25, 0.046875, 0.125, 0.125, 0.0, 0.125, 0.25, 0.25, 0.03125, 0.078125, 0.15625, 0.03125, 0.0, 0.0625, 0.25, 0.0, 0.0, 0.015625, 0.0]","[0.015625, 0.0625, 0.15625, 0.046875, 0.0625, 0.0625, 0.0, 0.0625, 0.1875, 0.125, 0.03125, 0.0390625, 0.078125, 0.03125, 0.0, 0.0625, 0.125, 0.0, 0.0, 0.0078125, 0.0]",[23],0.9692223687059641,0.9608383696203524
45,1909.84375,"[0.03125, 0.1875, 0.25, 0.046875, 0.125, 0.125, 0.0, 0.125, 0.25, 0.25, 0.03125, 0.078125, 0.15625, 0.03125, 0.0, 0.0625, 0.25, 0.0, 0.0, 0.015625, 0.0]","[0.015625, 0.125, 0.15625, 0.046875, 0.0625, 0.0625, 0.0, 0.0625, 0.1875, 0.125, 0.03125, 0.0390625, 0.078125, 0.03125, 0.0, 0.0625, 0.125, 0.0, 0.0, 0.0078125, 0.0]",[24],0.9601769562285898,0.9469404693355773
46,1929.765625,"[0.03125, 0.1875, 0.25, 0.046875, 0.125, 0.125, 0.0, 0.125, 0.25, 0.25, 0.03125, 0.078125, 0.15625, 0.03125, 0.0, 0.0625, 0.25, 0.0, 0.0, 0.015625, 0.0]","[0.015625, 0.125, 0.15625, 0.046875, 0.0625, 0.0625, 0.0, 0.0625, 0.1875, 0.125, 0.03125, 0.0390625, 0.078125, 0.03125, 0.0, 0.0625, 0.125, 0.0, 0.0, 0.0078125, 0.0]",[24],0.9601769562285898,0.9469404693355773
47,1949.53125,"[0.03125, 0.1875, 0.25, 0.046875, 0.125, 0.125, 0.0, 0.125, 0.25, 0.25, 0.03125, 0.078125, 0.15625, 0.03125, 0.0, 0.0625, 0.25, 0.0, 0.0, 0.015625, 0.0]","[0.015625, 0.125, 0.15625, 0.046875, 0.0625, 0.0625, 0.0, 0.0625, 0.1875, 0.125, 0.03125, 0.0390625, 0.078125, 0.03125, 0.0, 0.0625, 0.125, 0.0, 0.0, 0.0078125, 0.0]",[24],0.9601769562285898,0.9469404693355773
48,1988.59375,"[0.03125, 0.1875, 0.25, 0.046875, 0.125, 0.125, 0.0, 0.125, 0.25, 0.25, 0.03125, 0.078125, 0.15625, 0.03125, 0.0, 0.1875, 0.25, 0.0, 0.0, 0.015625, 0.0]","[0.015625, 0.125, 0.15625, 0.046875, 0.0625, 0.0625, 0.0, 0.0625, 0.1875, 0.125, 0.03125, 0.0390625, 0.078125, 0.03125, 0.0, 0.125, 0.125, 0.0, 0.0, 0.0078125, 0.0]",[25],0.9204608204063539,0.9306324408893626
49,2147.34375,"[0.03125, 0.1875, 0.25, 0.046875, 0.125, 0.125, 0.0, 0.125, 0.25, 0.25, 0.03125, 0.078125, 0.15625, 0.03125, 0.0, 0.1875, 0.25, 0.0, 0.0, 0.015625, 0.0]","[0.015625, 0.125, 0.15625, 0.046875, 0.0625, 0.0625, 0.0, 0.0625, 0.1875, 0.125, 0.03125, 0.0390625, 0.078125, 0.03125, 0.0, 0.125, 0.125, 0.0, 0.0, 0.0078125, 0.0]",[25],0.9204608204063539,0.9306324408893626
50,2028.28125,"[0.03125, 0.125, 0.25, 0.046875, 0.125, 0.125, 0.0, 0.125, 0.25, 0.25, 0.03125, 0.078125, 0.1875, 0.03125, 0.0, 0.1875, 0.25, 0.0, 0.0, 0.015625, 0.0]","[0.015625, 0.0625, 0.15625, 0.046875, 0.0625, 0.0625, 0.0, 0.0625, 0.1875, 0.125, 0.03125, 0.0390625, 0.109375, 0.03125, 0.0, 0.125, 0.125, 0.0, 0.0, 0.0078125, 0.0]",[23],0.9278498530442514,0.9390404011542849
51,2008.59375,"[0.03125, 0.125, 0.25, 0.046875, 0.125, 0.125, 0.0, 0.125, 0.25, 0.28125, 0.03125, 0.078125, 0.1875, 0.03125, 0.0, 0.1875, 0.25, 0.0, 0.0, 0.015625, 0.0]","[0.015625, 0.0625, 0.15625, 0.046875, 0.0625, 0.0625, 0.0, 0.0625, 0.1875, 0.140625, 0.03125, 0.0390625, 0.109375, 0.03125, 0.0, 0.125, 0.125, 0.0, 0.0, 0.0078125, 0.0]",[26],0.9397083807231482,0.9434150768966744
52,2048.28125,"[0.03125, 0.125, 0.25, 0.046875, 0.125, 0.125, 0.0, 0.125, 0.25, 0.28125, 0.03125, 0.078125, 0.1875, 0.03125, 0.0, 0.1875, 0.25, 0.0, 0.0, 0.015625, 0.0]","[0.015625, 0.0625, 0.15625, 0.046875, 0.0625, 0.0625, 0.0, 0.0625, 0.1875, 0.140625, 0.03125, 0.0390625, 0.109375, 0.03125, 0.0, 0.125, 0.125, 0.0, 0.0, 0.0078125, 0.0]",[26],0.9397083807231482,0.9434150768966744
53,2087.34375,"[0.03125, 0.125, 0.25, 0.046875, 0.125, 0.125, 0.0, 0.125, 0.25, 0.28125, 0.03125, 0.078125, 0.1875, 0.03125, 0.0, 0.1875, 0.25, 0.0, 0.0, 0.015625, 0.0]","[0.015625, 0.0625, 0.15625, 0.046875, 0.0625, 0.0625, 0.0, 0.0625, 0.1875, 0.140625, 0.03125, 0.0390625, 0.109375, 0.03125, 0.0, 0.125, 0.125, 0.0, 0.0, 0.0078125, 0.0]",[26],0.9397083807231482,0.9434150768966744
54,2166.09375,"[0.03125, 0.125, 0.25, 0.046875, 0.125, 0.125, 0.0, 0.375, 0.25, 0.28125, 0.03125, 0.078125, 0.1875, 0.03125, 0.0, 0.1875, 0.25, 0.0, 0.0, 0.015625, 0.0]","[0.015625, 0.0625, 0.15625, 0.046875, 0.0625, 0.0625, 0.0, 0.1875, 0.1875, 0.140625, 0.03125, 0.0390625, 0.109375, 0.03125, 0.0, 0.125, 0.125, 0.0, 0.0, 0.0078125, 0.0]",[27],0.9844361041544983,0.9512481916306308
55,2205.9375,"[0.03125, 0.125, 0.25, 0.046875, 0.125, 0.125, 0.0, 0.375, 0.25, 0.28125, 0.03125, 0.078125, 0.1875, 0.03125, 0.0, 0.1875, 0.25, 0.0, 0.0, 0.015625, 0.0]","[0.015625, 0.0625, 0.15625, 0.046875, 0.0625, 0.0625, 0.0, 0.1875, 0.1875, 0.140625, 0.03125, 0.0390625, 0.109375, 0.03125, 0.0, 0.125, 0.125, 0.0, 0.0, 0.0078125, 0.0]",[27],0.9844361041544983,0.9512481916306308
56,2185.78125,"[0.03125, 0.125, 0.25, 0.046875, 0.125, 0.125, 0.0, 0.375, 0.28125, 0.28125, 0.03125, 0.078125, 0.1875, 0.03125, 0.0, 0.1875, 0.25, 0.0, 0.0, 0.015625, 0.0]","[0.015625, 0.0625, 0.15625, 0.046875, 0.0625, 0.0625, 0.0, 0.1875, 0.203125, 0.140625, 0.03125, 0.0390625, 0.109375, 0.03125, 0.0, 0.125, 0.125, 0.0, 0.0, 0.0078125, 0.0]",[28],0.9889714435356727,0.9631160846920753
57,2225.15625,"[0.03125, 0.125, 0.25, 0.046875, 0.125, 0.125, 0.0, 0.375, 0.28125, 0.28125, 0.03125, 0.078125, 0.1875, 0.03125, 0.0, 0.1875, 0.25, 0.0, 0.0, 0.015625, 0.0]","[0.015625, 0.0625, 0.15625, 0.046875, 0.0625, 0.0625, 0.0, 0.1875, 0.203125, 0.140625, 0.03125, 0.0390625, 0.109375, 0.03125, 0.0, 0.125, 0.125, 0.0, 0.0, 0.0078125, 0.0]",[28],0.9889714435356727,0.9631160846920753
58,2265.15625,"[0.03125, 0.125, 0.25, 0.046875, 0.125, 0.125, 0.0, 0.375, 0.28125, 0.28125, 0.03125, 0.078125, 0.1875, 0.03125, 0.0, 0.1875, 0.25, 0.0625, 0.0, 0.015625, 0.0]","[0.015625, 0.0625, 0.15625, 0.046875, 0.0625, 0.0625, 0.0, 0.1875, 0.203125, 0.140625, 0.03125, 0.0390625, 0.109375, 0.03125, 0.0, 0.125, 0.125, 0.0625, 0.0, 0.0078125, 0.0]",[29],0.9450300318012596,0.897250717558054
59,2422.65625,"[0.03125, 0.375, 0.25, 0.046875, 0.125, 0.125, 0.0, 0.375, 0.28125, 0.28125, 0.03125, 0.078125, 0.1875, 0.03125, 0.0, 0.1875, 0.25, 0.0625, 0.0, 0.015625, 0.0]","[0.015625, 0.1875, 0.15625, 0.046875, 0.0625, 0.0625, 0.0, 0.1875, 0.203125, 0.140625, 0.03125, 0.0390625, 0.109375, 0.03125, 0.0, 0.125, 0.125, 0.0625, 0.0, 0.0078125, 0.0]",[30],0.9559438118574602,0.889594467177205
60,2462.34375,"[0.03125, 0.375, 0.25, 0.046875, 0.125, 0.125, 0.0, 0.375, 0.28125, 0.28125, 0.03125, 0.109375, 0.1875, 0.03125, 0.0, 0.1875, 0.25, 0.0625, 0.0, 0.015625, 0.0]","[0.015625, 0.1875, 0.15625, 0.046875, 0.0625, 0.0625, 0.0, 0.1875, 0.203125, 0.140625, 0.03125, 0.0703125, 0.109375, 0.03125, 0.0, 0.125, 0.125, 0.0625, 0.0, 0.0078125, 0.0]",[31],0.9417589350749722,0.866212211109123
61,2482.1875,"[0.03125, 0.375, 0.25, 0.046875, 0.125, 0.125, 0.0, 0.375, 0.28125, 0.28125, 0.03125, 0.109375, 0.1875, 0.03125, 0.0, 0.1875, 0.25, 0.0625, 0.0, 0.03125, 0.0]","[0.015625, 0.1875, 0.15625, 0.046875, 0.0625, 0.0625, 0.0, 0.1875, 0.203125, 0.140625, 0.03125, 0.0703125, 0.109375, 0.03125, 0.0, 0.125, 0.125, 0.0625, 0.0, 0.015625, 0.0]",[32],0.9315345384844003,0.8573543210704924
62,2521.875,"[0.03125, 0.375, 0.25, 0.046875, 0.125, 0.125, 0.0, 0.375, 0.28125, 0.28125, 0.03125, 0.109375, 0.1875, 0.03125, 0.0, 0.1875, 0.25, 0.0625, 0.0, 0.03125, 0.0]","[0.015625, 0.1875, 0.15625, 0.046875, 0.0625, 0.0625, 0.0, 0.1875, 0.203125, 0.140625, 0.03125, 0.0703125, 0.109375, 0.03125, 0.0, 0.125, 0.125, 0.0625, 0.0, 0.015625, 0.0]",[32],0.9315345384844003,0.8573543210704924
63,2560.9375,"[0.03125, 0.375, 0.25, 0.046875, 0.125, 0.125, 0.0, 0.375, 0.28125, 0.28125, 0.03125, 0.109375, 0.1875, 0.03125, 0.0, 0.3125, 0.25, 0.0625, 0.0, 0.03125, 0.0]","[0.015625, 0.1875, 0.15625, 0.046875, 0.0625, 0.0625, 0.0, 0.1875, 0.203125, 0.140625, 0.03125, 0.0703125, 0.109375, 0.03125, 0.0, 0.1875, 0.125, 0.0625, 0.0, 0.015625, 0.0]",[33],0.9305580362117335,0.8672904106809007
64,2718.4375,"[0.03125, 0.375, 0.25, 0.046875, 0.125, 0.125, 0.0, 0.375, 0.28125, 0.28125, 0.03125, 0.109375, 0.1875, 0.03125, 0.0, 0.3125, 0.5, 0.0625, 0.0, 0.03125, 0.0]","[0.015625, 0.1875, 0.15625, 0.046875, 0.0625, 0.0625, 0.0, 0.1875, 0.203125, 0.140625, 0.03125, 0.0703125, 0.109375, 0.03125, 0.0, 0.1875, 0.25, 0.0625, 0.0, 0.015625, 0.0]",[34],0.9885879558523004,0.903818233341523
65,2757.8125,"[0.0, 0.375, 0.3125, 0.046875, 0.125, 0.125, 0.0, 0.375, 0.28125, 0.28125, 0.03125, 0.109375, 0.1875, 0.03125, 0.0, 0.3125, 0.5, 0.0625, 0.0, 0.03125, 0.0]","[0.0, 0.1875, 0.21875, 0.046875, 0.0625, 0.0625, 0.0, 0.1875, 0.203125, 0.140625, 0.03125, 0.0703125, 0.109375, 0.03125, 0.0, 0.1875, 0.25, 0.0625, 0.0, 0.015625, 0.0]",[0],1.0046747710662742,0.9308659627605036
66,2757.96875,"[0.0, 0.375, 0.3125, 0.046875, 0.125, 0.125, 0.0, 0.375, 0.28125, 0.28125, 0.03125, 0.109375, 0.1875, 0.03125, 0.0, 0.3125, 0.5, 0.0625, 0.0, 0.03125, 0.0]","[0.0, 0.1875, 0.21875, 0.046875, 0.0625, 0.0625, 0.0, 0.1875, 0.203125, 0.140625, 0.03125, 0.0703125, 0.109375, 0.03125, 0.0, 0.1875, 0.25, 0.0625, 0.0, 0.015625, 0.0]",[0],1.0046747710662742,0.9308659627605036
67,2777.8125,"[0.0, 0.375, 0.3125, 0.046875, 0.125, 0.125, 0.0, 0.375, 0.28125, 0.28125, 0.03125, 0.109375, 0.1875, 0.03125, 0.0, 0.3125, 0.5, 0.09375, 0.0, 0.03125, 0.0]","[0.0, 0.1875, 0.21875, 0.046875, 0.0625, 0.0625, 0.0, 0.1875, 0.203125, 0.140625, 0.03125, 0.0703125, 0.109375, 0.03125, 0.0, 0.1875, 0.25, 0.09375, 0.0, 0.015625, 0.0]",[35],0.990172275356907,0.913246518958367
68,2856.5625,"[0.0, 0.375, 0.4375, 0.046875, 0.125, 0.125, 0.0, 0.375, 0.28125, 0.28125, 0.03125, 0.109375, 0.1875, 0.03125, 0.0, 0.3125, 0.5, 0.09375, 0.0, 0.03125, 0.0]","[0.0, 0.1875, 0.28125, 0.046875, 0.0625, 0.0625, 0.0, 0.1875, 0.203125, 0.140625, 0.03125, 0.0703125, 0.109375, 0.03125, 0.0, 0.1875, 0.25, 0.09375, 0.0, 0.015625, 0.0]",[36],1.0055961851848438,0.9432055303239961
69,3015.3125,"[0.0, 0.375, 0.4375, 0.046875, 0.125, 0.125, 0.0, 0.375, 0.28125, 0.28125, 0.15625, 0.109375, 0.1875, 0.03125, 0.0, 0.3125, 0.5, 0.09375, 0.0, 0.03125, 0.0]","[0.0, 0.1875, 0.28125, 0.046875, 0.0625, 0.0625, 0.0, 0.1875, 0.203125, 0.140625, 0.15625, 0.0703125, 0.109375, 0.03125, 0.0, 0.1875, 0.25, 0.09375, 0.0, 0.015625, 0.0]",[37],0.9538281640552051,0.8849102277526507
70,3054.6875,"[0.0, 0.375, 0.4375, 0.046875, 0.125, 0.125, 0.0, 0.375, 0.28125, 0.28125, 0.15625, 0.109375, 0.1875, 0.03125, 0.0, 0.3125, 0.5, 0.09375, 0.0, 0.03125, 0.0]","[0.0, 0.1875, 0.28125, 0.046875, 0.0625, 0.0625, 0.0, 0.1875, 0.203125, 0.140625, 0.15625, 0.0703125, 0.109375, 0.03125, 0.0, 0.1875, 0.25, 0.09375, 0.0, 0.015625, 0.0]",[34],0.9538281640552051,0.8849102277526507
71,3035.0,"[0.0, 0.375, 0.4375, 0.046875, 0.125, 0.125, 0.0, 0.375, 0.28125, 0.28125, 0.15625, 0.109375, 0.1875, 0.03125, 0.0, 0.3125, 0.53125, 0.09375, 0.0, 0.03125, 0.0]","[0.0, 0.1875, 0.28125, 0.046875, 0.0625, 0.0625, 0.0, 0.1875, 0.203125, 0.140625, 0.15625, 0.0703125, 0.109375, 0.03125, 0.0, 0.1875, 0.265625, 0.09375, 0.0, 0.015625, 0.0]",[38],0.9649262092438542,0.8916045145136542
72,3074.375,"[0.0, 0.375, 0.4375, 0.046875, 0.125, 0.125, 0.0, 0.375, 0.28125, 0.28125, 0.15625, 0.109375, 0.1875, 0.03125, 0.0, 0.3125, 0.53125, 0.09375, 0.0, 0.03125, 0.0]","[0.0, 0.1875, 0.28125, 0.046875, 0.0625, 0.0625, 0.0, 0.1875, 0.203125, 0.140625, 0.15625, 0.0703125, 0.109375, 0.03125, 0.0, 0.1875, 0.265625, 0.09375, 0.0, 0.015625, 0.0]",[38],0.9649262092438542,0.8916045145136542
73,3114.6875,"[0.0, 0.375, 0.4375, 0.046875, 0.125, 0.125, 0.0, 0.375, 0.28125, 0.28125, 0.15625, 0.109375, 0.1875, 0.0625, 0.0, 0.3125, 0.53125, 0.09375, 0.0, 0.03125, 0.0]","[0.0, 0.1875, 0.28125, 0.046875, 0.0625, 0.0625, 0.0, 0.1875, 0.203125, 0.140625, 0.15625, 0.0703125, 0.109375, 0.0625, 0.0, 0.1875, 0.265625, 0.09375, 0.0, 0.015625, 0.0]",[39],0.9497311159353311,0.8696374943929148
74,3272.1875,"[0.0, 0.375, 0.4375, 0.046875, 0.125, 0.125, 0.0, 0.375, 0.28125, 0.28125, 0.15625, 0.109375, 0.1875, 0.0625, 0.0, 0.3125, 0.53125, 0.09375, 0.0, 0.03125, 0.0]","[0.0, 0.1875, 0.28125, 0.046875, 0.0625, 0.0625, 0.0, 0.1875, 0.203125, 0.140625, 0.15625, 0.0703125, 0.109375, 0.0625, 0.0, 0.1875, 0.265625, 0.09375, 0.0, 0.015625, 0.0]",[39],0.9497311159353311,0.8696374943929148
75,3154.375,"[0.0, 0.375, 0.4375, 0.046875, 0.125, 0.125, 0.0, 0.375, 0.28125, 0.28125, 0.15625, 0.109375, 0.21875, 0.0625, 0.0, 0.3125, 0.53125, 0.09375, 0.0, 0.03125, 0.0]","[0.0, 0.1875, 0.28125, 0.046875, 0.0625, 0.0625, 0.0, 0.1875, 0.203125, 0.140625, 0.15625, 0.0703125, 0.140625, 0.0625, 0.0, 0.1875, 0.265625, 0.09375, 0.0, 0.015625, 0.0]",[40],0.9432782073951617,0.860781856951844
76,3174.21875,"[0.0, 0.375, 0.4375, 0.046875, 0.140625, 0.125, 0.0, 0.375, 0.28125, 0.28125, 0.15625, 0.109375, 0.21875, 0.0625, 0.0, 0.3125, 0.53125, 0.09375, 0.0, 0.03125, 0.0]","[0.0, 0.1875, 0.28125, 0.046875, 0.0703125, 0.0625, 0.0, 0.1875, 0.203125, 0.140625, 0.15625, 0.0703125, 0.140625, 0.0625, 0.0, 0.1875, 0.265625, 0.09375, 0.0, 0.015625, 0.0]",[41],0.9381433199518275,0.8561906743749316
77,3213.59375,"[0.0, 0.375, 0.4375, 0.046875, 0.140625, 0.125, 0.0, 0.375, 0.28125, 0.28125, 0.15625, 0.109375, 0.21875, 0.0625, 0.0, 0.3125, 0.53125, 0.09375, 0.0, 0.03125, 0.0]","[0.0, 0.1875, 0.28125, 0.046875, 0.0703125, 0.0625, 0.0, 0.1875, 0.203125, 0.140625, 0.15625, 0.0703125, 0.140625, 0.0625, 0.0, 0.1875, 0.265625, 0.09375, 0.0, 0.015625, 0.0]",[41],0.9381433199518275,0.8561906743749316
78,3253.59375,"[0.0, 0.375, 0.4375, 0.046875, 0.140625, 0.125, 0.0, 0.375, 0.28125, 0.28125, 0.15625, 0.109375, 0.21875, 0.0625, 0.0, 0.3125, 0.53125, 0.09375, 0.0625, 0.03125, 0.0]","[0.0, 0.1875, 0.28125, 0.046875, 0.0703125, 0.0625, 0.0, 0.1875, 0.203125, 0.140625, 0.15625, 0.0703125, 0.140625, 0.0625, 0.0, 0.1875, 0.265625, 0.09375, 0.03125, 0.015625, 0.0]",[42],0.9068091643870452,0.8297417699856448
79,3412.34375,"[0.0, 0.375, 0.4375, 0.046875, 0.140625, 0.125, 0.0, 0.375, 0.28125, 0.28125, 0.15625, 0.109375, 0.21875, 0.0625, 0.0, 0.3125, 0.53125, 0.09375, 0.0625, 0.03125, 0.0]","[0.0, 0.1875, 0.28125, 0.046875, 0.0703125, 0.0625, 0.0, 0.1875, 0.203125, 0.140625, 0.15625, 0.0703125, 0.140625, 0.0625, 0.0, 0.1875, 0.265625, 0.09375, 0.03125, 0.015625, 0.0]",[42],0.9068091643870452,0.8297417699856448
80,3293.4375,"[0.0, 0.375, 0.4375, 0.046875, 0.140625, 0.125, 0.0, 0.375, 0.28125, 0.28125, 0.15625, 0.109375, 0.21875, 0.0625, 0.0, 0.3125, 0.53125, 0.09375, 0.0625, 0.03125, 0.015625]","[0.0, 0.1875, 0.28125, 0.046875, 0.0703125, 0.0625, 0.0, 0.1875, 0.203125, 0.140625, 0.15625, 0.0703125, 0.140625, 0.0625, 0.0, 0.1875, 0.265625, 0.09375, 0.03125, 0.015625, 0.03125]",[43],0.898412167398148,0.8035418441685815
81,3313.359375,"[0.0, 0.375, 0.4375, 0.046875, 0.140625, 0.125, 0.0, 0.375, 0.28125, 0.28125, 0.15625, 0.109375, 0.21875, 0.0625, 0.0, 0.3125, 0.53125, 0.09375, 0.0625, 0.03125, 0.015625]","[0.0, 0.1875, 0.28125, 0.046875, 0.0703125, 0.0625, 0.0, 0.1875, 0.203125, 0.140625, 0.15625, 0.0703125, 0.140625, 0.0625, 0.0, 0.1875, 0.265625, 0.09375, 0.03125, 0.015625, 0.03125]",[43],0.898412167398148,0.8035418441685815
82,3333.28125,"[0.0, 0.375, 0.4375, 0.046875, 0.140625, 0.125, 0.0, 0.375, 0.28125, 0.28125, 0.15625, 0.109375, 0.21875, 0.0625, 0.0, 0.3125, 0.53125, 0.09375, 0.0625, 0.03125, 0.03125]","[0.0, 0.1875, 0.28125, 0.046875, 0.0703125, 0.0625, 0.0, 0.1875, 0.203125, 0.140625, 0.15625, 0.0703125, 0.140625, 0.0625, 0.0, 0.1875, 0.265625, 0.09375, 0.03125, 0.015625, 0.046875]",[44],0.8904706513899668,0.7924429673367551
83,3412.96875,"[0.0, 0.375, 0.4375, 0.046875, 0.140625, 0.125, 0.0, 0.375, 0.28125, 0.28125, 0.15625, 0.109375, 0.21875, 0.0625, 0.0, 0.3125, 0.53125, 0.09375, 0.0625, 0.03125, 0.03125]","[0.0, 0.1875, 0.28125, 0.046875, 0.0703125, 0.0625, 0.0, 0.1875, 0.203125, 0.140625, 0.15625, 0.0703125, 0.140625, 0.0625, 0.0, 0.1875, 0.265625, 0.09375, 0.03125, 0.015625, 0.046875]",[44],0.8904706513899668,0.7924429673367551
84,3492.03125,"[0.0, 0.375, 0.4375, 0.046875, 0.140625, 0.125, 0.0, 0.375, 0.28125, 0.28125, 0.15625, 0.109375, 0.21875, 0.0625, 0.0, 0.3125, 0.53125, 0.09375, 0.0625, 0.03125, 0.03125]","[0.0, 0.1875, 0.28125, 0.046875, 0.0703125, 0.0625, 0.0, 0.1875, 0.203125, 0.140625, 0.15625, 0.0703125, 0.140625, 0.0625, 0.0, 0.1875, 0.265625, 0.09375, 0.03125, 0.015625, 0.046875]",[44],0.8904706513899668,0.7924429673367551
85,3372.96875,"[0.0, 0.375, 0.4375, 0.046875, 0.140625, 0.125, 0.0, 0.375, 0.28125, 0.28125, 0.1875, 0.109375, 0.21875, 0.0625, 0.0, 0.3125, 0.53125, 0.09375, 0.0625, 0.03125, 0.03125]","[0.0, 0.1875, 0.28125, 0.046875, 0.0703125, 0.0625, 0.0, 0.1875, 0.203125, 0.140625, 0.21875, 0.0703125, 0.140625, 0.0625, 0.0, 0.1875, 0.265625, 0.09375, 0.03125, 0.015625, 0.046875]",[45],0.8827544739039601,0.7957354147300855
86,3392.65625,"[0.0, 0.375, 0.4375, 0.046875, 0.140625, 0.125, 0.0, 0.375, 0.21875, 0.28125, 0.1875, 0.109375, 0.21875, 0.0625, 0.0, 0.3125, 0.53125, 0.09375, 0.0625, 0.03125, 0.03125]","[0.0, 0.1875, 0.28125, 0.046875, 0.0703125, 0.0625, 0.0, 0.1875, 0.140625, 0.140625, 0.21875, 0.0703125, 0.140625, 0.0625, 0.0, 0.1875, 0.265625, 0.09375, 0.03125, 0.015625, 0.046875]",[19],0.8895826916100076,0.7975385309396239
87,3372.96875,"[0.0, 0.375, 0.4375, 0.046875, 0.140625, 0.125, 0.0, 0.375, 0.21875, 0.28125, 0.1875, 0.109375, 0.21875, 0.0625, 0.0, 0.1875, 0.59375, 0.09375, 0.0625, 0.03125, 0.03125]","[0.0, 0.1875, 0.28125, 0.046875, 0.0703125, 0.0625, 0.0, 0.1875, 0.140625, 0.140625, 0.21875, 0.0703125, 0.140625, 0.0625, 0.0, 0.125, 0.296875, 0.09375, 0.03125, 0.015625, 0.046875]",[32],0.9312886168231694,0.8210645496207469
88,3372.96875,"[0.0, 0.375, 0.4375, 0.046875, 0.140625, 0.125, 0.0, 0.375, 0.21875, 0.28125, 0.1875, 0.109375, 0.21875, 0.0625, 0.0, 0.1875, 0.59375, 0.09375, 0.0625, 0.03125, 0.03125]","[0.0, 0.1875, 0.28125, 0.046875, 0.0703125, 0.0625, 0.0, 0.1875, 0.140625, 0.140625, 0.21875, 0.0703125, 0.140625, 0.0625, 0.0, 0.125, 0.296875, 0.09375, 0.03125, 0.015625, 0.046875]",[32],0.9312886168231694,0.8210645496207469
89,3452.96875,"[0.0, 0.375, 0.4375, 0.046875, 0.140625, 0.125, 0.0, 0.375, 0.21875, 0.28125, 0.1875, 0.234375, 0.21875, 0.0625, 0.0, 0.1875, 0.59375, 0.09375, 0.0625, 0.03125, 0.03125]","[0.0, 0.1875, 0.28125, 0.046875, 0.0703125, 0.0625, 0.0, 0.1875, 0.140625, 0.140625, 0.21875, 0.1328125, 0.140625, 0.0625, 0.0, 0.125, 0.296875, 0.09375, 0.03125, 0.015625, 0.046875]",[45],0.8995361014906261,0.7968052884284089
90,3492.34375,"[0.0, 0.375, 0.4375, 0.046875, 0.140625, 0.125, 0.0, 0.375, 0.21875, 0.28125, 0.1875, 0.234375, 0.21875, 0.0625, 0.0, 0.1875, 0.59375, 0.09375, 0.0625, 0.03125, 0.03125]","[0.0, 0.1875, 0.28125, 0.046875, 0.0703125, 0.0625, 0.0, 0.1875, 0.140625, 0.140625, 0.21875, 0.1328125, 0.140625, 0.0625, 0.0, 0.125, 0.296875, 0.09375, 0.03125, 0.015625, 0.046875]",[45],0.8995361014906261,0.7968052884284089
91,3472.65625,"[0.0, 0.375, 0.4375, 0.046875, 0.140625, 0.125, 0.0, 0.375, 0.21875, 0.28125, 0.1875, 0.234375, 0.21875, 0.0625, 0.0, 0.1875, 0.59375, 0.09375, 0.0625, 0.03125, 0.03125]","[0.0, 0.1875, 0.28125, 0.046875, 0.0703125, 0.0625, 0.0, 0.1875, 0.140625, 0.140625, 0.21875, 0.1328125, 0.140625, 0.0625, 0.0, 0.125, 0.296875, 0.09375, 0.03125, 0.015625, 0.046875]",[45],0.8995361014906261,0.7968052884284089
92,3492.34375,"[0.0, 0.375, 0.5, 0.046875, 0.140625, 0.125, 0.0, 0.375, 0.21875, 0.28125, 0.1875, 0.234375, 0.21875, 0.0625, 0.0, 0.1875, 0.59375, 0.09375, 0.0625, 0.03125, 0.03125]","[0.0, 0.1875, 0.3125, 0.046875, 0.0703125, 0.0625, 0.0, 0.1875, 0.140625, 0.140625, 0.21875, 0.1328125, 0.140625, 0.0625, 0.0, 0.125, 0.296875, 0.09375, 0.03125, 0.015625, 0.046875]",[46],0.9145401418636819,0.8147847434950451
93,3572.03125,"[0.0, 0.375, 0.5, 0.046875, 0.140625, 0.125, 0.03125, 0.375, 0.21875, 0.28125, 0.1875, 0.234375, 0.21875, 0.0625, 0.0, 0.1875, 0.59375, 0.09375, 0.0625, 0.03125, 0.03125]","[0.0, 0.1875, 0.3125, 0.046875, 0.0703125, 0.0625, 0.03125, 0.1875, 0.140625, 0.140625, 0.21875, 0.1328125, 0.140625, 0.0625, 0.0, 0.125, 0.296875, 0.09375, 0.03125, 0.015625, 0.046875]",[47],0.8987224699178684,0.7896412687628055
94,3730.78125,"[0.0, 0.375, 0.5, 0.046875, 0.140625, 0.125, 0.03125, 0.375, 0.21875, 0.28125, 0.3125, 0.234375, 0.21875, 0.0625, 0.0, 0.1875, 0.59375, 0.09375, 0.0625, 0.03125, 0.03125]","[0.0, 0.1875, 0.3125, 0.046875, 0.0703125, 0.0625, 0.03125, 0.1875, 0.140625, 0.140625, 0.34375, 0.1328125, 0.140625, 0.0625, 0.0, 0.125, 0.296875, 0.09375, 0.03125, 0.015625, 0.046875]",[48],0.8829713576542574,0.8399738094970122
95,3770.15625,"[0.0, 0.4375, 0.5, 0.046875, 0.140625, 0.125, 0.03125, 0.375, 0.21875, 0.28125, 0.3125, 0.234375, 0.21875, 0.0625, 0.0, 0.1875, 0.59375, 0.09375, 0.0625, 0.03125, 0.03125]","[0.0, 0.25, 0.3125, 0.046875, 0.0703125, 0.0625, 0.03125, 0.1875, 0.140625, 0.140625, 0.34375, 0.1328125, 0.140625, 0.0625, 0.0, 0.125, 0.296875, 0.09375, 0.03125, 0.015625, 0.046875]",[49],0.8896171564898618,0.843795776417466
96,3789.84375,"[0.0, 0.4375, 0.5, 0.046875, 0.140625, 0.125, 0.03125, 0.375, 0.21875, 0.28125, 0.3125, 0.234375, 0.21875, 0.0625, 0.0, 0.1875, 0.59375, 0.09375, 0.0625, 0.03125, 0.03125]","[0.0, 0.25, 0.3125, 0.046875, 0.0703125, 0.0625, 0.03125, 0.1875, 0.140625, 0.140625, 0.34375, 0.1328125, 0.140625, 0.0625, 0.0, 0.125, 0.296875, 0.09375, 0.03125, 0.015625, 0.046875]",[49],0.8896171564898618,0.843795776417466
97,3810.0,"[0.0, 0.4375, 0.5, 0.046875, 0.140625, 0.125, 0.03125, 0.375, 0.21875, 0.28125, 0.3125, 0.234375, 0.21875, 0.0625, 0.0, 0.1875, 0.59375, 0.09375, 0.0625, 0.03125, 0.046875]","[0.0, 0.25, 0.3125, 0.046875, 0.0703125, 0.0625, 0.03125, 0.1875, 0.140625, 0.140625, 0.34375, 0.1328125, 0.140625, 0.0625, 0.0, 0.125, 0.296875, 0.09375, 0.03125, 0.015625, 0.0625]",[50],0.8826396401561625,0.8346151708094288
98,3889.375,"[0.0, 0.4375, 0.5, 0.046875, 0.140625, 0.125, 0.03125, 0.375, 0.21875, 0.28125, 0.3125, 0.296875, 0.21875, 0.0625, 0.0, 0.1875, 0.59375, 0.09375, 0.0625, 0.03125, 0.046875]","[0.0, 0.25, 0.3125, 0.046875, 0.0703125, 0.0625, 0.03125, 0.1875, 0.140625, 0.140625, 0.34375, 0.1640625, 0.140625, 0.0625, 0.0, 0.125, 0.296875, 0.09375, 0.03125, 0.015625, 0.0625]",[51],0.8757752271677418,0.8276555890614665
99,4048.75,"[0.0, 0.4375, 0.5, 0.046875, 0.140625, 0.125, 0.03125, 0.375, 0.21875, 0.28125, 0.3125, 0.296875, 0.21875, 0.0625, 0.0, 0.1875, 0.59375, 0.09375, 0.0625, 0.03125, 0.109375]","[0.0, 0.25, 0.3125, 0.046875, 0.0703125, 0.0625, 0.03125, 0.1875, 0.140625, 0.140625, 0.34375, 0.1640625, 0.140625, 0.0625, 0.0, 0.125, 0.296875, 0.09375, 0.03125, 0.015625, 0.125]",[52],0.8519949042127,0.8009286126893944
100,4088.4375,"[0.0, 0.4375, 0.4375, 0.046875, 0.140625, 0.125, 0.03125, 0.375, 0.21875, 0.28125, 0.3125, 0.296875, 0.21875, 0.0625, 0.0, 0.1875, 0.59375, 0.09375, 0.0625, 0.03125, 0.109375]","[0.0, 0.25, 0.25, 0.046875, 0.0703125, 0.0625, 0.03125, 0.1875, 0.140625, 0.140625, 0.34375, 0.1640625, 0.140625, 0.0625, 0.0, 0.125, 0.296875, 0.09375, 0.03125, 0.015625, 0.125]",[12],0.8395546861318309,0.7816419815541024
101,4029.21875,"[0.0, 0.4375, 0.4375, 0.0625, 0.140625, 0.125, 0.03125, 0.375, 0.21875, 0.28125, 0.3125, 0.296875, 0.21875, 0.0625, 0.0, 0.1875, 0.59375, 0.09375, 0.0625, 0.03125, 0.109375]","[0.0, 0.25, 0.25, 0.0625, 0.0703125, 0.0625, 0.03125, 0.1875, 0.140625, 0.140625, 0.34375, 0.1640625, 0.140625, 0.0625, 0.0, 0.125, 0.296875, 0.09375, 0.03125, 0.015625, 0.125]",[52],0.8330492315294212,0.7726241214822641
102,4068.59375,"[0.0, 0.4375, 0.4375, 0.0625, 0.140625, 0.125, 0.03125, 0.375, 0.21875, 0.28125, 0.3125, 0.296875, 0.21875, 0.0625, 0.0, 0.1875, 0.59375, 0.09375, 0.0625, 0.03125, 0.109375]","[0.0, 0.25, 0.25, 0.0625, 0.0703125, 0.0625, 0.03125, 0.1875, 0.140625, 0.140625, 0.34375, 0.1640625, 0.140625, 0.0625, 0.0, 0.125, 0.296875, 0.09375, 0.03125, 0.015625, 0.125]",[52],0.8330492315294212,0.7726241214822641
103,4108.90625,"[0.0, 0.4375, 0.4375, 0.0625, 0.140625, 0.125, 0.03125, 0.375, 0.15625, 0.28125, 0.3125, 0.296875, 0.21875, 0.09375, 0.0, 0.1875, 0.59375, 0.09375, 0.0625, 0.03125, 0.109375]","[0.0, 0.25, 0.25, 0.0625, 0.0703125, 0.0625, 0.03125, 0.1875, 0.078125, 0.140625, 0.34375, 0.1640625, 0.140625, 0.09375, 0.0, 0.125, 0.296875, 0.09375, 0.03125, 0.015625, 0.125]",[15],0.8345307755622523,0.7797609992445707
104,4228.28125,"[0.0, 0.4375, 0.4375, 0.0625, 0.140625, 0.125, 0.03125, 0.375, 0.15625, 0.28125, 0.3125, 0.296875, 0.21875, 0.09375, 0.0, 0.1875, 0.59375, 0.09375, 0.0625, 0.03125, 0.109375]","[0.0, 0.25, 0.25, 0.0625, 0.0703125, 0.0625, 0.03125, 0.1875, 0.078125, 0.140625, 0.34375, 0.1640625, 0.140625, 0.09375, 0.0, 0.125, 0.296875, 0.09375, 0.03125, 0.015625, 0.125]",[15],0.8345307755622523,0.7797609992445707
105,4109.21875,"[0.0, 0.4375, 0.4375, 0.0625, 0.140625, 0.125, 0.03125, 0.375, 0.15625, 0.28125, 0.3125, 0.296875, 0.21875, 0.09375, 0.0, 0.1875, 0.59375, 0.125, 0.0625, 0.03125, 0.109375]","[0.0, 0.25, 0.25, 0.0625, 0.0703125, 0.0625, 0.03125, 0.1875, 0.078125, 0.140625, 0.34375, 0.1640625, 0.140625, 0.09375, 0.0, 0.125, 0.296875, 0.15625, 0.03125, 0.015625, 0.125]",[53],0.8241200295164295,0.7615675406998509
106,4128.90625,"[0.0, 0.4375, 0.46875, 0.0625, 0.140625, 0.125, 0.03125, 0.375, 0.15625, 0.28125, 0.3125, 0.296875, 0.21875, 0.09375, 0.0, 0.1875, 0.59375, 0.125, 0.0625, 0.03125, 0.109375]","[0.0, 0.25, 0.265625, 0.0625, 0.0703125, 0.0625, 0.03125, 0.1875, 0.078125, 0.140625, 0.34375, 0.1640625, 0.140625, 0.09375, 0.0, 0.125, 0.296875, 0.15625, 0.03125, 0.015625, 0.125]",[54],0.8300302719061793,0.7652491400059801
107,4168.28125,"[0.0, 0.4375, 0.46875, 0.0625, 0.140625, 0.125, 0.03125, 0.375, 0.15625, 0.28125, 0.3125, 0.265625, 0.21875, 0.09375, 0.0, 0.1875, 0.59375, 0.125, 0.0625, 0.03125, 0.109375]","[0.0, 0.25, 0.265625, 0.0625, 0.0703125, 0.0625, 0.03125, 0.1875, 0.078125, 0.140625, 0.34375, 0.1328125, 0.140625, 0.09375, 0.0, 0.125, 0.296875, 0.15625, 0.03125, 0.015625, 0.125]",[30],0.83230879018945,0.7714912986606317
108,4167.96875,"[0.0, 0.4375, 0.46875, 0.0625, 0.140625, 0.125, 0.03125, 0.375, 0.15625, 0.28125, 0.3125, 0.265625, 0.21875, 0.09375, 0.0, 0.1875, 0.59375, 0.125, 0.0625, 0.03125, 0.109375]","[0.0, 0.25, 0.265625, 0.0625, 0.0703125, 0.0625, 0.03125, 0.1875, 0.078125, 0.140625, 0.34375, 0.1328125, 0.140625, 0.09375, 0.0, 0.125, 0.296875, 0.15625, 0.03125, 0.015625, 0.125]",[30],0.83230879018945,0.7714912986606317
109,4246.71875,"[0.25, 0.4375, 0.46875, 0.0625, 0.140625, 0.125, 0.03125, 0.375, 0.15625, 0.28125, 0.3125, 0.265625, 0.21875, 0.09375, 0.0, 0.1875, 0.59375, 0.125, 0.0625, 0.03125, 0.109375]","[0.125, 0.25, 0.265625, 0.0625, 0.0703125, 0.0625, 0.03125, 0.1875, 0.078125, 0.140625, 0.34375, 0.1328125, 0.140625, 0.09375, 0.0, 0.125, 0.296875, 0.15625, 0.03125, 0.015625, 0.125]",[54],0.7569011991336159,0.7046782447127402
110,4286.09375,"[0.25, 0.4375, 0.46875, 0.0625, 0.140625, 0.125, 0.03125, 0.375, 0.15625, 0.28125, 0.3125, 0.265625, 0.21875, 0.09375, 0.0, 0.1875, 0.59375, 0.125, 0.0625, 0.03125, 0.109375]","[0.125, 0.25, 0.265625, 0.0625, 0.0703125, 0.0625, 0.03125, 0.1875, 0.078125, 0.140625, 0.34375, 0.1328125, 0.140625, 0.09375, 0.0, 0.125, 0.296875, 0.15625, 0.03125, 0.015625, 0.125]",[54],0.7569011991336159,0.7046782447127402
111,4266.40625,"[0.25, 0.46875, 0.46875, 0.0625, 0.140625, 0.125, 0.03125, 0.375, 0.15625, 0.28125, 0.3125, 0.265625, 0.21875, 0.09375, 0.0, 0.1875, 0.59375, 0.125, 0.0625, 0.03125, 0.109375]","[0.125, 0.265625, 0.265625, 0.0625, 0.0703125, 0.0625, 0.03125, 0.1875, 0.078125, 0.140625, 0.34375, 0.1328125, 0.140625, 0.09375, 0.0, 0.125, 0.296875, 0.15625, 0.03125, 0.015625, 0.125]",[55],0.7627085184509377,0.7085092857950779
112,4306.09375,"[0.25, 0.46875, 0.46875, 0.0625, 0.140625, 0.125, 0.03125, 0.375, 0.15625, 0.28125, 0.3125, 0.265625, 0.1875, 0.09375, 0.0, 0.1875, 0.59375, 0.125, 0.0625, 0.03125, 0.109375]","[0.125, 0.265625, 0.265625, 0.0625, 0.0703125, 0.0625, 0.03125, 0.1875, 0.078125, 0.140625, 0.34375, 0.1328125, 0.125, 0.09375, 0.0, 0.125, 0.296875, 0.15625, 0.03125, 0.015625, 0.125]",[9],0.7683850718264523,0.7124204216211499
113,4306.40625,"[0.25, 0.46875, 0.46875, 0.0625, 0.140625, 0.125, 0.0625, 0.375, 0.15625, 0.28125, 0.3125, 0.265625, 0.1875, 0.09375, 0.0, 0.1875, 0.59375, 0.125, 0.0625, 0.03125, 0.109375]","[0.125, 0.265625, 0.265625, 0.0625, 0.0703125, 0.0625, 0.0625, 0.1875, 0.078125, 0.140625, 0.34375, 0.1328125, 0.125, 0.09375, 0.0, 0.125, 0.296875, 0.15625, 0.03125, 0.015625, 0.125]",[55],0.7556011221832629,0.6940534824652003
114,4465.15625,"[0.25, 0.46875, 0.46875, 0.0625, 0.140625, 0.125, 0.0625, 0.375, 0.15625, 0.28125, 0.3125, 0.265625, 0.1875, 0.09375, 0.0, 0.1875, 0.59375, 0.125, 0.0625, 0.03125, 0.109375]","[0.125, 0.265625, 0.265625, 0.0625, 0.0703125, 0.0625, 0.0625, 0.1875, 0.078125, 0.140625, 0.34375, 0.1328125, 0.125, 0.09375, 0.0, 0.125, 0.296875, 0.15625, 0.03125, 0.015625, 0.125]",[55],0.7556011221832629,0.6940534824652003
115,4345.78125,"[0.25, 0.46875, 0.46875, 0.0625, 0.140625, 0.125, 0.0625, 0.375, 0.15625, 0.28125, 0.3125, 0.265625, 0.1875, 0.09375, 0.0625, 0.1875, 0.59375, 0.125, 0.0625, 0.03125, 0.109375]","[0.125, 0.265625, 0.265625, 0.0625, 0.0703125, 0.0625, 0.0625, 0.1875, 0.078125, 0.140625, 0.34375, 0.1328125, 0.125, 0.09375, 0.0625, 0.125, 0.296875, 0.15625, 0.03125, 0.015625, 0.125]",[56],0.7287209509993019,0.6536054042151724
116,4365.46875,"[0.25, 0.46875, 0.46875, 0.0625, 0.140625, 0.125, 0.0625, 0.375, 0.15625, 0.3125, 0.3125, 0.265625, 0.1875, 0.09375, 0.0625, 0.1875, 0.59375, 0.125, 0.0625, 0.03125, 0.109375]","[0.125, 0.265625, 0.265625, 0.0625, 0.0703125, 0.0625, 0.0625, 0.1875, 0.078125, 0.15625, 0.34375, 0.1328125, 0.125, 0.09375, 0.0625, 0.125, 0.296875, 0.15625, 0.03125, 0.015625, 0.125]",[57],0.7275098245267966,0.650849630032109
117,4404.84375,"[0.25, 0.46875, 0.53125, 0.0625, 0.140625, 0.125, 0.0625, 0.375, 0.15625, 0.3125, 0.3125, 0.265625, 0.1875, 0.09375, 0.0625, 0.1875, 0.59375, 0.125, 0.0625, 0.03125, 0.109375]","[0.125, 0.265625, 0.296875, 0.0625, 0.0703125, 0.0625, 0.0625, 0.1875, 0.078125, 0.15625, 0.34375, 0.1328125, 0.125, 0.09375, 0.0625, 0.125, 0.296875, 0.15625, 0.03125, 0.015625, 0.125]",[58],0.7426963051951031,0.6614266637874512
118,4484.21875,"[0.25, 0.46875, 0.53125, 0.0625, 0.140625, 0.1875, 0.0625, 0.375, 0.15625, 0.3125, 0.3125, 0.265625, 0.1875, 0.09375, 0.0625, 0.1875, 0.59375, 0.125, 0.0625, 0.03125, 0.109375]","[0.125, 0.265625, 0.296875, 0.0625, 0.0703125, 0.09375, 0.0625, 0.1875, 0.078125, 0.15625, 0.34375, 0.1328125, 0.125, 0.09375, 0.0625, 0.125, 0.296875, 0.15625, 0.03125, 0.015625, 0.125]",[59],0.7273869516448243,0.6472077757259341
119,4641.71875,"[0.25, 0.46875, 0.53125, 0.0625, 0.140625, 0.1875, 0.0625, 0.375, 0.15625, 0.3125, 0.3125, 0.265625, 0.1875, 0.09375, 0.0625, 0.1875, 0.59375, 0.125, 0.0625, 0.03125, 0.109375]","[0.125, 0.265625, 0.296875, 0.0625, 0.0703125, 0.09375, 0.0625, 0.1875, 0.078125, 0.15625, 0.34375, 0.1328125, 0.125, 0.09375, 0.0625, 0.125, 0.296875, 0.15625, 0.03125, 0.015625, 0.125]",[59],0.7273869516448243,0.6472077757259341
120,4523.90625,"[0.25, 0.46875, 0.53125, 0.0625, 0.140625, 0.1875, 0.0625, 0.375, 0.15625, 0.3125, 0.3125, 0.265625, 0.1875, 0.0625, 0.0625, 0.1875, 0.59375, 0.125, 0.0, 0.03125, 0.109375]","[0.125, 0.265625, 0.296875, 0.0625, 0.0703125, 0.09375, 0.0625, 0.1875, 0.078125, 0.15625, 0.34375, 0.1328125, 0.125, 0.0625, 0.0625, 0.125, 0.296875, 0.15625, 0.0, 0.015625, 0.125]",[2],0.7645364735421205,0.6831661410896774
121,4344.84375,"[0.25, 0.46875, 0.53125, 0.0625, 0.140625, 0.1875, 0.0625, 0.375, 0.15625, 0.3125, 0.3125, 0.265625, 0.1875, 0.0625, 0.0625, 0.1875, 0.59375, 0.125, 0.0, 0.03125, 0.109375]","[0.125, 0.265625, 0.296875, 0.0625, 0.0703125, 0.09375, 0.0625, 0.1875, 0.078125, 0.15625, 0.34375, 0.1328125, 0.125, 0.0625, 0.0625, 0.125, 0.296875, 0.15625, 0.0, 0.015625, 0.125]",[2],0.7645364735421205,0.6831661410896774
122,4365.0,"[0.25, 0.46875, 0.53125, 0.0625, 0.140625, 0.1875, 0.078125, 0.375, 0.15625, 0.3125, 0.3125, 0.265625, 0.1875, 0.0625, 0.0625, 0.1875, 0.59375, 0.125, 0.0, 0.03125, 0.09375]","[0.125, 0.265625, 0.296875, 0.0625, 0.0703125, 0.09375, 0.078125, 0.1875, 0.078125, 0.15625, 0.34375, 0.1328125, 0.125, 0.0625, 0.0625, 0.125, 0.296875, 0.15625, 0.0, 0.015625, 0.109375]",[41],0.7638692415835604,0.68037643103806
123,4403.90625,"[0.375, 0.46875, 0.53125, 0.0625, 0.140625, 0.1875, 0.078125, 0.375, 0.15625, 0.3125, 0.3125, 0.203125, 0.1875, 0.0625, 0.0625, 0.1875, 0.59375, 0.125, 0.0, 0.03125, 0.09375]","[0.1875, 0.265625, 0.296875, 0.0625, 0.0703125, 0.09375, 0.078125, 0.1875, 0.078125, 0.15625, 0.34375, 0.1015625, 0.125, 0.0625, 0.0625, 0.125, 0.296875, 0.15625, 0.0, 0.015625, 0.109375]",[49],0.7680239394717185,0.6799236689895226
124,4483.28125,"[0.375, 0.46875, 0.53125, 0.0625, 0.140625, 0.1875, 0.078125, 0.375, 0.15625, 0.3125, 0.3125, 0.203125, 0.1875, 0.0625, 0.0625, 0.1875, 0.59375, 0.125, 0.0, 0.03125, 0.09375]","[0.1875, 0.265625, 0.296875, 0.0625, 0.0703125, 0.09375, 0.078125, 0.1875, 0.078125, 0.15625, 0.34375, 0.1015625, 0.125, 0.0625, 0.0625, 0.125, 0.296875, 0.15625, 0.0, 0.015625, 0.109375]",[49],0.7680239394717185,0.6799236689895226
125,4364.375,"[0.375, 0.46875, 0.53125, 0.0625, 0.140625, 0.1875, 0.078125, 0.375, 0.15625, 0.3125, 0.3125, 0.203125, 0.1875, 0.0625, 0.0625, 0.1875, 0.59375, 0.125, 0.0, 0.03125, 0.09375]","[0.1875, 0.265625, 0.296875, 0.0625, 0.0703125, 0.09375, 0.078125, 0.1875, 0.078125, 0.15625, 0.34375, 0.1015625, 0.125, 0.0625, 0.0625, 0.125, 0.296875, 0.15625, 0.0, 0.015625, 0.109375]",[49],0.7680239394717185,0.6799236689895226
126,4344.21875,"[0.375, 0.46875, 0.53125, 0.0625, 0.140625, 0.1875, 0.078125, 0.375, 0.15625, 0.3125, 0.3125, 0.203125, 0.1875, 0.0625, 0.0625, 0.125, 0.59375, 0.09375, 0.0, 0.03125, 0.09375]","[0.1875, 0.265625, 0.296875, 0.0625, 0.0703125, 0.09375, 0.078125, 0.1875, 0.078125, 0.15625, 0.34375, 0.1015625, 0.125, 0.0625, 0.0625, 0.0625, 0.296875, 0.09375, 0.0, 0.015625, 0.109375]",[15],0.793463601896537,0.722719679062451
127,4284.84375,"[0.375, 0.46875, 0.53125, 0.0625, 0.140625, 0.1875, 0.046875, 0.4375, 0.15625, 0.3125, 0.3125, 0.203125, 0.1875, 0.0625, 0.0625, 0.125, 0.59375, 0.09375, 0.0, 0.03125, 0.09375]","[0.1875, 0.265625, 0.296875, 0.0625, 0.0703125, 0.09375, 0.046875, 0.21875, 0.078125, 0.15625, 0.34375, 0.1015625, 0.125, 0.0625, 0.0625, 0.0625, 0.296875, 0.09375, 0.0, 0.015625, 0.109375]",[20],0.8098778297315449,0.739411743374197
128,4284.53125,"[0.375, 0.46875, 0.53125, 0.0625, 0.140625, 0.1875, 0.046875, 0.4375, 0.15625, 0.3125, 0.3125, 0.203125, 0.1875, 0.0625, 0.0625, 0.125, 0.59375, 0.09375, 0.0, 0.03125, 0.09375]","[0.1875, 0.265625, 0.296875, 0.0625, 0.0703125, 0.09375, 0.046875, 0.21875, 0.078125, 0.15625, 0.34375, 0.1015625, 0.125, 0.0625, 0.0625, 0.0625, 0.296875, 0.09375, 0.0, 0.015625, 0.109375]",[20],0.8098778297315449,0.739411743374197
129,4362.65625,"[0.375, 0.46875, 0.53125, 0.0625, 0.140625, 0.1875, 0.046875, 0.4375, 0.15625, 0.3125, 0.3125, 0.203125, 0.1875, 0.0625, 0.0625, 0.125, 0.59375, 0.09375, 0.0, 0.03125, 0.09375]","[0.1875, 0.265625, 0.296875, 0.0625, 0.0703125, 0.09375, 0.046875, 0.21875, 0.078125, 0.15625, 0.34375, 0.1015625, 0.125, 0.0625, 0.0625, 0.0625, 0.296875, 0.09375, 0.0, 0.015625, 0.109375]",[20],0.8098778297315449,0.739411743374197
130,4244.84375,"[0.375, 0.46875, 0.53125, 0.0625, 0.125, 0.1875, 0.046875, 0.4375, 0.15625, 0.3125, 0.3125, 0.203125, 0.1875, 0.0625, 0.0625, 0.125, 0.59375, 0.09375, 0.0, 0.015625, 0.09375]","[0.1875, 0.265625, 0.296875, 0.0625, 0.0625, 0.09375, 0.046875, 0.21875, 0.078125, 0.15625, 0.34375, 0.1015625, 0.125, 0.0625, 0.0625, 0.0625, 0.296875, 0.09375, 0.0, 0.0078125, 0.109375]",[4],0.821007646091059,0.7490184052669009
131,4185.390625,"[0.375, 0.46875, 0.53125, 0.0625, 0.125, 0.1875, 0.046875, 0.4375, 0.15625, 0.3125, 0.3125, 0.203125, 0.1875, 0.0703125, 0.0625, 0.125, 0.59375, 0.09375, 0.0, 0.015625, 0.09375]","[0.1875, 0.265625, 0.296875, 0.0625, 0.0625, 0.09375, 0.046875, 0.21875, 0.078125, 0.15625, 0.34375, 0.1015625, 0.125, 0.0703125, 0.0625, 0.0625, 0.296875, 0.09375, 0.0, 0.0078125, 0.109375]",[20],0.8181014965224428,0.7450128831569539
132,4224.765625,"[0.375, 0.46875, 0.53125, 0.0625, 0.125, 0.1875, 0.046875, 0.4375, 0.15625, 0.3125, 0.3125, 0.203125, 0.1875, 0.0703125, 0.0625, 0.125, 0.59375, 0.09375, 0.0, 0.015625, 0.09375]","[0.1875, 0.265625, 0.296875, 0.0625, 0.0625, 0.09375, 0.046875, 0.21875, 0.078125, 0.15625, 0.34375, 0.1015625, 0.125, 0.0703125, 0.0625, 0.0625, 0.296875, 0.09375, 0.0, 0.0078125, 0.109375]",[20],0.8181014965224428,0.7450128831569539
133,4265.078125,"[0.375, 0.46875, 0.53125, 0.0625, 0.125, 0.1875, 0.046875, 0.4375, 0.15625, 0.3125, 0.3125, 0.203125, 0.1875, 0.1015625, 0.0625, 0.125, 0.59375, 0.09375, 0.0, 0.015625, 0.09375]","[0.1875, 0.265625, 0.296875, 0.0625, 0.0625, 0.09375, 0.046875, 0.21875, 0.078125, 0.15625, 0.34375, 0.1015625, 0.125, 0.1015625, 0.0625, 0.0625, 0.296875, 0.09375, 0.0, 0.0078125, 0.109375]",[40],0.8073012756811713,0.7313426902141409
134,4423.828125,"[0.375, 0.46875, 0.53125, 0.0625, 0.125, 0.1875, 0.046875, 0.4375, 0.15625, 0.3125, 0.3125, 0.203125, 0.1875, 0.1015625, 0.0625, 0.125, 0.59375, 0.09375, 0.0, 0.015625, 0.09375]","[0.1875, 0.265625, 0.296875, 0.0625, 0.0625, 0.09375, 0.046875, 0.21875, 0.078125, 0.15625, 0.34375, 0.1015625, 0.125, 0.1015625, 0.0625, 0.0625, 0.296875, 0.09375, 0.0, 0.0078125, 0.109375]",[40],0.8073012756811713,0.7313426902141409
135,4304.453125,"[0.375, 0.46875, 0.53125, 0.0625, 0.125, 0.1875, 0.046875, 0.4375, 0.09375, 0.3125, 0.3125, 0.203125, 0.1875, 0.1015625, 0.0625, 0.125, 0.59375, 0.09375, 0.0, 0.015625, 0.09375]","[0.1875, 0.265625, 0.296875, 0.0625, 0.0625, 0.09375, 0.046875, 0.21875, 0.078125, 0.15625, 0.34375, 0.1015625, 0.125, 0.1015625, 0.0625, 0.0625, 0.296875, 0.09375, 0.0, 0.0078125, 0.109375]",[14],0.8258037255080073,0.7313426902141409
136,4245.390625,"[0.375, 0.46875, 0.53125, 0.0625, 0.125, 0.1875, 0.046875, 0.4375, 0.09375, 0.3125, 0.3125, 0.203125, 0.1875, 0.1015625, 0.0625, 0.125, 0.59375, 0.09375, 0.0, 0.015625, 0.09375]","[0.1875, 0.265625, 0.296875, 0.0625, 0.0625, 0.09375, 0.046875, 0.21875, 0.078125, 0.15625, 0.34375, 0.1015625, 0.125, 0.1015625, 0.0625, 0.0625, 0.296875, 0.09375, 0.0, 0.0078125, 0.109375]",[14],0.8258037255080073,0.7313426902141409
137,4265.078125,"[0.375, 0.46875, 0.53125, 0.0625, 0.125, 0.1875, 0.046875, 0.4375, 0.09375, 0.375, 0.3125, 0.203125, 0.1875, 0.1015625, 0.0625, 0.125, 0.59375, 0.09375, 0.0, 0.015625, 0.09375]","[0.1875, 0.265625, 0.296875, 0.0625, 0.0625, 0.09375, 0.046875, 0.21875, 0.078125, 0.1875, 0.34375, 0.1015625, 0.125, 0.1015625, 0.0625, 0.0625, 0.296875, 0.09375, 0.0, 0.0078125, 0.109375]",[46],0.8247366538502815,0.7276862224235823
138,4343.828125,"[0.5, 0.46875, 0.53125, 0.0625, 0.125, 0.1875, 0.046875, 0.4375, 0.09375, 0.375, 0.3125, 0.203125, 0.1875, 0.1015625, 0.0625, 0.125, 0.59375, 0.09375, 0.0, 0.015625, 0.09375]","[0.25, 0.265625, 0.296875, 0.0625, 0.0625, 0.09375, 0.046875, 0.21875, 0.078125, 0.1875, 0.34375, 0.1015625, 0.125, 0.1015625, 0.0625, 0.0625, 0.296875, 0.09375, 0.0, 0.0078125, 0.109375]",[49],0.8355767855249646,0.7303570616718063
139,4501.328125,"[0.5, 0.46875, 0.53125, 0.0625, 0.125, 0.1875, 0.046875, 0.4375, 0.09375, 0.375, 0.3125, 0.203125, 0.1875, 0.1015625, 0.0625, 0.125, 0.59375, 0.09375, 0.0, 0.015625, 0.09375]","[0.25, 0.265625, 0.296875, 0.0625, 0.0625, 0.09375, 0.046875, 0.21875, 0.078125, 0.1875, 0.34375, 0.1015625, 0.125, 0.1015625, 0.0625, 0.0625, 0.296875, 0.09375, 0.0, 0.0078125, 0.109375]",[49],0.8355767855249646,0.7303570616718063
140,4383.203125,"[0.5625, 0.46875, 0.53125, 0.0625, 0.125, 0.1875, 0.046875, 0.4375, 0.09375, 0.375, 0.3125, 0.203125, 0.1875, 0.1015625, 0.0625, 0.125, 0.59375, 0.09375, 0.0, 0.015625, 0.09375]","[0.3125, 0.265625, 0.296875, 0.0625, 0.0625, 0.09375, 0.046875, 0.21875, 0.078125, 0.1875, 0.34375, 0.1015625, 0.125, 0.1015625, 0.0625, 0.0625, 0.296875, 0.09375, 0.0, 0.0078125, 0.109375]",[50],0.8466460868661753,0.7447881130451354
141,4402.890625,"[0.59375, 0.46875, 0.53125, 0.0625, 0.125, 0.1875, 0.046875, 0.4375, 0.09375, 0.375, 0.3125, 0.203125, 0.1875, 0.1015625, 0.0625, 0.125, 0.59375, 0.09375, 0.0, 0.015625, 0.09375]","[0.328125, 0.265625, 0.296875, 0.0625, 0.0625, 0.09375, 0.046875, 0.21875, 0.078125, 0.1875, 0.34375, 0.1015625, 0.125, 0.1015625, 0.0625, 0.0625, 0.296875, 0.09375, 0.0, 0.0078125, 0.109375]",[59],0.8534042444732961,0.7499926709414946
142,4442.578125,"[0.59375, 0.46875, 0.53125, 0.0625, 0.125, 0.1875, 0.046875, 0.4375, 0.09375, 0.375, 0.1875, 0.203125, 0.1875, 0.1015625, 0.0625, 0.125, 0.59375, 0.09375, 0.0, 0.015625, 0.09375]","[0.328125, 0.265625, 0.296875, 0.0625, 0.0625, 0.09375, 0.046875, 0.21875, 0.078125, 0.1875, 0.21875, 0.1015625, 0.125, 0.1015625, 0.0625, 0.0625, 0.296875, 0.09375, 0.0, 0.0078125, 0.109375]",[36],0.8725776571094335,0.7200191490425198
143,4322.890625,"[0.59375, 0.46875, 0.53125, 0.0625, 0.125, 0.1875, 0.046875, 0.4375, 0.09375, 0.375, 0.1875, 0.203125, 0.1875, 0.1015625, 0.0625, 0.125, 0.59375, 0.09375, 0.0, 0.015625, 0.09375]","[0.328125, 0.265625, 0.296875, 0.0625, 0.0625, 0.09375, 0.046875, 0.21875, 0.078125, 0.1875, 0.21875, 0.1015625, 0.125, 0.1015625, 0.0625, 0.0625, 0.296875, 0.09375, 0.0, 0.0078125, 0.109375]",[36],0.8725776571094335,0.7200191490425198
144,4401.640625,"[0.59375, 0.46875, 0.53125, 0.0625, 0.125, 0.1875, 0.046875, 0.4375, 0.09375, 0.375, 0.1875, 0.203125, 0.1875, 0.1015625, 0.3125, 0.125, 0.59375, 0.09375, 0.0, 0.015625, 0.09375]","[0.328125, 0.265625, 0.296875, 0.0625, 0.0625, 0.09375, 0.046875, 0.21875, 0.078125, 0.1875, 0.21875, 0.1015625, 0.125, 0.1015625, 0.1875, 0.0625, 0.296875, 0.09375, 0.0, 0.0078125, 0.109375]",[59],0.8174155682846468,0.6840519161887785
145,4441.328125,"[0.59375, 0.46875, 0.53125, 0.0625, 0.125, 0.1875, 0.046875, 0.4375, 0.09375, 0.375, 0.1875, 0.203125, 0.1875, 0.1015625, 0.3125, 0.125, 0.59375, 0.09375, 0.0, 0.015625, 0.09375]","[0.328125, 0.265625, 0.296875, 0.0625, 0.0625, 0.09375, 0.046875, 0.21875, 0.078125, 0.1875, 0.21875, 0.1015625, 0.125, 0.1015625, 0.1875, 0.0625, 0.296875, 0.09375, 0.0, 0.0078125, 0.109375]",[59],0.8174155682846468,0.6840519161887785
146,4421.484375,"[0.59375, 0.46875, 0.53125, 0.0625, 0.125, 0.1875, 0.046875, 0.4375, 0.09375, 0.375, 0.1875, 0.203125, 0.1875, 0.1015625, 0.3125, 0.125, 0.59375, 0.09375, 0.0, 0.015625, 0.09375]","[0.328125, 0.265625, 0.296875, 0.0625, 0.0625, 0.09375, 0.046875, 0.21875, 0.078125, 0.1875, 0.21875, 0.1015625, 0.125, 0.1015625, 0.1875, 0.0625, 0.296875, 0.09375, 0.0, 0.0078125, 0.109375]",[59],0.8174155682846468,0.6840519161887785
147,4441.484375,"[0.59375, 0.46875, 0.53125, 0.0625, 0.125, 0.1875, 0.046875, 0.4375, 0.09375, 0.375, 0.1875, 0.203125, 0.1875, 0.1015625, 0.3125, 0.125, 0.59375, 0.09375, 0.0, 0.015625, 0.09375]","[0.328125, 0.265625, 0.296875, 0.0625, 0.0625, 0.09375, 0.046875, 0.21875, 0.078125, 0.1875, 0.21875, 0.1015625, 0.125, 0.1015625, 0.1875, 0.0625, 0.296875, 0.09375, 0.0, 0.0078125, 0.109375]",[59],0.8174155682846468,0.6840519161887785
148,4480.390625,"[0.59375, 0.46875, 0.53125, 0.0625, 0.125, 0.1875, 0.046875, 0.4375, 0.09375, 0.375, 0.1875, 0.203125, 0.1875, 0.1015625, 0.3125, 0.125, 0.59375, 0.09375, 0.0, 0.015625, 0.09375]","[0.328125, 0.265625, 0.296875, 0.0625, 0.0625, 0.09375, 0.046875, 0.21875, 0.078125, 0.1875, 0.21875, 0.1015625, 0.125, 0.1015625, 0.1875, 0.0625, 0.296875, 0.09375, 0.0, 0.0078125, 0.109375]",[59],0.8174155682846468,0.6840519161887785
149,4560.390625,"[0.59375, 0.46875, 0.53125, 0.0625, 0.125, 0.1875, 0.046875, 0.4375, 0.09375, 0.375, 0.1875, 0.203125, 0.1875, 0.0703125, 0.3125, 0.125, 0.59375, 0.09375, 0.0, 0.015625, 0.09375]","[0.328125, 0.265625, 0.296875, 0.0625, 0.0625, 0.09375, 0.046875, 0.21875, 0.078125, 0.1875, 0.21875, 0.1015625, 0.125, 0.0703125, 0.1875, 0.0625, 0.296875, 0.09375, 0.0, 0.0078125, 0.109375]",[20],0.8276790127135376,0.6973499049520818
150,4361.640625,"[0.59375, 0.46875, 0.53125, 0.0625, 0.125, 0.1875, 0.046875, 0.4375, 0.09375, 0.375, 0.1875, 0.203125, 0.1875, 0.0703125, 0.3125, 0.125, 0.59375, 0.09375, 0.0, 0.015625, 0.09375]","[0.328125, 0.265625, 0.296875, 0.0625, 0.0625, 0.09375, 0.046875, 0.21875, 0.078125, 0.1875, 0.21875, 0.1015625, 0.125, 0.0703125, 0.1875, 0.0625, 0.296875, 0.09375, 0.0, 0.0078125, 0.109375]",[20],0.8276790127135376,0.6973499049520818
151,4341.640625,"[0.59375, 0.5, 0.53125, 0.0625, 0.125, 0.1875, 0.046875, 0.4375, 0.09375, 0.375, 0.1875, 0.203125, 0.1875, 0.0703125, 0.3125, 0.125, 0.53125, 0.09375, 0.0, 0.015625, 0.09375]","[0.328125, 0.28125, 0.296875, 0.0625, 0.0625, 0.09375, 0.046875, 0.21875, 0.078125, 0.1875, 0.21875, 0.1015625, 0.125, 0.0703125, 0.1875, 0.0625, 0.265625, 0.09375, 0.0, 0.0078125, 0.109375]",[19],0.818710222914828,0.6926646855274343
152,4341.640625,"[0.59375, 0.5, 0.53125, 0.0625, 0.125, 0.1875, 0.046875, 0.4375, 0.09375, 0.375, 0.1875, 0.203125, 0.1875, 0.0703125, 0.3125, 0.1875, 0.53125, 0.09375, 0.0, 0.015625, 0.09375]","[0.328125, 0.28125, 0.296875, 0.0625, 0.0625, 0.09375, 0.046875, 0.21875, 0.078125, 0.1875, 0.21875, 0.1015625, 0.125, 0.0703125, 0.1875, 0.09375, 0.265625, 0.09375, 0.0, 0.0078125, 0.109375]",[59],0.8030753003721443,0.6784767252210401
153,4421.328125,"[0.59375, 0.5, 0.53125, 0.0625, 0.125, 0.1875, 0.046875, 0.4375, 0.09375, 0.375, 0.1875, 0.203125, 0.1875, 0.1015625, 0.3125, 0.1875, 0.53125, 0.09375, 0.0, 0.015625, 0.09375]","[0.328125, 0.28125, 0.296875, 0.0625, 0.0625, 0.09375, 0.046875, 0.21875, 0.078125, 0.1875, 0.21875, 0.1015625, 0.125, 0.1015625, 0.1875, 0.09375, 0.265625, 0.09375, 0.0, 0.0078125, 0.109375]",[60],0.7928659126476095,0.6652321526703404
154,4578.828125,"[0.59375, 0.5, 0.53125, 0.0625, 0.125, 0.1875, 0.046875, 0.4375, 0.09375, 0.375, 0.1875, 0.203125, 0.1875, 0.1015625, 0.3125, 0.1875, 0.53125, 0.09375, 0.0, 0.015625, 0.09375]","[0.328125, 0.28125, 0.296875, 0.0625, 0.0625, 0.09375, 0.046875, 0.21875, 0.078125, 0.1875, 0.21875, 0.1015625, 0.125, 0.1015625, 0.1875, 0.09375, 0.265625, 0.09375, 0.0, 0.0078125, 0.109375]",[60],0.7928659126476095,0.6652321526703404
155,4461.015625,"[0.59375, 0.5, 0.53125, 0.0625, 0.125, 0.1875, 0.046875, 0.4375, 0.09375, 0.375, 0.1875, 0.203125, 0.1875, 0.1015625, 0.3125, 0.1875, 0.53125, 0.09375, 0.0, 0.015625, 0.09375]","[0.328125, 0.28125, 0.296875, 0.0625, 0.0625, 0.09375, 0.046875, 0.21875, 0.078125, 0.1875, 0.21875, 0.1015625, 0.125, 0.1015625, 0.1875, 0.09375, 0.265625, 0.09375, 0.0, 0.0078125, 0.109375]",[60],0.7928659126476095,0.6652321526703404
156,4441.015625,"[0.59375, 0.5, 0.53125, 0.0625, 0.125, 0.1875, 0.046875, 0.4375, 0.09375, 0.375, 0.1875, 0.203125, 0.1875, 0.1015625, 0.3125, 0.1875, 0.53125, 0.09375, 0.0, 0.015625, 0.09375]","[0.328125, 0.28125, 0.296875, 0.0625, 0.0625, 0.09375, 0.046875, 0.21875, 0.078125, 0.1875, 0.21875, 0.1015625, 0.125, 0.1015625, 0.1875, 0.09375, 0.265625, 0.09375, 0.0, 0.0078125, 0.109375]",[60],0.7928659126476095,0.6652321526703404
157,4460.703125,"[0.59375, 0.5, 0.53125, 0.0625, 0.125, 0.1875, 0.046875, 0.4375, 0.09375, 0.375, 0.1875, 0.203125, 0.1875, 0.1015625, 0.3125, 0.25, 0.53125, 0.09375, 0.0, 0.015625, 0.09375]","[0.328125, 0.28125, 0.296875, 0.0625, 0.0625, 0.09375, 0.046875, 0.21875, 0.078125, 0.1875, 0.21875, 0.1015625, 0.125, 0.1015625, 0.1875, 0.125, 0.265625, 0.09375, 0.0, 0.0078125, 0.109375]",[61],0.781812081337382,0.6546707781458143
158,4539.453125,"[0.59375, 0.5, 0.53125, 0.0625, 0.125, 0.1875, 0.046875, 0.5625, 0.09375, 0.375, 0.1875, 0.203125, 0.1875, 0.1015625, 0.3125, 0.25, 0.53125, 0.09375, 0.0, 0.015625, 0.09375]","[0.328125, 0.28125, 0.296875, 0.0625, 0.0625, 0.09375, 0.046875, 0.28125, 0.078125, 0.1875, 0.21875, 0.1015625, 0.125, 0.1015625, 0.1875, 0.125, 0.265625, 0.09375, 0.0, 0.0078125, 0.109375]",[62],0.7970356608948989,0.6641249900978816
159,4698.203125,"[0.59375, 0.5, 0.53125, 0.0625, 0.125, 0.1875, 0.046875, 0.5625, 0.09375, 0.375, 0.1875, 0.203125, 0.3125, 0.1015625, 0.3125, 0.25, 0.53125, 0.09375, 0.0, 0.015625, 0.09375]","[0.328125, 0.28125, 0.296875, 0.0625, 0.0625, 0.09375, 0.046875, 0.28125, 0.078125, 0.1875, 0.21875, 0.1015625, 0.1875, 0.1015625, 0.1875, 0.125, 0.265625, 0.09375, 0.0, 0.0078125, 0.109375]",[63],0.778596168768776,0.6527366719491623
160,4737.890625,"[0.59375, 0.5, 0.53125, 0.0625, 0.125, 0.1875, 0.046875, 0.5625, 0.09375, 0.375, 0.1875, 0.203125, 0.3125, 0.1015625, 0.3125, 0.25, 0.53125, 0.09375, 0.0, 0.015625, 0.09375]","[0.328125, 0.28125, 0.296875, 0.0625, 0.0625, 0.09375, 0.046875, 0.28125, 0.078125, 0.1875, 0.21875, 0.1015625, 0.1875, 0.1015625, 0.1875, 0.125, 0.265625, 0.09375, 0.0, 0.0078125, 0.109375]",[63],0.778596168768776,0.6527366719491623
161,4718.046875,"[0.59375, 0.5, 0.53125, 0.078125, 0.125, 0.1875, 0.046875, 0.5625, 0.09375, 0.375, 0.1875, 0.203125, 0.3125, 0.1015625, 0.3125, 0.25, 0.53125, 0.09375, 0.0, 0.015625, 0.09375]","[0.328125, 0.28125, 0.296875, 0.078125, 0.0625, 0.09375, 0.046875, 0.28125, 0.078125, 0.1875, 0.21875, 0.1015625, 0.1875, 0.1015625, 0.1875, 0.125, 0.265625, 0.09375, 0.0, 0.0078125, 0.109375]",[64],0.7734821484386722,0.6454277739119957
162,4757.734375,"[0.59375, 0.5, 0.53125, 0.09375, 0.125, 0.1875, 0.046875, 0.5625, 0.09375, 0.375, 0.1875, 0.203125, 0.3125, 0.1015625, 0.3125, 0.25, 0.53125, 0.09375, 0.0, 0.015625, 0.09375]","[0.328125, 0.28125, 0.296875, 0.09375, 0.0625, 0.09375, 0.046875, 0.28125, 0.078125, 0.1875, 0.21875, 0.1015625, 0.1875, 0.1015625, 0.1875, 0.125, 0.265625, 0.09375, 0.0, 0.0078125, 0.109375]",[12],0.7686228406920385,0.6389373385622167
163,4816.640625,"[0.59375, 0.5, 0.53125, 0.09375, 0.125, 0.1875, 0.046875, 0.5625, 0.09375, 0.375, 0.1875, 0.203125, 0.3125, 0.1015625, 0.3125, 0.25, 0.53125, 0.09375, 0.0, 0.015625, 0.09375]","[0.328125, 0.28125, 0.296875, 0.09375, 0.0625, 0.09375, 0.046875, 0.28125, 0.078125, 0.1875, 0.21875, 0.1015625, 0.1875, 0.1015625, 0.1875, 0.125, 0.265625, 0.09375, 0.0, 0.0078125, 0.109375]",[12],0.7686228406920385,0.6389373385622167
164,4895.390625,"[0.59375, 0.5, 0.53125, 0.09375, 0.125, 0.1875, 0.046875, 0.5625, 0.09375, 0.375, 0.1875, 0.203125, 0.3125, 0.1015625, 0.5625, 0.25, 0.53125, 0.09375, 0.0, 0.015625, 0.09375]","[0.328125, 0.28125, 0.296875, 0.09375, 0.0625, 0.09375, 0.046875, 0.28125, 0.078125, 0.1875, 0.21875, 0.1015625, 0.1875, 0.1015625, 0.3125, 0.125, 0.265625, 0.09375, 0.0, 0.0078125, 0.109375]",[65],0.7762112364149811,0.6520974745007009
165,4935.078125,"[0.59375, 0.5, 0.53125, 0.09375, 0.125, 0.1875, 0.046875, 0.5625, 0.09375, 0.375, 0.1875, 0.203125, 0.3125, 0.1015625, 0.5625, 0.25, 0.53125, 0.09375, 0.0, 0.015625, 0.09375]","[0.328125, 0.28125, 0.296875, 0.09375, 0.0625, 0.09375, 0.046875, 0.28125, 0.078125, 0.1875, 0.21875, 0.1015625, 0.1875, 0.1015625, 0.3125, 0.125, 0.265625, 0.09375, 0.0, 0.0078125, 0.109375]",[65],0.7762112364149811,0.6520974745007009
166,4915.078125,"[0.625, 0.5, 0.53125, 0.09375, 0.125, 0.1875, 0.046875, 0.5625, 0.09375, 0.375, 0.1875, 0.203125, 0.3125, 0.1015625, 0.5625, 0.25, 0.53125, 0.09375, 0.0, 0.015625, 0.09375]","[0.34375, 0.28125, 0.296875, 0.09375, 0.0625, 0.09375, 0.046875, 0.28125, 0.078125, 0.1875, 0.21875, 0.1015625, 0.1875, 0.1015625, 0.3125, 0.125, 0.265625, 0.09375, 0.0, 0.0078125, 0.109375]",[66],0.7815591387405528,0.6573438405656552
167,4954.453125,"[0.625, 0.5, 0.53125, 0.09375, 0.125, 0.1875, 0.046875, 0.5625, 0.15625, 0.375, 0.1875, 0.203125, 0.3125, 0.1015625, 0.5625, 0.1875, 0.53125, 0.09375, 0.0, 0.015625, 0.09375]","[0.34375, 0.28125, 0.296875, 0.09375, 0.0625, 0.09375, 0.046875, 0.28125, 0.109375, 0.1875, 0.21875, 0.1015625, 0.1875, 0.1015625, 0.3125, 0.09375, 0.265625, 0.09375, 0.0, 0.0078125, 0.109375]",[19],0.7763222241431589,0.6559002979327353
168,4993.828125,"[0.625, 0.46875, 0.53125, 0.078125, 0.125, 0.1875, 0.046875, 0.6875, 0.15625, 0.375, 0.1875, 0.203125, 0.3125, 0.1015625, 0.5625, 0.1875, 0.53125, 0.09375, 0.0, 0.015625, 0.09375]","[0.34375, 0.265625, 0.296875, 0.078125, 0.0625, 0.09375, 0.046875, 0.34375, 0.109375, 0.1875, 0.21875, 0.1015625, 0.1875, 0.1015625, 0.3125, 0.09375, 0.265625, 0.09375, 0.0, 0.0078125, 0.109375]",[20],0.8009237952145936,0.6755932930231433
169,5111.796875,"[0.625, 0.46875, 0.78125, 0.078125, 0.125, 0.1875, 0.046875, 0.6875, 0.15625, 0.375, 0.1875, 0.203125, 0.3125, 0.1015625, 0.5625, 0.1875, 0.53125, 0.09375, 0.0, 0.015625, 0.09375]","[0.34375, 0.265625, 0.421875, 0.078125, 0.0625, 0.09375, 0.046875, 0.34375, 0.109375, 0.1875, 0.21875, 0.1015625, 0.1875, 0.1015625, 0.3125, 0.09375, 0.265625, 0.09375, 0.0, 0.0078125, 0.109375]",[63],0.8407743400721933,0.7152676546092844
170,5151.640625,"[0.625, 0.46875, 0.78125, 0.078125, 0.125, 0.1875, 0.046875, 0.6875, 0.15625, 0.375, 0.1875, 0.203125, 0.3125, 0.1171875, 0.5625, 0.1875, 0.53125, 0.09375, 0.0, 0.015625, 0.09375]","[0.34375, 0.265625, 0.421875, 0.078125, 0.0625, 0.09375, 0.046875, 0.34375, 0.109375, 0.1875, 0.21875, 0.1015625, 0.1875, 0.1328125, 0.3125, 0.09375, 0.265625, 0.09375, 0.0, 0.0078125, 0.109375]",[67],0.8365890178050838,0.7051812861832285
171,5171.328125,"[0.625, 0.46875, 0.78125, 0.0625, 0.125, 0.1875, 0.046875, 0.6875, 0.15625, 0.40625, 0.1875, 0.140625, 0.3125, 0.1171875, 0.5625, 0.1875, 0.53125, 0.09375, 0.0, 0.015625, 0.09375]","[0.34375, 0.265625, 0.421875, 0.0625, 0.0625, 0.09375, 0.046875, 0.34375, 0.109375, 0.203125, 0.21875, 0.0703125, 0.1875, 0.1328125, 0.3125, 0.09375, 0.265625, 0.09375, 0.0, 0.0078125, 0.109375]",[6],0.853217454582994,0.7224775905954762
172,5111.953125,"[0.625, 0.46875, 0.78125, 0.0625, 0.125, 0.1875, 0.046875, 0.6875, 0.15625, 0.40625, 0.1875, 0.140625, 0.3125, 0.1328125, 0.5625, 0.125, 0.53125, 0.09375, 0.0, 0.015625, 0.09375]","[0.34375, 0.265625, 0.421875, 0.0625, 0.0625, 0.09375, 0.046875, 0.34375, 0.109375, 0.203125, 0.21875, 0.0703125, 0.1875, 0.1484375, 0.3125, 0.0625, 0.265625, 0.09375, 0.0, 0.0078125, 0.109375]",[8],0.8639187954496623,0.7314378818770284
173,5151.953125,"[0.625, 0.46875, 0.78125, 0.0625, 0.125, 0.1875, 0.046875, 0.6875, 0.15625, 0.40625, 0.1875, 0.140625, 0.3125, 0.1328125, 0.5625, 0.125, 0.53125, 0.09375, 0.0, 0.015625, 0.09375]","[0.34375, 0.265625, 0.421875, 0.0625, 0.0625, 0.09375, 0.046875, 0.34375, 0.109375, 0.203125, 0.21875, 0.0703125, 0.1875, 0.1484375, 0.3125, 0.0625, 0.265625, 0.09375, 0.0, 0.0078125, 0.109375]",[8],0.8639187954496623,0.7314378818770284
174,5231.953125,"[0.625, 0.46875, 0.78125, 0.0625, 0.125, 0.1875, 0.046875, 0.6875, 0.15625, 0.40625, 0.15625, 0.140625, 0.3125, 0.1328125, 0.5625, 0.125, 0.53125, 0.09375, 0.0, 0.015625, 0.15625]","[0.34375, 0.265625, 0.421875, 0.0625, 0.0625, 0.09375, 0.046875, 0.34375, 0.109375, 0.203125, 0.1875, 0.0703125, 0.1875, 0.1484375, 0.3125, 0.0625, 0.265625, 0.09375, 0.0, 0.0078125, 0.171875]",[1],0.8547385694390307,0.718308401970351
175,5231.640625,"[0.625, 0.46875, 0.78125, 0.0625, 0.125, 0.1875, 0.046875, 0.6875, 0.15625, 0.40625, 0.15625, 0.140625, 0.3125, 0.1328125, 0.5625, 0.125, 0.53125, 0.09375, 0.0, 0.015625, 0.15625]","[0.34375, 0.265625, 0.421875, 0.0625, 0.0625, 0.09375, 0.046875, 0.34375, 0.109375, 0.203125, 0.1875, 0.0703125, 0.1875, 0.1484375, 0.3125, 0.0625, 0.265625, 0.09375, 0.0, 0.0078125, 0.171875]",[1],0.8547385694390307,0.718308401970351
176,5211.953125,"[0.625, 0.46875, 0.8125, 0.0625, 0.125, 0.1875, 0.046875, 0.6875, 0.15625, 0.40625, 0.15625, 0.140625, 0.3125, 0.1328125, 0.5625, 0.125, 0.53125, 0.09375, 0.0, 0.015625, 0.15625]","[0.34375, 0.265625, 0.4375, 0.0625, 0.0625, 0.09375, 0.046875, 0.34375, 0.109375, 0.203125, 0.1875, 0.0703125, 0.1875, 0.1484375, 0.3125, 0.0625, 0.265625, 0.09375, 0.0, 0.0078125, 0.171875]",[60],0.8619950646115738,0.725052619015245
177,5251.328125,"[0.625, 0.46875, 0.8125, 0.0625, 0.125, 0.1875, 0.015625, 0.6875, 0.15625, 0.40625, 0.15625, 0.140625, 0.3125, 0.1328125, 0.5625, 0.1875, 0.53125, 0.09375, 0.0, 0.015625, 0.15625]","[0.34375, 0.265625, 0.4375, 0.0625, 0.0625, 0.09375, 0.015625, 0.34375, 0.109375, 0.203125, 0.1875, 0.0703125, 0.1875, 0.1484375, 0.3125, 0.09375, 0.265625, 0.09375, 0.0, 0.0078125, 0.171875]",[9],0.8574712579562677,0.7285544363473285
178,5251.015625,"[0.625, 0.46875, 0.8125, 0.0625, 0.125, 0.1875, 0.015625, 0.6875, 0.15625, 0.40625, 0.15625, 0.140625, 0.3125, 0.1328125, 0.5625, 0.1875, 0.53125, 0.09375, 0.0, 0.015625, 0.15625]","[0.34375, 0.265625, 0.4375, 0.0625, 0.0625, 0.09375, 0.015625, 0.34375, 0.109375, 0.203125, 0.1875, 0.0703125, 0.1875, 0.1484375, 0.3125, 0.09375, 0.265625, 0.09375, 0.0, 0.0078125, 0.171875]",[9],0.8574712579562677,0.7285544363473285
179,5329.140625,"[0.625, 0.46875, 0.8125, 0.0625, 0.125, 0.1875, 0.015625, 0.6875, 0.15625, 0.40625, 0.15625, 0.140625, 0.3125, 0.1328125, 0.5625, 0.4375, 0.53125, 0.09375, 0.0, 0.015625, 0.15625]","[0.34375, 0.265625, 0.4375, 0.0625, 0.0625, 0.09375, 0.015625, 0.34375, 0.109375, 0.203125, 0.1875, 0.0703125, 0.1875, 0.1484375, 0.3125, 0.21875, 0.265625, 0.09375, 0.0, 0.0078125, 0.171875]",[68],0.8271711879616572,0.6997267299623926
180,5368.828125,"[0.625, 0.46875, 0.8125, 0.0625, 0.125, 0.1875, 0.015625, 0.5625, 0.15625, 0.375, 0.15625, 0.140625, 0.3125, 0.1328125, 0.5625, 0.4375, 0.53125, 0.09375, 0.0, 0.015625, 0.15625]","[0.34375, 0.265625, 0.4375, 0.0625, 0.0625, 0.09375, 0.015625, 0.28125, 0.109375, 0.1875, 0.1875, 0.0703125, 0.1875, 0.1484375, 0.3125, 0.21875, 0.265625, 0.09375, 0.0, 0.0078125, 0.171875]",[18],0.8162350417517507,0.692825716124153
181,5250.390625,"[0.625, 0.46875, 0.8125, 0.0625, 0.125, 0.1875, 0.015625, 0.5625, 0.15625, 0.375, 0.15625, 0.015625, 0.3125, 0.1328125, 0.5625, 0.46875, 0.53125, 0.09375, 0.0, 0.015625, 0.15625]","[0.34375, 0.265625, 0.4375, 0.0625, 0.0625, 0.09375, 0.015625, 0.28125, 0.109375, 0.1875, 0.1875, 0.0078125, 0.1875, 0.1484375, 0.3125, 0.234375, 0.265625, 0.09375, 0.0, 0.0078125, 0.171875]",[23],0.8518349047850379,0.7238815820841811
182,5131.328125,"[0.625, 0.46875, 0.8125, 0.0625, 0.125, 0.1875, 0.015625, 0.5625, 0.15625, 0.375, 0.15625, 0.015625, 0.3125, 0.1328125, 0.5625, 0.46875, 0.53125, 0.09375, 0.0, 0.015625, 0.15625]","[0.34375, 0.265625, 0.4375, 0.0625, 0.0625, 0.09375, 0.015625, 0.28125, 0.109375, 0.1875, 0.1875, 0.0078125, 0.1875, 0.1484375, 0.3125, 0.234375, 0.265625, 0.09375, 0.0, 0.0078125, 0.171875]",[23],0.8518349047850379,0.7238815820841811
183,5170.390625,"[0.625, 0.46875, 0.9375, 0.0625, 0.125, 0.1875, 0.015625, 0.5625, 0.15625, 0.375, 0.15625, 0.015625, 0.3125, 0.1328125, 0.5625, 0.46875, 0.53125, 0.09375, 0.0, 0.015625, 0.15625]","[0.34375, 0.265625, 0.5, 0.0625, 0.0625, 0.09375, 0.015625, 0.28125, 0.109375, 0.1875, 0.1875, 0.0078125, 0.1875, 0.1484375, 0.3125, 0.234375, 0.265625, 0.09375, 0.0, 0.0078125, 0.171875]",[32],0.8850375414261636,0.7542500760356808
184,5327.890625,"[0.625, 0.46875, 0.9375, 0.0625, 0.125, 0.1875, 0.015625, 0.5625, 0.15625, 0.375, 0.15625, 0.015625, 0.3125, 0.1328125, 0.5625, 0.46875, 0.53125, 0.09375, 0.0, 0.015625, 0.15625]","[0.34375, 0.265625, 0.5, 0.0625, 0.0625, 0.09375, 0.015625, 0.28125, 0.109375, 0.1875, 0.1875, 0.0078125, 0.1875, 0.1484375, 0.3125, 0.234375, 0.265625, 0.09375, 0.0, 0.0078125, 0.171875]",[32],0.8850375414261636,0.7542500760356808
185,5209.765625,"[0.625, 0.46875, 0.9375, 0.0625, 0.125, 0.1875, 0.015625, 0.5625, 0.15625, 0.375, 0.15625, 0.015625, 0.3125, 0.1328125, 0.5625, 0.53125, 0.53125, 0.09375, 0.0, 0.015625, 0.15625]","[0.34375, 0.265625, 0.5, 0.0625, 0.0625, 0.09375, 0.015625, 0.28125, 0.109375, 0.1875, 0.1875, 0.0078125, 0.1875, 0.1484375, 0.3125, 0.296875, 0.265625, 0.09375, 0.0, 0.0078125, 0.171875]",[68],0.8846757959617719,0.7541011258798928
186,5229.453125,"[0.625, 0.46875, 0.875, 0.0625, 0.125, 0.1875, 0.015625, 0.5625, 0.15625, 0.125, 0.15625, 0.015625, 0.3125, 0.1328125, 0.5625, 0.5625, 0.53125, 0.09375, 0.0, 0.015625, 0.15625]","[0.34375, 0.265625, 0.4375, 0.0625, 0.0625, 0.09375, 0.015625, 0.28125, 0.109375, 0.0625, 0.1875, 0.0078125, 0.1875, 0.1484375, 0.3125, 0.3125, 0.265625, 0.09375, 0.0, 0.0078125, 0.171875]",[3],0.9119016536065391,0.7657892906574015
187,5072.265625,"[0.625, 0.46875, 0.875, 0.09375, 0.125, 0.1875, 0.015625, 0.5625, 0.15625, 0.125, 0.15625, 0.015625, 0.3125, 0.1328125, 0.5625, 0.5625, 0.53125, 0.09375, 0.0, 0.015625, 0.15625]","[0.34375, 0.265625, 0.4375, 0.09375, 0.0625, 0.09375, 0.015625, 0.28125, 0.109375, 0.0625, 0.1875, 0.0078125, 0.1875, 0.1484375, 0.3125, 0.3125, 0.265625, 0.09375, 0.0, 0.0078125, 0.171875]",[37],0.902699858735514,0.7526448193354415
188,5151.640625,"[0.625, 0.46875, 0.875, 0.09375, 0.125, 0.1875, 0.015625, 0.5625, 0.15625, 0.125, 0.15625, 0.015625, 0.3125, 0.1328125, 0.5625, 0.5625, 0.53125, 0.09375, 0.0, 0.015625, 0.15625]","[0.34375, 0.265625, 0.4375, 0.09375, 0.0625, 0.09375, 0.015625, 0.28125, 0.109375, 0.0625, 0.1875, 0.0078125, 0.1875, 0.1484375, 0.3125, 0.3125, 0.265625, 0.09375, 0.0, 0.0078125, 0.171875]",[37],0.902699858735514,0.7526448193354415
189,5231.015625,"[0.625, 0.46875, 0.875, 0.09375, 0.125, 0.1875, 0.015625, 0.5625, 0.15625, 0.125, 0.15625, 0.015625, 0.3125, 0.1328125, 0.5625, 0.5625, 0.53125, 0.09375, 0.125, 0.015625, 0.15625]","[0.34375, 0.265625, 0.4375, 0.09375, 0.0625, 0.09375, 0.015625, 0.28125, 0.109375, 0.0625, 0.1875, 0.0078125, 0.1875, 0.1484375, 0.3125, 0.3125, 0.265625, 0.09375, 0.0625, 0.0078125, 0.171875]",[69],0.8649807778072607,0.7197231317832311
190,5270.390625,"[0.625, 0.3125, 0.875, 0.09375, 0.125, 0.1875, 0.015625, 0.5625, 0.15625, 0.125, 0.15625, 0.015625, 0.3125, 0.1328125, 0.5625, 0.5625, 0.59375, 0.09375, 0.125, 0.015625, 0.15625]","[0.34375, 0.1875, 0.4375, 0.09375, 0.0625, 0.09375, 0.015625, 0.28125, 0.109375, 0.0625, 0.1875, 0.0078125, 0.1875, 0.1484375, 0.3125, 0.3125, 0.328125, 0.09375, 0.0625, 0.0078125, 0.171875]",[17],0.8791239565616956,0.7310756152414188
191,5191.640625,"[0.625, 0.3125, 0.875, 0.09375, 0.125, 0.1875, 0.015625, 0.59375, 0.15625, 0.125, 0.15625, 0.015625, 0.3125, 0.1328125, 0.5625, 0.5625, 0.59375, 0.09375, 0.125, 0.015625, 0.15625]","[0.34375, 0.1875, 0.4375, 0.09375, 0.0625, 0.09375, 0.015625, 0.296875, 0.109375, 0.0625, 0.1875, 0.0078125, 0.1875, 0.1484375, 0.3125, 0.3125, 0.328125, 0.09375, 0.0625, 0.0078125, 0.171875]",[54],0.8810235719705377,0.73223793164039
192,5231.328125,"[0.625, 0.3125, 0.875, 0.09375, 0.125, 0.1875, 0.015625, 0.59375, 0.15625, 0.125, 0.15625, 0.046875, 0.3125, 0.1328125, 0.5625, 0.5625, 0.59375, 0.09375, 0.125, 0.015625, 0.15625]","[0.34375, 0.1875, 0.4375, 0.09375, 0.0625, 0.09375, 0.015625, 0.296875, 0.109375, 0.0625, 0.1875, 0.0234375, 0.1875, 0.1484375, 0.3125, 0.3125, 0.328125, 0.09375, 0.0625, 0.0078125, 0.171875]",[70],0.8709325334348536,0.7235029879289346
193,5310.703125,"[0.625, 0.3125, 0.875, 0.09375, 0.125, 0.25, 0.015625, 0.59375, 0.15625, 0.125, 0.15625, 0.046875, 0.3125, 0.1328125, 0.5625, 0.5625, 0.59375, 0.09375, 0.125, 0.015625, 0.15625]","[0.34375, 0.1875, 0.4375, 0.09375, 0.0625, 0.125, 0.015625, 0.296875, 0.109375, 0.0625, 0.1875, 0.0234375, 0.1875, 0.1484375, 0.3125, 0.3125, 0.328125, 0.09375, 0.0625, 0.0078125, 0.171875]",[71],0.8590573641837994,0.7128577607445993
194,5468.203125,"[0.625, 0.3125, 0.875, 0.09375, 0.125, 0.25, 0.015625, 0.59375, 0.15625, 0.125, 0.15625, 0.046875, 0.1875, 0.1328125, 0.5625, 0.8125, 0.59375, 0.09375, 0.125, 0.015625, 0.15625]","[0.34375, 0.1875, 0.4375, 0.09375, 0.0625, 0.125, 0.015625, 0.296875, 0.109375, 0.0625, 0.1875, 0.0234375, 0.125, 0.1484375, 0.3125, 0.4375, 0.328125, 0.09375, 0.0625, 0.0078125, 0.171875]",[7],0.9099839337182773,0.7581674604089078
195,5349.140625,"[0.625, 0.3125, 0.875, 0.09375, 0.125, 0.25, 0.015625, 0.59375, 0.15625, 0.125, 0.15625, 0.046875, 0.1875, 0.1328125, 0.5625, 0.75, 0.59375, 0.09375, 0.125, 0.015625, 0.15625]","[0.34375, 0.1875, 0.4375, 0.09375, 0.0625, 0.125, 0.015625, 0.296875, 0.109375, 0.0625, 0.1875, 0.0234375, 0.125, 0.1484375, 0.3125, 0.375, 0.328125, 0.09375, 0.0625, 0.0078125, 0.171875]",[7],0.8996050866273627,0.7394442612874538
196,5289.765625,"[0.625, 0.3125, 0.875, 0.09375, 0.125, 0.25, 0.015625, 0.59375, 0.15625, 0.125, 0.15625, 0.046875, 0.1875, 0.1328125, 0.5625, 0.75, 0.59375, 0.09375, 0.125, 0.015625, 0.140625]","[0.34375, 0.1875, 0.4375, 0.09375, 0.0625, 0.125, 0.015625, 0.296875, 0.109375, 0.0625, 0.1875, 0.0234375, 0.125, 0.1484375, 0.3125, 0.375, 0.328125, 0.09375, 0.0625, 0.0078125, 0.140625]",[7],0.9033464774867943,0.7468875620628351
197,5270.078125,"[0.625, 0.3125, 0.875, 0.09375, 0.125, 0.25, 0.015625, 0.59375, 0.15625, 0.125, 0.15625, 0.046875, 0.1875, 0.1484375, 0.5625, 0.75, 0.59375, 0.09375, 0.125, 0.015625, 0.140625]","[0.34375, 0.1875, 0.4375, 0.09375, 0.0625, 0.125, 0.015625, 0.296875, 0.109375, 0.0625, 0.1875, 0.0234375, 0.125, 0.1640625, 0.3125, 0.375, 0.328125, 0.09375, 0.0625, 0.0078125, 0.140625]",[32],0.8995257222126972,0.7431626915668869
198,5349.453125,"[0.625, 0.3125, 0.875, 0.09375, 0.125, 0.25, 0.015625, 0.59375, 0.15625, 0.125, 0.15625, 0.046875, 0.1875, 0.1484375, 0.5625, 0.75, 0.59375, 0.09375, 0.125, 0.015625, 0.140625]","[0.34375, 0.1875, 0.4375, 0.09375, 0.0625, 0.125, 0.015625, 0.296875, 0.109375, 0.0625, 0.1875, 0.0234375, 0.125, 0.1640625, 0.3125, 0.375, 0.328125, 0.09375, 0.0625, 0.0078125, 0.140625]",[32],0.8995257222126972,0.7431626915668869
199,5427.578125,"[0.625, 0.3125, 0.875, 0.09375, 0.125, 0.25, 0.015625, 0.59375, 0.15625, 0.375, 0.15625, 0.046875, 0.1875, 0.1484375, 0.5625, 0.75, 0.59375, 0.09375, 0.125, 0.015625, 0.140625]","[0.34375, 0.1875, 0.4375, 0.09375, 0.0625, 0.125, 0.015625, 0.296875, 0.109375, 0.1875, 0.1875, 0.0234375, 0.125, 0.1640625, 0.3125, 0.375, 0.328125, 0.09375, 0.0625, 0.0078125, 0.140625]",[42],0.8570320075660519,0.7050430842190873
200,5466.953125,"[0.625, 0.3125, 0.875, 0.09375, 0.125, 0.25, 0.015625, 0.59375, 0.15625, 0.34375, 0.15625, 0.046875, 0.1875, 0.1484375, 0.625, 0.75, 0.59375, 0.09375, 0.125, 0.015625, 0.140625]","[0.34375, 0.1875, 0.4375, 0.09375, 0.0625, 0.125, 0.015625, 0.296875, 0.109375, 0.171875, 0.1875, 0.0234375, 0.125, 0.1640625, 0.375, 0.375, 0.328125, 0.09375, 0.0625, 0.0078125, 0.140625]",[56],0.8630667088857175,0.7184324565875907
201,5467.109375,"[0.625, 0.3125, 0.8125, 0.09375, 0.125, 0.25, 0.015625, 0.59375, 0.15625, 0.34375, 0.15625, 0.046875, 0.1875, 0.1484375, 0.625, 0.75, 0.59375, 0.09375, 0.125, 0.015625, 0.140625]","[0.34375, 0.1875, 0.40625, 0.09375, 0.0625, 0.125, 0.015625, 0.296875, 0.109375, 0.171875, 0.1875, 0.0234375, 0.125, 0.1640625, 0.375, 0.375, 0.328125, 0.09375, 0.0625, 0.0078125, 0.140625]",[16],0.8501544265307358,0.7080590459229748
202,5447.265625,"[0.6875, 0.3125, 0.8125, 0.09375, 0.125, 0.25, 0.015625, 0.59375, 0.15625, 0.34375, 0.15625, 0.046875, 0.1875, 0.1484375, 0.625, 0.75, 0.59375, 0.09375, 0.125, 0.015625, 0.140625]","[0.375, 0.1875, 0.40625, 0.09375, 0.0625, 0.125, 0.015625, 0.296875, 0.109375, 0.171875, 0.1875, 0.0234375, 0.125, 0.1640625, 0.375, 0.375, 0.328125, 0.09375, 0.0625, 0.0078125, 0.140625]",[56],0.8557909295322857,0.7143096354825931
203,5526.953125,"[0.6875, 0.3125, 0.8125, 0.09375, 0.125, 0.25, 0.015625, 0.59375, 0.15625, 0.34375, 0.15625, 0.046875, 0.1875, 0.1484375, 0.625, 0.75, 0.59375, 0.09375, 0.125, 0.015625, 0.140625]","[0.375, 0.1875, 0.40625, 0.09375, 0.0625, 0.125, 0.015625, 0.296875, 0.109375, 0.171875, 0.1875, 0.0234375, 0.125, 0.1640625, 0.375, 0.375, 0.328125, 0.09375, 0.0625, 0.0078125, 0.140625]",[56],0.8557909295322857,0.7143096354825931
204,5606.015625,"[0.6875, 0.3125, 0.8125, 0.09375, 0.125, 0.25, 0.015625, 0.59375, 0.15625, 0.34375, 0.15625, 0.046875, 0.1875, 0.1484375, 0.625, 0.75, 0.59375, 0.09375, 0.125, 0.015625, 0.140625]","[0.375, 0.1875, 0.40625, 0.09375, 0.0625, 0.125, 0.015625, 0.296875, 0.109375, 0.171875, 0.1875, 0.0234375, 0.125, 0.1640625, 0.375, 0.375, 0.328125, 0.09375, 0.0625, 0.0078125, 0.140625]",[56],0.8557909295322857,0.7143096354825931
205,5486.953125,"[0.6875, 0.3125, 0.6875, 0.09375, 0.125, 0.25, 0.015625, 0.59375, 0.15625, 0.34375, 0.15625, 0.046875, 0.1875, 0.1484375, 0.625, 0.75, 0.59375, 0.09375, 0.125, 0.015625, 0.140625]","[0.375, 0.1875, 0.34375, 0.09375, 0.0625, 0.125, 0.015625, 0.296875, 0.109375, 0.171875, 0.1875, 0.0234375, 0.125, 0.1640625, 0.375, 0.375, 0.328125, 0.09375, 0.0625, 0.0078125, 0.140625]",[23],0.8362872118590344,0.6991978073132886
206,5388.203125,"[0.6875, 0.3125, 0.6875, 0.09375, 0.125, 0.25, 0.015625, 0.34375, 0.15625, 0.34375, 0.15625, 0.046875, 0.1875, 0.1484375, 0.625, 0.75, 0.59375, 0.09375, 0.125, 0.015625, 0.140625]","[0.375, 0.1875, 0.34375, 0.09375, 0.0625, 0.125, 0.015625, 0.171875, 0.109375, 0.171875, 0.1875, 0.0234375, 0.125, 0.1640625, 0.375, 0.375, 0.328125, 0.09375, 0.0625, 0.0078125, 0.140625]",[23],0.8396515303017409,0.7054560446445577
207,5250.390625,"[0.75, 0.3125, 0.6875, 0.09375, 0.125, 0.25, 0.015625, 0.34375, 0.15625, 0.34375, 0.15625, 0.046875, 0.1875, 0.1484375, 0.625, 0.75, 0.59375, 0.09375, 0.125, 0.015625, 0.140625]","[0.40625, 0.1875, 0.34375, 0.09375, 0.0625, 0.125, 0.015625, 0.171875, 0.109375, 0.171875, 0.1875, 0.0234375, 0.125, 0.1640625, 0.375, 0.375, 0.328125, 0.09375, 0.0625, 0.0078125, 0.140625]",[26],0.8500271773417779,0.7153922191535296
208,5329.140625,"[0.75, 0.3125, 0.6875, 0.09375, 0.125, 0.25, 0.015625, 0.34375, 0.15625, 0.34375, 0.15625, 0.046875, 0.1875, 0.1484375, 0.625, 0.75, 0.59375, 0.09375, 0.125, 0.015625, 0.140625]","[0.40625, 0.1875, 0.34375, 0.09375, 0.0625, 0.125, 0.015625, 0.171875, 0.109375, 0.171875, 0.1875, 0.0234375, 0.125, 0.1640625, 0.375, 0.375, 0.328125, 0.09375, 0.0625, 0.0078125, 0.140625]",[26],0.8500271773417779,0.7153922191535296
209,5409.765625,"[0.75, 0.3125, 0.6875, 0.09375, 0.0, 0.25, 0.015625, 0.34375, 0.15625, 0.34375, 0.15625, 0.046875, 0.1875, 0.2109375, 0.625, 0.75, 0.59375, 0.09375, 0.125, 0.015625, 0.140625]","[0.40625, 0.1875, 0.34375, 0.09375, 0.0, 0.125, 0.015625, 0.171875, 0.109375, 0.171875, 0.1875, 0.0234375, 0.125, 0.2265625, 0.375, 0.375, 0.328125, 0.09375, 0.0625, 0.0078125, 0.140625]",[11],0.8737104941743388,0.7386279186169533
210,5290.390625,"[0.8125, 0.3125, 0.6875, 0.09375, 0.0, 0.25, 0.015625, 0.34375, 0.15625, 0.34375, 0.15625, 0.046875, 0.1875, 0.2109375, 0.625, 0.75, 0.59375, 0.09375, 0.0, 0.015625, 0.140625]","[0.46875, 0.1875, 0.34375, 0.09375, 0.0, 0.125, 0.015625, 0.171875, 0.109375, 0.171875, 0.1875, 0.0234375, 0.125, 0.2265625, 0.375, 0.375, 0.328125, 0.09375, 0.0, 0.0078125, 0.140625]",[37],0.9229960688961196,0.7932400207824181
211,5151.328125,"[0.8125, 0.3125, 0.6875, 0.09375, 0.0, 0.25, 0.015625, 0.34375, 0.15625, 0.34375, 0.15625, 0.046875, 0.1875, 0.2109375, 0.625, 0.78125, 0.59375, 0.09375, 0.0, 0.015625, 0.140625]","[0.46875, 0.1875, 0.34375, 0.09375, 0.0, 0.125, 0.015625, 0.171875, 0.109375, 0.171875, 0.1875, 0.0234375, 0.125, 0.2265625, 0.375, 0.390625, 0.328125, 0.09375, 0.0, 0.0078125, 0.140625]",[56],0.9281369451430007,0.796617366253754
212,5190.703125,"[0.8125, 0.3125, 0.6875, 0.09375, 0.0, 0.25, 0.015625, 0.34375, 0.15625, 0.34375, 0.15625, 0.046875, 0.1875, 0.2109375, 0.625, 0.78125, 0.59375, 0.09375, 0.0, 0.015625, 0.140625]","[0.46875, 0.1875, 0.34375, 0.09375, 0.0, 0.125, 0.015625, 0.171875, 0.109375, 0.171875, 0.1875, 0.0234375, 0.125, 0.2265625, 0.375, 0.390625, 0.328125, 0.09375, 0.0, 0.0078125, 0.140625]",[56],0.9281369451430007,0.796617366253754
213,5230.078125,"[0.8125, 0.3125, 0.6875, 0.09375, 0.0, 0.25, 0.015625, 0.34375, 0.15625, 0.34375, 0.15625, 0.046875, 0.1875, 0.2109375, 0.625, 0.78125, 0.59375, 0.09375, 0.0, 0.015625, 0.140625]","[0.46875, 0.1875, 0.34375, 0.09375, 0.0, 0.125, 0.015625, 0.171875, 0.109375, 0.171875, 0.1875, 0.0234375, 0.125, 0.2265625, 0.375, 0.390625, 0.328125, 0.09375, 0.0, 0.0078125, 0.140625]",[56],0.9281369451430007,0.796617366253754
214,5310.703125,"[0.8125, 0.3125, 0.6875, 0.09375, 0.0, 0.25, 0.078125, 0.34375, 0.15625, 0.34375, 0.15625, 0.046875, 0.1875, 0.2109375, 0.625, 0.78125, 0.59375, 0.09375, 0.0, 0.015625, 0.140625]","[0.46875, 0.1875, 0.34375, 0.09375, 0.0, 0.125, 0.078125, 0.171875, 0.109375, 0.171875, 0.1875, 0.0234375, 0.125, 0.2265625, 0.375, 0.390625, 0.328125, 0.09375, 0.0, 0.0078125, 0.140625]",[72],0.9087929854957253,0.7670198482210124
215,5350.390625,"[0.8125, 0.3125, 0.6875, 0.09375, 0.0, 0.25, 0.078125, 0.34375, 0.15625, 0.34375, 0.15625, 0.046875, 0.21875, 0.2109375, 0.625, 0.78125, 0.59375, 0.09375, 0.0, 0.015625, 0.140625]","[0.46875, 0.1875, 0.34375, 0.09375, 0.0, 0.125, 0.078125, 0.171875, 0.109375, 0.171875, 0.1875, 0.0234375, 0.15625, 0.2265625, 0.375, 0.390625, 0.328125, 0.09375, 0.0, 0.0078125, 0.140625]",[73],0.9023931346622118,0.758345279350927
216,5370.234375,"[0.8125, 0.3125, 0.6875, 0.09375, 0.0, 0.25, 0.078125, 0.34375, 0.15625, 0.34375, 0.15625, 0.046875, 0.21875, 0.2109375, 0.625, 0.78125, 0.59375, 0.09375, 0.0, 0.015625, 0.140625]","[0.46875, 0.1875, 0.34375, 0.09375, 0.0, 0.125, 0.078125, 0.171875, 0.109375, 0.171875, 0.1875, 0.0234375, 0.15625, 0.2265625, 0.375, 0.390625, 0.328125, 0.09375, 0.0, 0.0078125, 0.140625]",[73],0.9023931346622118,0.758345279350927
217,5389.765625,"[0.8125, 0.3125, 0.6875, 0.09375, 0.0, 0.25, 0.078125, 0.34375, 0.21875, 0.34375, 0.15625, 0.046875, 0.21875, 0.2109375, 0.625, 0.78125, 0.59375, 0.09375, 0.0, 0.015625, 0.140625]","[0.46875, 0.1875, 0.34375, 0.09375, 0.0, 0.125, 0.078125, 0.171875, 0.140625, 0.171875, 0.1875, 0.0234375, 0.15625, 0.2265625, 0.375, 0.390625, 0.328125, 0.09375, 0.0, 0.0078125, 0.140625]",[74],0.8890575187306389,0.7487222726426979
218,5468.515625,"[0.8125, 0.3125, 0.6875, 0.09375, 0.0, 0.25, 0.078125, 0.34375, 0.21875, 0.34375, 0.15625, 0.046875, 0.21875, 0.2109375, 0.375, 0.78125, 0.59375, 0.09375, 0.0, 0.015625, 0.140625]","[0.46875, 0.1875, 0.34375, 0.09375, 0.0, 0.125, 0.078125, 0.171875, 0.140625, 0.171875, 0.1875, 0.0234375, 0.15625, 0.2265625, 0.25, 0.390625, 0.328125, 0.09375, 0.0, 0.0078125, 0.140625]",[36],0.8895694400471958,0.7373561017705108
219,5391.015625,"[0.8125, 0.3125, 0.6875, 0.09375, 0.0, 0.25, 0.078125, 0.34375, 0.21875, 0.34375, 0.15625, 0.046875, 0.21875, 0.2109375, 0.375, 0.78125, 0.59375, 0.09375, 0.0, 0.015625, 0.140625]","[0.46875, 0.1875, 0.34375, 0.09375, 0.0, 0.125, 0.078125, 0.171875, 0.140625, 0.171875, 0.1875, 0.0234375, 0.15625, 0.2265625, 0.25, 0.390625, 0.328125, 0.09375, 0.0, 0.0078125, 0.140625]",[36],0.8895694400471958,0.7373561017705108
220,5271.640625,"[0.8125, 0.3125, 0.6875, 0.09375, 0.0, 0.25, 0.078125, 0.34375, 0.21875, 0.34375, 0.15625, 0.046875, 0.21875, 0.1953125, 0.375, 0.84375, 0.59375, 0.09375, 0.0, 0.015625, 0.140625]","[0.46875, 0.1875, 0.34375, 0.09375, 0.0, 0.125, 0.078125, 0.171875, 0.140625, 0.171875, 0.1875, 0.0234375, 0.15625, 0.1953125, 0.25, 0.453125, 0.328125, 0.09375, 0.0, 0.0078125, 0.140625]",[63],0.9064329251072974,0.7619814088134167
221,5251.640625,"[0.8125, 0.3125, 0.6875, 0.09375, 0.0, 0.265625, 0.078125, 0.34375, 0.21875, 0.34375, 0.15625, 0.046875, 0.21875, 0.1953125, 0.375, 0.84375, 0.59375, 0.09375, 0.0, 0.015625, 0.140625]","[0.46875, 0.1875, 0.34375, 0.09375, 0.0, 0.1328125, 0.078125, 0.171875, 0.140625, 0.171875, 0.1875, 0.0234375, 0.15625, 0.1953125, 0.25, 0.453125, 0.328125, 0.09375, 0.0, 0.0078125, 0.140625]",[74],0.9037959062208148,0.7596241404277321
222,5291.015625,"[0.8125, 0.3125, 0.6875, 0.09375, 0.0, 0.265625, 0.078125, 0.34375, 0.28125, 0.34375, 0.15625, 0.046875, 0.21875, 0.1953125, 0.375, 0.84375, 0.59375, 0.09375, 0.0, 0.015625, 0.140625]","[0.46875, 0.1875, 0.34375, 0.09375, 0.0, 0.1328125, 0.078125, 0.171875, 0.171875, 0.171875, 0.1875, 0.0234375, 0.15625, 0.1953125, 0.25, 0.453125, 0.328125, 0.09375, 0.0, 0.0078125, 0.140625]",[75],0.8929785215133764,0.7520153359653416
223,5369.765625,"[0.8125, 0.3125, 0.6875, 0.09375, 0.0, 0.265625, 0.078125, 0.34375, 0.28125, 0.34375, 0.15625, 0.046875, 0.21875, 0.1796875, 0.375, 0.84375, 0.59375, 0.09375, 0.0, 0.015625, 0.140625]","[0.46875, 0.1875, 0.34375, 0.09375, 0.0, 0.1328125, 0.078125, 0.171875, 0.171875, 0.171875, 0.1875, 0.0234375, 0.15625, 0.1796875, 0.25, 0.453125, 0.328125, 0.09375, 0.0, 0.0078125, 0.140625]",[7],0.8963346578128769,0.754791530410444
224,5408.671875,"[0.8125, 0.3125, 0.6875, 0.09375, 0.0, 0.265625, 0.078125, 0.34375, 0.28125, 0.34375, 0.15625, 0.046875, 0.21875, 0.1796875, 0.625, 0.84375, 0.59375, 0.09375, 0.0, 0.015625, 0.140625]","[0.46875, 0.1875, 0.34375, 0.09375, 0.0, 0.1328125, 0.078125, 0.171875, 0.171875, 0.171875, 0.1875, 0.0234375, 0.15625, 0.1796875, 0.375, 0.453125, 0.328125, 0.09375, 0.0, 0.0078125, 0.140625]",[75],0.8938500486371632,0.7634967525777545
225,5448.046875,"[0.8125, 0.3125, 0.6875, 0.0625, 0.0, 0.265625, 0.078125, 0.34375, 0.28125, 0.34375, 0.15625, 0.046875, 0.21875, 0.1796875, 0.625, 0.84375, 0.65625, 0.09375, 0.0, 0.015625, 0.125]","[0.46875, 0.1875, 0.34375, 0.0625, 0.0, 0.1328125, 0.078125, 0.171875, 0.171875, 0.171875, 0.1875, 0.0234375, 0.15625, 0.1796875, 0.375, 0.453125, 0.390625, 0.09375, 0.0, 0.0078125, 0.125]",[43],0.9100643410373,0.7890398214929625
226,5388.4375,"[0.8125, 0.3125, 0.6875, 0.0625, 0.0, 0.265625, 0.078125, 0.34375, 0.28125, 0.28125, 0.15625, 0.046875, 0.21875, 0.1875, 0.625, 0.84375, 0.65625, 0.09375, 0.0, 0.015625, 0.125]","[0.46875, 0.1875, 0.34375, 0.0625, 0.0, 0.1328125, 0.078125, 0.171875, 0.171875, 0.140625, 0.1875, 0.0234375, 0.15625, 0.1875, 0.375, 0.453125, 0.390625, 0.09375, 0.0, 0.0078125, 0.125]",[14],0.9169024262000823,0.7953806582172779
227,5388.4375,"[0.75, 0.3125, 0.6875, 0.0625, 0.0, 0.265625, 0.078125, 0.34375, 0.28125, 0.34375, 0.15625, 0.046875, 0.21875, 0.1875, 0.625, 0.84375, 0.625, 0.09375, 0.0, 0.015625, 0.125]","[0.40625, 0.1875, 0.34375, 0.0625, 0.0, 0.1328125, 0.078125, 0.171875, 0.171875, 0.171875, 0.1875, 0.0234375, 0.15625, 0.1875, 0.375, 0.453125, 0.375, 0.09375, 0.0, 0.0078125, 0.125]",[34],0.896314533408584,0.7664141058967087
228,5408.125,"[0.75, 0.3125, 0.8125, 0.0625, 0.0, 0.265625, 0.078125, 0.34375, 0.28125, 0.34375, 0.15625, 0.046875, 0.21875, 0.1875, 0.375, 0.84375, 0.625, 0.09375, 0.0, 0.015625, 0.125]","[0.40625, 0.1875, 0.40625, 0.0625, 0.0, 0.1328125, 0.078125, 0.171875, 0.171875, 0.171875, 0.1875, 0.0234375, 0.15625, 0.1875, 0.25, 0.453125, 0.375, 0.09375, 0.0, 0.0078125, 0.125]",[12],0.9180854461468131,0.7700268916255232
229,5250.625,"[0.5, 0.3125, 0.8125, 0.03125, 0.0, 0.265625, 0.078125, 0.34375, 0.28125, 0.34375, 0.15625, 0.046875, 0.21875, 0.1875, 0.375, 0.84375, 0.625, 0.09375, 0.0, 0.015625, 0.125]","[0.28125, 0.1875, 0.40625, 0.03125, 0.0, 0.1328125, 0.078125, 0.171875, 0.171875, 0.171875, 0.1875, 0.0234375, 0.15625, 0.1875, 0.25, 0.453125, 0.375, 0.09375, 0.0, 0.0078125, 0.125]","[12, 3, 30]",0.9075584176080032,0.7652772667973344
230,5251.875,"[0.5, 0.3125, 0.8125, 0.03125, 0.0, 0.390625, 0.078125, 0.34375, 0.28125, 0.34375, 0.1875, 0.046875, 0.21875, 0.1875, 0.375, 0.84375, 0.625, 0.09375, 0.0, 0.015625, 0.125]","[0.28125, 0.1875, 0.40625, 0.03125, 0.0, 0.1953125, 0.078125, 0.171875, 0.171875, 0.171875, 0.25, 0.0234375, 0.15625, 0.1875, 0.25, 0.453125, 0.375, 0.09375, 0.0, 0.0078125, 0.125]","[3, 49]",0.8857761430803858,0.7448179099984958
231,5430.3125,"[0.5, 0.3125, 0.8125, 0.03125, 0.0, 0.390625, 0.0625, 0.34375, 0.28125, 0.34375, 0.1875, 0.046875, 0.21875, 0.1875, 0.375, 0.84375, 0.65625, 0.09375, 0.0, 0.140625, 0.125]","[0.28125, 0.1875, 0.40625, 0.03125, 0.0, 0.1953125, 0.0625, 0.171875, 0.171875, 0.171875, 0.25, 0.0234375, 0.15625, 0.1875, 0.25, 0.453125, 0.390625, 0.09375, 0.0, 0.0703125, 0.125]",[2],0.8574847737580774,0.7246418557001454
232,5430.3125,"[0.5, 0.3125, 0.8125, 0.03125, 0.0, 0.390625, 0.0625, 0.34375, 0.28125, 0.34375, 0.1875, 0.046875, 0.21875, 0.203125, 0.375, 0.84375, 0.65625, 0.09375, 0.0, 0.140625, 0.125]","[0.28125, 0.1875, 0.40625, 0.03125, 0.0, 0.1953125, 0.0625, 0.171875, 0.171875, 0.171875, 0.25, 0.0234375, 0.15625, 0.203125, 0.25, 0.453125, 0.390625, 0.09375, 0.0, 0.0703125, 0.125]",[64],0.8542859918061212,0.7222341317553873
233,5509.6875,"[0.5, 0.3125, 0.8125, 0.03125, 0.0, 0.390625, 0.0625, 0.34375, 0.21875, 0.34375, 0.1875, 0.046875, 0.21875, 0.203125, 0.375, 0.84375, 0.65625, 0.09375, 0.0, 0.140625, 0.125]","[0.28125, 0.1875, 0.40625, 0.03125, 0.0, 0.1953125, 0.0625, 0.171875, 0.109375, 0.171875, 0.25, 0.0234375, 0.15625, 0.203125, 0.25, 0.453125, 0.390625, 0.09375, 0.0, 0.0703125, 0.125]",[40],0.864751649008015,0.7392283477528451
234,5549.6875,"[0.5, 0.3125, 0.8125, 0.03125, 0.0, 0.515625, 0.0625, 0.34375, 0.21875, 0.34375, 0.1875, 0.046875, 0.21875, 0.203125, 0.375, 0.84375, 0.65625, 0.09375, 0.0, 0.140625, 0.125]","[0.28125, 0.1875, 0.40625, 0.03125, 0.0, 0.2578125, 0.0625, 0.171875, 0.109375, 0.171875, 0.25, 0.0234375, 0.15625, 0.203125, 0.25, 0.453125, 0.390625, 0.09375, 0.0, 0.0703125, 0.125]",[64],0.86110186157688,0.7335817114035783
235,5589.375,"[0.5, 0.0625, 0.8125, 0.03125, 0.0, 0.515625, 0.0625, 0.34375, 0.21875, 0.34375, 0.1875, 0.046875, 0.21875, 0.203125, 0.375, 0.84375, 0.65625, 0.09375, 0.0, 0.140625, 0.125]","[0.28125, 0.0625, 0.40625, 0.03125, 0.0, 0.2578125, 0.0625, 0.171875, 0.109375, 0.171875, 0.25, 0.0234375, 0.15625, 0.203125, 0.25, 0.453125, 0.390625, 0.09375, 0.0, 0.0703125, 0.125]",[29],0.9145843715485131,0.7721715901034651
236,5412.109375,"[0.5, 0.0625, 0.8125, 0.03125, 0.0, 0.515625, 0.0625, 0.34375, 0.21875, 0.09375, 0.1875, 0.046875, 0.21875, 0.2109375, 0.375, 0.84375, 0.65625, 0.09375, 0.0, 0.140625, 0.125]","[0.28125, 0.0625, 0.40625, 0.03125, 0.0, 0.2578125, 0.0625, 0.171875, 0.109375, 0.046875, 0.25, 0.0234375, 0.15625, 0.2109375, 0.25, 0.453125, 0.390625, 0.09375, 0.0, 0.0703125, 0.125]",[32],0.963286297177971,0.8148440612582323
237,5293.984375,"[0.5, 0.0625, 0.8125, 0.03125, 0.0, 0.515625, 0.0625, 0.34375, 0.21875, 0.09375, 0.1875, 0.046875, 0.21875, 0.2109375, 0.375, 0.84375, 0.65625, 0.09375, 0.0, 0.140625, 0.125]","[0.28125, 0.0625, 0.40625, 0.03125, 0.0, 0.2578125, 0.0625, 0.171875, 0.109375, 0.046875, 0.25, 0.0234375, 0.15625, 0.2109375, 0.25, 0.453125, 0.390625, 0.09375, 0.0, 0.0703125, 0.125]",[32],0.963286297177971,0.8148440612582323
238,5333.984375,"[0.5, 0.0625, 0.8125, 0.03125, 0.0, 0.515625, 0.0625, 0.34375, 0.21875, 0.09375, 0.1875, 0.03125, 0.21875, 0.2109375, 0.375, 0.84375, 0.65625, 0.09375, 0.0, 0.140625, 0.125]","[0.28125, 0.0625, 0.40625, 0.03125, 0.0, 0.2578125, 0.0625, 0.171875, 0.109375, 0.046875, 0.25, 0.015625, 0.15625, 0.2109375, 0.25, 0.453125, 0.390625, 0.09375, 0.0, 0.0703125, 0.125]",[13],0.9685056928018808,0.819137262404369
239,5393.515625,"[0.5, 0.0625, 0.8125, 0.03125, 0.0, 0.640625, 0.0625, 0.34375, 0.21875, 0.09375, 0.1875, 0.03125, 0.21875, 0.2109375, 0.375, 0.84375, 0.65625, 0.09375, 0.0, 0.140625, 0.125]","[0.28125, 0.0625, 0.40625, 0.03125, 0.0, 0.3203125, 0.0625, 0.171875, 0.109375, 0.046875, 0.25, 0.015625, 0.15625, 0.2109375, 0.25, 0.453125, 0.390625, 0.09375, 0.0, 0.0703125, 0.125]",[32],0.9738109790831309,0.8207542455326463
240,5433.203125,"[0.5, 0.0625, 0.8125, 0.03125, 0.0, 0.640625, 0.0625, 0.34375, 0.21875, 0.09375, 0.1875, 0.03125, 0.21875, 0.2109375, 0.375, 0.84375, 0.65625, 0.09375, 0.0, 0.140625, 0.125]","[0.28125, 0.0625, 0.40625, 0.03125, 0.0, 0.3203125, 0.0625, 0.171875, 0.109375, 0.046875, 0.25, 0.015625, 0.15625, 0.2109375, 0.25, 0.453125, 0.390625, 0.09375, 0.0, 0.0703125, 0.125]",[32],0.9738109790831309,0.8207542455326463
241,5413.359375,"[0.5, 0.0625, 0.8125, 0.03125, 0.0, 0.640625, 0.0625, 0.34375, 0.21875, 0.09375, 0.1875, 0.03125, 0.21875, 0.2109375, 0.375, 0.84375, 0.65625, 0.09375, 0.0, 0.140625, 0.125]","[0.28125, 0.0625, 0.40625, 0.03125, 0.0, 0.3203125, 0.0625, 0.171875, 0.109375, 0.046875, 0.25, 0.015625, 0.15625, 0.2109375, 0.25, 0.453125, 0.390625, 0.09375, 0.0, 0.0703125, 0.125]",[32],0.9738109790831309,0.8207542455326463
242,5433.359375,"[0.5, 0.0625, 0.8125, 0.03125, 0.0, 0.640625, 0.0625, 0.34375, 0.21875, 0.09375, 0.1875, 0.03125, 0.21875, 0.2109375, 0.375, 0.84375, 0.65625, 0.09375, 0.0, 0.140625, 0.140625]","[0.28125, 0.0625, 0.40625, 0.03125, 0.0, 0.3203125, 0.0625, 0.171875, 0.109375, 0.046875, 0.25, 0.015625, 0.15625, 0.2109375, 0.25, 0.453125, 0.390625, 0.09375, 0.0, 0.0703125, 0.140625]",[64],0.9696855834736693,0.8159946490148746
243,5512.109375,"[0.5, 0.0625, 0.8125, 0.03125, 0.0, 0.640625, 0.0625, 0.34375, 0.21875, 0.09375, 0.1875, 0.03125, 0.21875, 0.2109375, 0.375, 0.84375, 0.65625, 0.09375, 0.0, 0.140625, 0.140625]","[0.28125, 0.0625, 0.40625, 0.03125, 0.0, 0.3203125, 0.0625, 0.171875, 0.109375, 0.046875, 0.25, 0.015625, 0.15625, 0.2109375, 0.25, 0.453125, 0.390625, 0.09375, 0.0, 0.0703125, 0.140625]",[64],0.9696855834736693,0.8159946490148746
244,5592.109375,"[0.5, 0.0625, 0.8125, 0.03125, 0.0, 0.640625, 0.0625, 0.34375, 0.21875, 0.09375, 0.1875, 0.03125, 0.21875, 0.1796875, 0.375, 0.84375, 0.65625, 0.09375, 0.0, 0.140625, 0.140625]","[0.28125, 0.0625, 0.40625, 0.03125, 0.0, 0.3203125, 0.0625, 0.171875, 0.109375, 0.046875, 0.25, 0.015625, 0.15625, 0.1796875, 0.25, 0.453125, 0.390625, 0.09375, 0.0, 0.0703125, 0.140625]",[52],0.9766265073182281,0.8214465348159494
245,5393.046875,"[0.5, 0.0625, 0.875, 0.03125, 0.0, 0.640625, 0.0625, 0.34375, 0.21875, 0.09375, 0.1875, 0.03125, 0.21875, 0.1796875, 0.375, 0.84375, 0.65625, 0.09375, 0.0, 0.140625, 0.140625]","[0.28125, 0.0625, 0.46875, 0.03125, 0.0, 0.3203125, 0.0625, 0.171875, 0.109375, 0.046875, 0.25, 0.015625, 0.15625, 0.1796875, 0.25, 0.453125, 0.390625, 0.09375, 0.0, 0.0703125, 0.140625]",[64],0.989664164437258,0.8410033053408601
246,5412.890625,"[0.5, 0.0625, 0.875, 0.03125, 0.0, 0.640625, 0.0625, 0.34375, 0.21875, 0.09375, 0.1875, 0.03125, 0.234375, 0.1796875, 0.375, 0.84375, 0.65625, 0.09375, 0.0, 0.140625, 0.140625]","[0.28125, 0.0625, 0.46875, 0.03125, 0.0, 0.3203125, 0.0625, 0.171875, 0.109375, 0.046875, 0.25, 0.015625, 0.1640625, 0.1796875, 0.25, 0.453125, 0.390625, 0.09375, 0.0, 0.0703125, 0.140625]",[76],0.9864974956748613,0.8390157140489399
247,5452.578125,"[0.5, 0.0625, 0.875, 0.03125, 0.0, 0.671875, 0.0625, 0.34375, 0.21875, 0.09375, 0.1875, 0.0, 0.234375, 0.1640625, 0.375, 0.84375, 0.65625, 0.09375, 0.0, 0.140625, 0.140625]","[0.28125, 0.0625, 0.46875, 0.03125, 0.0, 0.3359375, 0.0625, 0.171875, 0.109375, 0.046875, 0.25, 0.0, 0.1640625, 0.1640625, 0.25, 0.453125, 0.390625, 0.09375, 0.0, 0.0703125, 0.140625]",[6],1.0032265738673147,0.8524883581971372
248,5451.796875,"[0.5, 0.1875, 0.875, 0.03125, 0.0, 0.671875, 0.0625, 0.34375, 0.21875, 0.09375, 0.1875, 0.0, 0.234375, 0.1640625, 0.375, 0.84375, 0.65625, 0.09375, 0.0, 0.140625, 0.140625]","[0.28125, 0.125, 0.46875, 0.03125, 0.0, 0.3359375, 0.0625, 0.171875, 0.109375, 0.046875, 0.25, 0.0, 0.1640625, 0.1640625, 0.25, 0.453125, 0.390625, 0.09375, 0.0, 0.0703125, 0.140625]",[54],0.9698337236176882,0.828458785378749
249,5451.796875,"[0.5, 0.1875, 0.875, 0.03125, 0.0, 0.671875, 0.0625, 0.34375, 0.21875, 0.09375, 0.1875, 0.0, 0.234375, 0.1640625, 0.375, 0.84375, 0.65625, 0.09375, 0.0, 0.140625, 0.140625]","[0.28125, 0.125, 0.46875, 0.03125, 0.0, 0.3359375, 0.0625, 0.171875, 0.109375, 0.046875, 0.25, 0.0, 0.1640625, 0.1640625, 0.25, 0.453125, 0.390625, 0.09375, 0.0, 0.0703125, 0.140625]","[54, 77, 78]",0.9698337236176882,0.828458785378749
250,5808.984375,"[0.5, 0.1875, 0.875, 0.15625, 0.0, 0.796875, 0.0625, 0.34375, 0.21875, 0.09375, 0.21875, 0.0, 0.234375, 0.1640625, 0.375, 0.84375, 0.65625, 0.09375, 0.0, 0.140625, 0.140625]","[0.28125, 0.125, 0.46875, 0.15625, 0.0, 0.3984375, 0.0625, 0.171875, 0.109375, 0.046875, 0.3125, 0.0, 0.1640625, 0.1640625, 0.25, 0.453125, 0.390625, 0.09375, 0.0, 0.0703125, 0.140625]",[79],0.9432614330366108,0.7888401901400309
251,5828.671875,"[0.5, 0.21875, 0.875, 0.15625, 0.0, 0.796875, 0.0625, 0.34375, 0.21875, 0.09375, 0.21875, 0.0, 0.234375, 0.1640625, 0.375, 0.84375, 0.65625, 0.09375, 0.0, 0.140625, 0.140625]","[0.28125, 0.140625, 0.46875, 0.15625, 0.0, 0.3984375, 0.0625, 0.171875, 0.109375, 0.046875, 0.3125, 0.0, 0.1640625, 0.1640625, 0.25, 0.453125, 0.390625, 0.09375, 0.0, 0.0703125, 0.140625]",[80],0.936814281927577,0.7842301380776582
252,5868.359375,"[0.5, 0.21875, 0.875, 0.15625, 0.0, 0.796875, 0.0625, 0.34375, 0.21875, 0.09375, 0.21875, 0.0, 0.234375, 0.1640625, 0.375, 0.84375, 0.65625, 0.09375, 0.0, 0.140625, 0.140625]","[0.28125, 0.140625, 0.46875, 0.15625, 0.0, 0.3984375, 0.0625, 0.171875, 0.109375, 0.046875, 0.3125, 0.0, 0.1640625, 0.1640625, 0.25, 0.453125, 0.390625, 0.09375, 0.0, 0.0703125, 0.140625]",[80],0.936814281927577,0.7842301380776582
253,5907.421875,"[0.5, 0.21875, 0.875, 0.15625, 0.0, 0.796875, 0.0625, 0.34375, 0.15625, 0.09375, 0.21875, 0.0, 0.234375, 0.1640625, 0.375, 0.84375, 0.78125, 0.09375, 0.0, 0.140625, 0.140625]","[0.28125, 0.140625, 0.46875, 0.15625, 0.0, 0.3984375, 0.0625, 0.171875, 0.078125, 0.046875, 0.3125, 0.0, 0.1640625, 0.1640625, 0.25, 0.453125, 0.453125, 0.09375, 0.0, 0.0703125, 0.140625]",[73],0.9619863344089564,0.8085740535040684
254,6025.546875,"[0.5, 0.21875, 0.875, 0.15625, 0.0, 0.796875, 0.0625, 0.34375, 0.15625, 0.09375, 0.21875, 0.0, 0.234375, 0.1640625, 0.375, 0.84375, 0.78125, 0.09375, 0.0, 0.140625, 0.140625]","[0.28125, 0.140625, 0.46875, 0.15625, 0.0, 0.3984375, 0.0625, 0.171875, 0.078125, 0.046875, 0.3125, 0.0, 0.1640625, 0.1640625, 0.25, 0.453125, 0.453125, 0.09375, 0.0, 0.0703125, 0.140625]",[73],0.9619863344089564,0.8085740535040684
255,5907.890625,"[0.5, 0.21875, 0.875, 0.15625, 0.0, 0.796875, 0.0625, 0.34375, 0.15625, 0.09375, 0.21875, 0.0, 0.234375, 0.1640625, 0.375, 0.84375, 0.78125, 0.09375, 0.0, 0.140625, 0.140625]","[0.28125, 0.140625, 0.46875, 0.15625, 0.0, 0.3984375, 0.0625, 0.171875, 0.078125, 0.046875, 0.3125, 0.0, 0.1640625, 0.1640625, 0.25, 0.453125, 0.453125, 0.09375, 0.0, 0.0703125, 0.140625]",[73],0.9619863344089564,0.8085740535040684
256,5887.96875,"[0.5, 0.21875, 0.875, 0.15625, 0.0, 0.796875, 0.0703125, 0.34375, 0.15625, 0.09375, 0.21875, 0.0, 0.234375, 0.1640625, 0.3125, 0.84375, 0.78125, 0.09375, 0.0, 0.140625, 0.140625]","[0.28125, 0.140625, 0.46875, 0.15625, 0.0, 0.3984375, 0.0703125, 0.171875, 0.078125, 0.046875, 0.3125, 0.0, 0.1640625, 0.1640625, 0.1875, 0.453125, 0.453125, 0.09375, 0.0, 0.0703125, 0.140625]",[42],0.9677360299774759,0.8147697075877949
257,5887.96875,"[0.5, 0.15625, 0.875, 0.15625, 0.0, 0.796875, 0.0703125, 0.34375, 0.15625, 0.09375, 0.21875, 0.0, 0.234375, 0.1328125, 0.3125, 0.84375, 0.78125, 0.09375, 0.0, 0.140625, 0.140625]","[0.28125, 0.078125, 0.46875, 0.15625, 0.0, 0.3984375, 0.0703125, 0.171875, 0.078125, 0.046875, 0.3125, 0.0, 0.1640625, 0.1328125, 0.1875, 0.453125, 0.453125, 0.09375, 0.0, 0.0703125, 0.140625]",[38],0.9890583825971276,0.8448528311439212
258,5808.28125,"[0.5, 0.15625, 0.875, 0.15625, 0.0, 0.796875, 0.0703125, 0.34375, 0.15625, 0.21875, 0.21875, 0.0, 0.234375, 0.1328125, 0.3125, 0.84375, 0.71875, 0.09375, 0.0, 0.140625, 0.140625]","[0.28125, 0.078125, 0.46875, 0.15625, 0.0, 0.3984375, 0.0703125, 0.171875, 0.078125, 0.109375, 0.3125, 0.0, 0.1640625, 0.1328125, 0.1875, 0.453125, 0.390625, 0.09375, 0.0, 0.0703125, 0.140625]",[42],0.952469980274319,0.8061489735450174
259,5768.90625,"[0.375, 0.15625, 0.875, 0.15625, 0.0, 0.796875, 0.0703125, 0.34375, 0.09375, 0.21875, 0.21875, 0.0, 0.234375, 0.1328125, 0.3125, 0.84375, 0.71875, 0.09375, 0.0, 0.140625, 0.140625]","[0.21875, 0.078125, 0.46875, 0.15625, 0.0, 0.3984375, 0.0703125, 0.171875, 0.046875, 0.109375, 0.3125, 0.0, 0.1640625, 0.1328125, 0.1875, 0.453125, 0.390625, 0.09375, 0.0, 0.0703125, 0.140625]","[42, 46, 48]",0.9772564909089156,0.8248595895400397
260,6006.40625,"[0.375, 0.15625, 0.875, 0.15625, 0.0, 0.796875, 0.0703125, 0.59375, 0.09375, 0.21875, 0.21875, 0.0, 0.234375, 0.1328125, 0.3125, 0.84375, 0.78125, 0.09375, 0.0, 0.265625, 0.140625]","[0.21875, 0.078125, 0.46875, 0.15625, 0.0, 0.3984375, 0.0703125, 0.296875, 0.046875, 0.109375, 0.3125, 0.0, 0.1640625, 0.1328125, 0.1875, 0.453125, 0.453125, 0.09375, 0.0, 0.1328125, 0.140625]",[74],0.9444785836577758,0.8016202651019456
261,6026.328125,"[0.375, 0.15625, 0.875, 0.15625, 0.0, 0.796875, 0.078125, 0.59375, 0.09375, 0.21875, 0.21875, 0.0, 0.234375, 0.1328125, 0.3125, 0.84375, 0.78125, 0.09375, 0.0, 0.265625, 0.140625]","[0.21875, 0.078125, 0.46875, 0.15625, 0.0, 0.3984375, 0.078125, 0.296875, 0.046875, 0.109375, 0.3125, 0.0, 0.1640625, 0.1328125, 0.1875, 0.453125, 0.453125, 0.09375, 0.0, 0.1328125, 0.140625]",[75],0.9423376789149359,0.7985240587297792
262,6065.703125,"[0.375, 0.15625, 0.875, 0.15625, 0.0, 0.796875, 0.078125, 0.65625, 0.09375, 0.21875, 0.21875, 0.0, 0.234375, 0.1328125, 0.3125, 0.84375, 0.78125, 0.09375, 0.0, 0.265625, 0.140625]","[0.21875, 0.078125, 0.46875, 0.15625, 0.0, 0.3984375, 0.078125, 0.328125, 0.046875, 0.109375, 0.3125, 0.0, 0.1640625, 0.1328125, 0.1875, 0.453125, 0.453125, 0.09375, 0.0, 0.1328125, 0.140625]",[81],0.9440123116893929,0.7988102199530531
263,6144.453125,"[0.375, 0.15625, 0.875, 0.15625, 0.0, 0.796875, 0.078125, 0.65625, 0.09375, 0.21875, 0.21875, 0.0, 0.234375, 0.1328125, 0.3125, 0.84375, 0.90625, 0.09375, 0.0, 0.265625, 0.140625]","[0.21875, 0.078125, 0.46875, 0.15625, 0.0, 0.3984375, 0.078125, 0.328125, 0.046875, 0.109375, 0.3125, 0.0, 0.1640625, 0.1328125, 0.1875, 0.453125, 0.515625, 0.09375, 0.0, 0.1328125, 0.140625]",[82],0.9606349275952868,0.8163049477109308
264,6303.203125,"[0.375, 0.15625, 0.875, 0.15625, 0.0, 0.796875, 0.078125, 0.65625, 0.09375, 0.21875, 0.21875, 0.0, 0.234375, 0.1328125, 0.3125, 0.84375, 0.90625, 0.09375, 0.0, 0.265625, 0.140625]","[0.21875, 0.078125, 0.46875, 0.15625, 0.0, 0.3984375, 0.078125, 0.328125, 0.046875, 0.109375, 0.3125, 0.0, 0.1640625, 0.1328125, 0.1875, 0.453125, 0.515625, 0.09375, 0.0, 0.1328125, 0.140625]",[82],0.9606349275952868,0.8163049477109308
265,6184.140625,"[0.375, 0.15625, 0.875, 0.15625, 0.0, 0.796875, 0.078125, 0.65625, 0.09375, 0.21875, 0.25, 0.0, 0.234375, 0.1328125, 0.3125, 0.84375, 0.90625, 0.09375, 0.0, 0.265625, 0.140625]","[0.21875, 0.078125, 0.46875, 0.15625, 0.0, 0.3984375, 0.078125, 0.328125, 0.046875, 0.109375, 0.375, 0.0, 0.1640625, 0.1328125, 0.1875, 0.453125, 0.515625, 0.09375, 0.0, 0.1328125, 0.140625]",[83],0.9548337380924062,0.818489812772072
266,6203.828125,"[0.34375, 0.15625, 0.875, 0.15625, 0.0, 0.796875, 0.078125, 0.625, 0.09375, 0.21875, 0.25, 0.0, 0.234375, 0.1328125, 0.3125, 0.84375, 0.90625, 0.09375, 0.0, 0.265625, 0.140625]","[0.203125, 0.078125, 0.46875, 0.15625, 0.0, 0.3984375, 0.078125, 0.3125, 0.046875, 0.109375, 0.375, 0.0, 0.1640625, 0.1328125, 0.1875, 0.453125, 0.515625, 0.09375, 0.0, 0.1328125, 0.140625]",[15],0.9579520867502516,0.8212964200962675
267,6184.453125,"[0.34375, 0.15625, 0.875, 0.15625, 0.0, 0.796875, 0.078125, 0.625, 0.09375, 0.21875, 0.25, 0.0, 0.234375, 0.1328125, 0.3125, 0.84375, 0.90625, 0.125, 0.0, 0.265625, 0.140625]","[0.203125, 0.078125, 0.46875, 0.15625, 0.0, 0.3984375, 0.078125, 0.3125, 0.046875, 0.109375, 0.375, 0.0, 0.1640625, 0.1328125, 0.1875, 0.453125, 0.515625, 0.125, 0.0, 0.1328125, 0.140625]",[65],0.9501430207601345,0.8109220519632755
268,6263.203125,"[0.46875, 0.15625, 0.875, 0.15625, 0.0, 0.796875, 0.078125, 0.625, 0.09375, 0.21875, 0.25, 0.0, 0.234375, 0.1328125, 0.3125, 0.84375, 0.90625, 0.125, 0.0, 0.265625, 0.140625]","[0.265625, 0.078125, 0.46875, 0.15625, 0.0, 0.3984375, 0.078125, 0.3125, 0.046875, 0.109375, 0.375, 0.0, 0.1640625, 0.1328125, 0.1875, 0.453125, 0.515625, 0.125, 0.0, 0.1328125, 0.140625]",[84],0.9380962759551448,0.8023816453127408
269,6421.953125,"[0.46875, 0.15625, 0.875, 0.15625, 0.0, 0.796875, 0.078125, 0.625, 0.09375, 0.21875, 0.25, 0.0, 0.234375, 0.1328125, 0.3125, 0.8125, 0.90625, 0.25, 0.0, 0.265625, 0.140625]","[0.265625, 0.078125, 0.46875, 0.15625, 0.0, 0.3984375, 0.078125, 0.3125, 0.046875, 0.109375, 0.375, 0.0, 0.1640625, 0.1328125, 0.1875, 0.4375, 0.515625, 0.25, 0.0, 0.1328125, 0.140625]",[37],0.9089046185777837,0.7737027316450532
270,6441.953125,"[0.46875, 0.15625, 0.8125, 0.15625, 0.0, 0.796875, 0.078125, 0.625, 0.09375, 0.21875, 0.25, 0.0, 0.234375, 0.1328125, 0.3125, 0.75, 0.90625, 0.25, 0.0, 0.265625, 0.140625]","[0.265625, 0.078125, 0.4375, 0.15625, 0.0, 0.3984375, 0.078125, 0.3125, 0.046875, 0.109375, 0.375, 0.0, 0.1640625, 0.1328125, 0.1875, 0.375, 0.515625, 0.25, 0.0, 0.1328125, 0.140625]",[36],0.8938211918244828,0.7585419124897198
271,6343.203125,"[0.46875, 0.15625, 0.84375, 0.15625, 0.0, 0.796875, 0.078125, 0.625, 0.09375, 0.21875, 0.25, 0.0, 0.234375, 0.1328125, 0.3125, 0.75, 0.90625, 0.25, 0.0, 0.265625, 0.140625]","[0.265625, 0.078125, 0.453125, 0.15625, 0.0, 0.3984375, 0.078125, 0.3125, 0.046875, 0.109375, 0.375, 0.0, 0.1640625, 0.1328125, 0.1875, 0.375, 0.515625, 0.25, 0.0, 0.1328125, 0.140625]",[37],0.8980445681441668,0.7618386298181944
272,6382.890625,"[0.46875, 0.15625, 0.84375, 0.15625, 0.0, 0.796875, 0.078125, 0.625, 0.09375, 0.21875, 0.125, 0.0, 0.234375, 0.1328125, 0.3125, 0.75, 0.90625, 0.25, 0.0, 0.265625, 0.140625]","[0.265625, 0.078125, 0.453125, 0.15625, 0.0, 0.3984375, 0.078125, 0.3125, 0.046875, 0.109375, 0.25, 0.0, 0.1640625, 0.1328125, 0.1875, 0.375, 0.515625, 0.25, 0.0, 0.1328125, 0.140625]",[37],0.9236502723693901,0.7611565424155433
273,6263.203125,"[0.46875, 0.15625, 0.84375, 0.15625, 0.0, 0.796875, 0.078125, 0.625, 0.21875, 0.21875, 0.125, 0.0, 0.234375, 0.1328125, 0.3125, 0.75, 0.90625, 0.25, 0.0, 0.265625, 0.140625]","[0.265625, 0.078125, 0.453125, 0.15625, 0.0, 0.3984375, 0.078125, 0.3125, 0.109375, 0.109375, 0.25, 0.0, 0.1640625, 0.1328125, 0.1875, 0.375, 0.515625, 0.25, 0.0, 0.1328125, 0.140625]",[47],0.8959949874546507,0.7374465656213328
274,6420.703125,"[0.46875, 0.15625, 0.84375, 0.15625, 0.0, 0.796875, 0.078125, 0.625, 0.46875, 0.21875, 0.125, 0.0, 0.234375, 0.1328125, 0.3125, 0.75, 0.90625, 0.25, 0.0, 0.265625, 0.140625]","[0.265625, 0.078125, 0.453125, 0.15625, 0.0, 0.3984375, 0.078125, 0.3125, 0.234375, 0.109375, 0.25, 0.0, 0.1640625, 0.1328125, 0.1875, 0.375, 0.515625, 0.25, 0.0, 0.1328125, 0.140625]",[57],0.8661628014992425,0.7101763379317731
275,6460.390625,"[0.46875, 0.15625, 0.84375, 0.15625, 0.0, 0.796875, 0.078125, 0.625, 0.46875, 0.21875, 0.125, 0.0, 0.234375, 0.1328125, 0.3125, 0.75, 0.90625, 0.25, 0.03125, 0.265625, 0.140625]","[0.265625, 0.078125, 0.453125, 0.15625, 0.0, 0.3984375, 0.078125, 0.3125, 0.234375, 0.109375, 0.25, 0.0, 0.1640625, 0.1328125, 0.1875, 0.375, 0.515625, 0.25, 0.03125, 0.1328125, 0.140625]",[85],0.8573107320048242,0.6953534953651154
276,6480.078125,"[0.46875, 0.15625, 0.84375, 0.15625, 0.0, 0.796875, 0.078125, 0.625, 0.46875, 0.25, 0.125, 0.0, 0.234375, 0.1328125, 0.3125, 0.75, 0.90625, 0.25, 0.03125, 0.265625, 0.140625]","[0.265625, 0.078125, 0.453125, 0.15625, 0.0, 0.3984375, 0.078125, 0.3125, 0.234375, 0.125, 0.25, 0.0, 0.1640625, 0.1328125, 0.1875, 0.375, 0.515625, 0.25, 0.03125, 0.1328125, 0.140625]",[86],0.8519390052474571,0.6905819318155204
277,6519.765625,"[0.46875, 0.15625, 0.84375, 0.15625, 0.0, 0.796875, 0.078125, 0.625, 0.46875, 0.25, 0.125, 0.0, 0.234375, 0.1328125, 0.3125, 0.75, 0.90625, 0.25, 0.03125, 0.296875, 0.140625]","[0.265625, 0.078125, 0.453125, 0.15625, 0.0, 0.3984375, 0.078125, 0.3125, 0.234375, 0.125, 0.25, 0.0, 0.1640625, 0.1328125, 0.1875, 0.375, 0.515625, 0.25, 0.03125, 0.1484375, 0.140625]",[87],0.8473252105435387,0.6864256443994907
278,6598.515625,"[0.46875, 0.15625, 0.84375, 0.15625, 0.0, 0.796875, 0.078125, 0.75, 0.46875, 0.25, 0.125, 0.0, 0.234375, 0.1328125, 0.3125, 0.75, 0.90625, 0.25, 0.03125, 0.296875, 0.140625]","[0.265625, 0.078125, 0.453125, 0.15625, 0.0, 0.3984375, 0.078125, 0.375, 0.234375, 0.125, 0.25, 0.0, 0.1640625, 0.1328125, 0.1875, 0.375, 0.515625, 0.25, 0.03125, 0.1484375, 0.140625]",[88],0.8538366338023737,0.6904922803062491
279,6757.265625,"[0.46875, 0.15625, 0.84375, 0.15625, 0.0, 0.796875, 0.078125, 0.75, 0.46875, 0.25, 0.125, 0.125, 0.234375, 0.1328125, 0.3125, 0.75, 0.90625, 0.25, 0.03125, 0.296875, 0.140625]","[0.265625, 0.078125, 0.453125, 0.15625, 0.0, 0.3984375, 0.078125, 0.375, 0.234375, 0.125, 0.25, 0.0625, 0.1640625, 0.1328125, 0.1875, 0.375, 0.515625, 0.25, 0.03125, 0.1484375, 0.140625]",[89],0.8223869109475789,0.6629657080670116
280,6796.953125,"[0.46875, 0.15625, 0.84375, 0.15625, 0.0, 0.796875, 0.078125, 0.75, 0.46875, 0.25, 0.125, 0.125, 0.234375, 0.125, 0.3125, 0.75, 0.90625, 0.25, 0.03125, 0.296875, 0.140625]","[0.265625, 0.078125, 0.453125, 0.15625, 0.0, 0.3984375, 0.078125, 0.375, 0.234375, 0.125, 0.25, 0.0625, 0.1640625, 0.125, 0.1875, 0.375, 0.515625, 0.25, 0.03125, 0.1484375, 0.140625]",[43],0.8240909600947494,0.6651712677290914
281,6757.03125,"[0.46875, 0.15625, 0.84375, 0.15625, 0.0, 0.796875, 0.078125, 0.75, 0.5, 0.25, 0.125, 0.125, 0.234375, 0.125, 0.3125, 0.75, 0.90625, 0.25, 0.03125, 0.296875, 0.140625]","[0.265625, 0.078125, 0.453125, 0.15625, 0.0, 0.3984375, 0.078125, 0.375, 0.25, 0.125, 0.25, 0.0625, 0.1640625, 0.125, 0.1875, 0.375, 0.515625, 0.25, 0.03125, 0.1484375, 0.140625]",[89],0.8226266178016596,0.6636222865154329
282,6796.40625,"[0.46875, 0.15625, 0.84375, 0.15625, 0.0, 0.796875, 0.078125, 0.75, 0.5, 0.25, 0.125, 0.125, 0.234375, 0.125, 0.3125, 0.75, 0.90625, 0.25, 0.03125, 0.296875, 0.140625]","[0.265625, 0.078125, 0.453125, 0.15625, 0.0, 0.3984375, 0.078125, 0.375, 0.25, 0.125, 0.25, 0.0625, 0.1640625, 0.125, 0.1875, 0.375, 0.515625, 0.25, 0.03125, 0.1484375, 0.140625]",[89],0.8226266178016596,0.6636222865154329
283,6836.71875,"[0.4375, 0.15625, 0.84375, 0.15625, 0.0, 0.796875, 0.078125, 0.75, 0.5, 0.25, 0.125, 0.125, 0.234375, 0.125, 0.3125, 0.75, 0.90625, 0.25, 0.03125, 0.296875, 0.171875]","[0.25, 0.078125, 0.453125, 0.15625, 0.0, 0.3984375, 0.078125, 0.375, 0.25, 0.125, 0.25, 0.0625, 0.1640625, 0.125, 0.1875, 0.375, 0.515625, 0.25, 0.03125, 0.1484375, 0.171875]",[50],0.8181665106006563,0.6573451856033574
284,6974.53125,"[0.4375, 0.40625, 0.84375, 0.15625, 0.0, 0.796875, 0.078125, 0.75, 0.5, 0.25, 0.125, 0.125, 0.234375, 0.125, 0.3125, 0.75, 0.90625, 0.25, 0.03125, 0.296875, 0.171875]","[0.25, 0.203125, 0.453125, 0.15625, 0.0, 0.3984375, 0.078125, 0.375, 0.25, 0.125, 0.25, 0.0625, 0.1640625, 0.125, 0.1875, 0.375, 0.515625, 0.25, 0.03125, 0.1484375, 0.171875]",[90],0.782608695652174,0.6246454177164878
285,7014.21875,"[0.4375, 0.40625, 0.84375, 0.15625, 0.0, 0.796875, 0.078125, 0.75, 0.5, 0.25, 0.15625, 0.125, 0.234375, 0.125, 0.3125, 0.75, 0.90625, 0.25, 0.03125, 0.296875, 0.171875]","[0.25, 0.203125, 0.453125, 0.15625, 0.0, 0.3984375, 0.078125, 0.375, 0.25, 0.125, 0.3125, 0.0625, 0.1640625, 0.125, 0.1875, 0.375, 0.515625, 0.25, 0.03125, 0.1484375, 0.171875]",[91],0.7761565309714706,0.6223533749983887
286,7033.90625,"[0.4375, 0.40625, 0.84375, 0.15625, 0.0, 0.796875, 0.078125, 0.75, 0.5, 0.25, 0.15625, 0.125, 0.234375, 0.125, 0.3125, 0.75, 0.90625, 0.25, 0.03125, 0.296875, 0.171875]","[0.25, 0.203125, 0.453125, 0.15625, 0.0, 0.3984375, 0.078125, 0.375, 0.25, 0.125, 0.3125, 0.0625, 0.1640625, 0.125, 0.1875, 0.375, 0.515625, 0.25, 0.03125, 0.1484375, 0.171875]",[91],0.7761565309714706,0.6223533749983887
287,7053.90625,"[0.4375, 0.28125, 0.84375, 0.15625, 0.0, 0.796875, 0.078125, 0.75, 0.5, 0.25, 0.15625, 0.125, 0.234375, 0.125, 0.3125, 0.75, 0.90625, 0.25, 0.03125, 0.296875, 0.171875]","[0.25, 0.140625, 0.453125, 0.15625, 0.0, 0.3984375, 0.078125, 0.375, 0.25, 0.125, 0.3125, 0.0625, 0.1640625, 0.125, 0.1875, 0.375, 0.515625, 0.25, 0.03125, 0.1484375, 0.171875]",[6],0.7900198917750162,0.6355527050137681
288,7014.21875,"[0.4375, 0.28125, 0.84375, 0.15625, 0.0, 0.796875, 0.078125, 0.75, 0.5, 0.25, 0.15625, 0.125, 0.203125, 0.125, 0.4375, 0.75, 0.90625, 0.125, 0.03125, 0.296875, 0.171875]","[0.25, 0.140625, 0.453125, 0.15625, 0.0, 0.3984375, 0.078125, 0.375, 0.25, 0.125, 0.3125, 0.0625, 0.1328125, 0.125, 0.25, 0.375, 0.515625, 0.125, 0.03125, 0.1484375, 0.171875]",[25],0.8065328826890603,0.6581466294286095
289,6973.28125,"[0.4375, 0.53125, 0.84375, 0.15625, 0.0, 0.796875, 0.0703125, 0.75, 0.5, 0.25, 0.15625, 0.125, 0.203125, 0.125, 0.4375, 0.75, 0.90625, 0.125, 0.03125, 0.296875, 0.171875]","[0.25, 0.265625, 0.453125, 0.15625, 0.0, 0.3984375, 0.0703125, 0.375, 0.25, 0.125, 0.3125, 0.0625, 0.1328125, 0.125, 0.25, 0.375, 0.515625, 0.125, 0.03125, 0.1484375, 0.171875]",[73],0.7874246599133781,0.6405855557436534
290,6993.046875,"[0.4375, 0.53125, 0.84375, 0.15625, 0.0, 0.796875, 0.0703125, 0.75, 0.5, 0.25, 0.15625, 0.125, 0.234375, 0.125, 0.4375, 0.75, 0.90625, 0.125, 0.03125, 0.296875, 0.171875]","[0.25, 0.265625, 0.453125, 0.15625, 0.0, 0.3984375, 0.0703125, 0.375, 0.25, 0.125, 0.3125, 0.0625, 0.1640625, 0.125, 0.25, 0.375, 0.515625, 0.125, 0.03125, 0.1484375, 0.171875]",[84],0.7821476876410746,0.632821764545895
291,7012.890625,"[0.4375, 0.53125, 0.84375, 0.171875, 0.0, 0.796875, 0.0703125, 0.75, 0.5, 0.25, 0.15625, 0.125, 0.234375, 0.125, 0.4375, 0.75, 0.90625, 0.125, 0.03125, 0.296875, 0.171875]","[0.25, 0.265625, 0.453125, 0.171875, 0.0, 0.3984375, 0.0703125, 0.375, 0.25, 0.125, 0.3125, 0.0625, 0.1640625, 0.125, 0.25, 0.375, 0.515625, 0.125, 0.03125, 0.1484375, 0.171875]",[91],0.779128013986491,0.6293234639759181
292,7052.578125,"[0.4375, 0.53125, 0.71875, 0.171875, 0.0, 0.796875, 0.0703125, 0.75, 0.5, 0.25, 0.15625, 0.15625, 0.234375, 0.125, 0.4375, 0.75, 0.90625, 0.125, 0.03125, 0.296875, 0.171875]","[0.25, 0.265625, 0.390625, 0.171875, 0.0, 0.3984375, 0.0703125, 0.375, 0.25, 0.125, 0.3125, 0.078125, 0.1640625, 0.125, 0.25, 0.375, 0.515625, 0.125, 0.03125, 0.1484375, 0.171875]",[10],0.7611389783598644,0.6118763062813697
293,7053.515625,"[0.4375, 0.53125, 0.71875, 0.171875, 0.0, 0.796875, 0.0703125, 0.75, 0.5, 0.25, 0.15625, 0.15625, 0.234375, 0.125, 0.4375, 0.75, 0.90625, 0.125, 0.03125, 0.296875, 0.171875]","[0.25, 0.265625, 0.390625, 0.171875, 0.0, 0.3984375, 0.0703125, 0.375, 0.25, 0.125, 0.3125, 0.078125, 0.1640625, 0.125, 0.25, 0.375, 0.515625, 0.125, 0.03125, 0.1484375, 0.171875]",[10],0.7611389783598644,0.6118763062813697
294,7133.203125,"[0.4375, 0.53125, 0.71875, 0.171875, 0.0, 0.796875, 0.0703125, 0.75, 0.5, 0.25, 0.15625, 0.15625, 0.234375, 0.125, 0.4375, 0.75, 0.90625, 0.125, 0.03125, 0.296875, 0.171875]","[0.25, 0.265625, 0.390625, 0.171875, 0.0, 0.3984375, 0.0703125, 0.375, 0.25, 0.125, 0.3125, 0.078125, 0.1640625, 0.125, 0.25, 0.375, 0.515625, 0.125, 0.03125, 0.1484375, 0.171875]",[10],0.7611389783598644,0.6118763062813697
295,7013.203125,"[0.4375, 0.53125, 0.71875, 0.171875, 0.0, 0.796875, 0.0703125, 0.71875, 0.5, 0.25, 0.15625, 0.15625, 0.234375, 0.125, 0.4375, 0.75, 0.90625, 0.125, 0.03125, 0.296875, 0.171875]","[0.25, 0.265625, 0.390625, 0.171875, 0.0, 0.3984375, 0.0703125, 0.359375, 0.25, 0.125, 0.3125, 0.078125, 0.1640625, 0.125, 0.25, 0.375, 0.515625, 0.125, 0.03125, 0.1484375, 0.171875]",[10],0.7586975527560922,0.6101583503493329
296,6973.984375,"[0.4375, 0.53125, 0.71875, 0.1875, 0.0, 0.796875, 0.0703125, 0.71875, 0.5, 0.25, 0.15625, 0.15625, 0.234375, 0.125, 0.4375, 0.75, 0.90625, 0.125, 0.03125, 0.296875, 0.171875]","[0.25, 0.265625, 0.390625, 0.1875, 0.0, 0.3984375, 0.0703125, 0.359375, 0.25, 0.125, 0.3125, 0.078125, 0.1640625, 0.125, 0.25, 0.375, 0.515625, 0.125, 0.03125, 0.1484375, 0.171875]",[17],0.7557724308874185,0.6070928350742126
297,7013.671875,"[0.4375, 0.53125, 0.71875, 0.1875, 0.0, 0.796875, 0.0703125, 0.71875, 0.5, 0.25, 0.15625, 0.15625, 0.234375, 0.125, 0.4375, 0.75, 0.90625, 0.125, 0.0625, 0.296875, 0.171875]","[0.25, 0.265625, 0.390625, 0.1875, 0.0, 0.3984375, 0.0703125, 0.359375, 0.25, 0.125, 0.3125, 0.078125, 0.1640625, 0.125, 0.25, 0.375, 0.515625, 0.125, 0.046875, 0.1484375, 0.171875]",[92],0.7479364152378262,0.6004211870333626
298,7093.046875,"[0.4375, 0.53125, 0.71875, 0.1875, 0.0, 0.796875, 0.0703125, 0.71875, 0.5, 0.25, 0.15625, 0.15625, 0.234375, 0.125, 0.4375, 0.75, 0.90625, 0.125, 0.0625, 0.359375, 0.171875]","[0.25, 0.265625, 0.390625, 0.1875, 0.0, 0.3984375, 0.0703125, 0.359375, 0.25, 0.125, 0.3125, 0.078125, 0.1640625, 0.125, 0.25, 0.375, 0.515625, 0.125, 0.046875, 0.1796875, 0.171875]",[93],0.7407606404011995,0.5935006052268056
299,7251.796875,"[0.4375, 0.53125, 0.71875, 0.15625, 0.0, 0.796875, 0.0703125, 0.71875, 0.5, 0.25, 0.15625, 0.15625, 0.234375, 0.125, 0.4375, 0.75, 0.90625, 0.125, 0.0625, 0.359375, 0.171875]","[0.25, 0.265625, 0.390625, 0.15625, 0.0, 0.3984375, 0.0703125, 0.359375, 0.25, 0.125, 0.3125, 0.078125, 0.1640625, 0.125, 0.25, 0.375, 0.515625, 0.125, 0.046875, 0.1796875, 0.171875]",[5],0.7466868800729011,0.6000191512791507
300,7093.203125,"[0.4375, 0.53125, 0.71875, 0.15625, 0.0, 0.796875, 0.0703125, 0.71875, 0.5, 0.25, 0.15625, 0.15625, 0.234375, 0.125, 0.4375, 0.75, 0.90625, 0.125, 0.0625, 0.359375, 0.171875]","[0.25, 0.265625, 0.390625, 0.15625, 0.0, 0.3984375, 0.0703125, 0.359375, 0.25, 0.125, 0.3125, 0.078125, 0.1640625, 0.125, 0.25, 0.375, 0.515625, 0.125, 0.046875, 0.1796875, 0.171875]",[5],0.7466868800729011,0.6000191512791507
301,7073.046875,"[0.4375, 0.53125, 0.71875, 0.140625, 0.0, 0.796875, 0.0703125, 0.71875, 0.5, 0.25, 0.15625, 0.15625, 0.234375, 0.125, 0.4375, 0.75, 0.90625, 0.125, 0.0625, 0.359375, 0.171875]","[0.25, 0.265625, 0.390625, 0.140625, 0.0, 0.3984375, 0.0703125, 0.359375, 0.25, 0.125, 0.3125, 0.078125, 0.1640625, 0.125, 0.25, 0.375, 0.515625, 0.125, 0.046875, 0.1796875, 0.171875]",[5],0.7498309129776156,0.6038828041971832
302,7073.359375,"[0.4375, 0.53125, 0.71875, 0.140625, 0.0, 0.796875, 0.0859375, 0.71875, 0.5, 0.25, 0.15625, 0.15625, 0.203125, 0.125, 0.4375, 0.75, 0.90625, 0.125, 0.0625, 0.359375, 0.171875]","[0.25, 0.265625, 0.390625, 0.140625, 0.0, 0.3984375, 0.0859375, 0.359375, 0.25, 0.125, 0.3125, 0.078125, 0.1328125, 0.125, 0.25, 0.375, 0.515625, 0.125, 0.046875, 0.1796875, 0.171875]",[39],0.7513993417221918,0.6059342258340518
303,7112.421875,"[0.4375, 0.53125, 0.71875, 0.140625, 0.0, 0.796875, 0.0859375, 0.84375, 0.5, 0.25, 0.15625, 0.15625, 0.203125, 0.125, 0.4375, 0.75, 0.90625, 0.125, 0.0625, 0.359375, 0.171875]","[0.25, 0.265625, 0.390625, 0.140625, 0.0, 0.3984375, 0.0859375, 0.421875, 0.25, 0.125, 0.3125, 0.078125, 0.1328125, 0.125, 0.25, 0.375, 0.515625, 0.125, 0.046875, 0.1796875, 0.171875]",[84],0.7633726316123514,0.6149737404353333
304,7271.171875,"[0.4375, 0.53125, 0.71875, 0.140625, 0.125, 0.796875, 0.0859375, 0.84375, 0.5, 0.25, 0.15625, 0.15625, 0.203125, 0.125, 0.4375, 0.75, 0.90625, 0.125, 0.0625, 0.359375, 0.171875]","[0.25, 0.265625, 0.390625, 0.140625, 0.0625, 0.3984375, 0.0859375, 0.421875, 0.25, 0.125, 0.3125, 0.078125, 0.1328125, 0.125, 0.25, 0.375, 0.515625, 0.125, 0.046875, 0.1796875, 0.171875]",[93],0.7336350838744116,0.587805197464358
305,7310.859375,"[0.4375, 0.53125, 0.71875, 0.140625, 0.125, 0.765625, 0.0859375, 0.84375, 0.5, 0.25, 0.15625, 0.15625, 0.203125, 0.125, 0.4375, 0.75, 0.90625, 0.125, 0.0625, 0.359375, 0.171875]","[0.25, 0.265625, 0.390625, 0.140625, 0.0625, 0.3828125, 0.0859375, 0.421875, 0.25, 0.125, 0.3125, 0.078125, 0.1328125, 0.125, 0.25, 0.375, 0.515625, 0.125, 0.046875, 0.1796875, 0.171875]",[76],0.7306545645316763,0.5855197121646148
306,7251.171875,"[0.4375, 0.53125, 0.71875, 0.140625, 0.125, 0.765625, 0.0859375, 0.84375, 0.5, 0.25, 0.15625, 0.15625, 0.203125, 0.125, 0.4375, 0.75, 0.90625, 0.125, 0.0625, 0.359375, 0.171875]","[0.25, 0.265625, 0.390625, 0.140625, 0.0625, 0.3828125, 0.0859375, 0.421875, 0.25, 0.125, 0.3125, 0.078125, 0.1328125, 0.125, 0.25, 0.375, 0.515625, 0.125, 0.046875, 0.1796875, 0.171875]",[76],0.7306545645316763,0.5855197121646148
307,7271.328125,"[0.4375, 0.53125, 0.71875, 0.140625, 0.125, 0.765625, 0.1015625, 0.84375, 0.5, 0.25, 0.15625, 0.15625, 0.203125, 0.125, 0.4375, 0.75, 0.90625, 0.125, 0.0625, 0.359375, 0.171875]","[0.25, 0.265625, 0.390625, 0.140625, 0.0625, 0.3828125, 0.1015625, 0.421875, 0.25, 0.125, 0.3125, 0.078125, 0.1328125, 0.125, 0.25, 0.375, 0.515625, 0.125, 0.046875, 0.1796875, 0.171875]",[93],0.7271611946136347,0.5802646812990867
308,7350.703125,"[0.4375, 0.53125, 0.71875, 0.140625, 0.125, 0.765625, 0.1015625, 0.84375, 0.5, 0.25, 0.15625, 0.15625, 0.203125, 0.125, 0.4375, 0.75, 0.90625, 0.125, 0.0625, 0.359375, 0.171875]","[0.25, 0.265625, 0.390625, 0.140625, 0.0625, 0.3828125, 0.1015625, 0.421875, 0.25, 0.125, 0.3125, 0.078125, 0.1328125, 0.125, 0.25, 0.375, 0.515625, 0.125, 0.046875, 0.1796875, 0.171875]",[93],0.7271611946136347,0.5802646812990867
309,7428.828125,"[0.4375, 0.53125, 0.96875, 0.140625, 0.125, 0.765625, 0.1015625, 0.84375, 0.5, 0.25, 0.15625, 0.15625, 0.203125, 0.125, 0.4375, 0.75, 0.90625, 0.125, 0.0625, 0.359375, 0.171875]","[0.25, 0.265625, 0.515625, 0.140625, 0.0625, 0.3828125, 0.1015625, 0.421875, 0.25, 0.125, 0.3125, 0.078125, 0.1328125, 0.125, 0.25, 0.375, 0.515625, 0.125, 0.046875, 0.1796875, 0.171875]",[94],0.7553177353482623,0.6086379813070867
310,7468.671875,"[0.4375, 0.53125, 0.96875, 0.140625, 0.125, 0.765625, 0.1015625, 0.84375, 0.5, 0.25, 0.15625, 0.15625, 0.203125, 0.125, 0.4375, 0.75, 0.90625, 0.125, 0.0625, 0.359375, 0.171875]","[0.25, 0.265625, 0.515625, 0.140625, 0.0625, 0.3828125, 0.1015625, 0.421875, 0.25, 0.125, 0.3125, 0.078125, 0.1328125, 0.125, 0.25, 0.375, 0.515625, 0.125, 0.046875, 0.1796875, 0.171875]",[94],0.7553177353482623,0.6086379813070867
311,7448.515625,"[0.4375, 0.53125, 0.96875, 0.140625, 0.125, 0.703125, 0.1015625, 0.84375, 0.5, 0.25, 0.15625, 0.15625, 0.203125, 0.125, 0.46875, 0.75, 0.90625, 0.125, 0.0625, 0.359375, 0.171875]","[0.25, 0.265625, 0.515625, 0.140625, 0.0625, 0.3515625, 0.1015625, 0.421875, 0.25, 0.125, 0.3125, 0.078125, 0.1328125, 0.125, 0.265625, 0.375, 0.515625, 0.125, 0.046875, 0.1796875, 0.171875]",[58],0.7498530743621011,0.6048554034080189
312,7408.828125,"[0.4375, 0.53125, 0.96875, 0.140625, 0.125, 0.703125, 0.1015625, 0.84375, 0.5, 0.25, 0.15625, 0.15625, 0.203125, 0.125, 0.46875, 0.75, 0.78125, 0.125, 0.0625, 0.390625, 0.171875]","[0.25, 0.265625, 0.515625, 0.140625, 0.0625, 0.3515625, 0.1015625, 0.421875, 0.25, 0.125, 0.3125, 0.078125, 0.1328125, 0.125, 0.265625, 0.375, 0.453125, 0.125, 0.046875, 0.1953125, 0.171875]",[80],0.7331456500071689,0.5850507090575755
313,7409.765625,"[0.4375, 0.53125, 0.96875, 0.140625, 0.125, 0.703125, 0.1015625, 0.84375, 0.5, 0.25, 0.15625, 0.15625, 0.203125, 0.125, 0.46875, 0.75, 0.78125, 0.125, 0.0625, 0.390625, 0.203125]","[0.25, 0.265625, 0.515625, 0.140625, 0.0625, 0.3515625, 0.1015625, 0.421875, 0.25, 0.125, 0.3125, 0.078125, 0.1328125, 0.125, 0.265625, 0.375, 0.453125, 0.125, 0.046875, 0.1953125, 0.203125]",[95],0.7275795487929517,0.5792644704813923
314,7569.140625,"[0.4375, 0.53125, 0.96875, 0.140625, 0.125, 0.703125, 0.1015625, 0.84375, 0.5, 0.25, 0.15625, 0.15625, 0.203125, 0.125, 0.46875, 0.75, 0.78125, 0.125, 0.0625, 0.390625, 0.265625]","[0.25, 0.265625, 0.515625, 0.140625, 0.0625, 0.3515625, 0.1015625, 0.421875, 0.25, 0.125, 0.3125, 0.078125, 0.1328125, 0.125, 0.265625, 0.375, 0.453125, 0.125, 0.046875, 0.1953125, 0.265625]",[96],0.7177957187332814,0.5722479049558661
315,7608.515625,"[0.4375, 0.53125, 0.96875, 0.140625, 0.125, 0.703125, 0.1015625, 0.90625, 0.5, 0.25, 0.15625, 0.15625, 0.203125, 0.125, 0.46875, 0.75, 0.78125, 0.125, 0.0625, 0.390625, 0.265625]","[0.25, 0.265625, 0.515625, 0.140625, 0.0625, 0.3515625, 0.1015625, 0.484375, 0.25, 0.125, 0.3125, 0.078125, 0.1328125, 0.125, 0.265625, 0.375, 0.453125, 0.125, 0.046875, 0.1953125, 0.265625]",[97],0.7257194243492885,0.5857207381242218
316,7628.4375,"[0.4375, 0.53125, 0.96875, 0.140625, 0.125, 0.703125, 0.109375, 0.90625, 0.5, 0.25, 0.15625, 0.15625, 0.203125, 0.125, 0.46875, 0.75, 0.78125, 0.125, 0.0625, 0.390625, 0.265625]","[0.25, 0.265625, 0.515625, 0.140625, 0.0625, 0.3515625, 0.109375, 0.484375, 0.25, 0.125, 0.3125, 0.078125, 0.1328125, 0.125, 0.265625, 0.375, 0.453125, 0.125, 0.046875, 0.1953125, 0.265625]",[98],0.7240619068527911,0.5833003085475378
317,7668.125,"[0.4375, 0.53125, 0.84375, 0.140625, 0.125, 0.703125, 0.109375, 0.90625, 0.5, 0.25, 0.15625, 0.15625, 0.203125, 0.125, 0.46875, 0.75, 0.78125, 0.125, 0.0625, 0.390625, 0.265625]","[0.25, 0.265625, 0.453125, 0.140625, 0.0625, 0.3515625, 0.109375, 0.484375, 0.25, 0.125, 0.3125, 0.078125, 0.1328125, 0.125, 0.265625, 0.375, 0.453125, 0.125, 0.046875, 0.1953125, 0.265625]",[35],0.7059174381713853,0.5667518325758008
318,7629.0625,"[0.4375, 0.53125, 0.84375, 0.140625, 0.125, 0.703125, 0.109375, 0.90625, 0.5, 0.25, 0.15625, 0.15625, 0.203125, 0.125, 0.46875, 0.75, 0.78125, 0.125, 0.0625, 0.390625, 0.265625]","[0.25, 0.265625, 0.453125, 0.140625, 0.0625, 0.3515625, 0.109375, 0.484375, 0.25, 0.125, 0.3125, 0.078125, 0.1328125, 0.125, 0.265625, 0.375, 0.453125, 0.125, 0.046875, 0.1953125, 0.265625]",[35],0.7059174381713853,0.5667518325758008
319,7708.4375,"[0.4375, 0.53125, 0.84375, 0.140625, 0.25, 0.703125, 0.109375, 0.90625, 0.5, 0.25, 0.15625, 0.15625, 0.203125, 0.125, 0.46875, 0.71875, 0.78125, 0.125, 0.0625, 0.390625, 0.234375]","[0.25, 0.265625, 0.453125, 0.140625, 0.125, 0.3515625, 0.109375, 0.484375, 0.25, 0.125, 0.3125, 0.078125, 0.1328125, 0.125, 0.265625, 0.359375, 0.453125, 0.125, 0.046875, 0.1953125, 0.234375]",[18],0.6859831553994663,0.5470081535041319
320,7648.75,"[0.4375, 0.53125, 0.84375, 0.140625, 0.25, 0.703125, 0.109375, 0.90625, 0.5, 0.25, 0.15625, 0.15625, 0.203125, 0.125, 0.46875, 0.71875, 0.78125, 0.125, 0.0625, 0.390625, 0.234375]","[0.25, 0.265625, 0.453125, 0.140625, 0.125, 0.3515625, 0.109375, 0.484375, 0.25, 0.125, 0.3125, 0.078125, 0.1328125, 0.125, 0.265625, 0.359375, 0.453125, 0.125, 0.046875, 0.1953125, 0.234375]",[18],0.6859831553994663,0.5470081535041319
321,7628.90625,"[0.4375, 0.53125, 0.84375, 0.140625, 0.25, 0.703125, 0.109375, 0.90625, 0.5, 0.25, 0.171875, 0.15625, 0.203125, 0.125, 0.46875, 0.71875, 0.78125, 0.125, 0.0625, 0.390625, 0.234375]","[0.25, 0.265625, 0.453125, 0.140625, 0.125, 0.3515625, 0.109375, 0.484375, 0.25, 0.125, 0.328125, 0.078125, 0.1328125, 0.125, 0.265625, 0.359375, 0.453125, 0.125, 0.046875, 0.1953125, 0.234375]",[80],0.6830436365905891,0.5474515054999306
322,7668.59375,"[0.4375, 0.53125, 0.84375, 0.140625, 0.25, 0.703125, 0.109375, 0.90625, 0.5, 0.25, 0.140625, 0.15625, 0.203125, 0.125, 0.46875, 0.71875, 0.78125, 0.125, 0.0625, 0.390625, 0.234375]","[0.25, 0.265625, 0.453125, 0.140625, 0.125, 0.3515625, 0.109375, 0.484375, 0.25, 0.125, 0.265625, 0.078125, 0.1328125, 0.125, 0.265625, 0.359375, 0.453125, 0.125, 0.046875, 0.1953125, 0.234375]",[44],0.6890388196772673,0.5478981176662682
323,7668.59375,"[0.4375, 0.53125, 0.84375, 0.203125, 0.25, 0.703125, 0.1015625, 0.90625, 0.5, 0.25, 0.140625, 0.15625, 0.203125, 0.125, 0.46875, 0.71875, 0.78125, 0.125, 0.0625, 0.390625, 0.234375]","[0.25, 0.265625, 0.453125, 0.203125, 0.125, 0.3515625, 0.1015625, 0.484375, 0.25, 0.125, 0.265625, 0.078125, 0.1328125, 0.125, 0.265625, 0.359375, 0.453125, 0.125, 0.046875, 0.1953125, 0.234375]",[74],0.6791947400287485,0.5373019283289402
324,7648.671875,"[0.4375, 0.53125, 0.84375, 0.203125, 0.25, 0.703125, 0.1015625, 0.90625, 0.5, 0.25, 0.140625, 0.15625, 0.203125, 0.125, 0.46875, 0.71875, 0.78125, 0.125, 0.0625, 0.390625, 0.234375]","[0.25, 0.265625, 0.453125, 0.203125, 0.125, 0.3515625, 0.1015625, 0.484375, 0.25, 0.125, 0.265625, 0.078125, 0.1328125, 0.125, 0.265625, 0.359375, 0.453125, 0.125, 0.046875, 0.1953125, 0.234375]","[74, 80, 98]",0.6791947400287485,0.5373019283289402
325,8006.015625,"[0.4375, 0.53125, 0.84375, 0.203125, 0.25, 0.703125, 0.1015625, 0.90625, 0.5, 0.25, 0.140625, 0.28125, 0.203125, 0.125, 0.46875, 0.71875, 0.78125, 0.25, 0.0625, 0.390625, 0.234375]","[0.25, 0.265625, 0.453125, 0.203125, 0.125, 0.3515625, 0.1015625, 0.484375, 0.25, 0.125, 0.265625, 0.140625, 0.1328125, 0.125, 0.265625, 0.359375, 0.453125, 0.25, 0.046875, 0.1953125, 0.234375]",[98],0.6370207135580798,0.49456214571712964
326,7986.015625,"[0.4375, 0.53125, 0.84375, 0.203125, 0.25, 0.578125, 0.1015625, 0.90625, 0.5, 0.25, 0.140625, 0.28125, 0.203125, 0.125, 0.46875, 0.71875, 0.78125, 0.25, 0.078125, 0.390625, 0.234375]","[0.25, 0.265625, 0.453125, 0.203125, 0.125, 0.2890625, 0.1015625, 0.484375, 0.25, 0.125, 0.265625, 0.140625, 0.1328125, 0.125, 0.265625, 0.359375, 0.453125, 0.25, 0.0546875, 0.1953125, 0.234375]",[40],0.6282908903717556,0.48905851384375953
327,7866.953125,"[0.4375, 0.53125, 0.84375, 0.203125, 0.25, 0.578125, 0.1015625, 0.90625, 0.5, 0.25, 0.140625, 0.28125, 0.203125, 0.0625, 0.34375, 0.71875, 0.78125, 0.25, 0.078125, 0.390625, 0.234375]","[0.25, 0.265625, 0.453125, 0.203125, 0.125, 0.2890625, 0.1015625, 0.484375, 0.25, 0.125, 0.265625, 0.140625, 0.1328125, 0.0625, 0.203125, 0.359375, 0.453125, 0.25, 0.0546875, 0.1953125, 0.234375]",[6],0.6509984038345571,0.517041678298664
328,7668.515625,"[0.4375, 0.53125, 0.84375, 0.265625, 0.25, 0.578125, 0.1015625, 0.90625, 0.5, 0.25, 0.140625, 0.28125, 0.203125, 0.0625, 0.34375, 0.71875, 0.78125, 0.25, 0.078125, 0.390625, 0.234375]","[0.25, 0.265625, 0.453125, 0.265625, 0.125, 0.2890625, 0.1015625, 0.484375, 0.25, 0.125, 0.265625, 0.140625, 0.1328125, 0.0625, 0.203125, 0.359375, 0.453125, 0.25, 0.0546875, 0.1953125, 0.234375]",[26],0.6413322726789025,0.5104889040888572
329,7827.265625,"[0.4375, 0.28125, 0.84375, 0.390625, 0.25, 0.578125, 0.1015625, 0.90625, 0.5, 0.21875, 0.140625, 0.28125, 0.203125, 0.0625, 0.34375, 0.71875, 0.78125, 0.25, 0.078125, 0.390625, 0.234375]","[0.25, 0.140625, 0.453125, 0.390625, 0.125, 0.2890625, 0.1015625, 0.484375, 0.25, 0.109375, 0.265625, 0.140625, 0.1328125, 0.0625, 0.203125, 0.359375, 0.453125, 0.25, 0.0546875, 0.1953125, 0.234375]",[40],0.6499246531657014,0.5406168429042351
330,7689.765625,"[0.4375, 0.28125, 0.84375, 0.390625, 0.25, 0.609375, 0.1015625, 0.90625, 0.5, 0.21875, 0.140625, 0.28125, 0.203125, 0.0625, 0.34375, 0.71875, 0.78125, 0.25, 0.078125, 0.390625, 0.234375]","[0.25, 0.140625, 0.453125, 0.390625, 0.125, 0.3203125, 0.1015625, 0.484375, 0.25, 0.109375, 0.265625, 0.140625, 0.1328125, 0.0625, 0.203125, 0.359375, 0.453125, 0.25, 0.0546875, 0.1953125, 0.234375]",[50],0.6507296340127035,0.540587862692257
331,7709.609375,"[0.4375, 0.28125, 0.84375, 0.390625, 0.25, 0.609375, 0.1015625, 0.90625, 0.5, 0.21875, 0.140625, 0.28125, 0.21875, 0.0625, 0.34375, 0.71875, 0.78125, 0.25, 0.078125, 0.390625, 0.234375]","[0.25, 0.140625, 0.453125, 0.390625, 0.125, 0.3203125, 0.1015625, 0.484375, 0.25, 0.109375, 0.265625, 0.140625, 0.140625, 0.0625, 0.203125, 0.359375, 0.453125, 0.25, 0.0546875, 0.1953125, 0.234375]",[67],0.6481227267727634,0.5385101850534082
332,7749.453125,"[0.4375, 0.28125, 0.84375, 0.390625, 0.25, 0.609375, 0.1015625, 0.90625, 0.5, 0.21875, 0.140625, 0.28125, 0.21875, 0.0625, 0.34375, 0.71875, 0.78125, 0.25, 0.078125, 0.390625, 0.25]","[0.25, 0.140625, 0.453125, 0.390625, 0.125, 0.3203125, 0.1015625, 0.484375, 0.25, 0.109375, 0.265625, 0.140625, 0.140625, 0.0625, 0.203125, 0.359375, 0.453125, 0.25, 0.0546875, 0.1953125, 0.25]",[99],0.6457621190009911,0.5369364778537589
333,7828.828125,"[0.4375, 0.28125, 0.84375, 0.390625, 0.25, 0.609375, 0.1015625, 0.90625, 0.5, 0.21875, 0.203125, 0.28125, 0.21875, 0.0625, 0.34375, 0.71875, 0.78125, 0.25, 0.078125, 0.390625, 0.25]","[0.25, 0.140625, 0.453125, 0.390625, 0.125, 0.3203125, 0.1015625, 0.484375, 0.25, 0.109375, 0.328125, 0.140625, 0.140625, 0.0625, 0.203125, 0.359375, 0.453125, 0.25, 0.0546875, 0.1953125, 0.25]",[100],0.6341286052552115,0.5358117140921711
334,7987.578125,"[0.4375, 0.28125, 0.84375, 0.390625, 0.25, 0.609375, 0.1015625, 0.90625, 0.5, 0.21875, 0.203125, 0.28125, 0.21875, 0.0625, 0.34375, 0.71875, 0.78125, 0.25, 0.078125, 0.390625, 0.25]","[0.25, 0.140625, 0.453125, 0.390625, 0.125, 0.3203125, 0.1015625, 0.484375, 0.25, 0.109375, 0.328125, 0.140625, 0.140625, 0.0625, 0.203125, 0.359375, 0.453125, 0.25, 0.0546875, 0.1953125, 0.25]",[100],0.6341286052552115,0.5358117140921711
335,7868.515625,"[0.4375, 0.28125, 0.84375, 0.390625, 0.25, 0.609375, 0.1015625, 0.90625, 0.5, 0.21875, 0.203125, 0.28125, 0.21875, 0.0625, 0.34375, 0.71875, 0.78125, 0.25, 0.109375, 0.390625, 0.25]","[0.25, 0.140625, 0.453125, 0.390625, 0.125, 0.3203125, 0.1015625, 0.484375, 0.25, 0.109375, 0.328125, 0.140625, 0.140625, 0.0625, 0.203125, 0.359375, 0.453125, 0.25, 0.0859375, 0.1953125, 0.25]",[101],0.6270872346130801,0.5243155980177054
336,7888.203125,"[0.4375, 0.28125, 0.84375, 0.390625, 0.25, 0.609375, 0.1015625, 0.90625, 0.5, 0.21875, 0.203125, 0.28125, 0.21875, 0.0625, 0.34375, 0.71875, 0.78125, 0.25, 0.109375, 0.390625, 0.25]","[0.25, 0.140625, 0.453125, 0.390625, 0.125, 0.3203125, 0.1015625, 0.484375, 0.25, 0.109375, 0.328125, 0.140625, 0.140625, 0.0625, 0.203125, 0.359375, 0.453125, 0.25, 0.0859375, 0.1953125, 0.25]",[101],0.6270872346130801,0.5243155980177054
337,7907.890625,"[0.4375, 0.28125, 0.84375, 0.390625, 0.25, 0.609375, 0.1015625, 0.90625, 0.5, 0.21875, 0.203125, 0.28125, 0.21875, 0.0625, 0.40625, 0.71875, 0.78125, 0.25, 0.078125, 0.390625, 0.25]","[0.25, 0.140625, 0.453125, 0.390625, 0.125, 0.3203125, 0.1015625, 0.484375, 0.25, 0.109375, 0.328125, 0.140625, 0.140625, 0.0625, 0.234375, 0.359375, 0.453125, 0.25, 0.0546875, 0.1953125, 0.25]",[100],0.6288772750655894,0.5314278851589069
338,7946.953125,"[0.4375, 0.28125, 0.84375, 0.390625, 0.25, 0.609375, 0.1015625, 0.90625, 0.5, 0.21875, 0.203125, 0.28125, 0.1875, 0.0625, 0.40625, 0.71875, 0.78125, 0.25, 0.078125, 0.390625, 0.25]","[0.25, 0.140625, 0.453125, 0.390625, 0.125, 0.3203125, 0.1015625, 0.484375, 0.25, 0.109375, 0.328125, 0.140625, 0.109375, 0.0625, 0.234375, 0.359375, 0.453125, 0.25, 0.0546875, 0.1953125, 0.25]",[73],0.6341888719443824,0.5402733478083853
339,7987.890625,"[0.4375, 0.28125, 0.84375, 0.328125, 0.25, 0.609375, 0.1015625, 0.90625, 0.5, 0.21875, 0.203125, 0.28125, 0.1875, 0.0625, 0.40625, 0.71875, 0.78125, 0.25, 0.078125, 0.390625, 0.25]","[0.25, 0.140625, 0.453125, 0.328125, 0.125, 0.3203125, 0.1015625, 0.484375, 0.25, 0.109375, 0.328125, 0.140625, 0.109375, 0.0625, 0.234375, 0.359375, 0.453125, 0.25, 0.0546875, 0.1953125, 0.25]",[6],0.6399432867121426,0.535406533626552
340,7788.828125,"[0.4375, 0.28125, 0.84375, 0.328125, 0.25, 0.609375, 0.1015625, 0.90625, 0.5, 0.21875, 0.203125, 0.28125, 0.1875, 0.0625, 0.40625, 0.71875, 0.78125, 0.25, 0.078125, 0.375, 0.25]","[0.25, 0.140625, 0.453125, 0.328125, 0.125, 0.3203125, 0.1015625, 0.484375, 0.25, 0.109375, 0.328125, 0.140625, 0.109375, 0.0625, 0.234375, 0.359375, 0.453125, 0.25, 0.0546875, 0.1875, 0.25]",[6],0.6411969017727487,0.536814992873179
341,7749.140625,"[0.4375, 0.28125, 0.84375, 0.328125, 0.25, 0.609375, 0.1015625, 0.90625, 0.46875, 0.21875, 0.203125, 0.28125, 0.1875, 0.0625, 0.40625, 0.71875, 0.78125, 0.25, 0.078125, 0.375, 0.25]","[0.25, 0.140625, 0.453125, 0.328125, 0.125, 0.3203125, 0.1015625, 0.484375, 0.234375, 0.109375, 0.328125, 0.140625, 0.109375, 0.0625, 0.234375, 0.359375, 0.453125, 0.25, 0.0546875, 0.1875, 0.25]",[6],0.6420969791025175,0.538381437671416
342,7748.984375,"[0.4375, 0.28125, 0.84375, 0.328125, 0.25, 0.609375, 0.1015625, 0.90625, 0.46875, 0.21875, 0.203125, 0.28125, 0.1875, 0.0625, 0.40625, 0.71875, 0.78125, 0.25, 0.078125, 0.375, 0.25]","[0.25, 0.140625, 0.453125, 0.328125, 0.125, 0.3203125, 0.1015625, 0.484375, 0.234375, 0.109375, 0.328125, 0.140625, 0.109375, 0.0625, 0.234375, 0.359375, 0.453125, 0.25, 0.0546875, 0.1875, 0.25]",[6],0.6420969791025175,0.538381437671416
343,7709.609375,"[0.4375, 0.28125, 0.84375, 0.328125, 0.25, 0.609375, 0.1015625, 0.90625, 0.46875, 0.21875, 0.171875, 0.28125, 0.1875, 0.0625, 0.40625, 0.71875, 0.78125, 0.25, 0.078125, 0.375, 0.25]","[0.25, 0.140625, 0.453125, 0.328125, 0.125, 0.3203125, 0.1015625, 0.484375, 0.234375, 0.109375, 0.265625, 0.140625, 0.109375, 0.0625, 0.234375, 0.359375, 0.453125, 0.25, 0.0546875, 0.1875, 0.25]","[6, 30, 31]",0.6476843849150755,0.5390749794605126
344,7829.296875,"[0.4375, 0.28125, 0.84375, 0.328125, 0.25, 0.609375, 0.1328125, 0.90625, 0.46875, 0.21875, 0.171875, 0.28125, 0.1875, 0.0625, 0.40625, 0.71875, 0.78125, 0.25, 0.078125, 0.375, 0.28125]","[0.25, 0.140625, 0.453125, 0.328125, 0.125, 0.3203125, 0.1328125, 0.484375, 0.234375, 0.109375, 0.265625, 0.140625, 0.109375, 0.0625, 0.234375, 0.359375, 0.453125, 0.25, 0.0546875, 0.1875, 0.28125]","[31, 43, 73]",0.6366382593400729,0.5278975263240322
345,8186.640625,"[0.4375, 0.28125, 0.84375, 0.453125, 0.375, 0.609375, 0.1328125, 0.90625, 0.46875, 0.21875, 0.171875, 0.28125, 0.1875, 0.0625, 0.40625, 0.71875, 0.78125, 0.25, 0.078125, 0.375, 0.28125]","[0.25, 0.140625, 0.453125, 0.453125, 0.1875, 0.3203125, 0.1328125, 0.484375, 0.234375, 0.109375, 0.265625, 0.140625, 0.109375, 0.0625, 0.234375, 0.359375, 0.453125, 0.25, 0.0546875, 0.1875, 0.28125]",[73],0.6127391905305076,0.5289515197709417
346,8166.640625,"[0.4375, 0.28125, 0.84375, 0.453125, 0.375, 0.609375, 0.1328125, 0.90625, 0.46875, 0.21875, 0.171875, 0.28125, 0.1875, 0.0625, 0.40625, 0.71875, 0.78125, 0.265625, 0.078125, 0.375, 0.28125]","[0.25, 0.140625, 0.453125, 0.453125, 0.1875, 0.3203125, 0.1328125, 0.484375, 0.234375, 0.109375, 0.265625, 0.140625, 0.109375, 0.0625, 0.234375, 0.359375, 0.453125, 0.265625, 0.0546875, 0.1875, 0.28125]",[100],0.6105183295414951,0.5276232826802224
347,8206.484375,"[0.4375, 0.28125, 0.84375, 0.453125, 0.375, 0.609375, 0.1328125, 0.90625, 0.46875, 0.21875, 0.171875, 0.28125, 0.1875, 0.0625, 0.40625, 0.71875, 0.78125, 0.265625, 0.078125, 0.375, 0.28125]","[0.25, 0.140625, 0.453125, 0.453125, 0.1875, 0.3203125, 0.1328125, 0.484375, 0.234375, 0.109375, 0.265625, 0.140625, 0.109375, 0.0625, 0.234375, 0.359375, 0.453125, 0.265625, 0.0546875, 0.1875, 0.28125]",[100],0.6105183295414951,0.5276232826802224
348,8245.390625,"[0.4375, 0.28125, 0.84375, 0.453125, 0.375, 0.609375, 0.1328125, 0.90625, 0.59375, 0.21875, 0.171875, 0.28125, 0.1875, 0.0625, 0.40625, 0.71875, 0.78125, 0.265625, 0.078125, 0.375, 0.28125]","[0.25, 0.140625, 0.453125, 0.453125, 0.1875, 0.3203125, 0.1328125, 0.484375, 0.296875, 0.109375, 0.265625, 0.140625, 0.109375, 0.0625, 0.234375, 0.359375, 0.453125, 0.265625, 0.0546875, 0.1875, 0.28125]",[102],0.6094518583884263,0.5229321107919759
349,8402.890625,"[0.4375, 0.28125, 0.84375, 0.453125, 0.375, 0.609375, 0.1328125, 0.90625, 0.59375, 0.21875, 0.171875, 0.28125, 0.1875, 0.0625, 0.40625, 0.71875, 0.78125, 0.265625, 0.078125, 0.375, 0.28125]","[0.25, 0.140625, 0.453125, 0.453125, 0.1875, 0.3203125, 0.1328125, 0.484375, 0.296875, 0.109375, 0.265625, 0.140625, 0.109375, 0.0625, 0.234375, 0.359375, 0.453125, 0.265625, 0.0546875, 0.1875, 0.28125]",[102],0.6094518583884263,0.5229321107919759
350,8284.765625,"[0.4375, 0.28125, 0.84375, 0.453125, 0.375, 0.609375, 0.1328125, 0.90625, 0.59375, 0.21875, 0.171875, 0.28125, 0.1875, 0.0625, 0.40625, 0.71875, 0.78125, 0.265625, 0.078125, 0.375, 0.28125]","[0.25, 0.140625, 0.453125, 0.453125, 0.1875, 0.3203125, 0.1328125, 0.484375, 0.296875, 0.109375, 0.265625, 0.140625, 0.109375, 0.0625, 0.234375, 0.359375, 0.453125, 0.265625, 0.0546875, 0.1875, 0.28125]",[102],0.6094518583884263,0.5229321107919759
351,8265.078125,"[0.4375, 0.28125, 0.84375, 0.453125, 0.375, 0.484375, 0.1328125, 0.9375, 0.59375, 0.21875, 0.171875, 0.28125, 0.1875, 0.0625, 0.40625, 0.71875, 0.78125, 0.265625, 0.078125, 0.375, 0.28125]","[0.25, 0.140625, 0.453125, 0.453125, 0.1875, 0.2578125, 0.1328125, 0.5, 0.296875, 0.109375, 0.265625, 0.140625, 0.109375, 0.0625, 0.234375, 0.359375, 0.453125, 0.265625, 0.0546875, 0.1875, 0.28125]",[13],0.6153120833559493,0.5295240562594857
352,8146.015625,"[0.4375, 0.28125, 0.84375, 0.453125, 0.40625, 0.484375, 0.1328125, 0.9375, 0.59375, 0.21875, 0.171875, 0.28125, 0.1875, 0.0625, 0.40625, 0.71875, 0.53125, 0.265625, 0.078125, 0.375, 0.28125]","[0.25, 0.140625, 0.453125, 0.453125, 0.203125, 0.2578125, 0.1328125, 0.5, 0.296875, 0.109375, 0.265625, 0.140625, 0.109375, 0.0625, 0.234375, 0.359375, 0.328125, 0.265625, 0.0546875, 0.1875, 0.28125]",[21],0.597966831086004,0.5115968446446617
353,8067.265625,"[0.4375, 0.28125, 0.84375, 0.453125, 0.40625, 0.484375, 0.1328125, 0.9375, 0.59375, 0.21875, 0.171875, 0.28125, 0.1875, 0.0625, 0.40625, 0.71875, 0.46875, 0.265625, 0.078125, 0.375, 0.28125]","[0.25, 0.140625, 0.453125, 0.453125, 0.203125, 0.2578125, 0.1328125, 0.5, 0.296875, 0.109375, 0.265625, 0.140625, 0.109375, 0.0625, 0.234375, 0.359375, 0.265625, 0.265625, 0.0546875, 0.1875, 0.28125]",[21],0.5987968987627893,0.5122900301169737
354,8108.515625,"[0.4375, 0.28125, 0.84375, 0.453125, 0.40625, 0.484375, 0.1328125, 0.8125, 0.59375, 0.21875, 0.171875, 0.28125, 0.1875, 0.0625, 0.40625, 0.71875, 0.46875, 0.265625, 0.078125, 0.375, 0.28125]","[0.25, 0.140625, 0.453125, 0.453125, 0.203125, 0.2578125, 0.1328125, 0.4375, 0.296875, 0.109375, 0.265625, 0.140625, 0.109375, 0.0625, 0.234375, 0.359375, 0.265625, 0.265625, 0.0546875, 0.1875, 0.28125]",[21],0.5736483693701768,0.49442298582102545
355,7909.765625,"[0.375, 0.28125, 0.84375, 0.453125, 0.40625, 0.484375, 0.1328125, 0.875, 0.59375, 0.21875, 0.171875, 0.28125, 0.1875, 0.0625, 0.40625, 0.71875, 0.46875, 0.265625, 0.078125, 0.375, 0.28125]","[0.21875, 0.140625, 0.453125, 0.453125, 0.203125, 0.2578125, 0.1328125, 0.5, 0.296875, 0.109375, 0.265625, 0.140625, 0.109375, 0.0625, 0.234375, 0.359375, 0.265625, 0.265625, 0.0546875, 0.1875, 0.28125]",[23],0.5892311237200641,0.5157058489561883
356,7890.078125,"[0.40625, 0.28125, 0.84375, 0.453125, 0.40625, 0.484375, 0.1328125, 0.875, 0.59375, 0.21875, 0.171875, 0.15625, 0.1875, 0.0625, 0.40625, 0.71875, 0.46875, 0.265625, 0.078125, 0.375, 0.28125]","[0.234375, 0.140625, 0.453125, 0.453125, 0.203125, 0.2578125, 0.1328125, 0.5, 0.296875, 0.109375, 0.265625, 0.078125, 0.109375, 0.0625, 0.234375, 0.359375, 0.265625, 0.265625, 0.0546875, 0.1875, 0.28125]",[48],0.6076354307852218,0.5332964580739736
357,7771.015625,"[0.40625, 0.28125, 0.84375, 0.453125, 0.4375, 0.484375, 0.1328125, 0.875, 0.59375, 0.21875, 0.171875, 0.15625, 0.1875, 0.0625, 0.40625, 0.71875, 0.46875, 0.265625, 0.078125, 0.375, 0.21875]","[0.234375, 0.140625, 0.453125, 0.453125, 0.21875, 0.2578125, 0.1328125, 0.5, 0.296875, 0.109375, 0.265625, 0.078125, 0.109375, 0.0625, 0.234375, 0.359375, 0.265625, 0.265625, 0.0546875, 0.1875, 0.21875]",[61],0.615218361044852,0.5362125907908946
358,7691.015625,"[0.40625, 0.28125, 0.84375, 0.453125, 0.4375, 0.484375, 0.1328125, 0.875, 0.59375, 0.21875, 0.171875, 0.15625, 0.1875, 0.0625, 0.40625, 0.71875, 0.46875, 0.265625, 0.078125, 0.375, 0.21875]","[0.234375, 0.140625, 0.453125, 0.453125, 0.21875, 0.2578125, 0.1328125, 0.5, 0.296875, 0.109375, 0.265625, 0.078125, 0.109375, 0.0625, 0.234375, 0.359375, 0.265625, 0.265625, 0.0546875, 0.1875, 0.21875]",[61],0.615218361044852,0.5362125907908946
359,7771.015625,"[0.40625, 0.28125, 0.84375, 0.453125, 0.4375, 0.484375, 0.1328125, 0.875, 0.59375, 0.21875, 0.171875, 0.15625, 0.1875, 0.0625, 0.40625, 0.71875, 0.46875, 0.265625, 0.078125, 0.375, 0.21875]","[0.234375, 0.140625, 0.453125, 0.453125, 0.21875, 0.2578125, 0.1328125, 0.5, 0.296875, 0.109375, 0.265625, 0.078125, 0.109375, 0.0625, 0.234375, 0.359375, 0.265625, 0.265625, 0.0546875, 0.1875, 0.21875]",[61],0.615218361044852,0.5362125907908946
360,7651.484375,"[0.40625, 0.28125, 0.84375, 0.453125, 0.4375, 0.484375, 0.1484375, 0.84375, 0.59375, 0.21875, 0.171875, 0.15625, 0.1875, 0.0625, 0.40625, 0.71875, 0.46875, 0.265625, 0.078125, 0.375, 0.21875]","[0.234375, 0.140625, 0.453125, 0.453125, 0.21875, 0.2578125, 0.1640625, 0.484375, 0.296875, 0.109375, 0.265625, 0.078125, 0.109375, 0.0625, 0.234375, 0.359375, 0.265625, 0.265625, 0.0546875, 0.1875, 0.21875]",[88],0.605865897665981,0.5234896042746475
361,7651.640625,"[0.40625, 0.28125, 0.84375, 0.453125, 0.4375, 0.484375, 0.1484375, 0.84375, 0.59375, 0.21875, 0.171875, 0.15625, 0.1875, 0.0625, 0.40625, 0.71875, 0.46875, 0.265625, 0.078125, 0.375, 0.21875]","[0.234375, 0.140625, 0.453125, 0.453125, 0.21875, 0.2578125, 0.1640625, 0.484375, 0.296875, 0.109375, 0.265625, 0.078125, 0.109375, 0.0625, 0.234375, 0.359375, 0.265625, 0.265625, 0.0546875, 0.1875, 0.21875]",[88],0.605865897665981,0.5234896042746475
362,7671.484375,"[0.40625, 0.28125, 0.84375, 0.453125, 0.4375, 0.484375, 0.1171875, 0.84375, 0.59375, 0.21875, 0.171875, 0.15625, 0.1875, 0.0625, 0.40625, 0.71875, 0.46875, 0.296875, 0.078125, 0.375, 0.21875]","[0.234375, 0.140625, 0.453125, 0.453125, 0.21875, 0.2578125, 0.1328125, 0.484375, 0.296875, 0.109375, 0.265625, 0.078125, 0.109375, 0.0625, 0.234375, 0.359375, 0.265625, 0.296875, 0.0546875, 0.1875, 0.21875]",[6],0.6084892041095329,0.5303395433021112
363,7670.546875,"[0.40625, 0.28125, 0.84375, 0.453125, 0.4375, 0.484375, 0.1171875, 0.84375, 0.59375, 0.21875, 0.171875, 0.15625, 0.1875, 0.0625, 0.40625, 0.71875, 0.46875, 0.296875, 0.078125, 0.375, 0.1875]","[0.234375, 0.140625, 0.453125, 0.453125, 0.21875, 0.2578125, 0.1328125, 0.484375, 0.296875, 0.109375, 0.265625, 0.078125, 0.109375, 0.0625, 0.234375, 0.359375, 0.265625, 0.296875, 0.0546875, 0.1875, 0.1875]",[6],0.6139070772190715,0.5352854939188993
364,7671.484375,"[0.40625, 0.28125, 0.84375, 0.453125, 0.4375, 0.484375, 0.1171875, 0.84375, 0.59375, 0.21875, 0.171875, 0.15625, 0.1875, 0.0625, 0.40625, 0.71875, 0.46875, 0.296875, 0.078125, 0.375, 0.1875]","[0.234375, 0.140625, 0.453125, 0.453125, 0.21875, 0.2578125, 0.1328125, 0.484375, 0.296875, 0.109375, 0.265625, 0.078125, 0.109375, 0.0625, 0.234375, 0.359375, 0.265625, 0.296875, 0.0546875, 0.1875, 0.1875]",[6],0.6139070772190715,0.5352854939188993
365,7551.953125,"[0.40625, 0.28125, 0.84375, 0.453125, 0.4375, 0.484375, 0.1171875, 0.84375, 0.59375, 0.21875, 0.171875, 0.125, 0.1875, 0.0625, 0.40625, 0.71875, 0.46875, 0.296875, 0.078125, 0.375, 0.1875]","[0.234375, 0.140625, 0.453125, 0.453125, 0.21875, 0.2578125, 0.1328125, 0.484375, 0.296875, 0.109375, 0.265625, 0.0625, 0.109375, 0.0625, 0.234375, 0.359375, 0.265625, 0.296875, 0.0546875, 0.1875, 0.1875]",[6],0.6204274016124114,0.5411619361107171
366,7492.109375,"[0.40625, 0.28125, 0.84375, 0.453125, 0.4375, 0.484375, 0.1171875, 0.84375, 0.625, 0.21875, 0.171875, 0.125, 0.1875, 0.0625, 0.40625, 0.71875, 0.46875, 0.296875, 0.078125, 0.375, 0.1875]","[0.234375, 0.140625, 0.453125, 0.453125, 0.21875, 0.2578125, 0.1328125, 0.484375, 0.3125, 0.109375, 0.265625, 0.0625, 0.109375, 0.0625, 0.234375, 0.359375, 0.265625, 0.296875, 0.0546875, 0.1875, 0.1875]",[30],0.622111447180005,0.541277895355057
367,7531.796875,"[0.40625, 0.28125, 0.84375, 0.453125, 0.4375, 0.515625, 0.1171875, 0.84375, 0.625, 0.21875, 0.171875, 0.125, 0.1875, 0.0625, 0.40625, 0.71875, 0.46875, 0.296875, 0.078125, 0.375, 0.1875]","[0.234375, 0.140625, 0.453125, 0.453125, 0.21875, 0.2734375, 0.1328125, 0.484375, 0.3125, 0.109375, 0.265625, 0.0625, 0.109375, 0.0625, 0.234375, 0.359375, 0.265625, 0.296875, 0.0546875, 0.1875, 0.1875]",[91],0.621844219112857,0.5403804393977881
368,7611.171875,"[0.40625, 0.28125, 0.84375, 0.453125, 0.4375, 0.515625, 0.1171875, 0.84375, 0.625, 0.21875, 0.171875, 0.1875, 0.1875, 0.0625, 0.40625, 0.71875, 0.46875, 0.296875, 0.078125, 0.375, 0.1875]","[0.234375, 0.140625, 0.453125, 0.453125, 0.21875, 0.2734375, 0.1328125, 0.484375, 0.3125, 0.109375, 0.265625, 0.09375, 0.109375, 0.0625, 0.234375, 0.359375, 0.265625, 0.296875, 0.0546875, 0.1875, 0.1875]",[95],0.6094168663500132,0.5290575098697933
369,7768.671875,"[0.40625, 0.28125, 0.84375, 0.453125, 0.4375, 0.515625, 0.1171875, 0.84375, 0.625, 0.21875, 0.171875, 0.1875, 0.1875, 0.0625, 0.40625, 0.71875, 0.46875, 0.234375, 0.078125, 0.375, 0.1875]","[0.234375, 0.140625, 0.453125, 0.453125, 0.21875, 0.2734375, 0.1328125, 0.484375, 0.3125, 0.109375, 0.265625, 0.09375, 0.109375, 0.0625, 0.234375, 0.359375, 0.265625, 0.234375, 0.0546875, 0.1875, 0.1875]",[28],0.6180579477289095,0.5324941847673162
370,7571.171875,"[0.40625, 0.28125, 0.84375, 0.453125, 0.4375, 0.515625, 0.1171875, 0.84375, 0.625, 0.21875, 0.171875, 0.1875, 0.1875, 0.0625, 0.40625, 0.71875, 0.46875, 0.234375, 0.078125, 0.375, 0.1875]","[0.234375, 0.140625, 0.453125, 0.453125, 0.21875, 0.2734375, 0.1328125, 0.484375, 0.3125, 0.109375, 0.265625, 0.09375, 0.109375, 0.0625, 0.234375, 0.359375, 0.265625, 0.234375, 0.0546875, 0.1875, 0.1875]",[28],0.6180579477289095,0.5324941847673162
371,7551.71875,"[0.40625, 0.28125, 0.84375, 0.390625, 0.4375, 0.515625, 0.1171875, 0.84375, 0.625, 0.21875, 0.171875, 0.1875, 0.1875, 0.0703125, 0.40625, 0.71875, 0.46875, 0.234375, 0.078125, 0.375, 0.1875]","[0.234375, 0.140625, 0.453125, 0.390625, 0.21875, 0.2734375, 0.1328125, 0.484375, 0.3125, 0.109375, 0.265625, 0.09375, 0.109375, 0.0703125, 0.234375, 0.359375, 0.265625, 0.234375, 0.0546875, 0.1875, 0.1875]",[44],0.6192951729020295,0.5157638962686463
372,7511.71875,"[0.40625, 0.28125, 0.84375, 0.390625, 0.4375, 0.515625, 0.1171875, 0.84375, 0.6875, 0.21875, 0.171875, 0.1875, 0.1875, 0.0703125, 0.40625, 0.71875, 0.46875, 0.234375, 0.078125, 0.375, 0.171875]","[0.234375, 0.140625, 0.453125, 0.390625, 0.21875, 0.2734375, 0.1328125, 0.484375, 0.34375, 0.109375, 0.265625, 0.09375, 0.109375, 0.0703125, 0.234375, 0.359375, 0.265625, 0.234375, 0.0546875, 0.1875, 0.171875]",[67],0.6271092408823202,0.5208144417977066
373,7550.625,"[0.40625, 0.28125, 0.84375, 0.390625, 0.4375, 0.515625, 0.1171875, 0.84375, 0.6875, 0.21875, 0.171875, 0.1875, 0.1875, 0.0703125, 0.40625, 0.71875, 0.46875, 0.234375, 0.078125, 0.375, 0.171875]","[0.234375, 0.140625, 0.453125, 0.390625, 0.21875, 0.2734375, 0.1328125, 0.484375, 0.34375, 0.109375, 0.265625, 0.09375, 0.109375, 0.0703125, 0.234375, 0.359375, 0.265625, 0.234375, 0.0546875, 0.1875, 0.171875]",[67],0.6271092408823202,0.5208144417977066
374,7471.875,"[0.40625, 0.28125, 0.84375, 0.390625, 0.4375, 0.515625, 0.1171875, 0.84375, 0.6875, 0.21875, 0.171875, 0.1875, 0.1875, 0.0703125, 0.40625, 0.71875, 0.46875, 0.234375, 0.078125, 0.375, 0.171875]","[0.234375, 0.140625, 0.453125, 0.390625, 0.21875, 0.2734375, 0.1328125, 0.484375, 0.34375, 0.109375, 0.265625, 0.09375, 0.109375, 0.0703125, 0.234375, 0.359375, 0.265625, 0.234375, 0.0546875, 0.1875, 0.171875]","[67, 95]",0.6271092408823202,0.5208144417977066
375,7669.0625,"[0.40625, 0.28125, 0.84375, 0.390625, 0.4375, 0.515625, 0.1171875, 0.84375, 0.6875, 0.21875, 0.171875, 0.1875, 0.1875, 0.0703125, 0.40625, 0.71875, 0.46875, 0.265625, 0.078125, 0.375, 0.171875]","[0.234375, 0.140625, 0.453125, 0.390625, 0.21875, 0.2734375, 0.1328125, 0.484375, 0.34375, 0.109375, 0.265625, 0.09375, 0.109375, 0.0703125, 0.234375, 0.359375, 0.265625, 0.296875, 0.0546875, 0.1875, 0.171875]",[67],0.6225107569716015,0.5177986329325908
376,7531.25,"[0.40625, 0.28125, 0.84375, 0.390625, 0.4375, 0.515625, 0.1171875, 0.84375, 0.6875, 0.21875, 0.171875, 0.1875, 0.1875, 0.0703125, 0.40625, 0.71875, 0.46875, 0.265625, 0.078125, 0.375, 0.171875]","[0.234375, 0.140625, 0.453125, 0.390625, 0.21875, 0.2734375, 0.1328125, 0.484375, 0.34375, 0.109375, 0.265625, 0.09375, 0.109375, 0.0703125, 0.234375, 0.359375, 0.265625, 0.296875, 0.0546875, 0.1875, 0.171875]",[67],0.6225107569716015,0.5177986329325908
377,7551.40625,"[0.40625, 0.28125, 0.84375, 0.390625, 0.4375, 0.515625, 0.1171875, 0.84375, 0.6875, 0.21875, 0.171875, 0.1875, 0.1875, 0.0859375, 0.40625, 0.71875, 0.46875, 0.234375, 0.078125, 0.375, 0.171875]","[0.234375, 0.140625, 0.453125, 0.390625, 0.21875, 0.2734375, 0.1328125, 0.484375, 0.34375, 0.109375, 0.265625, 0.09375, 0.109375, 0.0859375, 0.234375, 0.359375, 0.265625, 0.265625, 0.0546875, 0.1875, 0.171875]",[0],0.6233347902787629,0.5127203427809167
378,7591.09375,"[0.40625, 0.28125, 0.84375, 0.390625, 0.4375, 0.515625, 0.1171875, 0.84375, 0.6875, 0.15625, 0.171875, 0.1875, 0.1875, 0.0859375, 0.40625, 0.71875, 0.46875, 0.234375, 0.078125, 0.375, 0.171875]","[0.234375, 0.140625, 0.453125, 0.390625, 0.21875, 0.2734375, 0.1328125, 0.484375, 0.34375, 0.078125, 0.265625, 0.09375, 0.109375, 0.0859375, 0.234375, 0.359375, 0.265625, 0.265625, 0.0546875, 0.1875, 0.171875]",[0],0.6346852787980537,0.5234361774293323
379,7629.84375,"[0.40625, 0.28125, 0.84375, 0.390625, 0.4375, 0.515625, 0.1171875, 0.84375, 0.6875, 0.15625, 0.171875, 0.1875, 0.1875, 0.0859375, 0.40625, 0.71875, 0.46875, 0.234375, 0.078125, 0.375, 0.171875]","[0.234375, 0.140625, 0.453125, 0.390625, 0.21875, 0.2734375, 0.1328125, 0.484375, 0.34375, 0.078125, 0.265625, 0.09375, 0.109375, 0.0859375, 0.234375, 0.359375, 0.265625, 0.265625, 0.0546875, 0.1875, 0.171875]",[0],0.6346852787980537,0.5234361774293323
380,7512.03125,"[0.40625, 0.28125, 0.84375, 0.390625, 0.4375, 0.515625, 0.1171875, 0.84375, 0.6875, 0.15625, 0.171875, 0.1875, 0.1875, 0.0859375, 0.40625, 0.71875, 0.34375, 0.234375, 0.078125, 0.375, 0.171875]","[0.234375, 0.140625, 0.453125, 0.390625, 0.21875, 0.2734375, 0.1328125, 0.484375, 0.34375, 0.078125, 0.265625, 0.09375, 0.109375, 0.0859375, 0.234375, 0.359375, 0.203125, 0.265625, 0.0546875, 0.1875, 0.171875]",[0],0.6423140023807743,0.529714268453043
381,7413.4375,"[0.40625, 0.28125, 0.84375, 0.390625, 0.4375, 0.515625, 0.0546875, 0.84375, 0.6875, 0.15625, 0.171875, 0.1875, 0.1875, 0.0859375, 0.40625, 0.71875, 0.34375, 0.234375, 0.078125, 0.375, 0.171875]","[0.234375, 0.140625, 0.453125, 0.390625, 0.21875, 0.2734375, 0.0703125, 0.484375, 0.34375, 0.078125, 0.265625, 0.09375, 0.109375, 0.0859375, 0.234375, 0.359375, 0.203125, 0.265625, 0.0546875, 0.1875, 0.171875]",[0],0.6572939109447736,0.5502470429307402
382,7273.59375,"[0.40625, 0.28125, 0.84375, 0.390625, 0.4375, 0.515625, 0.0546875, 0.71875, 0.6875, 0.15625, 0.171875, 0.1875, 0.1875, 0.0859375, 0.40625, 0.71875, 0.34375, 0.234375, 0.078125, 0.375, 0.171875]","[0.234375, 0.140625, 0.453125, 0.390625, 0.21875, 0.2734375, 0.0703125, 0.421875, 0.34375, 0.078125, 0.265625, 0.09375, 0.109375, 0.0859375, 0.234375, 0.359375, 0.203125, 0.265625, 0.0546875, 0.1875, 0.171875]",[0],0.6376802311185403,0.532088223486559
383,7234.21875,"[0.40625, 0.28125, 0.84375, 0.390625, 0.4375, 0.515625, 0.0390625, 0.84375, 0.6875, 0.15625, 0.171875, 0.1875, 0.1875, 0.0859375, 0.40625, 0.71875, 0.34375, 0.234375, 0.078125, 0.375, 0.171875]","[0.234375, 0.140625, 0.453125, 0.390625, 0.21875, 0.2734375, 0.0390625, 0.484375, 0.34375, 0.078125, 0.265625, 0.09375, 0.109375, 0.0859375, 0.234375, 0.359375, 0.203125, 0.265625, 0.0546875, 0.1875, 0.171875]",[14],0.6613781267695685,0.5629683235612225
384,7353.125,"[0.40625, 0.28125, 0.84375, 0.390625, 0.4375, 0.515625, 0.0390625, 0.84375, 0.6875, 0.15625, 0.171875, 0.1875, 0.1875, 0.0859375, 0.40625, 0.71875, 0.34375, 0.234375, 0.078125, 0.5, 0.171875]","[0.234375, 0.140625, 0.453125, 0.390625, 0.21875, 0.2734375, 0.0390625, 0.484375, 0.34375, 0.078125, 0.265625, 0.09375, 0.109375, 0.0859375, 0.234375, 0.359375, 0.203125, 0.265625, 0.0546875, 0.25, 0.171875]",[19],0.6556839373803874,0.5549372328560882
385,7392.5,"[0.40625, 0.34375, 0.84375, 0.390625, 0.4375, 0.515625, 0.0390625, 0.84375, 0.6875, 0.15625, 0.171875, 0.1875, 0.1875, 0.0859375, 0.40625, 0.71875, 0.34375, 0.234375, 0.078125, 0.5, 0.171875]","[0.234375, 0.203125, 0.453125, 0.390625, 0.21875, 0.2734375, 0.0390625, 0.484375, 0.34375, 0.078125, 0.265625, 0.09375, 0.109375, 0.0859375, 0.234375, 0.359375, 0.203125, 0.265625, 0.0546875, 0.25, 0.171875]",[56],0.6485436162590966,0.5419258151612033
386,7412.34375,"[0.40625, 0.34375, 0.84375, 0.390625, 0.4375, 0.515625, 0.0390625, 0.84375, 0.6875, 0.15625, 0.171875, 0.1875, 0.1875, 0.0859375, 0.40625, 0.71875, 0.34375, 0.234375, 0.078125, 0.5, 0.171875]","[0.234375, 0.203125, 0.453125, 0.390625, 0.21875, 0.2734375, 0.0390625, 0.484375, 0.34375, 0.078125, 0.265625, 0.09375, 0.109375, 0.0859375, 0.234375, 0.359375, 0.203125, 0.265625, 0.0546875, 0.25, 0.171875]",[56],0.6485436162590966,0.5419258151612033
387,7432.1875,"[0.40625, 0.34375, 0.84375, 0.390625, 0.4375, 0.515625, 0.0390625, 0.84375, 0.6875, 0.15625, 0.171875, 0.1875, 0.1875, 0.0859375, 0.40625, 0.71875, 0.34375, 0.234375, 0.078125, 0.5, 0.171875]","[0.234375, 0.203125, 0.453125, 0.390625, 0.21875, 0.2734375, 0.0390625, 0.484375, 0.34375, 0.078125, 0.265625, 0.09375, 0.109375, 0.0859375, 0.234375, 0.359375, 0.203125, 0.265625, 0.0546875, 0.25, 0.171875]",[56],0.6485436162590966,0.5419258151612033
388,7471.875,"[0.40625, 0.34375, 0.84375, 0.390625, 0.4375, 0.578125, 0.0390625, 0.84375, 0.65625, 0.15625, 0.171875, 0.1875, 0.1875, 0.0859375, 0.40625, 0.71875, 0.3125, 0.234375, 0.078125, 0.5, 0.171875]","[0.234375, 0.203125, 0.453125, 0.390625, 0.21875, 0.3046875, 0.0390625, 0.484375, 0.328125, 0.078125, 0.265625, 0.09375, 0.109375, 0.0859375, 0.234375, 0.359375, 0.1875, 0.265625, 0.0546875, 0.25, 0.171875]",[6],0.6501211190485064,0.5431498931008297
389,7591.25,"[0.40625, 0.34375, 0.84375, 0.390625, 0.4375, 0.578125, 0.0390625, 0.84375, 0.65625, 0.15625, 0.171875, 0.1875, 0.1875, 0.0859375, 0.40625, 0.71875, 0.3125, 0.359375, 0.078125, 0.5, 0.171875]","[0.234375, 0.203125, 0.453125, 0.390625, 0.21875, 0.3046875, 0.0390625, 0.484375, 0.328125, 0.078125, 0.265625, 0.09375, 0.109375, 0.0859375, 0.234375, 0.359375, 0.1875, 0.390625, 0.0546875, 0.25, 0.171875]",[49],0.634810568336695,0.5485739184607505
390,7631.09375,"[0.40625, 0.34375, 0.84375, 0.390625, 0.4375, 0.578125, 0.0390625, 0.84375, 0.65625, 0.15625, 0.171875, 0.1875, 0.1875, 0.1015625, 0.40625, 0.71875, 0.3125, 0.359375, 0.078125, 0.5, 0.171875]","[0.234375, 0.203125, 0.453125, 0.390625, 0.21875, 0.3046875, 0.0390625, 0.484375, 0.328125, 0.078125, 0.265625, 0.09375, 0.109375, 0.1171875, 0.234375, 0.359375, 0.1875, 0.390625, 0.0546875, 0.25, 0.171875]",[61],0.6312065615632135,0.5385352107825823
391,7651.015625,"[0.40625, 0.34375, 0.84375, 0.390625, 0.4375, 0.578125, 0.0390625, 0.84375, 0.65625, 0.15625, 0.171875, 0.1875, 0.1875, 0.1015625, 0.40625, 0.71875, 0.3125, 0.359375, 0.078125, 0.5, 0.1796875]","[0.234375, 0.203125, 0.453125, 0.390625, 0.21875, 0.3046875, 0.0390625, 0.484375, 0.328125, 0.078125, 0.265625, 0.09375, 0.109375, 0.1171875, 0.234375, 0.359375, 0.1875, 0.390625, 0.0546875, 0.25, 0.1796875]",[81],0.629746954486095,0.5369375800882913
392,7690.703125,"[0.40625, 0.34375, 0.84375, 0.390625, 0.4375, 0.578125, 0.0390625, 0.84375, 0.65625, 0.15625, 0.171875, 0.21875, 0.1875, 0.1015625, 0.40625, 0.71875, 0.3125, 0.359375, 0.078125, 0.5, 0.1796875]","[0.234375, 0.203125, 0.453125, 0.390625, 0.21875, 0.3046875, 0.0390625, 0.484375, 0.328125, 0.078125, 0.265625, 0.109375, 0.109375, 0.1171875, 0.234375, 0.359375, 0.1875, 0.390625, 0.0546875, 0.25, 0.1796875]",[102],0.6243678644582592,0.5319064427518704
393,7769.453125,"[0.40625, 0.34375, 0.84375, 0.390625, 0.4375, 0.546875, 0.0390625, 0.84375, 0.65625, 0.28125, 0.171875, 0.21875, 0.1875, 0.1015625, 0.40625, 0.71875, 0.3125, 0.359375, 0.078125, 0.5, 0.1796875]","[0.234375, 0.203125, 0.453125, 0.390625, 0.21875, 0.2734375, 0.0390625, 0.484375, 0.328125, 0.140625, 0.265625, 0.109375, 0.109375, 0.1171875, 0.234375, 0.359375, 0.1875, 0.390625, 0.0546875, 0.25, 0.1796875]",[40],0.6032554822206831,0.5131815811590124
394,7888.515625,"[0.40625, 0.34375, 0.84375, 0.390625, 0.4375, 0.546875, 0.0390625, 0.84375, 0.65625, 0.28125, 0.171875, 0.21875, 0.1875, 0.1015625, 0.40625, 0.71875, 0.3125, 0.328125, 0.078125, 0.5, 0.1796875]","[0.234375, 0.203125, 0.453125, 0.390625, 0.21875, 0.2734375, 0.0390625, 0.484375, 0.328125, 0.140625, 0.265625, 0.109375, 0.109375, 0.1171875, 0.234375, 0.359375, 0.1875, 0.328125, 0.0546875, 0.25, 0.1796875]",[40],0.6062513495443944,0.5070083570464576
395,7729.765625,"[0.40625, 0.34375, 0.84375, 0.390625, 0.4375, 0.546875, 0.0390625, 0.84375, 0.65625, 0.28125, 0.171875, 0.21875, 0.1875, 0.1015625, 0.40625, 0.71875, 0.3125, 0.328125, 0.078125, 0.5, 0.1796875]","[0.234375, 0.203125, 0.453125, 0.390625, 0.21875, 0.2734375, 0.0390625, 0.484375, 0.328125, 0.140625, 0.265625, 0.109375, 0.109375, 0.1171875, 0.234375, 0.359375, 0.1875, 0.328125, 0.0546875, 0.25, 0.1796875]",[40],0.6062513495443944,0.5070083570464576
396,7710.0,"[0.40625, 0.34375, 0.84375, 0.265625, 0.4375, 0.546875, 0.0390625, 0.84375, 0.65625, 0.28125, 0.171875, 0.21875, 0.1875, 0.1015625, 0.40625, 0.71875, 0.3125, 0.328125, 0.078125, 0.5, 0.1796875]","[0.234375, 0.203125, 0.453125, 0.265625, 0.21875, 0.2734375, 0.0390625, 0.484375, 0.328125, 0.140625, 0.265625, 0.109375, 0.109375, 0.1171875, 0.234375, 0.359375, 0.1875, 0.328125, 0.0546875, 0.25, 0.1796875]",[40],0.6192818962861462,0.4992209997417311
397,7570.703125,"[0.40625, 0.34375, 0.84375, 0.265625, 0.4375, 0.421875, 0.0390625, 0.84375, 0.65625, 0.28125, 0.171875, 0.21875, 0.1875, 0.1015625, 0.40625, 0.71875, 0.3125, 0.328125, 0.078125, 0.5, 0.1796875]","[0.234375, 0.203125, 0.453125, 0.265625, 0.21875, 0.2109375, 0.0390625, 0.484375, 0.328125, 0.140625, 0.265625, 0.109375, 0.109375, 0.1171875, 0.234375, 0.359375, 0.1875, 0.328125, 0.0546875, 0.25, 0.1796875]",[40],0.6213862731140172,0.5042297938124682
398,7451.953125,"[0.40625, 0.34375, 0.84375, 0.265625, 0.4375, 0.421875, 0.0390625, 0.84375, 0.65625, 0.28125, 0.171875, 0.21875, 0.1875, 0.1015625, 0.40625, 0.71875, 0.3125, 0.328125, 0.125, 0.5, 0.1796875]","[0.234375, 0.203125, 0.453125, 0.265625, 0.21875, 0.2109375, 0.0390625, 0.484375, 0.328125, 0.140625, 0.265625, 0.109375, 0.109375, 0.1171875, 0.234375, 0.359375, 0.1875, 0.328125, 0.078125, 0.25, 0.1796875]",[54],0.6105598619464065,0.49483534074587054
399,7589.609375,"[0.40625, 0.34375, 0.84375, 0.265625, 0.4375, 0.421875, 0.0390625, 0.84375, 0.65625, 0.28125, 0.171875, 0.21875, 0.1875, 0.1015625, 0.40625, 0.71875, 0.3125, 0.328125, 0.125, 0.5, 0.1796875]","[0.234375, 0.203125, 0.453125, 0.265625, 0.21875, 0.2109375, 0.0390625, 0.484375, 0.328125, 0.140625, 0.265625, 0.109375, 0.109375, 0.1171875, 0.234375, 0.359375, 0.1875, 0.328125, 0.078125, 0.25, 0.1796875]",[54],0.6105598619464065,0.49483534074587054
400,7471.953125,"[0.40625, 0.34375, 0.84375, 0.265625, 0.4375, 0.421875, 0.0390625, 0.84375, 0.65625, 0.28125, 0.171875, 0.21875, 0.1875, 0.1015625, 0.40625, 0.71875, 0.3125, 0.328125, 0.125, 0.5, 0.1796875]","[0.234375, 0.203125, 0.453125, 0.265625, 0.21875, 0.2109375, 0.0390625, 0.484375, 0.328125, 0.140625, 0.265625, 0.109375, 0.109375, 0.1171875, 0.234375, 0.359375, 0.1875, 0.328125, 0.078125, 0.25, 0.1796875]",[54],0.6105598619464065,0.49483534074587054
401,7451.796875,"[0.40625, 0.34375, 0.84375, 0.265625, 0.4375, 0.421875, 0.0234375, 0.875, 0.65625, 0.28125, 0.171875, 0.21875, 0.1875, 0.1015625, 0.40625, 0.71875, 0.3125, 0.328125, 0.125, 0.5, 0.1796875]","[0.234375, 0.203125, 0.453125, 0.265625, 0.21875, 0.2109375, 0.0234375, 0.5, 0.328125, 0.140625, 0.265625, 0.109375, 0.109375, 0.1171875, 0.234375, 0.359375, 0.1875, 0.328125, 0.078125, 0.25, 0.1796875]",[5],0.6208643649354776,0.5079449207597712
402,7451.640625,"[0.40625, 0.34375, 0.84375, 0.265625, 0.4375, 0.421875, 0.0234375, 0.875, 0.65625, 0.28125, 0.171875, 0.21875, 0.1875, 0.1015625, 0.40625, 0.71875, 0.3125, 0.328125, 0.125, 0.5, 0.1796875]","[0.234375, 0.203125, 0.453125, 0.265625, 0.21875, 0.2109375, 0.0234375, 0.5, 0.328125, 0.140625, 0.265625, 0.109375, 0.109375, 0.1171875, 0.234375, 0.359375, 0.1875, 0.328125, 0.078125, 0.25, 0.1796875]",[5],0.6208643649354776,0.5079449207597712
403,7490.703125,"[0.40625, 0.34375, 0.78125, 0.265625, 0.4375, 0.421875, 0.0234375, 0.875, 0.65625, 0.28125, 0.171875, 0.21875, 0.1875, 0.1015625, 0.40625, 0.71875, 0.3125, 0.328125, 0.125, 0.5, 0.1796875]","[0.234375, 0.203125, 0.421875, 0.265625, 0.21875, 0.2109375, 0.0234375, 0.5, 0.328125, 0.140625, 0.265625, 0.109375, 0.109375, 0.1171875, 0.234375, 0.359375, 0.1875, 0.328125, 0.078125, 0.25, 0.1796875]",[5],0.610205000141794,0.4992765526787975
404,7531.953125,"[0.40625, 0.34375, 0.78125, 0.265625, 0.4375, 0.421875, 0.0234375, 0.875, 0.40625, 0.28125, 0.171875, 0.21875, 0.0625, 0.1640625, 0.40625, 0.71875, 0.3125, 0.328125, 0.125, 0.5, 0.1796875]","[0.234375, 0.203125, 0.421875, 0.265625, 0.21875, 0.2109375, 0.0234375, 0.5, 0.203125, 0.140625, 0.265625, 0.109375, 0.046875, 0.1796875, 0.234375, 0.359375, 0.1875, 0.328125, 0.078125, 0.25, 0.1796875]",[45],0.6193525178410936,0.5111749870254543
405,7255.546875,"[0.40625, 0.34375, 0.78125, 0.265625, 0.4375, 0.421875, 0.0390625, 0.875, 0.40625, 0.28125, 0.171875, 0.21875, 0.0625, 0.1640625, 0.40625, 0.71875, 0.3125, 0.328125, 0.125, 0.5, 0.1796875]","[0.234375, 0.203125, 0.421875, 0.265625, 0.21875, 0.2109375, 0.0546875, 0.5, 0.203125, 0.140625, 0.265625, 0.109375, 0.046875, 0.1796875, 0.234375, 0.359375, 0.1875, 0.328125, 0.078125, 0.25, 0.1796875]",[47],0.6149522413065435,0.49682158862179415
406,7275.234375,"[0.40625, 0.34375, 0.78125, 0.265625, 0.4375, 0.421875, 0.0390625, 0.875, 0.40625, 0.28125, 0.171875, 0.21875, 0.0625, 0.1640625, 0.40625, 0.71875, 0.3125, 0.328125, 0.125, 0.5, 0.1796875]","[0.234375, 0.203125, 0.421875, 0.265625, 0.21875, 0.2109375, 0.0546875, 0.5, 0.203125, 0.140625, 0.265625, 0.109375, 0.046875, 0.1796875, 0.234375, 0.359375, 0.1875, 0.328125, 0.078125, 0.25, 0.1796875]",[47],0.6149522413065435,0.49682158862179415
407,7295.234375,"[0.40625, 0.34375, 0.78125, 0.265625, 0.4375, 0.421875, 0.0390625, 0.875, 0.40625, 0.28125, 0.171875, 0.21875, 0.0625, 0.1640625, 0.40625, 0.71875, 0.3125, 0.328125, 0.125, 0.5, 0.1796875]","[0.234375, 0.203125, 0.421875, 0.265625, 0.21875, 0.2109375, 0.0546875, 0.5, 0.203125, 0.140625, 0.265625, 0.109375, 0.046875, 0.1796875, 0.234375, 0.359375, 0.1875, 0.328125, 0.078125, 0.25, 0.1796875]",[47],0.6149522413065435,0.49682158862179415
408,7334.296875,"[0.40625, 0.34375, 0.90625, 0.265625, 0.4375, 0.421875, 0.0390625, 0.875, 0.40625, 0.28125, 0.171875, 0.21875, 0.0625, 0.1640625, 0.40625, 0.71875, 0.3125, 0.328125, 0.125, 0.5, 0.1796875]","[0.234375, 0.203125, 0.484375, 0.265625, 0.21875, 0.2109375, 0.0546875, 0.5, 0.203125, 0.140625, 0.265625, 0.109375, 0.046875, 0.1796875, 0.234375, 0.359375, 0.1875, 0.328125, 0.078125, 0.25, 0.1796875]",[62],0.640565181277999,0.5169100758675017
409,7493.046875,"[0.40625, 0.34375, 0.90625, 0.265625, 0.4375, 0.515625, 0.0390625, 0.875, 0.40625, 0.28125, 0.171875, 0.21875, 0.0625, 0.1640625, 0.40625, 0.71875, 0.3125, 0.328125, 0.125, 0.5, 0.1796875]","[0.234375, 0.203125, 0.484375, 0.265625, 0.21875, 0.2578125, 0.0546875, 0.5, 0.203125, 0.140625, 0.265625, 0.109375, 0.046875, 0.1796875, 0.234375, 0.359375, 0.1875, 0.328125, 0.078125, 0.25, 0.1796875]",[30],0.6383213668733276,0.5124991599534255
410,7493.203125,"[0.40625, 0.34375, 0.8125, 0.265625, 0.4375, 0.515625, 0.0390625, 0.875, 0.40625, 0.15625, 0.171875, 0.21875, 0.0625, 0.1640625, 0.40625, 0.71875, 0.3125, 0.328125, 0.125, 0.5, 0.1953125]","[0.234375, 0.203125, 0.40625, 0.265625, 0.21875, 0.2578125, 0.0546875, 0.5, 0.203125, 0.078125, 0.265625, 0.109375, 0.046875, 0.1796875, 0.234375, 0.359375, 0.1875, 0.328125, 0.078125, 0.25, 0.2109375]",[36],0.637122653945971,0.504096705666123
411,7375.078125,"[0.40625, 0.34375, 0.8125, 0.265625, 0.4375, 0.515625, 0.0390625, 0.875, 0.40625, 0.15625, 0.171875, 0.21875, 0.0625, 0.1640625, 0.4375, 0.71875, 0.3125, 0.328125, 0.125, 0.5, 0.1953125]","[0.234375, 0.203125, 0.40625, 0.265625, 0.21875, 0.2578125, 0.0546875, 0.5, 0.203125, 0.078125, 0.265625, 0.109375, 0.046875, 0.1796875, 0.25, 0.359375, 0.1875, 0.328125, 0.078125, 0.25, 0.2109375]",[38],0.6356774060170176,0.5029910535983717
412,7414.765625,"[0.40625, 0.34375, 0.8125, 0.265625, 0.4375, 0.515625, 0.0390625, 0.875, 0.40625, 0.15625, 0.171875, 0.21875, 0.0625, 0.1640625, 0.4375, 0.71875, 0.3125, 0.328125, 0.125, 0.5, 0.1953125]","[0.234375, 0.203125, 0.40625, 0.265625, 0.21875, 0.2578125, 0.0546875, 0.5, 0.203125, 0.078125, 0.265625, 0.109375, 0.046875, 0.1796875, 0.25, 0.359375, 0.1875, 0.328125, 0.078125, 0.25, 0.2109375]",[38],0.6356774060170176,0.5029910535983717
413,7453.828125,"[0.40625, 0.46875, 0.8125, 0.265625, 0.4375, 0.515625, 0.0390625, 0.875, 0.34375, 0.15625, 0.15625, 0.21875, 0.0625, 0.1640625, 0.4375, 0.71875, 0.3125, 0.328125, 0.125, 0.5, 0.1953125]","[0.234375, 0.265625, 0.40625, 0.265625, 0.21875, 0.2578125, 0.0546875, 0.5, 0.171875, 0.078125, 0.25, 0.109375, 0.046875, 0.1796875, 0.25, 0.359375, 0.1875, 0.328125, 0.078125, 0.25, 0.2109375]",[18],0.6363892479713618,0.5037140893385771
414,7552.109375,"[0.40625, 0.71875, 0.8125, 0.265625, 0.4375, 0.515625, 0.0390625, 0.875, 0.21875, 0.15625, 0.15625, 0.21875, 0.03125, 0.1640625, 0.4375, 0.71875, 0.3125, 0.328125, 0.125, 0.5, 0.1953125]","[0.234375, 0.390625, 0.40625, 0.265625, 0.21875, 0.2578125, 0.0546875, 0.5, 0.109375, 0.078125, 0.25, 0.109375, 0.015625, 0.1796875, 0.25, 0.359375, 0.1875, 0.328125, 0.078125, 0.25, 0.2109375]",[52],0.6717879260828412,0.5438639486498882
415,7473.046875,"[0.40625, 0.71875, 0.8125, 0.265625, 0.4375, 0.515625, 0.0390625, 0.875, 0.28125, 0.15625, 0.15625, 0.21875, 0.03125, 0.1640625, 0.4375, 0.71875, 0.3125, 0.328125, 0.125, 0.5, 0.1953125]","[0.234375, 0.390625, 0.40625, 0.265625, 0.21875, 0.2578125, 0.0546875, 0.5, 0.171875, 0.078125, 0.25, 0.109375, 0.015625, 0.1796875, 0.25, 0.359375, 0.1875, 0.328125, 0.078125, 0.25, 0.2109375]",[66],0.6624970312937131,0.5275264161399013
416,7492.734375,"[0.40625, 0.71875, 0.8125, 0.265625, 0.4375, 0.515625, 0.0390625, 0.875, 0.3125, 0.15625, 0.15625, 0.21875, 0.03125, 0.1640625, 0.4375, 0.71875, 0.3125, 0.328125, 0.125, 0.5, 0.1328125]","[0.234375, 0.390625, 0.40625, 0.265625, 0.21875, 0.2578125, 0.0546875, 0.5, 0.1875, 0.078125, 0.25, 0.109375, 0.015625, 0.1796875, 0.25, 0.359375, 0.1875, 0.328125, 0.078125, 0.25, 0.1484375]",[8],0.6707921618506757,0.5366179227475079
417,7373.046875,"[0.40625, 0.71875, 0.8125, 0.265625, 0.4375, 0.515625, 0.0390625, 0.875, 0.3125, 0.15625, 0.15625, 0.21875, 0.03125, 0.1640625, 0.4375, 0.71875, 0.3125, 0.328125, 0.15625, 0.5, 0.1328125]","[0.234375, 0.390625, 0.40625, 0.265625, 0.21875, 0.2578125, 0.0546875, 0.5, 0.1875, 0.078125, 0.25, 0.109375, 0.015625, 0.1796875, 0.25, 0.359375, 0.1875, 0.328125, 0.09375, 0.25, 0.1484375]",[72],0.6643240899073586,0.5310463372517688
418,7451.796875,"[0.40625, 0.71875, 0.8125, 0.265625, 0.4375, 0.515625, 0.0390625, 0.875, 0.3125, 0.15625, 0.15625, 0.21875, 0.03125, 0.1640625, 0.4375, 0.71875, 0.3125, 0.328125, 0.15625, 0.5, 0.1328125]","[0.234375, 0.390625, 0.40625, 0.265625, 0.21875, 0.2578125, 0.0546875, 0.5, 0.1875, 0.078125, 0.25, 0.109375, 0.015625, 0.1796875, 0.25, 0.359375, 0.1875, 0.328125, 0.09375, 0.25, 0.1484375]",[72],0.6643240899073586,0.5310463372517688
419,7532.421875,"[0.40625, 0.71875, 0.8125, 0.265625, 0.4375, 0.515625, 0.0390625, 0.875, 0.3125, 0.15625, 0.15625, 0.21875, 0.03125, 0.1640625, 0.4375, 0.71875, 0.3125, 0.296875, 0.15625, 0.5, 0.1328125]","[0.234375, 0.390625, 0.40625, 0.265625, 0.21875, 0.2578125, 0.0546875, 0.5, 0.1875, 0.078125, 0.25, 0.109375, 0.015625, 0.1796875, 0.25, 0.359375, 0.1875, 0.296875, 0.09375, 0.25, 0.1484375]",[72],0.6679233262616008,0.5298032044827415
420,7373.203125,"[0.375, 0.71875, 0.8125, 0.265625, 0.4375, 0.390625, 0.0390625, 0.875, 0.3125, 0.15625, 0.15625, 0.21875, 0.03125, 0.1640625, 0.4375, 0.71875, 0.3125, 0.296875, 0.15625, 0.5, 0.1484375]","[0.21875, 0.390625, 0.40625, 0.265625, 0.21875, 0.1953125, 0.0546875, 0.5, 0.1875, 0.078125, 0.25, 0.109375, 0.015625, 0.1796875, 0.25, 0.359375, 0.1875, 0.296875, 0.09375, 0.25, 0.1796875]",[12],0.6717375877967176,0.5314132102234569
421,7214.453125,"[0.40625, 0.71875, 0.8125, 0.265625, 0.4375, 0.390625, 0.0390625, 0.875, 0.3125, 0.15625, 0.15625, 0.21875, 0.03125, 0.1640625, 0.4375, 0.65625, 0.3125, 0.296875, 0.15625, 0.375, 0.1484375]","[0.234375, 0.390625, 0.40625, 0.265625, 0.21875, 0.1953125, 0.0546875, 0.5, 0.1875, 0.078125, 0.25, 0.109375, 0.015625, 0.1796875, 0.25, 0.328125, 0.1875, 0.296875, 0.09375, 0.1875, 0.1796875]",[3],0.668819130915093,0.5338310423058855
422,7055.703125,"[0.40625, 0.71875, 0.8125, 0.265625, 0.4375, 0.390625, 0.0390625, 0.875, 0.3125, 0.15625, 0.15625, 0.21875, 0.03125, 0.1640625, 0.4375, 0.65625, 0.375, 0.296875, 0.15625, 0.375, 0.1484375]","[0.234375, 0.390625, 0.40625, 0.265625, 0.21875, 0.1953125, 0.0546875, 0.5, 0.1875, 0.078125, 0.25, 0.109375, 0.015625, 0.1796875, 0.25, 0.328125, 0.21875, 0.296875, 0.09375, 0.1875, 0.1796875]",[23],0.6628860483308923,0.5292518039899949
423,7134.453125,"[0.40625, 0.71875, 0.9375, 0.265625, 0.4375, 0.390625, 0.0390625, 0.75, 0.3125, 0.15625, 0.15625, 0.21875, 0.03125, 0.1640625, 0.4375, 0.65625, 0.375, 0.296875, 0.15625, 0.375, 0.1484375]","[0.234375, 0.390625, 0.46875, 0.265625, 0.21875, 0.1953125, 0.0546875, 0.4375, 0.1875, 0.078125, 0.25, 0.109375, 0.015625, 0.1796875, 0.25, 0.328125, 0.21875, 0.296875, 0.09375, 0.1875, 0.1796875]",[60],0.6673546125898578,0.5256408820710177
424,7215.078125,"[0.40625, 0.71875, 0.9375, 0.265625, 0.4375, 0.390625, 0.0390625, 0.75, 0.3125, 0.15625, 0.15625, 0.21875, 0.03125, 0.2265625, 0.4375, 0.65625, 0.375, 0.296875, 0.15625, 0.375, 0.140625]","[0.234375, 0.390625, 0.46875, 0.265625, 0.21875, 0.1953125, 0.0546875, 0.4375, 0.1875, 0.078125, 0.25, 0.109375, 0.015625, 0.2421875, 0.25, 0.328125, 0.21875, 0.296875, 0.09375, 0.1875, 0.171875]",[61],0.6577409836762377,0.5188840642100724
425,7235.0,"[0.40625, 0.71875, 0.9375, 0.265625, 0.4375, 0.390625, 0.0390625, 0.75, 0.3125, 0.15625, 0.15625, 0.21875, 0.03125, 0.2421875, 0.4375, 0.65625, 0.375, 0.296875, 0.15625, 0.375, 0.140625]","[0.234375, 0.390625, 0.46875, 0.265625, 0.21875, 0.1953125, 0.0546875, 0.4375, 0.1875, 0.078125, 0.25, 0.109375, 0.015625, 0.2734375, 0.25, 0.328125, 0.21875, 0.296875, 0.09375, 0.1875, 0.171875]",[77],0.6552820242078978,0.5173580122975423
426,7254.6875,"[0.40625, 0.71875, 0.9375, 0.265625, 0.4375, 0.390625, 0.0390625, 0.75, 0.3125, 0.15625, 0.15625, 0.21875, 0.03125, 0.2421875, 0.4375, 0.65625, 0.375, 0.296875, 0.15625, 0.25, 0.140625]","[0.234375, 0.390625, 0.46875, 0.265625, 0.21875, 0.1953125, 0.0546875, 0.4375, 0.1875, 0.078125, 0.25, 0.109375, 0.015625, 0.2734375, 0.25, 0.328125, 0.21875, 0.296875, 0.09375, 0.125, 0.171875]",[14],0.6693993312405727,0.5319833845048081
427,7115.625,"[0.40625, 0.71875, 0.90625, 0.265625, 0.4375, 0.390625, 0.0390625, 0.6875, 0.3125, 0.15625, 0.15625, 0.21875, 0.03125, 0.2421875, 0.4375, 0.71875, 0.375, 0.296875, 0.15625, 0.25, 0.140625]","[0.234375, 0.390625, 0.453125, 0.265625, 0.21875, 0.1953125, 0.0546875, 0.375, 0.1875, 0.078125, 0.25, 0.109375, 0.015625, 0.2734375, 0.25, 0.359375, 0.21875, 0.296875, 0.09375, 0.125, 0.171875]",[21],0.6606734153135934,0.5158885687822593
428,7135.3125,"[0.40625, 0.71875, 0.90625, 0.265625, 0.4375, 0.390625, 0.0390625, 0.6875, 0.4375, 0.15625, 0.15625, 0.21875, 0.03125, 0.2421875, 0.4375, 0.71875, 0.375, 0.296875, 0.15625, 0.25, 0.140625]","[0.234375, 0.390625, 0.453125, 0.265625, 0.21875, 0.1953125, 0.0546875, 0.375, 0.25, 0.078125, 0.25, 0.109375, 0.015625, 0.2734375, 0.25, 0.359375, 0.21875, 0.296875, 0.09375, 0.125, 0.171875]",[53],0.6512310699584505,0.5086918465433691
429,7294.6875,"[0.40625, 0.71875, 0.875, 0.265625, 0.4375, 0.390625, 0.0390625, 0.6875, 0.4375, 0.15625, 0.15625, 0.21875, 0.015625, 0.2421875, 0.4375, 0.71875, 0.375, 0.296875, 0.15625, 0.25, 0.140625]","[0.234375, 0.390625, 0.4375, 0.265625, 0.21875, 0.1953125, 0.0546875, 0.375, 0.25, 0.078125, 0.25, 0.109375, 0.0078125, 0.2734375, 0.25, 0.359375, 0.21875, 0.296875, 0.09375, 0.125, 0.171875]",[1],0.6485731195576505,0.5077548259642067
430,7135.15625,"[0.40625, 0.78125, 0.875, 0.265625, 0.4375, 0.390625, 0.0390625, 0.6875, 0.4375, 0.15625, 0.15625, 0.21875, 0.015625, 0.2421875, 0.4375, 0.71875, 0.375, 0.296875, 0.15625, 0.25, 0.140625]","[0.234375, 0.453125, 0.4375, 0.265625, 0.21875, 0.1953125, 0.0546875, 0.375, 0.25, 0.078125, 0.25, 0.109375, 0.0078125, 0.2734375, 0.25, 0.359375, 0.21875, 0.296875, 0.09375, 0.125, 0.171875]",[53],0.6573930084954437,0.5238804080967642
431,7155.0,"[0.40625, 0.78125, 0.875, 0.265625, 0.4375, 0.390625, 0.0390625, 0.6875, 0.4375, 0.15625, 0.15625, 0.21875, 0.015625, 0.2421875, 0.4375, 0.46875, 0.375, 0.296875, 0.15625, 0.25, 0.140625]","[0.234375, 0.453125, 0.4375, 0.265625, 0.21875, 0.1953125, 0.0546875, 0.375, 0.25, 0.078125, 0.25, 0.109375, 0.0078125, 0.2734375, 0.25, 0.234375, 0.21875, 0.296875, 0.09375, 0.125, 0.171875]",[53],0.6432243211724071,0.5204748523362873
432,7017.5,"[0.40625, 0.78125, 0.875, 0.265625, 0.4375, 0.390625, 0.0390625, 0.6875, 0.4375, 0.15625, 0.15625, 0.21875, 0.015625, 0.2421875, 0.4375, 0.46875, 0.375, 0.296875, 0.15625, 0.125, 0.140625]","[0.234375, 0.453125, 0.4375, 0.265625, 0.21875, 0.1953125, 0.0546875, 0.375, 0.25, 0.078125, 0.25, 0.109375, 0.0078125, 0.2734375, 0.25, 0.234375, 0.21875, 0.296875, 0.09375, 0.0625, 0.171875]",[42],0.6666427158278687,0.5424106144545923
433,6897.65625,"[0.40625, 0.78125, 1.0, 0.265625, 0.4375, 0.390625, 0.0390625, 0.4375, 0.4375, 0.15625, 0.15625, 0.21875, 0.015625, 0.2421875, 0.4375, 0.46875, 0.375, 0.296875, 0.15625, 0.125, 0.140625]","[0.234375, 0.453125, 0.5, 0.265625, 0.21875, 0.1953125, 0.0546875, 0.25, 0.25, 0.078125, 0.25, 0.109375, 0.0078125, 0.2734375, 0.25, 0.234375, 0.21875, 0.296875, 0.09375, 0.0625, 0.171875]",[46],0.6902155167582752,0.556888848421136
434,6898.90625,"[0.40625, 0.78125, 1.0, 0.265625, 0.4375, 0.390625, 0.0390625, 0.4375, 0.4375, 0.15625, 0.28125, 0.15625, 0.015625, 0.2421875, 0.4375, 0.46875, 0.375, 0.296875, 0.15625, 0.125, 0.140625]","[0.234375, 0.453125, 0.5, 0.265625, 0.21875, 0.1953125, 0.0546875, 0.25, 0.25, 0.078125, 0.375, 0.078125, 0.0078125, 0.2734375, 0.25, 0.234375, 0.21875, 0.296875, 0.09375, 0.0625, 0.171875]",[53],0.6808377209449712,0.5742304158293094
435,6859.21875,"[0.40625, 0.78125, 1.0, 0.265625, 0.4375, 0.390625, 0.03125, 0.4375, 0.4375, 0.15625, 0.28125, 0.15625, 0.015625, 0.2421875, 0.4375, 0.46875, 0.375, 0.296875, 0.15625, 0.15625, 0.140625]","[0.234375, 0.453125, 0.5, 0.265625, 0.21875, 0.1953125, 0.046875, 0.25, 0.25, 0.078125, 0.375, 0.078125, 0.0078125, 0.2734375, 0.25, 0.234375, 0.21875, 0.296875, 0.09375, 0.09375, 0.171875]",[64],0.676250315925759,0.5659211676986117
436,6858.984375,"[0.40625, 0.78125, 1.0, 0.265625, 0.4375, 0.390625, 0.015625, 0.4375, 0.4375, 0.15625, 0.28125, 0.15625, 0.015625, 0.2421875, 0.4375, 0.46875, 0.40625, 0.296875, 0.15625, 0.15625, 0.140625]","[0.234375, 0.453125, 0.5, 0.265625, 0.21875, 0.1953125, 0.015625, 0.25, 0.25, 0.078125, 0.375, 0.078125, 0.0078125, 0.2734375, 0.25, 0.234375, 0.234375, 0.296875, 0.09375, 0.09375, 0.171875]",[45],0.6788219197154696,0.578328771816103
437,6858.828125,"[0.40625, 0.78125, 1.0, 0.265625, 0.4375, 0.390625, 0.015625, 0.4375, 0.4375, 0.15625, 0.28125, 0.15625, 0.015625, 0.2421875, 0.4375, 0.46875, 0.40625, 0.296875, 0.15625, 0.15625, 0.140625]","[0.234375, 0.453125, 0.5, 0.265625, 0.21875, 0.1953125, 0.015625, 0.25, 0.25, 0.078125, 0.375, 0.078125, 0.0078125, 0.2734375, 0.25, 0.234375, 0.234375, 0.296875, 0.09375, 0.09375, 0.171875]",[45],0.6788219197154696,0.578328771816103
438,6898.515625,"[0.40625, 0.78125, 1.0, 0.265625, 0.4375, 0.390625, 0.015625, 0.4375, 0.4375, 0.03125, 0.28125, 0.15625, 0.015625, 0.2421875, 0.4375, 0.46875, 0.40625, 0.296875, 0.15625, 0.15625, 0.140625]","[0.234375, 0.453125, 0.5, 0.265625, 0.21875, 0.1953125, 0.015625, 0.25, 0.25, 0.015625, 0.375, 0.078125, 0.0078125, 0.2734375, 0.25, 0.234375, 0.234375, 0.296875, 0.09375, 0.09375, 0.171875]",[45],0.7096314061066926,0.604706174247337
439,6899.140625,"[0.40625, 0.78125, 1.0, 0.265625, 0.4375, 0.390625, 0.015625, 0.4375, 0.4375, 0.03125, 0.28125, 0.15625, 0.015625, 0.2421875, 0.4375, 0.21875, 0.40625, 0.296875, 0.15625, 0.15625, 0.140625]","[0.234375, 0.453125, 0.5, 0.265625, 0.21875, 0.1953125, 0.015625, 0.25, 0.25, 0.015625, 0.375, 0.078125, 0.0078125, 0.2734375, 0.25, 0.109375, 0.234375, 0.296875, 0.09375, 0.09375, 0.171875]",[9],0.7331743802379682,0.6306382747882336
440,6622.734375,"[0.40625, 0.53125, 1.0, 0.265625, 0.4375, 0.328125, 0.015625, 0.4375, 0.4375, 0.03125, 0.28125, 0.15625, 0.015625, 0.2421875, 0.4375, 0.21875, 0.40625, 0.296875, 0.15625, 0.15625, 0.15625]","[0.234375, 0.328125, 0.5, 0.265625, 0.21875, 0.1640625, 0.015625, 0.25, 0.25, 0.015625, 0.375, 0.078125, 0.0078125, 0.2734375, 0.25, 0.109375, 0.234375, 0.296875, 0.09375, 0.09375, 0.203125]",[18],0.7036442867705142,0.6069762488373318
441,6405.703125,"[0.40625, 0.53125, 1.0, 0.265625, 0.4375, 0.328125, 0.015625, 0.4375, 0.4375, 0.03125, 0.28125, 0.15625, 0.015625, 0.2421875, 0.4375, 0.21875, 0.40625, 0.296875, 0.171875, 0.15625, 0.15625]","[0.234375, 0.328125, 0.5, 0.265625, 0.21875, 0.1640625, 0.015625, 0.25, 0.25, 0.015625, 0.375, 0.078125, 0.0078125, 0.2734375, 0.25, 0.109375, 0.234375, 0.296875, 0.1015625, 0.09375, 0.203125]",[45],0.7003297789001027,0.6042956960381328
442,6445.078125,"[0.40625, 0.53125, 1.0, 0.265625, 0.4375, 0.328125, 0.015625, 0.4375, 0.4375, 0.09375, 0.28125, 0.15625, 0.015625, 0.2421875, 0.4375, 0.21875, 0.40625, 0.296875, 0.171875, 0.15625, 0.15625]","[0.234375, 0.328125, 0.5, 0.265625, 0.21875, 0.1640625, 0.015625, 0.25, 0.25, 0.046875, 0.375, 0.078125, 0.0078125, 0.2734375, 0.25, 0.109375, 0.234375, 0.296875, 0.1015625, 0.09375, 0.203125]",[56],0.6824919056610576,0.5895845294403271
443,6445.078125,"[0.40625, 0.53125, 0.875, 0.265625, 0.4375, 0.328125, 0.015625, 0.4375, 0.4375, 0.09375, 0.28125, 0.15625, 0.015625, 0.2421875, 0.4375, 0.21875, 0.40625, 0.296875, 0.171875, 0.15625, 0.15625]","[0.234375, 0.328125, 0.4375, 0.265625, 0.21875, 0.1640625, 0.015625, 0.25, 0.25, 0.046875, 0.375, 0.078125, 0.0078125, 0.2734375, 0.25, 0.109375, 0.234375, 0.296875, 0.1015625, 0.09375, 0.203125]","[23, 56]",0.6344353286443583,0.5648529333771942
444,6603.828125,"[0.40625, 0.53125, 0.875, 0.265625, 0.4375, 0.328125, 0.015625, 0.4375, 0.4375, 0.09375, 0.28125, 0.15625, 0.015625, 0.2421875, 0.4375, 0.21875, 0.40625, 0.296875, 0.296875, 0.15625, 0.15625]","[0.234375, 0.328125, 0.4375, 0.265625, 0.21875, 0.1640625, 0.015625, 0.25, 0.25, 0.046875, 0.375, 0.078125, 0.0078125, 0.2734375, 0.25, 0.109375, 0.234375, 0.296875, 0.1640625, 0.09375, 0.203125]",[23],0.6149912475098145,0.5475837231732674
445,6564.453125,"[0.40625, 0.53125, 0.875, 0.265625, 0.4375, 0.328125, 0.015625, 0.5, 0.4375, 0.09375, 0.28125, 0.15625, 0.015625, 0.2421875, 0.4375, 0.21875, 0.40625, 0.296875, 0.296875, 0.15625, 0.15625]","[0.234375, 0.328125, 0.4375, 0.265625, 0.21875, 0.1640625, 0.015625, 0.3125, 0.25, 0.046875, 0.375, 0.078125, 0.0078125, 0.2734375, 0.25, 0.109375, 0.234375, 0.296875, 0.1640625, 0.09375, 0.203125]",[71],0.6170057773255779,0.5492648818491906
446,6584.140625,"[0.40625, 0.53125, 0.875, 0.265625, 0.4375, 0.328125, 0.015625, 0.5, 0.4375, 0.09375, 0.28125, 0.15625, 0.015625, 0.2421875, 0.4375, 0.21875, 0.40625, 0.296875, 0.296875, 0.15625, 0.15625]","[0.234375, 0.328125, 0.4375, 0.265625, 0.21875, 0.1640625, 0.015625, 0.3125, 0.25, 0.046875, 0.375, 0.078125, 0.0078125, 0.2734375, 0.25, 0.109375, 0.234375, 0.296875, 0.1640625, 0.09375, 0.203125]",[71],0.6170057773255779,0.5492648818491906
447,6603.828125,"[0.40625, 0.53125, 0.875, 0.265625, 0.4375, 0.328125, 0.015625, 0.5, 0.4375, 0.09375, 0.28125, 0.15625, 0.015625, 0.2421875, 0.4375, 0.21875, 0.40625, 0.296875, 0.296875, 0.15625, 0.15625]","[0.234375, 0.328125, 0.4375, 0.265625, 0.21875, 0.1640625, 0.015625, 0.3125, 0.25, 0.046875, 0.375, 0.078125, 0.0078125, 0.2734375, 0.25, 0.109375, 0.234375, 0.296875, 0.1640625, 0.09375, 0.203125]",[71],0.6170057773255779,0.5492648818491906
448,6643.828125,"[0.40625, 0.53125, 0.875, 0.265625, 0.4375, 0.328125, 0.015625, 0.5, 0.4375, 0.09375, 0.28125, 0.15625, 0.015625, 0.2421875, 0.4375, 0.21875, 0.40625, 0.296875, 0.296875, 0.15625, 0.15625]","[0.234375, 0.328125, 0.4375, 0.265625, 0.21875, 0.1640625, 0.015625, 0.3125, 0.25, 0.046875, 0.375, 0.078125, 0.0078125, 0.2734375, 0.25, 0.109375, 0.234375, 0.296875, 0.1640625, 0.09375, 0.203125]",[71],0.6170057773255779,0.5492648818491906
449,6721.953125,"[0.40625, 0.53125, 0.875, 0.265625, 0.4375, 0.328125, 0.015625, 0.5, 0.4375, 0.09375, 0.28125, 0.15625, 0.015625, 0.2421875, 0.4375, 0.21875, 0.40625, 0.296875, 0.296875, 0.15625, 0.15625]","[0.234375, 0.328125, 0.4375, 0.265625, 0.21875, 0.1640625, 0.015625, 0.3125, 0.25, 0.046875, 0.375, 0.078125, 0.0078125, 0.2734375, 0.25, 0.109375, 0.234375, 0.296875, 0.1640625, 0.09375, 0.203125]",[71],0.6170057773255779,0.5492648818491906
450,6604.140625,"[0.28125, 0.53125, 0.875, 0.265625, 0.4375, 0.328125, 0.015625, 0.5, 0.4375, 0.09375, 0.28125, 0.15625, 0.015625, 0.2421875, 0.4375, 0.21875, 0.40625, 0.296875, 0.296875, 0.1875, 0.15625]","[0.171875, 0.328125, 0.4375, 0.265625, 0.21875, 0.1640625, 0.015625, 0.3125, 0.25, 0.046875, 0.375, 0.078125, 0.0078125, 0.2734375, 0.25, 0.109375, 0.234375, 0.296875, 0.1640625, 0.125, 0.203125]",[41],0.6190532399598648,0.5475000320614838
451,6545.234375,"[0.28125, 0.53125, 0.875, 0.265625, 0.4375, 0.328125, 0.015625, 0.5, 0.4375, 0.09375, 0.28125, 0.15625, 0.03125, 0.2421875, 0.4375, 0.21875, 0.40625, 0.296875, 0.296875, 0.1875, 0.15625]","[0.171875, 0.328125, 0.4375, 0.265625, 0.21875, 0.1640625, 0.015625, 0.3125, 0.25, 0.046875, 0.375, 0.078125, 0.015625, 0.2734375, 0.25, 0.109375, 0.234375, 0.296875, 0.1640625, 0.125, 0.203125]",[77],0.6139441777531479,0.5433978534859326
452,6584.609375,"[0.34375, 0.53125, 0.875, 0.265625, 0.4375, 0.328125, 0.015625, 0.5, 0.4375, 0.09375, 0.28125, 0.15625, 0.03125, 0.2421875, 0.4375, 0.21875, 0.40625, 0.296875, 0.296875, 0.1875, 0.09375]","[0.203125, 0.328125, 0.4375, 0.265625, 0.21875, 0.1640625, 0.015625, 0.3125, 0.25, 0.046875, 0.375, 0.078125, 0.015625, 0.2734375, 0.25, 0.109375, 0.234375, 0.296875, 0.1640625, 0.125, 0.140625]",[51],0.6234270834774319,0.5505348247407496
453,6503.984375,"[0.34375, 0.53125, 0.875, 0.265625, 0.4375, 0.328125, 0.015625, 0.5, 0.4375, 0.09375, 0.28125, 0.15625, 0.03125, 0.2421875, 0.4375, 0.21875, 0.40625, 0.296875, 0.296875, 0.1875, 0.09375]","[0.203125, 0.328125, 0.4375, 0.265625, 0.21875, 0.1640625, 0.015625, 0.3125, 0.25, 0.046875, 0.375, 0.078125, 0.015625, 0.2734375, 0.25, 0.109375, 0.234375, 0.296875, 0.1640625, 0.125, 0.140625]",[51],0.6234270834774319,0.5505348247407496
454,6583.984375,"[0.34375, 0.53125, 0.875, 0.265625, 0.4375, 0.328125, 0.015625, 0.5, 0.4375, 0.0625, 0.28125, 0.15625, 0.03125, 0.2421875, 0.4375, 0.21875, 0.40625, 0.296875, 0.296875, 0.1875, 0.09375]","[0.203125, 0.328125, 0.4375, 0.265625, 0.21875, 0.1640625, 0.015625, 0.3125, 0.25, 0.03125, 0.375, 0.078125, 0.015625, 0.2734375, 0.25, 0.109375, 0.234375, 0.296875, 0.1640625, 0.125, 0.140625]",[51],0.6322115627344193,0.5578590008909363
455,6445.234375,"[0.34375, 0.53125, 0.875, 0.265625, 0.4375, 0.359375, 0.015625, 0.5, 0.4375, 0.0625, 0.28125, 0.15625, 0.03125, 0.2421875, 0.4375, 0.1875, 0.40625, 0.296875, 0.296875, 0.1875, 0.09375]","[0.203125, 0.328125, 0.4375, 0.265625, 0.21875, 0.1953125, 0.015625, 0.3125, 0.25, 0.03125, 0.375, 0.078125, 0.015625, 0.2734375, 0.25, 0.09375, 0.234375, 0.296875, 0.1640625, 0.125, 0.140625]",[68],0.6357156874434577,0.5575263252154912
456,6445.234375,"[0.34375, 0.53125, 0.875, 0.265625, 0.4375, 0.359375, 0.015625, 0.5, 0.4375, 0.0625, 0.28125, 0.15625, 0.03125, 0.2421875, 0.4375, 0.1875, 0.40625, 0.296875, 0.296875, 0.1875, 0.09375]","[0.203125, 0.328125, 0.4375, 0.265625, 0.21875, 0.1953125, 0.015625, 0.3125, 0.25, 0.03125, 0.375, 0.078125, 0.015625, 0.2734375, 0.25, 0.09375, 0.234375, 0.296875, 0.1640625, 0.125, 0.140625]",[68],0.6357156874434577,0.5575263252154912
457,6465.234375,"[0.34375, 0.53125, 0.875, 0.296875, 0.4375, 0.359375, 0.015625, 0.5, 0.375, 0.0625, 0.28125, 0.15625, 0.03125, 0.2421875, 0.4375, 0.1875, 0.40625, 0.296875, 0.296875, 0.1875, 0.09375]","[0.203125, 0.328125, 0.4375, 0.296875, 0.21875, 0.1953125, 0.015625, 0.3125, 0.1875, 0.03125, 0.375, 0.078125, 0.015625, 0.2734375, 0.25, 0.09375, 0.234375, 0.296875, 0.1640625, 0.125, 0.140625]",[52],0.6331677730624269,0.5646657071886338
458,6504.609375,"[0.34375, 0.53125, 0.875, 0.296875, 0.4375, 0.359375, 0.015625, 0.5, 0.375, 0.0625, 0.28125, 0.15625, 0.03125, 0.2421875, 0.5625, 0.1875, 0.40625, 0.296875, 0.296875, 0.1875, 0.09375]","[0.203125, 0.328125, 0.4375, 0.296875, 0.21875, 0.1953125, 0.015625, 0.3125, 0.1875, 0.03125, 0.375, 0.078125, 0.015625, 0.2734375, 0.3125, 0.09375, 0.234375, 0.296875, 0.1640625, 0.125, 0.140625]",[85],0.6397221940451071,0.5660124555427728
459,6662.109375,"[0.34375, 0.53125, 0.875, 0.296875, 0.4375, 0.359375, 0.015625, 0.5, 0.375, 0.0625, 0.28125, 0.15625, 0.03125, 0.2421875, 0.8125, 0.1875, 0.40625, 0.296875, 0.296875, 0.1875, 0.09375]","[0.203125, 0.328125, 0.4375, 0.296875, 0.21875, 0.1953125, 0.015625, 0.3125, 0.1875, 0.03125, 0.375, 0.078125, 0.015625, 0.2734375, 0.4375, 0.09375, 0.234375, 0.296875, 0.1640625, 0.125, 0.140625]",[87],0.6811650501451096,0.5885090862501547
460,6701.484375,"[0.34375, 0.53125, 0.875, 0.296875, 0.4375, 0.359375, 0.015625, 0.5, 0.375, 0.0625, 0.28125, 0.15625, 0.03125, 0.234375, 0.8125, 0.1875, 0.46875, 0.296875, 0.296875, 0.1875, 0.09375]","[0.203125, 0.328125, 0.4375, 0.296875, 0.21875, 0.1953125, 0.015625, 0.3125, 0.1875, 0.03125, 0.375, 0.078125, 0.015625, 0.265625, 0.4375, 0.09375, 0.296875, 0.296875, 0.1640625, 0.125, 0.140625]",[29],0.680832483403404,0.5863341964248305
461,6701.40625,"[0.34375, 0.53125, 0.875, 0.296875, 0.4375, 0.359375, 0.015625, 0.5, 0.375, 0.0625, 0.28125, 0.15625, 0.03125, 0.234375, 0.8125, 0.1875, 0.46875, 0.296875, 0.296875, 0.203125, 0.09375]","[0.203125, 0.328125, 0.4375, 0.296875, 0.21875, 0.1953125, 0.015625, 0.3125, 0.1875, 0.03125, 0.375, 0.078125, 0.015625, 0.265625, 0.4375, 0.09375, 0.296875, 0.296875, 0.1640625, 0.1328125, 0.140625]",[88],0.6779358627882215,0.5841380092794309
462,6741.09375,"[0.34375, 0.53125, 0.875, 0.296875, 0.4375, 0.359375, 0.015625, 0.5, 0.375, 0.0625, 0.28125, 0.1875, 0.03125, 0.234375, 0.8125, 0.1875, 0.46875, 0.296875, 0.296875, 0.203125, 0.09375]","[0.203125, 0.328125, 0.4375, 0.296875, 0.21875, 0.1953125, 0.015625, 0.3125, 0.1875, 0.03125, 0.375, 0.09375, 0.015625, 0.265625, 0.4375, 0.09375, 0.296875, 0.296875, 0.1640625, 0.1328125, 0.140625]",[91],0.6716689555376693,0.578564202580384
463,6820.78125,"[0.34375, 0.53125, 0.875, 0.296875, 0.4375, 0.359375, 0.015625, 0.5, 0.375, 0.0625, 0.28125, 0.1875, 0.03125, 0.234375, 0.8125, 0.1875, 0.46875, 0.296875, 0.296875, 0.203125, 0.125]","[0.203125, 0.328125, 0.4375, 0.296875, 0.21875, 0.1953125, 0.015625, 0.3125, 0.1875, 0.03125, 0.375, 0.09375, 0.015625, 0.265625, 0.4375, 0.09375, 0.296875, 0.296875, 0.1640625, 0.1328125, 0.171875]",[95],0.6641250786273307,0.5712829719644563
464,6980.15625,"[0.34375, 0.53125, 0.875, 0.296875, 0.4375, 0.359375, 0.078125, 0.5, 0.375, 0.0625, 0.28125, 0.1875, 0.03125, 0.234375, 0.78125, 0.1875, 0.46875, 0.296875, 0.296875, 0.1875, 0.125]","[0.203125, 0.328125, 0.4375, 0.296875, 0.21875, 0.1953125, 0.078125, 0.3125, 0.1875, 0.03125, 0.375, 0.09375, 0.015625, 0.265625, 0.421875, 0.09375, 0.296875, 0.296875, 0.1640625, 0.125, 0.171875]",[29],0.642448786399234,0.5426852913809104
465,6980.0,"[0.34375, 0.53125, 0.875, 0.296875, 0.4375, 0.359375, 0.078125, 0.5, 0.375, 0.0625, 0.28125, 0.1875, 0.03125, 0.234375, 0.78125, 0.1875, 0.46875, 0.296875, 0.296875, 0.1875, 0.125]","[0.203125, 0.328125, 0.4375, 0.296875, 0.21875, 0.1953125, 0.078125, 0.3125, 0.1875, 0.03125, 0.375, 0.09375, 0.015625, 0.265625, 0.421875, 0.09375, 0.296875, 0.296875, 0.1640625, 0.125, 0.171875]",[29],0.642448786399234,0.5426852913809104
466,6960.46875,"[0.34375, 0.53125, 0.875, 0.296875, 0.4375, 0.359375, 0.078125, 0.5, 0.375, 0.0625, 0.28125, 0.1875, 0.03125, 0.234375, 0.78125, 0.1875, 0.46875, 0.296875, 0.3125, 0.1875, 0.125]","[0.203125, 0.328125, 0.4375, 0.296875, 0.21875, 0.1953125, 0.078125, 0.3125, 0.1875, 0.03125, 0.375, 0.09375, 0.015625, 0.265625, 0.421875, 0.09375, 0.296875, 0.296875, 0.171875, 0.125, 0.171875]",[94],0.6407292903261748,0.5410319835319484
467,6999.84375,"[0.21875, 0.53125, 0.875, 0.296875, 0.4375, 0.359375, 0.078125, 0.5, 0.375, 0.0625, 0.28125, 0.1875, 0.03125, 0.234375, 0.78125, 0.1875, 0.46875, 0.296875, 0.3125, 0.1875, 0.125]","[0.140625, 0.328125, 0.4375, 0.296875, 0.21875, 0.1953125, 0.078125, 0.3125, 0.1875, 0.03125, 0.375, 0.09375, 0.015625, 0.265625, 0.421875, 0.09375, 0.296875, 0.296875, 0.171875, 0.125, 0.171875]",[65],0.6564913895484157,0.5537945106476042
468,6961.09375,"[0.21875, 0.53125, 0.875, 0.296875, 0.4375, 0.359375, 0.078125, 0.5, 0.375, 0.0625, 0.28125, 0.1875, 0.03125, 0.2265625, 0.78125, 0.1875, 0.46875, 0.296875, 0.3125, 0.1875, 0.125]","[0.140625, 0.328125, 0.4375, 0.296875, 0.21875, 0.1953125, 0.078125, 0.3125, 0.1875, 0.03125, 0.375, 0.09375, 0.015625, 0.2578125, 0.421875, 0.09375, 0.296875, 0.296875, 0.171875, 0.125, 0.171875]",[4],0.6577502717505747,0.5541017337605998
469,7020.546875,"[0.21875, 0.53125, 0.875, 0.296875, 0.4375, 0.359375, 0.078125, 0.5, 0.375, 0.0625, 0.28125, 0.1875, 0.03125, 0.2265625, 0.78125, 0.1875, 0.46875, 0.296875, 0.4375, 0.1875, 0.125]","[0.140625, 0.328125, 0.4375, 0.296875, 0.21875, 0.1953125, 0.078125, 0.3125, 0.1875, 0.03125, 0.375, 0.09375, 0.015625, 0.2578125, 0.421875, 0.09375, 0.296875, 0.296875, 0.234375, 0.125, 0.171875]",[65],0.6498806388019951,0.5449040513385659
470,7060.234375,"[0.21875, 0.53125, 0.875, 0.296875, 0.4375, 0.359375, 0.078125, 0.5, 0.375, 0.0625, 0.28125, 0.1875, 0.03125, 0.2265625, 0.78125, 0.1875, 0.46875, 0.296875, 0.46875, 0.1875, 0.125]","[0.140625, 0.328125, 0.4375, 0.296875, 0.21875, 0.1953125, 0.078125, 0.3125, 0.1875, 0.03125, 0.375, 0.09375, 0.015625, 0.2578125, 0.421875, 0.09375, 0.296875, 0.296875, 0.265625, 0.125, 0.171875]",[94],0.6494999420667542,0.5429077593411938
471,7079.921875,"[0.21875, 0.53125, 0.875, 0.296875, 0.4375, 0.359375, 0.078125, 0.5, 0.375, 0.0625, 0.28125, 0.1875, 0.03125, 0.2265625, 0.75, 0.1875, 0.5, 0.296875, 0.46875, 0.1875, 0.125]","[0.140625, 0.328125, 0.4375, 0.296875, 0.21875, 0.1953125, 0.078125, 0.3125, 0.1875, 0.03125, 0.375, 0.09375, 0.015625, 0.2578125, 0.40625, 0.09375, 0.3125, 0.296875, 0.265625, 0.125, 0.171875]",[36],0.643634982484462,0.5398294563293972
472,7099.921875,"[0.21875, 0.53125, 0.875, 0.296875, 0.4375, 0.359375, 0.078125, 0.5, 0.375, 0.0625, 0.28125, 0.21875, 0.03125, 0.2265625, 0.75, 0.1875, 0.5, 0.296875, 0.46875, 0.1875, 0.125]","[0.140625, 0.328125, 0.4375, 0.296875, 0.21875, 0.1953125, 0.078125, 0.3125, 0.1875, 0.03125, 0.375, 0.109375, 0.015625, 0.2578125, 0.40625, 0.09375, 0.3125, 0.296875, 0.265625, 0.125, 0.171875]",[97],0.6380513616957049,0.5346375872204776
473,7178.671875,"[0.21875, 0.53125, 0.875, 0.296875, 0.4375, 0.359375, 0.078125, 0.625, 0.375, 0.0625, 0.28125, 0.21875, 0.03125, 0.2265625, 0.75, 0.1875, 0.5, 0.296875, 0.46875, 0.1875, 0.125]","[0.140625, 0.328125, 0.4375, 0.296875, 0.21875, 0.1953125, 0.078125, 0.375, 0.1875, 0.03125, 0.375, 0.109375, 0.015625, 0.2578125, 0.40625, 0.09375, 0.3125, 0.296875, 0.265625, 0.125, 0.171875]",[98],0.6451882511668151,0.5408563091294453
474,7338.046875,"[0.21875, 0.53125, 0.875, 0.296875, 0.4375, 0.359375, 0.078125, 0.625, 0.375, 0.0625, 0.28125, 0.21875, 0.03125, 0.2265625, 0.75, 0.1875, 0.5, 0.296875, 0.46875, 0.1875, 0.1875]","[0.140625, 0.328125, 0.4375, 0.296875, 0.21875, 0.1953125, 0.078125, 0.375, 0.1875, 0.03125, 0.375, 0.109375, 0.015625, 0.2578125, 0.40625, 0.09375, 0.3125, 0.296875, 0.265625, 0.125, 0.234375]",[100],0.6322127899479547,0.5312995873985872
475,7377.421875,"[0.21875, 0.53125, 0.875, 0.296875, 0.4375, 0.359375, 0.078125, 0.625, 0.4375, 0.0625, 0.28125, 0.21875, 0.03125, 0.2265625, 0.75, 0.1875, 0.5, 0.296875, 0.46875, 0.1875, 0.171875]","[0.140625, 0.328125, 0.4375, 0.296875, 0.21875, 0.1953125, 0.078125, 0.375, 0.25, 0.03125, 0.375, 0.109375, 0.015625, 0.2578125, 0.40625, 0.09375, 0.3125, 0.296875, 0.265625, 0.125, 0.203125]",[9],0.6322313840739542,0.5273301021179845
476,7357.5,"[0.15625, 0.53125, 0.875, 0.296875, 0.4375, 0.359375, 0.078125, 0.625, 0.4375, 0.0625, 0.28125, 0.21875, 0.03125, 0.2265625, 0.75, 0.1875, 0.5, 0.296875, 0.46875, 0.1875, 0.1796875]","[0.078125, 0.328125, 0.4375, 0.296875, 0.21875, 0.1953125, 0.078125, 0.375, 0.25, 0.03125, 0.375, 0.109375, 0.015625, 0.2578125, 0.40625, 0.09375, 0.3125, 0.296875, 0.265625, 0.125, 0.2109375]",[11],0.6424069372040311,0.5458430394786029
477,7357.8125,"[0.125, 0.53125, 0.875, 0.28125, 0.4375, 0.359375, 0.078125, 0.625, 0.4375, 0.0625, 0.28125, 0.21875, 0.03125, 0.2265625, 0.75, 0.1875, 0.5, 0.296875, 0.46875, 0.1875, 0.1796875]","[0.0625, 0.328125, 0.4375, 0.28125, 0.21875, 0.1953125, 0.078125, 0.375, 0.25, 0.03125, 0.375, 0.109375, 0.015625, 0.2578125, 0.40625, 0.09375, 0.3125, 0.296875, 0.265625, 0.125, 0.2109375]",[10],0.651117982784992,0.5519126821970054
478,7357.34375,"[0.125, 0.53125, 0.875, 0.28125, 0.4375, 0.359375, 0.078125, 0.625, 0.4375, 0.0625, 0.28125, 0.21875, 0.03125, 0.2265625, 0.75, 0.1875, 0.5, 0.296875, 0.46875, 0.1875, 0.1796875]","[0.0625, 0.328125, 0.4375, 0.28125, 0.21875, 0.1953125, 0.078125, 0.375, 0.25, 0.03125, 0.375, 0.109375, 0.015625, 0.2578125, 0.40625, 0.09375, 0.3125, 0.296875, 0.265625, 0.125, 0.2109375]",[10],0.651117982784992,0.5519126821970054
479,7437.34375,"[0.125, 0.53125, 0.875, 0.28125, 0.5625, 0.359375, 0.078125, 0.625, 0.4375, 0.0625, 0.28125, 0.21875, 0.03125, 0.2265625, 0.75, 0.1875, 0.5, 0.296875, 0.4375, 0.1875, 0.1796875]","[0.0625, 0.328125, 0.4375, 0.28125, 0.28125, 0.1953125, 0.078125, 0.375, 0.25, 0.03125, 0.375, 0.109375, 0.015625, 0.2578125, 0.40625, 0.09375, 0.3125, 0.296875, 0.234375, 0.125, 0.2109375]",[11],0.6527485962882573,0.5495647396727319
480,7437.03125,"[0.125, 0.53125, 0.875, 0.28125, 0.5625, 0.359375, 0.078125, 0.625, 0.4375, 0.0625, 0.28125, 0.21875, 0.03125, 0.2265625, 0.75, 0.1875, 0.5, 0.296875, 0.4375, 0.1875, 0.1796875]","[0.0625, 0.328125, 0.4375, 0.28125, 0.28125, 0.1953125, 0.078125, 0.375, 0.25, 0.03125, 0.375, 0.109375, 0.015625, 0.2578125, 0.40625, 0.09375, 0.3125, 0.296875, 0.234375, 0.125, 0.2109375]",[11],0.6527485962882573,0.5495647396727319
481,7417.5,"[0.125, 0.53125, 0.875, 0.28125, 0.5625, 0.359375, 0.078125, 0.625, 0.4375, 0.0625, 0.28125, 0.21875, 0.03125, 0.2265625, 0.5, 0.1875, 0.5, 0.296875, 0.4375, 0.1875, 0.1796875]","[0.0625, 0.328125, 0.4375, 0.28125, 0.28125, 0.1953125, 0.078125, 0.375, 0.25, 0.03125, 0.375, 0.109375, 0.015625, 0.2578125, 0.28125, 0.09375, 0.3125, 0.296875, 0.234375, 0.125, 0.2109375]",[7],0.6288641936190879,0.5377232367924484
482,7279.53125,"[0.125, 0.53125, 0.875, 0.28125, 0.5625, 0.359375, 0.078125, 0.625, 0.4375, 0.0625, 0.28125, 0.21875, 0.03125, 0.1953125, 0.5, 0.1875, 0.5, 0.296875, 0.4375, 0.1875, 0.1796875]","[0.0625, 0.328125, 0.4375, 0.28125, 0.28125, 0.1953125, 0.078125, 0.375, 0.25, 0.03125, 0.375, 0.109375, 0.015625, 0.2265625, 0.28125, 0.09375, 0.3125, 0.296875, 0.234375, 0.125, 0.2109375]",[7],0.634283346952834,0.5400956382396245
483,7239.84375,"[0.125, 0.53125, 0.875, 0.28125, 0.5625, 0.359375, 0.078125, 0.625, 0.4375, 0.0625, 0.28125, 0.21875, 0.03125, 0.1953125, 0.5, 0.1875, 0.5, 0.296875, 0.4375, 0.1875, 0.1796875]","[0.0625, 0.328125, 0.4375, 0.28125, 0.28125, 0.1953125, 0.078125, 0.375, 0.25, 0.03125, 0.375, 0.109375, 0.015625, 0.2265625, 0.28125, 0.09375, 0.3125, 0.296875, 0.234375, 0.125, 0.2109375]",[7],0.634283346952834,0.5400956382396245
484,7317.96875,"[0.125, 0.53125, 0.875, 0.28125, 0.5625, 0.359375, 0.078125, 0.625, 0.4375, 0.0625, 0.28125, 0.21875, 0.03125, 0.1953125, 0.5, 0.1875, 0.5, 0.296875, 0.4375, 0.1875, 0.1796875]","[0.0625, 0.328125, 0.4375, 0.28125, 0.28125, 0.1953125, 0.078125, 0.375, 0.25, 0.03125, 0.375, 0.109375, 0.015625, 0.2265625, 0.28125, 0.09375, 0.3125, 0.296875, 0.234375, 0.125, 0.2109375]",[7],0.634283346952834,0.5400956382396245
485,7200.15625,"[0.125, 0.53125, 0.875, 0.28125, 0.5625, 0.359375, 0.078125, 0.625, 0.4375, 0.0625, 0.28125, 0.21875, 0.03125, 0.1953125, 0.5, 0.1875, 0.46875, 0.296875, 0.4375, 0.1875, 0.1796875]","[0.0625, 0.328125, 0.4375, 0.28125, 0.28125, 0.1953125, 0.078125, 0.375, 0.25, 0.03125, 0.375, 0.109375, 0.015625, 0.2265625, 0.28125, 0.09375, 0.296875, 0.296875, 0.234375, 0.125, 0.2109375]",[7],0.6338273257875932,0.5394560505931953
486,7160.625,"[0.125, 0.53125, 0.875, 0.28125, 0.5625, 0.359375, 0.078125, 0.625, 0.4375, 0.0625, 0.28125, 0.21875, 0.03125, 0.1953125, 0.5, 0.1875, 0.46875, 0.296875, 0.4375, 0.203125, 0.1796875]","[0.0625, 0.328125, 0.4375, 0.28125, 0.28125, 0.1953125, 0.078125, 0.375, 0.25, 0.03125, 0.375, 0.109375, 0.015625, 0.2265625, 0.28125, 0.09375, 0.296875, 0.296875, 0.234375, 0.1328125, 0.2109375]",[11],0.6309462691433378,0.5372427175954361
487,7200.46875,"[0.125, 0.53125, 0.875, 0.28125, 0.5625, 0.359375, 0.078125, 0.625, 0.4375, 0.0625, 0.28125, 0.21875, 0.03125, 0.1953125, 0.5, 0.1875, 0.46875, 0.296875, 0.4375, 0.203125, 0.1953125]","[0.0625, 0.328125, 0.4375, 0.28125, 0.28125, 0.1953125, 0.078125, 0.375, 0.25, 0.03125, 0.375, 0.109375, 0.015625, 0.2265625, 0.28125, 0.09375, 0.296875, 0.296875, 0.234375, 0.1328125, 0.2265625]",[12],0.6279823429063481,0.5354108249822629
488,7279.21875,"[0.125, 0.53125, 0.875, 0.28125, 0.5625, 0.359375, 0.078125, 0.625, 0.4375, 0.0625, 0.28125, 0.21875, 0.03125, 0.1953125, 0.5, 0.0625, 0.46875, 0.296875, 0.4375, 0.203125, 0.1953125]","[0.0625, 0.328125, 0.4375, 0.28125, 0.28125, 0.1953125, 0.078125, 0.375, 0.25, 0.03125, 0.375, 0.109375, 0.015625, 0.2265625, 0.28125, 0.03125, 0.296875, 0.296875, 0.234375, 0.1328125, 0.2265625]",[12],0.657119232513834,0.5606642685309079
489,7279.21875,"[0.125, 0.53125, 0.875, 0.28125, 0.5625, 0.359375, 0.078125, 0.625, 0.4375, 0.0625, 0.28125, 0.21875, 0.03125, 0.1953125, 0.5, 0.0625, 0.46875, 0.296875, 0.4375, 0.140625, 0.1953125]","[0.0625, 0.328125, 0.4375, 0.28125, 0.28125, 0.1953125, 0.078125, 0.375, 0.25, 0.03125, 0.375, 0.109375, 0.015625, 0.2265625, 0.28125, 0.03125, 0.296875, 0.296875, 0.234375, 0.1015625, 0.2265625]",[12],0.6697200759512647,0.5701368028347864
490,7082.03125,"[0.125, 0.53125, 0.875, 0.25, 0.53125, 0.359375, 0.078125, 0.625, 0.4375, 0.0625, 0.28125, 0.25, 0.03125, 0.1953125, 0.5, 0.0625, 0.46875, 0.296875, 0.4375, 0.140625, 0.1953125]","[0.0625, 0.328125, 0.4375, 0.25, 0.265625, 0.1953125, 0.078125, 0.375, 0.25, 0.03125, 0.375, 0.140625, 0.015625, 0.2265625, 0.28125, 0.03125, 0.296875, 0.296875, 0.234375, 0.1015625, 0.2265625]",[24],0.6672843340671808,0.5624035411122121
491,7022.34375,"[0.125, 0.53125, 0.90625, 0.25, 0.53125, 0.359375, 0.078125, 0.625, 0.4375, 0.0625, 0.28125, 0.25, 0.03125, 0.1796875, 0.5, 0.0625, 0.46875, 0.296875, 0.4375, 0.140625, 0.1953125]","[0.0625, 0.328125, 0.453125, 0.25, 0.265625, 0.1953125, 0.078125, 0.375, 0.25, 0.03125, 0.375, 0.140625, 0.015625, 0.1953125, 0.28125, 0.03125, 0.296875, 0.296875, 0.234375, 0.1015625, 0.2265625]",[48],0.6793675855956218,0.5711841918161853
492,7022.1875,"[0.125, 0.53125, 0.90625, 0.25, 0.53125, 0.359375, 0.078125, 0.625, 0.4375, 0.0625, 0.28125, 0.25, 0.03125, 0.1796875, 0.5, 0.0625, 0.46875, 0.296875, 0.46875, 0.140625, 0.1953125]","[0.0625, 0.328125, 0.453125, 0.25, 0.265625, 0.1953125, 0.078125, 0.375, 0.25, 0.03125, 0.375, 0.140625, 0.015625, 0.1953125, 0.28125, 0.03125, 0.296875, 0.296875, 0.25, 0.1015625, 0.2265625]",[49],0.6789947667441505,0.5700052286147455
493,7101.5625,"[0.125, 0.53125, 0.90625, 0.25, 0.53125, 0.359375, 0.078125, 0.625, 0.4375, 0.0625, 0.28125, 0.25, 0.03125, 0.1796875, 0.5, 0.0625, 0.46875, 0.296875, 0.46875, 0.140625, 0.1953125]","[0.0625, 0.328125, 0.453125, 0.25, 0.265625, 0.1953125, 0.078125, 0.375, 0.25, 0.03125, 0.375, 0.140625, 0.015625, 0.1953125, 0.28125, 0.03125, 0.296875, 0.296875, 0.25, 0.1015625, 0.2265625]",[49],0.6789947667441505,0.5700052286147455
494,7179.6875,"[0.125, 0.53125, 0.90625, 0.25, 0.53125, 0.359375, 0.078125, 0.625, 0.4375, 0.0625, 0.28125, 0.25, 0.03125, 0.1796875, 0.5, 0.0625, 0.46875, 0.296875, 0.453125, 0.140625, 0.1953125]","[0.0625, 0.328125, 0.453125, 0.25, 0.265625, 0.1953125, 0.078125, 0.375, 0.25, 0.03125, 0.375, 0.140625, 0.015625, 0.1953125, 0.28125, 0.03125, 0.296875, 0.296875, 0.2421875, 0.1015625, 0.2265625]",[18],0.6791036170284052,0.5705408172923279
495,7042.03125,"[0.125, 0.53125, 0.90625, 0.25, 0.53125, 0.359375, 0.078125, 0.625, 0.4375, 0.0625, 0.28125, 0.25, 0.0625, 0.1796875, 0.5, 0.0625, 0.46875, 0.296875, 0.453125, 0.140625, 0.1953125]","[0.0625, 0.328125, 0.453125, 0.25, 0.265625, 0.1953125, 0.078125, 0.375, 0.25, 0.03125, 0.375, 0.140625, 0.046875, 0.1953125, 0.28125, 0.03125, 0.296875, 0.296875, 0.2421875, 0.1015625, 0.2265625]",[49],0.6701553584941558,0.5561205332641964
496,7061.71875,"[0.125, 0.53125, 0.90625, 0.25, 0.53125, 0.359375, 0.078125, 0.625, 0.4375, 0.0625, 0.28125, 0.25, 0.0625, 0.1796875, 0.5, 0.0625, 0.46875, 0.296875, 0.453125, 0.140625, 0.1953125]","[0.0625, 0.328125, 0.453125, 0.25, 0.265625, 0.1953125, 0.078125, 0.375, 0.25, 0.03125, 0.375, 0.140625, 0.046875, 0.1953125, 0.28125, 0.03125, 0.296875, 0.296875, 0.2421875, 0.1015625, 0.2265625]",[49],0.6701553584941558,0.5561205332641964
497,7081.71875,"[0.125, 0.53125, 0.78125, 0.25, 0.53125, 0.359375, 0.078125, 0.625, 0.4375, 0.0625, 0.3125, 0.25, 0.0625, 0.1796875, 0.5, 0.0625, 0.46875, 0.296875, 0.453125, 0.140625, 0.1953125]","[0.0625, 0.328125, 0.390625, 0.25, 0.265625, 0.1953125, 0.078125, 0.375, 0.25, 0.03125, 0.40625, 0.140625, 0.046875, 0.1953125, 0.28125, 0.03125, 0.296875, 0.296875, 0.2421875, 0.1015625, 0.2265625]",[34],0.6324645527623829,0.5459650930212769
498,7082.34375,"[0.125, 0.53125, 0.78125, 0.25, 0.53125, 0.359375, 0.078125, 0.625, 0.4375, 0.0625, 0.3125, 0.25, 0.125, 0.1796875, 0.5, 0.0625, 0.46875, 0.296875, 0.453125, 0.140625, 0.1953125]","[0.0625, 0.328125, 0.390625, 0.25, 0.265625, 0.1953125, 0.078125, 0.375, 0.25, 0.03125, 0.40625, 0.140625, 0.078125, 0.1953125, 0.28125, 0.03125, 0.296875, 0.296875, 0.2421875, 0.1015625, 0.2265625]",[59],0.6161500944859817,0.5331167287245727
499,7239.84375,"[0.125, 0.53125, 0.78125, 0.25, 0.53125, 0.359375, 0.078125, 0.625, 0.4375, 0.0625, 0.3125, 0.25, 0.125, 0.1796875, 0.5, 0.0625, 0.46875, 0.296875, 0.453125, 0.140625, 0.1953125]","[0.0625, 0.328125, 0.390625, 0.25, 0.265625, 0.1953125, 0.078125, 0.375, 0.25, 0.03125, 0.40625, 0.140625, 0.078125, 0.1953125, 0.28125, 0.03125, 0.296875, 0.296875, 0.2421875, 0.1015625, 0.2265625]",[59],0.6161500944859817,0.5331167287245727
500,7122.03125,"[0.125, 0.53125, 0.78125, 0.25, 0.53125, 0.359375, 0.078125, 0.625, 0.4375, 0.0625, 0.3125, 0.25, 0.125, 0.1796875, 0.5, 0.0625, 0.46875, 0.296875, 0.421875, 0.171875, 0.1953125]","[0.0625, 0.328125, 0.390625, 0.25, 0.265625, 0.1953125, 0.078125, 0.375, 0.25, 0.03125, 0.40625, 0.140625, 0.078125, 0.1953125, 0.28125, 0.03125, 0.296875, 0.296875, 0.2265625, 0.1328125, 0.2265625]",[17],0.6095707225739505,0.5247735352883857
501,7102.1875,"[0.125, 0.53125, 0.78125, 0.25, 0.53125, 0.359375, 0.078125, 0.625, 0.4375, 0.0625, 0.3125, 0.25, 0.125, 0.1796875, 0.5, 0.0625, 0.46875, 0.296875, 0.421875, 0.171875, 0.1953125]","[0.0625, 0.328125, 0.390625, 0.25, 0.265625, 0.1953125, 0.078125, 0.375, 0.25, 0.03125, 0.40625, 0.140625, 0.078125, 0.1953125, 0.28125, 0.03125, 0.296875, 0.296875, 0.2265625, 0.1328125, 0.2265625]",[17],0.6095707225739505,0.5247735352883857
502,7121.71875,"[0.125, 0.53125, 0.78125, 0.25, 0.5, 0.359375, 0.078125, 0.625, 0.4375, 0.0625, 0.3125, 0.25, 0.125, 0.1796875, 0.5, 0.0625, 0.53125, 0.296875, 0.421875, 0.171875, 0.1953125]","[0.0625, 0.328125, 0.390625, 0.25, 0.25, 0.1953125, 0.078125, 0.375, 0.25, 0.03125, 0.40625, 0.140625, 0.078125, 0.1953125, 0.28125, 0.03125, 0.328125, 0.296875, 0.2265625, 0.1328125, 0.2265625]",[13],0.6105363684123835,0.527510489642433
503,7160.78125,"[0.125, 0.53125, 0.78125, 0.25, 0.5, 0.359375, 0.078125, 0.625, 0.4375, 0.0625, 0.3125, 0.25, 0.125, 0.1796875, 0.5, 0.0625, 0.5, 0.296875, 0.421875, 0.171875, 0.1953125]","[0.0625, 0.328125, 0.390625, 0.25, 0.25, 0.1953125, 0.078125, 0.375, 0.25, 0.03125, 0.40625, 0.140625, 0.078125, 0.1953125, 0.28125, 0.03125, 0.3125, 0.296875, 0.2265625, 0.1328125, 0.2265625]",[13],0.6088352923828503,0.5261941911642557
504,7221.09375,"[0.125, 0.28125, 0.78125, 0.25, 0.5, 0.359375, 0.078125, 0.625, 0.4375, 0.0625, 0.3125, 0.25, 0.125, 0.1796875, 0.5, 0.0625, 0.5, 0.296875, 0.421875, 0.171875, 0.1953125]","[0.0625, 0.203125, 0.390625, 0.25, 0.25, 0.1953125, 0.078125, 0.375, 0.25, 0.03125, 0.40625, 0.140625, 0.078125, 0.1953125, 0.28125, 0.03125, 0.3125, 0.296875, 0.2265625, 0.1328125, 0.2265625]",[13],0.6143326063128999,0.5278729535767708
505,6944.53125,"[0.125, 0.28125, 0.78125, 0.25, 0.53125, 0.359375, 0.078125, 0.625, 0.4375, 0.0625, 0.3125, 0.25, 0.125, 0.171875, 0.5, 0.0625, 0.5, 0.296875, 0.421875, 0.171875, 0.1953125]","[0.0625, 0.203125, 0.390625, 0.25, 0.28125, 0.1953125, 0.078125, 0.375, 0.25, 0.03125, 0.40625, 0.140625, 0.078125, 0.1875, 0.28125, 0.03125, 0.3125, 0.296875, 0.2265625, 0.1328125, 0.2265625]",[25],0.6180830120611686,0.5288610489771142
506,6944.296875,"[0.125, 0.28125, 0.78125, 0.25, 0.53125, 0.359375, 0.078125, 0.65625, 0.4375, 0.0625, 0.3125, 0.25, 0.125, 0.171875, 0.5, 0.0625, 0.5, 0.296875, 0.421875, 0.171875, 0.1953125]","[0.0625, 0.203125, 0.390625, 0.25, 0.28125, 0.1953125, 0.078125, 0.390625, 0.25, 0.03125, 0.40625, 0.140625, 0.078125, 0.1875, 0.28125, 0.03125, 0.3125, 0.296875, 0.2265625, 0.1328125, 0.2265625]",[28],0.6232084509573678,0.5323513582266179
507,6983.671875,"[0.125, 0.28125, 0.78125, 0.25, 0.53125, 0.359375, 0.078125, 0.65625, 0.4375, 0.0625, 0.3125, 0.25, 0.125, 0.171875, 0.5, 0.0625, 0.5625, 0.296875, 0.421875, 0.171875, 0.1953125]","[0.0625, 0.203125, 0.390625, 0.25, 0.28125, 0.1953125, 0.078125, 0.390625, 0.25, 0.03125, 0.40625, 0.140625, 0.078125, 0.1875, 0.28125, 0.03125, 0.34375, 0.296875, 0.2265625, 0.1328125, 0.2265625]",[64],0.6277300043149168,0.5357135775185824
508,7062.421875,"[0.125, 0.28125, 0.78125, 0.25, 0.53125, 0.359375, 0.078125, 0.65625, 0.4375, 0.0625, 0.3125, 0.25, 0.125, 0.171875, 0.5, 0.0625, 0.6875, 0.296875, 0.421875, 0.171875, 0.1953125]","[0.0625, 0.203125, 0.390625, 0.25, 0.28125, 0.1953125, 0.078125, 0.390625, 0.25, 0.03125, 0.40625, 0.140625, 0.078125, 0.1875, 0.28125, 0.03125, 0.40625, 0.296875, 0.2265625, 0.1328125, 0.2265625]",[65],0.6440499676686751,0.5472340003984776
509,7221.171875,"[0.125, 0.21875, 0.78125, 0.25, 0.53125, 0.359375, 0.078125, 0.65625, 0.4375, 0.0625, 0.3125, 0.25, 0.125, 0.109375, 0.5, 0.0625, 0.625, 0.296875, 0.421875, 0.171875, 0.1953125]","[0.0625, 0.140625, 0.390625, 0.25, 0.28125, 0.1953125, 0.078125, 0.390625, 0.25, 0.03125, 0.40625, 0.140625, 0.078125, 0.125, 0.28125, 0.03125, 0.34375, 0.296875, 0.2265625, 0.1328125, 0.2265625]",[5],0.6580610094477954,0.5626098553244558
510,6864.140625,"[0.125, 0.21875, 0.78125, 0.25, 0.53125, 0.359375, 0.078125, 0.65625, 0.4375, 0.0625, 0.3125, 0.25, 0.125, 0.109375, 0.5, 0.0625, 0.625, 0.296875, 0.421875, 0.171875, 0.2109375]","[0.0625, 0.140625, 0.390625, 0.25, 0.28125, 0.1953125, 0.078125, 0.390625, 0.25, 0.03125, 0.40625, 0.140625, 0.078125, 0.125, 0.28125, 0.03125, 0.34375, 0.296875, 0.2265625, 0.1328125, 0.2578125]",[19],0.6552296312997142,0.5606648342996536
511,6884.0625,"[0.125, 0.21875, 0.78125, 0.25, 0.53125, 0.359375, 0.078125, 0.65625, 0.4375, 0.0625, 0.3125, 0.25, 0.125, 0.109375, 0.5, 0.0625, 0.625, 0.296875, 0.421875, 0.171875, 0.2109375]","[0.0625, 0.140625, 0.390625, 0.25, 0.28125, 0.1953125, 0.078125, 0.390625, 0.25, 0.03125, 0.40625, 0.140625, 0.078125, 0.125, 0.28125, 0.03125, 0.34375, 0.296875, 0.2265625, 0.1328125, 0.2578125]",[19],0.6552296312997142,0.5606648342996536
512,6903.984375,"[0.125, 0.21875, 0.78125, 0.25, 0.53125, 0.359375, 0.078125, 0.65625, 0.4375, 0.0625, 0.3125, 0.25, 0.125, 0.125, 0.5, 0.0625, 0.625, 0.296875, 0.421875, 0.171875, 0.2109375]","[0.0625, 0.140625, 0.390625, 0.25, 0.28125, 0.1953125, 0.078125, 0.390625, 0.25, 0.03125, 0.40625, 0.140625, 0.078125, 0.140625, 0.28125, 0.03125, 0.34375, 0.296875, 0.2265625, 0.1328125, 0.2578125]",[65],0.6514080759061057,0.5563534836167183
513,6983.671875,"[0.125, 0.21875, 0.78125, 0.25, 0.53125, 0.359375, 0.109375, 0.65625, 0.4375, 0.0625, 0.3125, 0.25, 0.125, 0.125, 0.5, 0.0625, 0.625, 0.296875, 0.421875, 0.15625, 0.2109375]","[0.0625, 0.140625, 0.390625, 0.25, 0.28125, 0.1953125, 0.109375, 0.390625, 0.25, 0.03125, 0.40625, 0.140625, 0.078125, 0.140625, 0.28125, 0.03125, 0.34375, 0.296875, 0.2265625, 0.125, 0.2578125]",[7],0.646502285644155,0.5475615336717568
514,7121.328125,"[0.125, 0.21875, 0.78125, 0.25, 0.53125, 0.359375, 0.109375, 0.90625, 0.4375, 0.0625, 0.3125, 0.25, 0.125, 0.125, 0.5, 0.0625, 0.625, 0.171875, 0.421875, 0.15625, 0.2109375]","[0.0625, 0.140625, 0.390625, 0.25, 0.28125, 0.1953125, 0.109375, 0.515625, 0.25, 0.03125, 0.40625, 0.140625, 0.078125, 0.140625, 0.28125, 0.03125, 0.34375, 0.171875, 0.2265625, 0.125, 0.2578125]",[68],0.7206000017395451,0.598624503861061
515,7002.265625,"[0.125, 0.21875, 0.78125, 0.25, 0.53125, 0.359375, 0.109375, 0.90625, 0.4375, 0.0625, 0.3125, 0.15625, 0.125, 0.125, 0.5, 0.0625, 0.625, 0.171875, 0.421875, 0.15625, 0.2109375]","[0.0625, 0.140625, 0.390625, 0.25, 0.28125, 0.1953125, 0.109375, 0.515625, 0.25, 0.03125, 0.40625, 0.109375, 0.078125, 0.140625, 0.28125, 0.03125, 0.34375, 0.171875, 0.2265625, 0.125, 0.2578125]",[69],0.7377794366968968,0.6076521670126749
516,6863.359375,"[0.125, 0.21875, 0.78125, 0.25, 0.53125, 0.359375, 0.109375, 0.90625, 0.4375, 0.0625, 0.3125, 0.125, 0.125, 0.125, 0.5, 0.0625, 0.625, 0.171875, 0.421875, 0.15625, 0.2109375]","[0.0625, 0.140625, 0.390625, 0.25, 0.28125, 0.1953125, 0.109375, 0.515625, 0.25, 0.03125, 0.40625, 0.078125, 0.078125, 0.140625, 0.28125, 0.03125, 0.34375, 0.171875, 0.2265625, 0.125, 0.2578125]",[12],0.7447979684299341,0.6184296672050908
517,6843.671875,"[0.125, 0.21875, 0.78125, 0.25, 0.53125, 0.359375, 0.125, 0.90625, 0.4375, 0.0625, 0.3125, 0.125, 0.125, 0.125, 0.5, 0.0625, 0.625, 0.171875, 0.421875, 0.15625, 0.2109375]","[0.0625, 0.140625, 0.390625, 0.25, 0.28125, 0.1953125, 0.125, 0.515625, 0.25, 0.03125, 0.40625, 0.078125, 0.078125, 0.140625, 0.28125, 0.03125, 0.34375, 0.171875, 0.2265625, 0.125, 0.2578125]",[69],0.7410504240036724,0.613693157345231
518,6922.421875,"[0.125, 0.21875, 0.78125, 0.25, 0.53125, 0.359375, 0.125, 0.84375, 0.4375, 0.0625, 0.3125, 0.125, 0.125, 0.125, 0.5, 0.0625, 0.625, 0.171875, 0.421875, 0.15625, 0.2109375]","[0.0625, 0.140625, 0.390625, 0.25, 0.28125, 0.1953125, 0.125, 0.453125, 0.25, 0.03125, 0.40625, 0.078125, 0.078125, 0.140625, 0.28125, 0.03125, 0.34375, 0.171875, 0.2265625, 0.125, 0.2578125]",[23],0.7249565339208778,0.5904373744746008
519,6961.796875,"[0.125, 0.21875, 0.78125, 0.25, 0.53125, 0.359375, 0.09375, 0.84375, 0.4375, 0.0625, 0.3125, 0.125, 0.125, 0.125, 0.5, 0.0625, 0.625, 0.171875, 0.40625, 0.15625, 0.2109375]","[0.0625, 0.140625, 0.390625, 0.25, 0.28125, 0.1953125, 0.09375, 0.453125, 0.25, 0.03125, 0.40625, 0.078125, 0.078125, 0.140625, 0.28125, 0.03125, 0.34375, 0.171875, 0.21875, 0.125, 0.2578125]",[23],0.7333527824727631,0.6012656035975971
520,6744.140625,"[0.125, 0.21875, 0.84375, 0.25, 0.53125, 0.359375, 0.09375, 0.84375, 0.4375, 0.0625, 0.3125, 0.125, 0.125, 0.125, 0.5, 0.0625, 0.625, 0.171875, 0.40625, 0.15625, 0.2109375]","[0.0625, 0.140625, 0.453125, 0.25, 0.28125, 0.1953125, 0.09375, 0.453125, 0.25, 0.03125, 0.40625, 0.078125, 0.078125, 0.140625, 0.28125, 0.03125, 0.34375, 0.171875, 0.21875, 0.125, 0.2578125]",[29],0.7469467464021777,0.6175065772621876
521,6763.984375,"[0.125, 0.21875, 0.84375, 0.25, 0.546875, 0.359375, 0.09375, 0.84375, 0.4375, 0.0625, 0.3125, 0.125, 0.125, 0.125, 0.5, 0.0625, 0.625, 0.171875, 0.40625, 0.125, 0.2109375]","[0.0625, 0.140625, 0.453125, 0.25, 0.2890625, 0.1953125, 0.09375, 0.453125, 0.25, 0.03125, 0.40625, 0.078125, 0.078125, 0.140625, 0.28125, 0.03125, 0.34375, 0.171875, 0.21875, 0.09375, 0.2578125]",[65],0.7544980963951048,0.6274265048948499
522,6763.984375,"[0.125, 0.21875, 0.84375, 0.25, 0.546875, 0.359375, 0.09375, 0.84375, 0.4375, 0.0625, 0.34375, 0.125, 0.125, 0.125, 0.5, 0.0625, 0.625, 0.171875, 0.40625, 0.125, 0.2109375]","[0.0625, 0.140625, 0.453125, 0.25, 0.2890625, 0.1953125, 0.09375, 0.453125, 0.25, 0.03125, 0.4375, 0.078125, 0.078125, 0.140625, 0.28125, 0.03125, 0.34375, 0.171875, 0.21875, 0.09375, 0.2578125]",[69],0.7512173983385513,0.6347914641311526
523,6842.734375,"[0.125, 0.21875, 0.84375, 0.25, 0.546875, 0.359375, 0.09375, 0.84375, 0.4375, 0.0625, 0.34375, 0.125, 0.125, 0.125, 0.5, 0.1875, 0.625, 0.171875, 0.40625, 0.125, 0.2109375]","[0.0625, 0.140625, 0.453125, 0.25, 0.2890625, 0.1953125, 0.09375, 0.453125, 0.25, 0.03125, 0.4375, 0.078125, 0.078125, 0.140625, 0.28125, 0.09375, 0.34375, 0.171875, 0.21875, 0.09375, 0.2578125]",[71],0.7219637755131267,0.6098622982837052
524,7001.484375,"[0.125, 0.21875, 0.84375, 0.25, 0.546875, 0.234375, 0.09375, 0.84375, 0.4375, 0.0625, 0.34375, 0.125, 0.125, 0.125, 0.5, 0.1875, 0.625, 0.171875, 0.53125, 0.125, 0.2109375]","[0.0625, 0.140625, 0.453125, 0.25, 0.2890625, 0.1328125, 0.09375, 0.453125, 0.25, 0.03125, 0.4375, 0.078125, 0.078125, 0.140625, 0.28125, 0.09375, 0.34375, 0.171875, 0.28125, 0.09375, 0.2578125]",[22],0.7356456150743775,0.6192818933530039
525,6882.578125,"[0.125, 0.21875, 0.84375, 0.25, 0.546875, 0.234375, 0.09375, 0.84375, 0.4375, 0.0, 0.34375, 0.125, 0.125, 0.125, 0.5, 0.1875, 0.625, 0.171875, 0.53125, 0.125, 0.2109375]","[0.0625, 0.140625, 0.453125, 0.25, 0.2890625, 0.1328125, 0.09375, 0.453125, 0.25, 0.0, 0.4375, 0.078125, 0.078125, 0.140625, 0.28125, 0.09375, 0.34375, 0.171875, 0.28125, 0.09375, 0.2578125]",[22],0.7539039722449357,0.6342255007162791
526,6823.28125,"[0.125, 0.21875, 0.84375, 0.25, 0.546875, 0.234375, 0.1015625, 0.84375, 0.4375, 0.0, 0.34375, 0.125, 0.125, 0.125, 0.5, 0.1875, 0.625, 0.171875, 0.53125, 0.125, 0.2109375]","[0.0625, 0.140625, 0.453125, 0.25, 0.2890625, 0.1328125, 0.1015625, 0.453125, 0.25, 0.0, 0.4375, 0.078125, 0.078125, 0.140625, 0.28125, 0.09375, 0.34375, 0.171875, 0.28125, 0.09375, 0.2578125]",[45],0.7519442811423213,0.6315999156219945
527,6862.96875,"[0.125, 0.21875, 0.84375, 0.25, 0.546875, 0.234375, 0.1015625, 0.84375, 0.4375, 0.0, 0.34375, 0.125, 0.15625, 0.125, 0.5, 0.1875, 0.625, 0.171875, 0.53125, 0.125, 0.2109375]","[0.0625, 0.140625, 0.453125, 0.25, 0.2890625, 0.1328125, 0.1015625, 0.453125, 0.25, 0.0, 0.4375, 0.078125, 0.09375, 0.140625, 0.28125, 0.09375, 0.34375, 0.171875, 0.28125, 0.09375, 0.2578125]",[74],0.74496041036284,0.6260346799916806
528,6942.34375,"[0.125, 0.21875, 0.84375, 0.25, 0.421875, 0.234375, 0.1015625, 0.84375, 0.4375, 0.0, 0.34375, 0.125, 0.15625, 0.125, 0.5, 0.1875, 0.625, 0.171875, 0.53125, 0.125, 0.2109375]","[0.0625, 0.140625, 0.453125, 0.25, 0.2265625, 0.1328125, 0.1015625, 0.453125, 0.25, 0.0, 0.4375, 0.078125, 0.09375, 0.140625, 0.28125, 0.09375, 0.34375, 0.171875, 0.28125, 0.09375, 0.2578125]",[31],0.7455576105606553,0.6295991694121965
529,6862.96875,"[0.125, 0.21875, 0.84375, 0.125, 0.421875, 0.234375, 0.1015625, 0.84375, 0.40625, 0.0, 0.34375, 0.125, 0.15625, 0.125, 0.5, 0.1875, 0.625, 0.171875, 0.53125, 0.125, 0.2109375]","[0.0625, 0.140625, 0.453125, 0.125, 0.2265625, 0.1328125, 0.1015625, 0.453125, 0.234375, 0.0, 0.4375, 0.078125, 0.09375, 0.140625, 0.28125, 0.09375, 0.34375, 0.171875, 0.28125, 0.09375, 0.2578125]",[31],0.7714871529904412,0.6532075609964899
530,6565.625,"[0.125, 0.21875, 0.59375, 0.125, 0.421875, 0.234375, 0.1015625, 0.84375, 0.40625, 0.0, 0.34375, 0.125, 0.15625, 0.140625, 0.5, 0.1875, 0.625, 0.171875, 0.53125, 0.125, 0.2109375]","[0.0625, 0.140625, 0.328125, 0.125, 0.2265625, 0.1328125, 0.1015625, 0.453125, 0.234375, 0.0, 0.4375, 0.078125, 0.09375, 0.171875, 0.28125, 0.09375, 0.34375, 0.171875, 0.28125, 0.09375, 0.2578125]",[20],0.7235212059191863,0.6190483074921699
531,6427.8125,"[0.125, 0.21875, 0.59375, 0.125, 0.421875, 0.234375, 0.1015625, 0.875, 0.40625, 0.0, 0.34375, 0.125, 0.15625, 0.140625, 0.5, 0.1875, 0.625, 0.171875, 0.53125, 0.125, 0.2109375]","[0.0625, 0.140625, 0.328125, 0.125, 0.2265625, 0.1328125, 0.1015625, 0.46875, 0.234375, 0.0, 0.4375, 0.078125, 0.09375, 0.171875, 0.28125, 0.09375, 0.34375, 0.171875, 0.28125, 0.09375, 0.2578125]",[43],0.7330593087208361,0.6249311256816465
532,6467.1875,"[0.125, 0.21875, 0.59375, 0.125, 0.421875, 0.234375, 0.1015625, 0.875, 0.46875, 0.0, 0.34375, 0.125, 0.15625, 0.140625, 0.5, 0.1875, 0.625, 0.171875, 0.53125, 0.125, 0.2109375]","[0.0625, 0.140625, 0.328125, 0.125, 0.2265625, 0.1328125, 0.1015625, 0.46875, 0.265625, 0.0, 0.4375, 0.078125, 0.09375, 0.171875, 0.28125, 0.09375, 0.34375, 0.171875, 0.28125, 0.09375, 0.2578125]",[66],0.73214875940337,0.6234597165843221
533,6545.9375,"[0.125, 0.21875, 0.59375, 0.125, 0.296875, 0.234375, 0.1015625, 0.875, 0.59375, 0.0, 0.34375, 0.125, 0.15625, 0.140625, 0.5, 0.1875, 0.625, 0.171875, 0.53125, 0.125, 0.2109375]","[0.0625, 0.140625, 0.328125, 0.125, 0.1640625, 0.1328125, 0.1015625, 0.46875, 0.328125, 0.0, 0.4375, 0.078125, 0.09375, 0.171875, 0.28125, 0.09375, 0.34375, 0.171875, 0.28125, 0.09375, 0.2578125]",[74],0.7476045257471697,0.6357163977324044
534,6545.9375,"[0.125, 0.21875, 0.59375, 0.125, 0.296875, 0.234375, 0.1015625, 0.875, 0.59375, 0.0, 0.34375, 0.125, 0.15625, 0.140625, 0.5, 0.1875, 0.625, 0.171875, 0.65625, 0.125, 0.2109375]","[0.0625, 0.140625, 0.328125, 0.125, 0.1640625, 0.1328125, 0.1015625, 0.46875, 0.328125, 0.0, 0.4375, 0.078125, 0.09375, 0.171875, 0.28125, 0.09375, 0.34375, 0.171875, 0.34375, 0.09375, 0.2578125]",[80],0.7580403835426573,0.6394763804490853
535,6585.3125,"[0.125, 0.21875, 0.59375, 0.125, 0.296875, 0.234375, 0.1015625, 0.875, 0.59375, 0.0, 0.34375, 0.125, 0.15625, 0.140625, 0.5, 0.1875, 0.625, 0.171875, 0.65625, 0.125, 0.2109375]","[0.0625, 0.140625, 0.328125, 0.125, 0.1640625, 0.1328125, 0.1015625, 0.46875, 0.328125, 0.0, 0.4375, 0.078125, 0.09375, 0.171875, 0.28125, 0.09375, 0.34375, 0.171875, 0.34375, 0.09375, 0.2578125]",[80],0.7580403835426573,0.6394763804490853
536,6565.859375,"[0.125, 0.21875, 0.59375, 0.125, 0.296875, 0.234375, 0.1015625, 0.875, 0.59375, 0.0, 0.28125, 0.125, 0.15625, 0.1484375, 0.5, 0.1875, 0.625, 0.171875, 0.65625, 0.125, 0.2109375]","[0.0625, 0.140625, 0.328125, 0.125, 0.1640625, 0.1328125, 0.1015625, 0.46875, 0.328125, 0.0, 0.375, 0.078125, 0.09375, 0.1796875, 0.28125, 0.09375, 0.34375, 0.171875, 0.34375, 0.09375, 0.2578125]",[84],0.7633472586722746,0.6229006079582239
537,6526.328125,"[0.125, 0.21875, 0.59375, 0.125, 0.296875, 0.234375, 0.1171875, 0.875, 0.46875, 0.0, 0.28125, 0.125, 0.15625, 0.1484375, 0.5, 0.1875, 0.625, 0.171875, 0.65625, 0.09375, 0.2109375]","[0.0625, 0.140625, 0.328125, 0.125, 0.1640625, 0.1328125, 0.1171875, 0.46875, 0.265625, 0.0, 0.375, 0.078125, 0.09375, 0.1796875, 0.28125, 0.09375, 0.34375, 0.171875, 0.34375, 0.0625, 0.2578125]",[59],0.7622454696010835,0.6269528204178247
538,6486.640625,"[0.125, 0.21875, 0.59375, 0.125, 0.296875, 0.234375, 0.1171875, 0.875, 0.46875, 0.0, 0.28125, 0.125, 0.15625, 0.1484375, 0.5, 0.3125, 0.5625, 0.171875, 0.65625, 0.09375, 0.2109375]","[0.0625, 0.140625, 0.328125, 0.125, 0.1640625, 0.1328125, 0.1171875, 0.46875, 0.265625, 0.0, 0.375, 0.078125, 0.09375, 0.1796875, 0.28125, 0.15625, 0.3125, 0.171875, 0.34375, 0.0625, 0.2578125]",[17],0.7371701529501683,0.604941204992749
539,6606.015625,"[0.125, 0.21875, 0.59375, 0.125, 0.296875, 0.234375, 0.1171875, 0.875, 0.46875, 0.0, 0.28125, 0.125, 0.15625, 0.1484375, 0.5, 0.3125, 0.5625, 0.171875, 0.65625, 0.21875, 0.2109375]","[0.0625, 0.140625, 0.328125, 0.125, 0.1640625, 0.1328125, 0.1171875, 0.46875, 0.265625, 0.0, 0.375, 0.078125, 0.09375, 0.1796875, 0.28125, 0.15625, 0.3125, 0.171875, 0.34375, 0.125, 0.2578125]",[66],0.7097473303733113,0.5826621254338213
540,6645.859375,"[0.125, 0.21875, 0.59375, 0.125, 0.296875, 0.234375, 0.1171875, 0.875, 0.46875, 0.0, 0.28125, 0.125, 0.15625, 0.1640625, 0.5, 0.3125, 0.5625, 0.171875, 0.65625, 0.21875, 0.2109375]","[0.0625, 0.140625, 0.328125, 0.125, 0.1640625, 0.1328125, 0.1171875, 0.46875, 0.265625, 0.0, 0.375, 0.078125, 0.09375, 0.2109375, 0.28125, 0.15625, 0.3125, 0.171875, 0.34375, 0.125, 0.2578125]",[92],0.7063400300372322,0.5780523502878235
541,6665.546875,"[0.125, 0.21875, 0.59375, 0.125, 0.296875, 0.234375, 0.1171875, 0.875, 0.46875, 0.03125, 0.28125, 0.125, 0.15625, 0.1640625, 0.5, 0.3125, 0.5625, 0.171875, 0.65625, 0.21875, 0.2109375]","[0.0625, 0.140625, 0.328125, 0.125, 0.1640625, 0.1328125, 0.1171875, 0.46875, 0.265625, 0.015625, 0.375, 0.078125, 0.09375, 0.2109375, 0.28125, 0.15625, 0.3125, 0.171875, 0.34375, 0.125, 0.2578125]",[94],0.6963549330890575,0.5697240298492584
542,6704.921875,"[0.125, 0.28125, 0.59375, 0.125, 0.296875, 0.234375, 0.1171875, 0.875, 0.46875, 0.03125, 0.28125, 0.125, 0.15625, 0.1640625, 0.5, 0.3125, 0.5625, 0.171875, 0.65625, 0.21875, 0.2109375]","[0.0625, 0.171875, 0.328125, 0.125, 0.1640625, 0.1328125, 0.1171875, 0.46875, 0.265625, 0.015625, 0.375, 0.078125, 0.09375, 0.2109375, 0.28125, 0.15625, 0.3125, 0.171875, 0.34375, 0.125, 0.2578125]",[99],0.6870376562238325,0.5626060299959428
543,6784.296875,"[0.125, 0.28125, 0.59375, 0.125, 0.296875, 0.234375, 0.1171875, 0.8125, 0.46875, 0.03125, 0.28125, 0.125, 0.15625, 0.1640625, 0.5, 0.3125, 0.5625, 0.171875, 0.625, 0.21875, 0.2109375]","[0.0625, 0.171875, 0.328125, 0.125, 0.1640625, 0.1328125, 0.1171875, 0.4375, 0.265625, 0.015625, 0.375, 0.078125, 0.09375, 0.2109375, 0.28125, 0.15625, 0.3125, 0.171875, 0.3125, 0.125, 0.2578125]",[57],0.6641474703440913,0.5456969208906476
544,6783.359375,"[0.125, 0.28125, 0.59375, 0.125, 0.296875, 0.234375, 0.1171875, 0.8125, 0.46875, 0.03125, 0.28125, 0.125, 0.15625, 0.1640625, 0.5, 0.3125, 0.5625, 0.171875, 0.625, 0.1875, 0.2109375]","[0.0625, 0.171875, 0.328125, 0.125, 0.1640625, 0.1328125, 0.1171875, 0.4375, 0.265625, 0.015625, 0.375, 0.078125, 0.09375, 0.2109375, 0.28125, 0.15625, 0.3125, 0.171875, 0.3125, 0.09375, 0.2578125]",[53],0.669845905057797,0.5559299208266061
545,6626.015625,"[0.125, 0.28125, 0.59375, 0.125, 0.296875, 0.234375, 0.1171875, 0.8125, 0.34375, 0.03125, 0.28125, 0.125, 0.15625, 0.1640625, 0.5, 0.3125, 0.5625, 0.171875, 0.625, 0.1875, 0.2109375]","[0.0625, 0.171875, 0.328125, 0.125, 0.1640625, 0.1328125, 0.1171875, 0.4375, 0.203125, 0.015625, 0.375, 0.078125, 0.09375, 0.2109375, 0.28125, 0.15625, 0.3125, 0.171875, 0.3125, 0.09375, 0.2578125]",[21],0.6728173672389403,0.559183077610289
546,6527.109375,"[0.125, 0.28125, 0.59375, 0.125, 0.296875, 0.234375, 0.1171875, 0.8125, 0.34375, 0.03125, 0.28125, 0.125, 0.15625, 0.1484375, 0.5, 0.3125, 0.5625, 0.171875, 0.625, 0.1875, 0.2109375]","[0.0625, 0.171875, 0.328125, 0.125, 0.1640625, 0.1328125, 0.1171875, 0.4375, 0.203125, 0.015625, 0.375, 0.078125, 0.09375, 0.1953125, 0.28125, 0.15625, 0.3125, 0.171875, 0.3125, 0.09375, 0.2578125]",[2],0.6762641817556367,0.5610347972495084
547,6506.953125,"[0.125, 0.28125, 0.59375, 0.125, 0.296875, 0.234375, 0.1171875, 0.8125, 0.34375, 0.03125, 0.28125, 0.125, 0.15625, 0.1484375, 0.5625, 0.3125, 0.5625, 0.171875, 0.625, 0.1875, 0.2109375]","[0.0625, 0.171875, 0.328125, 0.125, 0.1640625, 0.1328125, 0.1171875, 0.4375, 0.203125, 0.015625, 0.375, 0.078125, 0.09375, 0.1953125, 0.3125, 0.15625, 0.3125, 0.171875, 0.3125, 0.09375, 0.2578125]",[27],0.6809302248249712,0.5637941263318067
548,6586.328125,"[0.125, 0.28125, 0.59375, 0.125, 0.296875, 0.234375, 0.1171875, 0.8125, 0.34375, 0.03125, 0.28125, 0.125, 0.15625, 0.1484375, 0.5625, 0.3125, 0.5625, 0.234375, 0.625, 0.1875, 0.2109375]","[0.0625, 0.171875, 0.328125, 0.125, 0.1640625, 0.1328125, 0.1171875, 0.4375, 0.203125, 0.015625, 0.375, 0.078125, 0.09375, 0.1953125, 0.3125, 0.15625, 0.3125, 0.234375, 0.3125, 0.09375, 0.2578125]",[53],0.6694957973584058,0.5561179595256557
549,6743.828125,"[0.375, 0.28125, 0.53125, 0.125, 0.296875, 0.234375, 0.1171875, 0.8125, 0.34375, 0.03125, 0.28125, 0.125, 0.15625, 0.1484375, 0.5625, 0.3125, 0.5625, 0.234375, 0.625, 0.1875, 0.2109375]","[0.1875, 0.171875, 0.265625, 0.125, 0.1640625, 0.1328125, 0.1171875, 0.4375, 0.203125, 0.015625, 0.375, 0.078125, 0.09375, 0.1953125, 0.3125, 0.15625, 0.3125, 0.234375, 0.3125, 0.09375, 0.2578125]",[23],0.6271248760613835,0.5139408539979853
550,6743.828125,"[0.375, 0.28125, 0.53125, 0.125, 0.296875, 0.234375, 0.1171875, 0.8125, 0.34375, 0.09375, 0.28125, 0.125, 0.125, 0.1484375, 0.5625, 0.3125, 0.5625, 0.234375, 0.5, 0.1875, 0.2109375]","[0.1875, 0.171875, 0.265625, 0.125, 0.1640625, 0.1328125, 0.1171875, 0.4375, 0.203125, 0.078125, 0.375, 0.078125, 0.078125, 0.1953125, 0.3125, 0.15625, 0.3125, 0.234375, 0.25, 0.09375, 0.2578125]",[4],0.6023100719751077,0.4856973196900362
551,6565.078125,"[0.375, 0.28125, 0.53125, 0.125, 0.296875, 0.234375, 0.1171875, 0.8125, 0.34375, 0.09375, 0.28125, 0.125, 0.125, 0.1484375, 0.5625, 0.3125, 0.5625, 0.234375, 0.5, 0.1875, 0.2109375]","[0.1875, 0.171875, 0.265625, 0.125, 0.1640625, 0.1328125, 0.1171875, 0.4375, 0.203125, 0.078125, 0.375, 0.078125, 0.078125, 0.1953125, 0.3125, 0.15625, 0.3125, 0.234375, 0.25, 0.09375, 0.2578125]",[4],0.6023100719751077,0.4856973196900362
552,6585.234375,"[0.375, 0.28125, 0.53125, 0.125, 0.296875, 0.234375, 0.1171875, 0.8125, 0.34375, 0.09375, 0.28125, 0.125, 0.125, 0.1484375, 0.5625, 0.3125, 0.5625, 0.234375, 0.5, 0.1875, 0.2109375]","[0.1875, 0.171875, 0.265625, 0.125, 0.1640625, 0.1328125, 0.1171875, 0.4375, 0.203125, 0.078125, 0.375, 0.078125, 0.078125, 0.1953125, 0.3125, 0.15625, 0.3125, 0.234375, 0.25, 0.09375, 0.2578125]",[4],0.6023100719751077,0.4856973196900362
553,6624.765625,"[0.375, 0.28125, 0.53125, 0.125, 0.296875, 0.234375, 0.1171875, 0.8125, 0.34375, 0.09375, 0.28125, 0.125, 0.125, 0.1484375, 0.5625, 0.3125, 0.5625, 0.234375, 0.5, 0.1875, 0.2109375]","[0.1875, 0.171875, 0.265625, 0.125, 0.1640625, 0.1328125, 0.1171875, 0.4375, 0.203125, 0.078125, 0.375, 0.078125, 0.078125, 0.1953125, 0.3125, 0.15625, 0.3125, 0.234375, 0.25, 0.09375, 0.2578125]",[4],0.6023100719751077,0.4856973196900362
554,6704.140625,"[0.375, 0.28125, 0.53125, 0.125, 0.296875, 0.234375, 0.1171875, 0.8125, 0.34375, 0.09375, 0.40625, 0.125, 0.125, 0.1484375, 0.5625, 0.3125, 0.5625, 0.234375, 0.5, 0.1875, 0.2109375]","[0.1875, 0.171875, 0.265625, 0.125, 0.1640625, 0.1328125, 0.1171875, 0.4375, 0.203125, 0.078125, 0.5, 0.078125, 0.078125, 0.1953125, 0.3125, 0.15625, 0.3125, 0.234375, 0.25, 0.09375, 0.2578125]",[45],0.5942598770252472,0.535923934174876
555,6743.515625,"[0.375, 0.28125, 0.53125, 0.125, 0.296875, 0.234375, 0.1171875, 0.8125, 0.34375, 0.09375, 0.40625, 0.125, 0.125, 0.1484375, 0.5625, 0.3125, 0.5625, 0.234375, 0.5, 0.1875, 0.2109375]","[0.1875, 0.171875, 0.265625, 0.125, 0.1640625, 0.1328125, 0.1171875, 0.4375, 0.203125, 0.078125, 0.5, 0.078125, 0.078125, 0.1953125, 0.3125, 0.15625, 0.3125, 0.234375, 0.25, 0.09375, 0.2578125]",[45],0.5942598770252472,0.535923934174876
556,6723.828125,"[0.375, 0.28125, 0.53125, 0.125, 0.296875, 0.234375, 0.1171875, 0.8125, 0.375, 0.09375, 0.40625, 0.125, 0.125, 0.1484375, 0.5625, 0.3125, 0.5625, 0.234375, 0.5, 0.1875, 0.2109375]","[0.1875, 0.171875, 0.265625, 0.125, 0.1640625, 0.1328125, 0.1171875, 0.4375, 0.21875, 0.078125, 0.5, 0.078125, 0.078125, 0.1953125, 0.3125, 0.15625, 0.3125, 0.234375, 0.25, 0.09375, 0.2578125]",[57],0.5925930217344891,0.5341143556498089
557,6763.203125,"[0.375, 0.28125, 0.53125, 0.125, 0.296875, 0.234375, 0.1171875, 0.8125, 0.375, 0.09375, 0.40625, 0.125, 0.125, 0.1484375, 0.625, 0.3125, 0.5625, 0.234375, 0.5, 0.1875, 0.2109375]","[0.1875, 0.171875, 0.265625, 0.125, 0.1640625, 0.1328125, 0.1171875, 0.4375, 0.21875, 0.078125, 0.5, 0.078125, 0.078125, 0.1953125, 0.34375, 0.15625, 0.3125, 0.234375, 0.25, 0.09375, 0.2578125]",[75],0.6007758056777931,0.5379038928809293
558,6841.953125,"[0.375, 0.28125, 0.53125, 0.125, 0.296875, 0.234375, 0.1171875, 0.8125, 0.5, 0.09375, 0.40625, 0.125, 0.125, 0.1484375, 0.625, 0.3125, 0.5625, 0.234375, 0.5, 0.1875, 0.2109375]","[0.1875, 0.171875, 0.265625, 0.125, 0.1640625, 0.1328125, 0.1171875, 0.4375, 0.28125, 0.078125, 0.5, 0.078125, 0.078125, 0.1953125, 0.34375, 0.15625, 0.3125, 0.234375, 0.25, 0.09375, 0.2578125]",[99],0.6008290247513505,0.5352032348837563
559,7000.703125,"[0.375, 0.28125, 0.53125, 0.125, 0.296875, 0.234375, 0.1171875, 0.8125, 0.5, 0.09375, 0.40625, 0.125, 0.125, 0.1484375, 0.625, 0.3125, 0.5625, 0.234375, 0.5, 0.1875, 0.2109375]","[0.1875, 0.171875, 0.265625, 0.125, 0.1640625, 0.1328125, 0.1171875, 0.4375, 0.28125, 0.078125, 0.5, 0.078125, 0.078125, 0.1953125, 0.34375, 0.15625, 0.3125, 0.234375, 0.25, 0.09375, 0.2578125]",[99],0.6008290247513505,0.5352032348837563
560,6881.640625,"[0.375, 0.28125, 0.53125, 0.125, 0.296875, 0.234375, 0.1171875, 0.8125, 0.46875, 0.09375, 0.40625, 0.125, 0.125, 0.1484375, 0.625, 0.3125, 0.5625, 0.234375, 0.5, 0.1875, 0.2109375]","[0.1875, 0.171875, 0.265625, 0.125, 0.1640625, 0.1328125, 0.1171875, 0.4375, 0.265625, 0.078125, 0.5, 0.078125, 0.078125, 0.1953125, 0.34375, 0.15625, 0.3125, 0.234375, 0.25, 0.09375, 0.2578125]",[45],0.5997715375702043,0.5351832922904184
561,6842.109375,"[0.375, 0.28125, 0.53125, 0.125, 0.296875, 0.234375, 0.1171875, 0.8125, 0.46875, 0.09375, 0.40625, 0.125, 0.125, 0.1484375, 0.625, 0.3125, 0.5625, 0.234375, 0.5, 0.203125, 0.2109375]","[0.1875, 0.171875, 0.265625, 0.125, 0.1640625, 0.1328125, 0.1171875, 0.4375, 0.265625, 0.078125, 0.5, 0.078125, 0.078125, 0.1953125, 0.34375, 0.15625, 0.3125, 0.234375, 0.25, 0.1015625, 0.2578125]",[99],0.5968711386767142,0.5324727590689573
562,6881.484375,"[0.375, 0.28125, 0.28125, 0.125, 0.296875, 0.234375, 0.1171875, 0.8125, 0.46875, 0.09375, 0.40625, 0.125, 0.125, 0.1484375, 0.625, 0.3125, 0.5625, 0.234375, 0.5, 0.203125, 0.2109375]","[0.1875, 0.171875, 0.140625, 0.125, 0.1640625, 0.1328125, 0.1171875, 0.4375, 0.265625, 0.078125, 0.5, 0.078125, 0.078125, 0.1953125, 0.34375, 0.15625, 0.3125, 0.234375, 0.25, 0.1015625, 0.2578125]",[93],0.6018162012025683,0.5493714262829957
563,6763.359375,"[0.375, 0.28125, 0.28125, 0.125, 0.296875, 0.234375, 0.1171875, 0.78125, 0.46875, 0.21875, 0.40625, 0.125, 0.125, 0.1484375, 0.625, 0.3125, 0.5625, 0.234375, 0.5, 0.203125, 0.2109375]","[0.1875, 0.171875, 0.140625, 0.125, 0.1640625, 0.1328125, 0.1171875, 0.421875, 0.265625, 0.140625, 0.5, 0.078125, 0.078125, 0.1953125, 0.34375, 0.15625, 0.3125, 0.234375, 0.25, 0.1015625, 0.2578125]",[25],0.5646417558084527,0.5237655555139696
564,6903.046875,"[0.375, 0.28125, 0.28125, 0.125, 0.296875, 0.21875, 0.1796875, 0.78125, 0.46875, 0.21875, 0.375, 0.125, 0.125, 0.1484375, 0.625, 0.3125, 0.5625, 0.234375, 0.5, 0.203125, 0.2109375]","[0.1875, 0.171875, 0.140625, 0.125, 0.1640625, 0.125, 0.1796875, 0.421875, 0.265625, 0.140625, 0.46875, 0.078125, 0.078125, 0.1953125, 0.34375, 0.15625, 0.3125, 0.234375, 0.25, 0.1015625, 0.2578125]",[49],0.5536074527206072,0.4958618099158576
565,6882.890625,"[0.375, 0.28125, 0.28125, 0.125, 0.296875, 0.21875, 0.1796875, 0.78125, 0.46875, 0.28125, 0.375, 0.125, 0.125, 0.1484375, 0.625, 0.3125, 0.5625, 0.234375, 0.5, 0.203125, 0.1796875]","[0.1875, 0.171875, 0.140625, 0.125, 0.1640625, 0.125, 0.1796875, 0.421875, 0.265625, 0.203125, 0.46875, 0.078125, 0.078125, 0.1953125, 0.34375, 0.15625, 0.3125, 0.234375, 0.25, 0.1015625, 0.2265625]",[63],0.5506797426152965,0.484928644968872
566,6823.125,"[0.375, 0.28125, 0.28125, 0.125, 0.296875, 0.21875, 0.1796875, 0.78125, 0.4375, 0.28125, 0.375, 0.125, 0.125, 0.1484375, 0.625, 0.3125, 0.5625, 0.234375, 0.5, 0.203125, 0.1875]","[0.1875, 0.171875, 0.140625, 0.125, 0.1640625, 0.125, 0.1796875, 0.421875, 0.25, 0.203125, 0.46875, 0.078125, 0.078125, 0.1953125, 0.34375, 0.15625, 0.3125, 0.234375, 0.25, 0.1015625, 0.234375]",[21],0.5480680272142678,0.48449855833222916
567,6842.8125,"[0.375, 0.28125, 0.34375, 0.125, 0.296875, 0.21875, 0.1796875, 0.78125, 0.4375, 0.28125, 0.375, 0.125, 0.125, 0.1484375, 0.625, 0.3125, 0.5625, 0.234375, 0.5, 0.203125, 0.1875]","[0.1875, 0.171875, 0.171875, 0.125, 0.1640625, 0.125, 0.1796875, 0.421875, 0.25, 0.203125, 0.46875, 0.078125, 0.078125, 0.1953125, 0.34375, 0.15625, 0.3125, 0.234375, 0.25, 0.1015625, 0.234375]",[91],0.5426508857221313,0.47729617047387934
568,6921.5625,"[0.375, 0.28125, 0.34375, 0.125, 0.296875, 0.21875, 0.1796875, 0.78125, 0.4375, 0.28125, 0.375, 0.125, 0.125, 0.1484375, 0.625, 0.3125, 0.5625, 0.234375, 0.5, 0.203125, 0.1875]","[0.1875, 0.171875, 0.171875, 0.125, 0.1640625, 0.125, 0.1796875, 0.421875, 0.25, 0.203125, 0.46875, 0.078125, 0.078125, 0.1953125, 0.34375, 0.15625, 0.3125, 0.234375, 0.25, 0.1015625, 0.234375]",[91],0.5426508857221313,0.47729617047387934
569,7001.5625,"[0.375, 0.28125, 0.34375, 0.125, 0.296875, 0.21875, 0.1796875, 0.78125, 0.4375, 0.28125, 0.375, 0.125, 0.125, 0.1484375, 0.625, 0.3125, 0.5625, 0.234375, 0.5, 0.203125, 0.1875]","[0.1875, 0.171875, 0.171875, 0.125, 0.1640625, 0.125, 0.1796875, 0.421875, 0.25, 0.203125, 0.46875, 0.078125, 0.078125, 0.1953125, 0.34375, 0.15625, 0.3125, 0.234375, 0.25, 0.1015625, 0.234375]",[91],0.5426508857221313,0.47729617047387934
570,6882.1875,"[0.375, 0.28125, 0.34375, 0.125, 0.265625, 0.21875, 0.1796875, 0.78125, 0.5, 0.28125, 0.375, 0.125, 0.125, 0.1484375, 0.625, 0.3125, 0.5625, 0.234375, 0.5, 0.203125, 0.1875]","[0.1875, 0.171875, 0.171875, 0.125, 0.1328125, 0.125, 0.1796875, 0.421875, 0.3125, 0.203125, 0.46875, 0.078125, 0.078125, 0.1953125, 0.34375, 0.15625, 0.3125, 0.234375, 0.25, 0.1015625, 0.234375]",[13],0.5490138582620533,0.48763063089978526
571,6862.34375,"[0.375, 0.28125, 0.34375, 0.125, 0.265625, 0.21875, 0.1796875, 0.78125, 0.5, 0.28125, 0.375, 0.125, 0.125, 0.1484375, 0.625, 0.3125, 0.5625, 0.234375, 0.5, 0.203125, 0.1875]","[0.1875, 0.171875, 0.171875, 0.125, 0.1328125, 0.125, 0.1796875, 0.421875, 0.3125, 0.203125, 0.46875, 0.078125, 0.078125, 0.1953125, 0.34375, 0.15625, 0.3125, 0.234375, 0.25, 0.1015625, 0.234375]",[13],0.5490138582620533,0.48763063089978526
572,6882.1875,"[0.375, 0.28125, 0.34375, 0.125, 0.265625, 0.21875, 0.1796875, 0.78125, 0.5, 0.28125, 0.375, 0.125, 0.125, 0.1484375, 0.625, 0.3125, 0.5625, 0.234375, 0.5, 0.203125, 0.1875]","[0.1875, 0.171875, 0.171875, 0.125, 0.1328125, 0.125, 0.1796875, 0.421875, 0.3125, 0.203125, 0.46875, 0.078125, 0.078125, 0.1953125, 0.34375, 0.15625, 0.3125, 0.234375, 0.25, 0.1015625, 0.234375]",[13],0.5490138582620533,0.48763063089978526
573,6921.875,"[0.375, 0.28125, 0.34375, 0.125, 0.265625, 0.21875, 0.1796875, 0.78125, 0.5, 0.28125, 0.375, 0.125, 0.125, 0.1484375, 0.625, 0.3125, 0.5625, 0.234375, 0.5, 0.203125, 0.1875]","[0.1875, 0.171875, 0.171875, 0.125, 0.1328125, 0.125, 0.1796875, 0.421875, 0.3125, 0.203125, 0.46875, 0.078125, 0.078125, 0.1953125, 0.34375, 0.15625, 0.3125, 0.234375, 0.25, 0.1015625, 0.234375]",[13],0.5490138582620533,0.48763063089978526
574,7001.25,"[0.375, 0.28125, 0.34375, 0.125, 0.265625, 0.21875, 0.1796875, 0.78125, 0.5, 0.28125, 0.375, 0.125, 0.125, 0.1484375, 0.625, 0.3125, 0.5625, 0.21875, 0.5, 0.203125, 0.1875]","[0.1875, 0.171875, 0.171875, 0.125, 0.1328125, 0.125, 0.1796875, 0.421875, 0.3125, 0.203125, 0.46875, 0.078125, 0.078125, 0.1953125, 0.34375, 0.15625, 0.3125, 0.21875, 0.25, 0.1015625, 0.234375]",[13],0.5515286671357444,0.4888857151786561
575,6862.34375,"[0.375, 0.28125, 0.34375, 0.15625, 0.265625, 0.21875, 0.1640625, 0.78125, 0.5, 0.28125, 0.375, 0.125, 0.125, 0.1484375, 0.625, 0.3125, 0.5625, 0.21875, 0.5, 0.203125, 0.1875]","[0.1875, 0.171875, 0.171875, 0.1875, 0.1328125, 0.125, 0.1640625, 0.421875, 0.3125, 0.203125, 0.46875, 0.078125, 0.078125, 0.1953125, 0.34375, 0.15625, 0.3125, 0.21875, 0.25, 0.1015625, 0.234375]",[73],0.5474745023846469,0.47749611337034437
576,6842.421875,"[0.375, 0.28125, 0.34375, 0.15625, 0.265625, 0.21875, 0.1640625, 0.78125, 0.5, 0.28125, 0.375, 0.125, 0.125, 0.15625, 0.625, 0.3125, 0.5625, 0.21875, 0.5, 0.203125, 0.1875]","[0.1875, 0.171875, 0.171875, 0.1875, 0.1328125, 0.125, 0.1640625, 0.421875, 0.3125, 0.203125, 0.46875, 0.078125, 0.078125, 0.203125, 0.34375, 0.15625, 0.3125, 0.21875, 0.25, 0.1015625, 0.234375]",[84],0.5457284179558451,0.4764022596465323
577,6881.796875,"[0.375, 0.28125, 0.34375, 0.15625, 0.265625, 0.21875, 0.1640625, 0.78125, 0.4375, 0.28125, 0.375, 0.125, 0.125, 0.15625, 0.625, 0.3125, 0.5625, 0.21875, 0.5, 0.203125, 0.1875]","[0.1875, 0.171875, 0.171875, 0.1875, 0.1328125, 0.125, 0.1640625, 0.421875, 0.25, 0.203125, 0.46875, 0.078125, 0.078125, 0.203125, 0.34375, 0.15625, 0.3125, 0.21875, 0.25, 0.1015625, 0.234375]",[84],0.5428751715201403,0.4737942276819457
578,6881.796875,"[0.375, 0.28125, 0.34375, 0.15625, 0.265625, 0.21875, 0.1640625, 0.78125, 0.375, 0.28125, 0.375, 0.125, 0.125, 0.15625, 0.625, 0.3125, 0.6875, 0.21875, 0.5, 0.203125, 0.1875]","[0.1875, 0.171875, 0.171875, 0.1875, 0.1328125, 0.125, 0.1640625, 0.421875, 0.21875, 0.203125, 0.46875, 0.078125, 0.078125, 0.203125, 0.34375, 0.15625, 0.375, 0.21875, 0.25, 0.1015625, 0.234375]",[43],0.56513230282529,0.48680121747055327
579,6999.921875,"[0.375, 0.28125, 0.34375, 0.15625, 0.265625, 0.21875, 0.1640625, 0.78125, 0.375, 0.53125, 0.375, 0.125, 0.125, 0.15625, 0.625, 0.3125, 0.6875, 0.21875, 0.5, 0.203125, 0.1875]","[0.1875, 0.171875, 0.171875, 0.1875, 0.1328125, 0.125, 0.1640625, 0.421875, 0.21875, 0.328125, 0.46875, 0.078125, 0.078125, 0.203125, 0.34375, 0.15625, 0.375, 0.21875, 0.25, 0.1015625, 0.234375]",[91],0.5601582372988451,0.4861273022665461
580,7039.765625,"[0.375, 0.28125, 0.28125, 0.15625, 0.265625, 0.21875, 0.1796875, 0.78125, 0.375, 0.53125, 0.375, 0.125, 0.125, 0.15625, 0.625, 0.3125, 0.6875, 0.21875, 0.5, 0.203125, 0.1875]","[0.1875, 0.171875, 0.140625, 0.1875, 0.1328125, 0.125, 0.1953125, 0.421875, 0.21875, 0.328125, 0.46875, 0.078125, 0.078125, 0.203125, 0.34375, 0.15625, 0.375, 0.21875, 0.25, 0.1015625, 0.234375]",[21],0.5629645739670536,0.48760918599818975
581,7020.234375,"[0.375, 0.28125, 0.28125, 0.15625, 0.28125, 0.21875, 0.1796875, 0.75, 0.375, 0.53125, 0.375, 0.125, 0.125, 0.15625, 0.625, 0.3125, 0.6875, 0.21875, 0.5, 0.203125, 0.1875]","[0.1875, 0.171875, 0.140625, 0.1875, 0.140625, 0.125, 0.1953125, 0.40625, 0.21875, 0.328125, 0.46875, 0.078125, 0.078125, 0.203125, 0.34375, 0.15625, 0.375, 0.21875, 0.25, 0.1015625, 0.234375]",[54],0.5529459132021298,0.4809200700328628
582,7040.234375,"[0.375, 0.28125, 0.28125, 0.15625, 0.3125, 0.21875, 0.1796875, 0.75, 0.375, 0.53125, 0.375, 0.125, 0.125, 0.15625, 0.625, 0.3125, 0.6875, 0.21875, 0.5, 0.203125, 0.1875]","[0.1875, 0.171875, 0.140625, 0.1875, 0.15625, 0.125, 0.1953125, 0.40625, 0.21875, 0.328125, 0.46875, 0.078125, 0.078125, 0.203125, 0.34375, 0.15625, 0.375, 0.21875, 0.25, 0.1015625, 0.234375]",[99],0.5496210221788298,0.47700381805572273
583,7118.984375,"[0.375, 0.28125, 0.28125, 0.15625, 0.3125, 0.21875, 0.1796875, 0.75, 0.375, 0.53125, 0.375, 0.125, 0.125, 0.15625, 0.5, 0.3125, 0.8125, 0.21875, 0.5, 0.203125, 0.1875]","[0.1875, 0.171875, 0.140625, 0.1875, 0.15625, 0.125, 0.1953125, 0.40625, 0.21875, 0.328125, 0.46875, 0.078125, 0.078125, 0.203125, 0.28125, 0.15625, 0.4375, 0.21875, 0.25, 0.1015625, 0.234375]",[52],0.5677215504682592,0.4889145021688061
584,7198.984375,"[0.375, 0.28125, 0.28125, 0.15625, 0.3125, 0.21875, 0.1796875, 0.75, 0.375, 0.53125, 0.375, 0.125, 0.125, 0.15625, 0.5, 0.3125, 0.8125, 0.21875, 0.5, 0.203125, 0.1875]","[0.1875, 0.171875, 0.140625, 0.1875, 0.15625, 0.125, 0.1953125, 0.40625, 0.21875, 0.328125, 0.46875, 0.078125, 0.078125, 0.203125, 0.28125, 0.15625, 0.4375, 0.21875, 0.25, 0.1015625, 0.234375]",[52],0.5677215504682592,0.4889145021688061
585,7079.609375,"[0.375, 0.28125, 0.28125, 0.15625, 0.3125, 0.15625, 0.1796875, 0.75, 0.4375, 0.53125, 0.375, 0.125, 0.125, 0.15625, 0.5, 0.3125, 0.75, 0.21875, 0.5, 0.203125, 0.1875]","[0.1875, 0.171875, 0.140625, 0.1875, 0.15625, 0.09375, 0.1953125, 0.40625, 0.28125, 0.328125, 0.46875, 0.078125, 0.078125, 0.203125, 0.28125, 0.15625, 0.40625, 0.21875, 0.25, 0.1015625, 0.234375]",[28],0.5616353462747833,0.48694962001467096
586,6980.546875,"[0.375, 0.28125, 0.28125, 0.15625, 0.3125, 0.15625, 0.1796875, 0.75, 0.46875, 0.53125, 0.375, 0.125, 0.125, 0.15625, 0.5, 0.3125, 0.75, 0.21875, 0.5, 0.203125, 0.1875]","[0.1875, 0.171875, 0.140625, 0.1875, 0.15625, 0.09375, 0.1953125, 0.40625, 0.296875, 0.328125, 0.46875, 0.078125, 0.078125, 0.203125, 0.28125, 0.15625, 0.40625, 0.21875, 0.25, 0.1015625, 0.234375]",[70],0.5620966392936928,0.4874544166574748
587,7019.921875,"[0.375, 0.28125, 0.28125, 0.15625, 0.3125, 0.15625, 0.1796875, 0.8125, 0.46875, 0.53125, 0.375, 0.125, 0.125, 0.15625, 0.5, 0.3125, 0.75, 0.21875, 0.5, 0.203125, 0.1875]","[0.1875, 0.171875, 0.140625, 0.1875, 0.15625, 0.09375, 0.1953125, 0.4375, 0.296875, 0.328125, 0.46875, 0.078125, 0.078125, 0.203125, 0.28125, 0.15625, 0.40625, 0.21875, 0.25, 0.1015625, 0.234375]",[102],0.5782246639509342,0.4964668628102126
588,7099.296875,"[0.375, 0.28125, 0.28125, 0.15625, 0.3125, 0.15625, 0.1796875, 0.8125, 0.46875, 0.53125, 0.375, 0.125, 0.125, 0.15625, 0.5, 0.3125, 0.75, 0.21875, 0.5, 0.203125, 0.1875]","[0.1875, 0.171875, 0.140625, 0.1875, 0.15625, 0.09375, 0.1953125, 0.4375, 0.296875, 0.328125, 0.46875, 0.078125, 0.078125, 0.203125, 0.28125, 0.15625, 0.40625, 0.21875, 0.25, 0.1015625, 0.234375]",[102],0.5782246639509342,0.4964668628102126
589,7177.421875,"[0.375, 0.28125, 0.28125, 0.15625, 0.3125, 0.15625, 0.1796875, 0.8125, 0.46875, 0.53125, 0.375, 0.125, 0.125, 0.15625, 0.5, 0.3125, 0.75, 0.21875, 0.5, 0.203125, 0.1875]","[0.1875, 0.171875, 0.140625, 0.1875, 0.15625, 0.09375, 0.1953125, 0.4375, 0.296875, 0.328125, 0.46875, 0.078125, 0.078125, 0.203125, 0.28125, 0.15625, 0.40625, 0.21875, 0.25, 0.1015625, 0.234375]",[102],0.5782246639509342,0.4964668628102126
590,7059.609375,"[0.375, 0.28125, 0.28125, 0.15625, 0.3125, 0.15625, 0.1796875, 0.8125, 0.46875, 0.53125, 0.375, 0.125, 0.15625, 0.15625, 0.5, 0.3125, 0.75, 0.21875, 0.5, 0.203125, 0.171875]","[0.1875, 0.171875, 0.140625, 0.1875, 0.15625, 0.09375, 0.1953125, 0.4375, 0.296875, 0.328125, 0.46875, 0.078125, 0.109375, 0.203125, 0.28125, 0.15625, 0.40625, 0.21875, 0.25, 0.1015625, 0.21875]",[32],0.5742512530699742,0.4868435751518825
591,7039.609375,"[0.375, 0.28125, 0.28125, 0.15625, 0.3125, 0.15625, 0.1796875, 0.8125, 0.46875, 0.53125, 0.375, 0.125, 0.15625, 0.15625, 0.5, 0.3125, 0.75, 0.21875, 0.5, 0.21875, 0.171875]","[0.1875, 0.171875, 0.140625, 0.1875, 0.15625, 0.09375, 0.1953125, 0.4375, 0.296875, 0.328125, 0.46875, 0.078125, 0.109375, 0.203125, 0.28125, 0.15625, 0.40625, 0.21875, 0.25, 0.109375, 0.21875]",[103],0.5715429441024253,0.48422445878518683
592,7079.296875,"[0.375, 0.28125, 0.28125, 0.1875, 0.3125, 0.15625, 0.1796875, 0.8125, 0.46875, 0.53125, 0.375, 0.125, 0.15625, 0.15625, 0.5, 0.3125, 0.75, 0.21875, 0.5, 0.21875, 0.171875]","[0.1875, 0.171875, 0.140625, 0.21875, 0.15625, 0.09375, 0.1953125, 0.4375, 0.296875, 0.328125, 0.46875, 0.078125, 0.109375, 0.203125, 0.28125, 0.15625, 0.40625, 0.21875, 0.25, 0.109375, 0.21875]",[104],0.5652190226568379,0.479726261220426
593,7158.984375,"[0.375, 0.28125, 0.28125, 0.1875, 0.3125, 0.15625, 0.1796875, 0.8125, 0.46875, 0.53125, 0.375, 0.125, 0.15625, 0.15625, 0.5, 0.3125, 0.75, 0.21875, 0.5, 0.21875, 0.171875]","[0.1875, 0.171875, 0.140625, 0.21875, 0.15625, 0.09375, 0.1953125, 0.4375, 0.296875, 0.328125, 0.46875, 0.078125, 0.109375, 0.203125, 0.28125, 0.15625, 0.40625, 0.21875, 0.25, 0.109375, 0.21875]",[104],0.5652190226568379,0.479726261220426
594,7236.796875,"[0.375, 0.53125, 0.28125, 0.1875, 0.3125, 0.15625, 0.1796875, 0.8125, 0.46875, 0.53125, 0.375, 0.125, 0.15625, 0.15625, 0.5, 0.3125, 0.75, 0.21875, 0.5, 0.203125, 0.171875]","[0.1875, 0.296875, 0.140625, 0.21875, 0.15625, 0.09375, 0.1953125, 0.4375, 0.296875, 0.328125, 0.46875, 0.078125, 0.109375, 0.203125, 0.28125, 0.15625, 0.40625, 0.21875, 0.25, 0.1015625, 0.21875]",[32],0.5599173084141242,0.4714921958408365
595,7256.640625,"[0.375, 0.53125, 0.28125, 0.1875, 0.3125, 0.15625, 0.1796875, 0.8125, 0.46875, 0.53125, 0.375, 0.125, 0.15625, 0.15625, 0.5, 0.3125, 0.75, 0.21875, 0.5, 0.203125, 0.171875]","[0.1875, 0.296875, 0.140625, 0.21875, 0.15625, 0.09375, 0.1953125, 0.4375, 0.296875, 0.328125, 0.46875, 0.078125, 0.109375, 0.203125, 0.28125, 0.15625, 0.40625, 0.21875, 0.25, 0.1015625, 0.21875]",[32],0.5599173084141242,0.4714921958408365
596,7236.875,"[0.375, 0.53125, 0.28125, 0.1875, 0.3125, 0.15625, 0.1875, 0.8125, 0.46875, 0.53125, 0.375, 0.125, 0.15625, 0.15625, 0.5, 0.3125, 0.75, 0.21875, 0.5, 0.203125, 0.171875]","[0.1875, 0.296875, 0.140625, 0.21875, 0.15625, 0.09375, 0.203125, 0.4375, 0.296875, 0.328125, 0.46875, 0.078125, 0.109375, 0.203125, 0.28125, 0.15625, 0.40625, 0.21875, 0.25, 0.1015625, 0.21875]",[105],0.5584163685593344,0.47026448400533166
597,7276.5625,"[0.375, 0.53125, 0.28125, 0.1875, 0.3125, 0.15625, 0.1875, 0.8125, 0.46875, 0.53125, 0.375, 0.125, 0.15625, 0.15625, 0.5, 0.3125, 0.75, 0.21875, 0.53125, 0.203125, 0.171875]","[0.1875, 0.296875, 0.140625, 0.21875, 0.15625, 0.09375, 0.203125, 0.4375, 0.296875, 0.328125, 0.46875, 0.078125, 0.109375, 0.203125, 0.28125, 0.15625, 0.40625, 0.21875, 0.265625, 0.1015625, 0.21875]",[106],0.5596755834537991,0.4695346465176814
598,7355.3125,"[0.375, 0.53125, 0.28125, 0.1875, 0.3125, 0.15625, 0.1875, 0.8125, 0.46875, 0.65625, 0.375, 0.125, 0.15625, 0.15625, 0.5, 0.3125, 0.75, 0.21875, 0.5, 0.203125, 0.171875]","[0.1875, 0.296875, 0.140625, 0.21875, 0.15625, 0.09375, 0.203125, 0.4375, 0.296875, 0.390625, 0.46875, 0.078125, 0.109375, 0.203125, 0.28125, 0.15625, 0.40625, 0.21875, 0.25, 0.1015625, 0.21875]",[48],0.5696106153237236,0.47890430606887563
599,7474.375,"[0.375, 0.53125, 0.28125, 0.1875, 0.3125, 0.15625, 0.1875, 0.8125, 0.46875, 0.65625, 0.375, 0.125, 0.15625, 0.15625, 0.5, 0.3125, 0.75, 0.21875, 0.5, 0.203125, 0.171875]","[0.1875, 0.296875, 0.140625, 0.21875, 0.15625, 0.09375, 0.203125, 0.4375, 0.296875, 0.390625, 0.46875, 0.078125, 0.109375, 0.203125, 0.28125, 0.15625, 0.40625, 0.21875, 0.25, 0.1015625, 0.21875]",[48],0.5696106153237236,0.47890430606887563
600,7355.0,"[0.375, 0.53125, 0.28125, 0.1875, 0.3125, 0.15625, 0.1875, 0.8125, 0.46875, 0.65625, 0.375, 0.125, 0.15625, 0.15625, 0.5625, 0.3125, 0.75, 0.21875, 0.5, 0.203125, 0.171875]","[0.1875, 0.296875, 0.140625, 0.21875, 0.15625, 0.09375, 0.203125, 0.4375, 0.296875, 0.390625, 0.46875, 0.078125, 0.109375, 0.203125, 0.34375, 0.15625, 0.40625, 0.21875, 0.25, 0.1015625, 0.21875]",[107],0.5720713460749455,0.48144267701700416
601,7374.6875,"[0.3125, 0.53125, 0.28125, 0.1875, 0.3125, 0.15625, 0.1875, 0.8125, 0.46875, 0.65625, 0.375, 0.125, 0.15625, 0.15625, 0.5625, 0.3125, 0.75, 0.21875, 0.5, 0.203125, 0.171875]","[0.15625, 0.296875, 0.140625, 0.21875, 0.15625, 0.09375, 0.203125, 0.4375, 0.296875, 0.390625, 0.46875, 0.078125, 0.109375, 0.203125, 0.34375, 0.15625, 0.40625, 0.21875, 0.25, 0.1015625, 0.21875]",[16],0.5773681059837104,0.48803661277179156
602,7355.46875,"[0.3125, 0.53125, 0.28125, 0.1875, 0.3125, 0.15625, 0.125, 0.8125, 0.46875, 0.65625, 0.375, 0.125, 0.15625, 0.15625, 0.5625, 0.3125, 0.75, 0.21875, 0.5, 0.203125, 0.171875]","[0.15625, 0.296875, 0.140625, 0.21875, 0.15625, 0.09375, 0.140625, 0.4375, 0.296875, 0.390625, 0.46875, 0.078125, 0.109375, 0.203125, 0.34375, 0.15625, 0.40625, 0.21875, 0.25, 0.1015625, 0.21875]",[16],0.5903456376117049,0.5011551456385537
603,7235.625,"[0.3125, 0.53125, 0.28125, 0.1875, 0.3125, 0.15625, 0.125, 0.8125, 0.46875, 0.65625, 0.375, 0.125, 0.15625, 0.140625, 0.5, 0.3125, 0.75, 0.21875, 0.5, 0.203125, 0.171875]","[0.15625, 0.296875, 0.140625, 0.21875, 0.15625, 0.09375, 0.140625, 0.4375, 0.296875, 0.390625, 0.46875, 0.078125, 0.109375, 0.1875, 0.28125, 0.15625, 0.40625, 0.21875, 0.25, 0.1015625, 0.21875]",[16],0.5912003530009918,0.5010874551569272
604,7236.40625,"[0.3125, 0.53125, 0.28125, 0.1875, 0.3125, 0.15625, 0.1875, 0.8125, 0.46875, 0.65625, 0.375, 0.125, 0.15625, 0.140625, 0.5, 0.3125, 0.75, 0.21875, 0.5, 0.078125, 0.171875]","[0.15625, 0.296875, 0.140625, 0.21875, 0.15625, 0.09375, 0.203125, 0.4375, 0.296875, 0.390625, 0.46875, 0.078125, 0.109375, 0.1875, 0.28125, 0.15625, 0.40625, 0.21875, 0.25, 0.0390625, 0.21875]",[17],0.6055301992153541,0.512481530453652
605,7117.34375,"[0.3125, 0.53125, 0.28125, 0.1875, 0.34375, 0.15625, 0.1875, 0.8125, 0.46875, 0.65625, 0.375, 0.125, 0.15625, 0.125, 0.5, 0.3125, 0.75, 0.21875, 0.375, 0.078125, 0.171875]","[0.15625, 0.296875, 0.140625, 0.21875, 0.1875, 0.09375, 0.203125, 0.4375, 0.296875, 0.390625, 0.46875, 0.078125, 0.109375, 0.171875, 0.28125, 0.15625, 0.40625, 0.21875, 0.1875, 0.0390625, 0.21875]",[19],0.6086622708252344,0.5167485336726445
606,6938.4375,"[0.34375, 0.53125, 0.28125, 0.1875, 0.34375, 0.15625, 0.1875, 0.8125, 0.46875, 0.65625, 0.375, 0.125, 0.15625, 0.125, 0.5, 0.3125, 0.75, 0.21875, 0.375, 0.078125, 0.171875]","[0.171875, 0.296875, 0.140625, 0.21875, 0.1875, 0.09375, 0.203125, 0.4375, 0.296875, 0.390625, 0.46875, 0.078125, 0.109375, 0.171875, 0.28125, 0.15625, 0.40625, 0.21875, 0.1875, 0.0390625, 0.21875]",[55],0.6057525698607544,0.5132962007775789
607,6978.125,"[0.34375, 0.53125, 0.28125, 0.1875, 0.21875, 0.15625, 0.1875, 0.8125, 0.46875, 0.65625, 0.375, 0.125, 0.15625, 0.125, 0.5, 0.3125, 0.75, 0.21875, 0.375, 0.078125, 0.171875]","[0.171875, 0.296875, 0.140625, 0.21875, 0.125, 0.09375, 0.203125, 0.4375, 0.296875, 0.390625, 0.46875, 0.078125, 0.109375, 0.171875, 0.28125, 0.15625, 0.40625, 0.21875, 0.1875, 0.0390625, 0.21875]",[35],0.6213724355840897,0.5279573610698849
608,6859.0625,"[0.34375, 0.53125, 0.28125, 0.1875, 0.28125, 0.15625, 0.1875, 0.8125, 0.46875, 0.65625, 0.375, 0.125, 0.15625, 0.125, 0.5, 0.3125, 0.75, 0.21875, 0.375, 0.078125, 0.171875]","[0.171875, 0.296875, 0.140625, 0.21875, 0.15625, 0.09375, 0.203125, 0.4375, 0.296875, 0.390625, 0.46875, 0.078125, 0.109375, 0.171875, 0.28125, 0.15625, 0.40625, 0.21875, 0.1875, 0.0390625, 0.21875]",[55],0.6122317917982928,0.5197582612642108
609,7018.4375,"[0.34375, 0.53125, 0.28125, 0.1875, 0.28125, 0.15625, 0.1875, 0.8125, 0.46875, 0.65625, 0.375, 0.125, 0.15625, 0.125, 0.5, 0.3125, 0.75, 0.21875, 0.375, 0.078125, 0.1640625]","[0.171875, 0.296875, 0.140625, 0.21875, 0.15625, 0.09375, 0.203125, 0.4375, 0.296875, 0.390625, 0.46875, 0.078125, 0.109375, 0.171875, 0.28125, 0.15625, 0.40625, 0.21875, 0.1875, 0.0390625, 0.2109375]",[9],0.6138105231831218,0.5207676085053915
610,6878.515625,"[0.40625, 0.53125, 0.28125, 0.1875, 0.28125, 0.15625, 0.1875, 0.8125, 0.46875, 0.65625, 0.375, 0.125, 0.15625, 0.125, 0.5, 0.3125, 0.6875, 0.21875, 0.375, 0.078125, 0.1640625]","[0.234375, 0.296875, 0.140625, 0.21875, 0.15625, 0.09375, 0.203125, 0.4375, 0.296875, 0.390625, 0.46875, 0.078125, 0.109375, 0.171875, 0.28125, 0.15625, 0.375, 0.21875, 0.1875, 0.0390625, 0.2109375]",[3],0.5989926091868804,0.5054553240936955
611,6858.828125,"[0.40625, 0.53125, 0.28125, 0.1875, 0.28125, 0.15625, 0.1875, 0.8125, 0.46875, 0.65625, 0.375, 0.125, 0.15625, 0.125, 0.5, 0.3125, 0.6875, 0.21875, 0.375, 0.078125, 0.1640625]","[0.234375, 0.296875, 0.140625, 0.21875, 0.15625, 0.09375, 0.203125, 0.4375, 0.296875, 0.390625, 0.46875, 0.078125, 0.109375, 0.171875, 0.28125, 0.15625, 0.375, 0.21875, 0.1875, 0.0390625, 0.2109375]",[3],0.5989926091868804,0.5054553240936955
612,6878.828125,"[0.40625, 0.53125, 0.28125, 0.1875, 0.28125, 0.15625, 0.1875, 0.8125, 0.46875, 0.65625, 0.375, 0.125, 0.15625, 0.125, 0.5, 0.3125, 0.6875, 0.21875, 0.375, 0.078125, 0.1484375]","[0.234375, 0.296875, 0.140625, 0.21875, 0.15625, 0.09375, 0.203125, 0.4375, 0.296875, 0.390625, 0.46875, 0.078125, 0.109375, 0.171875, 0.28125, 0.15625, 0.375, 0.21875, 0.1875, 0.0390625, 0.1796875]",[3],0.6022900245808441,0.5105654295041825
613,6878.671875,"[0.40625, 0.53125, 0.28125, 0.1875, 0.28125, 0.15625, 0.1796875, 0.8125, 0.46875, 0.65625, 0.375, 0.125, 0.15625, 0.125, 0.5, 0.3125, 0.6875, 0.28125, 0.375, 0.078125, 0.1484375]","[0.234375, 0.296875, 0.140625, 0.21875, 0.15625, 0.09375, 0.1953125, 0.4375, 0.296875, 0.390625, 0.46875, 0.078125, 0.109375, 0.171875, 0.28125, 0.15625, 0.375, 0.28125, 0.1875, 0.0390625, 0.1796875]",[22],0.5946885654214553,0.5077525436025799
614,7017.5,"[0.40625, 0.53125, 0.28125, 0.1875, 0.28125, 0.15625, 0.1796875, 0.8125, 0.46875, 0.65625, 0.375, 0.125, 0.15625, 0.125, 0.5, 0.3125, 0.6875, 0.28125, 0.375, 0.078125, 0.1484375]","[0.234375, 0.296875, 0.140625, 0.21875, 0.15625, 0.09375, 0.1953125, 0.4375, 0.296875, 0.390625, 0.46875, 0.078125, 0.109375, 0.171875, 0.28125, 0.15625, 0.375, 0.28125, 0.1875, 0.0390625, 0.1796875]",[22],0.5946885654214553,0.5077525436025799
615,6898.4375,"[0.40625, 0.53125, 0.28125, 0.1875, 0.28125, 0.15625, 0.1796875, 0.8125, 0.46875, 0.65625, 0.375, 0.125, 0.1875, 0.125, 0.5, 0.3125, 0.6875, 0.28125, 0.375, 0.078125, 0.1484375]","[0.234375, 0.296875, 0.140625, 0.21875, 0.15625, 0.09375, 0.1953125, 0.4375, 0.296875, 0.390625, 0.46875, 0.078125, 0.140625, 0.171875, 0.28125, 0.15625, 0.375, 0.28125, 0.1875, 0.0390625, 0.1796875]",[30],0.5884411127012004,0.49861572179333224
616,6918.28125,"[0.40625, 0.53125, 0.28125, 0.1875, 0.28125, 0.15625, 0.1796875, 0.8125, 0.46875, 0.65625, 0.375, 0.125, 0.1875, 0.125, 0.4375, 0.3125, 0.6875, 0.28125, 0.375, 0.078125, 0.1484375]","[0.234375, 0.296875, 0.140625, 0.21875, 0.15625, 0.09375, 0.1953125, 0.4375, 0.296875, 0.390625, 0.46875, 0.078125, 0.140625, 0.171875, 0.21875, 0.15625, 0.375, 0.28125, 0.1875, 0.0390625, 0.1796875]",[30],0.5879097662270751,0.5026401053209342
617,6898.75,"[0.40625, 0.53125, 0.28125, 0.1875, 0.3125, 0.15625, 0.1796875, 0.8125, 0.46875, 0.65625, 0.375, 0.125, 0.1875, 0.125, 0.4375, 0.3125, 0.6875, 0.28125, 0.375, 0.078125, 0.1484375]","[0.234375, 0.296875, 0.140625, 0.21875, 0.171875, 0.09375, 0.1953125, 0.4375, 0.296875, 0.390625, 0.46875, 0.078125, 0.140625, 0.171875, 0.21875, 0.15625, 0.375, 0.28125, 0.1875, 0.0390625, 0.1796875]",[48],0.5844102807699582,0.49918435243839065
618,6977.5,"[0.40625, 0.65625, 0.28125, 0.1875, 0.3125, 0.15625, 0.1796875, 0.8125, 0.46875, 0.53125, 0.375, 0.125, 0.1875, 0.125, 0.4375, 0.3125, 0.6875, 0.28125, 0.375, 0.078125, 0.1484375]","[0.234375, 0.359375, 0.140625, 0.21875, 0.171875, 0.09375, 0.1953125, 0.4375, 0.296875, 0.328125, 0.46875, 0.078125, 0.140625, 0.171875, 0.21875, 0.15625, 0.375, 0.28125, 0.1875, 0.0390625, 0.1796875]",[55],0.5844102807699582,0.4955652316162171
619,7056.25,"[0.34375, 0.65625, 0.28125, 0.1875, 0.3125, 0.15625, 0.1796875, 0.8125, 0.46875, 0.53125, 0.375, 0.125, 0.1875, 0.125, 0.4375, 0.3125, 0.9375, 0.28125, 0.375, 0.078125, 0.1328125]","[0.203125, 0.359375, 0.140625, 0.21875, 0.171875, 0.09375, 0.1953125, 0.4375, 0.296875, 0.328125, 0.46875, 0.078125, 0.140625, 0.171875, 0.21875, 0.15625, 0.5, 0.28125, 0.1875, 0.0390625, 0.1484375]",[5],0.64737012498273,0.5388200466567544
620,7016.71875,"[0.34375, 0.65625, 0.28125, 0.1875, 0.3125, 0.15625, 0.1796875, 0.8125, 0.46875, 0.53125, 0.375, 0.125, 0.1875, 0.125, 0.4375, 0.3125, 0.9375, 0.28125, 0.375, 0.078125, 0.1328125]","[0.203125, 0.359375, 0.140625, 0.21875, 0.171875, 0.09375, 0.1953125, 0.4375, 0.296875, 0.328125, 0.46875, 0.078125, 0.140625, 0.171875, 0.21875, 0.15625, 0.5, 0.28125, 0.1875, 0.0390625, 0.1484375]",[5],0.64737012498273,0.5388200466567544
621,6996.875,"[0.34375, 0.65625, 0.28125, 0.1875, 0.3125, 0.171875, 0.1796875, 0.8125, 0.46875, 0.53125, 0.375, 0.125, 0.1875, 0.125, 0.4375, 0.3125, 0.9375, 0.28125, 0.375, 0.078125, 0.1328125]","[0.203125, 0.359375, 0.140625, 0.21875, 0.171875, 0.1015625, 0.1953125, 0.4375, 0.296875, 0.328125, 0.46875, 0.078125, 0.140625, 0.171875, 0.21875, 0.15625, 0.5, 0.28125, 0.1875, 0.0390625, 0.1484375]",[56],0.6442387421371677,0.5362218001336813
622,7036.25,"[0.34375, 0.65625, 0.28125, 0.1875, 0.3125, 0.171875, 0.1796875, 0.8125, 0.46875, 0.53125, 0.375, 0.125, 0.1875, 0.125, 0.4375, 0.3125, 0.9375, 0.28125, 0.375, 0.078125, 0.1328125]","[0.203125, 0.359375, 0.140625, 0.21875, 0.171875, 0.1015625, 0.1953125, 0.4375, 0.296875, 0.328125, 0.46875, 0.078125, 0.140625, 0.171875, 0.21875, 0.15625, 0.5, 0.28125, 0.1875, 0.0390625, 0.1484375]",[56],0.6442387421371677,0.5362218001336813
623,7076.25,"[0.34375, 0.65625, 0.28125, 0.1875, 0.3125, 0.171875, 0.1796875, 0.8125, 0.46875, 0.53125, 0.375, 0.125, 0.1875, 0.125, 0.4375, 0.3125, 0.9375, 0.28125, 0.375, 0.078125, 0.1328125]","[0.203125, 0.359375, 0.140625, 0.21875, 0.171875, 0.1015625, 0.1953125, 0.4375, 0.296875, 0.328125, 0.46875, 0.078125, 0.140625, 0.171875, 0.21875, 0.15625, 0.5, 0.28125, 0.1875, 0.0390625, 0.1484375]",[56],0.6442387421371677,0.5362218001336813
624,7155.625,"[0.34375, 0.65625, 0.28125, 0.1875, 0.3125, 0.171875, 0.1796875, 0.78125, 0.46875, 0.53125, 0.375, 0.125, 0.1875, 0.125, 0.4375, 0.3125, 0.9375, 0.28125, 0.375, 0.078125, 0.1328125]","[0.203125, 0.359375, 0.140625, 0.21875, 0.171875, 0.1015625, 0.1953125, 0.421875, 0.296875, 0.328125, 0.46875, 0.078125, 0.140625, 0.171875, 0.21875, 0.15625, 0.5, 0.28125, 0.1875, 0.0390625, 0.1484375]",[56],0.6383479969342755,0.5327140024220648
625,7016.5625,"[0.34375, 0.65625, 0.28125, 0.1875, 0.3125, 0.171875, 0.1796875, 0.78125, 0.46875, 0.53125, 0.375, 0.125, 0.1875, 0.125, 0.4375, 0.3125, 0.9375, 0.28125, 0.375, 0.078125, 0.1328125]","[0.203125, 0.359375, 0.140625, 0.21875, 0.171875, 0.1015625, 0.1953125, 0.421875, 0.296875, 0.328125, 0.46875, 0.078125, 0.140625, 0.171875, 0.21875, 0.15625, 0.5, 0.28125, 0.1875, 0.0390625, 0.1484375]",[56],0.6383479969342755,0.5327140024220648
626,6996.875,"[0.34375, 0.65625, 0.28125, 0.1875, 0.3125, 0.171875, 0.1796875, 0.8125, 0.46875, 0.53125, 0.375, 0.125, 0.1875, 0.125, 0.4375, 0.3125, 0.9375, 0.28125, 0.375, 0.078125, 0.1328125]","[0.203125, 0.359375, 0.140625, 0.21875, 0.171875, 0.1015625, 0.1953125, 0.4375, 0.296875, 0.328125, 0.46875, 0.078125, 0.140625, 0.171875, 0.21875, 0.15625, 0.5, 0.28125, 0.1875, 0.0390625, 0.1484375]",[67],0.6442387421371677,0.5362218001336813
627,7036.25,"[0.34375, 0.53125, 0.28125, 0.1875, 0.3125, 0.171875, 0.1796875, 0.8125, 0.46875, 0.53125, 0.375, 0.125, 0.1875, 0.125, 0.4375, 0.3125, 0.9375, 0.28125, 0.375, 0.078125, 0.1328125]","[0.203125, 0.296875, 0.140625, 0.21875, 0.171875, 0.1015625, 0.1953125, 0.4375, 0.296875, 0.328125, 0.46875, 0.078125, 0.140625, 0.171875, 0.21875, 0.15625, 0.5, 0.28125, 0.1875, 0.0390625, 0.1484375]",[38],0.635885358406621,0.5326697140080834
628,6997.5,"[0.34375, 0.53125, 0.28125, 0.1875, 0.3125, 0.171875, 0.1796875, 0.8125, 0.46875, 0.53125, 0.375, 0.1875, 0.1875, 0.125, 0.4375, 0.3125, 0.9375, 0.28125, 0.375, 0.078125, 0.1328125]","[0.203125, 0.296875, 0.140625, 0.21875, 0.171875, 0.1015625, 0.1953125, 0.4375, 0.296875, 0.328125, 0.46875, 0.109375, 0.140625, 0.171875, 0.21875, 0.15625, 0.5, 0.28125, 0.1875, 0.0390625, 0.1484375]",[67],0.6229324452153873,0.5219502977690541
629,7156.875,"[0.34375, 0.53125, 0.28125, 0.1875, 0.3125, 0.171875, 0.1796875, 0.8125, 0.46875, 0.53125, 0.375, 0.1875, 0.1875, 0.125, 0.4375, 0.3125, 0.9375, 0.28125, 0.375, 0.078125, 0.1328125]","[0.203125, 0.296875, 0.140625, 0.21875, 0.171875, 0.1015625, 0.1953125, 0.4375, 0.296875, 0.328125, 0.46875, 0.109375, 0.140625, 0.171875, 0.21875, 0.15625, 0.5, 0.28125, 0.1875, 0.0390625, 0.1484375]",[67],0.6229324452153873,0.5219502977690541
630,7036.875,"[0.34375, 0.59375, 0.28125, 0.1875, 0.3125, 0.171875, 0.1796875, 0.8125, 0.46875, 0.53125, 0.375, 0.1875, 0.1875, 0.125, 0.4375, 0.3125, 0.9375, 0.28125, 0.375, 0.078125, 0.1328125]","[0.203125, 0.359375, 0.140625, 0.21875, 0.171875, 0.1015625, 0.1953125, 0.4375, 0.296875, 0.328125, 0.46875, 0.109375, 0.140625, 0.171875, 0.21875, 0.15625, 0.5, 0.28125, 0.1875, 0.0390625, 0.1484375]",[77],0.6261248917054403,0.5256019372583249
631,7056.5625,"[0.375, 0.59375, 0.28125, 0.1875, 0.3125, 0.171875, 0.1796875, 0.8125, 0.46875, 0.53125, 0.375, 0.1875, 0.1875, 0.125, 0.4375, 0.3125, 0.9375, 0.28125, 0.375, 0.078125, 0.1328125]","[0.21875, 0.359375, 0.140625, 0.21875, 0.171875, 0.1015625, 0.1953125, 0.4375, 0.296875, 0.328125, 0.46875, 0.109375, 0.140625, 0.171875, 0.21875, 0.15625, 0.5, 0.28125, 0.1875, 0.0390625, 0.1484375]",[83],0.6236638048030828,0.5233574011195575
632,7096.25,"[0.375, 0.59375, 0.28125, 0.1875, 0.3125, 0.171875, 0.1796875, 0.8125, 0.46875, 0.53125, 0.34375, 0.1875, 0.1875, 0.125, 0.4375, 0.3125, 0.9375, 0.28125, 0.375, 0.078125, 0.1328125]","[0.21875, 0.359375, 0.140625, 0.21875, 0.171875, 0.1015625, 0.1953125, 0.4375, 0.296875, 0.328125, 0.40625, 0.109375, 0.140625, 0.171875, 0.21875, 0.15625, 0.5, 0.28125, 0.1875, 0.0390625, 0.1484375]",[83],0.6261248917054403,0.5077710123783353
633,7096.25,"[0.375, 0.59375, 0.28125, 0.1875, 0.3125, 0.046875, 0.1796875, 0.8125, 0.46875, 0.53125, 0.34375, 0.1875, 0.15625, 0.125, 0.4375, 0.3125, 0.9375, 0.28125, 0.375, 0.078125, 0.1328125]","[0.21875, 0.359375, 0.140625, 0.21875, 0.171875, 0.0390625, 0.1953125, 0.4375, 0.296875, 0.328125, 0.40625, 0.109375, 0.109375, 0.171875, 0.21875, 0.15625, 0.5, 0.28125, 0.1875, 0.0390625, 0.1484375]",[18],0.6617143548225295,0.5409119098457582
634,6977.1875,"[0.375, 0.59375, 0.28125, 0.1875, 0.3125, 0.046875, 0.1796875, 0.8125, 0.46875, 0.53125, 0.34375, 0.1875, 0.15625, 0.125, 0.4375, 0.3125, 0.9375, 0.28125, 0.375, 0.203125, 0.1328125]","[0.21875, 0.359375, 0.140625, 0.21875, 0.171875, 0.0390625, 0.1953125, 0.4375, 0.296875, 0.328125, 0.40625, 0.109375, 0.109375, 0.171875, 0.21875, 0.15625, 0.5, 0.28125, 0.1875, 0.1015625, 0.1484375]",[62],0.6347017731812066,0.5168591858207605
635,7016.5625,"[0.375, 0.59375, 0.28125, 0.1875, 0.3125, 0.046875, 0.1796875, 0.8125, 0.46875, 0.53125, 0.34375, 0.1875, 0.15625, 0.125, 0.4375, 0.3125, 0.9375, 0.28125, 0.375, 0.203125, 0.1328125]","[0.21875, 0.359375, 0.140625, 0.21875, 0.171875, 0.0390625, 0.1953125, 0.4375, 0.296875, 0.328125, 0.40625, 0.109375, 0.109375, 0.171875, 0.21875, 0.15625, 0.5, 0.28125, 0.1875, 0.1015625, 0.1484375]",[62],0.6347017731812066,0.5168591858207605
636,6997.03125,"[0.375, 0.59375, 0.28125, 0.1875, 0.3125, 0.046875, 0.1796875, 0.8125, 0.46875, 0.53125, 0.34375, 0.1875, 0.15625, 0.125, 0.4375, 0.3125, 0.6875, 0.28125, 0.375, 0.203125, 0.1328125]","[0.21875, 0.359375, 0.140625, 0.21875, 0.171875, 0.0390625, 0.1953125, 0.4375, 0.296875, 0.328125, 0.40625, 0.109375, 0.109375, 0.171875, 0.21875, 0.15625, 0.375, 0.28125, 0.1875, 0.1015625, 0.1484375]",[33],0.5760336924302387,0.48023308770379386
637,6859.375,"[0.375, 0.59375, 0.28125, 0.1875, 0.3125, 0.046875, 0.1796875, 0.8125, 0.46875, 0.53125, 0.34375, 0.1875, 0.15625, 0.125, 0.4375, 0.25, 0.6875, 0.28125, 0.375, 0.203125, 0.1328125]","[0.21875, 0.359375, 0.140625, 0.21875, 0.171875, 0.0390625, 0.1953125, 0.4375, 0.296875, 0.328125, 0.40625, 0.109375, 0.109375, 0.171875, 0.21875, 0.125, 0.375, 0.28125, 0.1875, 0.1015625, 0.1484375]",[14],0.5836168251553719,0.48855207252862665
638,6859.6875,"[0.375, 0.59375, 0.28125, 0.1875, 0.3125, 0.046875, 0.1171875, 0.8125, 0.46875, 0.53125, 0.34375, 0.1875, 0.15625, 0.125, 0.4375, 0.25, 0.6875, 0.28125, 0.375, 0.203125, 0.1328125]","[0.21875, 0.359375, 0.140625, 0.21875, 0.171875, 0.0390625, 0.1328125, 0.4375, 0.296875, 0.328125, 0.40625, 0.109375, 0.109375, 0.171875, 0.21875, 0.125, 0.375, 0.28125, 0.1875, 0.1015625, 0.1484375]",[14],0.5973386271063885,0.5021822173912001
639,6779.6875,"[0.375, 0.59375, 0.28125, 0.1875, 0.1875, 0.046875, 0.1171875, 0.8125, 0.46875, 0.53125, 0.34375, 0.1875, 0.15625, 0.125, 0.4375, 0.25, 0.6875, 0.28125, 0.375, 0.203125, 0.1328125]","[0.21875, 0.359375, 0.140625, 0.21875, 0.109375, 0.0390625, 0.1328125, 0.4375, 0.296875, 0.328125, 0.40625, 0.109375, 0.109375, 0.171875, 0.21875, 0.125, 0.375, 0.28125, 0.1875, 0.1015625, 0.1484375]",[10],0.6154295496224857,0.5186388367455788
640,6501.875,"[0.375, 0.59375, 0.28125, 0.1875, 0.1875, 0.046875, 0.1171875, 0.8125, 0.46875, 0.53125, 0.34375, 0.21875, 0.15625, 0.125, 0.4375, 0.25, 0.6875, 0.28125, 0.375, 0.203125, 0.1328125]","[0.21875, 0.359375, 0.140625, 0.21875, 0.109375, 0.0390625, 0.1328125, 0.4375, 0.296875, 0.328125, 0.40625, 0.140625, 0.109375, 0.171875, 0.21875, 0.125, 0.375, 0.28125, 0.1875, 0.1015625, 0.1484375]",[14],0.6098179181321067,0.5094494474476633
641,6521.71875,"[0.375, 0.59375, 0.28125, 0.1875, 0.1875, 0.046875, 0.1171875, 0.8125, 0.46875, 0.53125, 0.3125, 0.21875, 0.15625, 0.125, 0.4375, 0.25, 0.6875, 0.28125, 0.375, 0.203125, 0.1328125]","[0.21875, 0.359375, 0.140625, 0.21875, 0.109375, 0.0390625, 0.1328125, 0.4375, 0.296875, 0.328125, 0.34375, 0.140625, 0.109375, 0.171875, 0.21875, 0.125, 0.375, 0.28125, 0.1875, 0.1015625, 0.1484375]",[14],0.6125241369480772,0.49592543925669524
642,6501.5625,"[0.375, 0.59375, 0.28125, 0.1875, 0.1875, 0.046875, 0.1171875, 0.8125, 0.34375, 0.53125, 0.3125, 0.21875, 0.15625, 0.125, 0.4375, 0.25, 0.6875, 0.28125, 0.375, 0.203125, 0.1328125]","[0.21875, 0.359375, 0.140625, 0.21875, 0.109375, 0.0390625, 0.1328125, 0.4375, 0.234375, 0.328125, 0.34375, 0.140625, 0.109375, 0.171875, 0.21875, 0.125, 0.375, 0.28125, 0.1875, 0.1015625, 0.1484375]",[14],0.6157778586654777,0.49573339744615286
643,6462.1875,"[0.375, 0.46875, 0.28125, 0.1875, 0.1875, 0.046875, 0.1171875, 0.8125, 0.34375, 0.53125, 0.3125, 0.21875, 0.15625, 0.125, 0.4375, 0.25, 0.6875, 0.25, 0.375, 0.203125, 0.1328125]","[0.21875, 0.296875, 0.140625, 0.21875, 0.109375, 0.0390625, 0.1328125, 0.4375, 0.234375, 0.328125, 0.34375, 0.140625, 0.109375, 0.171875, 0.21875, 0.125, 0.375, 0.25, 0.1875, 0.1015625, 0.1484375]",[14],0.609935402687189,0.48550252640954156
644,6422.5,"[0.375, 0.46875, 0.28125, 0.1875, 0.1875, 0.046875, 0.1171875, 0.8125, 0.34375, 0.53125, 0.3125, 0.21875, 0.15625, 0.125, 0.4375, 0.25, 0.6875, 0.25, 0.375, 0.203125, 0.1328125]","[0.21875, 0.296875, 0.140625, 0.21875, 0.109375, 0.0390625, 0.1328125, 0.4375, 0.234375, 0.328125, 0.34375, 0.140625, 0.109375, 0.171875, 0.21875, 0.125, 0.375, 0.25, 0.1875, 0.1015625, 0.1484375]",[14],0.609935402687189,0.48550252640954156
645,6304.6875,"[0.375, 0.46875, 0.28125, 0.1875, 0.21875, 0.046875, 0.1171875, 0.8125, 0.34375, 0.53125, 0.3125, 0.21875, 0.15625, 0.125, 0.4375, 0.25, 0.6875, 0.25, 0.375, 0.203125, 0.1328125]","[0.21875, 0.296875, 0.140625, 0.21875, 0.140625, 0.0390625, 0.1328125, 0.4375, 0.234375, 0.328125, 0.34375, 0.140625, 0.109375, 0.171875, 0.21875, 0.125, 0.375, 0.25, 0.1875, 0.1015625, 0.1484375]",[15],0.6042955179055889,0.4761227509112852
646,6324.375,"[0.375, 0.46875, 0.28125, 0.1875, 0.21875, 0.046875, 0.1171875, 0.8125, 0.34375, 0.53125, 0.3125, 0.21875, 0.15625, 0.125, 0.4375, 0.25, 0.6875, 0.25, 0.375, 0.203125, 0.1328125]","[0.21875, 0.296875, 0.140625, 0.21875, 0.140625, 0.0390625, 0.1328125, 0.4375, 0.234375, 0.328125, 0.34375, 0.140625, 0.109375, 0.171875, 0.21875, 0.125, 0.375, 0.25, 0.1875, 0.1015625, 0.1484375]",[15],0.6042955179055889,0.4761227509112852
647,6344.375,"[0.375, 0.46875, 0.28125, 0.1875, 0.21875, 0.046875, 0.1171875, 0.8125, 0.34375, 0.53125, 0.3125, 0.21875, 0.15625, 0.125, 0.4375, 0.25, 0.6875, 0.25, 0.375, 0.203125, 0.1328125]","[0.21875, 0.296875, 0.140625, 0.21875, 0.140625, 0.0390625, 0.1328125, 0.4375, 0.234375, 0.328125, 0.34375, 0.140625, 0.109375, 0.171875, 0.21875, 0.125, 0.375, 0.25, 0.1875, 0.1015625, 0.1484375]",[15],0.6042955179055889,0.4761227509112852
648,6384.0625,"[0.375, 0.46875, 0.28125, 0.1875, 0.28125, 0.046875, 0.1171875, 0.8125, 0.34375, 0.53125, 0.3125, 0.21875, 0.15625, 0.125, 0.4375, 0.25, 0.6875, 0.25, 0.375, 0.203125, 0.1328125]","[0.21875, 0.296875, 0.140625, 0.21875, 0.171875, 0.0390625, 0.1328125, 0.4375, 0.234375, 0.328125, 0.34375, 0.140625, 0.109375, 0.171875, 0.21875, 0.125, 0.375, 0.25, 0.1875, 0.1015625, 0.1484375]",[25],0.5954071460724368,0.4689683982090503
649,6541.5625,"[0.625, 0.46875, 0.28125, 0.1875, 0.28125, 0.046875, 0.1171875, 0.8125, 0.34375, 0.53125, 0.3125, 0.21875, 0.15625, 0.125, 0.4375, 0.25, 0.6875, 0.25, 0.375, 0.203125, 0.1328125]","[0.34375, 0.296875, 0.140625, 0.21875, 0.171875, 0.0390625, 0.1328125, 0.4375, 0.234375, 0.328125, 0.34375, 0.140625, 0.109375, 0.171875, 0.21875, 0.125, 0.375, 0.25, 0.1875, 0.1015625, 0.1484375]",[33],0.6078228479575941,0.47512065240679496
650,6581.40625,"[0.625, 0.46875, 0.28125, 0.1875, 0.28125, 0.046875, 0.1171875, 0.8125, 0.34375, 0.53125, 0.3125, 0.21875, 0.15625, 0.125, 0.4375, 0.25, 0.6875, 0.25, 0.375, 0.203125, 0.1328125]","[0.34375, 0.296875, 0.140625, 0.21875, 0.171875, 0.0390625, 0.1328125, 0.4375, 0.234375, 0.328125, 0.34375, 0.140625, 0.109375, 0.171875, 0.21875, 0.125, 0.375, 0.25, 0.1875, 0.1015625, 0.1484375]",[33],0.6078228479575941,0.47512065240679496
651,6561.25,"[0.625, 0.46875, 0.28125, 0.1875, 0.28125, 0.046875, 0.1171875, 0.8125, 0.34375, 0.53125, 0.3125, 0.21875, 0.15625, 0.125, 0.4375, 0.25, 0.6875, 0.25, 0.375, 0.203125, 0.1328125]","[0.34375, 0.296875, 0.140625, 0.21875, 0.171875, 0.0390625, 0.1328125, 0.4375, 0.234375, 0.328125, 0.34375, 0.140625, 0.109375, 0.171875, 0.21875, 0.125, 0.375, 0.25, 0.1875, 0.1015625, 0.1484375]",[33],0.6078228479575941,0.47512065240679496
652,6581.25,"[0.625, 0.46875, 0.28125, 0.1875, 0.28125, 0.046875, 0.1171875, 0.8125, 0.34375, 0.53125, 0.3125, 0.25, 0.15625, 0.125, 0.4375, 0.25, 0.6875, 0.25, 0.375, 0.203125, 0.1328125]","[0.34375, 0.296875, 0.140625, 0.21875, 0.171875, 0.0390625, 0.1328125, 0.4375, 0.234375, 0.328125, 0.34375, 0.15625, 0.109375, 0.171875, 0.21875, 0.125, 0.375, 0.25, 0.1875, 0.1015625, 0.1484375]",[37],0.602939168155352,0.4712167063086786
653,6660.9375,"[0.625, 0.46875, 0.28125, 0.1875, 0.28125, 0.046875, 0.1171875, 0.8125, 0.34375, 0.53125, 0.3125, 0.25, 0.15625, 0.15625, 0.4375, 0.25, 0.6875, 0.25, 0.375, 0.203125, 0.1328125]","[0.34375, 0.296875, 0.140625, 0.21875, 0.171875, 0.0390625, 0.1328125, 0.4375, 0.234375, 0.328125, 0.34375, 0.15625, 0.109375, 0.203125, 0.21875, 0.125, 0.375, 0.25, 0.1875, 0.1015625, 0.1484375]",[48],0.5958972805171586,0.4660303366983877
654,6818.4375,"[0.625, 0.46875, 0.28125, 0.1875, 0.28125, 0.046875, 0.1171875, 0.8125, 0.34375, 0.53125, 0.3125, 0.25, 0.15625, 0.15625, 0.4375, 0.25, 0.6875, 0.25, 0.375, 0.203125, 0.1328125]","[0.34375, 0.296875, 0.140625, 0.21875, 0.171875, 0.0390625, 0.1328125, 0.4375, 0.234375, 0.328125, 0.34375, 0.15625, 0.109375, 0.203125, 0.21875, 0.125, 0.375, 0.25, 0.1875, 0.1015625, 0.1484375]",[48],0.5958972805171586,0.4660303366983877
655,6700.3125,"[0.625, 0.46875, 0.28125, 0.1875, 0.28125, 0.046875, 0.1171875, 0.8125, 0.34375, 0.53125, 0.3125, 0.25, 0.15625, 0.15625, 0.4375, 0.25, 0.6875, 0.25, 0.375, 0.203125, 0.1328125]","[0.34375, 0.296875, 0.140625, 0.21875, 0.171875, 0.0390625, 0.1328125, 0.4375, 0.234375, 0.328125, 0.34375, 0.15625, 0.109375, 0.203125, 0.21875, 0.125, 0.375, 0.25, 0.1875, 0.1015625, 0.1484375]",[48],0.5958972805171586,0.4660303366983877
656,6680.859375,"[0.625, 0.46875, 0.28125, 0.1875, 0.28125, 0.046875, 0.1171875, 0.8125, 0.34375, 0.53125, 0.3125, 0.25, 0.15625, 0.15625, 0.4375, 0.25, 0.6875, 0.25, 0.375, 0.203125, 0.1328125]","[0.34375, 0.296875, 0.140625, 0.21875, 0.171875, 0.0390625, 0.1328125, 0.4375, 0.234375, 0.328125, 0.34375, 0.15625, 0.109375, 0.203125, 0.21875, 0.125, 0.375, 0.25, 0.1875, 0.1015625, 0.1484375]",[48],0.5958972805171586,0.4660303366983877
657,6700.78125,"[0.625, 0.46875, 0.28125, 0.1875, 0.28125, 0.046875, 0.1171875, 0.8125, 0.34375, 0.5, 0.3125, 0.25, 0.09375, 0.15625, 0.4375, 0.25, 0.6875, 0.25, 0.375, 0.203125, 0.1484375]","[0.34375, 0.296875, 0.140625, 0.21875, 0.171875, 0.0390625, 0.1328125, 0.4375, 0.234375, 0.3125, 0.34375, 0.15625, 0.078125, 0.203125, 0.21875, 0.125, 0.375, 0.25, 0.1875, 0.1015625, 0.1640625]",[34],0.6055626430064757,0.4720109029555546
658,6680.46875,"[0.625, 0.46875, 0.28125, 0.1875, 0.28125, 0.046875, 0.1171875, 0.8125, 0.46875, 0.5, 0.3125, 0.25, 0.09375, 0.15625, 0.4375, 0.25, 0.6875, 0.25, 0.375, 0.203125, 0.1484375]","[0.34375, 0.296875, 0.140625, 0.21875, 0.171875, 0.0390625, 0.1328125, 0.4375, 0.296875, 0.3125, 0.34375, 0.15625, 0.078125, 0.203125, 0.21875, 0.125, 0.375, 0.25, 0.1875, 0.1015625, 0.1640625]",[62],0.6017669559380375,0.47200541908569066
659,6839.21875,"[0.625, 0.46875, 0.28125, 0.1875, 0.25, 0.046875, 0.1171875, 0.8125, 0.46875, 0.5, 0.3125, 0.25, 0.09375, 0.15625, 0.4375, 0.25, 0.6875, 0.25, 0.375, 0.203125, 0.1484375]","[0.34375, 0.296875, 0.140625, 0.21875, 0.15625, 0.0390625, 0.1328125, 0.4375, 0.296875, 0.3125, 0.34375, 0.15625, 0.078125, 0.203125, 0.21875, 0.125, 0.375, 0.25, 0.1875, 0.1015625, 0.1640625]",[54],0.60594871521592,0.47540836767205114
660,6680.625,"[0.625, 0.46875, 0.28125, 0.1875, 0.25, 0.046875, 0.1171875, 0.8125, 0.46875, 0.5, 0.3125, 0.25, 0.09375, 0.15625, 0.4375, 0.25, 0.6875, 0.25, 0.375, 0.203125, 0.1640625]","[0.34375, 0.296875, 0.140625, 0.21875, 0.15625, 0.0390625, 0.1328125, 0.4375, 0.296875, 0.3125, 0.34375, 0.15625, 0.078125, 0.203125, 0.21875, 0.125, 0.375, 0.25, 0.1875, 0.1015625, 0.1953125]",[62],0.6026216464704373,0.46962306179170843
661,6700.46875,"[0.625, 0.46875, 0.28125, 0.1875, 0.25, 0.046875, 0.1171875, 0.8125, 0.46875, 0.5, 0.3125, 0.25, 0.109375, 0.15625, 0.4375, 0.25, 0.6875, 0.25, 0.375, 0.203125, 0.1640625]","[0.34375, 0.296875, 0.140625, 0.21875, 0.15625, 0.0390625, 0.1328125, 0.4375, 0.296875, 0.3125, 0.34375, 0.15625, 0.0859375, 0.203125, 0.21875, 0.125, 0.375, 0.25, 0.1875, 0.1015625, 0.1953125]",[82],0.598675050999966,0.46656346367821555
662,6740.3125,"[0.625, 0.46875, 0.28125, 0.1875, 0.25, 0.046875, 0.1171875, 0.8125, 0.46875, 0.5, 0.3125, 0.25, 0.109375, 0.15625, 0.4375, 0.25, 0.6875, 0.25, 0.375, 0.203125, 0.1640625]","[0.34375, 0.296875, 0.140625, 0.21875, 0.15625, 0.0390625, 0.1328125, 0.4375, 0.296875, 0.3125, 0.34375, 0.15625, 0.0859375, 0.203125, 0.21875, 0.125, 0.375, 0.25, 0.1875, 0.1015625, 0.1953125]",[82],0.598675050999966,0.46656346367821555
663,6780.15625,"[0.625, 0.46875, 0.28125, 0.15625, 0.25, 0.046875, 0.1328125, 0.8125, 0.46875, 0.5, 0.3125, 0.25, 0.109375, 0.15625, 0.4375, 0.25, 0.6875, 0.25, 0.375, 0.203125, 0.1640625]","[0.34375, 0.296875, 0.140625, 0.1875, 0.15625, 0.0390625, 0.1484375, 0.4375, 0.296875, 0.3125, 0.34375, 0.15625, 0.0859375, 0.203125, 0.21875, 0.125, 0.375, 0.25, 0.1875, 0.1015625, 0.1953125]",[12],0.6012944096940295,0.46661822441567086
664,6859.375,"[0.625, 0.46875, 0.28125, 0.15625, 0.25, 0.046875, 0.1328125, 0.8125, 0.46875, 0.5, 0.3125, 0.25, 0.109375, 0.15625, 0.4375, 0.25, 0.6875, 0.25, 0.375, 0.203125, 0.1640625]","[0.34375, 0.296875, 0.140625, 0.1875, 0.15625, 0.0390625, 0.1484375, 0.4375, 0.296875, 0.3125, 0.34375, 0.15625, 0.0859375, 0.203125, 0.21875, 0.125, 0.375, 0.25, 0.1875, 0.1015625, 0.1953125]",[12],0.6012944096940295,0.46661822441567086
665,6740.0,"[0.625, 0.46875, 0.28125, 0.15625, 0.25, 0.046875, 0.1328125, 0.8125, 0.46875, 0.5, 0.3125, 0.25, 0.109375, 0.15625, 0.4375, 0.25, 0.6875, 0.25, 0.375, 0.203125, 0.1640625]","[0.34375, 0.296875, 0.140625, 0.1875, 0.15625, 0.0390625, 0.1484375, 0.4375, 0.296875, 0.3125, 0.34375, 0.15625, 0.0859375, 0.203125, 0.21875, 0.125, 0.375, 0.25, 0.1875, 0.1015625, 0.1953125]",[12],0.6012944096940295,0.46661822441567086
666,6720.46875,"[0.625, 0.46875, 0.28125, 0.15625, 0.25, 0.046875, 0.1328125, 0.8125, 0.46875, 0.5, 0.3125, 0.25, 0.109375, 0.15625, 0.4375, 0.25, 0.6875, 0.25, 0.375, 0.203125, 0.1640625]","[0.34375, 0.296875, 0.140625, 0.1875, 0.15625, 0.0390625, 0.1484375, 0.4375, 0.296875, 0.3125, 0.34375, 0.15625, 0.0859375, 0.203125, 0.21875, 0.125, 0.375, 0.25, 0.1875, 0.1015625, 0.1953125]",[12],0.6012944096940295,0.46661822441567086
667,6740.3125,"[0.625, 0.46875, 0.28125, 0.15625, 0.25, 0.046875, 0.1328125, 0.8125, 0.46875, 0.5, 0.3125, 0.25, 0.109375, 0.15625, 0.4375, 0.25, 0.6875, 0.25, 0.375, 0.203125, 0.1640625]","[0.34375, 0.296875, 0.140625, 0.1875, 0.15625, 0.0390625, 0.1484375, 0.4375, 0.296875, 0.3125, 0.34375, 0.15625, 0.0859375, 0.203125, 0.21875, 0.125, 0.375, 0.25, 0.1875, 0.1015625, 0.1953125]",[12],0.6012944096940295,0.46661822441567086
668,6779.375,"[0.625, 0.46875, 0.28125, 0.15625, 0.25, 0.046875, 0.1328125, 0.8125, 0.46875, 0.5, 0.3125, 0.25, 0.109375, 0.1484375, 0.4375, 0.25, 0.6875, 0.25, 0.375, 0.203125, 0.1640625]","[0.34375, 0.296875, 0.140625, 0.1875, 0.15625, 0.0390625, 0.1484375, 0.4375, 0.296875, 0.3125, 0.34375, 0.15625, 0.0859375, 0.1953125, 0.21875, 0.125, 0.375, 0.25, 0.1875, 0.1015625, 0.1953125]",[12],0.6029807243080828,0.46773963835725246
669,6838.203125,"[0.625, 0.46875, 0.28125, 0.15625, 0.25, 0.046875, 0.1328125, 0.8125, 0.46875, 0.5, 0.3125, 0.25, 0.109375, 0.1484375, 0.4375, 0.5, 0.6875, 0.25, 0.375, 0.203125, 0.1640625]","[0.34375, 0.296875, 0.140625, 0.1875, 0.15625, 0.0390625, 0.1484375, 0.4375, 0.296875, 0.3125, 0.34375, 0.15625, 0.0859375, 0.1953125, 0.21875, 0.25, 0.375, 0.25, 0.1875, 0.1015625, 0.1953125]",[80],0.5887808937670582,0.44640010999013185
670,6878.046875,"[0.625, 0.46875, 0.28125, 0.15625, 0.25, 0.046875, 0.1328125, 0.8125, 0.46875, 0.5, 0.3125, 0.25, 0.109375, 0.1484375, 0.4375, 0.5, 0.6875, 0.25, 0.375, 0.203125, 0.1640625]","[0.34375, 0.296875, 0.140625, 0.1875, 0.15625, 0.0390625, 0.1484375, 0.4375, 0.296875, 0.3125, 0.34375, 0.15625, 0.0859375, 0.1953125, 0.21875, 0.25, 0.375, 0.25, 0.1875, 0.1015625, 0.1953125]",[80],0.5887808937670582,0.44640010999013185
671,6857.890625,"[0.625, 0.46875, 0.28125, 0.15625, 0.25, 0.046875, 0.1328125, 0.8125, 0.46875, 0.5, 0.3125, 0.25, 0.109375, 0.1484375, 0.4375, 0.5, 0.6875, 0.25, 0.375, 0.203125, 0.1640625]","[0.34375, 0.296875, 0.140625, 0.1875, 0.15625, 0.0390625, 0.1484375, 0.4375, 0.296875, 0.3125, 0.34375, 0.15625, 0.0859375, 0.1953125, 0.21875, 0.25, 0.375, 0.25, 0.1875, 0.1015625, 0.1953125]",[80],0.5887808937670582,0.44640010999013185
672,6877.578125,"[0.625, 0.46875, 0.28125, 0.15625, 0.25, 0.046875, 0.1328125, 0.8125, 0.46875, 0.5625, 0.3125, 0.25, 0.109375, 0.1484375, 0.4375, 0.5, 0.6875, 0.25, 0.375, 0.203125, 0.1640625]","[0.34375, 0.296875, 0.140625, 0.1875, 0.15625, 0.0390625, 0.1484375, 0.4375, 0.296875, 0.34375, 0.34375, 0.15625, 0.0859375, 0.1953125, 0.21875, 0.25, 0.375, 0.25, 0.1875, 0.1015625, 0.1953125]",[83],0.5916992896902568,0.4501473769901146
673,6957.265625,"[0.625, 0.46875, 0.28125, 0.15625, 0.21875, 0.046875, 0.1328125, 0.8125, 0.46875, 0.5625, 0.3125, 0.25, 0.109375, 0.1484375, 0.4375, 0.5, 0.6875, 0.25, 0.375, 0.203125, 0.1640625]","[0.34375, 0.296875, 0.140625, 0.1875, 0.125, 0.0390625, 0.1484375, 0.4375, 0.296875, 0.34375, 0.34375, 0.15625, 0.0859375, 0.1953125, 0.21875, 0.25, 0.375, 0.25, 0.1875, 0.1015625, 0.1953125]",[17],0.5965897512577449,0.45861226001369276
674,6997.265625,"[0.625, 0.46875, 0.28125, 0.15625, 0.21875, 0.046875, 0.1328125, 0.8125, 0.46875, 0.5625, 0.3125, 0.25, 0.109375, 0.1484375, 0.4375, 0.5, 0.6875, 0.25, 0.375, 0.203125, 0.1640625]","[0.34375, 0.296875, 0.140625, 0.1875, 0.125, 0.0390625, 0.1484375, 0.4375, 0.296875, 0.34375, 0.34375, 0.15625, 0.0859375, 0.1953125, 0.21875, 0.25, 0.375, 0.25, 0.1875, 0.1015625, 0.1953125]",[17],0.5965897512577449,0.45861226001369276
675,6877.578125,"[0.625, 0.46875, 0.28125, 0.15625, 0.21875, 0.046875, 0.1328125, 0.8125, 0.46875, 0.5625, 0.3125, 0.25, 0.109375, 0.1484375, 0.4375, 0.5, 0.6875, 0.25, 0.375, 0.203125, 0.1640625]","[0.34375, 0.296875, 0.140625, 0.1875, 0.125, 0.0390625, 0.1484375, 0.4375, 0.296875, 0.34375, 0.34375, 0.15625, 0.0859375, 0.1953125, 0.21875, 0.25, 0.375, 0.25, 0.1875, 0.1015625, 0.1953125]",[17],0.5965897512577449,0.45861226001369276
676,6857.578125,"[0.625, 0.46875, 0.28125, 0.15625, 0.21875, 0.046875, 0.1328125, 0.8125, 0.46875, 0.59375, 0.3125, 0.25, 0.109375, 0.1484375, 0.4375, 0.5, 0.6875, 0.25, 0.375, 0.203125, 0.1640625]","[0.34375, 0.296875, 0.140625, 0.1875, 0.125, 0.0390625, 0.1484375, 0.4375, 0.296875, 0.359375, 0.34375, 0.15625, 0.0859375, 0.1953125, 0.21875, 0.25, 0.375, 0.25, 0.1875, 0.1015625, 0.1953125]",[83],0.5989241269683413,0.4611318156274312
677,6897.265625,"[0.625, 0.46875, 0.28125, 0.15625, 0.21875, 0.046875, 0.1328125, 0.8125, 0.46875, 0.59375, 0.34375, 0.25, 0.109375, 0.1484375, 0.4375, 0.5, 0.6875, 0.25, 0.375, 0.203125, 0.1640625]","[0.34375, 0.296875, 0.140625, 0.1875, 0.125, 0.0390625, 0.1484375, 0.4375, 0.296875, 0.359375, 0.375, 0.15625, 0.0859375, 0.1953125, 0.21875, 0.25, 0.375, 0.25, 0.1875, 0.1015625, 0.1953125]",[90],0.5959870540150178,0.4664330560260814
678,6976.953125,"[0.625, 0.46875, 0.28125, 0.15625, 0.21875, 0.046875, 0.1328125, 0.8125, 0.46875, 0.59375, 0.34375, 0.25, 0.109375, 0.1796875, 0.4375, 0.5, 0.6875, 0.25, 0.375, 0.203125, 0.1640625]","[0.34375, 0.296875, 0.140625, 0.1875, 0.125, 0.0390625, 0.1484375, 0.4375, 0.296875, 0.359375, 0.375, 0.15625, 0.0859375, 0.2265625, 0.21875, 0.25, 0.375, 0.25, 0.1875, 0.1015625, 0.1953125]",[92],0.5896317890986394,0.46236290567686983
679,7134.453125,"[0.625, 0.46875, 0.28125, 0.15625, 0.21875, 0.046875, 0.1328125, 0.8125, 0.46875, 0.59375, 0.34375, 0.25, 0.109375, 0.1796875, 0.4375, 0.5, 0.6875, 0.25, 0.375, 0.203125, 0.1640625]","[0.34375, 0.296875, 0.140625, 0.1875, 0.125, 0.0390625, 0.1484375, 0.4375, 0.296875, 0.359375, 0.375, 0.15625, 0.0859375, 0.2265625, 0.21875, 0.25, 0.375, 0.25, 0.1875, 0.1015625, 0.1953125]",[92],0.5896317890986394,0.46236290567686983
680,7016.640625,"[0.625, 0.46875, 0.28125, 0.15625, 0.21875, 0.046875, 0.1328125, 0.8125, 0.46875, 0.59375, 0.34375, 0.25, 0.109375, 0.1796875, 0.4375, 0.5, 0.6875, 0.25, 0.375, 0.203125, 0.1640625]","[0.34375, 0.296875, 0.140625, 0.1875, 0.125, 0.0390625, 0.1484375, 0.4375, 0.296875, 0.359375, 0.375, 0.15625, 0.0859375, 0.2265625, 0.21875, 0.25, 0.375, 0.25, 0.1875, 0.1015625, 0.1953125]",[92],0.5896317890986394,0.46236290567686983
681,6996.796875,"[0.625, 0.46875, 0.28125, 0.15625, 0.21875, 0.046875, 0.1328125, 0.8125, 0.46875, 0.59375, 0.34375, 0.25, 0.109375, 0.1796875, 0.4375, 0.5, 0.6875, 0.25, 0.375, 0.203125, 0.1640625]","[0.34375, 0.296875, 0.140625, 0.1875, 0.125, 0.0390625, 0.1484375, 0.4375, 0.296875, 0.359375, 0.375, 0.15625, 0.0859375, 0.2265625, 0.21875, 0.25, 0.375, 0.25, 0.1875, 0.1015625, 0.1953125]",[92],0.5896317890986394,0.46236290567686983
682,7016.328125,"[0.625, 0.46875, 0.28125, 0.15625, 0.21875, 0.046875, 0.1328125, 0.8125, 0.46875, 0.59375, 0.34375, 0.25, 0.109375, 0.1796875, 0.4375, 0.5, 0.6875, 0.25, 0.375, 0.203125, 0.1640625]","[0.34375, 0.296875, 0.140625, 0.1875, 0.125, 0.0390625, 0.1484375, 0.4375, 0.296875, 0.359375, 0.375, 0.15625, 0.0859375, 0.2265625, 0.21875, 0.25, 0.375, 0.25, 0.1875, 0.1015625, 0.1953125]",[92],0.5896317890986394,0.46236290567686983
683,7055.703125,"[0.625, 0.46875, 0.28125, 0.15625, 0.21875, 0.046875, 0.1328125, 0.8125, 0.59375, 0.59375, 0.34375, 0.25, 0.109375, 0.1796875, 0.4375, 0.5, 0.6875, 0.25, 0.375, 0.203125, 0.1640625]","[0.34375, 0.296875, 0.140625, 0.1875, 0.125, 0.0390625, 0.1484375, 0.4375, 0.359375, 0.359375, 0.375, 0.15625, 0.0859375, 0.2265625, 0.21875, 0.25, 0.375, 0.25, 0.1875, 0.1015625, 0.1953125]",[93],0.5943282408822188,0.4682239550775201
684,7214.453125,"[0.625, 0.46875, 0.28125, 0.15625, 0.21875, 0.046875, 0.1328125, 0.8125, 0.59375, 0.59375, 0.34375, 0.25, 0.109375, 0.1796875, 0.4375, 0.5, 0.6875, 0.25, 0.375, 0.328125, 0.1640625]","[0.34375, 0.296875, 0.140625, 0.1875, 0.125, 0.0390625, 0.1484375, 0.4375, 0.359375, 0.359375, 0.375, 0.15625, 0.0859375, 0.2265625, 0.21875, 0.25, 0.375, 0.25, 0.1875, 0.1640625, 0.1953125]",[95],0.5772777168236487,0.4503966505838414
685,7254.140625,"[0.625, 0.46875, 0.28125, 0.1875, 0.21875, 0.046875, 0.1328125, 0.8125, 0.59375, 0.59375, 0.34375, 0.25, 0.109375, 0.1796875, 0.4375, 0.5, 0.6875, 0.25, 0.375, 0.328125, 0.1640625]","[0.34375, 0.296875, 0.140625, 0.25, 0.125, 0.0390625, 0.1484375, 0.4375, 0.359375, 0.359375, 0.375, 0.15625, 0.0859375, 0.2265625, 0.21875, 0.25, 0.375, 0.25, 0.1875, 0.1640625, 0.1953125]",[103],0.571145958826162,0.4427115918094639
686,7273.828125,"[0.625, 0.46875, 0.28125, 0.1875, 0.21875, 0.046875, 0.1328125, 0.8125, 0.59375, 0.59375, 0.34375, 0.25, 0.109375, 0.1796875, 0.4375, 0.53125, 0.6875, 0.25, 0.375, 0.328125, 0.1640625]","[0.34375, 0.296875, 0.140625, 0.25, 0.125, 0.0390625, 0.1484375, 0.4375, 0.359375, 0.359375, 0.375, 0.15625, 0.0859375, 0.2265625, 0.21875, 0.265625, 0.375, 0.25, 0.1875, 0.1640625, 0.1953125]",[107],0.5718498306346205,0.4419251651156562
687,7313.515625,"[0.625, 0.46875, 0.28125, 0.1875, 0.21875, 0.046875, 0.1328125, 0.8125, 0.59375, 0.59375, 0.375, 0.25, 0.109375, 0.1796875, 0.4375, 0.53125, 0.6875, 0.25, 0.375, 0.328125, 0.1640625]","[0.34375, 0.296875, 0.140625, 0.25, 0.125, 0.0390625, 0.1484375, 0.4375, 0.359375, 0.359375, 0.40625, 0.15625, 0.0859375, 0.2265625, 0.21875, 0.265625, 0.375, 0.25, 0.1875, 0.1640625, 0.1953125]",[108],0.5694327508696451,0.4480506582793435
688,7392.890625,"[0.625, 0.46875, 0.28125, 0.1875, 0.21875, 0.046875, 0.1328125, 0.8125, 0.59375, 0.59375, 0.375, 0.25, 0.109375, 0.1796875, 0.4375, 0.53125, 0.6875, 0.25, 0.375, 0.390625, 0.1640625]","[0.34375, 0.296875, 0.140625, 0.25, 0.125, 0.0390625, 0.1484375, 0.4375, 0.359375, 0.359375, 0.40625, 0.15625, 0.0859375, 0.2265625, 0.21875, 0.265625, 0.375, 0.25, 0.1875, 0.1953125, 0.1953125]",[109],0.5645700632454037,0.4417840902994368
689,7550.390625,"[0.625, 0.46875, 0.28125, 0.1875, 0.21875, 0.046875, 0.1328125, 0.8125, 0.59375, 0.59375, 0.375, 0.25, 0.109375, 0.1796875, 0.4375, 0.53125, 0.6875, 0.25, 0.375, 0.390625, 0.1640625]","[0.34375, 0.296875, 0.140625, 0.25, 0.125, 0.0390625, 0.1484375, 0.4375, 0.359375, 0.359375, 0.40625, 0.15625, 0.0859375, 0.2265625, 0.21875, 0.265625, 0.375, 0.25, 0.1875, 0.1953125, 0.1953125]",[109],0.5645700632454037,0.4417840902994368
690,7432.265625,"[0.625, 0.46875, 0.28125, 0.1875, 0.21875, 0.046875, 0.1171875, 0.8125, 0.59375, 0.59375, 0.375, 0.25, 0.109375, 0.1796875, 0.4375, 0.53125, 0.75, 0.25, 0.375, 0.390625, 0.1640625]","[0.34375, 0.296875, 0.140625, 0.25, 0.125, 0.0390625, 0.1171875, 0.4375, 0.359375, 0.359375, 0.40625, 0.15625, 0.0859375, 0.2265625, 0.21875, 0.265625, 0.4375, 0.25, 0.1875, 0.1953125, 0.1953125]",[91],0.5769206312600592,0.46361151762964087
691,7412.265625,"[0.625, 0.46875, 0.28125, 0.1875, 0.21875, 0.046875, 0.1171875, 0.8125, 0.59375, 0.59375, 0.375, 0.25, 0.109375, 0.1796875, 0.4375, 0.53125, 0.75, 0.25, 0.375, 0.390625, 0.1640625]","[0.34375, 0.296875, 0.140625, 0.25, 0.125, 0.0390625, 0.1171875, 0.4375, 0.359375, 0.359375, 0.40625, 0.15625, 0.0859375, 0.2265625, 0.21875, 0.265625, 0.4375, 0.25, 0.1875, 0.1953125, 0.1953125]",[91],0.5769206312600592,0.46361151762964087
692,7432.109375,"[0.625, 0.46875, 0.28125, 0.1875, 0.21875, 0.046875, 0.1171875, 0.8125, 0.53125, 0.59375, 0.375, 0.25, 0.140625, 0.1796875, 0.4375, 0.53125, 0.75, 0.25, 0.375, 0.390625, 0.1640625]","[0.34375, 0.296875, 0.140625, 0.25, 0.125, 0.0390625, 0.1171875, 0.4375, 0.328125, 0.359375, 0.40625, 0.15625, 0.1015625, 0.2265625, 0.21875, 0.265625, 0.4375, 0.25, 0.1875, 0.1953125, 0.1953125]",[44],0.5671468070083893,0.45531704280364427
693,7472.109375,"[0.625, 0.46875, 0.28125, 0.1875, 0.21875, 0.015625, 0.1171875, 0.78125, 0.53125, 0.59375, 0.375, 0.25, 0.140625, 0.1796875, 0.4375, 0.53125, 0.75, 0.25, 0.375, 0.390625, 0.1640625]","[0.34375, 0.296875, 0.140625, 0.25, 0.125, 0.0078125, 0.1171875, 0.421875, 0.328125, 0.359375, 0.40625, 0.15625, 0.1015625, 0.2265625, 0.21875, 0.265625, 0.4375, 0.25, 0.1875, 0.1953125, 0.1953125]",[44],0.5699078499210555,0.4664333676061556
694,7490.859375,"[0.625, 0.46875, 0.28125, 0.1875, 0.21875, 0.015625, 0.1171875, 0.78125, 0.53125, 0.59375, 0.375, 0.25, 0.140625, 0.1796875, 0.4375, 0.78125, 0.75, 0.25, 0.375, 0.390625, 0.1640625]","[0.34375, 0.296875, 0.140625, 0.25, 0.125, 0.0078125, 0.1171875, 0.421875, 0.328125, 0.359375, 0.40625, 0.15625, 0.1015625, 0.2265625, 0.21875, 0.390625, 0.4375, 0.25, 0.1875, 0.1953125, 0.1953125]",[51],0.5936624674075504,0.4733242151762112
695,7530.546875,"[0.625, 0.46875, 0.28125, 0.1875, 0.21875, 0.015625, 0.1171875, 0.78125, 0.53125, 0.59375, 0.375, 0.25, 0.140625, 0.1796875, 0.4375, 0.78125, 0.75, 0.25, 0.375, 0.390625, 0.1640625]","[0.34375, 0.296875, 0.140625, 0.25, 0.125, 0.0078125, 0.1171875, 0.421875, 0.328125, 0.359375, 0.40625, 0.15625, 0.1015625, 0.2265625, 0.21875, 0.390625, 0.4375, 0.25, 0.1875, 0.1953125, 0.1953125]",[51],0.5936624674075504,0.4733242151762112
696,7510.546875,"[0.625, 0.40625, 0.28125, 0.1875, 0.21875, 0.015625, 0.1171875, 0.78125, 0.5625, 0.59375, 0.375, 0.25, 0.140625, 0.1796875, 0.4375, 0.78125, 0.75, 0.25, 0.375, 0.390625, 0.1640625]","[0.34375, 0.234375, 0.140625, 0.25, 0.125, 0.0078125, 0.1171875, 0.421875, 0.34375, 0.359375, 0.40625, 0.15625, 0.1015625, 0.2265625, 0.21875, 0.390625, 0.4375, 0.25, 0.1875, 0.1953125, 0.1953125]",[1],0.5968657033511324,0.4778428132485933
697,7510.859375,"[0.625, 0.40625, 0.28125, 0.1875, 0.21875, 0.015625, 0.1171875, 0.78125, 0.5625, 0.59375, 0.375, 0.25, 0.140625, 0.1796875, 0.4375, 0.78125, 0.75, 0.25, 0.375, 0.390625, 0.1640625]","[0.34375, 0.234375, 0.140625, 0.25, 0.125, 0.0078125, 0.1171875, 0.421875, 0.34375, 0.359375, 0.40625, 0.15625, 0.1015625, 0.2265625, 0.21875, 0.390625, 0.4375, 0.25, 0.1875, 0.1953125, 0.1953125]",[1],0.5968657033511324,0.4778428132485933
698,7550.859375,"[0.625, 0.40625, 0.28125, 0.1875, 0.21875, 0.015625, 0.1171875, 0.78125, 0.5625, 0.59375, 0.375, 0.25, 0.140625, 0.1796875, 0.4375, 0.78125, 0.75, 0.25, 0.375, 0.390625, 0.1640625]","[0.34375, 0.234375, 0.140625, 0.25, 0.125, 0.0078125, 0.1171875, 0.421875, 0.34375, 0.359375, 0.40625, 0.15625, 0.1015625, 0.2265625, 0.21875, 0.390625, 0.4375, 0.25, 0.1875, 0.1953125, 0.1953125]",[1],0.5968657033511324,0.4778428132485933
699,7629.921875,"[0.375, 0.40625, 0.28125, 0.1875, 0.21875, 0.015625, 0.1171875, 0.78125, 0.5625, 0.59375, 0.375, 0.25, 0.140625, 0.1796875, 0.4375, 0.78125, 0.75, 0.375, 0.375, 0.390625, 0.1640625]","[0.21875, 0.234375, 0.140625, 0.25, 0.125, 0.0078125, 0.1171875, 0.421875, 0.34375, 0.359375, 0.40625, 0.15625, 0.1015625, 0.2265625, 0.21875, 0.390625, 0.4375, 0.375, 0.1875, 0.1953125, 0.1953125]",[25],0.583381521501,0.48437413031979076
700,7511.796875,"[0.375, 0.40625, 0.28125, 0.1875, 0.21875, 0.015625, 0.1171875, 0.78125, 0.5625, 0.59375, 0.375, 0.25, 0.140625, 0.1796875, 0.4375, 0.78125, 0.75, 0.25, 0.375, 0.390625, 0.1640625]","[0.21875, 0.234375, 0.140625, 0.25, 0.125, 0.0078125, 0.1171875, 0.421875, 0.34375, 0.359375, 0.40625, 0.15625, 0.1015625, 0.2265625, 0.21875, 0.390625, 0.4375, 0.25, 0.1875, 0.1953125, 0.1953125]",[1],0.5970204203608354,0.48091799907520055
701,7333.359375,"[0.375, 0.40625, 0.28125, 0.1875, 0.21875, 0.015625, 0.1171875, 0.78125, 0.5625, 0.59375, 0.375, 0.21875, 0.140625, 0.1796875, 0.4375, 0.78125, 0.75, 0.25, 0.34375, 0.390625, 0.1484375]","[0.21875, 0.234375, 0.140625, 0.25, 0.125, 0.0078125, 0.1171875, 0.421875, 0.34375, 0.359375, 0.40625, 0.125, 0.1015625, 0.2265625, 0.21875, 0.390625, 0.4375, 0.25, 0.171875, 0.1953125, 0.1796875]",[1],0.6076034651925535,0.49516177678127093
702,7234.140625,"[0.125, 0.40625, 0.28125, 0.1875, 0.21875, 0.015625, 0.1171875, 0.78125, 0.5625, 0.59375, 0.375, 0.21875, 0.140625, 0.1796875, 0.4375, 0.78125, 0.75, 0.25, 0.375, 0.390625, 0.1484375]","[0.09375, 0.234375, 0.140625, 0.25, 0.125, 0.0078125, 0.1171875, 0.421875, 0.34375, 0.359375, 0.40625, 0.125, 0.1015625, 0.2265625, 0.21875, 0.390625, 0.4375, 0.25, 0.1875, 0.1953125, 0.1796875]",[25],0.6419049029349595,0.5216321108136244
703,7156.015625,"[0.125, 0.40625, 0.28125, 0.1875, 0.21875, 0.015625, 0.1171875, 0.78125, 0.5625, 0.59375, 0.375, 0.21875, 0.140625, 0.1796875, 0.4375, 0.78125, 0.75, 0.25, 0.375, 0.390625, 0.1484375]","[0.09375, 0.234375, 0.140625, 0.25, 0.125, 0.0078125, 0.1171875, 0.421875, 0.34375, 0.359375, 0.40625, 0.125, 0.1015625, 0.2265625, 0.21875, 0.390625, 0.4375, 0.25, 0.1875, 0.1953125, 0.1796875]",[25],0.6419049029349595,0.5216321108136244
704,7234.140625,"[0.125, 0.40625, 0.28125, 0.1875, 0.21875, 0.015625, 0.1171875, 0.78125, 0.5625, 0.59375, 0.375, 0.21875, 0.140625, 0.1796875, 0.4375, 0.78125, 0.75, 0.25, 0.375, 0.390625, 0.1484375]","[0.09375, 0.234375, 0.140625, 0.25, 0.125, 0.0078125, 0.1171875, 0.421875, 0.34375, 0.359375, 0.40625, 0.125, 0.1015625, 0.2265625, 0.21875, 0.390625, 0.4375, 0.25, 0.1875, 0.1953125, 0.1796875]",[25],0.6419049029349595,0.5216321108136244
705,7116.328125,"[0.125, 0.40625, 0.28125, 0.21875, 0.21875, 0.015625, 0.1171875, 0.78125, 0.5625, 0.59375, 0.34375, 0.21875, 0.140625, 0.1796875, 0.4375, 0.78125, 0.75, 0.25, 0.375, 0.390625, 0.1484375]","[0.09375, 0.234375, 0.140625, 0.3125, 0.125, 0.0078125, 0.1171875, 0.421875, 0.34375, 0.359375, 0.375, 0.125, 0.1015625, 0.2265625, 0.21875, 0.390625, 0.4375, 0.25, 0.1875, 0.1953125, 0.1796875]",[48],0.6389297106628044,0.5151250315476341
706,7096.328125,"[0.125, 0.40625, 0.28125, 0.21875, 0.21875, 0.015625, 0.1171875, 0.78125, 0.5625, 0.59375, 0.34375, 0.21875, 0.140625, 0.1796875, 0.4375, 0.6875, 0.75, 0.25, 0.375, 0.390625, 0.1484375]","[0.09375, 0.234375, 0.140625, 0.3125, 0.125, 0.0078125, 0.1171875, 0.421875, 0.34375, 0.359375, 0.375, 0.125, 0.1015625, 0.2265625, 0.21875, 0.34375, 0.4375, 0.25, 0.1875, 0.1953125, 0.1796875]",[53],0.624335509394144,0.5087119928296538
707,7056.953125,"[0.125, 0.40625, 0.28125, 0.21875, 0.21875, 0.015625, 0.1171875, 0.78125, 0.5625, 0.59375, 0.34375, 0.21875, 0.140625, 0.1796875, 0.4375, 0.75, 0.6875, 0.25, 0.375, 0.390625, 0.1484375]","[0.09375, 0.234375, 0.140625, 0.3125, 0.125, 0.0078125, 0.1171875, 0.421875, 0.34375, 0.359375, 0.375, 0.125, 0.1015625, 0.2265625, 0.21875, 0.375, 0.375, 0.25, 0.1875, 0.1953125, 0.1796875]",[56],0.6243355093941438,0.49916350344470356
708,7096.328125,"[0.125, 0.40625, 0.28125, 0.21875, 0.21875, 0.015625, 0.1171875, 0.78125, 0.5625, 0.59375, 0.34375, 0.21875, 0.140625, 0.1796875, 0.4375, 0.75, 0.6875, 0.25, 0.375, 0.390625, 0.1484375]","[0.09375, 0.234375, 0.140625, 0.3125, 0.125, 0.0078125, 0.1171875, 0.421875, 0.34375, 0.359375, 0.375, 0.125, 0.1015625, 0.2265625, 0.21875, 0.375, 0.375, 0.25, 0.1875, 0.1953125, 0.1796875]",[56],0.6243355093941438,0.49916350344470356
709,7176.953125,"[0.125, 0.40625, 0.28125, 0.21875, 0.21875, 0.015625, 0.1171875, 0.75, 0.5625, 0.59375, 0.34375, 0.21875, 0.109375, 0.1796875, 0.4375, 0.75, 0.6875, 0.25, 0.375, 0.390625, 0.1484375]","[0.09375, 0.234375, 0.140625, 0.3125, 0.125, 0.0078125, 0.1171875, 0.40625, 0.34375, 0.359375, 0.375, 0.125, 0.0859375, 0.2265625, 0.21875, 0.375, 0.375, 0.25, 0.1875, 0.1953125, 0.1796875]",[20],0.6256356136912143,0.5008407139757519
710,6997.890625,"[0.125, 0.40625, 0.28125, 0.21875, 0.21875, 0.015625, 0.1171875, 0.75, 0.5625, 0.59375, 0.34375, 0.21875, 0.109375, 0.1796875, 0.4375, 0.75, 0.6875, 0.25, 0.375, 0.390625, 0.1484375]","[0.09375, 0.234375, 0.140625, 0.3125, 0.125, 0.0078125, 0.1171875, 0.40625, 0.34375, 0.359375, 0.375, 0.125, 0.0859375, 0.2265625, 0.21875, 0.375, 0.375, 0.25, 0.1875, 0.1953125, 0.1796875]",[20],0.6256356136912143,0.5008407139757519
711,6978.046875,"[0.125, 0.40625, 0.28125, 0.21875, 0.21875, 0.015625, 0.1171875, 0.75, 0.5625, 0.59375, 0.34375, 0.21875, 0.109375, 0.1796875, 0.4375, 0.75, 0.6875, 0.25, 0.375, 0.390625, 0.1484375]","[0.09375, 0.234375, 0.140625, 0.3125, 0.125, 0.0078125, 0.1171875, 0.40625, 0.34375, 0.359375, 0.375, 0.125, 0.0859375, 0.2265625, 0.21875, 0.375, 0.375, 0.25, 0.1875, 0.1953125, 0.1796875]",[20],0.6256356136912143,0.5008407139757519
712,6997.890625,"[0.125, 0.40625, 0.28125, 0.21875, 0.21875, 0.015625, 0.1171875, 0.75, 0.5625, 0.59375, 0.34375, 0.21875, 0.109375, 0.1796875, 0.4375, 0.75, 0.6875, 0.25, 0.375, 0.390625, 0.1484375]","[0.09375, 0.234375, 0.140625, 0.3125, 0.125, 0.0078125, 0.1171875, 0.40625, 0.34375, 0.359375, 0.375, 0.125, 0.0859375, 0.2265625, 0.21875, 0.375, 0.375, 0.25, 0.1875, 0.1953125, 0.1796875]",[20],0.6256356136912143,0.5008407139757519
713,7036.953125,"[0.125, 0.40625, 0.28125, 0.21875, 0.21875, 0.015625, 0.1171875, 0.75, 0.5625, 0.71875, 0.34375, 0.21875, 0.109375, 0.1796875, 0.4375, 0.75, 0.6875, 0.25, 0.375, 0.390625, 0.1484375]","[0.09375, 0.234375, 0.140625, 0.3125, 0.125, 0.0078125, 0.1171875, 0.40625, 0.34375, 0.421875, 0.375, 0.125, 0.0859375, 0.2265625, 0.21875, 0.375, 0.375, 0.25, 0.1875, 0.1953125, 0.1796875]",[56],0.6393557482555086,0.5128560795357692
714,7196.328125,"[0.125, 0.40625, 0.28125, 0.21875, 0.21875, 0.015625, 0.1171875, 0.75, 0.5625, 0.71875, 0.34375, 0.21875, 0.109375, 0.2109375, 0.4375, 0.75, 0.6875, 0.25, 0.375, 0.390625, 0.1484375]","[0.09375, 0.234375, 0.140625, 0.3125, 0.125, 0.0078125, 0.1171875, 0.40625, 0.34375, 0.421875, 0.375, 0.125, 0.0859375, 0.2578125, 0.21875, 0.375, 0.375, 0.25, 0.1875, 0.1953125, 0.1796875]",[68],0.6336895130820429,0.5102555242567804
715,7156.328125,"[0.125, 0.40625, 0.28125, 0.21875, 0.21875, 0.015625, 0.1171875, 0.75, 0.5625, 0.71875, 0.34375, 0.21875, 0.140625, 0.1953125, 0.4375, 0.75, 0.6875, 0.25, 0.375, 0.390625, 0.1484375]","[0.09375, 0.234375, 0.140625, 0.3125, 0.125, 0.0078125, 0.1171875, 0.40625, 0.34375, 0.421875, 0.375, 0.125, 0.1171875, 0.2265625, 0.21875, 0.375, 0.375, 0.25, 0.1875, 0.1953125, 0.1796875]",[31],0.6294284353224666,0.5024369556450226
716,7136.328125,"[0.125, 0.40625, 0.28125, 0.21875, 0.21875, 0.015625, 0.1171875, 0.75, 0.5625, 0.71875, 0.34375, 0.21875, 0.140625, 0.1953125, 0.4375, 0.75, 0.6875, 0.25, 0.375, 0.390625, 0.1484375]","[0.09375, 0.234375, 0.140625, 0.3125, 0.125, 0.0078125, 0.1171875, 0.40625, 0.34375, 0.421875, 0.375, 0.125, 0.1171875, 0.2265625, 0.21875, 0.375, 0.375, 0.25, 0.1875, 0.1953125, 0.1796875]",[31],0.6294284353224666,0.5024369556450226
717,7156.171875,"[0.125, 0.40625, 0.28125, 0.21875, 0.21875, 0.015625, 0.1171875, 0.75, 0.53125, 0.71875, 0.34375, 0.21875, 0.140625, 0.1953125, 0.4375, 0.75, 0.6875, 0.25, 0.375, 0.390625, 0.1484375]","[0.09375, 0.234375, 0.140625, 0.3125, 0.125, 0.0078125, 0.1171875, 0.40625, 0.328125, 0.421875, 0.375, 0.125, 0.1171875, 0.2265625, 0.21875, 0.375, 0.375, 0.25, 0.1875, 0.1953125, 0.1796875]",[28],0.6282765926339199,0.5010688104187869
718,7176.171875,"[0.125, 0.40625, 0.28125, 0.21875, 0.21875, 0.015625, 0.1171875, 0.75, 0.53125, 0.71875, 0.34375, 0.21875, 0.140625, 0.1953125, 0.4375, 0.75, 0.6875, 0.25, 0.4375, 0.390625, 0.1484375]","[0.09375, 0.234375, 0.140625, 0.3125, 0.125, 0.0078125, 0.1171875, 0.40625, 0.328125, 0.421875, 0.375, 0.125, 0.1171875, 0.2265625, 0.21875, 0.375, 0.375, 0.25, 0.21875, 0.1953125, 0.1796875]",[31],0.6251255018027301,0.49632887455492797
719,7333.671875,"[0.125, 0.40625, 0.28125, 0.21875, 0.21875, 0.015625, 0.1171875, 0.75, 0.53125, 0.71875, 0.34375, 0.21875, 0.140625, 0.1953125, 0.6875, 0.75, 0.6875, 0.25, 0.4375, 0.390625, 0.1484375]","[0.09375, 0.234375, 0.140625, 0.3125, 0.125, 0.0078125, 0.1171875, 0.40625, 0.328125, 0.421875, 0.375, 0.125, 0.1171875, 0.2265625, 0.34375, 0.375, 0.375, 0.25, 0.21875, 0.1953125, 0.1796875]",[69],0.6344652687299588,0.494196171994389
720,7373.046875,"[0.125, 0.40625, 0.28125, 0.21875, 0.21875, 0.015625, 0.1171875, 0.75, 0.53125, 0.71875, 0.34375, 0.21875, 0.140625, 0.1953125, 0.6875, 0.75, 0.6875, 0.25, 0.4375, 0.390625, 0.1484375]","[0.09375, 0.234375, 0.140625, 0.3125, 0.125, 0.0078125, 0.1171875, 0.40625, 0.328125, 0.421875, 0.375, 0.125, 0.1171875, 0.2265625, 0.34375, 0.375, 0.375, 0.25, 0.21875, 0.1953125, 0.1796875]",[69],0.6344652687299588,0.494196171994389
721,7353.359375,"[0.125, 0.40625, 0.28125, 0.21875, 0.21875, 0.015625, 0.1171875, 0.75, 0.53125, 0.71875, 0.34375, 0.21875, 0.140625, 0.1953125, 0.6875, 0.75, 0.6875, 0.25, 0.4375, 0.390625, 0.1484375]","[0.09375, 0.234375, 0.140625, 0.3125, 0.125, 0.0078125, 0.1171875, 0.40625, 0.328125, 0.421875, 0.375, 0.125, 0.1171875, 0.2265625, 0.34375, 0.375, 0.375, 0.25, 0.21875, 0.1953125, 0.1796875]",[69],0.6344652687299588,0.494196171994389
722,7373.359375,"[0.125, 0.40625, 0.28125, 0.25, 0.21875, 0.015625, 0.1171875, 0.75, 0.53125, 0.71875, 0.34375, 0.21875, 0.140625, 0.1953125, 0.6875, 0.75, 0.6875, 0.25, 0.4375, 0.390625, 0.1484375]","[0.09375, 0.234375, 0.140625, 0.34375, 0.125, 0.0078125, 0.1171875, 0.40625, 0.328125, 0.421875, 0.375, 0.125, 0.1171875, 0.2265625, 0.34375, 0.375, 0.375, 0.25, 0.21875, 0.1953125, 0.1796875]",[90],0.6295783749164054,0.4959356293285451
723,7452.109375,"[0.125, 0.40625, 0.28125, 0.25, 0.21875, 0.015625, 0.1171875, 0.75, 0.53125, 0.71875, 0.34375, 0.21875, 0.140625, 0.1953125, 0.6875, 0.75, 0.6875, 0.25, 0.4375, 0.390625, 0.1484375]","[0.09375, 0.234375, 0.140625, 0.34375, 0.125, 0.0078125, 0.1171875, 0.40625, 0.328125, 0.421875, 0.375, 0.125, 0.1171875, 0.2265625, 0.34375, 0.375, 0.375, 0.25, 0.21875, 0.1953125, 0.1796875]",[90],0.6295783749164054,0.4959356293285451
724,7532.734375,"[0.125, 0.40625, 0.28125, 0.25, 0.21875, 0.015625, 0.1171875, 0.75, 0.53125, 0.71875, 0.34375, 0.21875, 0.140625, 0.1953125, 0.6875, 0.75, 0.6875, 0.25, 0.4375, 0.390625, 0.1484375]","[0.09375, 0.234375, 0.140625, 0.34375, 0.125, 0.0078125, 0.1171875, 0.40625, 0.328125, 0.421875, 0.375, 0.125, 0.1171875, 0.2265625, 0.34375, 0.375, 0.375, 0.25, 0.21875, 0.1953125, 0.1796875]",[90],0.6295783749164054,0.4959356293285451
725,7413.203125,"[0.125, 0.40625, 0.28125, 0.25, 0.21875, 0.015625, 0.1171875, 0.75, 0.53125, 0.71875, 0.34375, 0.21875, 0.140625, 0.1953125, 0.6875, 0.75, 0.6875, 0.25, 0.4375, 0.390625, 0.1484375]","[0.09375, 0.234375, 0.140625, 0.34375, 0.125, 0.0078125, 0.1171875, 0.40625, 0.328125, 0.421875, 0.375, 0.125, 0.1171875, 0.2265625, 0.34375, 0.375, 0.375, 0.25, 0.21875, 0.1953125, 0.1796875]",[90],0.6295783749164054,0.4959356293285451
726,7393.046875,"[0.125, 0.40625, 0.28125, 0.25, 0.21875, 0.015625, 0.1171875, 0.75, 0.53125, 0.71875, 0.34375, 0.21875, 0.140625, 0.1953125, 0.6875, 0.78125, 0.6875, 0.25, 0.40625, 0.390625, 0.1484375]","[0.09375, 0.234375, 0.140625, 0.34375, 0.125, 0.0078125, 0.1171875, 0.40625, 0.328125, 0.421875, 0.375, 0.125, 0.1171875, 0.2265625, 0.34375, 0.390625, 0.375, 0.25, 0.203125, 0.1953125, 0.1796875]",[1],0.6356493053832958,0.5004636522141244
727,7392.734375,"[0.125, 0.40625, 0.28125, 0.25, 0.21875, 0.015625, 0.1171875, 0.75, 0.46875, 0.71875, 0.34375, 0.21875, 0.140625, 0.1953125, 0.6875, 0.78125, 0.6875, 0.25, 0.40625, 0.390625, 0.1484375]","[0.09375, 0.234375, 0.140625, 0.34375, 0.125, 0.0078125, 0.1171875, 0.40625, 0.296875, 0.421875, 0.375, 0.125, 0.1171875, 0.2265625, 0.34375, 0.390625, 0.375, 0.25, 0.203125, 0.1953125, 0.1796875]",[75],0.6360181908221564,0.49962903053164764
728,7392.734375,"[0.125, 0.40625, 0.40625, 0.25, 0.21875, 0.015625, 0.1171875, 0.75, 0.46875, 0.71875, 0.34375, 0.21875, 0.140625, 0.1796875, 0.6875, 0.78125, 0.6875, 0.25, 0.40625, 0.390625, 0.1484375]","[0.09375, 0.234375, 0.203125, 0.34375, 0.125, 0.0078125, 0.1171875, 0.40625, 0.296875, 0.421875, 0.375, 0.125, 0.1171875, 0.1953125, 0.34375, 0.390625, 0.375, 0.25, 0.203125, 0.1953125, 0.1796875]",[61],0.6270883324310808,0.4909483409051304
729,7510.390625,"[0.125, 0.40625, 0.40625, 0.25, 0.21875, 0.015625, 0.1171875, 0.75, 0.46875, 0.71875, 0.34375, 0.21875, 0.140625, 0.1796875, 0.6875, 0.78125, 0.6875, 0.25, 0.40625, 0.390625, 0.1484375]","[0.09375, 0.234375, 0.203125, 0.34375, 0.125, 0.0078125, 0.1171875, 0.40625, 0.296875, 0.421875, 0.375, 0.125, 0.1171875, 0.1953125, 0.34375, 0.390625, 0.375, 0.25, 0.203125, 0.1953125, 0.1796875]",[61],0.6270883324310808,0.4909483409051304
730,7392.265625,"[0.125, 0.46875, 0.40625, 0.25, 0.21875, 0.015625, 0.1171875, 0.75, 0.46875, 0.71875, 0.34375, 0.21875, 0.140625, 0.1796875, 0.6875, 0.78125, 0.6875, 0.25, 0.40625, 0.390625, 0.1328125]","[0.09375, 0.296875, 0.203125, 0.34375, 0.125, 0.0078125, 0.1171875, 0.40625, 0.296875, 0.421875, 0.375, 0.125, 0.1171875, 0.1953125, 0.34375, 0.390625, 0.375, 0.25, 0.203125, 0.1953125, 0.1484375]",[54],0.6276963693663895,0.49467185390537305
731,7372.265625,"[0.125, 0.46875, 0.40625, 0.265625, 0.21875, 0.015625, 0.1171875, 0.75, 0.46875, 0.71875, 0.34375, 0.21875, 0.140625, 0.1796875, 0.6875, 0.78125, 0.5625, 0.25, 0.40625, 0.390625, 0.1171875]","[0.09375, 0.296875, 0.203125, 0.359375, 0.125, 0.0078125, 0.1171875, 0.40625, 0.296875, 0.421875, 0.375, 0.125, 0.1171875, 0.1953125, 0.34375, 0.390625, 0.3125, 0.25, 0.203125, 0.1953125, 0.1171875]",[64],0.6206527840748064,0.4997934670815377
732,7293.359375,"[0.125, 0.46875, 0.40625, 0.265625, 0.21875, 0.015625, 0.1171875, 0.75, 0.46875, 0.71875, 0.34375, 0.21875, 0.140625, 0.1796875, 0.6875, 0.78125, 0.5625, 0.25, 0.40625, 0.390625, 0.1171875]","[0.09375, 0.296875, 0.203125, 0.359375, 0.125, 0.0078125, 0.1171875, 0.40625, 0.296875, 0.421875, 0.375, 0.125, 0.1171875, 0.1953125, 0.34375, 0.390625, 0.3125, 0.25, 0.203125, 0.1953125, 0.1171875]",[64],0.6206527840748064,0.4997934670815377
733,7333.046875,"[0.125, 0.46875, 0.40625, 0.265625, 0.21875, 0.015625, 0.1171875, 0.75, 0.46875, 0.71875, 0.34375, 0.21875, 0.140625, 0.1796875, 0.6875, 0.78125, 0.5625, 0.25, 0.40625, 0.390625, 0.1171875]","[0.09375, 0.296875, 0.203125, 0.359375, 0.125, 0.0078125, 0.1171875, 0.40625, 0.296875, 0.421875, 0.375, 0.125, 0.1171875, 0.1953125, 0.34375, 0.390625, 0.3125, 0.25, 0.203125, 0.1953125, 0.1171875]",[64],0.6206527840748064,0.4997934670815377
734,7411.171875,"[0.125, 0.46875, 0.40625, 0.265625, 0.21875, 0.015625, 0.1171875, 0.75, 0.46875, 0.71875, 0.34375, 0.21875, 0.140625, 0.1796875, 0.6875, 0.78125, 0.5625, 0.25, 0.40625, 0.390625, 0.1171875]","[0.09375, 0.296875, 0.203125, 0.359375, 0.125, 0.0078125, 0.1171875, 0.40625, 0.296875, 0.421875, 0.375, 0.125, 0.1171875, 0.1953125, 0.34375, 0.390625, 0.3125, 0.25, 0.203125, 0.1953125, 0.1171875]",[64],0.6206527840748064,0.4997934670815377
735,7293.046875,"[0.1875, 0.46875, 0.40625, 0.265625, 0.21875, 0.015625, 0.1171875, 0.75, 0.46875, 0.71875, 0.34375, 0.21875, 0.140625, 0.1796875, 0.6875, 0.78125, 0.5625, 0.25, 0.34375, 0.390625, 0.1171875]","[0.15625, 0.296875, 0.203125, 0.359375, 0.125, 0.0078125, 0.1171875, 0.40625, 0.296875, 0.421875, 0.375, 0.125, 0.1171875, 0.1953125, 0.34375, 0.390625, 0.3125, 0.25, 0.171875, 0.1953125, 0.1171875]",[40],0.6126611693899107,0.4873121163395603
736,7233.359375,"[0.125, 0.5, 0.40625, 0.265625, 0.21875, 0.015625, 0.1171875, 0.75, 0.46875, 0.71875, 0.34375, 0.21875, 0.140625, 0.1796875, 0.6875, 0.78125, 0.5625, 0.25, 0.34375, 0.390625, 0.1171875]","[0.09375, 0.3125, 0.203125, 0.359375, 0.125, 0.0078125, 0.1171875, 0.40625, 0.296875, 0.421875, 0.375, 0.125, 0.1171875, 0.1953125, 0.34375, 0.390625, 0.3125, 0.25, 0.171875, 0.1953125, 0.1171875]",[64],0.6249712556330489,0.5057898631599616
737,7233.359375,"[0.125, 0.5, 0.40625, 0.265625, 0.21875, 0.015625, 0.1171875, 0.75, 0.46875, 0.71875, 0.34375, 0.21875, 0.140625, 0.1796875, 0.6875, 0.78125, 0.5625, 0.25, 0.34375, 0.390625, 0.1171875]","[0.09375, 0.3125, 0.203125, 0.359375, 0.125, 0.0078125, 0.1171875, 0.40625, 0.296875, 0.421875, 0.375, 0.125, 0.1171875, 0.1953125, 0.34375, 0.390625, 0.3125, 0.25, 0.171875, 0.1953125, 0.1171875]",[64],0.6249712556330489,0.5057898631599616
738,7272.734375,"[0.125, 0.5, 0.40625, 0.265625, 0.21875, 0.015625, 0.1171875, 0.5, 0.46875, 0.71875, 0.34375, 0.21875, 0.140625, 0.1796875, 0.6875, 0.78125, 0.5625, 0.25, 0.34375, 0.390625, 0.1171875]","[0.09375, 0.3125, 0.203125, 0.359375, 0.125, 0.0078125, 0.1171875, 0.28125, 0.296875, 0.421875, 0.375, 0.125, 0.1171875, 0.1953125, 0.34375, 0.390625, 0.3125, 0.25, 0.171875, 0.1953125, 0.1171875]",[7],0.6044414397925453,0.4939495191908328
739,7193.984375,"[0.125, 0.5, 0.40625, 0.265625, 0.21875, 0.015625, 0.1171875, 0.5, 0.46875, 0.71875, 0.34375, 0.21875, 0.140625, 0.1796875, 0.6875, 0.78125, 0.5625, 0.25, 0.34375, 0.359375, 0.1171875]","[0.09375, 0.3125, 0.203125, 0.359375, 0.125, 0.0078125, 0.1171875, 0.28125, 0.296875, 0.421875, 0.375, 0.125, 0.1171875, 0.1953125, 0.34375, 0.390625, 0.3125, 0.25, 0.171875, 0.1796875, 0.1171875]",[7],0.6065036691873557,0.496745340944392
740,7036.171875,"[0.0625, 0.5, 0.34375, 0.265625, 0.21875, 0.015625, 0.1171875, 0.5, 0.46875, 0.71875, 0.34375, 0.1875, 0.140625, 0.1796875, 0.6875, 0.78125, 0.5625, 0.25, 0.34375, 0.359375, 0.1171875]","[0.03125, 0.3125, 0.203125, 0.359375, 0.125, 0.0078125, 0.1171875, 0.28125, 0.296875, 0.421875, 0.375, 0.109375, 0.1171875, 0.1953125, 0.34375, 0.390625, 0.3125, 0.25, 0.171875, 0.1796875, 0.1171875]",[9],0.6316600332424696,0.5268387782663336
741,6898.203125,"[0.0625, 0.5, 0.34375, 0.265625, 0.15625, 0.03125, 0.1171875, 0.5, 0.46875, 0.71875, 0.34375, 0.1875, 0.140625, 0.1796875, 0.6875, 0.78125, 0.5625, 0.25, 0.34375, 0.359375, 0.1171875]","[0.03125, 0.3125, 0.203125, 0.359375, 0.09375, 0.015625, 0.1171875, 0.28125, 0.296875, 0.421875, 0.375, 0.109375, 0.1171875, 0.1953125, 0.34375, 0.390625, 0.3125, 0.25, 0.171875, 0.1796875, 0.1171875]",[35],0.6388036988892347,0.5329240781456119
742,6858.671875,"[0.0625, 0.5, 0.34375, 0.140625, 0.15625, 0.03125, 0.1328125, 0.5, 0.46875, 0.71875, 0.34375, 0.1875, 0.140625, 0.1796875, 0.6875, 0.78125, 0.5625, 0.25, 0.34375, 0.359375, 0.1171875]","[0.03125, 0.3125, 0.203125, 0.234375, 0.09375, 0.015625, 0.1328125, 0.28125, 0.296875, 0.421875, 0.375, 0.109375, 0.1171875, 0.1953125, 0.34375, 0.390625, 0.3125, 0.25, 0.171875, 0.1796875, 0.1171875]",[26],0.6575118144260033,0.5251441751804014
743,6779.296875,"[0.0625, 0.5, 0.34375, 0.140625, 0.15625, 0.03125, 0.1328125, 0.5, 0.46875, 0.71875, 0.34375, 0.1875, 0.140625, 0.1796875, 0.6875, 0.78125, 0.5625, 0.3125, 0.34375, 0.359375, 0.1171875]","[0.03125, 0.3125, 0.203125, 0.234375, 0.09375, 0.015625, 0.1328125, 0.28125, 0.296875, 0.421875, 0.375, 0.109375, 0.1171875, 0.1953125, 0.34375, 0.390625, 0.3125, 0.3125, 0.171875, 0.1796875, 0.1171875]",[42],0.6495226508772615,0.525230923956292
744,6936.796875,"[0.3125, 0.5, 0.34375, 0.140625, 0.15625, 0.03125, 0.1328125, 0.5, 0.46875, 0.71875, 0.34375, 0.1875, 0.140625, 0.1796875, 0.6875, 0.78125, 0.5625, 0.3125, 0.34375, 0.359375, 0.1171875]","[0.15625, 0.3125, 0.203125, 0.234375, 0.09375, 0.015625, 0.1328125, 0.28125, 0.296875, 0.421875, 0.375, 0.109375, 0.1171875, 0.1953125, 0.34375, 0.390625, 0.3125, 0.3125, 0.171875, 0.1796875, 0.1171875]",[64],0.6026264249979029,0.4811672621934653
745,6976.171875,"[0.3125, 0.5, 0.34375, 0.140625, 0.15625, 0.03125, 0.1171875, 0.5, 0.46875, 0.71875, 0.34375, 0.1875, 0.140625, 0.1796875, 0.75, 0.78125, 0.5625, 0.3125, 0.34375, 0.359375, 0.1171875]","[0.15625, 0.3125, 0.203125, 0.234375, 0.09375, 0.015625, 0.1171875, 0.28125, 0.296875, 0.421875, 0.375, 0.109375, 0.1171875, 0.1953125, 0.40625, 0.390625, 0.3125, 0.3125, 0.171875, 0.1796875, 0.1171875]",[72],0.615725312097862,0.4965092534482338
746,6956.171875,"[0.3125, 0.5, 0.34375, 0.140625, 0.15625, 0.03125, 0.1171875, 0.5, 0.46875, 0.71875, 0.34375, 0.1875, 0.140625, 0.1796875, 0.75, 0.78125, 0.5625, 0.3125, 0.34375, 0.359375, 0.1171875]","[0.15625, 0.3125, 0.203125, 0.234375, 0.09375, 0.015625, 0.1171875, 0.28125, 0.296875, 0.421875, 0.375, 0.109375, 0.1171875, 0.1953125, 0.40625, 0.390625, 0.3125, 0.3125, 0.171875, 0.1796875, 0.1171875]",[72],0.615725312097862,0.4965092534482338
747,6976.015625,"[0.3125, 0.5, 0.34375, 0.140625, 0.15625, 0.03125, 0.1171875, 0.5, 0.46875, 0.71875, 0.34375, 0.1875, 0.171875, 0.1796875, 0.75, 0.78125, 0.5625, 0.3125, 0.34375, 0.359375, 0.1171875]","[0.15625, 0.3125, 0.203125, 0.234375, 0.09375, 0.015625, 0.1171875, 0.28125, 0.296875, 0.421875, 0.375, 0.109375, 0.1328125, 0.1953125, 0.40625, 0.390625, 0.3125, 0.3125, 0.171875, 0.1796875, 0.1171875]",[76],0.6092934176879364,0.49192179239207123
748,7055.390625,"[0.3125, 0.5, 0.34375, 0.140625, 0.15625, 0.03125, 0.1171875, 0.5, 0.46875, 0.71875, 0.34375, 0.1875, 0.171875, 0.1796875, 0.75, 0.78125, 0.5625, 0.3125, 0.34375, 0.359375, 0.1171875]","[0.15625, 0.3125, 0.203125, 0.234375, 0.09375, 0.015625, 0.1171875, 0.28125, 0.296875, 0.421875, 0.375, 0.109375, 0.1328125, 0.1953125, 0.40625, 0.390625, 0.3125, 0.3125, 0.171875, 0.1796875, 0.1171875]",[76],0.6092934176879364,0.49192179239207123
749,7133.515625,"[0.3125, 0.46875, 0.59375, 0.140625, 0.15625, 0.03125, 0.1171875, 0.5, 0.46875, 0.71875, 0.34375, 0.1875, 0.171875, 0.1796875, 0.75, 0.78125, 0.5625, 0.3125, 0.34375, 0.359375, 0.1171875]","[0.15625, 0.296875, 0.328125, 0.234375, 0.09375, 0.015625, 0.1171875, 0.28125, 0.296875, 0.421875, 0.375, 0.109375, 0.1328125, 0.1953125, 0.40625, 0.390625, 0.3125, 0.3125, 0.171875, 0.1796875, 0.1171875]",[40],0.6062033039825573,0.48631535471313697
750,7153.515625,"[0.3125, 0.46875, 0.59375, 0.140625, 0.15625, 0.03125, 0.1171875, 0.5, 0.46875, 0.71875, 0.34375, 0.1875, 0.171875, 0.1796875, 0.75, 0.78125, 0.5625, 0.3125, 0.34375, 0.359375, 0.0859375]","[0.15625, 0.296875, 0.328125, 0.234375, 0.09375, 0.015625, 0.1171875, 0.28125, 0.296875, 0.421875, 0.375, 0.109375, 0.1328125, 0.1953125, 0.40625, 0.390625, 0.3125, 0.3125, 0.171875, 0.1796875, 0.0859375]",[40],0.6135599720644048,0.4967484844684628
751,7053.828125,"[0.3125, 0.46875, 0.59375, 0.140625, 0.15625, 0.03125, 0.1171875, 0.5, 0.46875, 0.71875, 0.34375, 0.1875, 0.171875, 0.1796875, 0.75, 0.78125, 0.5625, 0.3125, 0.34375, 0.359375, 0.0859375]","[0.15625, 0.296875, 0.328125, 0.234375, 0.09375, 0.015625, 0.1171875, 0.28125, 0.296875, 0.421875, 0.375, 0.109375, 0.1328125, 0.1953125, 0.40625, 0.390625, 0.3125, 0.3125, 0.171875, 0.1796875, 0.0859375]",[40],0.6135599720644048,0.4967484844684628
752,7073.515625,"[0.3125, 0.46875, 0.59375, 0.140625, 0.15625, 0.03125, 0.1171875, 0.5, 0.34375, 0.71875, 0.34375, 0.1875, 0.171875, 0.1796875, 0.75, 0.78125, 0.5625, 0.3125, 0.34375, 0.359375, 0.0859375]","[0.15625, 0.296875, 0.328125, 0.234375, 0.09375, 0.015625, 0.1171875, 0.28125, 0.234375, 0.421875, 0.375, 0.109375, 0.1328125, 0.1953125, 0.40625, 0.390625, 0.3125, 0.3125, 0.171875, 0.1796875, 0.0859375]",[40],0.6202012121868494,0.4994648898183419
753,7034.140625,"[0.3125, 0.40625, 0.59375, 0.140625, 0.15625, 0.03125, 0.1171875, 0.5, 0.34375, 0.71875, 0.34375, 0.1875, 0.171875, 0.1796875, 0.875, 0.78125, 0.5625, 0.3125, 0.34375, 0.359375, 0.0859375]","[0.15625, 0.265625, 0.328125, 0.234375, 0.09375, 0.015625, 0.1171875, 0.28125, 0.234375, 0.421875, 0.375, 0.109375, 0.1328125, 0.1953125, 0.46875, 0.390625, 0.3125, 0.3125, 0.171875, 0.1796875, 0.0859375]",[81],0.6456093486377675,0.5159547266960542
754,7153.515625,"[0.3125, 0.40625, 0.59375, 0.140625, 0.15625, 0.15625, 0.1171875, 0.5, 0.34375, 0.71875, 0.34375, 0.1875, 0.171875, 0.1796875, 0.875, 0.78125, 0.5625, 0.3125, 0.34375, 0.359375, 0.0859375]","[0.15625, 0.265625, 0.328125, 0.234375, 0.09375, 0.078125, 0.1171875, 0.28125, 0.234375, 0.421875, 0.375, 0.109375, 0.1328125, 0.1953125, 0.46875, 0.390625, 0.3125, 0.3125, 0.171875, 0.1796875, 0.0859375]",[86],0.6158677126018895,0.4893235829057936
755,7193.203125,"[0.3125, 0.40625, 0.59375, 0.140625, 0.15625, 0.15625, 0.1171875, 0.5, 0.34375, 0.71875, 0.34375, 0.1875, 0.171875, 0.1796875, 0.875, 0.78125, 0.5625, 0.3125, 0.34375, 0.359375, 0.0859375]","[0.15625, 0.265625, 0.328125, 0.234375, 0.09375, 0.078125, 0.1171875, 0.28125, 0.234375, 0.421875, 0.375, 0.109375, 0.1328125, 0.1953125, 0.46875, 0.390625, 0.3125, 0.3125, 0.171875, 0.1796875, 0.0859375]",[86],0.6158677126018895,0.4893235829057936
756,7173.359375,"[0.3125, 0.40625, 0.59375, 0.140625, 0.15625, 0.15625, 0.1171875, 0.5, 0.34375, 0.71875, 0.34375, 0.1875, 0.171875, 0.1796875, 0.875, 0.78125, 0.5625, 0.3125, 0.34375, 0.359375, 0.0859375]","[0.15625, 0.265625, 0.328125, 0.234375, 0.09375, 0.078125, 0.1171875, 0.28125, 0.234375, 0.421875, 0.375, 0.109375, 0.1328125, 0.1953125, 0.46875, 0.390625, 0.3125, 0.3125, 0.171875, 0.1796875, 0.0859375]",[86],0.6158677126018895,0.4893235829057936
757,7193.203125,"[0.3125, 0.375, 0.59375, 0.140625, 0.15625, 0.15625, 0.1171875, 0.5, 0.34375, 0.71875, 0.34375, 0.1875, 0.171875, 0.1796875, 0.875, 0.78125, 0.5625, 0.3125, 0.34375, 0.359375, 0.0859375]","[0.15625, 0.25, 0.328125, 0.234375, 0.09375, 0.078125, 0.1171875, 0.28125, 0.234375, 0.421875, 0.375, 0.109375, 0.1328125, 0.1953125, 0.46875, 0.390625, 0.3125, 0.3125, 0.171875, 0.1796875, 0.0859375]",[79],0.6178974337693733,0.4902499220535101
758,7213.203125,"[0.3125, 0.375, 0.59375, 0.09375, 0.15625, 0.15625, 0.1171875, 0.5, 0.34375, 0.71875, 0.34375, 0.1875, 0.171875, 0.1796875, 0.875, 0.78125, 0.5625, 0.3125, 0.40625, 0.359375, 0.0859375]","[0.15625, 0.25, 0.328125, 0.1875, 0.09375, 0.078125, 0.1171875, 0.28125, 0.234375, 0.421875, 0.375, 0.109375, 0.1328125, 0.1953125, 0.46875, 0.390625, 0.3125, 0.3125, 0.203125, 0.1796875, 0.0859375]",[54],0.6237643346063187,0.49116076891666166
759,7311.171875,"[0.3125, 0.375, 0.84375, 0.09375, 0.15625, 0.15625, 0.1171875, 0.5, 0.34375, 0.71875, 0.34375, 0.1875, 0.171875, 0.1796875, 0.875, 0.78125, 0.5625, 0.3125, 0.40625, 0.359375, 0.0859375]","[0.15625, 0.25, 0.453125, 0.1875, 0.09375, 0.078125, 0.1171875, 0.28125, 0.234375, 0.421875, 0.375, 0.109375, 0.1328125, 0.1953125, 0.46875, 0.390625, 0.3125, 0.3125, 0.203125, 0.1796875, 0.0859375]",[69],0.6510167884843201,0.51106381870492
760,7350.859375,"[0.3125, 0.375, 0.84375, 0.09375, 0.15625, 0.15625, 0.1171875, 0.5, 0.28125, 0.71875, 0.34375, 0.1875, 0.171875, 0.1796875, 0.875, 0.78125, 0.5625, 0.3125, 0.375, 0.359375, 0.0859375]","[0.15625, 0.25, 0.453125, 0.1875, 0.09375, 0.078125, 0.1171875, 0.28125, 0.171875, 0.421875, 0.375, 0.109375, 0.1328125, 0.1953125, 0.46875, 0.390625, 0.3125, 0.3125, 0.1875, 0.1796875, 0.0859375]",[8],0.660554362186667,0.5237824631429897
761,7252.03125,"[0.3125, 0.375, 0.84375, 0.09375, 0.15625, 0.15625, 0.1171875, 0.5, 0.28125, 0.71875, 0.3125, 0.1875, 0.171875, 0.1796875, 0.875, 0.78125, 0.5625, 0.3125, 0.375, 0.359375, 0.0859375]","[0.15625, 0.25, 0.453125, 0.1875, 0.09375, 0.078125, 0.1171875, 0.28125, 0.171875, 0.421875, 0.3125, 0.109375, 0.1328125, 0.1953125, 0.46875, 0.390625, 0.3125, 0.3125, 0.1875, 0.1796875, 0.0859375]",[8],0.6639060166900208,0.5191038434816805
762,7231.796875,"[0.3125, 0.375, 0.84375, 0.09375, 0.15625, 0.15625, 0.1171875, 0.5, 0.28125, 0.71875, 0.3125, 0.1875, 0.171875, 0.1796875, 0.875, 0.78125, 0.5625, 0.3125, 0.375, 0.359375, 0.0859375]","[0.15625, 0.25, 0.453125, 0.1875, 0.09375, 0.078125, 0.1171875, 0.28125, 0.171875, 0.421875, 0.3125, 0.109375, 0.1328125, 0.1953125, 0.46875, 0.390625, 0.3125, 0.3125, 0.1875, 0.1796875, 0.0859375]",[8],0.6639060166900208,0.5191038434816805
763,7271.171875,"[0.3125, 0.375, 0.84375, 0.09375, 0.15625, 0.15625, 0.1171875, 0.5, 0.28125, 0.71875, 0.3125, 0.1875, 0.171875, 0.1796875, 1.0, 0.78125, 0.5625, 0.3125, 0.375, 0.359375, 0.0859375]","[0.15625, 0.25, 0.453125, 0.1875, 0.09375, 0.078125, 0.1171875, 0.28125, 0.171875, 0.421875, 0.3125, 0.109375, 0.1328125, 0.1953125, 0.53125, 0.390625, 0.3125, 0.3125, 0.1875, 0.1796875, 0.0859375]",[52],0.6889469438746745,0.5394568583560728
764,7429.921875,"[0.3125, 0.375, 0.84375, 0.09375, 0.15625, 0.15625, 0.1171875, 0.5, 0.28125, 0.71875, 0.3125, 0.1875, 0.171875, 0.1796875, 1.0, 0.78125, 0.5625, 0.3125, 0.375, 0.359375, 0.0859375]","[0.15625, 0.25, 0.453125, 0.1875, 0.09375, 0.078125, 0.1171875, 0.28125, 0.171875, 0.421875, 0.3125, 0.109375, 0.1328125, 0.1953125, 0.53125, 0.390625, 0.3125, 0.3125, 0.1875, 0.1796875, 0.0859375]",[52],0.6889469438746745,0.5394568583560728
765,7310.546875,"[0.3125, 0.375, 0.84375, 0.09375, 0.15625, 0.15625, 0.1171875, 0.5, 0.34375, 0.71875, 0.3125, 0.1875, 0.171875, 0.1796875, 1.0, 0.75, 0.5625, 0.3125, 0.375, 0.359375, 0.0859375]","[0.15625, 0.25, 0.453125, 0.1875, 0.09375, 0.078125, 0.1171875, 0.28125, 0.234375, 0.421875, 0.3125, 0.109375, 0.1328125, 0.1953125, 0.53125, 0.375, 0.3125, 0.3125, 0.1875, 0.1796875, 0.0859375]",[48],0.6782906554256666,0.5274487695797943
766,7310.703125,"[0.3125, 0.375, 0.84375, 0.09375, 0.15625, 0.15625, 0.1171875, 0.5, 0.34375, 0.71875, 0.328125, 0.1875, 0.171875, 0.1796875, 1.0, 0.75, 0.5625, 0.3125, 0.375, 0.359375, 0.0859375]","[0.15625, 0.25, 0.453125, 0.1875, 0.09375, 0.078125, 0.1171875, 0.28125, 0.234375, 0.421875, 0.328125, 0.109375, 0.1328125, 0.1953125, 0.53125, 0.375, 0.3125, 0.3125, 0.1875, 0.1796875, 0.0859375]",[69],0.6765152167228897,0.5278191040824818
767,7350.078125,"[0.3125, 0.375, 0.84375, 0.09375, 0.15625, 0.15625, 0.1171875, 0.5, 0.34375, 0.71875, 0.328125, 0.1875, 0.171875, 0.1796875, 1.0, 0.75, 0.5625, 0.25, 0.375, 0.359375, 0.0859375]","[0.15625, 0.25, 0.453125, 0.1875, 0.09375, 0.078125, 0.1171875, 0.28125, 0.234375, 0.421875, 0.328125, 0.109375, 0.1328125, 0.1953125, 0.53125, 0.375, 0.3125, 0.25, 0.1875, 0.1796875, 0.0859375]",[27],0.6848336004460117,0.5301078399992252
768,7311.015625,"[0.3125, 0.375, 0.84375, 0.09375, 0.15625, 0.15625, 0.1171875, 0.5, 0.34375, 0.71875, 0.328125, 0.1875, 0.171875, 0.1796875, 1.0, 0.75, 0.4375, 0.25, 0.375, 0.359375, 0.0859375]","[0.15625, 0.25, 0.453125, 0.1875, 0.09375, 0.078125, 0.1171875, 0.28125, 0.234375, 0.421875, 0.328125, 0.109375, 0.1328125, 0.1953125, 0.53125, 0.375, 0.25, 0.25, 0.1875, 0.1796875, 0.0859375]",[27],0.6877660086831128,0.5321124889744628
769,7310.078125,"[0.3125, 0.375, 0.84375, 0.09375, 0.15625, 0.15625, 0.1171875, 0.5, 0.34375, 0.71875, 0.328125, 0.1875, 0.171875, 0.1796875, 1.0, 1.0, 0.4375, 0.25, 0.375, 0.359375, 0.0859375]","[0.15625, 0.25, 0.453125, 0.1875, 0.09375, 0.078125, 0.1171875, 0.28125, 0.234375, 0.421875, 0.328125, 0.109375, 0.1328125, 0.1953125, 0.53125, 0.5, 0.25, 0.25, 0.1875, 0.1796875, 0.0859375]",[69],0.7253585315734175,0.5577634256032891
770,7349.765625,"[0.3125, 0.375, 0.84375, 0.09375, 0.15625, 0.15625, 0.1171875, 0.5, 0.34375, 0.71875, 0.328125, 0.1875, 0.1875, 0.1796875, 1.0, 1.0, 0.4375, 0.25, 0.375, 0.359375, 0.0859375]","[0.15625, 0.25, 0.453125, 0.1875, 0.09375, 0.078125, 0.1171875, 0.28125, 0.234375, 0.421875, 0.328125, 0.109375, 0.15625, 0.1953125, 0.53125, 0.5, 0.25, 0.25, 0.1875, 0.1796875, 0.0859375]",[41],0.7225192228340115,0.551848357927019
771,7349.609375,"[0.3125, 0.375, 0.84375, 0.09375, 0.15625, 0.15625, 0.1171875, 0.5, 0.34375, 0.71875, 0.328125, 0.1875, 0.1875, 0.1796875, 0.75, 1.0, 0.46875, 0.25, 0.375, 0.359375, 0.0859375]","[0.15625, 0.25, 0.453125, 0.1875, 0.09375, 0.078125, 0.1171875, 0.28125, 0.234375, 0.421875, 0.328125, 0.109375, 0.15625, 0.1953125, 0.40625, 0.5, 0.265625, 0.25, 0.1875, 0.1796875, 0.0859375]",[31],0.6834415485397932,0.5186205866822298
772,7231.484375,"[0.3125, 0.375, 0.84375, 0.09375, 0.15625, 0.15625, 0.1171875, 0.5, 0.34375, 0.71875, 0.328125, 0.1875, 0.1875, 0.1796875, 0.75, 1.0, 0.46875, 0.25, 0.375, 0.359375, 0.0859375]","[0.15625, 0.25, 0.453125, 0.1875, 0.09375, 0.078125, 0.1171875, 0.28125, 0.234375, 0.421875, 0.328125, 0.109375, 0.15625, 0.1953125, 0.40625, 0.5, 0.265625, 0.25, 0.1875, 0.1796875, 0.0859375]",[31],0.6834415485397932,0.5186205866822298
773,7270.859375,"[0.3125, 0.375, 0.84375, 0.09375, 0.15625, 0.15625, 0.1171875, 0.5, 0.34375, 0.71875, 0.328125, 0.1875, 0.171875, 0.1796875, 0.75, 1.0, 0.46875, 0.25, 0.375, 0.359375, 0.0859375]","[0.15625, 0.25, 0.453125, 0.1875, 0.09375, 0.078125, 0.1171875, 0.28125, 0.234375, 0.421875, 0.328125, 0.109375, 0.1484375, 0.1953125, 0.40625, 0.5, 0.265625, 0.25, 0.1875, 0.1796875, 0.0859375]",[31],0.6863269414711378,0.5205147707251271
774,7331.015625,"[0.3125, 0.375, 0.84375, 0.09375, 0.125, 0.28125, 0.1171875, 0.4375, 0.34375, 0.71875, 0.328125, 0.1875, 0.171875, 0.1796875, 0.75, 1.0, 0.46875, 0.25, 0.375, 0.359375, 0.0859375]","[0.15625, 0.25, 0.453125, 0.1875, 0.0625, 0.140625, 0.1171875, 0.25, 0.234375, 0.421875, 0.328125, 0.109375, 0.1484375, 0.1953125, 0.40625, 0.5, 0.265625, 0.25, 0.1875, 0.1796875, 0.0859375]",[14],0.6744711764221513,0.5139888993415144
775,7291.640625,"[0.3125, 0.375, 0.84375, 0.09375, 0.125, 0.28125, 0.1171875, 0.4375, 0.34375, 0.71875, 0.328125, 0.1875, 0.171875, 0.1796875, 0.75, 1.0, 0.46875, 0.25, 0.375, 0.359375, 0.0859375]","[0.15625, 0.25, 0.453125, 0.1875, 0.0625, 0.140625, 0.1171875, 0.25, 0.234375, 0.421875, 0.328125, 0.109375, 0.1484375, 0.1953125, 0.40625, 0.5, 0.265625, 0.25, 0.1875, 0.1796875, 0.0859375]",[14],0.6744711764221513,0.5139888993415144
776,7271.640625,"[0.3125, 0.375, 0.84375, 0.09375, 0.125, 0.28125, 0.1171875, 0.4375, 0.34375, 0.71875, 0.328125, 0.1875, 0.171875, 0.1796875, 0.75, 1.0, 0.46875, 0.25, 0.375, 0.359375, 0.0859375]","[0.15625, 0.25, 0.453125, 0.1875, 0.0625, 0.140625, 0.1171875, 0.25, 0.234375, 0.421875, 0.328125, 0.109375, 0.1484375, 0.1953125, 0.40625, 0.5, 0.265625, 0.25, 0.1875, 0.1796875, 0.0859375]",[14],0.6744711764221513,0.5139888993415144
777,7291.328125,"[0.375, 0.375, 0.84375, 0.09375, 0.125, 0.28125, 0.1171875, 0.4375, 0.34375, 0.71875, 0.328125, 0.1875, 0.171875, 0.1796875, 0.75, 1.0, 0.46875, 0.25, 0.375, 0.359375, 0.0859375]","[0.1875, 0.25, 0.453125, 0.1875, 0.0625, 0.140625, 0.1171875, 0.25, 0.234375, 0.421875, 0.328125, 0.109375, 0.1484375, 0.1953125, 0.40625, 0.5, 0.265625, 0.25, 0.1875, 0.1796875, 0.0859375]",[50],0.6681808173835123,0.5074190723142262
778,7291.328125,"[0.375, 0.375, 0.84375, 0.09375, 0.125, 0.28125, 0.1171875, 0.4375, 0.34375, 0.71875, 0.328125, 0.1875, 0.171875, 0.1796875, 0.75, 1.0, 0.46875, 0.25, 0.375, 0.359375, 0.0859375]","[0.1875, 0.25, 0.453125, 0.1875, 0.0625, 0.140625, 0.1171875, 0.25, 0.234375, 0.421875, 0.328125, 0.109375, 0.1484375, 0.1953125, 0.40625, 0.5, 0.265625, 0.25, 0.1875, 0.1796875, 0.0859375]","[50, 70]",0.6681808173835123,0.5074190723142262
779,7530.078125,"[0.375, 0.375, 0.84375, 0.09375, 0.125, 0.28125, 0.1171875, 0.4375, 0.34375, 0.71875, 0.328125, 0.1875, 0.171875, 0.2421875, 0.75, 1.0, 0.46875, 0.25, 0.375, 0.359375, 0.0859375]","[0.1875, 0.25, 0.453125, 0.1875, 0.0625, 0.140625, 0.1171875, 0.25, 0.234375, 0.421875, 0.328125, 0.109375, 0.1484375, 0.2578125, 0.40625, 0.5, 0.265625, 0.25, 0.1875, 0.1796875, 0.0859375]",[50],0.6576928444924878,0.4999461815180937
780,7490.078125,"[0.375, 0.375, 0.84375, 0.09375, 0.125, 0.28125, 0.1171875, 0.4375, 0.34375, 0.71875, 0.328125, 0.1875, 0.171875, 0.2421875, 0.75, 1.0, 0.46875, 0.25, 0.375, 0.359375, 0.0859375]","[0.1875, 0.25, 0.453125, 0.1875, 0.0625, 0.140625, 0.1171875, 0.25, 0.234375, 0.421875, 0.328125, 0.109375, 0.1484375, 0.2578125, 0.40625, 0.5, 0.265625, 0.25, 0.1875, 0.1796875, 0.0859375]",[50],0.6576928444924878,0.4999461815180937
781,7470.546875,"[0.375, 0.375, 0.84375, 0.09375, 0.125, 0.28125, 0.1171875, 0.4375, 0.34375, 0.71875, 0.328125, 0.1875, 0.171875, 0.2421875, 0.75, 1.0, 0.46875, 0.25, 0.375, 0.359375, 0.0859375]","[0.1875, 0.25, 0.453125, 0.1875, 0.0625, 0.140625, 0.1171875, 0.25, 0.234375, 0.421875, 0.328125, 0.109375, 0.1484375, 0.2578125, 0.40625, 0.5, 0.265625, 0.25, 0.1875, 0.1796875, 0.0859375]",[50],0.6576928444924878,0.4999461815180937
782,7490.078125,"[0.375, 0.375, 0.84375, 0.09375, 0.125, 0.28125, 0.1171875, 0.4375, 0.40625, 0.71875, 0.328125, 0.1875, 0.171875, 0.2421875, 0.75, 1.0, 0.46875, 0.25, 0.375, 0.359375, 0.0859375]","[0.1875, 0.25, 0.453125, 0.1875, 0.0625, 0.140625, 0.1171875, 0.25, 0.265625, 0.421875, 0.328125, 0.109375, 0.1484375, 0.2578125, 0.40625, 0.5, 0.265625, 0.25, 0.1875, 0.1796875, 0.0859375]",[78],0.6524207237896209,0.49737431353247136
783,7568.828125,"[0.375, 0.375, 0.84375, 0.09375, 0.125, 0.28125, 0.1171875, 0.4375, 0.40625, 0.71875, 0.328125, 0.1875, 0.171875, 0.2421875, 0.75, 1.0, 0.46875, 0.25, 0.375, 0.359375, 0.0859375]","[0.1875, 0.25, 0.453125, 0.1875, 0.0625, 0.140625, 0.1171875, 0.25, 0.265625, 0.421875, 0.328125, 0.109375, 0.1484375, 0.2578125, 0.40625, 0.5, 0.265625, 0.25, 0.1875, 0.1796875, 0.0859375]",[78],0.6524207237896209,0.49737431353247136
784,7490.078125,"[0.375, 0.375, 0.84375, 0.09375, 0.125, 0.28125, 0.1171875, 0.4375, 0.40625, 0.71875, 0.328125, 0.1875, 0.171875, 0.2421875, 0.75, 1.0, 0.46875, 0.25, 0.375, 0.359375, 0.0859375]","[0.1875, 0.25, 0.453125, 0.1875, 0.0625, 0.140625, 0.1171875, 0.25, 0.265625, 0.421875, 0.328125, 0.109375, 0.1484375, 0.2578125, 0.40625, 0.5, 0.265625, 0.25, 0.1875, 0.1796875, 0.0859375]","[78, 84]",0.6524207237896209,0.49737431353247136
785,7688.828125,"[0.375, 0.4375, 0.84375, 0.09375, 0.125, 0.28125, 0.1171875, 0.4375, 0.40625, 0.71875, 0.328125, 0.1875, 0.171875, 0.2421875, 0.75, 1.0, 0.46875, 0.25, 0.375, 0.359375, 0.0859375]","[0.1875, 0.3125, 0.453125, 0.1875, 0.0625, 0.140625, 0.1171875, 0.25, 0.265625, 0.421875, 0.328125, 0.109375, 0.1484375, 0.2578125, 0.40625, 0.5, 0.265625, 0.25, 0.1875, 0.1796875, 0.0859375]",[78],0.648113538648509,0.4952686815801502
786,7549.140625,"[0.375, 0.4375, 0.84375, 0.09375, 0.125, 0.28125, 0.1171875, 0.4375, 0.40625, 0.71875, 0.328125, 0.1875, 0.15625, 0.2421875, 0.75, 1.0, 0.46875, 0.25, 0.375, 0.359375, 0.0859375]","[0.1875, 0.3125, 0.453125, 0.1875, 0.0625, 0.140625, 0.1171875, 0.25, 0.265625, 0.421875, 0.328125, 0.109375, 0.140625, 0.2578125, 0.40625, 0.5, 0.265625, 0.25, 0.1875, 0.1796875, 0.0859375]",[62],0.6510842281460797,0.4972781736832166
787,7549.296875,"[0.375, 0.4375, 0.84375, 0.09375, 0.125, 0.28125, 0.1171875, 0.4375, 0.40625, 0.71875, 0.328125, 0.1875, 0.15625, 0.2421875, 0.75, 0.75, 0.46875, 0.25, 0.375, 0.359375, 0.0859375]","[0.1875, 0.3125, 0.453125, 0.1875, 0.0625, 0.140625, 0.1171875, 0.25, 0.265625, 0.421875, 0.328125, 0.109375, 0.140625, 0.2578125, 0.40625, 0.375, 0.265625, 0.25, 0.1875, 0.1796875, 0.0859375]",[12],0.6044392381659834,0.46709515883044234
788,7431.484375,"[0.375, 0.4375, 0.8125, 0.09375, 0.125, 0.28125, 0.1171875, 0.4375, 0.40625, 0.71875, 0.328125, 0.1875, 0.15625, 0.2421875, 0.5, 0.75, 0.40625, 0.3125, 0.375, 0.359375, 0.0859375]","[0.1875, 0.3125, 0.4375, 0.1875, 0.0625, 0.140625, 0.1171875, 0.25, 0.265625, 0.421875, 0.328125, 0.109375, 0.140625, 0.2578125, 0.28125, 0.375, 0.203125, 0.3125, 0.1875, 0.1796875, 0.0859375]",[24],0.5714665846141714,0.4536589595862769
789,7373.671875,"[0.375, 0.4375, 0.8125, 0.09375, 0.125, 0.28125, 0.1171875, 0.4375, 0.40625, 0.71875, 0.328125, 0.1875, 0.125, 0.2421875, 0.5, 0.75, 0.40625, 0.3125, 0.375, 0.484375, 0.0859375]","[0.1875, 0.3125, 0.4375, 0.1875, 0.0625, 0.140625, 0.1171875, 0.25, 0.265625, 0.421875, 0.328125, 0.109375, 0.109375, 0.2578125, 0.28125, 0.375, 0.203125, 0.3125, 0.1875, 0.2421875, 0.0859375]",[62],0.573751075182213,0.45474433070862696
790,7373.671875,"[0.375, 0.4375, 0.8125, 0.09375, 0.125, 0.28125, 0.1171875, 0.4375, 0.40625, 0.71875, 0.203125, 0.1875, 0.125, 0.2421875, 0.5, 0.75, 0.40625, 0.3125, 0.25, 0.515625, 0.0859375]","[0.1875, 0.3125, 0.4375, 0.1875, 0.0625, 0.140625, 0.1171875, 0.25, 0.265625, 0.421875, 0.203125, 0.109375, 0.109375, 0.2578125, 0.28125, 0.375, 0.203125, 0.3125, 0.125, 0.2734375, 0.0859375]",[46],0.6045486993812611,0.47136316951719853
791,7075.859375,"[0.375, 0.4375, 0.8125, 0.09375, 0.125, 0.28125, 0.1171875, 0.4375, 0.40625, 0.71875, 0.203125, 0.1875, 0.125, 0.234375, 0.5, 0.75, 0.40625, 0.3125, 0.25, 0.515625, 0.0859375]","[0.1875, 0.3125, 0.4375, 0.1875, 0.0625, 0.140625, 0.1171875, 0.25, 0.265625, 0.421875, 0.203125, 0.109375, 0.109375, 0.25, 0.28125, 0.375, 0.203125, 0.3125, 0.125, 0.2734375, 0.0859375]",[46],0.6057525364780435,0.4716844730216559
792,7075.9375,"[0.375, 0.4375, 0.8125, 0.09375, 0.125, 0.28125, 0.1171875, 0.4375, 0.40625, 0.71875, 0.203125, 0.1875, 0.125, 0.234375, 0.5, 0.75, 0.40625, 0.3125, 0.25, 0.515625, 0.0859375]","[0.1875, 0.3125, 0.4375, 0.1875, 0.0625, 0.140625, 0.1171875, 0.25, 0.265625, 0.421875, 0.203125, 0.109375, 0.109375, 0.25, 0.28125, 0.375, 0.203125, 0.3125, 0.125, 0.2734375, 0.0859375]",[46],0.6057525364780435,0.4716844730216559
793,7115.0,"[0.375, 0.4375, 0.8125, 0.09375, 0.125, 0.28125, 0.1171875, 0.4375, 0.40625, 0.65625, 0.203125, 0.15625, 0.125, 0.234375, 0.5, 0.75, 0.40625, 0.1875, 0.25, 0.515625, 0.0859375]","[0.1875, 0.3125, 0.4375, 0.1875, 0.0625, 0.140625, 0.1171875, 0.25, 0.265625, 0.359375, 0.203125, 0.09375, 0.109375, 0.25, 0.28125, 0.375, 0.203125, 0.1875, 0.125, 0.2734375, 0.0859375]",[6],0.6216978133205133,0.46562752206460667
794,6955.9375,"[0.375, 0.375, 0.8125, 0.09375, 0.125, 0.28125, 0.1171875, 0.4375, 0.40625, 0.90625, 0.203125, 0.15625, 0.125, 0.234375, 0.5, 0.75, 0.40625, 0.1875, 0.25, 0.515625, 0.0859375]","[0.1875, 0.25, 0.4375, 0.1875, 0.0625, 0.140625, 0.1171875, 0.25, 0.265625, 0.484375, 0.203125, 0.09375, 0.109375, 0.25, 0.28125, 0.375, 0.203125, 0.1875, 0.125, 0.2734375, 0.0859375]",[33],0.6700320593939243,0.5044270373256151
795,6956.25,"[0.375, 0.375, 0.8125, 0.09375, 0.125, 0.28125, 0.1171875, 0.3125, 0.40625, 0.90625, 0.203125, 0.15625, 0.125, 0.234375, 0.5, 0.75, 0.40625, 0.1875, 0.25, 0.546875, 0.0859375]","[0.1875, 0.25, 0.4375, 0.1875, 0.0625, 0.140625, 0.1171875, 0.1875, 0.265625, 0.484375, 0.203125, 0.09375, 0.109375, 0.25, 0.28125, 0.375, 0.203125, 0.1875, 0.125, 0.3046875, 0.0859375]",[39],0.6800499622085726,0.5121747337819796
796,6897.421875,"[0.375, 0.375, 0.8125, 0.09375, 0.125, 0.28125, 0.1171875, 0.3125, 0.40625, 0.90625, 0.203125, 0.15625, 0.125, 0.234375, 0.5, 0.75, 0.40625, 0.1875, 0.25, 0.546875, 0.09375]","[0.1875, 0.25, 0.4375, 0.1875, 0.0625, 0.140625, 0.1171875, 0.1875, 0.265625, 0.484375, 0.203125, 0.09375, 0.109375, 0.25, 0.28125, 0.375, 0.203125, 0.1875, 0.125, 0.3046875, 0.09375]",[46],0.6781451295896953,0.5093277380507921
797,6937.265625,"[0.375, 0.375, 0.8125, 0.09375, 0.125, 0.28125, 0.1171875, 0.3125, 0.40625, 0.90625, 0.203125, 0.15625, 0.125, 0.234375, 0.5, 0.75, 0.28125, 0.1875, 0.25, 0.546875, 0.109375]","[0.1875, 0.25, 0.4375, 0.1875, 0.0625, 0.140625, 0.1171875, 0.1875, 0.265625, 0.484375, 0.203125, 0.09375, 0.109375, 0.25, 0.28125, 0.375, 0.140625, 0.1875, 0.125, 0.3046875, 0.109375]",[49],0.6862100049706323,0.5165273389648879
798,6937.265625,"[0.375, 0.375, 0.8125, 0.09375, 0.109375, 0.28125, 0.1171875, 0.3125, 0.40625, 0.90625, 0.203125, 0.15625, 0.125, 0.234375, 0.5, 0.75, 0.28125, 0.1875, 0.25, 0.546875, 0.109375]","[0.1875, 0.25, 0.4375, 0.1875, 0.0546875, 0.140625, 0.1171875, 0.1875, 0.265625, 0.484375, 0.203125, 0.09375, 0.109375, 0.25, 0.28125, 0.375, 0.140625, 0.1875, 0.125, 0.3046875, 0.109375]",[21],0.6897998528695778,0.519863294521308
799,6997.421875,"[0.375, 0.375, 0.8125, 0.09375, 0.109375, 0.28125, 0.1171875, 0.3125, 0.40625, 0.90625, 0.328125, 0.15625, 0.125, 0.234375, 0.5, 0.75, 0.28125, 0.1875, 0.25, 0.546875, 0.109375]","[0.1875, 0.25, 0.4375, 0.1875, 0.0546875, 0.140625, 0.1171875, 0.1875, 0.265625, 0.484375, 0.328125, 0.09375, 0.109375, 0.25, 0.28125, 0.375, 0.140625, 0.1875, 0.125, 0.3046875, 0.109375]",[49],0.6722348815211471,0.5175176071444847
800,7037.109375,"[0.375, 0.375, 0.8125, 0.09375, 0.109375, 0.28125, 0.1171875, 0.3125, 0.40625, 0.90625, 0.328125, 0.15625, 0.125, 0.234375, 0.5, 0.75, 0.28125, 0.1875, 0.25, 0.546875, 0.109375]","[0.1875, 0.25, 0.4375, 0.1875, 0.0546875, 0.140625, 0.1171875, 0.1875, 0.265625, 0.484375, 0.328125, 0.09375, 0.109375, 0.25, 0.28125, 0.375, 0.140625, 0.1875, 0.125, 0.3046875, 0.109375]",[49],0.6722348815211471,0.5175176071444847
801,7017.34375,"[0.375, 0.375, 0.8125, 0.09375, 0.109375, 0.28125, 0.1171875, 0.3125, 0.40625, 0.84375, 0.328125, 0.15625, 0.125, 0.2421875, 0.5, 0.75, 0.28125, 0.1875, 0.25, 0.546875, 0.109375]","[0.1875, 0.25, 0.4375, 0.1875, 0.0546875, 0.140625, 0.1171875, 0.1875, 0.265625, 0.421875, 0.328125, 0.09375, 0.109375, 0.2578125, 0.28125, 0.375, 0.140625, 0.1875, 0.125, 0.3046875, 0.109375]",[23],0.6567099579056904,0.49523910911027996
802,7017.34375,"[0.375, 0.375, 0.8125, 0.09375, 0.109375, 0.28125, 0.1171875, 0.3125, 0.40625, 0.59375, 0.328125, 0.15625, 0.125, 0.2421875, 0.5, 0.75, 0.34375, 0.1875, 0.25, 0.546875, 0.109375]","[0.1875, 0.25, 0.4375, 0.1875, 0.0546875, 0.140625, 0.1171875, 0.1875, 0.265625, 0.296875, 0.328125, 0.09375, 0.109375, 0.2578125, 0.28125, 0.375, 0.171875, 0.1875, 0.125, 0.3046875, 0.109375]",[43],0.6100234507567414,0.4624381990871451
803,6938.59375,"[0.5, 0.375, 0.8125, 0.09375, 0.109375, 0.28125, 0.1171875, 0.3125, 0.40625, 0.59375, 0.328125, 0.15625, 0.125, 0.2421875, 0.5, 0.75, 0.34375, 0.1875, 0.25, 0.546875, 0.109375]","[0.25, 0.25, 0.4375, 0.1875, 0.0546875, 0.140625, 0.1171875, 0.1875, 0.265625, 0.296875, 0.328125, 0.09375, 0.109375, 0.2578125, 0.28125, 0.375, 0.171875, 0.1875, 0.125, 0.3046875, 0.109375]",[73],0.6079115674306672,0.45668505189360836
804,7097.34375,"[0.5, 0.375, 0.8125, 0.09375, 0.109375, 0.28125, 0.1171875, 0.3125, 0.40625, 0.59375, 0.328125, 0.15625, 0.125, 0.2421875, 0.5, 0.75, 0.34375, 0.1875, 0.25, 0.671875, 0.109375]","[0.25, 0.25, 0.4375, 0.1875, 0.0546875, 0.140625, 0.1171875, 0.1875, 0.265625, 0.296875, 0.328125, 0.09375, 0.109375, 0.2578125, 0.28125, 0.375, 0.171875, 0.1875, 0.125, 0.3671875, 0.109375]",[74],0.6192260170689324,0.46656947481584343
805,7137.03125,"[0.5, 0.375, 0.8125, 0.09375, 0.109375, 0.28125, 0.1171875, 0.3125, 0.40625, 0.59375, 0.328125, 0.15625, 0.125, 0.2421875, 0.5, 0.75, 0.34375, 0.1875, 0.25, 0.671875, 0.109375]","[0.25, 0.25, 0.4375, 0.1875, 0.0546875, 0.140625, 0.1171875, 0.1875, 0.265625, 0.296875, 0.328125, 0.09375, 0.109375, 0.2578125, 0.28125, 0.375, 0.171875, 0.1875, 0.125, 0.3671875, 0.109375]",[74],0.6192260170689324,0.46656947481584343
806,7117.03125,"[0.5, 0.375, 0.8125, 0.09375, 0.109375, 0.28125, 0.1171875, 0.3125, 0.40625, 0.59375, 0.328125, 0.15625, 0.125, 0.2421875, 0.5, 0.75, 0.34375, 0.1875, 0.25, 0.671875, 0.109375]","[0.25, 0.25, 0.4375, 0.1875, 0.0546875, 0.140625, 0.1171875, 0.1875, 0.265625, 0.296875, 0.328125, 0.09375, 0.109375, 0.2578125, 0.28125, 0.375, 0.171875, 0.1875, 0.125, 0.3671875, 0.109375]",[74],0.6192260170689324,0.46656947481584343
807,7136.71875,"[0.5, 0.375, 0.8125, 0.09375, 0.109375, 0.28125, 0.1171875, 0.375, 0.40625, 0.59375, 0.328125, 0.15625, 0.125, 0.2421875, 0.5, 0.75, 0.34375, 0.1875, 0.25, 0.671875, 0.109375]","[0.25, 0.25, 0.4375, 0.1875, 0.0546875, 0.140625, 0.1171875, 0.21875, 0.265625, 0.296875, 0.328125, 0.09375, 0.109375, 0.2578125, 0.28125, 0.375, 0.171875, 0.1875, 0.125, 0.3671875, 0.109375]",[78],0.613796653871918,0.4623320376907028
808,7215.46875,"[0.5, 0.375, 0.8125, 0.09375, 0.109375, 0.28125, 0.1171875, 0.375, 0.40625, 0.59375, 0.328125, 0.15625, 0.125, 0.2421875, 0.5, 0.75, 0.34375, 0.1875, 0.25, 0.671875, 0.109375]","[0.25, 0.25, 0.4375, 0.1875, 0.0546875, 0.140625, 0.1171875, 0.21875, 0.265625, 0.296875, 0.328125, 0.09375, 0.109375, 0.2578125, 0.28125, 0.375, 0.171875, 0.1875, 0.125, 0.3671875, 0.109375]",[78],0.613796653871918,0.4623320376907028
809,7296.09375,"[0.5, 0.375, 0.8125, 0.09375, 0.109375, 0.28125, 0.1796875, 0.375, 0.40625, 0.59375, 0.328125, 0.15625, 0.125, 0.2109375, 0.5, 0.75, 0.34375, 0.1875, 0.25, 0.671875, 0.109375]","[0.25, 0.25, 0.4375, 0.1875, 0.0546875, 0.140625, 0.1796875, 0.21875, 0.265625, 0.296875, 0.328125, 0.09375, 0.109375, 0.2265625, 0.28125, 0.375, 0.171875, 0.1875, 0.125, 0.3671875, 0.109375]",[37],0.6056260943672088,0.44813422899201816
810,7255.78125,"[0.5, 0.375, 0.8125, 0.09375, 0.109375, 0.28125, 0.1796875, 0.375, 0.40625, 0.59375, 0.328125, 0.15625, 0.125, 0.2109375, 0.4375, 0.75, 0.34375, 0.1875, 0.25, 0.671875, 0.109375]","[0.25, 0.25, 0.4375, 0.1875, 0.0546875, 0.140625, 0.1796875, 0.21875, 0.265625, 0.296875, 0.328125, 0.09375, 0.109375, 0.2265625, 0.25, 0.375, 0.171875, 0.1875, 0.125, 0.3671875, 0.109375]",[37],0.6059597752675352,0.4481161362694928
811,7196.71875,"[0.5, 0.40625, 0.8125, 0.09375, 0.109375, 0.28125, 0.1796875, 0.375, 0.40625, 0.59375, 0.328125, 0.125, 0.125, 0.2109375, 0.4375, 0.75, 0.34375, 0.1875, 0.25, 0.671875, 0.109375]","[0.25, 0.265625, 0.4375, 0.1875, 0.0546875, 0.140625, 0.1796875, 0.21875, 0.265625, 0.296875, 0.328125, 0.078125, 0.109375, 0.2265625, 0.25, 0.375, 0.171875, 0.1875, 0.125, 0.3671875, 0.109375]",[36],0.6110236255041662,0.45396154141191425
812,7196.71875,"[0.5, 0.40625, 0.8125, 0.09375, 0.109375, 0.3125, 0.1796875, 0.375, 0.40625, 0.59375, 0.328125, 0.125, 0.125, 0.2109375, 0.4375, 0.75, 0.34375, 0.1875, 0.25, 0.671875, 0.109375]","[0.25, 0.265625, 0.4375, 0.1875, 0.0546875, 0.15625, 0.1796875, 0.21875, 0.265625, 0.296875, 0.328125, 0.078125, 0.109375, 0.2265625, 0.25, 0.375, 0.171875, 0.1875, 0.125, 0.3671875, 0.109375]",[57],0.6073859331340217,0.44999593765998086
813,7275.46875,"[0.5, 0.40625, 0.8125, 0.09375, 0.078125, 0.3125, 0.1796875, 0.375, 0.40625, 0.59375, 0.328125, 0.125, 0.125, 0.2109375, 0.4375, 0.875, 0.34375, 0.1875, 0.25, 0.671875, 0.109375]","[0.25, 0.265625, 0.4375, 0.1875, 0.0390625, 0.15625, 0.1796875, 0.21875, 0.265625, 0.296875, 0.328125, 0.078125, 0.109375, 0.2265625, 0.25, 0.4375, 0.171875, 0.1875, 0.125, 0.3671875, 0.109375]",[30],0.6401229106353103,0.47507894080878815
814,7394.53125,"[0.5, 0.40625, 0.8125, 0.09375, 0.203125, 0.3125, 0.1796875, 0.375, 0.40625, 0.59375, 0.328125, 0.125, 0.125, 0.1484375, 0.4375, 0.875, 0.34375, 0.1875, 0.25, 0.671875, 0.109375]","[0.25, 0.265625, 0.4375, 0.1875, 0.1015625, 0.15625, 0.1796875, 0.21875, 0.265625, 0.296875, 0.328125, 0.078125, 0.109375, 0.1640625, 0.25, 0.4375, 0.171875, 0.1875, 0.125, 0.3671875, 0.109375]",[60],0.6253559269999334,0.4590933093246586
815,7274.84375,"[0.5, 0.40625, 0.8125, 0.09375, 0.203125, 0.3125, 0.1796875, 0.375, 0.40625, 0.59375, 0.328125, 0.125, 0.125, 0.1484375, 0.4375, 0.875, 0.34375, 0.21875, 0.25, 0.65625, 0.109375]","[0.25, 0.265625, 0.4375, 0.1875, 0.1015625, 0.15625, 0.1796875, 0.21875, 0.265625, 0.296875, 0.328125, 0.078125, 0.109375, 0.1640625, 0.25, 0.4375, 0.171875, 0.25, 0.125, 0.359375, 0.109375]",[45],0.6182815988016032,0.450816732138065
816,7274.84375,"[0.5, 0.40625, 0.8125, 0.109375, 0.203125, 0.3125, 0.1796875, 0.375, 0.40625, 0.59375, 0.328125, 0.125, 0.125, 0.1484375, 0.375, 0.875, 0.34375, 0.21875, 0.25, 0.65625, 0.109375]","[0.25, 0.265625, 0.4375, 0.203125, 0.1015625, 0.15625, 0.1796875, 0.21875, 0.265625, 0.296875, 0.328125, 0.078125, 0.109375, 0.1640625, 0.21875, 0.4375, 0.171875, 0.25, 0.125, 0.359375, 0.109375]",[84],0.6178318354042598,0.45074595337808127
817,7275.15625,"[0.5, 0.40625, 0.8125, 0.109375, 0.203125, 0.34375, 0.1796875, 0.375, 0.40625, 0.59375, 0.328125, 0.125, 0.125, 0.1484375, 0.375, 0.875, 0.34375, 0.21875, 0.25, 0.65625, 0.109375]","[0.25, 0.265625, 0.4375, 0.203125, 0.1015625, 0.171875, 0.1796875, 0.21875, 0.265625, 0.296875, 0.328125, 0.078125, 0.109375, 0.1640625, 0.21875, 0.4375, 0.171875, 0.25, 0.125, 0.359375, 0.109375]",[85],0.6147277255497358,0.44726275062124
818,7354.53125,"[0.5, 0.40625, 0.8125, 0.109375, 0.203125, 0.34375, 0.1796875, 0.375, 0.40625, 0.59375, 0.328125, 0.125, 0.125, 0.1484375, 0.375, 0.625, 0.34375, 0.21875, 0.25, 0.65625, 0.109375]","[0.25, 0.265625, 0.4375, 0.203125, 0.1015625, 0.171875, 0.1796875, 0.21875, 0.265625, 0.296875, 0.328125, 0.078125, 0.109375, 0.1640625, 0.21875, 0.3125, 0.171875, 0.25, 0.125, 0.359375, 0.109375]",[27],0.5694719390788164,0.4165942974420332
819,7277.03125,"[0.5, 0.40625, 0.8125, 0.109375, 0.203125, 0.34375, 0.2109375, 0.375, 0.40625, 0.59375, 0.328125, 0.125, 0.125, 0.1484375, 0.375, 0.625, 0.09375, 0.21875, 0.25, 0.65625, 0.109375]","[0.25, 0.265625, 0.4375, 0.203125, 0.1015625, 0.171875, 0.2109375, 0.21875, 0.265625, 0.296875, 0.328125, 0.078125, 0.109375, 0.1640625, 0.21875, 0.3125, 0.046875, 0.25, 0.125, 0.359375, 0.109375]",[55],0.6055674782175384,0.45515315900188036
820,7079.21875,"[0.46875, 0.40625, 0.8125, 0.109375, 0.203125, 0.34375, 0.2109375, 0.375, 0.40625, 0.59375, 0.328125, 0.125, 0.125, 0.1484375, 0.375, 0.625, 0.09375, 0.21875, 0.25, 0.65625, 0.109375]","[0.234375, 0.265625, 0.4375, 0.203125, 0.1015625, 0.171875, 0.2109375, 0.21875, 0.265625, 0.296875, 0.328125, 0.078125, 0.109375, 0.1640625, 0.21875, 0.3125, 0.046875, 0.25, 0.125, 0.359375, 0.109375]",[19],0.6049272433988776,0.45576964752334614
821,7040.0,"[0.46875, 0.40625, 0.8125, 0.109375, 0.203125, 0.359375, 0.2109375, 0.375, 0.40625, 0.59375, 0.328125, 0.125, 0.125, 0.1484375, 0.375, 0.625, 0.09375, 0.21875, 0.25, 0.65625, 0.09375]","[0.234375, 0.265625, 0.4375, 0.203125, 0.1015625, 0.1796875, 0.2109375, 0.21875, 0.265625, 0.296875, 0.328125, 0.078125, 0.109375, 0.1640625, 0.21875, 0.3125, 0.046875, 0.25, 0.125, 0.359375, 0.09375]",[11],0.6077007336456803,0.4598695844717524
822,7039.53125,"[0.46875, 0.40625, 0.8125, 0.109375, 0.203125, 0.359375, 0.2109375, 0.375, 0.40625, 0.59375, 0.328125, 0.125, 0.125, 0.1484375, 0.375, 0.625, 0.09375, 0.21875, 0.25, 0.625, 0.09375]","[0.234375, 0.265625, 0.4375, 0.203125, 0.1015625, 0.1796875, 0.2109375, 0.21875, 0.265625, 0.296875, 0.328125, 0.078125, 0.109375, 0.1640625, 0.21875, 0.3125, 0.046875, 0.25, 0.125, 0.328125, 0.09375]",[11],0.6035266469545014,0.45375132350503544
823,7039.84375,"[0.46875, 0.40625, 0.8125, 0.109375, 0.203125, 0.359375, 0.1484375, 0.375, 0.40625, 0.59375, 0.328125, 0.09375, 0.125, 0.1484375, 0.375, 0.625, 0.09375, 0.21875, 0.25, 0.625, 0.09375]","[0.234375, 0.265625, 0.4375, 0.203125, 0.1015625, 0.1796875, 0.1484375, 0.21875, 0.265625, 0.296875, 0.328125, 0.046875, 0.109375, 0.1640625, 0.21875, 0.3125, 0.046875, 0.25, 0.125, 0.328125, 0.09375]",[10],0.6234699465148851,0.4787446381646781
824,6918.90625,"[0.46875, 0.40625, 0.8125, 0.109375, 0.203125, 0.359375, 0.1484375, 0.375, 0.59375, 0.59375, 0.328125, 0.09375, 0.125, 0.1484375, 0.375, 0.625, 0.09375, 0.21875, 0.25, 0.625, 0.09375]","[0.234375, 0.265625, 0.4375, 0.203125, 0.1015625, 0.1796875, 0.1484375, 0.21875, 0.328125, 0.296875, 0.328125, 0.046875, 0.109375, 0.1640625, 0.21875, 0.3125, 0.046875, 0.25, 0.125, 0.328125, 0.09375]",[11],0.6285610641471461,0.48413892419126964
825,6919.21875,"[0.46875, 0.40625, 0.8125, 0.109375, 0.203125, 0.359375, 0.1484375, 0.375, 0.59375, 0.59375, 0.328125, 0.09375, 0.125, 0.1484375, 0.375, 0.625, 0.09375, 0.21875, 0.25, 0.625, 0.09375]","[0.234375, 0.265625, 0.4375, 0.203125, 0.1015625, 0.1796875, 0.1484375, 0.21875, 0.328125, 0.296875, 0.328125, 0.046875, 0.109375, 0.1640625, 0.21875, 0.3125, 0.046875, 0.25, 0.125, 0.328125, 0.09375]",[11],0.6285610641471461,0.48413892419126964
826,6899.21875,"[0.46875, 0.40625, 0.8125, 0.109375, 0.203125, 0.359375, 0.1484375, 0.375, 0.53125, 0.59375, 0.328125, 0.09375, 0.125, 0.1484375, 0.375, 0.625, 0.09375, 0.21875, 0.25, 0.625, 0.09375]","[0.234375, 0.265625, 0.4375, 0.203125, 0.1015625, 0.1796875, 0.1484375, 0.21875, 0.296875, 0.296875, 0.328125, 0.046875, 0.109375, 0.1640625, 0.21875, 0.3125, 0.046875, 0.25, 0.125, 0.328125, 0.09375]",[1],0.6244196140104142,0.48045392499757056
827,6879.84375,"[0.46875, 0.40625, 0.8125, 0.109375, 0.203125, 0.359375, 0.1484375, 0.375, 0.53125, 0.59375, 0.328125, 0.09375, 0.125, 0.1484375, 0.375, 0.625, 0.09375, 0.21875, 0.25, 0.625, 0.09375]","[0.234375, 0.265625, 0.4375, 0.203125, 0.1015625, 0.1796875, 0.1484375, 0.21875, 0.296875, 0.296875, 0.328125, 0.046875, 0.109375, 0.1640625, 0.21875, 0.3125, 0.046875, 0.25, 0.125, 0.328125, 0.09375]",[1],0.6244196140104142,0.48045392499757056
828,6919.53125,"[0.46875, 0.40625, 0.8125, 0.109375, 0.203125, 0.421875, 0.1484375, 0.375, 0.53125, 0.59375, 0.328125, 0.09375, 0.125, 0.1484375, 0.375, 0.625, 0.09375, 0.21875, 0.25, 0.625, 0.09375]","[0.234375, 0.265625, 0.4375, 0.203125, 0.1015625, 0.2109375, 0.1484375, 0.21875, 0.296875, 0.296875, 0.328125, 0.046875, 0.109375, 0.1640625, 0.21875, 0.3125, 0.046875, 0.25, 0.125, 0.328125, 0.09375]",[11],0.6212918076936358,0.47600372657027373
829,7077.03125,"[0.46875, 0.40625, 0.8125, 0.109375, 0.203125, 0.421875, 0.1484375, 0.3125, 0.53125, 0.59375, 0.328125, 0.09375, 0.125, 0.1484375, 0.375, 0.875, 0.09375, 0.21875, 0.25, 0.625, 0.09375]","[0.234375, 0.265625, 0.4375, 0.203125, 0.1015625, 0.2109375, 0.1484375, 0.15625, 0.296875, 0.296875, 0.328125, 0.046875, 0.109375, 0.1640625, 0.21875, 0.4375, 0.046875, 0.25, 0.125, 0.328125, 0.09375]",[16],0.6695655957685089,0.5154232910739304
830,7077.5,"[0.46875, 0.40625, 0.8125, 0.109375, 0.203125, 0.421875, 0.1640625, 0.3125, 0.53125, 0.59375, 0.328125, 0.09375, 0.125, 0.1484375, 0.375, 0.875, 0.09375, 0.21875, 0.25, 0.625, 0.09375]","[0.234375, 0.265625, 0.4375, 0.203125, 0.1015625, 0.2109375, 0.1796875, 0.15625, 0.296875, 0.296875, 0.328125, 0.046875, 0.109375, 0.1640625, 0.21875, 0.4375, 0.046875, 0.25, 0.125, 0.328125, 0.09375]",[33],0.6663579116205571,0.5086762097108559
831,7097.1875,"[0.46875, 0.40625, 0.8125, 0.109375, 0.203125, 0.421875, 0.1640625, 0.3125, 0.53125, 0.59375, 0.328125, 0.09375, 0.125, 0.1484375, 0.375, 0.875, 0.125, 0.21875, 0.25, 0.625, 0.09375]","[0.234375, 0.265625, 0.4375, 0.203125, 0.1015625, 0.2109375, 0.1796875, 0.15625, 0.296875, 0.296875, 0.328125, 0.046875, 0.109375, 0.1640625, 0.21875, 0.4375, 0.0625, 0.25, 0.125, 0.328125, 0.09375]",[55],0.6590690891874862,0.5018476507701861
832,7136.5625,"[0.46875, 0.375, 0.8125, 0.109375, 0.203125, 0.421875, 0.1640625, 0.375, 0.53125, 0.59375, 0.328125, 0.09375, 0.09375, 0.1484375, 0.375, 0.875, 0.125, 0.21875, 0.25, 0.625, 0.09375]","[0.234375, 0.25, 0.4375, 0.203125, 0.1015625, 0.2109375, 0.1796875, 0.1875, 0.296875, 0.296875, 0.328125, 0.046875, 0.09375, 0.1640625, 0.21875, 0.4375, 0.0625, 0.25, 0.125, 0.328125, 0.09375]",[37],0.6625812317241233,0.5013532542592919
833,7155.9375,"[0.46875, 0.375, 0.8125, 0.109375, 0.203125, 0.421875, 0.1640625, 0.375, 0.53125, 0.59375, 0.328125, 0.09375, 0.0625, 0.1484375, 0.375, 0.875, 0.125, 0.21875, 0.25, 0.625, 0.09375]","[0.234375, 0.25, 0.4375, 0.203125, 0.1015625, 0.2109375, 0.1796875, 0.1875, 0.296875, 0.296875, 0.328125, 0.046875, 0.0625, 0.1640625, 0.21875, 0.4375, 0.0625, 0.25, 0.125, 0.328125, 0.09375]",[37],0.670443967609467,0.5135232553514129
834,7196.25,"[0.46875, 0.375, 0.8125, 0.109375, 0.203125, 0.421875, 0.1484375, 0.375, 0.53125, 0.34375, 0.328125, 0.21875, 0.0625, 0.1484375, 0.375, 0.875, 0.125, 0.21875, 0.25, 0.625, 0.09375]","[0.234375, 0.25, 0.4375, 0.203125, 0.1015625, 0.2109375, 0.1640625, 0.1875, 0.296875, 0.171875, 0.328125, 0.109375, 0.0625, 0.1640625, 0.21875, 0.4375, 0.0625, 0.25, 0.125, 0.328125, 0.09375]",[6],0.6513267556979991,0.5007928647200288
835,7038.75,"[0.46875, 0.375, 0.8125, 0.109375, 0.203125, 0.421875, 0.1640625, 0.375, 0.53125, 0.34375, 0.328125, 0.21875, 0.0625, 0.1484375, 0.375, 0.625, 0.125, 0.21875, 0.25, 0.625, 0.09375]","[0.234375, 0.25, 0.4375, 0.203125, 0.1015625, 0.2109375, 0.1953125, 0.1875, 0.296875, 0.171875, 0.328125, 0.109375, 0.0625, 0.1640625, 0.21875, 0.3125, 0.0625, 0.25, 0.125, 0.328125, 0.09375]",[11],0.5987870832561273,0.46208672856186495
836,6901.09375,"[0.46875, 0.375, 0.8125, 0.109375, 0.203125, 0.421875, 0.1640625, 0.375, 0.53125, 0.34375, 0.328125, 0.21875, 0.0625, 0.1484375, 0.25, 0.625, 0.09375, 0.21875, 0.25, 0.625, 0.09375]","[0.234375, 0.25, 0.4375, 0.203125, 0.1015625, 0.2109375, 0.1953125, 0.1875, 0.296875, 0.171875, 0.328125, 0.109375, 0.0625, 0.1640625, 0.15625, 0.3125, 0.046875, 0.25, 0.125, 0.328125, 0.09375]",[8],0.6188253671642515,0.478915841465426
837,6822.5,"[0.46875, 0.375, 0.8125, 0.109375, 0.203125, 0.421875, 0.1640625, 0.375, 0.53125, 0.34375, 0.328125, 0.21875, 0.0625, 0.1484375, 0.25, 0.625, 0.09375, 0.21875, 0.25, 0.625, 0.09375]","[0.234375, 0.25, 0.4375, 0.203125, 0.1015625, 0.2109375, 0.1953125, 0.1875, 0.296875, 0.171875, 0.328125, 0.109375, 0.0625, 0.1640625, 0.15625, 0.3125, 0.046875, 0.25, 0.125, 0.328125, 0.09375]",[8],0.6188253671642515,0.478915841465426
838,6861.5625,"[0.46875, 0.375, 0.8125, 0.109375, 0.203125, 0.421875, 0.1640625, 0.375, 0.65625, 0.34375, 0.328125, 0.21875, 0.0625, 0.1484375, 0.25, 0.625, 0.09375, 0.21875, 0.25, 0.625, 0.09375]","[0.234375, 0.25, 0.4375, 0.203125, 0.1015625, 0.2109375, 0.1953125, 0.1875, 0.359375, 0.171875, 0.328125, 0.109375, 0.0625, 0.1640625, 0.15625, 0.3125, 0.046875, 0.25, 0.125, 0.328125, 0.09375]",[11],0.6320140298354151,0.4899915830797574
839,7020.3125,"[0.46875, 0.375, 0.8125, 0.109375, 0.203125, 0.421875, 0.1640625, 0.375, 0.65625, 0.34375, 0.328125, 0.21875, 0.0625, 0.1484375, 0.25, 0.625, 0.09375, 0.21875, 0.25, 0.625, 0.09375]","[0.234375, 0.25, 0.4375, 0.203125, 0.1015625, 0.2109375, 0.1953125, 0.1875, 0.359375, 0.171875, 0.328125, 0.109375, 0.0625, 0.1640625, 0.15625, 0.3125, 0.046875, 0.25, 0.125, 0.328125, 0.09375]",[11],0.6320140298354151,0.4899915830797574
840,6901.25,"[0.46875, 0.375, 0.8125, 0.109375, 0.203125, 0.421875, 0.1640625, 0.375, 0.65625, 0.34375, 0.328125, 0.1875, 0.0625, 0.1484375, 0.25, 0.625, 0.09375, 0.21875, 0.25, 0.625, 0.09375]","[0.234375, 0.25, 0.4375, 0.203125, 0.1015625, 0.2109375, 0.1953125, 0.1875, 0.359375, 0.171875, 0.328125, 0.09375, 0.0625, 0.1640625, 0.15625, 0.3125, 0.046875, 0.25, 0.125, 0.328125, 0.09375]",[11],0.6376249916663203,0.4954900573931079
841,6841.796875,"[0.46875, 0.375, 0.8125, 0.109375, 0.203125, 0.421875, 0.1640625, 0.375, 0.65625, 0.21875, 0.328125, 0.1875, 0.0625, 0.1484375, 0.25, 0.625, 0.09375, 0.21875, 0.25, 0.625, 0.09375]","[0.234375, 0.25, 0.4375, 0.203125, 0.1015625, 0.2109375, 0.1953125, 0.1875, 0.359375, 0.109375, 0.328125, 0.09375, 0.0625, 0.1640625, 0.15625, 0.3125, 0.046875, 0.25, 0.125, 0.328125, 0.09375]",[11],0.6531638066648922,0.5118354836114207
842,6782.5,"[0.46875, 0.375, 0.8125, 0.109375, 0.203125, 0.421875, 0.1640625, 0.375, 0.59375, 0.21875, 0.328125, 0.1875, 0.0625, 0.1484375, 0.25, 0.625, 0.09375, 0.21875, 0.25, 0.625, 0.09375]","[0.234375, 0.25, 0.4375, 0.203125, 0.1015625, 0.2109375, 0.1953125, 0.1875, 0.328125, 0.109375, 0.328125, 0.09375, 0.0625, 0.1640625, 0.15625, 0.3125, 0.046875, 0.25, 0.125, 0.328125, 0.09375]",[11],0.6452034493863432,0.5053621933841683
843,6782.5,"[0.46875, 0.375, 0.8125, 0.109375, 0.203125, 0.421875, 0.1640625, 0.375, 0.59375, 0.21875, 0.328125, 0.1875, 0.0625, 0.140625, 0.25, 0.75, 0.09375, 0.21875, 0.25, 0.625, 0.09375]","[0.234375, 0.25, 0.4375, 0.203125, 0.1015625, 0.2109375, 0.1953125, 0.1875, 0.328125, 0.109375, 0.328125, 0.09375, 0.0625, 0.15625, 0.15625, 0.375, 0.046875, 0.25, 0.125, 0.328125, 0.09375]",[35],0.6677127030569876,0.519613859397008
844,6921.328125,"[0.46875, 0.375, 0.8125, 0.109375, 0.203125, 0.421875, 0.1640625, 0.375, 0.59375, 0.21875, 0.328125, 0.1875, 0.0625, 0.140625, 0.25, 0.75, 0.09375, 0.21875, 0.25, 0.625, 0.09375]","[0.234375, 0.25, 0.4375, 0.203125, 0.1015625, 0.2109375, 0.1953125, 0.1875, 0.328125, 0.109375, 0.328125, 0.09375, 0.0625, 0.15625, 0.15625, 0.375, 0.046875, 0.25, 0.125, 0.328125, 0.09375]",[35],0.6677127030569876,0.519613859397008
845,6802.265625,"[0.46875, 0.375, 0.8125, 0.109375, 0.203125, 0.421875, 0.1640625, 0.375, 0.59375, 0.21875, 0.328125, 0.1875, 0.0625, 0.140625, 0.25, 0.75, 0.09375, 0.25, 0.25, 0.625, 0.09375]","[0.234375, 0.25, 0.4375, 0.203125, 0.1015625, 0.2109375, 0.1953125, 0.1875, 0.328125, 0.109375, 0.328125, 0.09375, 0.0625, 0.15625, 0.15625, 0.375, 0.046875, 0.3125, 0.125, 0.328125, 0.09375]",[41],0.6627479484187514,0.5224168889808013
846,6821.953125,"[0.46875, 0.375, 0.8125, 0.109375, 0.203125, 0.421875, 0.1640625, 0.375, 0.59375, 0.21875, 0.328125, 0.1875, 0.0625, 0.140625, 0.25, 0.6875, 0.09375, 0.25, 0.25, 0.625, 0.09375]","[0.234375, 0.25, 0.4375, 0.203125, 0.1015625, 0.2109375, 0.1953125, 0.1875, 0.328125, 0.109375, 0.328125, 0.09375, 0.0625, 0.15625, 0.15625, 0.34375, 0.046875, 0.3125, 0.125, 0.328125, 0.09375]",[41],0.6513634736960032,0.5157650788449526
847,6802.265625,"[0.46875, 0.375, 0.8125, 0.109375, 0.203125, 0.421875, 0.1640625, 0.375, 0.59375, 0.21875, 0.328125, 0.1875, 0.0625, 0.140625, 0.25, 0.75, 0.09375, 0.25, 0.25, 0.625, 0.09375]","[0.234375, 0.25, 0.4375, 0.203125, 0.1015625, 0.2109375, 0.1953125, 0.1875, 0.328125, 0.109375, 0.328125, 0.09375, 0.0625, 0.15625, 0.15625, 0.375, 0.046875, 0.3125, 0.125, 0.328125, 0.09375]",[49],0.6627479484187514,0.5224168889808013
848,6881.015625,"[0.46875, 0.375, 0.8125, 0.109375, 0.203125, 0.421875, 0.1640625, 0.375, 0.59375, 0.21875, 0.328125, 0.1875, 0.0625, 0.140625, 0.25, 0.75, 0.09375, 0.25, 0.25, 0.625, 0.09375]","[0.234375, 0.25, 0.4375, 0.203125, 0.1015625, 0.2109375, 0.1953125, 0.1875, 0.328125, 0.109375, 0.328125, 0.09375, 0.0625, 0.15625, 0.15625, 0.375, 0.046875, 0.3125, 0.125, 0.328125, 0.09375]",[49],0.6627479484187514,0.5224168889808013
849,6961.015625,"[0.46875, 0.375, 0.8125, 0.109375, 0.203125, 0.390625, 0.1640625, 0.375, 0.59375, 0.21875, 0.328125, 0.1875, 0.0625, 0.140625, 0.25, 0.71875, 0.09375, 0.25, 0.25, 0.625, 0.09375]","[0.234375, 0.25, 0.4375, 0.203125, 0.1015625, 0.1953125, 0.1953125, 0.1875, 0.328125, 0.109375, 0.328125, 0.09375, 0.0625, 0.15625, 0.15625, 0.359375, 0.046875, 0.3125, 0.125, 0.328125, 0.09375]",[36],0.6579712580676188,0.5208363622451597
850,6782.578125,"[0.46875, 0.375, 0.8125, 0.109375, 0.203125, 0.390625, 0.1640625, 0.375, 0.59375, 0.21875, 0.328125, 0.1875, 0.0625, 0.140625, 0.25, 0.71875, 0.09375, 0.25, 0.25, 0.625, 0.09375]","[0.234375, 0.25, 0.4375, 0.203125, 0.1015625, 0.1953125, 0.1953125, 0.1875, 0.328125, 0.109375, 0.328125, 0.09375, 0.0625, 0.15625, 0.15625, 0.359375, 0.046875, 0.3125, 0.125, 0.328125, 0.09375]",[36],0.6579712580676188,0.5208363622451597
851,6762.578125,"[0.46875, 0.375, 0.8125, 0.109375, 0.203125, 0.390625, 0.1640625, 0.25, 0.59375, 0.21875, 0.328125, 0.1875, 0.0625, 0.140625, 0.25, 0.71875, 0.09375, 0.25, 0.25, 0.625, 0.09375]","[0.234375, 0.25, 0.4375, 0.203125, 0.1015625, 0.1953125, 0.1953125, 0.125, 0.328125, 0.109375, 0.328125, 0.09375, 0.0625, 0.15625, 0.15625, 0.359375, 0.046875, 0.3125, 0.125, 0.328125, 0.09375]",[36],0.6708287314637574,0.5349899994605568
852,6703.828125,"[0.46875, 0.375, 0.8125, 0.109375, 0.203125, 0.390625, 0.1640625, 0.25, 0.59375, 0.21875, 0.328125, 0.1875, 0.0625, 0.140625, 0.25, 0.71875, 0.09375, 0.25, 0.25, 0.625, 0.09375]","[0.234375, 0.25, 0.4375, 0.203125, 0.1015625, 0.1953125, 0.1953125, 0.125, 0.328125, 0.109375, 0.328125, 0.09375, 0.0625, 0.15625, 0.15625, 0.359375, 0.046875, 0.3125, 0.125, 0.328125, 0.09375]",[36],0.6708287314637574,0.5349899994605568
853,6743.515625,"[0.46875, 0.375, 0.8125, 0.109375, 0.203125, 0.390625, 0.1640625, 0.25, 0.59375, 0.21875, 0.328125, 0.1875, 0.0625, 0.140625, 0.25, 0.71875, 0.09375, 0.3125, 0.25, 0.625, 0.09375]","[0.234375, 0.25, 0.4375, 0.203125, 0.1015625, 0.1953125, 0.1953125, 0.125, 0.328125, 0.109375, 0.328125, 0.09375, 0.0625, 0.15625, 0.15625, 0.359375, 0.046875, 0.375, 0.125, 0.328125, 0.09375]",[49],0.6630080086019211,0.5457395840247405
854,6902.265625,"[0.46875, 0.375, 0.6875, 0.109375, 0.203125, 0.375, 0.1640625, 0.25, 0.59375, 0.21875, 0.296875, 0.1875, 0.0625, 0.140625, 0.25, 0.71875, 0.09375, 0.3125, 0.25, 0.625, 0.09375]","[0.234375, 0.25, 0.375, 0.203125, 0.1015625, 0.1875, 0.1953125, 0.125, 0.328125, 0.109375, 0.296875, 0.09375, 0.0625, 0.15625, 0.15625, 0.359375, 0.046875, 0.375, 0.125, 0.328125, 0.09375]",[5],0.6382493178376505,0.5236162081834849
855,6644.921875,"[0.46875, 0.375, 0.6875, 0.109375, 0.203125, 0.375, 0.1640625, 0.25, 0.59375, 0.21875, 0.296875, 0.21875, 0.0625, 0.140625, 0.25, 0.71875, 0.09375, 0.3125, 0.25, 0.625, 0.09375]","[0.234375, 0.25, 0.375, 0.203125, 0.1015625, 0.1875, 0.1953125, 0.125, 0.328125, 0.109375, 0.296875, 0.125, 0.0625, 0.15625, 0.15625, 0.359375, 0.046875, 0.375, 0.125, 0.328125, 0.09375]",[49],0.6325926926420071,0.5132667567444119
856,6664.84375,"[0.46875, 0.375, 0.6875, 0.078125, 0.203125, 0.375, 0.1640625, 0.25, 0.59375, 0.21875, 0.296875, 0.21875, 0.0625, 0.140625, 0.25, 0.71875, 0.09375, 0.3125, 0.25, 0.625, 0.09375]","[0.234375, 0.25, 0.375, 0.140625, 0.1015625, 0.1875, 0.1953125, 0.125, 0.328125, 0.109375, 0.296875, 0.125, 0.0625, 0.15625, 0.15625, 0.359375, 0.046875, 0.375, 0.125, 0.328125, 0.09375]",[49],0.6409247786856747,0.5250329884249922
857,6644.921875,"[0.46875, 0.375, 0.6875, 0.078125, 0.203125, 0.375, 0.1640625, 0.25, 0.59375, 0.21875, 0.296875, 0.21875, 0.0625, 0.140625, 0.25, 0.71875, 0.09375, 0.3125, 0.25, 0.625, 0.09375]","[0.234375, 0.25, 0.375, 0.140625, 0.1015625, 0.1875, 0.1953125, 0.125, 0.328125, 0.109375, 0.296875, 0.125, 0.0625, 0.15625, 0.15625, 0.359375, 0.046875, 0.375, 0.125, 0.328125, 0.09375]",[49],0.6409247786856747,0.5250329884249922
858,6683.984375,"[0.46875, 0.375, 0.6875, 0.078125, 0.203125, 0.375, 0.1640625, 0.25, 0.59375, 0.21875, 0.296875, 0.1875, 0.0625, 0.140625, 0.25, 0.71875, 0.09375, 0.3125, 0.25, 0.625, 0.09375]","[0.234375, 0.25, 0.375, 0.140625, 0.1015625, 0.1875, 0.1953125, 0.125, 0.328125, 0.109375, 0.296875, 0.09375, 0.0625, 0.15625, 0.15625, 0.359375, 0.046875, 0.375, 0.125, 0.328125, 0.09375]",[5],0.6465914017146763,0.5353638515460171
859,6724.296875,"[0.46875, 0.375, 0.6875, 0.078125, 0.203125, 0.375, 0.1640625, 0.25, 0.59375, 0.21875, 0.296875, 0.1875, 0.0625, 0.140625, 0.25, 0.71875, 0.09375, 0.3125, 0.25, 0.625, 0.09375]","[0.234375, 0.25, 0.375, 0.140625, 0.1015625, 0.1875, 0.1953125, 0.125, 0.328125, 0.109375, 0.296875, 0.09375, 0.0625, 0.15625, 0.15625, 0.359375, 0.046875, 0.375, 0.125, 0.328125, 0.09375]",[5],0.6465914017146763,0.5353638515460171
860,6605.234375,"[0.46875, 0.375, 0.6875, 0.078125, 0.203125, 0.375, 0.1640625, 0.25, 0.59375, 0.21875, 0.296875, 0.1875, 0.0625, 0.140625, 0.25, 0.71875, 0.09375, 0.25, 0.25, 0.625, 0.09375]","[0.234375, 0.25, 0.375, 0.140625, 0.1015625, 0.1875, 0.1953125, 0.125, 0.328125, 0.109375, 0.296875, 0.09375, 0.0625, 0.15625, 0.15625, 0.359375, 0.046875, 0.3125, 0.125, 0.328125, 0.09375]",[5],0.6541148423701945,0.5216289009109415
861,6506.015625,"[0.46875, 0.375, 0.6875, 0.078125, 0.203125, 0.375, 0.1640625, 0.25, 0.59375, 0.21875, 0.296875, 0.1875, 0.0625, 0.140625, 0.25, 0.71875, 0.09375, 0.25, 0.265625, 0.625, 0.09375]","[0.234375, 0.25, 0.375, 0.140625, 0.1015625, 0.1875, 0.1953125, 0.125, 0.328125, 0.109375, 0.296875, 0.09375, 0.0625, 0.15625, 0.15625, 0.359375, 0.046875, 0.3125, 0.1328125, 0.328125, 0.09375]",[26],0.6519460528317405,0.5193941649450291
862,6545.703125,"[0.46875, 0.375, 0.5625, 0.078125, 0.203125, 0.375, 0.1640625, 0.25, 0.59375, 0.21875, 0.296875, 0.1875, 0.0625, 0.140625, 0.25, 0.71875, 0.09375, 0.28125, 0.265625, 0.625, 0.09375]","[0.234375, 0.25, 0.3125, 0.140625, 0.1015625, 0.1875, 0.1953125, 0.125, 0.328125, 0.109375, 0.296875, 0.09375, 0.0625, 0.15625, 0.15625, 0.359375, 0.046875, 0.34375, 0.1328125, 0.328125, 0.09375]",[47],0.6276549218193015,0.5106154793725362
863,6546.328125,"[0.46875, 0.375, 0.5625, 0.140625, 0.078125, 0.375, 0.1640625, 0.25, 0.46875, 0.21875, 0.296875, 0.1875, 0.0625, 0.140625, 0.25, 0.71875, 0.09375, 0.28125, 0.265625, 0.625, 0.09375]","[0.234375, 0.25, 0.3125, 0.203125, 0.0390625, 0.1875, 0.1953125, 0.125, 0.265625, 0.109375, 0.296875, 0.09375, 0.0625, 0.15625, 0.15625, 0.359375, 0.046875, 0.34375, 0.1328125, 0.328125, 0.09375]",[8],0.6277915447743767,0.518018367155864
864,6466.328125,"[0.46875, 0.375, 0.5625, 0.140625, 0.078125, 0.375, 0.1640625, 0.25, 0.46875, 0.46875, 0.296875, 0.1875, 0.0625, 0.140625, 0.25, 0.71875, 0.09375, 0.28125, 0.265625, 0.625, 0.09375]","[0.234375, 0.25, 0.3125, 0.203125, 0.0390625, 0.1875, 0.1953125, 0.125, 0.265625, 0.234375, 0.296875, 0.09375, 0.0625, 0.15625, 0.15625, 0.359375, 0.046875, 0.34375, 0.1328125, 0.328125, 0.09375]",[30],0.6130452324861794,0.49571034886160537
865,6505.703125,"[0.46875, 0.375, 0.5625, 0.140625, 0.078125, 0.375, 0.1640625, 0.25, 0.46875, 0.46875, 0.296875, 0.1875, 0.0625, 0.140625, 0.25, 0.71875, 0.09375, 0.28125, 0.265625, 0.625, 0.09375]","[0.234375, 0.25, 0.3125, 0.203125, 0.0390625, 0.1875, 0.1953125, 0.125, 0.265625, 0.234375, 0.296875, 0.09375, 0.0625, 0.15625, 0.15625, 0.359375, 0.046875, 0.34375, 0.1328125, 0.328125, 0.09375]",[30],0.6130452324861794,0.49571034886160537
866,6486.25,"[0.46875, 0.375, 0.5625, 0.140625, 0.078125, 0.375, 0.1640625, 0.25, 0.46875, 0.46875, 0.296875, 0.1875, 0.0625, 0.1484375, 0.25, 0.71875, 0.09375, 0.28125, 0.265625, 0.625, 0.09375]","[0.234375, 0.25, 0.3125, 0.203125, 0.0390625, 0.1875, 0.1953125, 0.125, 0.265625, 0.234375, 0.296875, 0.09375, 0.0625, 0.1640625, 0.15625, 0.359375, 0.046875, 0.34375, 0.1328125, 0.328125, 0.09375]",[49],0.6112457145284634,0.49406777008069136
867,6525.625,"[0.46875, 0.375, 0.5625, 0.140625, 0.078125, 0.375, 0.1640625, 0.25, 0.53125, 0.46875, 0.296875, 0.1875, 0.0625, 0.1484375, 0.25, 0.71875, 0.09375, 0.28125, 0.265625, 0.625, 0.09375]","[0.234375, 0.25, 0.3125, 0.203125, 0.0390625, 0.1875, 0.1953125, 0.125, 0.296875, 0.234375, 0.296875, 0.09375, 0.0625, 0.1640625, 0.15625, 0.359375, 0.046875, 0.34375, 0.1328125, 0.328125, 0.09375]",[50],0.6154264898028217,0.49682410442731934
868,6605.0,"[0.46875, 0.375, 0.5625, 0.140625, 0.078125, 0.375, 0.1640625, 0.25, 0.53125, 0.46875, 0.296875, 0.1875, 0.0625, 0.1484375, 0.25, 0.71875, 0.09375, 0.28125, 0.265625, 0.625, 0.09375]","[0.234375, 0.25, 0.3125, 0.203125, 0.0390625, 0.1875, 0.1953125, 0.125, 0.296875, 0.234375, 0.296875, 0.09375, 0.0625, 0.1640625, 0.15625, 0.359375, 0.046875, 0.34375, 0.1328125, 0.328125, 0.09375]",[50],0.6154264898028217,0.49682410442731934
869,6684.375,"[0.46875, 0.375, 0.5625, 0.140625, 0.078125, 0.375, 0.1640625, 0.25, 0.53125, 0.46875, 0.296875, 0.1875, 0.0625, 0.1484375, 0.25, 0.71875, 0.09375, 0.28125, 0.265625, 0.625, 0.09375]","[0.234375, 0.25, 0.3125, 0.203125, 0.0390625, 0.1875, 0.1953125, 0.125, 0.296875, 0.234375, 0.296875, 0.09375, 0.0625, 0.1640625, 0.15625, 0.359375, 0.046875, 0.34375, 0.1328125, 0.328125, 0.09375]",[50],0.6154264898028217,0.49682410442731934
870,6565.0,"[0.46875, 0.375, 0.5625, 0.140625, 0.078125, 0.375, 0.1640625, 0.25, 0.53125, 0.46875, 0.296875, 0.1875, 0.0625, 0.1484375, 0.25, 0.71875, 0.09375, 0.28125, 0.265625, 0.625, 0.09375]","[0.234375, 0.25, 0.3125, 0.203125, 0.0390625, 0.1875, 0.1953125, 0.125, 0.296875, 0.234375, 0.296875, 0.09375, 0.0625, 0.1640625, 0.15625, 0.359375, 0.046875, 0.34375, 0.1328125, 0.328125, 0.09375]",[50],0.6154264898028217,0.49682410442731934
871,6545.3125,"[0.46875, 0.40625, 0.5625, 0.140625, 0.078125, 0.375, 0.1640625, 0.25, 0.53125, 0.46875, 0.296875, 0.1875, 0.0625, 0.1484375, 0.25, 0.71875, 0.09375, 0.28125, 0.265625, 0.625, 0.03125]","[0.234375, 0.265625, 0.3125, 0.203125, 0.0390625, 0.1875, 0.1953125, 0.125, 0.296875, 0.234375, 0.296875, 0.09375, 0.0625, 0.1640625, 0.15625, 0.359375, 0.046875, 0.34375, 0.1328125, 0.328125, 0.03125]",[53],0.6330313838168571,0.5251141919900718
872,6425.625,"[0.46875, 0.40625, 0.5625, 0.140625, 0.078125, 0.375, 0.1640625, 0.25, 0.53125, 0.46875, 0.296875, 0.1875, 0.0625, 0.1484375, 0.25, 0.71875, 0.09375, 0.28125, 0.265625, 0.625, 0.03125]","[0.234375, 0.265625, 0.3125, 0.203125, 0.0390625, 0.1875, 0.1953125, 0.125, 0.296875, 0.234375, 0.296875, 0.09375, 0.0625, 0.1640625, 0.15625, 0.359375, 0.046875, 0.34375, 0.1328125, 0.328125, 0.03125]",[53],0.6330313838168571,0.5251141919900718
873,6465.3125,"[0.46875, 0.40625, 0.5625, 0.140625, 0.078125, 0.375, 0.1640625, 0.25, 0.53125, 0.46875, 0.359375, 0.1875, 0.0625, 0.1484375, 0.25, 0.71875, 0.09375, 0.28125, 0.265625, 0.625, 0.03125]","[0.234375, 0.265625, 0.3125, 0.203125, 0.0390625, 0.1875, 0.1953125, 0.125, 0.296875, 0.234375, 0.359375, 0.09375, 0.0625, 0.1640625, 0.15625, 0.359375, 0.046875, 0.34375, 0.1328125, 0.328125, 0.03125]",[65],0.6279937750284473,0.5359994171294112
874,6622.8125,"[0.71875, 0.40625, 0.5625, 0.140625, 0.078125, 0.375, 0.1640625, 0.25, 0.53125, 0.46875, 0.359375, 0.1875, 0.0625, 0.1484375, 0.25, 0.71875, 0.09375, 0.21875, 0.265625, 0.625, 0.03125]","[0.359375, 0.265625, 0.3125, 0.203125, 0.0390625, 0.1875, 0.1953125, 0.125, 0.296875, 0.234375, 0.359375, 0.09375, 0.0625, 0.1640625, 0.15625, 0.359375, 0.046875, 0.28125, 0.1328125, 0.328125, 0.03125]",[3],0.6654525908715158,0.5392127578970016
875,6583.125,"[0.71875, 0.40625, 0.5625, 0.140625, 0.078125, 0.375, 0.1640625, 0.25, 0.53125, 0.46875, 0.359375, 0.1875, 0.0625, 0.1484375, 0.25, 0.71875, 0.09375, 0.25, 0.265625, 0.625, 0.03125]","[0.359375, 0.265625, 0.3125, 0.203125, 0.0390625, 0.1875, 0.1953125, 0.125, 0.296875, 0.234375, 0.359375, 0.09375, 0.0625, 0.1640625, 0.15625, 0.359375, 0.046875, 0.34375, 0.1328125, 0.328125, 0.03125]",[68],0.6604942242867721,0.5458059474130021
876,6602.96875,"[0.71875, 0.40625, 0.5625, 0.140625, 0.078125, 0.375, 0.1640625, 0.25, 0.53125, 0.46875, 0.359375, 0.1875, 0.0625, 0.1484375, 0.25, 0.71875, 0.09375, 0.25, 0.28125, 0.625, 0.03125]","[0.359375, 0.265625, 0.3125, 0.203125, 0.0390625, 0.1875, 0.1953125, 0.125, 0.296875, 0.234375, 0.359375, 0.09375, 0.0625, 0.1640625, 0.15625, 0.359375, 0.046875, 0.34375, 0.140625, 0.328125, 0.03125]",[72],0.6584514281316678,0.5437078830833119
877,6642.65625,"[0.71875, 0.40625, 0.5625, 0.140625, 0.078125, 0.375, 0.1640625, 0.25, 0.53125, 0.46875, 0.359375, 0.21875, 0.0625, 0.1484375, 0.25, 0.71875, 0.09375, 0.25, 0.28125, 0.625, 0.03125]","[0.359375, 0.265625, 0.3125, 0.203125, 0.0390625, 0.1875, 0.1953125, 0.125, 0.296875, 0.234375, 0.359375, 0.109375, 0.0625, 0.1640625, 0.15625, 0.359375, 0.046875, 0.34375, 0.140625, 0.328125, 0.03125]",[75],0.6528117555487682,0.5383628001113058
878,6722.03125,"[0.71875, 0.40625, 0.5625, 0.140625, 0.078125, 0.375, 0.1640625, 0.25, 0.53125, 0.46875, 0.359375, 0.21875, 0.0625, 0.1484375, 0.25, 0.71875, 0.09375, 0.25, 0.28125, 0.625, 0.03125]","[0.359375, 0.265625, 0.3125, 0.203125, 0.0390625, 0.1875, 0.1953125, 0.125, 0.296875, 0.234375, 0.359375, 0.109375, 0.0625, 0.1640625, 0.15625, 0.359375, 0.046875, 0.34375, 0.140625, 0.328125, 0.03125]",[75],0.6528117555487682,0.5383628001113058
879,6802.03125,"[0.71875, 0.40625, 0.5625, 0.140625, 0.078125, 0.375, 0.1640625, 0.25, 0.53125, 0.46875, 0.359375, 0.21875, 0.0625, 0.1484375, 0.25, 0.71875, 0.09375, 0.25, 0.28125, 0.625, 0.03125]","[0.359375, 0.265625, 0.3125, 0.203125, 0.0390625, 0.1875, 0.1953125, 0.125, 0.296875, 0.234375, 0.359375, 0.109375, 0.0625, 0.1640625, 0.15625, 0.359375, 0.046875, 0.34375, 0.140625, 0.328125, 0.03125]",[75],0.6528117555487682,0.5383628001113058
880,6682.03125,"[0.71875, 0.40625, 0.5625, 0.140625, 0.078125, 0.375, 0.1640625, 0.25, 0.53125, 0.46875, 0.359375, 0.21875, 0.0625, 0.1484375, 0.25, 0.71875, 0.09375, 0.25, 0.28125, 0.625, 0.03125]","[0.359375, 0.265625, 0.3125, 0.203125, 0.0390625, 0.1875, 0.1953125, 0.125, 0.296875, 0.234375, 0.359375, 0.109375, 0.0625, 0.1640625, 0.15625, 0.359375, 0.046875, 0.34375, 0.140625, 0.328125, 0.03125]",[75],0.6528117555487682,0.5383628001113058
881,6662.578125,"[0.71875, 0.40625, 0.5625, 0.140625, 0.078125, 0.375, 0.171875, 0.25, 0.53125, 0.46875, 0.359375, 0.21875, 0.0625, 0.1484375, 0.25, 0.71875, 0.09375, 0.25, 0.28125, 0.625, 0.03125]","[0.359375, 0.265625, 0.3125, 0.203125, 0.0390625, 0.1875, 0.203125, 0.125, 0.296875, 0.234375, 0.359375, 0.109375, 0.0625, 0.1640625, 0.15625, 0.359375, 0.046875, 0.34375, 0.140625, 0.328125, 0.03125]",[82],0.6512084386062662,0.537281880393649
882,6702.421875,"[0.71875, 0.40625, 0.5625, 0.140625, 0.078125, 0.375, 0.171875, 0.25, 0.53125, 0.46875, 0.359375, 0.21875, 0.0625, 0.1484375, 0.25, 0.71875, 0.09375, 0.25, 0.28125, 0.625, 0.03125]","[0.359375, 0.265625, 0.3125, 0.203125, 0.0390625, 0.1875, 0.203125, 0.125, 0.296875, 0.234375, 0.359375, 0.109375, 0.0625, 0.1640625, 0.15625, 0.359375, 0.046875, 0.34375, 0.140625, 0.328125, 0.03125]",[82],0.6512084386062662,0.537281880393649
883,6741.328125,"[0.71875, 0.40625, 0.5625, 0.140625, 0.078125, 0.375, 0.171875, 0.25, 0.53125, 0.46875, 0.359375, 0.21875, 0.0625, 0.1484375, 0.25, 0.71875, 0.09375, 0.25, 0.28125, 0.625, 0.03125]","[0.359375, 0.265625, 0.3125, 0.203125, 0.0390625, 0.1875, 0.203125, 0.125, 0.296875, 0.234375, 0.359375, 0.109375, 0.0625, 0.1640625, 0.15625, 0.359375, 0.046875, 0.34375, 0.140625, 0.328125, 0.03125]",[82],0.6512084386062662,0.537281880393649
884,6821.328125,"[0.71875, 0.40625, 0.5625, 0.140625, 0.078125, 0.375, 0.171875, 0.25, 0.53125, 0.46875, 0.359375, 0.21875, 0.0625, 0.1484375, 0.25, 0.71875, 0.09375, 0.25, 0.28125, 0.625, 0.03125]","[0.359375, 0.265625, 0.3125, 0.203125, 0.0390625, 0.1875, 0.203125, 0.125, 0.296875, 0.234375, 0.359375, 0.109375, 0.0625, 0.1640625, 0.15625, 0.359375, 0.046875, 0.34375, 0.140625, 0.328125, 0.03125]",[82],0.6512084386062662,0.537281880393649
885,6702.421875,"[0.71875, 0.40625, 0.5625, 0.140625, 0.078125, 0.375, 0.171875, 0.25, 0.53125, 0.46875, 0.359375, 0.21875, 0.0625, 0.1484375, 0.25, 0.71875, 0.09375, 0.25, 0.28125, 0.625, 0.03125]","[0.359375, 0.265625, 0.3125, 0.203125, 0.0390625, 0.1875, 0.203125, 0.125, 0.296875, 0.234375, 0.359375, 0.109375, 0.0625, 0.1640625, 0.15625, 0.359375, 0.046875, 0.34375, 0.140625, 0.328125, 0.03125]",[82],0.6512084386062662,0.537281880393649
886,6682.265625,"[0.71875, 0.40625, 0.59375, 0.140625, 0.078125, 0.375, 0.171875, 0.25, 0.53125, 0.46875, 0.359375, 0.21875, 0.0625, 0.1484375, 0.25, 0.71875, 0.09375, 0.25, 0.28125, 0.625, 0.03125]","[0.359375, 0.265625, 0.328125, 0.203125, 0.0390625, 0.1875, 0.203125, 0.125, 0.296875, 0.234375, 0.359375, 0.109375, 0.0625, 0.1640625, 0.15625, 0.359375, 0.046875, 0.34375, 0.140625, 0.328125, 0.03125]",[85],0.6538358105414435,0.5390345080987649
887,6721.953125,"[0.71875, 0.40625, 0.59375, 0.140625, 0.109375, 0.375, 0.171875, 0.25, 0.53125, 0.46875, 0.359375, 0.21875, 0.0625, 0.1484375, 0.25, 0.71875, 0.09375, 0.25, 0.28125, 0.625, 0.03125]","[0.359375, 0.265625, 0.328125, 0.203125, 0.0546875, 0.1875, 0.203125, 0.125, 0.296875, 0.234375, 0.359375, 0.109375, 0.0625, 0.1640625, 0.15625, 0.359375, 0.046875, 0.34375, 0.140625, 0.328125, 0.03125]",[86],0.6458152825348915,0.5319230689756145
888,6800.703125,"[0.71875, 0.40625, 0.59375, 0.140625, 0.109375, 0.375, 0.171875, 0.375, 0.53125, 0.46875, 0.359375, 0.1875, 0.0625, 0.1328125, 0.25, 0.6875, 0.09375, 0.25, 0.265625, 0.625, 0.03125]","[0.359375, 0.265625, 0.328125, 0.203125, 0.0546875, 0.1875, 0.203125, 0.1875, 0.296875, 0.234375, 0.359375, 0.09375, 0.0625, 0.1328125, 0.15625, 0.34375, 0.046875, 0.34375, 0.1328125, 0.328125, 0.03125]",[5],0.6387416200177166,0.5299545564627735
889,6839.140625,"[0.71875, 0.65625, 0.59375, 0.140625, 0.109375, 0.375, 0.171875, 0.375, 0.53125, 0.46875, 0.359375, 0.1875, 0.0625, 0.1328125, 0.25, 0.6875, 0.09375, 0.25, 0.265625, 0.625, 0.03125]","[0.359375, 0.390625, 0.328125, 0.203125, 0.0546875, 0.1875, 0.203125, 0.1875, 0.296875, 0.234375, 0.359375, 0.09375, 0.0625, 0.1328125, 0.15625, 0.34375, 0.046875, 0.34375, 0.1328125, 0.328125, 0.03125]",[66],0.6492204335362066,0.5443179979669411
890,6878.828125,"[0.71875, 0.65625, 0.59375, 0.140625, 0.109375, 0.3125, 0.171875, 0.375, 0.53125, 0.46875, 0.359375, 0.1875, 0.0625, 0.1328125, 0.25, 0.6875, 0.09375, 0.25, 0.265625, 0.625, 0.03125]","[0.359375, 0.390625, 0.328125, 0.203125, 0.0546875, 0.15625, 0.203125, 0.1875, 0.296875, 0.234375, 0.359375, 0.09375, 0.0625, 0.1328125, 0.15625, 0.34375, 0.046875, 0.34375, 0.1328125, 0.328125, 0.03125]",[1],0.654680265608995,0.5505957890270841
891,6779.453125,"[0.71875, 0.65625, 0.59375, 0.140625, 0.109375, 0.3125, 0.171875, 0.375, 0.53125, 0.40625, 0.359375, 0.1875, 0.0625, 0.1328125, 0.25, 0.6875, 0.09375, 0.25, 0.265625, 0.625, 0.03125]","[0.359375, 0.390625, 0.328125, 0.203125, 0.0546875, 0.15625, 0.203125, 0.1875, 0.296875, 0.203125, 0.359375, 0.09375, 0.0625, 0.1328125, 0.15625, 0.34375, 0.046875, 0.34375, 0.1328125, 0.328125, 0.03125]",[1],0.6562576617953805,0.5540190550164543
892,6760.078125,"[0.71875, 0.65625, 0.59375, 0.140625, 0.109375, 0.3125, 0.171875, 0.375, 0.53125, 0.40625, 0.359375, 0.1875, 0.0625, 0.1328125, 0.25, 0.6875, 0.09375, 0.25, 0.265625, 0.625, 0.03125]","[0.359375, 0.390625, 0.328125, 0.203125, 0.0546875, 0.15625, 0.203125, 0.1875, 0.296875, 0.203125, 0.359375, 0.09375, 0.0625, 0.1328125, 0.15625, 0.34375, 0.046875, 0.34375, 0.1328125, 0.328125, 0.03125]",[1],0.6562576617953805,0.5540190550164543
893,6799.765625,"[0.71875, 0.65625, 0.59375, 0.140625, 0.109375, 0.3125, 0.171875, 0.375, 0.53125, 0.40625, 0.359375, 0.1875, 0.0625, 0.1328125, 0.25, 0.6875, 0.09375, 0.25, 0.265625, 0.625, 0.03125]","[0.359375, 0.390625, 0.328125, 0.203125, 0.0546875, 0.15625, 0.203125, 0.1875, 0.296875, 0.203125, 0.359375, 0.09375, 0.0625, 0.1328125, 0.15625, 0.34375, 0.046875, 0.34375, 0.1328125, 0.328125, 0.03125]",[1],0.6562576617953805,0.5540190550164543
894,6879.140625,"[0.71875, 0.65625, 0.59375, 0.140625, 0.109375, 0.3125, 0.171875, 0.375, 0.53125, 0.40625, 0.359375, 0.1875, 0.0625, 0.1328125, 0.25, 0.6875, 0.09375, 0.25, 0.265625, 0.625, 0.03125]","[0.359375, 0.390625, 0.328125, 0.203125, 0.0546875, 0.15625, 0.203125, 0.1875, 0.296875, 0.203125, 0.359375, 0.09375, 0.0625, 0.1328125, 0.15625, 0.34375, 0.046875, 0.34375, 0.1328125, 0.328125, 0.03125]",[1],0.6562576617953805,0.5540190550164543
895,6759.765625,"[0.71875, 0.65625, 0.59375, 0.140625, 0.109375, 0.3125, 0.171875, 0.375, 0.53125, 0.40625, 0.359375, 0.1875, 0.0625, 0.1328125, 0.25, 0.6875, 0.09375, 0.25, 0.265625, 0.625, 0.03125]","[0.359375, 0.390625, 0.328125, 0.203125, 0.0546875, 0.15625, 0.203125, 0.1875, 0.296875, 0.203125, 0.359375, 0.09375, 0.0625, 0.1328125, 0.15625, 0.34375, 0.046875, 0.34375, 0.1328125, 0.328125, 0.03125]",[1],0.6562576617953805,0.5540190550164543
896,6740.078125,"[0.75, 0.65625, 0.59375, 0.140625, 0.109375, 0.3125, 0.171875, 0.375, 0.53125, 0.40625, 0.359375, 0.1875, 0.0625, 0.1328125, 0.25, 0.6875, 0.09375, 0.25, 0.265625, 0.625, 0.03125]","[0.375, 0.390625, 0.328125, 0.203125, 0.0546875, 0.15625, 0.203125, 0.1875, 0.296875, 0.203125, 0.359375, 0.09375, 0.0625, 0.1328125, 0.15625, 0.34375, 0.046875, 0.34375, 0.1328125, 0.328125, 0.03125]",[66],0.6615355526919336,0.5567887547545521
897,6779.453125,"[0.75, 0.65625, 0.59375, 0.140625, 0.109375, 0.3125, 0.171875, 0.375, 0.53125, 0.40625, 0.359375, 0.1875, 0.03125, 0.1328125, 0.25, 0.6875, 0.15625, 0.25, 0.265625, 0.625, 0.03125]","[0.375, 0.390625, 0.328125, 0.203125, 0.0546875, 0.15625, 0.203125, 0.1875, 0.296875, 0.203125, 0.359375, 0.09375, 0.03125, 0.1328125, 0.15625, 0.34375, 0.078125, 0.34375, 0.1328125, 0.328125, 0.03125]",[22],0.6559490855504284,0.5577265049006822
898,6818.515625,"[0.75, 0.65625, 0.59375, 0.140625, 0.109375, 0.3125, 0.171875, 0.375, 0.53125, 0.40625, 0.359375, 0.1875, 0.03125, 0.1328125, 0.25, 0.6875, 0.15625, 0.25, 0.265625, 0.625, 0.03125]","[0.375, 0.390625, 0.328125, 0.203125, 0.0546875, 0.15625, 0.203125, 0.1875, 0.296875, 0.203125, 0.359375, 0.09375, 0.03125, 0.1328125, 0.15625, 0.34375, 0.078125, 0.34375, 0.1328125, 0.328125, 0.03125]",[22],0.6559490855504284,0.5577265049006822
899,6898.515625,"[0.75, 0.65625, 0.59375, 0.140625, 0.109375, 0.3125, 0.171875, 0.375, 0.53125, 0.40625, 0.359375, 0.1875, 0.03125, 0.1328125, 0.25, 0.6875, 0.15625, 0.25, 0.265625, 0.625, 0.03125]","[0.375, 0.390625, 0.328125, 0.203125, 0.0546875, 0.15625, 0.203125, 0.1875, 0.296875, 0.203125, 0.359375, 0.09375, 0.03125, 0.1328125, 0.15625, 0.34375, 0.078125, 0.34375, 0.1328125, 0.328125, 0.03125]",[22],0.6559490855504284,0.5577265049006822
900,6779.609375,"[0.75, 0.65625, 0.59375, 0.140625, 0.109375, 0.3125, 0.171875, 0.375, 0.53125, 0.40625, 0.359375, 0.1875, 0.03125, 0.1328125, 0.25, 0.6875, 0.15625, 0.25, 0.265625, 0.625, 0.03125]","[0.375, 0.390625, 0.328125, 0.203125, 0.0546875, 0.15625, 0.203125, 0.1875, 0.296875, 0.203125, 0.359375, 0.09375, 0.03125, 0.1328125, 0.15625, 0.34375, 0.078125, 0.34375, 0.1328125, 0.328125, 0.03125]",[22],0.6559490855504284,0.5577265049006822
901,6759.6875,"[0.75, 0.65625, 0.59375, 0.140625, 0.109375, 0.3125, 0.171875, 0.375, 0.53125, 0.40625, 0.359375, 0.1875, 0.03125, 0.140625, 0.25, 0.6875, 0.15625, 0.25, 0.265625, 0.625, 0.03125]","[0.375, 0.390625, 0.328125, 0.203125, 0.0546875, 0.15625, 0.203125, 0.1875, 0.296875, 0.203125, 0.359375, 0.09375, 0.03125, 0.140625, 0.15625, 0.34375, 0.078125, 0.34375, 0.1328125, 0.328125, 0.03125]",[72],0.6542170893518451,0.5556300094481269
902,6799.375,"[0.75, 0.65625, 0.59375, 0.140625, 0.109375, 0.3125, 0.171875, 0.375, 0.53125, 0.40625, 0.359375, 0.1875, 0.03125, 0.140625, 0.25, 0.6875, 0.15625, 0.25, 0.265625, 0.625, 0.03125]","[0.375, 0.390625, 0.328125, 0.203125, 0.0546875, 0.15625, 0.203125, 0.1875, 0.296875, 0.203125, 0.359375, 0.09375, 0.03125, 0.140625, 0.15625, 0.34375, 0.078125, 0.34375, 0.1328125, 0.328125, 0.03125]",[72],0.6542170893518451,0.5556300094481269
903,6839.0625,"[0.75, 0.65625, 0.59375, 0.140625, 0.109375, 0.3125, 0.171875, 0.375, 0.53125, 0.40625, 0.359375, 0.1875, 0.03125, 0.078125, 0.25, 0.6875, 0.15625, 0.25, 0.265625, 0.6875, 0.03125]","[0.375, 0.390625, 0.328125, 0.203125, 0.0546875, 0.15625, 0.203125, 0.1875, 0.296875, 0.203125, 0.359375, 0.09375, 0.03125, 0.078125, 0.15625, 0.34375, 0.078125, 0.34375, 0.1328125, 0.359375, 0.03125]",[56],0.6760451442300559,0.5794862254607241
904,6838.4375,"[0.75, 0.65625, 0.59375, 0.125, 0.109375, 0.3125, 0.171875, 0.375, 0.53125, 0.28125, 0.359375, 0.1875, 0.03125, 0.078125, 0.25, 0.6875, 0.15625, 0.25, 0.390625, 0.6875, 0.03125]","[0.375, 0.390625, 0.328125, 0.1875, 0.0546875, 0.15625, 0.203125, 0.1875, 0.296875, 0.140625, 0.359375, 0.09375, 0.03125, 0.078125, 0.15625, 0.34375, 0.078125, 0.34375, 0.1953125, 0.359375, 0.03125]",[20],0.678304447960059,0.5810473632135227
905,6779.53125,"[0.75, 0.65625, 0.59375, 0.125, 0.109375, 0.3125, 0.171875, 0.375, 0.53125, 0.28125, 0.359375, 0.1875, 0.03125, 0.078125, 0.25, 0.6875, 0.15625, 0.28125, 0.390625, 0.6875, 0.03125]","[0.375, 0.390625, 0.328125, 0.1875, 0.0546875, 0.15625, 0.203125, 0.1875, 0.296875, 0.140625, 0.359375, 0.09375, 0.03125, 0.078125, 0.15625, 0.34375, 0.078125, 0.40625, 0.1953125, 0.359375, 0.03125]",[45],0.6739409398319423,0.5915845663715164
906,6799.453125,"[0.75, 0.65625, 0.59375, 0.125, 0.109375, 0.3125, 0.171875, 0.375, 0.53125, 0.28125, 0.359375, 0.1875, 0.03125, 0.078125, 0.25, 0.6875, 0.15625, 0.28125, 0.390625, 0.6875, 0.03125]","[0.375, 0.390625, 0.328125, 0.1875, 0.0546875, 0.15625, 0.203125, 0.1875, 0.296875, 0.140625, 0.359375, 0.09375, 0.03125, 0.078125, 0.15625, 0.34375, 0.078125, 0.40625, 0.1953125, 0.359375, 0.03125]",[45],0.6739409398319423,0.5915845663715164
907,6819.21875,"[0.75, 0.65625, 0.59375, 0.125, 0.109375, 0.3125, 0.171875, 0.375, 0.53125, 0.28125, 0.359375, 0.1875, 0.03125, 0.078125, 0.25, 0.6875, 0.15625, 0.28125, 0.390625, 0.6875, 0.03125]","[0.375, 0.390625, 0.328125, 0.1875, 0.0546875, 0.15625, 0.203125, 0.1875, 0.296875, 0.140625, 0.359375, 0.09375, 0.03125, 0.078125, 0.15625, 0.34375, 0.078125, 0.40625, 0.1953125, 0.359375, 0.03125]",[45],0.6739409398319423,0.5915845663715164
908,6858.90625,"[0.75, 0.65625, 0.59375, 0.125, 0.109375, 0.3125, 0.171875, 0.375, 0.53125, 0.28125, 0.359375, 0.1875, 0.03125, 0.078125, 0.25, 0.5625, 0.15625, 0.28125, 0.390625, 0.6875, 0.03125]","[0.375, 0.390625, 0.328125, 0.1875, 0.0546875, 0.15625, 0.203125, 0.1875, 0.296875, 0.140625, 0.359375, 0.09375, 0.03125, 0.078125, 0.15625, 0.28125, 0.078125, 0.40625, 0.1953125, 0.359375, 0.03125]",[45],0.6623503362561917,0.588325223675181
909,6860.15625,"[0.75, 0.65625, 0.59375, 0.125, 0.109375, 0.3125, 0.171875, 0.375, 0.53125, 0.28125, 0.359375, 0.1875, 0.03125, 0.078125, 0.25, 0.5625, 0.15625, 0.28125, 0.390625, 0.6875, 0.03125]","[0.375, 0.390625, 0.328125, 0.1875, 0.0546875, 0.15625, 0.203125, 0.1875, 0.296875, 0.140625, 0.359375, 0.09375, 0.03125, 0.078125, 0.15625, 0.28125, 0.078125, 0.40625, 0.1953125, 0.359375, 0.03125]",[45],0.6623503362561917,0.588325223675181
910,6740.46875,"[0.75, 0.65625, 0.59375, 0.125, 0.109375, 0.3125, 0.171875, 0.375, 0.53125, 0.28125, 0.359375, 0.1875, 0.03125, 0.078125, 0.25, 0.5625, 0.15625, 0.28125, 0.390625, 0.6875, 0.03125]","[0.375, 0.390625, 0.328125, 0.1875, 0.0546875, 0.15625, 0.203125, 0.1875, 0.296875, 0.140625, 0.359375, 0.09375, 0.03125, 0.078125, 0.15625, 0.28125, 0.078125, 0.40625, 0.1953125, 0.359375, 0.03125]",[45],0.6623503362561917,0.588325223675181
911,6720.625,"[0.75, 0.65625, 0.59375, 0.125, 0.109375, 0.3125, 0.171875, 0.375, 0.53125, 0.28125, 0.359375, 0.1875, 0.03125, 0.078125, 0.25, 0.5625, 0.15625, 0.28125, 0.390625, 0.703125, 0.03125]","[0.375, 0.390625, 0.328125, 0.1875, 0.0546875, 0.15625, 0.203125, 0.1875, 0.296875, 0.140625, 0.359375, 0.09375, 0.03125, 0.078125, 0.15625, 0.28125, 0.078125, 0.40625, 0.1953125, 0.3671875, 0.03125]",[59],0.6646167045844253,0.58950006306487
912,6760.46875,"[0.75, 0.65625, 0.59375, 0.125, 0.109375, 0.3125, 0.171875, 0.375, 0.53125, 0.28125, 0.359375, 0.1875, 0.03125, 0.078125, 0.25, 0.5625, 0.15625, 0.28125, 0.390625, 0.703125, 0.03125]","[0.375, 0.390625, 0.328125, 0.1875, 0.0546875, 0.15625, 0.203125, 0.1875, 0.296875, 0.140625, 0.359375, 0.09375, 0.03125, 0.078125, 0.15625, 0.28125, 0.078125, 0.40625, 0.1953125, 0.3671875, 0.03125]",[59],0.6646167045844253,0.58950006306487
913,6799.375,"[0.75, 0.65625, 0.59375, 0.125, 0.109375, 0.3125, 0.171875, 0.375, 0.53125, 0.28125, 0.359375, 0.1875, 0.03125, 0.078125, 0.25, 0.5625, 0.15625, 0.28125, 0.390625, 0.703125, 0.03125]","[0.375, 0.390625, 0.328125, 0.1875, 0.0546875, 0.15625, 0.203125, 0.1875, 0.296875, 0.140625, 0.359375, 0.09375, 0.03125, 0.078125, 0.15625, 0.28125, 0.078125, 0.40625, 0.1953125, 0.3671875, 0.03125]",[59],0.6646167045844253,0.58950006306487
914,6878.125,"[1.0, 0.65625, 0.59375, 0.125, 0.109375, 0.3125, 0.171875, 0.375, 0.5, 0.28125, 0.359375, 0.1875, 0.03125, 0.078125, 0.25, 0.5625, 0.15625, 0.28125, 0.390625, 0.578125, 0.03125]","[0.5, 0.390625, 0.328125, 0.1875, 0.0546875, 0.15625, 0.203125, 0.1875, 0.28125, 0.140625, 0.359375, 0.09375, 0.03125, 0.078125, 0.15625, 0.28125, 0.078125, 0.40625, 0.1953125, 0.3046875, 0.03125]",[51],0.7124917153514451,0.6174547487734666
915,6739.375,"[1.0, 0.65625, 0.59375, 0.125, 0.109375, 0.3125, 0.171875, 0.375, 0.5, 0.28125, 0.359375, 0.1875, 0.0625, 0.078125, 0.25, 0.5625, 0.15625, 0.28125, 0.390625, 0.578125, 0.03125]","[0.5, 0.390625, 0.328125, 0.1875, 0.0546875, 0.15625, 0.203125, 0.1875, 0.28125, 0.140625, 0.359375, 0.09375, 0.0625, 0.078125, 0.15625, 0.28125, 0.078125, 0.40625, 0.1953125, 0.3046875, 0.03125]",[80],0.7039640842439308,0.6042377808276624
916,6759.0625,"[1.0, 0.65625, 0.59375, 0.125, 0.109375, 0.3125, 0.171875, 0.375, 0.5, 0.28125, 0.359375, 0.1875, 0.0625, 0.078125, 0.25, 0.5625, 0.15625, 0.28125, 0.390625, 0.578125, 0.03125]","[0.5, 0.390625, 0.328125, 0.1875, 0.0546875, 0.15625, 0.203125, 0.1875, 0.28125, 0.140625, 0.359375, 0.09375, 0.0625, 0.078125, 0.15625, 0.28125, 0.078125, 0.40625, 0.1953125, 0.3046875, 0.03125]",[80],0.7039640842439308,0.6042377808276624
917,6779.0625,"[1.0, 0.65625, 0.59375, 0.125, 0.109375, 0.3125, 0.171875, 0.375, 0.5, 0.28125, 0.359375, 0.1875, 0.0625, 0.078125, 0.25, 0.5625, 0.15625, 0.28125, 0.390625, 0.578125, 0.03125]","[0.5, 0.390625, 0.328125, 0.1875, 0.0546875, 0.15625, 0.203125, 0.1875, 0.28125, 0.140625, 0.359375, 0.09375, 0.0625, 0.078125, 0.15625, 0.28125, 0.078125, 0.40625, 0.1953125, 0.3046875, 0.03125]",[80],0.7039640842439308,0.6042377808276624
918,6819.0625,"[1.0, 0.65625, 0.59375, 0.125, 0.109375, 0.3125, 0.171875, 0.375, 0.5, 0.28125, 0.359375, 0.1875, 0.0625, 0.078125, 0.25, 0.5625, 0.15625, 0.28125, 0.390625, 0.578125, 0.03125]","[0.5, 0.390625, 0.328125, 0.1875, 0.0546875, 0.15625, 0.203125, 0.1875, 0.28125, 0.140625, 0.359375, 0.09375, 0.0625, 0.078125, 0.15625, 0.28125, 0.078125, 0.40625, 0.1953125, 0.3046875, 0.03125]",[80],0.7039640842439308,0.6042377808276624
919,6896.875,"[1.0, 0.65625, 0.59375, 0.125, 0.109375, 0.3125, 0.171875, 0.375, 0.5, 0.28125, 0.359375, 0.1875, 0.0625, 0.078125, 0.5, 0.5625, 0.15625, 0.28125, 0.390625, 0.578125, 0.03125]","[0.5, 0.390625, 0.328125, 0.1875, 0.0546875, 0.15625, 0.203125, 0.1875, 0.28125, 0.140625, 0.359375, 0.09375, 0.0625, 0.078125, 0.28125, 0.28125, 0.078125, 0.40625, 0.1953125, 0.3046875, 0.03125]",[87],0.6846081820422044,0.5883728072359453
920,6936.5625,"[1.0, 0.65625, 0.59375, 0.15625, 0.109375, 0.3125, 0.171875, 0.375, 0.5, 0.25, 0.359375, 0.1875, 0.0625, 0.078125, 0.5, 0.5625, 0.15625, 0.28125, 0.390625, 0.578125, 0.03125]","[0.5, 0.390625, 0.328125, 0.25, 0.0546875, 0.15625, 0.203125, 0.1875, 0.28125, 0.125, 0.359375, 0.09375, 0.0625, 0.078125, 0.28125, 0.28125, 0.078125, 0.40625, 0.1953125, 0.3046875, 0.03125]",[17],0.6823636904208938,0.5845599466190786
921,6936.5625,"[1.0, 0.65625, 0.59375, 0.15625, 0.109375, 0.3125, 0.171875, 0.375, 0.5, 0.25, 0.359375, 0.1875, 0.0625, 0.078125, 0.5, 0.59375, 0.15625, 0.28125, 0.390625, 0.578125, 0.03125]","[0.5, 0.390625, 0.328125, 0.25, 0.0546875, 0.15625, 0.203125, 0.1875, 0.28125, 0.125, 0.359375, 0.09375, 0.0625, 0.078125, 0.28125, 0.296875, 0.078125, 0.40625, 0.1953125, 0.3046875, 0.03125]",[88],0.6835518242413821,0.5843423857960177
922,6976.25,"[1.0, 0.65625, 0.59375, 0.15625, 0.109375, 0.3125, 0.171875, 0.375, 0.5, 0.25, 0.359375, 0.1875, 0.0625, 0.078125, 0.5, 0.59375, 0.15625, 0.28125, 0.390625, 0.578125, 0.03125]","[0.5, 0.390625, 0.328125, 0.25, 0.0546875, 0.15625, 0.203125, 0.1875, 0.28125, 0.125, 0.359375, 0.09375, 0.0625, 0.078125, 0.28125, 0.296875, 0.078125, 0.40625, 0.1953125, 0.3046875, 0.03125]",[88],0.6835518242413821,0.5843423857960177
923,7015.3125,"[1.0, 0.65625, 0.59375, 0.15625, 0.109375, 0.3125, 0.171875, 0.375, 0.5, 0.25, 0.359375, 0.1875, 0.0625, 0.078125, 0.5, 0.71875, 0.15625, 0.28125, 0.390625, 0.578125, 0.03125]","[0.5, 0.390625, 0.328125, 0.25, 0.0546875, 0.15625, 0.203125, 0.1875, 0.28125, 0.125, 0.359375, 0.09375, 0.0625, 0.078125, 0.28125, 0.359375, 0.078125, 0.40625, 0.1953125, 0.3046875, 0.03125]",[89],0.6930403788018007,0.5871701626831517
924,7174.0625,"[1.0, 0.65625, 0.59375, 0.15625, 0.109375, 0.4375, 0.171875, 0.375, 0.5, 0.25, 0.234375, 0.1875, 0.0625, 0.078125, 0.5, 0.71875, 0.15625, 0.28125, 0.390625, 0.578125, 0.03125]","[0.5, 0.390625, 0.328125, 0.25, 0.0546875, 0.21875, 0.203125, 0.1875, 0.28125, 0.125, 0.234375, 0.09375, 0.0625, 0.078125, 0.28125, 0.359375, 0.078125, 0.40625, 0.1953125, 0.3046875, 0.03125]",[21],0.6983249810084885,0.5762192746473394
925,7055.0,"[0.96875, 0.65625, 0.59375, 0.15625, 0.109375, 0.4375, 0.171875, 0.375, 0.5, 0.25, 0.265625, 0.1875, 0.0625, 0.078125, 0.5, 0.71875, 0.15625, 0.28125, 0.390625, 0.578125, 0.03125]","[0.484375, 0.390625, 0.328125, 0.25, 0.0546875, 0.21875, 0.203125, 0.1875, 0.28125, 0.125, 0.296875, 0.09375, 0.0625, 0.078125, 0.28125, 0.359375, 0.078125, 0.40625, 0.1953125, 0.3046875, 0.03125]",[77],0.6858415778014731,0.5679055990099907
926,7055.234375,"[0.96875, 0.65625, 0.59375, 0.15625, 0.109375, 0.4375, 0.171875, 0.375, 0.5, 0.25, 0.265625, 0.1875, 0.0625, 0.078125, 0.5, 0.71875, 0.15625, 0.28125, 0.390625, 0.578125, 0.0390625]","[0.484375, 0.390625, 0.328125, 0.25, 0.0546875, 0.21875, 0.203125, 0.1875, 0.28125, 0.125, 0.296875, 0.09375, 0.0625, 0.078125, 0.28125, 0.359375, 0.078125, 0.40625, 0.1953125, 0.3046875, 0.0390625]",[90],0.683749771142422,0.5644991313813447
927,7094.609375,"[0.96875, 0.65625, 0.59375, 0.15625, 0.109375, 0.4375, 0.171875, 0.375, 0.5, 0.25, 0.265625, 0.1875, 0.0625, 0.078125, 0.5, 0.71875, 0.15625, 0.28125, 0.390625, 0.578125, 0.0390625]","[0.484375, 0.390625, 0.328125, 0.25, 0.0546875, 0.21875, 0.203125, 0.1875, 0.28125, 0.125, 0.296875, 0.09375, 0.0625, 0.078125, 0.28125, 0.359375, 0.078125, 0.40625, 0.1953125, 0.3046875, 0.0390625]",[90],0.683749771142422,0.5644991313813447
928,7134.609375,"[0.96875, 0.65625, 0.59375, 0.15625, 0.109375, 0.4375, 0.171875, 0.375, 0.5, 0.25, 0.265625, 0.1875, 0.0625, 0.078125, 0.5, 0.71875, 0.15625, 0.28125, 0.390625, 0.578125, 0.0390625]","[0.484375, 0.390625, 0.328125, 0.25, 0.0546875, 0.21875, 0.203125, 0.1875, 0.28125, 0.125, 0.296875, 0.09375, 0.0625, 0.078125, 0.28125, 0.359375, 0.078125, 0.40625, 0.1953125, 0.3046875, 0.0390625]",[90],0.683749771142422,0.5644991313813447
929,7213.984375,"[0.96875, 0.65625, 0.59375, 0.15625, 0.109375, 0.4375, 0.171875, 0.375, 0.5, 0.25, 0.265625, 0.1875, 0.1875, 0.078125, 0.5, 0.71875, 0.15625, 0.28125, 0.390625, 0.578125, 0.0390625]","[0.484375, 0.390625, 0.328125, 0.25, 0.0546875, 0.21875, 0.203125, 0.1875, 0.28125, 0.125, 0.296875, 0.09375, 0.125, 0.078125, 0.28125, 0.359375, 0.078125, 0.40625, 0.1953125, 0.3046875, 0.0390625]",[91],0.6565089602408221,0.5433000393136239
930,7253.671875,"[0.96875, 0.65625, 0.59375, 0.15625, 0.109375, 0.4375, 0.171875, 0.375, 0.5, 0.25, 0.265625, 0.1875, 0.21875, 0.078125, 0.5, 0.71875, 0.15625, 0.28125, 0.390625, 0.578125, 0.0390625]","[0.484375, 0.390625, 0.328125, 0.25, 0.0546875, 0.21875, 0.203125, 0.1875, 0.28125, 0.125, 0.296875, 0.09375, 0.15625, 0.078125, 0.28125, 0.359375, 0.078125, 0.40625, 0.1953125, 0.3046875, 0.0390625]",[92],0.6510656995203115,0.5351433399874653
931,7273.515625,"[0.96875, 0.65625, 0.59375, 0.15625, 0.125, 0.4375, 0.171875, 0.375, 0.5, 0.25, 0.265625, 0.1875, 0.21875, 0.078125, 0.5, 0.71875, 0.15625, 0.28125, 0.390625, 0.578125, 0.0390625]","[0.484375, 0.390625, 0.328125, 0.25, 0.0625, 0.21875, 0.203125, 0.1875, 0.28125, 0.125, 0.296875, 0.09375, 0.15625, 0.078125, 0.28125, 0.359375, 0.078125, 0.40625, 0.1953125, 0.3046875, 0.0390625]",[93],0.6476028136529973,0.5320145076878396
932,7312.890625,"[0.96875, 0.65625, 0.59375, 0.15625, 0.125, 0.4375, 0.171875, 0.375, 0.5, 0.25, 0.140625, 0.1875, 0.21875, 0.078125, 0.5, 0.71875, 0.15625, 0.28125, 0.390625, 0.578125, 0.0390625]","[0.484375, 0.390625, 0.328125, 0.25, 0.0625, 0.21875, 0.203125, 0.1875, 0.28125, 0.125, 0.171875, 0.09375, 0.15625, 0.078125, 0.28125, 0.359375, 0.078125, 0.40625, 0.1953125, 0.3046875, 0.0390625]",[4],0.6694075120482936,0.5444721288428437
933,7194.140625,"[0.96875, 0.65625, 0.59375, 0.15625, 0.125, 0.4375, 0.171875, 0.375, 0.5, 0.25, 0.140625, 0.1875, 0.21875, 0.078125, 0.5, 0.71875, 0.15625, 0.28125, 0.390625, 0.578125, 0.0390625]","[0.484375, 0.390625, 0.328125, 0.25, 0.0625, 0.21875, 0.203125, 0.1875, 0.28125, 0.125, 0.171875, 0.09375, 0.15625, 0.078125, 0.28125, 0.359375, 0.078125, 0.40625, 0.1953125, 0.3046875, 0.0390625]",[4],0.6694075120482936,0.5444721288428437
934,7273.515625,"[0.96875, 0.65625, 0.59375, 0.15625, 0.125, 0.4375, 0.171875, 0.25, 0.5, 0.25, 0.140625, 0.1875, 0.21875, 0.078125, 0.5, 0.71875, 0.15625, 0.28125, 0.390625, 0.578125, 0.0390625]","[0.484375, 0.390625, 0.328125, 0.25, 0.0625, 0.21875, 0.203125, 0.125, 0.28125, 0.125, 0.171875, 0.09375, 0.15625, 0.078125, 0.28125, 0.359375, 0.078125, 0.40625, 0.1953125, 0.3046875, 0.0390625]",[4],0.6837248697105169,0.5590670677341856
935,7075.703125,"[0.96875, 0.65625, 0.59375, 0.15625, 0.125, 0.4375, 0.171875, 0.25, 0.5, 0.25, 0.140625, 0.1875, 0.21875, 0.078125, 0.5, 0.71875, 0.15625, 0.3125, 0.390625, 0.578125, 0.0390625]","[0.484375, 0.390625, 0.328125, 0.25, 0.0625, 0.21875, 0.203125, 0.125, 0.28125, 0.125, 0.171875, 0.09375, 0.15625, 0.078125, 0.28125, 0.359375, 0.078125, 0.46875, 0.1953125, 0.3046875, 0.0390625]",[86],0.6798674469665209,0.5744024533945947
936,7095.546875,"[0.96875, 0.65625, 0.59375, 0.15625, 0.125, 0.4375, 0.171875, 0.25, 0.5, 0.25, 0.140625, 0.1875, 0.21875, 0.078125, 0.5, 0.71875, 0.15625, 0.3125, 0.390625, 0.578125, 0.0390625]","[0.484375, 0.390625, 0.328125, 0.25, 0.0625, 0.21875, 0.203125, 0.125, 0.28125, 0.125, 0.171875, 0.09375, 0.15625, 0.078125, 0.28125, 0.359375, 0.078125, 0.46875, 0.1953125, 0.3046875, 0.0390625]",[86],0.6798674469665209,0.5744024533945947
937,7115.078125,"[0.96875, 0.65625, 0.59375, 0.15625, 0.125, 0.4375, 0.171875, 0.1875, 0.5, 0.25, 0.140625, 0.1875, 0.21875, 0.078125, 0.5, 0.71875, 0.15625, 0.3125, 0.390625, 0.578125, 0.0390625]","[0.484375, 0.390625, 0.328125, 0.25, 0.0625, 0.21875, 0.203125, 0.09375, 0.28125, 0.125, 0.171875, 0.09375, 0.15625, 0.078125, 0.28125, 0.359375, 0.078125, 0.46875, 0.1953125, 0.3046875, 0.0390625]",[0],0.6903295848228452,0.5841406847273309
938,7115.078125,"[0.96875, 0.78125, 0.59375, 0.15625, 0.125, 0.4375, 0.171875, 0.1875, 0.5, 0.25, 0.140625, 0.1875, 0.21875, 0.078125, 0.5, 0.71875, 0.15625, 0.3125, 0.390625, 0.578125, 0.0234375]","[0.484375, 0.453125, 0.328125, 0.25, 0.0625, 0.21875, 0.203125, 0.09375, 0.28125, 0.125, 0.171875, 0.09375, 0.15625, 0.078125, 0.28125, 0.359375, 0.078125, 0.46875, 0.1953125, 0.3046875, 0.0234375]",[46],0.707677502479704,0.6030239329821387
939,7232.734375,"[0.96875, 0.78125, 0.59375, 0.15625, 0.125, 0.4375, 0.171875, 0.1875, 0.5, 0.25, 0.140625, 0.1875, 0.21875, 0.078125, 0.5, 0.71875, 0.15625, 0.3125, 0.390625, 0.578125, 0.0234375]","[0.484375, 0.453125, 0.328125, 0.25, 0.0625, 0.21875, 0.203125, 0.09375, 0.28125, 0.125, 0.171875, 0.09375, 0.15625, 0.078125, 0.28125, 0.359375, 0.078125, 0.46875, 0.1953125, 0.3046875, 0.0234375]",[46],0.707677502479704,0.6030239329821387
940,7114.921875,"[0.96875, 0.78125, 0.59375, 0.15625, 0.125, 0.4375, 0.171875, 0.1875, 0.5, 0.25, 0.140625, 0.1875, 0.25, 0.078125, 0.5, 0.71875, 0.15625, 0.3125, 0.390625, 0.578125, 0.0234375]","[0.484375, 0.453125, 0.328125, 0.25, 0.0625, 0.21875, 0.203125, 0.09375, 0.28125, 0.125, 0.171875, 0.09375, 0.1875, 0.078125, 0.28125, 0.359375, 0.078125, 0.46875, 0.1953125, 0.3046875, 0.0234375]",[93],0.7027069866647314,0.596452979044936
941,7134.765625,"[0.96875, 0.78125, 0.28125, 0.15625, 0.125, 0.328125, 0.171875, 0.1875, 0.5, 0.25, 0.140625, 0.1875, 0.25, 0.078125, 0.5, 0.71875, 0.15625, 0.3125, 0.390625, 0.578125, 0.0234375]","[0.484375, 0.453125, 0.140625, 0.25, 0.0625, 0.1640625, 0.203125, 0.09375, 0.28125, 0.125, 0.171875, 0.09375, 0.1875, 0.078125, 0.28125, 0.359375, 0.078125, 0.46875, 0.1953125, 0.3046875, 0.0234375]",[7],0.7263460543199335,0.6267048507131626
942,6818.515625,"[0.96875, 0.78125, 0.28125, 0.15625, 0.125, 0.328125, 0.171875, 0.1875, 0.5, 0.3125, 0.140625, 0.1875, 0.25, 0.078125, 0.5, 0.46875, 0.15625, 0.3125, 0.390625, 0.578125, 0.0234375]","[0.484375, 0.453125, 0.140625, 0.25, 0.0625, 0.1640625, 0.203125, 0.09375, 0.28125, 0.15625, 0.171875, 0.09375, 0.1875, 0.078125, 0.28125, 0.234375, 0.078125, 0.46875, 0.1953125, 0.3046875, 0.0234375]",[44],0.7044531749827501,0.6179682144322547
943,6739.765625,"[0.96875, 0.78125, 0.28125, 0.15625, 0.125, 0.328125, 0.171875, 0.1875, 0.5, 0.3125, 0.140625, 0.1875, 0.25, 0.078125, 0.625, 0.46875, 0.15625, 0.3125, 0.390625, 0.578125, 0.0234375]","[0.484375, 0.453125, 0.140625, 0.25, 0.0625, 0.1640625, 0.203125, 0.09375, 0.28125, 0.15625, 0.171875, 0.09375, 0.1875, 0.078125, 0.34375, 0.234375, 0.078125, 0.46875, 0.1953125, 0.3046875, 0.0234375]",[76],0.7094611935707927,0.6201441026126762
944,6897.265625,"[0.96875, 0.78125, 0.28125, 0.15625, 0.125, 0.328125, 0.171875, 0.1875, 0.75, 0.3125, 0.140625, 0.1875, 0.25, 0.078125, 0.625, 0.46875, 0.15625, 0.3125, 0.390625, 0.578125, 0.0234375]","[0.484375, 0.453125, 0.140625, 0.25, 0.0625, 0.1640625, 0.203125, 0.09375, 0.40625, 0.15625, 0.171875, 0.09375, 0.1875, 0.078125, 0.34375, 0.234375, 0.078125, 0.46875, 0.1953125, 0.3046875, 0.0234375]",[81],0.7251310741816183,0.6291045976244226
945,6937.109375,"[0.96875, 0.78125, 0.28125, 0.15625, 0.125, 0.328125, 0.171875, 0.1875, 0.75, 0.3125, 0.140625, 0.1875, 0.125, 0.09375, 0.625, 0.46875, 0.15625, 0.3125, 0.390625, 0.578125, 0.0234375]","[0.484375, 0.453125, 0.140625, 0.25, 0.0625, 0.1640625, 0.203125, 0.09375, 0.40625, 0.15625, 0.171875, 0.09375, 0.125, 0.109375, 0.34375, 0.234375, 0.078125, 0.46875, 0.1953125, 0.3046875, 0.0234375]",[90],0.7447681724698971,0.6333765001601741
946,6798.28125,"[0.96875, 0.78125, 0.28125, 0.15625, 0.125, 0.328125, 0.171875, 0.1875, 0.75, 0.3125, 0.140625, 0.1875, 0.125, 0.1015625, 0.625, 0.46875, 0.15625, 0.3125, 0.390625, 0.578125, 0.015625]","[0.484375, 0.453125, 0.140625, 0.25, 0.0625, 0.1640625, 0.203125, 0.09375, 0.40625, 0.15625, 0.171875, 0.09375, 0.125, 0.1171875, 0.34375, 0.234375, 0.078125, 0.46875, 0.1953125, 0.3046875, 0.015625]",[63],0.7451034170616361,0.6345420034463731
947,6818.046875,"[0.96875, 0.78125, 0.28125, 0.15625, 0.125, 0.328125, 0.171875, 0.1875, 0.75, 0.3125, 0.140625, 0.1875, 0.125, 0.1015625, 0.625, 0.46875, 0.15625, 0.3125, 0.390625, 0.578125, 0.015625]","[0.484375, 0.453125, 0.140625, 0.25, 0.0625, 0.1640625, 0.203125, 0.09375, 0.40625, 0.15625, 0.171875, 0.09375, 0.125, 0.1171875, 0.34375, 0.234375, 0.078125, 0.46875, 0.1953125, 0.3046875, 0.015625]",[63],0.7451034170616361,0.6345420034463731
948,6857.734375,"[0.96875, 0.78125, 0.28125, 0.15625, 0.125, 0.328125, 0.171875, 0.1875, 0.75, 0.3125, 0.140625, 0.1875, 0.125, 0.1015625, 0.625, 0.46875, 0.15625, 0.3125, 0.390625, 0.578125, 0.015625]","[0.484375, 0.453125, 0.140625, 0.25, 0.0625, 0.1640625, 0.203125, 0.09375, 0.40625, 0.15625, 0.171875, 0.09375, 0.125, 0.1171875, 0.34375, 0.234375, 0.078125, 0.46875, 0.1953125, 0.3046875, 0.015625]",[63],0.7451034170616361,0.6345420034463731
949,6937.734375,"[0.96875, 0.78125, 0.28125, 0.15625, 0.125, 0.328125, 0.1640625, 0.1875, 0.75, 0.3125, 0.140625, 0.1875, 0.125, 0.1015625, 0.625, 0.46875, 0.15625, 0.3125, 0.390625, 0.578125, 0.015625]","[0.484375, 0.453125, 0.140625, 0.25, 0.0625, 0.1640625, 0.1953125, 0.09375, 0.40625, 0.15625, 0.171875, 0.09375, 0.125, 0.1171875, 0.34375, 0.234375, 0.078125, 0.46875, 0.1953125, 0.3046875, 0.015625]",[63],0.7466594496210156,0.6358525500544654
950,6758.4375,"[0.96875, 0.78125, 0.28125, 0.15625, 0.125, 0.328125, 0.1640625, 0.1875, 0.75, 0.3125, 0.140625, 0.1875, 0.125, 0.1015625, 0.625, 0.46875, 0.15625, 0.3125, 0.390625, 0.578125, 0.015625]","[0.484375, 0.453125, 0.140625, 0.25, 0.0625, 0.1640625, 0.1953125, 0.09375, 0.40625, 0.15625, 0.171875, 0.09375, 0.125, 0.1171875, 0.34375, 0.234375, 0.078125, 0.46875, 0.1953125, 0.3046875, 0.015625]","[63, 75]",0.7466594496210156,0.6358525500544654
951,6818.203125,"[0.96875, 0.78125, 0.28125, 0.15625, 0.125, 0.328125, 0.1640625, 0.1875, 0.75, 0.3125, 0.140625, 0.1875, 0.125, 0.109375, 0.625, 0.46875, 0.15625, 0.3125, 0.390625, 0.578125, 0.015625]","[0.484375, 0.453125, 0.140625, 0.25, 0.0625, 0.1640625, 0.1953125, 0.09375, 0.40625, 0.15625, 0.171875, 0.09375, 0.125, 0.125, 0.34375, 0.234375, 0.078125, 0.46875, 0.1953125, 0.3046875, 0.015625]",[63],0.7448352334595254,0.6335708995991809
952,6818.046875,"[0.96875, 0.78125, 0.28125, 0.15625, 0.125, 0.328125, 0.1640625, 0.1875, 0.75, 0.3125, 0.171875, 0.1875, 0.125, 0.109375, 0.625, 0.46875, 0.15625, 0.3125, 0.390625, 0.578125, 0.015625]","[0.484375, 0.453125, 0.140625, 0.25, 0.0625, 0.1640625, 0.1953125, 0.09375, 0.40625, 0.15625, 0.203125, 0.09375, 0.125, 0.125, 0.34375, 0.234375, 0.078125, 0.46875, 0.1953125, 0.3046875, 0.015625]",[94],0.7384205089782733,0.627751475091917
953,6896.796875,"[0.96875, 0.90625, 0.28125, 0.15625, 0.125, 0.328125, 0.1640625, 0.1875, 0.75, 0.3125, 0.171875, 0.1875, 0.125, 0.109375, 0.625, 0.46875, 0.15625, 0.3125, 0.390625, 0.578125, 0.015625]","[0.484375, 0.515625, 0.140625, 0.25, 0.0625, 0.1640625, 0.1953125, 0.09375, 0.40625, 0.15625, 0.203125, 0.09375, 0.125, 0.125, 0.34375, 0.234375, 0.078125, 0.46875, 0.1953125, 0.3046875, 0.015625]",[95],0.7586868554429838,0.644627291424534
954,7054.296875,"[0.96875, 0.90625, 0.28125, 0.15625, 0.125, 0.328125, 0.1640625, 0.1875, 0.75, 0.3125, 0.171875, 0.1875, 0.125, 0.109375, 0.625, 0.46875, 0.15625, 0.3125, 0.390625, 0.578125, 0.015625]","[0.484375, 0.515625, 0.140625, 0.25, 0.0625, 0.1640625, 0.1953125, 0.09375, 0.40625, 0.15625, 0.203125, 0.09375, 0.125, 0.125, 0.34375, 0.234375, 0.078125, 0.46875, 0.1953125, 0.3046875, 0.015625]",[95],0.7586868554429838,0.644627291424534
955,6936.484375,"[0.96875, 0.90625, 0.28125, 0.15625, 0.125, 0.328125, 0.1640625, 0.1875, 0.75, 0.3125, 0.171875, 0.1875, 0.125, 0.109375, 0.625, 0.46875, 0.15625, 0.3125, 0.390625, 0.578125, 0.015625]","[0.484375, 0.515625, 0.140625, 0.25, 0.0625, 0.1640625, 0.1953125, 0.09375, 0.40625, 0.15625, 0.203125, 0.09375, 0.125, 0.125, 0.34375, 0.234375, 0.078125, 0.46875, 0.1953125, 0.3046875, 0.015625]",[95],0.7586868554429838,0.644627291424534
956,6916.484375,"[0.96875, 0.90625, 0.28125, 0.15625, 0.125, 0.328125, 0.1640625, 0.1875, 0.75, 0.34375, 0.171875, 0.1875, 0.125, 0.109375, 0.375, 0.34375, 0.15625, 0.3125, 0.390625, 0.578125, 0.015625]","[0.484375, 0.515625, 0.140625, 0.25, 0.0625, 0.1640625, 0.1953125, 0.09375, 0.40625, 0.171875, 0.203125, 0.09375, 0.125, 0.125, 0.21875, 0.171875, 0.078125, 0.46875, 0.1953125, 0.3046875, 0.015625]",[80],0.7693258743289694,0.6569214934522473
957,6719.609375,"[0.96875, 0.90625, 0.28125, 0.15625, 0.125, 0.328125, 0.1640625, 0.1875, 0.75, 0.40625, 0.171875, 0.1875, 0.125, 0.109375, 0.375, 0.34375, 0.15625, 0.3125, 0.390625, 0.578125, 0.015625]","[0.484375, 0.515625, 0.140625, 0.25, 0.0625, 0.1640625, 0.1953125, 0.09375, 0.40625, 0.203125, 0.203125, 0.09375, 0.125, 0.125, 0.21875, 0.171875, 0.078125, 0.46875, 0.1953125, 0.3046875, 0.015625]",[88],0.763928250254477,0.6510525677758984
958,6799.296875,"[0.71875, 0.90625, 0.28125, 0.15625, 0.125, 0.328125, 0.1640625, 0.1875, 0.75, 0.40625, 0.171875, 0.1875, 0.125, 0.109375, 0.25, 0.34375, 0.15625, 0.3125, 0.390625, 0.578125, 0.015625]","[0.359375, 0.515625, 0.140625, 0.25, 0.0625, 0.1640625, 0.1953125, 0.09375, 0.40625, 0.203125, 0.203125, 0.09375, 0.125, 0.125, 0.15625, 0.171875, 0.078125, 0.46875, 0.1953125, 0.3046875, 0.015625]",[44],0.7282782855923431,0.6367109440591675
959,6642.734375,"[0.71875, 0.90625, 0.28125, 0.125, 0.125, 0.328125, 0.1640625, 0.1875, 0.75, 0.40625, 0.171875, 0.1875, 0.125, 0.171875, 0.25, 0.34375, 0.15625, 0.3125, 0.390625, 0.578125, 0.015625]","[0.359375, 0.515625, 0.140625, 0.1875, 0.0625, 0.1640625, 0.1953125, 0.09375, 0.40625, 0.203125, 0.203125, 0.09375, 0.125, 0.1875, 0.15625, 0.171875, 0.078125, 0.46875, 0.1953125, 0.3046875, 0.015625]",[13],0.7212863225449518,0.6297957840497173
960,6642.421875,"[0.71875, 0.90625, 0.28125, 0.125, 0.125, 0.328125, 0.1640625, 0.1875, 0.75, 0.40625, 0.171875, 0.1875, 0.125, 0.171875, 0.25, 0.34375, 0.15625, 0.3125, 0.390625, 0.578125, 0.015625]","[0.359375, 0.515625, 0.140625, 0.1875, 0.0625, 0.1640625, 0.1953125, 0.09375, 0.40625, 0.203125, 0.203125, 0.09375, 0.125, 0.1875, 0.15625, 0.171875, 0.078125, 0.46875, 0.1953125, 0.3046875, 0.015625]",[13],0.7212863225449518,0.6297957840497173
961,6622.734375,"[0.71875, 0.90625, 0.28125, 0.125, 0.109375, 0.328125, 0.1640625, 0.1875, 0.75, 0.40625, 0.171875, 0.1875, 0.125, 0.171875, 0.25, 0.34375, 0.15625, 0.3125, 0.390625, 0.578125, 0.015625]","[0.359375, 0.515625, 0.140625, 0.1875, 0.0546875, 0.1640625, 0.1953125, 0.09375, 0.40625, 0.203125, 0.203125, 0.09375, 0.125, 0.1875, 0.15625, 0.171875, 0.078125, 0.46875, 0.1953125, 0.3046875, 0.015625]",[13],0.7250179097988448,0.6329837210027973
962,6622.890625,"[0.71875, 0.90625, 0.28125, 0.125, 0.109375, 0.328125, 0.1640625, 0.1875, 0.75, 0.40625, 0.171875, 0.1875, 0.125, 0.171875, 0.25, 0.34375, 0.15625, 0.3125, 0.390625, 0.578125, 0.015625]","[0.359375, 0.515625, 0.140625, 0.1875, 0.0546875, 0.1640625, 0.1953125, 0.09375, 0.40625, 0.203125, 0.203125, 0.09375, 0.125, 0.1875, 0.15625, 0.171875, 0.078125, 0.46875, 0.1953125, 0.3046875, 0.015625]",[13],0.7250179097988448,0.6329837210027973
963,6583.203125,"[0.71875, 0.90625, 0.28125, 0.125, 0.109375, 0.328125, 0.1640625, 0.1875, 0.75, 0.40625, 0.171875, 0.1875, 0.125, 0.171875, 0.25, 0.34375, 0.15625, 0.3125, 0.390625, 0.578125, 0.015625]","[0.359375, 0.515625, 0.140625, 0.1875, 0.0546875, 0.1640625, 0.1953125, 0.09375, 0.40625, 0.203125, 0.203125, 0.09375, 0.125, 0.1875, 0.15625, 0.171875, 0.078125, 0.46875, 0.1953125, 0.3046875, 0.015625]","[13, 29, 59]",0.7250179097988448,0.6329837210027973
964,6741.328125,"[0.71875, 0.90625, 0.28125, 0.09375, 0.109375, 0.328125, 0.1640625, 0.25, 0.75, 0.40625, 0.171875, 0.1875, 0.125, 0.171875, 0.25, 0.34375, 0.15625, 0.375, 0.390625, 0.578125, 0.015625]","[0.359375, 0.515625, 0.140625, 0.125, 0.0546875, 0.1640625, 0.1953125, 0.125, 0.40625, 0.203125, 0.203125, 0.09375, 0.125, 0.1875, 0.15625, 0.171875, 0.078125, 0.53125, 0.1953125, 0.3046875, 0.015625]","[59, 25, 74]",0.7160762896863921,0.6601941839612149
965,7018.203125,"[0.71875, 0.90625, 0.28125, 0.09375, 0.109375, 0.328125, 0.1640625, 0.25, 0.75, 0.40625, 0.203125, 0.1875, 0.09375, 0.171875, 0.25, 0.3125, 0.40625, 0.375, 0.390625, 0.703125, 0.015625]","[0.359375, 0.515625, 0.140625, 0.125, 0.0546875, 0.1640625, 0.1953125, 0.125, 0.40625, 0.203125, 0.265625, 0.09375, 0.09375, 0.1875, 0.15625, 0.15625, 0.203125, 0.53125, 0.1953125, 0.3671875, 0.015625]",[17],0.6988446423376019,0.6374053509888699
966,6978.515625,"[0.71875, 0.90625, 0.28125, 0.09375, 0.109375, 0.328125, 0.1640625, 0.25, 0.75, 0.40625, 0.203125, 0.1875, 0.09375, 0.171875, 0.25, 0.3125, 0.40625, 0.375, 0.390625, 0.703125, 0.015625]","[0.359375, 0.515625, 0.140625, 0.125, 0.0546875, 0.1640625, 0.1953125, 0.125, 0.40625, 0.203125, 0.265625, 0.09375, 0.09375, 0.1875, 0.15625, 0.15625, 0.203125, 0.53125, 0.1953125, 0.3671875, 0.015625]",[17],0.6988446423376019,0.6374053509888699
967,6998.515625,"[0.71875, 0.90625, 0.28125, 0.09375, 0.109375, 0.328125, 0.1015625, 0.25, 0.75, 0.40625, 0.203125, 0.1875, 0.09375, 0.171875, 0.25, 0.3125, 0.40625, 0.375, 0.390625, 0.703125, 0.015625]","[0.359375, 0.515625, 0.140625, 0.125, 0.0546875, 0.1640625, 0.1328125, 0.125, 0.40625, 0.203125, 0.265625, 0.09375, 0.09375, 0.1875, 0.15625, 0.15625, 0.203125, 0.53125, 0.1953125, 0.3671875, 0.015625]",[17],0.7126484622484367,0.6514198539244536
968,6879.140625,"[0.71875, 0.90625, 0.28125, 0.09375, 0.109375, 0.328125, 0.09375, 0.25, 0.75, 0.40625, 0.203125, 0.1875, 0.09375, 0.171875, 0.25, 0.3125, 0.40625, 0.375, 0.375, 0.703125, 0.015625]","[0.359375, 0.515625, 0.140625, 0.125, 0.0546875, 0.1640625, 0.125, 0.125, 0.40625, 0.203125, 0.265625, 0.09375, 0.09375, 0.1875, 0.15625, 0.15625, 0.203125, 0.53125, 0.1875, 0.3671875, 0.015625]",[17],0.715686668457229,0.655029412154688
969,6918.4375,"[0.71875, 0.90625, 0.28125, 0.09375, 0.109375, 0.328125, 0.09375, 0.25, 0.75, 0.40625, 0.203125, 0.1875, 0.09375, 0.171875, 0.25, 0.1875, 0.40625, 0.5, 0.375, 0.703125, 0.015625]","[0.359375, 0.515625, 0.140625, 0.125, 0.0546875, 0.1640625, 0.125, 0.125, 0.40625, 0.203125, 0.265625, 0.09375, 0.09375, 0.1875, 0.15625, 0.09375, 0.203125, 0.65625, 0.1875, 0.3671875, 0.015625]",[27],0.7294645423312353,0.7248109916397573
970,6879.375,"[0.71875, 0.90625, 0.28125, 0.09375, 0.109375, 0.328125, 0.09375, 0.25, 0.75, 0.40625, 0.203125, 0.1875, 0.09375, 0.171875, 0.25, 0.1875, 0.40625, 0.5, 0.375, 0.703125, 0.015625]","[0.359375, 0.515625, 0.140625, 0.125, 0.0546875, 0.1640625, 0.125, 0.125, 0.40625, 0.203125, 0.265625, 0.09375, 0.09375, 0.1875, 0.15625, 0.09375, 0.203125, 0.65625, 0.1875, 0.3671875, 0.015625]",[27],0.7294645423312353,0.7248109916397573
971,6859.375,"[0.71875, 0.90625, 0.28125, 0.09375, 0.109375, 0.328125, 0.09375, 0.25, 0.75, 0.40625, 0.203125, 0.0625, 0.09375, 0.171875, 0.25, 0.1875, 0.40625, 0.5, 0.375, 0.703125, 0.015625]","[0.359375, 0.515625, 0.140625, 0.125, 0.0546875, 0.1640625, 0.125, 0.125, 0.40625, 0.203125, 0.265625, 0.03125, 0.09375, 0.1875, 0.15625, 0.09375, 0.203125, 0.65625, 0.1875, 0.3671875, 0.015625]",[27],0.7578408820876716,0.7483676182762481
972,6720.78125,"[0.71875, 0.90625, 0.28125, 0.09375, 0.109375, 0.328125, 0.09375, 0.25, 0.75, 0.40625, 0.203125, 0.0625, 0.09375, 0.171875, 0.1875, 0.1875, 0.40625, 0.5, 0.375, 0.703125, 0.015625]","[0.359375, 0.515625, 0.140625, 0.125, 0.0546875, 0.1640625, 0.125, 0.125, 0.40625, 0.203125, 0.265625, 0.03125, 0.09375, 0.1875, 0.09375, 0.09375, 0.203125, 0.65625, 0.1875, 0.3671875, 0.015625]",[27],0.768732005303527,0.7666189386331591
973,6720.9375,"[0.71875, 0.90625, 0.28125, 0.09375, 0.109375, 0.328125, 0.09375, 0.25, 0.75, 0.40625, 0.203125, 0.0625, 0.15625, 0.171875, 0.1875, 0.1875, 0.40625, 0.5, 0.375, 0.703125, 0.015625]","[0.359375, 0.515625, 0.140625, 0.125, 0.0546875, 0.1640625, 0.125, 0.125, 0.40625, 0.203125, 0.265625, 0.03125, 0.125, 0.1875, 0.09375, 0.09375, 0.203125, 0.65625, 0.1875, 0.3671875, 0.015625]",[32],0.7544290576632243,0.7567859288888287
974,6879.6875,"[0.71875, 0.90625, 0.28125, 0.09375, 0.109375, 0.328125, 0.09375, 0.25, 0.75, 0.40625, 0.203125, 0.1875, 0.15625, 0.171875, 0.1875, 0.1875, 0.40625, 0.5, 0.375, 0.703125, 0.015625]","[0.359375, 0.515625, 0.140625, 0.125, 0.0546875, 0.1640625, 0.125, 0.125, 0.40625, 0.203125, 0.265625, 0.09375, 0.125, 0.1875, 0.09375, 0.09375, 0.203125, 0.65625, 0.1875, 0.3671875, 0.015625]",[37],0.7260445859179315,0.7331370781375661
975,6919.375,"[0.71875, 0.90625, 0.28125, 0.09375, 0.109375, 0.328125, 0.09375, 0.25, 0.75, 0.40625, 0.203125, 0.1875, 0.1875, 0.171875, 0.1875, 0.1875, 0.40625, 0.5, 0.375, 0.703125, 0.015625]","[0.359375, 0.515625, 0.140625, 0.125, 0.0546875, 0.1640625, 0.125, 0.125, 0.40625, 0.203125, 0.265625, 0.09375, 0.15625, 0.1875, 0.09375, 0.09375, 0.203125, 0.65625, 0.1875, 0.3671875, 0.015625]",[51],0.7198463672116532,0.7248109916397573
976,6939.21875,"[0.71875, 0.90625, 0.28125, 0.09375, 0.109375, 0.328125, 0.09375, 0.25, 0.75, 0.40625, 0.203125, 0.1875, 0.1875, 0.171875, 0.1875, 0.0625, 0.40625, 0.5, 0.390625, 0.703125, 0.015625]","[0.359375, 0.515625, 0.140625, 0.125, 0.0546875, 0.1640625, 0.125, 0.125, 0.40625, 0.203125, 0.265625, 0.09375, 0.15625, 0.1875, 0.09375, 0.03125, 0.203125, 0.65625, 0.1953125, 0.3671875, 0.015625]",[11],0.7469535822821123,0.7468241021039029
977,6899.84375,"[0.71875, 0.90625, 0.28125, 0.09375, 0.109375, 0.328125, 0.09375, 0.25, 0.75, 0.40625, 0.203125, 0.1875, 0.1875, 0.171875, 0.1875, 0.0625, 0.46875, 0.5, 0.390625, 0.703125, 0.015625]","[0.359375, 0.515625, 0.140625, 0.125, 0.0546875, 0.1640625, 0.125, 0.125, 0.40625, 0.203125, 0.265625, 0.09375, 0.15625, 0.1875, 0.09375, 0.03125, 0.234375, 0.65625, 0.1953125, 0.3671875, 0.015625]",[57],0.7440686304333801,0.7418494678131952
978,6978.59375,"[0.71875, 0.90625, 0.28125, 0.09375, 0.109375, 0.328125, 0.09375, 0.25, 0.75, 0.40625, 0.203125, 0.125, 0.1875, 0.171875, 0.125, 0.0625, 0.46875, 0.5, 0.390625, 0.703125, 0.015625]","[0.359375, 0.515625, 0.140625, 0.125, 0.0546875, 0.1640625, 0.125, 0.125, 0.40625, 0.203125, 0.265625, 0.0625, 0.15625, 0.1875, 0.0625, 0.03125, 0.234375, 0.65625, 0.1953125, 0.3671875, 0.015625]",[2],0.7702210531993341,0.7640829239561897
979,6939.84375,"[0.71875, 0.90625, 0.28125, 0.09375, 0.109375, 0.328125, 0.09375, 0.25, 0.75, 0.40625, 0.203125, 0.125, 0.1875, 0.171875, 0.125, 0.0625, 0.46875, 0.4375, 0.390625, 0.578125, 0.015625]","[0.359375, 0.515625, 0.140625, 0.125, 0.0546875, 0.1640625, 0.125, 0.125, 0.40625, 0.203125, 0.265625, 0.0625, 0.15625, 0.1875, 0.0625, 0.03125, 0.234375, 0.59375, 0.1953125, 0.3046875, 0.015625]",[2],0.7624836540149985,0.7361877453177322
980,6582.65625,"[0.71875, 0.65625, 0.28125, 0.09375, 0.140625, 0.328125, 0.09375, 0.25, 0.75, 0.40625, 0.203125, 0.125, 0.1875, 0.1640625, 0.125, 0.0625, 0.46875, 0.4375, 0.390625, 0.578125, 0.015625]","[0.359375, 0.390625, 0.140625, 0.125, 0.0859375, 0.1640625, 0.125, 0.125, 0.40625, 0.203125, 0.265625, 0.0625, 0.15625, 0.1796875, 0.0625, 0.03125, 0.234375, 0.59375, 0.1953125, 0.3046875, 0.015625]",[12],0.7078055779097998,0.6968454133862164
981,6424.921875,"[0.71875, 0.65625, 0.28125, 0.09375, 0.140625, 0.328125, 0.09375, 0.25, 0.75, 0.40625, 0.203125, 0.125, 0.1875, 0.1640625, 0.125, 0.0625, 0.5, 0.4375, 0.390625, 0.578125, 0.015625]","[0.359375, 0.390625, 0.140625, 0.125, 0.0859375, 0.1640625, 0.125, 0.125, 0.40625, 0.203125, 0.265625, 0.0625, 0.15625, 0.1796875, 0.0625, 0.03125, 0.25, 0.59375, 0.1953125, 0.3046875, 0.015625]",[22],0.7082507571820714,0.6953428827647413
982,6464.296875,"[0.71875, 0.65625, 0.28125, 0.09375, 0.140625, 0.328125, 0.09375, 0.25, 0.75, 0.46875, 0.203125, 0.125, 0.1875, 0.1640625, 0.125, 0.0625, 0.5, 0.4375, 0.390625, 0.578125, 0.015625]","[0.359375, 0.390625, 0.140625, 0.125, 0.0859375, 0.1640625, 0.125, 0.125, 0.40625, 0.234375, 0.265625, 0.0625, 0.15625, 0.1796875, 0.0625, 0.03125, 0.25, 0.59375, 0.1953125, 0.3046875, 0.015625]",[38],0.7069583021764648,0.6910904096906179
983,6543.671875,"[0.71875, 0.65625, 0.28125, 0.09375, 0.140625, 0.328125, 0.09375, 0.25, 0.75, 0.46875, 0.203125, 0.125, 0.1875, 0.1640625, 0.125, 0.0625, 0.5, 0.4375, 0.453125, 0.578125, 0.015625]","[0.359375, 0.390625, 0.140625, 0.125, 0.0859375, 0.1640625, 0.125, 0.125, 0.40625, 0.234375, 0.265625, 0.0625, 0.15625, 0.1796875, 0.0625, 0.03125, 0.25, 0.59375, 0.2265625, 0.3046875, 0.015625]",[57],0.7048621207587401,0.6864190000092056
984,6702.421875,"[0.71875, 0.65625, 0.28125, 0.09375, 0.140625, 0.328125, 0.09375, 0.25, 0.75, 0.46875, 0.203125, 0.125, 0.1875, 0.1640625, 0.125, 0.0625, 0.5, 0.4375, 0.453125, 0.578125, 0.015625]","[0.359375, 0.390625, 0.140625, 0.125, 0.0859375, 0.1640625, 0.125, 0.125, 0.40625, 0.234375, 0.265625, 0.0625, 0.15625, 0.1796875, 0.0625, 0.03125, 0.25, 0.59375, 0.2265625, 0.3046875, 0.015625]",[57],0.7048621207587401,0.6864190000092056
985,6583.515625,"[0.71875, 0.65625, 0.28125, 0.09375, 0.140625, 0.328125, 0.09375, 0.25, 0.75, 0.46875, 0.203125, 0.125, 0.1875, 0.1640625, 0.125, 0.0625, 0.5, 0.4375, 0.453125, 0.578125, 0.03125]","[0.359375, 0.390625, 0.140625, 0.125, 0.0859375, 0.1640625, 0.125, 0.125, 0.40625, 0.234375, 0.265625, 0.0625, 0.15625, 0.1796875, 0.0625, 0.03125, 0.25, 0.59375, 0.2265625, 0.3046875, 0.046875]",[64],0.7001080023290251,0.6724753035202524
986,6603.203125,"[0.71875, 0.65625, 0.28125, 0.09375, 0.140625, 0.328125, 0.09375, 0.25, 0.75, 0.46875, 0.203125, 0.125, 0.1875, 0.1640625, 0.125, 0.09375, 0.5, 0.4375, 0.453125, 0.546875, 0.03125]","[0.359375, 0.390625, 0.140625, 0.125, 0.0859375, 0.1640625, 0.125, 0.125, 0.40625, 0.234375, 0.265625, 0.0625, 0.15625, 0.1796875, 0.0625, 0.046875, 0.25, 0.59375, 0.2265625, 0.2734375, 0.046875]",[62],0.6897597172885218,0.6661781654599623
987,6603.203125,"[0.71875, 0.65625, 0.28125, 0.09375, 0.171875, 0.328125, 0.03125, 0.25, 0.75, 0.46875, 0.203125, 0.125, 0.1875, 0.1640625, 0.125, 0.09375, 0.5, 0.4375, 0.453125, 0.53125, 0.03125]","[0.359375, 0.390625, 0.140625, 0.125, 0.1015625, 0.1640625, 0.0625, 0.125, 0.40625, 0.234375, 0.265625, 0.0625, 0.15625, 0.1796875, 0.0625, 0.046875, 0.25, 0.59375, 0.2265625, 0.265625, 0.046875]",[45],0.6997316005971139,0.6826761851266538
988,6503.359375,"[0.71875, 0.65625, 0.28125, 0.09375, 0.15625, 0.328125, 0.03125, 0.25, 0.75, 0.46875, 0.171875, 0.125, 0.25, 0.1640625, 0.125, 0.09375, 0.5, 0.4375, 0.453125, 0.53125, 0.03125]","[0.359375, 0.390625, 0.140625, 0.125, 0.09375, 0.1640625, 0.0625, 0.125, 0.40625, 0.234375, 0.234375, 0.0625, 0.1875, 0.1796875, 0.0625, 0.046875, 0.25, 0.59375, 0.2265625, 0.265625, 0.046875]",[68],0.6983069366620626,0.6811813856293604
989,6601.328125,"[0.71875, 0.65625, 0.28125, 0.09375, 0.15625, 0.328125, 0.03125, 0.25, 1.0, 0.46875, 0.171875, 0.125, 0.25, 0.1640625, 0.125, 0.09375, 0.5, 0.4375, 0.453125, 0.53125, 0.03125]","[0.359375, 0.390625, 0.140625, 0.125, 0.09375, 0.1640625, 0.0625, 0.125, 0.53125, 0.234375, 0.234375, 0.0625, 0.1875, 0.1796875, 0.0625, 0.046875, 0.25, 0.59375, 0.2265625, 0.265625, 0.046875]",[73],0.7590206329515813,0.7140055472954165
990,6640.703125,"[0.71875, 0.65625, 0.28125, 0.09375, 0.15625, 0.328125, 0.03125, 0.25, 1.0, 0.46875, 0.171875, 0.125, 0.25, 0.1640625, 0.125, 0.09375, 0.5, 0.4375, 0.453125, 0.53125, 0.03125]","[0.359375, 0.390625, 0.140625, 0.125, 0.09375, 0.1640625, 0.0625, 0.125, 0.53125, 0.234375, 0.234375, 0.0625, 0.1875, 0.1796875, 0.0625, 0.046875, 0.25, 0.59375, 0.2265625, 0.265625, 0.046875]",[73],0.7590206329515813,0.7140055472954165
991,6621.171875,"[0.71875, 0.65625, 0.28125, 0.09375, 0.15625, 0.328125, 0.03125, 0.25, 1.0, 0.46875, 0.1875, 0.125, 0.25, 0.1640625, 0.125, 0.09375, 0.4375, 0.4375, 0.453125, 0.53125, 0.03125]","[0.359375, 0.390625, 0.140625, 0.125, 0.09375, 0.1640625, 0.0625, 0.125, 0.53125, 0.234375, 0.25, 0.0625, 0.1875, 0.1796875, 0.0625, 0.046875, 0.21875, 0.59375, 0.2265625, 0.265625, 0.046875]",[66],0.757584539144866,0.7161223220482323
992,6621.484375,"[0.71875, 0.65625, 0.28125, 0.09375, 0.15625, 0.328125, 0.03125, 0.25, 1.0, 0.46875, 0.1875, 0.125, 0.25, 0.1640625, 0.125, 0.09375, 0.4375, 0.4375, 0.453125, 0.53125, 0.03125]","[0.359375, 0.390625, 0.140625, 0.125, 0.09375, 0.1640625, 0.0625, 0.125, 0.53125, 0.234375, 0.25, 0.0625, 0.1875, 0.1796875, 0.0625, 0.046875, 0.21875, 0.59375, 0.2265625, 0.265625, 0.046875]",[66],0.757584539144866,0.7161223220482323
993,6661.171875,"[0.71875, 0.65625, 0.28125, 0.09375, 0.15625, 0.328125, 0.03125, 0.25, 1.0, 0.46875, 0.1875, 0.125, 0.3125, 0.1640625, 0.125, 0.09375, 0.4375, 0.4375, 0.453125, 0.53125, 0.03125]","[0.359375, 0.390625, 0.140625, 0.125, 0.09375, 0.1640625, 0.0625, 0.125, 0.53125, 0.234375, 0.25, 0.0625, 0.21875, 0.1796875, 0.0625, 0.046875, 0.21875, 0.59375, 0.2265625, 0.265625, 0.046875]",[78],0.749042058932802,0.7107681474344407
994,6818.671875,"[0.71875, 0.65625, 0.53125, 0.09375, 0.15625, 0.328125, 0.03125, 0.25, 1.0, 0.46875, 0.1875, 0.125, 0.3125, 0.1640625, 0.125, 0.09375, 0.4375, 0.4375, 0.453125, 0.53125, 0.03125]","[0.359375, 0.390625, 0.265625, 0.125, 0.09375, 0.1640625, 0.0625, 0.125, 0.53125, 0.234375, 0.25, 0.0625, 0.21875, 0.1796875, 0.0625, 0.046875, 0.21875, 0.59375, 0.2265625, 0.265625, 0.046875]",[83],0.7330724552392311,0.6893983098474219
995,6858.046875,"[0.71875, 0.65625, 0.53125, 0.09375, 0.15625, 0.328125, 0.03125, 0.25, 1.0, 0.46875, 0.1875, 0.125, 0.3125, 0.1640625, 0.125, 0.09375, 0.4375, 0.4375, 0.453125, 0.53125, 0.03125]","[0.359375, 0.390625, 0.265625, 0.125, 0.09375, 0.1640625, 0.0625, 0.125, 0.53125, 0.234375, 0.25, 0.0625, 0.21875, 0.1796875, 0.0625, 0.046875, 0.21875, 0.59375, 0.2265625, 0.265625, 0.046875]",[83],0.7330724552392311,0.6893983098474219
996,6838.359375,"[0.71875, 0.65625, 0.53125, 0.09375, 0.15625, 0.328125, 0.03125, 0.25, 1.0, 0.46875, 0.1875, 0.125, 0.3125, 0.1640625, 0.125, 0.09375, 0.46875, 0.4375, 0.453125, 0.53125, 0.03125]","[0.359375, 0.390625, 0.265625, 0.125, 0.09375, 0.1640625, 0.0625, 0.125, 0.53125, 0.234375, 0.25, 0.0625, 0.21875, 0.1796875, 0.0625, 0.046875, 0.234375, 0.59375, 0.2265625, 0.265625, 0.046875]",[88],0.7318468579696902,0.6872752143109234
997,6878.203125,"[0.71875, 0.65625, 0.53125, 0.09375, 0.15625, 0.328125, 0.046875, 0.25, 1.0, 0.46875, 0.1875, 0.125, 0.3125, 0.1640625, 0.125, 0.09375, 0.46875, 0.4375, 0.453125, 0.53125, 0.03125]","[0.359375, 0.390625, 0.265625, 0.125, 0.09375, 0.1640625, 0.078125, 0.125, 0.53125, 0.234375, 0.25, 0.0625, 0.21875, 0.1796875, 0.0625, 0.046875, 0.234375, 0.59375, 0.2265625, 0.265625, 0.046875]",[92],0.727612953591532,0.681532783834122
998,6957.578125,"[0.71875, 0.65625, 0.53125, 0.09375, 0.15625, 0.328125, 0.046875, 0.25, 1.0, 0.46875, 0.1875, 0.125, 0.3125, 0.1640625, 0.125, 0.09375, 0.46875, 0.4375, 0.328125, 0.53125, 0.03125]","[0.359375, 0.390625, 0.265625, 0.125, 0.09375, 0.1640625, 0.078125, 0.125, 0.53125, 0.234375, 0.25, 0.0625, 0.21875, 0.1796875, 0.0625, 0.046875, 0.234375, 0.59375, 0.1640625, 0.265625, 0.046875]",[56],0.7368128652396428,0.692903264415336
999,6876.953125,"[0.71875, 0.65625, 0.53125, 0.09375, 0.15625, 0.328125, 0.046875, 0.25, 1.0, 0.71875, 0.1875, 0.125, 0.3125, 0.1640625, 0.125, 0.09375, 0.46875, 0.4375, 0.328125, 0.53125, 0.03125]","[0.359375, 0.390625, 0.265625, 0.125, 0.09375, 0.1640625, 0.078125, 0.125, 0.53125, 0.359375, 0.25, 0.0625, 0.21875, 0.1796875, 0.0625, 0.046875, 0.234375, 0.59375, 0.1640625, 0.265625, 0.046875]",[92],0.7456072086062338,0.6885988404060673
1000,6916.640625,"[0.71875, 0.65625, 0.53125, 0.09375, 0.15625, 0.328125, 0.046875, 0.25, 1.0, 0.71875, 0.1875, 0.125, 0.3125, 0.1015625, 0.125, 0.09375, 0.46875, 0.4375, 0.359375, 0.53125, 0.03125]","[0.359375, 0.390625, 0.265625, 0.125, 0.09375, 0.1640625, 0.078125, 0.125, 0.53125, 0.359375, 0.25, 0.0625, 0.21875, 0.1171875, 0.0625, 0.046875, 0.234375, 0.59375, 0.1953125, 0.265625, 0.046875]",[70],0.7558221024473679,0.6978640354378114
