Interval,Power_Consumption,CPU_Utilization,Ram_Utilization,Inactivevmids,CPU_Imbalance,Ram_Imbalance
1,229.921875,"[0.0, 0.0, 0.0, 0.0, 0.0, 0.0, 0.0078125, 0.0, 0.0, 0.0, 0.0, 0.0, 0.0, 0.0, 0.0, 0.0, 0.0, 0.0, 0.0, 0.0, 0.0]","[0.0, 0.0, 0.0, 0.0, 0.0, 0.0, 0.0078125, 0.0, 0.0, 0.0, 0.0, 0.0, 0.0, 0.0, 0.0, 0.0, 0.0, 0.0, 0.0, 0.0, 0.0]",[1],4.47213595499958,4.47213595499958
2,269.609375,"[0.0, 0.0, 0.0, 0.0, 0.0, 0.0, 0.0078125, 0.0, 0.0, 0.0, 0.0, 0.0, 0.0, 0.0, 0.0, 0.0, 0.0, 0.0, 0.03125, 0.0, 0.0]","[0.0, 0.0, 0.0, 0.0, 0.0, 0.0, 0.0078125, 0.0, 0.0, 0.0, 0.0, 0.0, 0.0, 0.0, 0.0, 0.0, 0.0, 0.0, 0.015625, 0.0, 0.0]",[2],3.6441734316577197,3.265986323710904
3,348.984375,"[0.0, 0.0, 0.0, 0.0, 0.0, 0.0, 0.0078125, 0.0, 0.0, 0.0, 0.0, 0.0, 0.0, 0.0, 0.0, 0.0, 0.0, 0.0, 0.03125, 0.0, 0.0]","[0.0, 0.0, 0.0, 0.0, 0.0, 0.0, 0.0078125, 0.0, 0.0, 0.0, 0.0, 0.0, 0.0, 0.0, 0.0, 0.0, 0.0, 0.0, 0.015625, 0.0, 0.0]",[2],3.6441734316577197,3.265986323710904
4,428.984375,"[0.0, 0.0, 0.0, 0.0, 0.0, 0.0, 0.0078125, 0.0, 0.0, 0.0, 0.0, 0.0, 0.0, 0.0, 0.0, 0.0, 0.0, 0.0, 0.03125, 0.0, 0.0]","[0.0, 0.0, 0.0, 0.0, 0.0, 0.0, 0.0078125, 0.0, 0.0, 0.0, 0.0, 0.0, 0.0, 0.0, 0.0, 0.0, 0.0, 0.0, 0.015625, 0.0, 0.0]",[2],3.6441734316577197,3.265986323710904
5,308.984375,"[0.0, 0.0, 0.0, 0.0, 0.0, 0.0, 0.0078125, 0.0, 0.0, 0.0, 0.0, 0.0, 0.0, 0.0, 0.0, 0.0, 0.0, 0.0, 0.03125, 0.0, 0.0]","[0.0, 0.0, 0.0, 0.0, 0.0, 0.0, 0.0078125, 0.0, 0.0, 0.0, 0.0, 0.0, 0.0, 0.0, 0.0, 0.0, 0.0, 0.0, 0.015625, 0.0, 0.0]",[2],3.6441734316577197,3.265986323710904
6,289.296875,"[0.0, 0.0, 0.0, 0.0, 0.0, 0.0, 0.0078125, 0.0, 0.0, 0.0, 0.0, 0.0, 0.0, 0.0, 0.0, 0.0, 0.0, 0.0, 0.03125, 0.0, 0.0]","[0.0, 0.0, 0.0, 0.0, 0.0, 0.0, 0.0078125, 0.0, 0.0, 0.0, 0.0, 0.0, 0.0, 0.0, 0.0, 0.0, 0.0, 0.0, 0.015625, 0.0, 0.0]",[2],3.6441734316577197,3.265986323710904
7,309.453125,"[0.0, 0.0, 0.0, 0.0, 0.0, 0.0, 0.0078125, 0.0, 0.0, 0.0, 0.0, 0.0, 0.0, 0.015625, 0.0, 0.0, 0.0, 0.0, 0.03125, 0.0, 0.0]","[0.0, 0.0, 0.0, 0.0, 0.0, 0.0, 0.0078125, 0.0, 0.0, 0.0, 0.0, 0.0, 0.0, 0.015625, 0.0, 0.0, 0.0, 0.0, 0.015625, 0.0, 0.0]",[3],2.8284271247461903,2.5612496949731396
8,388.203125,"[0.0, 0.0, 0.0, 0.0, 0.0, 0.0, 0.0078125, 0.0, 0.0, 0.0, 0.0, 0.0, 0.0, 0.015625, 0.0, 0.0, 0.0, 0.0, 0.03125, 0.0, 0.0]","[0.0, 0.0, 0.0, 0.0, 0.0, 0.0, 0.0078125, 0.0, 0.0, 0.0, 0.0, 0.0, 0.0, 0.015625, 0.0, 0.0, 0.0, 0.0, 0.015625, 0.0, 0.0]",[3],2.8284271247461903,2.5612496949731396
9,466.953125,"[0.0, 0.0, 0.0, 0.0, 0.0, 0.0, 0.0078125, 0.0, 0.0, 0.0, 0.0, 0.0, 0.0, 0.015625, 0.0, 0.0, 0.0, 0.0, 0.03125, 0.0, 0.0]","[0.0, 0.0, 0.0, 0.0, 0.0, 0.0, 0.0078125, 0.0, 0.0, 0.0, 0.0, 0.0, 0.0, 0.015625, 0.0, 0.0, 0.0, 0.0, 0.015625, 0.0, 0.0]",[3],2.8284271247461903,2.5612496949731396
10,349.140625,"[0.0, 0.0, 0.0, 0.0, 0.0, 0.0, 0.0078125, 0.0, 0.0, 0.0, 0.03125, 0.0, 0.0, 0.015625, 0.0, 0.0, 0.0, 0.0, 0.03125, 0.0, 0.0]","[0.0, 0.0, 0.0, 0.0, 0.0, 0.0, 0.0078125, 0.0, 0.0, 0.0, 0.0625, 0.0, 0.0, 0.015625, 0.0, 0.0, 0.0, 0.0, 0.015625, 0.0, 0.0]",[4],2.3284088136119445,2.840951586556829
11,368.984375,"[0.0, 0.0, 0.0, 0.0, 0.0, 0.0, 0.0078125, 0.0, 0.0, 0.0, 0.03125, 0.0, 0.015625, 0.015625, 0.0, 0.0, 0.0, 0.0, 0.03125, 0.0, 0.0]","[0.0, 0.0, 0.0, 0.0, 0.0, 0.0, 0.0078125, 0.0, 0.0, 0.0, 0.0625, 0.0, 0.0078125, 0.015625, 0.0, 0.0, 0.0, 0.0, 0.015625, 0.0, 0.0]",[5],2.0235302212255237,2.632217967526897
12,408.359375,"[0.0, 0.0, 0.0625, 0.0, 0.0, 0.0, 0.0078125, 0.0, 0.0, 0.0, 0.03125, 0.0, 0.015625, 0.015625, 0.0, 0.0, 0.0, 0.0, 0.03125, 0.0, 0.0]","[0.0, 0.0, 0.03125, 0.0, 0.0, 0.0, 0.0078125, 0.0, 0.0, 0.0, 0.0625, 0.0, 0.0078125, 0.015625, 0.0, 0.0, 0.0, 0.0, 0.015625, 0.0, 0.0]",[6],2.0,2.1984843263788196
13,487.109375,"[0.0, 0.0, 0.0625, 0.0, 0.0, 0.0, 0.0078125, 0.0, 0.0, 0.0, 0.03125, 0.0, 0.015625, 0.015625, 0.0, 0.0, 0.0, 0.0, 0.03125, 0.0, 0.0]","[0.0, 0.0, 0.03125, 0.0, 0.0, 0.0, 0.0078125, 0.0, 0.0, 0.0, 0.0625, 0.0, 0.0078125, 0.015625, 0.0, 0.0, 0.0, 0.0, 0.015625, 0.0, 0.0]",[6],2.0,2.1984843263788196
14,565.859375,"[0.0, 0.0, 0.0, 0.0, 0.0, 0.0, 0.0078125, 0.0, 0.0, 0.0, 0.03125, 0.0, 0.015625, 0.015625, 0.0, 0.0, 0.0, 0.0, 0.03125, 0.0, 0.0]","[0.0, 0.0, 0.0, 0.0, 0.0, 0.0, 0.0078125, 0.0, 0.0, 0.0, 0.0625, 0.0, 0.0078125, 0.015625, 0.0, 0.0, 0.0, 0.0, 0.015625, 0.0, 0.0]",[5],2.0235302212255237,2.632217967526897
15,408.828125,"[0.0, 0.0, 0.0, 0.0, 0.0, 0.0, 0.0078125, 0.0, 0.0, 0.0, 0.03125, 0.0, 0.015625, 0.015625, 0.0, 0.0, 0.0, 0.0, 0.03125, 0.0, 0.0]","[0.0, 0.0, 0.0, 0.0, 0.0, 0.0, 0.0078125, 0.0, 0.0, 0.0, 0.0625, 0.0, 0.0078125, 0.015625, 0.0, 0.0, 0.0, 0.0, 0.015625, 0.0, 0.0]",[5],2.0235302212255237,2.632217967526897
16,388.671875,"[0.0, 0.0, 0.0, 0.0, 0.0, 0.0, 0.0078125, 0.0, 0.03125, 0.0, 0.03125, 0.0, 0.015625, 0.015625, 0.0, 0.0, 0.0, 0.0, 0.03125, 0.0, 0.0]","[0.0, 0.0, 0.0, 0.0, 0.0, 0.0, 0.0078125, 0.0, 0.015625, 0.0, 0.0625, 0.0, 0.0078125, 0.015625, 0.0, 0.0, 0.0, 0.0, 0.015625, 0.0, 0.0]",[6],1.772531667449337,2.323453786930138
17,428.515625,"[0.0, 0.0, 0.0, 0.0, 0.0, 0.0, 0.0078125, 0.0, 0.03125, 0.0, 0.03125, 0.0, 0.015625, 0.015625, 0.0, 0.0, 0.0, 0.0, 0.03125, 0.0, 0.0]","[0.0, 0.0, 0.0, 0.0, 0.0, 0.0, 0.0078125, 0.0, 0.015625, 0.0, 0.0625, 0.0, 0.0078125, 0.015625, 0.0, 0.0, 0.0, 0.0, 0.015625, 0.0, 0.0]",[6],1.772531667449337,2.323453786930138
18,467.421875,"[0.0, 0.0, 0.0, 0.0, 0.0, 0.0, 0.0078125, 0.0, 0.03125, 0.0, 0.03125, 0.0, 0.015625, 0.015625, 0.0, 0.0, 0.125, 0.0, 0.03125, 0.0, 0.0]","[0.0, 0.0, 0.0, 0.0, 0.0, 0.0, 0.0078125, 0.0, 0.015625, 0.0, 0.0625, 0.0, 0.0078125, 0.015625, 0.0, 0.0, 0.0625, 0.0, 0.015625, 0.0, 0.0]",[7],2.2440616462513474,2.0437914114051203
19,624.921875,"[0.0, 0.0, 0.0, 0.0, 0.0, 0.0, 0.0078125, 0.0, 0.03125, 0.0, 0.03125, 0.0, 0.015625, 0.015625, 0.0, 0.0, 0.125, 0.0, 0.03125, 0.0, 0.0]","[0.0, 0.0, 0.0, 0.0, 0.0, 0.0, 0.0078125, 0.0, 0.015625, 0.0, 0.0625, 0.0, 0.0078125, 0.015625, 0.0, 0.0, 0.0625, 0.0, 0.015625, 0.0, 0.0]",[7],2.2440616462513474,2.0437914114051203
20,507.109375,"[0.0, 0.0, 0.0, 0.0, 0.0, 0.0, 0.0078125, 0.0, 0.03125, 0.0, 0.03125, 0.0, 0.015625, 0.015625, 0.0, 0.0, 0.125, 0.0, 0.03125, 0.0, 0.0]","[0.0, 0.0, 0.0, 0.0, 0.0, 0.0, 0.0078125, 0.0, 0.015625, 0.0, 0.0625, 0.0, 0.0078125, 0.015625, 0.0, 0.0, 0.0625, 0.0, 0.015625, 0.0, 0.0]",[7],2.2440616462513474,2.0437914114051203
21,487.265625,"[0.0, 0.0, 0.0, 0.0, 0.0, 0.0, 0.0078125, 0.0, 0.03125, 0.0, 0.03125, 0.0, 0.015625, 0.015625, 0.0, 0.0, 0.125, 0.0, 0.03125, 0.0, 0.0]","[0.0, 0.0, 0.0, 0.0, 0.0, 0.0, 0.0078125, 0.0, 0.015625, 0.0, 0.0625, 0.0, 0.0078125, 0.015625, 0.0, 0.0, 0.0625, 0.0, 0.015625, 0.0, 0.0]",[7],2.2440616462513474,2.0437914114051203
22,507.109375,"[0.0, 0.0, 0.0, 0.0, 0.0, 0.03125, 0.0078125, 0.0, 0.03125, 0.0, 0.03125, 0.0, 0.015625, 0.015625, 0.0, 0.0, 0.125, 0.0, 0.03125, 0.0, 0.0]","[0.0, 0.0, 0.0, 0.0, 0.0, 0.015625, 0.0078125, 0.0, 0.015625, 0.0, 0.0625, 0.0, 0.0078125, 0.015625, 0.0, 0.0, 0.0625, 0.0, 0.015625, 0.0, 0.0]",[8],2.0116534125327994,1.8802933171662026
23,585.859375,"[0.0, 0.0, 0.0, 0.0, 0.0, 0.03125, 0.0078125, 0.0, 0.03125, 0.0, 0.03125, 0.0, 0.015625, 0.015625, 0.0, 0.125, 0.125, 0.0, 0.03125, 0.0, 0.0]","[0.0, 0.0, 0.0, 0.0, 0.0, 0.015625, 0.0078125, 0.0, 0.015625, 0.0, 0.0625, 0.0, 0.0078125, 0.015625, 0.0, 0.0625, 0.0625, 0.0, 0.015625, 0.0, 0.0]",[9],1.8366933620585597,1.677760081994313
24,745.234375,"[0.0, 0.0, 0.0, 0.0, 0.0, 0.03125, 0.0078125, 0.0, 0.03125, 0.0, 0.03125, 0.0, 0.015625, 0.078125, 0.0, 0.125, 0.125, 0.0, 0.03125, 0.0, 0.0]","[0.0, 0.0, 0.0, 0.0, 0.0, 0.015625, 0.0078125, 0.0, 0.015625, 0.0, 0.0625, 0.0, 0.0078125, 0.078125, 0.0, 0.0625, 0.0625, 0.0, 0.015625, 0.0, 0.0]",[10],1.6862151961473826,1.625686668105863
25,784.921875,"[0.0, 0.0, 0.0, 0.0, 0.0, 0.03125, 0.0078125, 0.0, 0.0, 0.0, 0.03125, 0.0, 0.015625, 0.078125, 0.0, 0.125, 0.125, 0.0, 0.03125, 0.0, 0.0]","[0.0, 0.0, 0.0, 0.0, 0.0, 0.015625, 0.0078125, 0.0, 0.0, 0.0, 0.0625, 0.0, 0.0078125, 0.078125, 0.0, 0.0625, 0.0625, 0.0, 0.015625, 0.0, 0.0]",[5],1.8161072694186013,1.7215545300686819
26,745.234375,"[0.0, 0.0, 0.03125, 0.0, 0.0, 0.03125, 0.0078125, 0.0, 0.0, 0.0, 0.03125, 0.0, 0.015625, 0.078125, 0.0, 0.125, 0.125, 0.0, 0.03125, 0.0, 0.0]","[0.0, 0.0, 0.015625, 0.0, 0.0, 0.015625, 0.0078125, 0.0, 0.0, 0.0, 0.0625, 0.0, 0.0078125, 0.078125, 0.0, 0.0625, 0.0625, 0.0, 0.015625, 0.0, 0.0]",[10],1.6862151961473826,1.625686668105863
27,784.921875,"[0.0, 0.0, 0.03125, 0.0, 0.0, 0.03125, 0.0078125, 0.0, 0.0, 0.0, 0.03125, 0.0, 0.015625, 0.078125, 0.0, 0.125, 0.125, 0.0, 0.03125, 0.0, 0.0]","[0.0, 0.0, 0.015625, 0.0, 0.0, 0.015625, 0.0078125, 0.0, 0.0, 0.0, 0.0625, 0.0, 0.0078125, 0.078125, 0.0, 0.0625, 0.0625, 0.0, 0.015625, 0.0, 0.0]",[10],1.6862151961473826,1.625686668105863
28,824.609375,"[0.0, 0.0, 0.03125, 0.0, 0.0, 0.03125, 0.0078125, 0.0, 0.0, 0.0, 0.03125, 0.0, 0.015625, 0.078125, 0.0, 0.125, 0.125, 0.0, 0.03125, 0.0, 0.0]","[0.0, 0.0, 0.015625, 0.0, 0.0, 0.015625, 0.0078125, 0.0, 0.0, 0.0, 0.0625, 0.0, 0.0078125, 0.078125, 0.0, 0.0625, 0.0625, 0.0, 0.015625, 0.0, 0.0]",[10],1.6862151961473826,1.625686668105863
29,904.609375,"[0.0, 0.0, 0.03125, 0.0, 0.0, 0.03125, 0.0078125, 0.0, 0.0, 0.0, 0.03125, 0.0, 0.015625, 0.140625, 0.0, 0.125, 0.125, 0.0, 0.03125, 0.0, 0.0]","[0.0, 0.0, 0.015625, 0.0, 0.0, 0.015625, 0.0078125, 0.0, 0.0, 0.0, 0.0625, 0.0, 0.0078125, 0.140625, 0.0, 0.0625, 0.0625, 0.0, 0.015625, 0.0, 0.0]",[11],1.7296844925026893,1.8579558659989748
30,943.984375,"[0.0, 0.0, 0.03125, 0.0, 0.0, 0.03125, 0.0078125, 0.0, 0.0, 0.0625, 0.03125, 0.0, 0.015625, 0.140625, 0.0, 0.125, 0.125, 0.0, 0.03125, 0.0, 0.0]","[0.0, 0.0, 0.015625, 0.0, 0.0, 0.015625, 0.0078125, 0.0, 0.0, 0.0625, 0.0625, 0.0, 0.0078125, 0.140625, 0.0, 0.0625, 0.0625, 0.0, 0.015625, 0.0, 0.0]",[12],1.5595234340029172,1.6456262067572425
31,963.828125,"[0.0, 0.0, 0.03125, 0.0, 0.0, 0.03125, 0.0078125, 0.0, 0.0, 0.0625, 0.03125, 0.0, 0.015625, 0.140625, 0.0, 0.125, 0.125, 0.0, 0.046875, 0.0, 0.0]","[0.0, 0.0, 0.015625, 0.0, 0.0, 0.015625, 0.0078125, 0.0, 0.0, 0.0625, 0.0625, 0.0, 0.0078125, 0.140625, 0.0, 0.0625, 0.0625, 0.0, 0.0234375, 0.0, 0.0]",[13],1.5257234605893026,1.6166684189370064
32,1003.203125,"[0.0, 0.0, 0.03125, 0.0, 0.0, 0.03125, 0.0078125, 0.0, 0.0, 0.0625, 0.03125, 0.0, 0.015625, 0.140625, 0.0, 0.125, 0.125, 0.0, 0.046875, 0.0, 0.0]","[0.0, 0.0, 0.015625, 0.0, 0.0, 0.015625, 0.0078125, 0.0, 0.0, 0.0625, 0.0625, 0.0, 0.0078125, 0.140625, 0.0, 0.0625, 0.0625, 0.0, 0.0234375, 0.0, 0.0]",[13],1.5257234605893026,1.6166684189370064
33,1043.203125,"[0.0, 0.0, 0.03125, 0.0, 0.0, 0.03125, 0.0078125, 0.0, 0.0, 0.0625, 0.03125, 0.0, 0.015625, 0.140625, 0.0, 0.125, 0.125, 0.0, 0.046875, 0.0625, 0.0]","[0.0, 0.0, 0.015625, 0.0, 0.0, 0.015625, 0.0078125, 0.0, 0.0, 0.0625, 0.0625, 0.0, 0.0078125, 0.140625, 0.0, 0.0625, 0.0625, 0.0, 0.0234375, 0.03125, 0.0]",[14],1.3861897408442607,1.5013221686128044
34,1201.953125,"[0.0, 0.0, 0.03125, 0.0, 0.0, 0.03125, 0.0078125, 0.0, 0.0, 0.0625, 0.03125, 0.0, 0.015625, 0.140625, 0.0, 0.125, 0.125, 0.0, 0.046875, 0.0625, 0.0]","[0.0, 0.0, 0.015625, 0.0, 0.0, 0.015625, 0.0078125, 0.0, 0.0, 0.0625, 0.0625, 0.0, 0.0078125, 0.140625, 0.0, 0.0625, 0.0625, 0.0, 0.0234375, 0.03125, 0.0]",[14],1.3861897408442607,1.5013221686128044
35,1082.890625,"[0.0, 0.0, 0.03125, 0.0, 0.0, 0.03125, 0.0078125, 0.0, 0.0, 0.0625, 0.03125, 0.0, 0.015625, 0.140625, 0.0, 0.125, 0.125, 0.0, 0.046875, 0.0625, 0.0]","[0.0, 0.0, 0.015625, 0.0, 0.0, 0.015625, 0.0078125, 0.0, 0.0, 0.0625, 0.0625, 0.0, 0.0078125, 0.140625, 0.0, 0.0625, 0.0625, 0.0, 0.0234375, 0.03125, 0.0]",[14],1.3861897408442607,1.5013221686128044
36,1062.890625,"[0.0, 0.0, 0.03125, 0.0, 0.0, 0.03125, 0.0078125, 0.03125, 0.0, 0.0625, 0.03125, 0.0, 0.015625, 0.140625, 0.0, 0.125, 0.125, 0.0, 0.046875, 0.0625, 0.0]","[0.0, 0.0, 0.015625, 0.0, 0.0, 0.015625, 0.0078125, 0.015625, 0.0, 0.0625, 0.0625, 0.0, 0.0078125, 0.140625, 0.0, 0.0625, 0.0625, 0.0, 0.0234375, 0.03125, 0.0]",[15],1.3080154739662866,1.441071264904184
37,1102.265625,"[0.0, 0.0, 0.03125, 0.0, 0.0, 0.03125, 0.0078125, 0.03125, 0.0, 0.0625, 0.03125, 0.0, 0.015625, 0.140625, 0.0, 0.125, 0.125, 0.0, 0.046875, 0.0625, 0.0]","[0.0, 0.0, 0.015625, 0.0, 0.0, 0.015625, 0.0078125, 0.015625, 0.0, 0.0625, 0.0625, 0.0, 0.0078125, 0.140625, 0.0, 0.0625, 0.0625, 0.0, 0.0234375, 0.03125, 0.0]",[15],1.3080154739662866,1.441071264904184
38,1142.265625,"[0.0, 0.0, 0.03125, 0.0, 0.0, 0.03125, 0.0078125, 0.03125, 0.0, 0.0625, 0.03125, 0.0, 0.015625, 0.140625, 0.0, 0.125, 0.125, 0.0, 0.109375, 0.0625, 0.0]","[0.0, 0.0, 0.015625, 0.0, 0.0, 0.015625, 0.0078125, 0.015625, 0.0, 0.0625, 0.0625, 0.0, 0.0078125, 0.140625, 0.0, 0.0625, 0.0625, 0.0, 0.0546875, 0.03125, 0.0]",[16],1.2780073255704816,1.3808483917626135
39,1299.765625,"[0.0, 0.25, 0.03125, 0.0, 0.0, 0.03125, 0.0078125, 0.03125, 0.0, 0.0625, 0.03125, 0.0, 0.015625, 0.140625, 0.0, 0.125, 0.125, 0.0, 0.109375, 0.0625, 0.0]","[0.0, 0.125, 0.015625, 0.0, 0.0, 0.015625, 0.0078125, 0.015625, 0.0, 0.0625, 0.0625, 0.0, 0.0078125, 0.140625, 0.0, 0.0625, 0.0625, 0.0, 0.0546875, 0.03125, 0.0]",[17],1.3255214699937856,1.2882218640180954
40,1339.140625,"[0.0, 0.25, 0.03125, 0.0, 0.0, 0.03125, 0.0078125, 0.03125, 0.0625, 0.0625, 0.03125, 0.0, 0.015625, 0.140625, 0.0, 0.125, 0.125, 0.0, 0.109375, 0.0625, 0.0]","[0.0, 0.125, 0.015625, 0.0, 0.0, 0.015625, 0.0078125, 0.015625, 0.0625, 0.0625, 0.0625, 0.0, 0.0078125, 0.140625, 0.0, 0.0625, 0.0625, 0.0, 0.0546875, 0.03125, 0.0]",[18],1.2322126081154903,1.1734725424308217
41,1358.828125,"[0.0, 0.25, 0.03125, 0.0, 0.0, 0.03125, 0.0078125, 0.03125, 0.0625, 0.0625, 0.03125, 0.0, 0.0, 0.140625, 0.03125, 0.125, 0.125, 0.0, 0.109375, 0.0625, 0.0]","[0.0, 0.125, 0.015625, 0.0, 0.0, 0.015625, 0.0078125, 0.015625, 0.0625, 0.0625, 0.0625, 0.0, 0.0, 0.140625, 0.015625, 0.0625, 0.0625, 0.0, 0.0546875, 0.03125, 0.0]",[4],1.208340813160117,1.1549292081252844
42,1378.671875,"[0.0, 0.25, 0.03125, 0.0, 0.0, 0.03125, 0.0078125, 0.03125, 0.0625, 0.0625, 0.03125, 0.0, 0.0, 0.140625, 0.03125, 0.125, 0.125, 0.0, 0.109375, 0.0625, 0.0]","[0.0, 0.125, 0.015625, 0.0, 0.0, 0.015625, 0.0078125, 0.015625, 0.0625, 0.0625, 0.0625, 0.0, 0.0, 0.140625, 0.015625, 0.0625, 0.0625, 0.0, 0.0546875, 0.03125, 0.0]",[4],1.208340813160117,1.1549292081252844
43,1418.359375,"[0.0, 0.25, 0.03125, 0.0, 0.0, 0.03125, 0.0078125, 0.03125, 0.0625, 0.0625, 0.03125, 0.0, 0.0, 0.140625, 0.03125, 0.125, 0.125, 0.0, 0.171875, 0.0625, 0.0]","[0.0, 0.125, 0.015625, 0.0, 0.0, 0.015625, 0.0078125, 0.015625, 0.0625, 0.0625, 0.0625, 0.0, 0.0, 0.140625, 0.015625, 0.0625, 0.0625, 0.0, 0.0859375, 0.03125, 0.0]",[19],1.2146723981091223,1.142219209710671
44,1577.734375,"[0.0, 0.25, 0.03125, 0.0, 0.0, 0.03125, 0.0703125, 0.03125, 0.0625, 0.0625, 0.03125, 0.0, 0.0, 0.140625, 0.03125, 0.125, 0.125, 0.0, 0.171875, 0.0625, 0.0]","[0.0, 0.125, 0.015625, 0.0, 0.0, 0.015625, 0.0703125, 0.015625, 0.0625, 0.0625, 0.0625, 0.0, 0.0, 0.140625, 0.015625, 0.0625, 0.0625, 0.0, 0.0859375, 0.03125, 0.0]",[20],1.1391840384411485,1.0580347452942702
45,1617.421875,"[0.0, 0.25, 0.03125, 0.0, 0.0, 0.03125, 0.0703125, 0.03125, 0.0625, 0.0625, 0.03125, 0.0, 0.03125, 0.140625, 0.03125, 0.125, 0.125, 0.0, 0.171875, 0.0625, 0.0]","[0.0, 0.125, 0.015625, 0.0, 0.0, 0.015625, 0.0703125, 0.015625, 0.0625, 0.0625, 0.0625, 0.0, 0.03125, 0.140625, 0.015625, 0.0625, 0.0625, 0.0, 0.0859375, 0.03125, 0.0]",[21],1.0945079305541412,0.9979317454590978
46,1637.109375,"[0.0, 0.25, 0.03125, 0.0, 0.0, 0.03125, 0.0703125, 0.03125, 0.0625, 0.0625, 0.03125, 0.0, 0.03125, 0.140625, 0.03125, 0.125, 0.125, 0.0, 0.171875, 0.0625, 0.0]","[0.0, 0.125, 0.015625, 0.0, 0.0, 0.015625, 0.0703125, 0.015625, 0.0625, 0.0625, 0.0625, 0.0, 0.03125, 0.140625, 0.015625, 0.0625, 0.0625, 0.0, 0.0859375, 0.03125, 0.0]",[21],1.0945079305541412,0.9979317454590978
47,1656.796875,"[0.0, 0.25, 0.03125, 0.0, 0.0, 0.03125, 0.0703125, 0.03125, 0.0625, 0.0625, 0.03125, 0.0, 0.03125, 0.140625, 0.09375, 0.125, 0.125, 0.0, 0.171875, 0.0625, 0.0]","[0.0, 0.125, 0.015625, 0.0, 0.0, 0.015625, 0.0703125, 0.015625, 0.0625, 0.0625, 0.0625, 0.0, 0.03125, 0.140625, 0.046875, 0.0625, 0.0625, 0.0, 0.0859375, 0.03125, 0.0]",[22],1.0435024904466506,0.9539246821258873
48,1736.171875,"[0.0, 0.25, 0.03125, 0.0, 0.0, 0.03125, 0.0703125, 0.03125, 0.0625, 0.0625, 0.03125, 0.0, 0.03125, 0.140625, 0.09375, 0.125, 0.125, 0.0, 0.171875, 0.0625, 0.0]","[0.0, 0.125, 0.015625, 0.0, 0.0, 0.015625, 0.0703125, 0.015625, 0.0625, 0.0625, 0.0625, 0.0, 0.03125, 0.140625, 0.046875, 0.0625, 0.0625, 0.0, 0.0859375, 0.03125, 0.0]",[22],1.0435024904466506,0.9539246821258873
49,1815.546875,"[0.0, 0.25, 0.03125, 0.0, 0.0, 0.03125, 0.0703125, 0.03125, 0.0625, 0.0625, 0.03125, 0.0, 0.03125, 0.140625, 0.09375, 0.125, 0.125, 0.0, 0.171875, 0.0625, 0.0]","[0.0, 0.125, 0.015625, 0.0, 0.0, 0.015625, 0.0703125, 0.015625, 0.0625, 0.0625, 0.0625, 0.0, 0.03125, 0.140625, 0.046875, 0.0625, 0.0625, 0.0, 0.0859375, 0.03125, 0.0]",[22],1.0435024904466506,0.9539246821258873
50,1696.171875,"[0.0, 0.25, 0.03125, 0.0, 0.0, 0.03125, 0.0703125, 0.03125, 0.0625, 0.0625, 0.03125, 0.0, 0.03125, 0.140625, 0.09375, 0.1875, 0.125, 0.0, 0.171875, 0.0625, 0.0]","[0.0, 0.125, 0.015625, 0.0, 0.0, 0.015625, 0.0703125, 0.015625, 0.0625, 0.0625, 0.0625, 0.0, 0.03125, 0.140625, 0.046875, 0.125, 0.0625, 0.0, 0.0859375, 0.03125, 0.0]",[23],1.0577502463457744,0.9688094634158939
51,1716.015625,"[0.0, 0.25, 0.03125, 0.0, 0.0, 0.03125, 0.0703125, 0.03125, 0.0625, 0.0625, 0.03125, 0.0, 0.046875, 0.140625, 0.09375, 0.1875, 0.125, 0.0, 0.171875, 0.0625, 0.0]","[0.0, 0.125, 0.015625, 0.0, 0.0, 0.015625, 0.0703125, 0.015625, 0.0625, 0.0625, 0.0625, 0.0, 0.0390625, 0.140625, 0.046875, 0.125, 0.0625, 0.0, 0.0859375, 0.03125, 0.0]",[24],1.041566139568395,0.9590050366506098
52,1755.390625,"[0.0, 0.25, 0.03125, 0.0, 0.0, 0.03125, 0.0703125, 0.03125, 0.0625, 0.0625, 0.03125, 0.0, 0.046875, 0.140625, 0.09375, 0.1875, 0.125, 0.0, 0.171875, 0.0625, 0.0]","[0.0, 0.125, 0.015625, 0.0, 0.0, 0.015625, 0.0703125, 0.015625, 0.0625, 0.0625, 0.0625, 0.0, 0.0390625, 0.140625, 0.046875, 0.125, 0.0625, 0.0, 0.0859375, 0.03125, 0.0]",[24],1.041566139568395,0.9590050366506098
53,1795.390625,"[0.0, 0.25, 0.03125, 0.0, 0.0, 0.09375, 0.0703125, 0.03125, 0.0625, 0.0625, 0.03125, 0.0, 0.046875, 0.140625, 0.09375, 0.1875, 0.125, 0.0, 0.171875, 0.0625, 0.0]","[0.0, 0.125, 0.015625, 0.0, 0.0, 0.046875, 0.0703125, 0.015625, 0.0625, 0.0625, 0.0625, 0.0, 0.0390625, 0.140625, 0.046875, 0.125, 0.0625, 0.0, 0.0859375, 0.03125, 0.0]",[25],0.9935592866304678,0.9177873853280886
54,1954.140625,"[0.0, 0.25, 0.03125, 0.0, 0.0, 0.09375, 0.0703125, 0.03125, 0.0625, 0.0625, 0.03125, 0.0, 0.046875, 0.140625, 0.09375, 0.1875, 0.125, 0.0, 0.171875, 0.1875, 0.0]","[0.0, 0.125, 0.015625, 0.0, 0.0, 0.046875, 0.0703125, 0.015625, 0.0625, 0.0625, 0.0625, 0.0, 0.0390625, 0.140625, 0.046875, 0.125, 0.0625, 0.0, 0.0859375, 0.09375, 0.0]",[26],0.9732274833408063,0.8820104233121486
55,1993.828125,"[0.0, 0.25, 0.03125, 0.0, 0.0, 0.09375, 0.0703125, 0.03125, 0.0625, 0.0625, 0.0625, 0.0, 0.046875, 0.140625, 0.09375, 0.1875, 0.125, 0.0, 0.171875, 0.1875, 0.0]","[0.0, 0.125, 0.015625, 0.0, 0.0, 0.046875, 0.0703125, 0.015625, 0.0625, 0.0625, 0.125, 0.0, 0.0390625, 0.140625, 0.046875, 0.125, 0.0625, 0.0, 0.0859375, 0.09375, 0.0]",[27],0.9466627025248997,0.8841661149425801
56,2013.671875,"[0.0, 0.25, 0.03125, 0.0, 0.0, 0.09375, 0.0703125, 0.03125, 0.0625, 0.0625, 0.0625, 0.0, 0.046875, 0.140625, 0.09375, 0.1875, 0.125, 0.0, 0.171875, 0.1875, 0.0]","[0.0, 0.125, 0.015625, 0.0, 0.0, 0.046875, 0.0703125, 0.015625, 0.0625, 0.0625, 0.125, 0.0, 0.0390625, 0.140625, 0.046875, 0.125, 0.0625, 0.0, 0.0859375, 0.09375, 0.0]",[27],0.9466627025248997,0.8841661149425801
57,2033.203125,"[0.0, 0.25, 0.03125, 0.0, 0.0, 0.09375, 0.0703125, 0.03125, 0.0625, 0.0625, 0.0625, 0.0, 0.046875, 0.078125, 0.09375, 0.1875, 0.125, 0.0, 0.171875, 0.1875, 0.0]","[0.0, 0.125, 0.015625, 0.0, 0.0, 0.046875, 0.0703125, 0.015625, 0.0625, 0.0625, 0.125, 0.0, 0.0390625, 0.078125, 0.046875, 0.125, 0.0625, 0.0, 0.0859375, 0.09375, 0.0]",[9],0.9658704544107709,0.8608542030145039
58,1913.203125,"[0.0, 0.25, 0.03125, 0.0, 0.0, 0.09375, 0.0703125, 0.03125, 0.0625, 0.0625, 0.0625, 0.0, 0.046875, 0.078125, 0.09375, 0.1875, 0.125, 0.0, 0.171875, 0.1875, 0.0]","[0.0, 0.125, 0.015625, 0.0, 0.0, 0.046875, 0.0703125, 0.015625, 0.0625, 0.0625, 0.125, 0.0, 0.0390625, 0.078125, 0.046875, 0.125, 0.0625, 0.0, 0.0859375, 0.09375, 0.0]",[9],0.9658704544107709,0.8608542030145039
59,1993.203125,"[0.0, 0.25, 0.03125, 0.0, 0.0, 0.09375, 0.0703125, 0.03125, 0.0625, 0.0625, 0.0625, 0.0, 0.046875, 0.078125, 0.09375, 0.1875, 0.125, 0.0, 0.296875, 0.1875, 0.0]","[0.0, 0.125, 0.015625, 0.0, 0.0, 0.046875, 0.0703125, 0.015625, 0.0625, 0.0625, 0.125, 0.0, 0.0390625, 0.078125, 0.046875, 0.125, 0.0625, 0.0, 0.1484375, 0.09375, 0.0]",[27],1.0450118452080832,0.8934096709454639
60,2032.578125,"[0.0, 0.25, 0.09375, 0.0, 0.0, 0.09375, 0.0703125, 0.03125, 0.0625, 0.0625, 0.0625, 0.0, 0.046875, 0.078125, 0.09375, 0.1875, 0.125, 0.0, 0.296875, 0.1875, 0.0]","[0.0, 0.125, 0.078125, 0.0, 0.0, 0.046875, 0.0703125, 0.015625, 0.0625, 0.0625, 0.125, 0.0, 0.0390625, 0.078125, 0.046875, 0.125, 0.0625, 0.0, 0.1484375, 0.09375, 0.0]",[28],0.9993462441028966,0.8373228770648276
61,2052.265625,"[0.0, 0.25, 0.09375, 0.0, 0.0, 0.09375, 0.0703125, 0.03125, 0.0625, 0.0625, 0.0625, 0.0, 0.046875, 0.078125, 0.09375, 0.1875, 0.125, 0.0, 0.296875, 0.1875, 0.0]","[0.0, 0.125, 0.078125, 0.0, 0.0, 0.046875, 0.0703125, 0.015625, 0.0625, 0.0625, 0.125, 0.0, 0.0390625, 0.078125, 0.046875, 0.125, 0.0625, 0.0, 0.1484375, 0.09375, 0.0]",[28],0.9993462441028966,0.8373228770648276
62,2072.421875,"[0.0, 0.25, 0.09375, 0.0, 0.0, 0.09375, 0.0703125, 0.03125, 0.0625, 0.0625, 0.0625, 0.0, 0.046875, 0.09375, 0.09375, 0.1875, 0.125, 0.0, 0.296875, 0.1875, 0.0]","[0.0, 0.125, 0.078125, 0.0, 0.0, 0.046875, 0.0703125, 0.015625, 0.0625, 0.0625, 0.125, 0.0, 0.0390625, 0.09375, 0.046875, 0.125, 0.0625, 0.0, 0.1484375, 0.09375, 0.0]",[29],0.9907423329859135,0.8345051353744296
63,2151.171875,"[0.0, 0.25, 0.09375, 0.0, 0.0, 0.09375, 0.0703125, 0.03125, 0.0625, 0.0625, 0.0625, 0.0, 0.046875, 0.09375, 0.09375, 0.1875, 0.125, 0.0, 0.296875, 0.1875, 0.0]","[0.0, 0.125, 0.078125, 0.0, 0.0, 0.046875, 0.0703125, 0.015625, 0.0625, 0.0625, 0.125, 0.0, 0.0390625, 0.09375, 0.046875, 0.125, 0.0625, 0.0, 0.1484375, 0.09375, 0.0]",[29],0.9907423329859135,0.8345051353744296
64,2231.796875,"[0.0, 0.25, 0.09375, 0.0, 0.0, 0.09375, 0.1328125, 0.03125, 0.0625, 0.0625, 0.0625, 0.0, 0.046875, 0.09375, 0.09375, 0.1875, 0.125, 0.0, 0.296875, 0.1875, 0.0]","[0.0, 0.125, 0.078125, 0.0, 0.0, 0.046875, 0.1328125, 0.015625, 0.0625, 0.0625, 0.125, 0.0, 0.0390625, 0.09375, 0.046875, 0.125, 0.0625, 0.0, 0.1484375, 0.09375, 0.0]",[30],0.9634786880755607,0.8369666047630113
65,2271.640625,"[0.0, 0.25, 0.09375, 0.0, 0.0, 0.09375, 0.1484375, 0.03125, 0.0625, 0.0625, 0.0625, 0.0, 0.046875, 0.09375, 0.09375, 0.1875, 0.125, 0.0, 0.296875, 0.1875, 0.0]","[0.0, 0.125, 0.078125, 0.0, 0.0, 0.046875, 0.1640625, 0.015625, 0.0625, 0.0625, 0.125, 0.0, 0.0390625, 0.09375, 0.046875, 0.125, 0.0625, 0.0, 0.1484375, 0.09375, 0.0]",[31],0.9607225287640471,0.8580842266030205
66,2291.484375,"[0.0, 0.25, 0.09375, 0.0, 0.0, 0.09375, 0.1484375, 0.03125, 0.0625, 0.0625, 0.0625, 0.0, 0.046875, 0.078125, 0.09375, 0.1875, 0.0, 0.0, 0.296875, 0.1875, 0.0]","[0.0, 0.125, 0.078125, 0.0, 0.0, 0.046875, 0.1640625, 0.015625, 0.0625, 0.0625, 0.125, 0.0, 0.0390625, 0.078125, 0.046875, 0.125, 0.0, 0.0, 0.1484375, 0.09375, 0.0]",[6],1.0589857740450765,0.9344376797386205
67,2192.734375,"[0.0, 0.25, 0.09375, 0.0, 0.0, 0.09375, 0.1484375, 0.03125, 0.0625, 0.0625, 0.0625, 0.0, 0.046875, 0.078125, 0.09375, 0.1875, 0.0, 0.0, 0.296875, 0.1875, 0.0]","[0.0, 0.125, 0.078125, 0.0, 0.0, 0.046875, 0.1640625, 0.015625, 0.0625, 0.0625, 0.125, 0.0, 0.0390625, 0.078125, 0.046875, 0.125, 0.0, 0.0, 0.1484375, 0.09375, 0.0]",[6],1.0589857740450765,0.9344376797386205
68,2232.421875,"[0.0, 0.25, 0.09375, 0.0, 0.0, 0.09375, 0.1484375, 0.03125, 0.0625, 0.0625, 0.0625, 0.0, 0.046875, 0.078125, 0.09375, 0.1875, 0.0, 0.0, 0.296875, 0.1875, 0.0]","[0.0, 0.125, 0.078125, 0.0, 0.0, 0.046875, 0.1640625, 0.015625, 0.0625, 0.0625, 0.125, 0.0, 0.0390625, 0.078125, 0.046875, 0.125, 0.0, 0.0, 0.1484375, 0.09375, 0.0]",[6],1.0589857740450765,0.9344376797386205
69,2312.421875,"[0.0, 0.25, 0.09375, 0.0, 0.0, 0.09375, 0.1484375, 0.03125, 0.0625, 0.0625, 0.0625, 0.0, 0.046875, 0.078125, 0.09375, 0.1875, 0.0, 0.0, 0.296875, 0.1875, 0.0]","[0.0, 0.125, 0.078125, 0.0, 0.0, 0.046875, 0.1640625, 0.015625, 0.0625, 0.0625, 0.125, 0.0, 0.0390625, 0.078125, 0.046875, 0.125, 0.0, 0.0, 0.1484375, 0.09375, 0.0]",[6],1.0589857740450765,0.9344376797386205
70,2192.734375,"[0.0, 0.25, 0.09375, 0.0, 0.0, 0.09375, 0.1484375, 0.03125, 0.0625, 0.0625, 0.0625, 0.0, 0.046875, 0.078125, 0.09375, 0.1875, 0.0, 0.0, 0.296875, 0.1875, 0.0]","[0.0, 0.125, 0.078125, 0.0, 0.0, 0.046875, 0.1640625, 0.015625, 0.0625, 0.0625, 0.125, 0.0, 0.0390625, 0.078125, 0.046875, 0.125, 0.0, 0.0, 0.1484375, 0.09375, 0.0]",[6],1.0589857740450765,0.9344376797386205
71,2172.734375,"[0.0, 0.25, 0.09375, 0.0, 0.0, 0.09375, 0.1484375, 0.03125, 0.0625, 0.0625, 0.0625, 0.0, 0.046875, 0.078125, 0.09375, 0.1875, 0.0, 0.0, 0.296875, 0.1875, 0.0]","[0.0, 0.125, 0.078125, 0.0, 0.0, 0.046875, 0.1640625, 0.015625, 0.0625, 0.0625, 0.125, 0.0, 0.0390625, 0.078125, 0.046875, 0.125, 0.0, 0.0, 0.1484375, 0.09375, 0.0]",[6],1.0589857740450765,0.9344376797386205
72,2192.734375,"[0.0, 0.25, 0.09375, 0.0, 0.0, 0.09375, 0.1484375, 0.03125, 0.0625, 0.0625, 0.0625, 0.0, 0.046875, 0.078125, 0.09375, 0.1875, 0.0, 0.03125, 0.296875, 0.1875, 0.0]","[0.0, 0.125, 0.078125, 0.0, 0.0, 0.046875, 0.1640625, 0.015625, 0.0625, 0.0625, 0.125, 0.0, 0.0390625, 0.078125, 0.046875, 0.125, 0.0, 0.03125, 0.1484375, 0.09375, 0.0]",[28],1.0257829730537378,0.8907312499989515
73,2272.109375,"[0.0, 0.25, 0.09375, 0.0, 0.0, 0.09375, 0.1484375, 0.03125, 0.0625, 0.0625, 0.0625, 0.0, 0.046875, 0.078125, 0.09375, 0.1875, 0.0, 0.03125, 0.296875, 0.1875, 0.0]","[0.0, 0.125, 0.078125, 0.0, 0.0, 0.046875, 0.1640625, 0.015625, 0.0625, 0.0625, 0.125, 0.0, 0.0390625, 0.078125, 0.046875, 0.125, 0.0, 0.03125, 0.1484375, 0.09375, 0.0]",[28],1.0257829730537378,0.8907312499989515
74,2351.484375,"[0.0, 0.25, 0.09375, 0.0, 0.0, 0.09375, 0.1484375, 0.03125, 0.0625, 0.0625, 0.0625, 0.0, 0.046875, 0.078125, 0.09375, 0.1875, 0.0, 0.03125, 0.296875, 0.1875, 0.0]","[0.0, 0.125, 0.078125, 0.0, 0.0, 0.046875, 0.1640625, 0.015625, 0.0625, 0.0625, 0.125, 0.0, 0.0390625, 0.078125, 0.046875, 0.125, 0.0, 0.03125, 0.1484375, 0.09375, 0.0]",[28],1.0257829730537378,0.8907312499989515
75,2232.109375,"[0.0, 0.25, 0.09375, 0.0, 0.0, 0.09375, 0.1484375, 0.03125, 0.0625, 0.0625, 0.0625, 0.0, 0.046875, 0.078125, 0.09375, 0.1875, 0.0, 0.03125, 0.296875, 0.1875, 0.0]","[0.0, 0.125, 0.078125, 0.0, 0.0, 0.046875, 0.1640625, 0.015625, 0.0625, 0.0625, 0.125, 0.0, 0.0390625, 0.078125, 0.046875, 0.125, 0.0, 0.03125, 0.1484375, 0.09375, 0.0]",[28],1.0257829730537378,0.8907312499989515
76,2212.578125,"[0.0, 0.25, 0.09375, 0.0, 0.0, 0.09375, 0.1484375, 0.03125, 0.0625, 0.0625, 0.0625, 0.0, 0.0625, 0.078125, 0.09375, 0.1875, 0.0, 0.03125, 0.296875, 0.1875, 0.0]","[0.0, 0.125, 0.078125, 0.0, 0.0, 0.046875, 0.1640625, 0.015625, 0.0625, 0.0625, 0.125, 0.0, 0.046875, 0.078125, 0.046875, 0.125, 0.0, 0.03125, 0.1484375, 0.09375, 0.0]",[31],1.0136116388265561,0.8832203150969752
77,2252.265625,"[0.0, 0.25, 0.09375, 0.0, 0.0, 0.09375, 0.1484375, 0.03125, 0.0625, 0.0625, 0.0625, 0.0, 0.0625, 0.078125, 0.09375, 0.1875, 0.0, 0.03125, 0.328125, 0.1875, 0.0]","[0.0, 0.125, 0.078125, 0.0, 0.0, 0.046875, 0.1640625, 0.015625, 0.0625, 0.0625, 0.125, 0.0, 0.046875, 0.078125, 0.046875, 0.125, 0.0, 0.03125, 0.1640625, 0.09375, 0.0]",[32],1.0425927074603012,0.8946572095689751
78,2331.640625,"[0.0, 0.25, 0.09375, 0.0, 0.0, 0.09375, 0.1328125, 0.03125, 0.0625, 0.0625, 0.0625, 0.0, 0.0625, 0.078125, 0.09375, 0.1875, 0.0, 0.03125, 0.328125, 0.1875, 0.0]","[0.0, 0.125, 0.078125, 0.0, 0.0, 0.046875, 0.1328125, 0.015625, 0.0625, 0.0625, 0.125, 0.0, 0.046875, 0.078125, 0.046875, 0.125, 0.0, 0.03125, 0.1640625, 0.09375, 0.0]",[30],1.0461357464497618,0.8745635485295509
79,2369.921875,"[0.0, 0.25, 0.09375, 0.0, 0.0, 0.09375, 0.1328125, 0.03125, 0.3125, 0.0625, 0.0625, 0.0, 0.0625, 0.078125, 0.09375, 0.1875, 0.0, 0.03125, 0.328125, 0.1875, 0.0]","[0.0, 0.125, 0.078125, 0.0, 0.0, 0.046875, 0.1328125, 0.015625, 0.1875, 0.0625, 0.125, 0.0, 0.046875, 0.078125, 0.046875, 0.125, 0.0, 0.03125, 0.1640625, 0.09375, 0.0]",[32],1.0457881617354583,0.9001915504970077
80,2409.296875,"[0.0, 0.25, 0.09375, 0.0, 0.0, 0.09375, 0.1328125, 0.03125, 0.3125, 0.0625, 0.0625, 0.0, 0.0625, 0.078125, 0.09375, 0.1875, 0.0, 0.03125, 0.328125, 0.125, 0.0]","[0.0, 0.125, 0.078125, 0.0, 0.0, 0.046875, 0.1328125, 0.015625, 0.1875, 0.0625, 0.125, 0.0, 0.046875, 0.078125, 0.046875, 0.125, 0.0, 0.03125, 0.1640625, 0.0625, 0.0]",[13],1.0592364719540603,0.9156463861656802
81,2310.234375,"[0.0, 0.25, 0.09375, 0.0, 0.0, 0.09375, 0.1328125, 0.03125, 0.3125, 0.0625, 0.0625, 0.0, 0.0625, 0.078125, 0.09375, 0.1875, 0.0, 0.03125, 0.328125, 0.125, 0.0]","[0.0, 0.125, 0.078125, 0.0, 0.0, 0.046875, 0.1328125, 0.015625, 0.1875, 0.0625, 0.125, 0.0, 0.046875, 0.078125, 0.046875, 0.125, 0.0, 0.03125, 0.1640625, 0.0625, 0.0]",[13],1.0592364719540603,0.9156463861656802
82,2329.921875,"[0.0, 0.25, 0.09375, 0.0, 0.0, 0.09375, 0.1328125, 0.03125, 0.3125, 0.0625, 0.0625, 0.0, 0.0625, 0.078125, 0.09375, 0.1875, 0.0, 0.03125, 0.328125, 0.125, 0.0]","[0.0, 0.125, 0.078125, 0.0, 0.0, 0.046875, 0.1328125, 0.015625, 0.1875, 0.0625, 0.125, 0.0, 0.046875, 0.078125, 0.046875, 0.125, 0.0, 0.03125, 0.1640625, 0.0625, 0.0]",[13],1.0592364719540603,0.9156463861656802
83,2369.296875,"[0.0, 0.375, 0.09375, 0.0, 0.0, 0.09375, 0.1328125, 0.03125, 0.25, 0.0625, 0.0625, 0.0, 0.0625, 0.078125, 0.09375, 0.1875, 0.0, 0.03125, 0.328125, 0.125, 0.0]","[0.0, 0.1875, 0.078125, 0.0, 0.0, 0.046875, 0.1328125, 0.015625, 0.125, 0.0625, 0.125, 0.0, 0.046875, 0.078125, 0.046875, 0.125, 0.0, 0.03125, 0.1640625, 0.0625, 0.0]",[17],1.102616911696868,0.9156463861656803
84,2487.421875,"[0.0, 0.375, 0.09375, 0.0, 0.0, 0.09375, 0.1328125, 0.03125, 0.25, 0.0625, 0.0625, 0.0, 0.0625, 0.078125, 0.09375, 0.1875, 0.25, 0.03125, 0.328125, 0.125, 0.0]","[0.0, 0.1875, 0.078125, 0.0, 0.0, 0.046875, 0.1328125, 0.015625, 0.125, 0.0625, 0.125, 0.0, 0.046875, 0.078125, 0.046875, 0.125, 0.125, 0.03125, 0.1640625, 0.0625, 0.0]",[32],1.0048433374317496,0.8313364906795233
85,2526.796875,"[0.0, 0.375, 0.03125, 0.0, 0.0, 0.09375, 0.1328125, 0.03125, 0.25, 0.0625, 0.0625, 0.0, 0.0625, 0.078125, 0.09375, 0.25, 0.25, 0.03125, 0.328125, 0.125, 0.0]","[0.0, 0.1875, 0.015625, 0.0, 0.0, 0.046875, 0.1328125, 0.015625, 0.125, 0.0625, 0.125, 0.0, 0.046875, 0.078125, 0.046875, 0.1875, 0.125, 0.03125, 0.1640625, 0.0625, 0.0]",[27],1.044111555126241,0.9094447960021393
86,2507.109375,"[0.0, 0.375, 0.03125, 0.0, 0.0, 0.09375, 0.1328125, 0.03125, 0.25, 0.0625, 0.0625, 0.0, 0.0625, 0.078125, 0.09375, 0.25, 0.25, 0.03125, 0.328125, 0.125, 0.0]","[0.0, 0.1875, 0.015625, 0.0, 0.0, 0.046875, 0.1328125, 0.015625, 0.125, 0.0625, 0.125, 0.0, 0.046875, 0.078125, 0.046875, 0.1875, 0.125, 0.03125, 0.1640625, 0.0625, 0.0]",[27],1.044111555126241,0.9094447960021393
87,2526.796875,"[0.0, 0.375, 0.03125, 0.0, 0.0, 0.09375, 0.1328125, 0.03125, 0.25, 0.0625, 0.0625, 0.0, 0.0625, 0.078125, 0.09375, 0.25, 0.3125, 0.03125, 0.328125, 0.125, 0.0]","[0.0, 0.1875, 0.015625, 0.0, 0.0, 0.046875, 0.1328125, 0.015625, 0.125, 0.0625, 0.125, 0.0, 0.046875, 0.078125, 0.046875, 0.1875, 0.15625, 0.03125, 0.1640625, 0.0625, 0.0]",[33],1.0565096456559904,0.913639339184376
88,2606.484375,"[0.0, 0.375, 0.03125, 0.0, 0.0, 0.09375, 0.1328125, 0.03125, 0.25, 0.0625, 0.0625, 0.0, 0.0625, 0.078125, 0.09375, 0.25, 0.3125, 0.03125, 0.328125, 0.125, 0.03125]","[0.0, 0.1875, 0.015625, 0.0, 0.0, 0.046875, 0.1328125, 0.015625, 0.125, 0.0625, 0.125, 0.0, 0.046875, 0.078125, 0.046875, 0.1875, 0.15625, 0.03125, 0.1640625, 0.0625, 0.03125]",[34],1.0315280246665932,0.8768039721934208
89,2765.234375,"[0.0, 0.375, 0.03125, 0.0, 0.0, 0.09375, 0.1328125, 0.03125, 0.25, 0.0625, 0.1875, 0.0, 0.0625, 0.078125, 0.09375, 0.25, 0.3125, 0.03125, 0.328125, 0.125, 0.03125]","[0.0, 0.1875, 0.015625, 0.0, 0.0, 0.046875, 0.1328125, 0.015625, 0.125, 0.0625, 0.25, 0.0, 0.046875, 0.078125, 0.046875, 0.1875, 0.15625, 0.03125, 0.1640625, 0.0625, 0.03125]",[35],0.9838428433643516,0.93554160529508
90,2804.609375,"[0.0, 0.375, 0.03125, 0.0, 0.0, 0.09375, 0.1328125, 0.03125, 0.25, 0.0625, 0.1875, 0.0, 0.0625, 0.078125, 0.09375, 0.3125, 0.3125, 0.03125, 0.328125, 0.125, 0.03125]","[0.0, 0.1875, 0.015625, 0.0, 0.0, 0.046875, 0.1328125, 0.015625, 0.125, 0.0625, 0.25, 0.0, 0.046875, 0.078125, 0.046875, 0.25, 0.15625, 0.03125, 0.1640625, 0.0625, 0.03125]",[36],0.9933649704398889,0.9685527535943742
91,2824.453125,"[0.0, 0.375, 0.03125, 0.0, 0.015625, 0.09375, 0.1328125, 0.03125, 0.25, 0.0625, 0.1875, 0.0, 0.0625, 0.078125, 0.09375, 0.3125, 0.3125, 0.03125, 0.328125, 0.125, 0.03125]","[0.0, 0.1875, 0.015625, 0.0, 0.0078125, 0.046875, 0.1328125, 0.015625, 0.125, 0.0625, 0.25, 0.0, 0.046875, 0.078125, 0.046875, 0.25, 0.15625, 0.03125, 0.1640625, 0.0625, 0.03125]",[37],0.9814941712987161,0.9596213886125635
92,2864.140625,"[0.0, 0.375, 0.03125, 0.0, 0.015625, 0.09375, 0.1328125, 0.03125, 0.25, 0.0625, 0.1875, 0.0, 0.0625, 0.078125, 0.09375, 0.3125, 0.3125, 0.03125, 0.328125, 0.125, 0.03125]","[0.0, 0.1875, 0.015625, 0.0, 0.0078125, 0.046875, 0.1328125, 0.015625, 0.125, 0.0625, 0.25, 0.0, 0.046875, 0.078125, 0.046875, 0.25, 0.15625, 0.03125, 0.1640625, 0.0625, 0.03125]",[37],0.9814941712987161,0.9596213886125635
93,2903.828125,"[0.0, 0.375, 0.03125, 0.0, 0.015625, 0.09375, 0.1328125, 0.03125, 0.25, 0.0625, 0.1875, 0.0, 0.0625, 0.078125, 0.09375, 0.3125, 0.3125, 0.03125, 0.390625, 0.125, 0.03125]","[0.0, 0.1875, 0.015625, 0.0, 0.0078125, 0.046875, 0.1328125, 0.015625, 0.125, 0.0625, 0.25, 0.0, 0.046875, 0.078125, 0.046875, 0.25, 0.15625, 0.03125, 0.1953125, 0.0625, 0.03125]",[38],1.0041925922390902,0.9645113421520446
94,3061.328125,"[0.0, 0.375, 0.03125, 0.0, 0.015625, 0.09375, 0.1328125, 0.28125, 0.25, 0.0625, 0.0625, 0.0, 0.0625, 0.078125, 0.09375, 0.3125, 0.3125, 0.03125, 0.390625, 0.125, 0.03125]","[0.0, 0.1875, 0.015625, 0.0, 0.0078125, 0.046875, 0.1328125, 0.140625, 0.125, 0.0625, 0.125, 0.0, 0.046875, 0.078125, 0.046875, 0.25, 0.15625, 0.03125, 0.1953125, 0.0625, 0.03125]",[34],0.9799907219370344,0.8608697603902701
95,2941.953125,"[0.0, 0.375, 0.03125, 0.0, 0.015625, 0.09375, 0.1328125, 0.28125, 0.25, 0.0625, 0.0625, 0.0, 0.0625, 0.078125, 0.09375, 0.3125, 0.3125, 0.03125, 0.390625, 0.125, 0.03125]","[0.0, 0.1875, 0.015625, 0.0, 0.0078125, 0.046875, 0.1328125, 0.140625, 0.125, 0.0625, 0.125, 0.0, 0.046875, 0.078125, 0.046875, 0.25, 0.15625, 0.03125, 0.1953125, 0.0625, 0.03125]",[34],0.9799907219370344,0.8608697603902701
96,2922.265625,"[0.0, 0.375, 0.03125, 0.0, 0.015625, 0.09375, 0.125, 0.28125, 0.25, 0.0625, 0.0625, 0.0, 0.0625, 0.078125, 0.09375, 0.3125, 0.34375, 0.03125, 0.390625, 0.125, 0.03125]","[0.0, 0.1875, 0.015625, 0.0, 0.0078125, 0.046875, 0.125, 0.140625, 0.125, 0.0625, 0.125, 0.0, 0.046875, 0.078125, 0.046875, 0.25, 0.171875, 0.03125, 0.1953125, 0.0625, 0.03125]",[0],0.9889749417509426,0.8642515858078761
97,2942.03125,"[0.0, 0.375, 0.03125, 0.0, 0.015625, 0.09375, 0.125, 0.28125, 0.25, 0.0625, 0.0625, 0.0, 0.0625, 0.078125, 0.09375, 0.3125, 0.34375, 0.03125, 0.390625, 0.125, 0.03125]","[0.0, 0.1875, 0.015625, 0.0, 0.0078125, 0.046875, 0.125, 0.140625, 0.125, 0.0625, 0.125, 0.0, 0.046875, 0.078125, 0.046875, 0.25, 0.171875, 0.03125, 0.1953125, 0.0625, 0.03125]",[0],0.9889749417509426,0.8642515858078761
98,2982.03125,"[0.0, 0.375, 0.03125, 0.0, 0.015625, 0.09375, 0.15625, 0.28125, 0.25, 0.0625, 0.0625, 0.0, 0.0625, 0.078125, 0.09375, 0.3125, 0.34375, 0.03125, 0.390625, 0.125, 0.03125]","[0.0, 0.1875, 0.015625, 0.0, 0.0078125, 0.046875, 0.15625, 0.140625, 0.125, 0.0625, 0.125, 0.0, 0.046875, 0.078125, 0.046875, 0.25, 0.171875, 0.03125, 0.1953125, 0.0625, 0.03125]",[39],0.9786268101309451,0.8627539705302684
99,3140.78125,"[0.0, 0.375, 0.03125, 0.0, 0.140625, 0.09375, 0.15625, 0.28125, 0.25, 0.0625, 0.0625, 0.0, 0.0625, 0.078125, 0.09375, 0.3125, 0.34375, 0.03125, 0.390625, 0.125, 0.03125]","[0.0, 0.1875, 0.015625, 0.0, 0.0703125, 0.046875, 0.15625, 0.140625, 0.125, 0.0625, 0.125, 0.0, 0.046875, 0.078125, 0.046875, 0.25, 0.171875, 0.03125, 0.1953125, 0.0625, 0.03125]",[40],0.9175136709207447,0.8113272700322358
100,3180.46875,"[0.0, 0.375, 0.03125, 0.0, 0.140625, 0.09375, 0.15625, 0.28125, 0.25, 0.0625, 0.0625, 0.0, 0.0625, 0.078125, 0.09375, 0.3125, 0.34375, 0.03125, 0.421875, 0.125, 0.03125]","[0.0, 0.1875, 0.015625, 0.0, 0.0703125, 0.046875, 0.15625, 0.140625, 0.125, 0.0625, 0.125, 0.0, 0.046875, 0.078125, 0.046875, 0.25, 0.171875, 0.03125, 0.2265625, 0.0625, 0.03125]",[41],0.9296222517045283,0.8259464268340895
101,3200.3125,"[0.0, 0.375, 0.03125, 0.0, 0.140625, 0.09375, 0.15625, 0.28125, 0.25, 0.0625, 0.0625, 0.0, 0.0625, 0.078125, 0.09375, 0.3125, 0.34375, 0.03125, 0.421875, 0.125, 0.03125]","[0.0, 0.1875, 0.015625, 0.0, 0.0703125, 0.046875, 0.15625, 0.140625, 0.125, 0.0625, 0.125, 0.0, 0.046875, 0.078125, 0.046875, 0.25, 0.171875, 0.03125, 0.2265625, 0.0625, 0.03125]",[41],0.9296222517045283,0.8259464268340895
102,3219.84375,"[0.0, 0.375, 0.03125, 0.0, 0.140625, 0.09375, 0.15625, 0.34375, 0.25, 0.0625, 0.0625, 0.0, 0.0625, 0.078125, 0.09375, 0.3125, 0.34375, 0.03125, 0.421875, 0.125, 0.03125]","[0.0, 0.1875, 0.015625, 0.0, 0.0703125, 0.046875, 0.15625, 0.171875, 0.125, 0.0625, 0.125, 0.0, 0.046875, 0.078125, 0.046875, 0.25, 0.171875, 0.03125, 0.2265625, 0.0625, 0.03125]",[42],0.9369789799395501,0.8269959689782421
103,3298.59375,"[0.0, 0.375, 0.03125, 0.0, 0.140625, 0.09375, 0.15625, 0.34375, 0.375, 0.0625, 0.0625, 0.0, 0.0625, 0.078125, 0.09375, 0.3125, 0.34375, 0.03125, 0.421875, 0.125, 0.03125]","[0.0, 0.1875, 0.015625, 0.0, 0.0703125, 0.046875, 0.15625, 0.171875, 0.1875, 0.0625, 0.125, 0.0, 0.046875, 0.078125, 0.046875, 0.25, 0.171875, 0.03125, 0.2265625, 0.0625, 0.03125]",[43],0.9474967312300824,0.8273595406616217
104,3456.09375,"[0.0, 0.375, 0.03125, 0.0, 0.140625, 0.09375, 0.15625, 0.59375, 0.375, 0.0625, 0.0625, 0.0, 0.0625, 0.078125, 0.09375, 0.3125, 0.34375, 0.03125, 0.421875, 0.125, 0.03125]","[0.0, 0.1875, 0.015625, 0.0, 0.0703125, 0.046875, 0.15625, 0.296875, 0.1875, 0.0625, 0.125, 0.0, 0.046875, 0.078125, 0.046875, 0.25, 0.171875, 0.03125, 0.2265625, 0.0625, 0.03125]",[44],1.0277840833058436,0.8775402295811306
105,3495.78125,"[0.0, 0.375, 0.03125, 0.0, 0.140625, 0.09375, 0.15625, 0.59375, 0.375, 0.0625, 0.0625, 0.0, 0.0625, 0.078125, 0.09375, 0.3125, 0.34375, 0.03125, 0.421875, 0.125, 0.03125]","[0.0, 0.1875, 0.015625, 0.0, 0.0703125, 0.046875, 0.15625, 0.296875, 0.1875, 0.0625, 0.125, 0.0, 0.046875, 0.078125, 0.046875, 0.25, 0.171875, 0.03125, 0.2265625, 0.0625, 0.03125]",[44],1.0277840833058436,0.8775402295811306
106,3475.78125,"[0.0, 0.375, 0.03125, 0.0, 0.140625, 0.09375, 0.15625, 0.59375, 0.375, 0.0625, 0.0625, 0.0, 0.046875, 0.078125, 0.09375, 0.3125, 0.34375, 0.03125, 0.421875, 0.125, 0.03125]","[0.0, 0.1875, 0.015625, 0.0, 0.0703125, 0.046875, 0.15625, 0.296875, 0.1875, 0.0625, 0.125, 0.0, 0.0390625, 0.078125, 0.046875, 0.25, 0.171875, 0.03125, 0.2265625, 0.0625, 0.03125]",[23],1.035506476344518,0.8832442217042861
107,3475.625,"[0.0625, 0.375, 0.03125, 0.0, 0.140625, 0.09375, 0.15625, 0.59375, 0.375, 0.0625, 0.0625, 0.0, 0.046875, 0.078125, 0.09375, 0.3125, 0.34375, 0.03125, 0.421875, 0.125, 0.03125]","[0.03125, 0.1875, 0.015625, 0.0, 0.0703125, 0.046875, 0.15625, 0.296875, 0.1875, 0.0625, 0.125, 0.0, 0.0390625, 0.078125, 0.046875, 0.25, 0.171875, 0.03125, 0.2265625, 0.0625, 0.03125]",[44],1.0022701504811238,0.8558817666002208
108,3554.375,"[0.0625, 0.375, 0.03125, 0.0, 0.140625, 0.09375, 0.15625, 0.59375, 0.375, 0.0625, 0.0625, 0.0, 0.046875, 0.078125, 0.09375, 0.3125, 0.34375, 0.03125, 0.421875, 0.125, 0.03125]","[0.03125, 0.1875, 0.015625, 0.0, 0.0703125, 0.046875, 0.15625, 0.296875, 0.1875, 0.0625, 0.125, 0.0, 0.0390625, 0.078125, 0.046875, 0.25, 0.171875, 0.03125, 0.2265625, 0.0625, 0.03125]",[44],1.0022701504811238,0.8558817666002208
109,3634.375,"[0.0625, 0.375, 0.03125, 0.0, 0.140625, 0.09375, 0.15625, 0.59375, 0.375, 0.0625, 0.0625, 0.0, 0.046875, 0.078125, 0.09375, 0.3125, 0.34375, 0.03125, 0.421875, 0.125, 0.03125]","[0.03125, 0.1875, 0.015625, 0.0, 0.0703125, 0.046875, 0.15625, 0.296875, 0.1875, 0.0625, 0.125, 0.0, 0.0390625, 0.078125, 0.046875, 0.25, 0.171875, 0.03125, 0.2265625, 0.0625, 0.03125]",[44],1.0022701504811238,0.8558817666002208
110,3515.3125,"[0.0625, 0.375, 0.03125, 0.0, 0.140625, 0.09375, 0.15625, 0.59375, 0.375, 0.0625, 0.0625, 0.0, 0.046875, 0.078125, 0.09375, 0.3125, 0.34375, 0.0625, 0.421875, 0.125, 0.03125]","[0.03125, 0.1875, 0.015625, 0.0, 0.0703125, 0.046875, 0.15625, 0.296875, 0.1875, 0.0625, 0.125, 0.0, 0.0390625, 0.078125, 0.046875, 0.25, 0.171875, 0.09375, 0.2265625, 0.0625, 0.03125]",[45],0.9867641223529018,0.8180056437024568
111,3535.0,"[0.0625, 0.375, 0.03125, 0.0, 0.140625, 0.09375, 0.15625, 0.59375, 0.375, 0.0625, 0.0625, 0.0, 0.046875, 0.078125, 0.125, 0.3125, 0.34375, 0.0625, 0.421875, 0.125, 0.03125]","[0.03125, 0.1875, 0.015625, 0.0, 0.0703125, 0.046875, 0.15625, 0.296875, 0.1875, 0.0625, 0.125, 0.0, 0.0390625, 0.078125, 0.0625, 0.25, 0.171875, 0.09375, 0.2265625, 0.0625, 0.03125]",[46],0.9748511791184188,0.8080251224266878
112,3574.6875,"[0.0625, 0.375, 0.03125, 0.0, 0.140625, 0.09375, 0.15625, 0.59375, 0.375, 0.0625, 0.0625, 0.0, 0.046875, 0.078125, 0.125, 0.3125, 0.34375, 0.0625, 0.421875, 0.125, 0.03125]","[0.03125, 0.1875, 0.015625, 0.0, 0.0703125, 0.046875, 0.15625, 0.296875, 0.1875, 0.0625, 0.125, 0.0, 0.0390625, 0.078125, 0.0625, 0.25, 0.171875, 0.09375, 0.2265625, 0.0625, 0.03125]",[46],0.9748511791184188,0.8080251224266878
113,3614.6875,"[0.0625, 0.375, 0.03125, 0.0, 0.140625, 0.09375, 0.1875, 0.59375, 0.375, 0.0625, 0.0625, 0.0, 0.046875, 0.078125, 0.125, 0.3125, 0.34375, 0.0625, 0.421875, 0.125, 0.03125]","[0.03125, 0.1875, 0.015625, 0.0, 0.0703125, 0.046875, 0.1875, 0.296875, 0.1875, 0.0625, 0.125, 0.0, 0.0390625, 0.078125, 0.0625, 0.25, 0.171875, 0.09375, 0.2265625, 0.0625, 0.03125]",[47],0.9664673037717967,0.8076732652604244
114,3773.4375,"[0.0625, 0.375, 0.03125, 0.0, 0.140625, 0.09375, 0.1875, 0.59375, 0.375, 0.0625, 0.0625, 0.0, 0.171875, 0.078125, 0.125, 0.3125, 0.34375, 0.0625, 0.421875, 0.125, 0.03125]","[0.03125, 0.1875, 0.015625, 0.0, 0.0703125, 0.046875, 0.1875, 0.296875, 0.1875, 0.0625, 0.125, 0.0, 0.1015625, 0.078125, 0.0625, 0.25, 0.171875, 0.09375, 0.2265625, 0.0625, 0.03125]",[48],0.9203425788341414,0.7736682702934456
115,3812.8125,"[0.0625, 0.375, 0.03125, 0.0, 0.140625, 0.09375, 0.1875, 0.59375, 0.375, 0.0625, 0.0625, 0.0, 0.171875, 0.078125, 0.125, 0.3125, 0.34375, 0.0625, 0.421875, 0.125, 0.03125]","[0.03125, 0.1875, 0.015625, 0.0, 0.0703125, 0.046875, 0.1875, 0.296875, 0.1875, 0.0625, 0.125, 0.0, 0.1015625, 0.078125, 0.0625, 0.25, 0.171875, 0.09375, 0.2265625, 0.0625, 0.03125]",[48],0.9203425788341414,0.7736682702934456
116,3793.359375,"[0.0625, 0.375, 0.03125, 0.0, 0.140625, 0.09375, 0.1875, 0.59375, 0.375, 0.0625, 0.0625, 0.0, 0.171875, 0.078125, 0.125, 0.25, 0.34375, 0.0625, 0.421875, 0.125, 0.0078125]","[0.03125, 0.1875, 0.015625, 0.0, 0.0703125, 0.046875, 0.1875, 0.296875, 0.1875, 0.0625, 0.125, 0.0, 0.1015625, 0.078125, 0.0625, 0.1875, 0.171875, 0.09375, 0.2265625, 0.0625, 0.0078125]",[22],0.9367982636563214,0.776814309086327
117,3713.984375,"[0.0625, 0.375, 0.03125, 0.0, 0.140625, 0.09375, 0.1875, 0.59375, 0.375, 0.0625, 0.0625, 0.0, 0.171875, 0.078125, 0.125, 0.25, 0.34375, 0.0625, 0.421875, 0.125, 0.0078125]","[0.03125, 0.1875, 0.015625, 0.0, 0.0703125, 0.046875, 0.1875, 0.296875, 0.1875, 0.0625, 0.125, 0.0, 0.1015625, 0.078125, 0.0625, 0.1875, 0.171875, 0.09375, 0.2265625, 0.0625, 0.0078125]",[22],0.9367982636563214,0.776814309086327
118,3753.046875,"[0.0625, 0.375, 0.0, 0.0, 0.140625, 0.09375, 0.1875, 0.59375, 0.375, 0.0625, 0.0625, 0.0, 0.171875, 0.078125, 0.125, 0.25, 0.34375, 0.0625, 0.421875, 0.125, 0.0078125]","[0.03125, 0.1875, 0.0, 0.0, 0.0703125, 0.046875, 0.1875, 0.296875, 0.1875, 0.0625, 0.125, 0.0, 0.1015625, 0.078125, 0.0625, 0.1875, 0.171875, 0.09375, 0.2265625, 0.0625, 0.0078125]",[5],0.9535504002731824,0.7907952597588979
119,3812.109375,"[0.0625, 0.375, 0.0, 0.0, 0.140625, 0.09375, 0.1875, 0.59375, 0.375, 0.0625, 0.0625, 0.0, 0.15625, 0.078125, 0.125, 0.25, 0.34375, 0.0625, 0.421875, 0.125, 0.0078125]","[0.03125, 0.1875, 0.0, 0.0, 0.0703125, 0.046875, 0.1875, 0.296875, 0.1875, 0.0625, 0.125, 0.0, 0.09375, 0.078125, 0.0625, 0.1875, 0.171875, 0.09375, 0.2265625, 0.0625, 0.0078125]",[5],0.9578919271841073,0.7939047873304491
120,3674.453125,"[0.0625, 0.375, 0.0, 0.0, 0.171875, 0.09375, 0.1875, 0.59375, 0.375, 0.0625, 0.0625, 0.0, 0.15625, 0.078125, 0.125, 0.25, 0.34375, 0.0625, 0.421875, 0.125, 0.0078125]","[0.03125, 0.1875, 0.0, 0.0, 0.1015625, 0.046875, 0.1875, 0.296875, 0.1875, 0.0625, 0.125, 0.0, 0.09375, 0.078125, 0.0625, 0.1875, 0.171875, 0.09375, 0.2265625, 0.0625, 0.0078125]",[22],0.9487991253262096,0.779486398894334
121,3694.296875,"[0.0625, 0.375, 0.0, 0.0, 0.171875, 0.09375, 0.1875, 0.59375, 0.375, 0.0625, 0.0625, 0.015625, 0.15625, 0.078125, 0.125, 0.25, 0.34375, 0.0625, 0.421875, 0.125, 0.0078125]","[0.03125, 0.1875, 0.0, 0.0, 0.1015625, 0.046875, 0.1875, 0.296875, 0.1875, 0.0625, 0.125, 0.0078125, 0.09375, 0.078125, 0.0625, 0.1875, 0.171875, 0.09375, 0.2265625, 0.0625, 0.0078125]",[28],0.9402267057501021,0.7723718162743163
122,3733.671875,"[0.0625, 0.375, 0.0, 0.0, 0.171875, 0.09375, 0.1875, 0.59375, 0.375, 0.0625, 0.0625, 0.015625, 0.15625, 0.078125, 0.125, 0.25, 0.40625, 0.0625, 0.421875, 0.125, 0.0078125]","[0.03125, 0.1875, 0.0, 0.0, 0.1015625, 0.046875, 0.1875, 0.296875, 0.1875, 0.0625, 0.125, 0.0078125, 0.09375, 0.078125, 0.0625, 0.1875, 0.203125, 0.09375, 0.2265625, 0.0625, 0.0078125]",[33],0.9456987719072908,0.7753247527470165
123,3813.359375,"[0.0625, 0.375, 0.0, 0.0, 0.171875, 0.09375, 0.21875, 0.59375, 0.375, 0.0625, 0.0625, 0.015625, 0.15625, 0.078125, 0.125, 0.25, 0.40625, 0.0625, 0.421875, 0.125, 0.0078125]","[0.03125, 0.1875, 0.0, 0.0, 0.1015625, 0.046875, 0.21875, 0.296875, 0.1875, 0.0625, 0.125, 0.0078125, 0.09375, 0.078125, 0.0625, 0.1875, 0.203125, 0.09375, 0.2265625, 0.0625, 0.0078125]",[49],0.9391640362442064,0.7802509327828214
124,3970.859375,"[0.0625, 0.375, 0.0, 0.0, 0.171875, 0.09375, 0.21875, 0.59375, 0.375, 0.0625, 0.0625, 0.015625, 0.15625, 0.078125, 0.125, 0.25, 0.40625, 0.0625, 0.421875, 0.125, 0.0078125]","[0.03125, 0.1875, 0.0, 0.0, 0.1015625, 0.046875, 0.21875, 0.296875, 0.1875, 0.0625, 0.125, 0.0078125, 0.09375, 0.078125, 0.0625, 0.1875, 0.203125, 0.09375, 0.2265625, 0.0625, 0.0078125]",[49],0.9391640362442064,0.7802509327828214
125,3852.734375,"[0.0625, 0.4375, 0.0, 0.0, 0.171875, 0.09375, 0.21875, 0.59375, 0.375, 0.0625, 0.0625, 0.015625, 0.15625, 0.078125, 0.125, 0.25, 0.40625, 0.0625, 0.421875, 0.125, 0.0078125]","[0.03125, 0.25, 0.0, 0.0, 0.1015625, 0.046875, 0.21875, 0.296875, 0.1875, 0.0625, 0.125, 0.0078125, 0.09375, 0.078125, 0.0625, 0.1875, 0.203125, 0.09375, 0.2265625, 0.0625, 0.0078125]",[50],0.9466888731405463,0.7928850273946827
126,3872.578125,"[0.0625, 0.4375, 0.0, 0.0, 0.171875, 0.09375, 0.15625, 0.59375, 0.375, 0.0625, 0.0625, 0.015625, 0.15625, 0.078125, 0.125, 0.25, 0.40625, 0.0625, 0.359375, 0.125, 0.0078125]","[0.03125, 0.25, 0.0, 0.0, 0.1015625, 0.046875, 0.15625, 0.296875, 0.1875, 0.0625, 0.125, 0.0078125, 0.09375, 0.078125, 0.0625, 0.1875, 0.203125, 0.09375, 0.1953125, 0.0625, 0.0078125]",[19],0.9555800805569297,0.7844148857351976
127,3653.671875,"[0.0625, 0.4375, 0.0, 0.0, 0.171875, 0.09375, 0.15625, 0.59375, 0.375, 0.0625, 0.0625, 0.015625, 0.15625, 0.078125, 0.125, 0.25, 0.40625, 0.0625, 0.359375, 0.15625, 0.0078125]","[0.03125, 0.25, 0.0, 0.0, 0.1015625, 0.046875, 0.15625, 0.296875, 0.1875, 0.0625, 0.125, 0.0078125, 0.09375, 0.078125, 0.0625, 0.1875, 0.203125, 0.09375, 0.1953125, 0.078125, 0.0078125]",[37],0.9456987719072908,0.7759463555749737
128,3732.421875,"[0.0625, 0.4375, 0.0, 0.0, 0.171875, 0.09375, 0.15625, 0.59375, 0.375, 0.0625, 0.0625, 0.015625, 0.15625, 0.078125, 0.125, 0.25, 0.40625, 0.0625, 0.359375, 0.15625, 0.0078125]","[0.03125, 0.25, 0.0, 0.0, 0.1015625, 0.046875, 0.15625, 0.296875, 0.1875, 0.0625, 0.125, 0.0078125, 0.09375, 0.078125, 0.0625, 0.1875, 0.203125, 0.09375, 0.1953125, 0.078125, 0.0078125]",[37],0.9456987719072908,0.7759463555749737
129,3811.171875,"[0.0625, 0.4375, 0.25, 0.0, 0.140625, 0.09375, 0.15625, 0.59375, 0.375, 0.0625, 0.0625, 0.015625, 0.15625, 0.078125, 0.125, 0.25, 0.40625, 0.0625, 0.359375, 0.15625, 0.0078125]","[0.03125, 0.25, 0.125, 0.0, 0.0703125, 0.046875, 0.15625, 0.296875, 0.1875, 0.0625, 0.125, 0.0078125, 0.09375, 0.078125, 0.0625, 0.1875, 0.203125, 0.09375, 0.1953125, 0.078125, 0.0078125]",[5],0.8717391053527098,0.7183217530875212
130,3810.859375,"[0.0625, 0.4375, 0.25, 0.0, 0.140625, 0.09375, 0.15625, 0.59375, 0.4375, 0.0625, 0.0625, 0.015625, 0.15625, 0.078125, 0.125, 0.25, 0.40625, 0.0625, 0.359375, 0.15625, 0.0078125]","[0.03125, 0.25, 0.125, 0.0, 0.0703125, 0.046875, 0.15625, 0.296875, 0.25, 0.0625, 0.125, 0.0078125, 0.09375, 0.078125, 0.0625, 0.1875, 0.203125, 0.09375, 0.1953125, 0.078125, 0.0078125]",[50],0.8796486672313223,0.7325635287271869
131,3830.703125,"[0.0625, 0.4375, 0.25, 0.0, 0.140625, 0.09375, 0.15625, 0.59375, 0.4375, 0.0625, 0.0625, 0.015625, 0.15625, 0.078125, 0.125, 0.25, 0.40625, 0.0625, 0.359375, 0.171875, 0.0078125]","[0.03125, 0.25, 0.125, 0.0, 0.0703125, 0.046875, 0.15625, 0.296875, 0.25, 0.0625, 0.125, 0.0078125, 0.09375, 0.078125, 0.0625, 0.1875, 0.203125, 0.09375, 0.1953125, 0.0859375, 0.0078125]",[51],0.87560052777671,0.7289325949996015
132,3870.078125,"[0.0625, 0.4375, 0.25, 0.0, 0.140625, 0.09375, 0.15625, 0.65625, 0.1875, 0.0625, 0.0625, 0.015625, 0.125, 0.078125, 0.125, 0.25, 0.40625, 0.0625, 0.359375, 0.171875, 0.0078125]","[0.03125, 0.25, 0.125, 0.0, 0.0703125, 0.046875, 0.15625, 0.328125, 0.125, 0.0625, 0.125, 0.0078125, 0.0625, 0.078125, 0.0625, 0.1875, 0.203125, 0.09375, 0.1953125, 0.0859375, 0.0078125]",[20],0.92117232305007,0.7579891449151829
133,3751.640625,"[0.0625, 0.4375, 0.25, 0.0, 0.140625, 0.09375, 0.15625, 0.65625, 0.1875, 0.0625, 0.0625, 0.015625, 0.125, 0.078125, 0.125, 0.25, 0.40625, 0.0625, 0.328125, 0.171875, 0.0078125]","[0.03125, 0.25, 0.125, 0.0, 0.0703125, 0.046875, 0.15625, 0.328125, 0.125, 0.0625, 0.125, 0.0078125, 0.0625, 0.078125, 0.0625, 0.1875, 0.203125, 0.09375, 0.1640625, 0.0859375, 0.0078125]",[20],0.9202003214450039,0.7566382924823579
134,3790.703125,"[0.0625, 0.4375, 0.25, 0.0, 0.140625, 0.09375, 0.15625, 0.65625, 0.1875, 0.0625, 0.0625, 0.015625, 0.125, 0.078125, 0.125, 0.5, 0.40625, 0.0625, 0.328125, 0.171875, 0.0078125]","[0.03125, 0.25, 0.125, 0.0, 0.0703125, 0.046875, 0.15625, 0.328125, 0.125, 0.0625, 0.125, 0.0078125, 0.0625, 0.078125, 0.0625, 0.3125, 0.203125, 0.09375, 0.1640625, 0.0859375, 0.0078125]",[30],0.9350110053880394,0.8006405991263696
135,3830.078125,"[0.125, 0.4375, 0.25, 0.0, 0.140625, 0.09375, 0.15625, 0.65625, 0.1875, 0.0625, 0.0625, 0.015625, 0.125, 0.078125, 0.125, 0.5, 0.40625, 0.0625, 0.328125, 0.171875, 0.0078125]","[0.09375, 0.25, 0.125, 0.0, 0.0703125, 0.046875, 0.15625, 0.328125, 0.125, 0.0625, 0.125, 0.0078125, 0.0625, 0.078125, 0.0625, 0.3125, 0.203125, 0.09375, 0.1640625, 0.0859375, 0.0078125]",[40],0.9118449849469645,0.7653888592213149
136,3849.765625,"[0.125, 0.4375, 0.25, 0.0, 0.140625, 0.09375, 0.15625, 0.65625, 0.1875, 0.0625, 0.0625, 0.015625, 0.125, 0.078125, 0.125, 0.5, 0.4375, 0.0625, 0.328125, 0.171875, 0.0078125]","[0.09375, 0.25, 0.125, 0.0, 0.0703125, 0.046875, 0.15625, 0.328125, 0.125, 0.0625, 0.125, 0.0078125, 0.0625, 0.078125, 0.0625, 0.3125, 0.21875, 0.09375, 0.1640625, 0.0859375, 0.0078125]",[52],0.9150556256325059,0.7671000691541419
137,3889.453125,"[0.125, 0.4375, 0.25, 0.0, 0.140625, 0.09375, 0.15625, 0.65625, 0.1875, 0.0625, 0.0625, 0.015625, 0.125, 0.078125, 0.125, 0.5, 0.4375, 0.0625, 0.328125, 0.171875, 0.0078125]","[0.09375, 0.25, 0.125, 0.0, 0.0703125, 0.046875, 0.15625, 0.328125, 0.125, 0.0625, 0.125, 0.0078125, 0.0625, 0.078125, 0.0625, 0.3125, 0.21875, 0.09375, 0.1640625, 0.0859375, 0.0078125]",[52],0.9150556256325059,0.7671000691541419
138,3928.515625,"[0.125, 0.4375, 0.25, 0.0, 0.140625, 0.09375, 0.15625, 0.65625, 0.1875, 0.0625, 0.0625, 0.015625, 0.125, 0.078125, 0.125, 0.5, 0.5625, 0.0625, 0.328125, 0.171875, 0.0078125]","[0.09375, 0.25, 0.125, 0.0, 0.0703125, 0.046875, 0.15625, 0.328125, 0.125, 0.0625, 0.125, 0.0078125, 0.0625, 0.078125, 0.0625, 0.3125, 0.28125, 0.09375, 0.1640625, 0.0859375, 0.0078125]",[53],0.9385108759083405,0.7829424094836397
139,4086.015625,"[0.125, 0.4375, 0.25, 0.0, 0.140625, 0.09375, 0.15625, 0.65625, 0.1875, 0.0625, 0.0625, 0.015625, 0.125, 0.078125, 0.125, 0.5, 0.5625, 0.0625, 0.328125, 0.171875, 0.0078125]","[0.09375, 0.25, 0.125, 0.0, 0.0703125, 0.046875, 0.15625, 0.328125, 0.125, 0.0625, 0.125, 0.0078125, 0.0625, 0.078125, 0.0625, 0.3125, 0.28125, 0.09375, 0.1640625, 0.0859375, 0.0078125]",[53],0.9385108759083405,0.7829424094836397
140,3968.203125,"[0.125, 0.4375, 0.25, 0.0, 0.140625, 0.09375, 0.15625, 0.65625, 0.1875, 0.0625, 0.0625, 0.015625, 0.125, 0.078125, 0.125, 0.5, 0.5625, 0.0625, 0.328125, 0.171875, 0.0078125]","[0.09375, 0.25, 0.125, 0.0, 0.0703125, 0.046875, 0.15625, 0.328125, 0.125, 0.0625, 0.125, 0.0078125, 0.0625, 0.078125, 0.0625, 0.3125, 0.28125, 0.09375, 0.1640625, 0.0859375, 0.0078125]",[53],0.9385108759083405,0.7829424094836397
141,3948.4375,"[0.125, 0.4375, 0.25, 0.0, 0.140625, 0.09375, 0.15625, 0.65625, 0.1875, 0.0625, 0.0625, 0.015625, 0.125, 0.078125, 0.125, 0.5, 0.5625, 0.0625, 0.328125, 0.171875, 0.015625]","[0.09375, 0.25, 0.125, 0.0, 0.0703125, 0.046875, 0.15625, 0.328125, 0.125, 0.0625, 0.125, 0.0078125, 0.0625, 0.078125, 0.0625, 0.3125, 0.28125, 0.09375, 0.1640625, 0.0859375, 0.015625]",[54],0.9348589299121901,0.7769884760239295
142,3987.8125,"[0.125, 0.4375, 0.25, 0.0, 0.140625, 0.09375, 0.15625, 0.71875, 0.1875, 0.0625, 0.0625, 0.015625, 0.125, 0.078125, 0.125, 0.5, 0.5625, 0.0625, 0.328125, 0.171875, 0.015625]","[0.09375, 0.25, 0.125, 0.0, 0.0703125, 0.046875, 0.15625, 0.359375, 0.125, 0.0625, 0.125, 0.0078125, 0.0625, 0.078125, 0.0625, 0.3125, 0.28125, 0.09375, 0.1640625, 0.0859375, 0.015625]",[55],0.9592950086288612,0.7955800766750032
143,4067.1875,"[0.125, 0.4375, 0.25, 0.0, 0.203125, 0.09375, 0.15625, 0.71875, 0.1875, 0.0625, 0.0625, 0.015625, 0.125, 0.078125, 0.125, 0.5, 0.5625, 0.0625, 0.328125, 0.171875, 0.015625]","[0.09375, 0.25, 0.125, 0.0, 0.1015625, 0.046875, 0.15625, 0.359375, 0.125, 0.0625, 0.125, 0.0078125, 0.0625, 0.078125, 0.0625, 0.3125, 0.28125, 0.09375, 0.1640625, 0.0859375, 0.015625]",[56],0.9429769906985782,0.7814313900723268
144,4224.6875,"[0.125, 0.4375, 0.25, 0.0, 0.1875, 0.09375, 0.15625, 0.71875, 0.1875, 0.0625, 0.0625, 0.015625, 0.125, 0.078125, 0.125, 0.5, 0.5625, 0.0625, 0.328125, 0.171875, 0.015625]","[0.09375, 0.25, 0.125, 0.0, 0.09375, 0.046875, 0.15625, 0.359375, 0.125, 0.0625, 0.125, 0.0078125, 0.0625, 0.078125, 0.0625, 0.3125, 0.28125, 0.09375, 0.1640625, 0.0859375, 0.015625]",[36],0.9465870535102429,0.7845945204591398
145,4086.71875,"[0.125, 0.4375, 0.25, 0.0, 0.1875, 0.09375, 0.15625, 0.71875, 0.1875, 0.125, 0.0625, 0.015625, 0.125, 0.078125, 0.125, 0.5, 0.5625, 0.0625, 0.328125, 0.171875, 0.015625]","[0.09375, 0.25, 0.125, 0.0, 0.09375, 0.046875, 0.15625, 0.359375, 0.125, 0.125, 0.125, 0.0078125, 0.0625, 0.078125, 0.0625, 0.3125, 0.28125, 0.09375, 0.1640625, 0.0859375, 0.015625]",[56],0.9245543045545804,0.7585167428798278
146,4106.640625,"[0.125, 0.4375, 0.25, 0.0, 0.1875, 0.09375, 0.1640625, 0.71875, 0.1875, 0.125, 0.0625, 0.015625, 0.125, 0.078125, 0.125, 0.5, 0.5625, 0.0625, 0.328125, 0.171875, 0.015625]","[0.09375, 0.25, 0.125, 0.0, 0.09375, 0.046875, 0.1640625, 0.359375, 0.125, 0.125, 0.125, 0.0078125, 0.0625, 0.078125, 0.0625, 0.3125, 0.28125, 0.09375, 0.1640625, 0.0859375, 0.015625]",[57],0.9224521369545408,0.7573042967569438
147,4146.015625,"[0.125, 0.5, 0.25, 0.0, 0.1875, 0.09375, 0.1640625, 0.71875, 0.1875, 0.125, 0.0625, 0.015625, 0.125, 0.078125, 0.125, 0.5, 0.5625, 0.0625, 0.328125, 0.171875, 0.015625]","[0.09375, 0.28125, 0.125, 0.0, 0.09375, 0.046875, 0.1640625, 0.359375, 0.125, 0.125, 0.125, 0.0078125, 0.0625, 0.078125, 0.0625, 0.3125, 0.28125, 0.09375, 0.1640625, 0.0859375, 0.015625]",[58],0.9285970746397261,0.7648864543501743
148,4224.765625,"[0.125, 0.5, 0.375, 0.0, 0.1875, 0.09375, 0.1640625, 0.71875, 0.1875, 0.125, 0.0625, 0.015625, 0.125, 0.078125, 0.125, 0.5, 0.5625, 0.0625, 0.328125, 0.171875, 0.015625]","[0.09375, 0.28125, 0.1875, 0.0, 0.09375, 0.046875, 0.1640625, 0.359375, 0.125, 0.125, 0.125, 0.0078125, 0.0625, 0.078125, 0.0625, 0.3125, 0.28125, 0.09375, 0.1640625, 0.0859375, 0.015625]",[59],0.9170447765879616,0.7535545694450241
149,4383.515625,"[0.125, 0.5, 0.375, 0.0, 0.1875, 0.09375, 0.1015625, 0.71875, 0.1875, 0.125, 0.0625, 0.015625, 0.125, 0.078125, 0.125, 0.5, 0.5625, 0.0625, 0.328125, 0.171875, 0.015625]","[0.09375, 0.28125, 0.1875, 0.0, 0.09375, 0.046875, 0.1015625, 0.359375, 0.125, 0.125, 0.125, 0.0078125, 0.0625, 0.078125, 0.0625, 0.3125, 0.28125, 0.09375, 0.1640625, 0.0859375, 0.015625]",[29],0.935627653635448,0.7703708296718723
150,4105.078125,"[0.125, 0.5, 0.375, 0.03125, 0.1875, 0.09375, 0.1015625, 0.71875, 0.1875, 0.125, 0.0625, 0.015625, 0.125, 0.078125, 0.125, 0.5, 0.5625, 0.0625, 0.328125, 0.171875, 0.015625]","[0.09375, 0.28125, 0.1875, 0.0625, 0.09375, 0.046875, 0.1015625, 0.359375, 0.125, 0.125, 0.125, 0.0078125, 0.0625, 0.078125, 0.0625, 0.3125, 0.28125, 0.09375, 0.1640625, 0.0859375, 0.015625]",[59],0.9221787302828077,0.7300606857015708
151,4125.0,"[0.125, 0.5, 0.375, 0.03125, 0.1875, 0.09375, 0.1015625, 0.71875, 0.1875, 0.125, 0.0625, 0.015625, 0.125, 0.0859375, 0.125, 0.5, 0.5625, 0.0625, 0.328125, 0.171875, 0.015625]","[0.09375, 0.28125, 0.1875, 0.0625, 0.09375, 0.046875, 0.1015625, 0.359375, 0.125, 0.125, 0.125, 0.0078125, 0.0625, 0.0859375, 0.0625, 0.3125, 0.28125, 0.09375, 0.1640625, 0.0859375, 0.015625]",[60],0.9194146783113941,0.7265421661149661
152,4164.375,"[0.125, 0.5625, 0.375, 0.03125, 0.1875, 0.09375, 0.1015625, 0.71875, 0.1875, 0.125, 0.0625, 0.015625, 0.125, 0.0859375, 0.125, 0.5, 0.5625, 0.0625, 0.265625, 0.171875, 0.015625]","[0.09375, 0.3125, 0.1875, 0.0625, 0.09375, 0.046875, 0.1015625, 0.359375, 0.125, 0.125, 0.125, 0.0078125, 0.0625, 0.0859375, 0.0625, 0.3125, 0.28125, 0.09375, 0.1328125, 0.0859375, 0.015625]",[15],0.935791266863978,0.7437686649882803
153,4164.375,"[0.125, 0.5625, 0.375, 0.03125, 0.1875, 0.09375, 0.1015625, 0.71875, 0.1875, 0.125, 0.0625, 0.015625, 0.125, 0.0859375, 0.125, 0.5, 0.5625, 0.0625, 0.265625, 0.171875, 0.015625]","[0.09375, 0.3125, 0.1875, 0.0625, 0.09375, 0.046875, 0.1015625, 0.359375, 0.125, 0.125, 0.125, 0.0078125, 0.0625, 0.0859375, 0.0625, 0.3125, 0.28125, 0.09375, 0.1328125, 0.0859375, 0.015625]",[15],0.935791266863978,0.7437686649882803
154,4242.5,"[0.125, 0.5625, 0.375, 0.03125, 0.1875, 0.09375, 0.1015625, 0.71875, 0.1875, 0.125, 0.0625, 0.015625, 0.125, 0.0859375, 0.125, 0.75, 0.5625, 0.0625, 0.265625, 0.171875, 0.015625]","[0.09375, 0.3125, 0.1875, 0.0625, 0.09375, 0.046875, 0.1015625, 0.359375, 0.125, 0.125, 0.125, 0.0078125, 0.0625, 0.0859375, 0.0625, 0.4375, 0.28125, 0.09375, 0.1328125, 0.0859375, 0.015625]",[61],0.9870750821481536,0.8102230397578826
155,4282.1875,"[0.125, 0.5625, 0.375, 0.03125, 0.1875, 0.09375, 0.1015625, 0.71875, 0.1875, 0.125, 0.0625, 0.015625, 0.125, 0.0859375, 0.125, 0.75, 0.5625, 0.09375, 0.265625, 0.171875, 0.015625]","[0.09375, 0.3125, 0.1875, 0.0625, 0.09375, 0.046875, 0.1015625, 0.359375, 0.125, 0.125, 0.125, 0.0078125, 0.0625, 0.0859375, 0.0625, 0.4375, 0.28125, 0.15625, 0.1328125, 0.0859375, 0.015625]",[62],0.976257621735113,0.790377309548307
156,4301.875,"[0.125, 0.5625, 0.375, 0.03125, 0.1875, 0.09375, 0.1015625, 0.75, 0.1875, 0.125, 0.0625, 0.015625, 0.125, 0.0859375, 0.125, 0.75, 0.5625, 0.09375, 0.265625, 0.171875, 0.015625]","[0.09375, 0.3125, 0.1875, 0.0625, 0.09375, 0.046875, 0.1015625, 0.375, 0.125, 0.125, 0.125, 0.0078125, 0.0625, 0.0859375, 0.0625, 0.4375, 0.28125, 0.15625, 0.1328125, 0.0859375, 0.015625]",[63],0.9845882939679174,0.7967943710660484
157,4341.71875,"[0.125, 0.5625, 0.25, 0.03125, 0.1875, 0.09375, 0.1171875, 0.75, 0.1875, 0.125, 0.0625, 0.015625, 0.125, 0.0703125, 0.125, 0.625, 0.5625, 0.09375, 0.265625, 0.171875, 0.015625]","[0.09375, 0.3125, 0.125, 0.0625, 0.09375, 0.046875, 0.1171875, 0.375, 0.125, 0.125, 0.125, 0.0078125, 0.0625, 0.0703125, 0.0625, 0.375, 0.28125, 0.15625, 0.1328125, 0.0859375, 0.015625]",[2],0.9695017369451051,0.7760730378676259
158,4223.125,"[0.125, 0.5625, 0.25, 0.03125, 0.1875, 0.09375, 0.1171875, 0.75, 0.1875, 0.125, 0.0625, 0.015625, 0.125, 0.0703125, 0.125, 0.625, 0.5625, 0.09375, 0.265625, 0.171875, 0.015625]","[0.09375, 0.3125, 0.125, 0.0625, 0.09375, 0.046875, 0.1171875, 0.375, 0.125, 0.125, 0.125, 0.0078125, 0.0625, 0.0703125, 0.0625, 0.375, 0.28125, 0.15625, 0.1328125, 0.0859375, 0.015625]",[2],0.9695017369451051,0.7760730378676259
159,4303.125,"[0.125, 0.5625, 0.25, 0.03125, 0.1875, 0.09375, 0.1171875, 0.71875, 0.1875, 0.125, 0.0625, 0.140625, 0.125, 0.0703125, 0.125, 0.625, 0.5625, 0.09375, 0.265625, 0.171875, 0.015625]","[0.09375, 0.3125, 0.125, 0.0625, 0.09375, 0.046875, 0.1171875, 0.359375, 0.125, 0.125, 0.125, 0.0703125, 0.0625, 0.0703125, 0.0625, 0.375, 0.28125, 0.15625, 0.1328125, 0.0859375, 0.015625]",[8],0.9149112086461285,0.7310299033035372
160,4323.28125,"[0.125, 0.5625, 0.25, 0.03125, 0.1875, 0.09375, 0.1171875, 0.71875, 0.1875, 0.125, 0.0625, 0.140625, 0.125, 0.0859375, 0.125, 0.625, 0.5625, 0.09375, 0.265625, 0.171875, 0.015625]","[0.09375, 0.3125, 0.125, 0.0625, 0.09375, 0.046875, 0.1171875, 0.359375, 0.125, 0.125, 0.125, 0.0703125, 0.0625, 0.1015625, 0.0625, 0.375, 0.28125, 0.15625, 0.1328125, 0.0859375, 0.015625]",[58],0.9094745690111106,0.7176257148867135
161,4342.96875,"[0.125, 0.5625, 0.25, 0.03125, 0.1875, 0.09375, 0.1171875, 0.71875, 0.1875, 0.125, 0.0625, 0.140625, 0.125, 0.0859375, 0.125, 0.625, 0.5625, 0.09375, 0.265625, 0.171875, 0.015625]","[0.09375, 0.3125, 0.125, 0.0625, 0.09375, 0.046875, 0.1171875, 0.359375, 0.125, 0.125, 0.125, 0.0703125, 0.0625, 0.1015625, 0.0625, 0.375, 0.28125, 0.15625, 0.1328125, 0.0859375, 0.015625]",[58],0.9094745690111106,0.7176257148867135
162,4362.96875,"[0.125, 0.5625, 0.25, 0.0625, 0.1875, 0.09375, 0.1171875, 0.71875, 0.1875, 0.125, 0.0625, 0.140625, 0.125, 0.0859375, 0.125, 0.625, 0.5625, 0.09375, 0.265625, 0.171875, 0.015625]","[0.09375, 0.3125, 0.125, 0.09375, 0.09375, 0.046875, 0.1171875, 0.359375, 0.125, 0.125, 0.125, 0.0703125, 0.0625, 0.1015625, 0.0625, 0.375, 0.28125, 0.15625, 0.1328125, 0.0859375, 0.015625]",[62],0.8976219150466072,0.7034718429745579
163,4441.71875,"[0.125, 0.5625, 0.375, 0.0625, 0.1875, 0.09375, 0.1171875, 0.71875, 0.1875, 0.125, 0.0625, 0.140625, 0.125, 0.0859375, 0.125, 0.625, 0.5625, 0.09375, 0.265625, 0.171875, 0.015625]","[0.09375, 0.3125, 0.1875, 0.09375, 0.09375, 0.046875, 0.1171875, 0.359375, 0.125, 0.125, 0.125, 0.0703125, 0.0625, 0.1015625, 0.0625, 0.375, 0.28125, 0.15625, 0.1328125, 0.0859375, 0.015625]",[64],0.8853336253865961,0.6917926051883134
164,4599.21875,"[0.125, 0.5625, 0.375, 0.0625, 0.1875, 0.09375, 0.1171875, 0.71875, 0.1875, 0.125, 0.0625, 0.140625, 0.125, 0.0859375, 0.125, 0.625, 0.5625, 0.09375, 0.265625, 0.171875, 0.015625]","[0.09375, 0.3125, 0.1875, 0.09375, 0.09375, 0.046875, 0.1171875, 0.359375, 0.125, 0.125, 0.125, 0.0703125, 0.0625, 0.1015625, 0.0625, 0.375, 0.28125, 0.15625, 0.1328125, 0.0859375, 0.015625]",[64],0.8853336253865961,0.6917926051883134
165,4481.40625,"[0.125, 0.5625, 0.375, 0.03125, 0.1875, 0.09375, 0.1171875, 0.71875, 0.1875, 0.125, 0.0625, 0.140625, 0.125, 0.0859375, 0.125, 0.625, 0.5625, 0.09375, 0.265625, 0.171875, 0.015625]","[0.09375, 0.3125, 0.1875, 0.03125, 0.09375, 0.046875, 0.1171875, 0.359375, 0.125, 0.125, 0.125, 0.0703125, 0.0625, 0.1015625, 0.0625, 0.375, 0.28125, 0.15625, 0.1328125, 0.0859375, 0.015625]",[29],0.8969166425933286,0.7231477123504253
166,4421.875,"[0.125, 0.5625, 0.375, 0.03125, 0.1875, 0.09375, 0.1171875, 0.71875, 0.1875, 0.125, 0.0625, 0.140625, 0.125, 0.0859375, 0.125, 0.625, 0.5625, 0.09375, 0.265625, 0.171875, 0.015625]","[0.09375, 0.3125, 0.1875, 0.03125, 0.09375, 0.046875, 0.1171875, 0.359375, 0.125, 0.125, 0.125, 0.0703125, 0.0625, 0.1015625, 0.0625, 0.375, 0.28125, 0.15625, 0.1328125, 0.0859375, 0.015625]",[29],0.8969166425933286,0.7231477123504253
167,4441.875,"[0.125, 0.5625, 0.375, 0.03125, 0.1875, 0.09375, 0.1171875, 0.71875, 0.1875, 0.125, 0.0625, 0.140625, 0.125, 0.1015625, 0.125, 0.625, 0.5625, 0.09375, 0.265625, 0.171875, 0.015625]","[0.09375, 0.3125, 0.1875, 0.03125, 0.09375, 0.046875, 0.1171875, 0.359375, 0.125, 0.125, 0.125, 0.0703125, 0.0625, 0.1171875, 0.0625, 0.375, 0.28125, 0.15625, 0.1328125, 0.0859375, 0.015625]",[64],0.8918619010425812,0.7177026056759586
168,4521.25,"[0.125, 0.5625, 0.375, 0.03125, 0.1875, 0.09375, 0.1171875, 0.46875, 0.1875, 0.125, 0.0625, 0.140625, 0.125, 0.1015625, 0.09375, 0.625, 0.5625, 0.09375, 0.328125, 0.171875, 0.015625]","[0.09375, 0.3125, 0.1875, 0.03125, 0.09375, 0.046875, 0.1171875, 0.234375, 0.125, 0.125, 0.125, 0.0703125, 0.0625, 0.1171875, 0.046875, 0.375, 0.28125, 0.15625, 0.1640625, 0.0859375, 0.015625]",[18],0.8397469423068492,0.6801736153186371
169,4501.5625,"[0.125, 0.5625, 0.375, 0.03125, 0.1875, 0.09375, 0.1171875, 0.46875, 0.1875, 0.125, 0.0625, 0.140625, 0.125, 0.1015625, 0.09375, 0.625, 0.5625, 0.09375, 0.328125, 0.171875, 0.015625]","[0.09375, 0.3125, 0.1875, 0.03125, 0.09375, 0.046875, 0.1171875, 0.234375, 0.125, 0.125, 0.125, 0.0703125, 0.0625, 0.1171875, 0.046875, 0.375, 0.28125, 0.15625, 0.1640625, 0.0859375, 0.015625]",[18],0.8397469423068492,0.6801736153186371
170,4383.4375,"[0.125, 0.5625, 0.375, 0.03125, 0.1875, 0.09375, 0.1171875, 0.46875, 0.1875, 0.125, 0.0625, 0.140625, 0.125, 0.1015625, 0.09375, 0.625, 0.5625, 0.09375, 0.328125, 0.171875, 0.015625]","[0.09375, 0.3125, 0.1875, 0.03125, 0.09375, 0.046875, 0.1171875, 0.234375, 0.125, 0.125, 0.125, 0.0703125, 0.0625, 0.1171875, 0.046875, 0.375, 0.28125, 0.15625, 0.1640625, 0.0859375, 0.015625]",[18],0.8397469423068492,0.6801736153186371
171,4363.984375,"[0.125, 0.5625, 0.375, 0.03125, 0.1875, 0.09375, 0.1171875, 0.46875, 0.1875, 0.125, 0.0625, 0.140625, 0.125, 0.1015625, 0.09375, 0.625, 0.5625, 0.09375, 0.328125, 0.171875, 0.015625]","[0.09375, 0.3125, 0.1875, 0.03125, 0.09375, 0.046875, 0.1171875, 0.234375, 0.125, 0.125, 0.125, 0.0703125, 0.0625, 0.1171875, 0.046875, 0.375, 0.28125, 0.15625, 0.1640625, 0.0859375, 0.015625]",[18],0.8397469423068492,0.6801736153186371
172,4383.4375,"[0.125, 0.5625, 0.375, 0.03125, 0.1875, 0.09375, 0.1171875, 0.46875, 0.1875, 0.125, 0.0625, 0.140625, 0.125, 0.1015625, 0.09375, 0.625, 0.5625, 0.09375, 0.328125, 0.171875, 0.015625]","[0.09375, 0.3125, 0.1875, 0.03125, 0.09375, 0.046875, 0.1171875, 0.234375, 0.125, 0.125, 0.125, 0.0703125, 0.0625, 0.1171875, 0.046875, 0.375, 0.28125, 0.15625, 0.1640625, 0.0859375, 0.015625]",[18],0.8397469423068492,0.6801736153186371
173,4423.4375,"[0.125, 0.5625, 0.375, 0.03125, 0.1875, 0.09375, 0.1171875, 0.46875, 0.1875, 0.125, 0.0625, 0.140625, 0.125, 0.1015625, 0.09375, 0.625, 0.5625, 0.09375, 0.328125, 0.171875, 0.015625]","[0.09375, 0.3125, 0.1875, 0.03125, 0.09375, 0.046875, 0.1171875, 0.234375, 0.125, 0.125, 0.125, 0.0703125, 0.0625, 0.1171875, 0.046875, 0.375, 0.28125, 0.15625, 0.1640625, 0.0859375, 0.015625]",[18],0.8397469423068492,0.6801736153186371
174,4501.5625,"[0.125, 0.5625, 0.375, 0.03125, 0.1875, 0.09375, 0.1171875, 0.46875, 0.1875, 0.125, 0.0625, 0.140625, 0.125, 0.1015625, 0.09375, 0.625, 0.5625, 0.09375, 0.328125, 0.171875, 0.015625]","[0.09375, 0.3125, 0.1875, 0.03125, 0.09375, 0.046875, 0.1171875, 0.234375, 0.125, 0.125, 0.125, 0.0703125, 0.0625, 0.1171875, 0.046875, 0.375, 0.28125, 0.15625, 0.1640625, 0.0859375, 0.015625]",[18],0.8397469423068492,0.6801736153186371
175,4383.75,"[0.125, 0.5625, 0.375, 0.03125, 0.0625, 0.09375, 0.1171875, 0.46875, 0.1875, 0.125, 0.0625, 0.140625, 0.125, 0.1015625, 0.09375, 0.625, 0.5625, 0.09375, 0.328125, 0.171875, 0.015625]","[0.09375, 0.3125, 0.1875, 0.03125, 0.03125, 0.046875, 0.1171875, 0.234375, 0.125, 0.125, 0.125, 0.0703125, 0.0625, 0.1171875, 0.046875, 0.375, 0.28125, 0.15625, 0.1640625, 0.0859375, 0.015625]",[18],0.8769499834151904,0.7125258895557539
176,4205.0,"[0.125, 0.5, 0.375, 0.03125, 0.0625, 0.09375, 0.1171875, 0.46875, 0.1875, 0.125, 0.0625, 0.140625, 0.125, 0.1015625, 0.09375, 0.625, 0.5625, 0.09375, 0.328125, 0.171875, 0.015625]","[0.09375, 0.28125, 0.1875, 0.03125, 0.03125, 0.046875, 0.1171875, 0.234375, 0.125, 0.125, 0.125, 0.0703125, 0.0625, 0.1171875, 0.046875, 0.375, 0.28125, 0.15625, 0.1640625, 0.0859375, 0.015625]",[18],0.8647285091853149,0.7008595623699825
177,4185.78125,"[0.125, 0.5, 0.375, 0.03125, 0.0625, 0.09375, 0.1171875, 0.46875, 0.1875, 0.125, 0.0625, 0.140625, 0.125, 0.1015625, 0.09375, 0.625, 0.5625, 0.09375, 0.328125, 0.171875, 0.015625]","[0.09375, 0.28125, 0.1875, 0.03125, 0.03125, 0.046875, 0.1171875, 0.234375, 0.125, 0.125, 0.125, 0.0703125, 0.0625, 0.1171875, 0.046875, 0.375, 0.28125, 0.15625, 0.1640625, 0.0859375, 0.015625]",[18],0.8647285091853149,0.7008595623699825
178,4224.6875,"[0.125, 0.5, 0.375, 0.03125, 0.0625, 0.09375, 0.1171875, 0.46875, 0.1875, 0.125, 0.0625, 0.140625, 0.125, 0.1015625, 0.09375, 0.625, 0.6875, 0.09375, 0.328125, 0.171875, 0.015625]","[0.09375, 0.28125, 0.1875, 0.03125, 0.03125, 0.046875, 0.1171875, 0.234375, 0.125, 0.125, 0.125, 0.0703125, 0.0625, 0.1171875, 0.046875, 0.375, 0.34375, 0.15625, 0.1640625, 0.0859375, 0.015625]",[39],0.9013696804487836,0.7267716781417586
179,4382.1875,"[0.125, 0.5, 0.375, 0.03125, 0.0625, 0.09375, 0.1171875, 0.46875, 0.1875, 0.125, 0.0625, 0.140625, 0.125, 0.1015625, 0.34375, 0.625, 0.6875, 0.09375, 0.328125, 0.171875, 0.015625]","[0.09375, 0.28125, 0.1875, 0.03125, 0.03125, 0.046875, 0.1171875, 0.234375, 0.125, 0.125, 0.125, 0.0703125, 0.0625, 0.1171875, 0.171875, 0.375, 0.34375, 0.15625, 0.1640625, 0.0859375, 0.015625]",[43],0.8534387400056656,0.6836574033013888
180,4421.875,"[0.125, 0.5, 0.375, 0.03125, 0.0625, 0.09375, 0.1171875, 0.46875, 0.1875, 0.125, 0.0625, 0.140625, 0.125, 0.1015625, 0.34375, 0.625, 0.6875, 0.125, 0.328125, 0.171875, 0.015625]","[0.09375, 0.28125, 0.1875, 0.03125, 0.03125, 0.046875, 0.1171875, 0.234375, 0.125, 0.125, 0.125, 0.0703125, 0.0625, 0.1171875, 0.171875, 0.375, 0.34375, 0.21875, 0.1640625, 0.0859375, 0.015625]",[60],0.8439091797462428,0.6791098828310163
181,4441.5625,"[0.125, 0.5, 0.375, 0.03125, 0.0625, 0.09375, 0.1171875, 0.46875, 0.1875, 0.125, 0.0625, 0.140625, 0.125, 0.1015625, 0.34375, 0.625, 0.6875, 0.125, 0.328125, 0.171875, 0.015625]","[0.09375, 0.28125, 0.1875, 0.03125, 0.03125, 0.046875, 0.1171875, 0.234375, 0.125, 0.125, 0.125, 0.0703125, 0.0625, 0.1171875, 0.171875, 0.375, 0.34375, 0.21875, 0.1640625, 0.0859375, 0.015625]",[60],0.8439091797462428,0.6791098828310163
182,4461.25,"[0.125, 0.5, 0.4375, 0.03125, 0.0625, 0.09375, 0.1171875, 0.46875, 0.1875, 0.125, 0.0625, 0.140625, 0.125, 0.1015625, 0.34375, 0.625, 0.6875, 0.125, 0.328125, 0.171875, 0.015625]","[0.09375, 0.28125, 0.21875, 0.03125, 0.03125, 0.046875, 0.1171875, 0.234375, 0.125, 0.125, 0.125, 0.0703125, 0.0625, 0.1171875, 0.171875, 0.375, 0.34375, 0.21875, 0.1640625, 0.0859375, 0.015625]",[65],0.844650106123919,0.6782462107792456
183,4540.0,"[0.125, 0.5, 0.4375, 0.03125, 0.0625, 0.09375, 0.1171875, 0.46875, 0.1875, 0.125, 0.0625, 0.140625, 0.125, 0.1015625, 0.46875, 0.625, 0.6875, 0.125, 0.328125, 0.171875, 0.015625]","[0.09375, 0.28125, 0.21875, 0.03125, 0.03125, 0.046875, 0.1171875, 0.234375, 0.125, 0.125, 0.125, 0.0703125, 0.0625, 0.1171875, 0.234375, 0.375, 0.34375, 0.21875, 0.1640625, 0.0859375, 0.015625]",[66],0.8450713033895424,0.6759673092629488
184,4698.75,"[0.125, 0.5, 0.4375, 0.03125, 0.0625, 0.09375, 0.1171875, 0.46875, 0.1875, 0.125, 0.0625, 0.140625, 0.125, 0.1015625, 0.46875, 0.625, 0.6875, 0.125, 0.328125, 0.171875, 0.015625]","[0.09375, 0.28125, 0.21875, 0.03125, 0.03125, 0.046875, 0.1171875, 0.234375, 0.125, 0.125, 0.125, 0.0703125, 0.0625, 0.1171875, 0.234375, 0.375, 0.34375, 0.21875, 0.1640625, 0.0859375, 0.015625]",[66],0.8450713033895424,0.6759673092629488
185,4579.375,"[0.125, 0.5, 0.4375, 0.03125, 0.0625, 0.09375, 0.1171875, 0.46875, 0.1875, 0.125, 0.0625, 0.140625, 0.125, 0.1015625, 0.46875, 0.6875, 0.6875, 0.125, 0.328125, 0.171875, 0.015625]","[0.09375, 0.28125, 0.21875, 0.03125, 0.03125, 0.046875, 0.1171875, 0.234375, 0.125, 0.125, 0.125, 0.0703125, 0.0625, 0.1171875, 0.234375, 0.4375, 0.34375, 0.21875, 0.1640625, 0.0859375, 0.015625]",[67],0.8598241411629276,0.7111228996615503
186,4599.0625,"[0.125, 0.5, 0.4375, 0.03125, 0.0625, 0.09375, 0.1171875, 0.46875, 0.1875, 0.125, 0.0625, 0.140625, 0.125, 0.1015625, 0.46875, 0.6875, 0.6875, 0.125, 0.328125, 0.171875, 0.015625]","[0.09375, 0.28125, 0.21875, 0.03125, 0.03125, 0.046875, 0.1171875, 0.234375, 0.125, 0.125, 0.125, 0.0703125, 0.0625, 0.1171875, 0.234375, 0.4375, 0.34375, 0.21875, 0.1640625, 0.0859375, 0.015625]",[67],0.8598241411629276,0.7111228996615503
187,4619.21875,"[0.125, 0.5, 0.4375, 0.03125, 0.0625, 0.09375, 0.1328125, 0.46875, 0.1875, 0.125, 0.0625, 0.140625, 0.125, 0.1015625, 0.46875, 0.6875, 0.6875, 0.125, 0.328125, 0.171875, 0.015625]","[0.09375, 0.28125, 0.21875, 0.03125, 0.03125, 0.046875, 0.1328125, 0.234375, 0.125, 0.125, 0.125, 0.0703125, 0.0625, 0.1171875, 0.234375, 0.4375, 0.34375, 0.21875, 0.1640625, 0.0859375, 0.015625]",[68],0.8554482544118794,0.7064280123141765
188,4697.96875,"[0.25, 0.375, 0.4375, 0.03125, 0.0625, 0.09375, 0.1328125, 0.40625, 0.1875, 0.125, 0.0625, 0.140625, 0.125, 0.1015625, 0.46875, 0.6875, 0.6875, 0.125, 0.328125, 0.171875, 0.015625]","[0.15625, 0.21875, 0.21875, 0.03125, 0.03125, 0.046875, 0.1328125, 0.203125, 0.125, 0.125, 0.125, 0.0703125, 0.0625, 0.1171875, 0.234375, 0.4375, 0.34375, 0.21875, 0.1640625, 0.0859375, 0.015625]",[13],0.8230403427003377,0.6836251844216183
189,4738.59375,"[0.25, 0.375, 0.4375, 0.03125, 0.1875, 0.09375, 0.1328125, 0.40625, 0.1875, 0.125, 0.0625, 0.140625, 0.125, 0.1015625, 0.46875, 0.6875, 0.6875, 0.125, 0.328125, 0.171875, 0.015625]","[0.15625, 0.21875, 0.21875, 0.03125, 0.09375, 0.046875, 0.1328125, 0.203125, 0.125, 0.125, 0.125, 0.0703125, 0.0625, 0.1171875, 0.234375, 0.4375, 0.34375, 0.21875, 0.1640625, 0.0859375, 0.015625]",[51],0.7884448094928682,0.6533044824809705
190,4778.4375,"[0.25, 0.375, 0.4375, 0.03125, 0.1875, 0.09375, 0.1328125, 0.40625, 0.1875, 0.125, 0.0625, 0.140625, 0.125, 0.1171875, 0.40625, 0.6875, 0.6875, 0.125, 0.328125, 0.171875, 0.015625]","[0.15625, 0.21875, 0.21875, 0.03125, 0.09375, 0.046875, 0.1328125, 0.203125, 0.125, 0.125, 0.125, 0.0703125, 0.0625, 0.1484375, 0.203125, 0.4375, 0.34375, 0.21875, 0.1640625, 0.0859375, 0.015625]",[21],0.7811101393496783,0.6449592403539135
191,4758.75,"[0.25, 0.375, 0.4375, 0.03125, 0.1875, 0.09375, 0.1328125, 0.40625, 0.1875, 0.15625, 0.0625, 0.140625, 0.125, 0.1171875, 0.40625, 0.6875, 0.6875, 0.125, 0.328125, 0.171875, 0.015625]","[0.15625, 0.21875, 0.21875, 0.03125, 0.09375, 0.046875, 0.1328125, 0.203125, 0.125, 0.140625, 0.125, 0.0703125, 0.0625, 0.1484375, 0.203125, 0.4375, 0.34375, 0.21875, 0.1640625, 0.0859375, 0.015625]",[69],0.7730357128011056,0.640818898365404
192,4798.125,"[0.25, 0.375, 0.4375, 0.03125, 0.1875, 0.09375, 0.1328125, 0.40625, 0.1875, 0.15625, 0.0625, 0.140625, 0.125, 0.1171875, 0.40625, 0.6875, 0.6875, 0.125, 0.328125, 0.171875, 0.015625]","[0.15625, 0.21875, 0.21875, 0.03125, 0.09375, 0.046875, 0.1328125, 0.203125, 0.125, 0.140625, 0.125, 0.0703125, 0.0625, 0.1484375, 0.203125, 0.4375, 0.34375, 0.21875, 0.1640625, 0.0859375, 0.015625]",[69],0.7730357128011056,0.640818898365404
193,4838.125,"[0.25, 0.375, 0.4375, 0.03125, 0.1875, 0.09375, 0.1328125, 0.40625, 0.1875, 0.15625, 0.0625, 0.140625, 0.125, 0.1171875, 0.40625, 0.6875, 0.6875, 0.125, 0.390625, 0.171875, 0.015625]","[0.15625, 0.21875, 0.21875, 0.03125, 0.09375, 0.046875, 0.1328125, 0.203125, 0.125, 0.140625, 0.125, 0.0703125, 0.0625, 0.1484375, 0.203125, 0.4375, 0.34375, 0.21875, 0.1953125, 0.0859375, 0.015625]",[70],0.7709578444816387,0.6370661160327908
194,4996.875,"[0.25, 0.375, 0.4375, 0.03125, 0.1875, 0.09375, 0.1328125, 0.40625, 0.1875, 0.15625, 0.0625, 0.140625, 0.125, 0.1171875, 0.40625, 0.6875, 0.6875, 0.125, 0.390625, 0.171875, 0.015625]","[0.15625, 0.21875, 0.21875, 0.03125, 0.09375, 0.046875, 0.1328125, 0.203125, 0.125, 0.140625, 0.125, 0.0703125, 0.0625, 0.1484375, 0.203125, 0.4375, 0.34375, 0.21875, 0.1953125, 0.0859375, 0.015625]",[70],0.7709578444816387,0.6370661160327908
195,4877.5,"[0.3125, 0.375, 0.4375, 0.03125, 0.1875, 0.09375, 0.1328125, 0.40625, 0.1875, 0.15625, 0.0625, 0.140625, 0.125, 0.1171875, 0.40625, 0.6875, 0.6875, 0.125, 0.390625, 0.171875, 0.015625]","[0.21875, 0.21875, 0.21875, 0.03125, 0.09375, 0.046875, 0.1328125, 0.203125, 0.125, 0.140625, 0.125, 0.0703125, 0.0625, 0.1484375, 0.203125, 0.4375, 0.34375, 0.21875, 0.1953125, 0.0859375, 0.015625]",[71],0.7638235000873659,0.6307900687839755
196,4897.421875,"[0.3125, 0.375, 0.4375, 0.03125, 0.1875, 0.09375, 0.1328125, 0.40625, 0.1875, 0.15625, 0.0625, 0.140625, 0.125, 0.1015625, 0.40625, 0.6875, 0.6875, 0.125, 0.390625, 0.171875, 0.0234375]","[0.21875, 0.21875, 0.21875, 0.03125, 0.09375, 0.046875, 0.1328125, 0.203125, 0.125, 0.140625, 0.125, 0.0703125, 0.0625, 0.1328125, 0.203125, 0.4375, 0.34375, 0.21875, 0.1953125, 0.0859375, 0.0234375]",[29],0.7653566042537387,0.6298520580449621
197,4897.265625,"[0.3125, 0.375, 0.4375, 0.0625, 0.1875, 0.09375, 0.1328125, 0.40625, 0.1875, 0.15625, 0.0625, 0.140625, 0.125, 0.1015625, 0.40625, 0.6875, 0.6875, 0.125, 0.390625, 0.171875, 0.0234375]","[0.21875, 0.21875, 0.21875, 0.0625, 0.09375, 0.046875, 0.1328125, 0.203125, 0.125, 0.140625, 0.125, 0.0703125, 0.0625, 0.1328125, 0.203125, 0.4375, 0.34375, 0.21875, 0.1953125, 0.0859375, 0.0234375]",[72],0.7544828987090725,0.6134335359945261
198,4976.015625,"[0.3125, 0.375, 0.4375, 0.0625, 0.1875, 0.09375, 0.1328125, 0.40625, 0.1875, 0.15625, 0.0625, 0.140625, 0.125, 0.1015625, 0.40625, 0.6875, 0.6875, 0.125, 0.390625, 0.171875, 0.0234375]","[0.21875, 0.21875, 0.21875, 0.0625, 0.09375, 0.046875, 0.1328125, 0.203125, 0.125, 0.140625, 0.125, 0.0703125, 0.0625, 0.1328125, 0.203125, 0.4375, 0.34375, 0.21875, 0.1953125, 0.0859375, 0.0234375]",[72],0.7544828987090725,0.6134335359945261
199,5054.765625,"[0.3125, 0.375, 0.4375, 0.0625, 0.1875, 0.09375, 0.1328125, 0.40625, 0.1875, 0.15625, 0.0625, 0.140625, 0.125, 0.1015625, 0.40625, 0.6875, 0.6875, 0.125, 0.390625, 0.171875, 0.0234375]","[0.21875, 0.21875, 0.21875, 0.0625, 0.09375, 0.046875, 0.1328125, 0.203125, 0.125, 0.140625, 0.125, 0.0703125, 0.0625, 0.1328125, 0.203125, 0.4375, 0.34375, 0.21875, 0.1953125, 0.0859375, 0.0234375]",[72],0.7544828987090725,0.6134335359945261
200,4936.953125,"[0.3125, 0.375, 0.4375, 0.0625, 0.1875, 0.09375, 0.1328125, 0.40625, 0.1875, 0.15625, 0.0625, 0.140625, 0.125, 0.1015625, 0.40625, 0.6875, 0.6875, 0.125, 0.390625, 0.171875, 0.0234375]","[0.21875, 0.21875, 0.21875, 0.0625, 0.09375, 0.046875, 0.1328125, 0.203125, 0.125, 0.140625, 0.125, 0.0703125, 0.0625, 0.1328125, 0.203125, 0.4375, 0.34375, 0.21875, 0.1953125, 0.0859375, 0.0234375]",[72],0.7544828987090725,0.6134335359945261
201,4916.953125,"[0.3125, 0.375, 0.4375, 0.0625, 0.1875, 0.09375, 0.1328125, 0.40625, 0.1875, 0.15625, 0.0625, 0.140625, 0.125, 0.1015625, 0.40625, 0.6875, 0.6875, 0.125, 0.390625, 0.171875, 0.0234375]","[0.21875, 0.21875, 0.21875, 0.0625, 0.09375, 0.046875, 0.1328125, 0.203125, 0.125, 0.140625, 0.125, 0.0703125, 0.0625, 0.1328125, 0.203125, 0.4375, 0.34375, 0.21875, 0.1953125, 0.0859375, 0.0234375]",[72],0.7544828987090725,0.6134335359945261
202,4936.640625,"[0.3125, 0.375, 0.4375, 0.0625, 0.1875, 0.09375, 0.1328125, 0.40625, 0.1875, 0.15625, 0.0625, 0.140625, 0.125, 0.1015625, 0.40625, 0.6875, 0.6875, 0.125, 0.390625, 0.171875, 0.0234375]","[0.21875, 0.21875, 0.21875, 0.0625, 0.09375, 0.046875, 0.1328125, 0.203125, 0.125, 0.140625, 0.125, 0.0703125, 0.0625, 0.1328125, 0.203125, 0.4375, 0.34375, 0.21875, 0.1953125, 0.0859375, 0.0234375]",[72],0.7544828987090725,0.6134335359945261
203,4976.015625,"[0.3125, 0.375, 0.4375, 0.0625, 0.1875, 0.09375, 0.1328125, 0.40625, 0.1875, 0.28125, 0.0625, 0.140625, 0.125, 0.1015625, 0.40625, 0.6875, 0.6875, 0.125, 0.390625, 0.171875, 0.0234375]","[0.21875, 0.21875, 0.21875, 0.0625, 0.09375, 0.046875, 0.1328125, 0.203125, 0.125, 0.203125, 0.125, 0.0703125, 0.0625, 0.1328125, 0.203125, 0.4375, 0.34375, 0.21875, 0.1953125, 0.0859375, 0.0234375]",[73],0.7326809404038674,0.6041649815667267
204,5134.765625,"[0.3125, 0.375, 0.4375, 0.0625, 0.1875, 0.21875, 0.1328125, 0.40625, 0.1875, 0.28125, 0.0625, 0.140625, 0.125, 0.1015625, 0.40625, 0.6875, 0.6875, 0.125, 0.390625, 0.171875, 0.0234375]","[0.21875, 0.21875, 0.21875, 0.0625, 0.09375, 0.109375, 0.1328125, 0.203125, 0.125, 0.203125, 0.125, 0.0703125, 0.0625, 0.1328125, 0.203125, 0.4375, 0.34375, 0.21875, 0.1953125, 0.0859375, 0.0234375]",[74],0.7035179252274082,0.5773880002331603
205,5174.140625,"[0.3125, 0.375, 0.1875, 0.0625, 0.1875, 0.21875, 0.1328125, 0.40625, 0.1875, 0.28125, 0.0625, 0.140625, 0.125, 0.1015625, 0.40625, 0.6875, 0.6875, 0.125, 0.390625, 0.171875, 0.0234375]","[0.21875, 0.21875, 0.09375, 0.0625, 0.09375, 0.109375, 0.1328125, 0.203125, 0.125, 0.203125, 0.125, 0.0703125, 0.0625, 0.1328125, 0.203125, 0.4375, 0.34375, 0.21875, 0.1953125, 0.0859375, 0.0234375]",[37],0.7225287098970631,0.6014674681122862
206,4997.109375,"[0.3125, 0.375, 0.1875, 0.0625, 0.1875, 0.21875, 0.1171875, 0.40625, 0.1875, 0.28125, 0.0625, 0.140625, 0.125, 0.1015625, 0.40625, 0.6875, 0.6875, 0.125, 0.40625, 0.171875, 0.0234375]","[0.21875, 0.21875, 0.09375, 0.0625, 0.09375, 0.109375, 0.1171875, 0.203125, 0.125, 0.203125, 0.125, 0.0703125, 0.0625, 0.1328125, 0.203125, 0.4375, 0.34375, 0.21875, 0.203125, 0.0859375, 0.0234375]",[63],0.7269803377826897,0.6055044965208962
207,4997.109375,"[0.3125, 0.375, 0.1875, 0.0625, 0.1875, 0.21875, 0.1171875, 0.40625, 0.1875, 0.28125, 0.03125, 0.140625, 0.125, 0.1015625, 0.40625, 0.6875, 0.6875, 0.125, 0.40625, 0.171875, 0.0234375]","[0.21875, 0.21875, 0.09375, 0.0625, 0.09375, 0.109375, 0.1171875, 0.203125, 0.125, 0.203125, 0.0625, 0.0703125, 0.0625, 0.1328125, 0.203125, 0.4375, 0.34375, 0.21875, 0.203125, 0.0859375, 0.0234375]",[26],0.7379291835721061,0.6295388281047773
208,4996.328125,"[0.3125, 0.375, 0.1875, 0.0625, 0.1875, 0.21875, 0.1171875, 0.34375, 0.1875, 0.28125, 0.03125, 0.140625, 0.125, 0.1015625, 0.40625, 0.8125, 0.6875, 0.125, 0.40625, 0.171875, 0.0234375]","[0.21875, 0.21875, 0.09375, 0.0625, 0.09375, 0.109375, 0.1171875, 0.171875, 0.125, 0.203125, 0.0625, 0.0703125, 0.0625, 0.1328125, 0.203125, 0.5, 0.34375, 0.21875, 0.203125, 0.0859375, 0.0234375]",[54],0.7831368795755207,0.6778267735550854
209,5114.453125,"[0.3125, 0.375, 0.1875, 0.0625, 0.1875, 0.21875, 0.1171875, 0.34375, 0.1875, 0.28125, 0.03125, 0.140625, 0.125, 0.1015625, 0.40625, 0.8125, 0.6875, 0.125, 0.40625, 0.171875, 0.0234375]","[0.21875, 0.21875, 0.09375, 0.0625, 0.09375, 0.109375, 0.1171875, 0.171875, 0.125, 0.203125, 0.0625, 0.0703125, 0.0625, 0.1328125, 0.203125, 0.5, 0.34375, 0.21875, 0.203125, 0.0859375, 0.0234375]",[54],0.7831368795755207,0.6778267735550854
210,4996.640625,"[0.3125, 0.375, 0.1875, 0.0625, 0.1875, 0.21875, 0.1171875, 0.34375, 0.1875, 0.28125, 0.03125, 0.140625, 0.125, 0.1015625, 0.40625, 0.8125, 0.6875, 0.125, 0.40625, 0.171875, 0.0234375]","[0.21875, 0.21875, 0.09375, 0.0625, 0.09375, 0.109375, 0.1171875, 0.171875, 0.125, 0.203125, 0.0625, 0.0703125, 0.0625, 0.1328125, 0.203125, 0.5, 0.34375, 0.21875, 0.203125, 0.0859375, 0.0234375]",[54],0.7831368795755207,0.6778267735550854
211,4976.796875,"[0.3125, 0.375, 0.1875, 0.078125, 0.1875, 0.21875, 0.1171875, 0.34375, 0.1875, 0.28125, 0.03125, 0.140625, 0.125, 0.1015625, 0.40625, 0.8125, 0.6875, 0.125, 0.40625, 0.171875, 0.0234375]","[0.21875, 0.21875, 0.09375, 0.078125, 0.09375, 0.109375, 0.1171875, 0.171875, 0.125, 0.203125, 0.0625, 0.0703125, 0.0625, 0.1328125, 0.203125, 0.5, 0.34375, 0.21875, 0.203125, 0.0859375, 0.0234375]",[63],0.7781203973043425,0.670787484261682
212,5016.484375,"[0.3125, 0.375, 0.1875, 0.078125, 0.1875, 0.21875, 0.1171875, 0.34375, 0.0625, 0.28125, 0.03125, 0.140625, 0.125, 0.1015625, 0.40625, 0.8125, 0.6875, 0.125, 0.40625, 0.171875, 0.0234375]","[0.21875, 0.21875, 0.09375, 0.078125, 0.09375, 0.109375, 0.1171875, 0.171875, 0.0625, 0.203125, 0.0625, 0.0703125, 0.0625, 0.1328125, 0.203125, 0.5, 0.34375, 0.21875, 0.203125, 0.0859375, 0.0234375]",[42],0.8119994424742862,0.6949002016371149
213,4977.734375,"[0.3125, 0.375, 0.1875, 0.078125, 0.1875, 0.21875, 0.1484375, 0.34375, 0.0625, 0.28125, 0.03125, 0.140625, 0.125, 0.1015625, 0.40625, 0.8125, 0.6875, 0.125, 0.40625, 0.171875, 0.0234375]","[0.21875, 0.21875, 0.09375, 0.078125, 0.09375, 0.109375, 0.1484375, 0.171875, 0.0625, 0.203125, 0.0625, 0.0703125, 0.0625, 0.1328125, 0.203125, 0.5, 0.34375, 0.21875, 0.203125, 0.0859375, 0.0234375]",[63],0.8037045478415553,0.6862473307468149
214,5135.234375,"[0.3125, 0.375, 0.1875, 0.078125, 0.1875, 0.21875, 0.1484375, 0.34375, 0.0625, 0.28125, 0.03125, 0.140625, 0.125, 0.1015625, 0.65625, 0.8125, 0.6875, 0.125, 0.40625, 0.171875, 0.0234375]","[0.21875, 0.21875, 0.09375, 0.078125, 0.09375, 0.109375, 0.1484375, 0.171875, 0.0625, 0.203125, 0.0625, 0.0703125, 0.0625, 0.1328125, 0.328125, 0.5, 0.34375, 0.21875, 0.203125, 0.0859375, 0.0234375]",[74],0.8276968291228907,0.6958615575443291
215,5174.921875,"[0.3125, 0.375, 0.1875, 0.078125, 0.1875, 0.21875, 0.1484375, 0.34375, 0.0625, 0.28125, 0.03125, 0.171875, 0.125, 0.1015625, 0.65625, 0.8125, 0.6875, 0.125, 0.40625, 0.171875, 0.0234375]","[0.21875, 0.21875, 0.09375, 0.078125, 0.09375, 0.109375, 0.1484375, 0.171875, 0.0625, 0.203125, 0.0625, 0.1015625, 0.0625, 0.1328125, 0.328125, 0.5, 0.34375, 0.21875, 0.203125, 0.0859375, 0.0234375]",[75],0.820228633563434,0.6833431008033285
216,5194.765625,"[0.3125, 0.375, 0.1875, 0.078125, 0.1875, 0.21875, 0.1484375, 0.34375, 0.0625, 0.28125, 0.03125, 0.171875, 0.125, 0.1015625, 0.65625, 0.8125, 0.6875, 0.125, 0.40625, 0.171875, 0.0234375]","[0.21875, 0.21875, 0.09375, 0.078125, 0.09375, 0.109375, 0.1484375, 0.171875, 0.0625, 0.203125, 0.0625, 0.1015625, 0.0625, 0.1328125, 0.328125, 0.5, 0.34375, 0.21875, 0.203125, 0.0859375, 0.0234375]",[12],0.820228633563434,0.6833431008033285
217,5214.609375,"[0.3125, 0.375, 0.1875, 0.078125, 0.1875, 0.21875, 0.1484375, 0.34375, 0.0625, 0.28125, 0.03125, 0.171875, 0.125, 0.1015625, 0.65625, 0.8125, 0.6875, 0.125, 0.4375, 0.171875, 0.0234375]","[0.21875, 0.21875, 0.09375, 0.078125, 0.09375, 0.109375, 0.1484375, 0.171875, 0.0625, 0.203125, 0.0625, 0.1015625, 0.0625, 0.1328125, 0.328125, 0.5, 0.34375, 0.21875, 0.21875, 0.0859375, 0.0234375]",[76],0.8197565077964407,0.6820955849969559
218,5293.359375,"[0.3125, 0.375, 0.1875, 0.078125, 0.1875, 0.21875, 0.1171875, 0.34375, 0.0625, 0.28125, 0.03125, 0.171875, 0.125, 0.1015625, 0.65625, 0.8125, 0.6875, 0.125, 0.4375, 0.171875, 0.0234375]","[0.21875, 0.21875, 0.09375, 0.078125, 0.09375, 0.109375, 0.1171875, 0.171875, 0.0625, 0.203125, 0.0625, 0.1015625, 0.0625, 0.1328125, 0.328125, 0.5, 0.34375, 0.21875, 0.21875, 0.0859375, 0.0234375]",[0],0.8278172651471036,0.6908475035698114
219,5293.671875,"[0.3125, 0.375, 0.1875, 0.078125, 0.1875, 0.34375, 0.1171875, 0.34375, 0.0625, 0.28125, 0.03125, 0.171875, 0.125, 0.1015625, 0.65625, 0.75, 0.6875, 0.125, 0.4375, 0.171875, 0.0234375]","[0.21875, 0.21875, 0.09375, 0.078125, 0.09375, 0.171875, 0.1171875, 0.171875, 0.0625, 0.203125, 0.0625, 0.1015625, 0.0625, 0.1328125, 0.328125, 0.4375, 0.34375, 0.21875, 0.21875, 0.0859375, 0.0234375]",[66],0.7932017207392831,0.6361665779589466
220,5293.671875,"[0.3125, 0.375, 0.1875, 0.078125, 0.1875, 0.34375, 0.1171875, 0.34375, 0.0625, 0.28125, 0.0, 0.171875, 0.125, 0.1015625, 0.71875, 0.75, 0.6875, 0.125, 0.4375, 0.171875, 0.0234375]","[0.21875, 0.21875, 0.09375, 0.078125, 0.09375, 0.171875, 0.1171875, 0.171875, 0.0625, 0.203125, 0.0, 0.1015625, 0.0625, 0.1328125, 0.390625, 0.4375, 0.34375, 0.21875, 0.21875, 0.0859375, 0.0234375]",[3],0.8172538201436164,0.6908475035698114
221,5273.671875,"[0.3125, 0.375, 0.1875, 0.078125, 0.1875, 0.34375, 0.1171875, 0.34375, 0.0625, 0.28125, 0.0, 0.171875, 0.125, 0.1015625, 0.71875, 0.75, 0.6875, 0.125, 0.375, 0.171875, 0.0234375]","[0.21875, 0.21875, 0.09375, 0.078125, 0.09375, 0.171875, 0.1171875, 0.171875, 0.0625, 0.203125, 0.0, 0.1015625, 0.0625, 0.1328125, 0.390625, 0.4375, 0.34375, 0.21875, 0.1875, 0.0859375, 0.0234375]",[3],0.8191447418766302,0.6939488963682042
222,5214.296875,"[0.3125, 0.375, 0.1875, 0.078125, 0.1875, 0.34375, 0.1171875, 0.34375, 0.0625, 0.28125, 0.0, 0.171875, 0.125, 0.1015625, 0.71875, 0.75, 0.6875, 0.125, 0.375, 0.171875, 0.0234375]","[0.21875, 0.21875, 0.09375, 0.078125, 0.09375, 0.171875, 0.1171875, 0.171875, 0.0625, 0.203125, 0.0, 0.1015625, 0.0625, 0.1328125, 0.390625, 0.4375, 0.34375, 0.21875, 0.1875, 0.0859375, 0.0234375]",[3],0.8191447418766302,0.6939488963682042
223,5253.359375,"[0.4375, 0.375, 0.1875, 0.078125, 0.1875, 0.34375, 0.1171875, 0.34375, 0.0625, 0.28125, 0.0, 0.171875, 0.125, 0.1015625, 0.71875, 0.75, 0.625, 0.125, 0.375, 0.171875, 0.0234375]","[0.28125, 0.21875, 0.09375, 0.078125, 0.09375, 0.171875, 0.1171875, 0.171875, 0.0625, 0.203125, 0.0, 0.1015625, 0.0625, 0.1328125, 0.390625, 0.4375, 0.3125, 0.21875, 0.1875, 0.0859375, 0.0234375]",[28],0.8010995402451984,0.6883421553228559
224,5371.484375,"[0.4375, 0.625, 0.1875, 0.078125, 0.1875, 0.34375, 0.1171875, 0.34375, 0.0625, 0.28125, 0.0, 0.171875, 0.125, 0.1015625, 0.71875, 0.75, 0.625, 0.09375, 0.375, 0.171875, 0.0234375]","[0.28125, 0.34375, 0.09375, 0.078125, 0.09375, 0.171875, 0.1171875, 0.171875, 0.0625, 0.203125, 0.0, 0.1015625, 0.0625, 0.1328125, 0.390625, 0.4375, 0.3125, 0.15625, 0.1875, 0.0859375, 0.0234375]",[44],0.8193968499413441,0.7083525846004926
225,5371.484375,"[0.4375, 0.625, 0.1875, 0.078125, 0.1875, 0.28125, 0.1171875, 0.34375, 0.0625, 0.28125, 0.0, 0.171875, 0.125, 0.1015625, 0.71875, 0.75, 0.625, 0.09375, 0.375, 0.171875, 0.0234375]","[0.28125, 0.34375, 0.09375, 0.078125, 0.09375, 0.140625, 0.1171875, 0.171875, 0.0625, 0.203125, 0.0, 0.1015625, 0.0625, 0.1328125, 0.390625, 0.4375, 0.3125, 0.15625, 0.1875, 0.0859375, 0.0234375]",[24],0.8265289951225553,0.7154824681478866
226,5272.34375,"[0.4375, 0.375, 0.1875, 0.078125, 0.1875, 0.28125, 0.1171875, 0.34375, 0.0625, 0.28125, 0.0, 0.171875, 0.125, 0.109375, 0.71875, 0.75, 0.625, 0.09375, 0.375, 0.171875, 0.0234375]","[0.28125, 0.21875, 0.09375, 0.078125, 0.09375, 0.140625, 0.1171875, 0.171875, 0.0625, 0.203125, 0.0, 0.1015625, 0.0625, 0.140625, 0.390625, 0.4375, 0.3125, 0.15625, 0.1875, 0.0859375, 0.0234375]",[16],0.8141088099431474,0.7016938480240413
227,5154.21875,"[0.4375, 0.375, 0.1875, 0.078125, 0.1875, 0.28125, 0.1171875, 0.34375, 0.0625, 0.28125, 0.0, 0.171875, 0.125, 0.109375, 0.71875, 0.75, 0.625, 0.09375, 0.375, 0.171875, 0.0234375]","[0.28125, 0.21875, 0.09375, 0.078125, 0.09375, 0.140625, 0.1171875, 0.171875, 0.0625, 0.203125, 0.0, 0.1015625, 0.0625, 0.140625, 0.390625, 0.4375, 0.3125, 0.15625, 0.1875, 0.0859375, 0.0234375]",[16],0.8141088099431474,0.7016938480240413
228,5193.59375,"[0.375, 0.375, 0.1875, 0.078125, 0.1875, 0.28125, 0.1171875, 0.34375, 0.0625, 0.40625, 0.0, 0.171875, 0.125, 0.109375, 0.71875, 0.75, 0.625, 0.09375, 0.375, 0.171875, 0.0234375]","[0.25, 0.21875, 0.09375, 0.078125, 0.09375, 0.140625, 0.1171875, 0.171875, 0.0625, 0.265625, 0.0, 0.1015625, 0.0625, 0.140625, 0.390625, 0.4375, 0.3125, 0.15625, 0.1875, 0.0859375, 0.0234375]",[23],0.805883375247261,0.6987001884373811
229,5312.96875,"[0.375, 0.375, 0.1875, 0.078125, 0.1875, 0.28125, 0.1171875, 0.34375, 0.0625, 0.40625, 0.0, 0.171875, 0.125, 0.109375, 0.71875, 0.75, 0.625, 0.09375, 0.375, 0.171875, 0.0234375]","[0.25, 0.21875, 0.09375, 0.078125, 0.09375, 0.140625, 0.1171875, 0.171875, 0.0625, 0.265625, 0.0, 0.1015625, 0.0625, 0.140625, 0.390625, 0.4375, 0.3125, 0.15625, 0.1875, 0.0859375, 0.0234375]",[23],0.805883375247261,0.6987001884373811
230,5193.59375,"[0.375, 0.375, 0.1875, 0.078125, 0.1875, 0.28125, 0.1171875, 0.34375, 0.0625, 0.40625, 0.0, 0.171875, 0.125, 0.109375, 0.71875, 0.75, 0.625, 0.09375, 0.375, 0.171875, 0.0234375]","[0.25, 0.21875, 0.09375, 0.078125, 0.09375, 0.140625, 0.1171875, 0.171875, 0.0625, 0.265625, 0.0, 0.1015625, 0.0625, 0.140625, 0.390625, 0.4375, 0.3125, 0.15625, 0.1875, 0.0859375, 0.0234375]",[23],0.805883375247261,0.6987001884373811
231,5173.90625,"[0.375, 0.375, 0.1875, 0.078125, 0.1875, 0.28125, 0.1171875, 0.34375, 0.0625, 0.40625, 0.0, 0.171875, 0.125, 0.109375, 0.71875, 0.75, 0.625, 0.09375, 0.375, 0.171875, 0.0234375]","[0.25, 0.21875, 0.09375, 0.078125, 0.09375, 0.140625, 0.1171875, 0.171875, 0.0625, 0.265625, 0.0, 0.1015625, 0.0625, 0.140625, 0.390625, 0.4375, 0.3125, 0.15625, 0.1875, 0.0859375, 0.0234375]",[23],0.805883375247261,0.6987001884373811
232,5193.90625,"[0.375, 0.375, 0.1875, 0.078125, 0.1875, 0.28125, 0.1171875, 0.34375, 0.0625, 0.40625, 0.0, 0.171875, 0.125, 0.109375, 0.71875, 0.75, 0.625, 0.09375, 0.375, 0.171875, 0.0234375]","[0.25, 0.21875, 0.09375, 0.078125, 0.09375, 0.140625, 0.1171875, 0.171875, 0.0625, 0.265625, 0.0, 0.1015625, 0.0625, 0.140625, 0.390625, 0.4375, 0.3125, 0.15625, 0.1875, 0.0859375, 0.0234375]",[23],0.805883375247261,0.6987001884373811
233,5233.59375,"[0.375, 0.375, 0.1875, 0.078125, 0.1875, 0.28125, 0.1171875, 0.34375, 0.0625, 0.40625, 0.0, 0.171875, 0.125, 0.109375, 0.71875, 0.75, 0.625, 0.09375, 0.375, 0.171875, 0.0234375]","[0.25, 0.21875, 0.09375, 0.078125, 0.09375, 0.140625, 0.1171875, 0.171875, 0.0625, 0.265625, 0.0, 0.1015625, 0.0625, 0.140625, 0.390625, 0.4375, 0.3125, 0.15625, 0.1875, 0.0859375, 0.0234375]",[23],0.805883375247261,0.6987001884373811
234,5311.71875,"[0.375, 0.375, 0.1875, 0.078125, 0.1875, 0.28125, 0.1171875, 0.34375, 0.0625, 0.40625, 0.0, 0.171875, 0.125, 0.109375, 0.71875, 0.75, 0.625, 0.09375, 0.375, 0.15625, 0.0234375]","[0.25, 0.21875, 0.09375, 0.078125, 0.09375, 0.140625, 0.1171875, 0.171875, 0.0625, 0.265625, 0.0, 0.1015625, 0.0625, 0.140625, 0.390625, 0.4375, 0.3125, 0.15625, 0.1875, 0.078125, 0.0234375]",[23],0.8094738519122657,0.7019341652977493
235,5174.0625,"[0.375, 0.375, 0.1875, 0.078125, 0.1875, 0.28125, 0.1171875, 0.34375, 0.0625, 0.40625, 0.0, 0.171875, 0.125, 0.109375, 0.71875, 0.75, 0.625, 0.09375, 0.40625, 0.15625, 0.0234375]","[0.25, 0.21875, 0.09375, 0.078125, 0.09375, 0.140625, 0.1171875, 0.171875, 0.0625, 0.265625, 0.0, 0.1015625, 0.0625, 0.140625, 0.390625, 0.4375, 0.3125, 0.15625, 0.21875, 0.078125, 0.0234375]",[44],0.8082019818673257,0.6988439963690715
236,5193.90625,"[0.375, 0.375, 0.1875, 0.078125, 0.1875, 0.28125, 0.1171875, 0.34375, 0.0625, 0.40625, 0.0, 0.1875, 0.125, 0.109375, 0.71875, 0.75, 0.625, 0.09375, 0.40625, 0.15625, 0.0234375]","[0.25, 0.21875, 0.09375, 0.078125, 0.09375, 0.140625, 0.1171875, 0.171875, 0.0625, 0.265625, 0.0, 0.109375, 0.0625, 0.140625, 0.390625, 0.4375, 0.3125, 0.15625, 0.21875, 0.078125, 0.0234375]",[50],0.804823545453358,0.6960962195212677
237,5233.59375,"[0.375, 0.375, 0.1875, 0.078125, 0.1875, 0.28125, 0.1171875, 0.34375, 0.0625, 0.40625, 0.0, 0.1875, 0.125, 0.109375, 0.71875, 0.75, 0.625, 0.09375, 0.40625, 0.1875, 0.0234375]","[0.25, 0.21875, 0.09375, 0.078125, 0.09375, 0.140625, 0.1171875, 0.171875, 0.0625, 0.265625, 0.0, 0.109375, 0.0625, 0.140625, 0.390625, 0.4375, 0.3125, 0.15625, 0.21875, 0.09375, 0.0234375]",[64],0.7978873240175883,0.6898242080534206
238,5312.96875,"[0.375, 0.375, 0.1875, 0.078125, 0.1875, 0.28125, 0.1171875, 0.34375, 0.0625, 0.40625, 0.0, 0.1875, 0.1875, 0.109375, 0.71875, 0.75, 0.625, 0.09375, 0.40625, 0.1875, 0.0234375]","[0.25, 0.21875, 0.09375, 0.078125, 0.09375, 0.140625, 0.1171875, 0.171875, 0.0625, 0.265625, 0.0, 0.109375, 0.09375, 0.140625, 0.390625, 0.4375, 0.3125, 0.15625, 0.21875, 0.09375, 0.0234375]",[76],0.7833005600093366,0.6766884301921234
239,5470.46875,"[0.375, 0.625, 0.1875, 0.078125, 0.1875, 0.28125, 0.1171875, 0.34375, 0.0625, 0.40625, 0.0, 0.1875, 0.0625, 0.109375, 0.71875, 0.75, 0.625, 0.09375, 0.40625, 0.1875, 0.0234375]","[0.25, 0.34375, 0.09375, 0.078125, 0.09375, 0.140625, 0.1171875, 0.171875, 0.0625, 0.265625, 0.0, 0.109375, 0.03125, 0.140625, 0.390625, 0.4375, 0.3125, 0.15625, 0.21875, 0.09375, 0.0234375]",[47],0.8248206151299194,0.7155497971883197
240,5351.40625,"[0.375, 0.625, 0.1875, 0.078125, 0.1875, 0.3125, 0.1171875, 0.34375, 0.0625, 0.40625, 0.0, 0.171875, 0.0625, 0.109375, 0.71875, 0.75, 0.625, 0.09375, 0.40625, 0.1875, 0.0234375]","[0.25, 0.34375, 0.09375, 0.078125, 0.09375, 0.171875, 0.1171875, 0.171875, 0.0625, 0.265625, 0.0, 0.1015625, 0.03125, 0.140625, 0.390625, 0.4375, 0.3125, 0.15625, 0.21875, 0.09375, 0.0234375]",[44],0.8242040954611082,0.7110764760984039
241,5351.40625,"[0.375, 0.625, 0.1875, 0.078125, 0.1875, 0.328125, 0.1171875, 0.34375, 0.0625, 0.40625, 0.0, 0.171875, 0.0625, 0.109375, 0.71875, 0.75, 0.625, 0.09375, 0.40625, 0.1875, 0.0234375]","[0.25, 0.34375, 0.09375, 0.078125, 0.09375, 0.1796875, 0.1171875, 0.171875, 0.0625, 0.265625, 0.0, 0.1015625, 0.03125, 0.140625, 0.390625, 0.4375, 0.3125, 0.15625, 0.21875, 0.09375, 0.0234375]",[77],0.8224905267944832,0.7096323160675443
242,5391.09375,"[0.375, 0.625, 0.1875, 0.078125, 0.1875, 0.328125, 0.1171875, 0.34375, 0.0625, 0.40625, 0.0, 0.171875, 0.0625, 0.109375, 0.71875, 0.75, 0.625, 0.09375, 0.40625, 0.1875, 0.0234375]","[0.25, 0.34375, 0.09375, 0.078125, 0.09375, 0.1796875, 0.1171875, 0.171875, 0.0625, 0.265625, 0.0, 0.1015625, 0.03125, 0.140625, 0.390625, 0.4375, 0.3125, 0.15625, 0.21875, 0.09375, 0.0234375]",[77],0.8224905267944832,0.7096323160675443
243,5430.15625,"[0.375, 0.625, 0.1875, 0.046875, 0.1875, 0.328125, 0.1171875, 0.46875, 0.0625, 0.40625, 0.0, 0.171875, 0.0625, 0.109375, 0.71875, 0.75, 0.625, 0.09375, 0.40625, 0.1875, 0.0234375]","[0.25, 0.34375, 0.09375, 0.046875, 0.09375, 0.1796875, 0.1171875, 0.234375, 0.0625, 0.265625, 0.0, 0.1015625, 0.03125, 0.140625, 0.390625, 0.4375, 0.3125, 0.15625, 0.21875, 0.09375, 0.0234375]",[29],0.8258149695547592,0.7158745494221713
244,5549.21875,"[0.375, 0.625, 0.1875, 0.046875, 0.1875, 0.328125, 0.1171875, 0.46875, 0.0625, 0.40625, 0.0, 0.171875, 0.0625, 0.109375, 0.71875, 0.75, 0.625, 0.09375, 0.375, 0.3125, 0.0234375]","[0.25, 0.34375, 0.09375, 0.046875, 0.09375, 0.1796875, 0.1171875, 0.234375, 0.0625, 0.265625, 0.0, 0.1015625, 0.03125, 0.140625, 0.390625, 0.4375, 0.3125, 0.15625, 0.203125, 0.15625, 0.0234375]",[12],0.8075235136555866,0.6986354630640327
245,5548.90625,"[0.4375, 0.625, 0.1875, 0.046875, 0.1875, 0.328125, 0.1171875, 0.46875, 0.0625, 0.40625, 0.0, 0.171875, 0.0625, 0.109375, 0.71875, 0.75, 0.625, 0.09375, 0.375, 0.3125, 0.0234375]","[0.3125, 0.34375, 0.09375, 0.046875, 0.09375, 0.1796875, 0.1171875, 0.234375, 0.0625, 0.265625, 0.0, 0.1015625, 0.03125, 0.140625, 0.390625, 0.4375, 0.3125, 0.15625, 0.203125, 0.15625, 0.0234375]",[78],0.804385436159971,0.7015140689946922
246,5568.75,"[0.4375, 0.625, 0.1875, 0.046875, 0.1875, 0.328125, 0.1171875, 0.46875, 0.0, 0.40625, 0.0, 0.1875, 0.0625, 0.046875, 0.71875, 0.75, 0.625, 0.09375, 0.375, 0.3125, 0.0234375]","[0.3125, 0.34375, 0.09375, 0.046875, 0.09375, 0.1796875, 0.1171875, 0.234375, 0.0, 0.265625, 0.0, 0.109375, 0.03125, 0.078125, 0.390625, 0.4375, 0.3125, 0.15625, 0.203125, 0.15625, 0.0234375]",[5],0.838410234912008,0.7518139407579076
247,5409.6875,"[0.4375, 0.625, 0.1875, 0.046875, 0.1875, 0.328125, 0.1171875, 0.46875, 0.0, 0.40625, 0.0, 0.1875, 0.0625, 0.03125, 0.71875, 0.75, 0.625, 0.09375, 0.375, 0.34375, 0.0234375]","[0.3125, 0.34375, 0.09375, 0.046875, 0.09375, 0.1796875, 0.1171875, 0.234375, 0.0, 0.265625, 0.0, 0.109375, 0.03125, 0.046875, 0.390625, 0.4375, 0.3125, 0.15625, 0.203125, 0.171875, 0.0234375]",[8],0.8398150130822544,0.7622107287026738
248,5449.21875,"[0.4375, 0.625, 0.1875, 0.046875, 0.1875, 0.328125, 0.1171875, 0.46875, 0.0, 0.40625, 0.0, 0.1875, 0.0625, 0.03125, 0.71875, 0.75, 0.625, 0.09375, 0.375, 0.34375, 0.0234375]","[0.3125, 0.34375, 0.09375, 0.046875, 0.09375, 0.1796875, 0.1171875, 0.234375, 0.0, 0.265625, 0.0, 0.109375, 0.03125, 0.046875, 0.390625, 0.4375, 0.3125, 0.15625, 0.203125, 0.171875, 0.0234375]",[8],0.8398150130822544,0.7622107287026738
249,5528.59375,"[0.4375, 0.625, 0.1875, 0.046875, 0.3125, 0.328125, 0.1171875, 0.46875, 0.0, 0.40625, 0.0, 0.1875, 0.0625, 0.03125, 0.71875, 0.75, 0.625, 0.09375, 0.375, 0.34375, 0.0234375]","[0.3125, 0.34375, 0.09375, 0.046875, 0.15625, 0.1796875, 0.1171875, 0.234375, 0.0, 0.265625, 0.0, 0.109375, 0.03125, 0.046875, 0.390625, 0.4375, 0.3125, 0.15625, 0.203125, 0.171875, 0.0234375]",[10],0.8193759572898458,0.7428979264818301
250,5567.96875,"[0.5, 0.625, 0.1875, 0.046875, 0.3125, 0.328125, 0.1171875, 0.4375, 0.0, 0.40625, 0.0, 0.1875, 0.0625, 0.03125, 0.71875, 0.75, 0.625, 0.09375, 0.375, 0.34375, 0.0234375]","[0.375, 0.34375, 0.09375, 0.046875, 0.15625, 0.1796875, 0.1171875, 0.21875, 0.0, 0.265625, 0.0, 0.109375, 0.03125, 0.046875, 0.390625, 0.4375, 0.3125, 0.15625, 0.203125, 0.171875, 0.0234375]",[14],0.8192582652078405,0.7538380929574071
251,5568.203125,"[0.5, 0.625, 0.1875, 0.046875, 0.3125, 0.328125, 0.1171875, 0.4375, 0.0, 0.40625, 0.0, 0.1875, 0.0625, 0.03125, 0.71875, 0.75, 0.625, 0.09375, 0.375, 0.34375, 0.0234375]","[0.375, 0.34375, 0.09375, 0.046875, 0.15625, 0.1796875, 0.1171875, 0.21875, 0.0, 0.265625, 0.0, 0.109375, 0.03125, 0.046875, 0.390625, 0.4375, 0.3125, 0.15625, 0.203125, 0.171875, 0.0234375]",[14],0.8192582652078405,0.7538380929574071
252,5587.65625,"[0.5, 0.625, 0.1875, 0.046875, 0.3125, 0.328125, 0.1171875, 0.4375, 0.0, 0.40625, 0.0, 0.1875, 0.0625, 0.03125, 0.71875, 0.75, 0.625, 0.09375, 0.375, 0.34375, 0.0234375]","[0.375, 0.34375, 0.09375, 0.046875, 0.15625, 0.1796875, 0.1171875, 0.21875, 0.0, 0.265625, 0.0, 0.109375, 0.03125, 0.046875, 0.390625, 0.4375, 0.3125, 0.15625, 0.203125, 0.171875, 0.0234375]",[14],0.8192582652078405,0.7538380929574071
253,5627.65625,"[0.5, 0.625, 0.1875, 0.046875, 0.3125, 0.328125, 0.1171875, 0.4375, 0.0, 0.40625, 0.0625, 0.1875, 0.0625, 0.03125, 0.71875, 0.75, 0.625, 0.09375, 0.375, 0.34375, 0.0234375]","[0.375, 0.34375, 0.09375, 0.046875, 0.15625, 0.1796875, 0.1171875, 0.21875, 0.0, 0.265625, 0.0625, 0.109375, 0.03125, 0.046875, 0.390625, 0.4375, 0.3125, 0.15625, 0.203125, 0.171875, 0.0234375]",[79],0.7999719689060882,0.7226217358998079
254,5785.15625,"[0.5, 0.625, 0.1875, 0.046875, 0.3125, 0.328125, 0.1171875, 0.4375, 0.0, 0.40625, 0.0625, 0.1875, 0.0625, 0.03125, 0.96875, 0.75, 0.625, 0.09375, 0.375, 0.34375, 0.0234375]","[0.375, 0.34375, 0.09375, 0.046875, 0.15625, 0.1796875, 0.1171875, 0.21875, 0.0, 0.265625, 0.0625, 0.109375, 0.03125, 0.046875, 0.515625, 0.4375, 0.3125, 0.15625, 0.203125, 0.171875, 0.0234375]",[80],0.8524315634287076,0.7644856588714668
255,5824.84375,"[0.5, 0.625, 0.1875, 0.078125, 0.3125, 0.328125, 0.1171875, 0.4375, 0.0, 0.40625, 0.0625, 0.1875, 0.0625, 0.03125, 0.96875, 0.75, 0.625, 0.09375, 0.375, 0.34375, 0.0234375]","[0.375, 0.34375, 0.09375, 0.109375, 0.15625, 0.1796875, 0.1171875, 0.21875, 0.0, 0.265625, 0.0625, 0.109375, 0.03125, 0.046875, 0.515625, 0.4375, 0.3125, 0.15625, 0.203125, 0.171875, 0.0234375]",[81],0.8438299981532682,0.740080837704025
256,5844.6875,"[0.5, 0.625, 0.1875, 0.078125, 0.328125, 0.328125, 0.1171875, 0.4375, 0.0, 0.40625, 0.0625, 0.1875, 0.0625, 0.03125, 0.96875, 0.75, 0.625, 0.09375, 0.375, 0.34375, 0.0234375]","[0.375, 0.34375, 0.09375, 0.109375, 0.1640625, 0.1796875, 0.1171875, 0.21875, 0.0, 0.265625, 0.0625, 0.109375, 0.03125, 0.046875, 0.515625, 0.4375, 0.3125, 0.15625, 0.203125, 0.171875, 0.0234375]",[82],0.84189964594981,0.7382232351894277
257,5884.0625,"[0.5, 0.625, 0.1875, 0.078125, 0.328125, 0.328125, 0.1171875, 0.4375, 0.0, 0.40625, 0.0625, 0.1875, 0.0625, 0.03125, 0.96875, 0.75, 0.625, 0.09375, 0.375, 0.34375, 0.0234375]","[0.375, 0.34375, 0.09375, 0.109375, 0.1640625, 0.1796875, 0.1171875, 0.21875, 0.0, 0.265625, 0.0625, 0.109375, 0.03125, 0.046875, 0.515625, 0.4375, 0.3125, 0.15625, 0.203125, 0.171875, 0.0234375]",[82],0.84189964594981,0.7382232351894277
258,5923.4375,"[0.5, 0.625, 0.1875, 0.078125, 0.328125, 0.328125, 0.1171875, 0.4375, 0.0, 0.40625, 0.0625, 0.1875, 0.0625, 0.03125, 0.96875, 0.875, 0.625, 0.09375, 0.375, 0.34375, 0.0234375]","[0.375, 0.34375, 0.09375, 0.109375, 0.1640625, 0.1796875, 0.1171875, 0.21875, 0.0, 0.265625, 0.0625, 0.109375, 0.03125, 0.046875, 0.515625, 0.5, 0.3125, 0.15625, 0.203125, 0.171875, 0.0234375]",[83],0.8611008902019127,0.7576111201500411
259,6082.1875,"[0.5, 0.625, 0.1875, 0.078125, 0.453125, 0.328125, 0.1171875, 0.4375, 0.0, 0.40625, 0.0625, 0.1875, 0.0625, 0.03125, 0.96875, 0.875, 0.625, 0.09375, 0.375, 0.34375, 0.0234375]","[0.375, 0.34375, 0.09375, 0.109375, 0.2265625, 0.1796875, 0.1171875, 0.21875, 0.0, 0.265625, 0.0625, 0.109375, 0.03125, 0.046875, 0.515625, 0.5, 0.3125, 0.15625, 0.203125, 0.171875, 0.0234375]",[84],0.8499884136007604,0.7463124335830872
260,6121.5625,"[0.5, 0.6875, 0.1875, 0.078125, 0.453125, 0.328125, 0.1171875, 0.4375, 0.0, 0.40625, 0.0625, 0.1875, 0.0625, 0.03125, 0.96875, 0.875, 0.625, 0.09375, 0.375, 0.34375, 0.0234375]","[0.375, 0.40625, 0.09375, 0.109375, 0.2265625, 0.1796875, 0.1171875, 0.21875, 0.0, 0.265625, 0.0625, 0.109375, 0.03125, 0.046875, 0.515625, 0.5, 0.3125, 0.15625, 0.203125, 0.171875, 0.0234375]",[85],0.8531957666331117,0.7536641439482697
261,6141.40625,"[0.5, 0.6875, 0.1875, 0.078125, 0.453125, 0.328125, 0.1171875, 0.4375, 0.0, 0.40625, 0.0625, 0.1875, 0.0625, 0.03125, 0.84375, 0.875, 0.625, 0.09375, 0.375, 0.34375, 0.0234375]","[0.375, 0.40625, 0.09375, 0.109375, 0.2265625, 0.1796875, 0.1171875, 0.21875, 0.0, 0.265625, 0.0625, 0.109375, 0.03125, 0.046875, 0.453125, 0.5, 0.3125, 0.15625, 0.203125, 0.171875, 0.0234375]",[65],0.8291195066458774,0.734565040562487
262,6082.65625,"[0.5, 0.6875, 0.1875, 0.078125, 0.453125, 0.328125, 0.1171875, 0.4375, 0.0, 0.40625, 0.0625, 0.1875, 0.0625, 0.03125, 0.84375, 0.875, 0.625, 0.09375, 0.375, 0.34375, 0.0234375]","[0.375, 0.40625, 0.09375, 0.109375, 0.2265625, 0.1796875, 0.1171875, 0.21875, 0.0, 0.265625, 0.0625, 0.109375, 0.03125, 0.046875, 0.453125, 0.5, 0.3125, 0.15625, 0.203125, 0.171875, 0.0234375]",[65],0.8291195066458774,0.734565040562487
263,6122.1875,"[0.5, 0.6875, 0.1875, 0.078125, 0.453125, 0.328125, 0.1171875, 0.4375, 0.0, 0.40625, 0.0625, 0.1875, 0.0625, 0.03125, 0.84375, 0.875, 0.625, 0.09375, 0.375, 0.34375, 0.0234375]","[0.375, 0.40625, 0.09375, 0.109375, 0.2265625, 0.1796875, 0.1171875, 0.21875, 0.0, 0.265625, 0.0625, 0.109375, 0.03125, 0.046875, 0.453125, 0.5, 0.3125, 0.15625, 0.203125, 0.171875, 0.0234375]",[65],0.8291195066458774,0.734565040562487
264,6201.5625,"[0.5, 0.6875, 0.1875, 0.078125, 0.453125, 0.328125, 0.1171875, 0.4375, 0.0, 0.40625, 0.0625, 0.1875, 0.0625, 0.03125, 0.84375, 0.875, 0.625, 0.09375, 0.375, 0.34375, 0.0234375]","[0.375, 0.40625, 0.09375, 0.109375, 0.2265625, 0.1796875, 0.1171875, 0.21875, 0.0, 0.265625, 0.0625, 0.109375, 0.03125, 0.046875, 0.453125, 0.5, 0.3125, 0.15625, 0.203125, 0.171875, 0.0234375]",[65],0.8291195066458774,0.734565040562487
265,6082.1875,"[0.5, 0.6875, 0.1875, 0.078125, 0.453125, 0.328125, 0.1171875, 0.4375, 0.0, 0.40625, 0.0625, 0.1875, 0.0625, 0.03125, 0.90625, 0.875, 0.625, 0.09375, 0.375, 0.34375, 0.0234375]","[0.375, 0.40625, 0.09375, 0.109375, 0.2265625, 0.1796875, 0.1171875, 0.21875, 0.0, 0.265625, 0.0625, 0.109375, 0.03125, 0.046875, 0.515625, 0.5, 0.3125, 0.15625, 0.203125, 0.171875, 0.0234375]",[85],0.8404912839137998,0.7536641439482697
266,6102.109375,"[0.5, 0.6875, 0.1875, 0.078125, 0.453125, 0.328125, 0.1171875, 0.4375, 0.0, 0.40625, 0.0625, 0.1875, 0.0625, 0.03125, 0.90625, 0.875, 0.625, 0.09375, 0.375, 0.34375, 0.0234375]","[0.375, 0.40625, 0.09375, 0.109375, 0.2265625, 0.1796875, 0.1171875, 0.21875, 0.0, 0.265625, 0.0625, 0.109375, 0.03125, 0.046875, 0.515625, 0.5, 0.3125, 0.15625, 0.203125, 0.171875, 0.0234375]",[85],0.8404912839137998,0.7536641439482697
267,6121.875,"[0.5, 0.6875, 0.1875, 0.078125, 0.453125, 0.328125, 0.1171875, 0.4375, 0.0, 0.40625, 0.0625, 0.1875, 0.0625, 0.03125, 0.90625, 0.875, 0.625, 0.09375, 0.375, 0.34375, 0.0234375]","[0.375, 0.40625, 0.09375, 0.109375, 0.2265625, 0.1796875, 0.1171875, 0.21875, 0.0, 0.265625, 0.0625, 0.109375, 0.03125, 0.046875, 0.515625, 0.5, 0.3125, 0.15625, 0.203125, 0.171875, 0.0234375]",[85],0.8404912839137998,0.7536641439482697
268,6161.5625,"[0.5, 0.6875, 0.1875, 0.078125, 0.453125, 0.328125, 0.1171875, 0.4375, 0.0, 0.40625, 0.0625, 0.1875, 0.0625, 0.03125, 0.90625, 0.875, 0.625, 0.09375, 0.375, 0.34375, 0.0234375]","[0.375, 0.40625, 0.09375, 0.109375, 0.2265625, 0.1796875, 0.1171875, 0.21875, 0.0, 0.265625, 0.0625, 0.109375, 0.03125, 0.046875, 0.515625, 0.5, 0.3125, 0.15625, 0.203125, 0.171875, 0.0234375]",[85],0.8404912839137998,0.7536641439482697
269,6239.6875,"[0.5, 0.6875, 0.4375, 0.078125, 0.453125, 0.203125, 0.1171875, 0.4375, 0.0, 0.40625, 0.0625, 0.1875, 0.0625, 0.03125, 0.90625, 0.875, 0.625, 0.0625, 0.375, 0.34375, 0.0234375]","[0.375, 0.40625, 0.21875, 0.109375, 0.2265625, 0.1171875, 0.1171875, 0.21875, 0.0, 0.265625, 0.0625, 0.109375, 0.03125, 0.046875, 0.515625, 0.5, 0.3125, 0.09375, 0.203125, 0.171875, 0.0234375]",[0],0.8354351936625111,0.7576515113640152
270,6080.9375,"[0.5, 0.6875, 0.4375, 0.078125, 0.453125, 0.203125, 0.0859375, 0.4375, 0.0, 0.40625, 0.0625, 0.1875, 0.0625, 0.03125, 0.90625, 0.875, 0.625, 0.03125, 0.375, 0.34375, 0.0234375]","[0.375, 0.40625, 0.21875, 0.109375, 0.2265625, 0.1171875, 0.0859375, 0.21875, 0.0, 0.265625, 0.0625, 0.109375, 0.03125, 0.046875, 0.515625, 0.5, 0.3125, 0.03125, 0.203125, 0.171875, 0.0234375]",[0],0.85149989955935,0.7935993270117002
271,5941.71875,"[0.5, 0.6875, 0.4375, 0.078125, 0.453125, 0.203125, 0.0859375, 0.4375, 0.0, 0.40625, 0.078125, 0.1875, 0.0625, 0.03125, 0.90625, 0.875, 0.625, 0.03125, 0.375, 0.34375, 0.0234375]","[0.375, 0.40625, 0.21875, 0.109375, 0.2265625, 0.1171875, 0.0859375, 0.21875, 0.0, 0.265625, 0.078125, 0.109375, 0.03125, 0.046875, 0.515625, 0.5, 0.3125, 0.03125, 0.203125, 0.171875, 0.0234375]",[33],0.8474407509308873,0.7874365687381297
272,5981.09375,"[0.5, 0.6875, 0.4375, 0.078125, 0.453125, 0.203125, 0.0859375, 0.4375, 0.0625, 0.40625, 0.078125, 0.1875, 0.0625, 0.03125, 0.90625, 0.875, 0.625, 0.03125, 0.375, 0.34375, 0.0234375]","[0.375, 0.40625, 0.21875, 0.109375, 0.2265625, 0.1171875, 0.0859375, 0.21875, 0.03125, 0.265625, 0.078125, 0.109375, 0.03125, 0.046875, 0.515625, 0.5, 0.3125, 0.03125, 0.203125, 0.171875, 0.0234375]",[43],0.8299737917422115,0.7723704603791078
273,6060.46875,"[0.5, 0.625, 0.4375, 0.078125, 0.453125, 0.203125, 0.0859375, 0.4375, 0.0625, 0.40625, 0.078125, 0.1875, 0.0625, 0.03125, 0.90625, 0.875, 0.625, 0.03125, 0.359375, 0.34375, 0.0234375]","[0.375, 0.375, 0.21875, 0.109375, 0.2265625, 0.1171875, 0.0859375, 0.21875, 0.03125, 0.265625, 0.078125, 0.109375, 0.03125, 0.046875, 0.515625, 0.5, 0.3125, 0.03125, 0.1953125, 0.171875, 0.0234375]",[37],0.8279514721684906,0.769514822982452
274,6080.625,"[0.5, 0.625, 0.4375, 0.078125, 0.453125, 0.203125, 0.0859375, 0.4375, 0.0625, 0.40625, 0.078125, 0.1875, 0.0625, 0.03125, 0.90625, 0.875, 0.625, 0.03125, 0.359375, 0.34375, 0.0234375]","[0.375, 0.375, 0.21875, 0.109375, 0.2265625, 0.1171875, 0.0859375, 0.21875, 0.03125, 0.265625, 0.078125, 0.109375, 0.03125, 0.046875, 0.515625, 0.5, 0.3125, 0.03125, 0.1953125, 0.171875, 0.0234375]",[37],0.8279514721684906,0.769514822982452
275,5961.71875,"[0.5, 0.625, 0.4375, 0.078125, 0.453125, 0.203125, 0.0859375, 0.4375, 0.0625, 0.40625, 0.078125, 0.1875, 0.0625, 0.03125, 0.90625, 0.875, 0.625, 0.03125, 0.359375, 0.34375, 0.0390625]","[0.375, 0.375, 0.21875, 0.109375, 0.2265625, 0.1171875, 0.0859375, 0.21875, 0.03125, 0.265625, 0.078125, 0.109375, 0.03125, 0.046875, 0.515625, 0.5, 0.3125, 0.03125, 0.1953125, 0.171875, 0.0546875]",[43],0.8235522769209386,0.7555751842607482
276,5981.5625,"[0.5, 0.625, 0.4375, 0.078125, 0.453125, 0.203125, 0.0859375, 0.4375, 0.0625, 0.40625, 0.078125, 0.1875, 0.0625, 0.03125, 0.90625, 0.875, 0.625, 0.03125, 0.375, 0.34375, 0.0390625]","[0.375, 0.375, 0.21875, 0.109375, 0.2265625, 0.1171875, 0.0859375, 0.21875, 0.03125, 0.265625, 0.078125, 0.109375, 0.03125, 0.046875, 0.515625, 0.5, 0.3125, 0.03125, 0.203125, 0.171875, 0.0546875]",[57],0.8220271997219009,0.7541958497305177
277,6021.40625,"[0.5, 0.625, 0.4375, 0.078125, 0.453125, 0.203125, 0.0859375, 0.4375, 0.0625, 0.40625, 0.078125, 0.1875, 0.0625, 0.03125, 0.90625, 0.875, 0.625, 0.03125, 0.375, 0.34375, 0.0390625]","[0.375, 0.375, 0.21875, 0.109375, 0.2265625, 0.1171875, 0.0859375, 0.21875, 0.03125, 0.265625, 0.078125, 0.109375, 0.03125, 0.046875, 0.515625, 0.5, 0.3125, 0.03125, 0.203125, 0.171875, 0.0546875]",[57],0.8220271997219009,0.7541958497305177
278,6060.9375,"[0.5, 0.625, 0.4375, 0.078125, 0.453125, 0.203125, 0.0859375, 0.4375, 0.0625, 0.40625, 0.078125, 0.1875, 0.0625, 0.03125, 0.90625, 0.875, 0.625, 0.03125, 0.375, 0.34375, 0.0390625]","[0.375, 0.375, 0.21875, 0.109375, 0.2265625, 0.1171875, 0.0859375, 0.21875, 0.03125, 0.265625, 0.078125, 0.109375, 0.03125, 0.046875, 0.515625, 0.5, 0.3125, 0.03125, 0.203125, 0.171875, 0.0546875]",[57],0.8220271997219009,0.7541958497305177
279,6140.3125,"[0.4375, 0.625, 0.4375, 0.203125, 0.453125, 0.203125, 0.0859375, 0.4375, 0.0625, 0.40625, 0.078125, 0.1875, 0.0625, 0.03125, 0.90625, 0.875, 0.625, 0.03125, 0.375, 0.34375, 0.0390625]","[0.3125, 0.375, 0.21875, 0.234375, 0.2265625, 0.1171875, 0.0859375, 0.21875, 0.03125, 0.265625, 0.078125, 0.109375, 0.03125, 0.046875, 0.515625, 0.5, 0.3125, 0.03125, 0.203125, 0.171875, 0.0546875]",[12],0.7970049096632423,0.7223631169751878
280,6140.625,"[0.4375, 0.625, 0.4375, 0.203125, 0.453125, 0.203125, 0.0859375, 0.4375, 0.0625, 0.40625, 0.0625, 0.21875, 0.0625, 0.03125, 0.90625, 0.875, 0.625, 0.03125, 0.375, 0.34375, 0.0390625]","[0.3125, 0.375, 0.21875, 0.234375, 0.2265625, 0.1171875, 0.0859375, 0.21875, 0.03125, 0.265625, 0.0625, 0.140625, 0.03125, 0.046875, 0.515625, 0.5, 0.3125, 0.03125, 0.203125, 0.171875, 0.0546875]",[0],0.7952634701630207,0.7191759783607952
281,6140.46875,"[0.4375, 0.625, 0.4375, 0.203125, 0.453125, 0.203125, 0.0703125, 0.4375, 0.0625, 0.40625, 0.0625, 0.21875, 0.0625, 0.03125, 0.90625, 0.875, 0.625, 0.03125, 0.375, 0.34375, 0.0390625]","[0.3125, 0.375, 0.21875, 0.234375, 0.2265625, 0.1171875, 0.0703125, 0.21875, 0.03125, 0.265625, 0.0625, 0.140625, 0.03125, 0.046875, 0.515625, 0.5, 0.3125, 0.03125, 0.203125, 0.171875, 0.0546875]",[0],0.7992271583818412,0.7250489481518411
282,6120.625,"[0.4375, 0.625, 0.4375, 0.203125, 0.453125, 0.203125, 0.0703125, 0.4375, 0.0625, 0.40625, 0.0625, 0.21875, 0.0625, 0.03125, 0.90625, 0.875, 0.625, 0.03125, 0.40625, 0.34375, 0.0390625]","[0.3125, 0.375, 0.21875, 0.234375, 0.2265625, 0.1171875, 0.0703125, 0.21875, 0.03125, 0.265625, 0.0625, 0.140625, 0.03125, 0.046875, 0.515625, 0.5, 0.3125, 0.03125, 0.21875, 0.171875, 0.0546875]",[61],0.7966719566275363,0.7226753049325261
283,6200.3125,"[0.4375, 0.625, 0.4375, 0.203125, 0.453125, 0.203125, 0.0703125, 0.4375, 0.0625, 0.40625, 0.0625, 0.21875, 0.0625, 0.03125, 0.90625, 0.875, 0.625, 0.03125, 0.40625, 0.34375, 0.0390625]","[0.3125, 0.375, 0.21875, 0.234375, 0.2265625, 0.1171875, 0.0703125, 0.21875, 0.03125, 0.265625, 0.0625, 0.140625, 0.03125, 0.046875, 0.515625, 0.5, 0.3125, 0.03125, 0.21875, 0.171875, 0.0546875]",[61],0.7966719566275363,0.7226753049325261
284,6279.375,"[0.4375, 0.625, 0.4375, 0.203125, 0.453125, 0.203125, 0.0703125, 0.4375, 0.0625, 0.40625, 0.0625, 0.21875, 0.0625, 0.03125, 0.90625, 0.875, 0.625, 0.03125, 0.40625, 0.34375, 0.0390625]","[0.3125, 0.375, 0.21875, 0.234375, 0.2265625, 0.1171875, 0.0703125, 0.21875, 0.03125, 0.265625, 0.0625, 0.140625, 0.03125, 0.046875, 0.515625, 0.5, 0.3125, 0.03125, 0.21875, 0.171875, 0.0546875]",[61],0.7966719566275363,0.7226753049325261
285,6160.3125,"[0.4375, 0.625, 0.4375, 0.203125, 0.453125, 0.203125, 0.0703125, 0.4375, 0.0625, 0.40625, 0.0625, 0.21875, 0.0625, 0.03125, 0.90625, 0.875, 0.5, 0.03125, 0.40625, 0.34375, 0.0390625]","[0.3125, 0.375, 0.21875, 0.234375, 0.2265625, 0.1171875, 0.0703125, 0.21875, 0.03125, 0.265625, 0.0625, 0.140625, 0.03125, 0.046875, 0.515625, 0.5, 0.25, 0.03125, 0.21875, 0.171875, 0.0546875]",[52],0.7947289076768553,0.7245979898918473
286,6061.5625,"[0.4375, 0.625, 0.4375, 0.203125, 0.453125, 0.203125, 0.0703125, 0.4375, 0.0625, 0.40625, 0.0625, 0.21875, 0.0625, 0.03125, 0.90625, 0.875, 0.5, 0.03125, 0.40625, 0.34375, 0.03125]","[0.3125, 0.375, 0.21875, 0.234375, 0.2265625, 0.1171875, 0.0703125, 0.21875, 0.03125, 0.265625, 0.0625, 0.140625, 0.03125, 0.046875, 0.515625, 0.5, 0.25, 0.03125, 0.21875, 0.171875, 0.046875]",[48],0.7969275640033703,0.727929706693144
287,6061.328125,"[0.4375, 0.625, 0.4375, 0.203125, 0.453125, 0.203125, 0.0703125, 0.4375, 0.0625, 0.40625, 0.0625, 0.21875, 0.0625, 0.03125, 0.90625, 0.875, 0.4375, 0.03125, 0.40625, 0.34375, 0.03125]","[0.3125, 0.375, 0.21875, 0.234375, 0.2265625, 0.1171875, 0.0703125, 0.21875, 0.03125, 0.265625, 0.0625, 0.140625, 0.03125, 0.046875, 0.515625, 0.5, 0.21875, 0.03125, 0.21875, 0.171875, 0.046875]",[18],0.7990493419053516,0.7313300036486982
288,6061.953125,"[0.4375, 0.625, 0.4375, 0.203125, 0.453125, 0.203125, 0.0703125, 0.4375, 0.0625, 0.40625, 0.0625, 0.21875, 0.0625, 0.03125, 0.90625, 0.875, 0.4375, 0.03125, 0.40625, 0.34375, 0.03125]","[0.3125, 0.375, 0.21875, 0.234375, 0.2265625, 0.1171875, 0.0703125, 0.21875, 0.03125, 0.265625, 0.0625, 0.140625, 0.03125, 0.046875, 0.515625, 0.5, 0.21875, 0.03125, 0.21875, 0.171875, 0.046875]",[18],0.7990493419053516,0.7313300036486982
289,6141.328125,"[0.4375, 0.625, 0.4375, 0.203125, 0.453125, 0.203125, 0.0703125, 0.4375, 0.0625, 0.40625, 0.0625, 0.21875, 0.0625, 0.03125, 0.90625, 0.875, 0.4375, 0.03125, 0.40625, 0.34375, 0.03125]","[0.3125, 0.375, 0.21875, 0.234375, 0.2265625, 0.1171875, 0.0703125, 0.21875, 0.03125, 0.265625, 0.0625, 0.140625, 0.03125, 0.046875, 0.515625, 0.5, 0.21875, 0.03125, 0.21875, 0.171875, 0.046875]",[18],0.7990493419053516,0.7313300036486982
290,6021.953125,"[0.4375, 0.625, 0.4375, 0.078125, 0.453125, 0.203125, 0.0703125, 0.4375, 0.0625, 0.40625, 0.0625, 0.21875, 0.0625, 0.03125, 0.90625, 0.8125, 0.4375, 0.03125, 0.40625, 0.34375, 0.03125]","[0.3125, 0.375, 0.21875, 0.109375, 0.2265625, 0.1171875, 0.0703125, 0.21875, 0.03125, 0.265625, 0.0625, 0.140625, 0.03125, 0.046875, 0.515625, 0.4375, 0.21875, 0.03125, 0.21875, 0.171875, 0.046875]",[18],0.8153677721723569,0.738018259898547
291,5804.140625,"[0.4375, 0.625, 0.46875, 0.078125, 0.453125, 0.203125, 0.0703125, 0.4375, 0.0625, 0.40625, 0.0625, 0.21875, 0.0625, 0.03125, 0.90625, 0.8125, 0.4375, 0.03125, 0.40625, 0.34375, 0.03125]","[0.3125, 0.375, 0.234375, 0.109375, 0.2265625, 0.1171875, 0.0703125, 0.21875, 0.03125, 0.265625, 0.0625, 0.140625, 0.03125, 0.046875, 0.515625, 0.4375, 0.21875, 0.03125, 0.21875, 0.171875, 0.046875]",[32],0.8141096055408534,0.7362920584992576
292,5843.828125,"[0.4375, 0.625, 0.46875, 0.078125, 0.453125, 0.203125, 0.0703125, 0.4375, 0.0625, 0.40625, 0.0625, 0.21875, 0.0625, 0.03125, 0.90625, 0.8125, 0.4375, 0.03125, 0.40625, 0.34375, 0.03125]","[0.3125, 0.375, 0.234375, 0.109375, 0.2265625, 0.1171875, 0.0703125, 0.21875, 0.03125, 0.265625, 0.0625, 0.140625, 0.03125, 0.046875, 0.515625, 0.4375, 0.21875, 0.03125, 0.21875, 0.171875, 0.046875]",[32],0.8141096055408534,0.7362920584992576
293,5883.515625,"[0.4375, 0.625, 0.46875, 0.078125, 0.453125, 0.265625, 0.0703125, 0.4375, 0.0625, 0.40625, 0.0625, 0.21875, 0.0625, 0.03125, 0.90625, 0.8125, 0.4375, 0.03125, 0.40625, 0.34375, 0.03125]","[0.3125, 0.375, 0.234375, 0.109375, 0.2265625, 0.1484375, 0.0703125, 0.21875, 0.03125, 0.265625, 0.0625, 0.140625, 0.03125, 0.046875, 0.515625, 0.4375, 0.21875, 0.03125, 0.21875, 0.171875, 0.046875]",[52],0.8034784863456697,0.7273087186328195
294,6041.015625,"[0.4375, 0.625, 0.46875, 0.078125, 0.453125, 0.265625, 0.0703125, 0.4375, 0.0625, 0.40625, 0.0625, 0.21875, 0.0625, 0.03125, 0.90625, 0.8125, 0.4375, 0.03125, 0.40625, 0.34375, 0.03125]","[0.3125, 0.375, 0.234375, 0.109375, 0.2265625, 0.1484375, 0.0703125, 0.21875, 0.03125, 0.265625, 0.0625, 0.140625, 0.03125, 0.046875, 0.515625, 0.4375, 0.21875, 0.03125, 0.21875, 0.171875, 0.046875]",[52],0.8034784863456697,0.7273087186328195
295,5922.890625,"[0.5, 0.625, 0.46875, 0.078125, 0.453125, 0.265625, 0.0703125, 0.4375, 0.0625, 0.40625, 0.0625, 0.21875, 0.0625, 0.03125, 0.90625, 0.8125, 0.4375, 0.03125, 0.40625, 0.34375, 0.03125]","[0.375, 0.375, 0.234375, 0.109375, 0.2265625, 0.1484375, 0.0703125, 0.21875, 0.03125, 0.265625, 0.0625, 0.140625, 0.03125, 0.046875, 0.515625, 0.4375, 0.21875, 0.03125, 0.21875, 0.171875, 0.046875]",[57],0.8014928859450101,0.7337279673929509
296,5942.8125,"[0.5, 0.625, 0.46875, 0.078125, 0.453125, 0.265625, 0.0703125, 0.4375, 0.0625, 0.40625, 0.0625, 0.21875, 0.0625, 0.0390625, 0.90625, 0.8125, 0.4375, 0.03125, 0.40625, 0.34375, 0.03125]","[0.375, 0.375, 0.234375, 0.109375, 0.2265625, 0.1484375, 0.0703125, 0.21875, 0.03125, 0.265625, 0.0625, 0.140625, 0.03125, 0.0546875, 0.515625, 0.4375, 0.21875, 0.03125, 0.21875, 0.171875, 0.046875]",[61],0.799267850478853,0.7303283298865195
297,5982.1875,"[0.5, 0.625, 0.46875, 0.078125, 0.453125, 0.265625, 0.0703125, 0.4375, 0.0625, 0.40625, 0.0625, 0.21875, 0.0625, 0.0390625, 0.90625, 0.8125, 0.4375, 0.03125, 0.40625, 0.34375, 0.03125]","[0.375, 0.375, 0.234375, 0.109375, 0.2265625, 0.1484375, 0.0703125, 0.21875, 0.03125, 0.265625, 0.0625, 0.140625, 0.03125, 0.0546875, 0.515625, 0.4375, 0.21875, 0.03125, 0.21875, 0.171875, 0.046875]",[61],0.799267850478853,0.7303283298865195
298,6022.1875,"[0.5, 0.625, 0.46875, 0.078125, 0.453125, 0.265625, 0.0703125, 0.4375, 0.0625, 0.40625, 0.0625, 0.21875, 0.0625, 0.0390625, 0.90625, 0.8125, 0.4375, 0.09375, 0.40625, 0.34375, 0.03125]","[0.375, 0.375, 0.234375, 0.109375, 0.2265625, 0.1484375, 0.0703125, 0.21875, 0.03125, 0.265625, 0.0625, 0.140625, 0.03125, 0.0546875, 0.515625, 0.4375, 0.21875, 0.09375, 0.21875, 0.171875, 0.046875]",[67],0.7825133794000534,0.7045565092866953
299,6180.9375,"[0.5, 0.625, 0.46875, 0.1875, 0.453125, 0.265625, 0.0703125, 0.4375, 0.0625, 0.40625, 0.0625, 0.21875, 0.0625, 0.0390625, 0.90625, 0.8125, 0.4375, 0.09375, 0.40625, 0.34375, 0.03125]","[0.375, 0.375, 0.234375, 0.21875, 0.2265625, 0.1484375, 0.0703125, 0.21875, 0.03125, 0.265625, 0.0625, 0.140625, 0.03125, 0.0546875, 0.515625, 0.4375, 0.21875, 0.09375, 0.21875, 0.171875, 0.046875]",[54],0.7578905021000879,0.679931675610292
300,6200.46875,"[0.5, 0.625, 0.46875, 0.1875, 0.453125, 0.265625, 0.0703125, 0.4375, 0.0625, 0.40625, 0.0625, 0.21875, 0.0625, 0.0390625, 0.90625, 0.8125, 0.4375, 0.09375, 0.40625, 0.34375, 0.03125]","[0.375, 0.375, 0.234375, 0.21875, 0.2265625, 0.1484375, 0.0703125, 0.21875, 0.03125, 0.265625, 0.0625, 0.140625, 0.03125, 0.0546875, 0.515625, 0.4375, 0.21875, 0.09375, 0.21875, 0.171875, 0.046875]",[54],0.7578905021000879,0.679931675610292
301,6180.9375,"[0.5, 0.625, 0.46875, 0.1875, 0.453125, 0.265625, 0.0703125, 0.4375, 0.0625, 0.40625, 0.0625, 0.21875, 0.0625, 0.0390625, 0.90625, 0.8125, 0.4375, 0.09375, 0.40625, 0.359375, 0.03125]","[0.375, 0.375, 0.234375, 0.21875, 0.2265625, 0.1484375, 0.0703125, 0.21875, 0.03125, 0.265625, 0.0625, 0.140625, 0.03125, 0.0546875, 0.515625, 0.4375, 0.21875, 0.09375, 0.21875, 0.1796875, 0.046875]",[86],0.7563856315419538,0.6783447296313029
302,6220.625,"[0.5, 0.625, 0.46875, 0.1875, 0.453125, 0.265625, 0.0703125, 0.4375, 0.0625, 0.40625, 0.0625, 0.21875, 0.0625, 0.0390625, 0.90625, 0.8125, 0.4375, 0.125, 0.40625, 0.359375, 0.03125]","[0.375, 0.375, 0.234375, 0.21875, 0.2265625, 0.1484375, 0.0703125, 0.21875, 0.03125, 0.265625, 0.0625, 0.140625, 0.03125, 0.0546875, 0.515625, 0.4375, 0.21875, 0.125, 0.21875, 0.1796875, 0.046875]",[87],0.7489797053174109,0.6683083725756683
303,6299.375,"[0.5, 0.625, 0.46875, 0.1875, 0.453125, 0.265625, 0.0703125, 0.4375, 0.0625, 0.53125, 0.0625, 0.21875, 0.0625, 0.0390625, 0.90625, 0.8125, 0.4375, 0.125, 0.40625, 0.359375, 0.03125]","[0.375, 0.375, 0.234375, 0.21875, 0.2265625, 0.1484375, 0.0703125, 0.21875, 0.03125, 0.328125, 0.0625, 0.140625, 0.03125, 0.0546875, 0.515625, 0.4375, 0.21875, 0.125, 0.21875, 0.1796875, 0.046875]",[88],0.7453470541867735,0.6689275133975936
304,6456.875,"[0.5, 0.625, 0.46875, 0.1875, 0.453125, 0.265625, 0.0703125, 0.6875, 0.0625, 0.53125, 0.0625, 0.21875, 0.0625, 0.0390625, 0.90625, 0.8125, 0.4375, 0.125, 0.375, 0.359375, 0.03125]","[0.375, 0.375, 0.234375, 0.21875, 0.2265625, 0.1484375, 0.0703125, 0.34375, 0.03125, 0.328125, 0.0625, 0.140625, 0.03125, 0.0546875, 0.515625, 0.4375, 0.21875, 0.125, 0.203125, 0.1796875, 0.046875]",[31],0.7518068149986495,0.6678550131902683
305,6456.5625,"[0.5, 0.625, 0.46875, 0.1875, 0.453125, 0.265625, 0.0703125, 0.6875, 0.0625, 0.53125, 0.0625, 0.21875, 0.0625, 0.0390625, 0.90625, 0.8125, 0.4375, 0.125, 0.375, 0.359375, 0.03125]","[0.375, 0.375, 0.234375, 0.21875, 0.2265625, 0.1484375, 0.0703125, 0.34375, 0.03125, 0.328125, 0.0625, 0.140625, 0.03125, 0.0546875, 0.515625, 0.4375, 0.21875, 0.125, 0.203125, 0.1796875, 0.046875]",[31],0.7518068149986495,0.6678550131902683
306,6436.875,"[0.5, 0.625, 0.46875, 0.1875, 0.453125, 0.265625, 0.0703125, 0.6875, 0.0625, 0.53125, 0.0625, 0.21875, 0.0625, 0.0390625, 0.90625, 0.8125, 0.4375, 0.125, 0.375, 0.359375, 0.03125]","[0.375, 0.375, 0.234375, 0.21875, 0.2265625, 0.1484375, 0.0703125, 0.34375, 0.03125, 0.328125, 0.0625, 0.140625, 0.03125, 0.0546875, 0.515625, 0.4375, 0.21875, 0.125, 0.203125, 0.1796875, 0.046875]",[31],0.7518068149986495,0.6678550131902683
307,6456.875,"[0.5, 0.625, 0.46875, 0.21875, 0.453125, 0.265625, 0.0703125, 0.6875, 0.0625, 0.53125, 0.0625, 0.21875, 0.0625, 0.0390625, 0.90625, 0.8125, 0.4375, 0.125, 0.375, 0.359375, 0.03125]","[0.375, 0.375, 0.234375, 0.25, 0.2265625, 0.1484375, 0.0703125, 0.34375, 0.03125, 0.328125, 0.0625, 0.140625, 0.03125, 0.0546875, 0.515625, 0.4375, 0.21875, 0.125, 0.203125, 0.1796875, 0.046875]",[89],0.7462237829590936,0.6644218690173113
308,6536.5625,"[0.5, 0.625, 0.46875, 0.21875, 0.453125, 0.265625, 0.0703125, 0.6875, 0.0625, 0.53125, 0.0625, 0.21875, 0.0625, 0.0390625, 0.90625, 0.8125, 0.4375, 0.125, 0.375, 0.359375, 0.03125]","[0.375, 0.375, 0.234375, 0.25, 0.2265625, 0.1484375, 0.0703125, 0.34375, 0.03125, 0.328125, 0.0625, 0.140625, 0.03125, 0.0546875, 0.515625, 0.4375, 0.21875, 0.125, 0.203125, 0.1796875, 0.046875]",[89],0.7462237829590936,0.6644218690173113
309,6616.25,"[0.5, 0.625, 0.46875, 0.21875, 0.453125, 0.265625, 0.0703125, 0.6875, 0.0625, 0.53125, 0.0625, 0.21875, 0.0625, 0.0390625, 0.90625, 0.8125, 0.4375, 0.0625, 0.375, 0.359375, 0.09375]","[0.375, 0.375, 0.234375, 0.25, 0.2265625, 0.1484375, 0.0703125, 0.34375, 0.03125, 0.328125, 0.0625, 0.140625, 0.03125, 0.0546875, 0.515625, 0.4375, 0.21875, 0.0625, 0.203125, 0.1796875, 0.109375]",[61],0.7451951796654519,0.662824515905134
310,6576.5625,"[0.5, 0.625, 0.46875, 0.21875, 0.453125, 0.265625, 0.0703125, 0.6875, 0.0625, 0.53125, 0.0625, 0.21875, 0.0625, 0.0390625, 0.90625, 0.8125, 0.4375, 0.0625, 0.375, 0.359375, 0.09375]","[0.375, 0.375, 0.234375, 0.25, 0.2265625, 0.1484375, 0.0703125, 0.34375, 0.03125, 0.328125, 0.0625, 0.140625, 0.03125, 0.0546875, 0.515625, 0.4375, 0.21875, 0.0625, 0.203125, 0.1796875, 0.109375]",[61],0.7451951796654519,0.662824515905134
311,6556.5625,"[0.5, 0.625, 0.46875, 0.21875, 0.453125, 0.265625, 0.0703125, 0.6875, 0.0625, 0.46875, 0.0625, 0.21875, 0.0625, 0.0390625, 0.90625, 0.8125, 0.46875, 0.0625, 0.375, 0.359375, 0.09375]","[0.375, 0.375, 0.234375, 0.25, 0.2265625, 0.1484375, 0.0703125, 0.34375, 0.03125, 0.265625, 0.0625, 0.140625, 0.03125, 0.0546875, 0.515625, 0.4375, 0.234375, 0.0625, 0.203125, 0.1796875, 0.109375]",[36],0.7450880492076358,0.6612186566317367
312,6556.875,"[0.5, 0.625, 0.46875, 0.21875, 0.453125, 0.265625, 0.0703125, 0.6875, 0.0625, 0.46875, 0.0625, 0.21875, 0.0625, 0.0390625, 0.90625, 0.8125, 0.46875, 0.0625, 0.375, 0.359375, 0.09375]","[0.375, 0.375, 0.234375, 0.25, 0.2265625, 0.1484375, 0.0703125, 0.34375, 0.03125, 0.265625, 0.0625, 0.140625, 0.03125, 0.0546875, 0.515625, 0.4375, 0.234375, 0.0625, 0.203125, 0.1796875, 0.109375]",[36],0.7450880492076358,0.6612186566317367
313,6595.9375,"[0.5, 0.625, 0.59375, 0.21875, 0.453125, 0.265625, 0.0703125, 0.6875, 0.0625, 0.46875, 0.0625, 0.21875, 0.0625, 0.0390625, 0.90625, 0.8125, 0.46875, 0.0625, 0.375, 0.359375, 0.09375]","[0.375, 0.375, 0.296875, 0.25, 0.2265625, 0.1484375, 0.0703125, 0.34375, 0.03125, 0.265625, 0.0625, 0.140625, 0.03125, 0.0546875, 0.515625, 0.4375, 0.234375, 0.0625, 0.203125, 0.1796875, 0.109375]",[90],0.7442788609158358,0.6577120701354179
314,6754.6875,"[0.5, 0.625, 0.59375, 0.34375, 0.453125, 0.265625, 0.0703125, 0.6875, 0.0625, 0.46875, 0.0625, 0.21875, 0.0625, 0.0390625, 0.90625, 0.8125, 0.46875, 0.0625, 0.375, 0.359375, 0.09375]","[0.375, 0.375, 0.296875, 0.375, 0.2265625, 0.1484375, 0.0703125, 0.34375, 0.03125, 0.265625, 0.0625, 0.140625, 0.03125, 0.0546875, 0.515625, 0.4375, 0.234375, 0.0625, 0.203125, 0.1796875, 0.109375]",[91],0.7272057991425618,0.6590891620457114
315,6794.375,"[0.5, 0.625, 0.59375, 0.34375, 0.453125, 0.265625, 0.0703125, 0.6875, 0.0625, 0.46875, 0.09375, 0.21875, 0.0625, 0.0390625, 0.84375, 0.8125, 0.46875, 0.0625, 0.375, 0.359375, 0.09375]","[0.375, 0.375, 0.296875, 0.375, 0.2265625, 0.1484375, 0.0703125, 0.34375, 0.03125, 0.265625, 0.125, 0.140625, 0.03125, 0.0546875, 0.453125, 0.4375, 0.234375, 0.0625, 0.203125, 0.1796875, 0.109375]",[66],0.7089320386445139,0.620185247321283
316,6774.84375,"[0.5, 0.625, 0.5625, 0.359375, 0.453125, 0.265625, 0.0703125, 0.6875, 0.0625, 0.46875, 0.09375, 0.21875, 0.0625, 0.0390625, 0.84375, 0.8125, 0.46875, 0.0625, 0.375, 0.359375, 0.09375]","[0.375, 0.375, 0.28125, 0.390625, 0.2265625, 0.1484375, 0.0703125, 0.34375, 0.03125, 0.265625, 0.125, 0.140625, 0.03125, 0.0546875, 0.453125, 0.4375, 0.234375, 0.0625, 0.203125, 0.1796875, 0.109375]",[18],0.7067091084433162,0.6225880403178576
317,6794.84375,"[0.4375, 0.625, 0.5625, 0.359375, 0.453125, 0.265625, 0.0703125, 0.6875, 0.0625, 0.46875, 0.09375, 0.21875, 0.0625, 0.0390625, 0.84375, 0.8125, 0.46875, 0.0625, 0.375, 0.359375, 0.09375]","[0.3125, 0.375, 0.28125, 0.390625, 0.2265625, 0.1484375, 0.0703125, 0.34375, 0.03125, 0.265625, 0.125, 0.140625, 0.03125, 0.0546875, 0.453125, 0.4375, 0.234375, 0.0625, 0.203125, 0.1796875, 0.109375]",[10],0.7088440123151313,0.6177418849419619
318,6795.15625,"[0.4375, 0.625, 0.5625, 0.359375, 0.453125, 0.265625, 0.0703125, 0.6875, 0.0625, 0.46875, 0.09375, 0.21875, 0.0625, 0.0390625, 0.59375, 0.8125, 0.46875, 0.0625, 0.375, 0.421875, 0.09375]","[0.3125, 0.375, 0.28125, 0.390625, 0.2265625, 0.1484375, 0.0703125, 0.34375, 0.03125, 0.265625, 0.125, 0.140625, 0.03125, 0.0546875, 0.328125, 0.4375, 0.234375, 0.0625, 0.203125, 0.2109375, 0.109375]",[18],0.6758275021237489,0.5898535510792975
319,6796.40625,"[0.4375, 0.625, 0.5625, 0.359375, 0.453125, 0.265625, 0.0703125, 0.6875, 0.0625, 0.46875, 0.09375, 0.34375, 0.0625, 0.0390625, 0.59375, 0.8125, 0.46875, 0.0625, 0.375, 0.421875, 0.09375]","[0.3125, 0.375, 0.28125, 0.390625, 0.2265625, 0.1484375, 0.0703125, 0.34375, 0.03125, 0.265625, 0.125, 0.203125, 0.03125, 0.0546875, 0.328125, 0.4375, 0.234375, 0.0625, 0.203125, 0.2109375, 0.109375]",[79],0.6594997265960252,0.5771674560242036
320,6835.78125,"[0.4375, 0.625, 0.5625, 0.359375, 0.453125, 0.265625, 0.0703125, 0.6875, 0.0625, 0.46875, 0.09375, 0.34375, 0.0625, 0.0390625, 0.59375, 0.8125, 0.46875, 0.0625, 0.375, 0.421875, 0.09375]","[0.3125, 0.375, 0.28125, 0.390625, 0.2265625, 0.1484375, 0.0703125, 0.34375, 0.03125, 0.265625, 0.125, 0.203125, 0.03125, 0.0546875, 0.328125, 0.4375, 0.234375, 0.0625, 0.203125, 0.2109375, 0.109375]",[79],0.6594997265960252,0.5771674560242036
321,6816.25,"[0.4375, 0.625, 0.5625, 0.359375, 0.453125, 0.265625, 0.0703125, 0.6875, 0.0625, 0.46875, 0.09375, 0.34375, 0.0625, 0.0390625, 0.59375, 0.8125, 0.46875, 0.078125, 0.375, 0.421875, 0.09375]","[0.3125, 0.375, 0.28125, 0.390625, 0.2265625, 0.1484375, 0.0703125, 0.34375, 0.03125, 0.265625, 0.125, 0.203125, 0.03125, 0.0546875, 0.328125, 0.4375, 0.234375, 0.078125, 0.203125, 0.2109375, 0.109375]",[92],0.6555260726440377,0.5710678543744138
322,6855.625,"[0.4375, 0.625, 0.5625, 0.359375, 0.453125, 0.265625, 0.0703125, 0.6875, 0.0625, 0.46875, 0.09375, 0.34375, 0.0625, 0.0390625, 0.59375, 0.8125, 0.53125, 0.078125, 0.375, 0.421875, 0.09375]","[0.3125, 0.375, 0.28125, 0.390625, 0.2265625, 0.1484375, 0.0703125, 0.34375, 0.03125, 0.265625, 0.125, 0.203125, 0.03125, 0.0546875, 0.328125, 0.4375, 0.265625, 0.078125, 0.203125, 0.2109375, 0.109375]",[93],0.6553729604214737,0.5692033367464803
323,6935.0,"[0.4375, 0.625, 0.5625, 0.359375, 0.453125, 0.265625, 0.0703125, 0.5625, 0.0625, 0.46875, 0.09375, 0.34375, 0.0625, 0.0390625, 0.59375, 0.8125, 0.53125, 0.078125, 0.375, 0.421875, 0.09375]","[0.3125, 0.375, 0.28125, 0.390625, 0.2265625, 0.1484375, 0.0703125, 0.28125, 0.03125, 0.265625, 0.125, 0.203125, 0.03125, 0.0546875, 0.328125, 0.4375, 0.265625, 0.078125, 0.203125, 0.2109375, 0.109375]",[77],0.6460963971883648,0.5655191202492016
324,6935.625,"[0.4375, 0.625, 0.5625, 0.359375, 0.453125, 0.265625, 0.0703125, 0.5625, 0.0625, 0.46875, 0.09375, 0.34375, 0.0625, 0.0390625, 0.59375, 0.8125, 0.53125, 0.078125, 0.375, 0.421875, 0.09375]","[0.3125, 0.375, 0.28125, 0.390625, 0.2265625, 0.1484375, 0.0703125, 0.28125, 0.03125, 0.265625, 0.125, 0.203125, 0.03125, 0.0546875, 0.328125, 0.4375, 0.265625, 0.078125, 0.203125, 0.2109375, 0.109375]",[77],0.6460963971883648,0.5655191202492016
325,6816.5625,"[0.4375, 0.625, 0.5625, 0.359375, 0.453125, 0.265625, 0.0703125, 0.5625, 0.0625, 0.46875, 0.09375, 0.34375, 0.0625, 0.0390625, 0.59375, 0.8125, 0.53125, 0.078125, 0.375, 0.421875, 0.09375]","[0.3125, 0.375, 0.28125, 0.390625, 0.2265625, 0.1484375, 0.0703125, 0.28125, 0.03125, 0.265625, 0.125, 0.203125, 0.03125, 0.0546875, 0.328125, 0.4375, 0.265625, 0.078125, 0.203125, 0.2109375, 0.109375]",[77],0.6460963971883648,0.5655191202492016
326,6796.71875,"[0.4375, 0.625, 0.5625, 0.359375, 0.46875, 0.265625, 0.0703125, 0.5625, 0.0625, 0.46875, 0.09375, 0.34375, 0.0625, 0.0390625, 0.59375, 0.8125, 0.53125, 0.078125, 0.375, 0.421875, 0.09375]","[0.3125, 0.375, 0.28125, 0.390625, 0.234375, 0.1484375, 0.0703125, 0.28125, 0.03125, 0.265625, 0.125, 0.203125, 0.03125, 0.0546875, 0.328125, 0.4375, 0.265625, 0.078125, 0.203125, 0.2109375, 0.109375]",[93],0.6457826976778298,0.5648089280221911
327,6836.09375,"[0.4375, 0.625, 0.5625, 0.359375, 0.46875, 0.265625, 0.0703125, 0.625, 0.0625, 0.46875, 0.09375, 0.34375, 0.0625, 0.0390625, 0.59375, 0.8125, 0.53125, 0.078125, 0.375, 0.421875, 0.09375]","[0.3125, 0.375, 0.28125, 0.390625, 0.234375, 0.1484375, 0.0703125, 0.3125, 0.03125, 0.265625, 0.125, 0.203125, 0.03125, 0.0546875, 0.328125, 0.4375, 0.265625, 0.078125, 0.203125, 0.2109375, 0.109375]",[94],0.6493876988580592,0.5658073029344778
328,6915.46875,"[0.4375, 0.625, 0.5625, 0.359375, 0.46875, 0.328125, 0.0703125, 0.625, 0.0625, 0.46875, 0.09375, 0.34375, 0.0625, 0.0390625, 0.59375, 0.8125, 0.53125, 0.078125, 0.375, 0.421875, 0.09375]","[0.3125, 0.375, 0.28125, 0.390625, 0.234375, 0.1796875, 0.0703125, 0.3125, 0.03125, 0.265625, 0.125, 0.203125, 0.03125, 0.0546875, 0.328125, 0.4375, 0.265625, 0.078125, 0.203125, 0.2109375, 0.109375]",[95],0.6418638803764589,0.5590169943749475
329,7072.96875,"[0.6875, 0.625, 0.5625, 0.359375, 0.46875, 0.328125, 0.0703125, 0.625, 0.0625, 0.46875, 0.09375, 0.34375, 0.0625, 0.0390625, 0.59375, 0.8125, 0.53125, 0.078125, 0.375, 0.421875, 0.09375]","[0.4375, 0.375, 0.28125, 0.390625, 0.234375, 0.1796875, 0.0703125, 0.3125, 0.03125, 0.265625, 0.125, 0.203125, 0.03125, 0.0546875, 0.328125, 0.4375, 0.265625, 0.078125, 0.203125, 0.2109375, 0.109375]",[96],0.6491236678408411,0.5784036367306135
330,7112.8125,"[0.6875, 0.625, 0.5625, 0.359375, 0.46875, 0.328125, 0.0703125, 0.5625, 0.0625, 0.46875, 0.09375, 0.34375, 0.0625, 0.0390625, 0.59375, 0.8125, 0.53125, 0.078125, 0.375, 0.421875, 0.09375]","[0.4375, 0.375, 0.28125, 0.390625, 0.234375, 0.1796875, 0.0703125, 0.28125, 0.03125, 0.265625, 0.125, 0.203125, 0.03125, 0.0546875, 0.328125, 0.4375, 0.265625, 0.078125, 0.203125, 0.2109375, 0.109375]",[41],0.6465386452137661,0.5781912751258715
331,7053.28125,"[0.6875, 0.625, 0.5625, 0.359375, 0.46875, 0.328125, 0.0703125, 0.5625, 0.0625, 0.46875, 0.09375, 0.34375, 0.0625, 0.0390625, 0.59375, 0.8125, 0.53125, 0.078125, 0.375, 0.421875, 0.09375]","[0.4375, 0.375, 0.28125, 0.390625, 0.234375, 0.1796875, 0.0703125, 0.28125, 0.03125, 0.265625, 0.125, 0.203125, 0.03125, 0.0546875, 0.328125, 0.4375, 0.265625, 0.078125, 0.203125, 0.2109375, 0.109375]",[41],0.6465386452137661,0.5781912751258715
332,7072.96875,"[0.75, 0.625, 0.5625, 0.359375, 0.46875, 0.328125, 0.0703125, 0.5625, 0.0625, 0.46875, 0.09375, 0.34375, 0.0625, 0.0390625, 0.59375, 0.8125, 0.53125, 0.078125, 0.375, 0.421875, 0.09375]","[0.46875, 0.375, 0.28125, 0.390625, 0.234375, 0.1796875, 0.0703125, 0.28125, 0.03125, 0.265625, 0.125, 0.203125, 0.03125, 0.0546875, 0.328125, 0.4375, 0.265625, 0.078125, 0.203125, 0.2109375, 0.109375]",[96],0.6533691799406983,0.5866328127337361
333,7152.34375,"[0.75, 0.625, 0.5625, 0.359375, 0.46875, 0.328125, 0.0703125, 0.5625, 0.0625, 0.46875, 0.09375, 0.34375, 0.0625, 0.0390625, 0.59375, 0.8125, 0.53125, 0.078125, 0.4375, 0.421875, 0.09375]","[0.46875, 0.375, 0.28125, 0.390625, 0.234375, 0.1796875, 0.0703125, 0.28125, 0.03125, 0.265625, 0.125, 0.203125, 0.03125, 0.0546875, 0.328125, 0.4375, 0.265625, 0.078125, 0.234375, 0.2109375, 0.109375]",[97],0.6493837150256775,0.5825797165757559
334,7311.71875,"[0.75, 0.625, 0.5625, 0.359375, 0.46875, 0.328125, 0.0703125, 0.5625, 0.0625, 0.46875, 0.09375, 0.34375, 0.0625, 0.0390625, 0.59375, 0.8125, 0.53125, 0.078125, 0.4375, 0.421875, 0.15625]","[0.46875, 0.375, 0.28125, 0.390625, 0.234375, 0.1796875, 0.0703125, 0.28125, 0.03125, 0.265625, 0.125, 0.203125, 0.03125, 0.0546875, 0.328125, 0.4375, 0.265625, 0.078125, 0.234375, 0.2109375, 0.171875]",[98],0.6359580267458089,0.5663316580079023
335,7351.5625,"[0.75, 0.625, 0.5625, 0.359375, 0.46875, 0.328125, 0.0859375, 0.5625, 0.0625, 0.46875, 0.09375, 0.34375, 0.0625, 0.0390625, 0.59375, 0.8125, 0.53125, 0.078125, 0.4375, 0.421875, 0.15625]","[0.46875, 0.375, 0.28125, 0.390625, 0.234375, 0.1796875, 0.1015625, 0.28125, 0.03125, 0.265625, 0.125, 0.203125, 0.03125, 0.0546875, 0.328125, 0.4375, 0.265625, 0.078125, 0.234375, 0.2109375, 0.171875]",[99],0.632207336317284,0.5553465577177688
336,7371.40625,"[0.75, 0.625, 0.5625, 0.359375, 0.46875, 0.328125, 0.0859375, 0.5625, 0.0625, 0.46875, 0.09375, 0.34375, 0.0625, 0.0390625, 0.59375, 0.8125, 0.53125, 0.078125, 0.4375, 0.421875, 0.15625]","[0.46875, 0.375, 0.28125, 0.390625, 0.234375, 0.1796875, 0.1015625, 0.28125, 0.03125, 0.265625, 0.125, 0.203125, 0.03125, 0.0546875, 0.328125, 0.4375, 0.265625, 0.078125, 0.234375, 0.2109375, 0.171875]",[99],0.632207336317284,0.5553465577177688
337,7390.9375,"[0.75, 0.625, 0.5625, 0.359375, 0.46875, 0.328125, 0.0859375, 0.5625, 0.0625, 0.53125, 0.09375, 0.34375, 0.0625, 0.0390625, 0.59375, 0.8125, 0.53125, 0.078125, 0.4375, 0.421875, 0.15625]","[0.46875, 0.375, 0.28125, 0.390625, 0.234375, 0.1796875, 0.1015625, 0.28125, 0.03125, 0.296875, 0.125, 0.203125, 0.03125, 0.0546875, 0.328125, 0.4375, 0.265625, 0.078125, 0.234375, 0.2109375, 0.171875]",[100],0.6313803977835447,0.5545357807007643
338,7469.6875,"[0.75, 0.625, 0.5625, 0.359375, 0.46875, 0.328125, 0.0859375, 0.5625, 0.0625, 0.53125, 0.09375, 0.34375, 0.0625, 0.0390625, 0.59375, 0.8125, 0.53125, 0.078125, 0.4375, 0.421875, 0.15625]","[0.46875, 0.375, 0.28125, 0.390625, 0.234375, 0.1796875, 0.1015625, 0.28125, 0.03125, 0.296875, 0.125, 0.203125, 0.03125, 0.0546875, 0.328125, 0.4375, 0.265625, 0.078125, 0.234375, 0.2109375, 0.171875]",[100],0.6313803977835447,0.5545357807007643
339,7548.4375,"[0.75, 0.625, 0.5625, 0.359375, 0.46875, 0.328125, 0.0859375, 0.5625, 0.0625, 0.75, 0.09375, 0.34375, 0.0625, 0.0390625, 0.59375, 0.8125, 0.53125, 0.078125, 0.4375, 0.421875, 0.15625]","[0.46875, 0.375, 0.28125, 0.390625, 0.234375, 0.1796875, 0.1015625, 0.28125, 0.03125, 0.40625, 0.125, 0.203125, 0.03125, 0.0546875, 0.328125, 0.4375, 0.265625, 0.078125, 0.234375, 0.2109375, 0.171875]",[21],0.6430399441889167,0.5632072268222443
340,7568.125,"[0.75, 0.625, 0.5625, 0.359375, 0.46875, 0.328125, 0.0859375, 0.5625, 0.125, 0.75, 0.09375, 0.34375, 0.0625, 0.0390625, 0.59375, 0.8125, 0.53125, 0.078125, 0.4375, 0.421875, 0.15625]","[0.46875, 0.375, 0.28125, 0.390625, 0.234375, 0.1796875, 0.1015625, 0.28125, 0.09375, 0.40625, 0.125, 0.203125, 0.03125, 0.0546875, 0.328125, 0.4375, 0.265625, 0.078125, 0.234375, 0.2109375, 0.171875]",[101],0.6290259877445198,0.5393122526130361
341,7587.96875,"[0.75, 0.625, 0.5, 0.359375, 0.46875, 0.328125, 0.0859375, 0.5625, 0.125, 0.75, 0.09375, 0.34375, 0.0625, 0.0390625, 0.59375, 0.8125, 0.53125, 0.078125, 0.4375, 0.421875, 0.15625]","[0.46875, 0.375, 0.25, 0.390625, 0.234375, 0.1796875, 0.1015625, 0.28125, 0.09375, 0.40625, 0.125, 0.203125, 0.03125, 0.0546875, 0.328125, 0.4375, 0.265625, 0.078125, 0.234375, 0.2109375, 0.171875]",[60],0.6293678734399645,0.5412116526000276
342,7568.125,"[0.75, 0.625, 0.5, 0.359375, 0.46875, 0.328125, 0.0859375, 0.5625, 0.1875, 0.75, 0.09375, 0.34375, 0.0625, 0.0390625, 0.59375, 0.8125, 0.53125, 0.078125, 0.4375, 0.421875, 0.15625]","[0.46875, 0.375, 0.25, 0.390625, 0.234375, 0.1796875, 0.1015625, 0.28125, 0.125, 0.40625, 0.125, 0.203125, 0.03125, 0.0546875, 0.328125, 0.4375, 0.265625, 0.078125, 0.234375, 0.2109375, 0.171875]",[101],0.6172432537584797,0.5315059566311003
343,7646.875,"[0.75, 0.75, 0.5, 0.359375, 0.46875, 0.328125, 0.0859375, 0.5625, 0.1875, 0.75, 0.09375, 0.34375, 0.0625, 0.0390625, 0.59375, 0.8125, 0.53125, 0.078125, 0.4375, 0.421875, 0.15625]","[0.46875, 0.4375, 0.25, 0.390625, 0.234375, 0.1796875, 0.1015625, 0.28125, 0.125, 0.40625, 0.125, 0.203125, 0.03125, 0.0546875, 0.328125, 0.4375, 0.265625, 0.078125, 0.234375, 0.2109375, 0.171875]",[102],0.626102114938159,0.541411153568607
344,7805.625,"[0.75, 0.75, 0.5, 0.359375, 0.46875, 0.328125, 0.0859375, 0.5625, 0.1875, 0.75, 0.09375, 0.34375, 0.0625, 0.0390625, 0.59375, 0.8125, 0.53125, 0.078125, 0.4375, 0.421875, 0.15625]","[0.46875, 0.4375, 0.25, 0.390625, 0.234375, 0.1796875, 0.1015625, 0.28125, 0.125, 0.40625, 0.125, 0.203125, 0.03125, 0.0546875, 0.328125, 0.4375, 0.265625, 0.078125, 0.234375, 0.2109375, 0.171875]",[102],0.626102114938159,0.541411153568607
345,7686.25,"[0.75, 0.75, 0.5625, 0.359375, 0.46875, 0.328125, 0.0859375, 0.5625, 0.1875, 0.75, 0.09375, 0.34375, 0.0625, 0.0390625, 0.59375, 0.8125, 0.53125, 0.078125, 0.4375, 0.421875, 0.15625]","[0.46875, 0.4375, 0.3125, 0.390625, 0.234375, 0.1796875, 0.1015625, 0.28125, 0.125, 0.40625, 0.125, 0.203125, 0.03125, 0.0546875, 0.328125, 0.4375, 0.265625, 0.078125, 0.234375, 0.2109375, 0.171875]",[103],0.6254495487279608,0.5386285455294507
346,7705.9375,"[0.75, 0.75, 0.5625, 0.359375, 0.46875, 0.328125, 0.0859375, 0.5625, 0.1875, 0.78125, 0.09375, 0.34375, 0.0625, 0.0390625, 0.59375, 0.8125, 0.53125, 0.078125, 0.4375, 0.421875, 0.15625]","[0.46875, 0.4375, 0.3125, 0.390625, 0.234375, 0.1796875, 0.1015625, 0.28125, 0.125, 0.421875, 0.125, 0.203125, 0.03125, 0.0546875, 0.328125, 0.4375, 0.265625, 0.078125, 0.234375, 0.2109375, 0.171875]",[104],0.6285565465268022,0.5410089923447527
347,7745.3125,"[0.75, 0.75, 0.5625, 0.359375, 0.46875, 0.328125, 0.0859375, 0.5625, 0.1875, 0.78125, 0.09375, 0.34375, 0.0625, 0.0390625, 0.59375, 0.8125, 0.46875, 0.078125, 0.4375, 0.421875, 0.15625]","[0.46875, 0.4375, 0.3125, 0.390625, 0.234375, 0.1796875, 0.1015625, 0.28125, 0.125, 0.421875, 0.125, 0.203125, 0.03125, 0.0546875, 0.328125, 0.4375, 0.234375, 0.078125, 0.234375, 0.2109375, 0.171875]",[48],0.6302451080200003,0.5439634223427363
348,7746.25,"[0.75, 0.75, 0.5625, 0.359375, 0.46875, 0.328125, 0.0859375, 0.5625, 0.1875, 0.78125, 0.09375, 0.34375, 0.0625, 0.0703125, 0.59375, 0.8125, 0.46875, 0.046875, 0.4375, 0.421875, 0.15625]","[0.46875, 0.4375, 0.3125, 0.390625, 0.234375, 0.1796875, 0.1015625, 0.28125, 0.125, 0.421875, 0.125, 0.203125, 0.03125, 0.0859375, 0.328125, 0.4375, 0.234375, 0.046875, 0.234375, 0.2109375, 0.171875]",[6],0.6301282475677312,0.5443310539518174
349,7865.3125,"[0.75, 0.75, 0.5625, 0.359375, 0.59375, 0.328125, 0.0859375, 0.5625, 0.1875, 0.78125, 0.09375, 0.34375, 0.0625, 0.0703125, 0.59375, 0.8125, 0.46875, 0.046875, 0.4375, 0.40625, 0.15625]","[0.46875, 0.4375, 0.3125, 0.390625, 0.296875, 0.1796875, 0.1015625, 0.28125, 0.125, 0.421875, 0.125, 0.203125, 0.03125, 0.0859375, 0.328125, 0.4375, 0.234375, 0.046875, 0.234375, 0.203125, 0.171875]",[54],0.629580668207922,0.5410830043084192
350,7884.84375,"[0.75, 0.75, 0.5625, 0.359375, 0.59375, 0.328125, 0.0859375, 0.5625, 0.1875, 0.78125, 0.09375, 0.34375, 0.0625, 0.0703125, 0.59375, 0.8125, 0.46875, 0.046875, 0.4375, 0.40625, 0.15625]","[0.46875, 0.4375, 0.3125, 0.390625, 0.296875, 0.1796875, 0.1015625, 0.28125, 0.125, 0.421875, 0.125, 0.203125, 0.03125, 0.0859375, 0.328125, 0.4375, 0.234375, 0.046875, 0.234375, 0.203125, 0.171875]",[54],0.629580668207922,0.5410830043084192
351,7865.390625,"[0.75, 0.75, 0.5625, 0.359375, 0.59375, 0.328125, 0.0859375, 0.5625, 0.1875, 0.78125, 0.09375, 0.34375, 0.0625, 0.0703125, 0.59375, 0.8125, 0.46875, 0.046875, 0.4375, 0.40625, 0.1640625]","[0.46875, 0.4375, 0.3125, 0.390625, 0.296875, 0.1796875, 0.1015625, 0.28125, 0.125, 0.421875, 0.125, 0.203125, 0.03125, 0.0859375, 0.328125, 0.4375, 0.234375, 0.046875, 0.234375, 0.203125, 0.1796875]",[104],0.6281149436856337,0.5394704864131923
352,7904.765625,"[0.75, 0.75, 0.5625, 0.359375, 0.59375, 0.328125, 0.0703125, 0.5625, 0.1875, 0.78125, 0.09375, 0.34375, 0.0625, 0.0703125, 0.59375, 0.875, 0.46875, 0.046875, 0.4375, 0.40625, 0.1640625]","[0.46875, 0.4375, 0.3125, 0.390625, 0.296875, 0.1796875, 0.0703125, 0.28125, 0.125, 0.421875, 0.125, 0.203125, 0.03125, 0.0859375, 0.328125, 0.46875, 0.234375, 0.046875, 0.234375, 0.203125, 0.1796875]",[98],0.6396051153720597,0.55621655765762
353,7943.671875,"[0.75, 0.75, 0.5625, 0.359375, 0.59375, 0.328125, 0.0703125, 0.5625, 0.1875, 0.78125, 0.09375, 0.34375, 0.0625, 0.0703125, 0.59375, 0.875, 0.46875, 0.046875, 0.4375, 0.40625, 0.1640625]","[0.46875, 0.4375, 0.3125, 0.390625, 0.296875, 0.1796875, 0.0703125, 0.28125, 0.125, 0.421875, 0.125, 0.203125, 0.03125, 0.0859375, 0.328125, 0.46875, 0.234375, 0.046875, 0.234375, 0.203125, 0.1796875]",[98],0.6396051153720597,0.55621655765762
354,8024.296875,"[0.75, 0.75, 0.5625, 0.359375, 0.46875, 0.328125, 0.1328125, 0.5625, 0.1875, 0.78125, 0.09375, 0.34375, 0.0625, 0.0703125, 0.59375, 0.875, 0.46875, 0.046875, 0.4375, 0.40625, 0.1640625]","[0.46875, 0.4375, 0.3125, 0.390625, 0.234375, 0.1796875, 0.1328125, 0.28125, 0.125, 0.421875, 0.125, 0.203125, 0.03125, 0.0859375, 0.328125, 0.46875, 0.234375, 0.046875, 0.234375, 0.203125, 0.1796875]",[83],0.6282208753696958,0.5412766102724913
355,7904.921875,"[0.75, 0.75, 0.5625, 0.359375, 0.46875, 0.328125, 0.1328125, 0.5625, 0.25, 0.78125, 0.09375, 0.34375, 0.0625, 0.0703125, 0.59375, 0.875, 0.46875, 0.046875, 0.4375, 0.40625, 0.1640625]","[0.46875, 0.4375, 0.3125, 0.390625, 0.234375, 0.1796875, 0.1328125, 0.28125, 0.1875, 0.421875, 0.125, 0.203125, 0.03125, 0.0859375, 0.328125, 0.46875, 0.234375, 0.046875, 0.234375, 0.203125, 0.1796875]",[105],0.6182062067868561,0.526548756226799
356,7924.609375,"[0.78125, 0.75, 0.5625, 0.359375, 0.46875, 0.328125, 0.1328125, 0.5625, 0.25, 0.78125, 0.09375, 0.34375, 0.0625, 0.0703125, 0.59375, 0.875, 0.46875, 0.046875, 0.4375, 0.40625, 0.1640625]","[0.484375, 0.4375, 0.3125, 0.390625, 0.234375, 0.1796875, 0.1328125, 0.28125, 0.1875, 0.421875, 0.125, 0.203125, 0.03125, 0.0859375, 0.328125, 0.46875, 0.234375, 0.046875, 0.234375, 0.203125, 0.1796875]",[106],0.6211781475006309,0.5302320349391769
357,7964.296875,"[0.78125, 0.75, 0.5625, 0.359375, 0.5, 0.328125, 0.1328125, 0.5625, 0.25, 0.78125, 0.09375, 0.34375, 0.0625, 0.0703125, 0.59375, 0.875, 0.46875, 0.046875, 0.375, 0.40625, 0.1640625]","[0.484375, 0.4375, 0.3125, 0.390625, 0.25, 0.1796875, 0.1328125, 0.28125, 0.1875, 0.421875, 0.125, 0.203125, 0.03125, 0.0859375, 0.328125, 0.46875, 0.234375, 0.046875, 0.203125, 0.203125, 0.1796875]",[4],0.6245894562909986,0.5330219067041844
358,7963.671875,"[0.78125, 0.75, 0.6875, 0.359375, 0.5, 0.328125, 0.1328125, 0.5625, 0.25, 0.78125, 0.09375, 0.34375, 0.0625, 0.0703125, 0.59375, 0.875, 0.46875, 0.046875, 0.375, 0.40625, 0.1640625]","[0.484375, 0.4375, 0.375, 0.390625, 0.25, 0.1796875, 0.1328125, 0.28125, 0.1875, 0.421875, 0.125, 0.203125, 0.03125, 0.0859375, 0.328125, 0.46875, 0.234375, 0.046875, 0.203125, 0.203125, 0.1796875]",[107],0.6278338836303506,0.535218024111047
359,8121.171875,"[0.78125, 0.75, 0.6875, 0.359375, 0.5, 0.328125, 0.1328125, 0.5625, 0.25, 0.78125, 0.09375, 0.34375, 0.0625, 0.0703125, 0.59375, 0.875, 0.46875, 0.046875, 0.375, 0.40625, 0.1640625]","[0.484375, 0.4375, 0.375, 0.390625, 0.25, 0.1796875, 0.1328125, 0.28125, 0.1875, 0.421875, 0.125, 0.203125, 0.03125, 0.0859375, 0.328125, 0.46875, 0.234375, 0.046875, 0.203125, 0.203125, 0.1796875]",[107],0.6278338836303506,0.535218024111047
360,8003.359375,"[0.78125, 0.75, 0.6875, 0.359375, 0.5, 0.328125, 0.1328125, 0.5625, 0.25, 0.78125, 0.09375, 0.328125, 0.0625, 0.0703125, 0.59375, 0.875, 0.46875, 0.046875, 0.34375, 0.40625, 0.1640625]","[0.484375, 0.4375, 0.375, 0.390625, 0.25, 0.1796875, 0.1328125, 0.28125, 0.1875, 0.421875, 0.125, 0.1953125, 0.03125, 0.0859375, 0.328125, 0.46875, 0.234375, 0.046875, 0.1875, 0.203125, 0.1796875]",[1],0.6324958511952995,0.539385648565198
361,7923.984375,"[0.78125, 0.75, 0.6875, 0.359375, 0.5, 0.328125, 0.1328125, 0.5625, 0.25, 0.78125, 0.09375, 0.328125, 0.0625, 0.0703125, 0.59375, 0.875, 0.46875, 0.0625, 0.34375, 0.40625, 0.1640625]","[0.484375, 0.4375, 0.375, 0.390625, 0.25, 0.1796875, 0.1328125, 0.28125, 0.1875, 0.421875, 0.125, 0.1953125, 0.03125, 0.0859375, 0.328125, 0.46875, 0.234375, 0.0625, 0.1875, 0.203125, 0.1796875]",[78],0.6288515080891668,0.5334404503886889
362,7963.359375,"[0.78125, 0.75, 0.6875, 0.359375, 0.5, 0.328125, 0.1328125, 0.5625, 0.25, 0.84375, 0.09375, 0.328125, 0.0625, 0.0703125, 0.59375, 0.875, 0.46875, 0.0625, 0.34375, 0.40625, 0.1640625]","[0.484375, 0.4375, 0.375, 0.390625, 0.25, 0.1796875, 0.1328125, 0.28125, 0.1875, 0.453125, 0.125, 0.1953125, 0.03125, 0.0859375, 0.328125, 0.46875, 0.234375, 0.0625, 0.1875, 0.203125, 0.1796875]",[107],0.6354577461464195,0.5385424621504739
363,8042.734375,"[0.78125, 0.75, 0.6875, 0.359375, 0.5, 0.328125, 0.1328125, 0.5625, 0.25, 0.84375, 0.09375, 0.390625, 0.0625, 0.0703125, 0.59375, 0.875, 0.46875, 0.0625, 0.34375, 0.40625, 0.1640625]","[0.484375, 0.4375, 0.375, 0.390625, 0.25, 0.1796875, 0.1328125, 0.28125, 0.1875, 0.453125, 0.125, 0.2265625, 0.03125, 0.0859375, 0.328125, 0.46875, 0.234375, 0.0625, 0.1875, 0.203125, 0.1796875]",[108],0.6294108490816804,0.5335843004052667
364,8042.734375,"[0.78125, 0.75, 0.6875, 0.359375, 0.5, 0.328125, 0.1328125, 0.5625, 0.25, 0.84375, 0.09375, 0.390625, 0.0, 0.0703125, 0.59375, 0.875, 0.46875, 0.0625, 0.34375, 0.40625, 0.1640625]","[0.484375, 0.4375, 0.375, 0.390625, 0.25, 0.1796875, 0.1328125, 0.28125, 0.1875, 0.453125, 0.125, 0.2265625, 0.0, 0.0859375, 0.328125, 0.46875, 0.234375, 0.0625, 0.1875, 0.203125, 0.1796875]","[108, 64, 109]",0.64442286426115,0.5470339025462493
365,8318.203125,"[0.78125, 0.75, 0.6875, 0.359375, 0.5, 0.328125, 0.1328125, 0.8125, 0.25, 0.84375, 0.09375, 0.390625, 0.0, 0.0703125, 0.84375, 0.875, 0.46875, 0.0625, 0.34375, 0.40625, 0.1640625]","[0.484375, 0.4375, 0.375, 0.390625, 0.25, 0.1796875, 0.1328125, 0.40625, 0.1875, 0.453125, 0.125, 0.2265625, 0.0, 0.0859375, 0.453125, 0.46875, 0.234375, 0.0625, 0.1875, 0.203125, 0.1796875]",[109],0.663987088343857,0.5573776298761285
366,8298.203125,"[0.78125, 0.75, 0.6875, 0.359375, 0.5, 0.328125, 0.1328125, 0.8125, 0.25, 0.84375, 0.109375, 0.390625, 0.0, 0.0703125, 0.84375, 0.875, 0.46875, 0.0625, 0.34375, 0.40625, 0.1640625]","[0.484375, 0.4375, 0.375, 0.390625, 0.25, 0.1796875, 0.1328125, 0.40625, 0.1875, 0.453125, 0.140625, 0.2265625, 0.0, 0.0859375, 0.453125, 0.46875, 0.234375, 0.0625, 0.1875, 0.203125, 0.1796875]",[110],0.6608849027518924,0.5532870407319267
367,8337.578125,"[0.78125, 0.75, 0.6875, 0.359375, 0.5, 0.328125, 0.1328125, 0.8125, 0.3125, 0.84375, 0.109375, 0.390625, 0.0, 0.0703125, 0.84375, 0.875, 0.46875, 0.0625, 0.34375, 0.40625, 0.1640625]","[0.484375, 0.4375, 0.375, 0.390625, 0.25, 0.1796875, 0.1328125, 0.40625, 0.21875, 0.453125, 0.140625, 0.2265625, 0.0, 0.0859375, 0.453125, 0.46875, 0.234375, 0.0625, 0.1875, 0.203125, 0.1796875]",[111],0.6527216149400237,0.5478182591906476
368,8416.328125,"[0.78125, 0.75, 0.6875, 0.359375, 0.5, 0.328125, 0.1328125, 0.8125, 0.3125, 0.84375, 0.109375, 0.390625, 0.0, 0.0703125, 0.84375, 0.8125, 0.40625, 0.0625, 0.34375, 0.40625, 0.1640625]","[0.484375, 0.4375, 0.375, 0.390625, 0.25, 0.1796875, 0.1328125, 0.40625, 0.21875, 0.453125, 0.140625, 0.2265625, 0.0, 0.0859375, 0.453125, 0.40625, 0.203125, 0.0625, 0.1875, 0.203125, 0.1796875]",[26],0.651885985253417,0.5451000939884285
369,8258.828125,"[0.78125, 0.75, 0.6875, 0.359375, 0.5, 0.328125, 0.1328125, 0.8125, 0.3125, 0.84375, 0.109375, 0.390625, 0.0, 0.0703125, 0.84375, 0.8125, 0.40625, 0.0625, 0.34375, 0.40625, 0.1640625]","[0.484375, 0.4375, 0.375, 0.390625, 0.25, 0.1796875, 0.1328125, 0.40625, 0.21875, 0.453125, 0.140625, 0.2265625, 0.0, 0.0859375, 0.453125, 0.40625, 0.203125, 0.0625, 0.1875, 0.203125, 0.1796875]","[26, 27, 35]",0.651885985253417,0.5451000939884285
370,8457.578125,"[0.78125, 0.75, 0.6875, 0.359375, 0.5, 0.328125, 0.1328125, 0.8125, 0.3125, 0.84375, 0.109375, 0.359375, 0.0, 0.1328125, 0.90625, 0.8125, 0.40625, 0.0625, 0.34375, 0.40625, 0.1640625]","[0.484375, 0.4375, 0.375, 0.390625, 0.25, 0.1796875, 0.1328125, 0.40625, 0.21875, 0.453125, 0.140625, 0.1953125, 0.0, 0.1484375, 0.515625, 0.40625, 0.203125, 0.0625, 0.1875, 0.203125, 0.1796875]","[27, 74]",0.6484673458462571,0.5438830325453873
371,8437.578125,"[0.78125, 0.75, 0.6875, 0.359375, 0.5, 0.328125, 0.1328125, 0.84375, 0.3125, 0.84375, 0.109375, 0.359375, 0.0, 0.1328125, 0.90625, 0.8125, 0.40625, 0.0625, 0.34375, 0.40625, 0.1640625]","[0.484375, 0.4375, 0.375, 0.390625, 0.25, 0.1796875, 0.1328125, 0.421875, 0.21875, 0.453125, 0.140625, 0.1953125, 0.0, 0.1484375, 0.515625, 0.40625, 0.203125, 0.0625, 0.1875, 0.203125, 0.1796875]","[27, 112]",0.6508798892960634,0.5452321583590568
372,8634.765625,"[0.78125, 0.75, 0.9375, 0.328125, 0.5, 0.328125, 0.125, 0.84375, 0.3125, 0.84375, 0.109375, 0.359375, 0.0, 0.1328125, 0.90625, 0.8125, 0.40625, 0.0625, 0.3125, 0.40625, 0.1640625]","[0.484375, 0.4375, 0.5, 0.359375, 0.25, 0.1796875, 0.125, 0.421875, 0.21875, 0.453125, 0.140625, 0.1953125, 0.0, 0.1484375, 0.515625, 0.40625, 0.203125, 0.0625, 0.15625, 0.203125, 0.1796875]",[23],0.6749473353020838,0.5661686649126173
373,8575.15625,"[0.78125, 0.75, 0.9375, 0.328125, 0.5, 0.265625, 0.125, 0.84375, 0.3125, 0.84375, 0.109375, 0.359375, 0.0, 0.1328125, 0.90625, 0.8125, 0.40625, 0.0625, 0.3125, 0.40625, 0.1640625]","[0.484375, 0.4375, 0.5, 0.359375, 0.25, 0.1484375, 0.125, 0.421875, 0.21875, 0.453125, 0.140625, 0.1953125, 0.0, 0.1484375, 0.515625, 0.40625, 0.203125, 0.0625, 0.15625, 0.203125, 0.1796875]",[23],0.6827607938845243,0.5731125848657037
374,8575.15625,"[0.78125, 0.75, 0.9375, 0.328125, 0.5, 0.265625, 0.125, 0.84375, 0.3125, 0.84375, 0.109375, 0.359375, 0.0, 0.1328125, 0.90625, 0.8125, 0.40625, 0.0625, 0.3125, 0.40625, 0.1640625]","[0.484375, 0.4375, 0.5, 0.359375, 0.25, 0.1484375, 0.125, 0.421875, 0.21875, 0.453125, 0.140625, 0.1953125, 0.0, 0.1484375, 0.515625, 0.40625, 0.203125, 0.0625, 0.15625, 0.203125, 0.1796875]",[23],0.6827607938845243,0.5731125848657037
375,8455.78125,"[0.78125, 0.6875, 0.9375, 0.328125, 0.5, 0.234375, 0.125, 0.84375, 0.3125, 0.84375, 0.109375, 0.359375, 0.0, 0.1328125, 0.90625, 0.8125, 0.40625, 0.0625, 0.3125, 0.40625, 0.1484375]","[0.484375, 0.375, 0.5, 0.359375, 0.25, 0.1328125, 0.125, 0.421875, 0.21875, 0.453125, 0.140625, 0.1953125, 0.0, 0.1484375, 0.515625, 0.40625, 0.203125, 0.0625, 0.15625, 0.203125, 0.1484375]",[7],0.6884445914764935,0.5799978737671201
376,8317.34375,"[0.78125, 0.6875, 0.9375, 0.328125, 0.5, 0.234375, 0.125, 0.84375, 0.3125, 0.84375, 0.109375, 0.359375, 0.0, 0.1328125, 0.90625, 0.8125, 0.34375, 0.078125, 0.3125, 0.40625, 0.1484375]","[0.484375, 0.375, 0.5, 0.359375, 0.25, 0.1328125, 0.125, 0.421875, 0.21875, 0.453125, 0.140625, 0.1953125, 0.0, 0.1484375, 0.515625, 0.40625, 0.171875, 0.078125, 0.15625, 0.203125, 0.1484375]",[23],0.6913259543805061,0.5808403466665166
377,8317.8125,"[0.78125, 0.6875, 0.9375, 0.328125, 0.5, 0.234375, 0.125, 0.84375, 0.3125, 0.84375, 0.109375, 0.359375, 0.0, 0.1328125, 0.90625, 0.8125, 0.34375, 0.078125, 0.3125, 0.40625, 0.1640625]","[0.484375, 0.375, 0.5, 0.359375, 0.25, 0.1328125, 0.125, 0.421875, 0.21875, 0.453125, 0.140625, 0.1953125, 0.0, 0.1484375, 0.515625, 0.40625, 0.171875, 0.078125, 0.15625, 0.203125, 0.1640625]",[37],0.6885727508468862,0.5772151232891589
378,8397.1875,"[0.78125, 0.6875, 0.9375, 0.328125, 0.5, 0.234375, 0.125, 0.84375, 0.3125, 0.84375, 0.109375, 0.421875, 0.0, 0.1328125, 0.90625, 0.8125, 0.34375, 0.078125, 0.3125, 0.40625, 0.1640625]","[0.484375, 0.375, 0.5, 0.359375, 0.25, 0.1328125, 0.125, 0.421875, 0.21875, 0.453125, 0.140625, 0.2265625, 0.0, 0.1484375, 0.515625, 0.40625, 0.171875, 0.078125, 0.15625, 0.203125, 0.1640625]",[49],0.6828244227173581,0.5720182044300408
379,8554.6875,"[0.71875, 0.4375, 0.9375, 0.328125, 0.5, 0.234375, 0.125, 0.84375, 0.5625, 0.84375, 0.109375, 0.421875, 0.0, 0.1328125, 0.90625, 0.8125, 0.34375, 0.078125, 0.3125, 0.40625, 0.1640625]","[0.453125, 0.25, 0.5, 0.359375, 0.25, 0.1328125, 0.125, 0.421875, 0.34375, 0.453125, 0.140625, 0.2265625, 0.0, 0.1484375, 0.515625, 0.40625, 0.171875, 0.078125, 0.15625, 0.203125, 0.1640625]",[28],0.6690204306931595,0.5626434619625968
380,8397.5,"[0.71875, 0.4375, 0.9375, 0.328125, 0.5, 0.265625, 0.125, 0.84375, 0.5625, 0.84375, 0.109375, 0.421875, 0.0, 0.1328125, 0.90625, 0.8125, 0.34375, 0.078125, 0.3125, 0.40625, 0.1640625]","[0.453125, 0.25, 0.5, 0.359375, 0.25, 0.1640625, 0.125, 0.421875, 0.34375, 0.453125, 0.140625, 0.2265625, 0.0, 0.1484375, 0.515625, 0.40625, 0.171875, 0.078125, 0.15625, 0.203125, 0.1640625]",[41],0.66457412857434,0.5550685726716207
381,8417.34375,"[0.71875, 0.4375, 0.9375, 0.328125, 0.484375, 0.265625, 0.125, 0.84375, 0.5625, 0.84375, 0.109375, 0.421875, 0.0, 0.1328125, 0.90625, 0.8125, 0.34375, 0.078125, 0.3125, 0.421875, 0.1640625]","[0.453125, 0.25, 0.5, 0.359375, 0.2421875, 0.1640625, 0.125, 0.421875, 0.34375, 0.453125, 0.140625, 0.2265625, 0.0, 0.1484375, 0.515625, 0.40625, 0.171875, 0.078125, 0.15625, 0.2109375, 0.1640625]",[56],0.6641231563089784,0.554691066676172
382,8437.34375,"[0.71875, 0.4375, 0.9375, 0.328125, 0.484375, 0.265625, 0.125, 0.84375, 0.5625, 0.84375, 0.109375, 0.421875, 0.0, 0.1328125, 0.90625, 0.8125, 0.34375, 0.078125, 0.3125, 0.421875, 0.1796875]","[0.453125, 0.25, 0.5, 0.359375, 0.2421875, 0.1640625, 0.125, 0.421875, 0.34375, 0.453125, 0.140625, 0.2265625, 0.0, 0.1484375, 0.515625, 0.40625, 0.171875, 0.078125, 0.15625, 0.2109375, 0.1796875]",[58],0.6614508600059329,0.5513540346937715
383,8516.71875,"[0.71875, 0.4375, 0.9375, 0.328125, 0.484375, 0.265625, 0.09375, 0.84375, 0.5625, 0.84375, 0.109375, 0.421875, 0.0, 0.1328125, 0.90625, 0.8125, 0.34375, 0.078125, 0.296875, 0.421875, 0.1796875]","[0.453125, 0.25, 0.5, 0.359375, 0.2421875, 0.1640625, 0.09375, 0.421875, 0.34375, 0.453125, 0.140625, 0.2265625, 0.0, 0.1484375, 0.515625, 0.40625, 0.171875, 0.078125, 0.1484375, 0.2109375, 0.1796875]",[46],0.6694260856239174,0.5622928336043425
384,8337.8125,"[0.71875, 0.4375, 0.9375, 0.328125, 0.484375, 0.265625, 0.09375, 0.84375, 0.5625, 0.78125, 0.109375, 0.421875, 0.0, 0.1328125, 0.90625, 0.8125, 0.34375, 0.078125, 0.296875, 0.421875, 0.1796875]","[0.453125, 0.25, 0.5, 0.359375, 0.2421875, 0.1640625, 0.09375, 0.421875, 0.34375, 0.390625, 0.140625, 0.2265625, 0.0, 0.1484375, 0.515625, 0.40625, 0.171875, 0.078125, 0.1484375, 0.2109375, 0.1796875]","[46, 11, 58]",0.665228119608349,0.556068392007801
385,8656.25,"[0.71875, 0.4375, 0.9375, 0.328125, 0.484375, 0.265625, 0.09375, 0.84375, 0.5625, 0.78125, 0.109375, 0.421875, 0.0, 0.1328125, 0.90625, 0.8125, 0.34375, 0.078125, 0.421875, 0.421875, 0.2421875]","[0.453125, 0.25, 0.5, 0.359375, 0.2421875, 0.1640625, 0.09375, 0.421875, 0.34375, 0.390625, 0.140625, 0.2265625, 0.0, 0.1484375, 0.515625, 0.40625, 0.171875, 0.078125, 0.2109375, 0.2109375, 0.2421875]",[58],0.642781391753693,0.533066350810271
386,8636.25,"[0.71875, 0.4375, 0.9375, 0.328125, 0.484375, 0.265625, 0.09375, 0.84375, 0.5625, 0.78125, 0.109375, 0.421875, 0.0, 0.1328125, 0.90625, 0.8125, 0.375, 0.078125, 0.421875, 0.421875, 0.2421875]","[0.453125, 0.25, 0.5, 0.359375, 0.2421875, 0.1640625, 0.09375, 0.421875, 0.34375, 0.390625, 0.140625, 0.2265625, 0.0, 0.1484375, 0.515625, 0.40625, 0.1875, 0.078125, 0.2109375, 0.2109375, 0.2421875]",[75],0.6396320556903528,0.5298724653876802
387,8675.625,"[0.71875, 0.4375, 0.9375, 0.328125, 0.484375, 0.265625, 0.09375, 0.90625, 0.5625, 0.78125, 0.109375, 0.421875, 0.0, 0.1328125, 0.90625, 0.8125, 0.375, 0.078125, 0.421875, 0.421875, 0.2421875]","[0.453125, 0.25, 0.5, 0.359375, 0.2421875, 0.1640625, 0.09375, 0.453125, 0.34375, 0.390625, 0.140625, 0.2265625, 0.0, 0.1484375, 0.515625, 0.40625, 0.1875, 0.078125, 0.2109375, 0.2109375, 0.2421875]",[81],0.6452250367205632,0.533622171176448
388,8754.375,"[0.71875, 0.4375, 0.9375, 0.328125, 0.484375, 0.265625, 0.09375, 0.90625, 0.5625, 0.78125, 0.109375, 0.421875, 0.0, 0.1328125, 0.90625, 0.8125, 0.34375, 0.078125, 0.421875, 0.421875, 0.2421875]","[0.453125, 0.25, 0.5, 0.359375, 0.2421875, 0.1640625, 0.09375, 0.453125, 0.34375, 0.390625, 0.140625, 0.2265625, 0.0, 0.1484375, 0.515625, 0.40625, 0.171875, 0.078125, 0.2109375, 0.2109375, 0.2421875]",[61],0.6483908132304189,0.5368164420130176
389,8815.3125,"[0.71875, 0.4375, 0.9375, 0.328125, 0.484375, 0.265625, 0.09375, 0.90625, 0.5625, 0.78125, 0.109375, 0.421875, 0.0, 0.1953125, 0.90625, 0.8125, 0.34375, 0.078125, 0.421875, 0.421875, 0.2421875]","[0.453125, 0.25, 0.5, 0.359375, 0.2421875, 0.1640625, 0.09375, 0.453125, 0.34375, 0.390625, 0.140625, 0.2265625, 0.0, 0.2109375, 0.515625, 0.40625, 0.171875, 0.078125, 0.2109375, 0.2109375, 0.2421875]",[81],0.6375928850937544,0.5240253962675975
390,8854.6875,"[0.71875, 0.4375, 0.9375, 0.296875, 0.484375, 0.265625, 0.09375, 0.90625, 0.5625, 0.78125, 0.109375, 0.421875, 0.0, 0.1953125, 0.90625, 0.8125, 0.34375, 0.078125, 0.421875, 0.421875, 0.2421875]","[0.453125, 0.25, 0.5, 0.296875, 0.2421875, 0.1640625, 0.09375, 0.453125, 0.34375, 0.390625, 0.140625, 0.2265625, 0.0, 0.2109375, 0.515625, 0.40625, 0.171875, 0.078125, 0.2109375, 0.2109375, 0.2421875]",[80],0.6412875959437951,0.5251226610662875
391,8795.3125,"[0.71875, 0.4375, 0.9375, 0.296875, 0.484375, 0.265625, 0.09375, 0.90625, 0.5625, 0.78125, 0.109375, 0.421875, 0.0, 0.1953125, 0.90625, 0.8125, 0.34375, 0.078125, 0.421875, 0.421875, 0.2421875]","[0.453125, 0.25, 0.5, 0.296875, 0.2421875, 0.1640625, 0.09375, 0.453125, 0.34375, 0.390625, 0.140625, 0.2265625, 0.0, 0.2109375, 0.515625, 0.40625, 0.171875, 0.078125, 0.2109375, 0.2109375, 0.2421875]",[80],0.6412875959437951,0.5251226610662875
392,8815.3125,"[0.71875, 0.4375, 0.9375, 0.296875, 0.484375, 0.265625, 0.09375, 0.90625, 0.5625, 0.78125, 0.109375, 0.421875, 0.0, 0.1953125, 0.90625, 0.8125, 0.34375, 0.109375, 0.421875, 0.421875, 0.2421875]","[0.453125, 0.25, 0.5, 0.296875, 0.2421875, 0.1640625, 0.09375, 0.453125, 0.34375, 0.390625, 0.140625, 0.2265625, 0.0, 0.2109375, 0.515625, 0.40625, 0.171875, 0.109375, 0.2109375, 0.2109375, 0.2421875]",[81],0.6350766778067943,0.5152822546402445
393,8894.6875,"[0.71875, 0.4375, 0.9375, 0.265625, 0.421875, 0.328125, 0.09375, 0.90625, 0.5625, 0.78125, 0.109375, 0.421875, 0.0, 0.1953125, 0.90625, 0.8125, 0.34375, 0.109375, 0.421875, 0.421875, 0.2421875]","[0.453125, 0.25, 0.5, 0.265625, 0.2109375, 0.1953125, 0.09375, 0.453125, 0.34375, 0.390625, 0.140625, 0.2265625, 0.0, 0.2109375, 0.515625, 0.40625, 0.171875, 0.109375, 0.2109375, 0.2109375, 0.2421875]",[31],0.6355168627353084,0.5157034605575079
394,8935.0,"[0.71875, 0.4375, 0.9375, 0.265625, 0.421875, 0.328125, 0.09375, 0.90625, 0.5625, 0.78125, 0.109375, 0.421875, 0.0, 0.1953125, 0.90625, 0.8125, 0.34375, 0.109375, 0.421875, 0.421875, 0.2421875]","[0.453125, 0.25, 0.5, 0.265625, 0.2109375, 0.1953125, 0.09375, 0.453125, 0.34375, 0.390625, 0.140625, 0.2265625, 0.0, 0.2109375, 0.515625, 0.40625, 0.171875, 0.109375, 0.2109375, 0.2109375, 0.2421875]",[31],0.6355168627353084,0.5157034605575079
395,8815.0,"[0.59375, 0.4375, 0.9375, 0.265625, 0.421875, 0.328125, 0.09375, 0.90625, 0.5625, 0.78125, 0.109375, 0.421875, 0.0, 0.1953125, 0.90625, 0.8125, 0.34375, 0.109375, 0.421875, 0.421875, 0.2421875]","[0.390625, 0.25, 0.5, 0.265625, 0.2109375, 0.1953125, 0.09375, 0.453125, 0.34375, 0.390625, 0.140625, 0.2265625, 0.0, 0.2109375, 0.515625, 0.40625, 0.171875, 0.109375, 0.2109375, 0.2109375, 0.2421875]",[31],0.6341094398970789,0.5085129936767343
396,8716.796875,"[0.59375, 0.4375, 0.9375, 0.265625, 0.421875, 0.328125, 0.09375, 0.90625, 0.5625, 0.78125, 0.109375, 0.421875, 0.0, 0.1953125, 0.90625, 0.8125, 0.34375, 0.109375, 0.421875, 0.421875, 0.25]","[0.390625, 0.25, 0.5, 0.265625, 0.2109375, 0.1953125, 0.09375, 0.453125, 0.34375, 0.390625, 0.140625, 0.2265625, 0.0, 0.2109375, 0.515625, 0.40625, 0.171875, 0.109375, 0.2109375, 0.2109375, 0.25]",[55],0.6329887787949364,0.5076092291692402
397,8756.484375,"[0.59375, 0.4375, 0.9375, 0.265625, 0.421875, 0.296875, 0.09375, 0.90625, 0.5625, 0.78125, 0.140625, 0.421875, 0.0, 0.1953125, 0.90625, 0.8125, 0.34375, 0.109375, 0.421875, 0.421875, 0.25]","[0.390625, 0.25, 0.5, 0.265625, 0.2109375, 0.1640625, 0.09375, 0.453125, 0.34375, 0.390625, 0.171875, 0.2265625, 0.0, 0.2109375, 0.515625, 0.40625, 0.171875, 0.109375, 0.2109375, 0.2109375, 0.25]",[28],0.6307470486184077,0.5066234577189738
398,8796.171875,"[0.59375, 0.4375, 0.9375, 0.265625, 0.421875, 0.296875, 0.09375, 0.90625, 0.5625, 0.78125, 0.140625, 0.421875, 0.0, 0.1953125, 0.90625, 0.8125, 0.3125, 0.109375, 0.421875, 0.421875, 0.25]","[0.390625, 0.25, 0.5, 0.265625, 0.2109375, 0.1640625, 0.09375, 0.453125, 0.34375, 0.390625, 0.171875, 0.2265625, 0.0, 0.2109375, 0.515625, 0.40625, 0.15625, 0.109375, 0.2109375, 0.2109375, 0.25]",[28],0.6342489537797433,0.5101549447031698
399,8855.859375,"[0.59375, 0.4375, 0.9375, 0.390625, 0.421875, 0.296875, 0.09375, 0.90625, 0.5625, 0.78125, 0.140625, 0.421875, 0.0, 0.1953125, 0.90625, 0.8125, 0.3125, 0.109375, 0.421875, 0.421875, 0.25]","[0.390625, 0.25, 0.5, 0.390625, 0.2109375, 0.1640625, 0.09375, 0.453125, 0.34375, 0.390625, 0.171875, 0.2265625, 0.0, 0.2109375, 0.515625, 0.40625, 0.15625, 0.109375, 0.2109375, 0.2109375, 0.25]",[34],0.6202563131284152,0.5089362000054194
400,8895.546875,"[0.59375, 0.4375, 0.9375, 0.390625, 0.421875, 0.296875, 0.09375, 0.90625, 0.5625, 0.78125, 0.140625, 0.390625, 0.0, 0.1953125, 0.90625, 0.8125, 0.3125, 0.140625, 0.421875, 0.421875, 0.25]","[0.390625, 0.25, 0.5, 0.390625, 0.2109375, 0.1640625, 0.09375, 0.453125, 0.34375, 0.390625, 0.171875, 0.1953125, 0.0, 0.2109375, 0.515625, 0.40625, 0.15625, 0.171875, 0.2109375, 0.2109375, 0.25]",[12],0.6168895172027439,0.4980679069148734
401,8875.703125,"[0.59375, 0.4375, 0.9375, 0.390625, 0.421875, 0.296875, 0.09375, 0.90625, 0.5625, 0.78125, 0.140625, 0.390625, 0.015625, 0.1953125, 0.90625, 0.8125, 0.3125, 0.140625, 0.421875, 0.421875, 0.25]","[0.390625, 0.25, 0.5, 0.390625, 0.2109375, 0.1640625, 0.09375, 0.453125, 0.34375, 0.390625, 0.171875, 0.1953125, 0.0078125, 0.2109375, 0.515625, 0.40625, 0.15625, 0.171875, 0.2109375, 0.2109375, 0.25]",[68],0.6132201658302486,0.4946609330791545
402,8915.390625,"[0.59375, 0.4375, 0.875, 0.390625, 0.421875, 0.296875, 0.09375, 0.90625, 0.5625, 0.78125, 0.140625, 0.390625, 0.015625, 0.1953125, 0.90625, 0.8125, 0.3125, 0.140625, 0.421875, 0.421875, 0.25]","[0.390625, 0.25, 0.4375, 0.390625, 0.2109375, 0.1640625, 0.09375, 0.453125, 0.34375, 0.390625, 0.171875, 0.1953125, 0.0078125, 0.2109375, 0.515625, 0.40625, 0.15625, 0.171875, 0.2109375, 0.2109375, 0.25]",[68],0.6060947824058048,0.4834076866684087
403,8915.078125,"[0.59375, 0.4375, 0.875, 0.390625, 0.421875, 0.296875, 0.09375, 0.90625, 0.5625, 0.78125, 0.140625, 0.390625, 0.015625, 0.1953125, 0.90625, 0.8125, 0.3125, 0.140625, 0.421875, 0.421875, 0.1875]","[0.390625, 0.25, 0.4375, 0.390625, 0.2109375, 0.1640625, 0.09375, 0.453125, 0.34375, 0.390625, 0.171875, 0.1953125, 0.0078125, 0.2109375, 0.515625, 0.40625, 0.15625, 0.171875, 0.2109375, 0.2109375, 0.1875]",[46],0.615750960097691,0.4929669275283926
404,8835.703125,"[0.59375, 0.4375, 0.875, 0.390625, 0.546875, 0.296875, 0.09375, 0.90625, 0.5625, 0.78125, 0.140625, 0.390625, 0.015625, 0.1953125, 0.90625, 0.8125, 0.3125, 0.140625, 0.296875, 0.421875, 0.1875]","[0.390625, 0.25, 0.4375, 0.390625, 0.2734375, 0.1640625, 0.09375, 0.453125, 0.34375, 0.390625, 0.171875, 0.1953125, 0.0078125, 0.2109375, 0.515625, 0.40625, 0.15625, 0.171875, 0.1484375, 0.2109375, 0.1875]",[11],0.6218755375853696,0.49830100290646556
405,8716.328125,"[0.59375, 0.4375, 0.875, 0.390625, 0.546875, 0.296875, 0.09375, 0.90625, 0.5625, 0.78125, 0.140625, 0.390625, 0.015625, 0.1953125, 0.90625, 0.8125, 0.28125, 0.140625, 0.296875, 0.421875, 0.1875]","[0.390625, 0.25, 0.4375, 0.390625, 0.2734375, 0.1640625, 0.09375, 0.453125, 0.34375, 0.390625, 0.171875, 0.1953125, 0.0078125, 0.2109375, 0.515625, 0.40625, 0.140625, 0.171875, 0.1484375, 0.2109375, 0.1875]",[11],0.6257476087128984,0.5021747053389276
406,8677.1875,"[0.59375, 0.4375, 0.875, 0.390625, 0.546875, 0.296875, 0.09375, 0.90625, 0.5625, 0.78125, 0.140625, 0.390625, 0.015625, 0.1953125, 0.90625, 0.8125, 0.28125, 0.140625, 0.296875, 0.421875, 0.1875]","[0.390625, 0.25, 0.4375, 0.390625, 0.2734375, 0.1640625, 0.09375, 0.453125, 0.34375, 0.390625, 0.171875, 0.1953125, 0.0078125, 0.2109375, 0.515625, 0.40625, 0.140625, 0.171875, 0.1484375, 0.2109375, 0.1875]",[11],0.6257476087128984,0.5021747053389276
407,8696.640625,"[0.59375, 0.4375, 0.875, 0.390625, 0.546875, 0.296875, 0.09375, 0.90625, 0.5625, 0.84375, 0.140625, 0.390625, 0.015625, 0.1953125, 0.90625, 0.8125, 0.28125, 0.140625, 0.296875, 0.421875, 0.1875]","[0.390625, 0.25, 0.4375, 0.390625, 0.2734375, 0.1640625, 0.09375, 0.453125, 0.34375, 0.421875, 0.171875, 0.1953125, 0.0078125, 0.2109375, 0.515625, 0.40625, 0.140625, 0.171875, 0.1484375, 0.2109375, 0.1875]",[40],0.6304449450721319,0.505268830940884
408,8775.390625,"[0.59375, 0.4375, 0.875, 0.390625, 0.546875, 0.296875, 0.09375, 0.90625, 0.5625, 0.84375, 0.140625, 0.390625, 0.015625, 0.1953125, 0.90625, 0.8125, 0.28125, 0.140625, 0.296875, 0.421875, 0.1796875]","[0.390625, 0.25, 0.4375, 0.390625, 0.2734375, 0.1640625, 0.09375, 0.453125, 0.34375, 0.421875, 0.171875, 0.1953125, 0.0078125, 0.2109375, 0.515625, 0.40625, 0.140625, 0.171875, 0.1484375, 0.2109375, 0.1796875]",[40],0.6317517644040637,0.5068325386921662
409,8836.09375,"[0.59375, 0.4375, 0.875, 0.390625, 0.546875, 0.296875, 0.09375, 0.90625, 0.5625, 0.84375, 0.140625, 0.390625, 0.015625, 0.1953125, 0.90625, 0.8125, 0.28125, 0.140625, 0.296875, 0.421875, 0.1796875]","[0.390625, 0.25, 0.4375, 0.390625, 0.2734375, 0.1640625, 0.09375, 0.453125, 0.34375, 0.421875, 0.171875, 0.1953125, 0.0078125, 0.2109375, 0.515625, 0.40625, 0.140625, 0.171875, 0.1484375, 0.2109375, 0.1796875]",[40],0.6317517644040637,0.5068325386921662
410,8716.40625,"[0.59375, 0.4375, 0.875, 0.390625, 0.546875, 0.296875, 0.09375, 0.90625, 0.5625, 0.84375, 0.140625, 0.390625, 0.015625, 0.1953125, 0.90625, 0.5625, 0.28125, 0.140625, 0.296875, 0.421875, 0.1796875]","[0.390625, 0.25, 0.4375, 0.390625, 0.2734375, 0.1640625, 0.09375, 0.453125, 0.34375, 0.421875, 0.171875, 0.1953125, 0.0078125, 0.2109375, 0.515625, 0.28125, 0.140625, 0.171875, 0.1484375, 0.2109375, 0.1796875]",[20],0.6242096801052981,0.5044526332325088
411,8539.140625,"[0.59375, 0.4375, 0.875, 0.390625, 0.546875, 0.296875, 0.09375, 0.90625, 0.5, 0.84375, 0.140625, 0.390625, 0.015625, 0.1953125, 0.90625, 0.5625, 0.28125, 0.140625, 0.296875, 0.421875, 0.1875]","[0.390625, 0.25, 0.4375, 0.390625, 0.2734375, 0.1640625, 0.09375, 0.453125, 0.28125, 0.421875, 0.171875, 0.1953125, 0.0078125, 0.2109375, 0.515625, 0.28125, 0.140625, 0.171875, 0.1484375, 0.2109375, 0.1875]",[40],0.6246163718345796,0.5039214282628118
412,8539.453125,"[0.53125, 0.4375, 0.875, 0.390625, 0.546875, 0.296875, 0.09375, 0.90625, 0.5, 0.59375, 0.125, 0.390625, 0.015625, 0.1953125, 0.90625, 0.5625, 0.28125, 0.140625, 0.296875, 0.421875, 0.1875]","[0.328125, 0.25, 0.4375, 0.390625, 0.2734375, 0.1640625, 0.09375, 0.453125, 0.28125, 0.296875, 0.15625, 0.1953125, 0.0078125, 0.2109375, 0.515625, 0.28125, 0.140625, 0.171875, 0.1484375, 0.2109375, 0.1875]",[40],0.6136324466121129,0.4950407001610952
413,8362.421875,"[0.53125, 0.4375, 0.875, 0.453125, 0.546875, 0.234375, 0.09375, 0.90625, 0.5, 0.59375, 0.125, 0.390625, 0.015625, 0.1953125, 0.90625, 0.5625, 0.28125, 0.140625, 0.296875, 0.421875, 0.1875]","[0.328125, 0.25, 0.4375, 0.453125, 0.2734375, 0.1328125, 0.09375, 0.453125, 0.28125, 0.296875, 0.15625, 0.1953125, 0.0078125, 0.2109375, 0.515625, 0.28125, 0.140625, 0.171875, 0.1484375, 0.2109375, 0.1875]",[53],0.6180368271721101,0.5134480192454651
414,8441.796875,"[0.53125, 0.4375, 0.875, 0.453125, 0.546875, 0.234375, 0.09375, 0.90625, 0.5, 0.59375, 0.125, 0.390625, 0.015625, 0.1953125, 0.90625, 0.4375, 0.28125, 0.140625, 0.265625, 0.421875, 0.1875]","[0.328125, 0.25, 0.4375, 0.453125, 0.2734375, 0.1328125, 0.09375, 0.453125, 0.28125, 0.296875, 0.15625, 0.1953125, 0.0078125, 0.2109375, 0.515625, 0.21875, 0.140625, 0.171875, 0.1328125, 0.2109375, 0.1875]",[0],0.626054639887285,0.5234786990426765
415,8203.984375,"[0.53125, 0.4375, 0.875, 0.453125, 0.546875, 0.234375, 0.09375, 0.96875, 0.5, 0.59375, 0.125, 0.390625, 0.015625, 0.1953125, 0.90625, 0.4375, 0.28125, 0.140625, 0.265625, 0.421875, 0.1875]","[0.328125, 0.25, 0.4375, 0.453125, 0.2734375, 0.1328125, 0.09375, 0.515625, 0.28125, 0.296875, 0.15625, 0.1953125, 0.0078125, 0.2109375, 0.515625, 0.21875, 0.140625, 0.171875, 0.1328125, 0.2109375, 0.1875]",[53],0.6364366720074851,0.5389591361414445
416,8223.671875,"[0.53125, 0.4375, 0.875, 0.453125, 0.546875, 0.21875, 0.09375, 0.96875, 0.5, 0.59375, 0.125, 0.390625, 0.015625, 0.1953125, 0.90625, 0.4375, 0.28125, 0.140625, 0.265625, 0.421875, 0.1875]","[0.328125, 0.25, 0.4375, 0.453125, 0.2734375, 0.125, 0.09375, 0.515625, 0.28125, 0.296875, 0.15625, 0.1953125, 0.0078125, 0.2109375, 0.515625, 0.21875, 0.140625, 0.171875, 0.1328125, 0.2109375, 0.1875]",[44],0.6388687892631608,0.5411033106466757
417,8223.984375,"[0.53125, 0.4375, 0.875, 0.453125, 0.546875, 0.21875, 0.109375, 0.96875, 0.5, 0.59375, 0.125, 0.390625, 0.015625, 0.1953125, 0.90625, 0.4375, 0.28125, 0.140625, 0.265625, 0.421875, 0.1875]","[0.328125, 0.25, 0.4375, 0.453125, 0.2734375, 0.125, 0.109375, 0.515625, 0.28125, 0.296875, 0.15625, 0.1953125, 0.0078125, 0.2109375, 0.515625, 0.21875, 0.140625, 0.171875, 0.1328125, 0.2109375, 0.1875]",[53],0.6355650324380026,0.5361998775865858
418,8302.734375,"[0.53125, 0.4375, 0.875, 0.453125, 0.546875, 0.21875, 0.109375, 0.96875, 0.5, 0.59375, 0.125, 0.390625, 0.015625, 0.1953125, 0.90625, 0.4375, 0.28125, 0.140625, 0.265625, 0.421875, 0.1875]","[0.328125, 0.25, 0.4375, 0.453125, 0.2734375, 0.125, 0.109375, 0.515625, 0.28125, 0.296875, 0.15625, 0.1953125, 0.0078125, 0.2109375, 0.515625, 0.21875, 0.140625, 0.171875, 0.1328125, 0.2109375, 0.1875]",[53],0.6355650324380026,0.5361998775865858
419,8223.984375,"[0.53125, 0.4375, 0.875, 0.453125, 0.546875, 0.21875, 0.109375, 0.96875, 0.5, 0.59375, 0.125, 0.390625, 0.015625, 0.1796875, 0.90625, 0.4375, 0.28125, 0.140625, 0.265625, 0.421875, 0.1875]","[0.328125, 0.25, 0.4375, 0.453125, 0.2734375, 0.125, 0.109375, 0.515625, 0.28125, 0.296875, 0.15625, 0.1953125, 0.0078125, 0.1796875, 0.515625, 0.21875, 0.140625, 0.171875, 0.1328125, 0.2109375, 0.1875]","[51, 53]",0.6382697730627526,0.5417962241448392
420,8381.015625,"[0.53125, 0.4375, 0.875, 0.453125, 0.546875, 0.21875, 0.109375, 0.96875, 0.5, 0.59375, 0.125, 0.390625, 0.015625, 0.1796875, 0.65625, 0.4375, 0.28125, 0.140625, 0.140625, 0.421875, 0.1875]","[0.328125, 0.25, 0.4375, 0.453125, 0.2734375, 0.125, 0.109375, 0.515625, 0.28125, 0.296875, 0.15625, 0.1953125, 0.0078125, 0.1796875, 0.390625, 0.21875, 0.140625, 0.171875, 0.0703125, 0.2109375, 0.1875]",[9],0.6335507588324973,0.5353107669265583
421,7887.578125,"[0.53125, 0.4375, 0.875, 0.453125, 0.546875, 0.21875, 0.109375, 0.96875, 0.5, 0.59375, 0.125, 0.390625, 0.015625, 0.1796875, 0.65625, 0.4375, 0.28125, 0.140625, 0.140625, 0.421875, 0.1875]","[0.328125, 0.25, 0.4375, 0.453125, 0.2734375, 0.125, 0.109375, 0.515625, 0.28125, 0.296875, 0.15625, 0.1953125, 0.0078125, 0.1796875, 0.390625, 0.21875, 0.140625, 0.171875, 0.0703125, 0.2109375, 0.1875]",[9],0.6335507588324973,0.5353107669265583
422,7907.265625,"[0.53125, 0.4375, 0.875, 0.453125, 0.515625, 0.21875, 0.109375, 0.96875, 0.5, 0.65625, 0.125, 0.390625, 0.015625, 0.1796875, 0.65625, 0.4375, 0.28125, 0.140625, 0.140625, 0.421875, 0.1875]","[0.328125, 0.25, 0.4375, 0.453125, 0.2578125, 0.125, 0.109375, 0.515625, 0.28125, 0.328125, 0.15625, 0.1953125, 0.0078125, 0.1796875, 0.390625, 0.21875, 0.140625, 0.171875, 0.0703125, 0.2109375, 0.1875]",[51],0.6361340753702934,0.5365902317180813
423,7946.953125,"[0.53125, 0.4375, 0.875, 0.453125, 0.515625, 0.21875, 0.109375, 0.96875, 0.5, 0.65625, 0.125, 0.390625, 0.015625, 0.1796875, 0.65625, 0.4375, 0.28125, 0.140625, 0.140625, 0.421875, 0.1875]","[0.328125, 0.25, 0.4375, 0.453125, 0.2578125, 0.125, 0.109375, 0.515625, 0.28125, 0.328125, 0.15625, 0.1953125, 0.0078125, 0.1796875, 0.390625, 0.21875, 0.140625, 0.171875, 0.0703125, 0.2109375, 0.1875]",[51],0.6361340753702934,0.5365902317180813
424,8026.328125,"[0.53125, 0.4375, 0.875, 0.578125, 0.515625, 0.21875, 0.046875, 0.96875, 0.5, 0.53125, 0.125, 0.390625, 0.015625, 0.1796875, 0.65625, 0.4375, 0.28125, 0.140625, 0.140625, 0.421875, 0.1875]","[0.328125, 0.25, 0.4375, 0.578125, 0.2578125, 0.125, 0.046875, 0.515625, 0.28125, 0.265625, 0.15625, 0.1953125, 0.0078125, 0.1796875, 0.390625, 0.21875, 0.140625, 0.171875, 0.0703125, 0.2109375, 0.1875]",[16],0.6457700963647327,0.5969980511458006
425,7827.578125,"[0.53125, 0.4375, 0.9375, 0.578125, 0.515625, 0.21875, 0.046875, 0.96875, 0.5, 0.53125, 0.125, 0.390625, 0.015625, 0.1796875, 0.65625, 0.4375, 0.28125, 0.140625, 0.140625, 0.421875, 0.1875]","[0.328125, 0.25, 0.5, 0.578125, 0.2578125, 0.125, 0.046875, 0.515625, 0.28125, 0.265625, 0.15625, 0.1953125, 0.0078125, 0.1796875, 0.390625, 0.21875, 0.140625, 0.171875, 0.0703125, 0.2109375, 0.1875]",[53],0.6562227082718853,0.6090481466767748
426,7847.421875,"[0.53125, 0.4375, 0.9375, 0.578125, 0.515625, 0.21875, 0.046875, 0.96875, 0.5, 0.53125, 0.125, 0.390625, 0.015625, 0.1796875, 0.65625, 0.4375, 0.28125, 0.140625, 0.140625, 0.421875, 0.1875]","[0.328125, 0.25, 0.5, 0.578125, 0.2578125, 0.125, 0.046875, 0.515625, 0.28125, 0.265625, 0.15625, 0.1953125, 0.0078125, 0.1796875, 0.390625, 0.21875, 0.140625, 0.171875, 0.0703125, 0.2109375, 0.1875]",[53],0.6562227082718853,0.6090481466767748
427,7866.953125,"[0.53125, 0.4375, 0.9375, 0.578125, 0.515625, 0.21875, 0.046875, 0.96875, 0.5, 0.53125, 0.125, 0.390625, 0.015625, 0.171875, 0.65625, 0.4375, 0.28125, 0.140625, 0.140625, 0.421875, 0.1875]","[0.328125, 0.25, 0.5, 0.578125, 0.2578125, 0.125, 0.046875, 0.515625, 0.28125, 0.265625, 0.15625, 0.1953125, 0.0078125, 0.171875, 0.390625, 0.21875, 0.140625, 0.171875, 0.0703125, 0.2109375, 0.1875]",[24],0.6576424148932718,0.6106751107368619
428,7887.03125,"[0.53125, 0.375, 0.9375, 0.578125, 0.515625, 0.1875, 0.046875, 0.96875, 0.5, 0.53125, 0.125, 0.390625, 0.015625, 0.171875, 0.65625, 0.4375, 0.28125, 0.140625, 0.140625, 0.421875, 0.1875]","[0.328125, 0.1875, 0.5, 0.578125, 0.2578125, 0.09375, 0.046875, 0.515625, 0.28125, 0.265625, 0.15625, 0.1953125, 0.0078125, 0.171875, 0.390625, 0.21875, 0.140625, 0.171875, 0.0703125, 0.2109375, 0.1875]",[24],0.6675048732486192,0.6294095914688963
429,7886.09375,"[0.53125, 0.375, 0.9375, 0.578125, 0.515625, 0.1875, 0.046875, 0.96875, 0.5, 0.53125, 0.125, 0.390625, 0.015625, 0.171875, 0.65625, 0.4375, 0.28125, 0.140625, 0.140625, 0.421875, 0.1875]","[0.328125, 0.1875, 0.5, 0.578125, 0.2578125, 0.09375, 0.046875, 0.515625, 0.28125, 0.265625, 0.15625, 0.1953125, 0.0078125, 0.171875, 0.390625, 0.21875, 0.140625, 0.171875, 0.0703125, 0.2109375, 0.1875]",[24],0.6675048732486192,0.6294095914688963
430,7767.96875,"[0.53125, 0.375, 0.9375, 0.578125, 0.515625, 0.1875, 0.046875, 0.96875, 0.5, 0.53125, 0.125, 0.390625, 0.015625, 0.1640625, 0.65625, 0.4375, 0.28125, 0.140625, 0.140625, 0.421875, 0.1875]","[0.328125, 0.1875, 0.5, 0.578125, 0.2578125, 0.09375, 0.046875, 0.515625, 0.28125, 0.265625, 0.15625, 0.1953125, 0.0078125, 0.1640625, 0.390625, 0.21875, 0.140625, 0.171875, 0.0703125, 0.2109375, 0.1875]",[24],0.6689604447490072,0.6311243195507309
431,7728.359375,"[0.53125, 0.375, 0.9375, 0.578125, 0.515625, 0.1875, 0.046875, 0.96875, 0.5, 0.46875, 0.125, 0.390625, 0.015625, 0.1640625, 0.65625, 0.4375, 0.28125, 0.140625, 0.140625, 0.421875, 0.1875]","[0.328125, 0.1875, 0.5, 0.578125, 0.2578125, 0.09375, 0.046875, 0.515625, 0.28125, 0.234375, 0.15625, 0.1953125, 0.0078125, 0.1640625, 0.390625, 0.21875, 0.140625, 0.171875, 0.0703125, 0.2109375, 0.1875]",[11],0.6707183703433569,0.6345193182732716
432,7708.984375,"[0.53125, 0.375, 0.9375, 0.578125, 0.515625, 0.0625, 0.046875, 0.96875, 0.5, 0.46875, 0.125, 0.390625, 0.015625, 0.1640625, 0.65625, 0.4375, 0.28125, 0.140625, 0.140625, 0.421875, 0.1875]","[0.328125, 0.1875, 0.5, 0.578125, 0.2578125, 0.03125, 0.046875, 0.515625, 0.28125, 0.234375, 0.15625, 0.1953125, 0.0078125, 0.1640625, 0.390625, 0.21875, 0.140625, 0.171875, 0.0703125, 0.2109375, 0.1875]",[11],0.6967399257498958,0.6571958877771852
433,7589.921875,"[0.46875, 0.375, 0.9375, 0.578125, 0.515625, 0.0625, 0.046875, 0.96875, 0.5, 0.46875, 0.125, 0.390625, 0.015625, 0.1640625, 0.65625, 0.4375, 0.28125, 0.140625, 0.140625, 0.421875, 0.1875]","[0.265625, 0.1875, 0.5, 0.578125, 0.2578125, 0.03125, 0.046875, 0.515625, 0.28125, 0.234375, 0.15625, 0.1953125, 0.0078125, 0.1640625, 0.390625, 0.21875, 0.140625, 0.171875, 0.0703125, 0.2109375, 0.1875]",[11],0.6985506144110635,0.6600698059753458
434,7628.671875,"[0.46875, 0.625, 0.9375, 0.578125, 0.515625, 0.0625, 0.046875, 0.96875, 0.5, 0.46875, 0.125, 0.390625, 0.015625, 0.1640625, 0.65625, 0.4375, 0.28125, 0.140625, 0.140625, 0.421875, 0.125]","[0.265625, 0.3125, 0.5, 0.578125, 0.2578125, 0.03125, 0.046875, 0.515625, 0.28125, 0.234375, 0.15625, 0.1953125, 0.0078125, 0.1640625, 0.390625, 0.21875, 0.140625, 0.171875, 0.0703125, 0.2109375, 0.125]",[24],0.7028126908237821,0.6611232484976928
435,7508.984375,"[0.46875, 0.625, 0.9375, 0.578125, 0.515625, 0.0625, 0.046875, 0.96875, 0.5, 0.46875, 0.125, 0.390625, 0.015625, 0.1640625, 0.65625, 0.4375, 0.28125, 0.171875, 0.140625, 0.421875, 0.125]","[0.265625, 0.3125, 0.5, 0.578125, 0.2578125, 0.03125, 0.046875, 0.515625, 0.28125, 0.234375, 0.15625, 0.1953125, 0.0078125, 0.1640625, 0.390625, 0.21875, 0.140625, 0.234375, 0.0703125, 0.2109375, 0.125]",[30],0.6968265779206121,0.650233679169295
436,7528.671875,"[0.46875, 0.625, 0.9375, 0.578125, 0.515625, 0.0625, 0.046875, 0.96875, 0.5, 0.46875, 0.125, 0.390625, 0.015625, 0.1640625, 0.65625, 0.4375, 0.28125, 0.171875, 0.140625, 0.421875, 0.125]","[0.265625, 0.3125, 0.5, 0.578125, 0.2578125, 0.03125, 0.046875, 0.515625, 0.28125, 0.234375, 0.15625, 0.1953125, 0.0078125, 0.1640625, 0.390625, 0.21875, 0.140625, 0.234375, 0.0703125, 0.2109375, 0.125]",[30],0.6968265779206121,0.650233679169295
437,7548.671875,"[0.46875, 0.625, 0.9375, 0.578125, 0.515625, 0.0625, 0.046875, 0.96875, 0.5, 0.46875, 0.125, 0.390625, 0.015625, 0.1640625, 0.65625, 0.4375, 0.28125, 0.203125, 0.140625, 0.421875, 0.125]","[0.265625, 0.3125, 0.5, 0.578125, 0.2578125, 0.03125, 0.046875, 0.515625, 0.28125, 0.234375, 0.15625, 0.1953125, 0.0078125, 0.1640625, 0.390625, 0.21875, 0.140625, 0.265625, 0.0703125, 0.2109375, 0.125]",[47],0.6912983452965087,0.6467254649267276
438,7628.359375,"[0.46875, 0.625, 0.9375, 0.578125, 0.515625, 0.0625, 0.046875, 0.96875, 0.5, 0.46875, 0.125, 0.390625, 0.015625, 0.1640625, 0.65625, 0.4375, 0.03125, 0.203125, 0.140625, 0.421875, 0.125]","[0.265625, 0.3125, 0.5, 0.578125, 0.2578125, 0.03125, 0.046875, 0.515625, 0.28125, 0.234375, 0.15625, 0.1953125, 0.0078125, 0.1640625, 0.390625, 0.21875, 0.015625, 0.265625, 0.0703125, 0.2109375, 0.125]",[17],0.7394043398432134,0.6891420415138622
439,7550.546875,"[0.46875, 0.625, 0.8125, 0.578125, 0.515625, 0.0625, 0.046875, 0.96875, 0.5, 0.46875, 0.125, 0.390625, 0.015625, 0.1640625, 0.65625, 0.4375, 0.03125, 0.203125, 0.140625, 0.421875, 0.125]","[0.265625, 0.3125, 0.4375, 0.578125, 0.2578125, 0.03125, 0.046875, 0.515625, 0.28125, 0.234375, 0.15625, 0.1953125, 0.0078125, 0.1640625, 0.390625, 0.21875, 0.015625, 0.265625, 0.0703125, 0.2109375, 0.125]",[4],0.7215506803029227,0.6781616638698245
440,7352.265625,"[0.46875, 0.625, 0.8125, 0.578125, 0.515625, 0.0625, 0.046875, 0.96875, 0.5, 0.46875, 0.125, 0.390625, 0.015625, 0.1796875, 0.65625, 0.4375, 0.03125, 0.203125, 0.140625, 0.421875, 0.125]","[0.265625, 0.3125, 0.4375, 0.578125, 0.2578125, 0.03125, 0.046875, 0.515625, 0.28125, 0.234375, 0.15625, 0.1953125, 0.0078125, 0.1953125, 0.390625, 0.21875, 0.015625, 0.265625, 0.0703125, 0.2109375, 0.125]",[17],0.7186063181807404,0.6717053048241659
441,7372.109375,"[0.46875, 0.625, 0.8125, 0.578125, 0.390625, 0.0625, 0.046875, 0.96875, 0.5, 0.46875, 0.125, 0.390625, 0.015625, 0.1796875, 0.65625, 0.4375, 0.03125, 0.203125, 0.15625, 0.421875, 0.125]","[0.265625, 0.3125, 0.4375, 0.578125, 0.1953125, 0.03125, 0.046875, 0.515625, 0.28125, 0.234375, 0.15625, 0.1953125, 0.0078125, 0.1953125, 0.390625, 0.21875, 0.015625, 0.265625, 0.078125, 0.2109375, 0.125]",[8],0.7219025648688241,0.6778964723327432
442,7253.046875,"[0.46875, 0.625, 0.8125, 0.578125, 0.390625, 0.0625, 0.046875, 0.96875, 0.5, 0.46875, 0.0625, 0.390625, 0.015625, 0.1796875, 0.65625, 0.4375, 0.03125, 0.203125, 0.15625, 0.40625, 0.125]","[0.265625, 0.3125, 0.4375, 0.578125, 0.1953125, 0.03125, 0.046875, 0.515625, 0.28125, 0.234375, 0.09375, 0.1953125, 0.0078125, 0.1953125, 0.390625, 0.21875, 0.015625, 0.265625, 0.078125, 0.203125, 0.125]",[8],0.73731797251013,0.6968739723460285
443,7193.515625,"[0.46875, 0.625, 0.8125, 0.578125, 0.390625, 0.0625, 0.046875, 0.96875, 0.5, 0.46875, 0.0625, 0.390625, 0.015625, 0.1796875, 0.65625, 0.4375, 0.03125, 0.203125, 0.15625, 0.46875, 0.125]","[0.265625, 0.3125, 0.4375, 0.578125, 0.1953125, 0.03125, 0.046875, 0.515625, 0.28125, 0.234375, 0.09375, 0.1953125, 0.0078125, 0.1953125, 0.390625, 0.21875, 0.015625, 0.265625, 0.078125, 0.234375, 0.125]",[14],0.7335835044476008,0.6920371366100496
444,7193.515625,"[0.46875, 0.625, 0.8125, 0.578125, 0.390625, 0.0625, 0.046875, 0.96875, 0.5, 0.46875, 0.0625, 0.390625, 0.015625, 0.1796875, 0.65625, 0.4375, 0.03125, 0.203125, 0.15625, 0.46875, 0.125]","[0.265625, 0.3125, 0.4375, 0.578125, 0.1953125, 0.03125, 0.046875, 0.515625, 0.28125, 0.234375, 0.09375, 0.1953125, 0.0078125, 0.1953125, 0.390625, 0.21875, 0.015625, 0.265625, 0.078125, 0.234375, 0.125]","[14, 41, 47]",0.7335835044476008,0.6920371366100496
445,7351.015625,"[0.71875, 0.625, 0.8125, 0.578125, 0.390625, 0.0625, 0.046875, 0.96875, 0.5, 0.46875, 0.0625, 0.390625, 0.015625, 0.1796875, 0.65625, 0.4375, 0.03125, 0.203125, 0.15625, 0.46875, 0.125]","[0.390625, 0.3125, 0.4375, 0.578125, 0.1953125, 0.03125, 0.046875, 0.515625, 0.28125, 0.234375, 0.09375, 0.1953125, 0.0078125, 0.1953125, 0.390625, 0.21875, 0.015625, 0.265625, 0.078125, 0.234375, 0.125]","[41, 47, 53]",0.7363755236437415,0.6906465926368678
446,7567.734375,"[0.71875, 0.625, 0.8125, 0.578125, 0.390625, 0.0625, 0.046875, 0.96875, 0.5, 0.46875, 0.0625, 0.390625, 0.015625, 0.1796875, 0.65625, 0.6875, 0.03125, 0.203125, 0.15625, 0.46875, 0.125]","[0.390625, 0.3125, 0.4375, 0.578125, 0.1953125, 0.03125, 0.046875, 0.515625, 0.28125, 0.234375, 0.09375, 0.1953125, 0.0078125, 0.1953125, 0.390625, 0.34375, 0.015625, 0.265625, 0.078125, 0.234375, 0.125]",[47],0.7334981410542991,0.6807504288029607
447,7548.359375,"[0.71875, 0.625, 0.8125, 0.578125, 0.390625, 0.0625, 0.046875, 0.96875, 0.5, 0.46875, 0.0625, 0.390625, 0.015625, 0.1796875, 0.65625, 0.6875, 0.03125, 0.203125, 0.15625, 0.46875, 0.125]","[0.390625, 0.3125, 0.4375, 0.578125, 0.1953125, 0.03125, 0.046875, 0.515625, 0.28125, 0.234375, 0.09375, 0.1953125, 0.0078125, 0.1953125, 0.390625, 0.34375, 0.015625, 0.265625, 0.078125, 0.234375, 0.125]",[47],0.7334981410542991,0.6807504288029607
448,7587.890625,"[0.71875, 0.625, 0.8125, 0.578125, 0.390625, 0.0625, 0.046875, 0.96875, 0.5, 0.46875, 0.0625, 0.390625, 0.015625, 0.1796875, 0.65625, 0.6875, 0.03125, 0.203125, 0.15625, 0.53125, 0.125]","[0.390625, 0.3125, 0.4375, 0.578125, 0.1953125, 0.03125, 0.046875, 0.515625, 0.28125, 0.234375, 0.09375, 0.1953125, 0.0078125, 0.1953125, 0.390625, 0.34375, 0.015625, 0.265625, 0.078125, 0.265625, 0.125]",[53],0.7308639471297625,0.6769863712623764
449,7746.640625,"[0.71875, 0.625, 0.8125, 0.578125, 0.390625, 0.0625, 0.046875, 0.90625, 0.5, 0.46875, 0.0625, 0.390625, 0.015625, 0.1796875, 0.65625, 0.6875, 0.03125, 0.328125, 0.15625, 0.53125, 0.125]","[0.390625, 0.3125, 0.4375, 0.578125, 0.1953125, 0.03125, 0.046875, 0.453125, 0.28125, 0.234375, 0.09375, 0.1953125, 0.0078125, 0.1953125, 0.390625, 0.34375, 0.015625, 0.390625, 0.078125, 0.265625, 0.125]",[0],0.7039113792946253,0.663422318272651
450,7746.640625,"[0.71875, 0.625, 0.8125, 0.578125, 0.390625, 0.0625, 0.046875, 0.96875, 0.5, 0.46875, 0.0625, 0.390625, 0.015625, 0.1796875, 0.65625, 0.6875, 0.03125, 0.328125, 0.15625, 0.53125, 0.125]","[0.390625, 0.3125, 0.4375, 0.578125, 0.1953125, 0.03125, 0.046875, 0.515625, 0.28125, 0.234375, 0.09375, 0.1953125, 0.0078125, 0.1953125, 0.390625, 0.34375, 0.015625, 0.390625, 0.078125, 0.265625, 0.125]",[57],0.7131376446015367,0.6735183244522693
451,7766.328125,"[0.71875, 0.625, 0.8125, 0.578125, 0.390625, 0.0625, 0.046875, 0.96875, 0.5, 0.46875, 0.0625, 0.390625, 0.015625, 0.1796875, 0.65625, 0.6875, 0.0625, 0.328125, 0.15625, 0.53125, 0.125]","[0.390625, 0.3125, 0.4375, 0.578125, 0.1953125, 0.03125, 0.046875, 0.515625, 0.28125, 0.234375, 0.09375, 0.1953125, 0.0078125, 0.1953125, 0.390625, 0.34375, 0.03125, 0.390625, 0.078125, 0.265625, 0.125]",[63],0.7058304784341843,0.6673722795824434
452,7766.328125,"[0.71875, 0.625, 0.8125, 0.578125, 0.390625, 0.0625, 0.046875, 0.96875, 0.5, 0.46875, 0.0625, 0.390625, 0.015625, 0.1796875, 0.65625, 0.6875, 0.0625, 0.328125, 0.15625, 0.53125, 0.125]","[0.390625, 0.3125, 0.4375, 0.578125, 0.1953125, 0.03125, 0.046875, 0.515625, 0.28125, 0.234375, 0.09375, 0.1953125, 0.0078125, 0.1953125, 0.390625, 0.34375, 0.03125, 0.390625, 0.078125, 0.265625, 0.125]","[63, 70, 72]",0.7058304784341843,0.6673722795824434
453,7925.546875,"[0.71875, 0.625, 0.8125, 0.578125, 0.390625, 0.0625, 0.046875, 0.96875, 0.5, 0.46875, 0.09375, 0.390625, 0.015625, 0.1796875, 0.65625, 0.6875, 0.0625, 0.328125, 0.15625, 0.5, 0.171875]","[0.390625, 0.3125, 0.4375, 0.578125, 0.1953125, 0.03125, 0.046875, 0.515625, 0.28125, 0.234375, 0.125, 0.1953125, 0.0078125, 0.1953125, 0.390625, 0.34375, 0.03125, 0.390625, 0.078125, 0.25, 0.171875]",[5],0.691062342656818,0.6486277941258838
454,8044.609375,"[0.71875, 0.625, 0.8125, 0.578125, 0.390625, 0.0625, 0.046875, 0.96875, 0.5, 0.46875, 0.09375, 0.390625, 0.015625, 0.1796875, 0.65625, 0.6875, 0.0625, 0.453125, 0.15625, 0.5, 0.171875]","[0.390625, 0.3125, 0.4375, 0.578125, 0.1953125, 0.03125, 0.046875, 0.515625, 0.28125, 0.234375, 0.125, 0.1953125, 0.0078125, 0.1953125, 0.390625, 0.34375, 0.03125, 0.515625, 0.078125, 0.25, 0.171875]",[73],0.6802574120844311,0.6622957939222252
455,8084.296875,"[0.71875, 0.625, 0.8125, 0.578125, 0.390625, 0.0625, 0.046875, 0.96875, 0.5, 0.46875, 0.0625, 0.390625, 0.015625, 0.1796875, 0.65625, 0.6875, 0.0625, 0.453125, 0.15625, 0.53125, 0.171875]","[0.390625, 0.3125, 0.4375, 0.578125, 0.1953125, 0.03125, 0.046875, 0.515625, 0.28125, 0.234375, 0.0625, 0.1953125, 0.0078125, 0.1953125, 0.390625, 0.34375, 0.03125, 0.515625, 0.078125, 0.28125, 0.171875]",[81],0.6860213284968681,0.6777282123379043
456,8064.453125,"[0.71875, 0.625, 0.8125, 0.578125, 0.390625, 0.0625, 0.046875, 0.96875, 0.5, 0.46875, 0.0625, 0.265625, 0.015625, 0.1796875, 0.625, 0.6875, 0.0625, 0.453125, 0.15625, 0.546875, 0.171875]","[0.390625, 0.3125, 0.4375, 0.578125, 0.1953125, 0.03125, 0.046875, 0.515625, 0.28125, 0.234375, 0.0625, 0.1328125, 0.0078125, 0.1953125, 0.375, 0.34375, 0.03125, 0.515625, 0.078125, 0.2890625, 0.171875]",[2],0.6992552632635171,0.6908740869083679
457,7925.390625,"[0.71875, 0.625, 0.8125, 0.578125, 0.390625, 0.0625, 0.046875, 0.96875, 0.5, 0.46875, 0.0625, 0.265625, 0.015625, 0.1796875, 0.625, 0.75, 0.0625, 0.453125, 0.15625, 0.546875, 0.171875]","[0.390625, 0.3125, 0.4375, 0.578125, 0.1953125, 0.03125, 0.046875, 0.515625, 0.28125, 0.234375, 0.0625, 0.1328125, 0.0078125, 0.1953125, 0.375, 0.375, 0.03125, 0.515625, 0.078125, 0.2890625, 0.171875]",[45],0.7024222899227682,0.6905509479447216
458,8004.765625,"[0.71875, 0.625, 0.8125, 0.578125, 0.390625, 0.0625, 0.046875, 0.96875, 0.5, 0.46875, 0.0625, 0.265625, 0.015625, 0.1796875, 0.625, 0.75, 0.0625, 0.453125, 0.21875, 0.546875, 0.171875]","[0.390625, 0.3125, 0.4375, 0.578125, 0.1953125, 0.03125, 0.046875, 0.515625, 0.28125, 0.234375, 0.0625, 0.1328125, 0.0078125, 0.1953125, 0.375, 0.375, 0.03125, 0.515625, 0.109375, 0.2890625, 0.171875]",[83],0.6916291711714246,0.6810718985759825
459,8163.515625,"[0.71875, 0.625, 0.8125, 0.578125, 0.515625, 0.0625, 0.046875, 0.96875, 0.5, 0.46875, 0.0625, 0.265625, 0.015625, 0.1796875, 0.625, 0.75, 0.0625, 0.453125, 0.21875, 0.546875, 0.171875]","[0.390625, 0.3125, 0.4375, 0.578125, 0.2578125, 0.03125, 0.046875, 0.515625, 0.28125, 0.234375, 0.0625, 0.1328125, 0.0078125, 0.1953125, 0.375, 0.375, 0.03125, 0.515625, 0.109375, 0.2890625, 0.171875]",[84],0.6839083295529877,0.6712916101133054
460,8203.203125,"[0.65625, 0.625, 0.8125, 0.578125, 0.515625, 0.0625, 0.03125, 0.96875, 0.5, 0.46875, 0.0625, 0.265625, 0.015625, 0.1796875, 0.625, 0.75, 0.0625, 0.453125, 0.21875, 0.546875, 0.109375]","[0.328125, 0.3125, 0.4375, 0.578125, 0.2578125, 0.03125, 0.03125, 0.515625, 0.28125, 0.234375, 0.0625, 0.1328125, 0.0078125, 0.1953125, 0.375, 0.375, 0.03125, 0.515625, 0.109375, 0.2890625, 0.109375]",[44],0.6973271150245782,0.6933283317796178
461,7944.609375,"[0.65625, 0.625, 0.8125, 0.578125, 0.515625, 0.0625, 0.03125, 0.96875, 0.5, 0.46875, 0.0625, 0.265625, 0.015625, 0.1796875, 0.625, 0.78125, 0.0625, 0.328125, 0.21875, 0.546875, 0.109375]","[0.328125, 0.3125, 0.4375, 0.578125, 0.2578125, 0.03125, 0.03125, 0.515625, 0.28125, 0.234375, 0.0625, 0.1328125, 0.0078125, 0.1953125, 0.375, 0.390625, 0.03125, 0.390625, 0.109375, 0.2890625, 0.109375]",[52],0.7104902633135002,0.6805317282359377
462,7825.546875,"[0.65625, 0.625, 0.8125, 0.578125, 0.515625, 0.0625, 0.03125, 0.96875, 0.5, 0.46875, 0.0625, 0.265625, 0.015625, 0.1796875, 0.625, 0.78125, 0.0625, 0.328125, 0.21875, 0.546875, 0.109375]","[0.328125, 0.3125, 0.4375, 0.578125, 0.2578125, 0.03125, 0.03125, 0.515625, 0.28125, 0.234375, 0.0625, 0.1328125, 0.0078125, 0.1953125, 0.375, 0.390625, 0.03125, 0.390625, 0.109375, 0.2890625, 0.109375]",[52],0.7104902633135002,0.6805317282359377
463,7865.546875,"[0.65625, 0.625, 0.8125, 0.578125, 0.515625, 0.0625, 0.0625, 0.96875, 0.5, 0.46875, 0.0625, 0.265625, 0.015625, 0.1796875, 0.625, 0.78125, 0.0625, 0.328125, 0.21875, 0.546875, 0.109375]","[0.328125, 0.3125, 0.4375, 0.578125, 0.2578125, 0.03125, 0.0625, 0.515625, 0.28125, 0.234375, 0.0625, 0.1328125, 0.0078125, 0.1953125, 0.375, 0.390625, 0.03125, 0.390625, 0.109375, 0.2890625, 0.109375]",[53],0.7032377184931855,0.6691017016991491
464,8024.296875,"[0.65625, 0.625, 0.8125, 0.578125, 0.515625, 0.0625, 0.0625, 0.96875, 0.5, 0.46875, 0.0625, 0.265625, 0.015625, 0.1796875, 0.625, 0.78125, 0.0625, 0.328125, 0.21875, 0.546875, 0.109375]","[0.328125, 0.3125, 0.4375, 0.578125, 0.2578125, 0.03125, 0.0625, 0.515625, 0.28125, 0.234375, 0.0625, 0.1328125, 0.0078125, 0.1953125, 0.375, 0.390625, 0.03125, 0.390625, 0.109375, 0.2890625, 0.109375]",[53],0.7032377184931855,0.6691017016991491
465,7905.234375,"[0.65625, 0.625, 0.8125, 0.578125, 0.515625, 0.0625, 0.0625, 0.96875, 0.5, 0.46875, 0.0625, 0.265625, 0.015625, 0.1796875, 0.625, 0.78125, 0.0625, 0.328125, 0.21875, 0.546875, 0.109375]","[0.328125, 0.3125, 0.4375, 0.578125, 0.2578125, 0.03125, 0.0625, 0.515625, 0.28125, 0.234375, 0.0625, 0.1328125, 0.0078125, 0.1953125, 0.375, 0.390625, 0.03125, 0.390625, 0.109375, 0.2890625, 0.109375]",[53],0.7032377184931855,0.6691017016991491
466,7885.390625,"[0.65625, 0.625, 0.8125, 0.578125, 0.515625, 0.0625, 0.0625, 0.96875, 0.5, 0.46875, 0.0625, 0.265625, 0.015625, 0.1796875, 0.625, 0.78125, 0.0625, 0.328125, 0.21875, 0.546875, 0.109375]","[0.328125, 0.3125, 0.4375, 0.578125, 0.2578125, 0.03125, 0.0625, 0.515625, 0.28125, 0.234375, 0.0625, 0.1328125, 0.0078125, 0.1953125, 0.375, 0.390625, 0.03125, 0.390625, 0.109375, 0.2890625, 0.109375]",[53],0.7032377184931855,0.6691017016991491
467,7905.234375,"[0.65625, 0.625, 0.8125, 0.578125, 0.515625, 0.0625, 0.0625, 0.96875, 0.5, 0.46875, 0.0625, 0.265625, 0.046875, 0.1796875, 0.625, 0.78125, 0.0625, 0.296875, 0.21875, 0.546875, 0.109375]","[0.328125, 0.3125, 0.4375, 0.578125, 0.2578125, 0.03125, 0.0625, 0.515625, 0.28125, 0.234375, 0.0625, 0.1328125, 0.0234375, 0.1953125, 0.375, 0.390625, 0.03125, 0.359375, 0.109375, 0.2890625, 0.109375]",[84],0.6995482059166237,0.6619267037465711
468,7945.234375,"[0.65625, 0.625, 0.8125, 0.578125, 0.390625, 0.0625, 0.0625, 0.90625, 0.5, 0.46875, 0.0625, 0.265625, 0.046875, 0.1796875, 0.625, 0.78125, 0.0625, 0.296875, 0.21875, 0.546875, 0.140625]","[0.328125, 0.3125, 0.4375, 0.578125, 0.1953125, 0.03125, 0.0625, 0.484375, 0.28125, 0.234375, 0.0625, 0.1328125, 0.0234375, 0.1953125, 0.375, 0.390625, 0.03125, 0.359375, 0.109375, 0.2890625, 0.140625]",[6],0.6913711762394082,0.6568033415275794
469,7906.484375,"[0.65625, 0.625, 0.8125, 0.578125, 0.390625, 0.0625, 0.0625, 0.90625, 0.5, 0.46875, 0.0625, 0.265625, 0.046875, 0.2421875, 0.625, 0.78125, 0.0625, 0.296875, 0.21875, 0.546875, 0.140625]","[0.328125, 0.3125, 0.4375, 0.578125, 0.1953125, 0.03125, 0.0625, 0.484375, 0.28125, 0.234375, 0.0625, 0.1328125, 0.0234375, 0.2578125, 0.375, 0.390625, 0.03125, 0.359375, 0.109375, 0.2890625, 0.140625]",[75],0.681097661928787,0.647573048914063
470,7946.171875,"[0.65625, 0.625, 0.8125, 0.578125, 0.390625, 0.0625, 0.0625, 0.90625, 0.5, 0.46875, 0.0625, 0.265625, 0.046875, 0.2421875, 0.625, 0.78125, 0.0625, 0.296875, 0.21875, 0.546875, 0.140625]","[0.328125, 0.3125, 0.4375, 0.578125, 0.1953125, 0.03125, 0.0625, 0.484375, 0.28125, 0.234375, 0.0625, 0.1328125, 0.0234375, 0.2578125, 0.375, 0.390625, 0.03125, 0.359375, 0.109375, 0.2890625, 0.140625]",[75],0.681097661928787,0.647573048914063
471,7926.171875,"[0.65625, 0.625, 0.8125, 0.578125, 0.390625, 0.0625, 0.0625, 0.90625, 0.5, 0.46875, 0.0625, 0.265625, 0.046875, 0.2421875, 0.625, 0.78125, 0.0625, 0.296875, 0.21875, 0.546875, 0.140625]","[0.328125, 0.3125, 0.4375, 0.578125, 0.1953125, 0.03125, 0.0625, 0.484375, 0.28125, 0.234375, 0.0625, 0.1328125, 0.0234375, 0.2578125, 0.375, 0.390625, 0.03125, 0.359375, 0.109375, 0.2890625, 0.140625]",[75],0.681097661928787,0.647573048914063
472,7946.171875,"[0.65625, 0.625, 0.8125, 0.578125, 0.390625, 0.0625, 0.0625, 0.90625, 0.5, 0.46875, 0.0625, 0.265625, 0.046875, 0.2421875, 0.625, 0.78125, 0.0625, 0.296875, 0.21875, 0.546875, 0.140625]","[0.328125, 0.3125, 0.4375, 0.578125, 0.1953125, 0.03125, 0.0625, 0.484375, 0.28125, 0.234375, 0.0625, 0.1328125, 0.0234375, 0.2578125, 0.375, 0.390625, 0.03125, 0.359375, 0.109375, 0.2890625, 0.140625]",[75],0.681097661928787,0.647573048914063
473,7985.859375,"[0.65625, 0.625, 0.8125, 0.578125, 0.390625, 0.0625, 0.0625, 0.90625, 0.5, 0.46875, 0.0625, 0.25, 0.046875, 0.2421875, 0.625, 0.78125, 0.0625, 0.296875, 0.21875, 0.546875, 0.140625]","[0.328125, 0.3125, 0.4375, 0.578125, 0.1953125, 0.03125, 0.0625, 0.484375, 0.28125, 0.234375, 0.0625, 0.125, 0.0234375, 0.2578125, 0.375, 0.390625, 0.03125, 0.359375, 0.109375, 0.2890625, 0.140625]",[22],0.6833390445950143,0.6496725795532734
474,8044.140625,"[0.65625, 0.875, 0.8125, 0.578125, 0.390625, 0.0625, 0.0625, 0.90625, 0.5, 0.46875, 0.0625, 0.25, 0.046875, 0.2421875, 0.625, 0.78125, 0.0625, 0.296875, 0.21875, 0.546875, 0.140625]","[0.328125, 0.4375, 0.4375, 0.578125, 0.1953125, 0.03125, 0.0625, 0.484375, 0.28125, 0.234375, 0.0625, 0.125, 0.0234375, 0.2578125, 0.375, 0.390625, 0.03125, 0.359375, 0.109375, 0.2890625, 0.140625]",[75],0.6997098672539852,0.6533154814399786
475,8083.515625,"[0.65625, 0.875, 0.6875, 0.578125, 0.390625, 0.0625, 0.0625, 0.90625, 0.5, 0.46875, 0.0625, 0.25, 0.046875, 0.2421875, 0.625, 0.78125, 0.0625, 0.296875, 0.21875, 0.546875, 0.140625]","[0.328125, 0.4375, 0.375, 0.578125, 0.1953125, 0.03125, 0.0625, 0.484375, 0.28125, 0.234375, 0.0625, 0.125, 0.0234375, 0.2578125, 0.375, 0.390625, 0.03125, 0.359375, 0.109375, 0.2890625, 0.140625]",[62],0.6920478532944846,0.6493430439834759
476,7985.078125,"[0.65625, 0.875, 0.6875, 0.453125, 0.390625, 0.0625, 0.0625, 0.90625, 0.5, 0.46875, 0.0625, 0.25, 0.046875, 0.2421875, 0.625, 0.78125, 0.0625, 0.296875, 0.21875, 0.546875, 0.140625]","[0.328125, 0.4375, 0.375, 0.453125, 0.1953125, 0.03125, 0.0625, 0.484375, 0.28125, 0.234375, 0.0625, 0.125, 0.0234375, 0.2578125, 0.375, 0.390625, 0.03125, 0.359375, 0.109375, 0.2890625, 0.140625]",[62],0.6961752156161226,0.6218210569226683
477,7846.484375,"[0.65625, 0.875, 0.6875, 0.453125, 0.390625, 0.0625, 0.0625, 0.90625, 0.5, 0.46875, 0.0625, 0.25, 0.046875, 0.2578125, 0.625, 0.78125, 0.0625, 0.296875, 0.21875, 0.546875, 0.140625]","[0.328125, 0.4375, 0.375, 0.453125, 0.1953125, 0.03125, 0.0625, 0.484375, 0.28125, 0.234375, 0.0625, 0.125, 0.0234375, 0.2734375, 0.375, 0.390625, 0.03125, 0.359375, 0.109375, 0.2890625, 0.140625]",[75],0.6938746306005152,0.6204164346266337
478,7925.859375,"[0.65625, 0.875, 0.6875, 0.453125, 0.390625, 0.0625, 0.0625, 0.90625, 0.5, 0.46875, 0.0625, 0.25, 0.046875, 0.2578125, 0.625, 0.78125, 0.0625, 0.296875, 0.21875, 0.546875, 0.140625]","[0.328125, 0.4375, 0.375, 0.453125, 0.1953125, 0.03125, 0.0625, 0.484375, 0.28125, 0.234375, 0.0625, 0.125, 0.0234375, 0.2734375, 0.375, 0.390625, 0.03125, 0.359375, 0.109375, 0.2890625, 0.140625]",[75],0.6938746306005152,0.6204164346266337
479,7846.484375,"[0.65625, 0.875, 0.6875, 0.453125, 0.390625, 0.0625, 0.0625, 0.90625, 0.5, 0.46875, 0.0625, 0.25, 0.046875, 0.2578125, 0.625, 0.78125, 0.0625, 0.296875, 0.21875, 0.546875, 0.140625]","[0.328125, 0.4375, 0.375, 0.453125, 0.1953125, 0.03125, 0.0625, 0.484375, 0.28125, 0.234375, 0.0625, 0.125, 0.0234375, 0.2734375, 0.375, 0.390625, 0.03125, 0.359375, 0.109375, 0.2890625, 0.140625]","[75, 86]",0.6938746306005152,0.6204164346266337
480,8045.234375,"[0.65625, 0.875, 0.75, 0.453125, 0.390625, 0.0625, 0.0625, 0.90625, 0.5, 0.46875, 0.0625, 0.25, 0.046875, 0.2578125, 0.625, 0.78125, 0.0625, 0.296875, 0.21875, 0.546875, 0.140625]","[0.328125, 0.4375, 0.4375, 0.453125, 0.1953125, 0.03125, 0.0625, 0.484375, 0.28125, 0.234375, 0.0625, 0.125, 0.0234375, 0.2734375, 0.375, 0.390625, 0.03125, 0.359375, 0.109375, 0.2890625, 0.140625]",[75],0.6972696252415748,0.6260550286274525
481,7905.546875,"[0.65625, 0.875, 0.75, 0.453125, 0.390625, 0.0625, 0.0625, 0.90625, 0.5, 0.5, 0.0625, 0.25, 0.046875, 0.2578125, 0.625, 0.78125, 0.0625, 0.296875, 0.21875, 0.546875, 0.140625]","[0.328125, 0.4375, 0.4375, 0.453125, 0.1953125, 0.03125, 0.0625, 0.484375, 0.28125, 0.25, 0.0625, 0.125, 0.0234375, 0.2734375, 0.375, 0.390625, 0.03125, 0.359375, 0.109375, 0.2890625, 0.140625]",[89],0.6957874767547525,0.624107718496063
482,7945.234375,"[0.65625, 0.875, 0.75, 0.453125, 0.390625, 0.0625, 0.0625, 0.90625, 0.5, 0.5, 0.0625, 0.25, 0.046875, 0.2578125, 0.625, 0.78125, 0.0625, 0.296875, 0.25, 0.546875, 0.140625]","[0.328125, 0.4375, 0.4375, 0.453125, 0.1953125, 0.03125, 0.0625, 0.484375, 0.28125, 0.25, 0.0625, 0.125, 0.0234375, 0.2734375, 0.375, 0.390625, 0.03125, 0.359375, 0.125, 0.2890625, 0.140625]",[90],0.6909984201926843,0.6196728898040698
483,8023.984375,"[0.65625, 0.875, 0.75, 0.453125, 0.390625, 0.0625, 0.0625, 0.90625, 0.5, 0.5, 0.0625, 0.25, 0.046875, 0.2578125, 0.625, 0.78125, 0.0625, 0.296875, 0.25, 0.546875, 0.140625]","[0.328125, 0.4375, 0.4375, 0.453125, 0.1953125, 0.03125, 0.0625, 0.484375, 0.28125, 0.25, 0.0625, 0.125, 0.0234375, 0.2734375, 0.375, 0.390625, 0.03125, 0.359375, 0.125, 0.2890625, 0.140625]",[90],0.6909984201926843,0.6196728898040698
484,8103.984375,"[0.65625, 0.875, 0.75, 0.453125, 0.390625, 0.0625, 0.0625, 0.90625, 0.5, 0.5, 0.0625, 0.25, 0.046875, 0.2265625, 0.625, 0.78125, 0.0625, 0.28125, 0.25, 0.671875, 0.140625]","[0.328125, 0.4375, 0.4375, 0.453125, 0.1953125, 0.03125, 0.0625, 0.484375, 0.28125, 0.25, 0.0625, 0.125, 0.0234375, 0.2421875, 0.375, 0.390625, 0.03125, 0.34375, 0.125, 0.3515625, 0.140625]",[7],0.698137528899229,0.6211306967380088
485,8043.828125,"[0.65625, 0.875, 0.75, 0.453125, 0.390625, 0.0625, 0.0625, 0.90625, 0.5, 0.5, 0.0625, 0.25, 0.046875, 0.2265625, 0.625, 0.78125, 0.0625, 0.28125, 0.25, 0.671875, 0.140625]","[0.328125, 0.4375, 0.4375, 0.453125, 0.1953125, 0.03125, 0.0625, 0.484375, 0.28125, 0.25, 0.0625, 0.125, 0.0234375, 0.2421875, 0.375, 0.390625, 0.03125, 0.34375, 0.125, 0.3515625, 0.140625]",[7],0.698137528899229,0.6211306967380088
486,8024.140625,"[0.65625, 0.875, 0.75, 0.453125, 0.390625, 0.0625, 0.0625, 0.90625, 0.5, 0.5, 0.0625, 0.25, 0.046875, 0.2265625, 0.625, 0.8125, 0.0625, 0.28125, 0.25, 0.671875, 0.140625]","[0.328125, 0.4375, 0.4375, 0.453125, 0.1953125, 0.03125, 0.0625, 0.484375, 0.28125, 0.25, 0.0625, 0.125, 0.0234375, 0.2421875, 0.375, 0.40625, 0.03125, 0.34375, 0.125, 0.3515625, 0.140625]",[48],0.700554217963533,0.622241335243664
487,8063.828125,"[0.65625, 0.875, 0.75, 0.453125, 0.390625, 0.0625, 0.0625, 0.90625, 0.5, 0.5, 0.0625, 0.25, 0.046875, 0.2265625, 0.625, 0.8125, 0.0625, 0.28125, 0.25, 0.671875, 0.140625]","[0.328125, 0.4375, 0.4375, 0.453125, 0.1953125, 0.03125, 0.0625, 0.484375, 0.28125, 0.25, 0.0625, 0.125, 0.0234375, 0.2421875, 0.375, 0.40625, 0.03125, 0.34375, 0.125, 0.3515625, 0.140625]",[48],0.700554217963533,0.622241335243664
488,8102.890625,"[0.78125, 0.875, 0.75, 0.453125, 0.390625, 0.0625, 0.0625, 0.90625, 0.5, 0.5, 0.0625, 0.25, 0.046875, 0.2265625, 0.625, 0.8125, 0.0625, 0.28125, 0.25, 0.671875, 0.140625]","[0.390625, 0.4375, 0.4375, 0.453125, 0.1953125, 0.03125, 0.0625, 0.484375, 0.28125, 0.25, 0.0625, 0.125, 0.0234375, 0.2421875, 0.375, 0.40625, 0.03125, 0.34375, 0.125, 0.3515625, 0.140625]",[91],0.7057104987240951,0.6233609460397876
489,8261.640625,"[0.78125, 0.875, 0.75, 0.453125, 0.390625, 0.1875, 0.0625, 0.65625, 0.5, 0.5, 0.0625, 0.25, 0.046875, 0.2265625, 0.625, 0.8125, 0.0625, 0.28125, 0.25, 0.671875, 0.140625]","[0.390625, 0.4375, 0.4375, 0.453125, 0.1953125, 0.09375, 0.0625, 0.359375, 0.28125, 0.25, 0.0625, 0.125, 0.0234375, 0.2421875, 0.375, 0.40625, 0.03125, 0.34375, 0.125, 0.3515625, 0.140625]",[38],0.6630150616874136,0.5882446066309212
490,8143.828125,"[0.78125, 0.875, 0.75, 0.453125, 0.390625, 0.1875, 0.0625, 0.65625, 0.5, 0.5, 0.0625, 0.25, 0.046875, 0.2265625, 0.625, 0.8125, 0.0625, 0.28125, 0.25, 0.671875, 0.140625]","[0.390625, 0.4375, 0.4375, 0.453125, 0.1953125, 0.09375, 0.0625, 0.359375, 0.28125, 0.25, 0.0625, 0.125, 0.0234375, 0.2421875, 0.375, 0.40625, 0.03125, 0.34375, 0.125, 0.3515625, 0.140625]",[38],0.6630150616874136,0.5882446066309212
491,8123.828125,"[0.78125, 0.875, 0.75, 0.453125, 0.390625, 0.1875, 0.0625, 0.65625, 0.5, 0.5, 0.0625, 0.25, 0.046875, 0.2265625, 0.625, 0.84375, 0.0625, 0.28125, 0.25, 0.671875, 0.140625]","[0.390625, 0.4375, 0.4375, 0.453125, 0.1953125, 0.09375, 0.0625, 0.359375, 0.28125, 0.25, 0.0625, 0.125, 0.0234375, 0.2421875, 0.375, 0.421875, 0.03125, 0.34375, 0.125, 0.3515625, 0.140625]",[92],0.6661861967908383,0.5899124047635739
492,8163.671875,"[0.78125, 0.875, 0.75, 0.453125, 0.390625, 0.1875, 0.0625, 0.65625, 0.5, 0.5, 0.03125, 0.25, 0.046875, 0.2265625, 0.625, 0.84375, 0.0625, 0.28125, 0.1875, 0.671875, 0.15625]","[0.390625, 0.4375, 0.4375, 0.453125, 0.1953125, 0.09375, 0.0625, 0.359375, 0.28125, 0.25, 0.03125, 0.125, 0.0234375, 0.2421875, 0.375, 0.421875, 0.03125, 0.34375, 0.09375, 0.3515625, 0.15625]",[63],0.6804124391243787,0.6070975976833937
493,8124.296875,"[0.78125, 0.875, 0.75, 0.453125, 0.390625, 0.1875, 0.0625, 0.65625, 0.5, 0.5, 0.03125, 0.25, 0.046875, 0.2578125, 0.625, 0.84375, 0.0625, 0.28125, 0.1875, 0.671875, 0.140625]","[0.390625, 0.4375, 0.4375, 0.453125, 0.1953125, 0.09375, 0.0625, 0.359375, 0.28125, 0.25, 0.03125, 0.125, 0.0234375, 0.2734375, 0.375, 0.421875, 0.03125, 0.34375, 0.09375, 0.3515625, 0.140625]",[69],0.6787004238547294,0.6077165248658082
494,8243.828125,"[0.78125, 0.875, 0.75, 0.453125, 0.390625, 0.1875, 0.0625, 0.65625, 0.5, 0.5, 0.03125, 0.25, 0.046875, 0.2578125, 0.625, 0.84375, 0.0625, 0.28125, 0.1875, 0.671875, 0.140625]","[0.390625, 0.4375, 0.4375, 0.453125, 0.1953125, 0.09375, 0.0625, 0.359375, 0.28125, 0.25, 0.03125, 0.125, 0.0234375, 0.2734375, 0.375, 0.421875, 0.03125, 0.34375, 0.09375, 0.3515625, 0.140625]",[69],0.6787004238547294,0.6077165248658082
495,8124.140625,"[0.78125, 0.875, 0.75, 0.453125, 0.390625, 0.1875, 0.0625, 0.65625, 0.5, 0.5, 0.03125, 0.25, 0.03125, 0.2578125, 0.625, 0.84375, 0.0625, 0.28125, 0.1875, 0.671875, 0.1328125]","[0.390625, 0.4375, 0.4375, 0.453125, 0.1953125, 0.09375, 0.0625, 0.359375, 0.28125, 0.25, 0.03125, 0.125, 0.015625, 0.2734375, 0.375, 0.421875, 0.03125, 0.34375, 0.09375, 0.3515625, 0.1328125]",[12],0.6838875416508526,0.6129457393104573
496,8064.53125,"[0.78125, 0.875, 0.75, 0.453125, 0.390625, 0.1875, 0.0625, 0.65625, 0.5, 0.5, 0.03125, 0.25, 0.03125, 0.2578125, 0.625, 0.84375, 0.0625, 0.28125, 0.1875, 0.6875, 0.1328125]","[0.390625, 0.4375, 0.4375, 0.453125, 0.1953125, 0.09375, 0.0625, 0.359375, 0.28125, 0.25, 0.03125, 0.125, 0.015625, 0.2734375, 0.375, 0.421875, 0.03125, 0.34375, 0.09375, 0.359375, 0.1328125]",[54],0.6844317385553039,0.6131206469970886
497,8104.21875,"[0.78125, 0.875, 0.75, 0.453125, 0.390625, 0.21875, 0.0625, 0.65625, 0.5, 0.5, 0.03125, 0.25, 0.03125, 0.2578125, 0.625, 0.84375, 0.0625, 0.28125, 0.1875, 0.6875, 0.1328125]","[0.390625, 0.4375, 0.4375, 0.453125, 0.1953125, 0.109375, 0.0625, 0.359375, 0.28125, 0.25, 0.03125, 0.125, 0.015625, 0.2734375, 0.375, 0.421875, 0.03125, 0.34375, 0.09375, 0.359375, 0.1328125]",[69],0.6792571731421554,0.6083687549983509
498,8182.96875,"[0.78125, 0.875, 0.75, 0.453125, 0.390625, 0.21875, 0.0625, 0.65625, 0.5, 0.625, 0.03125, 0.25, 0.03125, 0.2578125, 0.625, 0.84375, 0.0625, 0.28125, 0.1875, 0.6875, 0.1328125]","[0.390625, 0.4375, 0.4375, 0.453125, 0.1953125, 0.109375, 0.0625, 0.359375, 0.28125, 0.3125, 0.03125, 0.125, 0.015625, 0.2734375, 0.375, 0.421875, 0.03125, 0.34375, 0.09375, 0.359375, 0.1328125]",[70],0.6772746226065163,0.6037404793479779
499,8342.34375,"[0.78125, 0.875, 0.75, 0.453125, 0.390625, 0.21875, 0.0625, 0.65625, 0.5, 0.625, 0.03125, 0.25, 0.03125, 0.2578125, 0.625, 0.84375, 0.0625, 0.28125, 0.1875, 0.6875, 0.1328125]","[0.390625, 0.4375, 0.4375, 0.453125, 0.1953125, 0.109375, 0.0625, 0.359375, 0.28125, 0.3125, 0.03125, 0.125, 0.015625, 0.2734375, 0.375, 0.421875, 0.03125, 0.34375, 0.09375, 0.359375, 0.1328125]",[70],0.6772746226065163,0.6037404793479779
500,8222.34375,"[0.78125, 0.875, 0.75, 0.453125, 0.390625, 0.21875, 0.0625, 0.65625, 0.4375, 0.625, 0.03125, 0.25, 0.03125, 0.2578125, 0.625, 0.84375, 0.125, 0.28125, 0.1875, 0.6875, 0.1328125]","[0.390625, 0.4375, 0.4375, 0.453125, 0.1953125, 0.109375, 0.0625, 0.359375, 0.25, 0.3125, 0.03125, 0.125, 0.015625, 0.2734375, 0.375, 0.421875, 0.09375, 0.34375, 0.09375, 0.359375, 0.1328125]",[94],0.6676113401874043,0.5845866606295496
501,8202.65625,"[0.78125, 0.875, 0.75, 0.453125, 0.390625, 0.21875, 0.0625, 0.65625, 0.4375, 0.625, 0.03125, 0.25, 0.03125, 0.25, 0.625, 0.84375, 0.125, 0.28125, 0.1875, 0.6875, 0.1328125]","[0.390625, 0.4375, 0.4375, 0.453125, 0.1953125, 0.109375, 0.0625, 0.359375, 0.25, 0.3125, 0.03125, 0.125, 0.015625, 0.265625, 0.375, 0.421875, 0.09375, 0.34375, 0.09375, 0.359375, 0.1328125]",[59],0.6687316507506781,0.5852659698737454
502,8202.421875,"[0.78125, 0.875, 0.75, 0.453125, 0.390625, 0.21875, 0.0625, 0.65625, 0.4375, 0.625, 0.03125, 0.125, 0.03125, 0.25, 0.625, 0.84375, 0.125, 0.28125, 0.1875, 0.6875, 0.1328125]","[0.390625, 0.4375, 0.4375, 0.453125, 0.1953125, 0.109375, 0.0625, 0.359375, 0.25, 0.3125, 0.03125, 0.0625, 0.015625, 0.265625, 0.375, 0.421875, 0.09375, 0.34375, 0.09375, 0.359375, 0.1328125]",[18],0.6901619454586605,0.6048908330822794
503,8083.671875,"[0.78125, 0.875, 0.75, 0.328125, 0.390625, 0.21875, 0.0625, 0.65625, 0.4375, 0.625, 0.03125, 0.125, 0.03125, 0.25, 0.625, 0.84375, 0.125, 0.28125, 0.1875, 0.6875, 0.1328125]","[0.390625, 0.4375, 0.4375, 0.328125, 0.1953125, 0.109375, 0.0625, 0.359375, 0.25, 0.3125, 0.03125, 0.0625, 0.015625, 0.265625, 0.375, 0.421875, 0.09375, 0.34375, 0.09375, 0.359375, 0.1328125]",[18],0.7011391260983044,0.5953468483350569
504,8004.296875,"[0.78125, 0.875, 0.75, 0.328125, 0.390625, 0.21875, 0.0625, 0.65625, 0.4375, 0.625, 0.03125, 0.125, 0.03125, 0.25, 0.625, 0.84375, 0.125, 0.28125, 0.1875, 0.8125, 0.1015625]","[0.390625, 0.4375, 0.4375, 0.328125, 0.1953125, 0.109375, 0.0625, 0.359375, 0.25, 0.3125, 0.03125, 0.0625, 0.015625, 0.265625, 0.375, 0.421875, 0.09375, 0.34375, 0.09375, 0.421875, 0.1015625]",[51],0.7147831289656439,0.6093497591938007
505,7964.453125,"[0.65625, 0.875, 0.75, 0.328125, 0.390625, 0.21875, 0.0625, 0.65625, 0.4375, 0.625, 0.03125, 0.125, 0.03125, 0.25, 0.625, 0.84375, 0.125, 0.28125, 0.1875, 0.8125, 0.1171875]","[0.328125, 0.4375, 0.4375, 0.328125, 0.1953125, 0.109375, 0.0625, 0.359375, 0.25, 0.3125, 0.03125, 0.0625, 0.015625, 0.265625, 0.375, 0.421875, 0.09375, 0.34375, 0.09375, 0.421875, 0.1328125]",[3],0.7058931568341107,0.5980124872536047
506,7905.546875,"[0.65625, 0.875, 0.625, 0.328125, 0.390625, 0.21875, 0.0625, 0.65625, 0.4375, 0.625, 0.03125, 0.125, 0.03125, 0.25, 0.625, 0.84375, 0.125, 0.28125, 0.1875, 0.8125, 0.1171875]","[0.328125, 0.4375, 0.375, 0.328125, 0.1953125, 0.109375, 0.0625, 0.359375, 0.25, 0.3125, 0.03125, 0.0625, 0.015625, 0.265625, 0.375, 0.421875, 0.09375, 0.34375, 0.09375, 0.421875, 0.1328125]",[3],0.7009950154559775,0.5909937310363955
507,7846.328125,"[0.65625, 0.875, 0.625, 0.328125, 0.390625, 0.21875, 0.0625, 0.71875, 0.4375, 0.625, 0.03125, 0.125, 0.03125, 0.25, 0.625, 0.84375, 0.125, 0.25, 0.1875, 0.8125, 0.1171875]","[0.328125, 0.4375, 0.375, 0.328125, 0.1953125, 0.109375, 0.0625, 0.390625, 0.25, 0.3125, 0.03125, 0.0625, 0.015625, 0.265625, 0.375, 0.421875, 0.09375, 0.3125, 0.09375, 0.421875, 0.1328125]",[30],0.70794568982628,0.5930592032533383
508,7885.390625,"[0.65625, 0.875, 0.625, 0.328125, 0.390625, 0.21875, 0.0625, 0.71875, 0.5625, 0.625, 0.03125, 0.125, 0.03125, 0.25, 0.625, 0.84375, 0.125, 0.25, 0.1875, 0.8125, 0.1171875]","[0.328125, 0.4375, 0.375, 0.328125, 0.1953125, 0.109375, 0.0625, 0.390625, 0.3125, 0.3125, 0.03125, 0.0625, 0.015625, 0.265625, 0.375, 0.421875, 0.09375, 0.3125, 0.09375, 0.421875, 0.1328125]",[36],0.7027280993118531,0.5893050766562096
509,8042.890625,"[0.40625, 0.875, 0.625, 0.328125, 0.390625, 0.21875, 0.0625, 0.71875, 0.8125, 0.59375, 0.03125, 0.125, 0.03125, 0.25, 0.625, 0.84375, 0.125, 0.25, 0.1875, 0.8125, 0.1171875]","[0.203125, 0.4375, 0.375, 0.328125, 0.1953125, 0.109375, 0.0625, 0.390625, 0.4375, 0.296875, 0.03125, 0.0625, 0.015625, 0.265625, 0.375, 0.421875, 0.09375, 0.3125, 0.09375, 0.421875, 0.1328125]",[14],0.7188571147807278,0.6084514701984443
510,7905.390625,"[0.40625, 0.875, 0.625, 0.328125, 0.390625, 0.21875, 0.0625, 0.71875, 0.8125, 0.59375, 0.03125, 0.125, 0.03125, 0.25, 0.625, 0.59375, 0.125, 0.25, 0.1875, 0.8125, 0.1171875]","[0.203125, 0.4375, 0.375, 0.328125, 0.1953125, 0.109375, 0.0625, 0.390625, 0.4375, 0.296875, 0.03125, 0.0625, 0.015625, 0.265625, 0.375, 0.296875, 0.09375, 0.3125, 0.09375, 0.421875, 0.1328125]",[14],0.7057557287595619,0.6025594012860414
511,7727.890625,"[0.40625, 0.875, 0.625, 0.328125, 0.390625, 0.21875, 0.0625, 0.71875, 0.84375, 0.59375, 0.03125, 0.125, 0.03125, 0.25, 0.625, 0.59375, 0.125, 0.25, 0.1875, 0.8125, 0.1171875]","[0.203125, 0.4375, 0.375, 0.328125, 0.1953125, 0.109375, 0.0625, 0.390625, 0.453125, 0.296875, 0.03125, 0.0625, 0.015625, 0.265625, 0.375, 0.296875, 0.09375, 0.3125, 0.09375, 0.421875, 0.1328125]",[41],0.709106014005603,0.605312553910838
512,7767.578125,"[0.40625, 0.875, 0.625, 0.328125, 0.390625, 0.21875, 0.0625, 0.71875, 0.78125, 0.53125, 0.03125, 0.125, 0.03125, 0.25, 0.625, 0.59375, 0.125, 0.28125, 0.1875, 0.8125, 0.1171875]","[0.203125, 0.4375, 0.375, 0.328125, 0.1953125, 0.109375, 0.0625, 0.390625, 0.421875, 0.265625, 0.03125, 0.0625, 0.015625, 0.265625, 0.375, 0.296875, 0.09375, 0.34375, 0.09375, 0.421875, 0.1328125]",[9],0.698754099731441,0.6022005501869812
513,7768.203125,"[0.40625, 0.875, 0.625, 0.328125, 0.390625, 0.28125, 0.0625, 0.71875, 0.78125, 0.53125, 0.03125, 0.125, 0.03125, 0.25, 0.625, 0.59375, 0.125, 0.28125, 0.1875, 0.8125, 0.1171875]","[0.203125, 0.4375, 0.375, 0.328125, 0.1953125, 0.140625, 0.0625, 0.390625, 0.421875, 0.265625, 0.03125, 0.0625, 0.015625, 0.265625, 0.375, 0.296875, 0.09375, 0.34375, 0.09375, 0.421875, 0.1328125]",[33],0.6894993419587148,0.5934583197823673
514,7926.953125,"[0.40625, 0.875, 0.625, 0.328125, 0.390625, 0.28125, 0.0625, 0.71875, 0.78125, 0.46875, 0.03125, 0.125, 0.03125, 0.25, 0.625, 0.59375, 0.125, 0.28125, 0.1875, 0.9375, 0.1171875]","[0.203125, 0.4375, 0.375, 0.328125, 0.1953125, 0.140625, 0.0625, 0.390625, 0.421875, 0.234375, 0.03125, 0.0625, 0.015625, 0.265625, 0.375, 0.296875, 0.09375, 0.34375, 0.09375, 0.484375, 0.1328125]",[59],0.7081095293742488,0.6082433758980503
515,7927.265625,"[0.40625, 0.875, 0.625, 0.328125, 0.390625, 0.3125, 0.0625, 0.65625, 0.78125, 0.46875, 0.03125, 0.125, 0.03125, 0.25, 0.625, 0.59375, 0.125, 0.28125, 0.1875, 0.9375, 0.1171875]","[0.203125, 0.4375, 0.375, 0.328125, 0.1953125, 0.171875, 0.0625, 0.359375, 0.421875, 0.234375, 0.03125, 0.0625, 0.015625, 0.265625, 0.375, 0.296875, 0.09375, 0.34375, 0.09375, 0.484375, 0.1328125]",[75],0.7013421266901818,0.5986681168363738
516,7907.734375,"[0.40625, 0.875, 0.625, 0.328125, 0.390625, 0.3125, 0.0625, 0.65625, 0.78125, 0.46875, 0.03125, 0.125, 0.03125, 0.25, 0.625, 0.59375, 0.125, 0.28125, 0.1875, 0.953125, 0.1171875]","[0.203125, 0.4375, 0.375, 0.328125, 0.1953125, 0.171875, 0.0625, 0.359375, 0.421875, 0.234375, 0.03125, 0.0625, 0.015625, 0.265625, 0.375, 0.296875, 0.09375, 0.34375, 0.09375, 0.4921875, 0.1328125]",[78],0.7038363370860327,0.6004864297647545
517,7947.109375,"[0.40625, 0.875, 0.625, 0.328125, 0.390625, 0.3125, 0.0625, 0.65625, 0.78125, 0.46875, 0.03125, 0.125, 0.03125, 0.25, 0.625, 0.59375, 0.125, 0.28125, 0.1875, 0.953125, 0.1171875]","[0.203125, 0.4375, 0.375, 0.328125, 0.1953125, 0.171875, 0.0625, 0.359375, 0.421875, 0.234375, 0.03125, 0.0625, 0.015625, 0.265625, 0.375, 0.296875, 0.09375, 0.34375, 0.09375, 0.4921875, 0.1328125]",[78],0.7038363370860327,0.6004864297647545
518,7986.484375,"[0.40625, 0.875, 0.625, 0.328125, 0.390625, 0.3125, 0.0625, 0.65625, 0.78125, 0.46875, 0.03125, 0.125, 0.03125, 0.25, 0.625, 0.59375, 0.125, 0.28125, 0.1875, 0.953125, 0.1171875]","[0.203125, 0.4375, 0.375, 0.328125, 0.1953125, 0.171875, 0.0625, 0.359375, 0.421875, 0.234375, 0.03125, 0.0625, 0.015625, 0.265625, 0.375, 0.296875, 0.09375, 0.34375, 0.09375, 0.4921875, 0.1328125]",[78],0.7038363370860327,0.6004864297647545
519,8065.234375,"[0.40625, 0.875, 0.625, 0.328125, 0.265625, 0.3125, 0.0625, 0.65625, 0.78125, 0.46875, 0.03125, 0.0625, 0.03125, 0.25, 0.625, 0.59375, 0.125, 0.28125, 0.1875, 0.953125, 0.1171875]","[0.203125, 0.4375, 0.375, 0.328125, 0.1328125, 0.171875, 0.0625, 0.359375, 0.421875, 0.234375, 0.03125, 0.03125, 0.015625, 0.265625, 0.375, 0.296875, 0.09375, 0.34375, 0.09375, 0.4921875, 0.1328125]",[13],0.7317726179598328,0.62661769917928
520,7709.296875,"[0.40625, 0.875, 0.625, 0.328125, 0.296875, 0.3125, 0.0625, 0.65625, 0.78125, 0.46875, 0.03125, 0.0625, 0.03125, 0.25, 0.625, 0.59375, 0.125, 0.28125, 0.1875, 0.953125, 0.1015625]","[0.203125, 0.4375, 0.375, 0.328125, 0.1640625, 0.171875, 0.0625, 0.359375, 0.421875, 0.234375, 0.03125, 0.03125, 0.015625, 0.265625, 0.375, 0.296875, 0.09375, 0.34375, 0.09375, 0.4921875, 0.1171875]",[23],0.7308372438183645,0.6232803894249888
521,7689.140625,"[0.40625, 0.875, 0.625, 0.328125, 0.296875, 0.3125, 0.0625, 0.65625, 0.78125, 0.46875, 0.03125, 0.0625, 0.03125, 0.25, 0.625, 0.59375, 0.125, 0.28125, 0.1875, 0.953125, 0.1015625]","[0.203125, 0.4375, 0.375, 0.328125, 0.1640625, 0.171875, 0.0625, 0.359375, 0.421875, 0.234375, 0.03125, 0.03125, 0.015625, 0.265625, 0.375, 0.296875, 0.09375, 0.34375, 0.09375, 0.4921875, 0.1171875]",[23],0.7308372438183645,0.6232803894249888
522,7709.296875,"[0.40625, 0.875, 0.625, 0.328125, 0.296875, 0.3125, 0.0625, 0.65625, 0.78125, 0.46875, 0.03125, 0.0625, 0.03125, 0.25, 0.625, 0.59375, 0.125, 0.28125, 0.1875, 0.953125, 0.1015625]","[0.203125, 0.4375, 0.375, 0.328125, 0.1640625, 0.171875, 0.0625, 0.359375, 0.421875, 0.234375, 0.03125, 0.03125, 0.015625, 0.265625, 0.375, 0.296875, 0.09375, 0.34375, 0.09375, 0.4921875, 0.1171875]",[23],0.7308372438183645,0.6232803894249888
523,7748.828125,"[0.40625, 0.875, 0.625, 0.328125, 0.28125, 0.3125, 0.0625, 0.65625, 0.78125, 0.46875, 0.03125, 0.0625, 0.03125, 0.25, 0.625, 0.59375, 0.125, 0.28125, 0.1875, 0.953125, 0.1015625]","[0.203125, 0.4375, 0.375, 0.328125, 0.15625, 0.171875, 0.0625, 0.359375, 0.421875, 0.234375, 0.03125, 0.03125, 0.015625, 0.265625, 0.375, 0.296875, 0.09375, 0.34375, 0.09375, 0.4921875, 0.1171875]",[23],0.7329100469411244,0.6250765704241852
524,7807.109375,"[0.40625, 0.875, 0.625, 0.203125, 0.28125, 0.3125, 0.0625, 0.65625, 0.78125, 0.40625, 0.03125, 0.0625, 0.03125, 0.25, 0.625, 0.59375, 0.125, 0.28125, 0.1875, 0.953125, 0.1015625]","[0.203125, 0.4375, 0.375, 0.203125, 0.15625, 0.171875, 0.0625, 0.359375, 0.421875, 0.203125, 0.03125, 0.03125, 0.015625, 0.265625, 0.375, 0.296875, 0.09375, 0.34375, 0.09375, 0.4921875, 0.1171875]",[23],0.7551157179737432,0.6396778900179678
525,7490.859375,"[0.40625, 0.875, 0.625, 0.203125, 0.28125, 0.3125, 0.0625, 0.65625, 0.78125, 0.40625, 0.03125, 0.0625, 0.03125, 0.25, 0.6875, 0.59375, 0.125, 0.28125, 0.1875, 0.921875, 0.1015625]","[0.203125, 0.4375, 0.375, 0.203125, 0.15625, 0.171875, 0.0625, 0.359375, 0.421875, 0.203125, 0.03125, 0.03125, 0.015625, 0.265625, 0.4375, 0.296875, 0.09375, 0.34375, 0.09375, 0.4765625, 0.1171875]",[28],0.7521274206069587,0.6436707917809515
526,7471.09375,"[0.40625, 0.875, 0.625, 0.203125, 0.28125, 0.3125, 0.0625, 0.65625, 0.78125, 0.40625, 0.03125, 0.0625, 0.03125, 0.25, 0.4375, 0.59375, 0.125, 0.28125, 0.1875, 0.921875, 0.109375]","[0.203125, 0.4375, 0.375, 0.203125, 0.15625, 0.171875, 0.0625, 0.359375, 0.421875, 0.203125, 0.03125, 0.03125, 0.015625, 0.265625, 0.3125, 0.296875, 0.09375, 0.34375, 0.09375, 0.4765625, 0.125]",[37],0.7522950111213111,0.6308308876724965
527,7353.28125,"[0.40625, 0.875, 0.625, 0.203125, 0.28125, 0.3125, 0.0625, 0.40625, 0.78125, 0.40625, 0.03125, 0.0625, 0.03125, 0.25, 0.4375, 0.59375, 0.125, 0.28125, 0.1875, 0.921875, 0.109375]","[0.203125, 0.4375, 0.375, 0.203125, 0.15625, 0.171875, 0.0625, 0.234375, 0.421875, 0.203125, 0.03125, 0.03125, 0.015625, 0.265625, 0.3125, 0.296875, 0.09375, 0.34375, 0.09375, 0.4765625, 0.125]",[37],0.7560142551599596,0.6329307804184596
528,7234.84375,"[0.40625, 0.875, 0.625, 0.203125, 0.28125, 0.3125, 0.0625, 0.53125, 0.78125, 0.40625, 0.03125, 0.0625, 0.03125, 0.21875, 0.4375, 0.59375, 0.125, 0.28125, 0.1875, 0.921875, 0.109375]","[0.203125, 0.4375, 0.375, 0.203125, 0.15625, 0.171875, 0.0625, 0.296875, 0.421875, 0.203125, 0.03125, 0.03125, 0.015625, 0.234375, 0.3125, 0.296875, 0.09375, 0.34375, 0.09375, 0.4765625, 0.125]",[50],0.7555623267420903,0.6317677642677925
529,7314.53125,"[0.40625, 0.875, 0.625, 0.203125, 0.28125, 0.3125, 0.0625, 0.53125, 0.78125, 0.40625, 0.03125, 0.0625, 0.03125, 0.28125, 0.4375, 0.59375, 0.125, 0.28125, 0.1875, 0.921875, 0.109375]","[0.203125, 0.4375, 0.375, 0.203125, 0.15625, 0.171875, 0.0625, 0.296875, 0.421875, 0.203125, 0.03125, 0.03125, 0.015625, 0.296875, 0.3125, 0.296875, 0.09375, 0.34375, 0.09375, 0.4765625, 0.125]",[63],0.7459797130546748,0.6277170304298315
530,7354.375,"[0.40625, 0.875, 0.625, 0.203125, 0.28125, 0.3125, 0.0625, 0.53125, 0.78125, 0.40625, 0.03125, 0.0625, 0.03125, 0.296875, 0.4375, 0.59375, 0.125, 0.28125, 0.1875, 0.921875, 0.109375]","[0.203125, 0.4375, 0.375, 0.203125, 0.15625, 0.171875, 0.0625, 0.296875, 0.421875, 0.203125, 0.03125, 0.03125, 0.015625, 0.328125, 0.3125, 0.296875, 0.09375, 0.34375, 0.09375, 0.4765625, 0.125]",[64],0.7438934745894605,0.6278549194547263
531,7374.0625,"[0.4375, 0.875, 0.625, 0.203125, 0.28125, 0.3125, 0.0625, 0.53125, 0.78125, 0.40625, 0.03125, 0.0625, 0.03125, 0.296875, 0.4375, 0.59375, 0.125, 0.28125, 0.1875, 0.921875, 0.109375]","[0.21875, 0.4375, 0.375, 0.203125, 0.15625, 0.171875, 0.0625, 0.296875, 0.421875, 0.203125, 0.03125, 0.03125, 0.015625, 0.328125, 0.3125, 0.296875, 0.09375, 0.34375, 0.09375, 0.4765625, 0.125]",[77],0.7417688338666569,0.6254734835143027
532,7413.75,"[0.4375, 0.875, 0.625, 0.203125, 0.28125, 0.3125, 0.0625, 0.53125, 0.78125, 0.40625, 0.03125, 0.0625, 0.03125, 0.296875, 0.4375, 0.59375, 0.125, 0.28125, 0.1875, 0.921875, 0.109375]","[0.21875, 0.4375, 0.375, 0.203125, 0.15625, 0.171875, 0.0625, 0.296875, 0.421875, 0.203125, 0.03125, 0.03125, 0.015625, 0.328125, 0.3125, 0.296875, 0.09375, 0.34375, 0.09375, 0.4765625, 0.125]",[77],0.7417688338666569,0.6254734835143027
533,7453.75,"[0.4375, 0.875, 0.625, 0.203125, 0.28125, 0.3125, 0.0625, 0.53125, 0.78125, 0.40625, 0.03125, 0.0625, 0.03125, 0.296875, 0.4375, 0.59375, 0.125, 0.28125, 0.1875, 0.921875, 0.109375]","[0.21875, 0.4375, 0.375, 0.203125, 0.15625, 0.171875, 0.0625, 0.296875, 0.421875, 0.203125, 0.03125, 0.03125, 0.015625, 0.328125, 0.3125, 0.296875, 0.09375, 0.34375, 0.09375, 0.4765625, 0.125]",[77],0.7417688338666569,0.6254734835143027
534,7374.0625,"[0.4375, 0.875, 0.625, 0.203125, 0.28125, 0.3125, 0.0625, 0.53125, 0.78125, 0.40625, 0.03125, 0.0625, 0.03125, 0.296875, 0.4375, 0.59375, 0.125, 0.28125, 0.1875, 0.921875, 0.109375]","[0.21875, 0.4375, 0.375, 0.203125, 0.15625, 0.171875, 0.0625, 0.296875, 0.421875, 0.203125, 0.03125, 0.03125, 0.015625, 0.328125, 0.3125, 0.296875, 0.09375, 0.34375, 0.09375, 0.4765625, 0.125]","[77, 78, 84]",0.7417688338666569,0.6254734835143027
535,7731.40625,"[0.4375, 0.875, 0.625, 0.328125, 0.28125, 0.4375, 0.0625, 0.53125, 0.78125, 0.40625, 0.03125, 0.0625, 0.03125, 0.3125, 0.4375, 0.59375, 0.125, 0.28125, 0.1875, 0.90625, 0.109375]","[0.21875, 0.4375, 0.375, 0.328125, 0.15625, 0.234375, 0.0625, 0.296875, 0.421875, 0.203125, 0.03125, 0.03125, 0.015625, 0.359375, 0.3125, 0.296875, 0.09375, 0.34375, 0.09375, 0.46875, 0.125]",[81],0.7079144291526734,0.6054306815772882
536,7731.25,"[0.4375, 0.875, 0.625, 0.328125, 0.28125, 0.4375, 0.0625, 0.53125, 0.78125, 0.40625, 0.03125, 0.0625, 0.03125, 0.3125, 0.4375, 0.59375, 0.125, 0.28125, 0.1875, 0.78125, 0.109375]","[0.21875, 0.4375, 0.375, 0.328125, 0.15625, 0.234375, 0.0625, 0.296875, 0.421875, 0.203125, 0.03125, 0.03125, 0.015625, 0.359375, 0.3125, 0.296875, 0.09375, 0.34375, 0.09375, 0.40625, 0.125]",[81],0.6897875384275524,0.5942142128030853
537,7592.5,"[0.4375, 0.875, 0.625, 0.328125, 0.28125, 0.4375, 0.0625, 0.53125, 0.78125, 0.40625, 0.03125, 0.0625, 0.03125, 0.3125, 0.375, 0.59375, 0.125, 0.28125, 0.1875, 0.78125, 0.109375]","[0.21875, 0.4375, 0.375, 0.328125, 0.15625, 0.234375, 0.0625, 0.296875, 0.421875, 0.203125, 0.03125, 0.03125, 0.015625, 0.359375, 0.25, 0.296875, 0.09375, 0.34375, 0.09375, 0.40625, 0.125]",[35],0.6941236058332314,0.596993621476013
538,7592.1875,"[0.4375, 0.875, 0.625, 0.328125, 0.28125, 0.4375, 0.0625, 0.53125, 0.78125, 0.40625, 0.03125, 0.0625, 0.03125, 0.3125, 0.375, 0.59375, 0.125, 0.28125, 0.1875, 0.78125, 0.109375]","[0.21875, 0.4375, 0.375, 0.328125, 0.15625, 0.234375, 0.0625, 0.296875, 0.421875, 0.203125, 0.03125, 0.03125, 0.015625, 0.359375, 0.25, 0.296875, 0.09375, 0.34375, 0.09375, 0.40625, 0.125]",[35],0.6941236058332314,0.596993621476013
539,7670.9375,"[0.4375, 0.875, 0.875, 0.328125, 0.28125, 0.4375, 0.0625, 0.53125, 0.78125, 0.40625, 0.03125, 0.0625, 0.03125, 0.3125, 0.375, 0.59375, 0.125, 0.28125, 0.1875, 0.78125, 0.109375]","[0.21875, 0.4375, 0.5, 0.328125, 0.15625, 0.234375, 0.0625, 0.296875, 0.421875, 0.203125, 0.03125, 0.03125, 0.015625, 0.359375, 0.25, 0.296875, 0.09375, 0.34375, 0.09375, 0.40625, 0.125]",[81],0.7180252863452294,0.6193428299379737
540,7710.625,"[0.4375, 0.875, 0.875, 0.328125, 0.28125, 0.4375, 0.0625, 0.53125, 0.78125, 0.40625, 0.03125, 0.0625, 0.03125, 0.3125, 0.375, 0.59375, 0.125, 0.28125, 0.1875, 0.78125, 0.109375]","[0.21875, 0.4375, 0.5, 0.328125, 0.15625, 0.234375, 0.0625, 0.296875, 0.421875, 0.203125, 0.03125, 0.03125, 0.015625, 0.359375, 0.25, 0.296875, 0.09375, 0.34375, 0.09375, 0.40625, 0.125]",[81],0.7180252863452294,0.6193428299379737
541,7690.625,"[0.46875, 0.875, 0.875, 0.328125, 0.28125, 0.4375, 0.0625, 0.53125, 0.53125, 0.40625, 0.03125, 0.0625, 0.03125, 0.3125, 0.375, 0.59375, 0.125, 0.28125, 0.1875, 0.78125, 0.109375]","[0.234375, 0.4375, 0.5, 0.328125, 0.15625, 0.234375, 0.0625, 0.296875, 0.296875, 0.203125, 0.03125, 0.03125, 0.015625, 0.359375, 0.25, 0.296875, 0.09375, 0.34375, 0.09375, 0.40625, 0.125]",[49],0.7046311492646206,0.6098081784409934
542,7572.8125,"[0.46875, 0.875, 0.875, 0.328125, 0.28125, 0.4375, 0.0625, 0.53125, 0.53125, 0.40625, 0.03125, 0.0625, 0.03125, 0.3125, 0.375, 0.59375, 0.125, 0.28125, 0.1875, 0.65625, 0.109375]","[0.234375, 0.4375, 0.5, 0.328125, 0.15625, 0.234375, 0.0625, 0.296875, 0.296875, 0.203125, 0.03125, 0.03125, 0.015625, 0.359375, 0.25, 0.296875, 0.09375, 0.34375, 0.09375, 0.34375, 0.125]",[25],0.6931133035075973,0.6036627519563657
543,7454.0625,"[0.46875, 0.875, 0.875, 0.328125, 0.28125, 0.4375, 0.0625, 0.53125, 0.53125, 0.40625, 0.03125, 0.0625, 0.03125, 0.3125, 0.375, 0.59375, 0.125, 0.28125, 0.1875, 0.65625, 0.109375]","[0.234375, 0.4375, 0.5, 0.328125, 0.15625, 0.234375, 0.0625, 0.296875, 0.296875, 0.203125, 0.03125, 0.03125, 0.015625, 0.359375, 0.25, 0.296875, 0.09375, 0.34375, 0.09375, 0.34375, 0.125]",[25],0.6931133035075973,0.6036627519563657
544,7374.375,"[0.46875, 0.875, 0.875, 0.328125, 0.28125, 0.4375, 0.0625, 0.53125, 0.53125, 0.40625, 0.03125, 0.0625, 0.03125, 0.3125, 0.375, 0.59375, 0.125, 0.28125, 0.1875, 0.65625, 0.109375]","[0.234375, 0.4375, 0.5, 0.328125, 0.15625, 0.234375, 0.0625, 0.296875, 0.296875, 0.203125, 0.03125, 0.03125, 0.015625, 0.359375, 0.25, 0.296875, 0.09375, 0.34375, 0.09375, 0.34375, 0.125]","[25, 49]",0.6931133035075973,0.6036627519563657
545,7414.21875,"[0.46875, 0.875, 0.875, 0.328125, 0.28125, 0.4375, 0.0625, 0.53125, 0.53125, 0.40625, 0.03125, 0.0625, 0.03125, 0.328125, 0.375, 0.59375, 0.125, 0.28125, 0.1875, 0.65625, 0.109375]","[0.234375, 0.4375, 0.5, 0.328125, 0.15625, 0.234375, 0.0625, 0.296875, 0.296875, 0.203125, 0.03125, 0.03125, 0.015625, 0.390625, 0.25, 0.296875, 0.09375, 0.34375, 0.09375, 0.34375, 0.125]","[25, 90]",0.6913522279356068,0.6068320158037652
546,7593.28125,"[0.46875, 0.625, 0.875, 0.328125, 0.28125, 0.4375, 0.0625, 0.5625, 0.53125, 0.40625, 0.03125, 0.0625, 0.03125, 0.328125, 0.375, 0.59375, 0.125, 0.28125, 0.1875, 0.65625, 0.109375]","[0.234375, 0.3125, 0.5, 0.328125, 0.15625, 0.234375, 0.0625, 0.3125, 0.296875, 0.203125, 0.03125, 0.03125, 0.015625, 0.390625, 0.25, 0.296875, 0.09375, 0.34375, 0.09375, 0.34375, 0.125]",[11],0.6595356097868407,0.5930395177013296
547,7315.78125,"[0.46875, 0.625, 0.875, 0.328125, 0.28125, 0.4375, 0.0625, 0.625, 0.53125, 0.40625, 0.03125, 0.0625, 0.03125, 0.328125, 0.375, 0.59375, 0.125, 0.28125, 0.1875, 0.65625, 0.109375]","[0.234375, 0.3125, 0.5, 0.328125, 0.15625, 0.234375, 0.0625, 0.34375, 0.296875, 0.203125, 0.03125, 0.03125, 0.015625, 0.390625, 0.25, 0.296875, 0.09375, 0.34375, 0.09375, 0.34375, 0.125]",[25],0.6627333645331084,0.594418483337567
548,7395.15625,"[0.46875, 0.625, 0.875, 0.328125, 0.28125, 0.4375, 0.0625, 0.625, 0.53125, 0.40625, 0.03125, 0.0625, 0.03125, 0.328125, 0.375, 0.59375, 0.125, 0.28125, 0.1875, 0.65625, 0.109375]","[0.234375, 0.3125, 0.5, 0.328125, 0.15625, 0.234375, 0.0625, 0.34375, 0.296875, 0.203125, 0.03125, 0.03125, 0.015625, 0.390625, 0.25, 0.296875, 0.09375, 0.34375, 0.09375, 0.34375, 0.125]",[25],0.6627333645331084,0.594418483337567
549,7474.53125,"[0.46875, 0.625, 0.875, 0.203125, 0.28125, 0.4375, 0.0625, 0.625, 0.46875, 0.40625, 0.03125, 0.0625, 0.03125, 0.328125, 0.375, 0.59375, 0.125, 0.28125, 0.1875, 0.65625, 0.109375]","[0.234375, 0.3125, 0.5, 0.203125, 0.15625, 0.234375, 0.0625, 0.34375, 0.265625, 0.203125, 0.03125, 0.03125, 0.015625, 0.390625, 0.25, 0.296875, 0.09375, 0.34375, 0.09375, 0.34375, 0.125]",[25],0.680486118021019,0.6019785056662617
550,7157.03125,"[0.46875, 0.625, 0.875, 0.203125, 0.28125, 0.4375, 0.0625, 0.625, 0.46875, 0.40625, 0.03125, 0.0625, 0.03125, 0.328125, 0.375, 0.59375, 0.125, 0.28125, 0.1875, 0.65625, 0.109375]","[0.234375, 0.3125, 0.5, 0.203125, 0.15625, 0.234375, 0.0625, 0.34375, 0.265625, 0.203125, 0.03125, 0.03125, 0.015625, 0.390625, 0.25, 0.296875, 0.09375, 0.34375, 0.09375, 0.34375, 0.125]",[25],0.680486118021019,0.6019785056662617
551,7137.5,"[0.46875, 0.625, 0.875, 0.203125, 0.28125, 0.4375, 0.0625, 0.625, 0.46875, 0.40625, 0.03125, 0.0625, 0.03125, 0.328125, 0.375, 0.59375, 0.125, 0.28125, 0.1875, 0.65625, 0.109375]","[0.234375, 0.3125, 0.5, 0.203125, 0.15625, 0.234375, 0.0625, 0.34375, 0.265625, 0.203125, 0.03125, 0.03125, 0.015625, 0.390625, 0.25, 0.296875, 0.09375, 0.34375, 0.09375, 0.34375, 0.125]",[25],0.680486118021019,0.6019785056662617
552,7157.34375,"[0.46875, 0.625, 0.875, 0.203125, 0.1875, 0.4375, 0.0625, 0.625, 0.46875, 0.40625, 0.03125, 0.0625, 0.03125, 0.328125, 0.375, 0.59375, 0.125, 0.28125, 0.1875, 0.65625, 0.109375]","[0.234375, 0.3125, 0.5, 0.203125, 0.109375, 0.234375, 0.0625, 0.34375, 0.265625, 0.203125, 0.03125, 0.03125, 0.015625, 0.390625, 0.25, 0.296875, 0.09375, 0.34375, 0.09375, 0.34375, 0.125]",[60],0.6954363484745225,0.6148221602818893
553,7077.34375,"[0.46875, 0.625, 0.875, 0.203125, 0.1875, 0.4375, 0.0625, 0.625, 0.46875, 0.40625, 0.03125, 0.0625, 0.03125, 0.328125, 0.375, 0.59375, 0.25, 0.28125, 0.1875, 0.65625, 0.109375]","[0.234375, 0.3125, 0.5, 0.203125, 0.109375, 0.234375, 0.0625, 0.34375, 0.265625, 0.203125, 0.03125, 0.03125, 0.015625, 0.390625, 0.25, 0.296875, 0.15625, 0.34375, 0.09375, 0.34375, 0.125]",[67],0.6720627954076989,0.5968707144795928
554,7236.71875,"[0.46875, 0.625, 0.625, 0.203125, 0.15625, 0.4375, 0.0625, 0.625, 0.46875, 0.40625, 0.03125, 0.0625, 0.03125, 0.328125, 0.375, 0.59375, 0.25, 0.28125, 0.1875, 0.65625, 0.109375]","[0.234375, 0.3125, 0.375, 0.203125, 0.09375, 0.234375, 0.0625, 0.34375, 0.265625, 0.203125, 0.03125, 0.03125, 0.015625, 0.390625, 0.25, 0.296875, 0.15625, 0.34375, 0.09375, 0.34375, 0.125]",[25],0.6362991884386097,0.5678632658464109
555,6919.53125,"[0.46875, 0.625, 0.625, 0.203125, 0.15625, 0.4375, 0.0625, 0.5625, 0.46875, 0.40625, 0.03125, 0.0625, 0.03125, 0.328125, 0.375, 0.59375, 0.25, 0.28125, 0.1875, 0.65625, 0.109375]","[0.234375, 0.3125, 0.375, 0.203125, 0.09375, 0.234375, 0.0625, 0.28125, 0.265625, 0.203125, 0.03125, 0.03125, 0.015625, 0.390625, 0.25, 0.296875, 0.15625, 0.34375, 0.09375, 0.34375, 0.125]",[0],0.6307387149438762,0.5633144059238403
556,6860.625,"[0.46875, 0.5, 0.625, 0.21875, 0.15625, 0.4375, 0.0625, 0.5625, 0.46875, 0.40625, 0.03125, 0.0625, 0.03125, 0.328125, 0.375, 0.59375, 0.25, 0.28125, 0.1875, 0.65625, 0.109375]","[0.234375, 0.25, 0.375, 0.21875, 0.09375, 0.234375, 0.0625, 0.28125, 0.265625, 0.203125, 0.03125, 0.03125, 0.015625, 0.390625, 0.25, 0.296875, 0.15625, 0.34375, 0.09375, 0.34375, 0.125]",[25],0.6184074918211917,0.5601180513114701
557,6821.5625,"[0.46875, 0.5, 0.625, 0.21875, 0.15625, 0.4375, 0.0625, 0.5625, 0.46875, 0.40625, 0.03125, 0.0625, 0.03125, 0.328125, 0.375, 0.59375, 0.25, 0.28125, 0.1875, 0.65625, 0.109375]","[0.234375, 0.25, 0.375, 0.21875, 0.09375, 0.234375, 0.0625, 0.28125, 0.265625, 0.203125, 0.03125, 0.03125, 0.015625, 0.390625, 0.25, 0.296875, 0.15625, 0.34375, 0.09375, 0.34375, 0.125]",[25],0.6184074918211917,0.5601180513114701
558,6861.25,"[0.46875, 0.5, 0.625, 0.21875, 0.15625, 0.4375, 0.0625, 0.5625, 0.46875, 0.40625, 0.03125, 0.0625, 0.03125, 0.328125, 0.375, 0.59375, 0.25, 0.28125, 0.1875, 0.65625, 0.109375]","[0.234375, 0.25, 0.375, 0.21875, 0.09375, 0.234375, 0.0625, 0.28125, 0.265625, 0.203125, 0.03125, 0.03125, 0.015625, 0.390625, 0.25, 0.296875, 0.15625, 0.34375, 0.09375, 0.34375, 0.125]",[25],0.6184074918211917,0.5601180513114701
559,6939.375,"[0.46875, 0.5, 0.625, 0.21875, 0.15625, 0.4375, 0.0625, 0.5625, 0.46875, 0.40625, 0.03125, 0.0625, 0.03125, 0.3125, 0.375, 0.59375, 0.25, 0.28125, 0.1875, 0.65625, 0.109375]","[0.234375, 0.25, 0.375, 0.21875, 0.09375, 0.234375, 0.0625, 0.28125, 0.265625, 0.203125, 0.03125, 0.03125, 0.015625, 0.359375, 0.25, 0.296875, 0.15625, 0.34375, 0.09375, 0.34375, 0.125]",[4],0.6198717471838812,0.5531741955451964
560,6781.71875,"[0.46875, 0.5, 0.625, 0.21875, 0.15625, 0.4375, 0.0625, 0.5625, 0.46875, 0.40625, 0.03125, 0.0625, 0.03125, 0.3125, 0.375, 0.59375, 0.25, 0.28125, 0.1875, 0.65625, 0.109375]","[0.234375, 0.25, 0.375, 0.21875, 0.09375, 0.234375, 0.0625, 0.28125, 0.265625, 0.203125, 0.03125, 0.03125, 0.015625, 0.359375, 0.25, 0.296875, 0.15625, 0.34375, 0.09375, 0.34375, 0.125]",[4],0.6198717471838812,0.5531741955451964
561,6761.875,"[0.46875, 0.5, 0.625, 0.21875, 0.15625, 0.4375, 0.0625, 0.5625, 0.46875, 0.40625, 0.03125, 0.0625, 0.0, 0.3125, 0.375, 0.46875, 0.25, 0.25, 0.1875, 0.65625, 0.109375]","[0.234375, 0.25, 0.375, 0.21875, 0.09375, 0.234375, 0.0625, 0.28125, 0.265625, 0.203125, 0.03125, 0.03125, 0.0, 0.359375, 0.25, 0.234375, 0.15625, 0.3125, 0.09375, 0.34375, 0.125]",[4],0.6257768506698941,0.5568226328019317
562,6623.59375,"[0.46875, 0.5, 0.625, 0.21875, 0.15625, 0.4375, 0.0625, 0.5625, 0.46875, 0.40625, 0.03125, 0.0625, 0.0, 0.296875, 0.375, 0.46875, 0.25, 0.25, 0.1875, 0.65625, 0.109375]","[0.234375, 0.25, 0.375, 0.21875, 0.09375, 0.234375, 0.0625, 0.28125, 0.265625, 0.203125, 0.03125, 0.03125, 0.0, 0.328125, 0.25, 0.234375, 0.15625, 0.3125, 0.09375, 0.34375, 0.125]",[4],0.6273761014487861,0.5508727110700374
563,6622.8125,"[0.46875, 0.5, 0.625, 0.21875, 0.15625, 0.4375, 0.0625, 0.5625, 0.46875, 0.40625, 0.03125, 0.0625, 0.0, 0.296875, 0.375, 0.46875, 0.25, 0.25, 0.1875, 0.65625, 0.109375]","[0.234375, 0.25, 0.375, 0.21875, 0.09375, 0.234375, 0.0625, 0.28125, 0.265625, 0.203125, 0.03125, 0.03125, 0.0, 0.328125, 0.25, 0.234375, 0.15625, 0.3125, 0.09375, 0.34375, 0.125]",[4],0.6273761014487861,0.5508727110700374
564,6701.5625,"[0.46875, 0.5, 0.625, 0.21875, 0.15625, 0.4375, 0.0625, 0.5625, 0.46875, 0.40625, 0.03125, 0.0625, 0.0, 0.296875, 0.375, 0.46875, 0.5, 0.25, 0.1875, 0.65625, 0.109375]","[0.234375, 0.25, 0.375, 0.21875, 0.09375, 0.234375, 0.0625, 0.28125, 0.265625, 0.203125, 0.03125, 0.03125, 0.0, 0.328125, 0.25, 0.234375, 0.28125, 0.3125, 0.09375, 0.34375, 0.125]",[25],0.6145837143366365,0.5399031936166969
565,6741.40625,"[0.46875, 0.5, 0.625, 0.21875, 0.15625, 0.4375, 0.0625, 0.5625, 0.46875, 0.40625, 0.03125, 0.0625, 0.0, 0.3125, 0.375, 0.46875, 0.5, 0.25, 0.1875, 0.65625, 0.109375]","[0.234375, 0.25, 0.375, 0.21875, 0.09375, 0.234375, 0.0625, 0.28125, 0.265625, 0.203125, 0.03125, 0.03125, 0.0, 0.359375, 0.25, 0.234375, 0.28125, 0.3125, 0.09375, 0.34375, 0.125]",[41],0.6129383001828578,0.5452755055486685
566,6761.09375,"[0.46875, 0.5, 0.625, 0.21875, 0.15625, 0.4375, 0.0625, 0.5625, 0.46875, 0.40625, 0.03125, 0.0625, 0.0, 0.3125, 0.375, 0.5, 0.5, 0.25, 0.1875, 0.65625, 0.109375]","[0.234375, 0.25, 0.375, 0.21875, 0.09375, 0.234375, 0.0625, 0.28125, 0.265625, 0.203125, 0.03125, 0.03125, 0.0, 0.359375, 0.25, 0.25, 0.28125, 0.3125, 0.09375, 0.34375, 0.125]",[49],0.6137044834117831,0.5445325541042875
567,6800.78125,"[0.46875, 0.5, 0.625, 0.21875, 0.15625, 0.4375, 0.0625, 0.5625, 0.46875, 0.40625, 0.03125, 0.0625, 0.03125, 0.3125, 0.375, 0.5, 0.5, 0.25, 0.1875, 0.65625, 0.109375]","[0.234375, 0.25, 0.375, 0.21875, 0.09375, 0.234375, 0.0625, 0.28125, 0.265625, 0.203125, 0.03125, 0.03125, 0.015625, 0.359375, 0.25, 0.25, 0.28125, 0.3125, 0.09375, 0.34375, 0.125]",[53],0.6038701706300192,0.5361094650704483
568,6879.53125,"[0.46875, 0.5, 0.625, 0.21875, 0.15625, 0.4375, 0.0625, 0.6875, 0.46875, 0.40625, 0.03125, 0.0625, 0.03125, 0.3125, 0.375, 0.5, 0.5, 0.25, 0.1875, 0.65625, 0.109375]","[0.234375, 0.25, 0.375, 0.21875, 0.09375, 0.234375, 0.0625, 0.34375, 0.265625, 0.203125, 0.03125, 0.03125, 0.015625, 0.359375, 0.25, 0.25, 0.28125, 0.3125, 0.09375, 0.34375, 0.125]",[67],0.6186689857322827,0.54198708471697
569,7037.03125,"[0.46875, 0.5, 0.625, 0.21875, 0.15625, 0.4375, 0.0625, 0.6875, 0.46875, 0.40625, 0.03125, 0.0625, 0.03125, 0.3125, 0.375, 0.6875, 0.5, 0.25, 0.1875, 0.65625, 0.109375]","[0.234375, 0.25, 0.375, 0.21875, 0.09375, 0.234375, 0.0625, 0.34375, 0.265625, 0.203125, 0.03125, 0.03125, 0.015625, 0.359375, 0.25, 0.34375, 0.28125, 0.3125, 0.09375, 0.34375, 0.125]",[2],0.6335182268699028,0.5464174753000823
570,7037.03125,"[0.46875, 0.5, 0.625, 0.21875, 0.15625, 0.4375, 0.0625, 0.6875, 0.46875, 0.40625, 0.03125, 0.0625, 0.03125, 0.3125, 0.375, 0.6875, 0.5, 0.25, 0.1875, 0.53125, 0.109375]","[0.234375, 0.25, 0.375, 0.21875, 0.09375, 0.234375, 0.0625, 0.34375, 0.265625, 0.203125, 0.03125, 0.03125, 0.015625, 0.359375, 0.25, 0.34375, 0.28125, 0.3125, 0.09375, 0.28125, 0.125]",[2],0.6240055486672695,0.5416833522287597
571,6858.59375,"[0.46875, 0.5, 0.625, 0.21875, 0.15625, 0.4375, 0.0625, 0.6875, 0.46875, 0.40625, 0.03125, 0.0625, 0.03125, 0.3125, 0.375, 0.6875, 0.5, 0.25, 0.1875, 0.53125, 0.109375]","[0.234375, 0.25, 0.375, 0.21875, 0.09375, 0.234375, 0.0625, 0.34375, 0.265625, 0.203125, 0.03125, 0.03125, 0.015625, 0.359375, 0.25, 0.34375, 0.28125, 0.3125, 0.09375, 0.28125, 0.125]",[2],0.6240055486672695,0.5416833522287597
572,6878.59375,"[0.46875, 0.5, 0.625, 0.21875, 0.15625, 0.4375, 0.0625, 0.6875, 0.46875, 0.40625, 0.03125, 0.0625, 0.03125, 0.3125, 0.375, 0.6875, 0.5, 0.25, 0.1875, 0.5625, 0.109375]","[0.234375, 0.25, 0.375, 0.21875, 0.09375, 0.234375, 0.0625, 0.34375, 0.265625, 0.203125, 0.03125, 0.03125, 0.015625, 0.359375, 0.25, 0.34375, 0.28125, 0.3125, 0.09375, 0.296875, 0.125]",[18],0.6255603811012915,0.5422157571538033
573,6958.28125,"[0.46875, 0.5, 0.625, 0.21875, 0.15625, 0.4375, 0.0625, 0.6875, 0.46875, 0.40625, 0.03125, 0.0625, 0.03125, 0.3125, 0.375, 0.6875, 0.5, 0.25, 0.171875, 0.5625, 0.109375]","[0.234375, 0.25, 0.375, 0.21875, 0.09375, 0.234375, 0.0625, 0.34375, 0.265625, 0.203125, 0.03125, 0.03125, 0.015625, 0.359375, 0.25, 0.34375, 0.28125, 0.3125, 0.0859375, 0.296875, 0.125]",[18],0.6285793168132343,0.5450407921530417
574,7017.5,"[0.46875, 0.5, 0.625, 0.21875, 0.15625, 0.4375, 0.0625, 0.6875, 0.46875, 0.40625, 0.03125, 0.0625, 0.03125, 0.3125, 0.375, 0.6875, 0.5, 0.375, 0.171875, 0.5625, 0.109375]","[0.234375, 0.25, 0.375, 0.21875, 0.09375, 0.234375, 0.0625, 0.34375, 0.265625, 0.203125, 0.03125, 0.03125, 0.015625, 0.359375, 0.25, 0.34375, 0.28125, 0.4375, 0.0859375, 0.296875, 0.125]",[43],0.6153309749071167,0.5676001399914894
575,7057.34375,"[0.46875, 0.5, 0.625, 0.21875, 0.15625, 0.4375, 0.0625, 0.625, 0.46875, 0.40625, 0.03125, 0.0625, 0.03125, 0.3125, 0.25, 0.6875, 0.5, 0.375, 0.171875, 0.5625, 0.109375]","[0.234375, 0.25, 0.375, 0.21875, 0.09375, 0.234375, 0.0625, 0.3125, 0.265625, 0.203125, 0.03125, 0.03125, 0.015625, 0.359375, 0.125, 0.34375, 0.28125, 0.4375, 0.0859375, 0.296875, 0.125]",[3],0.6207871564028228,0.5869049938925591
576,6919.0625,"[0.46875, 0.5, 0.375, 0.21875, 0.15625, 0.4375, 0.0625, 0.625, 0.46875, 0.40625, 0.03125, 0.0625, 0.03125, 0.3125, 0.25, 0.6875, 0.5, 0.375, 0.171875, 0.5625, 0.09375]","[0.234375, 0.25, 0.25, 0.21875, 0.09375, 0.234375, 0.0625, 0.3125, 0.265625, 0.203125, 0.03125, 0.03125, 0.015625, 0.359375, 0.125, 0.34375, 0.28125, 0.4375, 0.0859375, 0.296875, 0.09375]",[3],0.6170005309336563,0.5880676916864525
577,6741.875,"[0.46875, 0.5, 0.375, 0.21875, 0.15625, 0.375, 0.0625, 0.625, 0.46875, 0.40625, 0.03125, 0.0625, 0.03125, 0.3125, 0.25, 0.6875, 0.5, 0.359375, 0.171875, 0.5625, 0.109375]","[0.234375, 0.25, 0.25, 0.21875, 0.09375, 0.203125, 0.0625, 0.3125, 0.265625, 0.203125, 0.03125, 0.03125, 0.015625, 0.359375, 0.125, 0.34375, 0.28125, 0.421875, 0.0859375, 0.296875, 0.109375]",[1],0.6156935060018344,0.580862322975997
578,6721.40625,"[0.46875, 0.5, 0.375, 0.21875, 0.15625, 0.375, 0.0625, 0.625, 0.46875, 0.40625, 0.03125, 0.0625, 0.03125, 0.3125, 0.25, 0.6875, 0.5, 0.359375, 0.171875, 0.5625, 0.109375]","[0.234375, 0.25, 0.25, 0.21875, 0.09375, 0.203125, 0.0625, 0.3125, 0.265625, 0.203125, 0.03125, 0.03125, 0.015625, 0.359375, 0.125, 0.34375, 0.28125, 0.421875, 0.0859375, 0.296875, 0.109375]",[1],0.6156935060018344,0.580862322975997
579,6800.15625,"[0.46875, 0.5, 0.375, 0.21875, 0.15625, 0.375, 0.0625, 0.625, 0.46875, 0.40625, 0.03125, 0.0625, 0.03125, 0.3125, 0.5, 0.6875, 0.5, 0.359375, 0.171875, 0.5625, 0.109375]","[0.234375, 0.25, 0.25, 0.21875, 0.09375, 0.203125, 0.0625, 0.3125, 0.265625, 0.203125, 0.03125, 0.03125, 0.015625, 0.359375, 0.25, 0.34375, 0.28125, 0.421875, 0.0859375, 0.296875, 0.109375]",[23],0.6023591195175575,0.5602402291712482
580,6840.0,"[0.46875, 0.5, 0.375, 0.21875, 0.15625, 0.375, 0.0625, 0.625, 0.46875, 0.40625, 0.03125, 0.0625, 0.03125, 0.3125, 0.5, 0.6875, 0.4375, 0.359375, 0.171875, 0.5625, 0.109375]","[0.234375, 0.25, 0.25, 0.21875, 0.09375, 0.203125, 0.0625, 0.3125, 0.265625, 0.203125, 0.03125, 0.03125, 0.015625, 0.359375, 0.25, 0.34375, 0.21875, 0.421875, 0.0859375, 0.296875, 0.125]",[3],0.6015621357722915,0.5577875983468132
581,6780.625,"[0.46875, 0.5, 0.375, 0.21875, 0.171875, 0.375, 0.0625, 0.625, 0.46875, 0.40625, 0.03125, 0.0625, 0.03125, 0.3125, 0.5, 0.6875, 0.4375, 0.359375, 0.171875, 0.5625, 0.109375]","[0.234375, 0.25, 0.25, 0.21875, 0.1015625, 0.203125, 0.0625, 0.3125, 0.265625, 0.203125, 0.03125, 0.03125, 0.015625, 0.359375, 0.25, 0.34375, 0.21875, 0.421875, 0.0859375, 0.296875, 0.125]",[32],0.5983196175482812,0.5550625769011996
582,6820.0,"[0.46875, 0.5, 0.375, 0.21875, 0.171875, 0.375, 0.0625, 0.625, 0.46875, 0.40625, 0.03125, 0.0625, 0.03125, 0.3125, 0.5, 0.75, 0.4375, 0.359375, 0.171875, 0.5625, 0.109375]","[0.234375, 0.25, 0.25, 0.21875, 0.1015625, 0.203125, 0.0625, 0.3125, 0.265625, 0.203125, 0.03125, 0.03125, 0.015625, 0.359375, 0.25, 0.375, 0.21875, 0.421875, 0.0859375, 0.296875, 0.125]",[35],0.6102043349216252,0.5608632456671276
583,6898.75,"[0.46875, 0.625, 0.375, 0.21875, 0.171875, 0.375, 0.0625, 0.625, 0.46875, 0.40625, 0.03125, 0.0625, 0.03125, 0.3125, 0.5, 0.75, 0.4375, 0.359375, 0.171875, 0.5625, 0.109375]","[0.234375, 0.3125, 0.25, 0.21875, 0.1015625, 0.203125, 0.0625, 0.3125, 0.265625, 0.203125, 0.03125, 0.03125, 0.015625, 0.359375, 0.25, 0.375, 0.21875, 0.421875, 0.0859375, 0.296875, 0.125]",[43],0.6187009445004603,0.5620037493520077
584,7057.5,"[0.46875, 0.625, 0.375, 0.34375, 0.171875, 0.375, 0.0625, 0.625, 0.46875, 0.40625, 0.03125, 0.0625, 0.03125, 0.3125, 0.5, 0.75, 0.4375, 0.359375, 0.171875, 0.4375, 0.109375]","[0.234375, 0.3125, 0.25, 0.34375, 0.1015625, 0.203125, 0.0625, 0.3125, 0.265625, 0.203125, 0.03125, 0.03125, 0.015625, 0.359375, 0.25, 0.375, 0.21875, 0.421875, 0.0859375, 0.234375, 0.125]",[33],0.6001404113944794,0.5644630879545288
585,6938.4375,"[0.46875, 0.625, 0.375, 0.34375, 0.171875, 0.375, 0.0625, 0.625, 0.46875, 0.40625, 0.03125, 0.0625, 0.03125, 0.3125, 0.5, 0.75, 0.4375, 0.359375, 0.171875, 0.4375, 0.109375]","[0.234375, 0.3125, 0.25, 0.34375, 0.1015625, 0.203125, 0.0625, 0.3125, 0.265625, 0.203125, 0.03125, 0.03125, 0.015625, 0.359375, 0.25, 0.375, 0.21875, 0.421875, 0.0859375, 0.234375, 0.125]",[33],0.6001404113944794,0.5644630879545288
586,6918.4375,"[0.46875, 0.625, 0.40625, 0.34375, 0.171875, 0.375, 0.0625, 0.625, 0.46875, 0.40625, 0.03125, 0.0625, 0.03125, 0.3125, 0.5, 0.75, 0.4375, 0.359375, 0.171875, 0.4375, 0.109375]","[0.234375, 0.3125, 0.265625, 0.34375, 0.1015625, 0.203125, 0.0625, 0.3125, 0.265625, 0.203125, 0.03125, 0.03125, 0.015625, 0.359375, 0.25, 0.375, 0.21875, 0.421875, 0.0859375, 0.234375, 0.125]",[51],0.5986037923847728,0.5638379235762601
587,6958.125,"[0.46875, 0.625, 0.375, 0.34375, 0.171875, 0.28125, 0.0625, 0.625, 0.46875, 0.40625, 0.03125, 0.0625, 0.03125, 0.3125, 0.5, 0.75, 0.4375, 0.359375, 0.171875, 0.4375, 0.109375]","[0.234375, 0.3125, 0.25, 0.34375, 0.1015625, 0.15625, 0.0625, 0.3125, 0.265625, 0.203125, 0.03125, 0.03125, 0.015625, 0.359375, 0.25, 0.375, 0.21875, 0.421875, 0.0859375, 0.234375, 0.125]",[33],0.608726661275936,0.5732133979811807
588,6859.0625,"[0.46875, 0.625, 0.375, 0.34375, 0.171875, 0.28125, 0.0625, 0.625, 0.46875, 0.40625, 0.03125, 0.0625, 0.03125, 0.3125, 0.5, 0.75, 0.4375, 0.359375, 0.171875, 0.5, 0.109375]","[0.234375, 0.3125, 0.25, 0.34375, 0.1015625, 0.15625, 0.0625, 0.3125, 0.265625, 0.203125, 0.03125, 0.03125, 0.015625, 0.359375, 0.25, 0.375, 0.21875, 0.421875, 0.0859375, 0.265625, 0.125]",[65],0.6090617050911913,0.571526779616189
589,7016.5625,"[0.46875, 0.625, 0.375, 0.34375, 0.171875, 0.28125, 0.0625, 0.625, 0.46875, 0.28125, 0.03125, 0.0625, 0.03125, 0.3125, 0.5, 0.75, 0.6875, 0.359375, 0.171875, 0.5, 0.109375]","[0.234375, 0.3125, 0.25, 0.34375, 0.1015625, 0.15625, 0.0625, 0.3125, 0.265625, 0.140625, 0.03125, 0.03125, 0.015625, 0.359375, 0.25, 0.375, 0.34375, 0.421875, 0.0859375, 0.265625, 0.125]",[70],0.634505636379538,0.5838758621065283
590,6977.5,"[0.46875, 0.625, 0.375, 0.34375, 0.171875, 0.28125, 0.0625, 0.625, 0.46875, 0.28125, 0.03125, 0.09375, 0.03125, 0.3125, 0.5, 0.75, 0.6875, 0.359375, 0.171875, 0.5, 0.109375]","[0.234375, 0.3125, 0.25, 0.34375, 0.1015625, 0.15625, 0.0625, 0.3125, 0.265625, 0.140625, 0.03125, 0.0625, 0.015625, 0.359375, 0.25, 0.375, 0.34375, 0.421875, 0.0859375, 0.265625, 0.125]",[82],0.626484562661579,0.5704674614764571
591,6997.34375,"[0.46875, 0.625, 0.375, 0.34375, 0.171875, 0.296875, 0.0625, 0.625, 0.46875, 0.28125, 0.03125, 0.09375, 0.03125, 0.296875, 0.5, 0.75, 0.6875, 0.359375, 0.171875, 0.4375, 0.109375]","[0.234375, 0.3125, 0.25, 0.34375, 0.1015625, 0.1640625, 0.0625, 0.3125, 0.265625, 0.140625, 0.03125, 0.0625, 0.015625, 0.34375, 0.25, 0.375, 0.34375, 0.421875, 0.0859375, 0.234375, 0.125]",[33],0.6267282343832588,0.5686837632236447
592,6917.8125,"[0.46875, 0.625, 0.375, 0.34375, 0.171875, 0.328125, 0.0625, 0.625, 0.46875, 0.28125, 0.03125, 0.09375, 0.03125, 0.296875, 0.5, 0.75, 0.6875, 0.359375, 0.171875, 0.4375, 0.109375]","[0.234375, 0.3125, 0.25, 0.34375, 0.1015625, 0.1796875, 0.0625, 0.3125, 0.265625, 0.140625, 0.03125, 0.0625, 0.015625, 0.34375, 0.25, 0.375, 0.34375, 0.421875, 0.0859375, 0.234375, 0.125]",[62],0.6233991698664358,0.5655089548997732
593,6996.5625,"[0.46875, 0.625, 0.375, 0.34375, 0.171875, 0.328125, 0.0625, 0.625, 0.46875, 0.28125, 0.03125, 0.09375, 0.03125, 0.296875, 0.625, 0.75, 0.6875, 0.359375, 0.15625, 0.4375, 0.109375]","[0.234375, 0.3125, 0.25, 0.34375, 0.1015625, 0.1796875, 0.0625, 0.3125, 0.265625, 0.140625, 0.03125, 0.0625, 0.015625, 0.34375, 0.3125, 0.375, 0.34375, 0.421875, 0.078125, 0.234375, 0.125]",[17],0.6328277748211192,0.5680247095967202
594,7135.46875,"[0.46875, 0.625, 0.375, 0.34375, 0.171875, 0.203125, 0.0625, 0.625, 0.46875, 0.28125, 0.03125, 0.09375, 0.03125, 0.296875, 0.625, 0.75, 0.6875, 0.359375, 0.15625, 0.4375, 0.109375]","[0.234375, 0.3125, 0.25, 0.34375, 0.1015625, 0.1171875, 0.0625, 0.3125, 0.265625, 0.140625, 0.03125, 0.0625, 0.015625, 0.34375, 0.3125, 0.375, 0.34375, 0.421875, 0.078125, 0.234375, 0.125]",[17],0.6500936582042596,0.583439047185953
595,6857.34375,"[0.4375, 0.625, 0.375, 0.21875, 0.171875, 0.203125, 0.0625, 0.625, 0.46875, 0.28125, 0.03125, 0.09375, 0.03125, 0.296875, 0.625, 0.75, 0.75, 0.359375, 0.15625, 0.4375, 0.109375]","[0.21875, 0.3125, 0.25, 0.21875, 0.1015625, 0.1171875, 0.0625, 0.3125, 0.265625, 0.140625, 0.03125, 0.0625, 0.015625, 0.34375, 0.3125, 0.375, 0.40625, 0.421875, 0.078125, 0.234375, 0.125]",[77],0.6758232824080576,0.5961086780600903
596,6698.75,"[0.4375, 0.625, 0.375, 0.21875, 0.171875, 0.203125, 0.0625, 0.625, 0.46875, 0.28125, 0.03125, 0.09375, 0.03125, 0.296875, 0.625, 0.75, 0.75, 0.359375, 0.15625, 0.4375, 0.109375]","[0.21875, 0.3125, 0.25, 0.21875, 0.1015625, 0.1171875, 0.0625, 0.3125, 0.265625, 0.140625, 0.03125, 0.0625, 0.015625, 0.34375, 0.3125, 0.375, 0.40625, 0.421875, 0.078125, 0.234375, 0.125]",[77],0.6758232824080576,0.5961086780600903
597,6718.28125,"[0.4375, 0.625, 0.375, 0.21875, 0.171875, 0.203125, 0.0625, 0.625, 0.46875, 0.28125, 0.0, 0.09375, 0.03125, 0.296875, 0.625, 0.8125, 0.75, 0.359375, 0.15625, 0.4375, 0.109375]","[0.21875, 0.3125, 0.25, 0.21875, 0.1015625, 0.1171875, 0.0625, 0.3125, 0.265625, 0.140625, 0.0, 0.0625, 0.015625, 0.34375, 0.3125, 0.40625, 0.40625, 0.421875, 0.078125, 0.234375, 0.125]",[55],0.6955809205342923,0.6170059914956841
598,6758.28125,"[0.4375, 0.625, 0.375, 0.21875, 0.171875, 0.203125, 0.0625, 0.625, 0.46875, 0.28125, 0.0, 0.09375, 0.03125, 0.296875, 0.625, 0.8125, 0.75, 0.359375, 0.15625, 0.4375, 0.109375]","[0.21875, 0.3125, 0.25, 0.21875, 0.1015625, 0.1171875, 0.0625, 0.3125, 0.265625, 0.140625, 0.0, 0.0625, 0.015625, 0.34375, 0.3125, 0.40625, 0.40625, 0.421875, 0.078125, 0.234375, 0.125]",[55],0.6955809205342923,0.6170059914956841
599,6837.34375,"[0.4375, 0.625, 0.375, 0.21875, 0.171875, 0.203125, 0.0625, 0.625, 0.46875, 0.28125, 0.0, 0.09375, 0.03125, 0.296875, 0.625, 0.8125, 0.75, 0.359375, 0.15625, 0.4375, 0.109375]","[0.21875, 0.3125, 0.25, 0.21875, 0.1015625, 0.1171875, 0.0625, 0.3125, 0.265625, 0.140625, 0.0, 0.0625, 0.015625, 0.34375, 0.3125, 0.40625, 0.40625, 0.421875, 0.078125, 0.234375, 0.125]",[55],0.6955809205342923,0.6170059914956841
600,6718.28125,"[0.4375, 0.375, 0.375, 0.25, 0.171875, 0.203125, 0.0625, 0.625, 0.46875, 0.28125, 0.0, 0.09375, 0.03125, 0.296875, 0.625, 0.8125, 0.75, 0.359375, 0.15625, 0.4375, 0.109375]","[0.21875, 0.1875, 0.25, 0.28125, 0.1015625, 0.1171875, 0.0625, 0.3125, 0.265625, 0.140625, 0.0, 0.0625, 0.015625, 0.34375, 0.3125, 0.40625, 0.40625, 0.421875, 0.078125, 0.234375, 0.125]",[22],0.6898886680103107,0.6212356228387893
601,6580.625,"[0.4375, 0.375, 0.375, 0.25, 0.171875, 0.203125, 0.0625, 0.625, 0.46875, 0.28125, 0.0, 0.09375, 0.03125, 0.296875, 0.625, 0.8125, 0.75, 0.359375, 0.15625, 0.4375, 0.109375]","[0.21875, 0.1875, 0.25, 0.28125, 0.1015625, 0.1171875, 0.0625, 0.3125, 0.265625, 0.140625, 0.0, 0.0625, 0.015625, 0.34375, 0.3125, 0.40625, 0.40625, 0.421875, 0.078125, 0.234375, 0.125]",[22],0.6898886680103107,0.6212356228387893
602,6600.46875,"[0.4375, 0.375, 0.375, 0.25, 0.171875, 0.203125, 0.0625, 0.625, 0.46875, 0.28125, 0.0, 0.09375, 0.03125, 0.296875, 0.625, 0.8125, 0.75, 0.359375, 0.15625, 0.4375, 0.109375]","[0.21875, 0.1875, 0.25, 0.28125, 0.1015625, 0.1171875, 0.0625, 0.3125, 0.265625, 0.140625, 0.0, 0.0625, 0.015625, 0.34375, 0.3125, 0.40625, 0.40625, 0.421875, 0.078125, 0.234375, 0.125]",[22],0.6898886680103107,0.6212356228387893
603,6640.15625,"[0.4375, 0.375, 0.375, 0.3125, 0.171875, 0.203125, 0.0625, 0.625, 0.46875, 0.28125, 0.0, 0.09375, 0.03125, 0.296875, 0.625, 0.8125, 0.75, 0.359375, 0.15625, 0.4375, 0.109375]","[0.21875, 0.1875, 0.25, 0.34375, 0.1015625, 0.1171875, 0.0625, 0.3125, 0.265625, 0.140625, 0.0, 0.0625, 0.015625, 0.34375, 0.3125, 0.40625, 0.40625, 0.421875, 0.078125, 0.234375, 0.125]",[78],0.6817505911948355,0.623816217088479
604,6798.90625,"[0.4375, 0.375, 0.375, 0.4375, 0.15625, 0.203125, 0.0625, 0.625, 0.46875, 0.28125, 0.0, 0.09375, 0.03125, 0.296875, 0.625, 0.8125, 0.75, 0.359375, 0.15625, 0.4375, 0.109375]","[0.21875, 0.1875, 0.25, 0.46875, 0.09375, 0.1171875, 0.0625, 0.3125, 0.265625, 0.140625, 0.0, 0.0625, 0.015625, 0.34375, 0.3125, 0.40625, 0.40625, 0.421875, 0.078125, 0.234375, 0.125]",[3],0.6759782346895433,0.6486693474249738
605,6818.4375,"[0.4375, 0.375, 0.375, 0.4375, 0.15625, 0.203125, 0.0625, 0.625, 0.46875, 0.34375, 0.0, 0.09375, 0.03125, 0.296875, 0.625, 0.8125, 0.75, 0.359375, 0.15625, 0.4375, 0.109375]","[0.21875, 0.1875, 0.25, 0.46875, 0.09375, 0.1171875, 0.0625, 0.3125, 0.265625, 0.203125, 0.0, 0.0625, 0.015625, 0.34375, 0.3125, 0.40625, 0.40625, 0.421875, 0.078125, 0.234375, 0.125]",[83],0.6690492185546957,0.6354229940833265
606,6838.28125,"[0.4375, 0.375, 0.375, 0.3125, 0.15625, 0.203125, 0.0625, 0.625, 0.46875, 0.34375, 0.0, 0.09375, 0.046875, 0.296875, 0.625, 0.8125, 0.75, 0.359375, 0.15625, 0.375, 0.109375]","[0.21875, 0.1875, 0.25, 0.34375, 0.09375, 0.1171875, 0.0625, 0.3125, 0.265625, 0.203125, 0.0, 0.0625, 0.0234375, 0.34375, 0.3125, 0.40625, 0.40625, 0.421875, 0.078125, 0.203125, 0.125]",[10],0.6767994125735048,0.6137425960542954
607,6639.53125,"[0.5, 0.375, 0.375, 0.3125, 0.15625, 0.203125, 0.0625, 0.375, 0.46875, 0.34375, 0.0, 0.09375, 0.046875, 0.296875, 0.625, 0.8125, 0.75, 0.359375, 0.15625, 0.375, 0.109375]","[0.25, 0.1875, 0.25, 0.34375, 0.09375, 0.1171875, 0.0625, 0.1875, 0.265625, 0.203125, 0.0, 0.0625, 0.0234375, 0.34375, 0.3125, 0.40625, 0.40625, 0.421875, 0.078125, 0.203125, 0.125]",[43],0.6727585323176385,0.6192642194491662
608,6561.40625,"[0.5, 0.375, 0.375, 0.3125, 0.15625, 0.203125, 0.0625, 0.375, 0.46875, 0.34375, 0.0, 0.09375, 0.046875, 0.296875, 0.625, 0.8125, 0.75, 0.359375, 0.15625, 0.375, 0.109375]","[0.25, 0.1875, 0.25, 0.34375, 0.09375, 0.1171875, 0.0625, 0.1875, 0.265625, 0.203125, 0.0, 0.0625, 0.0234375, 0.34375, 0.3125, 0.40625, 0.40625, 0.421875, 0.078125, 0.203125, 0.125]",[43],0.6727585323176385,0.6192642194491662
609,6639.53125,"[0.5, 0.375, 0.375, 0.3125, 0.15625, 0.203125, 0.0625, 0.375, 0.46875, 0.34375, 0.0, 0.09375, 0.046875, 0.296875, 0.625, 0.8125, 0.75, 0.359375, 0.15625, 0.375, 0.109375]","[0.25, 0.1875, 0.25, 0.34375, 0.09375, 0.1171875, 0.0625, 0.1875, 0.265625, 0.203125, 0.0, 0.0625, 0.0234375, 0.34375, 0.3125, 0.40625, 0.40625, 0.421875, 0.078125, 0.203125, 0.125]",[43],0.6727585323176385,0.6192642194491662
610,6521.71875,"[0.5, 0.375, 0.375, 0.3125, 0.15625, 0.203125, 0.0625, 0.375, 0.46875, 0.34375, 0.0, 0.09375, 0.046875, 0.296875, 0.625, 0.8125, 0.75, 0.390625, 0.15625, 0.375, 0.109375]","[0.25, 0.1875, 0.25, 0.34375, 0.09375, 0.1171875, 0.0625, 0.1875, 0.265625, 0.203125, 0.0, 0.0625, 0.0234375, 0.34375, 0.3125, 0.40625, 0.40625, 0.484375, 0.078125, 0.203125, 0.125]",[85],0.6707421331164525,0.6370111143463785
611,6541.640625,"[0.5, 0.375, 0.375, 0.296875, 0.15625, 0.171875, 0.0703125, 0.34375, 0.46875, 0.34375, 0.0, 0.09375, 0.046875, 0.296875, 0.625, 0.8125, 0.75, 0.390625, 0.15625, 0.375, 0.109375]","[0.25, 0.1875, 0.25, 0.328125, 0.09375, 0.1015625, 0.0703125, 0.171875, 0.265625, 0.203125, 0.0, 0.0625, 0.0234375, 0.34375, 0.3125, 0.40625, 0.40625, 0.484375, 0.078125, 0.203125, 0.125]",[33],0.6786786902574562,0.6408439508982975
612,6501.796875,"[0.5, 0.375, 0.4375, 0.296875, 0.15625, 0.171875, 0.0703125, 0.34375, 0.46875, 0.34375, 0.0, 0.09375, 0.046875, 0.296875, 0.625, 0.8125, 0.75, 0.390625, 0.15625, 0.375, 0.109375]","[0.25, 0.1875, 0.28125, 0.328125, 0.09375, 0.1015625, 0.0703125, 0.171875, 0.265625, 0.203125, 0.0, 0.0625, 0.0234375, 0.34375, 0.3125, 0.40625, 0.40625, 0.484375, 0.078125, 0.203125, 0.125]",[66],0.6759314192568752,0.6393181268933424
613,6580.546875,"[0.625, 0.375, 0.4375, 0.296875, 0.15625, 0.171875, 0.0703125, 0.34375, 0.46875, 0.34375, 0.0, 0.09375, 0.046875, 0.296875, 0.625, 0.8125, 0.75, 0.390625, 0.15625, 0.375, 0.109375]","[0.3125, 0.1875, 0.28125, 0.328125, 0.09375, 0.1015625, 0.0703125, 0.171875, 0.265625, 0.203125, 0.0, 0.0625, 0.0234375, 0.34375, 0.3125, 0.40625, 0.40625, 0.484375, 0.078125, 0.203125, 0.125]",[87],0.6827405411684643,0.6376753414020828
614,6738.046875,"[0.625, 0.375, 0.4375, 0.296875, 0.15625, 0.171875, 0.0703125, 0.34375, 0.71875, 0.34375, 0.0, 0.09375, 0.015625, 0.296875, 0.625, 0.8125, 0.75, 0.390625, 0.15625, 0.375, 0.09375]","[0.3125, 0.1875, 0.28125, 0.328125, 0.09375, 0.1015625, 0.0703125, 0.171875, 0.390625, 0.203125, 0.0, 0.0625, 0.0078125, 0.34375, 0.3125, 0.40625, 0.40625, 0.484375, 0.078125, 0.203125, 0.09375]",[23],0.7098543644078105,0.6593722692039011
615,6697.890625,"[0.625, 0.375, 0.4375, 0.296875, 0.15625, 0.171875, 0.0703125, 0.34375, 0.71875, 0.34375, 0.0, 0.09375, 0.015625, 0.234375, 0.625, 0.8125, 0.75, 0.390625, 0.15625, 0.375, 0.09375]","[0.3125, 0.1875, 0.28125, 0.328125, 0.09375, 0.1015625, 0.0703125, 0.171875, 0.390625, 0.203125, 0.0, 0.0625, 0.0078125, 0.28125, 0.3125, 0.40625, 0.40625, 0.484375, 0.078125, 0.203125, 0.09375]",[23],0.7187857193165809,0.6589236295568479
616,6518.828125,"[0.625, 0.125, 0.4375, 0.296875, 0.15625, 0.140625, 0.0703125, 0.34375, 0.71875, 0.34375, 0.0, 0.09375, 0.015625, 0.234375, 0.625, 0.8125, 0.75, 0.390625, 0.15625, 0.3125, 0.09375]","[0.3125, 0.0625, 0.28125, 0.328125, 0.09375, 0.0703125, 0.0703125, 0.171875, 0.390625, 0.203125, 0.0, 0.0625, 0.0078125, 0.28125, 0.3125, 0.40625, 0.40625, 0.484375, 0.078125, 0.171875, 0.09375]",[23],0.7701555802482567,0.7121317960773993
617,6262.421875,"[0.625, 0.125, 0.4375, 0.296875, 0.15625, 0.140625, 0.0703125, 0.34375, 0.71875, 0.34375, 0.0, 0.09375, 0.015625, 0.234375, 0.625, 0.8125, 0.75, 0.390625, 0.15625, 0.28125, 0.09375]","[0.3125, 0.0625, 0.28125, 0.328125, 0.09375, 0.0703125, 0.0703125, 0.171875, 0.390625, 0.203125, 0.0, 0.0625, 0.0078125, 0.28125, 0.3125, 0.40625, 0.40625, 0.484375, 0.078125, 0.140625, 0.09375]",[23],0.7741831290596196,0.7197386576916722
618,6262.265625,"[0.625, 0.125, 0.4375, 0.296875, 0.15625, 0.140625, 0.0703125, 0.34375, 0.71875, 0.34375, 0.0, 0.09375, 0.015625, 0.234375, 0.625, 0.8125, 0.75, 0.453125, 0.15625, 0.28125, 0.09375]","[0.3125, 0.0625, 0.28125, 0.328125, 0.09375, 0.0703125, 0.0703125, 0.171875, 0.390625, 0.203125, 0.0, 0.0625, 0.0078125, 0.28125, 0.3125, 0.40625, 0.40625, 0.546875, 0.078125, 0.140625, 0.09375]",[47],0.7707905332579322,0.7395513230995189
619,6421.015625,"[0.625, 0.125, 0.4375, 0.296875, 0.15625, 0.265625, 0.0703125, 0.34375, 0.71875, 0.34375, 0.0, 0.09375, 0.015625, 0.234375, 0.625, 0.8125, 0.75, 0.453125, 0.15625, 0.28125, 0.09375]","[0.3125, 0.0625, 0.28125, 0.328125, 0.09375, 0.1328125, 0.0703125, 0.171875, 0.390625, 0.203125, 0.0, 0.0625, 0.0078125, 0.28125, 0.3125, 0.40625, 0.40625, 0.546875, 0.078125, 0.140625, 0.09375]",[49],0.747849854578798,0.7190342859452659
620,6460.859375,"[0.625, 0.125, 0.4375, 0.296875, 0.15625, 0.265625, 0.0703125, 0.34375, 0.71875, 0.34375, 0.0, 0.09375, 0.015625, 0.234375, 0.625, 0.8125, 0.75, 0.453125, 0.15625, 0.28125, 0.09375]","[0.3125, 0.0625, 0.28125, 0.328125, 0.09375, 0.1328125, 0.0703125, 0.171875, 0.390625, 0.203125, 0.0, 0.0625, 0.0078125, 0.28125, 0.3125, 0.40625, 0.40625, 0.546875, 0.078125, 0.140625, 0.09375]",[49],0.747849854578798,0.7190342859452659
621,6440.859375,"[0.625, 0.125, 0.4375, 0.296875, 0.15625, 0.265625, 0.0390625, 0.34375, 0.71875, 0.34375, 0.0, 0.09375, 0.015625, 0.234375, 0.625, 0.8125, 0.75, 0.46875, 0.15625, 0.28125, 0.09375]","[0.3125, 0.0625, 0.28125, 0.328125, 0.09375, 0.1328125, 0.0390625, 0.171875, 0.390625, 0.203125, 0.0, 0.0625, 0.0078125, 0.28125, 0.3125, 0.40625, 0.40625, 0.5625, 0.078125, 0.140625, 0.09375]",[50],0.7558023241009704,0.737026069424659
622,6400.546875,"[0.625, 0.125, 0.4375, 0.296875, 0.15625, 0.265625, 0.0390625, 0.34375, 0.71875, 0.34375, 0.0, 0.09375, 0.015625, 0.234375, 0.625, 0.8125, 0.8125, 0.46875, 0.15625, 0.28125, 0.09375]","[0.3125, 0.0625, 0.28125, 0.328125, 0.09375, 0.1328125, 0.0390625, 0.171875, 0.390625, 0.203125, 0.0, 0.0625, 0.0078125, 0.28125, 0.3125, 0.40625, 0.4375, 0.5625, 0.078125, 0.140625, 0.09375]",[52],0.7652450773072075,0.7416050657631417
623,6479.296875,"[0.625, 0.125, 0.4375, 0.296875, 0.15625, 0.265625, 0.0390625, 0.34375, 0.71875, 0.34375, 0.0, 0.09375, 0.015625, 0.234375, 0.625, 0.9375, 0.8125, 0.46875, 0.15625, 0.28125, 0.09375]","[0.3125, 0.0625, 0.28125, 0.328125, 0.09375, 0.1328125, 0.0390625, 0.171875, 0.390625, 0.203125, 0.0, 0.0625, 0.0078125, 0.28125, 0.3125, 0.46875, 0.4375, 0.5625, 0.078125, 0.140625, 0.09375]",[59],0.7886221209608651,0.7513726763615166
624,6638.046875,"[0.625, 0.125, 0.4375, 0.296875, 0.15625, 0.265625, 0.0390625, 0.34375, 0.71875, 0.34375, 0.0, 0.09375, 0.015625, 0.234375, 0.625, 0.9375, 0.8125, 0.46875, 0.15625, 0.40625, 0.09375]","[0.3125, 0.0625, 0.28125, 0.328125, 0.09375, 0.1328125, 0.0390625, 0.171875, 0.390625, 0.203125, 0.0, 0.0625, 0.0078125, 0.28125, 0.3125, 0.46875, 0.4375, 0.5625, 0.078125, 0.203125, 0.09375]",[73],0.7751895527161343,0.7373428988925154
625,6677.421875,"[0.625, 0.125, 0.5, 0.296875, 0.15625, 0.265625, 0.0390625, 0.34375, 0.71875, 0.34375, 0.0, 0.09375, 0.015625, 0.234375, 0.625, 0.9375, 0.8125, 0.46875, 0.15625, 0.34375, 0.09375]","[0.3125, 0.0625, 0.34375, 0.328125, 0.09375, 0.1328125, 0.0390625, 0.171875, 0.390625, 0.203125, 0.0, 0.0625, 0.0078125, 0.28125, 0.3125, 0.46875, 0.4375, 0.5625, 0.078125, 0.171875, 0.09375]",[8],0.7782494514766459,0.7417845674299025
626,6617.734375,"[0.625, 0.125, 0.5, 0.296875, 0.15625, 0.265625, 0.0390625, 0.21875, 0.71875, 0.34375, 0.0, 0.09375, 0.015625, 0.234375, 0.625, 0.9375, 0.8125, 0.46875, 0.15625, 0.34375, 0.09375]","[0.3125, 0.0625, 0.34375, 0.328125, 0.09375, 0.1328125, 0.0390625, 0.109375, 0.390625, 0.203125, 0.0, 0.0625, 0.0078125, 0.28125, 0.3125, 0.46875, 0.4375, 0.5625, 0.078125, 0.171875, 0.09375]",[8],0.7958716470136322,0.7585440237170313
627,6558.671875,"[0.625, 0.125, 0.4375, 0.296875, 0.15625, 0.265625, 0.0390625, 0.21875, 0.71875, 0.34375, 0.0, 0.09375, 0.015625, 0.234375, 0.6875, 0.9375, 0.8125, 0.46875, 0.15625, 0.34375, 0.09375]","[0.3125, 0.0625, 0.28125, 0.328125, 0.09375, 0.1328125, 0.0390625, 0.109375, 0.390625, 0.203125, 0.0, 0.0625, 0.0078125, 0.28125, 0.34375, 0.46875, 0.4375, 0.5625, 0.078125, 0.171875, 0.09375]",[16],0.8020333732591012,0.7602354812023382
628,6598.984375,"[0.625, 0.125, 0.4375, 0.296875, 0.15625, 0.265625, 0.0390625, 0.21875, 0.71875, 0.34375, 0.0, 0.09375, 0.015625, 0.234375, 0.6875, 0.9375, 0.8125, 0.46875, 0.15625, 0.34375, 0.09375]","[0.3125, 0.0625, 0.28125, 0.328125, 0.09375, 0.1328125, 0.0390625, 0.109375, 0.390625, 0.203125, 0.0, 0.0625, 0.0078125, 0.28125, 0.34375, 0.46875, 0.4375, 0.5625, 0.078125, 0.171875, 0.09375]",[16],0.8020333732591012,0.7602354812023382
629,6678.046875,"[0.625, 0.125, 0.4375, 0.296875, 0.15625, 0.265625, 0.0390625, 0.21875, 0.71875, 0.34375, 0.0, 0.09375, 0.015625, 0.234375, 0.6875, 0.9375, 0.8125, 0.46875, 0.15625, 0.34375, 0.09375]","[0.3125, 0.0625, 0.28125, 0.328125, 0.09375, 0.1328125, 0.0390625, 0.109375, 0.390625, 0.203125, 0.0, 0.0625, 0.0078125, 0.28125, 0.34375, 0.46875, 0.4375, 0.5625, 0.078125, 0.171875, 0.09375]",[16],0.8020333732591012,0.7602354812023382
630,6558.671875,"[0.625, 0.125, 0.4375, 0.296875, 0.15625, 0.265625, 0.0390625, 0.21875, 0.71875, 0.34375, 0.0, 0.09375, 0.015625, 0.234375, 0.6875, 0.9375, 0.8125, 0.46875, 0.15625, 0.34375, 0.09375]","[0.3125, 0.0625, 0.28125, 0.328125, 0.09375, 0.1328125, 0.0390625, 0.109375, 0.390625, 0.203125, 0.0, 0.0625, 0.0078125, 0.28125, 0.34375, 0.46875, 0.4375, 0.5625, 0.078125, 0.171875, 0.09375]",[16],0.8020333732591012,0.7602354812023382
631,6538.984375,"[0.625, 0.125, 0.4375, 0.296875, 0.15625, 0.265625, 0.0390625, 0.21875, 0.75, 0.34375, 0.0, 0.09375, 0.015625, 0.234375, 0.6875, 0.9375, 0.8125, 0.46875, 0.15625, 0.34375, 0.09375]","[0.3125, 0.0625, 0.28125, 0.328125, 0.09375, 0.1328125, 0.0390625, 0.109375, 0.40625, 0.203125, 0.0, 0.0625, 0.0078125, 0.28125, 0.34375, 0.46875, 0.4375, 0.5625, 0.078125, 0.171875, 0.09375]",[53],0.8049468189867488,0.7615836693410748
632,6578.828125,"[0.625, 0.125, 0.4375, 0.296875, 0.15625, 0.265625, 0.0390625, 0.21875, 0.75, 0.34375, 0.0, 0.09375, 0.015625, 0.234375, 0.6875, 0.9375, 0.8125, 0.46875, 0.15625, 0.34375, 0.109375]","[0.3125, 0.0625, 0.28125, 0.328125, 0.09375, 0.1328125, 0.0390625, 0.109375, 0.40625, 0.203125, 0.0, 0.0625, 0.0078125, 0.28125, 0.34375, 0.46875, 0.4375, 0.5625, 0.078125, 0.171875, 0.109375]",[76],0.8012661066648114,0.7565317340669084
633,6657.578125,"[0.625, 0.125, 0.4375, 0.296875, 0.15625, 0.265625, 0.0390625, 0.21875, 0.75, 0.34375, 0.0, 0.09375, 0.015625, 0.234375, 0.6875, 0.9375, 0.8125, 0.46875, 0.15625, 0.34375, 0.109375]","[0.3125, 0.0625, 0.28125, 0.328125, 0.09375, 0.1328125, 0.0390625, 0.109375, 0.40625, 0.203125, 0.0, 0.0625, 0.0078125, 0.28125, 0.34375, 0.46875, 0.4375, 0.5625, 0.078125, 0.171875, 0.109375]",[76],0.8012661066648114,0.7565317340669084
634,6737.578125,"[0.625, 0.125, 0.4375, 0.296875, 0.15625, 0.390625, 0.0390625, 0.21875, 0.75, 0.34375, 0.0, 0.09375, 0.015625, 0.234375, 0.6875, 0.9375, 0.8125, 0.46875, 0.15625, 0.34375, 0.109375]","[0.3125, 0.0625, 0.28125, 0.328125, 0.09375, 0.1953125, 0.0390625, 0.109375, 0.40625, 0.203125, 0.0, 0.0625, 0.0078125, 0.28125, 0.34375, 0.46875, 0.4375, 0.5625, 0.078125, 0.171875, 0.109375]",[88],0.7865609077521455,0.7417845674299025
635,6777.265625,"[0.625, 0.125, 0.4375, 0.296875, 0.15625, 0.390625, 0.0390625, 0.21875, 0.75, 0.34375, 0.0, 0.125, 0.015625, 0.234375, 0.6875, 0.9375, 0.8125, 0.46875, 0.15625, 0.34375, 0.109375]","[0.3125, 0.0625, 0.28125, 0.328125, 0.09375, 0.1953125, 0.0390625, 0.109375, 0.40625, 0.203125, 0.0, 0.09375, 0.0078125, 0.28125, 0.34375, 0.46875, 0.4375, 0.5625, 0.078125, 0.171875, 0.109375]",[90],0.7794307770143907,0.730797027097594
636,6797.1875,"[0.625, 0.125, 0.4375, 0.296875, 0.15625, 0.390625, 0.0390625, 0.21875, 0.75, 0.34375, 0.0, 0.125, 0.015625, 0.234375, 0.6875, 0.9375, 0.8125, 0.46875, 0.15625, 0.34375, 0.109375]","[0.3125, 0.0625, 0.28125, 0.328125, 0.09375, 0.1953125, 0.0390625, 0.109375, 0.40625, 0.203125, 0.0, 0.09375, 0.0078125, 0.28125, 0.34375, 0.46875, 0.4375, 0.5625, 0.078125, 0.171875, 0.109375]",[90],0.7794307770143907,0.730797027097594
637,6816.640625,"[0.625, 0.125, 0.4375, 0.296875, 0.15625, 0.390625, 0.0390625, 0.21875, 0.75, 0.34375, 0.0, 0.125, 0.015625, 0.234375, 0.6875, 0.9375, 0.8125, 0.46875, 0.15625, 0.34375, 0.109375]","[0.3125, 0.0625, 0.28125, 0.328125, 0.09375, 0.1953125, 0.0390625, 0.109375, 0.40625, 0.203125, 0.0, 0.09375, 0.0078125, 0.28125, 0.34375, 0.46875, 0.4375, 0.5625, 0.078125, 0.171875, 0.109375]",[90],0.7794307770143907,0.730797027097594
638,6856.640625,"[0.625, 0.125, 0.4375, 0.296875, 0.15625, 0.390625, 0.0390625, 0.21875, 0.6875, 0.34375, 0.0, 0.125, 0.015625, 0.234375, 0.6875, 0.9375, 0.8125, 0.46875, 0.15625, 0.34375, 0.109375]","[0.3125, 0.0625, 0.28125, 0.328125, 0.09375, 0.1953125, 0.0390625, 0.109375, 0.34375, 0.203125, 0.0, 0.09375, 0.0078125, 0.28125, 0.34375, 0.46875, 0.4375, 0.5625, 0.078125, 0.171875, 0.109375]",[21],0.7740893060687338,0.7270767427885308
639,6896.640625,"[0.625, 0.125, 0.4375, 0.296875, 0.15625, 0.390625, 0.0390625, 0.21875, 0.6875, 0.21875, 0.0, 0.125, 0.015625, 0.234375, 0.6875, 0.90625, 0.8125, 0.59375, 0.15625, 0.34375, 0.1015625]","[0.3125, 0.0625, 0.28125, 0.328125, 0.09375, 0.1953125, 0.0390625, 0.109375, 0.34375, 0.140625, 0.0, 0.09375, 0.0078125, 0.28125, 0.34375, 0.453125, 0.4375, 0.6875, 0.078125, 0.171875, 0.1015625]",[20],0.7861316984201979,0.7888838194661494
640,6818.125,"[0.625, 0.125, 0.4375, 0.296875, 0.15625, 0.390625, 0.0390625, 0.21875, 0.6875, 0.21875, 0.0, 0.125, 0.015625, 0.234375, 0.6875, 0.90625, 0.8125, 0.59375, 0.15625, 0.34375, 0.1015625]","[0.3125, 0.0625, 0.28125, 0.328125, 0.09375, 0.1953125, 0.0390625, 0.109375, 0.34375, 0.140625, 0.0, 0.09375, 0.0078125, 0.28125, 0.34375, 0.453125, 0.4375, 0.6875, 0.078125, 0.171875, 0.1015625]",[20],0.7861316984201979,0.7888838194661494
641,6798.125,"[0.625, 0.125, 0.4375, 0.296875, 0.15625, 0.390625, 0.0078125, 0.21875, 0.6875, 0.21875, 0.0, 0.125, 0.015625, 0.234375, 0.6875, 0.875, 0.8125, 0.59375, 0.15625, 0.359375, 0.1015625]","[0.3125, 0.0625, 0.28125, 0.328125, 0.09375, 0.1953125, 0.0078125, 0.109375, 0.34375, 0.140625, 0.0, 0.09375, 0.0078125, 0.28125, 0.34375, 0.4375, 0.4375, 0.6875, 0.078125, 0.1796875, 0.1015625]",[7],0.7875753858888601,0.7984431861830245
642,6738.59375,"[0.625, 0.125, 0.4375, 0.296875, 0.15625, 0.390625, 0.0078125, 0.21875, 0.6875, 0.21875, 0.0, 0.125, 0.015625, 0.234375, 0.6875, 0.875, 0.8125, 0.59375, 0.15625, 0.359375, 0.1015625]","[0.3125, 0.0625, 0.28125, 0.328125, 0.09375, 0.1953125, 0.0078125, 0.109375, 0.34375, 0.140625, 0.0, 0.09375, 0.0078125, 0.28125, 0.34375, 0.4375, 0.4375, 0.6875, 0.078125, 0.1796875, 0.1015625]",[7],0.7875753858888601,0.7984431861830245
643,6777.5,"[0.375, 0.25, 0.4375, 0.234375, 0.15625, 0.390625, 0.0078125, 0.21875, 0.6875, 0.21875, 0.0, 0.125, 0.015625, 0.234375, 0.6875, 0.875, 0.8125, 0.59375, 0.15625, 0.359375, 0.1015625]","[0.1875, 0.125, 0.28125, 0.265625, 0.09375, 0.1953125, 0.0078125, 0.109375, 0.34375, 0.140625, 0.0, 0.09375, 0.0078125, 0.28125, 0.34375, 0.4375, 0.4375, 0.6875, 0.078125, 0.1796875, 0.1015625]",[22],0.7784114185304972,0.7978119360087242
644,6698.125,"[0.34375, 0.25, 0.4375, 0.234375, 0.15625, 0.390625, 0.0078125, 0.21875, 0.6875, 0.21875, 0.0, 0.125, 0.015625, 0.234375, 0.6875, 0.875, 0.8125, 0.578125, 0.15625, 0.359375, 0.1015625]","[0.171875, 0.125, 0.28125, 0.265625, 0.09375, 0.1953125, 0.0078125, 0.109375, 0.34375, 0.140625, 0.0, 0.09375, 0.0078125, 0.28125, 0.34375, 0.4375, 0.4375, 0.671875, 0.078125, 0.1796875, 0.1015625]",[22],0.7809067516120691,0.7940014676626885
645,6540.46875,"[0.34375, 0.25, 0.4375, 0.234375, 0.15625, 0.390625, 0.0078125, 0.28125, 0.6875, 0.21875, 0.0, 0.125, 0.015625, 0.234375, 0.6875, 0.875, 0.8125, 0.578125, 0.15625, 0.359375, 0.1015625]","[0.171875, 0.125, 0.28125, 0.265625, 0.09375, 0.1953125, 0.0078125, 0.171875, 0.34375, 0.140625, 0.0, 0.09375, 0.0078125, 0.28125, 0.34375, 0.4375, 0.4375, 0.671875, 0.078125, 0.1796875, 0.1015625]",[42],0.771089467767592,0.7768954430890012
646,6560.3125,"[0.34375, 0.25, 0.4375, 0.234375, 0.15625, 0.390625, 0.0078125, 0.28125, 0.6875, 0.21875, 0.0, 0.125, 0.015625, 0.234375, 0.6875, 0.875, 0.8125, 0.578125, 0.15625, 0.359375, 0.1015625]","[0.171875, 0.125, 0.28125, 0.265625, 0.09375, 0.1953125, 0.0078125, 0.171875, 0.34375, 0.140625, 0.0, 0.09375, 0.0078125, 0.28125, 0.34375, 0.4375, 0.4375, 0.671875, 0.078125, 0.1796875, 0.1015625]",[42],0.771089467767592,0.7768954430890012
647,6580.15625,"[0.34375, 0.25, 0.4375, 0.234375, 0.15625, 0.390625, 0.0078125, 0.28125, 0.6875, 0.21875, 0.0, 0.125, 0.015625, 0.234375, 0.6875, 0.875, 0.8125, 0.578125, 0.15625, 0.359375, 0.1015625]","[0.171875, 0.125, 0.28125, 0.265625, 0.09375, 0.1953125, 0.0078125, 0.171875, 0.34375, 0.140625, 0.0, 0.09375, 0.0078125, 0.28125, 0.34375, 0.4375, 0.4375, 0.671875, 0.078125, 0.1796875, 0.1015625]",[42],0.771089467767592,0.7768954430890012
648,6619.21875,"[0.34375, 0.25, 0.4375, 0.234375, 0.15625, 0.390625, 0.0078125, 0.15625, 0.6875, 0.1875, 0.0, 0.125, 0.015625, 0.234375, 0.6875, 0.875, 0.8125, 0.578125, 0.15625, 0.359375, 0.1015625]","[0.171875, 0.125, 0.28125, 0.265625, 0.09375, 0.1953125, 0.0078125, 0.109375, 0.34375, 0.125, 0.0, 0.09375, 0.0078125, 0.28125, 0.34375, 0.4375, 0.4375, 0.671875, 0.078125, 0.1796875, 0.1015625]",[37],0.7988150161605619,0.7984768690727312
649,6600.78125,"[0.34375, 0.25, 0.4375, 0.234375, 0.15625, 0.390625, 0.0078125, 0.15625, 0.6875, 0.1875, 0.125, 0.125, 0.015625, 0.234375, 0.6875, 0.875, 0.8125, 0.578125, 0.15625, 0.359375, 0.1015625]","[0.171875, 0.125, 0.28125, 0.265625, 0.09375, 0.1953125, 0.0078125, 0.109375, 0.34375, 0.125, 0.125, 0.09375, 0.0078125, 0.28125, 0.34375, 0.4375, 0.4375, 0.671875, 0.078125, 0.1796875, 0.1015625]",[42],0.7657179681491948,0.7508420511099111
650,6640.625,"[0.34375, 0.25, 0.4375, 0.234375, 0.15625, 0.390625, 0.0078125, 0.15625, 0.6875, 0.1875, 0.125, 0.125, 0.015625, 0.234375, 0.6875, 0.875, 0.8125, 0.578125, 0.15625, 0.359375, 0.1015625]","[0.171875, 0.125, 0.28125, 0.265625, 0.09375, 0.1953125, 0.0078125, 0.109375, 0.34375, 0.125, 0.125, 0.09375, 0.0078125, 0.28125, 0.34375, 0.4375, 0.4375, 0.671875, 0.078125, 0.1796875, 0.1015625]",[42],0.7657179681491948,0.7508420511099111
651,6620.46875,"[0.34375, 0.25, 0.4375, 0.234375, 0.15625, 0.390625, 0.0078125, 0.15625, 0.6875, 0.21875, 0.125, 0.125, 0.015625, 0.234375, 0.6875, 0.875, 0.8125, 0.578125, 0.15625, 0.359375, 0.1015625]","[0.171875, 0.125, 0.28125, 0.265625, 0.09375, 0.1953125, 0.0078125, 0.109375, 0.34375, 0.140625, 0.125, 0.09375, 0.0078125, 0.28125, 0.34375, 0.4375, 0.4375, 0.671875, 0.078125, 0.1796875, 0.1015625]",[44],0.7600075083184485,0.7464740052096164
652,6660.3125,"[0.34375, 0.25, 0.4375, 0.234375, 0.15625, 0.390625, 0.0078125, 0.15625, 0.6875, 0.21875, 0.125, 0.125, 0.015625, 0.234375, 0.6875, 0.875, 0.8125, 0.578125, 0.15625, 0.359375, 0.09375]","[0.171875, 0.125, 0.28125, 0.265625, 0.09375, 0.1953125, 0.0078125, 0.109375, 0.34375, 0.140625, 0.125, 0.09375, 0.0078125, 0.28125, 0.34375, 0.4375, 0.4375, 0.671875, 0.078125, 0.1796875, 0.09375]",[44],0.7619043928563154,0.74903978077558
653,6679.296875,"[0.34375, 0.25, 0.4375, 0.234375, 0.15625, 0.390625, 0.0078125, 0.15625, 0.6875, 0.21875, 0.125, 0.125, 0.015625, 0.234375, 0.6875, 0.875, 0.9375, 0.578125, 0.15625, 0.359375, 0.09375]","[0.171875, 0.125, 0.28125, 0.265625, 0.09375, 0.1953125, 0.0078125, 0.109375, 0.34375, 0.140625, 0.125, 0.09375, 0.0078125, 0.28125, 0.34375, 0.4375, 0.5, 0.671875, 0.078125, 0.1796875, 0.09375]",[68],0.78549469954814,0.7602350129726442
654,6838.671875,"[0.34375, 0.25, 0.4375, 0.234375, 0.15625, 0.390625, 0.0078125, 0.15625, 0.6875, 0.21875, 0.125, 0.125, 0.015625, 0.234375, 0.6875, 0.8125, 0.9375, 0.578125, 0.15625, 0.359375, 0.09375]","[0.171875, 0.125, 0.28125, 0.265625, 0.09375, 0.1953125, 0.0078125, 0.109375, 0.34375, 0.140625, 0.125, 0.09375, 0.0078125, 0.28125, 0.34375, 0.40625, 0.5, 0.671875, 0.078125, 0.1796875, 0.09375]",[68],0.775160124855555,0.7567814998576784
655,6679.609375,"[0.34375, 0.25, 0.4375, 0.234375, 0.15625, 0.390625, 0.0078125, 0.15625, 0.6875, 0.21875, 0.125, 0.125, 0.015625, 0.234375, 0.6875, 0.8125, 0.9375, 0.578125, 0.15625, 0.359375, 0.09375]","[0.171875, 0.125, 0.28125, 0.265625, 0.09375, 0.1953125, 0.0078125, 0.109375, 0.34375, 0.140625, 0.125, 0.09375, 0.0078125, 0.28125, 0.34375, 0.40625, 0.5, 0.671875, 0.078125, 0.1796875, 0.09375]",[68],0.775160124855555,0.7567814998576784
656,6659.609375,"[0.34375, 0.25, 0.4375, 0.234375, 0.15625, 0.390625, 0.0078125, 0.15625, 0.6875, 0.21875, 0.125, 0.125, 0.015625, 0.234375, 0.6875, 0.8125, 0.9375, 0.578125, 0.15625, 0.359375, 0.09375]","[0.171875, 0.125, 0.28125, 0.265625, 0.09375, 0.1953125, 0.0078125, 0.109375, 0.34375, 0.140625, 0.125, 0.09375, 0.0078125, 0.28125, 0.34375, 0.40625, 0.5, 0.671875, 0.078125, 0.1796875, 0.09375]",[68],0.775160124855555,0.7567814998576784
657,6679.296875,"[0.34375, 0.25, 0.4375, 0.234375, 0.15625, 0.390625, 0.0078125, 0.15625, 0.6875, 0.21875, 0.125, 0.125, 0.015625, 0.234375, 0.6875, 0.8125, 0.9375, 0.546875, 0.15625, 0.359375, 0.09375]","[0.171875, 0.125, 0.28125, 0.265625, 0.09375, 0.1953125, 0.0078125, 0.109375, 0.34375, 0.140625, 0.125, 0.09375, 0.0078125, 0.28125, 0.34375, 0.40625, 0.5, 0.640625, 0.078125, 0.1796875, 0.09375]",[68],0.7746473393215061,0.7428878669996755
658,6679.609375,"[0.34375, 0.25, 0.4375, 0.234375, 0.15625, 0.390625, 0.0078125, 0.15625, 0.6875, 0.21875, 0.125, 0.125, 0.015625, 0.234375, 0.6875, 0.8125, 0.9375, 0.609375, 0.15625, 0.21875, 0.09375]","[0.171875, 0.125, 0.28125, 0.265625, 0.09375, 0.1953125, 0.0078125, 0.109375, 0.34375, 0.140625, 0.125, 0.09375, 0.0078125, 0.28125, 0.34375, 0.40625, 0.5, 0.703125, 0.078125, 0.109375, 0.09375]",[20],0.7953234463367517,0.7899457747799161
659,6658.515625,"[0.59375, 0.25, 0.4375, 0.234375, 0.15625, 0.390625, 0.0078125, 0.15625, 0.6875, 0.21875, 0.125, 0.125, 0.015625, 0.234375, 0.6875, 0.8125, 0.9375, 0.609375, 0.15625, 0.21875, 0.09375]","[0.296875, 0.125, 0.28125, 0.265625, 0.09375, 0.1953125, 0.0078125, 0.109375, 0.34375, 0.140625, 0.125, 0.09375, 0.0078125, 0.28125, 0.34375, 0.40625, 0.5, 0.703125, 0.078125, 0.109375, 0.09375]",[59],0.7852806955796953,0.7714222283759817
660,6698.359375,"[0.59375, 0.25, 0.4375, 0.234375, 0.15625, 0.390625, 0.0078125, 0.09375, 0.6875, 0.21875, 0.125, 0.125, 0.015625, 0.234375, 0.6875, 0.8125, 0.9375, 0.609375, 0.15625, 0.21875, 0.09375]","[0.296875, 0.125, 0.28125, 0.265625, 0.09375, 0.1953125, 0.0078125, 0.078125, 0.34375, 0.140625, 0.125, 0.09375, 0.0078125, 0.28125, 0.34375, 0.40625, 0.5, 0.703125, 0.078125, 0.109375, 0.09375]",[11],0.7992343010849292,0.7817219427037854
661,6638.828125,"[0.59375, 0.25, 0.4375, 0.234375, 0.03125, 0.390625, 0.0078125, 0.09375, 0.6875, 0.21875, 0.125, 0.125, 0.015625, 0.234375, 0.6875, 0.8125, 0.9375, 0.609375, 0.15625, 0.21875, 0.09375]","[0.296875, 0.125, 0.28125, 0.265625, 0.03125, 0.1953125, 0.0078125, 0.078125, 0.34375, 0.140625, 0.125, 0.09375, 0.0078125, 0.28125, 0.34375, 0.40625, 0.5, 0.703125, 0.078125, 0.109375, 0.09375]",[11],0.8294590755643271,0.8049844868251483
662,6499.765625,"[0.59375, 0.25, 0.4375, 0.234375, 0.03125, 0.390625, 0.0078125, 0.15625, 0.6875, 0.21875, 0.125, 0.125, 0.015625, 0.234375, 0.4375, 0.8125, 0.9375, 0.609375, 0.15625, 0.21875, 0.09375]","[0.296875, 0.125, 0.28125, 0.265625, 0.03125, 0.1953125, 0.0078125, 0.109375, 0.34375, 0.140625, 0.125, 0.09375, 0.0078125, 0.28125, 0.21875, 0.40625, 0.5, 0.703125, 0.078125, 0.109375, 0.09375]",[39],0.813121793951772,0.8057783329828451
663,6421.015625,"[0.59375, 0.375, 0.4375, 0.234375, 0.03125, 0.390625, 0.0078125, 0.15625, 0.6875, 0.21875, 0.125, 0.125, 0.0, 0.234375, 0.4375, 0.8125, 0.9375, 0.609375, 0.15625, 0.21875, 0.09375]","[0.296875, 0.1875, 0.28125, 0.265625, 0.03125, 0.1953125, 0.0078125, 0.109375, 0.34375, 0.140625, 0.125, 0.09375, 0.0, 0.28125, 0.21875, 0.40625, 0.5, 0.703125, 0.078125, 0.109375, 0.09375]",[46],0.8020691879942136,0.7934944728287036
664,6559.921875,"[0.59375, 0.375, 0.4375, 0.234375, 0.03125, 0.390625, 0.0078125, 0.15625, 0.6875, 0.21875, 0.125, 0.125, 0.0, 0.234375, 0.4375, 0.8125, 0.9375, 0.609375, 0.15625, 0.21875, 0.09375]","[0.296875, 0.1875, 0.28125, 0.265625, 0.03125, 0.1953125, 0.0078125, 0.109375, 0.34375, 0.140625, 0.125, 0.09375, 0.0, 0.28125, 0.21875, 0.40625, 0.5, 0.703125, 0.078125, 0.109375, 0.09375]",[46],0.8020691879942136,0.7934944728287036
665,6440.546875,"[0.59375, 0.375, 0.4375, 0.234375, 0.03125, 0.390625, 0.0078125, 0.15625, 0.6875, 0.21875, 0.125, 0.125, 0.0, 0.234375, 0.4375, 0.8125, 0.9375, 0.609375, 0.15625, 0.21875, 0.09375]","[0.296875, 0.1875, 0.28125, 0.265625, 0.03125, 0.1953125, 0.0078125, 0.109375, 0.34375, 0.140625, 0.125, 0.09375, 0.0, 0.28125, 0.21875, 0.40625, 0.5, 0.703125, 0.078125, 0.109375, 0.09375]",[46],0.8020691879942136,0.7934944728287036
666,6421.015625,"[0.59375, 0.375, 0.4375, 0.234375, 0.03125, 0.390625, 0.0078125, 0.15625, 0.6875, 0.21875, 0.125, 0.125, 0.0, 0.234375, 0.4375, 0.8125, 0.9375, 0.609375, 0.15625, 0.09375, 0.0859375]","[0.296875, 0.1875, 0.28125, 0.265625, 0.03125, 0.1953125, 0.0078125, 0.109375, 0.34375, 0.140625, 0.125, 0.09375, 0.0, 0.28125, 0.21875, 0.40625, 0.5, 0.703125, 0.078125, 0.046875, 0.0859375]",[29],0.8306428403906103,0.8185521781297004
667,6262.34375,"[0.59375, 0.375, 0.4375, 0.234375, 0.03125, 0.390625, 0.0078125, 0.15625, 0.6875, 0.21875, 0.125, 0.125, 0.0, 0.171875, 0.4375, 0.8125, 0.9375, 0.609375, 0.09375, 0.09375, 0.0859375]","[0.296875, 0.1875, 0.28125, 0.265625, 0.03125, 0.1953125, 0.0078125, 0.109375, 0.34375, 0.140625, 0.125, 0.09375, 0.0, 0.21875, 0.21875, 0.40625, 0.5, 0.703125, 0.046875, 0.046875, 0.0859375]",[26],0.8571563990204066,0.8388800180703859
668,6063.125,"[0.59375, 0.375, 0.1875, 0.234375, 0.03125, 0.390625, 0.0078125, 0.15625, 0.6875, 0.21875, 0.125, 0.125, 0.0, 0.171875, 0.4375, 0.8125, 0.9375, 0.609375, 0.09375, 0.09375, 0.0859375]","[0.296875, 0.1875, 0.15625, 0.265625, 0.03125, 0.1953125, 0.0078125, 0.109375, 0.34375, 0.140625, 0.125, 0.09375, 0.0, 0.21875, 0.21875, 0.40625, 0.5, 0.703125, 0.046875, 0.046875, 0.0859375]",[26],0.8903386584659453,0.8610515258144735
669,5985.625,"[0.59375, 0.375, 0.1875, 0.203125, 0.03125, 0.390625, 0.0078125, 0.15625, 0.6875, 0.21875, 0.125, 0.125, 0.0, 0.234375, 0.4375, 0.8125, 0.9375, 0.609375, 0.09375, 0.09375, 0.0859375]","[0.296875, 0.1875, 0.15625, 0.203125, 0.03125, 0.1953125, 0.0078125, 0.109375, 0.34375, 0.140625, 0.125, 0.09375, 0.0, 0.28125, 0.21875, 0.40625, 0.5, 0.703125, 0.046875, 0.046875, 0.0859375]",[27],0.8838847384218096,0.8624137831743133
670,5985.3125,"[0.59375, 0.4375, 0.1875, 0.203125, 0.03125, 0.390625, 0.0078125, 0.15625, 0.6875, 0.21875, 0.125, 0.125, 0.0, 0.234375, 0.4375, 0.8125, 0.9375, 0.609375, 0.09375, 0.09375, 0.0859375]","[0.296875, 0.25, 0.15625, 0.203125, 0.03125, 0.1953125, 0.0078125, 0.109375, 0.34375, 0.140625, 0.125, 0.09375, 0.0, 0.28125, 0.21875, 0.40625, 0.5, 0.703125, 0.046875, 0.046875, 0.0859375]",[29],0.8789101329340429,0.8512710815839074
671,6005.0,"[0.59375, 0.4375, 0.1875, 0.203125, 0.03125, 0.390625, 0.0078125, 0.1875, 0.6875, 0.21875, 0.125, 0.125, 0.0, 0.234375, 0.4375, 0.8125, 0.9375, 0.609375, 0.09375, 0.0625, 0.0859375]","[0.296875, 0.25, 0.15625, 0.203125, 0.03125, 0.1953125, 0.0078125, 0.125, 0.34375, 0.140625, 0.125, 0.09375, 0.0, 0.28125, 0.21875, 0.40625, 0.5, 0.703125, 0.046875, 0.03125, 0.0859375]",[19],0.8805813877662252,0.8529427707805454
672,6005.0,"[0.59375, 0.4375, 0.1875, 0.203125, 0.03125, 0.359375, 0.0078125, 0.1875, 0.6875, 0.21875, 0.125, 0.15625, 0.0, 0.234375, 0.4375, 0.8125, 0.9375, 0.609375, 0.09375, 0.0625, 0.0859375]","[0.296875, 0.25, 0.15625, 0.203125, 0.03125, 0.1796875, 0.0078125, 0.125, 0.34375, 0.140625, 0.125, 0.109375, 0.0, 0.28125, 0.21875, 0.40625, 0.5, 0.703125, 0.046875, 0.03125, 0.0859375]",[31],0.8763972750499088,0.8511037320752739
673,6045.0,"[0.59375, 0.4375, 0.1875, 0.203125, 0.03125, 0.359375, 0.0078125, 0.1875, 0.6875, 0.21875, 0.125, 0.15625, 0.0, 0.265625, 0.4375, 0.8125, 0.9375, 0.609375, 0.09375, 0.0625, 0.0859375]","[0.296875, 0.25, 0.15625, 0.203125, 0.03125, 0.1796875, 0.0078125, 0.125, 0.34375, 0.140625, 0.125, 0.109375, 0.0, 0.3125, 0.21875, 0.40625, 0.5, 0.703125, 0.046875, 0.03125, 0.0859375]",[46],0.8711364008484183,0.8488737322891946
674,6204.375,"[0.59375, 0.4375, 0.1875, 0.203125, 0.03125, 0.359375, 0.0078125, 0.1875, 0.6875, 0.21875, 0.125, 0.15625, 0.0, 0.265625, 0.4375, 0.8125, 0.9375, 0.609375, 0.09375, 0.0625, 0.0859375]","[0.296875, 0.25, 0.15625, 0.203125, 0.03125, 0.1796875, 0.0078125, 0.125, 0.34375, 0.140625, 0.125, 0.109375, 0.0, 0.3125, 0.21875, 0.40625, 0.5, 0.703125, 0.046875, 0.03125, 0.0859375]",[46],0.8711364008484183,0.8488737322891946
675,6084.375,"[0.59375, 0.4375, 0.1875, 0.203125, 0.03125, 0.359375, 0.0078125, 0.1875, 0.6875, 0.21875, 0.125, 0.15625, 0.0, 0.265625, 0.4375, 0.8125, 0.9375, 0.609375, 0.09375, 0.0625, 0.0859375]","[0.296875, 0.25, 0.15625, 0.203125, 0.03125, 0.1796875, 0.0078125, 0.125, 0.34375, 0.140625, 0.125, 0.109375, 0.0, 0.3125, 0.21875, 0.40625, 0.5, 0.703125, 0.046875, 0.03125, 0.0859375]",[46],0.8711364008484183,0.8488737322891946
676,6064.6875,"[0.59375, 0.4375, 0.1875, 0.203125, 0.03125, 0.359375, 0.0078125, 0.1875, 0.71875, 0.21875, 0.125, 0.15625, 0.0, 0.265625, 0.4375, 0.8125, 0.9375, 0.609375, 0.09375, 0.0625, 0.0859375]","[0.296875, 0.25, 0.15625, 0.203125, 0.03125, 0.1796875, 0.0078125, 0.125, 0.359375, 0.140625, 0.125, 0.109375, 0.0, 0.3125, 0.21875, 0.40625, 0.5, 0.703125, 0.046875, 0.03125, 0.0859375]",[54],0.8739116894675758,0.8488902928026495
677,6104.53125,"[0.59375, 0.4375, 0.1875, 0.203125, 0.03125, 0.359375, 0.0078125, 0.1875, 0.71875, 0.21875, 0.125, 0.15625, 0.0, 0.265625, 0.4375, 0.8125, 0.9375, 0.609375, 0.09375, 0.0625, 0.0859375]","[0.296875, 0.25, 0.15625, 0.203125, 0.03125, 0.1796875, 0.0078125, 0.125, 0.359375, 0.140625, 0.125, 0.109375, 0.0, 0.3125, 0.21875, 0.40625, 0.5, 0.703125, 0.046875, 0.03125, 0.0859375]",[54],0.8739116894675758,0.8488902928026495
678,6144.0625,"[0.59375, 0.4375, 0.1875, 0.203125, 0.03125, 0.359375, 0.0078125, 0.1875, 0.71875, 0.21875, 0.125, 0.15625, 0.0, 0.265625, 0.4375, 0.8125, 0.8125, 0.609375, 0.09375, 0.0625, 0.0859375]","[0.296875, 0.25, 0.15625, 0.203125, 0.03125, 0.1796875, 0.0078125, 0.125, 0.359375, 0.140625, 0.125, 0.109375, 0.0, 0.3125, 0.21875, 0.40625, 0.4375, 0.703125, 0.046875, 0.03125, 0.0859375]",[54],0.8492867147523551,0.8384494387856397
679,6144.6875,"[0.59375, 0.4375, 0.1875, 0.203125, 0.03125, 0.484375, 0.0078125, 0.1875, 0.71875, 0.21875, 0.125, 0.15625, 0.0, 0.265625, 0.4375, 0.8125, 0.8125, 0.609375, 0.09375, 0.0625, 0.0859375]","[0.296875, 0.25, 0.15625, 0.203125, 0.03125, 0.2421875, 0.0078125, 0.125, 0.359375, 0.140625, 0.125, 0.109375, 0.0, 0.3125, 0.21875, 0.40625, 0.4375, 0.703125, 0.046875, 0.03125, 0.0859375]",[55],0.8413998377452401,0.8269380449008332
680,6184.375,"[0.59375, 0.4375, 0.1875, 0.203125, 0.03125, 0.484375, 0.0078125, 0.1875, 0.71875, 0.21875, 0.125, 0.15625, 0.0, 0.265625, 0.4375, 0.8125, 0.8125, 0.609375, 0.09375, 0.0625, 0.0859375]","[0.296875, 0.25, 0.15625, 0.203125, 0.03125, 0.2421875, 0.0078125, 0.125, 0.359375, 0.140625, 0.125, 0.109375, 0.0, 0.3125, 0.21875, 0.40625, 0.4375, 0.703125, 0.046875, 0.03125, 0.0859375]",[55],0.8413998377452401,0.8269380449008332
681,6164.53125,"[0.59375, 0.3125, 0.1875, 0.203125, 0.03125, 0.484375, 0.0078125, 0.1875, 0.46875, 0.21875, 0.125, 0.15625, 0.0, 0.265625, 0.4375, 0.8125, 0.8125, 0.609375, 0.09375, 0.0625, 0.0859375]","[0.296875, 0.1875, 0.15625, 0.203125, 0.03125, 0.2421875, 0.0078125, 0.125, 0.234375, 0.140625, 0.125, 0.109375, 0.0, 0.3125, 0.21875, 0.40625, 0.4375, 0.703125, 0.046875, 0.03125, 0.0859375]",[36],0.8401916157007391,0.8452894685930292
682,5947.8125,"[0.59375, 0.3125, 0.1875, 0.203125, 0.03125, 0.484375, 0.0078125, 0.1875, 0.46875, 0.21875, 0.125, 0.15625, 0.0, 0.265625, 0.4375, 0.78125, 0.8125, 0.609375, 0.09375, 0.0625, 0.0859375]","[0.296875, 0.1875, 0.15625, 0.203125, 0.03125, 0.2421875, 0.0078125, 0.125, 0.234375, 0.140625, 0.125, 0.109375, 0.0, 0.3125, 0.21875, 0.390625, 0.4375, 0.703125, 0.046875, 0.03125, 0.0859375]",[36],0.8339632580296569,0.8437951879011941
683,5967.5,"[0.59375, 0.3125, 0.1875, 0.203125, 0.03125, 0.484375, 0.0078125, 0.1875, 0.46875, 0.21875, 0.125, 0.15625, 0.0, 0.265625, 0.5625, 0.78125, 0.8125, 0.609375, 0.09375, 0.0625, 0.0546875]","[0.296875, 0.1875, 0.15625, 0.203125, 0.03125, 0.2421875, 0.0078125, 0.125, 0.234375, 0.140625, 0.125, 0.109375, 0.0, 0.3125, 0.28125, 0.390625, 0.4375, 0.703125, 0.046875, 0.03125, 0.0546875]",[39],0.8427635329470194,0.848157014607816
684,6046.5625,"[0.59375, 0.3125, 0.1875, 0.203125, 0.03125, 0.484375, 0.0078125, 0.1875, 0.46875, 0.21875, 0.125, 0.15625, 0.0, 0.265625, 0.5625, 0.53125, 0.8125, 0.609375, 0.03125, 0.0625, 0.0546875]","[0.296875, 0.1875, 0.15625, 0.203125, 0.03125, 0.2421875, 0.0078125, 0.125, 0.234375, 0.140625, 0.125, 0.109375, 0.0, 0.3125, 0.28125, 0.265625, 0.4375, 0.703125, 0.015625, 0.03125, 0.0546875]",[15],0.8329364134092522,0.8632971840219323
685,5690.3125,"[0.59375, 0.3125, 0.1875, 0.203125, 0.03125, 0.484375, 0.0078125, 0.1875, 0.46875, 0.21875, 0.125, 0.15625, 0.0, 0.265625, 0.5625, 0.53125, 0.8125, 0.609375, 0.03125, 0.0625, 0.0546875]","[0.296875, 0.1875, 0.15625, 0.203125, 0.03125, 0.2421875, 0.0078125, 0.125, 0.234375, 0.140625, 0.125, 0.109375, 0.0, 0.3125, 0.28125, 0.265625, 0.4375, 0.703125, 0.015625, 0.03125, 0.0546875]",[15],0.8329364134092522,0.8632971840219323
686,5670.625,"[0.59375, 0.3125, 0.21875, 0.203125, 0.03125, 0.484375, 0.0078125, 0.1875, 0.46875, 0.21875, 0.125, 0.15625, 0.0, 0.265625, 0.5625, 0.53125, 0.8125, 0.609375, 0.03125, 0.0625, 0.0546875]","[0.296875, 0.1875, 0.171875, 0.203125, 0.03125, 0.2421875, 0.0078125, 0.125, 0.234375, 0.140625, 0.125, 0.109375, 0.0, 0.3125, 0.28125, 0.265625, 0.4375, 0.703125, 0.015625, 0.03125, 0.0546875]",[39],0.8267787003730696,0.8593033665337054
687,5710.3125,"[0.59375, 0.3125, 0.21875, 0.203125, 0.03125, 0.484375, 0.0078125, 0.1875, 0.46875, 0.21875, 0.125, 0.15625, 0.0, 0.265625, 0.5625, 0.53125, 0.8125, 0.609375, 0.03125, 0.0625, 0.0546875]","[0.296875, 0.1875, 0.171875, 0.203125, 0.03125, 0.2421875, 0.0078125, 0.125, 0.234375, 0.140625, 0.125, 0.109375, 0.0, 0.3125, 0.28125, 0.265625, 0.4375, 0.703125, 0.015625, 0.03125, 0.0546875]",[39],0.8267787003730696,0.8593033665337054
688,5749.375,"[0.5625, 0.3125, 0.21875, 0.203125, 0.03125, 0.484375, 0.0078125, 0.1875, 0.46875, 0.21875, 0.125, 0.15625, 0.0, 0.265625, 0.5625, 0.53125, 0.8125, 0.609375, 0.03125, 0.0625, 0.0546875]","[0.28125, 0.1875, 0.171875, 0.203125, 0.03125, 0.2421875, 0.0078125, 0.125, 0.234375, 0.140625, 0.125, 0.109375, 0.0, 0.3125, 0.28125, 0.265625, 0.4375, 0.703125, 0.015625, 0.03125, 0.0546875]",[39],0.8244232658897903,0.8602635949775053
689,5809.6875,"[0.5625, 0.3125, 0.15625, 0.203125, 0.03125, 0.609375, 0.0078125, 0.1875, 0.46875, 0.21875, 0.125, 0.15625, 0.0, 0.25, 0.5625, 0.53125, 0.8125, 0.609375, 0.03125, 0.0625, 0.0546875]","[0.28125, 0.1875, 0.109375, 0.203125, 0.03125, 0.3046875, 0.0078125, 0.125, 0.234375, 0.140625, 0.125, 0.109375, 0.0, 0.28125, 0.28125, 0.265625, 0.4375, 0.703125, 0.015625, 0.03125, 0.0546875]",[25],0.845977401996568,0.87474697269753
690,5770.15625,"[0.5625, 0.3125, 0.15625, 0.203125, 0.0625, 0.609375, 0.0078125, 0.1875, 0.46875, 0.21875, 0.125, 0.15625, 0.0, 0.25, 0.5625, 0.53125, 0.8125, 0.609375, 0.03125, 0.0625, 0.0546875]","[0.28125, 0.1875, 0.109375, 0.203125, 0.0625, 0.3046875, 0.0078125, 0.125, 0.234375, 0.140625, 0.125, 0.109375, 0.0, 0.28125, 0.28125, 0.265625, 0.4375, 0.703125, 0.015625, 0.03125, 0.0546875]",[41],0.836375611412739,0.8610229942445007
691,5789.84375,"[0.5625, 0.3125, 0.15625, 0.203125, 0.0625, 0.609375, 0.0078125, 0.1875, 0.46875, 0.21875, 0.125, 0.15625, 0.0, 0.25, 0.5625, 0.53125, 0.8125, 0.609375, 0.03125, 0.0625, 0.0546875]","[0.28125, 0.1875, 0.109375, 0.203125, 0.0625, 0.3046875, 0.0078125, 0.125, 0.234375, 0.140625, 0.125, 0.109375, 0.0, 0.28125, 0.28125, 0.265625, 0.4375, 0.703125, 0.015625, 0.03125, 0.0546875]",[41],0.836375611412739,0.8610229942445007
692,5809.53125,"[0.5625, 0.3125, 0.15625, 0.203125, 0.0625, 0.609375, 0.0078125, 0.1875, 0.53125, 0.21875, 0.125, 0.15625, 0.0, 0.25, 0.5625, 0.53125, 0.8125, 0.609375, 0.03125, 0.0625, 0.0546875]","[0.28125, 0.1875, 0.109375, 0.203125, 0.0625, 0.3046875, 0.0078125, 0.125, 0.265625, 0.140625, 0.125, 0.109375, 0.0, 0.28125, 0.28125, 0.265625, 0.4375, 0.703125, 0.015625, 0.03125, 0.0546875]",[45],0.836940094529842,0.8572009380816906
693,5889.21875,"[0.5625, 0.3125, 0.15625, 0.203125, 0.0625, 0.609375, 0.0078125, 0.1875, 0.53125, 0.21875, 0.125, 0.15625, 0.0, 0.25, 0.5625, 0.53125, 0.8125, 0.609375, 0.03125, 0.0625, 0.0859375]","[0.28125, 0.1875, 0.109375, 0.203125, 0.0625, 0.3046875, 0.0078125, 0.125, 0.265625, 0.140625, 0.125, 0.109375, 0.0, 0.28125, 0.28125, 0.265625, 0.4375, 0.703125, 0.015625, 0.03125, 0.0859375]",[55],0.8279650555349941,0.8447784762623127
694,6046.71875,"[0.5625, 0.3125, 0.40625, 0.203125, 0.0625, 0.609375, 0.0078125, 0.1875, 0.53125, 0.21875, 0.125, 0.15625, 0.0, 0.25, 0.5625, 0.53125, 0.8125, 0.609375, 0.03125, 0.0625, 0.0859375]","[0.28125, 0.1875, 0.234375, 0.203125, 0.0625, 0.3046875, 0.0078125, 0.125, 0.265625, 0.140625, 0.125, 0.109375, 0.0, 0.28125, 0.28125, 0.265625, 0.4375, 0.703125, 0.015625, 0.03125, 0.0859375]",[59],0.7929213579135014,0.8150880176345556
695,6086.5625,"[0.5625, 0.3125, 0.40625, 0.203125, 0.0625, 0.609375, 0.0078125, 0.1875, 0.53125, 0.21875, 0.125, 0.15625, 0.0, 0.265625, 0.5625, 0.53125, 0.8125, 0.609375, 0.03125, 0.0625, 0.0859375]","[0.28125, 0.1875, 0.234375, 0.203125, 0.0625, 0.3046875, 0.0078125, 0.125, 0.265625, 0.140625, 0.125, 0.109375, 0.0, 0.3125, 0.28125, 0.265625, 0.4375, 0.703125, 0.015625, 0.03125, 0.0859375]",[60],0.7905156969327006,0.8135587829197024
696,6106.40625,"[0.5625, 0.3125, 0.40625, 0.203125, 0.0625, 0.625, 0.0078125, 0.1875, 0.53125, 0.21875, 0.125, 0.15625, 0.0, 0.265625, 0.5625, 0.53125, 0.8125, 0.609375, 0.03125, 0.0625, 0.0859375]","[0.28125, 0.1875, 0.234375, 0.203125, 0.0625, 0.3125, 0.0078125, 0.125, 0.265625, 0.140625, 0.125, 0.109375, 0.0, 0.3125, 0.28125, 0.265625, 0.4375, 0.703125, 0.015625, 0.03125, 0.0859375]",[64],0.7918050191683872,0.8133001740377134
697,6146.09375,"[0.5625, 0.3125, 0.40625, 0.234375, 0.0625, 0.625, 0.0078125, 0.1875, 0.53125, 0.21875, 0.125, 0.15625, 0.0, 0.265625, 0.5625, 0.53125, 0.8125, 0.578125, 0.03125, 0.046875, 0.0859375]","[0.28125, 0.1875, 0.234375, 0.234375, 0.0625, 0.3125, 0.0078125, 0.125, 0.265625, 0.140625, 0.125, 0.109375, 0.0, 0.3125, 0.28125, 0.265625, 0.4375, 0.640625, 0.015625, 0.0234375, 0.0859375]",[12],0.7885794079157501,0.7788281257709887
698,6165.9375,"[0.5625, 0.3125, 0.40625, 0.234375, 0.0625, 0.625, 0.0078125, 0.1875, 0.5, 0.21875, 0.125, 0.15625, 0.0, 0.265625, 0.5625, 0.53125, 0.8125, 0.640625, 0.03125, 0.046875, 0.0859375]","[0.28125, 0.1875, 0.234375, 0.234375, 0.0625, 0.3125, 0.0078125, 0.125, 0.25, 0.140625, 0.125, 0.109375, 0.0, 0.3125, 0.28125, 0.265625, 0.4375, 0.703125, 0.015625, 0.0234375, 0.0859375]",[14],0.7929082566477711,0.8133049845976288
699,6303.75,"[0.5625, 0.3125, 0.40625, 0.234375, 0.0625, 0.625, 0.0078125, 0.1875, 0.5, 0.46875, 0.125, 0.15625, 0.0, 0.203125, 0.5625, 0.53125, 0.8125, 0.515625, 0.03125, 0.046875, 0.0859375]","[0.28125, 0.1875, 0.234375, 0.234375, 0.0625, 0.3125, 0.0078125, 0.125, 0.25, 0.265625, 0.125, 0.109375, 0.0, 0.25, 0.28125, 0.265625, 0.4375, 0.578125, 0.015625, 0.0234375, 0.0859375]",[5],0.7721670725528073,0.7310241568574177
700,6025.0,"[0.5625, 0.3125, 0.40625, 0.234375, 0.0625, 0.625, 0.0078125, 0.1875, 0.5, 0.46875, 0.125, 0.15625, 0.0, 0.203125, 0.5625, 0.53125, 0.8125, 0.515625, 0.03125, 0.046875, 0.0859375]","[0.28125, 0.1875, 0.234375, 0.234375, 0.0625, 0.3125, 0.0078125, 0.125, 0.25, 0.265625, 0.125, 0.109375, 0.0, 0.25, 0.28125, 0.265625, 0.4375, 0.578125, 0.015625, 0.0234375, 0.0859375]",[5],0.7721670725528073,0.7310241568574177
701,6005.46875,"[0.5625, 0.3125, 0.40625, 0.234375, 0.0625, 0.625, 0.0078125, 0.1875, 0.5, 0.46875, 0.125, 0.15625, 0.0, 0.203125, 0.5625, 0.53125, 0.8125, 0.515625, 0.03125, 0.046875, 0.0859375]","[0.28125, 0.1875, 0.234375, 0.234375, 0.0625, 0.3125, 0.0078125, 0.125, 0.25, 0.265625, 0.125, 0.109375, 0.0, 0.25, 0.28125, 0.265625, 0.4375, 0.578125, 0.015625, 0.0234375, 0.0859375]",[5],0.7721670725528073,0.7310241568574177
702,6025.3125,"[0.5625, 0.3125, 0.40625, 0.234375, 0.0625, 0.625, 0.0078125, 0.1875, 0.5, 0.46875, 0.125, 0.15625, 0.0, 0.203125, 0.5625, 0.46875, 0.8125, 0.515625, 0.03125, 0.046875, 0.0859375]","[0.28125, 0.1875, 0.234375, 0.234375, 0.0625, 0.3125, 0.0078125, 0.125, 0.25, 0.265625, 0.125, 0.109375, 0.0, 0.25, 0.28125, 0.234375, 0.4375, 0.578125, 0.015625, 0.0234375, 0.0859375]",[5],0.771621024331447,0.733731493641853
703,6025.9375,"[0.5625, 0.3125, 0.40625, 0.234375, 0.0625, 0.625, 0.0078125, 0.1875, 0.5, 0.46875, 0.125, 0.15625, 0.0, 0.203125, 0.5625, 0.46875, 0.8125, 0.515625, 0.03125, 0.046875, 0.0859375]","[0.28125, 0.1875, 0.234375, 0.234375, 0.0625, 0.3125, 0.0078125, 0.125, 0.25, 0.265625, 0.125, 0.109375, 0.0, 0.25, 0.28125, 0.234375, 0.4375, 0.578125, 0.015625, 0.0234375, 0.0859375]",[5],0.771621024331447,0.733731493641853
704,6105.0,"[0.5625, 0.3125, 0.40625, 0.234375, 0.0625, 0.625, 0.0078125, 0.1875, 0.5, 0.46875, 0.125, 0.15625, 0.0, 0.203125, 0.5625, 0.46875, 0.8125, 0.515625, 0.03125, 0.171875, 0.0859375]","[0.28125, 0.1875, 0.234375, 0.234375, 0.0625, 0.3125, 0.0078125, 0.125, 0.25, 0.265625, 0.125, 0.109375, 0.0, 0.25, 0.28125, 0.234375, 0.4375, 0.578125, 0.015625, 0.0859375, 0.0859375]",[6],0.7404177845966704,0.7076777836195802
705,6144.6875,"[0.5625, 0.1875, 0.40625, 0.234375, 0.0625, 0.625, 0.0078125, 0.1875, 0.5, 0.46875, 0.125, 0.15625, 0.0, 0.203125, 0.5625, 0.46875, 0.8125, 0.515625, 0.03125, 0.171875, 0.0859375]","[0.28125, 0.125, 0.234375, 0.234375, 0.0625, 0.3125, 0.0078125, 0.125, 0.25, 0.265625, 0.125, 0.109375, 0.0, 0.25, 0.28125, 0.234375, 0.4375, 0.578125, 0.015625, 0.0859375, 0.0859375]",[6],0.7597584584753982,0.7228514963077032
706,6045.9375,"[0.5625, 0.1875, 0.40625, 0.234375, 0.0625, 0.625, 0.0078125, 0.1875, 0.5, 0.46875, 0.125, 0.15625, 0.0, 0.203125, 0.5625, 0.46875, 0.8125, 0.515625, 0.03125, 0.171875, 0.0859375]","[0.28125, 0.125, 0.234375, 0.234375, 0.0625, 0.3125, 0.0078125, 0.125, 0.25, 0.265625, 0.125, 0.109375, 0.0, 0.25, 0.28125, 0.234375, 0.4375, 0.578125, 0.015625, 0.0859375, 0.0859375]",[6],0.7597584584753982,0.7228514963077032
707,6065.625,"[0.5625, 0.1875, 0.40625, 0.234375, 0.0625, 0.625, 0.0078125, 0.25, 0.5, 0.46875, 0.125, 0.15625, 0.0, 0.203125, 0.5625, 0.46875, 0.8125, 0.515625, 0.03125, 0.171875, 0.0859375]","[0.28125, 0.125, 0.234375, 0.234375, 0.0625, 0.3125, 0.0078125, 0.15625, 0.25, 0.265625, 0.125, 0.109375, 0.0, 0.25, 0.28125, 0.234375, 0.4375, 0.578125, 0.015625, 0.0859375, 0.0859375]",[7],0.7487401836214724,0.7144107233197099
708,6144.375,"[0.5625, 0.1875, 0.40625, 0.234375, 0.0625, 0.625, 0.0078125, 0.25, 0.625, 0.46875, 0.125, 0.15625, 0.0, 0.203125, 0.5625, 0.46875, 0.8125, 0.515625, 0.03125, 0.171875, 0.0859375]","[0.28125, 0.125, 0.234375, 0.234375, 0.0625, 0.3125, 0.0078125, 0.15625, 0.3125, 0.265625, 0.125, 0.109375, 0.0, 0.25, 0.28125, 0.234375, 0.4375, 0.578125, 0.015625, 0.0859375, 0.0859375]",[24],0.7551805208343361,0.7125040757695372
709,6303.125,"[0.5625, 0.1875, 0.40625, 0.359375, 0.0625, 0.625, 0.0078125, 0.25, 0.625, 0.46875, 0.125, 0.15625, 0.0, 0.203125, 0.5625, 0.46875, 0.8125, 0.515625, 0.03125, 0.171875, 0.0859375]","[0.28125, 0.125, 0.234375, 0.359375, 0.0625, 0.3125, 0.0078125, 0.15625, 0.3125, 0.265625, 0.125, 0.109375, 0.0, 0.25, 0.28125, 0.234375, 0.4375, 0.578125, 0.015625, 0.0859375, 0.0859375]",[71],0.739590246742833,0.7107633985326353
710,6342.8125,"[0.5625, 0.1875, 0.40625, 0.359375, 0.0625, 0.625, 0.0078125, 0.25, 0.375, 0.46875, 0.125, 0.15625, 0.0, 0.203125, 0.5625, 0.46875, 0.8125, 0.515625, 0.03125, 0.171875, 0.0859375]","[0.28125, 0.125, 0.234375, 0.359375, 0.0625, 0.3125, 0.0078125, 0.15625, 0.1875, 0.265625, 0.125, 0.109375, 0.0, 0.25, 0.28125, 0.234375, 0.4375, 0.578125, 0.015625, 0.0859375, 0.0859375]",[71],0.7367474464746304,0.7222493637527249
711,6165.46875,"[0.4375, 0.1875, 0.40625, 0.359375, 0.0625, 0.625, 0.0078125, 0.25, 0.375, 0.46875, 0.125, 0.15625, 0.0, 0.203125, 0.5625, 0.46875, 0.8125, 0.515625, 0.03125, 0.171875, 0.0859375]","[0.21875, 0.125, 0.234375, 0.359375, 0.0625, 0.3125, 0.0078125, 0.15625, 0.1875, 0.265625, 0.125, 0.109375, 0.0, 0.25, 0.28125, 0.234375, 0.4375, 0.578125, 0.015625, 0.0859375, 0.0859375]",[66],0.7339119346159914,0.7277318123087083
712,6106.25,"[0.4375, 0.1875, 0.40625, 0.359375, 0.0625, 0.625, 0.0078125, 0.25, 0.375, 0.46875, 0.125, 0.15625, 0.0, 0.203125, 0.5625, 0.46875, 0.875, 0.515625, 0.03125, 0.171875, 0.0859375]","[0.21875, 0.125, 0.234375, 0.359375, 0.0625, 0.3125, 0.0078125, 0.15625, 0.1875, 0.265625, 0.125, 0.109375, 0.0, 0.25, 0.28125, 0.234375, 0.46875, 0.578125, 0.015625, 0.0859375, 0.0859375]",[71],0.7504023814865697,0.7355410224171067
713,6185.625,"[0.4375, 0.1875, 0.40625, 0.359375, 0.0625, 0.625, 0.0078125, 0.25, 0.375, 0.46875, 0.125, 0.15625, 0.0, 0.203125, 0.5625, 0.46875, 0.875, 0.515625, 0.03125, 0.171875, 0.0859375]","[0.21875, 0.125, 0.234375, 0.359375, 0.0625, 0.3125, 0.0078125, 0.15625, 0.1875, 0.265625, 0.125, 0.109375, 0.0, 0.25, 0.28125, 0.234375, 0.46875, 0.578125, 0.015625, 0.0859375, 0.0859375]",[71],0.7504023814865697,0.7355410224171067
714,6265.0,"[0.4375, 0.1875, 0.40625, 0.359375, 0.0625, 0.625, 0.0078125, 0.25, 0.375, 0.46875, 0.125, 0.15625, 0.125, 0.203125, 0.5625, 0.46875, 0.875, 0.515625, 0.03125, 0.171875, 0.0859375]","[0.21875, 0.125, 0.234375, 0.359375, 0.0625, 0.3125, 0.0078125, 0.15625, 0.1875, 0.265625, 0.125, 0.109375, 0.0625, 0.25, 0.28125, 0.234375, 0.46875, 0.578125, 0.015625, 0.0859375, 0.0859375]",[72],0.7150725157965679,0.7073712797838245
715,6304.375,"[0.4375, 0.1875, 0.40625, 0.359375, 0.0625, 0.625, 0.0078125, 0.25, 0.375, 0.46875, 0.125, 0.15625, 0.125, 0.203125, 0.5625, 0.46875, 0.875, 0.515625, 0.03125, 0.171875, 0.0859375]","[0.21875, 0.125, 0.234375, 0.359375, 0.0625, 0.3125, 0.0078125, 0.15625, 0.1875, 0.265625, 0.125, 0.109375, 0.0625, 0.25, 0.28125, 0.234375, 0.46875, 0.578125, 0.015625, 0.0859375, 0.0859375]",[72],0.7150725157965679,0.7073712797838245
716,6284.84375,"[0.4375, 0.1875, 0.34375, 0.359375, 0.0625, 0.609375, 0.0078125, 0.25, 0.375, 0.46875, 0.125, 0.15625, 0.125, 0.203125, 0.5625, 0.46875, 0.875, 0.515625, 0.03125, 0.171875, 0.0859375]","[0.21875, 0.125, 0.171875, 0.359375, 0.0625, 0.3046875, 0.0078125, 0.15625, 0.1875, 0.265625, 0.125, 0.109375, 0.0625, 0.25, 0.28125, 0.234375, 0.46875, 0.578125, 0.015625, 0.0859375, 0.0859375]",[72],0.7173799967300345,0.7175233312626237
717,6245.15625,"[0.4375, 0.1875, 0.34375, 0.359375, 0.0625, 0.609375, 0.0078125, 0.25, 0.375, 0.46875, 0.125, 0.15625, 0.125, 0.203125, 0.5625, 0.46875, 0.875, 0.515625, 0.03125, 0.171875, 0.0859375]","[0.21875, 0.125, 0.171875, 0.359375, 0.0625, 0.3046875, 0.0078125, 0.15625, 0.1875, 0.265625, 0.125, 0.109375, 0.0625, 0.25, 0.28125, 0.234375, 0.46875, 0.578125, 0.015625, 0.0859375, 0.0859375]",[72],0.7173799967300345,0.7175233312626237
718,6285.15625,"[0.4375, 0.1875, 0.34375, 0.421875, 0.0625, 0.609375, 0.0078125, 0.25, 0.375, 0.46875, 0.125, 0.15625, 0.125, 0.203125, 0.5625, 0.46875, 0.875, 0.515625, 0.03125, 0.171875, 0.0859375]","[0.21875, 0.125, 0.171875, 0.421875, 0.0625, 0.3046875, 0.0078125, 0.15625, 0.1875, 0.265625, 0.125, 0.109375, 0.0625, 0.25, 0.28125, 0.234375, 0.46875, 0.578125, 0.015625, 0.0859375, 0.0859375]",[73],0.7141174345041141,0.7265681210787474
719,6443.90625,"[0.4375, 0.1875, 0.34375, 0.421875, 0.0625, 0.609375, 0.0078125, 0.25, 0.375, 0.46875, 0.125, 0.15625, 0.125, 0.203125, 0.5625, 0.46875, 0.875, 0.515625, 0.03125, 0.171875, 0.0859375]","[0.21875, 0.125, 0.171875, 0.421875, 0.0625, 0.3046875, 0.0078125, 0.15625, 0.1875, 0.265625, 0.125, 0.109375, 0.0625, 0.25, 0.28125, 0.234375, 0.46875, 0.578125, 0.015625, 0.0859375, 0.0859375]",[73],0.7141174345041141,0.7265681210787474
720,6324.53125,"[0.4375, 0.1875, 0.34375, 0.421875, 0.0625, 0.609375, 0.0078125, 0.25, 0.375, 0.46875, 0.125, 0.15625, 0.125, 0.203125, 0.5625, 0.21875, 0.875, 0.515625, 0.03125, 0.171875, 0.0859375]","[0.21875, 0.125, 0.171875, 0.421875, 0.0625, 0.3046875, 0.0078125, 0.15625, 0.1875, 0.265625, 0.125, 0.109375, 0.0625, 0.25, 0.28125, 0.109375, 0.46875, 0.578125, 0.015625, 0.0859375, 0.0859375]",[67],0.7352740206910835,0.7541814752233521
721,6147.5,"[0.4375, 0.1875, 0.34375, 0.421875, 0.0625, 0.609375, 0.0078125, 0.25, 0.375, 0.46875, 0.125, 0.15625, 0.125, 0.203125, 0.5625, 0.21875, 0.875, 0.515625, 0.03125, 0.171875, 0.0859375]","[0.21875, 0.125, 0.171875, 0.421875, 0.0625, 0.3046875, 0.0078125, 0.15625, 0.1875, 0.265625, 0.125, 0.109375, 0.0625, 0.25, 0.28125, 0.109375, 0.46875, 0.578125, 0.015625, 0.0859375, 0.0859375]",[67],0.7352740206910835,0.7541814752233521
722,6167.03125,"[0.4375, 0.1875, 0.34375, 0.421875, 0.0625, 0.609375, 0.0078125, 0.25, 0.375, 0.46875, 0.125, 0.15625, 0.125, 0.203125, 0.5625, 0.21875, 0.875, 0.515625, 0.03125, 0.15625, 0.0859375]","[0.21875, 0.125, 0.171875, 0.421875, 0.0625, 0.3046875, 0.0078125, 0.15625, 0.1875, 0.265625, 0.125, 0.109375, 0.0625, 0.25, 0.28125, 0.109375, 0.46875, 0.578125, 0.015625, 0.078125, 0.0859375]",[67],0.738644325442972,0.7570880848563937
723,6187.5,"[0.4375, 0.1875, 0.34375, 0.421875, 0.0625, 0.609375, 0.0078125, 0.25, 0.375, 0.46875, 0.125, 0.15625, 0.125, 0.203125, 0.5625, 0.21875, 0.875, 0.515625, 0.03125, 0.15625, 0.1171875]","[0.21875, 0.125, 0.171875, 0.421875, 0.0625, 0.3046875, 0.0078125, 0.15625, 0.1875, 0.265625, 0.125, 0.109375, 0.0625, 0.25, 0.28125, 0.109375, 0.46875, 0.578125, 0.015625, 0.078125, 0.1171875]",[73],0.7304728776621348,0.7464954481158829
724,6345.0,"[0.6875, 0.1875, 0.34375, 0.421875, 0.0625, 0.609375, 0.0078125, 0.25, 0.375, 0.46875, 0.125, 0.15625, 0.125, 0.203125, 0.5625, 0.21875, 0.875, 0.515625, 0.03125, 0.15625, 0.1171875]","[0.34375, 0.125, 0.171875, 0.421875, 0.0625, 0.3046875, 0.0078125, 0.15625, 0.1875, 0.265625, 0.125, 0.109375, 0.0625, 0.25, 0.28125, 0.109375, 0.46875, 0.578125, 0.015625, 0.078125, 0.1171875]",[75],0.7467821904530201,0.7408672918881882
725,6384.375,"[0.6875, 0.1875, 0.34375, 0.421875, 0.0625, 0.609375, 0.0078125, 0.25, 0.375, 0.53125, 0.125, 0.15625, 0.125, 0.203125, 0.5625, 0.21875, 0.875, 0.515625, 0.03125, 0.15625, 0.1171875]","[0.34375, 0.125, 0.171875, 0.421875, 0.0625, 0.3046875, 0.0078125, 0.15625, 0.1875, 0.328125, 0.125, 0.109375, 0.0625, 0.25, 0.28125, 0.109375, 0.46875, 0.578125, 0.015625, 0.078125, 0.1171875]",[77],0.7474161841845227,0.73911391085773
726,6404.0625,"[0.6875, 0.1875, 0.34375, 0.359375, 0.0625, 0.609375, 0.0078125, 0.25, 0.375, 0.53125, 0.125, 0.15625, 0.125, 0.203125, 0.5625, 0.21875, 0.875, 0.515625, 0.03125, 0.15625, 0.1171875]","[0.34375, 0.125, 0.171875, 0.359375, 0.0625, 0.3046875, 0.0078125, 0.15625, 0.1875, 0.328125, 0.125, 0.109375, 0.0625, 0.25, 0.28125, 0.109375, 0.46875, 0.578125, 0.015625, 0.078125, 0.1171875]",[40],0.7513182602223183,0.7315801719142593
727,6344.375,"[0.5625, 0.1875, 0.34375, 0.359375, 0.0625, 0.609375, 0.0078125, 0.25, 0.375, 0.53125, 0.125, 0.15625, 0.125, 0.203125, 0.5625, 0.21875, 0.84375, 0.515625, 0.03125, 0.15625, 0.1171875]","[0.28125, 0.125, 0.171875, 0.359375, 0.0625, 0.3046875, 0.0078125, 0.15625, 0.1875, 0.328125, 0.125, 0.109375, 0.0625, 0.25, 0.28125, 0.109375, 0.453125, 0.578125, 0.015625, 0.078125, 0.1171875]",[40],0.7300224196151917,0.7270501717248397
728,6285.3125,"[0.5625, 0.1875, 0.34375, 0.359375, 0.0625, 0.609375, 0.0078125, 0.25, 0.375, 0.53125, 0.125, 0.15625, 0.125, 0.203125, 0.5625, 0.21875, 0.84375, 0.515625, 0.03125, 0.15625, 0.1171875]","[0.28125, 0.125, 0.171875, 0.359375, 0.0625, 0.3046875, 0.0078125, 0.15625, 0.1875, 0.328125, 0.125, 0.109375, 0.0625, 0.25, 0.28125, 0.109375, 0.453125, 0.578125, 0.015625, 0.078125, 0.1171875]",[40],0.7300224196151917,0.7270501717248397
729,6206.5625,"[0.5625, 0.1875, 0.34375, 0.359375, 0.0625, 0.609375, 0.0078125, 0.25, 0.375, 0.53125, 0.125, 0.15625, 0.125, 0.203125, 0.5625, 0.21875, 0.84375, 0.515625, 0.03125, 0.15625, 0.1171875]","[0.28125, 0.125, 0.171875, 0.359375, 0.0625, 0.3046875, 0.0078125, 0.15625, 0.1875, 0.328125, 0.125, 0.109375, 0.0625, 0.25, 0.28125, 0.109375, 0.453125, 0.578125, 0.015625, 0.078125, 0.1171875]","[40, 48]",0.7300224196151917,0.7270501717248397
730,6405.3125,"[0.5625, 0.1875, 0.34375, 0.359375, 0.0625, 0.609375, 0.0078125, 0.25, 0.375, 0.53125, 0.125, 0.15625, 0.125, 0.203125, 0.625, 0.21875, 0.84375, 0.515625, 0.03125, 0.15625, 0.1171875]","[0.28125, 0.125, 0.171875, 0.359375, 0.0625, 0.3046875, 0.0078125, 0.15625, 0.1875, 0.328125, 0.125, 0.109375, 0.0625, 0.25, 0.34375, 0.109375, 0.453125, 0.578125, 0.015625, 0.078125, 0.1171875]",[40],0.7356256872183158,0.7277694141586155
731,6265.859375,"[0.5625, 0.1875, 0.34375, 0.359375, 0.0625, 0.609375, 0.0078125, 0.25, 0.375, 0.53125, 0.125, 0.15625, 0.125, 0.203125, 0.625, 0.21875, 0.84375, 0.515625, 0.03125, 0.15625, 0.1171875]","[0.28125, 0.125, 0.171875, 0.359375, 0.0625, 0.3046875, 0.0078125, 0.15625, 0.1875, 0.328125, 0.125, 0.109375, 0.0625, 0.25, 0.34375, 0.109375, 0.453125, 0.578125, 0.015625, 0.078125, 0.1171875]",[40],0.7356256872183158,0.7277694141586155
732,6285.3125,"[0.5625, 0.1875, 0.34375, 0.359375, 0.0625, 0.609375, 0.0078125, 0.25, 0.375, 0.53125, 0.125, 0.15625, 0.125, 0.203125, 0.625, 0.21875, 0.84375, 0.515625, 0.03125, 0.15625, 0.1171875]","[0.28125, 0.125, 0.171875, 0.359375, 0.0625, 0.3046875, 0.0078125, 0.15625, 0.1875, 0.328125, 0.125, 0.109375, 0.0625, 0.25, 0.34375, 0.109375, 0.453125, 0.578125, 0.015625, 0.078125, 0.1171875]",[40],0.7356256872183158,0.7277694141586155
733,6324.6875,"[0.5625, 0.1875, 0.34375, 0.359375, 0.0625, 0.609375, 0.0078125, 0.25, 0.375, 0.53125, 0.125, 0.15625, 0.125, 0.203125, 0.625, 0.34375, 0.84375, 0.515625, 0.03125, 0.15625, 0.1171875]","[0.28125, 0.125, 0.171875, 0.359375, 0.0625, 0.3046875, 0.0078125, 0.15625, 0.1875, 0.328125, 0.125, 0.109375, 0.0625, 0.25, 0.34375, 0.171875, 0.453125, 0.578125, 0.015625, 0.078125, 0.1171875]",[58],0.719258681548763,0.7109567526339273
734,6482.1875,"[0.8125, 0.1875, 0.34375, 0.359375, 0.0625, 0.609375, 0.0078125, 0.1875, 0.375, 0.53125, 0.125, 0.15625, 0.125, 0.203125, 0.625, 0.34375, 0.84375, 0.453125, 0.03125, 0.15625, 0.1171875]","[0.40625, 0.125, 0.171875, 0.359375, 0.0625, 0.3046875, 0.0078125, 0.125, 0.1875, 0.328125, 0.125, 0.109375, 0.0625, 0.25, 0.34375, 0.171875, 0.453125, 0.515625, 0.015625, 0.078125, 0.1171875]",[6],0.7629884395306195,0.7026008795691487
735,6403.125,"[0.8125, 0.1875, 0.34375, 0.359375, 0.0625, 0.609375, 0.0078125, 0.1875, 0.375, 0.53125, 0.125, 0.15625, 0.125, 0.203125, 0.625, 0.34375, 0.84375, 0.453125, 0.03125, 0.15625, 0.1171875]","[0.40625, 0.125, 0.171875, 0.359375, 0.0625, 0.3046875, 0.0078125, 0.125, 0.1875, 0.328125, 0.125, 0.109375, 0.0625, 0.25, 0.34375, 0.171875, 0.453125, 0.515625, 0.015625, 0.078125, 0.1171875]",[6],0.7629884395306195,0.7026008795691487
736,6383.28125,"[0.8125, 0.1875, 0.34375, 0.359375, 0.0625, 0.609375, 0.0078125, 0.1875, 0.375, 0.28125, 0.125, 0.15625, 0.125, 0.203125, 0.625, 0.34375, 0.84375, 0.453125, 0.03125, 0.15625, 0.1171875]","[0.40625, 0.125, 0.171875, 0.359375, 0.0625, 0.3046875, 0.0078125, 0.125, 0.1875, 0.203125, 0.125, 0.109375, 0.0625, 0.25, 0.34375, 0.171875, 0.453125, 0.515625, 0.015625, 0.078125, 0.1171875]",[6],0.7772436387668729,0.7104569821733225
737,6245.3125,"[0.8125, 0.1875, 0.34375, 0.359375, 0.0625, 0.609375, 0.0078125, 0.1875, 0.375, 0.28125, 0.125, 0.15625, 0.0, 0.203125, 0.625, 0.34375, 0.84375, 0.453125, 0.03125, 0.15625, 0.1171875]","[0.40625, 0.125, 0.171875, 0.359375, 0.0625, 0.3046875, 0.0078125, 0.125, 0.1875, 0.203125, 0.125, 0.109375, 0.0, 0.25, 0.34375, 0.171875, 0.453125, 0.515625, 0.015625, 0.078125, 0.1171875]",[6],0.8125708610165417,0.7387846744205511
738,6126.875,"[0.8125, 0.1875, 0.34375, 0.359375, 0.0625, 0.609375, 0.0078125, 0.1875, 0.375, 0.28125, 0.125, 0.15625, 0.0, 0.203125, 0.625, 0.34375, 0.84375, 0.453125, 0.03125, 0.15625, 0.1171875]","[0.40625, 0.125, 0.171875, 0.359375, 0.0625, 0.3046875, 0.0078125, 0.125, 0.1875, 0.203125, 0.125, 0.109375, 0.0, 0.25, 0.34375, 0.171875, 0.453125, 0.515625, 0.015625, 0.078125, 0.1171875]",[6],0.8125708610165417,0.7387846744205511
739,6204.6875,"[0.8125, 0.1875, 0.34375, 0.359375, 0.0625, 0.609375, 0.0078125, 0.1875, 0.375, 0.28125, 0.125, 0.15625, 0.0, 0.203125, 0.625, 0.59375, 0.84375, 0.453125, 0.03125, 0.15625, 0.1171875]","[0.40625, 0.125, 0.171875, 0.359375, 0.0625, 0.3046875, 0.0078125, 0.125, 0.1875, 0.203125, 0.125, 0.109375, 0.0, 0.25, 0.34375, 0.296875, 0.453125, 0.515625, 0.015625, 0.078125, 0.1171875]",[12],0.8068356941573425,0.724047949990908
740,6244.0625,"[0.8125, 0.1875, 0.34375, 0.359375, 0.0625, 0.609375, 0.0078125, 0.1875, 0.375, 0.28125, 0.125, 0.15625, 0.0, 0.203125, 0.625, 0.59375, 0.84375, 0.453125, 0.03125, 0.15625, 0.1171875]","[0.40625, 0.125, 0.171875, 0.359375, 0.0625, 0.3046875, 0.0078125, 0.125, 0.1875, 0.203125, 0.125, 0.109375, 0.0, 0.25, 0.34375, 0.296875, 0.453125, 0.515625, 0.015625, 0.078125, 0.1171875]",[12],0.8068356941573425,0.724047949990908
741,6224.53125,"[0.8125, 0.1875, 0.34375, 0.359375, 0.0625, 0.609375, 0.0078125, 0.1875, 0.375, 0.28125, 0.125, 0.15625, 0.0, 0.203125, 0.625, 0.59375, 0.84375, 0.453125, 0.03125, 0.171875, 0.1171875]","[0.40625, 0.125, 0.171875, 0.359375, 0.0625, 0.3046875, 0.0078125, 0.125, 0.1875, 0.203125, 0.125, 0.109375, 0.0, 0.25, 0.34375, 0.296875, 0.453125, 0.515625, 0.015625, 0.0859375, 0.1171875]",[14],0.8035076836708981,0.7212118413798544
742,6264.21875,"[0.8125, 0.1875, 0.34375, 0.359375, 0.0625, 0.609375, 0.0078125, 0.1875, 0.375, 0.28125, 0.125, 0.15625, 0.0, 0.203125, 0.625, 0.59375, 0.84375, 0.453125, 0.03125, 0.171875, 0.1171875]","[0.40625, 0.125, 0.171875, 0.359375, 0.0625, 0.3046875, 0.0078125, 0.125, 0.1875, 0.203125, 0.125, 0.109375, 0.0, 0.25, 0.34375, 0.296875, 0.453125, 0.515625, 0.015625, 0.0859375, 0.1171875]",[14],0.8035076836708981,0.7212118413798544
743,6304.21875,"[0.8125, 0.1875, 0.34375, 0.359375, 0.0625, 0.609375, 0.0078125, 0.1875, 0.375, 0.28125, 0.125, 0.15625, 0.0, 0.203125, 0.625, 0.59375, 0.84375, 0.453125, 0.03125, 0.171875, 0.1171875]","[0.40625, 0.125, 0.171875, 0.359375, 0.0625, 0.3046875, 0.0078125, 0.125, 0.1875, 0.203125, 0.125, 0.109375, 0.0, 0.25, 0.34375, 0.296875, 0.453125, 0.515625, 0.015625, 0.0859375, 0.1171875]",[14],0.8035076836708981,0.7212118413798544
744,6383.90625,"[0.8125, 0.1875, 0.34375, 0.359375, 0.0625, 0.609375, 0.0078125, 0.1875, 0.375, 0.28125, 0.125, 0.15625, 0.0, 0.203125, 0.625, 0.59375, 0.84375, 0.453125, 0.03125, 0.171875, 0.1796875]","[0.40625, 0.125, 0.171875, 0.359375, 0.0625, 0.3046875, 0.0078125, 0.125, 0.1875, 0.203125, 0.125, 0.109375, 0.0, 0.25, 0.34375, 0.296875, 0.453125, 0.515625, 0.015625, 0.0859375, 0.1796875]",[71],0.7896635779259642,0.7052381451700265
745,6423.59375,"[0.8125, 0.1875, 0.34375, 0.359375, 0.0625, 0.609375, 0.0078125, 0.1875, 0.375, 0.28125, 0.15625, 0.15625, 0.0, 0.203125, 0.625, 0.59375, 0.84375, 0.453125, 0.03125, 0.171875, 0.1796875]","[0.40625, 0.125, 0.171875, 0.359375, 0.0625, 0.3046875, 0.0078125, 0.125, 0.1875, 0.203125, 0.1875, 0.109375, 0.0, 0.25, 0.34375, 0.296875, 0.453125, 0.515625, 0.015625, 0.0859375, 0.1796875]",[77],0.7826297608451609,0.6901529470233951
746,6443.4375,"[0.8125, 0.1875, 0.34375, 0.359375, 0.0625, 0.609375, 0.0078125, 0.1875, 0.375, 0.28125, 0.15625, 0.15625, 0.0, 0.203125, 0.625, 0.46875, 0.84375, 0.453125, 0.03125, 0.171875, 0.1796875]","[0.40625, 0.125, 0.171875, 0.359375, 0.0625, 0.3046875, 0.0078125, 0.125, 0.1875, 0.203125, 0.1875, 0.109375, 0.0, 0.25, 0.34375, 0.234375, 0.453125, 0.515625, 0.015625, 0.0859375, 0.1796875]",[40],0.7805617256123859,0.694286808326719
747,6384.6875,"[0.8125, 0.1875, 0.34375, 0.359375, 0.0625, 0.609375, 0.0078125, 0.1875, 0.375, 0.28125, 0.15625, 0.15625, 0.0, 0.203125, 0.625, 0.46875, 0.84375, 0.453125, 0.03125, 0.171875, 0.1328125]","[0.40625, 0.125, 0.171875, 0.359375, 0.0625, 0.3046875, 0.0078125, 0.125, 0.1875, 0.203125, 0.1875, 0.109375, 0.0, 0.25, 0.34375, 0.234375, 0.453125, 0.515625, 0.015625, 0.0859375, 0.1328125]",[14],0.7907797184975127,0.7056076431643582
748,6304.6875,"[0.8125, 0.1875, 0.34375, 0.359375, 0.0625, 0.671875, 0.0078125, 0.1875, 0.25, 0.28125, 0.15625, 0.15625, 0.0, 0.203125, 0.625, 0.46875, 0.84375, 0.453125, 0.03125, 0.171875, 0.1328125]","[0.40625, 0.125, 0.171875, 0.359375, 0.0625, 0.3359375, 0.0078125, 0.125, 0.125, 0.203125, 0.1875, 0.109375, 0.0, 0.25, 0.34375, 0.234375, 0.453125, 0.515625, 0.015625, 0.0859375, 0.1328125]",[7],0.8112955539796813,0.7214974006432373
749,6225.9375,"[0.8125, 0.1875, 0.34375, 0.359375, 0.0625, 0.671875, 0.0078125, 0.1875, 0.25, 0.28125, 0.15625, 0.15625, 0.0, 0.203125, 0.625, 0.46875, 0.84375, 0.453125, 0.03125, 0.171875, 0.1328125]","[0.40625, 0.125, 0.171875, 0.359375, 0.0625, 0.3359375, 0.0078125, 0.125, 0.125, 0.203125, 0.1875, 0.109375, 0.0, 0.25, 0.34375, 0.234375, 0.453125, 0.515625, 0.015625, 0.0859375, 0.1328125]","[7, 77, 79]",0.8112955539796813,0.7214974006432373
750,6583.125,"[0.8125, 0.1875, 0.34375, 0.484375, 0.0625, 0.671875, 0.0078125, 0.1875, 0.25, 0.28125, 0.1875, 0.15625, 0.0, 0.203125, 0.625, 0.46875, 0.84375, 0.578125, 0.03125, 0.171875, 0.1328125]","[0.40625, 0.125, 0.171875, 0.484375, 0.0625, 0.3359375, 0.0078125, 0.125, 0.125, 0.203125, 0.25, 0.109375, 0.0, 0.25, 0.34375, 0.234375, 0.453125, 0.640625, 0.015625, 0.0859375, 0.1328125]",[80],0.7979698862634806,0.7740710932605965
751,6603.046875,"[0.8125, 0.1875, 0.34375, 0.484375, 0.0625, 0.671875, 0.0078125, 0.1875, 0.25, 0.28125, 0.1875, 0.15625, 0.0, 0.203125, 0.625, 0.46875, 0.84375, 0.578125, 0.03125, 0.171875, 0.140625]","[0.40625, 0.125, 0.171875, 0.484375, 0.0625, 0.3359375, 0.0078125, 0.125, 0.125, 0.203125, 0.25, 0.109375, 0.0, 0.25, 0.34375, 0.234375, 0.453125, 0.640625, 0.015625, 0.0859375, 0.140625]",[81],0.796202979359481,0.7719268990063753
752,6642.734375,"[0.8125, 0.1875, 0.34375, 0.515625, 0.0625, 0.671875, 0.0078125, 0.1875, 0.25, 0.28125, 0.1875, 0.15625, 0.0, 0.203125, 0.625, 0.46875, 0.84375, 0.578125, 0.03125, 0.171875, 0.140625]","[0.40625, 0.125, 0.171875, 0.515625, 0.0625, 0.3359375, 0.0078125, 0.125, 0.125, 0.203125, 0.25, 0.109375, 0.0, 0.25, 0.34375, 0.234375, 0.453125, 0.640625, 0.015625, 0.0859375, 0.140625]",[82],0.7957992882511894,0.7779856789455852
753,6722.109375,"[0.8125, 0.1875, 0.34375, 0.515625, 0.0625, 0.671875, 0.0078125, 0.1875, 0.25, 0.28125, 0.1875, 0.15625, 0.0625, 0.203125, 0.625, 0.46875, 0.84375, 0.578125, 0.03125, 0.171875, 0.140625]","[0.40625, 0.125, 0.171875, 0.515625, 0.0625, 0.3359375, 0.0078125, 0.125, 0.125, 0.203125, 0.25, 0.109375, 0.03125, 0.25, 0.34375, 0.234375, 0.453125, 0.640625, 0.015625, 0.0859375, 0.140625]",[83],0.777909043237523,0.764613699577022
754,6879.609375,"[0.8125, 0.1875, 0.59375, 0.515625, 0.0625, 0.671875, 0.0078125, 0.1875, 0.25, 0.28125, 0.1875, 0.15625, 0.0625, 0.203125, 0.625, 0.46875, 0.84375, 0.578125, 0.03125, 0.171875, 0.140625]","[0.40625, 0.125, 0.296875, 0.515625, 0.0625, 0.3359375, 0.0078125, 0.125, 0.125, 0.203125, 0.25, 0.109375, 0.03125, 0.25, 0.34375, 0.234375, 0.453125, 0.640625, 0.015625, 0.0859375, 0.140625]",[86],0.7697305399346103,0.7462038006546415
755,6919.453125,"[0.8125, 0.1875, 0.59375, 0.515625, 0.0625, 0.671875, 0.0078125, 0.1875, 0.25, 0.28125, 0.1875, 0.15625, 0.0625, 0.21875, 0.625, 0.46875, 0.84375, 0.578125, 0.03125, 0.171875, 0.140625]","[0.40625, 0.125, 0.296875, 0.515625, 0.0625, 0.3359375, 0.0078125, 0.125, 0.125, 0.203125, 0.25, 0.109375, 0.03125, 0.28125, 0.34375, 0.234375, 0.453125, 0.640625, 0.015625, 0.0859375, 0.140625]",[87],0.7669551125960248,0.7428121144140479
756,6939.296875,"[0.8125, 0.1875, 0.59375, 0.515625, 0.0625, 0.671875, 0.0078125, 0.1875, 0.25, 0.28125, 0.1875, 0.15625, 0.0625, 0.21875, 0.625, 0.46875, 0.8125, 0.578125, 0.03125, 0.171875, 0.140625]","[0.40625, 0.125, 0.296875, 0.515625, 0.0625, 0.3359375, 0.0078125, 0.125, 0.125, 0.203125, 0.25, 0.109375, 0.03125, 0.28125, 0.34375, 0.234375, 0.4375, 0.640625, 0.015625, 0.0859375, 0.140625]",[57],0.7618075085549629,0.7410262655825899
757,6939.140625,"[0.8125, 0.1875, 0.59375, 0.515625, 0.0625, 0.671875, 0.0078125, 0.1875, 0.25, 0.28125, 0.1875, 0.15625, 0.0625, 0.21875, 0.625, 0.46875, 0.5625, 0.578125, 0.03125, 0.171875, 0.140625]","[0.40625, 0.125, 0.296875, 0.515625, 0.0625, 0.3359375, 0.0078125, 0.125, 0.125, 0.203125, 0.25, 0.109375, 0.03125, 0.28125, 0.34375, 0.234375, 0.3125, 0.640625, 0.015625, 0.0859375, 0.140625]",[57],0.736084113238014,0.7365065634083976
758,6821.640625,"[0.8125, 0.1875, 0.59375, 0.515625, 0.0625, 0.671875, 0.0078125, 0.1875, 0.25, 0.28125, 0.1875, 0.15625, 0.0625, 0.21875, 0.625, 0.46875, 0.5625, 0.578125, 0.03125, 0.234375, 0.140625]","[0.40625, 0.125, 0.296875, 0.515625, 0.0625, 0.3359375, 0.0078125, 0.125, 0.125, 0.203125, 0.25, 0.109375, 0.03125, 0.28125, 0.34375, 0.234375, 0.3125, 0.640625, 0.015625, 0.1171875, 0.140625]",[65],0.7246831820083273,0.7266343052788661
759,6979.140625,"[0.8125, 0.1875, 0.59375, 0.515625, 0.0625, 0.671875, 0.0078125, 0.1875, 0.25, 0.28125, 0.1875, 0.15625, 0.0625, 0.21875, 0.875, 0.46875, 0.5625, 0.578125, 0.03125, 0.234375, 0.140625]","[0.40625, 0.125, 0.296875, 0.515625, 0.0625, 0.3359375, 0.0078125, 0.125, 0.125, 0.203125, 0.25, 0.109375, 0.03125, 0.28125, 0.46875, 0.234375, 0.3125, 0.640625, 0.015625, 0.1171875, 0.140625]",[87],0.7591341521063703,0.7361491197253026
760,7018.828125,"[0.8125, 0.1875, 0.59375, 0.515625, 0.0625, 0.671875, 0.0078125, 0.1875, 0.25, 0.28125, 0.1875, 0.15625, 0.0625, 0.21875, 0.875, 0.46875, 0.5625, 0.578125, 0.03125, 0.234375, 0.140625]","[0.40625, 0.125, 0.296875, 0.515625, 0.0625, 0.3359375, 0.0078125, 0.125, 0.125, 0.203125, 0.25, 0.109375, 0.03125, 0.28125, 0.46875, 0.234375, 0.3125, 0.640625, 0.015625, 0.1171875, 0.140625]",[87],0.7591341521063703,0.7361491197253026
761,6998.828125,"[0.8125, 0.1875, 0.59375, 0.515625, 0.0625, 0.671875, 0.0078125, 0.1875, 0.25, 0.28125, 0.1875, 0.15625, 0.0625, 0.21875, 0.875, 0.46875, 0.5625, 0.578125, 0.03125, 0.234375, 0.125]","[0.40625, 0.125, 0.296875, 0.515625, 0.0625, 0.3359375, 0.0078125, 0.125, 0.125, 0.203125, 0.25, 0.109375, 0.03125, 0.28125, 0.46875, 0.234375, 0.3125, 0.640625, 0.015625, 0.1171875, 0.125]",[56],0.7625718502182042,0.7404006833255136
762,6978.984375,"[0.8125, 0.1875, 0.59375, 0.515625, 0.0625, 0.703125, 0.0078125, 0.1875, 0.25, 0.28125, 0.1875, 0.15625, 0.0625, 0.21875, 0.875, 0.46875, 0.5625, 0.578125, 0.03125, 0.234375, 0.125]","[0.40625, 0.125, 0.296875, 0.515625, 0.0625, 0.3515625, 0.0078125, 0.125, 0.125, 0.203125, 0.25, 0.109375, 0.03125, 0.28125, 0.46875, 0.234375, 0.3125, 0.640625, 0.015625, 0.1171875, 0.125]",[87],0.765192745739547,0.7402107518594635
763,7057.734375,"[0.8125, 0.1875, 0.59375, 0.515625, 0.0625, 0.703125, 0.0, 0.1875, 0.25, 0.28125, 0.1875, 0.15625, 0.0625, 0.21875, 0.875, 0.46875, 0.5625, 0.578125, 0.03125, 0.234375, 0.125]","[0.40625, 0.125, 0.296875, 0.515625, 0.0625, 0.3515625, 0.0, 0.125, 0.125, 0.203125, 0.25, 0.109375, 0.03125, 0.28125, 0.46875, 0.234375, 0.3125, 0.640625, 0.015625, 0.1171875, 0.125]",[85],0.767456008378165,0.7435740837756457
764,7117.8125,"[0.8125, 0.1875, 0.59375, 0.515625, 0.0625, 0.703125, 0.0, 0.1875, 0.25, 0.28125, 0.1875, 0.15625, 0.0625, 0.21875, 0.875, 0.46875, 0.5625, 0.578125, 0.03125, 0.234375, 0.125]","[0.40625, 0.125, 0.296875, 0.515625, 0.0625, 0.3515625, 0.0, 0.125, 0.125, 0.203125, 0.25, 0.109375, 0.03125, 0.28125, 0.46875, 0.234375, 0.3125, 0.640625, 0.015625, 0.1171875, 0.125]",[85],0.767456008378165,0.7435740837756457
765,6998.4375,"[0.8125, 0.1875, 0.59375, 0.515625, 0.0625, 0.703125, 0.0, 0.1875, 0.25, 0.28125, 0.1875, 0.15625, 0.0625, 0.21875, 0.875, 0.46875, 0.5625, 0.578125, 0.03125, 0.234375, 0.125]","[0.40625, 0.125, 0.296875, 0.515625, 0.0625, 0.3515625, 0.0, 0.125, 0.125, 0.203125, 0.25, 0.109375, 0.03125, 0.28125, 0.46875, 0.234375, 0.3125, 0.640625, 0.015625, 0.1171875, 0.125]",[85],0.767456008378165,0.7435740837756457
766,6978.90625,"[0.8125, 0.1875, 0.59375, 0.390625, 0.0625, 0.703125, 0.0, 0.1875, 0.25, 0.28125, 0.1875, 0.15625, 0.0625, 0.21875, 0.875, 0.46875, 0.5, 0.578125, 0.03125, 0.234375, 0.125]","[0.40625, 0.125, 0.296875, 0.390625, 0.0625, 0.3515625, 0.0, 0.125, 0.125, 0.203125, 0.25, 0.109375, 0.03125, 0.28125, 0.46875, 0.234375, 0.28125, 0.640625, 0.015625, 0.1171875, 0.125]",[7],0.772868693295192,0.7284759033682947
767,6800.625,"[0.8125, 0.1875, 0.59375, 0.390625, 0.0625, 0.703125, 0.0, 0.1875, 0.25, 0.28125, 0.1875, 0.15625, 0.0625, 0.21875, 0.875, 0.46875, 0.5, 0.453125, 0.03125, 0.234375, 0.125]","[0.40625, 0.125, 0.296875, 0.390625, 0.0625, 0.3515625, 0.0, 0.125, 0.125, 0.203125, 0.25, 0.109375, 0.03125, 0.28125, 0.46875, 0.234375, 0.28125, 0.515625, 0.015625, 0.1171875, 0.125]",[7],0.7732328909276355,0.6839185909688432
768,6680.9375,"[0.8125, 0.1875, 0.59375, 0.390625, 0.0625, 0.703125, 0.0, 0.3125, 0.25, 0.15625, 0.1875, 0.15625, 0.0625, 0.21875, 0.875, 0.46875, 0.5, 0.453125, 0.03125, 0.234375, 0.125]","[0.40625, 0.125, 0.296875, 0.390625, 0.0625, 0.3515625, 0.0, 0.1875, 0.125, 0.140625, 0.25, 0.109375, 0.03125, 0.28125, 0.46875, 0.234375, 0.28125, 0.515625, 0.015625, 0.1171875, 0.125]",[50],0.7755364696884715,0.682446458635129
769,6759.6875,"[0.8125, 0.1875, 0.59375, 0.390625, 0.0625, 0.703125, 0.0, 0.3125, 0.25, 0.15625, 0.1875, 0.15625, 0.0625, 0.21875, 0.875, 0.46875, 0.5, 0.453125, 0.03125, 0.234375, 0.125]","[0.40625, 0.125, 0.296875, 0.390625, 0.0625, 0.3515625, 0.0, 0.1875, 0.125, 0.140625, 0.25, 0.109375, 0.03125, 0.28125, 0.46875, 0.234375, 0.28125, 0.515625, 0.015625, 0.1171875, 0.125]",[50],0.7755364696884715,0.682446458635129
770,6641.5625,"[0.8125, 0.1875, 0.59375, 0.390625, 0.0625, 0.703125, 0.0, 0.3125, 0.25, 0.15625, 0.1875, 0.15625, 0.0625, 0.21875, 0.875, 0.46875, 0.5, 0.453125, 0.03125, 0.234375, 0.125]","[0.40625, 0.125, 0.296875, 0.390625, 0.0625, 0.3515625, 0.0, 0.1875, 0.125, 0.140625, 0.25, 0.109375, 0.03125, 0.28125, 0.46875, 0.234375, 0.28125, 0.515625, 0.015625, 0.1171875, 0.125]",[50],0.7755364696884715,0.682446458635129
771,6621.875,"[0.8125, 0.1875, 0.59375, 0.390625, 0.0625, 0.703125, 0.0, 0.3125, 0.25, 0.15625, 0.1875, 0.15625, 0.0625, 0.21875, 0.875, 0.46875, 0.5, 0.453125, 0.03125, 0.234375, 0.09375]","[0.40625, 0.125, 0.296875, 0.390625, 0.0625, 0.3515625, 0.0, 0.1875, 0.125, 0.140625, 0.25, 0.109375, 0.03125, 0.28125, 0.46875, 0.234375, 0.28125, 0.515625, 0.015625, 0.1171875, 0.09375]",[45],0.7830509078468879,0.6921662203943878
772,6562.34375,"[0.8125, 0.1875, 0.59375, 0.390625, 0.0625, 0.703125, 0.0, 0.3125, 0.25, 0.15625, 0.1875, 0.15625, 0.0625, 0.21875, 0.875, 0.46875, 0.5, 0.453125, 0.03125, 0.234375, 0.09375]","[0.40625, 0.125, 0.296875, 0.390625, 0.0625, 0.3515625, 0.0, 0.1875, 0.125, 0.140625, 0.25, 0.109375, 0.03125, 0.28125, 0.46875, 0.234375, 0.28125, 0.515625, 0.015625, 0.1171875, 0.09375]",[45],0.7830509078468879,0.6921662203943878
773,6601.25,"[0.8125, 0.1875, 0.59375, 0.390625, 0.0625, 0.703125, 0.0, 0.3125, 0.25, 0.15625, 0.1875, 0.15625, 0.0625, 0.21875, 0.875, 0.46875, 0.5, 0.453125, 0.03125, 0.234375, 0.09375]","[0.40625, 0.125, 0.296875, 0.390625, 0.0625, 0.3515625, 0.0, 0.1875, 0.125, 0.140625, 0.25, 0.109375, 0.03125, 0.28125, 0.46875, 0.234375, 0.28125, 0.515625, 0.015625, 0.1171875, 0.09375]",[45],0.7830509078468879,0.6921662203943878
774,6680.0,"[0.8125, 0.1875, 0.59375, 0.390625, 0.0625, 0.578125, 0.0, 0.3125, 0.25, 0.15625, 0.1875, 0.15625, 0.0625, 0.21875, 0.875, 0.46875, 0.5, 0.453125, 0.03125, 0.234375, 0.09375]","[0.40625, 0.125, 0.296875, 0.390625, 0.0625, 0.2890625, 0.0, 0.1875, 0.125, 0.140625, 0.25, 0.109375, 0.03125, 0.28125, 0.46875, 0.234375, 0.28125, 0.515625, 0.015625, 0.1171875, 0.09375]",[45],0.7732972313706856,0.6915195249092173
775,6403.4375,"[0.8125, 0.1875, 0.59375, 0.390625, 0.0625, 0.578125, 0.0, 0.3125, 0.25, 0.15625, 0.1875, 0.15625, 0.0625, 0.21875, 0.875, 0.46875, 0.5, 0.453125, 0.03125, 0.234375, 0.09375]","[0.40625, 0.125, 0.296875, 0.390625, 0.0625, 0.2890625, 0.0, 0.1875, 0.125, 0.140625, 0.25, 0.109375, 0.03125, 0.28125, 0.46875, 0.234375, 0.28125, 0.515625, 0.015625, 0.1171875, 0.09375]",[45],0.7732972313706856,0.6915195249092173
776,6383.59375,"[0.8125, 0.1875, 0.59375, 0.390625, 0.0625, 0.578125, 0.0, 0.3125, 0.25, 0.15625, 0.1875, 0.15625, 0.0625, 0.21875, 0.875, 0.46875, 0.5, 0.453125, 0.03125, 0.234375, 0.09375]","[0.40625, 0.125, 0.296875, 0.390625, 0.0625, 0.2890625, 0.0, 0.1875, 0.125, 0.140625, 0.25, 0.109375, 0.03125, 0.28125, 0.46875, 0.234375, 0.28125, 0.515625, 0.015625, 0.1171875, 0.09375]",[45],0.7732972313706856,0.6915195249092173
777,6403.4375,"[0.5625, 0.1875, 0.59375, 0.390625, 0.0625, 0.578125, 0.0, 0.3125, 0.25, 0.15625, 0.1875, 0.15625, 0.0625, 0.21875, 0.875, 0.46875, 0.5, 0.453125, 0.03125, 0.234375, 0.09375]","[0.28125, 0.125, 0.296875, 0.390625, 0.0625, 0.2890625, 0.0, 0.1875, 0.125, 0.140625, 0.25, 0.109375, 0.03125, 0.28125, 0.46875, 0.234375, 0.28125, 0.515625, 0.015625, 0.1171875, 0.09375]",[45],0.7403746051425745,0.6838926018821163
778,6285.625,"[0.5625, 0.1875, 0.59375, 0.390625, 0.0625, 0.578125, 0.0, 0.3125, 0.25, 0.09375, 0.1875, 0.15625, 0.0625, 0.21875, 0.875, 0.46875, 0.5, 0.453125, 0.03125, 0.234375, 0.09375]","[0.28125, 0.125, 0.296875, 0.390625, 0.0625, 0.2890625, 0.0, 0.1875, 0.125, 0.078125, 0.25, 0.109375, 0.03125, 0.28125, 0.46875, 0.234375, 0.28125, 0.515625, 0.015625, 0.1171875, 0.09375]",[3],0.7554656577004075,0.703806223803455
779,6166.875,"[0.5625, 0.1875, 0.59375, 0.390625, 0.0625, 0.578125, 0.0, 0.3125, 0.25, 0.09375, 0.1875, 0.15625, 0.0625, 0.21875, 0.875, 0.46875, 0.5, 0.390625, 0.03125, 0.234375, 0.09375]","[0.28125, 0.125, 0.296875, 0.390625, 0.0625, 0.2890625, 0.0, 0.1875, 0.125, 0.078125, 0.25, 0.109375, 0.03125, 0.28125, 0.46875, 0.234375, 0.28125, 0.453125, 0.015625, 0.1171875, 0.09375]","[3, 23]",0.7575948785465751,0.683687322542755
780,6284.375,"[0.5625, 0.1875, 0.59375, 0.390625, 0.0625, 0.578125, 0.0, 0.3125, 0.25, 0.09375, 0.1875, 0.15625, 0.0625, 0.21875, 0.875, 0.53125, 0.5, 0.390625, 0.03125, 0.234375, 0.09375]","[0.28125, 0.125, 0.296875, 0.390625, 0.0625, 0.2890625, 0.0, 0.1875, 0.125, 0.078125, 0.25, 0.109375, 0.03125, 0.28125, 0.46875, 0.296875, 0.28125, 0.453125, 0.015625, 0.1171875, 0.09375]",[3],0.7588642264753924,0.6806742928549067
781,6146.5625,"[0.5625, 0.1875, 0.59375, 0.390625, 0.03125, 0.578125, 0.0, 0.3125, 0.25, 0.09375, 0.1875, 0.15625, 0.0625, 0.21875, 0.875, 0.53125, 0.5, 0.390625, 0.03125, 0.234375, 0.09375]","[0.28125, 0.125, 0.296875, 0.390625, 0.03125, 0.2890625, 0.0, 0.1875, 0.125, 0.078125, 0.25, 0.109375, 0.03125, 0.28125, 0.46875, 0.296875, 0.28125, 0.453125, 0.015625, 0.1171875, 0.09375]",[3],0.7681372924980497,0.6940282499908443
782,6126.875,"[0.5625, 0.1875, 0.59375, 0.390625, 0.03125, 0.578125, 0.0, 0.3125, 0.25, 0.09375, 0.1875, 0.15625, 0.0625, 0.21875, 0.875, 0.53125, 0.5, 0.421875, 0.03125, 0.234375, 0.09375]","[0.28125, 0.125, 0.296875, 0.390625, 0.03125, 0.2890625, 0.0, 0.1875, 0.125, 0.078125, 0.25, 0.109375, 0.03125, 0.28125, 0.46875, 0.296875, 0.28125, 0.484375, 0.015625, 0.1171875, 0.09375]",[13],0.7666237597548646,0.7029931901441776
783,6205.625,"[0.5625, 0.1875, 0.59375, 0.390625, 0.03125, 0.578125, 0.0, 0.3125, 0.375, 0.09375, 0.1875, 0.15625, 0.0625, 0.21875, 0.875, 0.53125, 0.5, 0.390625, 0.03125, 0.234375, 0.09375]","[0.28125, 0.125, 0.296875, 0.390625, 0.03125, 0.2890625, 0.0, 0.1875, 0.1875, 0.078125, 0.25, 0.109375, 0.03125, 0.28125, 0.46875, 0.296875, 0.28125, 0.421875, 0.015625, 0.1171875, 0.09375]",[34],0.754033374304967,0.67136872501199
784,6323.4375,"[0.5625, 0.1875, 0.59375, 0.390625, 0.03125, 0.578125, 0.0, 0.3125, 0.375, 0.09375, 0.1875, 0.15625, 0.0625, 0.21875, 0.875, 0.53125, 0.5, 0.390625, 0.03125, 0.234375, 0.09375]","[0.28125, 0.125, 0.296875, 0.390625, 0.03125, 0.2890625, 0.0, 0.1875, 0.1875, 0.078125, 0.25, 0.109375, 0.03125, 0.28125, 0.46875, 0.296875, 0.28125, 0.421875, 0.015625, 0.1171875, 0.09375]",[34],0.754033374304967,0.67136872501199
785,6205.3125,"[0.5625, 0.1875, 0.59375, 0.390625, 0.03125, 0.578125, 0.0, 0.3125, 0.375, 0.09375, 0.1875, 0.15625, 0.0625, 0.15625, 0.875, 0.53125, 0.5, 0.390625, 0.03125, 0.234375, 0.09375]","[0.28125, 0.125, 0.296875, 0.390625, 0.03125, 0.2890625, 0.0, 0.1875, 0.1875, 0.078125, 0.25, 0.109375, 0.03125, 0.21875, 0.46875, 0.296875, 0.28125, 0.421875, 0.015625, 0.1171875, 0.09375]",[26],0.7664176127894093,0.6758872934000341
786,6026.25,"[0.5625, 0.1875, 0.59375, 0.390625, 0.03125, 0.578125, 0.0, 0.3125, 0.375, 0.09375, 0.1875, 0.15625, 0.0625, 0.15625, 0.875, 0.53125, 0.5, 0.390625, 0.03125, 0.234375, 0.09375]","[0.28125, 0.125, 0.296875, 0.390625, 0.03125, 0.2890625, 0.0, 0.1875, 0.1875, 0.078125, 0.25, 0.109375, 0.03125, 0.21875, 0.46875, 0.296875, 0.28125, 0.421875, 0.015625, 0.1171875, 0.09375]",[26],0.7664176127894093,0.6758872934000341
787,6046.25,"[0.5625, 0.1875, 0.59375, 0.390625, 0.03125, 0.578125, 0.0, 0.3125, 0.375, 0.09375, 0.1875, 0.15625, 0.0625, 0.15625, 0.875, 0.53125, 0.5, 0.390625, 0.03125, 0.234375, 0.09375]","[0.28125, 0.125, 0.296875, 0.390625, 0.03125, 0.2890625, 0.0, 0.1875, 0.1875, 0.078125, 0.25, 0.109375, 0.03125, 0.21875, 0.46875, 0.296875, 0.28125, 0.421875, 0.015625, 0.1171875, 0.09375]",[26],0.7664176127894093,0.6758872934000341
788,6085.3125,"[0.5625, 0.1875, 0.59375, 0.390625, 0.03125, 0.578125, 0.0, 0.3125, 0.3125, 0.09375, 0.1875, 0.15625, 0.0625, 0.15625, 0.875, 0.53125, 0.5, 0.390625, 0.03125, 0.234375, 0.09375]","[0.28125, 0.125, 0.296875, 0.390625, 0.03125, 0.2890625, 0.0, 0.1875, 0.15625, 0.078125, 0.25, 0.109375, 0.03125, 0.21875, 0.46875, 0.296875, 0.28125, 0.421875, 0.015625, 0.1171875, 0.09375]",[26],0.77218674522152,0.6824505088614207
789,6125.9375,"[0.5625, 0.1875, 0.59375, 0.390625, 0.03125, 0.578125, 0.0, 0.3125, 0.3125, 0.09375, 0.1875, 0.15625, 0.0625, 0.15625, 0.875, 0.53125, 0.5, 0.390625, 0.03125, 0.234375, 0.09375]","[0.28125, 0.125, 0.296875, 0.390625, 0.03125, 0.2890625, 0.0, 0.1875, 0.15625, 0.078125, 0.25, 0.109375, 0.03125, 0.21875, 0.46875, 0.296875, 0.28125, 0.421875, 0.015625, 0.1171875, 0.09375]",[26],0.77218674522152,0.6824505088614207
790,6006.875,"[0.5625, 0.1875, 0.59375, 0.390625, 0.03125, 0.578125, 0.0, 0.25, 0.3125, 0.09375, 0.1875, 0.15625, 0.0625, 0.15625, 0.875, 0.53125, 0.5, 0.390625, 0.03125, 0.265625, 0.09375]","[0.28125, 0.125, 0.296875, 0.390625, 0.03125, 0.2890625, 0.0, 0.15625, 0.15625, 0.078125, 0.25, 0.109375, 0.03125, 0.21875, 0.46875, 0.296875, 0.28125, 0.421875, 0.015625, 0.1484375, 0.09375]",[11],0.7757415806826394,0.6802560613524616
791,5987.34375,"[0.5625, 0.1875, 0.59375, 0.265625, 0.046875, 0.578125, 0.0, 0.25, 0.3125, 0.09375, 0.1875, 0.15625, 0.0625, 0.15625, 0.875, 0.53125, 0.5, 0.390625, 0.03125, 0.265625, 0.09375]","[0.28125, 0.125, 0.296875, 0.265625, 0.0390625, 0.2890625, 0.0, 0.15625, 0.15625, 0.078125, 0.25, 0.109375, 0.03125, 0.21875, 0.46875, 0.296875, 0.28125, 0.421875, 0.015625, 0.1484375, 0.09375]",[24],0.783797622955167,0.6659543119697235
792,5867.96875,"[0.5625, 0.1875, 0.59375, 0.265625, 0.046875, 0.578125, 0.0, 0.25, 0.3125, 0.09375, 0.1875, 0.15625, 0.0625, 0.15625, 0.875, 0.53125, 0.5, 0.390625, 0.03125, 0.265625, 0.09375]","[0.28125, 0.125, 0.296875, 0.265625, 0.0390625, 0.2890625, 0.0, 0.15625, 0.15625, 0.078125, 0.25, 0.109375, 0.03125, 0.21875, 0.46875, 0.296875, 0.28125, 0.421875, 0.015625, 0.1484375, 0.09375]",[24],0.783797622955167,0.6659543119697235
793,5907.96875,"[0.5625, 0.1875, 0.59375, 0.265625, 0.046875, 0.578125, 0.0, 0.25, 0.3125, 0.09375, 0.1875, 0.15625, 0.0625, 0.15625, 0.875, 0.53125, 0.5, 0.390625, 0.03125, 0.265625, 0.09375]","[0.28125, 0.125, 0.296875, 0.265625, 0.0390625, 0.2890625, 0.0, 0.15625, 0.15625, 0.078125, 0.25, 0.109375, 0.03125, 0.21875, 0.46875, 0.296875, 0.28125, 0.421875, 0.015625, 0.1484375, 0.09375]",[24],0.783797622955167,0.6659543119697235
794,5986.09375,"[0.5625, 0.1875, 0.59375, 0.265625, 0.046875, 0.578125, 0.0, 0.25, 0.3125, 0.09375, 0.1875, 0.125, 0.0625, 0.09375, 0.875, 0.53125, 0.5, 0.390625, 0.03125, 0.265625, 0.09375]","[0.28125, 0.125, 0.296875, 0.265625, 0.0390625, 0.2890625, 0.0, 0.15625, 0.15625, 0.078125, 0.25, 0.078125, 0.03125, 0.15625, 0.46875, 0.296875, 0.28125, 0.421875, 0.015625, 0.1484375, 0.09375]",[24],0.8066983164402732,0.6880049057736173
795,5669.21875,"[0.5625, 0.1875, 0.59375, 0.265625, 0.046875, 0.578125, 0.0, 0.25, 0.3125, 0.09375, 0.1875, 0.125, 0.09375, 0.09375, 0.875, 0.53125, 0.5, 0.390625, 0.03125, 0.265625, 0.09375]","[0.28125, 0.125, 0.296875, 0.265625, 0.0390625, 0.2890625, 0.0, 0.15625, 0.15625, 0.078125, 0.25, 0.078125, 0.0625, 0.15625, 0.46875, 0.296875, 0.28125, 0.421875, 0.015625, 0.1484375, 0.09375]",[34],0.7978765243716291,0.6738811113613226
796,5688.90625,"[0.5625, 0.1875, 0.59375, 0.265625, 0.046875, 0.578125, 0.0, 0.25, 0.3125, 0.09375, 0.1875, 0.125, 0.09375, 0.09375, 0.875, 0.53125, 0.5, 0.390625, 0.03125, 0.265625, 0.09375]","[0.28125, 0.125, 0.296875, 0.265625, 0.0390625, 0.2890625, 0.0, 0.15625, 0.15625, 0.078125, 0.25, 0.078125, 0.0625, 0.15625, 0.46875, 0.296875, 0.28125, 0.421875, 0.015625, 0.1484375, 0.09375]",[34],0.7978765243716291,0.6738811113613226
797,5708.59375,"[0.5625, 0.1875, 0.59375, 0.265625, 0.046875, 0.578125, 0.0, 0.25, 0.3125, 0.09375, 0.1875, 0.125, 0.09375, 0.09375, 0.875, 0.59375, 0.5, 0.390625, 0.03125, 0.265625, 0.09375]","[0.28125, 0.125, 0.296875, 0.265625, 0.0390625, 0.2890625, 0.0, 0.15625, 0.15625, 0.078125, 0.25, 0.078125, 0.0625, 0.15625, 0.46875, 0.328125, 0.28125, 0.421875, 0.015625, 0.1484375, 0.09375]",[41],0.8016357613938979,0.676147192656531
798,5787.34375,"[0.5625, 0.1875, 0.59375, 0.265625, 0.046875, 0.546875, 0.0, 0.375, 0.3125, 0.03125, 0.1875, 0.125, 0.09375, 0.09375, 0.875, 0.59375, 0.5, 0.390625, 0.03125, 0.265625, 0.09375]","[0.28125, 0.125, 0.296875, 0.265625, 0.0390625, 0.2734375, 0.0, 0.21875, 0.15625, 0.015625, 0.25, 0.078125, 0.0625, 0.15625, 0.46875, 0.328125, 0.28125, 0.421875, 0.015625, 0.1484375, 0.09375]",[45],0.8033737545631611,0.6930518207935731
799,5865.78125,"[0.5625, 0.1875, 0.59375, 0.265625, 0.046875, 0.546875, 0.0, 0.375, 0.3125, 0.03125, 0.1875, 0.125, 0.09375, 0.09375, 0.875, 0.59375, 0.5, 0.390625, 0.03125, 0.265625, 0.09375]","[0.28125, 0.125, 0.296875, 0.265625, 0.0390625, 0.2734375, 0.0, 0.21875, 0.15625, 0.015625, 0.25, 0.078125, 0.0625, 0.15625, 0.46875, 0.328125, 0.28125, 0.421875, 0.015625, 0.1484375, 0.09375]",[45],0.8033737545631611,0.6930518207935731
800,5747.96875,"[0.5625, 0.1875, 0.59375, 0.265625, 0.046875, 0.484375, 0.0, 0.375, 0.3125, 0.03125, 0.1875, 0.09375, 0.09375, 0.09375, 0.875, 0.59375, 0.5, 0.390625, 0.03125, 0.265625, 0.09375]","[0.28125, 0.125, 0.296875, 0.265625, 0.0390625, 0.2421875, 0.0, 0.21875, 0.15625, 0.015625, 0.25, 0.0625, 0.0625, 0.15625, 0.46875, 0.328125, 0.28125, 0.421875, 0.015625, 0.1484375, 0.09375]",[9],0.8099603967669812,0.7006760752023882
801,5609.140625,"[0.5625, 0.1875, 0.59375, 0.265625, 0.046875, 0.484375, 0.0, 0.375, 0.3125, 0.03125, 0.1875, 0.09375, 0.09375, 0.09375, 0.875, 0.59375, 0.5, 0.390625, 0.03125, 0.265625, 0.09375]","[0.28125, 0.125, 0.296875, 0.265625, 0.0390625, 0.2421875, 0.0, 0.21875, 0.15625, 0.015625, 0.25, 0.0625, 0.0625, 0.15625, 0.46875, 0.328125, 0.28125, 0.421875, 0.015625, 0.1484375, 0.09375]",[9],0.8099603967669812,0.7006760752023882
802,5628.59375,"[0.5625, 0.1875, 0.59375, 0.265625, 0.046875, 0.484375, 0.0, 0.375, 0.3125, 0.03125, 0.1875, 0.09375, 0.09375, 0.09375, 0.875, 0.59375, 0.5, 0.390625, 0.03125, 0.265625, 0.09375]","[0.28125, 0.125, 0.296875, 0.265625, 0.0390625, 0.2421875, 0.0, 0.21875, 0.15625, 0.015625, 0.25, 0.0625, 0.0625, 0.15625, 0.46875, 0.328125, 0.28125, 0.421875, 0.015625, 0.1484375, 0.09375]",[9],0.8099603967669812,0.7006760752023882
803,5667.96875,"[0.5625, 0.3125, 0.59375, 0.265625, 0.046875, 0.484375, 0.0, 0.375, 0.3125, 0.03125, 0.1875, 0.09375, 0.09375, 0.09375, 0.875, 0.59375, 0.5, 0.390625, 0.03125, 0.265625, 0.078125]","[0.28125, 0.1875, 0.296875, 0.265625, 0.0390625, 0.2421875, 0.0, 0.21875, 0.15625, 0.015625, 0.25, 0.0625, 0.0625, 0.15625, 0.46875, 0.328125, 0.28125, 0.421875, 0.015625, 0.1484375, 0.078125]",[19],0.7942390906323237,0.6916469393749695
804,5786.875,"[0.5625, 0.3125, 0.59375, 0.265625, 0.046875, 0.484375, 0.0, 0.375, 0.3125, 0.03125, 0.1875, 0.09375, 0.09375, 0.09375, 0.875, 0.59375, 0.5, 0.515625, 0.03125, 0.265625, 0.078125]","[0.28125, 0.1875, 0.296875, 0.265625, 0.0390625, 0.2421875, 0.0, 0.21875, 0.15625, 0.015625, 0.25, 0.0625, 0.0625, 0.15625, 0.46875, 0.328125, 0.28125, 0.546875, 0.015625, 0.1484375, 0.078125]",[45],0.7915607833129753,0.7353910524340094
805,5826.25,"[0.5625, 0.3125, 0.59375, 0.265625, 0.046875, 0.484375, 0.0, 0.375, 0.3125, 0.03125, 0.1875, 0.09375, 0.09375, 0.078125, 0.875, 0.59375, 0.5, 0.515625, 0.03125, 0.265625, 0.078125]","[0.28125, 0.1875, 0.296875, 0.265625, 0.0390625, 0.2421875, 0.0, 0.21875, 0.15625, 0.015625, 0.25, 0.0625, 0.0625, 0.125, 0.46875, 0.328125, 0.28125, 0.546875, 0.015625, 0.1484375, 0.078125]",[45],0.7957565294033945,0.743914912148632
806,5766.875,"[0.5625, 0.3125, 0.59375, 0.265625, 0.046875, 0.484375, 0.0, 0.375, 0.3125, 0.03125, 0.1875, 0.09375, 0.09375, 0.078125, 0.875, 0.59375, 0.5, 0.515625, 0.03125, 0.265625, 0.078125]","[0.28125, 0.1875, 0.296875, 0.265625, 0.0390625, 0.2421875, 0.0, 0.21875, 0.15625, 0.015625, 0.25, 0.0625, 0.0625, 0.125, 0.46875, 0.328125, 0.28125, 0.546875, 0.015625, 0.1484375, 0.078125]",[45],0.7957565294033945,0.743914912148632
807,5786.40625,"[0.5625, 0.3125, 0.59375, 0.265625, 0.046875, 0.484375, 0.0, 0.375, 0.3125, 0.03125, 0.1875, 0.09375, 0.09375, 0.078125, 0.875, 0.59375, 0.5, 0.515625, 0.03125, 0.265625, 0.078125]","[0.28125, 0.1875, 0.296875, 0.265625, 0.0390625, 0.2421875, 0.0, 0.21875, 0.15625, 0.015625, 0.25, 0.0625, 0.0625, 0.125, 0.46875, 0.328125, 0.28125, 0.546875, 0.015625, 0.1484375, 0.078125]",[45],0.7957565294033945,0.743914912148632
808,5826.71875,"[0.5625, 0.3125, 0.59375, 0.265625, 0.046875, 0.484375, 0.0, 0.375, 0.3125, 0.03125, 0.1875, 0.09375, 0.09375, 0.078125, 0.75, 0.59375, 0.5, 0.515625, 0.03125, 0.265625, 0.078125]","[0.28125, 0.1875, 0.296875, 0.265625, 0.0390625, 0.2421875, 0.0, 0.21875, 0.15625, 0.015625, 0.25, 0.0625, 0.0625, 0.125, 0.40625, 0.328125, 0.28125, 0.546875, 0.015625, 0.1484375, 0.078125]",[36],0.7668588033601617,0.7285182240840109
809,5825.78125,"[0.5625, 0.3125, 0.59375, 0.265625, 0.046875, 0.484375, 0.0, 0.375, 0.3125, 0.03125, 0.1875, 0.09375, 0.09375, 0.078125, 0.75, 0.59375, 0.5, 0.515625, 0.03125, 0.265625, 0.0703125]","[0.28125, 0.1875, 0.296875, 0.265625, 0.0390625, 0.2421875, 0.0, 0.21875, 0.15625, 0.015625, 0.25, 0.0625, 0.0625, 0.125, 0.40625, 0.328125, 0.28125, 0.546875, 0.015625, 0.1484375, 0.0703125]",[28],0.7690640839484617,0.7315750312628142
810,5687.734375,"[0.5625, 0.3125, 0.59375, 0.265625, 0.046875, 0.484375, 0.0, 0.375, 0.3125, 0.03125, 0.1875, 0.09375, 0.09375, 0.078125, 0.8125, 0.59375, 0.5, 0.515625, 0.03125, 0.265625, 0.0703125]","[0.28125, 0.1875, 0.296875, 0.265625, 0.0390625, 0.2421875, 0.0, 0.21875, 0.15625, 0.015625, 0.25, 0.0625, 0.0625, 0.125, 0.46875, 0.328125, 0.28125, 0.546875, 0.015625, 0.1484375, 0.0703125]",[36],0.7826665237723535,0.7469365442816625
811,5707.65625,"[0.5625, 0.3125, 0.59375, 0.265625, 0.046875, 0.484375, 0.0, 0.375, 0.3125, 0.03125, 0.1875, 0.09375, 0.09375, 0.078125, 0.8125, 0.59375, 0.5, 0.515625, 0.03125, 0.265625, 0.0703125]","[0.28125, 0.1875, 0.296875, 0.265625, 0.0390625, 0.2421875, 0.0, 0.21875, 0.15625, 0.015625, 0.25, 0.0625, 0.0625, 0.125, 0.46875, 0.328125, 0.28125, 0.546875, 0.015625, 0.1484375, 0.0703125]",[36],0.7826665237723535,0.7469365442816625
812,5727.109375,"[0.5625, 0.375, 0.59375, 0.265625, 0.046875, 0.484375, 0.0, 0.375, 0.3125, 0.03125, 0.1875, 0.09375, 0.09375, 0.078125, 0.8125, 0.59375, 0.5, 0.515625, 0.03125, 0.265625, 0.0703125]","[0.28125, 0.21875, 0.296875, 0.265625, 0.0390625, 0.2421875, 0.0, 0.21875, 0.15625, 0.015625, 0.25, 0.0625, 0.0625, 0.125, 0.46875, 0.328125, 0.28125, 0.546875, 0.015625, 0.1484375, 0.0703125]",[45],0.7768455849922525,0.7417062745167249
813,5805.859375,"[0.5625, 0.375, 0.59375, 0.265625, 0.046875, 0.484375, 0.0, 0.375, 0.3125, 0.03125, 0.1875, 0.09375, 0.09375, 0.078125, 0.8125, 0.59375, 0.5, 0.515625, 0.03125, 0.265625, 0.0703125]","[0.28125, 0.21875, 0.296875, 0.265625, 0.0390625, 0.2421875, 0.0, 0.21875, 0.15625, 0.015625, 0.25, 0.0625, 0.0625, 0.125, 0.46875, 0.328125, 0.28125, 0.546875, 0.015625, 0.1484375, 0.0703125]",[45],0.7768455849922525,0.7417062745167249
814,5885.859375,"[0.5625, 0.375, 0.59375, 0.390625, 0.046875, 0.484375, 0.0, 0.375, 0.3125, 0.03125, 0.1875, 0.03125, 0.09375, 0.078125, 0.8125, 0.59375, 0.5, 0.515625, 0.03125, 0.265625, 0.0703125]","[0.28125, 0.21875, 0.296875, 0.390625, 0.0390625, 0.2421875, 0.0, 0.21875, 0.15625, 0.015625, 0.25, 0.03125, 0.0625, 0.125, 0.46875, 0.328125, 0.28125, 0.546875, 0.015625, 0.1484375, 0.0703125]",[47],0.781486744333875,0.7590968329417098
815,5845.859375,"[0.5625, 0.375, 0.59375, 0.390625, 0.046875, 0.484375, 0.0, 0.375, 0.3125, 0.03125, 0.1875, 0.03125, 0.09375, 0.078125, 0.875, 0.59375, 0.5, 0.515625, 0.03125, 0.265625, 0.0703125]","[0.28125, 0.21875, 0.296875, 0.390625, 0.0390625, 0.2421875, 0.0, 0.21875, 0.15625, 0.015625, 0.25, 0.03125, 0.0625, 0.125, 0.53125, 0.328125, 0.28125, 0.546875, 0.015625, 0.1484375, 0.0703125]",[50],0.7958143784907216,0.7764493507568008
816,5865.703125,"[0.5625, 0.375, 0.59375, 0.390625, 0.046875, 0.484375, 0.0, 0.375, 0.3125, 0.03125, 0.1875, 0.03125, 0.09375, 0.078125, 0.875, 0.59375, 0.5, 0.53125, 0.03125, 0.265625, 0.0703125]","[0.28125, 0.21875, 0.296875, 0.390625, 0.0390625, 0.2421875, 0.0, 0.21875, 0.15625, 0.015625, 0.25, 0.03125, 0.0625, 0.125, 0.53125, 0.328125, 0.28125, 0.5625, 0.015625, 0.1484375, 0.0703125]",[56],0.7960533302377164,0.7817659961245016
817,5905.078125,"[0.5625, 0.375, 0.59375, 0.390625, 0.046875, 0.484375, 0.0, 0.375, 0.3125, 0.03125, 0.1875, 0.03125, 0.09375, 0.078125, 0.9375, 0.59375, 0.5, 0.53125, 0.03125, 0.265625, 0.0703125]","[0.28125, 0.21875, 0.296875, 0.390625, 0.0390625, 0.2421875, 0.0, 0.21875, 0.15625, 0.015625, 0.25, 0.03125, 0.0625, 0.125, 0.5625, 0.328125, 0.28125, 0.5625, 0.015625, 0.1484375, 0.0703125]",[58],0.8116885171677494,0.7916339416173748
818,5983.828125,"[0.5625, 0.375, 0.59375, 0.390625, 0.046875, 0.484375, 0.0, 0.5, 0.3125, 0.03125, 0.1875, 0.03125, 0.09375, 0.078125, 0.9375, 0.59375, 0.5, 0.53125, 0.03125, 0.265625, 0.0703125]","[0.28125, 0.21875, 0.296875, 0.390625, 0.0390625, 0.2421875, 0.0, 0.28125, 0.15625, 0.015625, 0.25, 0.03125, 0.0625, 0.125, 0.5625, 0.328125, 0.28125, 0.5625, 0.015625, 0.1484375, 0.0703125]",[59],0.8057381998264549,0.7841602585295654
819,6141.328125,"[0.5625, 0.375, 0.59375, 0.390625, 0.046875, 0.484375, 0.0, 0.5, 0.3125, 0.03125, 0.1875, 0.03125, 0.09375, 0.078125, 0.9375, 0.59375, 0.5, 0.40625, 0.03125, 0.265625, 0.0703125]","[0.28125, 0.21875, 0.296875, 0.390625, 0.0390625, 0.2421875, 0.0, 0.28125, 0.15625, 0.015625, 0.25, 0.03125, 0.0625, 0.125, 0.5625, 0.328125, 0.28125, 0.4375, 0.015625, 0.1484375, 0.0703125]",[18],0.8092871934545681,0.7518353971267658
820,5864.453125,"[0.5625, 0.375, 0.53125, 0.390625, 0.046875, 0.484375, 0.0, 0.375, 0.3125, 0.03125, 0.1875, 0.03125, 0.09375, 0.078125, 0.9375, 0.59375, 0.5, 0.40625, 0.03125, 0.265625, 0.0703125]","[0.28125, 0.21875, 0.265625, 0.390625, 0.0390625, 0.2421875, 0.0, 0.21875, 0.15625, 0.015625, 0.25, 0.03125, 0.0625, 0.125, 0.5625, 0.328125, 0.28125, 0.4375, 0.015625, 0.1484375, 0.0703125]",[18],0.8123505950699735,0.7596911553239212
821,5726.796875,"[0.5625, 0.375, 0.53125, 0.390625, 0.046875, 0.5, 0.0, 0.375, 0.3125, 0.03125, 0.1875, 0.03125, 0.09375, 0.078125, 0.9375, 0.59375, 0.5, 0.40625, 0.03125, 0.265625, 0.0703125]","[0.28125, 0.21875, 0.265625, 0.390625, 0.0390625, 0.25, 0.0, 0.21875, 0.15625, 0.015625, 0.25, 0.03125, 0.0625, 0.125, 0.5625, 0.328125, 0.28125, 0.4375, 0.015625, 0.1484375, 0.0703125]",[33],0.8122820904159668,0.7588729503314801
822,5766.640625,"[0.5625, 0.375, 0.53125, 0.390625, 0.046875, 0.5, 0.0, 0.375, 0.3125, 0.03125, 0.1875, 0.03125, 0.09375, 0.078125, 0.9375, 0.59375, 0.5, 0.40625, 0.03125, 0.265625, 0.0703125]","[0.28125, 0.21875, 0.265625, 0.390625, 0.0390625, 0.25, 0.0, 0.21875, 0.15625, 0.015625, 0.25, 0.03125, 0.0625, 0.125, 0.5625, 0.328125, 0.28125, 0.4375, 0.015625, 0.1484375, 0.0703125]",[33],0.8122820904159668,0.7588729503314801
823,5806.171875,"[0.5625, 0.375, 0.53125, 0.390625, 0.046875, 0.5, 0.0, 0.375, 0.3125, 0.03125, 0.1875, 0.03125, 0.09375, 0.078125, 0.9375, 0.59375, 0.5, 0.40625, 0.03125, 0.265625, 0.0703125]","[0.28125, 0.21875, 0.265625, 0.390625, 0.0390625, 0.25, 0.0, 0.21875, 0.15625, 0.015625, 0.25, 0.03125, 0.0625, 0.125, 0.5625, 0.328125, 0.28125, 0.4375, 0.015625, 0.1484375, 0.0703125]",[33],0.8122820904159668,0.7588729503314801
824,5884.296875,"[0.5625, 0.375, 0.53125, 0.390625, 0.046875, 0.5, 0.0, 0.375, 0.3125, 0.03125, 0.1875, 0.03125, 0.09375, 0.078125, 0.9375, 0.59375, 0.5, 0.40625, 0.03125, 0.265625, 0.0703125]","[0.28125, 0.21875, 0.265625, 0.390625, 0.0390625, 0.25, 0.0, 0.21875, 0.15625, 0.015625, 0.25, 0.03125, 0.0625, 0.125, 0.5625, 0.328125, 0.28125, 0.4375, 0.015625, 0.1484375, 0.0703125]",[33],0.8122820904159668,0.7588729503314801
825,5766.484375,"[0.5625, 0.375, 0.53125, 0.390625, 0.046875, 0.5, 0.0, 0.375, 0.3125, 0.03125, 0.1875, 0.03125, 0.09375, 0.078125, 0.9375, 0.59375, 0.5, 0.40625, 0.03125, 0.265625, 0.0703125]","[0.28125, 0.21875, 0.265625, 0.390625, 0.0390625, 0.25, 0.0, 0.21875, 0.15625, 0.015625, 0.25, 0.03125, 0.0625, 0.125, 0.5625, 0.328125, 0.28125, 0.4375, 0.015625, 0.1484375, 0.0703125]",[33],0.8122820904159668,0.7588729503314801
826,5746.484375,"[0.5625, 0.375, 0.53125, 0.390625, 0.046875, 0.5, 0.0, 0.375, 0.3125, 0.03125, 0.1875, 0.03125, 0.09375, 0.078125, 0.9375, 0.59375, 0.5, 0.40625, 0.03125, 0.265625, 0.0703125]","[0.28125, 0.21875, 0.265625, 0.390625, 0.0390625, 0.25, 0.0, 0.21875, 0.15625, 0.015625, 0.25, 0.03125, 0.0625, 0.125, 0.5625, 0.328125, 0.28125, 0.4375, 0.015625, 0.1484375, 0.0703125]",[33],0.8122820904159668,0.7588729503314801
827,5766.640625,"[0.5625, 0.375, 0.53125, 0.390625, 0.046875, 0.5, 0.015625, 0.375, 0.3125, 0.03125, 0.1875, 0.03125, 0.09375, 0.078125, 0.8125, 0.59375, 0.5, 0.390625, 0.03125, 0.265625, 0.0703125]","[0.28125, 0.21875, 0.265625, 0.390625, 0.0390625, 0.25, 0.015625, 0.21875, 0.15625, 0.015625, 0.25, 0.03125, 0.0625, 0.125, 0.5, 0.328125, 0.28125, 0.421875, 0.015625, 0.1484375, 0.0703125]",[49],0.7753011260387477,0.7241228539616315
828,5746.796875,"[0.5625, 0.375, 0.53125, 0.390625, 0.046875, 0.5, 0.015625, 0.375, 0.3125, 0.03125, 0.1875, 0.03125, 0.09375, 0.078125, 0.8125, 0.59375, 0.5, 0.390625, 0.03125, 0.265625, 0.0703125]","[0.28125, 0.21875, 0.265625, 0.390625, 0.0390625, 0.25, 0.015625, 0.21875, 0.15625, 0.015625, 0.25, 0.03125, 0.0625, 0.125, 0.5, 0.328125, 0.28125, 0.421875, 0.015625, 0.1484375, 0.0703125]",[49],0.7753011260387477,0.7241228539616315
829,5825.546875,"[0.5625, 0.625, 0.53125, 0.390625, 0.046875, 0.5, 0.015625, 0.375, 0.3125, 0.03125, 0.1875, 0.03125, 0.09375, 0.078125, 0.8125, 0.59375, 0.5, 0.390625, 0.03125, 0.265625, 0.0703125]","[0.28125, 0.34375, 0.265625, 0.390625, 0.0390625, 0.25, 0.015625, 0.21875, 0.15625, 0.015625, 0.25, 0.03125, 0.0625, 0.125, 0.5, 0.328125, 0.28125, 0.421875, 0.015625, 0.1484375, 0.0703125]",[58],0.7782497846274853,0.7200475987339798
830,5865.234375,"[0.5625, 0.625, 0.53125, 0.390625, 0.046875, 0.5, 0.015625, 0.375, 0.3125, 0.03125, 0.1875, 0.03125, 0.09375, 0.078125, 0.8125, 0.59375, 0.5, 0.390625, 0.03125, 0.265625, 0.0703125]","[0.28125, 0.34375, 0.265625, 0.390625, 0.0390625, 0.25, 0.015625, 0.21875, 0.15625, 0.015625, 0.25, 0.03125, 0.0625, 0.125, 0.5, 0.328125, 0.28125, 0.421875, 0.015625, 0.1484375, 0.0703125]",[58],0.7782497846274853,0.7200475987339798
831,5845.390625,"[0.5625, 0.625, 0.53125, 0.390625, 0.046875, 0.4375, 0.015625, 0.375, 0.3125, 0.03125, 0.1875, 0.03125, 0.09375, 0.078125, 0.8125, 0.59375, 0.5, 0.390625, 0.03125, 0.28125, 0.0703125]","[0.28125, 0.34375, 0.265625, 0.390625, 0.0390625, 0.21875, 0.015625, 0.21875, 0.15625, 0.015625, 0.25, 0.03125, 0.0625, 0.125, 0.5, 0.328125, 0.28125, 0.421875, 0.015625, 0.15625, 0.0703125]",[14],0.7769252932587656,0.7216797980390957
832,5805.703125,"[0.5625, 0.625, 0.53125, 0.390625, 0.046875, 0.4375, 0.015625, 0.375, 0.3125, 0.03125, 0.1875, 0.03125, 0.09375, 0.078125, 0.8125, 0.59375, 0.5, 0.390625, 0.03125, 0.3125, 0.0703125]","[0.28125, 0.34375, 0.265625, 0.390625, 0.0390625, 0.21875, 0.015625, 0.21875, 0.15625, 0.015625, 0.25, 0.03125, 0.0625, 0.125, 0.5, 0.328125, 0.28125, 0.421875, 0.015625, 0.171875, 0.0703125]",[59],0.7729735276714148,0.7180737889788029
833,5884.453125,"[0.6875, 0.625, 0.53125, 0.390625, 0.046875, 0.4375, 0.015625, 0.375, 0.3125, 0.03125, 0.1875, 0.03125, 0.09375, 0.078125, 0.8125, 0.59375, 0.5, 0.390625, 0.03125, 0.3125, 0.0703125]","[0.34375, 0.34375, 0.265625, 0.390625, 0.0390625, 0.21875, 0.015625, 0.21875, 0.15625, 0.015625, 0.25, 0.03125, 0.0625, 0.125, 0.5, 0.328125, 0.28125, 0.421875, 0.015625, 0.171875, 0.0703125]",[61],0.7832700860036085,0.7187658876433869
834,6043.203125,"[0.6875, 0.625, 0.53125, 0.390625, 0.046875, 0.4375, 0.015625, 0.375, 0.3125, 0.03125, 0.1875, 0.03125, 0.09375, 0.078125, 0.8125, 0.59375, 0.5, 0.390625, 0.03125, 0.3125, 0.0703125]","[0.34375, 0.34375, 0.265625, 0.390625, 0.0390625, 0.21875, 0.015625, 0.21875, 0.15625, 0.015625, 0.25, 0.03125, 0.0625, 0.125, 0.5, 0.328125, 0.28125, 0.421875, 0.015625, 0.171875, 0.0703125]",[61],0.7832700860036085,0.7187658876433869
835,5924.140625,"[0.6875, 0.625, 0.53125, 0.390625, 0.046875, 0.4375, 0.015625, 0.375, 0.3125, 0.03125, 0.1875, 0.03125, 0.09375, 0.078125, 0.8125, 0.59375, 0.5, 0.390625, 0.03125, 0.3125, 0.0703125]","[0.34375, 0.34375, 0.265625, 0.390625, 0.0390625, 0.21875, 0.015625, 0.21875, 0.15625, 0.015625, 0.25, 0.03125, 0.0625, 0.125, 0.5, 0.328125, 0.28125, 0.421875, 0.015625, 0.171875, 0.0703125]",[61],0.7832700860036085,0.7187658876433869
836,5904.296875,"[0.6875, 0.625, 0.53125, 0.390625, 0.0625, 0.4375, 0.015625, 0.375, 0.3125, 0.03125, 0.1875, 0.03125, 0.09375, 0.078125, 0.8125, 0.59375, 0.5, 0.390625, 0.03125, 0.3125, 0.0703125]","[0.34375, 0.34375, 0.265625, 0.390625, 0.046875, 0.21875, 0.015625, 0.21875, 0.15625, 0.015625, 0.25, 0.03125, 0.0625, 0.125, 0.5, 0.328125, 0.28125, 0.421875, 0.015625, 0.171875, 0.0703125]",[62],0.7788955327485356,0.7154413050755398
837,5943.671875,"[0.6875, 0.625, 0.53125, 0.390625, 0.0625, 0.4375, 0.015625, 0.375, 0.3125, 0.03125, 0.1875, 0.03125, 0.09375, 0.078125, 0.875, 0.59375, 0.5, 0.390625, 0.03125, 0.3125, 0.0703125]","[0.34375, 0.34375, 0.265625, 0.390625, 0.046875, 0.21875, 0.015625, 0.21875, 0.15625, 0.015625, 0.25, 0.03125, 0.0625, 0.125, 0.53125, 0.328125, 0.28125, 0.421875, 0.015625, 0.171875, 0.0703125]",[69],0.7917612788866857,0.7256079035454681
838,6023.046875,"[0.6875, 0.625, 0.53125, 0.390625, 0.0625, 0.5, 0.015625, 0.375, 0.3125, 0.03125, 0.1875, 0.03125, 0.09375, 0.078125, 0.875, 0.59375, 0.5, 0.390625, 0.03125, 0.3125, 0.0703125]","[0.34375, 0.34375, 0.265625, 0.390625, 0.046875, 0.25, 0.015625, 0.21875, 0.15625, 0.015625, 0.25, 0.03125, 0.0625, 0.125, 0.53125, 0.328125, 0.28125, 0.421875, 0.015625, 0.171875, 0.0703125]",[70],0.7900020501866567,0.7217650092047248
839,6181.796875,"[0.6875, 0.5625, 0.53125, 0.515625, 0.0625, 0.5, 0.015625, 0.375, 0.3125, 0.03125, 0.1875, 0.03125, 0.09375, 0.078125, 0.875, 0.59375, 0.5, 0.390625, 0.03125, 0.3125, 0.0703125]","[0.34375, 0.28125, 0.265625, 0.515625, 0.046875, 0.25, 0.015625, 0.21875, 0.15625, 0.015625, 0.25, 0.03125, 0.0625, 0.125, 0.53125, 0.328125, 0.28125, 0.421875, 0.015625, 0.171875, 0.0703125]",[27],0.7824087509138892,0.7473893919580041
840,6182.109375,"[0.6875, 0.5625, 0.53125, 0.515625, 0.0625, 0.53125, 0.015625, 0.375, 0.3125, 0.03125, 0.1875, 0.03125, 0.09375, 0.078125, 0.875, 0.59375, 0.5, 0.390625, 0.03125, 0.3125, 0.0703125]","[0.34375, 0.28125, 0.265625, 0.515625, 0.046875, 0.28125, 0.015625, 0.21875, 0.15625, 0.015625, 0.25, 0.03125, 0.0625, 0.125, 0.53125, 0.328125, 0.28125, 0.421875, 0.015625, 0.171875, 0.0703125]",[75],0.7823292287408787,0.7446107020819499
841,6201.796875,"[0.6875, 0.59375, 0.53125, 0.515625, 0.0625, 0.53125, 0.015625, 0.34375, 0.3125, 0.03125, 0.1875, 0.03125, 0.09375, 0.078125, 0.875, 0.59375, 0.5, 0.390625, 0.03125, 0.3125, 0.0703125]","[0.34375, 0.296875, 0.265625, 0.515625, 0.046875, 0.28125, 0.015625, 0.203125, 0.15625, 0.015625, 0.25, 0.03125, 0.0625, 0.125, 0.53125, 0.328125, 0.28125, 0.421875, 0.015625, 0.171875, 0.0703125]",[74],0.7863002972060393,0.7463631420253745
842,6221.953125,"[0.6875, 0.59375, 0.53125, 0.515625, 0.0625, 0.53125, 0.03125, 0.34375, 0.3125, 0.03125, 0.1875, 0.03125, 0.09375, 0.078125, 0.875, 0.59375, 0.5, 0.390625, 0.03125, 0.3125, 0.0703125]","[0.34375, 0.296875, 0.265625, 0.515625, 0.046875, 0.28125, 0.03125, 0.203125, 0.15625, 0.015625, 0.25, 0.03125, 0.0625, 0.125, 0.53125, 0.328125, 0.28125, 0.421875, 0.015625, 0.171875, 0.0703125]",[77],0.7817781601374294,0.7395333684637911
843,6300.703125,"[0.6875, 0.59375, 0.53125, 0.515625, 0.0625, 0.53125, 0.03125, 0.34375, 0.3125, 0.03125, 0.1875, 0.03125, 0.09375, 0.078125, 0.875, 0.59375, 0.5, 0.390625, 0.03125, 0.3125, 0.0703125]","[0.34375, 0.296875, 0.265625, 0.515625, 0.046875, 0.28125, 0.03125, 0.203125, 0.15625, 0.015625, 0.25, 0.03125, 0.0625, 0.125, 0.53125, 0.328125, 0.28125, 0.421875, 0.015625, 0.171875, 0.0703125]",[77],0.7817781601374294,0.7395333684637911
844,6379.453125,"[0.6875, 0.59375, 0.53125, 0.515625, 0.0625, 0.53125, 0.03125, 0.3125, 0.3125, 0.28125, 0.1875, 0.03125, 0.09375, 0.078125, 0.875, 0.59375, 0.5, 0.390625, 0.03125, 0.3125, 0.0703125]","[0.34375, 0.296875, 0.265625, 0.515625, 0.046875, 0.28125, 0.03125, 0.1875, 0.15625, 0.140625, 0.25, 0.03125, 0.0625, 0.125, 0.53125, 0.328125, 0.28125, 0.421875, 0.015625, 0.171875, 0.0703125]",[29],0.7327387269263085,0.6979256409958938
845,6399.453125,"[0.6875, 0.59375, 0.53125, 0.515625, 0.0625, 0.53125, 0.03125, 0.3125, 0.3125, 0.28125, 0.1875, 0.03125, 0.09375, 0.078125, 0.875, 0.59375, 0.5, 0.390625, 0.03125, 0.3125, 0.0703125]","[0.34375, 0.296875, 0.265625, 0.515625, 0.046875, 0.28125, 0.03125, 0.1875, 0.15625, 0.140625, 0.25, 0.03125, 0.0625, 0.125, 0.53125, 0.328125, 0.28125, 0.421875, 0.015625, 0.171875, 0.0703125]",[29],0.7327387269263085,0.6979256409958938
846,6379.453125,"[0.6875, 0.59375, 0.53125, 0.515625, 0.0625, 0.53125, 0.03125, 0.3125, 0.3125, 0.28125, 0.1875, 0.03125, 0.09375, 0.078125, 0.875, 0.59375, 0.53125, 0.390625, 0.03125, 0.3125, 0.0703125]","[0.34375, 0.296875, 0.265625, 0.515625, 0.046875, 0.28125, 0.03125, 0.1875, 0.15625, 0.140625, 0.25, 0.03125, 0.0625, 0.125, 0.53125, 0.328125, 0.296875, 0.421875, 0.015625, 0.171875, 0.0703125]",[85],0.7327470796440119,0.6971593217316066
847,6419.140625,"[0.6875, 0.59375, 0.53125, 0.515625, 0.0625, 0.53125, 0.03125, 0.3125, 0.3125, 0.03125, 0.1875, 0.03125, 0.09375, 0.078125, 0.875, 0.59375, 0.53125, 0.390625, 0.03125, 0.3125, 0.0703125]","[0.34375, 0.296875, 0.265625, 0.515625, 0.046875, 0.28125, 0.03125, 0.1875, 0.15625, 0.015625, 0.25, 0.03125, 0.0625, 0.125, 0.53125, 0.328125, 0.296875, 0.421875, 0.015625, 0.171875, 0.0703125]",[77],0.7851699551485469,0.741635362426292
848,6300.703125,"[0.6875, 0.59375, 0.53125, 0.515625, 0.0625, 0.53125, 0.03125, 0.3125, 0.3125, 0.03125, 0.1875, 0.03125, 0.09375, 0.078125, 0.875, 0.59375, 0.53125, 0.390625, 0.03125, 0.28125, 0.0703125]","[0.34375, 0.296875, 0.265625, 0.515625, 0.046875, 0.28125, 0.03125, 0.1875, 0.15625, 0.015625, 0.25, 0.03125, 0.0625, 0.125, 0.53125, 0.328125, 0.296875, 0.421875, 0.015625, 0.15625, 0.0703125]",[14],0.7892712579240084,0.7453121725173824
849,6341.015625,"[0.6875, 0.59375, 0.53125, 0.515625, 0.0625, 0.53125, 0.03125, 0.3125, 0.3125, 0.03125, 0.1875, 0.03125, 0.09375, 0.078125, 0.875, 0.59375, 0.53125, 0.390625, 0.03125, 0.28125, 0.0703125]","[0.34375, 0.296875, 0.265625, 0.515625, 0.046875, 0.28125, 0.03125, 0.1875, 0.15625, 0.015625, 0.25, 0.03125, 0.0625, 0.125, 0.53125, 0.328125, 0.296875, 0.421875, 0.015625, 0.15625, 0.0703125]",[14],0.7892712579240084,0.7453121725173824
850,6222.109375,"[0.6875, 0.59375, 0.53125, 0.515625, 0.0625, 0.53125, 0.015625, 0.3125, 0.3125, 0.03125, 0.1875, 0.03125, 0.09375, 0.078125, 0.875, 0.59375, 0.53125, 0.390625, 0.03125, 0.28125, 0.0859375]","[0.34375, 0.296875, 0.265625, 0.515625, 0.046875, 0.28125, 0.015625, 0.1875, 0.15625, 0.015625, 0.25, 0.03125, 0.0625, 0.125, 0.53125, 0.328125, 0.296875, 0.421875, 0.015625, 0.15625, 0.1015625]",[33],0.789766647171221,0.7412854440179448
851,6202.109375,"[0.6875, 0.59375, 0.53125, 0.515625, 0.0625, 0.53125, 0.015625, 0.3125, 0.3125, 0.03125, 0.1875, 0.03125, 0.09375, 0.078125, 0.875, 0.59375, 0.53125, 0.390625, 0.03125, 0.296875, 0.0859375]","[0.34375, 0.296875, 0.265625, 0.515625, 0.046875, 0.28125, 0.015625, 0.1875, 0.15625, 0.015625, 0.25, 0.03125, 0.0625, 0.125, 0.53125, 0.328125, 0.296875, 0.421875, 0.015625, 0.1640625, 0.1015625]",[77],0.7876430752485234,0.7394065649753974
852,6241.796875,"[0.6875, 0.59375, 0.53125, 0.515625, 0.0625, 0.53125, 0.015625, 0.3125, 0.3125, 0.03125, 0.1875, 0.03125, 0.09375, 0.078125, 0.875, 0.59375, 0.53125, 0.390625, 0.03125, 0.296875, 0.0859375]","[0.34375, 0.296875, 0.265625, 0.515625, 0.046875, 0.28125, 0.015625, 0.1875, 0.15625, 0.015625, 0.25, 0.03125, 0.0625, 0.125, 0.53125, 0.328125, 0.296875, 0.421875, 0.015625, 0.1640625, 0.1015625]",[77],0.7876430752485234,0.7394065649753974
853,6281.484375,"[0.6875, 0.59375, 0.53125, 0.515625, 0.0625, 0.53125, 0.015625, 0.3125, 0.3125, 0.03125, 0.1875, 0.09375, 0.09375, 0.078125, 0.875, 0.59375, 0.53125, 0.390625, 0.03125, 0.296875, 0.0859375]","[0.34375, 0.296875, 0.265625, 0.515625, 0.046875, 0.28125, 0.015625, 0.1875, 0.15625, 0.015625, 0.25, 0.0625, 0.0625, 0.125, 0.53125, 0.328125, 0.296875, 0.421875, 0.015625, 0.1640625, 0.1015625]",[85],0.7710052176274388,0.7268421297648395
854,6440.234375,"[0.6875, 0.59375, 0.53125, 0.515625, 0.0625, 0.53125, 0.015625, 0.3125, 0.3125, 0.03125, 0.1875, 0.09375, 0.21875, 0.078125, 0.875, 0.59375, 0.53125, 0.359375, 0.03125, 0.296875, 0.0859375]","[0.34375, 0.296875, 0.265625, 0.515625, 0.046875, 0.28125, 0.015625, 0.1875, 0.15625, 0.015625, 0.25, 0.0625, 0.125, 0.125, 0.53125, 0.328125, 0.296875, 0.390625, 0.015625, 0.1640625, 0.1015625]",[3],0.7473266467845462,0.7022388838270726
855,6440.234375,"[0.6875, 0.59375, 0.53125, 0.515625, 0.0625, 0.53125, 0.015625, 0.3125, 0.3125, 0.03125, 0.1875, 0.09375, 0.21875, 0.078125, 0.875, 0.59375, 0.53125, 0.359375, 0.03125, 0.296875, 0.0859375]","[0.34375, 0.296875, 0.265625, 0.515625, 0.046875, 0.28125, 0.015625, 0.1875, 0.15625, 0.015625, 0.25, 0.0625, 0.125, 0.125, 0.53125, 0.328125, 0.296875, 0.390625, 0.015625, 0.1640625, 0.1015625]",[3],0.7473266467845462,0.7022388838270726
856,6420.46875,"[0.6875, 0.59375, 0.53125, 0.515625, 0.0625, 0.53125, 0.015625, 0.3125, 0.3125, 0.03125, 0.1875, 0.09375, 0.21875, 0.078125, 0.8125, 0.59375, 0.53125, 0.359375, 0.03125, 0.296875, 0.0859375]","[0.34375, 0.296875, 0.265625, 0.515625, 0.046875, 0.28125, 0.015625, 0.1875, 0.15625, 0.015625, 0.25, 0.0625, 0.125, 0.125, 0.5, 0.328125, 0.296875, 0.390625, 0.015625, 0.1640625, 0.1015625]",[3],0.7349670652988973,0.6930864506528206
857,6400.546875,"[0.6875, 0.59375, 0.53125, 0.515625, 0.0625, 0.53125, 0.015625, 0.3125, 0.3125, 0.03125, 0.1875, 0.09375, 0.21875, 0.078125, 0.8125, 0.59375, 0.53125, 0.359375, 0.03125, 0.296875, 0.0859375]","[0.34375, 0.296875, 0.265625, 0.515625, 0.046875, 0.28125, 0.015625, 0.1875, 0.15625, 0.015625, 0.25, 0.0625, 0.125, 0.125, 0.5, 0.328125, 0.296875, 0.390625, 0.015625, 0.1640625, 0.1015625]",[3],0.7349670652988973,0.6930864506528206
858,6439.921875,"[0.6875, 0.59375, 0.53125, 0.515625, 0.0625, 0.53125, 0.015625, 0.3125, 0.3125, 0.03125, 0.1875, 0.09375, 0.21875, 0.078125, 0.8125, 0.71875, 0.53125, 0.359375, 0.03125, 0.296875, 0.0859375]","[0.34375, 0.296875, 0.265625, 0.515625, 0.046875, 0.28125, 0.015625, 0.1875, 0.15625, 0.015625, 0.25, 0.0625, 0.125, 0.125, 0.5, 0.390625, 0.296875, 0.390625, 0.015625, 0.1640625, 0.1015625]",[8],0.7455718952825564,0.6968365526711597
859,6598.671875,"[0.6875, 0.59375, 0.53125, 0.515625, 0.0625, 0.53125, 0.015625, 0.3125, 0.3125, 0.03125, 0.1875, 0.09375, 0.21875, 0.078125, 0.8125, 0.71875, 0.53125, 0.359375, 0.03125, 0.296875, 0.0859375]","[0.34375, 0.296875, 0.265625, 0.515625, 0.046875, 0.28125, 0.015625, 0.1875, 0.15625, 0.015625, 0.25, 0.0625, 0.125, 0.125, 0.5, 0.390625, 0.296875, 0.390625, 0.015625, 0.1640625, 0.1015625]",[8],0.7455718952825564,0.6968365526711597
860,6479.609375,"[0.6875, 0.59375, 0.53125, 0.515625, 0.0625, 0.53125, 0.015625, 0.3125, 0.3125, 0.03125, 0.1875, 0.09375, 0.21875, 0.078125, 0.8125, 0.71875, 0.53125, 0.359375, 0.0625, 0.171875, 0.0859375]","[0.34375, 0.296875, 0.265625, 0.515625, 0.046875, 0.28125, 0.015625, 0.1875, 0.15625, 0.015625, 0.25, 0.0625, 0.125, 0.125, 0.5, 0.390625, 0.296875, 0.390625, 0.046875, 0.1015625, 0.1015625]",[5],0.7575645520747284,0.700805236702405
861,6340.703125,"[0.6875, 0.59375, 0.28125, 0.515625, 0.0625, 0.53125, 0.015625, 0.3125, 0.3125, 0.0, 0.1875, 0.09375, 0.21875, 0.078125, 0.8125, 0.71875, 0.53125, 0.359375, 0.0625, 0.171875, 0.0859375]","[0.34375, 0.296875, 0.140625, 0.515625, 0.046875, 0.28125, 0.015625, 0.1875, 0.15625, 0.0, 0.25, 0.0625, 0.125, 0.125, 0.5, 0.390625, 0.296875, 0.390625, 0.046875, 0.1015625, 0.1015625]",[5],0.7828058146290913,0.7297565641069239
862,6183.046875,"[0.6875, 0.59375, 0.28125, 0.515625, 0.0625, 0.53125, 0.015625, 0.3125, 0.3125, 0.0, 0.1875, 0.09375, 0.21875, 0.078125, 0.8125, 0.71875, 0.46875, 0.359375, 0.0625, 0.171875, 0.0859375]","[0.34375, 0.296875, 0.140625, 0.515625, 0.046875, 0.28125, 0.015625, 0.1875, 0.15625, 0.0, 0.25, 0.0625, 0.125, 0.125, 0.5, 0.390625, 0.234375, 0.390625, 0.046875, 0.1015625, 0.1015625]",[5],0.7830774599032189,0.7347081044467665
863,6183.671875,"[0.6875, 0.59375, 0.28125, 0.515625, 0.0625, 0.53125, 0.015625, 0.3125, 0.3125, 0.0, 0.1875, 0.09375, 0.21875, 0.078125, 0.8125, 0.71875, 0.46875, 0.359375, 0.0625, 0.171875, 0.0859375]","[0.34375, 0.296875, 0.140625, 0.515625, 0.046875, 0.28125, 0.015625, 0.1875, 0.15625, 0.0, 0.25, 0.0625, 0.125, 0.125, 0.5, 0.390625, 0.234375, 0.390625, 0.046875, 0.1015625, 0.1015625]",[5],0.7830774599032189,0.7347081044467665
864,6261.796875,"[0.6875, 0.59375, 0.53125, 0.515625, 0.0625, 0.53125, 0.015625, 0.3125, 0.3125, 0.0, 0.1875, 0.09375, 0.21875, 0.078125, 0.8125, 0.71875, 0.46875, 0.359375, 0.0625, 0.171875, 0.0859375]","[0.34375, 0.296875, 0.265625, 0.515625, 0.046875, 0.28125, 0.015625, 0.1875, 0.15625, 0.0, 0.25, 0.0625, 0.125, 0.125, 0.5, 0.390625, 0.234375, 0.390625, 0.046875, 0.1015625, 0.1015625]",[17],0.7673419738073214,0.7130390366064525
865,6301.484375,"[0.6875, 0.59375, 0.53125, 0.515625, 0.0625, 0.53125, 0.015625, 0.3125, 0.3125, 0.0, 0.1875, 0.09375, 0.21875, 0.078125, 0.8125, 0.71875, 0.46875, 0.359375, 0.0625, 0.171875, 0.0859375]","[0.34375, 0.296875, 0.265625, 0.515625, 0.046875, 0.28125, 0.015625, 0.1875, 0.15625, 0.0, 0.25, 0.0625, 0.125, 0.125, 0.5, 0.390625, 0.234375, 0.390625, 0.046875, 0.1015625, 0.1015625]",[17],0.7673419738073214,0.7130390366064525
866,6281.640625,"[0.6875, 0.59375, 0.53125, 0.515625, 0.0625, 0.53125, 0.015625, 0.3125, 0.3125, 0.0, 0.1875, 0.109375, 0.21875, 0.078125, 0.8125, 0.71875, 0.46875, 0.359375, 0.0625, 0.171875, 0.0859375]","[0.34375, 0.296875, 0.265625, 0.515625, 0.046875, 0.28125, 0.015625, 0.1875, 0.15625, 0.0, 0.25, 0.0703125, 0.125, 0.125, 0.5, 0.390625, 0.234375, 0.390625, 0.046875, 0.1015625, 0.1015625]",[42],0.7635346376276213,0.7100915237552522
867,6321.328125,"[0.6875, 0.59375, 0.53125, 0.515625, 0.0625, 0.53125, 0.015625, 0.3125, 0.3125, 0.0, 0.1875, 0.109375, 0.21875, 0.078125, 0.8125, 0.71875, 0.46875, 0.359375, 0.09375, 0.171875, 0.0859375]","[0.34375, 0.296875, 0.265625, 0.515625, 0.046875, 0.28125, 0.015625, 0.1875, 0.15625, 0.0, 0.25, 0.0703125, 0.125, 0.125, 0.5, 0.390625, 0.234375, 0.390625, 0.0625, 0.1015625, 0.1015625]",[55],0.7555032351000301,0.7039278143566324
868,6400.703125,"[0.6875, 0.59375, 0.53125, 0.515625, 0.0625, 0.53125, 0.015625, 0.3125, 0.3125, 0.0, 0.1875, 0.109375, 0.21875, 0.078125, 0.8125, 0.71875, 0.34375, 0.421875, 0.09375, 0.171875, 0.0859375]","[0.34375, 0.296875, 0.265625, 0.515625, 0.046875, 0.28125, 0.015625, 0.1875, 0.15625, 0.0, 0.25, 0.0703125, 0.125, 0.125, 0.5, 0.390625, 0.171875, 0.453125, 0.0625, 0.1015625, 0.1015625]",[44],0.7588517887630095,0.7241337131316437
869,6480.703125,"[0.6875, 0.59375, 0.53125, 0.640625, 0.0625, 0.53125, 0.015625, 0.3125, 0.3125, 0.0, 0.1875, 0.109375, 0.21875, 0.078125, 0.8125, 0.71875, 0.34375, 0.421875, 0.09375, 0.171875, 0.0859375]","[0.34375, 0.296875, 0.265625, 0.640625, 0.046875, 0.28125, 0.015625, 0.1875, 0.15625, 0.0, 0.25, 0.0703125, 0.125, 0.125, 0.5, 0.390625, 0.171875, 0.453125, 0.0625, 0.1015625, 0.1015625]",[87],0.7633626279667166,0.7659774032989715
870,6520.390625,"[0.6875, 0.59375, 0.53125, 0.640625, 0.0625, 0.53125, 0.015625, 0.3125, 0.3125, 0.0, 0.1875, 0.109375, 0.21875, 0.078125, 0.8125, 0.71875, 0.34375, 0.421875, 0.09375, 0.171875, 0.0859375]","[0.34375, 0.296875, 0.265625, 0.640625, 0.046875, 0.28125, 0.015625, 0.1875, 0.15625, 0.0, 0.25, 0.0703125, 0.125, 0.125, 0.5, 0.390625, 0.171875, 0.453125, 0.0625, 0.1015625, 0.1015625]",[87],0.7633626279667166,0.7659774032989715
871,6500.546875,"[0.6875, 0.59375, 0.53125, 0.640625, 0.03125, 0.53125, 0.015625, 0.3125, 0.1875, 0.0, 0.1875, 0.109375, 0.21875, 0.078125, 0.8125, 0.71875, 0.34375, 0.421875, 0.09375, 0.171875, 0.0859375]","[0.34375, 0.296875, 0.265625, 0.640625, 0.015625, 0.28125, 0.015625, 0.1875, 0.09375, 0.0, 0.25, 0.0703125, 0.125, 0.125, 0.5, 0.390625, 0.171875, 0.453125, 0.0625, 0.1015625, 0.1015625]",[25],0.7916039501512788,0.7970873253030625
872,6401.640625,"[0.6875, 0.59375, 0.53125, 0.640625, 0.03125, 0.53125, 0.015625, 0.3125, 0.1875, 0.0, 0.1875, 0.109375, 0.21875, 0.078125, 0.8125, 0.71875, 0.34375, 0.421875, 0.09375, 0.171875, 0.0859375]","[0.34375, 0.296875, 0.265625, 0.640625, 0.015625, 0.28125, 0.015625, 0.1875, 0.09375, 0.0, 0.25, 0.0703125, 0.125, 0.125, 0.5, 0.390625, 0.171875, 0.453125, 0.0625, 0.1015625, 0.1015625]",[25],0.7916039501512788,0.7970873253030625
873,6441.015625,"[0.6875, 0.59375, 0.53125, 0.640625, 0.03125, 0.53125, 0.015625, 0.3125, 0.1875, 0.0, 0.1875, 0.109375, 0.21875, 0.078125, 0.8125, 0.71875, 0.34375, 0.421875, 0.09375, 0.171875, 0.0859375]","[0.34375, 0.296875, 0.265625, 0.640625, 0.015625, 0.28125, 0.015625, 0.1875, 0.09375, 0.0, 0.25, 0.0703125, 0.125, 0.125, 0.5, 0.390625, 0.171875, 0.453125, 0.0625, 0.1015625, 0.1015625]",[25],0.7916039501512788,0.7970873253030625
874,6521.640625,"[0.6875, 0.59375, 0.53125, 0.640625, 0.03125, 0.53125, 0.015625, 0.3125, 0.1875, 0.0, 0.1875, 0.109375, 0.21875, 0.078125, 0.8125, 0.6875, 0.34375, 0.421875, 0.09375, 0.171875, 0.0859375]","[0.34375, 0.296875, 0.265625, 0.640625, 0.015625, 0.28125, 0.015625, 0.1875, 0.09375, 0.0, 0.25, 0.0703125, 0.125, 0.125, 0.5, 0.375, 0.171875, 0.453125, 0.0625, 0.1015625, 0.1015625]",[25],0.7883204086902812,0.7963968638147381
875,6382.265625,"[0.6875, 0.59375, 0.53125, 0.640625, 0.03125, 0.53125, 0.015625, 0.3125, 0.1875, 0.0, 0.1875, 0.109375, 0.25, 0.078125, 0.8125, 0.6875, 0.34375, 0.421875, 0.09375, 0.171875, 0.0859375]","[0.34375, 0.296875, 0.265625, 0.640625, 0.015625, 0.28125, 0.015625, 0.1875, 0.09375, 0.0, 0.25, 0.0703125, 0.15625, 0.125, 0.5, 0.375, 0.171875, 0.453125, 0.0625, 0.1015625, 0.1015625]",[30],0.7830881257989092,0.7878775101040361
876,6402.109375,"[0.6875, 0.59375, 0.28125, 0.65625, 0.03125, 0.53125, 0.015625, 0.3125, 0.1875, 0.0, 0.1875, 0.109375, 0.25, 0.078125, 0.8125, 0.6875, 0.34375, 0.421875, 0.09375, 0.171875, 0.0859375]","[0.34375, 0.296875, 0.140625, 0.65625, 0.015625, 0.28125, 0.015625, 0.1875, 0.09375, 0.0, 0.25, 0.0703125, 0.15625, 0.125, 0.5, 0.375, 0.171875, 0.453125, 0.0625, 0.1015625, 0.1015625]",[5],0.8007096795264856,0.8180664018843662
877,6283.984375,"[0.6875, 0.59375, 0.28125, 0.65625, 0.03125, 0.53125, 0.015625, 0.3125, 0.1875, 0.0, 0.1875, 0.109375, 0.25, 0.078125, 0.8125, 0.75, 0.34375, 0.421875, 0.09375, 0.171875, 0.0859375]","[0.34375, 0.296875, 0.140625, 0.65625, 0.015625, 0.28125, 0.015625, 0.1875, 0.09375, 0.0, 0.25, 0.0703125, 0.15625, 0.125, 0.5, 0.40625, 0.171875, 0.453125, 0.0625, 0.1015625, 0.1015625]",[38],0.80839404243145,0.8196903994220601
878,6363.359375,"[0.6875, 0.59375, 0.28125, 0.65625, 0.03125, 0.53125, 0.015625, 0.3125, 0.1875, 0.0, 0.1875, 0.109375, 0.25, 0.078125, 0.8125, 0.75, 0.34375, 0.421875, 0.09375, 0.109375, 0.0859375]","[0.34375, 0.296875, 0.140625, 0.65625, 0.015625, 0.28125, 0.015625, 0.1875, 0.09375, 0.0, 0.25, 0.0703125, 0.15625, 0.125, 0.5, 0.40625, 0.171875, 0.453125, 0.0625, 0.0703125, 0.1015625]",[38],0.8225734870830692,0.830604255371929
879,6363.359375,"[0.6875, 0.59375, 0.28125, 0.65625, 0.03125, 0.53125, 0.015625, 0.3125, 0.15625, 0.0, 0.1875, 0.109375, 0.25, 0.078125, 0.8125, 0.75, 0.34375, 0.421875, 0.09375, 0.109375, 0.0859375]","[0.34375, 0.296875, 0.140625, 0.65625, 0.015625, 0.28125, 0.015625, 0.1875, 0.078125, 0.0, 0.25, 0.0703125, 0.15625, 0.125, 0.5, 0.40625, 0.171875, 0.453125, 0.0625, 0.0703125, 0.1015625]",[16],0.829120837453662,0.8360850409708752
880,6224.296875,"[0.6875, 0.59375, 0.28125, 0.65625, 0.03125, 0.53125, 0.015625, 0.3125, 0.15625, 0.0, 0.1875, 0.109375, 0.25, 0.078125, 0.8125, 0.75, 0.34375, 0.421875, 0.09375, 0.109375, 0.0859375]","[0.34375, 0.296875, 0.140625, 0.65625, 0.015625, 0.28125, 0.015625, 0.1875, 0.078125, 0.0, 0.25, 0.0703125, 0.15625, 0.125, 0.5, 0.40625, 0.171875, 0.453125, 0.0625, 0.0703125, 0.1015625]",[16],0.829120837453662,0.8360850409708752
881,6204.765625,"[0.6875, 0.59375, 0.28125, 0.65625, 0.03125, 0.53125, 0.015625, 0.3125, 0.15625, 0.0, 0.1875, 0.109375, 0.265625, 0.078125, 0.8125, 0.75, 0.34375, 0.421875, 0.09375, 0.109375, 0.0859375]","[0.34375, 0.296875, 0.140625, 0.65625, 0.015625, 0.28125, 0.015625, 0.1875, 0.078125, 0.0, 0.25, 0.0703125, 0.1640625, 0.125, 0.5, 0.40625, 0.171875, 0.453125, 0.0625, 0.0703125, 0.1015625]",[38],0.8266457848513689,0.8341002368580058
882,6244.453125,"[0.6875, 0.59375, 0.28125, 0.65625, 0.03125, 0.53125, 0.015625, 0.3125, 0.15625, 0.0, 0.1875, 0.109375, 0.265625, 0.078125, 0.8125, 0.75, 0.34375, 0.421875, 0.09375, 0.109375, 0.0859375]","[0.34375, 0.296875, 0.140625, 0.65625, 0.015625, 0.28125, 0.015625, 0.1875, 0.078125, 0.0, 0.25, 0.0703125, 0.1640625, 0.125, 0.5, 0.40625, 0.171875, 0.453125, 0.0625, 0.0703125, 0.1015625]",[38],0.8266457848513689,0.8341002368580058
883,6284.453125,"[0.6875, 0.59375, 0.28125, 0.65625, 0.03125, 0.53125, 0.015625, 0.3125, 0.15625, 0.0, 0.1875, 0.109375, 0.265625, 0.078125, 0.8125, 0.75, 0.34375, 0.421875, 0.09375, 0.109375, 0.0546875]","[0.34375, 0.296875, 0.140625, 0.65625, 0.015625, 0.28125, 0.015625, 0.1875, 0.078125, 0.0, 0.25, 0.0703125, 0.1640625, 0.125, 0.5, 0.40625, 0.171875, 0.453125, 0.0625, 0.0703125, 0.0703125]",[38],0.8351037075304768,0.8450956225001531
884,6284.453125,"[0.6875, 0.59375, 0.28125, 0.65625, 0.03125, 0.53125, 0.015625, 0.3125, 0.15625, 0.0, 0.1875, 0.109375, 0.265625, 0.078125, 0.8125, 0.75, 0.34375, 0.421875, 0.09375, 0.109375, 0.0546875]","[0.34375, 0.296875, 0.140625, 0.65625, 0.015625, 0.28125, 0.015625, 0.1875, 0.078125, 0.0, 0.25, 0.0703125, 0.1640625, 0.125, 0.5, 0.40625, 0.171875, 0.453125, 0.0625, 0.0703125, 0.0703125]",[38],0.8351037075304768,0.8450956225001531
885,6164.765625,"[0.6875, 0.59375, 0.28125, 0.65625, 0.03125, 0.53125, 0.015625, 0.3125, 0.15625, 0.0, 0.15625, 0.109375, 0.265625, 0.078125, 0.8125, 0.75, 0.34375, 0.421875, 0.09375, 0.109375, 0.0546875]","[0.34375, 0.296875, 0.140625, 0.65625, 0.015625, 0.28125, 0.015625, 0.1875, 0.078125, 0.0, 0.1875, 0.0703125, 0.1640625, 0.125, 0.5, 0.40625, 0.171875, 0.453125, 0.0625, 0.0703125, 0.0703125]",[38],0.8416968903810225,0.8563385443148865
886,6105.234375,"[0.6875, 0.59375, 0.28125, 0.65625, 0.03125, 0.53125, 0.015625, 0.3125, 0.15625, 0.0, 0.15625, 0.109375, 0.265625, 0.078125, 0.8125, 0.75, 0.34375, 0.421875, 0.09375, 0.109375, 0.0546875]","[0.34375, 0.296875, 0.140625, 0.65625, 0.015625, 0.28125, 0.015625, 0.1875, 0.078125, 0.0, 0.1875, 0.0703125, 0.1640625, 0.125, 0.5, 0.40625, 0.171875, 0.453125, 0.0625, 0.0703125, 0.0703125]",[38],0.8416968903810225,0.8563385443148865
887,6125.234375,"[0.6875, 0.59375, 0.28125, 0.65625, 0.03125, 0.53125, 0.015625, 0.3125, 0.15625, 0.0, 0.15625, 0.109375, 0.265625, 0.078125, 0.8125, 0.75, 0.34375, 0.421875, 0.09375, 0.109375, 0.0546875]","[0.34375, 0.296875, 0.140625, 0.65625, 0.015625, 0.28125, 0.015625, 0.1875, 0.078125, 0.0, 0.1875, 0.0703125, 0.1640625, 0.125, 0.5, 0.40625, 0.171875, 0.453125, 0.0625, 0.0703125, 0.0703125]",[38],0.8416968903810225,0.8563385443148865
888,6164.765625,"[0.6875, 0.59375, 0.28125, 0.65625, 0.03125, 0.53125, 0.015625, 0.3125, 0.15625, 0.0, 0.15625, 0.171875, 0.265625, 0.078125, 0.8125, 0.75, 0.34375, 0.421875, 0.09375, 0.109375, 0.0546875]","[0.34375, 0.296875, 0.140625, 0.65625, 0.015625, 0.28125, 0.015625, 0.1875, 0.078125, 0.0, 0.1875, 0.1015625, 0.1640625, 0.125, 0.5, 0.40625, 0.171875, 0.453125, 0.0625, 0.0703125, 0.0703125]",[57],0.827374177557606,0.8452203409185824
889,6323.515625,"[0.6875, 0.59375, 0.28125, 0.65625, 0.15625, 0.53125, 0.015625, 0.3125, 0.15625, 0.0, 0.15625, 0.171875, 0.265625, 0.078125, 0.8125, 0.75, 0.34375, 0.421875, 0.09375, 0.109375, 0.0546875]","[0.34375, 0.296875, 0.140625, 0.65625, 0.078125, 0.28125, 0.015625, 0.1875, 0.078125, 0.0, 0.1875, 0.1015625, 0.1640625, 0.125, 0.5, 0.40625, 0.171875, 0.453125, 0.0625, 0.0703125, 0.0703125]",[67],0.7955719823853874,0.8199507584057437
890,6362.890625,"[0.6875, 0.65625, 0.28125, 0.65625, 0.15625, 0.53125, 0.015625, 0.3125, 0.15625, 0.0, 0.15625, 0.171875, 0.265625, 0.078125, 0.8125, 0.75, 0.34375, 0.421875, 0.09375, 0.109375, 0.0546875]","[0.34375, 0.359375, 0.140625, 0.65625, 0.078125, 0.28125, 0.015625, 0.1875, 0.078125, 0.0, 0.1875, 0.1015625, 0.1640625, 0.125, 0.5, 0.40625, 0.171875, 0.453125, 0.0625, 0.0703125, 0.0703125]",[79],0.7994307355122009,0.8180105587571759
891,6382.8125,"[0.6875, 0.65625, 0.28125, 0.65625, 0.15625, 0.53125, 0.015625, 0.3125, 0.15625, 0.0, 0.15625, 0.171875, 0.265625, 0.078125, 0.8125, 0.75, 0.34375, 0.421875, 0.09375, 0.109375, 0.0625]","[0.34375, 0.359375, 0.140625, 0.65625, 0.078125, 0.28125, 0.015625, 0.1875, 0.078125, 0.0, 0.1875, 0.1015625, 0.1640625, 0.125, 0.5, 0.40625, 0.171875, 0.453125, 0.0625, 0.0703125, 0.078125]",[87],0.7973115996345748,0.815183284228583
892,6422.5,"[0.6875, 0.65625, 0.28125, 0.65625, 0.1875, 0.53125, 0.015625, 0.3125, 0.15625, 0.0, 0.15625, 0.109375, 0.265625, 0.078125, 0.8125, 0.75, 0.34375, 0.421875, 0.09375, 0.109375, 0.0625]","[0.34375, 0.359375, 0.140625, 0.65625, 0.09375, 0.28125, 0.015625, 0.1875, 0.078125, 0.0, 0.1875, 0.0703125, 0.1640625, 0.125, 0.5, 0.40625, 0.171875, 0.453125, 0.0625, 0.0703125, 0.078125]",[77],0.8048717828176968,0.8206045284383644
893,6421.875,"[0.6875, 0.65625, 0.40625, 0.65625, 0.1875, 0.53125, 0.015625, 0.3125, 0.15625, 0.0, 0.15625, 0.109375, 0.265625, 0.078125, 0.8125, 0.75, 0.34375, 0.421875, 0.0625, 0.109375, 0.0625]","[0.34375, 0.359375, 0.203125, 0.65625, 0.09375, 0.28125, 0.015625, 0.1875, 0.078125, 0.0, 0.1875, 0.0703125, 0.1640625, 0.125, 0.5, 0.40625, 0.171875, 0.453125, 0.046875, 0.0703125, 0.078125]",[89],0.7997416707931212,0.8119299512560747
894,6541.5625,"[0.6875, 0.65625, 0.40625, 0.65625, 0.1875, 0.53125, 0.015625, 0.3125, 0.15625, 0.0, 0.15625, 0.109375, 0.265625, 0.078125, 0.8125, 0.75, 0.34375, 0.421875, 0.0625, 0.109375, 0.125]","[0.34375, 0.359375, 0.203125, 0.65625, 0.09375, 0.28125, 0.015625, 0.1875, 0.078125, 0.0, 0.1875, 0.0703125, 0.1640625, 0.125, 0.5, 0.40625, 0.171875, 0.453125, 0.046875, 0.0703125, 0.140625]",[90],0.7842390978886215,0.7923674335637638
895,6581.40625,"[0.6875, 0.65625, 0.375, 0.65625, 0.1875, 0.53125, 0.015625, 0.3125, 0.15625, 0.0, 0.15625, 0.109375, 0.265625, 0.078125, 0.8125, 0.75, 0.34375, 0.421875, 0.0625, 0.109375, 0.125]","[0.34375, 0.359375, 0.1875, 0.65625, 0.09375, 0.28125, 0.015625, 0.1875, 0.078125, 0.0, 0.1875, 0.0703125, 0.1640625, 0.125, 0.5, 0.40625, 0.171875, 0.453125, 0.046875, 0.0703125, 0.140625]",[15],0.7866604693572204,0.7955196690648874
896,6541.796875,"[0.6875, 0.59375, 0.375, 0.65625, 0.1875, 0.515625, 0.0234375, 0.3125, 0.15625, 0.0, 0.15625, 0.109375, 0.265625, 0.078125, 0.8125, 0.75, 0.34375, 0.421875, 0.0625, 0.109375, 0.125]","[0.34375, 0.296875, 0.1875, 0.65625, 0.09375, 0.2734375, 0.0234375, 0.1875, 0.078125, 0.0, 0.1875, 0.0703125, 0.1640625, 0.125, 0.5, 0.40625, 0.171875, 0.453125, 0.046875, 0.0703125, 0.140625]",[18],0.7805562815294144,0.794708521927132
897,6521.953125,"[0.6875, 0.59375, 0.375, 0.65625, 0.1875, 0.515625, 0.0234375, 0.3125, 0.15625, 0.0, 0.15625, 0.109375, 0.265625, 0.078125, 0.8125, 0.75, 0.34375, 0.421875, 0.0625, 0.109375, 0.125]","[0.34375, 0.296875, 0.1875, 0.65625, 0.09375, 0.2734375, 0.0234375, 0.1875, 0.078125, 0.0, 0.1875, 0.0703125, 0.1640625, 0.125, 0.5, 0.40625, 0.171875, 0.453125, 0.046875, 0.0703125, 0.140625]",[18],0.7805562815294144,0.794708521927132
898,6561.328125,"[0.6875, 0.59375, 0.375, 0.65625, 0.1875, 0.515625, 0.0234375, 0.3125, 0.15625, 0.0, 0.15625, 0.109375, 0.265625, 0.078125, 0.8125, 0.75, 0.34375, 0.421875, 0.0625, 0.109375, 0.125]","[0.34375, 0.296875, 0.1875, 0.65625, 0.09375, 0.2734375, 0.0234375, 0.1875, 0.078125, 0.0, 0.1875, 0.0703125, 0.1640625, 0.125, 0.5, 0.40625, 0.171875, 0.453125, 0.046875, 0.0703125, 0.140625]",[18],0.7805562815294144,0.794708521927132
899,6641.328125,"[0.6875, 0.59375, 0.375, 0.78125, 0.1875, 0.515625, 0.0234375, 0.3125, 0.15625, 0.0, 0.15625, 0.109375, 0.265625, 0.078125, 0.8125, 0.75, 0.34375, 0.421875, 0.0625, 0.109375, 0.125]","[0.34375, 0.296875, 0.1875, 0.78125, 0.09375, 0.2734375, 0.0234375, 0.1875, 0.078125, 0.0, 0.1875, 0.0703125, 0.1640625, 0.125, 0.5, 0.40625, 0.171875, 0.453125, 0.046875, 0.0703125, 0.140625]",[67],0.7945013263608188,0.8499009337017593
900,6681.171875,"[0.4375, 0.59375, 0.375, 0.78125, 0.1875, 0.515625, 0.0234375, 0.3125, 0.15625, 0.0, 0.15625, 0.109375, 0.265625, 0.078125, 0.75, 0.75, 0.34375, 0.421875, 0.0625, 0.109375, 0.125]","[0.21875, 0.296875, 0.1875, 0.78125, 0.09375, 0.2734375, 0.0234375, 0.1875, 0.078125, 0.0, 0.1875, 0.0703125, 0.1640625, 0.125, 0.46875, 0.40625, 0.171875, 0.453125, 0.046875, 0.0703125, 0.140625]",[62],0.7779962397791411,0.8594437905394231
901,6464.140625,"[0.4375, 0.59375, 0.375, 0.78125, 0.1875, 0.515625, 0.0234375, 0.3125, 0.15625, 0.03125, 0.15625, 0.109375, 0.265625, 0.078125, 0.6875, 0.75, 0.34375, 0.421875, 0.0625, 0.109375, 0.125]","[0.21875, 0.296875, 0.1875, 0.78125, 0.09375, 0.2734375, 0.0234375, 0.1875, 0.078125, 0.015625, 0.1875, 0.0703125, 0.1640625, 0.125, 0.40625, 0.40625, 0.171875, 0.453125, 0.046875, 0.0703125, 0.140625]",[48],0.7595005256364463,0.8466415762004319
902,6464.453125,"[0.4375, 0.59375, 0.375, 0.78125, 0.1875, 0.515625, 0.0234375, 0.3125, 0.15625, 0.03125, 0.15625, 0.109375, 0.265625, 0.078125, 0.6875, 0.75, 0.34375, 0.421875, 0.0625, 0.109375, 0.125]","[0.21875, 0.296875, 0.1875, 0.78125, 0.09375, 0.2734375, 0.0234375, 0.1875, 0.078125, 0.015625, 0.1875, 0.0703125, 0.1640625, 0.125, 0.40625, 0.40625, 0.171875, 0.453125, 0.046875, 0.0703125, 0.140625]",[48],0.7595005256364463,0.8466415762004319
903,6503.515625,"[0.4375, 0.59375, 0.375, 0.78125, 0.1875, 0.515625, 0.0234375, 0.3125, 0.15625, 0.03125, 0.15625, 0.109375, 0.265625, 0.078125, 0.6875, 0.75, 0.34375, 0.421875, 0.0625, 0.109375, 0.125]","[0.21875, 0.296875, 0.1875, 0.78125, 0.09375, 0.2734375, 0.0234375, 0.1875, 0.078125, 0.015625, 0.1875, 0.0703125, 0.1640625, 0.125, 0.40625, 0.40625, 0.171875, 0.453125, 0.046875, 0.0703125, 0.140625]",[48],0.7595005256364463,0.8466415762004319
904,6582.265625,"[0.4375, 0.59375, 0.375, 0.65625, 0.1875, 0.515625, 0.0234375, 0.3125, 0.15625, 0.03125, 0.15625, 0.109375, 0.265625, 0.078125, 0.6875, 0.75, 0.34375, 0.421875, 0.0625, 0.109375, 0.125]","[0.21875, 0.296875, 0.1875, 0.65625, 0.09375, 0.2734375, 0.0234375, 0.1875, 0.078125, 0.015625, 0.1875, 0.0703125, 0.1640625, 0.125, 0.40625, 0.40625, 0.171875, 0.453125, 0.046875, 0.0703125, 0.140625]",[18],0.7395155955854382,0.7823557496231154
905,6305.859375,"[0.4375, 0.59375, 0.375, 0.65625, 0.1875, 0.515625, 0.0390625, 0.3125, 0.15625, 0.03125, 0.15625, 0.109375, 0.265625, 0.078125, 0.6875, 0.75, 0.34375, 0.296875, 0.0625, 0.109375, 0.125]","[0.21875, 0.296875, 0.1875, 0.65625, 0.09375, 0.2734375, 0.0546875, 0.1875, 0.078125, 0.015625, 0.1875, 0.0703125, 0.1640625, 0.125, 0.40625, 0.40625, 0.171875, 0.328125, 0.046875, 0.0703125, 0.140625]",[21],0.7442932585791743,0.7554824800235276
906,6166.953125,"[0.4375, 0.59375, 0.375, 0.65625, 0.171875, 0.515625, 0.0390625, 0.3125, 0.15625, 0.03125, 0.15625, 0.109375, 0.265625, 0.078125, 0.6875, 0.75, 0.34375, 0.296875, 0.0625, 0.109375, 0.125]","[0.21875, 0.296875, 0.1875, 0.65625, 0.0859375, 0.2734375, 0.0546875, 0.1875, 0.078125, 0.015625, 0.1875, 0.0703125, 0.1640625, 0.125, 0.40625, 0.40625, 0.171875, 0.328125, 0.046875, 0.0703125, 0.140625]",[21],0.747480228976362,0.7582535520984213
907,6166.640625,"[0.4375, 0.59375, 0.375, 0.65625, 0.171875, 0.515625, 0.0390625, 0.375, 0.15625, 0.03125, 0.15625, 0.109375, 0.265625, 0.078125, 0.6875, 0.75, 0.34375, 0.296875, 0.0625, 0.109375, 0.125]","[0.21875, 0.296875, 0.1875, 0.65625, 0.0859375, 0.2734375, 0.0546875, 0.21875, 0.078125, 0.015625, 0.1875, 0.0703125, 0.1640625, 0.125, 0.40625, 0.40625, 0.171875, 0.328125, 0.046875, 0.0703125, 0.140625]",[48],0.7420271447724858,0.7527995776811617
908,6246.015625,"[0.4375, 0.59375, 0.375, 0.65625, 0.171875, 0.578125, 0.0390625, 0.375, 0.15625, 0.03125, 0.15625, 0.109375, 0.265625, 0.078125, 0.6875, 0.75, 0.34375, 0.296875, 0.0625, 0.109375, 0.125]","[0.21875, 0.296875, 0.1875, 0.65625, 0.0859375, 0.3046875, 0.0546875, 0.21875, 0.078125, 0.015625, 0.1875, 0.0703125, 0.1640625, 0.125, 0.40625, 0.40625, 0.171875, 0.328125, 0.046875, 0.0703125, 0.140625]",[61],0.74533499034457,0.7515500972287145
909,6404.765625,"[0.4375, 0.59375, 0.375, 0.65625, 0.171875, 0.578125, 0.0390625, 0.375, 0.15625, 0.03125, 0.15625, 0.078125, 0.265625, 0.078125, 0.6875, 0.75, 0.34375, 0.296875, 0.0625, 0.109375, 0.125]","[0.21875, 0.296875, 0.1875, 0.65625, 0.0859375, 0.3046875, 0.0546875, 0.21875, 0.078125, 0.015625, 0.1875, 0.0390625, 0.1640625, 0.125, 0.40625, 0.40625, 0.171875, 0.328125, 0.046875, 0.0703125, 0.140625]",[61],0.7535220973576641,0.764277370357474
910,6246.171875,"[0.4375, 0.59375, 0.375, 0.65625, 0.171875, 0.578125, 0.0390625, 0.375, 0.15625, 0.03125, 0.15625, 0.078125, 0.265625, 0.078125, 0.6875, 0.75, 0.34375, 0.296875, 0.0625, 0.109375, 0.125]","[0.21875, 0.296875, 0.1875, 0.65625, 0.0859375, 0.3046875, 0.0546875, 0.21875, 0.078125, 0.015625, 0.1875, 0.0390625, 0.1640625, 0.125, 0.40625, 0.40625, 0.171875, 0.328125, 0.046875, 0.0703125, 0.140625]",[61],0.7535220973576641,0.764277370357474
911,6226.171875,"[0.4375, 0.59375, 0.375, 0.65625, 0.171875, 0.578125, 0.0390625, 0.375, 0.15625, 0.03125, 0.15625, 0.078125, 0.265625, 0.078125, 0.6875, 0.75, 0.34375, 0.296875, 0.0625, 0.125, 0.125]","[0.21875, 0.296875, 0.1875, 0.65625, 0.0859375, 0.3046875, 0.0546875, 0.21875, 0.078125, 0.015625, 0.1875, 0.0390625, 0.1640625, 0.125, 0.40625, 0.40625, 0.171875, 0.328125, 0.046875, 0.078125, 0.140625]",[67],0.7496777656673521,0.7613282802492014
912,6265.859375,"[0.4375, 0.59375, 0.375, 0.65625, 0.171875, 0.453125, 0.0390625, 0.375, 0.15625, 0.03125, 0.15625, 0.078125, 0.265625, 0.078125, 0.6875, 0.75, 0.34375, 0.296875, 0.0625, 0.125, 0.125]","[0.21875, 0.296875, 0.1875, 0.65625, 0.0859375, 0.2421875, 0.0546875, 0.21875, 0.078125, 0.015625, 0.1875, 0.0390625, 0.1640625, 0.125, 0.40625, 0.40625, 0.171875, 0.328125, 0.046875, 0.078125, 0.140625]",[67],0.7455974734405184,0.7654203148441765
913,6147.109375,"[0.4375, 0.59375, 0.375, 0.65625, 0.171875, 0.453125, 0.0390625, 0.375, 0.15625, 0.03125, 0.15625, 0.078125, 0.265625, 0.078125, 0.6875, 0.75, 0.34375, 0.296875, 0.0625, 0.125, 0.125]","[0.21875, 0.296875, 0.1875, 0.65625, 0.0859375, 0.2421875, 0.0546875, 0.21875, 0.078125, 0.015625, 0.1875, 0.0390625, 0.1640625, 0.125, 0.40625, 0.40625, 0.171875, 0.328125, 0.046875, 0.078125, 0.140625]",[67],0.7455974734405184,0.7654203148441765
914,6226.796875,"[0.4375, 0.59375, 0.375, 0.65625, 0.171875, 0.453125, 0.0390625, 0.375, 0.15625, 0.03125, 0.15625, 0.078125, 0.265625, 0.078125, 0.6875, 0.75, 0.34375, 0.296875, 0.0625, 0.125, 0.109375]","[0.21875, 0.296875, 0.1875, 0.65625, 0.0859375, 0.2421875, 0.0546875, 0.21875, 0.078125, 0.015625, 0.1875, 0.0390625, 0.1640625, 0.125, 0.40625, 0.40625, 0.171875, 0.328125, 0.046875, 0.078125, 0.125]",[40],0.7494938123270387,0.7699217305672813
915,6066.953125,"[0.4375, 0.59375, 0.375, 0.65625, 0.171875, 0.453125, 0.0390625, 0.375, 0.15625, 0.03125, 0.15625, 0.078125, 0.265625, 0.078125, 0.6875, 0.75, 0.40625, 0.296875, 0.0625, 0.125, 0.109375]","[0.21875, 0.296875, 0.1875, 0.65625, 0.0859375, 0.2421875, 0.0546875, 0.21875, 0.078125, 0.015625, 0.1875, 0.0390625, 0.1640625, 0.125, 0.40625, 0.40625, 0.234375, 0.328125, 0.046875, 0.078125, 0.125]",[67],0.7454497213468544,0.758927118566145
916,6086.796875,"[0.4375, 0.53125, 0.375, 0.65625, 0.171875, 0.453125, 0.0390625, 0.375, 0.15625, 0.03125, 0.15625, 0.078125, 0.265625, 0.078125, 0.4375, 0.75, 0.40625, 0.3125, 0.0625, 0.125, 0.109375]","[0.21875, 0.265625, 0.1875, 0.65625, 0.0859375, 0.2421875, 0.0546875, 0.21875, 0.078125, 0.015625, 0.1875, 0.0390625, 0.1640625, 0.125, 0.28125, 0.40625, 0.234375, 0.34375, 0.046875, 0.078125, 0.125]",[1],0.7171035463699473,0.7539014247920882
917,5929.609375,"[0.4375, 0.53125, 0.375, 0.65625, 0.171875, 0.453125, 0.0390625, 0.375, 0.15625, 0.03125, 0.15625, 0.078125, 0.265625, 0.078125, 0.4375, 0.75, 0.40625, 0.3125, 0.09375, 0.125, 0.109375]","[0.21875, 0.265625, 0.1875, 0.65625, 0.0859375, 0.2421875, 0.0546875, 0.21875, 0.078125, 0.015625, 0.1875, 0.0390625, 0.1640625, 0.125, 0.28125, 0.40625, 0.234375, 0.34375, 0.0625, 0.078125, 0.125]",[36],0.7081089896349639,0.7473389314773946
918,6009.296875,"[0.4375, 0.53125, 0.375, 0.65625, 0.171875, 0.453125, 0.0390625, 0.375, 0.15625, 0.03125, 0.15625, 0.078125, 0.265625, 0.078125, 0.4375, 0.75, 0.40625, 0.3125, 0.09375, 0.125, 0.109375]","[0.21875, 0.265625, 0.1875, 0.65625, 0.0859375, 0.2421875, 0.0546875, 0.21875, 0.078125, 0.015625, 0.1875, 0.0390625, 0.1640625, 0.125, 0.28125, 0.40625, 0.234375, 0.34375, 0.0625, 0.078125, 0.125]",[36],0.7081089896349639,0.7473389314773946
919,6088.359375,"[0.4375, 0.53125, 0.375, 0.65625, 0.171875, 0.453125, 0.0390625, 0.375, 0.15625, 0.03125, 0.15625, 0.078125, 0.390625, 0.078125, 0.4375, 0.75, 0.40625, 0.3125, 0.09375, 0.125, 0.109375]","[0.21875, 0.265625, 0.1875, 0.65625, 0.0859375, 0.2421875, 0.0546875, 0.21875, 0.078125, 0.015625, 0.1875, 0.0390625, 0.2265625, 0.125, 0.28125, 0.40625, 0.234375, 0.34375, 0.0625, 0.078125, 0.125]",[73],0.697481164024912,0.7360370194701752
920,6128.046875,"[0.4375, 0.53125, 0.375, 0.65625, 0.171875, 0.484375, 0.0390625, 0.375, 0.15625, 0.03125, 0.15625, 0.078125, 0.390625, 0.078125, 0.4375, 0.75, 0.40625, 0.3125, 0.09375, 0.125, 0.109375]","[0.21875, 0.265625, 0.1875, 0.65625, 0.0859375, 0.2734375, 0.0546875, 0.21875, 0.078125, 0.015625, 0.1875, 0.0390625, 0.2265625, 0.125, 0.28125, 0.40625, 0.234375, 0.34375, 0.0625, 0.078125, 0.125]",[76],0.6982485700079258,0.7336290730212816
921,6147.734375,"[0.4375, 0.53125, 0.375, 0.65625, 0.171875, 0.484375, 0.0390625, 0.40625, 0.15625, 0.03125, 0.15625, 0.078125, 0.390625, 0.078125, 0.4375, 0.75, 0.40625, 0.3125, 0.09375, 0.125, 0.109375]","[0.21875, 0.265625, 0.1875, 0.65625, 0.0859375, 0.2734375, 0.0546875, 0.234375, 0.078125, 0.015625, 0.1875, 0.0390625, 0.2265625, 0.125, 0.28125, 0.40625, 0.234375, 0.34375, 0.0625, 0.078125, 0.125]",[88],0.6970516659369499,0.7316032071319973
922,6187.421875,"[0.4375, 0.53125, 0.375, 0.65625, 0.171875, 0.484375, 0.0390625, 0.40625, 0.15625, 0.03125, 0.15625, 0.078125, 0.390625, 0.078125, 0.4375, 0.75, 0.40625, 0.3125, 0.09375, 0.125, 0.109375]","[0.21875, 0.265625, 0.1875, 0.65625, 0.0859375, 0.2734375, 0.0546875, 0.234375, 0.078125, 0.015625, 0.1875, 0.0390625, 0.2265625, 0.125, 0.28125, 0.40625, 0.234375, 0.34375, 0.0625, 0.078125, 0.125]",[88],0.6970516659369499,0.7316032071319973
923,6226.484375,"[0.4375, 0.53125, 0.375, 0.65625, 0.171875, 0.484375, 0.0390625, 0.40625, 0.15625, 0.03125, 0.15625, 0.078125, 0.390625, 0.078125, 0.4375, 0.75, 0.40625, 0.3125, 0.09375, 0.125, 0.109375]","[0.21875, 0.265625, 0.1875, 0.65625, 0.0859375, 0.2734375, 0.0546875, 0.234375, 0.078125, 0.015625, 0.1875, 0.0390625, 0.2265625, 0.125, 0.28125, 0.40625, 0.234375, 0.34375, 0.0625, 0.078125, 0.125]",[88],0.6970516659369499,0.7316032071319973
924,6305.234375,"[0.4375, 0.5, 0.375, 0.65625, 0.171875, 0.484375, 0.0390625, 0.40625, 0.15625, 0.03125, 0.15625, 0.078125, 0.390625, 0.078125, 0.4375, 0.75, 0.40625, 0.3125, 0.09375, 0.125, 0.109375]","[0.21875, 0.25, 0.1875, 0.65625, 0.0859375, 0.2734375, 0.0546875, 0.234375, 0.078125, 0.015625, 0.1875, 0.0390625, 0.2265625, 0.125, 0.28125, 0.40625, 0.234375, 0.34375, 0.0625, 0.078125, 0.125]",[75],0.6951809760425856,0.73282254934884
925,6167.734375,"[0.4375, 0.5, 0.375, 0.65625, 0.171875, 0.484375, 0.0390625, 0.40625, 0.125, 0.03125, 0.15625, 0.078125, 0.390625, 0.078125, 0.4375, 0.75, 0.40625, 0.3125, 0.09375, 0.125, 0.109375]","[0.21875, 0.25, 0.1875, 0.65625, 0.0859375, 0.2734375, 0.0546875, 0.234375, 0.0625, 0.015625, 0.1875, 0.0390625, 0.2265625, 0.125, 0.28125, 0.40625, 0.234375, 0.34375, 0.0625, 0.078125, 0.125]",[46],0.7024931351506644,0.7388828349953362
926,6128.046875,"[0.4375, 0.25, 0.375, 0.65625, 0.171875, 0.484375, 0.0390625, 0.40625, 0.125, 0.03125, 0.15625, 0.078125, 0.390625, 0.078125, 0.4375, 0.75, 0.40625, 0.3125, 0.09375, 0.125, 0.109375]","[0.21875, 0.125, 0.1875, 0.65625, 0.0859375, 0.2734375, 0.0546875, 0.234375, 0.0625, 0.015625, 0.1875, 0.0390625, 0.2265625, 0.125, 0.28125, 0.40625, 0.234375, 0.34375, 0.0625, 0.078125, 0.125]",[46],0.7140414400988786,0.7633414496309419
927,5990.546875,"[0.4375, 0.25, 0.375, 0.65625, 0.171875, 0.484375, 0.0390625, 0.40625, 0.125, 0.03125, 0.15625, 0.109375, 0.390625, 0.078125, 0.4375, 0.75, 0.40625, 0.3125, 0.09375, 0.125, 0.109375]","[0.21875, 0.125, 0.1875, 0.65625, 0.0859375, 0.2734375, 0.0546875, 0.234375, 0.0625, 0.015625, 0.1875, 0.0546875, 0.2265625, 0.125, 0.28125, 0.40625, 0.234375, 0.34375, 0.0625, 0.078125, 0.125]",[49],0.7053408414432825,0.7565409891251935
928,6069.296875,"[0.4375, 0.25, 0.375, 0.65625, 0.171875, 0.453125, 0.0390625, 0.40625, 0.125, 0.03125, 0.15625, 0.109375, 0.390625, 0.078125, 0.4375, 0.875, 0.40625, 0.3125, 0.09375, 0.125, 0.109375]","[0.21875, 0.125, 0.1875, 0.65625, 0.0859375, 0.2578125, 0.0546875, 0.234375, 0.0625, 0.015625, 0.1875, 0.0546875, 0.2265625, 0.125, 0.28125, 0.46875, 0.234375, 0.34375, 0.0625, 0.078125, 0.125]",[51],0.7426065228306664,0.7712539940928019
929,6188.359375,"[0.4375, 0.25, 0.375, 0.65625, 0.171875, 0.453125, 0.0390625, 0.40625, 0.125, 0.03125, 0.15625, 0.109375, 0.390625, 0.078125, 0.4375, 0.875, 0.40625, 0.3125, 0.09375, 0.125, 0.109375]","[0.21875, 0.125, 0.1875, 0.65625, 0.0859375, 0.2578125, 0.0546875, 0.234375, 0.0625, 0.015625, 0.1875, 0.0546875, 0.2265625, 0.125, 0.28125, 0.46875, 0.234375, 0.34375, 0.0625, 0.078125, 0.125]",[51],0.7426065228306664,0.7712539940928019
930,6068.984375,"[0.4375, 0.25, 0.375, 0.65625, 0.171875, 0.453125, 0.0390625, 0.40625, 0.125, 0.03125, 0.15625, 0.109375, 0.390625, 0.078125, 0.4375, 0.875, 0.40625, 0.3125, 0.09375, 0.125, 0.109375]","[0.21875, 0.125, 0.1875, 0.65625, 0.0859375, 0.2578125, 0.0546875, 0.234375, 0.0625, 0.015625, 0.1875, 0.0546875, 0.2265625, 0.125, 0.28125, 0.46875, 0.234375, 0.34375, 0.0625, 0.078125, 0.125]",[51],0.7426065228306664,0.7712539940928019
931,6049.296875,"[0.4375, 0.25, 0.375, 0.65625, 0.171875, 0.453125, 0.0390625, 0.40625, 0.125, 0.03125, 0.15625, 0.109375, 0.390625, 0.078125, 0.46875, 0.875, 0.40625, 0.3125, 0.09375, 0.125, 0.109375]","[0.21875, 0.125, 0.1875, 0.65625, 0.0859375, 0.2578125, 0.0546875, 0.234375, 0.0625, 0.015625, 0.1875, 0.0546875, 0.2265625, 0.125, 0.296875, 0.46875, 0.234375, 0.34375, 0.0625, 0.078125, 0.125]",[75],0.7427458262973772,0.7707015974947453
932,6088.671875,"[0.5, 0.25, 0.375, 0.65625, 0.171875, 0.453125, 0.0390625, 0.40625, 0.125, 0.03125, 0.15625, 0.109375, 0.390625, 0.078125, 0.46875, 0.875, 0.40625, 0.3125, 0.09375, 0.125, 0.109375]","[0.25, 0.125, 0.1875, 0.65625, 0.0859375, 0.2578125, 0.0546875, 0.234375, 0.0625, 0.015625, 0.1875, 0.0546875, 0.2265625, 0.125, 0.296875, 0.46875, 0.234375, 0.34375, 0.0625, 0.078125, 0.125]",[88],0.7435868588741548,0.7667964162258035
933,6168.359375,"[0.5, 0.25, 0.375, 0.65625, 0.171875, 0.453125, 0.0703125, 0.40625, 0.125, 0.03125, 0.15625, 0.109375, 0.390625, 0.078125, 0.46875, 0.875, 0.40625, 0.3125, 0.09375, 0.125, 0.109375]","[0.25, 0.125, 0.1875, 0.65625, 0.0859375, 0.2578125, 0.0859375, 0.234375, 0.0625, 0.015625, 0.1875, 0.0546875, 0.2265625, 0.125, 0.296875, 0.46875, 0.234375, 0.34375, 0.0625, 0.078125, 0.125]",[90],0.7342374989753121,0.754687953661815
934,6327.109375,"[0.5, 0.25, 0.375, 0.65625, 0.171875, 0.453125, 0.0703125, 0.40625, 0.125, 0.03125, 0.15625, 0.109375, 0.390625, 0.078125, 0.46875, 0.875, 0.40625, 0.3125, 0.09375, 0.125, 0.109375]","[0.25, 0.125, 0.1875, 0.65625, 0.0859375, 0.2578125, 0.0859375, 0.234375, 0.0625, 0.015625, 0.1875, 0.0546875, 0.2265625, 0.125, 0.296875, 0.46875, 0.234375, 0.34375, 0.0625, 0.078125, 0.125]",[90],0.7342374989753121,0.754687953661815
935,6207.734375,"[0.5, 0.25, 0.375, 0.65625, 0.171875, 0.453125, 0.0703125, 0.40625, 0.125, 0.03125, 0.15625, 0.109375, 0.390625, 0.078125, 0.46875, 0.875, 0.46875, 0.3125, 0.09375, 0.125, 0.109375]","[0.25, 0.125, 0.1875, 0.65625, 0.0859375, 0.2578125, 0.0859375, 0.234375, 0.0625, 0.015625, 0.1875, 0.0546875, 0.2265625, 0.125, 0.296875, 0.46875, 0.296875, 0.34375, 0.0625, 0.078125, 0.125]",[91],0.7334736268715047,0.7500066909864251
936,6227.578125,"[0.5, 0.25, 0.375, 0.65625, 0.171875, 0.453125, 0.0703125, 0.40625, 0.125, 0.03125, 0.15625, 0.109375, 0.390625, 0.078125, 0.46875, 0.875, 0.46875, 0.3125, 0.09375, 0.125, 0.109375]","[0.25, 0.125, 0.1875, 0.65625, 0.0859375, 0.2578125, 0.0859375, 0.234375, 0.0625, 0.015625, 0.1875, 0.0546875, 0.2265625, 0.125, 0.296875, 0.46875, 0.296875, 0.34375, 0.0625, 0.078125, 0.125]",[91],0.7334736268715047,0.7500066909864251
937,6247.109375,"[0.5, 0.25, 0.375, 0.65625, 0.171875, 0.453125, 0.0703125, 0.40625, 0.125, 0.03125, 0.15625, 0.09375, 0.390625, 0.078125, 0.46875, 0.875, 0.46875, 0.296875, 0.09375, 0.125, 0.109375]","[0.25, 0.125, 0.1875, 0.65625, 0.0859375, 0.2578125, 0.0859375, 0.234375, 0.0625, 0.015625, 0.1875, 0.046875, 0.2265625, 0.125, 0.296875, 0.46875, 0.296875, 0.328125, 0.0625, 0.078125, 0.125]",[17],0.7393187852259054,0.7527031940731388
938,6247.421875,"[0.5, 0.25, 0.375, 0.65625, 0.171875, 0.453125, 0.0703125, 0.40625, 0.125, 0.03125, 0.15625, 0.15625, 0.390625, 0.078125, 0.46875, 0.875, 0.46875, 0.296875, 0.09375, 0.125, 0.109375]","[0.25, 0.125, 0.1875, 0.65625, 0.0859375, 0.2578125, 0.0859375, 0.234375, 0.0625, 0.015625, 0.1875, 0.078125, 0.2265625, 0.125, 0.296875, 0.46875, 0.296875, 0.328125, 0.0625, 0.078125, 0.125]",[67],0.7240389147082656,0.74033764948292
939,6406.171875,"[0.5, 0.25, 0.375, 0.65625, 0.171875, 0.453125, 0.0703125, 0.40625, 0.125, 0.03125, 0.15625, 0.15625, 0.390625, 0.078125, 0.46875, 0.875, 0.46875, 0.296875, 0.09375, 0.125, 0.109375]","[0.25, 0.125, 0.1875, 0.65625, 0.0859375, 0.2578125, 0.0859375, 0.234375, 0.0625, 0.015625, 0.1875, 0.078125, 0.2265625, 0.125, 0.296875, 0.46875, 0.296875, 0.328125, 0.0625, 0.078125, 0.125]",[67],0.7240389147082656,0.74033764948292
940,6287.109375,"[0.5, 0.25, 0.375, 0.65625, 0.171875, 0.453125, 0.0703125, 0.40625, 0.125, 0.03125, 0.15625, 0.15625, 0.390625, 0.078125, 0.46875, 0.875, 0.46875, 0.296875, 0.09375, 0.125, 0.109375]","[0.25, 0.125, 0.1875, 0.65625, 0.0859375, 0.2578125, 0.0859375, 0.234375, 0.0625, 0.015625, 0.1875, 0.078125, 0.2265625, 0.125, 0.296875, 0.46875, 0.296875, 0.328125, 0.0625, 0.078125, 0.125]",[67],0.7240389147082656,0.74033764948292
941,6267.109375,"[0.5, 0.25, 0.375, 0.65625, 0.171875, 0.453125, 0.0703125, 0.40625, 0.125, 0.03125, 0.15625, 0.15625, 0.390625, 0.078125, 0.46875, 0.875, 0.46875, 0.296875, 0.09375, 0.125, 0.109375]","[0.25, 0.125, 0.1875, 0.65625, 0.0859375, 0.2578125, 0.0859375, 0.234375, 0.0625, 0.015625, 0.1875, 0.078125, 0.2265625, 0.125, 0.296875, 0.46875, 0.296875, 0.328125, 0.0625, 0.078125, 0.125]",[67],0.7240389147082656,0.74033764948292
942,6287.109375,"[0.5, 0.25, 0.375, 0.65625, 0.171875, 0.453125, 0.0703125, 0.34375, 0.125, 0.03125, 0.1875, 0.15625, 0.390625, 0.078125, 0.46875, 0.875, 0.46875, 0.296875, 0.09375, 0.125, 0.109375]","[0.25, 0.125, 0.1875, 0.65625, 0.0859375, 0.2578125, 0.0859375, 0.171875, 0.0625, 0.015625, 0.21875, 0.078125, 0.2265625, 0.125, 0.296875, 0.46875, 0.296875, 0.328125, 0.0625, 0.078125, 0.125]",[22],0.7211095128246475,0.7457308372045138
943,6327.109375,"[0.5, 0.125, 0.375, 0.65625, 0.171875, 0.453125, 0.0703125, 0.34375, 0.125, 0.03125, 0.1875, 0.15625, 0.390625, 0.078125, 0.46875, 0.875, 0.46875, 0.296875, 0.09375, 0.125, 0.109375]","[0.25, 0.0625, 0.1875, 0.65625, 0.0859375, 0.2578125, 0.0859375, 0.171875, 0.0625, 0.015625, 0.21875, 0.078125, 0.2265625, 0.125, 0.296875, 0.46875, 0.296875, 0.328125, 0.0625, 0.078125, 0.125]",[22],0.7459724674323812,0.7675234222036391
944,6327.734375,"[0.5, 0.125, 0.375, 0.65625, 0.171875, 0.453125, 0.0703125, 0.34375, 0.125, 0.03125, 0.3125, 0.15625, 0.390625, 0.078125, 0.46875, 0.875, 0.46875, 0.296875, 0.09375, 0.125, 0.109375]","[0.25, 0.0625, 0.1875, 0.65625, 0.0859375, 0.2578125, 0.0859375, 0.171875, 0.0625, 0.015625, 0.34375, 0.078125, 0.2265625, 0.125, 0.296875, 0.46875, 0.296875, 0.328125, 0.0625, 0.078125, 0.125]",[35],0.7269541152242133,0.760573999846195
945,6367.109375,"[0.5, 0.125, 0.4375, 0.65625, 0.171875, 0.453125, 0.0703125, 0.34375, 0.125, 0.03125, 0.3125, 0.15625, 0.390625, 0.078125, 0.46875, 0.875, 0.46875, 0.296875, 0.09375, 0.125, 0.109375]","[0.25, 0.0625, 0.25, 0.65625, 0.0859375, 0.2578125, 0.0859375, 0.171875, 0.0625, 0.015625, 0.34375, 0.078125, 0.2265625, 0.125, 0.296875, 0.46875, 0.296875, 0.328125, 0.0625, 0.078125, 0.125]",[91],0.7247039307189992,0.7509112051706262
946,6386.796875,"[0.5, 0.125, 0.4375, 0.65625, 0.171875, 0.453125, 0.0703125, 0.34375, 0.125, 0.03125, 0.3125, 0.15625, 0.390625, 0.078125, 0.5, 0.875, 0.46875, 0.296875, 0.09375, 0.125, 0.109375]","[0.25, 0.0625, 0.25, 0.65625, 0.0859375, 0.2578125, 0.0859375, 0.171875, 0.0625, 0.015625, 0.34375, 0.078125, 0.2265625, 0.125, 0.3125, 0.46875, 0.296875, 0.328125, 0.0625, 0.078125, 0.125]",[92],0.7253038616652955,0.7504893767686635
947,6426.484375,"[0.5, 0.125, 0.4375, 0.65625, 0.171875, 0.453125, 0.0703125, 0.34375, 0.125, 0.03125, 0.3125, 0.15625, 0.390625, 0.078125, 0.5, 0.875, 0.46875, 0.265625, 0.09375, 0.125, 0.109375]","[0.25, 0.0625, 0.25, 0.65625, 0.0859375, 0.2578125, 0.0859375, 0.171875, 0.0625, 0.015625, 0.34375, 0.078125, 0.2265625, 0.125, 0.3125, 0.46875, 0.296875, 0.296875, 0.0625, 0.078125, 0.125]",[68],0.7293396108061726,0.7509445847572119
948,6426.484375,"[0.5, 0.125, 0.4375, 0.640625, 0.171875, 0.453125, 0.0703125, 0.34375, 0.125, 0.03125, 0.3125, 0.21875, 0.390625, 0.078125, 0.5, 0.875, 0.46875, 0.265625, 0.09375, 0.125, 0.109375]","[0.25, 0.0625, 0.25, 0.640625, 0.0859375, 0.2578125, 0.0859375, 0.171875, 0.0625, 0.015625, 0.34375, 0.109375, 0.2265625, 0.125, 0.3125, 0.46875, 0.296875, 0.296875, 0.0625, 0.078125, 0.125]",[0],0.7148517526875897,0.7324606378040442
949,6564.140625,"[0.5, 0.125, 0.4375, 0.640625, 0.171875, 0.453125, 0.0703125, 0.34375, 0.125, 0.03125, 0.3125, 0.21875, 0.390625, 0.078125, 0.5, 0.875, 0.46875, 0.265625, 0.09375, 0.125, 0.109375]","[0.25, 0.0625, 0.25, 0.640625, 0.0859375, 0.2578125, 0.0859375, 0.171875, 0.0625, 0.015625, 0.34375, 0.109375, 0.2265625, 0.125, 0.3125, 0.46875, 0.296875, 0.296875, 0.0625, 0.078125, 0.125]",[0],0.7148517526875897,0.7324606378040442
950,6446.328125,"[0.5, 0.125, 0.4375, 0.640625, 0.171875, 0.453125, 0.0703125, 0.34375, 0.125, 0.03125, 0.3125, 0.21875, 0.390625, 0.078125, 0.5, 0.875, 0.46875, 0.265625, 0.09375, 0.125, 0.109375]","[0.25, 0.0625, 0.25, 0.640625, 0.0859375, 0.2578125, 0.0859375, 0.171875, 0.0625, 0.015625, 0.34375, 0.109375, 0.2265625, 0.125, 0.3125, 0.46875, 0.296875, 0.296875, 0.0625, 0.078125, 0.125]",[0],0.7148517526875897,0.7324606378040442
951,6426.328125,"[0.5, 0.125, 0.4375, 0.640625, 0.171875, 0.453125, 0.0703125, 0.34375, 0.125, 0.03125, 0.3125, 0.21875, 0.390625, 0.078125, 0.5, 0.875, 0.46875, 0.265625, 0.09375, 0.125, 0.109375]","[0.25, 0.0625, 0.25, 0.640625, 0.0859375, 0.2578125, 0.0859375, 0.171875, 0.0625, 0.015625, 0.34375, 0.109375, 0.2265625, 0.125, 0.3125, 0.46875, 0.296875, 0.296875, 0.0625, 0.078125, 0.125]",[0],0.7148517526875897,0.7324606378040442
952,6446.015625,"[0.5, 0.125, 0.4375, 0.640625, 0.171875, 0.453125, 0.0703125, 0.34375, 0.125, 0.03125, 0.3125, 0.21875, 0.390625, 0.078125, 0.5, 0.875, 0.53125, 0.265625, 0.09375, 0.125, 0.109375]","[0.25, 0.0625, 0.25, 0.640625, 0.0859375, 0.2578125, 0.0859375, 0.171875, 0.0625, 0.015625, 0.34375, 0.109375, 0.2265625, 0.125, 0.3125, 0.46875, 0.328125, 0.296875, 0.0625, 0.078125, 0.125]",[93],0.7167266766918505,0.7322099047842244
953,6524.765625,"[0.5, 0.125, 0.4375, 0.640625, 0.171875, 0.390625, 0.0703125, 0.34375, 0.125, 0.03125, 0.3125, 0.21875, 0.265625, 0.078125, 0.5, 0.875, 0.53125, 0.265625, 0.09375, 0.125, 0.109375]","[0.25, 0.0625, 0.25, 0.640625, 0.0859375, 0.2265625, 0.0859375, 0.171875, 0.0625, 0.015625, 0.34375, 0.109375, 0.1640625, 0.125, 0.3125, 0.46875, 0.328125, 0.296875, 0.0625, 0.078125, 0.125]",[48],0.730140735916501,0.7474951126023018
954,6367.265625,"[0.5, 0.125, 0.1875, 0.640625, 0.171875, 0.390625, 0.0703125, 0.34375, 0.125, 0.03125, 0.3125, 0.21875, 0.265625, 0.078125, 0.5, 0.875, 0.53125, 0.25, 0.09375, 0.125, 0.109375]","[0.25, 0.0625, 0.125, 0.640625, 0.0859375, 0.2265625, 0.0859375, 0.171875, 0.0625, 0.015625, 0.34375, 0.109375, 0.1640625, 0.125, 0.3125, 0.46875, 0.328125, 0.28125, 0.0625, 0.078125, 0.125]",[48],0.7586443225526068,0.773200612601816
955,6069.921875,"[0.5, 0.125, 0.25, 0.640625, 0.171875, 0.390625, 0.0703125, 0.34375, 0.125, 0.03125, 0.3125, 0.21875, 0.265625, 0.078125, 0.5, 0.875, 0.53125, 0.25, 0.09375, 0.125, 0.109375]","[0.25, 0.0625, 0.1875, 0.640625, 0.0859375, 0.2265625, 0.0859375, 0.171875, 0.0625, 0.015625, 0.34375, 0.109375, 0.1640625, 0.125, 0.3125, 0.46875, 0.328125, 0.28125, 0.0625, 0.078125, 0.125]",[50],0.7475558129802349,0.7575545859992832
956,6089.765625,"[0.5, 0.125, 0.25, 0.515625, 0.171875, 0.40625, 0.0703125, 0.34375, 0.125, 0.03125, 0.3125, 0.21875, 0.265625, 0.078125, 0.5, 0.875, 0.53125, 0.25, 0.09375, 0.125, 0.109375]","[0.25, 0.0625, 0.1875, 0.515625, 0.0859375, 0.234375, 0.0859375, 0.171875, 0.0625, 0.015625, 0.34375, 0.109375, 0.1640625, 0.125, 0.3125, 0.46875, 0.328125, 0.28125, 0.0625, 0.078125, 0.125]",[70],0.7331194625089232,0.6979864328721201
957,5970.703125,"[0.5, 0.125, 0.25, 0.484375, 0.171875, 0.40625, 0.0703125, 0.21875, 0.125, 0.03125, 0.3125, 0.21875, 0.265625, 0.078125, 0.5, 0.875, 0.53125, 0.1875, 0.125, 0.125, 0.109375]","[0.25, 0.0625, 0.1875, 0.484375, 0.0859375, 0.234375, 0.0859375, 0.109375, 0.0625, 0.015625, 0.34375, 0.109375, 0.1640625, 0.125, 0.3125, 0.46875, 0.328125, 0.21875, 0.078125, 0.078125, 0.125]",[7],0.7493184248918714,0.6997277658929879
958,5852.265625,"[0.5, 0.125, 0.25, 0.484375, 0.171875, 0.28125, 0.0703125, 0.21875, 0.125, 0.03125, 0.3125, 0.21875, 0.265625, 0.078125, 0.5, 0.875, 0.53125, 0.1875, 0.125, 0.125, 0.109375]","[0.25, 0.0625, 0.1875, 0.484375, 0.0859375, 0.171875, 0.0859375, 0.109375, 0.0625, 0.015625, 0.34375, 0.109375, 0.1640625, 0.125, 0.3125, 0.46875, 0.328125, 0.21875, 0.078125, 0.078125, 0.125]",[7],0.7578303319800875,0.7088750426839625
959,5773.515625,"[0.5, 0.125, 0.25, 0.484375, 0.171875, 0.28125, 0.0703125, 0.21875, 0.125, 0.03125, 0.3125, 0.21875, 0.265625, 0.140625, 0.5, 0.875, 0.53125, 0.1875, 0.125, 0.125, 0.109375]","[0.25, 0.0625, 0.1875, 0.484375, 0.0859375, 0.171875, 0.0859375, 0.109375, 0.0625, 0.015625, 0.34375, 0.109375, 0.1640625, 0.1875, 0.3125, 0.46875, 0.328125, 0.21875, 0.078125, 0.078125, 0.125]",[39],0.740715233139468,0.6940106990277649
960,5813.359375,"[0.5, 0.125, 0.25, 0.484375, 0.171875, 0.265625, 0.0703125, 0.21875, 0.125, 0.03125, 0.3125, 0.21875, 0.265625, 0.140625, 0.5, 0.875, 0.53125, 0.1875, 0.125, 0.125, 0.109375]","[0.25, 0.0625, 0.1875, 0.484375, 0.0859375, 0.1640625, 0.0859375, 0.109375, 0.0625, 0.015625, 0.34375, 0.109375, 0.1640625, 0.1875, 0.3125, 0.46875, 0.328125, 0.21875, 0.078125, 0.078125, 0.125]",[39],0.7427025824817584,0.6956841559345277
961,5773.515625,"[0.5, 0.125, 0.25, 0.359375, 0.171875, 0.265625, 0.0703125, 0.21875, 0.125, 0.03125, 0.3125, 0.21875, 0.265625, 0.140625, 0.5, 0.875, 0.53125, 0.1875, 0.125, 0.125, 0.109375]","[0.25, 0.0625, 0.1875, 0.359375, 0.0859375, 0.1640625, 0.0859375, 0.109375, 0.0625, 0.015625, 0.34375, 0.109375, 0.1640625, 0.1875, 0.3125, 0.46875, 0.328125, 0.21875, 0.078125, 0.078125, 0.125]",[39],0.7415008088496411,0.6554846396275696
962,5634.296875,"[0.5, 0.125, 0.25, 0.359375, 0.171875, 0.265625, 0.0703125, 0.21875, 0.125, 0.03125, 0.3125, 0.21875, 0.265625, 0.140625, 0.5, 0.875, 0.53125, 0.1875, 0.09375, 0.125, 0.09375]","[0.25, 0.0625, 0.1875, 0.359375, 0.0859375, 0.1640625, 0.0859375, 0.109375, 0.0625, 0.015625, 0.34375, 0.109375, 0.1640625, 0.1875, 0.3125, 0.46875, 0.328125, 0.21875, 0.0625, 0.078125, 0.09375]",[1],0.7546491602762836,0.6724101550888912
963,5595.078125,"[0.5, 0.125, 0.25, 0.359375, 0.171875, 0.265625, 0.0703125, 0.21875, 0.125, 0.03125, 0.3125, 0.21875, 0.265625, 0.140625, 0.5, 0.875, 0.53125, 0.1875, 0.09375, 0.125, 0.125]","[0.25, 0.0625, 0.1875, 0.359375, 0.0859375, 0.1640625, 0.0859375, 0.109375, 0.0625, 0.015625, 0.34375, 0.109375, 0.1640625, 0.1875, 0.3125, 0.46875, 0.328125, 0.21875, 0.0625, 0.078125, 0.125]",[14],0.7459522390968362,0.6620216453949083
964,5753.828125,"[0.5, 0.125, 0.25, 0.359375, 0.140625, 0.265625, 0.0703125, 0.21875, 0.125, 0.03125, 0.3125, 0.21875, 0.265625, 0.140625, 0.5, 0.875, 0.53125, 0.1875, 0.09375, 0.125, 0.125]","[0.25, 0.0625, 0.1875, 0.359375, 0.0703125, 0.1640625, 0.0859375, 0.109375, 0.0625, 0.015625, 0.34375, 0.109375, 0.1640625, 0.1875, 0.3125, 0.46875, 0.328125, 0.21875, 0.0625, 0.078125, 0.125]",[14],0.7532810379126448,0.6682945867315598
965,5595.078125,"[0.5, 0.125, 0.25, 0.390625, 0.140625, 0.265625, 0.0703125, 0.21875, 0.125, 0.03125, 0.3125, 0.21875, 0.265625, 0.140625, 0.5, 0.875, 0.53125, 0.1875, 0.09375, 0.125, 0.125]","[0.25, 0.0625, 0.1875, 0.421875, 0.0703125, 0.1640625, 0.0859375, 0.109375, 0.0625, 0.015625, 0.34375, 0.109375, 0.1640625, 0.1875, 0.3125, 0.46875, 0.328125, 0.21875, 0.0625, 0.078125, 0.125]",[39],0.7523051131504154,0.6853740652588527
966,5614.765625,"[0.5, 0.125, 0.25, 0.390625, 0.140625, 0.265625, 0.0703125, 0.21875, 0.125, 0.03125, 0.3125, 0.21875, 0.265625, 0.140625, 0.53125, 0.875, 0.53125, 0.1875, 0.09375, 0.125, 0.125]","[0.25, 0.0625, 0.1875, 0.421875, 0.0703125, 0.1640625, 0.0859375, 0.109375, 0.0625, 0.015625, 0.34375, 0.109375, 0.1640625, 0.1875, 0.328125, 0.46875, 0.328125, 0.21875, 0.0625, 0.078125, 0.125]",[55],0.755298804340189,0.68705200102455
967,5654.453125,"[0.5, 0.125, 0.25, 0.390625, 0.140625, 0.265625, 0.0703125, 0.21875, 0.125, 0.03125, 0.3125, 0.21875, 0.265625, 0.140625, 0.53125, 0.875, 0.53125, 0.1875, 0.09375, 0.125, 0.125]","[0.25, 0.0625, 0.1875, 0.421875, 0.0703125, 0.1640625, 0.0859375, 0.109375, 0.0625, 0.015625, 0.34375, 0.109375, 0.1640625, 0.1875, 0.328125, 0.46875, 0.328125, 0.21875, 0.0625, 0.078125, 0.125]",[55],0.755298804340189,0.68705200102455
968,5694.140625,"[0.5, 0.125, 0.25, 0.390625, 0.140625, 0.265625, 0.0703125, 0.21875, 0.125, 0.03125, 0.3125, 0.21875, 0.265625, 0.140625, 0.53125, 0.75, 0.53125, 0.1875, 0.09375, 0.1875, 0.125]","[0.25, 0.0625, 0.1875, 0.421875, 0.0703125, 0.1640625, 0.0859375, 0.109375, 0.0625, 0.015625, 0.34375, 0.109375, 0.1640625, 0.1875, 0.328125, 0.40625, 0.328125, 0.21875, 0.0625, 0.109375, 0.125]",[3],0.6909027041260388,0.6524765217192005
969,5774.140625,"[0.5, 0.125, 0.25, 0.390625, 0.140625, 0.265625, 0.0703125, 0.21875, 0.125, 0.03125, 0.3125, 0.21875, 0.265625, 0.140625, 0.53125, 0.75, 0.53125, 0.1875, 0.21875, 0.1875, 0.125]","[0.25, 0.0625, 0.1875, 0.421875, 0.0703125, 0.1640625, 0.0859375, 0.109375, 0.0625, 0.015625, 0.34375, 0.109375, 0.1640625, 0.1875, 0.328125, 0.40625, 0.328125, 0.21875, 0.125, 0.109375, 0.125]",[60],0.6620099149468206,0.6296781216944786
970,5813.515625,"[0.5, 0.1875, 0.25, 0.390625, 0.140625, 0.265625, 0.0703125, 0.21875, 0.125, 0.03125, 0.3125, 0.21875, 0.265625, 0.140625, 0.53125, 0.75, 0.53125, 0.1875, 0.21875, 0.1875, 0.125]","[0.25, 0.125, 0.1875, 0.421875, 0.0703125, 0.1640625, 0.0859375, 0.109375, 0.0625, 0.015625, 0.34375, 0.109375, 0.1640625, 0.1875, 0.328125, 0.40625, 0.328125, 0.21875, 0.125, 0.109375, 0.125]",[78],0.6476574551219649,0.6069483037180706
971,5833.203125,"[0.5, 0.1875, 0.28125, 0.390625, 0.140625, 0.265625, 0.0703125, 0.21875, 0.125, 0.03125, 0.3125, 0.21875, 0.265625, 0.140625, 0.53125, 0.75, 0.53125, 0.1875, 0.21875, 0.1875, 0.125]","[0.25, 0.125, 0.203125, 0.421875, 0.0703125, 0.1640625, 0.0859375, 0.109375, 0.0625, 0.015625, 0.34375, 0.109375, 0.1640625, 0.1875, 0.328125, 0.40625, 0.328125, 0.21875, 0.125, 0.109375, 0.125]",[81],0.6439647386484787,0.6048076640191838
972,5872.890625,"[0.5, 0.1875, 0.28125, 0.390625, 0.140625, 0.265625, 0.0703125, 0.21875, 0.125, 0.03125, 0.3125, 0.21875, 0.296875, 0.140625, 0.53125, 0.75, 0.46875, 0.1875, 0.21875, 0.1875, 0.125]","[0.25, 0.125, 0.203125, 0.421875, 0.0703125, 0.1640625, 0.0859375, 0.109375, 0.0625, 0.015625, 0.34375, 0.109375, 0.1796875, 0.1875, 0.328125, 0.40625, 0.265625, 0.21875, 0.125, 0.109375, 0.125]",[83],0.6331031078094821,0.5958926077742531
973,5912.890625,"[0.5, 0.1875, 0.28125, 0.453125, 0.140625, 0.265625, 0.0703125, 0.21875, 0.125, 0.03125, 0.3125, 0.21875, 0.296875, 0.140625, 0.53125, 0.75, 0.46875, 0.1875, 0.21875, 0.1875, 0.125]","[0.25, 0.125, 0.203125, 0.484375, 0.0703125, 0.1640625, 0.0859375, 0.109375, 0.0625, 0.015625, 0.34375, 0.109375, 0.1796875, 0.1875, 0.328125, 0.40625, 0.265625, 0.21875, 0.125, 0.109375, 0.125]",[85],0.6358309531991261,0.623105349455895
974,6070.390625,"[0.5, 0.1875, 0.28125, 0.453125, 0.140625, 0.265625, 0.0703125, 0.21875, 0.375, 0.03125, 0.3125, 0.21875, 0.296875, 0.140625, 0.53125, 0.75, 0.46875, 0.1875, 0.21875, 0.1875, 0.125]","[0.25, 0.125, 0.203125, 0.484375, 0.0703125, 0.1640625, 0.0859375, 0.109375, 0.1875, 0.015625, 0.34375, 0.109375, 0.1796875, 0.1875, 0.328125, 0.40625, 0.265625, 0.21875, 0.125, 0.109375, 0.125]",[87],0.6023588806494931,0.5864587964509832
975,6109.765625,"[0.5, 0.1875, 0.28125, 0.453125, 0.140625, 0.265625, 0.0703125, 0.21875, 0.375, 0.03125, 0.3125, 0.21875, 0.296875, 0.140625, 0.53125, 0.75, 0.46875, 0.1875, 0.21875, 0.125, 0.125]","[0.25, 0.125, 0.203125, 0.484375, 0.0703125, 0.1640625, 0.0859375, 0.109375, 0.1875, 0.015625, 0.34375, 0.109375, 0.1796875, 0.1875, 0.328125, 0.40625, 0.265625, 0.21875, 0.125, 0.078125, 0.125]",[55],0.616507563108111,0.5976903276870481
976,6010.9375,"[0.5, 0.1875, 0.28125, 0.453125, 0.140625, 0.265625, 0.078125, 0.21875, 0.375, 0.03125, 0.3125, 0.21875, 0.296875, 0.140625, 0.53125, 0.75, 0.46875, 0.1875, 0.21875, 0.125, 0.125]","[0.25, 0.125, 0.203125, 0.484375, 0.0703125, 0.1640625, 0.09375, 0.109375, 0.1875, 0.015625, 0.34375, 0.109375, 0.1796875, 0.1875, 0.328125, 0.40625, 0.265625, 0.21875, 0.125, 0.078125, 0.125]",[87],0.6141100059055556,0.5948176273815023
977,6050.3125,"[0.5, 0.1875, 0.28125, 0.453125, 0.140625, 0.265625, 0.078125, 0.21875, 0.4375, 0.03125, 0.1875, 0.21875, 0.296875, 0.140625, 0.53125, 0.75, 0.46875, 0.1875, 0.21875, 0.125, 0.125]","[0.25, 0.125, 0.203125, 0.484375, 0.0703125, 0.1640625, 0.09375, 0.109375, 0.21875, 0.015625, 0.21875, 0.109375, 0.1796875, 0.1875, 0.328125, 0.40625, 0.265625, 0.21875, 0.125, 0.078125, 0.125]",[37],0.6320914429180665,0.5847030329352245
978,5970.9375,"[0.5, 0.1875, 0.28125, 0.453125, 0.140625, 0.265625, 0.078125, 0.21875, 0.4375, 0.03125, 0.25, 0.21875, 0.296875, 0.140625, 0.53125, 0.75, 0.46875, 0.1875, 0.21875, 0.125, 0.125]","[0.25, 0.125, 0.203125, 0.484375, 0.0703125, 0.1640625, 0.09375, 0.109375, 0.21875, 0.015625, 0.28125, 0.109375, 0.1796875, 0.1875, 0.328125, 0.40625, 0.265625, 0.21875, 0.125, 0.078125, 0.125]",[90],0.6217212647012932,0.5838637955768843
979,6129.6875,"[0.5, 0.1875, 0.28125, 0.453125, 0.140625, 0.265625, 0.078125, 0.21875, 0.4375, 0.03125, 0.1875, 0.21875, 0.296875, 0.140625, 0.53125, 0.75, 0.46875, 0.1875, 0.21875, 0.125, 0.125]","[0.25, 0.125, 0.203125, 0.484375, 0.0703125, 0.1640625, 0.09375, 0.109375, 0.21875, 0.015625, 0.21875, 0.109375, 0.1796875, 0.1875, 0.328125, 0.40625, 0.265625, 0.21875, 0.125, 0.078125, 0.125]",[37],0.6320914429180665,0.5847030329352245
980,5931.25,"[0.5, 0.1875, 0.28125, 0.453125, 0.140625, 0.265625, 0.078125, 0.21875, 0.4375, 0.03125, 0.1875, 0.21875, 0.296875, 0.140625, 0.53125, 0.75, 0.40625, 0.1875, 0.21875, 0.125, 0.125]","[0.25, 0.125, 0.203125, 0.484375, 0.0703125, 0.1640625, 0.09375, 0.109375, 0.21875, 0.015625, 0.21875, 0.109375, 0.1796875, 0.1875, 0.328125, 0.40625, 0.234375, 0.21875, 0.125, 0.078125, 0.125]",[37],0.6289694981926258,0.5849264962196583
981,5871.875,"[0.5, 0.1875, 0.28125, 0.453125, 0.140625, 0.265625, 0.078125, 0.21875, 0.4375, 0.03125, 0.1875, 0.21875, 0.296875, 0.140625, 0.53125, 0.75, 0.40625, 0.1875, 0.21875, 0.125, 0.125]","[0.25, 0.125, 0.203125, 0.484375, 0.0703125, 0.1640625, 0.09375, 0.109375, 0.21875, 0.015625, 0.21875, 0.109375, 0.1796875, 0.1875, 0.328125, 0.40625, 0.234375, 0.21875, 0.125, 0.078125, 0.125]",[37],0.6289694981926258,0.5849264962196583
982,5891.875,"[0.5, 0.1875, 0.28125, 0.453125, 0.140625, 0.265625, 0.078125, 0.21875, 0.4375, 0.03125, 0.1875, 0.21875, 0.296875, 0.125, 0.53125, 0.75, 0.40625, 0.1875, 0.25, 0.125, 0.125]","[0.25, 0.125, 0.203125, 0.484375, 0.0703125, 0.1640625, 0.09375, 0.109375, 0.21875, 0.015625, 0.21875, 0.109375, 0.1796875, 0.15625, 0.328125, 0.40625, 0.234375, 0.21875, 0.140625, 0.078125, 0.125]",[66],0.6282116283323866,0.5864036071035512
983,5930.78125,"[0.5, 0.1875, 0.28125, 0.453125, 0.140625, 0.265625, 0.078125, 0.21875, 0.4375, 0.03125, 0.1875, 0.21875, 0.296875, 0.125, 0.53125, 0.75, 0.53125, 0.1875, 0.25, 0.125, 0.125]","[0.25, 0.125, 0.203125, 0.484375, 0.0703125, 0.1640625, 0.09375, 0.109375, 0.21875, 0.015625, 0.21875, 0.109375, 0.1796875, 0.15625, 0.328125, 0.40625, 0.296875, 0.21875, 0.140625, 0.078125, 0.125]",[84],0.6376277558625104,0.5881073926906313
984,6089.53125,"[0.5, 0.1875, 0.28125, 0.453125, 0.140625, 0.265625, 0.078125, 0.21875, 0.4375, 0.03125, 0.1875, 0.21875, 0.296875, 0.125, 0.53125, 0.75, 0.53125, 0.1875, 0.25, 0.125, 0.125]","[0.25, 0.125, 0.203125, 0.484375, 0.0703125, 0.1640625, 0.09375, 0.109375, 0.21875, 0.015625, 0.21875, 0.109375, 0.1796875, 0.15625, 0.328125, 0.40625, 0.296875, 0.21875, 0.140625, 0.078125, 0.125]",[84],0.6376277558625104,0.5881073926906313
985,5970.46875,"[0.5, 0.1875, 0.28125, 0.453125, 0.140625, 0.265625, 0.078125, 0.21875, 0.4375, 0.03125, 0.1875, 0.21875, 0.296875, 0.125, 0.53125, 0.75, 0.53125, 0.1875, 0.25, 0.09375, 0.125]","[0.25, 0.125, 0.203125, 0.484375, 0.0703125, 0.1640625, 0.09375, 0.109375, 0.21875, 0.015625, 0.21875, 0.109375, 0.1796875, 0.15625, 0.328125, 0.40625, 0.296875, 0.21875, 0.140625, 0.046875, 0.125]",[26],0.6460615022453294,0.6016328749099429
986,5910.78125,"[0.5, 0.1875, 0.28125, 0.453125, 0.140625, 0.265625, 0.078125, 0.21875, 0.4375, 0.03125, 0.1875, 0.21875, 0.296875, 0.125, 0.5625, 0.75, 0.53125, 0.1875, 0.25, 0.09375, 0.125]","[0.25, 0.125, 0.203125, 0.484375, 0.0703125, 0.1640625, 0.09375, 0.109375, 0.21875, 0.015625, 0.21875, 0.109375, 0.1796875, 0.15625, 0.34375, 0.40625, 0.296875, 0.21875, 0.140625, 0.046875, 0.125]",[84],0.6503409183326182,0.6043357406491364
987,5950.15625,"[0.5, 0.1875, 0.28125, 0.453125, 0.140625, 0.265625, 0.078125, 0.21875, 0.4375, 0.03125, 0.1875, 0.21875, 0.296875, 0.125, 0.5625, 0.75, 0.53125, 0.1875, 0.25, 0.09375, 0.125]","[0.25, 0.125, 0.203125, 0.484375, 0.0703125, 0.1640625, 0.09375, 0.109375, 0.21875, 0.015625, 0.21875, 0.109375, 0.1796875, 0.15625, 0.34375, 0.40625, 0.296875, 0.21875, 0.140625, 0.046875, 0.125]",[84],0.6503409183326182,0.6043357406491364
988,5990.15625,"[0.5, 0.1875, 0.28125, 0.453125, 0.140625, 0.265625, 0.078125, 0.21875, 0.3125, 0.03125, 0.1875, 0.21875, 0.296875, 0.125, 0.5625, 0.75, 0.53125, 0.1875, 0.25, 0.09375, 0.125]","[0.25, 0.125, 0.203125, 0.484375, 0.0703125, 0.1640625, 0.09375, 0.109375, 0.15625, 0.015625, 0.21875, 0.109375, 0.1796875, 0.15625, 0.34375, 0.40625, 0.296875, 0.21875, 0.140625, 0.046875, 0.125]",[13],0.6529813015515568,0.6140377207798782
989,5991.40625,"[0.5, 0.1875, 0.28125, 0.453125, 0.140625, 0.265625, 0.140625, 0.21875, 0.3125, 0.03125, 0.1875, 0.21875, 0.265625, 0.125, 0.5625, 0.75, 0.53125, 0.1875, 0.25, 0.09375, 0.125]","[0.25, 0.125, 0.203125, 0.484375, 0.0703125, 0.1640625, 0.15625, 0.109375, 0.15625, 0.015625, 0.21875, 0.109375, 0.1640625, 0.15625, 0.34375, 0.40625, 0.296875, 0.21875, 0.140625, 0.046875, 0.125]",[81],0.6393076058247241,0.598638013154449
990,5991.09375,"[0.5, 0.1875, 0.28125, 0.453125, 0.140625, 0.265625, 0.140625, 0.28125, 0.3125, 0.03125, 0.1875, 0.21875, 0.265625, 0.125, 0.5625, 0.75, 0.53125, 0.1875, 0.25, 0.09375, 0.125]","[0.25, 0.125, 0.203125, 0.484375, 0.0703125, 0.1640625, 0.15625, 0.171875, 0.15625, 0.015625, 0.21875, 0.109375, 0.1640625, 0.15625, 0.34375, 0.40625, 0.296875, 0.21875, 0.140625, 0.046875, 0.125]",[84],0.6307868544987726,0.5824919084861061
991,6010.9375,"[0.5, 0.1875, 0.28125, 0.453125, 0.140625, 0.265625, 0.140625, 0.28125, 0.25, 0.03125, 0.1875, 0.234375, 0.265625, 0.125, 0.5625, 0.75, 0.53125, 0.1875, 0.25, 0.09375, 0.125]","[0.25, 0.125, 0.203125, 0.484375, 0.0703125, 0.1640625, 0.15625, 0.171875, 0.125, 0.015625, 0.21875, 0.1171875, 0.1640625, 0.15625, 0.34375, 0.40625, 0.296875, 0.21875, 0.140625, 0.046875, 0.125]",[87],0.6349352593834577,0.5880690395799629
992,6011.25,"[0.5, 0.1875, 0.28125, 0.453125, 0.171875, 0.265625, 0.140625, 0.28125, 0.25, 0.03125, 0.1875, 0.234375, 0.265625, 0.125, 0.5625, 0.75, 0.53125, 0.1875, 0.25, 0.078125, 0.125]","[0.25, 0.125, 0.203125, 0.484375, 0.0859375, 0.1640625, 0.15625, 0.171875, 0.125, 0.015625, 0.21875, 0.1171875, 0.1640625, 0.15625, 0.34375, 0.40625, 0.296875, 0.21875, 0.140625, 0.0390625, 0.125]",[58],0.6324555320336759,0.5855745296068176
993,6070.78125,"[0.5, 0.1875, 0.28125, 0.453125, 0.171875, 0.328125, 0.140625, 0.28125, 0.25, 0.03125, 0.1875, 0.234375, 0.265625, 0.125, 0.5625, 0.75, 0.53125, 0.1875, 0.25, 0.078125, 0.125]","[0.25, 0.125, 0.203125, 0.484375, 0.0859375, 0.1953125, 0.15625, 0.171875, 0.125, 0.015625, 0.21875, 0.1171875, 0.1640625, 0.15625, 0.34375, 0.40625, 0.296875, 0.21875, 0.140625, 0.0390625, 0.125]",[90],0.6267587739008124,0.5802192111180712
994,6230.15625,"[0.5, 0.1875, 0.28125, 0.453125, 0.171875, 0.328125, 0.140625, 0.28125, 0.25, 0.03125, 0.1875, 0.234375, 0.265625, 0.125, 0.5625, 0.75, 0.53125, 0.1875, 0.25, 0.078125, 0.109375]","[0.25, 0.125, 0.203125, 0.484375, 0.0859375, 0.1953125, 0.15625, 0.171875, 0.125, 0.015625, 0.21875, 0.1171875, 0.1640625, 0.15625, 0.34375, 0.40625, 0.296875, 0.21875, 0.140625, 0.0390625, 0.109375]",[53],0.6308733436902795,0.5850688759400393
995,6070.3125,"[0.5, 0.1875, 0.28125, 0.453125, 0.171875, 0.328125, 0.140625, 0.28125, 0.25, 0.03125, 0.1875, 0.234375, 0.265625, 0.125, 0.5625, 0.75, 0.53125, 0.1875, 0.25, 0.078125, 0.109375]","[0.25, 0.125, 0.203125, 0.484375, 0.0859375, 0.1953125, 0.15625, 0.171875, 0.125, 0.015625, 0.21875, 0.1171875, 0.1640625, 0.15625, 0.34375, 0.40625, 0.296875, 0.21875, 0.140625, 0.0390625, 0.109375]",[53],0.6308733436902795,0.5850688759400393
996,6050.78125,"[0.5, 0.1875, 0.28125, 0.453125, 0.046875, 0.328125, 0.140625, 0.28125, 0.25, 0.03125, 0.1875, 0.234375, 0.265625, 0.125, 0.5625, 0.75, 0.53125, 0.1875, 0.25, 0.078125, 0.109375]","[0.25, 0.125, 0.203125, 0.484375, 0.0234375, 0.1953125, 0.15625, 0.171875, 0.125, 0.015625, 0.21875, 0.1171875, 0.1640625, 0.15625, 0.34375, 0.40625, 0.296875, 0.21875, 0.140625, 0.0390625, 0.109375]",[53],0.6647769662837212,0.6130664880522221
997,5911.875,"[0.5, 0.1875, 0.28125, 0.453125, 0.046875, 0.328125, 0.140625, 0.28125, 0.25, 0.03125, 0.1875, 0.234375, 0.265625, 0.125, 0.3125, 0.75, 0.53125, 0.1875, 0.28125, 0.078125, 0.109375]","[0.25, 0.125, 0.203125, 0.484375, 0.0234375, 0.1953125, 0.15625, 0.171875, 0.125, 0.015625, 0.21875, 0.1171875, 0.1640625, 0.15625, 0.21875, 0.40625, 0.296875, 0.21875, 0.15625, 0.0390625, 0.109375]",[57],0.6483593932303686,0.6017746577132221
998,5833.75,"[0.5, 0.1875, 0.28125, 0.453125, 0.046875, 0.328125, 0.140625, 0.28125, 0.25, 0.03125, 0.1875, 0.234375, 0.265625, 0.125, 0.3125, 0.75, 0.53125, 0.1875, 0.28125, 0.078125, 0.109375]","[0.25, 0.125, 0.203125, 0.484375, 0.0234375, 0.1953125, 0.15625, 0.171875, 0.125, 0.015625, 0.21875, 0.1171875, 0.1640625, 0.15625, 0.21875, 0.40625, 0.296875, 0.21875, 0.15625, 0.0390625, 0.109375]",[57],0.6483593932303686,0.6017746577132221
999,5913.125,"[0.5, 0.1875, 0.28125, 0.453125, 0.046875, 0.328125, 0.140625, 0.28125, 0.25, 0.03125, 0.1875, 0.234375, 0.265625, 0.125, 0.3125, 0.75, 0.53125, 0.1875, 0.28125, 0.078125, 0.046875]","[0.25, 0.125, 0.203125, 0.484375, 0.0234375, 0.1953125, 0.15625, 0.171875, 0.125, 0.015625, 0.21875, 0.1171875, 0.1640625, 0.15625, 0.21875, 0.40625, 0.296875, 0.21875, 0.15625, 0.0390625, 0.046875]",[57],0.6678734987485118,0.6270211235875699
1000,5634.375,"[0.5, 0.1875, 0.28125, 0.453125, 0.046875, 0.328125, 0.140625, 0.34375, 0.25, 0.03125, 0.1875, 0.234375, 0.265625, 0.125, 0.3125, 0.75, 0.53125, 0.1875, 0.28125, 0.078125, 0.046875]","[0.25, 0.125, 0.203125, 0.484375, 0.0234375, 0.1953125, 0.15625, 0.234375, 0.125, 0.015625, 0.21875, 0.1171875, 0.1640625, 0.15625, 0.21875, 0.40625, 0.296875, 0.21875, 0.15625, 0.0390625, 0.046875]",[65],0.6635162061614691,0.6198804201189146
