Interval,Power_Consumption,CPU_Utilization,Ram_Utilization,Inactivevmids,CPU_Imbalance,Ram_Imbalance
1,505.3125,"[0.46875, 0.0, 0.0, 0.0, 0.0, 0.0, 0.0, 0.0, 0.0, 0.0, 0.0, 0.0, 0.0, 0.0, 0.0, 0.0, 0.0, 0.0, 0.0, 0.0, 0.0]","[0.234375, 0.0, 0.0, 0.0, 0.0, 0.0, 0.0, 0.0, 0.0, 0.0, 0.0, 0.0, 0.0, 0.0, 0.0, 0.0, 0.0, 0.0, 0.0, 0.0, 0.0]","[4, 5, 6, 7, 8, 9]",4.47213595499958,4.47213595499958
2,840.0,"[1.0, 0.0, 0.0, 0.0, 0.0, 0.0, 0.0, 0.0, 0.0, 0.0, 0.0, 0.0, 0.0, 0.0, 0.0, 0.0, 0.0, 0.0, 0.0, 0.0, 0.0]","[0.53125, 0.0, 0.0, 0.0, 0.0, 0.0, 0.0, 0.0, 0.0, 0.0, 0.0, 0.0, 0.0, 0.0, 0.0, 0.0, 0.0, 0.0, 0.0, 0.0, 0.0]","[9, 10]",4.47213595499958,4.47213595499958
3,899.0625,"[1.0, 0.09375, 0.0, 0.0, 0.0, 0.0, 0.0, 0.0, 0.0, 0.0, 0.0, 0.0, 0.0, 0.0, 0.0, 0.0, 0.0, 0.0, 0.0, 0.0, 0.0]","[0.53125, 0.078125, 0.0, 0.0, 0.0, 0.0, 0.0, 0.0, 0.0, 0.0, 0.0, 0.0, 0.0, 0.0, 0.0, 0.0, 0.0, 0.0, 0.0, 0.0, 0.0]","[11, 12, 13, 14, 15, 16, 17, 18, 19, 20, 21, 22, 23, 24, 25, 26, 27, 28]",4.087611946916124,3.9122525380021846
4,1470.0,"[1.0, 1.0, 0.0, 0.0, 0.0, 0.0, 0.0, 0.0, 0.0, 0.0, 0.0, 0.0, 0.0, 0.0, 0.0, 0.0, 0.0, 0.0, 0.0, 0.0, 0.0]","[0.53125, 0.59375, 0.0, 0.0, 0.0, 0.0, 0.0, 0.0, 0.0, 0.0, 0.0, 0.0, 0.0, 0.0, 0.0, 0.0, 0.0, 0.0, 0.0, 0.0, 0.0]","[18, 22, 23, 24, 26, 27, 28, 29]",3.082207001484488,3.0874597013414458
5,2060.625,"[1.0, 1.0, 0.9375, 0.0, 0.0, 0.0, 0.0, 0.0, 0.0, 0.0, 0.0, 0.0, 0.0, 0.0, 0.0, 0.0, 0.0, 0.0, 0.0, 0.0, 0.0]","[0.53125, 0.59375, 0.53125, 0.0, 0.0, 0.0, 0.0, 0.0, 0.0, 0.0, 0.0, 0.0, 0.0, 0.0, 0.0, 0.0, 0.0, 0.0, 0.0, 0.0, 0.0]","[28, 30]",2.4507830808479882,2.453555770765425
6,2239.0625,"[1.0, 1.0, 0.96875, 0.125, 0.0, 0.0, 0.0, 0.0, 0.0, 0.0, 0.0, 0.0, 0.0, 0.0, 0.0, 0.0, 0.0, 0.0, 0.0, 0.0, 0.0]","[0.53125, 0.59375, 0.546875, 0.125, 0.0, 0.0, 0.0, 0.0, 0.0, 0.0, 0.0, 0.0, 0.0, 0.0, 0.0, 0.0, 0.0, 0.0, 0.0, 0.0, 0.0]","[31, 32, 33, 34, 35, 36, 37, 38, 39, 40, 41]",2.341256389522831,2.2749394973155055
7,2933.4375,"[1.0, 1.0, 1.0, 0.65625, 0.0, 0.0, 0.0, 0.0, 0.0, 0.0, 0.0, 0.0, 0.0, 0.0, 0.0, 0.0, 0.0, 0.0, 0.0, 0.0, 0.0]","[0.53125, 0.59375, 0.5625, 0.71875, 0.0, 0.0, 0.0, 0.0, 0.0, 0.0, 0.0, 0.0, 0.0, 0.0, 0.0, 0.0, 0.0, 0.0, 0.0, 0.0, 0.0]","[40, 42, 43, 44, 45, 46]",2.0950459708528713,2.0793014901959386
8,3250.9375,"[1.0, 1.0, 1.0, 0.90625, 0.0, 0.0, 0.0, 0.0, 0.0, 0.0, 0.0, 0.0, 0.0, 0.0, 0.0, 0.0, 0.0, 0.0, 0.0, 0.0, 0.0]","[0.53125, 0.59375, 0.5625, 1.0, 0.0, 0.0, 0.0, 0.0, 0.0, 0.0, 0.0, 0.0, 0.0, 0.0, 0.0, 0.0, 0.0, 0.0, 0.0, 0.0, 0.0]","[46, 47]",2.0637519230760266,2.1617276707403654
9,3370.0,"[1.0, 1.0, 1.0, 0.90625, 0.09375, 0.0, 0.0, 0.0, 0.0, 0.0, 0.0, 0.0, 0.0, 0.0, 0.0, 0.0, 0.0, 0.0, 0.0, 0.0, 0.0]","[0.53125, 0.59375, 0.5625, 1.0, 0.046875, 0.0, 0.0, 0.0, 0.0, 0.0, 0.0, 0.0, 0.0, 0.0, 0.0, 0.0, 0.0, 0.0, 0.0, 0.0, 0.0]",[48],2.0067330512707713,2.1181123671797963
10,3528.75,"[1.0, 1.0, 1.0, 0.90625, 0.21875, 0.0, 0.0, 0.0, 0.0, 0.0, 0.0, 0.0, 0.0, 0.0, 0.0, 0.0, 0.0, 0.0, 0.0, 0.0, 0.0]","[0.53125, 0.59375, 0.5625, 1.0, 0.109375, 0.0, 0.0, 0.0, 0.0, 0.0, 0.0, 0.0, 0.0, 0.0, 0.0, 0.0, 0.0, 0.0, 0.0, 0.0, 0.0]","[49, 50, 51, 52, 53, 54, 55, 56, 57, 58, 59, 60]",1.9429713690754251,2.0664350619750933
11,4262.96875,"[1.0, 1.0, 1.0, 0.90625, 0.796875, 0.0, 0.0, 0.0, 0.0, 0.0, 0.0, 0.0, 0.0, 0.0, 0.0, 0.0, 0.0, 0.0, 0.0, 0.0, 0.0]","[0.53125, 0.59375, 0.5625, 1.0, 0.4453125, 0.0, 0.0, 0.0, 0.0, 0.0, 0.0, 0.0, 0.0, 0.0, 0.0, 0.0, 0.0, 0.0, 0.0, 0.0, 0.0]",[61],1.797437375044319,1.8971574717446529
12,4302.65625,"[1.0, 1.0, 1.0, 0.90625, 0.828125, 0.0, 0.0, 0.0, 0.0, 0.0, 0.0, 0.0, 0.0, 0.0, 0.0, 0.0, 0.0, 0.0, 0.0, 0.0, 0.0]","[0.53125, 0.59375, 0.5625, 1.0, 0.4609375, 0.0, 0.0, 0.0, 0.0, 0.0, 0.0, 0.0, 0.0, 0.0, 0.0, 0.0, 0.0, 0.0, 0.0, 0.0, 0.0]",[62],1.7951853903957307,1.8930579475445237
13,4382.03125,"[1.0, 1.0, 1.0, 0.90625, 0.890625, 0.0, 0.0, 0.0, 0.0, 0.0, 0.0, 0.0, 0.0, 0.0, 0.0, 0.0, 0.0, 0.0, 0.0, 0.0, 0.0]","[0.53125, 0.59375, 0.5625, 1.0, 0.4921875, 0.0, 0.0, 0.0, 0.0, 0.0, 0.0, 0.0, 0.0, 0.0, 0.0, 0.0, 0.0, 0.0, 0.0, 0.0, 0.0]",[63],1.7920402000514117,1.8857041667580983
14,4540.78125,"[1.0, 1.0, 1.0, 0.90625, 0.890625, 0.125, 0.0, 0.0, 0.0, 0.0, 0.0, 0.0, 0.0, 0.0, 0.0, 0.0, 0.0, 0.0, 0.0, 0.0, 0.0]","[0.53125, 0.59375, 0.5625, 1.0, 0.4921875, 0.0625, 0.0, 0.0, 0.0, 0.0, 0.0, 0.0, 0.0, 0.0, 0.0, 0.0, 0.0, 0.0, 0.0, 0.0, 0.0]","[64, 65, 66, 67, 68, 69, 70, 71, 72]",1.7360174577914282,1.8411215475262022
15,4838.4375,"[1.0, 1.0, 1.0, 0.90625, 1.0, 0.25, 0.0, 0.0, 0.0, 0.0, 0.0, 0.0, 0.0, 0.0, 0.0, 0.0, 0.0, 0.0, 0.0, 0.0, 0.0]","[0.53125, 0.59375, 0.5625, 1.0, 0.578125, 0.125, 0.0, 0.0, 0.0, 0.0, 0.0, 0.0, 0.0, 0.0, 0.0, 0.0, 0.0, 0.0, 0.0, 0.0, 0.0]","[67, 70, 71, 72, 73]",1.6904202616973762,1.7897516422632762
16,5215.46875,"[1.0, 1.0, 1.0, 0.90625, 1.0, 0.546875, 0.0, 0.0, 0.0, 0.0, 0.0, 0.0, 0.0, 0.0, 0.0, 0.0, 0.0, 0.0, 0.0, 0.0, 0.0]","[0.53125, 0.59375, 0.5625, 1.0, 0.578125, 0.2734375, 0.0, 0.0, 0.0, 0.0, 0.0, 0.0, 0.0, 0.0, 0.0, 0.0, 0.0, 0.0, 0.0, 0.0, 0.0]",[74],1.6174068117533444,1.7196453822322557
17,5255.15625,"[1.0, 1.0, 1.0, 0.90625, 1.0, 0.578125, 0.0, 0.0, 0.0, 0.0, 0.0, 0.0, 0.0, 0.0, 0.0, 0.0, 0.0, 0.0, 0.0, 0.0, 0.0]","[0.53125, 0.59375, 0.5625, 1.0, 0.578125, 0.3046875, 0.0, 0.0, 0.0, 0.0, 0.0, 0.0, 0.0, 0.0, 0.0, 0.0, 0.0, 0.0, 0.0, 0.0, 0.0]","[75, 76, 77, 78, 79, 80, 81, 82, 83, 84, 85, 86, 87, 88, 89, 90, 91, 92, 93, 94]",1.61228391419509,1.7082079001648027
18,5790.9375,"[1.0, 1.0, 1.0, 0.90625, 1.0, 1.0, 0.0, 0.0, 0.0, 0.0, 0.0, 0.0, 0.0, 0.0, 0.0, 0.0, 0.0, 0.0, 0.0, 0.0, 0.0]","[0.53125, 0.59375, 0.5625, 1.0, 0.578125, 0.546875, 0.0, 0.0, 0.0, 0.0, 0.0, 0.0, 0.0, 0.0, 0.0, 0.0, 0.0, 0.0, 0.0, 0.0, 0.0]","[83, 86, 87, 88, 89, 90, 91, 92, 93, 94, 95, 96, 97, 98]",1.582532518173272,1.653473943459185
19,6906.5625,"[1.0, 1.0, 1.0, 0.90625, 1.0, 1.0, 0.4375, 0.0, 0.0, 0.0, 0.0, 0.0, 0.0, 0.0, 0.0, 0.0, 0.0, 0.0, 0.0, 0.0, 0.0]","[0.53125, 0.59375, 0.5625, 1.0, 0.578125, 0.546875, 0.46875, 0.0, 0.0, 0.0, 0.0, 0.0, 0.0, 0.0, 0.0, 0.0, 0.0, 0.0, 0.0, 0.0, 0.0]","[99, 100, 101, 102, 103, 104, 105, 106]",1.4620503763108619,1.4875564990964734
20,7344.84375,"[0.53125, 1.0, 1.0, 0.90625, 1.0, 1.0, 0.609375, 0.0, 0.0, 0.0, 0.0, 0.0, 0.0, 0.0, 0.0, 0.0, 0.0, 0.0, 0.0, 0.0, 0.0]","[0.296875, 0.59375, 0.5625, 1.0, 0.578125, 0.546875, 0.671875, 0.0, 0.0, 0.0, 0.0, 0.0, 0.0, 0.0, 0.0, 0.0, 0.0, 0.0, 0.0, 0.0, 0.0]","[0, 1, 2]",1.4643572948984032,1.5178793141935718
21,7325.15625,"[0.4375, 0.9375, 1.0, 0.90625, 1.0, 1.0, 0.609375, 0.0, 0.0, 0.0, 0.0, 0.0, 0.0, 0.0, 0.0, 0.0, 0.0, 0.0, 0.0, 0.0, 0.0]","[0.25, 0.53125, 0.5625, 1.0, 0.578125, 0.546875, 0.671875, 0.0, 0.0, 0.0, 0.0, 0.0, 0.0, 0.0, 0.0, 0.0, 0.0, 0.0, 0.0, 0.0, 0.0]",[3],1.4782129493513247,1.537299394016108
22,6970.78125,"[0.46875, 0.90625, 1.0, 0.90625, 1.0, 1.0, 0.609375, 0.0, 0.0, 0.0, 0.0, 0.0, 0.0, 0.0, 0.0, 0.0, 0.0, 0.0, 0.0, 0.0, 0.0]","[0.265625, 0.515625, 0.5625, 1.0, 0.578125, 0.546875, 0.671875, 0.0, 0.0, 0.0, 0.0, 0.0, 0.0, 0.0, 0.0, 0.0, 0.0, 0.0, 0.0, 0.0, 0.0]","[4, 5, 6, 7, 8, 9]",1.4722035022120288,1.5339889528649058
23,7285.78125,"[1.0, 0.0, 0.125, 0.78125, 1.0, 1.0, 0.609375, 0.0, 0.0, 0.0, 0.0, 0.0, 0.0, 0.0, 0.0, 0.0, 0.0, 0.0, 0.0, 0.0, 0.0]","[0.5625, 0.0, 0.09375, 0.875, 0.578125, 0.546875, 0.671875, 0.0, 0.0, 0.0, 0.0, 0.0, 0.0, 0.0, 0.0, 0.0, 0.0, 0.0, 0.0, 0.0, 0.0]","[9, 10]",1.7654249162725637,1.7676664224625735
24,6122.96875,"[1.0, 0.1875, 0.0625, 0.78125, 1.0, 1.0, 0.609375, 0.0, 0.0, 0.0, 0.0, 0.0, 0.0, 0.0, 0.0, 0.0, 0.0, 0.0, 0.0, 0.0, 0.0]","[0.5625, 0.09375, 0.03125, 0.875, 0.578125, 0.546875, 0.671875, 0.0, 0.0, 0.0, 0.0, 0.0, 0.0, 0.0, 0.0, 0.0, 0.0, 0.0, 0.0, 0.0, 0.0]",[11],1.7090320054164785,1.7464481455034377
25,6241.09375,"[1.0, 0.4375, 0.03125, 0.78125, 1.0, 1.0, 0.609375, 0.0, 0.0, 0.0, 0.0, 0.0, 0.0, 0.0, 0.0, 0.0, 0.0, 0.0, 0.0, 0.0, 0.0]","[0.5625, 0.21875, 0.015625, 0.875, 0.578125, 0.546875, 0.671875, 0.0, 0.0, 0.0, 0.0, 0.0, 0.0, 0.0, 0.0, 0.0, 0.0, 0.0, 0.0, 0.0, 0.0]","[12, 13, 14, 15, 16, 17, 18, 19, 20, 21, 22]",1.646842254684206,1.6928069367340106
26,6575.78125,"[1.0, 1.0, 0.0, 0.234375, 1.0, 1.0, 0.609375, 0.0, 0.0, 0.0, 0.0, 0.0, 0.0, 0.0, 0.0, 0.0, 0.0, 0.0, 0.0, 0.0, 0.0]","[0.5625, 0.53125, 0.0, 0.265625, 0.578125, 0.546875, 0.671875, 0.0, 0.0, 0.0, 0.0, 0.0, 0.0, 0.0, 0.0, 0.0, 0.0, 0.0, 0.0, 0.0, 0.0]","[17, 19, 20, 21, 22, 23, 24, 25, 26, 27, 28, 29, 30, 31, 32, 33, 34, 35, 36]",1.7209911719540598,1.642341188652085
27,6491.5625,"[1.0, 1.0, 1.0, 0.0, 0.96875, 1.0, 0.609375, 0.0, 0.0, 0.0, 0.0, 0.0, 0.0, 0.0, 0.0, 0.0, 0.0, 0.0, 0.0, 0.0, 0.0]","[0.5625, 0.53125, 0.625, 0.0, 0.5625, 0.546875, 0.671875, 0.0, 0.0, 0.0, 0.0, 0.0, 0.0, 0.0, 0.0, 0.0, 0.0, 0.0, 0.0, 0.0, 0.0]","[26, 30, 31, 33, 34, 35, 36, 37, 38, 39, 40, 41, 42, 43, 44, 45, 46, 107]",1.6073648260328781,1.5889721801484489
28,7285.3125,"[1.0, 1.0, 1.0, 0.890625, 0.90625, 1.0, 0.609375, 0.0, 0.0, 0.0, 0.0, 0.0, 0.0, 0.0, 0.0, 0.0, 0.0, 0.0, 0.0, 0.0, 0.0]","[0.5625, 0.53125, 0.625, 0.953125, 0.53125, 0.546875, 0.671875, 0.0, 0.0, 0.0, 0.0, 0.0, 0.0, 0.0, 0.0, 0.0, 0.0, 0.0, 0.0, 0.0, 0.0]","[45, 46, 107, 47]",1.4362892568240884,1.465362120489204
29,7504.21875,"[1.0, 1.0, 1.0, 0.90625, 0.875, 1.0, 0.671875, 0.0, 0.0, 0.0, 0.0, 0.0, 0.0, 0.0, 0.0, 0.0, 0.0, 0.0, 0.0, 0.0, 0.0]","[0.5625, 0.53125, 0.625, 0.96875, 0.53125, 0.546875, 0.734375, 0.0, 0.0, 0.0, 0.0, 0.0, 0.0, 0.0, 0.0, 0.0, 0.0, 0.0, 0.0, 0.0, 0.0]",[48],1.4300562726965516,1.4701160904651187
30,7385.15625,"[1.0, 1.0, 1.0, 0.9375, 0.296875, 1.0, 0.671875, 0.0, 0.0, 0.0, 0.0, 0.0, 0.0, 0.0, 0.0, 0.0, 0.0, 0.0, 0.0, 0.0, 0.0]","[0.5625, 0.53125, 0.625, 1.0, 0.1953125, 0.546875, 0.734375, 0.0, 0.0, 0.0, 0.0, 0.0, 0.0, 0.0, 0.0, 0.0, 0.0, 0.0, 0.0, 0.0, 0.0]","[49, 50, 51, 52, 53, 54, 55, 56, 57, 58, 59]",1.5039630187955957,1.5554019748982475
31,7405.0,"[1.0, 1.0, 1.0, 0.9375, 0.859375, 1.0, 0.671875, 0.0, 0.0, 0.0, 0.0, 0.0, 0.0, 0.0, 0.0, 0.0, 0.0, 0.0, 0.0, 0.0, 0.0]","[0.5625, 0.53125, 0.625, 1.0, 0.5078125, 0.546875, 0.734375, 0.0, 0.0, 0.0, 0.0, 0.0, 0.0, 0.0, 0.0, 0.0, 0.0, 0.0, 0.0, 0.0, 0.0]",[60],1.430273987702769,1.4794278966788093
32,7524.0625,"[1.0, 1.0, 1.0, 0.9375, 0.921875, 1.0, 0.671875, 0.0, 0.0, 0.0, 0.0, 0.0, 0.0, 0.0, 0.0, 0.0, 0.0, 0.0, 0.0, 0.0, 0.0]","[0.5625, 0.53125, 0.625, 1.0, 0.5390625, 0.546875, 0.734375, 0.0, 0.0, 0.0, 0.0, 0.0, 0.0, 0.0, 0.0, 0.0, 0.0, 0.0, 0.0, 0.0, 0.0]","[61, 62, 108]",1.429153043978504,1.4759053707531087
33,7543.90625,"[1.0, 1.0, 1.0, 0.9375, 1.0, 0.875, 0.671875, 0.0, 0.0, 0.0, 0.0, 0.0, 0.0, 0.0, 0.0, 0.0, 0.0, 0.0, 0.0, 0.0, 0.0]","[0.5625, 0.53125, 0.625, 1.0, 0.59375, 0.484375, 0.734375, 0.0, 0.0, 0.0, 0.0, 0.0, 0.0, 0.0, 0.0, 0.0, 0.0, 0.0, 0.0, 0.0, 0.0]","[63, 109, 110, 111, 112, 113, 114, 115, 116, 117]",1.4298804114331187,1.478751602542294
34,7543.90625,"[1.0, 1.0, 1.0, 0.9375, 0.890625, 0.703125, 0.671875, 0.0, 0.0, 0.0, 0.0, 0.0, 0.0, 0.0, 0.0, 0.0, 0.0, 0.0, 0.0, 0.0, 0.0]","[0.5625, 0.53125, 0.625, 1.0, 0.5078125, 0.4140625, 0.734375, 0.0, 0.0, 0.0, 0.0, 0.0, 0.0, 0.0, 0.0, 0.0, 0.0, 0.0, 0.0, 0.0, 0.0]","[109, 112, 113, 114, 115, 117, 64]",1.4373626747402666,1.4984068920976419
35,7464.53125,"[1.0, 1.0, 1.0, 0.9375, 0.984375, 0.828125, 0.671875, 0.0, 0.0, 0.0, 0.0, 0.0, 0.0, 0.0, 0.0, 0.0, 0.0, 0.0, 0.0, 0.0, 0.0]","[0.5625, 0.53125, 0.625, 1.0, 0.5546875, 0.4765625, 0.734375, 0.0, 0.0, 0.0, 0.0, 0.0, 0.0, 0.0, 0.0, 0.0, 0.0, 0.0, 0.0, 0.0, 0.0]","[115, 117, 64, 65, 66, 67, 68, 69, 70, 71, 72, 73]",1.4309672437688592,1.4828987481295024
36,7524.0625,"[1.0, 1.0, 1.0, 0.9375, 1.0, 0.953125, 0.671875, 0.0, 0.0, 0.0, 0.0, 0.0, 0.0, 0.0, 0.0, 0.0, 0.0, 0.0, 0.0, 0.0, 0.0]","[0.5625, 0.53125, 0.625, 1.0, 0.5625, 0.5546875, 0.734375, 0.0, 0.0, 0.0, 0.0, 0.0, 0.0, 0.0, 0.0, 0.0, 0.0, 0.0, 0.0, 0.0, 0.0]","[65, 68, 69, 70, 71, 72, 73, 74, 118]",1.429035638863796,1.4729528783697983
37,8181.40625,"[1.0, 1.0, 1.0, 0.9375, 1.0, 0.578125, 0.6015625, 0.0, 0.0, 0.0, 0.0, 0.0, 0.0, 0.0, 0.0, 0.0, 0.0, 0.0, 0.0, 0.0, 0.0]","[0.5625, 0.53125, 0.625, 1.0, 0.5625, 0.3359375, 0.6328125, 0.0, 0.0, 0.0, 0.0, 0.0, 0.0, 0.0, 0.0, 0.0, 0.0, 0.0, 0.0, 0.0, 0.0]","[71, 73, 75]",1.459000611735396,1.509111689172781
38,6947.890625,"[1.0, 1.0, 1.0, 0.9375, 1.0, 0.671875, 0.484375, 0.0, 0.0, 0.0, 0.0, 0.0, 0.0, 0.0, 0.0, 0.0, 0.0, 0.0, 0.0, 0.0, 0.0]","[0.5625, 0.53125, 0.625, 1.0, 0.5625, 0.4140625, 0.515625, 0.0, 0.0, 0.0, 0.0, 0.0, 0.0, 0.0, 0.0, 0.0, 0.0, 0.0, 0.0, 0.0, 0.0]",[76],1.4652988062903676,1.4995039699006392
39,6668.90625,"[1.0, 1.0, 1.0, 0.9375, 1.0, 0.6875, 0.3125, 0.0, 0.0, 0.0, 0.0, 0.0, 0.0, 0.0, 0.0, 0.0, 0.0, 0.0, 0.0, 0.0, 0.0]","[0.5625, 0.53125, 0.625, 1.0, 0.5625, 0.421875, 0.3125, 0.0, 0.0, 0.0, 0.0, 0.0, 0.0, 0.0, 0.0, 0.0, 0.0, 0.0, 0.0, 0.0, 0.0]",[77],1.4986605284391077,1.5367630266766856
40,6270.3125,"[0.5625, 1.0, 1.0, 0.9375, 1.0, 0.71875, 0.3125, 0.0, 0.0, 0.0, 0.0, 0.0, 0.0, 0.0, 0.0, 0.0, 0.0, 0.0, 0.0, 0.0, 0.0]","[0.3125, 0.53125, 0.625, 1.0, 0.5625, 0.4375, 0.3125, 0.0, 0.0, 0.0, 0.0, 0.0, 0.0, 0.0, 0.0, 0.0, 0.0, 0.0, 0.0, 0.0, 0.0]","[0, 1, 2, 78, 79, 80]",1.5169886053639239,1.5778848650952817
41,6270.3125,"[0.96875, 1.0, 1.0, 0.9375, 1.0, 0.71875, 0.3125, 0.0, 0.0, 0.0, 0.0, 0.0, 0.0, 0.0, 0.0, 0.0, 0.0, 0.0, 0.0, 0.0, 0.0]","[0.546875, 0.53125, 0.625, 1.0, 0.5625, 0.4375, 0.3125, 0.0, 0.0, 0.0, 0.0, 0.0, 0.0, 0.0, 0.0, 0.0, 0.0, 0.0, 0.0, 0.0, 0.0]","[78, 79, 80, 3]",1.495163023009184,1.5351069890662046
42,6548.125,"[0.46875, 0.9375, 1.0, 0.9375, 1.0, 0.9375, 0.3125, 0.0, 0.0, 0.0, 0.0, 0.0, 0.0, 0.0, 0.0, 0.0, 0.0, 0.0, 0.0, 0.0, 0.0]","[0.265625, 0.5, 0.625, 1.0, 0.5625, 0.546875, 0.3125, 0.0, 0.0, 0.0, 0.0, 0.0, 0.0, 0.0, 0.0, 0.0, 0.0, 0.0, 0.0, 0.0, 0.0]",[4],1.524761039215499,1.5819565955644714
43,6213.4375,"[0.53125, 0.8125, 1.0, 0.9375, 1.0, 0.9375, 0.3125, 0.0, 0.0, 0.0, 0.0, 0.0, 0.0, 0.0, 0.0, 0.0, 0.0, 0.0, 0.0, 0.0, 0.0]","[0.328125, 0.4375, 0.625, 1.0, 0.5625, 0.546875, 0.3125, 0.0, 0.0, 0.0, 0.0, 0.0, 0.0, 0.0, 0.0, 0.0, 0.0, 0.0, 0.0, 0.0, 0.0]",[5],1.5143350894668768,1.5721153352253576
44,6154.375,"[0.5625, 0.5625, 1.0, 0.9375, 1.0, 0.9375, 0.3125, 0.0, 0.0, 0.0, 0.0, 0.0, 0.0, 0.0, 0.0, 0.0, 0.0, 0.0, 0.0, 0.0, 0.0]","[0.34375, 0.3125, 0.625, 1.0, 0.5625, 0.546875, 0.3125, 0.0, 0.0, 0.0, 0.0, 0.0, 0.0, 0.0, 0.0, 0.0, 0.0, 0.0, 0.0, 0.0, 0.0]","[6, 7, 8, 9, 10, 11]",1.5295927494724715,1.5975465887882023
45,6272.5,"[1.0, 0.0, 0.4375, 0.9375, 1.0, 0.9375, 0.3125, 0.0, 0.0, 0.0, 0.0, 0.0, 0.0, 0.0, 0.0, 0.0, 0.0, 0.0, 0.0, 0.0, 0.0]","[0.5625, 0.0, 0.28125, 1.0, 0.5625, 0.546875, 0.3125, 0.0, 0.0, 0.0, 0.0, 0.0, 0.0, 0.0, 0.0, 0.0, 0.0, 0.0, 0.0, 0.0, 0.0]","[9, 10, 11, 12, 13, 14, 15, 16, 17, 18, 19, 20]",1.7242311251607114,1.7754742420377596
46,6134.6875,"[1.0, 0.90625, 0.0, 0.390625, 1.0, 0.9375, 0.3125, 0.0, 0.0, 0.0, 0.0, 0.0, 0.0, 0.0, 0.0, 0.0, 0.0, 0.0, 0.0, 0.0, 0.0]","[0.5625, 0.546875, 0.0, 0.453125, 0.5625, 0.546875, 0.3125, 0.0, 0.0, 0.0, 0.0, 0.0, 0.0, 0.0, 0.0, 0.0, 0.0, 0.0, 0.0, 0.0, 0.0]","[18, 21]",1.7357183871065143,1.617640073998981
47,5361.40625,"[1.0, 0.96875, 0.25, 0.046875, 0.90625, 0.9375, 0.25, 0.0, 0.0, 0.0, 0.0, 0.0, 0.0, 0.0, 0.0, 0.0, 0.0, 0.0, 0.0, 0.0, 0.0]","[0.5625, 0.578125, 0.125, 0.046875, 0.5, 0.546875, 0.25, 0.0, 0.0, 0.0, 0.0, 0.0, 0.0, 0.0, 0.0, 0.0, 0.0, 0.0, 0.0, 0.0, 0.0]",[22],1.7780234539461492,1.7169451377297067
48,4725.15625,"[1.0, 0.96875, 0.375, 0.03125, 0.90625, 0.9375, 0.25, 0.0, 0.0, 0.0, 0.0, 0.0, 0.0, 0.0, 0.0, 0.0, 0.0, 0.0, 0.0, 0.0, 0.0]","[0.5625, 0.578125, 0.1875, 0.03125, 0.5, 0.546875, 0.25, 0.0, 0.0, 0.0, 0.0, 0.0, 0.0, 0.0, 0.0, 0.0, 0.0, 0.0, 0.0, 0.0, 0.0]",[23],1.7438546101004986,1.6924215365680755
49,4862.8125,"[1.0, 0.96875, 0.625, 0.0, 0.90625, 0.9375, 0.25, 0.0, 0.0, 0.0, 0.0, 0.0, 0.0, 0.0, 0.0, 0.0, 0.0, 0.0, 0.0, 0.0, 0.0]","[0.5625, 0.578125, 0.3125, 0.0, 0.5, 0.546875, 0.25, 0.0, 0.0, 0.0, 0.0, 0.0, 0.0, 0.0, 0.0, 0.0, 0.0, 0.0, 0.0, 0.0, 0.0]",[24],1.706067603193574,1.6661780447657757
50,4862.5,"[1.0, 0.96875, 0.6875, 0.0, 0.3125, 0.9375, 0.25, 0.0, 0.0, 0.0, 0.0, 0.0, 0.0, 0.0, 0.0, 0.0, 0.0, 0.0, 0.0, 0.0, 0.0]","[0.5625, 0.578125, 0.375, 0.0, 0.171875, 0.546875, 0.25, 0.0, 0.0, 0.0, 0.0, 0.0, 0.0, 0.0, 0.0, 0.0, 0.0, 0.0, 0.0, 0.0, 0.0]",[25],1.7872609052211752,1.7386496412608166
51,4128.125,"[1.0, 1.0, 0.6875, 0.0, 0.1875, 0.9375, 0.25, 0.0, 0.0, 0.0, 0.0, 0.0, 0.0, 0.0, 0.0, 0.0, 0.0, 0.0, 0.0, 0.0, 0.0]","[0.5625, 0.59375, 0.375, 0.0, 0.109375, 0.546875, 0.25, 0.0, 0.0, 0.0, 0.0, 0.0, 0.0, 0.0, 0.0, 0.0, 0.0, 0.0, 0.0, 0.0, 0.0]",[26],1.8408899314312548,1.7837337565899296
52,4008.75,"[1.0, 1.0, 0.75, 0.0, 0.109375, 0.9375, 0.25, 0.0, 0.0, 0.0, 0.0, 0.0, 0.0, 0.0, 0.0, 0.0, 0.0, 0.0, 0.0, 0.0, 0.0]","[0.5625, 0.59375, 0.40625, 0.0, 0.0546875, 0.546875, 0.25, 0.0, 0.0, 0.0, 0.0, 0.0, 0.0, 0.0, 0.0, 0.0, 0.0, 0.0, 0.0, 0.0, 0.0]",[27],1.873044564533469,1.8217966505038987
53,3988.28125,"[1.0, 1.0, 0.875, 0.0, 0.015625, 0.5, 0.25, 0.0, 0.0, 0.0, 0.0, 0.0, 0.0, 0.0, 0.0, 0.0, 0.0, 0.0, 0.0, 0.0, 0.0]","[0.5625, 0.59375, 0.46875, 0.0, 0.0078125, 0.296875, 0.25, 0.0, 0.0, 0.0, 0.0, 0.0, 0.0, 0.0, 0.0, 0.0, 0.0, 0.0, 0.0, 0.0, 0.0]","[28, 29, 30, 31, 32, 33]",1.96911068617244,1.895810026487522
54,3690.15625,"[1.0, 1.0, 0.96875, 0.25, 0.015625, 0.4375, 0.25, 0.0, 0.0, 0.0, 0.0, 0.0, 0.0, 0.0, 0.0, 0.0, 0.0, 0.0, 0.0, 0.0, 0.0]","[0.5625, 0.59375, 0.546875, 0.25, 0.0078125, 0.265625, 0.25, 0.0, 0.0, 0.0, 0.0, 0.0, 0.0, 0.0, 0.0, 0.0, 0.0, 0.0, 0.0, 0.0, 0.0]","[31, 32, 34, 35, 36, 37, 38, 39, 40]",1.8558725143391537,1.7274742896233783
55,4106.71875,"[1.0, 1.0, 1.0, 0.625, 0.0, 0.296875, 0.09375, 0.0, 0.0, 0.0, 0.0, 0.0, 0.0, 0.0, 0.0, 0.0, 0.0, 0.0, 0.0, 0.0, 0.0]","[0.5625, 0.59375, 0.5625, 0.6875, 0.0, 0.1640625, 0.09375, 0.0, 0.0, 0.0, 0.0, 0.0, 0.0, 0.0, 0.0, 0.0, 0.0, 0.0, 0.0, 0.0, 0.0]","[40, 41]",1.8819817451970535,1.8492567242389106
56,3569.375,"[1.0, 1.0, 1.0, 0.671875, 0.0, 0.296875, 0.0, 0.0, 0.0, 0.0, 0.0, 0.0, 0.0, 0.0, 0.0, 0.0, 0.0, 0.0, 0.0, 0.0, 0.0]","[0.5625, 0.59375, 0.5625, 0.734375, 0.0, 0.1640625, 0.0, 0.0, 0.0, 0.0, 0.0, 0.0, 0.0, 0.0, 0.0, 0.0, 0.0, 0.0, 0.0, 0.0, 0.0]",[42],1.928499011723075,1.9382675938361076
57,3409.6875,"[1.0, 1.0, 1.0, 0.734375, 0.0, 0.265625, 0.0, 0.0, 0.0, 0.0, 0.0, 0.0, 0.0, 0.0, 0.0, 0.0, 0.0, 0.0, 0.0, 0.0, 0.0]","[0.5625, 0.59375, 0.5625, 0.796875, 0.0, 0.1328125, 0.0, 0.0, 0.0, 0.0, 0.0, 0.0, 0.0, 0.0, 0.0, 0.0, 0.0, 0.0, 0.0, 0.0, 0.0]","[43, 44, 45, 46, 47, 48]",1.933376723931636,1.9758639696085518
58,3588.28125,"[1.0, 1.0, 1.0, 0.90625, 0.0, 0.25, 0.0, 0.0, 0.0, 0.0, 0.0, 0.0, 0.0, 0.0, 0.0, 0.0, 0.0, 0.0, 0.0, 0.0, 0.0]","[0.5625, 0.59375, 0.5625, 1.0, 0.0, 0.125, 0.0, 0.0, 0.0, 0.0, 0.0, 0.0, 0.0, 0.0, 0.0, 0.0, 0.0, 0.0, 0.0, 0.0, 0.0]","[46, 47, 48, 49]",1.929095328157916,2.0484412563524894
59,3885.9375,"[1.0, 1.0, 1.0, 0.90625, 0.25, 0.21875, 0.0, 0.0, 0.0, 0.0, 0.0, 0.0, 0.0, 0.0, 0.0, 0.0, 0.0, 0.0, 0.0, 0.0, 0.0]","[0.5625, 0.59375, 0.5625, 1.0, 0.140625, 0.109375, 0.0, 0.0, 0.0, 0.0, 0.0, 0.0, 0.0, 0.0, 0.0, 0.0, 0.0, 0.0, 0.0, 0.0, 0.0]","[50, 51, 52]",1.8203217925881754,1.9509355664622896
60,3985.15625,"[0.53125, 1.0, 1.0, 0.90625, 0.359375, 0.125, 0.0, 0.0, 0.0, 0.0, 0.0, 0.0, 0.0, 0.0, 0.0, 0.0, 0.0, 0.0, 0.0, 0.0, 0.0]","[0.296875, 0.59375, 0.5625, 1.0, 0.1953125, 0.0625, 0.0, 0.0, 0.0, 0.0, 0.0, 0.0, 0.0, 0.0, 0.0, 0.0, 0.0, 0.0, 0.0, 0.0, 0.0]",[0],1.8533563079699475,2.0349331484846744
61,3728.28125,"[0.78125, 1.0, 1.0, 0.90625, 0.359375, 0.0, 0.0, 0.0, 0.0, 0.0, 0.0, 0.0, 0.0, 0.0, 0.0, 0.0, 0.0, 0.0, 0.0, 0.0, 0.0]","[0.421875, 0.59375, 0.5625, 1.0, 0.1953125, 0.0, 0.0, 0.0, 0.0, 0.0, 0.0, 0.0, 0.0, 0.0, 0.0, 0.0, 0.0, 0.0, 0.0, 0.0, 0.0]",[1],1.8883585317085105,2.036290468778813
62,3608.90625,"[0.78125, 1.0, 1.0, 0.90625, 0.359375, 0.0, 0.0, 0.0, 0.0, 0.0, 0.0, 0.0, 0.0, 0.0, 0.0, 0.0, 0.0, 0.0, 0.0, 0.0, 0.0]","[0.421875, 0.59375, 0.5625, 1.0, 0.1953125, 0.0, 0.0, 0.0, 0.0, 0.0, 0.0, 0.0, 0.0, 0.0, 0.0, 0.0, 0.0, 0.0, 0.0, 0.0, 0.0]",[2],1.8883585317085105,2.036290468778813
63,3589.21875,"[0.78125, 1.0, 1.0, 0.90625, 0.359375, 0.0, 0.0, 0.0, 0.0, 0.0, 0.0, 0.0, 0.0, 0.0, 0.0, 0.0, 0.0, 0.0, 0.0, 0.0, 0.0]","[0.421875, 0.59375, 0.5625, 1.0, 0.1953125, 0.0, 0.0, 0.0, 0.0, 0.0, 0.0, 0.0, 0.0, 0.0, 0.0, 0.0, 0.0, 0.0, 0.0, 0.0, 0.0]",[3],1.8883585317085105,2.036290468778813
64,3608.90625,"[0.40625, 0.84375, 1.0, 0.90625, 0.359375, 0.0, 0.0, 0.0, 0.0, 0.0, 0.0, 0.0, 0.0, 0.0, 0.0, 0.0, 0.0, 0.0, 0.0, 0.0, 0.0]","[0.234375, 0.484375, 0.5625, 1.0, 0.1953125, 0.0, 0.0, 0.0, 0.0, 0.0, 0.0, 0.0, 0.0, 0.0, 0.0, 0.0, 0.0, 0.0, 0.0, 0.0, 0.0]","[4, 5]",1.9503769816039078,2.151567568476896
65,3471.09375,"[0.78125, 0.09375, 0.75, 0.90625, 0.359375, 0.0, 0.0, 0.0, 0.0, 0.0, 0.0, 0.0, 0.0, 0.0, 0.0, 0.0, 0.0, 0.0, 0.0, 0.0, 0.0]","[0.421875, 0.046875, 0.4375, 1.0, 0.1953125, 0.0, 0.0, 0.0, 0.0, 0.0, 0.0, 0.0, 0.0, 0.0, 0.0, 0.0, 0.0, 0.0, 0.0, 0.0, 0.0]",[6],2.0876904522455835,2.3880989967863413
66,2880.46875,"[0.84375, 0.03125, 0.75, 0.90625, 0.359375, 0.0, 0.0, 0.0, 0.0, 0.0, 0.0, 0.0, 0.0, 0.0, 0.0, 0.0, 0.0, 0.0, 0.0, 0.0, 0.0]","[0.484375, 0.015625, 0.4375, 1.0, 0.1953125, 0.0, 0.0, 0.0, 0.0, 0.0, 0.0, 0.0, 0.0, 0.0, 0.0, 0.0, 0.0, 0.0, 0.0, 0.0, 0.0]","[7, 8, 9]",2.143377862920547,2.4001033132642577
67,2900.15625,"[0.9375, 0.03125, 0.625, 0.90625, 0.359375, 0.0, 0.0, 0.0, 0.0, 0.0, 0.0, 0.0, 0.0, 0.0, 0.0, 0.0, 0.0, 0.0, 0.0, 0.0, 0.0]","[0.53125, 0.015625, 0.375, 1.0, 0.1953125, 0.0, 0.0, 0.0, 0.0, 0.0, 0.0, 0.0, 0.0, 0.0, 0.0, 0.0, 0.0, 0.0, 0.0, 0.0, 0.0]","[9, 10]",2.1689790511940172,2.4178049894552625
68,3057.65625,"[0.9375, 0.40625, 0.375, 0.90625, 0.359375, 0.0, 0.0, 0.0, 0.0, 0.0, 0.0, 0.0, 0.0, 0.0, 0.0, 0.0, 0.0, 0.0, 0.0, 0.0, 0.0]","[0.53125, 0.203125, 0.25, 1.0, 0.1953125, 0.0, 0.0, 0.0, 0.0, 0.0, 0.0, 0.0, 0.0, 0.0, 0.0, 0.0, 0.0, 0.0, 0.0, 0.0, 0.0]",[11],2.0084795981833206,2.3010417711024433
69,2939.53125,"[1.0, 0.40625, 0.3125, 0.90625, 0.359375, 0.0, 0.0, 0.0, 0.0, 0.0, 0.0, 0.0, 0.0, 0.0, 0.0, 0.0, 0.0, 0.0, 0.0, 0.0, 0.0]","[0.59375, 0.203125, 0.1875, 1.0, 0.1953125, 0.0, 0.0, 0.0, 0.0, 0.0, 0.0, 0.0, 0.0, 0.0, 0.0, 0.0, 0.0, 0.0, 0.0, 0.0, 0.0]","[12, 13, 14, 15, 16, 17, 18, 19, 20]",2.053824669523225,2.341947661661846
70,3254.53125,"[1.0, 0.9375, 0.3125, 0.90625, 0.359375, 0.0, 0.0, 0.0, 0.0, 0.0, 0.0, 0.0, 0.0, 0.0, 0.0, 0.0, 0.0, 0.0, 0.0, 0.0, 0.0]","[0.59375, 0.5, 0.1875, 1.0, 0.1953125, 0.0, 0.0, 0.0, 0.0, 0.0, 0.0, 0.0, 0.0, 0.0, 0.0, 0.0, 0.0, 0.0, 0.0, 0.0, 0.0]","[18, 19, 20, 21]",1.9932924559167968,2.176674438729013
71,3510.46875,"[1.0, 1.0, 0.625, 0.90625, 0.359375, 0.0, 0.0, 0.0, 0.0, 0.0, 0.0, 0.0, 0.0, 0.0, 0.0, 0.0, 0.0, 0.0, 0.0, 0.0, 0.0]","[0.59375, 0.53125, 0.34375, 1.0, 0.1953125, 0.0, 0.0, 0.0, 0.0, 0.0, 0.0, 0.0, 0.0, 0.0, 0.0, 0.0, 0.0, 0.0, 0.0, 0.0, 0.0]","[21, 22]",1.906611437792973,2.0735522723876922
72,3530.15625,"[1.0, 1.0, 0.59375, 0.90625, 0.359375, 0.0, 0.0, 0.0, 0.0, 0.0, 0.0, 0.0, 0.0, 0.0, 0.0, 0.0, 0.0, 0.0, 0.0, 0.0, 0.0]","[0.59375, 0.53125, 0.359375, 1.0, 0.1953125, 0.0, 0.0, 0.0, 0.0, 0.0, 0.0, 0.0, 0.0, 0.0, 0.0, 0.0, 0.0, 0.0, 0.0, 0.0, 0.0]",[23],1.912285939857416,2.0664282089945787
73,3490.78125,"[1.0, 1.0, 0.5625, 0.5625, 0.359375, 0.0, 0.0, 0.0, 0.0, 0.0, 0.0, 0.0, 0.0, 0.0, 0.0, 0.0, 0.0, 0.0, 0.0, 0.0, 0.0]","[0.59375, 0.53125, 0.3125, 0.65625, 0.1953125, 0.0, 0.0, 0.0, 0.0, 0.0, 0.0, 0.0, 0.0, 0.0, 0.0, 0.0, 0.0, 0.0, 0.0, 0.0, 0.0]",[24],1.9435414208707131,1.9530178081279708
74,3073.90625,"[1.0, 1.0, 0.65625, 0.265625, 0.359375, 0.0, 0.0, 0.0, 0.0, 0.0, 0.0, 0.0, 0.0, 0.0, 0.0, 0.0, 0.0, 0.0, 0.0, 0.0, 0.0]","[0.59375, 0.53125, 0.359375, 0.296875, 0.1953125, 0.0, 0.0, 0.0, 0.0, 0.0, 0.0, 0.0, 0.0, 0.0, 0.0, 0.0, 0.0, 0.0, 0.0, 0.0, 0.0]",[25],2.032357298920687,1.9455154150311655
75,2834.6875,"[1.0, 1.0, 0.90625, 0.234375, 0.359375, 0.0, 0.0, 0.0, 0.0, 0.0, 0.0, 0.0, 0.0, 0.0, 0.0, 0.0, 0.0, 0.0, 0.0, 0.0, 0.0]","[0.59375, 0.53125, 0.484375, 0.265625, 0.1953125, 0.0, 0.0, 0.0, 0.0, 0.0, 0.0, 0.0, 0.0, 0.0, 0.0, 0.0, 0.0, 0.0, 0.0, 0.0, 0.0]","[26, 27, 28, 29, 30]",2.0376615843026675,1.9473306939533086
76,3092.1875,"[1.0, 1.0, 1.0, 0.359375, 0.359375, 0.0, 0.0, 0.0, 0.0, 0.0, 0.0, 0.0, 0.0, 0.0, 0.0, 0.0, 0.0, 0.0, 0.0, 0.0, 0.0]","[0.59375, 0.53125, 0.5625, 0.390625, 0.1953125, 0.0, 0.0, 0.0, 0.0, 0.0, 0.0, 0.0, 0.0, 0.0, 0.0, 0.0, 0.0, 0.0, 0.0, 0.0, 0.0]","[28, 31, 32, 33]",1.98691965819621,1.9077829566504052
77,3151.71875,"[1.0, 1.0, 1.0, 0.296875, 0.140625, 0.0, 0.0, 0.0, 0.0, 0.0, 0.0, 0.0, 0.0, 0.0, 0.0, 0.0, 0.0, 0.0, 0.0, 0.0, 0.0]","[0.59375, 0.53125, 0.5625, 0.328125, 0.0859375, 0.0, 0.0, 0.0, 0.0, 0.0, 0.0, 0.0, 0.0, 0.0, 0.0, 0.0, 0.0, 0.0, 0.0, 0.0, 0.0]","[34, 35, 36, 37, 38, 39, 40, 41, 42, 43]",2.1268161903272267,2.0173512478322215
78,3330.3125,"[1.0, 1.0, 1.0, 0.828125, 0.109375, 0.0, 0.0, 0.0, 0.0, 0.0, 0.0, 0.0, 0.0, 0.0, 0.0, 0.0, 0.0, 0.0, 0.0, 0.0, 0.0]","[0.59375, 0.53125, 0.5625, 0.921875, 0.0546875, 0.0, 0.0, 0.0, 0.0, 0.0, 0.0, 0.0, 0.0, 0.0, 0.0, 0.0, 0.0, 0.0, 0.0, 0.0, 0.0]","[44, 45, 46, 47, 48, 49, 53, 54, 55]",2.0021483170828986,2.08276393063813
79,3707.34375,"[1.0, 1.0, 1.0, 0.90625, 0.25, 0.0, 0.0, 0.0, 0.0, 0.0, 0.0, 0.0, 0.0, 0.0, 0.0, 0.0, 0.0, 0.0, 0.0, 0.0, 0.0]","[0.59375, 0.53125, 0.5625, 1.0, 0.125, 0.0, 0.0, 0.0, 0.0, 0.0, 0.0, 0.0, 0.0, 0.0, 0.0, 0.0, 0.0, 0.0, 0.0, 0.0, 0.0]","[46, 48, 49, 54, 55, 50]",1.929095328157916,2.0546244137266263
80,3826.40625,"[0.75, 1.0, 1.0, 0.90625, 0.453125, 0.0, 0.0, 0.0, 0.0, 0.0, 0.0, 0.0, 0.0, 0.0, 0.0, 0.0, 0.0, 0.0, 0.0, 0.0, 0.0]","[0.46875, 0.53125, 0.5625, 1.0, 0.2578125, 0.0, 0.0, 0.0, 0.0, 0.0, 0.0, 0.0, 0.0, 0.0, 0.0, 0.0, 0.0, 0.0, 0.0, 0.0, 0.0]",[0],1.8609904824872918,1.9940365817443761
81,3747.65625,"[0.8125, 1.0, 1.0, 0.90625, 0.453125, 0.0, 0.0, 0.0, 0.0, 0.0, 0.0, 0.0, 0.0, 0.0, 0.0, 0.0, 0.0, 0.0, 0.0, 0.0, 0.0]","[0.46875, 0.53125, 0.5625, 1.0, 0.2578125, 0.0, 0.0, 0.0, 0.0, 0.0, 0.0, 0.0, 0.0, 0.0, 0.0, 0.0, 0.0, 0.0, 0.0, 0.0, 0.0]",[1],1.8569830765330955,1.9940365817443761
82,3867.03125,"[0.78125, 1.0, 1.0, 0.90625, 0.578125, 0.0, 0.0, 0.0, 0.0, 0.0, 0.0, 0.0, 0.0, 0.0, 0.0, 0.0, 0.0, 0.0, 0.0, 0.0, 0.0]","[0.453125, 0.53125, 0.5625, 1.0, 0.3203125, 0.0, 0.0, 0.0, 0.0, 0.0, 0.0, 0.0, 0.0, 0.0, 0.0, 0.0, 0.0, 0.0, 0.0, 0.0, 0.0]",[2],1.829288039350314,1.967310000211958
83,3886.71875,"[0.78125, 1.0, 1.0, 0.90625, 0.578125, 0.0, 0.0, 0.0, 0.0, 0.0, 0.0, 0.0, 0.0, 0.0, 0.0, 0.0, 0.0, 0.0, 0.0, 0.0, 0.0]","[0.484375, 0.53125, 0.5625, 1.0, 0.3203125, 0.0, 0.0, 0.0, 0.0, 0.0, 0.0, 0.0, 0.0, 0.0, 0.0, 0.0, 0.0, 0.0, 0.0, 0.0, 0.0]","[3, 51, 52, 56, 57, 58, 59]",1.829288039350314,1.959359243131648
84,4143.90625,"[0.625, 1.0, 1.0, 0.90625, 0.703125, 0.0, 0.0, 0.0, 0.0, 0.0, 0.0, 0.0, 0.0, 0.0, 0.0, 0.0, 0.0, 0.0, 0.0, 0.0, 0.0]","[0.40625, 0.53125, 0.5625, 1.0, 0.3828125, 0.0, 0.0, 0.0, 0.0, 0.0, 0.0, 0.0, 0.0, 0.0, 0.0, 0.0, 0.0, 0.0, 0.0, 0.0, 0.0]","[57, 58, 59, 4]",1.8278164880337926,1.9562491634332007
85,4084.84375,"[0.84375, 1.0, 1.0, 0.90625, 0.703125, 0.0, 0.0, 0.0, 0.0, 0.0, 0.0, 0.0, 0.0, 0.0, 0.0, 0.0, 0.0, 0.0, 0.0, 0.0, 0.0]","[0.515625, 0.53125, 0.5625, 1.0, 0.3828125, 0.0, 0.0, 0.0, 0.0, 0.0, 0.0, 0.0, 0.0, 0.0, 0.0, 0.0, 0.0, 0.0, 0.0, 0.0, 0.0]",[5],1.806973257846014,1.9279469546504313
86,4204.21875,"[0.75, 0.875, 1.0, 0.90625, 0.828125, 0.0, 0.0, 0.0, 0.0, 0.0, 0.0, 0.0, 0.0, 0.0, 0.0, 0.0, 0.0, 0.0, 0.0, 0.0, 0.0]","[0.46875, 0.46875, 0.5625, 1.0, 0.4453125, 0.0, 0.0, 0.0, 0.0, 0.0, 0.0, 0.0, 0.0, 0.0, 0.0, 0.0, 0.0, 0.0, 0.0, 0.0, 0.0]","[6, 7, 8, 9, 60, 61, 62]",1.799440225048063,1.9314789473041147
87,4223.90625,"[1.0, 0.625, 1.0, 0.90625, 0.828125, 0.0, 0.0, 0.0, 0.0, 0.0, 0.0, 0.0, 0.0, 0.0, 0.0, 0.0, 0.0, 0.0, 0.0, 0.0, 0.0]","[0.65625, 0.34375, 0.5625, 1.0, 0.4453125, 0.0, 0.0, 0.0, 0.0, 0.0, 0.0, 0.0, 0.0, 0.0, 0.0, 0.0, 0.0, 0.0, 0.0, 0.0, 0.0]","[9, 60, 10]",1.8185293466063008,1.9467770720148692
88,4302.65625,"[0.9375, 1.0, 1.0, 0.90625, 0.828125, 0.0, 0.0, 0.0, 0.0, 0.0, 0.0, 0.0, 0.0, 0.0, 0.0, 0.0, 0.0, 0.0, 0.0, 0.0, 0.0]","[0.59375, 0.53125, 0.5625, 1.0, 0.4453125, 0.0, 0.0, 0.0, 0.0, 0.0, 0.0, 0.0, 0.0, 0.0, 0.0, 0.0, 0.0, 0.0, 0.0, 0.0, 0.0]","[10, 11]",1.7944133415344845,1.8971574717446529
89,4382.03125,"[1.0, 0.375, 0.625, 0.90625, 0.890625, 0.0, 0.0, 0.0, 0.0, 0.0, 0.0, 0.0, 0.0, 0.0, 0.0, 0.0, 0.0, 0.0, 0.0, 0.0, 0.0]","[0.625, 0.1875, 0.375, 1.0, 0.4765625, 0.0, 0.0, 0.0, 0.0, 0.0, 0.0, 0.0, 0.0, 0.0, 0.0, 0.0, 0.0, 0.0, 0.0, 0.0, 0.0]","[12, 13, 14]",1.8927178169616592,2.075293450673363
90,3968.59375,"[1.0, 0.71875, 0.5625, 0.90625, 0.890625, 0.0, 0.0, 0.0, 0.0, 0.0, 0.0, 0.0, 0.0, 0.0, 0.0, 0.0, 0.0, 0.0, 0.0, 0.0, 0.0]","[0.625, 0.390625, 0.3125, 1.0, 0.4765625, 0.0, 0.0, 0.0, 0.0, 0.0, 0.0, 0.0, 0.0, 0.0, 0.0, 0.0, 0.0, 0.0, 0.0, 0.0, 0.0]",[15],1.8311611099795522,1.9966996613112125
91,3968.59375,"[1.0, 0.78125, 0.53125, 0.90625, 0.890625, 0.0, 0.0, 0.0, 0.0, 0.0, 0.0, 0.0, 0.0, 0.0, 0.0, 0.0, 0.0, 0.0, 0.0, 0.0, 0.0]","[0.625, 0.421875, 0.296875, 1.0, 0.4765625, 0.0, 0.0, 0.0, 0.0, 0.0, 0.0, 0.0, 0.0, 0.0, 0.0, 0.0, 0.0, 0.0, 0.0, 0.0, 0.0]","[16, 17, 18, 19, 20, 21, 22, 63, 64, 65, 66, 67, 68, 69, 70, 71, 72, 73, 74]",1.8333779096008693,1.993389986992553
92,4244.21875,"[1.0, 1.0, 0.71875, 0.90625, 0.890625, 0.0, 0.0, 0.0, 0.0, 0.0, 0.0, 0.0, 0.0, 0.0, 0.0, 0.0, 0.0, 0.0, 0.0, 0.0, 0.0]","[0.625, 0.5625, 0.390625, 1.0, 0.4765625, 0.0, 0.0, 0.0, 0.0, 0.0, 0.0, 0.0, 0.0, 0.0, 0.0, 0.0, 0.0, 0.0, 0.0, 0.0, 0.0]","[20, 21, 22, 63, 64, 65, 66, 67, 68, 69, 70, 71, 72, 73, 74, 23]",1.8040262862787644,1.9225661211477685
93,4382.03125,"[1.0, 1.0, 0.875, 0.90625, 0.890625, 0.0, 0.0, 0.0, 0.0, 0.0, 0.0, 0.0, 0.0, 0.0, 0.0, 0.0, 0.0, 0.0, 0.0, 0.0, 0.0]","[0.625, 0.5625, 0.5, 1.0, 0.4765625, 0.0, 0.0, 0.0, 0.0, 0.0, 0.0, 0.0, 0.0, 0.0, 0.0, 0.0, 0.0, 0.0, 0.0, 0.0, 0.0]","[22, 65, 66, 67, 68, 69, 70, 71, 72, 73, 74, 23, 24]",1.7928417998930788,1.8924923265943683
94,4858.28125,"[1.0, 1.0, 0.75, 0.90625, 0.890625, 0.375, 0.0, 0.0, 0.0, 0.0, 0.0, 0.0, 0.0, 0.0, 0.0, 0.0, 0.0, 0.0, 0.0, 0.0, 0.0]","[0.625, 0.5625, 0.46875, 1.0, 0.4765625, 0.1875, 0.0, 0.0, 0.0, 0.0, 0.0, 0.0, 0.0, 0.0, 0.0, 0.0, 0.0, 0.0, 0.0, 0.0, 0.0]","[66, 69, 70, 71, 73, 74, 23, 24, 25]",1.65615734242165,1.7803852465962469
95,4858.28125,"[1.0, 1.0, 0.90625, 0.6875, 0.890625, 0.375, 0.0, 0.0, 0.0, 0.0, 0.0, 0.0, 0.0, 0.0, 0.0, 0.0, 0.0, 0.0, 0.0, 0.0, 0.0]","[0.625, 0.5625, 0.515625, 0.78125, 0.4765625, 0.1875, 0.0, 0.0, 0.0, 0.0, 0.0, 0.0, 0.0, 0.0, 0.0, 0.0, 0.0, 0.0, 0.0, 0.0, 0.0]","[71, 73, 23, 24, 25, 26, 27, 28, 29]",1.6612813329872247,1.7057960674582624
96,4818.59375,"[1.0, 1.0, 1.0, 0.796875, 0.890625, 0.375, 0.0, 0.0, 0.0, 0.0, 0.0, 0.0, 0.0, 0.0, 0.0, 0.0, 0.0, 0.0, 0.0, 0.0, 0.0]","[0.625, 0.5625, 0.59375, 0.859375, 0.4765625, 0.1875, 0.0, 0.0, 0.0, 0.0, 0.0, 0.0, 0.0, 0.0, 0.0, 0.0, 0.0, 0.0, 0.0, 0.0, 0.0]","[23, 25, 26, 28, 30, 31, 32, 33]",1.6563984100239189,1.7210142101798376
97,4858.28125,"[1.0, 1.0, 1.0, 0.375, 0.890625, 0.375, 0.0, 0.0, 0.0, 0.0, 0.0, 0.0, 0.0, 0.0, 0.0, 0.0, 0.0, 0.0, 0.0, 0.0, 0.0]","[0.625, 0.5625, 0.59375, 0.40625, 0.4765625, 0.1875, 0.0, 0.0, 0.0, 0.0, 0.0, 0.0, 0.0, 0.0, 0.0, 0.0, 0.0, 0.0, 0.0, 0.0, 0.0]","[25, 30, 31, 33, 34]",1.7242871000703548,1.6852232735468275
98,4659.84375,"[1.0, 1.0, 1.0, 0.671875, 0.46875, 0.375, 0.0, 0.0, 0.0, 0.0, 0.0, 0.0, 0.0, 0.0, 0.0, 0.0, 0.0, 0.0, 0.0, 0.0, 0.0]","[0.625, 0.5625, 0.59375, 0.734375, 0.234375, 0.1875, 0.0, 0.0, 0.0, 0.0, 0.0, 0.0, 0.0, 0.0, 0.0, 0.0, 0.0, 0.0, 0.0, 0.0, 0.0]","[35, 36, 37, 38, 39, 40, 41, 42, 43, 44, 45, 46, 47, 48, 49]",1.7104489085979686,1.7636327944815886
99,4322.5,"[1.0, 1.0, 1.0, 0.90625, 0.4375, 0.375, 0.0, 0.0, 0.0, 0.0, 0.0, 0.0, 0.0, 0.0, 0.0, 0.0, 0.0, 0.0, 0.0, 0.0, 0.0]","[0.625, 0.5625, 0.59375, 1.0, 0.21875, 0.1875, 0.0, 0.0, 0.0, 0.0, 0.0, 0.0, 0.0, 0.0, 0.0, 0.0, 0.0, 0.0, 0.0, 0.0, 0.0]","[39, 40, 41, 43, 44, 45, 46, 48, 49, 50]",1.707941755741973,1.8516179526770349
100,4997.1875,"[0.875, 1.0, 1.0, 0.90625, 1.0, 0.375, 0.0, 0.0, 0.0, 0.0, 0.0, 0.0, 0.0, 0.0, 0.0, 0.0, 0.0, 0.0, 0.0, 0.0, 0.0]","[0.5625, 0.5625, 0.59375, 1.0, 0.53125, 0.1875, 0.0, 0.0, 0.0, 0.0, 0.0, 0.0, 0.0, 0.0, 0.0, 0.0, 0.0, 0.0, 0.0, 0.0, 0.0]","[50, 0, 53, 54, 55]",1.6535128312763687,1.7585211668373162
101,5136.25,"[0.96875, 1.0, 1.0, 0.90625, 0.875, 0.5, 0.0, 0.0, 0.0, 0.0, 0.0, 0.0, 0.0, 0.0, 0.0, 0.0, 0.0, 0.0, 0.0, 0.0, 0.0]","[0.640625, 0.5625, 0.59375, 1.0, 0.46875, 0.25, 0.0, 0.0, 0.0, 0.0, 0.0, 0.0, 0.0, 0.0, 0.0, 0.0, 0.0, 0.0, 0.0, 0.0, 0.0]","[54, 55, 1]",1.6243130416095468,1.7356565627173206
102,5096.5625,"[0.90625, 1.0, 1.0, 0.90625, 0.96875, 0.5, 0.0, 0.0, 0.0, 0.0, 0.0, 0.0, 0.0, 0.0, 0.0, 0.0, 0.0, 0.0, 0.0, 0.0, 0.0]","[0.578125, 0.5625, 0.59375, 1.0, 0.515625, 0.25, 0.0, 0.0, 0.0, 0.0, 0.0, 0.0, 0.0, 0.0, 0.0, 0.0, 0.0, 0.0, 0.0, 0.0, 0.0]","[1, 2]",1.623998965829095,1.7311645801515894
103,5255.3125,"[0.59375, 1.0, 1.0, 0.90625, 0.84375, 0.625, 0.0, 0.0, 0.0, 0.0, 0.0, 0.0, 0.0, 0.0, 0.0, 0.0, 0.0, 0.0, 0.0, 0.0, 0.0]","[0.421875, 0.5625, 0.59375, 1.0, 0.453125, 0.3125, 0.0, 0.0, 0.0, 0.0, 0.0, 0.0, 0.0, 0.0, 0.0, 0.0, 0.0, 0.0, 0.0, 0.0, 0.0]",[3],1.6240304133341221,1.7429969181316123
104,4880.0,"[0.5, 1.0, 1.0, 0.90625, 0.84375, 0.625, 0.0, 0.0, 0.0, 0.0, 0.0, 0.0, 0.0, 0.0, 0.0, 0.0, 0.0, 0.0, 0.0, 0.0, 0.0]","[0.375, 0.5625, 0.59375, 1.0, 0.453125, 0.3125, 0.0, 0.0, 0.0, 0.0, 0.0, 0.0, 0.0, 0.0, 0.0, 0.0, 0.0, 0.0, 0.0, 0.0, 0.0]","[4, 51, 52]",1.6395476116321472,1.755423622780452
105,5076.875,"[0.9375, 1.0, 1.0, 0.90625, 0.71875, 0.625, 0.0, 0.0, 0.0, 0.0, 0.0, 0.0, 0.0, 0.0, 0.0, 0.0, 0.0, 0.0, 0.0, 0.0, 0.0]","[0.59375, 0.5625, 0.59375, 1.0, 0.390625, 0.3125, 0.0, 0.0, 0.0, 0.0, 0.0, 0.0, 0.0, 0.0, 0.0, 0.0, 0.0, 0.0, 0.0, 0.0, 0.0]","[5, 56, 57, 58, 59, 75, 76, 77, 78, 79, 80]",1.6110600822049994,1.7322931214582429
106,5275.0,"[0.75, 0.625, 1.0, 0.90625, 0.96875, 0.625, 0.0, 0.0, 0.0, 0.0, 0.0, 0.0, 0.0, 0.0, 0.0, 0.0, 0.0, 0.0, 0.0, 0.0, 0.0]","[0.46875, 0.375, 0.59375, 1.0, 0.515625, 0.3125, 0.0, 0.0, 0.0, 0.0, 0.0, 0.0, 0.0, 0.0, 0.0, 0.0, 0.0, 0.0, 0.0, 0.0, 0.0]","[56, 57, 75, 76, 77, 79, 80, 6]",1.6204894918801187,1.7575120763507732
107,5038.75,"[0.9375, 0.625, 1.0, 0.90625, 0.96875, 0.625, 0.0, 0.0, 0.0, 0.0, 0.0, 0.0, 0.0, 0.0, 0.0, 0.0, 0.0, 0.0, 0.0, 0.0, 0.0]","[0.59375, 0.375, 0.59375, 1.0, 0.515625, 0.3125, 0.0, 0.0, 0.0, 0.0, 0.0, 0.0, 0.0, 0.0, 0.0, 0.0, 0.0, 0.0, 0.0, 0.0, 0.0]","[79, 80, 6, 7]",1.6191441568434066,1.7422768056110656
108,5196.25,"[1.0, 0.875, 1.0, 0.90625, 0.90625, 0.625, 0.0, 0.0, 0.0, 0.0, 0.0, 0.0, 0.0, 0.0, 0.0, 0.0, 0.0, 0.0, 0.0, 0.0, 0.0]","[0.65625, 0.5, 0.59375, 1.0, 0.484375, 0.3125, 0.0, 0.0, 0.0, 0.0, 0.0, 0.0, 0.0, 0.0, 0.0, 0.0, 0.0, 0.0, 0.0, 0.0, 0.0]","[6, 7, 8]",1.603348572082383,1.717157787757107
109,5175.9375,"[1.0, 0.625, 1.0, 0.90625, 0.90625, 0.625, 0.0, 0.0, 0.0, 0.0, 0.0, 0.0, 0.0, 0.0, 0.0, 0.0, 0.0, 0.0, 0.0, 0.0, 0.0]","[0.65625, 0.34375, 0.59375, 1.0, 0.484375, 0.3125, 0.0, 0.0, 0.0, 0.0, 0.0, 0.0, 0.0, 0.0, 0.0, 0.0, 0.0, 0.0, 0.0, 0.0, 0.0]","[8, 9]",1.6201322576369928,1.755028452740057
110,5195.625,"[1.0, 0.9375, 1.0, 0.90625, 0.90625, 0.625, 0.0, 0.0, 0.0, 0.0, 0.0, 0.0, 0.0, 0.0, 0.0, 0.0, 0.0, 0.0, 0.0, 0.0, 0.0]","[0.65625, 0.5, 0.59375, 1.0, 0.484375, 0.3125, 0.0, 0.0, 0.0, 0.0, 0.0, 0.0, 0.0, 0.0, 0.0, 0.0, 0.0, 0.0, 0.0, 0.0, 0.0]",[10],1.6032813499427025,1.717157787757107
111,5195.625,"[1.0, 0.78125, 0.03125, 0.84375, 0.90625, 0.25, 0.0, 0.0, 0.0, 0.0, 0.0, 0.0, 0.0, 0.0, 0.0, 0.0, 0.0, 0.0, 0.0, 0.0, 0.0]","[0.65625, 0.421875, 0.015625, 0.9375, 0.484375, 0.125, 0.0, 0.0, 0.0, 0.0, 0.0, 0.0, 0.0, 0.0, 0.0, 0.0, 0.0, 0.0, 0.0, 0.0, 0.0]","[11, 12, 13, 14, 15, 16, 17]",1.906156308688345,2.0577598370739674
112,4187.1875,"[1.0, 1.0, 0.28125, 0.8125, 0.90625, 0.25, 0.0, 0.0, 0.0, 0.0, 0.0, 0.0, 0.0, 0.0, 0.0, 0.0, 0.0, 0.0, 0.0, 0.0, 0.0]","[0.65625, 0.53125, 0.140625, 0.90625, 0.484375, 0.125, 0.0, 0.0, 0.0, 0.0, 0.0, 0.0, 0.0, 0.0, 0.0, 0.0, 0.0, 0.0, 0.0, 0.0, 0.0]","[15, 16, 17, 18]",1.7922784690796918,1.919667307045144
113,4324.6875,"[1.0, 1.0, 0.5625, 0.75, 0.90625, 0.25, 0.0, 0.0, 0.0, 0.0, 0.0, 0.0, 0.0, 0.0, 0.0, 0.0, 0.0, 0.0, 0.0, 0.0, 0.0]","[0.65625, 0.53125, 0.3125, 0.84375, 0.484375, 0.125, 0.0, 0.0, 0.0, 0.0, 0.0, 0.0, 0.0, 0.0, 0.0, 0.0, 0.0, 0.0, 0.0, 0.0, 0.0]",[19],1.7195404631388735,1.807945101735037
114,4402.8125,"[1.0, 1.0, 0.8125, 0.625, 0.90625, 0.25, 0.0, 0.0, 0.0, 0.0, 0.0, 0.0, 0.0, 0.0, 0.0, 0.0, 0.0, 0.0, 0.0, 0.0, 0.0]","[0.65625, 0.53125, 0.4375, 0.71875, 0.484375, 0.125, 0.0, 0.0, 0.0, 0.0, 0.0, 0.0, 0.0, 0.0, 0.0, 0.0, 0.0, 0.0, 0.0, 0.0, 0.0]","[20, 21, 22, 23, 24, 25, 60, 61, 62, 63, 64]",1.7074694419062766,1.7389949593221692
115,4679.6875,"[1.0, 1.0, 0.96875, 0.75, 0.90625, 0.25, 0.0, 0.0, 0.0, 0.0, 0.0, 0.0, 0.0, 0.0, 0.0, 0.0, 0.0, 0.0, 0.0, 0.0, 0.0]","[0.65625, 0.53125, 0.546875, 0.8125, 0.484375, 0.125, 0.0, 0.0, 0.0, 0.0, 0.0, 0.0, 0.0, 0.0, 0.0, 0.0, 0.0, 0.0, 0.0, 0.0, 0.0]","[23, 25, 61, 62, 64, 26, 27, 28, 29, 65, 66, 67, 68, 69]",1.6954370832776595,1.7471109935664648
116,4719.375,"[1.0, 1.0, 1.0, 0.703125, 0.90625, 0.25, 0.0, 0.0, 0.0, 0.0, 0.0, 0.0, 0.0, 0.0, 0.0, 0.0, 0.0, 0.0, 0.0, 0.0, 0.0]","[0.65625, 0.53125, 0.5625, 0.765625, 0.484375, 0.125, 0.0, 0.0, 0.0, 0.0, 0.0, 0.0, 0.0, 0.0, 0.0, 0.0, 0.0, 0.0, 0.0, 0.0, 0.0]","[62, 64, 28, 29, 65, 66, 67, 68, 69, 30]",1.70105884165818,1.735525856909081
117,4719.375,"[1.0, 1.0, 1.0, 0.84375, 0.90625, 0.25, 0.0, 0.0, 0.0, 0.0, 0.0, 0.0, 0.0, 0.0, 0.0, 0.0, 0.0, 0.0, 0.0, 0.0, 0.0]","[0.65625, 0.53125, 0.5625, 0.9375, 0.484375, 0.125, 0.0, 0.0, 0.0, 0.0, 0.0, 0.0, 0.0, 0.0, 0.0, 0.0, 0.0, 0.0, 0.0, 0.0, 0.0]","[29, 65, 68, 69, 30, 31, 32, 33, 34, 70, 71, 72, 73, 74, 81, 82, 83]",1.6912689392878946,1.780502555136221
118,5314.6875,"[1.0, 1.0, 1.0, 0.640625, 0.34375, 0.75, 0.0, 0.0, 0.0, 0.0, 0.0, 0.0, 0.0, 0.0, 0.0, 0.0, 0.0, 0.0, 0.0, 0.0, 0.0]","[0.65625, 0.53125, 0.5625, 0.734375, 0.171875, 0.375, 0.0, 0.0, 0.0, 0.0, 0.0, 0.0, 0.0, 0.0, 0.0, 0.0, 0.0, 0.0, 0.0, 0.0, 0.0]","[68, 30, 31, 32, 33, 70, 71, 72, 73, 81, 82, 83, 35]",1.6831294889716832,1.7245022355634645
119,4600.3125,"[1.0, 1.0, 1.0, 0.875, 0.34375, 0.625, 0.0, 0.0, 0.0, 0.0, 0.0, 0.0, 0.0, 0.0, 0.0, 0.0, 0.0, 0.0, 0.0, 0.0, 0.0]","[0.65625, 0.53125, 0.5625, 1.0, 0.171875, 0.3125, 0.0, 0.0, 0.0, 0.0, 0.0, 0.0, 0.0, 0.0, 0.0, 0.0, 0.0, 0.0, 0.0, 0.0, 0.0]","[70, 72, 73, 81, 83, 35, 36, 37, 38, 39, 40, 41, 42, 43, 44, 45, 46, 47, 48, 49, 50, 84, 85, 86, 87, 88, 89, 90, 91, 92, 93, 94, 95]",1.6810382798232195,1.8245526872569697
120,5275.0,"[0.90625, 1.0, 1.0, 0.875, 0.90625, 0.625, 0.0, 0.0, 0.0, 0.0, 0.0, 0.0, 0.0, 0.0, 0.0, 0.0, 0.0, 0.0, 0.0, 0.0, 0.0]","[0.578125, 0.53125, 0.5625, 1.0, 0.5, 0.3125, 0.0, 0.0, 0.0, 0.0, 0.0, 0.0, 0.0, 0.0, 0.0, 0.0, 0.0, 0.0, 0.0, 0.0, 0.0]","[42, 44, 45, 46, 47, 48, 49, 50, 84, 85, 86, 87, 88, 89, 90, 91, 92, 93, 94, 95, 0, 53, 54, 55, 96, 97, 98, 99, 100, 101, 102]",1.603348572082383,1.7159836043912322
121,5711.5625,"[1.0, 1.0, 1.0, 0.875, 0.96875, 0.875, 0.0, 0.0, 0.0, 0.0, 0.0, 0.0, 0.0, 0.0, 0.0, 0.0, 0.0, 0.0, 0.0, 0.0, 0.0]","[0.65625, 0.53125, 0.5625, 1.0, 0.53125, 0.4375, 0.0, 0.0, 0.0, 0.0, 0.0, 0.0, 0.0, 0.0, 0.0, 0.0, 0.0, 0.0, 0.0, 0.0, 0.0]","[44, 47, 49, 50, 85, 86, 87, 88, 90, 91, 92, 93, 94, 95, 0, 53, 54, 55, 96, 97, 98, 99, 100, 101, 102, 1, 103, 104, 105]",1.5850009134782717,1.673556364332296
122,5751.25,"[0.9375, 1.0, 1.0, 0.875, 1.0, 1.0, 0.0, 0.0, 0.0, 0.0, 0.0, 0.0, 0.0, 0.0, 0.0, 0.0, 0.0, 0.0, 0.0, 0.0, 0.0]","[0.59375, 0.53125, 0.5625, 1.0, 0.546875, 0.5, 0.0, 0.0, 0.0, 0.0, 0.0, 0.0, 0.0, 0.0, 0.0, 0.0, 0.0, 0.0, 0.0, 0.0, 0.0]","[47, 49, 85, 86, 87, 90, 91, 92, 93, 94, 95, 0, 53, 54, 55, 96, 97, 98, 99, 100, 101, 102, 1, 103, 104, 105, 2, 106, 107, 108, 109, 110, 111, 112, 113, 114, 115, 116, 117, 118, 119, 120, 121, 122]",1.5838238829696318,1.6628312047267142
123,7504.375,"[0.96875, 1.0, 1.0, 0.875, 1.0, 1.0, 0.6875, 0.0, 0.0, 0.0, 0.0, 0.0, 0.0, 0.0, 0.0, 0.0, 0.0, 0.0, 0.0, 0.0, 0.0]","[0.640625, 0.53125, 0.5625, 1.0, 0.546875, 0.5, 0.6875, 0.0, 0.0, 0.0, 0.0, 0.0, 0.0, 0.0, 0.0, 0.0, 0.0, 0.0, 0.0, 0.0, 0.0]","[49, 85, 86, 87, 90, 91, 92, 95, 0, 53, 96, 97, 98, 101, 102, 1, 105, 2, 106, 109, 110, 111, 114, 115, 116, 119, 120, 121, 3, 123, 124, 125, 126, 127, 128, 129]",1.4285642335322641,1.4788928510025472
124,8062.1875,"[0.5625, 1.0, 1.0, 0.875, 1.0, 1.0, 0.90625, 0.0, 0.0, 0.0, 0.0, 0.0, 0.0, 0.0, 0.0, 0.0, 0.0, 0.0, 0.0, 0.0, 0.0]","[0.4375, 0.53125, 0.5625, 1.0, 0.546875, 0.5, 1.0, 0.0, 0.0, 0.0, 0.0, 0.0, 0.0, 0.0, 0.0, 0.0, 0.0, 0.0, 0.0, 0.0, 0.0]","[91, 0, 97, 102, 2, 109, 110, 114, 115, 116, 119, 120, 121, 3, 123, 124, 125, 126, 127, 128, 129, 4, 51, 52, 130, 131]",1.4423995258077011,1.5315374044662515
125,8062.1875,"[0.625, 0.75, 1.0, 0.875, 0.75, 1.0, 0.90625, 0.0, 0.0, 0.0, 0.0, 0.0, 0.0, 0.0, 0.0, 0.0, 0.0, 0.0, 0.0, 0.0, 0.0]","[0.4375, 0.40625, 0.5625, 1.0, 0.421875, 0.5, 1.0, 0.0, 0.0, 0.0, 0.0, 0.0, 0.0, 0.0, 0.0, 0.0, 0.0, 0.0, 0.0, 0.0, 0.0]","[119, 121, 3, 123, 124, 125, 126, 127, 128, 129, 4, 51, 52, 130, 131, 5]",1.4393479482623237,1.5735765979354313
126,7587.1875,"[1.0, 0.71875, 1.0, 0.875, 0.75, 1.0, 0.90625, 0.0, 0.0, 0.0, 0.0, 0.0, 0.0, 0.0, 0.0, 0.0, 0.0, 0.0, 0.0, 0.0, 0.0]","[0.65625, 0.390625, 0.5625, 1.0, 0.421875, 0.5, 1.0, 0.0, 0.0, 0.0, 0.0, 0.0, 0.0, 0.0, 0.0, 0.0, 0.0, 0.0, 0.0, 0.0, 0.0]","[123, 124, 125, 126, 127, 128, 129, 4, 51, 52, 130, 131, 5, 6, 56, 57, 58, 59, 75, 76, 77, 78, 79, 80, 132, 133, 134, 135, 136, 137, 138, 139, 140]",1.430402041385568,1.55030586526081
127,7744.6875,"[1.0, 0.9375, 1.0, 0.875, 0.75, 1.0, 0.90625, 0.0, 0.0, 0.0, 0.0, 0.0, 0.0, 0.0, 0.0, 0.0, 0.0, 0.0, 0.0, 0.0, 0.0]","[0.65625, 0.53125, 0.5625, 1.0, 0.421875, 0.5, 1.0, 0.0, 0.0, 0.0, 0.0, 0.0, 0.0, 0.0, 0.0, 0.0, 0.0, 0.0, 0.0, 0.0, 0.0]","[127, 128, 129, 4, 51, 52, 130, 131, 5, 6, 56, 57, 58, 59, 75, 76, 77, 78, 79, 80, 132, 133, 134, 135, 136, 137, 138, 139, 140, 7]",1.4231460977408283,1.5252449600738096
128,8062.1875,"[1.0, 0.875, 1.0, 0.875, 1.0, 1.0, 0.90625, 0.0, 0.0, 0.0, 0.0, 0.0, 0.0, 0.0, 0.0, 0.0, 0.0, 0.0, 0.0, 0.0, 0.0]","[0.65625, 0.53125, 0.5625, 1.0, 0.546875, 0.5, 1.0, 0.0, 0.0, 0.0, 0.0, 0.0, 0.0, 0.0, 0.0, 0.0, 0.0, 0.0, 0.0, 0.0, 0.0]","[129, 4, 52, 130, 131, 5, 56, 57, 58, 59, 75, 76, 77, 78, 79, 80, 132, 133, 134, 135, 136, 137, 138, 139, 140, 7, 8]",1.4180890867891514,1.5052525746106615
129,8692.1875,"[1.0, 0.75, 1.0, 0.875, 1.0, 1.0, 0.90625, 1.0, 0.0, 0.0, 0.0, 0.0, 0.0, 0.0, 0.0, 0.0, 0.0, 0.0, 0.0, 0.0, 0.0]","[0.65625, 0.46875, 0.5625, 1.0, 0.546875, 0.5, 1.0, 0.5, 0.0, 0.0, 0.0, 0.0, 0.0, 0.0, 0.0, 0.0, 0.0, 0.0, 0.0, 0.0, 0.0]","[130, 5, 57, 58, 59, 75, 77, 78, 79, 80, 133, 134, 135, 136, 137, 138, 139, 140, 7, 8, 9, 141, 142, 143, 144, 145, 146, 147, 148, 149, 150]",1.2833589559742458,1.3734587546659511
130,8692.1875,"[1.0, 0.9375, 1.0, 0.875, 1.0, 1.0, 0.90625, 1.0, 0.0, 0.0, 0.0, 0.0, 0.0, 0.0, 0.0, 0.0, 0.0, 0.0, 0.0, 0.0, 0.0]","[0.65625, 0.59375, 0.5625, 1.0, 0.546875, 0.5, 1.0, 0.5, 0.0, 0.0, 0.0, 0.0, 0.0, 0.0, 0.0, 0.0, 0.0, 0.0, 0.0, 0.0, 0.0]","[59, 75, 77, 79, 80, 133, 134, 135, 136, 137, 138, 139, 140, 7, 8, 9, 141, 142, 143, 144, 145, 146, 147, 148, 149, 150, 10, 151, 152, 153, 154, 155, 156, 157, 158, 159, 160, 161, 162, 163, 164, 165]",1.2773006663456516,1.360301241666263
131,9322.1875,"[1.0, 0.78125, 0.59375, 0.875, 1.0, 1.0, 0.90625, 1.0, 1.0, 0.0, 0.0, 0.0, 0.0, 0.0, 0.0, 0.0, 0.0, 0.0, 0.0, 0.0, 0.0]","[0.65625, 0.515625, 0.328125, 1.0, 0.546875, 0.5, 1.0, 0.5, 0.5, 0.0, 0.0, 0.0, 0.0, 0.0, 0.0, 0.0, 0.0, 0.0, 0.0, 0.0, 0.0]","[77, 79, 133, 134, 135, 138, 139, 140, 9, 141, 142, 143, 144, 145, 146, 147, 148, 149, 150, 10, 151, 152, 153, 154, 155, 156, 157, 158, 159, 160, 161, 162, 163, 164, 165, 11]",1.1761266429688721,1.276705987662293
132,9223.75,"[1.0, 1.0, 0.71875, 0.875, 1.0, 1.0, 0.90625, 1.0, 1.0, 0.0, 0.0, 0.0, 0.0, 0.0, 0.0, 0.0, 0.0, 0.0, 0.0, 0.0, 0.0]","[0.65625, 0.6875, 0.390625, 1.0, 0.546875, 0.5, 1.0, 0.5, 0.5, 0.0, 0.0, 0.0, 0.0, 0.0, 0.0, 0.0, 0.0, 0.0, 0.0, 0.0, 0.0]","[135, 138, 139, 140, 9, 141, 142, 143, 145, 146, 147, 148, 149, 150, 10, 151, 152, 153, 154, 155, 156, 157, 158, 159, 160, 161, 162, 163, 164, 165, 11, 12]",1.1641937562434033,1.2566666634373995
133,9322.1875,"[1.0, 1.0, 0.75, 0.875, 1.0, 1.0, 0.90625, 1.0, 1.0, 0.0, 0.0, 0.0, 0.0, 0.0, 0.0, 0.0, 0.0, 0.0, 0.0, 0.0, 0.0]","[0.65625, 0.6875, 0.46875, 1.0, 0.546875, 0.5, 1.0, 0.5, 0.5, 0.0, 0.0, 0.0, 0.0, 0.0, 0.0, 0.0, 0.0, 0.0, 0.0, 0.0, 0.0]","[141, 142, 143, 145, 146, 147, 148, 149, 150, 10, 151, 152, 153, 154, 155, 156, 157, 158, 159, 160, 161, 162, 163, 164, 165, 11, 12, 13]",1.1624829384278348,1.2457757957727922
134,9322.1875,"[1.0, 1.0, 0.8125, 0.40625, 1.0, 1.0, 0.90625, 1.0, 1.0, 0.0, 0.0, 0.0, 0.0, 0.0, 0.0, 0.0, 0.0, 0.0, 0.0, 0.0, 0.0]","[0.65625, 0.6875, 0.46875, 0.46875, 0.546875, 0.5, 1.0, 0.5, 0.5, 0.0, 0.0, 0.0, 0.0, 0.0, 0.0, 0.0, 0.0, 0.0, 0.0, 0.0, 0.0]","[145, 147, 148, 149, 150, 10, 151, 152, 153, 154, 155, 156, 157, 158, 159, 160, 161, 162, 163, 164, 165, 11, 12, 13, 14, 15, 16, 17]",1.1968276608201123,1.2284275111023482
135,9361.875,"[1.0, 1.0, 0.96875, 0.671875, 1.0, 0.75, 0.90625, 1.0, 1.0, 0.0, 0.0, 0.0, 0.0, 0.0, 0.0, 0.0, 0.0, 0.0, 0.0, 0.0, 0.0]","[0.65625, 0.6875, 0.609375, 0.703125, 0.546875, 0.375, 1.0, 0.5, 0.5, 0.0, 0.0, 0.0, 0.0, 0.0, 0.0, 0.0, 0.0, 0.0, 0.0, 0.0, 0.0]","[148, 10, 151, 152, 154, 155, 156, 157, 159, 160, 161, 162, 164, 165, 11, 12, 13, 14, 15, 16, 17, 18]",1.1710961816227308,1.2259886941300817
136,9064.21875,"[1.0, 1.0, 1.0, 0.890625, 1.0, 0.75, 0.90625, 1.0, 1.0, 0.0, 0.0, 0.0, 0.0, 0.0, 0.0, 0.0, 0.0, 0.0, 0.0, 0.0, 0.0]","[0.65625, 0.6875, 0.625, 0.921875, 0.546875, 0.375, 1.0, 0.5, 0.5, 0.0, 0.0, 0.0, 0.0, 0.0, 0.0, 0.0, 0.0, 0.0, 0.0, 0.0, 0.0]","[155, 157, 159, 160, 162, 164, 165, 11, 12, 13, 14, 15, 16, 17, 18, 19, 20, 21, 22, 23, 24, 25, 26, 27, 28, 29, 30, 60, 61]",1.162199653035155,1.2402411288047621
137,9441.25,"[1.0, 1.0, 1.0, 0.828125, 0.8125, 0.75, 0.90625, 1.0, 1.0, 0.0, 0.0, 0.0, 0.0, 0.0, 0.0, 0.0, 0.0, 0.0, 0.0, 0.0, 0.0]","[0.65625, 0.6875, 0.625, 0.859375, 0.421875, 0.375, 1.0, 0.5, 0.5, 0.0, 0.0, 0.0, 0.0, 0.0, 0.0, 0.0, 0.0, 0.0, 0.0, 0.0, 0.0]","[159, 160, 162, 164, 165, 11, 12, 14, 15, 16, 17, 19, 20, 21, 22, 23, 24, 25, 26, 27, 28, 29, 30, 60, 61, 31]",1.1653583814671737,1.2473861560167414
138,8845.9375,"[1.0, 1.0, 1.0, 0.9375, 0.75, 0.75, 0.90625, 1.0, 1.0, 0.0, 0.0, 0.0, 0.0, 0.0, 0.0, 0.0, 0.0, 0.0, 0.0, 0.0, 0.0]","[0.65625, 0.6875, 0.625, 1.0, 0.390625, 0.375, 1.0, 0.5, 0.5, 0.0, 0.0, 0.0, 0.0, 0.0, 0.0, 0.0, 0.0, 0.0, 0.0, 0.0, 0.0]","[164, 165, 11, 12, 14, 15, 16, 17, 19, 20, 21, 22, 23, 24, 25, 26, 27, 28, 29, 30, 60, 61, 31, 32, 33, 34, 35, 62, 63, 64, 65, 66, 67, 68, 69, 70]",1.1663765638077286,1.2689241942098843
139,9084.0625,"[0.78125, 1.0, 1.0, 0.9375, 0.5, 0.25, 0.71875, 1.0, 1.0, 0.0, 0.0, 0.0, 0.0, 0.0, 0.0, 0.0, 0.0, 0.0, 0.0, 0.0, 0.0]","[0.484375, 0.6875, 0.625, 1.0, 0.296875, 0.125, 0.765625, 0.5, 0.5, 0.0, 0.0, 0.0, 0.0, 0.0, 0.0, 0.0, 0.0, 0.0, 0.0, 0.0, 0.0]","[17, 20, 21, 22, 23, 24, 25, 26, 27, 28, 29, 30, 60, 61, 31, 32, 33, 34, 35, 62, 63, 64, 65, 66, 67, 68, 69, 70, 36, 37, 38]",1.25237015370471,1.3338401437182825
140,7970.9375,"[0.90625, 1.0, 1.0, 0.9375, 1.0, 0.25, 0.46875, 1.0, 1.0, 0.0, 0.0, 0.0, 0.0, 0.0, 0.0, 0.0, 0.0, 0.0, 0.0, 0.0, 0.0]","[0.546875, 0.6875, 0.625, 1.0, 0.546875, 0.125, 0.484375, 0.5, 0.5, 0.0, 0.0, 0.0, 0.0, 0.0, 0.0, 0.0, 0.0, 0.0, 0.0, 0.0, 0.0]","[22, 24, 25, 26, 27, 29, 30, 60, 61, 32, 33, 34, 35, 63, 64, 65, 66, 67, 68, 69, 70, 36, 37, 38, 0, 39]",1.2505445846016983,1.2965416215589158
141,8127.1875,"[1.0, 1.0, 1.0, 0.9375, 1.0, 0.875, 0.34375, 1.0, 1.0, 0.0, 0.0, 0.0, 0.0, 0.0, 0.0, 0.0, 0.0, 0.0, 0.0, 0.0, 0.0]","[0.625, 0.6875, 0.625, 1.0, 0.546875, 0.4375, 0.34375, 0.5, 0.5, 0.0, 0.0, 0.0, 0.0, 0.0, 0.0, 0.0, 0.0, 0.0, 0.0, 0.0, 0.0]","[26, 29, 30, 60, 32, 33, 34, 63, 64, 65, 68, 69, 70, 38, 0, 39, 1]",1.204357848075475,1.2436881117863834
142,7967.1875,"[0.5625, 1.0, 1.0, 0.9375, 1.0, 1.0, 0.0, 1.0, 1.0, 0.0, 0.0, 0.0, 0.0, 0.0, 0.0, 0.0, 0.0, 0.0, 0.0, 0.0, 0.0]","[0.3125, 0.6875, 0.625, 1.0, 0.546875, 0.515625, 0.0, 0.5, 0.5, 0.0, 0.0, 0.0, 0.0, 0.0, 0.0, 0.0, 0.0, 0.0, 0.0, 0.0, 0.0]","[32, 34, 63, 64, 65, 68, 69, 70, 38, 0, 39, 1, 2, 40]",1.298556891322055,1.3754756752968527
143,7090.625,"[0.75, 0.625, 1.0, 0.9375, 0.875, 1.0, 0.0, 1.0, 1.0, 0.0, 0.0, 0.0, 0.0, 0.0, 0.0, 0.0, 0.0, 0.0, 0.0, 0.0, 0.0]","[0.5, 0.4375, 0.625, 1.0, 0.484375, 0.515625, 0.0, 0.5, 0.5, 0.0, 0.0, 0.0, 0.0, 0.0, 0.0, 0.0, 0.0, 0.0, 0.0, 0.0, 0.0]","[38, 0, 39, 1, 2, 40, 3]",1.2969063086958024,1.3629018333664047
144,6695.625,"[1.0, 0.46875, 1.0, 0.9375, 0.8125, 1.0, 0.0, 0.75, 1.0, 0.0, 0.0, 0.0, 0.0, 0.0, 0.0, 0.0, 0.0, 0.0, 0.0, 0.0, 0.0]","[0.6875, 0.328125, 0.625, 1.0, 0.453125, 0.515625, 0.0, 0.375, 0.5, 0.0, 0.0, 0.0, 0.0, 0.0, 0.0, 0.0, 0.0, 0.0, 0.0, 0.0, 0.0]","[1, 2, 4]",1.316615143794049,1.3993527622833724
145,6635.9375,"[1.0, 0.84375, 1.0, 0.9375, 0.8125, 1.0, 0.0, 0.75, 1.0, 0.0, 0.0, 0.0, 0.0, 0.0, 0.0, 0.0, 0.0, 0.0, 0.0, 0.0, 0.0]","[0.6875, 0.515625, 0.625, 1.0, 0.453125, 0.515625, 0.0, 0.375, 0.5, 0.0, 0.0, 0.0, 0.0, 0.0, 0.0, 0.0, 0.0, 0.0, 0.0, 0.0, 0.0]","[5, 41, 42, 43, 44, 45, 46, 47, 48]",1.2857262137740975,1.3702990507901276
146,6853.75,"[1.0, 0.59375, 0.78125, 0.9375, 0.875, 1.0, 0.0, 0.0, 0.375, 0.0, 0.0, 0.0, 0.0, 0.0, 0.0, 0.0, 0.0, 0.0, 0.0, 0.0, 0.0]","[0.6875, 0.296875, 0.484375, 1.0, 0.484375, 0.515625, 0.0, 0.0, 0.1875, 0.0, 0.0, 0.0, 0.0, 0.0, 0.0, 0.0, 0.0, 0.0, 0.0, 0.0, 0.0]","[42, 44, 45, 46, 47, 48, 6, 49]",1.4908084330718574,1.6315162509855343
147,5770.3125,"[1.0, 1.0, 0.78125, 0.9375, 0.875, 1.0, 0.0, 0.0, 0.25, 0.0, 0.0, 0.0, 0.0, 0.0, 0.0, 0.0, 0.0, 0.0, 0.0, 0.0, 0.0]","[0.6875, 0.5625, 0.484375, 1.0, 0.484375, 0.515625, 0.0, 0.0, 0.125, 0.0, 0.0, 0.0, 0.0, 0.0, 0.0, 0.0, 0.0, 0.0, 0.0, 0.0, 0.0]","[46, 49, 7, 50, 51, 52, 53]",1.5066174676312583,1.606496914473442
148,5988.125,"[1.0, 1.0, 1.0, 0.9375, 1.0, 1.0, 0.0, 0.0, 0.0, 0.0, 0.0, 0.0, 0.0, 0.0, 0.0, 0.0, 0.0, 0.0, 0.0, 0.0, 0.0]","[0.6875, 0.5625, 0.625, 1.0, 0.546875, 0.515625, 0.0, 0.0, 0.0, 0.0, 0.0, 0.0, 0.0, 0.0, 0.0, 0.0, 0.0, 0.0, 0.0, 0.0, 0.0]","[7, 52, 53, 8]",1.5817518952641547,1.648512236106421
149,6268.90625,"[1.0, 1.0, 0.25, 0.75, 1.0, 1.0, 0.171875, 0.0, 0.0, 0.0, 0.0, 0.0, 0.0, 0.0, 0.0, 0.0, 0.0, 0.0, 0.0, 0.0, 0.0]","[0.6875, 0.5625, 0.15625, 0.8125, 0.546875, 0.515625, 0.171875, 0.0, 0.0, 0.0, 0.0, 0.0, 0.0, 0.0, 0.0, 0.0, 0.0, 0.0, 0.0, 0.0, 0.0]",[9],1.629191719910769,1.6254990901978332
150,5597.65625,"[1.0, 1.0, 0.28125, 0.0, 0.953125, 1.0, 0.171875, 0.0, 0.0, 0.0, 0.0, 0.0, 0.0, 0.0, 0.0, 0.0, 0.0, 0.0, 0.0, 0.0, 0.0]","[0.6875, 0.5625, 0.203125, 0.0, 0.5078125, 0.515625, 0.171875, 0.0, 0.0, 0.0, 0.0, 0.0, 0.0, 0.0, 0.0, 0.0, 0.0, 0.0, 0.0, 0.0, 0.0]","[10, 54]",1.8289417475963525,1.772682197103249
151,4625.0,"[1.0, 1.0, 0.375, 0.0, 0.921875, 1.0, 0.171875, 0.0, 0.0, 0.0, 0.0, 0.0, 0.0, 0.0, 0.0, 0.0, 0.0, 0.0, 0.0, 0.0, 0.0]","[0.6875, 0.5625, 0.25, 0.0, 0.4921875, 0.515625, 0.171875, 0.0, 0.0, 0.0, 0.0, 0.0, 0.0, 0.0, 0.0, 0.0, 0.0, 0.0, 0.0, 0.0, 0.0]","[11, 55]",1.796501999362411,1.7500775595015323
152,4821.5625,"[1.0, 1.0, 0.75, 0.0, 0.859375, 1.0, 0.171875, 0.0, 0.0, 0.0, 0.0, 0.0, 0.0, 0.0, 0.0, 0.0, 0.0, 0.0, 0.0, 0.0, 0.0]","[0.6875, 0.5625, 0.4375, 0.0, 0.4609375, 0.515625, 0.171875, 0.0, 0.0, 0.0, 0.0, 0.0, 0.0, 0.0, 0.0, 0.0, 0.0, 0.0, 0.0, 0.0, 0.0]","[12, 56, 57, 58, 59, 71]",1.7257315636293273,1.6988916167464476
153,4880.0,"[1.0, 1.0, 0.96875, 0.0, 0.859375, 0.875, 0.171875, 0.0, 0.0, 0.0, 0.0, 0.0, 0.0, 0.0, 0.0, 0.0, 0.0, 0.0, 0.0, 0.0, 0.0]","[0.6875, 0.5625, 0.609375, 0.0, 0.4609375, 0.453125, 0.171875, 0.0, 0.0, 0.0, 0.0, 0.0, 0.0, 0.0, 0.0, 0.0, 0.0, 0.0, 0.0, 0.0, 0.0]","[58, 59, 13]",1.7180623288112902,1.7005776495804186
154,4979.0625,"[0.875, 1.0, 1.0, 0.1875, 0.78125, 0.875, 0.171875, 0.0, 0.0, 0.0, 0.0, 0.0, 0.0, 0.0, 0.0, 0.0, 0.0, 0.0, 0.0, 0.0, 0.0]","[0.625, 0.5625, 0.625, 0.1875, 0.40625, 0.453125, 0.171875, 0.0, 0.0, 0.0, 0.0, 0.0, 0.0, 0.0, 0.0, 0.0, 0.0, 0.0, 0.0, 0.0, 0.0]","[14, 15, 16, 17, 72, 73, 74, 75, 76, 77, 78, 79, 80, 81, 82]",1.6410657500311319,1.5820796042434262
155,5356.09375,"[1.0, 1.0, 1.0, 0.5625, 0.78125, 0.75, 0.171875, 0.0, 0.0, 0.0, 0.0, 0.0, 0.0, 0.0, 0.0, 0.0, 0.0, 0.0, 0.0, 0.0, 0.0]","[0.71875, 0.5625, 0.625, 0.5625, 0.40625, 0.390625, 0.171875, 0.0, 0.0, 0.0, 0.0, 0.0, 0.0, 0.0, 0.0, 0.0, 0.0, 0.0, 0.0, 0.0, 0.0]","[15, 72, 73, 74, 76, 77, 78, 79, 81, 82, 18]",1.5564356887739337,1.5342508334150289
156,5653.75,"[0.8125, 1.0, 1.0, 0.921875, 0.5, 0.453125, 0.171875, 0.0, 0.0, 0.0, 0.0, 0.0, 0.0, 0.0, 0.0, 0.0, 0.0, 0.0, 0.0, 0.0, 0.0]","[0.59375, 0.5625, 0.625, 0.984375, 0.25, 0.2265625, 0.171875, 0.0, 0.0, 0.0, 0.0, 0.0, 0.0, 0.0, 0.0, 0.0, 0.0, 0.0, 0.0, 0.0, 0.0]","[18, 19]",1.5977245738412955,1.7067870473614197
157,4919.53125,"[1.0, 1.0, 1.0, 0.921875, 0.375, 0.453125, 0.171875, 0.0, 0.0, 0.0, 0.0, 0.0, 0.0, 0.0, 0.0, 0.0, 0.0, 0.0, 0.0, 0.0, 0.0]","[0.6875, 0.5625, 0.625, 0.984375, 0.1875, 0.2265625, 0.171875, 0.0, 0.0, 0.0, 0.0, 0.0, 0.0, 0.0, 0.0, 0.0, 0.0, 0.0, 0.0, 0.0, 0.0]","[20, 21, 22, 23, 24, 25, 26, 27, 28, 29, 30, 31]",1.6318263212907012,1.733951199338898
158,5574.375,"[0.5625, 1.0, 1.0, 0.9375, 0.875, 0.1875, 0.171875, 0.0, 0.0, 0.0, 0.0, 0.0, 0.0, 0.0, 0.0, 0.0, 0.0, 0.0, 0.0, 0.0, 0.0]","[0.375, 0.5625, 0.625, 1.0, 0.46875, 0.09375, 0.171875, 0.0, 0.0, 0.0, 0.0, 0.0, 0.0, 0.0, 0.0, 0.0, 0.0, 0.0, 0.0, 0.0, 0.0]","[27, 31, 32, 33]",1.6648194187428158,1.7516577419418018
159,4920.78125,"[0.6875, 1.0, 1.0, 0.9375, 0.875, 0.0, 0.171875, 0.0, 0.0, 0.0, 0.0, 0.0, 0.0, 0.0, 0.0, 0.0, 0.0, 0.0, 0.0, 0.0, 0.0]","[0.4375, 0.5625, 0.625, 1.0, 0.46875, 0.0, 0.171875, 0.0, 0.0, 0.0, 0.0, 0.0, 0.0, 0.0, 0.0, 0.0, 0.0, 0.0, 0.0, 0.0, 0.0]",[34],1.7290808173493104,1.79700587089845
160,4722.03125,"[0.71875, 1.0, 1.0, 0.9375, 0.875, 0.0, 0.171875, 0.0, 0.0, 0.0, 0.0, 0.0, 0.0, 0.0, 0.0, 0.0, 0.0, 0.0, 0.0, 0.0, 0.0]","[0.453125, 0.5625, 0.625, 1.0, 0.46875, 0.0, 0.171875, 0.0, 0.0, 0.0, 0.0, 0.0, 0.0, 0.0, 0.0, 0.0, 0.0, 0.0, 0.0, 0.0, 0.0]","[0, 35, 36, 37, 38, 39, 60, 61, 62, 63, 64, 65]",1.7258616602194858,1.7933740480419793
161,4840.15625,"[1.0, 0.875, 1.0, 0.9375, 0.875, 0.0, 0.171875, 0.0, 0.0, 0.0, 0.0, 0.0, 0.0, 0.0, 0.0, 0.0, 0.0, 0.0, 0.0, 0.0, 0.0]","[0.59375, 0.5, 0.625, 1.0, 0.46875, 0.0, 0.171875, 0.0, 0.0, 0.0, 0.0, 0.0, 0.0, 0.0, 0.0, 0.0, 0.0, 0.0, 0.0, 0.0, 0.0]","[35, 37, 38, 39, 60, 61, 62, 63, 64, 65, 1]",1.7170658861227257,1.781219251724779
162,4998.90625,"[0.9375, 0.75, 1.0, 0.9375, 1.0, 0.0, 0.171875, 0.0, 0.0, 0.0, 0.0, 0.0, 0.0, 0.0, 0.0, 0.0, 0.0, 0.0, 0.0, 0.0, 0.0]","[0.53125, 0.46875, 0.625, 1.0, 0.53125, 0.0, 0.171875, 0.0, 0.0, 0.0, 0.0, 0.0, 0.0, 0.0, 0.0, 0.0, 0.0, 0.0, 0.0, 0.0, 0.0]","[38, 60, 61, 62, 63, 64, 65, 1, 2]",1.723333300462944,1.7830488982832877
163,4998.90625,"[0.96875, 1.0, 1.0, 0.9375, 1.0, 0.0, 0.171875, 0.0, 0.0, 0.0, 0.0, 0.0, 0.0, 0.0, 0.0, 0.0, 0.0, 0.0, 0.0, 0.0, 0.0]","[0.578125, 0.59375, 0.625, 1.0, 0.53125, 0.0, 0.171875, 0.0, 0.0, 0.0, 0.0, 0.0, 0.0, 0.0, 0.0, 0.0, 0.0, 0.0, 0.0, 0.0, 0.0]","[61, 62, 64, 65, 1, 2, 3]",1.716713524570651,1.7594610325324058
164,5356.09375,"[1.0, 0.9375, 1.0, 0.9375, 1.0, 0.28125, 0.171875, 0.0, 0.0, 0.0, 0.0, 0.0, 0.0, 0.0, 0.0, 0.0, 0.0, 0.0, 0.0, 0.0, 0.0]","[0.59375, 0.5625, 0.625, 1.0, 0.53125, 0.15625, 0.171875, 0.0, 0.0, 0.0, 0.0, 0.0, 0.0, 0.0, 0.0, 0.0, 0.0, 0.0, 0.0, 0.0, 0.0]","[1, 4, 40, 66, 67, 68, 69, 70, 83, 84, 85, 86, 87, 88, 89, 90, 91, 92, 93, 94, 95, 96, 97, 98, 99, 100, 101, 102, 103]",1.6124019482298118,1.6720800907913516
165,6229.21875,"[1.0, 0.5, 1.0, 0.9375, 0.75, 0.96875, 0.171875, 0.0, 0.0, 0.0, 0.0, 0.0, 0.0, 0.0, 0.0, 0.0, 0.0, 0.0, 0.0, 0.0, 0.0]","[0.59375, 0.28125, 0.625, 1.0, 0.40625, 0.5, 0.171875, 0.0, 0.0, 0.0, 0.0, 0.0, 0.0, 0.0, 0.0, 0.0, 0.0, 0.0, 0.0, 0.0, 0.0]","[40, 67, 70, 83, 84, 87, 88, 89, 92, 93, 94, 95, 96, 97, 98, 99, 100, 101, 102, 103, 5]",1.56419109602477,1.6486899418741492
166,5911.71875,"[1.0, 0.9375, 0.875, 0.9375, 0.75, 0.96875, 0.171875, 0.0, 0.0, 0.0, 0.0, 0.0, 0.0, 0.0, 0.0, 0.0, 0.0, 0.0, 0.0, 0.0, 0.0]","[0.59375, 0.625, 0.5625, 1.0, 0.40625, 0.5, 0.171875, 0.0, 0.0, 0.0, 0.0, 0.0, 0.0, 0.0, 0.0, 0.0, 0.0, 0.0, 0.0, 0.0, 0.0]","[93, 94, 95, 96, 97, 98, 99, 100, 101, 102, 103, 5, 6, 41, 42, 43, 44, 45, 46, 47, 48, 49, 104, 105, 106, 107, 108, 109, 110]",1.528322905721188,1.5907788833729255
167,6229.21875,"[1.0, 1.0, 0.90625, 0.9375, 1.0, 0.96875, 0.0625, 0.0, 0.0, 0.0, 0.0, 0.0, 0.0, 0.0, 0.0, 0.0, 0.0, 0.0, 0.0, 0.0, 0.0]","[0.59375, 0.65625, 0.546875, 1.0, 0.53125, 0.5, 0.0625, 0.0, 0.0, 0.0, 0.0, 0.0, 0.0, 0.0, 0.0, 0.0, 0.0, 0.0, 0.0, 0.0, 0.0]","[94, 97, 99, 100, 102, 103, 5, 6, 41, 42, 43, 44, 45, 46, 47, 48, 49, 104, 105, 106, 107, 108, 109, 110, 7]",1.5598262546743433,1.622529722364571
168,6986.25,"[1.0, 1.0, 1.0, 0.9375, 1.0, 0.96875, 0.40625, 0.0, 0.0, 0.0, 0.0, 0.0, 0.0, 0.0, 0.0, 0.0, 0.0, 0.0, 0.0, 0.0, 0.0]","[0.59375, 0.65625, 0.59375, 1.0, 0.53125, 0.5, 0.40625, 0.0, 0.0, 0.0, 0.0, 0.0, 0.0, 0.0, 0.0, 0.0, 0.0, 0.0, 0.0, 0.0, 0.0]","[97, 99, 102, 5, 42, 43, 44, 47, 48, 49, 106, 107, 108, 7, 8]",1.4672352024471296,1.4986096527659958
169,6866.5625,"[1.0, 1.0, 0.9375, 0.9375, 1.0, 1.0, 0.40625, 0.0, 0.0, 0.0, 0.0, 0.0, 0.0, 0.0, 0.0, 0.0, 0.0, 0.0, 0.0, 0.0, 0.0]","[0.59375, 0.65625, 0.53125, 1.0, 0.53125, 0.53125, 0.40625, 0.0, 0.0, 0.0, 0.0, 0.0, 0.0, 0.0, 0.0, 0.0, 0.0, 0.0, 0.0, 0.0, 0.0]","[99, 102, 5, 42, 43, 44, 47, 48, 49, 106, 107, 108, 7, 8, 9]",1.4671472241065429,1.4998197700259033
170,6866.5625,"[1.0, 1.0, 0.90625, 0.9375, 1.0, 1.0, 0.40625, 0.0, 0.0, 0.0, 0.0, 0.0, 0.0, 0.0, 0.0, 0.0, 0.0, 0.0, 0.0, 0.0, 0.0]","[0.59375, 0.65625, 0.515625, 1.0, 0.53125, 0.53125, 0.40625, 0.0, 0.0, 0.0, 0.0, 0.0, 0.0, 0.0, 0.0, 0.0, 0.0, 0.0, 0.0, 0.0, 0.0]","[102, 5, 42, 43, 44, 47, 48, 49, 106, 107, 108, 7, 8, 9, 10, 50, 51, 52, 53, 54, 111, 112, 113, 114, 115, 116]",1.4673615777987374,1.5014415081203174
171,7583.75,"[1.0, 1.0, 0.625, 0.9375, 1.0, 1.0, 0.6875, 0.0, 0.0, 0.0, 0.0, 0.0, 0.0, 0.0, 0.0, 0.0, 0.0, 0.0, 0.0, 0.0, 0.0]","[0.59375, 0.65625, 0.40625, 1.0, 0.53125, 0.53125, 0.6875, 0.0, 0.0, 0.0, 0.0, 0.0, 0.0, 0.0, 0.0, 0.0, 0.0, 0.0, 0.0, 0.0, 0.0]","[5, 42, 44, 47, 48, 49, 106, 107, 108, 7, 8, 9, 51, 52, 53, 112, 113, 114, 11]",1.4446452851824907,1.4930046632211773
172,7583.75,"[1.0, 1.0, 0.78125, 0.75, 1.0, 1.0, 0.6875, 0.0, 0.0, 0.0, 0.0, 0.0, 0.0, 0.0, 0.0, 0.0, 0.0, 0.0, 0.0, 0.0, 0.0]","[0.59375, 0.65625, 0.484375, 0.8125, 0.53125, 0.53125, 0.6875, 0.0, 0.0, 0.0, 0.0, 0.0, 0.0, 0.0, 0.0, 0.0, 0.0, 0.0, 0.0, 0.0, 0.0]","[106, 108, 7, 8, 9, 51, 52, 53, 112, 113, 114, 11, 12]",1.4372210699572956,1.4450416791724225
173,7345.625,"[1.0, 1.0, 0.96875, 0.75, 1.0, 1.0, 0.6875, 0.0, 0.0, 0.0, 0.0, 0.0, 0.0, 0.0, 0.0, 0.0, 0.0, 0.0, 0.0, 0.0, 0.0]","[0.59375, 0.65625, 0.640625, 0.8125, 0.53125, 0.53125, 0.6875, 0.0, 0.0, 0.0, 0.0, 0.0, 0.0, 0.0, 0.0, 0.0, 0.0, 0.0, 0.0, 0.0, 0.0]","[9, 51, 52, 53, 112, 113, 114, 11, 12, 13, 55, 56, 57, 58, 59, 71, 117, 118, 119, 120, 121, 122, 123, 124, 125, 126, 127, 128, 129]",1.434113157074182,1.4357524304528433
174,7504.375,"[0.875, 1.0, 1.0, 0.140625, 1.0, 1.0, 0.6875, 0.0, 0.0, 0.0, 0.0, 0.0, 0.0, 0.0, 0.0, 0.0, 0.0, 0.0, 0.0, 0.0, 0.0]","[0.5, 0.65625, 0.65625, 0.203125, 0.53125, 0.53125, 0.6875, 0.0, 0.0, 0.0, 0.0, 0.0, 0.0, 0.0, 0.0, 0.0, 0.0, 0.0, 0.0, 0.0, 0.0]","[113, 114, 11, 12, 13, 55, 56, 57, 58, 59, 71, 117, 118, 119, 120, 121, 122, 123, 124, 125, 126, 127, 128, 129, 14, 15, 16, 17, 72, 73, 74, 75, 76, 77, 78, 79, 80]",1.5475257038546482,1.4976206860282448
175,7524.21875,"[0.9375, 1.0, 1.0, 0.890625, 1.0, 1.0, 0.6875, 0.0, 0.0, 0.0, 0.0, 0.0, 0.0, 0.0, 0.0, 0.0, 0.0, 0.0, 0.0, 0.0, 0.0]","[0.53125, 0.65625, 0.65625, 0.953125, 0.53125, 0.53125, 0.6875, 0.0, 0.0, 0.0, 0.0, 0.0, 0.0, 0.0, 0.0, 0.0, 0.0, 0.0, 0.0, 0.0, 0.0]","[11, 13, 55, 57, 58, 59, 71, 118, 119, 120, 121, 123, 124, 125, 126, 128, 129, 14, 15, 17, 72, 73, 74, 76, 77, 78, 79, 80, 18, 81]",1.4281375884403829,1.4621256154678481
176,8241.40625,"[0.875, 1.0, 1.0, 0.890625, 1.0, 1.0, 0.96875, 0.0, 0.0, 0.0, 0.0, 0.0, 0.0, 0.0, 0.0, 0.0, 0.0, 0.0, 0.0, 0.0, 0.0]","[0.53125, 0.65625, 0.65625, 0.953125, 0.53125, 0.53125, 0.96875, 0.0, 0.0, 0.0, 0.0, 0.0, 0.0, 0.0, 0.0, 0.0, 0.0, 0.0, 0.0, 0.0, 0.0]","[13, 57, 58, 59, 118, 119, 120, 123, 124, 125, 128, 129, 14, 17, 72, 73, 76, 77, 78, 18, 81, 19]",1.4172365312279003,1.4840931375790423
177,8241.40625,"[0.90625, 1.0, 1.0, 0.875, 0.375, 1.0, 0.96875, 0.0, 0.0, 0.0, 0.0, 0.0, 0.0, 0.0, 0.0, 0.0, 0.0, 0.0, 0.0, 0.0, 0.0]","[0.546875, 0.65625, 0.65625, 0.9375, 0.1875, 0.53125, 0.96875, 0.0, 0.0, 0.0, 0.0, 0.0, 0.0, 0.0, 0.0, 0.0, 0.0, 0.0, 0.0, 0.0, 0.0]","[58, 59, 118, 119, 120, 123, 124, 125, 128, 129, 14, 17, 72, 73, 76, 77, 78, 18, 81, 19, 20, 21, 22, 23, 24]",1.473650986604596,1.5623904737681482
178,7665.9375,"[0.90625, 1.0, 1.0, 0.9375, 0.5, 1.0, 0.96875, 0.0, 0.0, 0.0, 0.0, 0.0, 0.0, 0.0, 0.0, 0.0, 0.0, 0.0, 0.0, 0.0, 0.0]","[0.546875, 0.65625, 0.65625, 1.0, 0.25, 0.53125, 0.96875, 0.0, 0.0, 0.0, 0.0, 0.0, 0.0, 0.0, 0.0, 0.0, 0.0, 0.0, 0.0, 0.0, 0.0]","[118, 119, 120, 123, 124, 125, 128, 129, 14, 17, 72, 73, 76, 77, 78, 18, 81, 19, 22, 23, 24, 25]",1.4503007337824663,1.5503796645597425
179,7745.3125,"[0.875, 1.0, 1.0, 0.9375, 0.5625, 1.0, 0.96875, 0.0, 0.0, 0.0, 0.0, 0.0, 0.0, 0.0, 0.0, 0.0, 0.0, 0.0, 0.0, 0.0, 0.0]","[0.5625, 0.65625, 0.65625, 1.0, 0.28125, 0.53125, 0.96875, 0.0, 0.0, 0.0, 0.0, 0.0, 0.0, 0.0, 0.0, 0.0, 0.0, 0.0, 0.0, 0.0, 0.0]","[120, 123, 124, 125, 128, 129, 14, 17, 72, 73, 76, 77, 78, 18, 81, 19, 22, 23, 24, 26]",1.4416927558873707,1.53894827252418
180,7904.0625,"[0.625, 0.625, 1.0, 0.9375, 0.5625, 0.8125, 0.96875, 0.0, 0.0, 0.0, 0.0, 0.0, 0.0, 0.0, 0.0, 0.0, 0.0, 0.0, 0.0, 0.0, 0.0]","[0.4375, 0.4375, 0.65625, 1.0, 0.28125, 0.421875, 0.96875, 0.0, 0.0, 0.0, 0.0, 0.0, 0.0, 0.0, 0.0, 0.0, 0.0, 0.0, 0.0, 0.0, 0.0]","[124, 125, 128, 129, 14, 17, 72, 73, 76, 77, 78, 18, 81, 19, 22, 23, 24, 0]",1.4630041409843628,1.6052593870118181
181,7270.9375,"[1.0, 0.59375, 1.0, 0.9375, 0.5625, 0.8125, 0.96875, 0.0, 0.0, 0.0, 0.0, 0.0, 0.0, 0.0, 0.0, 0.0, 0.0, 0.0, 0.0, 0.0, 0.0]","[0.6875, 0.421875, 0.65625, 1.0, 0.28125, 0.421875, 0.96875, 0.0, 0.0, 0.0, 0.0, 0.0, 0.0, 0.0, 0.0, 0.0, 0.0, 0.0, 0.0, 0.0, 0.0]","[73, 76, 78, 18, 81, 19, 22, 23, 24, 0, 1]",1.4598714107718993,1.5794363308439638
182,7507.1875,"[1.0, 1.0, 1.0, 0.9375, 0.5625, 0.78125, 0.96875, 0.0, 0.0, 0.0, 0.0, 0.0, 0.0, 0.0, 0.0, 0.0, 0.0, 0.0, 0.0, 0.0, 0.0]","[0.6875, 0.71875, 0.65625, 1.0, 0.28125, 0.40625, 0.96875, 0.0, 0.0, 0.0, 0.0, 0.0, 0.0, 0.0, 0.0, 0.0, 0.0, 0.0, 0.0, 0.0, 0.0]","[23, 24, 0, 1, 2]",1.445008650493138,1.5484231139229077
183,7626.25,"[1.0, 1.0, 1.0, 0.9375, 0.6875, 0.71875, 0.96875, 0.0, 0.0, 0.0, 0.0, 0.0, 0.0, 0.0, 0.0, 0.0, 0.0, 0.0, 0.0, 0.0, 0.0]","[0.6875, 0.71875, 0.65625, 1.0, 0.359375, 0.375, 0.96875, 0.0, 0.0, 0.0, 0.0, 0.0, 0.0, 0.0, 0.0, 0.0, 0.0, 0.0, 0.0, 0.0, 0.0]","[3, 27, 28, 29, 30, 31, 32, 33, 34, 35, 36, 37, 38, 39]",1.4353191849310434,1.5345383173296334
184,7943.75,"[1.0, 0.40625, 0.65625, 0.9375, 0.75, 0.0, 0.9375, 0.0, 0.0, 0.0, 0.0, 0.0, 0.0, 0.0, 0.0, 0.0, 0.0, 0.0, 0.0, 0.0, 0.0]","[0.6875, 0.296875, 0.453125, 1.0, 0.421875, 0.0, 0.9375, 0.0, 0.0, 0.0, 0.0, 0.0, 0.0, 0.0, 0.0, 0.0, 0.0, 0.0, 0.0, 0.0, 0.0]","[31, 32, 35, 36, 37, 38, 39, 4]",1.6560998359599781,1.764151021569998
185,6417.1875,"[1.0, 1.0, 0.59375, 0.9375, 0.75, 0.0, 0.9375, 0.0, 0.0, 0.0, 0.0, 0.0, 0.0, 0.0, 0.0, 0.0, 0.0, 0.0, 0.0, 0.0, 0.0]","[0.6875, 0.59375, 0.421875, 1.0, 0.421875, 0.0, 0.9375, 0.0, 0.0, 0.0, 0.0, 0.0, 0.0, 0.0, 0.0, 0.0, 0.0, 0.0, 0.0, 0.0, 0.0]","[37, 38, 4, 5, 40, 60, 61, 62, 63, 64, 65, 66, 67]",1.6133919096270388,1.7010873654377867
186,6633.75,"[1.0, 1.0, 0.53125, 0.9375, 0.75, 0.0, 0.5625, 0.0, 0.0, 0.0, 0.0, 0.0, 0.0, 0.0, 0.0, 0.0, 0.0, 0.0, 0.0, 0.0, 0.0]","[0.6875, 0.59375, 0.328125, 1.0, 0.421875, 0.0, 0.5625, 0.0, 0.0, 0.0, 0.0, 0.0, 0.0, 0.0, 0.0, 0.0, 0.0, 0.0, 0.0, 0.0, 0.0]","[5, 40, 60, 62, 63, 64, 65, 66, 67, 6, 41, 42, 43]",1.6465919039385897,1.7166041123797127
187,5677.5,"[1.0, 1.0, 0.9375, 0.9375, 0.75, 0.0, 0.5625, 0.0, 0.0, 0.0, 0.0, 0.0, 0.0, 0.0, 0.0, 0.0, 0.0, 0.0, 0.0, 0.0, 0.0]","[0.6875, 0.59375, 0.53125, 1.0, 0.421875, 0.0, 0.5625, 0.0, 0.0, 0.0, 0.0, 0.0, 0.0, 0.0, 0.0, 0.0, 0.0, 0.0, 0.0, 0.0, 0.0]","[62, 63, 64, 65, 67, 6, 41, 42, 43, 7]",1.6181400195748294,1.6703358483440607
188,5995.0,"[1.0, 1.0, 0.96875, 0.9375, 1.0, 0.0, 0.5625, 0.0, 0.0, 0.0, 0.0, 0.0, 0.0, 0.0, 0.0, 0.0, 0.0, 0.0, 0.0, 0.0, 0.0]","[0.6875, 0.59375, 0.546875, 1.0, 0.546875, 0.0, 0.5625, 0.0, 0.0, 0.0, 0.0, 0.0, 0.0, 0.0, 0.0, 0.0, 0.0, 0.0, 0.0, 0.0, 0.0]","[65, 67, 41, 42, 43, 7, 8, 44, 45, 46, 47, 48]",1.613939280146561,1.646505036730479
189,6709.375,"[1.0, 1.0, 1.0, 0.90625, 1.0, 0.5625, 0.5625, 0.0, 0.0, 0.0, 0.0, 0.0, 0.0, 0.0, 0.0, 0.0, 0.0, 0.0, 0.0, 0.0, 0.0]","[0.6875, 0.59375, 0.5625, 0.96875, 0.546875, 0.328125, 0.5625, 0.0, 0.0, 0.0, 0.0, 0.0, 0.0, 0.0, 0.0, 0.0, 0.0, 0.0, 0.0, 0.0, 0.0]","[46, 9, 49, 68, 69, 70]",1.4658359840781352,1.503033624991361
190,6987.1875,"[0.90625, 1.0, 0.96875, 0.84375, 1.0, 0.78125, 0.28125, 0.0, 0.0, 0.0, 0.0, 0.0, 0.0, 0.0, 0.0, 0.0, 0.0, 0.0, 0.0, 0.0, 0.0]","[0.640625, 0.59375, 0.546875, 0.84375, 0.546875, 0.453125, 0.28125, 0.0, 0.0, 0.0, 0.0, 0.0, 0.0, 0.0, 0.0, 0.0, 0.0, 0.0, 0.0, 0.0, 0.0]","[69, 10, 50, 51, 52, 53, 54, 82]",1.4975997352861983,1.4981375103774686
191,6290.0,"[0.9375, 1.0, 0.96875, 0.96875, 1.0, 0.78125, 0.28125, 0.0, 0.0, 0.0, 0.0, 0.0, 0.0, 0.0, 0.0, 0.0, 0.0, 0.0, 0.0, 0.0, 0.0]","[0.625, 0.59375, 0.546875, 0.96875, 0.546875, 0.453125, 0.28125, 0.0, 0.0, 0.0, 0.0, 0.0, 0.0, 0.0, 0.0, 0.0, 0.0, 0.0, 0.0, 0.0, 0.0]","[50, 52, 53, 54, 82, 11, 83, 84, 85, 86, 87, 88, 89, 90, 91, 92, 93, 94, 95]",1.4978840107616114,1.529504624521597
192,6528.125,"[0.96875, 1.0, 0.96875, 0.96875, 1.0, 0.96875, 0.28125, 0.0, 0.0, 0.0, 0.0, 0.0, 0.0, 0.0, 0.0, 0.0, 0.0, 0.0, 0.0, 0.0, 0.0]","[0.671875, 0.59375, 0.546875, 0.96875, 0.546875, 0.546875, 0.28125, 0.0, 0.0, 0.0, 0.0, 0.0, 0.0, 0.0, 0.0, 0.0, 0.0, 0.0, 0.0, 0.0, 0.0]","[52, 82, 11, 83, 84, 85, 86, 87, 88, 89, 90, 91, 92, 93, 94, 95, 12, 96, 97, 98, 99, 100, 101, 102, 103]",1.4940078894738806,1.5182571809254641
193,7643.4375,"[0.375, 1.0, 0.96875, 0.5, 1.0, 1.0, 0.5625, 0.0, 0.0, 0.0, 0.0, 0.0, 0.0, 0.0, 0.0, 0.0, 0.0, 0.0, 0.0, 0.0, 0.0]","[0.25, 0.59375, 0.546875, 0.5, 0.546875, 0.578125, 0.5625, 0.0, 0.0, 0.0, 0.0, 0.0, 0.0, 0.0, 0.0, 0.0, 0.0, 0.0, 0.0, 0.0, 0.0]","[83, 86, 87, 88, 91, 92, 93, 12, 96, 97, 100, 101, 102, 13, 55, 56, 57, 58, 59, 71]",1.5289864154788846,1.4625757353715148
194,6689.6875,"[0.8125, 0.8125, 0.96875, 0.25, 1.0, 1.0, 0.40625, 0.0, 0.0, 0.0, 0.0, 0.0, 0.0, 0.0, 0.0, 0.0, 0.0, 0.0, 0.0, 0.0, 0.0]","[0.5625, 0.46875, 0.546875, 0.25, 0.546875, 0.578125, 0.40625, 0.0, 0.0, 0.0, 0.0, 0.0, 0.0, 0.0, 0.0, 0.0, 0.0, 0.0, 0.0, 0.0, 0.0]","[102, 13, 55, 56, 57, 58, 59, 71, 14, 15, 16]",1.5550417235253728,1.468339017387938
195,6173.125,"[1.0, 0.71875, 0.96875, 0.5, 1.0, 1.0, 0.40625, 0.0, 0.0, 0.0, 0.0, 0.0, 0.0, 0.0, 0.0, 0.0, 0.0, 0.0, 0.0, 0.0, 0.0]","[0.6875, 0.390625, 0.546875, 0.5, 0.546875, 0.578125, 0.40625, 0.0, 0.0, 0.0, 0.0, 0.0, 0.0, 0.0, 0.0, 0.0, 0.0, 0.0, 0.0, 0.0, 0.0]","[57, 58, 71, 15, 16, 17, 18, 72, 73]",1.5061643153145903,1.4487368579054887
196,6291.25,"[1.0, 0.9375, 0.96875, 0.5, 1.0, 1.0, 0.40625, 0.0, 0.0, 0.0, 0.0, 0.0, 0.0, 0.0, 0.0, 0.0, 0.0, 0.0, 0.0, 0.0, 0.0]","[0.6875, 0.53125, 0.546875, 0.5, 0.546875, 0.578125, 0.40625, 0.0, 0.0, 0.0, 0.0, 0.0, 0.0, 0.0, 0.0, 0.0, 0.0, 0.0, 0.0, 0.0, 0.0]","[15, 16, 17, 18, 73, 19, 74, 75, 76, 77, 78, 79, 80, 81]",1.5007802341229828,1.4361019683456524
197,6846.875,"[1.0, 0.9375, 0.96875, 0.875, 0.828125, 1.0, 0.40625, 0.0, 0.0, 0.0, 0.0, 0.0, 0.0, 0.0, 0.0, 0.0, 0.0, 0.0, 0.0, 0.0, 0.0]","[0.6875, 0.5, 0.546875, 0.875, 0.4609375, 0.578125, 0.40625, 0.0, 0.0, 0.0, 0.0, 0.0, 0.0, 0.0, 0.0, 0.0, 0.0, 0.0, 0.0, 0.0, 0.0]","[18, 73, 75, 76, 77, 79, 80, 81, 20]",1.4674106373979046,1.4805964689104136
198,6707.96875,"[1.0, 1.0, 0.96875, 1.0, 0.765625, 1.0, 0.40625, 0.0, 0.0, 0.0, 0.0, 0.0, 0.0, 0.0, 0.0, 0.0, 0.0, 0.0, 0.0, 0.0, 0.0]","[0.6875, 0.5625, 0.546875, 1.0, 0.4296875, 0.578125, 0.40625, 0.0, 0.0, 0.0, 0.0, 0.0, 0.0, 0.0, 0.0, 0.0, 0.0, 0.0, 0.0, 0.0, 0.0]","[73, 75, 76, 77, 80, 81, 20, 21, 22, 23, 24]",1.4726560653450567,1.5109332569766425
199,6926.09375,"[1.0, 1.0, 1.0, 1.0, 0.859375, 1.0, 0.40625, 0.0, 0.0, 0.0, 0.0, 0.0, 0.0, 0.0, 0.0, 0.0, 0.0, 0.0, 0.0, 0.0, 0.0]","[0.6875, 0.5625, 0.5625, 1.0, 0.5078125, 0.578125, 0.40625, 0.0, 0.0, 0.0, 0.0, 0.0, 0.0, 0.0, 0.0, 0.0, 0.0, 0.0, 0.0, 0.0, 0.0]","[81, 22, 23, 24, 25, 26, 104, 105, 106, 107, 108, 109, 110, 111, 112, 113]",1.468995159603306,1.4980419322123681
200,6945.9375,"[1.0, 1.0, 1.0, 1.0, 0.96875, 1.0, 0.40625, 0.0, 0.0, 0.0, 0.0, 0.0, 0.0, 0.0, 0.0, 0.0, 0.0, 0.0, 0.0, 0.0, 0.0]","[0.6875, 0.5625, 0.5625, 1.0, 0.546875, 0.578125, 0.40625, 0.0, 0.0, 0.0, 0.0, 0.0, 0.0, 0.0, 0.0, 0.0, 0.0, 0.0, 0.0, 0.0, 0.0]","[23, 24, 25, 26, 104, 105, 106, 107, 108, 109, 110, 111, 112, 113, 0, 114, 115, 116, 117, 118, 119, 120, 121, 122]",1.467594992985851,1.4939537927558197
201,7981.875,"[1.0, 1.0, 1.0, 1.0, 0.984375, 1.0, 0.8125, 0.0, 0.0, 0.0, 0.0, 0.0, 0.0, 0.0, 0.0, 0.0, 0.0, 0.0, 0.0, 0.0, 0.0]","[0.6875, 0.5625, 0.5625, 1.0, 0.5703125, 0.578125, 0.8125, 0.0, 0.0, 0.0, 0.0, 0.0, 0.0, 0.0, 0.0, 0.0, 0.0, 0.0, 0.0, 0.0, 0.0]","[24, 25, 105, 106, 107, 110, 111, 112, 114, 115, 116, 119, 120, 121, 1, 123, 124, 125, 126, 127, 128, 129]",1.4189477101157766,1.468565808318228
202,8300.625,"[1.0, 1.0, 1.0, 1.0, 0.96875, 1.0, 0.9375, 0.0, 0.0, 0.0, 0.0, 0.0, 0.0, 0.0, 0.0, 0.0, 0.0, 0.0, 0.0, 0.0, 0.0]","[0.6875, 0.5625, 0.5625, 1.0, 0.5625, 0.578125, 1.0, 0.0, 0.0, 0.0, 0.0, 0.0, 0.0, 0.0, 0.0, 0.0, 0.0, 0.0, 0.0, 0.0, 0.0]","[106, 111, 115, 120, 121, 1, 123, 124, 125, 126, 127, 128, 129, 2, 130, 131, 132, 133, 134, 135, 136, 137, 138, 139, 140, 141, 142, 143, 144]",1.4147780811484383,1.488330616483724
203,8930.625,"[1.0, 0.40625, 0.6875, 1.0, 0.6875, 1.0, 0.9375, 1.0, 0.0, 0.0, 0.0, 0.0, 0.0, 0.0, 0.0, 0.0, 0.0, 0.0, 0.0, 0.0, 0.0]","[0.6875, 0.265625, 0.375, 1.0, 0.390625, 0.578125, 1.0, 0.5, 0.0, 0.0, 0.0, 0.0, 0.0, 0.0, 0.0, 0.0, 0.0, 0.0, 0.0, 0.0, 0.0]","[115, 120, 121, 123, 124, 125, 128, 129, 2, 132, 133, 134, 135, 136, 137, 138, 139, 140, 141, 142, 143, 144, 3]",1.3364952593070998,1.456656255489695
204,8336.875,"[1.0, 1.0, 0.625, 1.0, 0.6875, 1.0, 0.9375, 1.0, 0.0, 0.0, 0.0, 0.0, 0.0, 0.0, 0.0, 0.0, 0.0, 0.0, 0.0, 0.0, 0.0]","[0.6875, 0.65625, 0.34375, 1.0, 0.390625, 0.578125, 1.0, 0.5, 0.0, 0.0, 0.0, 0.0, 0.0, 0.0, 0.0, 0.0, 0.0, 0.0, 0.0, 0.0, 0.0]","[135, 136, 137, 138, 139, 140, 141, 142, 143, 144, 3, 4, 27, 28, 29]",1.3014101014210917,1.4030466652622717
205,8533.75,"[1.0, 1.0, 0.4375, 1.0, 0.5, 0.9375, 0.9375, 1.0, 0.0, 0.0, 0.0, 0.0, 0.0, 0.0, 0.0, 0.0, 0.0, 0.0, 0.0, 0.0, 0.0]","[0.6875, 0.65625, 0.21875, 1.0, 0.296875, 0.53125, 1.0, 0.5, 0.0, 0.0, 0.0, 0.0, 0.0, 0.0, 0.0, 0.0, 0.0, 0.0, 0.0, 0.0, 0.0]","[137, 138, 139, 140, 141, 142, 143, 144, 3, 4, 27, 28, 29, 5]",1.3435277866718887,1.4614299996744957
206,8216.25,"[1.0, 1.0, 0.96875, 1.0, 0.4375, 0.78125, 0.9375, 1.0, 0.0, 0.0, 0.0, 0.0, 0.0, 0.0, 0.0, 0.0, 0.0, 0.0, 0.0, 0.0, 0.0]","[0.6875, 0.65625, 0.515625, 1.0, 0.265625, 0.4375, 1.0, 0.5, 0.0, 0.0, 0.0, 0.0, 0.0, 0.0, 0.0, 0.0, 0.0, 0.0, 0.0, 0.0, 0.0]","[142, 144, 3, 4, 27, 28, 29, 5, 6, 30, 31, 32, 33, 34]",1.3183746533839058,1.4199610690387725
207,8652.8125,"[1.0, 1.0, 1.0, 1.0, 1.0, 0.75, 0.9375, 1.0, 0.0, 0.0, 0.0, 0.0, 0.0, 0.0, 0.0, 0.0, 0.0, 0.0, 0.0, 0.0, 0.0]","[0.6875, 0.65625, 0.53125, 1.0, 0.59375, 0.421875, 1.0, 0.5, 0.0, 0.0, 0.0, 0.0, 0.0, 0.0, 0.0, 0.0, 0.0, 0.0, 0.0, 0.0, 0.0]","[31, 33, 34, 7]",1.2822867734726746,1.3660756095064683
208,8910.78125,"[1.0, 1.0, 1.0, 0.984375, 1.0, 0.671875, 0.9375, 1.0, 0.0, 0.0, 0.0, 0.0, 0.0, 0.0, 0.0, 0.0, 0.0, 0.0, 0.0, 0.0, 0.0]","[0.6875, 0.65625, 0.53125, 0.984375, 0.59375, 0.3828125, 1.0, 0.5, 0.0, 0.0, 0.0, 0.0, 0.0, 0.0, 0.0, 0.0, 0.0, 0.0, 0.0, 0.0, 0.0]","[8, 35, 36, 37, 38]",1.2877140949396941,1.3708249843710991
209,8831.40625,"[0.9375, 1.0, 1.0, 0.984375, 1.0, 0.703125, 0.9375, 1.0, 0.0, 0.0, 0.0, 0.0, 0.0, 0.0, 0.0, 0.0, 0.0, 0.0, 0.0, 0.0, 0.0]","[0.65625, 0.65625, 0.53125, 0.984375, 0.59375, 0.3984375, 1.0, 0.5, 0.0, 0.0, 0.0, 0.0, 0.0, 0.0, 0.0, 0.0, 0.0, 0.0, 0.0, 0.0, 0.0]","[9, 39, 40, 41, 42, 43, 44, 45, 46, 47, 48, 49, 60, 61, 62, 63]",1.2851206452084307,1.3689411069084483
210,8851.25,"[0.90625, 1.0, 1.0, 0.828125, 1.0, 0.734375, 0.9375, 1.0, 0.0, 0.0, 0.0, 0.0, 0.0, 0.0, 0.0, 0.0, 0.0, 0.0, 0.0, 0.0, 0.0]","[0.609375, 0.65625, 0.53125, 0.828125, 0.59375, 0.3984375, 1.0, 0.5, 0.0, 0.0, 0.0, 0.0, 0.0, 0.0, 0.0, 0.0, 0.0, 0.0, 0.0, 0.0, 0.0]","[39, 42, 44, 46, 47, 48, 49, 60, 61, 62, 63, 10, 50, 51, 52, 53, 54, 64, 65, 66, 67, 68, 69, 70, 82, 145, 146, 147, 148, 149, 150, 151]",1.2850335487808409,1.3535123953774124
211,8533.75,"[0.59375, 1.0, 1.0, 0.953125, 1.0, 0.734375, 0.65625, 1.0, 0.0, 0.0, 0.0, 0.0, 0.0, 0.0, 0.0, 0.0, 0.0, 0.0, 0.0, 0.0, 0.0]","[0.390625, 0.65625, 0.53125, 0.953125, 0.59375, 0.3984375, 0.71875, 0.5, 0.0, 0.0, 0.0, 0.0, 0.0, 0.0, 0.0, 0.0, 0.0, 0.0, 0.0, 0.0, 0.0]","[42, 44, 47, 49, 60, 61, 62, 63, 10, 50, 51, 52, 53, 54, 64, 65, 66, 67, 68, 69, 70, 82, 145, 146, 147, 148, 149, 150, 151, 11]",1.3110081582658777,1.360088533595463
212,7816.5625,"[0.6875, 1.0, 1.0, 0.953125, 1.0, 0.734375, 0.53125, 1.0, 0.0, 0.0, 0.0, 0.0, 0.0, 0.0, 0.0, 0.0, 0.0, 0.0, 0.0, 0.0, 0.0]","[0.4375, 0.65625, 0.53125, 0.953125, 0.59375, 0.3984375, 0.59375, 0.5, 0.0, 0.0, 0.0, 0.0, 0.0, 0.0, 0.0, 0.0, 0.0, 0.0, 0.0, 0.0, 0.0]","[61, 62, 10, 50, 51, 52, 53, 54, 64, 65, 66, 67, 68, 69, 70, 82, 145, 146, 147, 148, 149, 150, 151, 11, 12]",1.3156492798535968,1.3510020111683605
213,7497.8125,"[0.90625, 0.75, 1.0, 0.703125, 1.0, 0.734375, 0.53125, 1.0, 0.0, 0.0, 0.0, 0.0, 0.0, 0.0, 0.0, 0.0, 0.0, 0.0, 0.0, 0.0, 0.0]","[0.546875, 0.5, 0.53125, 0.703125, 0.59375, 0.3984375, 0.59375, 0.5, 0.0, 0.0, 0.0, 0.0, 0.0, 0.0, 0.0, 0.0, 0.0, 0.0, 0.0, 0.0, 0.0]","[10, 50, 51, 52, 53, 54, 64, 65, 66, 67, 68, 69, 70, 82, 145, 146, 147, 148, 149, 150, 151, 11, 12, 13, 55, 56, 57, 58, 59, 71, 83, 84, 85, 86, 87, 88, 89, 90, 91, 92, 93]",1.3141893762411616,1.2984914761641337
214,7180.3125,"[0.96875, 0.9375, 1.0, 0.640625, 1.0, 0.734375, 0.53125, 1.0, 0.0, 0.0, 0.0, 0.0, 0.0, 0.0, 0.0, 0.0, 0.0, 0.0, 0.0, 0.0, 0.0]","[0.578125, 0.59375, 0.53125, 0.640625, 0.59375, 0.3984375, 0.59375, 0.5, 0.0, 0.0, 0.0, 0.0, 0.0, 0.0, 0.0, 0.0, 0.0, 0.0, 0.0, 0.0, 0.0]","[51, 52, 54, 65, 66, 67, 68, 69, 70, 82, 145, 146, 147, 148, 149, 150, 151, 11, 12, 13, 55, 56, 57, 58, 59, 71, 83, 84, 85, 86, 87, 88, 89, 90, 91, 92, 93, 14]",1.3180432569161362,1.2916267622618585
215,7497.8125,"[1.0, 0.90625, 1.0, 0.828125, 0.96875, 0.734375, 0.53125, 1.0, 0.0, 0.0, 0.0, 0.0, 0.0, 0.0, 0.0, 0.0, 0.0, 0.0, 0.0, 0.0, 0.0]","[0.59375, 0.578125, 0.53125, 0.828125, 0.578125, 0.3984375, 0.59375, 0.5, 0.0, 0.0, 0.0, 0.0, 0.0, 0.0, 0.0, 0.0, 0.0, 0.0, 0.0, 0.0, 0.0]","[54, 66, 68, 70, 82, 145, 146, 147, 148, 149, 150, 151, 11, 12, 13, 55, 56, 57, 58, 59, 71, 83, 84, 85, 86, 87, 88, 89, 90, 91, 92, 93, 14, 15, 16]",1.3076843687114617,1.314403125287325
216,7458.125,"[1.0, 1.0, 0.96875, 0.578125, 0.859375, 0.734375, 0.53125, 1.0, 0.0, 0.0, 0.0, 0.0, 0.0, 0.0, 0.0, 0.0, 0.0, 0.0, 0.0, 0.0, 0.0]","[0.59375, 0.625, 0.515625, 0.578125, 0.4921875, 0.3984375, 0.59375, 0.5, 0.0, 0.0, 0.0, 0.0, 0.0, 0.0, 0.0, 0.0, 0.0, 0.0, 0.0, 0.0, 0.0]","[66, 68, 82, 146, 147, 148, 149, 150, 151, 11, 12, 13, 55, 56, 57, 58, 59, 71, 83, 84, 85, 86, 87, 88, 89, 90, 91, 92, 93, 14, 15, 16, 17]",1.3235103535697974,1.2919969807809566
217,7279.53125,"[1.0, 1.0, 1.0, 0.921875, 0.828125, 0.734375, 0.53125, 1.0, 0.0, 0.0, 0.0, 0.0, 0.0, 0.0, 0.0, 0.0, 0.0, 0.0, 0.0, 0.0, 0.0]","[0.59375, 0.625, 0.53125, 0.984375, 0.4765625, 0.3984375, 0.59375, 0.5, 0.0, 0.0, 0.0, 0.0, 0.0, 0.0, 0.0, 0.0, 0.0, 0.0, 0.0, 0.0, 0.0]","[149, 11, 12, 13, 55, 56, 57, 58, 59, 71, 83, 84, 85, 86, 87, 88, 89, 90, 91, 92, 93, 14, 15, 16, 17, 18]",1.308580291405789,1.3534546924147026
218,7458.125,"[1.0, 1.0, 1.0, 0.9375, 0.75, 0.734375, 0.53125, 1.0, 0.0, 0.0, 0.0, 0.0, 0.0, 0.0, 0.0, 0.0, 0.0, 0.0, 0.0, 0.0, 0.0]","[0.59375, 0.625, 0.53125, 1.0, 0.453125, 0.3984375, 0.59375, 0.5, 0.0, 0.0, 0.0, 0.0, 0.0, 0.0, 0.0, 0.0, 0.0, 0.0, 0.0, 0.0, 0.0]","[12, 57, 58, 59, 71, 83, 84, 85, 86, 87, 88, 89, 90, 91, 92, 93, 14, 15, 16, 17, 18, 19, 20, 21, 22, 23, 24, 72, 73, 74, 75]",1.3116513403845107,1.3601655226590321
219,7477.96875,"[1.0, 1.0, 1.0, 0.9375, 0.96875, 0.734375, 0.234375, 1.0, 0.0, 0.0, 0.0, 0.0, 0.0, 0.0, 0.0, 0.0, 0.0, 0.0, 0.0, 0.0, 0.0]","[0.59375, 0.625, 0.53125, 1.0, 0.578125, 0.3984375, 0.265625, 0.5, 0.0, 0.0, 0.0, 0.0, 0.0, 0.0, 0.0, 0.0, 0.0, 0.0, 0.0, 0.0, 0.0]","[58, 83, 84, 85, 86, 88, 89, 90, 91, 92, 93, 14, 15, 16, 17, 18, 19, 20, 21, 22, 23, 24, 72, 73, 74, 75, 25]",1.359657072710579,1.3979709844435027
220,7038.4375,"[1.0, 0.875, 1.0, 0.9375, 1.0, 0.984375, 0.0, 1.0, 0.0, 0.0, 0.0, 0.0, 0.0, 0.0, 0.0, 0.0, 0.0, 0.0, 0.0, 0.0, 0.0]","[0.59375, 0.5625, 0.53125, 1.0, 0.59375, 0.5234375, 0.0, 0.5, 0.0, 0.0, 0.0, 0.0, 0.0, 0.0, 0.0, 0.0, 0.0, 0.0, 0.0, 0.0, 0.0]","[85, 86, 88, 90, 91, 92, 93, 14, 15, 16, 17, 18, 19, 20, 21, 22, 23, 24, 72, 73, 74, 75, 25, 0]",1.4164427092099556,1.4847776074534016
221,7397.03125,"[1.0, 0.75, 1.0, 0.9375, 1.0, 0.984375, 0.375, 0.375, 0.0, 0.0, 0.0, 0.0, 0.0, 0.0, 0.0, 0.0, 0.0, 0.0, 0.0, 0.0, 0.0]","[0.59375, 0.46875, 0.53125, 1.0, 0.59375, 0.5234375, 0.375, 0.1875, 0.0, 0.0, 0.0, 0.0, 0.0, 0.0, 0.0, 0.0, 0.0, 0.0, 0.0, 0.0, 0.0]","[91, 92, 93, 14, 16, 17, 18, 19, 21, 22, 23, 24, 73, 74, 75, 25, 1, 26, 76, 77, 78, 79]",1.3777650212307213,1.4335568497342117
222,7003.28125,"[1.0, 0.78125, 0.0625, 0.9375, 0.9375, 0.984375, 0.375, 0.0, 0.0, 0.0, 0.0, 0.0, 0.0, 0.0, 0.0, 0.0, 0.0, 0.0, 0.0, 0.0, 0.0]","[0.59375, 0.515625, 0.03125, 1.0, 0.546875, 0.5234375, 0.375, 0.0, 0.0, 0.0, 0.0, 0.0, 0.0, 0.0, 0.0, 0.0, 0.0, 0.0, 0.0, 0.0, 0.0]","[14, 18, 19, 21, 22, 23, 24, 73, 74, 75, 25, 1, 26, 76, 77, 78, 79, 2]",1.627782460786751,1.6763484860001137
223,6254.53125,"[1.0, 1.0, 0.3125, 0.9375, 0.875, 0.984375, 0.375, 0.0, 0.0, 0.0, 0.0, 0.0, 0.0, 0.0, 0.0, 0.0, 0.0, 0.0, 0.0, 0.0, 0.0]","[0.59375, 0.625, 0.15625, 1.0, 0.515625, 0.5234375, 0.375, 0.0, 0.0, 0.0, 0.0, 0.0, 0.0, 0.0, 0.0, 0.0, 0.0, 0.0, 0.0, 0.0, 0.0]","[19, 21, 23, 24, 73, 74, 75, 25, 1, 26, 76, 77, 79, 2, 3]",1.5451264306072128,1.606480657884058
224,6608.28125,"[1.0, 1.0, 0.96875, 0.9375, 0.6875, 0.984375, 0.375, 0.0, 0.0, 0.0, 0.0, 0.0, 0.0, 0.0, 0.0, 0.0, 0.0, 0.0, 0.0, 0.0, 0.0]","[0.59375, 0.625, 0.546875, 1.0, 0.40625, 0.5234375, 0.375, 0.0, 0.0, 0.0, 0.0, 0.0, 0.0, 0.0, 0.0, 0.0, 0.0, 0.0, 0.0, 0.0, 0.0]","[1, 76, 77, 79, 2, 3, 4]",1.4831045363914166,1.5242582091336192
225,6687.65625,"[1.0, 1.0, 1.0, 0.9375, 0.875, 0.984375, 0.375, 0.0, 0.0, 0.0, 0.0, 0.0, 0.0, 0.0, 0.0, 0.0, 0.0, 0.0, 0.0, 0.0, 0.0]","[0.59375, 0.625, 0.5625, 1.0, 0.53125, 0.5234375, 0.375, 0.0, 0.0, 0.0, 0.0, 0.0, 0.0, 0.0, 0.0, 0.0, 0.0, 0.0, 0.0, 0.0, 0.0]","[5, 27, 28, 29, 80, 81, 94, 95, 96, 97, 98, 99, 100, 101, 102]",1.473852647975448,1.5047972024926926
226,6767.03125,"[1.0, 1.0, 1.0, 0.9375, 0.8125, 0.78125, 0.375, 0.0, 0.0, 0.0, 0.0, 0.0, 0.0, 0.0, 0.0, 0.0, 0.0, 0.0, 0.0, 0.0, 0.0]","[0.59375, 0.625, 0.5625, 1.0, 0.484375, 0.421875, 0.375, 0.0, 0.0, 0.0, 0.0, 0.0, 0.0, 0.0, 0.0, 0.0, 0.0, 0.0, 0.0, 0.0, 0.0]","[27, 28, 29, 80, 81, 94, 95, 96, 97, 98, 99, 100, 101, 102, 6, 30, 31, 32, 33, 34, 103, 104, 105, 106, 107, 108, 109, 110, 111, 112, 113]",1.4780383268739707,1.5246592402292938
227,6509.0625,"[1.0, 1.0, 1.0, 0.9375, 1.0, 0.75, 0.375, 0.0, 0.0, 0.0, 0.0, 0.0, 0.0, 0.0, 0.0, 0.0, 0.0, 0.0, 0.0, 0.0, 0.0]","[0.59375, 0.625, 0.5625, 1.0, 0.609375, 0.390625, 0.375, 0.0, 0.0, 0.0, 0.0, 0.0, 0.0, 0.0, 0.0, 0.0, 0.0, 0.0, 0.0, 0.0, 0.0]","[81, 96, 97, 98, 99, 100, 101, 102, 6, 30, 31, 32, 33, 34, 103, 104, 105, 106, 107, 108, 109, 110, 111, 112, 113, 7]",1.4796598035471469,1.5204059816478201
228,6786.875,"[1.0, 1.0, 1.0, 0.921875, 1.0, 0.75, 0.375, 0.0, 0.0, 0.0, 0.0, 0.0, 0.0, 0.0, 0.0, 0.0, 0.0, 0.0, 0.0, 0.0, 0.0]","[0.59375, 0.625, 0.5625, 0.984375, 0.609375, 0.390625, 0.375, 0.0, 0.0, 0.0, 0.0, 0.0, 0.0, 0.0, 0.0, 0.0, 0.0, 0.0, 0.0, 0.0, 0.0]","[98, 100, 101, 102, 6, 30, 31, 32, 33, 34, 103, 104, 105, 106, 107, 108, 109, 110, 111, 112, 113, 7, 8]",1.4795983865676936,1.5161454564822663
229,6786.875,"[0.125, 1.0, 1.0, 0.8125, 1.0, 0.75, 0.375, 0.0, 0.0, 0.0, 0.0, 0.0, 0.0, 0.0, 0.0, 0.0, 0.0, 0.0, 0.0, 0.0, 0.0]","[0.0625, 0.625, 0.5625, 0.875, 0.609375, 0.40625, 0.375, 0.0, 0.0, 0.0, 0.0, 0.0, 0.0, 0.0, 0.0, 0.0, 0.0, 0.0, 0.0, 0.0, 0.0]","[6, 31, 32, 33, 34, 103, 104, 105, 106, 107, 108, 109, 110, 111, 112, 113, 7, 8, 9, 35, 36, 37, 38]",1.6087324572110542,1.6306690287981438
230,6310.625,"[0.875, 0.59375, 0.96875, 0.03125, 0.96875, 0.75, 0.375, 0.0, 0.0, 0.0, 0.0, 0.0, 0.0, 0.0, 0.0, 0.0, 0.0, 0.0, 0.0, 0.0, 0.0]","[0.46875, 0.390625, 0.546875, 0.03125, 0.578125, 0.40625, 0.375, 0.0, 0.0, 0.0, 0.0, 0.0, 0.0, 0.0, 0.0, 0.0, 0.0, 0.0, 0.0, 0.0, 0.0]","[106, 107, 108, 109, 110, 111, 112, 113, 7, 8, 9, 35, 36, 37, 38, 10, 39, 40, 41, 42, 43, 44, 45, 46, 47, 48, 49, 50, 51]",1.6528292784667153,1.588341941744204
231,5160.625,"[1.0, 0.84375, 0.96875, 0.03125, 0.90625, 0.75, 0.375, 0.0, 0.0, 0.0, 0.0, 0.0, 0.0, 0.0, 0.0, 0.0, 0.0, 0.0, 0.0, 0.0, 0.0]","[0.53125, 0.515625, 0.546875, 0.03125, 0.546875, 0.40625, 0.375, 0.0, 0.0, 0.0, 0.0, 0.0, 0.0, 0.0, 0.0, 0.0, 0.0, 0.0, 0.0, 0.0, 0.0]","[108, 109, 110, 111, 112, 113, 7, 8, 9, 35, 36, 37, 38, 10, 39, 40, 41, 42, 43, 44, 45, 46, 47, 48, 49, 50, 51, 11, 52, 53, 54, 60, 61, 62]",1.6400738425671506,1.5806739943163657
232,6132.1875,"[1.0, 1.0, 0.96875, 0.78125, 0.78125, 0.75, 0.375, 0.0, 0.0, 0.0, 0.0, 0.0, 0.0, 0.0, 0.0, 0.0, 0.0, 0.0, 0.0, 0.0, 0.0]","[0.53125, 0.625, 0.546875, 0.78125, 0.484375, 0.40625, 0.375, 0.0, 0.0, 0.0, 0.0, 0.0, 0.0, 0.0, 0.0, 0.0, 0.0, 0.0, 0.0, 0.0, 0.0]","[111, 113, 7, 8, 9, 36, 37, 38, 10, 40, 41, 42, 43, 45, 46, 47, 48, 50, 51, 11, 52, 54, 60, 61, 62, 12]",1.4803949621361434,1.4729859130351517
233,6231.25,"[1.0, 0.71875, 1.0, 0.953125, 0.5625, 0.5, 0.25, 0.0, 0.0, 0.0, 0.0, 0.0, 0.0, 0.0, 0.0, 0.0, 0.0, 0.0, 0.0, 0.0, 0.0]","[0.53125, 0.421875, 0.5625, 0.984375, 0.34375, 0.28125, 0.25, 0.0, 0.0, 0.0, 0.0, 0.0, 0.0, 0.0, 0.0, 0.0, 0.0, 0.0, 0.0, 0.0, 0.0]","[36, 37, 38, 10, 40, 41, 42, 43, 45, 46, 47, 48, 50, 51, 11, 52, 54, 60, 61, 62, 12, 13, 55, 56, 57, 58, 59, 63, 64, 65]",1.5577887252142235,1.642298712697661
234,5297.34375,"[1.0, 0.875, 1.0, 0.953125, 0.5625, 0.5, 0.25, 0.0, 0.0, 0.0, 0.0, 0.0, 0.0, 0.0, 0.0, 0.0, 0.0, 0.0, 0.0, 0.0, 0.0]","[0.53125, 0.53125, 0.5625, 0.984375, 0.34375, 0.28125, 0.25, 0.0, 0.0, 0.0, 0.0, 0.0, 0.0, 0.0, 0.0, 0.0, 0.0, 0.0, 0.0, 0.0, 0.0]","[40, 41, 42, 43, 45, 46, 47, 48, 50, 51, 11, 52, 54, 60, 61, 62, 12, 13, 55, 56, 57, 58, 59, 63, 64, 65, 14]",1.5554590600649039,1.6275741355809639
235,5773.59375,"[1.0, 0.9375, 1.0, 0.953125, 0.9375, 0.5, 0.1875, 0.0, 0.0, 0.0, 0.0, 0.0, 0.0, 0.0, 0.0, 0.0, 0.0, 0.0, 0.0, 0.0, 0.0]","[0.53125, 0.5625, 0.5625, 0.984375, 0.53125, 0.28125, 0.1875, 0.0, 0.0, 0.0, 0.0, 0.0, 0.0, 0.0, 0.0, 0.0, 0.0, 0.0, 0.0, 0.0, 0.0]","[42, 43, 45, 47, 48, 50, 51, 11, 52, 54, 60, 61, 62, 13, 55, 56, 57, 59, 63, 64, 65, 15]",1.5549595456673895,1.6165622187642157
236,5693.59375,"[1.0, 0.96875, 1.0, 0.953125, 1.0, 0.5, 0.1875, 0.0, 0.0, 0.0, 0.0, 0.0, 0.0, 0.0, 0.0, 0.0, 0.0, 0.0, 0.0, 0.0, 0.0]","[0.53125, 0.578125, 0.5625, 0.984375, 0.5625, 0.28125, 0.1875, 0.0, 0.0, 0.0, 0.0, 0.0, 0.0, 0.0, 0.0, 0.0, 0.0, 0.0, 0.0, 0.0, 0.0]","[45, 47, 48, 50, 51, 11, 52, 54, 60, 61, 62, 13, 55, 56, 57, 59, 63, 64, 65, 15, 16, 17, 66, 67, 68, 69, 70, 71, 82, 83, 84, 85, 86, 87, 88]",1.557299881422575,1.6131662567818406
237,6328.59375,"[1.0, 0.9375, 1.0, 0.953125, 1.0, 1.0, 0.1875, 0.0, 0.0, 0.0, 0.0, 0.0, 0.0, 0.0, 0.0, 0.0, 0.0, 0.0, 0.0, 0.0, 0.0]","[0.53125, 0.5625, 0.5625, 0.984375, 0.5625, 0.59375, 0.1875, 0.0, 0.0, 0.0, 0.0, 0.0, 0.0, 0.0, 0.0, 0.0, 0.0, 0.0, 0.0, 0.0, 0.0]","[60, 55, 59, 63, 64, 65, 15, 16, 17, 66, 67, 68, 69, 70, 71, 82, 83, 84, 85, 86, 87, 88, 18, 89, 90, 91, 92, 93, 114, 115, 116, 117]",1.5197738205250673,1.556798536730975
238,7603.59375,"[1.0, 0.96875, 0.46875, 0.953125, 1.0, 1.0, 0.5625, 0.0, 0.0, 0.0, 0.0, 0.0, 0.0, 0.0, 0.0, 0.0, 0.0, 0.0, 0.0, 0.0, 0.0]","[0.53125, 0.578125, 0.234375, 0.984375, 0.5625, 0.59375, 0.5625, 0.0, 0.0, 0.0, 0.0, 0.0, 0.0, 0.0, 0.0, 0.0, 0.0, 0.0, 0.0, 0.0, 0.0]","[59, 63, 64, 15, 16, 17, 68, 69, 70, 83, 84, 85, 88, 18, 89, 92, 93, 114, 117, 19, 20, 21, 22, 23, 24, 72, 73, 74, 75, 118]",1.4797843467400105,1.5384731776183391
239,7265.15625,"[1.0, 1.0, 0.84375, 0.953125, 1.0, 1.0, 0.5625, 0.0, 0.0, 0.0, 0.0, 0.0, 0.0, 0.0, 0.0, 0.0, 0.0, 0.0, 0.0, 0.0, 0.0]","[0.53125, 0.59375, 0.546875, 0.984375, 0.5625, 0.59375, 0.5625, 0.0, 0.0, 0.0, 0.0, 0.0, 0.0, 0.0, 0.0, 0.0, 0.0, 0.0, 0.0, 0.0, 0.0]","[16, 69, 84, 88, 18, 89, 92, 93, 114, 117, 19, 20, 21, 22, 23, 24, 72, 73, 74, 75, 118, 25, 119, 120]",1.44317890967151,1.472667647502314
240,7762.96875,"[1.0, 1.0, 1.0, 0.953125, 1.0, 1.0, 0.6875, 0.0, 0.0, 0.0, 0.0, 0.0, 0.0, 0.0, 0.0, 0.0, 0.0, 0.0, 0.0, 0.0, 0.0]","[0.53125, 0.59375, 0.65625, 0.984375, 0.5625, 0.59375, 0.6875, 0.0, 0.0, 0.0, 0.0, 0.0, 0.0, 0.0, 0.0, 0.0, 0.0, 0.0, 0.0, 0.0, 0.0]","[18, 89, 92, 93, 114, 117, 19, 20, 21, 23, 24, 72, 73, 75, 118, 25, 119, 0]",1.4278534231229323,1.462600895293759
241,8221.09375,"[1.0, 1.0, 0.71875, 0.96875, 0.84375, 1.0, 0.921875, 0.0, 0.0, 0.0, 0.0, 0.0, 0.0, 0.0, 0.0, 0.0, 0.0, 0.0, 0.0, 0.0, 0.0]","[0.53125, 0.59375, 0.515625, 1.0, 0.453125, 0.59375, 0.984375, 0.0, 0.0, 0.0, 0.0, 0.0, 0.0, 0.0, 0.0, 0.0, 0.0, 0.0, 0.0, 0.0, 0.0]","[93, 19, 24, 118, 0, 1, 26]",1.4262631657470939,1.5158214903682745
242,8022.65625,"[1.0, 1.0, 0.96875, 0.96875, 0.84375, 1.0, 0.921875, 0.0, 0.0, 0.0, 0.0, 0.0, 0.0, 0.0, 0.0, 0.0, 0.0, 0.0, 0.0, 0.0, 0.0]","[0.53125, 0.59375, 0.671875, 1.0, 0.453125, 0.59375, 0.984375, 0.0, 0.0, 0.0, 0.0, 0.0, 0.0, 0.0, 0.0, 0.0, 0.0, 0.0, 0.0, 0.0, 0.0]","[2, 76, 77, 78, 79, 121, 122, 123, 124, 125, 126, 127, 128]",1.417494764679153,1.5016250976291543
243,8221.09375,"[1.0, 1.0, 1.0, 0.96875, 0.96875, 1.0, 0.921875, 0.0, 0.0, 0.0, 0.0, 0.0, 0.0, 0.0, 0.0, 0.0, 0.0, 0.0, 0.0, 0.0, 0.0]","[0.53125, 0.59375, 0.6875, 1.0, 0.546875, 0.59375, 0.984375, 0.0, 0.0, 0.0, 0.0, 0.0, 0.0, 0.0, 0.0, 0.0, 0.0, 0.0, 0.0, 0.0, 0.0]","[76, 121, 122, 124, 125, 126, 127, 128, 3]",1.4150388622428085,1.4870522206708423
244,8851.09375,"[1.0, 1.0, 1.0, 0.96875, 0.9375, 1.0, 0.921875, 1.0, 0.0, 0.0, 0.0, 0.0, 0.0, 0.0, 0.0, 0.0, 0.0, 0.0, 0.0, 0.0, 0.0]","[0.53125, 0.59375, 0.6875, 1.0, 0.53125, 0.59375, 0.984375, 0.5, 0.0, 0.0, 0.0, 0.0, 0.0, 0.0, 0.0, 0.0, 0.0, 0.0, 0.0, 0.0, 0.0]","[125, 128, 4, 129, 130, 131, 132, 133]",1.275734883129679,1.352675251408202
245,9008.59375,"[1.0, 1.0, 1.0, 0.953125, 0.6875, 0.53125, 0.921875, 1.0, 0.25, 0.0, 0.0, 0.0, 0.0, 0.0, 0.0, 0.0, 0.0, 0.0, 0.0, 0.0, 0.0]","[0.53125, 0.59375, 0.6875, 0.984375, 0.390625, 0.34375, 0.984375, 0.5, 0.125, 0.0, 0.0, 0.0, 0.0, 0.0, 0.0, 0.0, 0.0, 0.0, 0.0, 0.0, 0.0]","[4, 129, 131, 132, 133, 5, 27, 28, 29, 80, 81, 94, 95, 96, 97]",1.249198928465411,1.358802002872773
246,8413.28125,"[0.0, 0.59375, 1.0, 0.75, 1.0, 0.5, 0.921875, 1.0, 0.25, 0.0, 0.0, 0.0, 0.0, 0.0, 0.0, 0.0, 0.0, 0.0, 0.0, 0.0, 0.0]","[0.0, 0.359375, 0.6875, 0.75, 0.59375, 0.3125, 0.984375, 0.5, 0.125, 0.0, 0.0, 0.0, 0.0, 0.0, 0.0, 0.0, 0.0, 0.0, 0.0, 0.0, 0.0]","[27, 29, 81, 94, 96, 97, 6, 30, 31, 32, 33, 34, 98, 99, 100, 101]",1.395150988600064,1.4890114201885076
247,7839.84375,"[1.0, 0.59375, 0.96875, 0.75, 1.0, 0.5, 0.921875, 1.0, 0.25, 0.0, 0.0, 0.0, 0.0, 0.0, 0.0, 0.0, 0.0, 0.0, 0.0, 0.0, 0.0]","[0.53125, 0.359375, 0.671875, 0.75, 0.59375, 0.3125, 0.984375, 0.5, 0.125, 0.0, 0.0, 0.0, 0.0, 0.0, 0.0, 0.0, 0.0, 0.0, 0.0, 0.0, 0.0]","[30, 33, 34, 98, 99, 101, 7]",1.2608640839588927,1.3423127430568516
248,8056.40625,"[1.0, 0.96875, 0.96875, 0.71875, 1.0, 0.5, 0.921875, 1.0, 0.25, 0.0, 0.0, 0.0, 0.0, 0.0, 0.0, 0.0, 0.0, 0.0, 0.0, 0.0, 0.0]","[0.53125, 0.578125, 0.671875, 0.71875, 0.59375, 0.3125, 0.984375, 0.5, 0.125, 0.0, 0.0, 0.0, 0.0, 0.0, 0.0, 0.0, 0.0, 0.0, 0.0, 0.0, 0.0]","[34, 98, 101, 7, 8, 102, 103, 104, 105, 106]",1.250478061528165,1.3149591384291002
249,8393.59375,"[1.0, 0.84375, 0.96875, 0.8125, 1.0, 0.5, 0.921875, 1.0, 0.25, 0.0, 0.0, 0.0, 0.0, 0.0, 0.0, 0.0, 0.0, 0.0, 0.0, 0.0, 0.0]","[0.53125, 0.484375, 0.671875, 0.8125, 0.59375, 0.3125, 0.984375, 0.5, 0.125, 0.0, 0.0, 0.0, 0.0, 0.0, 0.0, 0.0, 0.0, 0.0, 0.0, 0.0, 0.0]","[8, 102, 104, 105, 106, 9, 35, 36, 37, 38, 107, 108, 109, 110, 111, 112, 113, 134, 135, 136, 137, 138]",1.2461790893452906,1.328834813784496
250,8314.21875,"[1.0, 0.65625, 0.96875, 0.5625, 0.9375, 0.34375, 0.921875, 1.0, 0.25, 0.0, 0.0, 0.0, 0.0, 0.0, 0.0, 0.0, 0.0, 0.0, 0.0, 0.0, 0.0]","[0.53125, 0.390625, 0.671875, 0.5625, 0.5625, 0.203125, 0.984375, 0.5, 0.125, 0.0, 0.0, 0.0, 0.0, 0.0, 0.0, 0.0, 0.0, 0.0, 0.0, 0.0, 0.0]","[105, 106, 9, 36, 37, 38, 107, 108, 109, 110, 111, 112, 113, 134, 135, 136, 137, 138, 10]",1.290115737411553,1.363303674330239
251,7560.15625,"[1.0, 0.96875, 0.96875, 0.4375, 0.9375, 0.125, 0.921875, 1.0, 0.25, 0.0, 0.0, 0.0, 0.0, 0.0, 0.0, 0.0, 0.0, 0.0, 0.0, 0.0, 0.0]","[0.53125, 0.609375, 0.671875, 0.4375, 0.5625, 0.078125, 0.984375, 0.5, 0.125, 0.0, 0.0, 0.0, 0.0, 0.0, 0.0, 0.0, 0.0, 0.0, 0.0, 0.0, 0.0]","[106, 37, 38, 109, 110, 111, 112, 113, 134, 135, 136, 137, 138, 10, 11, 39, 40]",1.3506992428289044,1.3997147526867355
252,7837.96875,"[1.0, 1.0, 0.96875, 1.0, 0.8125, 0.125, 0.921875, 1.0, 0.25, 0.0, 0.0, 0.0, 0.0, 0.0, 0.0, 0.0, 0.0, 0.0, 0.0, 0.0, 0.0]","[0.53125, 0.625, 0.671875, 1.0, 0.5, 0.078125, 0.984375, 0.5, 0.125, 0.0, 0.0, 0.0, 0.0, 0.0, 0.0, 0.0, 0.0, 0.0, 0.0, 0.0, 0.0]","[112, 135, 136, 137, 138, 10, 11, 39, 40, 12, 41, 42, 43, 44, 45, 46, 47]",1.3174647418074918,1.4204582681513984
253,7937.03125,"[1.0, 0.9375, 0.875, 1.0, 0.875, 0.0, 0.890625, 1.0, 0.25, 0.0, 0.0, 0.0, 0.0, 0.0, 0.0, 0.0, 0.0, 0.0, 0.0, 0.0, 0.0]","[0.53125, 0.59375, 0.59375, 1.0, 0.578125, 0.0, 0.953125, 0.5, 0.125, 0.0, 0.0, 0.0, 0.0, 0.0, 0.0, 0.0, 0.0, 0.0, 0.0, 0.0, 0.0]","[136, 11, 39, 12, 41, 42, 43, 44, 45, 46, 47, 13, 48, 49, 50, 51, 52, 53, 54, 55, 56, 57, 58, 59, 60, 61]",1.349912718130079,1.4452747259710077
254,7698.59375,"[1.0, 1.0, 1.0, 1.0, 0.875, 0.0, 0.890625, 1.0, 0.25, 0.0, 0.0, 0.0, 0.0, 0.0, 0.0, 0.0, 0.0, 0.0, 0.0, 0.0, 0.0]","[0.53125, 0.625, 0.65625, 1.0, 0.578125, 0.0, 0.953125, 0.5, 0.125, 0.0, 0.0, 0.0, 0.0, 0.0, 0.0, 0.0, 0.0, 0.0, 0.0, 0.0, 0.0]","[39, 41, 42, 43, 44, 46, 47, 13, 48, 49, 50, 51, 52, 53, 54, 55, 56, 57, 58, 59, 60, 61, 14]",1.3509589754402804,1.4395167167605785
255,7698.59375,"[1.0, 1.0, 0.9375, 1.0, 1.0, 0.0, 0.890625, 1.0, 0.25, 0.0, 0.0, 0.0, 0.0, 0.0, 0.0, 0.0, 0.0, 0.0, 0.0, 0.0, 0.0]","[0.53125, 0.625, 0.59375, 1.0, 0.640625, 0.0, 0.953125, 0.5, 0.125, 0.0, 0.0, 0.0, 0.0, 0.0, 0.0, 0.0, 0.0, 0.0, 0.0, 0.0, 0.0]","[41, 42, 43, 44, 46, 47, 13, 48, 49, 50, 51, 52, 53, 54, 55, 56, 57, 58, 59, 60, 61, 14, 15]",1.350149067427789,1.4389395578498525
256,8889.21875,"[1.0, 1.0, 0.53125, 1.0, 1.0, 0.9375, 0.609375, 1.0, 0.25, 0.0, 0.0, 0.0, 0.0, 0.0, 0.0, 0.0, 0.0, 0.0, 0.0, 0.0, 0.0]","[0.53125, 0.625, 0.296875, 1.0, 0.640625, 0.46875, 0.671875, 0.5, 0.125, 0.0, 0.0, 0.0, 0.0, 0.0, 0.0, 0.0, 0.0, 0.0, 0.0, 0.0, 0.0]","[44, 46, 48, 49, 50, 53, 54, 55, 58, 59, 60, 15, 16]",1.2565710555133847,1.3282117147184758
257,8172.03125,"[1.0, 1.0, 0.96875, 0.984375, 1.0, 0.9375, 0.359375, 1.0, 0.25, 0.0, 0.0, 0.0, 0.0, 0.0, 0.0, 0.0, 0.0, 0.0, 0.0, 0.0, 0.0]","[0.53125, 0.625, 0.609375, 0.984375, 0.640625, 0.46875, 0.390625, 0.5, 0.125, 0.0, 0.0, 0.0, 0.0, 0.0, 0.0, 0.0, 0.0, 0.0, 0.0, 0.0, 0.0]","[58, 60, 15, 16, 17, 18, 62, 63, 64, 65, 66, 67, 68, 69, 70]",1.2669373340198533,1.305852778566535
258,7912.8125,"[1.0, 1.0, 0.90625, 0.984375, 1.0, 1.0, 0.234375, 1.0, 0.25, 0.0, 0.0, 0.0, 0.0, 0.0, 0.0, 0.0, 0.0, 0.0, 0.0, 0.0, 0.0]","[0.53125, 0.625, 0.578125, 0.984375, 0.640625, 0.515625, 0.234375, 0.5, 0.125, 0.0, 0.0, 0.0, 0.0, 0.0, 0.0, 0.0, 0.0, 0.0, 0.0, 0.0, 0.0]","[15, 17, 18, 63, 64, 65, 66, 68, 69, 70, 19]",1.2911393112507914,1.336156863987116
259,7514.375,"[1.0, 1.0, 1.0, 0.984375, 1.0, 1.0, 0.21875, 1.0, 0.25, 0.0, 0.0, 0.0, 0.0, 0.0, 0.0, 0.0, 0.0, 0.0, 0.0, 0.0, 0.0]","[0.53125, 0.625, 0.65625, 0.984375, 0.640625, 0.515625, 0.21875, 0.5, 0.125, 0.0, 0.0, 0.0, 0.0, 0.0, 0.0, 0.0, 0.0, 0.0, 0.0, 0.0, 0.0]","[17, 63, 65, 68, 69, 70, 20]",1.2947219772923102,1.339685202963436
260,7613.90625,"[1.0, 1.0, 0.9375, 1.0, 1.0, 1.0, 0.359375, 1.0, 0.25, 0.0, 0.0, 0.0, 0.0, 0.0, 0.0, 0.0, 0.0, 0.0, 0.0, 0.0, 0.0]","[0.53125, 0.625, 0.59375, 1.0, 0.640625, 0.515625, 0.390625, 0.5, 0.125, 0.0, 0.0, 0.0, 0.0, 0.0, 0.0, 0.0, 0.0, 0.0, 0.0, 0.0, 0.0]",[0],1.2676692499276656,1.3055842617580316
261,7613.90625,"[1.0, 1.0, 0.90625, 1.0, 1.0, 1.0, 0.359375, 1.0, 0.25, 0.0, 0.0, 0.0, 0.0, 0.0, 0.0, 0.0, 0.0, 0.0, 0.0, 0.0, 0.0]","[0.53125, 0.625, 0.609375, 1.0, 0.640625, 0.515625, 0.390625, 0.5, 0.125, 0.0, 0.0, 0.0, 0.0, 0.0, 0.0, 0.0, 0.0, 0.0, 0.0, 0.0, 0.0]","[1, 21, 22, 23, 24, 25, 26, 71, 72, 73, 74, 75, 82, 83, 84, 85, 86, 87, 88, 89, 90, 91, 92, 93, 114, 115, 116]",1.2677890367882492,1.3052406907139393
262,8809.21875,"[1.0, 1.0, 0.96875, 1.0, 0.765625, 1.0, 0.828125, 0.0, 0.25, 0.0, 0.0, 0.0, 0.0, 0.0, 0.0, 0.0, 0.0, 0.0, 0.0, 0.0, 0.0]","[0.53125, 0.625, 0.640625, 1.0, 0.4765625, 0.515625, 0.859375, 0.0, 0.125, 0.0, 0.0, 0.0, 0.0, 0.0, 0.0, 0.0, 0.0, 0.0, 0.0, 0.0, 0.0]","[24, 25, 26, 73, 74, 75, 84, 85, 86, 89, 90, 91, 114, 115, 116, 2]",1.3558867962675083,1.4385348967780496
263,8159.375,"[1.0, 1.0, 1.0, 1.0, 0.96875, 1.0, 0.828125, 0.0, 0.25, 0.0, 0.0, 0.0, 0.0, 0.0, 0.0, 0.0, 0.0, 0.0, 0.0, 0.0, 0.0]","[0.53125, 0.625, 0.65625, 1.0, 0.640625, 0.515625, 0.859375, 0.0, 0.125, 0.0, 0.0, 0.0, 0.0, 0.0, 0.0, 0.0, 0.0, 0.0, 0.0, 0.0, 0.0]","[74, 85, 90, 91, 114, 115, 116, 2, 3]",1.351946359477269,1.4230101741017631
264,8418.28125,"[1.0, 1.0, 1.0, 0.984375, 0.84375, 1.0, 0.921875, 0.0, 0.0, 0.0, 0.0, 0.0, 0.0, 0.0, 0.0, 0.0, 0.0, 0.0, 0.0, 0.0, 0.0]","[0.53125, 0.625, 0.65625, 0.984375, 0.5625, 0.515625, 0.953125, 0.0, 0.0, 0.0, 0.0, 0.0, 0.0, 0.0, 0.0, 0.0, 0.0, 0.0, 0.0, 0.0, 0.0]","[90, 91, 114, 115, 116, 4]",1.4177669111681552,1.4866103620501914
265,8221.09375,"[0.25, 1.0, 1.0, 1.0, 0.8125, 1.0, 0.921875, 0.0, 0.0, 0.0, 0.0, 0.0, 0.0, 0.0, 0.0, 0.0, 0.0, 0.0, 0.0, 0.0, 0.0]","[0.15625, 0.625, 0.65625, 1.0, 0.546875, 0.515625, 0.953125, 0.0, 0.0, 0.0, 0.0, 0.0, 0.0, 0.0, 0.0, 0.0, 0.0, 0.0, 0.0, 0.0, 0.0]","[115, 5]",1.5058643463006902,1.585832939703942
266,7589.53125,"[0.0625, 0.625, 1.0, 0.78125, 0.8125, 1.0, 0.921875, 0.0, 0.0, 0.0, 0.0, 0.0, 0.0, 0.0, 0.0, 0.0, 0.0, 0.0, 0.0, 0.0, 0.0]","[0.03125, 0.40625, 0.65625, 0.78125, 0.546875, 0.515625, 0.953125, 0.0, 0.0, 0.0, 0.0, 0.0, 0.0, 0.0, 0.0, 0.0, 0.0, 0.0, 0.0, 0.0, 0.0]",[6],1.581827377917453,1.6488279383932951
267,6957.34375,"[0.125, 0.625, 1.0, 0.71875, 0.8125, 1.0, 0.921875, 0.0, 0.0, 0.0, 0.0, 0.0, 0.0, 0.0, 0.0, 0.0, 0.0, 0.0, 0.0, 0.0, 0.0]","[0.0625, 0.40625, 0.65625, 0.71875, 0.546875, 0.515625, 0.953125, 0.0, 0.0, 0.0, 0.0, 0.0, 0.0, 0.0, 0.0, 0.0, 0.0, 0.0, 0.0, 0.0, 0.0]",[7],1.5615846614138058,1.6282049883866736
268,6956.71875,"[0.25, 0.34375, 1.0, 0.46875, 0.8125, 1.0, 0.921875, 0.0, 0.0, 0.0, 0.0, 0.0, 0.0, 0.0, 0.0, 0.0, 0.0, 0.0, 0.0, 0.0, 0.0]","[0.125, 0.234375, 0.65625, 0.46875, 0.546875, 0.515625, 0.953125, 0.0, 0.0, 0.0, 0.0, 0.0, 0.0, 0.0, 0.0, 0.0, 0.0, 0.0, 0.0, 0.0, 0.0]","[8, 27, 28, 29]",1.6027515094962743,1.6618419750385414
269,6717.96875,"[0.65625, 0.0625, 0.96875, 0.03125, 0.5625, 1.0, 0.921875, 0.0, 0.0, 0.0, 0.0, 0.0, 0.0, 0.0, 0.0, 0.0, 0.0, 0.0, 0.0, 0.0, 0.0]","[0.359375, 0.03125, 0.640625, 0.03125, 0.390625, 0.515625, 0.953125, 0.0, 0.0, 0.0, 0.0, 0.0, 0.0, 0.0, 0.0, 0.0, 0.0, 0.0, 0.0, 0.0, 0.0]","[9, 30, 31, 32, 33, 34]",1.7911890166724806,1.8962780988744117
270,5825.15625,"[0.9375, 0.0625, 0.96875, 0.03125, 0.53125, 1.0, 0.921875, 0.0, 0.0, 0.0, 0.0, 0.0, 0.0, 0.0, 0.0, 0.0, 0.0, 0.0, 0.0, 0.0, 0.0]","[0.53125, 0.03125, 0.640625, 0.03125, 0.375, 0.515625, 0.953125, 0.0, 0.0, 0.0, 0.0, 0.0, 0.0, 0.0, 0.0, 0.0, 0.0, 0.0, 0.0, 0.0, 0.0]","[30, 34, 10, 35, 36, 37, 38, 76, 77, 78]",1.7853823197569847,1.858464301970744
271,6297.34375,"[1.0, 0.8125, 0.84375, 0.03125, 0.375, 1.0, 0.921875, 0.0, 0.0, 0.0, 0.0, 0.0, 0.0, 0.0, 0.0, 0.0, 0.0, 0.0, 0.0, 0.0, 0.0]","[0.59375, 0.40625, 0.578125, 0.03125, 0.28125, 0.515625, 0.953125, 0.0, 0.0, 0.0, 0.0, 0.0, 0.0, 0.0, 0.0, 0.0, 0.0, 0.0, 0.0, 0.0, 0.0]","[36, 37, 76, 77, 78, 11]",1.6396272958342097,1.7085791857459534
272,6297.03125,"[1.0, 0.9375, 0.65625, 0.15625, 0.375, 0.75, 0.921875, 0.0, 0.0, 0.0, 0.0, 0.0, 0.0, 0.0, 0.0, 0.0, 0.0, 0.0, 0.0, 0.0, 0.0]","[0.59375, 0.5, 0.453125, 0.15625, 0.28125, 0.390625, 0.953125, 0.0, 0.0, 0.0, 0.0, 0.0, 0.0, 0.0, 0.0, 0.0, 0.0, 0.0, 0.0, 0.0, 0.0]","[11, 12]",1.5960646145494914,1.6551543149771932
273,5940.15625,"[1.0, 1.0, 0.4375, 0.15625, 0.375, 0.125, 0.921875, 0.0, 0.0, 0.0, 0.0, 0.0, 0.0, 0.0, 0.0, 0.0, 0.0, 0.0, 0.0, 0.0, 0.0]","[0.59375, 0.53125, 0.28125, 0.15625, 0.28125, 0.0625, 0.953125, 0.0, 0.0, 0.0, 0.0, 0.0, 0.0, 0.0, 0.0, 0.0, 0.0, 0.0, 0.0, 0.0, 0.0]",[13],1.787716502741846,1.8554789446735922
274,5087.34375,"[1.0, 1.0, 0.6875, 0.15625, 0.375, 0.0, 0.921875, 0.0, 0.0, 0.0, 0.0, 0.0, 0.0, 0.0, 0.0, 0.0, 0.0, 0.0, 0.0, 0.0, 0.0]","[0.59375, 0.53125, 0.40625, 0.15625, 0.28125, 0.0, 0.953125, 0.0, 0.0, 0.0, 0.0, 0.0, 0.0, 0.0, 0.0, 0.0, 0.0, 0.0, 0.0, 0.0, 0.0]","[14, 39, 40, 41]",1.8088032819858406,1.859179181129241
275,5105.78125,"[1.0, 1.0, 0.90625, 0.15625, 0.375, 0.0, 0.921875, 0.0, 0.0, 0.0, 0.0, 0.0, 0.0, 0.0, 0.0, 0.0, 0.0, 0.0, 0.0, 0.0, 0.0]","[0.59375, 0.53125, 0.515625, 0.15625, 0.28125, 0.0, 0.953125, 0.0, 0.0, 0.0, 0.0, 0.0, 0.0, 0.0, 0.0, 0.0, 0.0, 0.0, 0.0, 0.0, 0.0]","[15, 42, 43, 44, 45]",1.7997400496594849,1.836079290561443
276,5363.59375,"[1.0, 1.0, 0.96875, 0.34375, 0.375, 0.0, 0.921875, 0.0, 0.0, 0.0, 0.0, 0.0, 0.0, 0.0, 0.0, 0.0, 0.0, 0.0, 0.0, 0.0, 0.0]","[0.59375, 0.53125, 0.578125, 0.34375, 0.28125, 0.0, 0.953125, 0.0, 0.0, 0.0, 0.0, 0.0, 0.0, 0.0, 0.0, 0.0, 0.0, 0.0, 0.0, 0.0, 0.0]","[44, 16]",1.732107198231361,1.745470328211473
277,5542.34375,"[1.0, 1.0, 0.9375, 0.484375, 0.375, 0.0, 0.65625, 0.0, 0.0, 0.0, 0.0, 0.0, 0.0, 0.0, 0.0, 0.0, 0.0, 0.0, 0.0, 0.0, 0.0]","[0.59375, 0.53125, 0.5625, 0.484375, 0.28125, 0.0, 0.65625, 0.0, 0.0, 0.0, 0.0, 0.0, 0.0, 0.0, 0.0, 0.0, 0.0, 0.0, 0.0, 0.0, 0.0]",[17],1.7035729115068556,1.6379443042730135
278,4864.84375,"[1.0, 1.0, 1.0, 0.484375, 0.375, 0.0, 0.625, 0.0, 0.0, 0.0, 0.0, 0.0, 0.0, 0.0, 0.0, 0.0, 0.0, 0.0, 0.0, 0.0, 0.0]","[0.59375, 0.53125, 0.625, 0.484375, 0.28125, 0.0, 0.625, 0.0, 0.0, 0.0, 0.0, 0.0, 0.0, 0.0, 0.0, 0.0, 0.0, 0.0, 0.0, 0.0, 0.0]",[18],1.7124859536394526,1.6378967835663485
279,4805.0,"[1.0, 1.0, 1.0, 0.5, 0.375, 0.0, 0.5625, 0.0, 0.0, 0.0, 0.0, 0.0, 0.0, 0.0, 0.0, 0.0, 0.0, 0.0, 0.0, 0.0, 0.0]","[0.59375, 0.53125, 0.625, 0.5, 0.28125, 0.0, 0.5625, 0.0, 0.0, 0.0, 0.0, 0.0, 0.0, 0.0, 0.0, 0.0, 0.0, 0.0, 0.0, 0.0, 0.0]",[19],1.7185407372022135,1.6328057092735504
280,4685.3125,"[1.0, 1.0, 0.9375, 0.53125, 0.375, 0.0, 0.5625, 0.0, 0.0, 0.0, 0.0, 0.0, 0.0, 0.0, 0.0, 0.0, 0.0, 0.0, 0.0, 0.0, 0.0]","[0.59375, 0.53125, 0.5625, 0.53125, 0.28125, 0.0, 0.5625, 0.0, 0.0, 0.0, 0.0, 0.0, 0.0, 0.0, 0.0, 0.0, 0.0, 0.0, 0.0, 0.0, 0.0]",[0],1.7069081804367299,1.627031136979163
281,4725.3125,"[0.96875, 1.0, 0.8125, 0.578125, 0.03125, 0.0, 0.09375, 0.0, 0.0, 0.0, 0.0, 0.0, 0.0, 0.0, 0.0, 0.0, 0.0, 0.0, 0.0, 0.0, 0.0]","[0.578125, 0.53125, 0.5, 0.578125, 0.03125, 0.0, 0.09375, 0.0, 0.0, 0.0, 0.0, 0.0, 0.0, 0.0, 0.0, 0.0, 0.0, 0.0, 0.0, 0.0, 0.0]",[1],2.0223370071727778,1.937363770276088
282,3133.90625,"[0.96875, 1.0, 0.8125, 0.703125, 0.03125, 0.0, 0.0625, 0.0, 0.0, 0.0, 0.0, 0.0, 0.0, 0.0, 0.0, 0.0, 0.0, 0.0, 0.0, 0.0, 0.0]","[0.578125, 0.53125, 0.5, 0.703125, 0.03125, 0.0, 0.0625, 0.0, 0.0, 0.0, 0.0, 0.0, 0.0, 0.0, 0.0, 0.0, 0.0, 0.0, 0.0, 0.0, 0.0]",[2],2.0202253401660673,1.9883070228214708
283,3093.59375,"[0.96875, 1.0, 0.875, 0.703125, 0.03125, 0.0, 0.0, 0.0, 0.0, 0.0, 0.0, 0.0, 0.0, 0.0, 0.0, 0.0, 0.0, 0.0, 0.0, 0.0, 0.0]","[0.578125, 0.53125, 0.5625, 0.703125, 0.03125, 0.0, 0.0, 0.0, 0.0, 0.0, 0.0, 0.0, 0.0, 0.0, 0.0, 0.0, 0.0, 0.0, 0.0, 0.0, 0.0]",[3],2.0610428518943573,2.044516379367446
284,2953.90625,"[1.0, 1.0, 0.875, 0.703125, 0.0, 0.0, 0.0, 0.0, 0.0, 0.0, 0.0, 0.0, 0.0, 0.0, 0.0, 0.0, 0.0, 0.0, 0.0, 0.0, 0.0]","[0.59375, 0.53125, 0.5625, 0.703125, 0.0, 0.0, 0.0, 0.0, 0.0, 0.0, 0.0, 0.0, 0.0, 0.0, 0.0, 0.0, 0.0, 0.0, 0.0, 0.0, 0.0]","[4, 20, 21, 22]",2.0849962217411733,2.076457318799523
285,3151.71875,"[0.96875, 1.0, 1.0, 0.828125, 0.0, 0.0, 0.0, 0.0, 0.0, 0.0, 0.0, 0.0, 0.0, 0.0, 0.0, 0.0, 0.0, 0.0, 0.0, 0.0, 0.0]","[0.578125, 0.53125, 0.65625, 0.828125, 0.0, 0.0, 0.0, 0.0, 0.0, 0.0, 0.0, 0.0, 0.0, 0.0, 0.0, 0.0, 0.0, 0.0, 0.0, 0.0, 0.0]","[20, 5]",2.068678067955258,2.099827530261532
286,3231.09375,"[0.9375, 1.0, 1.0, 0.890625, 0.0, 0.0, 0.0, 0.0, 0.0, 0.0, 0.0, 0.0, 0.0, 0.0, 0.0, 0.0, 0.0, 0.0, 0.0, 0.0, 0.0]","[0.5625, 0.53125, 0.65625, 0.890625, 0.0, 0.0, 0.0, 0.0, 0.0, 0.0, 0.0, 0.0, 0.0, 0.0, 0.0, 0.0, 0.0, 0.0, 0.0, 0.0, 0.0]","[6, 23, 24, 25, 26]",2.064499318092,2.1186737370622932
287,3469.21875,"[0.875, 1.0, 1.0, 0.953125, 0.125, 0.0, 0.0, 0.0, 0.0, 0.0, 0.0, 0.0, 0.0, 0.0, 0.0, 0.0, 0.0, 0.0, 0.0, 0.0, 0.0]","[0.53125, 0.53125, 0.65625, 0.953125, 0.0625, 0.0, 0.0, 0.0, 0.0, 0.0, 0.0, 0.0, 0.0, 0.0, 0.0, 0.0, 0.0, 0.0, 0.0, 0.0, 0.0]","[25, 26, 7]",1.9895365968657734,2.087459152722686
288,3449.53125,"[0.5625, 1.0, 1.0, 0.953125, 0.125, 0.0, 0.0, 0.0, 0.0, 0.0, 0.0, 0.0, 0.0, 0.0, 0.0, 0.0, 0.0, 0.0, 0.0, 0.0, 0.0]","[0.375, 0.53125, 0.65625, 0.953125, 0.0625, 0.0, 0.0, 0.0, 0.0, 0.0, 0.0, 0.0, 0.0, 0.0, 0.0, 0.0, 0.0, 0.0, 0.0, 0.0, 0.0]","[7, 8]",2.0332841676100193,2.139900360698836
289,3311.71875,"[0.46875, 0.625, 1.0, 0.953125, 0.125, 0.0, 0.0, 0.0, 0.0, 0.0, 0.0, 0.0, 0.0, 0.0, 0.0, 0.0, 0.0, 0.0, 0.0, 0.0, 0.0]","[0.296875, 0.34375, 0.65625, 0.953125, 0.0625, 0.0, 0.0, 0.0, 0.0, 0.0, 0.0, 0.0, 0.0, 0.0, 0.0, 0.0, 0.0, 0.0, 0.0, 0.0, 0.0]","[9, 27, 28, 29, 30, 31, 32, 33, 34, 46, 47, 48]",2.0712630920939596,2.254793611256804
290,3232.96875,"[0.9375, 0.0625, 1.0, 0.828125, 0.125, 0.0, 0.0, 0.0, 0.0, 0.0, 0.0, 0.0, 0.0, 0.0, 0.0, 0.0, 0.0, 0.0, 0.0, 0.0, 0.0]","[0.53125, 0.03125, 0.65625, 0.828125, 0.0625, 0.0, 0.0, 0.0, 0.0, 0.0, 0.0, 0.0, 0.0, 0.0, 0.0, 0.0, 0.0, 0.0, 0.0, 0.0, 0.0]","[31, 32, 33, 34, 46, 47, 48, 10]",2.2853468252541016,2.3715737686012837
291,3113.59375,"[1.0, 0.625, 1.0, 0.828125, 0.125, 0.0, 0.0, 0.0, 0.0, 0.0, 0.0, 0.0, 0.0, 0.0, 0.0, 0.0, 0.0, 0.0, 0.0, 0.0, 0.0]","[0.59375, 0.3125, 0.65625, 0.828125, 0.0625, 0.0, 0.0, 0.0, 0.0, 0.0, 0.0, 0.0, 0.0, 0.0, 0.0, 0.0, 0.0, 0.0, 0.0, 0.0, 0.0]","[33, 34, 48, 10, 11]",2.017845292469106,2.116758981783456
292,3231.71875,"[1.0, 0.875, 0.875, 0.828125, 0.125, 0.0, 0.0, 0.0, 0.0, 0.0, 0.0, 0.0, 0.0, 0.0, 0.0, 0.0, 0.0, 0.0, 0.0, 0.0, 0.0]","[0.59375, 0.46875, 0.59375, 0.828125, 0.0625, 0.0, 0.0, 0.0, 0.0, 0.0, 0.0, 0.0, 0.0, 0.0, 0.0, 0.0, 0.0, 0.0, 0.0, 0.0, 0.0]",[12],1.987570198380246,2.055937973647263
293,3231.71875,"[1.0, 1.0, 0.625, 0.828125, 0.125, 0.0, 0.0, 0.0, 0.0, 0.0, 0.0, 0.0, 0.0, 0.0, 0.0, 0.0, 0.0, 0.0, 0.0, 0.0, 0.0]","[0.59375, 0.53125, 0.46875, 0.828125, 0.0625, 0.0, 0.0, 0.0, 0.0, 0.0, 0.0, 0.0, 0.0, 0.0, 0.0, 0.0, 0.0, 0.0, 0.0, 0.0, 0.0]","[13, 35, 36]",2.017845292469106,2.062509551707352
294,3290.78125,"[1.0, 1.0, 0.6875, 0.828125, 0.125, 0.0, 0.0, 0.0, 0.0, 0.0, 0.0, 0.0, 0.0, 0.0, 0.0, 0.0, 0.0, 0.0, 0.0, 0.0, 0.0]","[0.59375, 0.53125, 0.5, 0.828125, 0.0625, 0.0, 0.0, 0.0, 0.0, 0.0, 0.0, 0.0, 0.0, 0.0, 0.0, 0.0, 0.0, 0.0, 0.0, 0.0, 0.0]",[14],2.0072443353710585,2.0554032912572278
295,3152.96875,"[1.0, 1.0, 0.65625, 0.609375, 0.125, 0.0, 0.0, 0.0, 0.0, 0.0, 0.0, 0.0, 0.0, 0.0, 0.0, 0.0, 0.0, 0.0, 0.0, 0.0, 0.0]","[0.59375, 0.53125, 0.453125, 0.609375, 0.0625, 0.0, 0.0, 0.0, 0.0, 0.0, 0.0, 0.0, 0.0, 0.0, 0.0, 0.0, 0.0, 0.0, 0.0, 0.0, 0.0]",[15],2.03638670666631,2.0103177148935476
296,2894.84375,"[1.0, 1.0, 0.78125, 0.484375, 0.125, 0.0, 0.0, 0.0, 0.0, 0.0, 0.0, 0.0, 0.0, 0.0, 0.0, 0.0, 0.0, 0.0, 0.0, 0.0, 0.0]","[0.59375, 0.53125, 0.515625, 0.484375, 0.0625, 0.0, 0.0, 0.0, 0.0, 0.0, 0.0, 0.0, 0.0, 0.0, 0.0, 0.0, 0.0, 0.0, 0.0, 0.0, 0.0]","[16, 37, 38]",2.0555681666116876,1.9998214205987779
297,2953.90625,"[1.0, 1.0, 0.8125, 0.609375, 0.125, 0.0, 0.0, 0.0, 0.0, 0.0, 0.0, 0.0, 0.0, 0.0, 0.0, 0.0, 0.0, 0.0, 0.0, 0.0, 0.0]","[0.59375, 0.53125, 0.53125, 0.609375, 0.0625, 0.0, 0.0, 0.0, 0.0, 0.0, 0.0, 0.0, 0.0, 0.0, 0.0, 0.0, 0.0, 0.0, 0.0, 0.0, 0.0]","[17, 39]",2.0215032962772117,2.001665897791111
298,3032.65625,"[1.0, 1.0, 1.0, 0.59375, 0.125, 0.0, 0.0, 0.0, 0.0, 0.0, 0.0, 0.0, 0.0, 0.0, 0.0, 0.0, 0.0, 0.0, 0.0, 0.0, 0.0]","[0.59375, 0.53125, 0.625, 0.59375, 0.0625, 0.0, 0.0, 0.0, 0.0, 0.0, 0.0, 0.0, 0.0, 0.0, 0.0, 0.0, 0.0, 0.0, 0.0, 0.0, 0.0]",[18],2.028467689312374,2.002949419092439
299,3171.5625,"[1.0, 1.0, 1.0, 0.6875, 0.125, 0.0, 0.0, 0.0, 0.0, 0.0, 0.0, 0.0, 0.0, 0.0, 0.0, 0.0, 0.0, 0.0, 0.0, 0.0, 0.0]","[0.59375, 0.53125, 0.625, 0.6875, 0.0625, 0.0, 0.0, 0.0, 0.0, 0.0, 0.0, 0.0, 0.0, 0.0, 0.0, 0.0, 0.0, 0.0, 0.0, 0.0, 0.0]",[19],2.0099189670811937,2.0116069447086327
300,3171.5625,"[1.0, 1.0, 1.0, 0.65625, 0.125, 0.0, 0.0, 0.0, 0.0, 0.0, 0.0, 0.0, 0.0, 0.0, 0.0, 0.0, 0.0, 0.0, 0.0, 0.0, 0.0]","[0.59375, 0.53125, 0.625, 0.6875, 0.0625, 0.0, 0.0, 0.0, 0.0, 0.0, 0.0, 0.0, 0.0, 0.0, 0.0, 0.0, 0.0, 0.0, 0.0, 0.0, 0.0]",[0],2.0153769911272192,2.0116069447086327
301,3112.03125,"[1.0, 1.0, 1.0, 0.546875, 0.125, 0.0, 0.0, 0.0, 0.0, 0.0, 0.0, 0.0, 0.0, 0.0, 0.0, 0.0, 0.0, 0.0, 0.0, 0.0, 0.0]","[0.59375, 0.53125, 0.625, 0.578125, 0.0625, 0.0, 0.0, 0.0, 0.0, 0.0, 0.0, 0.0, 0.0, 0.0, 0.0, 0.0, 0.0, 0.0, 0.0, 0.0, 0.0]",[1],2.0403001758577712,2.0025614764595545
302,2992.96875,"[1.0, 1.0, 0.9375, 0.578125, 0.125, 0.0, 0.0, 0.0, 0.0, 0.0, 0.0, 0.0, 0.0, 0.0, 0.0, 0.0, 0.0, 0.0, 0.0, 0.0, 0.0]","[0.59375, 0.53125, 0.5625, 0.609375, 0.0625, 0.0, 0.0, 0.0, 0.0, 0.0, 0.0, 0.0, 0.0, 0.0, 0.0, 0.0, 0.0, 0.0, 0.0, 0.0, 0.0]",[2],2.028713190426639,2.000964637330549
303,3032.96875,"[0.96875, 1.0, 0.9375, 0.640625, 0.125, 0.0, 0.0, 0.0, 0.0, 0.0, 0.0, 0.0, 0.0, 0.0, 0.0, 0.0, 0.0, 0.0, 0.0, 0.0, 0.0]","[0.578125, 0.53125, 0.5625, 0.671875, 0.0625, 0.0, 0.0, 0.0, 0.0, 0.0, 0.0, 0.0, 0.0, 0.0, 0.0, 0.0, 0.0, 0.0, 0.0, 0.0, 0.0]",[3],2.012905397536011,2.008688330118956
304,3172.03125,"[0.96875, 1.0, 0.8125, 0.578125, 0.125, 0.0, 0.0, 0.0, 0.0, 0.0, 0.0, 0.0, 0.0, 0.0, 0.0, 0.0, 0.0, 0.0, 0.0, 0.0, 0.0]","[0.578125, 0.53125, 0.46875, 0.609375, 0.0625, 0.0, 0.0, 0.0, 0.0, 0.0, 0.0, 0.0, 0.0, 0.0, 0.0, 0.0, 0.0, 0.0, 0.0, 0.0, 0.0]",[4],2.024841204121534,2.0062835320839154
305,2894.53125,"[0.9375, 1.0, 0.875, 0.578125, 0.125, 0.0, 0.0, 0.0, 0.0, 0.0, 0.0, 0.0, 0.0, 0.0, 0.0, 0.0, 0.0, 0.0, 0.0, 0.0, 0.0]","[0.5625, 0.53125, 0.53125, 0.609375, 0.0625, 0.0, 0.0, 0.0, 0.0, 0.0, 0.0, 0.0, 0.0, 0.0, 0.0, 0.0, 0.0, 0.0, 0.0, 0.0, 0.0]","[5, 20, 21, 22, 40, 41]",2.0218070391864065,2.0
306,3151.71875,"[0.84375, 1.0, 1.0, 0.640625, 0.0, 0.0, 0.0, 0.0, 0.0, 0.0, 0.0, 0.0, 0.0, 0.0, 0.0, 0.0, 0.0, 0.0, 0.0, 0.0, 0.0]","[0.484375, 0.53125, 0.59375, 0.671875, 0.0, 0.0, 0.0, 0.0, 0.0, 0.0, 0.0, 0.0, 0.0, 0.0, 0.0, 0.0, 0.0, 0.0, 0.0, 0.0, 0.0]","[20, 40, 6]",2.0977729932715894,2.0808169577979787
307,2893.90625,"[0.90625, 1.0, 1.0, 0.640625, 0.0, 0.0, 0.0, 0.0, 0.0, 0.0, 0.0, 0.0, 0.0, 0.0, 0.0, 0.0, 0.0, 0.0, 0.0, 0.0, 0.0]","[0.546875, 0.53125, 0.59375, 0.671875, 0.0, 0.0, 0.0, 0.0, 0.0, 0.0, 0.0, 0.0, 0.0, 0.0, 0.0, 0.0, 0.0, 0.0, 0.0, 0.0, 0.0]","[6, 7]",2.0963239084749588,2.0726150953163813
308,2973.28125,"[0.84375, 1.0, 1.0, 0.703125, 0.0, 0.0, 0.0, 0.0, 0.0, 0.0, 0.0, 0.0, 0.0, 0.0, 0.0, 0.0, 0.0, 0.0, 0.0, 0.0, 0.0]","[0.515625, 0.53125, 0.59375, 0.734375, 0.0, 0.0, 0.0, 0.0, 0.0, 0.0, 0.0, 0.0, 0.0, 0.0, 0.0, 0.0, 0.0, 0.0, 0.0, 0.0, 0.0]","[8, 23, 24, 25]",2.086190314644317,2.088274380726028
309,3151.71875,"[0.40625, 0.21875, 1.0, 0.828125, 0.0, 0.0, 0.0, 0.0, 0.0, 0.0, 0.0, 0.0, 0.0, 0.0, 0.0, 0.0, 0.0, 0.0, 0.0, 0.0, 0.0]","[0.265625, 0.109375, 0.59375, 0.859375, 0.0, 0.0, 0.0, 0.0, 0.0, 0.0, 0.0, 0.0, 0.0, 0.0, 0.0, 0.0, 0.0, 0.0, 0.0, 0.0, 0.0]",[9],2.371856845754055,2.524740609160853
310,2364.21875,"[0.53125, 0.1875, 1.0, 0.828125, 0.0, 0.0, 0.0, 0.0, 0.0, 0.0, 0.0, 0.0, 0.0, 0.0, 0.0, 0.0, 0.0, 0.0, 0.0, 0.0, 0.0]","[0.328125, 0.09375, 0.59375, 0.859375, 0.0, 0.0, 0.0, 0.0, 0.0, 0.0, 0.0, 0.0, 0.0, 0.0, 0.0, 0.0, 0.0, 0.0, 0.0, 0.0, 0.0]","[10, 26, 27]",2.3420481435204965,2.492572299185455
311,2561.09375,"[0.875, 0.125, 1.0, 0.828125, 0.0, 0.0, 0.0, 0.0, 0.0, 0.0, 0.0, 0.0, 0.0, 0.0, 0.0, 0.0, 0.0, 0.0, 0.0, 0.0, 0.0]","[0.53125, 0.0625, 0.59375, 0.859375, 0.0, 0.0, 0.0, 0.0, 0.0, 0.0, 0.0, 0.0, 0.0, 0.0, 0.0, 0.0, 0.0, 0.0, 0.0, 0.0, 0.0]","[11, 28, 29, 30, 31, 32, 33, 34, 42, 43, 44, 45, 46, 47, 48, 49, 50, 51, 52, 53, 54]",2.3403774013516725,2.4295924370747404
312,3072.96875,"[1.0, 0.75, 1.0, 0.828125, 0.0, 0.0, 0.0, 0.0, 0.0, 0.0, 0.0, 0.0, 0.0, 0.0, 0.0, 0.0, 0.0, 0.0, 0.0, 0.0, 0.0]","[0.625, 0.375, 0.59375, 0.859375, 0.0, 0.0, 0.0, 0.0, 0.0, 0.0, 0.0, 0.0, 0.0, 0.0, 0.0, 0.0, 0.0, 0.0, 0.0, 0.0, 0.0]","[28, 31, 32, 33, 42, 43, 44, 45, 47, 48, 49, 50, 51, 52, 53, 54, 12, 55, 56, 57]",2.0803816100072194,2.159000795147046
313,3151.71875,"[1.0, 1.0, 0.65625, 0.828125, 0.0, 0.0, 0.0, 0.0, 0.0, 0.0, 0.0, 0.0, 0.0, 0.0, 0.0, 0.0, 0.0, 0.0, 0.0, 0.0, 0.0]","[0.625, 0.5, 0.390625, 0.859375, 0.0, 0.0, 0.0, 0.0, 0.0, 0.0, 0.0, 0.0, 0.0, 0.0, 0.0, 0.0, 0.0, 0.0, 0.0, 0.0, 0.0]","[33, 42, 44, 45, 47, 48, 49, 50, 51, 52, 53, 54, 12, 55, 56, 57, 13]",2.095355960206248,2.1685591741907246
314,3151.71875,"[1.0, 1.0, 0.9375, 0.828125, 0.0, 0.0, 0.0, 0.0, 0.0, 0.0, 0.0, 0.0, 0.0, 0.0, 0.0, 0.0, 0.0, 0.0, 0.0, 0.0, 0.0]","[0.625, 0.5, 0.59375, 0.859375, 0.0, 0.0, 0.0, 0.0, 0.0, 0.0, 0.0, 0.0, 0.0, 0.0, 0.0, 0.0, 0.0, 0.0, 0.0, 0.0, 0.0]","[45, 49, 50, 51, 52, 53, 54, 12, 55, 56, 57, 13, 14, 35, 36, 58, 59, 60]",2.0686218346594027,2.1145175745315417
315,3310.46875,"[1.0, 1.0, 0.875, 0.953125, 0.0, 0.0, 0.0, 0.0, 0.0, 0.0, 0.0, 0.0, 0.0, 0.0, 0.0, 0.0, 0.0, 0.0, 0.0, 0.0, 0.0]","[0.625, 0.5, 0.5625, 0.984375, 0.0, 0.0, 0.0, 0.0, 0.0, 0.0, 0.0, 0.0, 0.0, 0.0, 0.0, 0.0, 0.0, 0.0, 0.0, 0.0, 0.0]","[51, 52, 53, 54, 12, 55, 56, 57, 13, 14, 35, 36, 58, 59, 60, 15]",2.06517705493296,2.1600094235817675
316,3945.46875,"[1.0, 1.0, 0.90625, 0.828125, 0.5, 0.0, 0.0, 0.0, 0.0, 0.0, 0.0, 0.0, 0.0, 0.0, 0.0, 0.0, 0.0, 0.0, 0.0, 0.0, 0.0]","[0.625, 0.5, 0.578125, 0.859375, 0.25, 0.0, 0.0, 0.0, 0.0, 0.0, 0.0, 0.0, 0.0, 0.0, 0.0, 0.0, 0.0, 0.0, 0.0, 0.0, 0.0]","[54, 12, 56, 13, 14, 36, 58, 59, 60, 16]",1.8440144869952964,1.9273374457083612
317,3945.46875,"[1.0, 1.0, 0.8125, 0.953125, 0.5, 0.0, 0.0, 0.0, 0.0, 0.0, 0.0, 0.0, 0.0, 0.0, 0.0, 0.0, 0.0, 0.0, 0.0, 0.0, 0.0]","[0.625, 0.5, 0.53125, 0.984375, 0.25, 0.0, 0.0, 0.0, 0.0, 0.0, 0.0, 0.0, 0.0, 0.0, 0.0, 0.0, 0.0, 0.0, 0.0, 0.0, 0.0]","[56, 13, 36, 59, 60, 16, 17]",1.8458485706087822,1.9778170817994534
318,3945.46875,"[1.0, 1.0, 1.0, 0.828125, 0.5, 0.0, 0.0, 0.0, 0.0, 0.0, 0.0, 0.0, 0.0, 0.0, 0.0, 0.0, 0.0, 0.0, 0.0, 0.0, 0.0]","[0.625, 0.5, 0.6875, 0.859375, 0.25, 0.0, 0.0, 0.0, 0.0, 0.0, 0.0, 0.0, 0.0, 0.0, 0.0, 0.0, 0.0, 0.0, 0.0, 0.0, 0.0]","[59, 60, 16, 17, 18]",1.8472046156348174,1.9258168722417712
319,3965.3125,"[1.0, 1.0, 1.0, 0.9375, 0.5, 0.0, 0.0, 0.0, 0.0, 0.0, 0.0, 0.0, 0.0, 0.0, 0.0, 0.0, 0.0, 0.0, 0.0, 0.0, 0.0]","[0.625, 0.5, 0.6875, 0.9375, 0.25, 0.0, 0.0, 0.0, 0.0, 0.0, 0.0, 0.0, 0.0, 0.0, 0.0, 0.0, 0.0, 0.0, 0.0, 0.0, 0.0]","[16, 19]",1.844801614651599,1.9478888144176334
320,3965.3125,"[1.0, 1.0, 1.0, 0.953125, 0.5, 0.0, 0.0, 0.0, 0.0, 0.0, 0.0, 0.0, 0.0, 0.0, 0.0, 0.0, 0.0, 0.0, 0.0, 0.0, 0.0]","[0.625, 0.5, 0.6875, 0.984375, 0.25, 0.0, 0.0, 0.0, 0.0, 0.0, 0.0, 0.0, 0.0, 0.0, 0.0, 0.0, 0.0, 0.0, 0.0, 0.0, 0.0]","[19, 0]",1.8449201550685126,1.9625688595816466
321,4183.59375,"[1.0, 1.0, 1.0, 0.921875, 0.6875, 0.0, 0.0, 0.0, 0.0, 0.0, 0.0, 0.0, 0.0, 0.0, 0.0, 0.0, 0.0, 0.0, 0.0, 0.0, 0.0]","[0.625, 0.5, 0.6875, 0.953125, 0.34375, 0.0, 0.0, 0.0, 0.0, 0.0, 0.0, 0.0, 0.0, 0.0, 0.0, 0.0, 0.0, 0.0, 0.0, 0.0, 0.0]",[1],1.8089756743859122,1.9099708602893304
322,4183.59375,"[1.0, 1.0, 1.0, 0.859375, 0.71875, 0.0, 0.0, 0.0, 0.0, 0.0, 0.0, 0.0, 0.0, 0.0, 0.0, 0.0, 0.0, 0.0, 0.0, 0.0, 0.0]","[0.625, 0.5, 0.6875, 0.890625, 0.375, 0.0, 0.0, 0.0, 0.0, 0.0, 0.0, 0.0, 0.0, 0.0, 0.0, 0.0, 0.0, 0.0, 0.0, 0.0, 0.0]",[2],1.8064895099328346,1.8807500492528755
323,4124.0625,"[1.0, 1.0, 1.0, 0.75, 0.71875, 0.0, 0.0, 0.0, 0.0, 0.0, 0.0, 0.0, 0.0, 0.0, 0.0, 0.0, 0.0, 0.0, 0.0, 0.0, 0.0]","[0.625, 0.5, 0.6875, 0.78125, 0.375, 0.0, 0.0, 0.0, 0.0, 0.0, 0.0, 0.0, 0.0, 0.0, 0.0, 0.0, 0.0, 0.0, 0.0, 0.0, 0.0]",[3],1.813711556788436,1.8552612915257505
324,4005.0,"[1.0, 1.0, 0.9375, 0.78125, 0.71875, 0.0, 0.0, 0.0, 0.0, 0.0, 0.0, 0.0, 0.0, 0.0, 0.0, 0.0, 0.0, 0.0, 0.0, 0.0, 0.0]","[0.625, 0.5, 0.625, 0.8125, 0.375, 0.0, 0.0, 0.0, 0.0, 0.0, 0.0, 0.0, 0.0, 0.0, 0.0, 0.0, 0.0, 0.0, 0.0, 0.0, 0.0]",[4],1.8088861307229487,1.8597253943329497
325,4045.0,"[0.8125, 1.0, 0.8125, 0.71875, 0.71875, 0.0, 0.0, 0.0, 0.0, 0.0, 0.0, 0.0, 0.0, 0.0, 0.0, 0.0, 0.0, 0.0, 0.0, 0.0, 0.0]","[0.5, 0.5, 0.5625, 0.75, 0.375, 0.0, 0.0, 0.0, 0.0, 0.0, 0.0, 0.0, 0.0, 0.0, 0.0, 0.0, 0.0, 0.0, 0.0, 0.0, 0.0]","[5, 20, 21, 22, 37, 38, 39, 40, 41, 61, 62, 63, 64, 65, 66, 67, 68, 69]",1.8075122659932286,1.8488006431955155
326,4125.0,"[0.9375, 1.0, 0.8125, 0.96875, 0.71875, 0.0, 0.0, 0.0, 0.0, 0.0, 0.0, 0.0, 0.0, 0.0, 0.0, 0.0, 0.0, 0.0, 0.0, 0.0, 0.0]","[0.59375, 0.5, 0.5625, 1.0, 0.375, 0.0, 0.0, 0.0, 0.0, 0.0, 0.0, 0.0, 0.0, 0.0, 0.0, 0.0, 0.0, 0.0, 0.0, 0.0, 0.0]","[37, 39, 41, 61, 62, 63, 64, 65, 66, 67, 68, 69, 6]",1.8054283462903131,1.9253802111222684
327,4521.25,"[1.0, 1.0, 0.9375, 0.90625, 0.96875, 0.0, 0.0, 0.0, 0.0, 0.0, 0.0, 0.0, 0.0, 0.0, 0.0, 0.0, 0.0, 0.0, 0.0, 0.0, 0.0]","[0.65625, 0.5, 0.625, 0.9375, 0.5, 0.0, 0.0, 0.0, 0.0, 0.0, 0.0, 0.0, 0.0, 0.0, 0.0, 0.0, 0.0, 0.0, 0.0, 0.0, 0.0]","[41, 61, 63, 64, 65, 66, 68, 69, 6, 7, 70, 71, 72, 73, 74, 75, 76, 77, 78, 79, 80, 81, 82]",1.7905365819987586,1.8600279634684345
328,5036.875,"[0.84375, 1.0, 1.0, 0.84375, 0.96875, 0.375, 0.0, 0.0, 0.0, 0.0, 0.0, 0.0, 0.0, 0.0, 0.0, 0.0, 0.0, 0.0, 0.0, 0.0, 0.0]","[0.546875, 0.5, 0.65625, 0.875, 0.5, 0.1875, 0.0, 0.0, 0.0, 0.0, 0.0, 0.0, 0.0, 0.0, 0.0, 0.0, 0.0, 0.0, 0.0, 0.0, 0.0]","[63, 64, 65, 66, 68, 69, 6, 7, 71, 72, 73, 74, 76, 77, 78, 79, 81, 82, 8]",1.6539709089811323,1.7316079672754099
329,4878.125,"[0.875, 1.0, 1.0, 0.84375, 0.96875, 0.375, 0.0, 0.0, 0.0, 0.0, 0.0, 0.0, 0.0, 0.0, 0.0, 0.0, 0.0, 0.0, 0.0, 0.0, 0.0]","[0.59375, 0.5, 0.65625, 0.875, 0.5, 0.1875, 0.0, 0.0, 0.0, 0.0, 0.0, 0.0, 0.0, 0.0, 0.0, 0.0, 0.0, 0.0, 0.0, 0.0, 0.0]","[66, 68, 69, 6, 7, 71, 72, 73, 74, 76, 77, 78, 79, 81, 82, 8, 9]",1.65337636565088,1.7287076231334826
330,4878.125,"[0.65625, 1.0, 1.0, 0.84375, 0.96875, 0.375, 0.0, 0.0, 0.0, 0.0, 0.0, 0.0, 0.0, 0.0, 0.0, 0.0, 0.0, 0.0, 0.0, 0.0, 0.0]","[0.453125, 0.5, 0.65625, 0.875, 0.5, 0.1875, 0.0, 0.0, 0.0, 0.0, 0.0, 0.0, 0.0, 0.0, 0.0, 0.0, 0.0, 0.0, 0.0, 0.0, 0.0]","[68, 69, 6, 7, 71, 72, 73, 74, 76, 77, 78, 79, 81, 82, 8, 9, 10]",1.666939970654261,1.7443154294190388
331,4878.125,"[0.875, 0.0, 0.4375, 0.71875, 0.84375, 0.375, 0.0, 0.0, 0.0, 0.0, 0.0, 0.0, 0.0, 0.0, 0.0, 0.0, 0.0, 0.0, 0.0, 0.0, 0.0]","[0.59375, 0.0, 0.28125, 0.75, 0.4375, 0.1875, 0.0, 0.0, 0.0, 0.0, 0.0, 0.0, 0.0, 0.0, 0.0, 0.0, 0.0, 0.0, 0.0, 0.0, 0.0]","[72, 73, 74, 76, 77, 78, 79, 81, 82, 8, 9, 10, 11]",1.903894715775375,2.0158515340687684
332,3733.75,"[1.0, 0.25, 0.34375, 0.65625, 0.71875, 0.375, 0.0, 0.0, 0.0, 0.0, 0.0, 0.0, 0.0, 0.0, 0.0, 0.0, 0.0, 0.0, 0.0, 0.0, 0.0]","[0.65625, 0.125, 0.203125, 0.6875, 0.375, 0.1875, 0.0, 0.0, 0.0, 0.0, 0.0, 0.0, 0.0, 0.0, 0.0, 0.0, 0.0, 0.0, 0.0, 0.0, 0.0]","[74, 76, 78, 79, 81, 82, 8, 9, 11, 12, 23, 24]",1.805795156748187,1.9438043807655039
333,3909.0625,"[1.0, 1.0, 0.28125, 0.65625, 0.71875, 0.375, 0.0, 0.0, 0.0, 0.0, 0.0, 0.0, 0.0, 0.0, 0.0, 0.0, 0.0, 0.0, 0.0, 0.0, 0.0]","[0.65625, 0.59375, 0.171875, 0.6875, 0.375, 0.1875, 0.0, 0.0, 0.0, 0.0, 0.0, 0.0, 0.0, 0.0, 0.0, 0.0, 0.0, 0.0, 0.0, 0.0, 0.0]","[23, 24, 13]",1.758545541898564,1.8161072694186011
334,4145.3125,"[1.0, 1.0, 0.625, 0.5, 0.59375, 0.375, 0.0, 0.0, 0.0, 0.0, 0.0, 0.0, 0.0, 0.0, 0.0, 0.0, 0.0, 0.0, 0.0, 0.0, 0.0]","[0.65625, 0.59375, 0.3125, 0.53125, 0.3125, 0.1875, 0.0, 0.0, 0.0, 0.0, 0.0, 0.0, 0.0, 0.0, 0.0, 0.0, 0.0, 0.0, 0.0, 0.0, 0.0]",[14],1.7108094761177772,1.745034221198628
335,3768.4375,"[1.0, 1.0, 0.6875, 0.5, 0.46875, 0.375, 0.0, 0.0, 0.0, 0.0, 0.0, 0.0, 0.0, 0.0, 0.0, 0.0, 0.0, 0.0, 0.0, 0.0, 0.0]","[0.65625, 0.59375, 0.375, 0.53125, 0.25, 0.1875, 0.0, 0.0, 0.0, 0.0, 0.0, 0.0, 0.0, 0.0, 0.0, 0.0, 0.0, 0.0, 0.0, 0.0, 0.0]",[15],1.7274128895977268,1.7520077444448041
336,3629.375,"[1.0, 1.0, 0.71875, 0.46875, 0.46875, 0.375, 0.0, 0.0, 0.0, 0.0, 0.0, 0.0, 0.0, 0.0, 0.0, 0.0, 0.0, 0.0, 0.0, 0.0, 0.0]","[0.65625, 0.59375, 0.390625, 0.46875, 0.25, 0.1875, 0.0, 0.0, 0.0, 0.0, 0.0, 0.0, 0.0, 0.0, 0.0, 0.0, 0.0, 0.0, 0.0, 0.0, 0.0]","[16, 25, 26, 27, 28]",1.7325191192734115,1.7484554945315047
337,3766.875,"[1.0, 1.0, 1.0, 0.453125, 0.46875, 0.375, 0.0, 0.0, 0.0, 0.0, 0.0, 0.0, 0.0, 0.0, 0.0, 0.0, 0.0, 0.0, 0.0, 0.0, 0.0]","[0.65625, 0.59375, 0.5625, 0.453125, 0.25, 0.1875, 0.0, 0.0, 0.0, 0.0, 0.0, 0.0, 0.0, 0.0, 0.0, 0.0, 0.0, 0.0, 0.0, 0.0, 0.0]","[26, 17]",1.7480284053141484,1.7409882619660744
338,3945.46875,"[1.0, 1.0, 1.0, 0.578125, 0.46875, 0.375, 0.0, 0.0, 0.0, 0.0, 0.0, 0.0, 0.0, 0.0, 0.0, 0.0, 0.0, 0.0, 0.0, 0.0, 0.0]","[0.65625, 0.59375, 0.5625, 0.578125, 0.25, 0.1875, 0.0, 0.0, 0.0, 0.0, 0.0, 0.0, 0.0, 0.0, 0.0, 0.0, 0.0, 0.0, 0.0, 0.0, 0.0]","[18, 29, 30, 31]",1.7227878865697313,1.7381113612357102
339,4203.4375,"[1.0, 1.0, 1.0, 0.8125, 0.40625, 0.375, 0.0, 0.0, 0.0, 0.0, 0.0, 0.0, 0.0, 0.0, 0.0, 0.0, 0.0, 0.0, 0.0, 0.0, 0.0]","[0.65625, 0.59375, 0.5625, 0.84375, 0.21875, 0.1875, 0.0, 0.0, 0.0, 0.0, 0.0, 0.0, 0.0, 0.0, 0.0, 0.0, 0.0, 0.0, 0.0, 0.0, 0.0]",[19],1.7165517902442864,1.8005506122541044
340,4163.75,"[1.0, 1.0, 1.0, 0.84375, 0.28125, 0.375, 0.0, 0.0, 0.0, 0.0, 0.0, 0.0, 0.0, 0.0, 0.0, 0.0, 0.0, 0.0, 0.0, 0.0, 0.0]","[0.65625, 0.59375, 0.5625, 0.875, 0.15625, 0.1875, 0.0, 0.0, 0.0, 0.0, 0.0, 0.0, 0.0, 0.0, 0.0, 0.0, 0.0, 0.0, 0.0, 0.0, 0.0]",[0],1.7542112029184072,1.8436610267364955
341,4084.375,"[1.0, 1.0, 1.0, 0.90625, 0.25, 0.375, 0.0, 0.0, 0.0, 0.0, 0.0, 0.0, 0.0, 0.0, 0.0, 0.0, 0.0, 0.0, 0.0, 0.0, 0.0]","[0.65625, 0.59375, 0.5625, 0.9375, 0.125, 0.1875, 0.0, 0.0, 0.0, 0.0, 0.0, 0.0, 0.0, 0.0, 0.0, 0.0, 0.0, 0.0, 0.0, 0.0, 0.0]",[1],1.7652478242711236,1.8824802199294568
342,4203.4375,"[1.0, 1.0, 1.0, 0.890625, 0.375, 0.375, 0.0, 0.0, 0.0, 0.0, 0.0, 0.0, 0.0, 0.0, 0.0, 0.0, 0.0, 0.0, 0.0, 0.0, 0.0]","[0.65625, 0.59375, 0.5625, 0.921875, 0.1875, 0.1875, 0.0, 0.0, 0.0, 0.0, 0.0, 0.0, 0.0, 0.0, 0.0, 0.0, 0.0, 0.0, 0.0, 0.0, 0.0]","[2, 32, 33, 34, 35]",1.7242871000703548,1.8404038102254368
343,4401.875,"[1.0, 1.0, 1.0, 0.90625, 0.5, 0.375, 0.0, 0.0, 0.0, 0.0, 0.0, 0.0, 0.0, 0.0, 0.0, 0.0, 0.0, 0.0, 0.0, 0.0, 0.0]","[0.65625, 0.59375, 0.5625, 0.96875, 0.25, 0.1875, 0.0, 0.0, 0.0, 0.0, 0.0, 0.0, 0.0, 0.0, 0.0, 0.0, 0.0, 0.0, 0.0, 0.0, 0.0]","[33, 34, 3]",1.6938573995216175,1.8245712460407222
344,4520.9375,"[1.0, 1.0, 1.0, 0.875, 0.59375, 0.375, 0.0, 0.0, 0.0, 0.0, 0.0, 0.0, 0.0, 0.0, 0.0, 0.0, 0.0, 0.0, 0.0, 0.0, 0.0]","[0.65625, 0.59375, 0.5625, 0.9375, 0.3125, 0.1875, 0.0, 0.0, 0.0, 0.0, 0.0, 0.0, 0.0, 0.0, 0.0, 0.0, 0.0, 0.0, 0.0, 0.0, 0.0]","[4, 36, 42, 43, 44]",1.676873360271782,1.7882030416994583
345,4659.84375,"[0.375, 1.0, 0.8125, 0.609375, 0.46875, 0.375, 0.0, 0.0, 0.0, 0.0, 0.0, 0.0, 0.0, 0.0, 0.0, 0.0, 0.0, 0.0, 0.0, 0.0, 0.0]","[0.21875, 0.59375, 0.46875, 0.671875, 0.25, 0.1875, 0.0, 0.0, 0.0, 0.0, 0.0, 0.0, 0.0, 0.0, 0.0, 0.0, 0.0, 0.0, 0.0, 0.0, 0.0]","[42, 44, 5]",1.7356469392852896,1.8155352214867102
346,3571.40625,"[0.53125, 1.0, 0.8125, 0.609375, 0.46875, 0.375, 0.0, 0.0, 0.0, 0.0, 0.0, 0.0, 0.0, 0.0, 0.0, 0.0, 0.0, 0.0, 0.0, 0.0, 0.0]","[0.328125, 0.59375, 0.46875, 0.671875, 0.25, 0.1875, 0.0, 0.0, 0.0, 0.0, 0.0, 0.0, 0.0, 0.0, 0.0, 0.0, 0.0, 0.0, 0.0, 0.0, 0.0]",[6],1.7015552744711162,1.769026038530807
347,3571.40625,"[0.28125, 0.53125, 0.8125, 0.609375, 0.46875, 0.0, 0.0, 0.0, 0.0, 0.0, 0.0, 0.0, 0.0, 0.0, 0.0, 0.0, 0.0, 0.0, 0.0, 0.0, 0.0]","[0.171875, 0.296875, 0.46875, 0.671875, 0.25, 0.0, 0.0, 0.0, 0.0, 0.0, 0.0, 0.0, 0.0, 0.0, 0.0, 0.0, 0.0, 0.0, 0.0, 0.0, 0.0]",[7],1.9064281369894056,2.042310730307708
348,2681.71875,"[0.40625, 0.46875, 0.8125, 0.609375, 0.46875, 0.0, 0.0, 0.0, 0.0, 0.0, 0.0, 0.0, 0.0, 0.0, 0.0, 0.0, 0.0, 0.0, 0.0, 0.0, 0.0]","[0.234375, 0.265625, 0.46875, 0.671875, 0.25, 0.0, 0.0, 0.0, 0.0, 0.0, 0.0, 0.0, 0.0, 0.0, 0.0, 0.0, 0.0, 0.0, 0.0, 0.0, 0.0]","[8, 20]",1.8686136410656833,2.0118153826338876
349,2839.21875,"[0.71875, 0.34375, 0.8125, 0.609375, 0.46875, 0.0, 0.0, 0.0, 0.0, 0.0, 0.0, 0.0, 0.0, 0.0, 0.0, 0.0, 0.0, 0.0, 0.0, 0.0, 0.0]","[0.421875, 0.203125, 0.46875, 0.671875, 0.25, 0.0, 0.0, 0.0, 0.0, 0.0, 0.0, 0.0, 0.0, 0.0, 0.0, 0.0, 0.0, 0.0, 0.0, 0.0, 0.0]","[9, 21]",1.881873058448118,1.9812534068603596
350,2819.53125,"[0.8125, 0.09375, 0.8125, 0.609375, 0.46875, 0.0, 0.0, 0.0, 0.0, 0.0, 0.0, 0.0, 0.0, 0.0, 0.0, 0.0, 0.0, 0.0, 0.0, 0.0, 0.0]","[0.46875, 0.078125, 0.46875, 0.671875, 0.25, 0.0, 0.0, 0.0, 0.0, 0.0, 0.0, 0.0, 0.0, 0.0, 0.0, 0.0, 0.0, 0.0, 0.0, 0.0, 0.0]",[10],2.0383330592355726,2.0898458735596104
351,2740.78125,"[0.9375, 0.03125, 0.8125, 0.609375, 0.46875, 0.0, 0.0, 0.0, 0.0, 0.0, 0.0, 0.0, 0.0, 0.0, 0.0, 0.0, 0.0, 0.0, 0.0, 0.0, 0.0]","[0.53125, 0.015625, 0.46875, 0.671875, 0.25, 0.0, 0.0, 0.0, 0.0, 0.0, 0.0, 0.0, 0.0, 0.0, 0.0, 0.0, 0.0, 0.0, 0.0, 0.0, 0.0]",[11],2.115114130406609,2.1643274279555356
352,2858.90625,"[0.9375, 0.25, 0.625, 0.609375, 0.46875, 0.0, 0.0, 0.0, 0.0, 0.0, 0.0, 0.0, 0.0, 0.0, 0.0, 0.0, 0.0, 0.0, 0.0, 0.0, 0.0]","[0.53125, 0.125, 0.375, 0.671875, 0.25, 0.0, 0.0, 0.0, 0.0, 0.0, 0.0, 0.0, 0.0, 0.0, 0.0, 0.0, 0.0, 0.0, 0.0, 0.0, 0.0]","[12, 22, 23, 24, 37]",1.9578614173218558,2.059840770545141
353,2996.71875,"[1.0, 0.625, 0.375, 0.609375, 0.46875, 0.0, 0.0, 0.0, 0.0, 0.0, 0.0, 0.0, 0.0, 0.0, 0.0, 0.0, 0.0, 0.0, 0.0, 0.0, 0.0]","[0.59375, 0.3125, 0.25, 0.671875, 0.25, 0.0, 0.0, 0.0, 0.0, 0.0, 0.0, 0.0, 0.0, 0.0, 0.0, 0.0, 0.0, 0.0, 0.0, 0.0, 0.0]","[22, 23, 13, 38, 39, 40, 41, 45, 46, 47, 48, 49, 50, 51, 52, 53, 54]",1.9245475104280667,1.9980203894980701
354,3075.46875,"[1.0, 1.0, 0.3125, 0.609375, 0.46875, 0.0, 0.0, 0.0, 0.0, 0.0, 0.0, 0.0, 0.0, 0.0, 0.0, 0.0, 0.0, 0.0, 0.0, 0.0, 0.0]","[0.59375, 0.53125, 0.1875, 0.671875, 0.25, 0.0, 0.0, 0.0, 0.0, 0.0, 0.0, 0.0, 0.0, 0.0, 0.0, 0.0, 0.0, 0.0, 0.0, 0.0, 0.0]","[41, 45, 46, 47, 48, 49, 50, 51, 52, 53, 54, 14]",1.977726425365004,1.994907693836844
355,3469.21875,"[1.0, 1.0, 0.96875, 0.609375, 0.46875, 0.0, 0.0, 0.0, 0.0, 0.0, 0.0, 0.0, 0.0, 0.0, 0.0, 0.0, 0.0, 0.0, 0.0, 0.0, 0.0]","[0.59375, 0.53125, 0.578125, 0.671875, 0.25, 0.0, 0.0, 0.0, 0.0, 0.0, 0.0, 0.0, 0.0, 0.0, 0.0, 0.0, 0.0, 0.0, 0.0, 0.0, 0.0]","[49, 53, 54, 14, 15]",1.8777185585934981,1.8759918011801753
356,3866.09375,"[1.0, 1.0, 0.71875, 0.796875, 0.46875, 0.0, 0.0, 0.0, 0.0, 0.0, 0.0, 0.0, 0.0, 0.0, 0.0, 0.0, 0.0, 0.0, 0.0, 0.0, 0.0]","[0.59375, 0.53125, 0.421875, 0.859375, 0.25, 0.0, 0.0, 0.0, 0.0, 0.0, 0.0, 0.0, 0.0, 0.0, 0.0, 0.0, 0.0, 0.0, 0.0, 0.0, 0.0]","[14, 16]",1.8600145104914516,1.9501574774492472
357,3608.90625,"[1.0, 1.0, 0.84375, 0.765625, 0.46875, 0.0, 0.0, 0.0, 0.0, 0.0, 0.0, 0.0, 0.0, 0.0, 0.0, 0.0, 0.0, 0.0, 0.0, 0.0, 0.0]","[0.59375, 0.53125, 0.515625, 0.828125, 0.25, 0.0, 0.0, 0.0, 0.0, 0.0, 0.0, 0.0, 0.0, 0.0, 0.0, 0.0, 0.0, 0.0, 0.0, 0.0, 0.0]",[17],1.855245052630821,1.9195574367733153
358,3647.96875,"[1.0, 1.0, 0.96875, 0.53125, 0.46875, 0.0, 0.0, 0.0, 0.0, 0.0, 0.0, 0.0, 0.0, 0.0, 0.0, 0.0, 0.0, 0.0, 0.0, 0.0, 0.0]","[0.59375, 0.53125, 0.578125, 0.5625, 0.25, 0.0, 0.0, 0.0, 0.0, 0.0, 0.0, 0.0, 0.0, 0.0, 0.0, 0.0, 0.0, 0.0, 0.0, 0.0, 0.0]",[18],1.8939258628336928,1.8635610651036472
359,3509.0625,"[1.0, 1.0, 0.96875, 0.625, 0.46875, 0.0, 0.0, 0.0, 0.0, 0.0, 0.0, 0.0, 0.0, 0.0, 0.0, 0.0, 0.0, 0.0, 0.0, 0.0, 0.0]","[0.59375, 0.53125, 0.578125, 0.65625, 0.25, 0.0, 0.0, 0.0, 0.0, 0.0, 0.0, 0.0, 0.0, 0.0, 0.0, 0.0, 0.0, 0.0, 0.0, 0.0, 0.0]","[19, 25, 26, 27, 28, 29, 30, 31, 55, 56, 57, 58, 59, 60]",1.8749990138064467,1.87339997109092
360,3846.25,"[1.0, 1.0, 1.0, 0.84375, 0.46875, 0.0, 0.0, 0.0, 0.0, 0.0, 0.0, 0.0, 0.0, 0.0, 0.0, 0.0, 0.0, 0.0, 0.0, 0.0, 0.0]","[0.59375, 0.53125, 0.59375, 0.9375, 0.25, 0.0, 0.0, 0.0, 0.0, 0.0, 0.0, 0.0, 0.0, 0.0, 0.0, 0.0, 0.0, 0.0, 0.0, 0.0, 0.0]","[30, 31, 55, 56, 57, 58, 59, 60, 0]",1.8545911966296662,1.9481663337154778
361,4163.75,"[1.0, 1.0, 1.0, 0.90625, 0.59375, 0.0, 0.0, 0.0, 0.0, 0.0, 0.0, 0.0, 0.0, 0.0, 0.0, 0.0, 0.0, 0.0, 0.0, 0.0, 0.0]","[0.59375, 0.53125, 0.59375, 1.0, 0.3125, 0.0, 0.0, 0.0, 0.0, 0.0, 0.0, 0.0, 0.0, 0.0, 0.0, 0.0, 0.0, 0.0, 0.0, 0.0, 0.0]","[55, 57, 59, 60, 1]",1.8243942424409951,1.9403913274286764
362,4282.8125,"[1.0, 1.0, 1.0, 0.828125, 0.625, 0.0, 0.0, 0.0, 0.0, 0.0, 0.0, 0.0, 0.0, 0.0, 0.0, 0.0, 0.0, 0.0, 0.0, 0.0, 0.0]","[0.59375, 0.53125, 0.59375, 0.890625, 0.359375, 0.0, 0.0, 0.0, 0.0, 0.0, 0.0, 0.0, 0.0, 0.0, 0.0, 0.0, 0.0, 0.0, 0.0, 0.0, 0.0]","[2, 32, 33, 34, 35, 61, 62, 63]",1.8212250197281614,1.8841958247000694
363,4243.125,"[1.0, 1.0, 1.0, 0.9375, 0.71875, 0.0, 0.0, 0.0, 0.0, 0.0, 0.0, 0.0, 0.0, 0.0, 0.0, 0.0, 0.0, 0.0, 0.0, 0.0, 0.0]","[0.59375, 0.53125, 0.59375, 1.0, 0.390625, 0.0, 0.0, 0.0, 0.0, 0.0, 0.0, 0.0, 0.0, 0.0, 0.0, 0.0, 0.0, 0.0, 0.0, 0.0, 0.0]","[35, 61, 62, 63, 3]",1.8048575907620523,1.9099708602893302
364,4540.78125,"[0.8125, 1.0, 1.0, 0.890625, 0.859375, 0.0, 0.0, 0.0, 0.0, 0.0, 0.0, 0.0, 0.0, 0.0, 0.0, 0.0, 0.0, 0.0, 0.0, 0.0, 0.0]","[0.46875, 0.53125, 0.59375, 0.953125, 0.4765625, 0.0, 0.0, 0.0, 0.0, 0.0, 0.0, 0.0, 0.0, 0.0, 0.0, 0.0, 0.0, 0.0, 0.0, 0.0, 0.0]","[4, 36, 42, 43, 44]",1.7969044606859812,1.8899048865854926
365,4461.5625,"[0.9375, 1.0, 1.0, 0.890625, 0.984375, 0.0, 0.0, 0.0, 0.0, 0.0, 0.0, 0.0, 0.0, 0.0, 0.0, 0.0, 0.0, 0.0, 0.0, 0.0, 0.0]","[0.5625, 0.53125, 0.59375, 0.953125, 0.5390625, 0.0, 0.0, 0.0, 0.0, 0.0, 0.0, 0.0, 0.0, 0.0, 0.0, 0.0, 0.0, 0.0, 0.0, 0.0, 0.0]","[43, 5]",1.7911546406916716,1.8617529788038052
366,4560.625,"[0.9375, 1.0, 1.0, 0.890625, 0.984375, 0.0625, 0.0, 0.0, 0.0, 0.0, 0.0, 0.0, 0.0, 0.0, 0.0, 0.0, 0.0, 0.0, 0.0, 0.0, 0.0]","[0.59375, 0.53125, 0.59375, 0.953125, 0.5390625, 0.03125, 0.0, 0.0, 0.0, 0.0, 0.0, 0.0, 0.0, 0.0, 0.0, 0.0, 0.0, 0.0, 0.0, 0.0, 0.0]",[6],1.761952000501434,1.835682830977143
367,4540.9375,"[0.84375, 1.0, 1.0, 0.890625, 0.984375, 0.0625, 0.0, 0.0, 0.0, 0.0, 0.0, 0.0, 0.0, 0.0, 0.0, 0.0, 0.0, 0.0, 0.0, 0.0, 0.0]","[0.546875, 0.53125, 0.59375, 0.953125, 0.5390625, 0.03125, 0.0, 0.0, 0.0, 0.0, 0.0, 0.0, 0.0, 0.0, 0.0, 0.0, 0.0, 0.0, 0.0, 0.0, 0.0]","[7, 64, 65, 66, 67]",1.7645424760946757,1.8408988248490041
368,4719.375,"[0.6875, 1.0, 1.0, 0.890625, 0.984375, 0.1875, 0.0, 0.0, 0.0, 0.0, 0.0, 0.0, 0.0, 0.0, 0.0, 0.0, 0.0, 0.0, 0.0, 0.0, 0.0]","[0.46875, 0.53125, 0.59375, 0.953125, 0.5390625, 0.09375, 0.0, 0.0, 0.0, 0.0, 0.0, 0.0, 0.0, 0.0, 0.0, 0.0, 0.0, 0.0, 0.0, 0.0, 0.0]","[64, 8, 20, 68, 69, 70, 71]",1.724619322482276,1.8120622161547508
369,4719.375,"[0.90625, 1.0, 1.0, 0.890625, 0.984375, 0.1875, 0.0, 0.0, 0.0, 0.0, 0.0, 0.0, 0.0, 0.0, 0.0, 0.0, 0.0, 0.0, 0.0, 0.0, 0.0]","[0.578125, 0.53125, 0.59375, 0.953125, 0.5390625, 0.09375, 0.0, 0.0, 0.0, 0.0, 0.0, 0.0, 0.0, 0.0, 0.0, 0.0, 0.0, 0.0, 0.0, 0.0, 0.0]","[68, 69, 70, 71, 9]",1.711321794844809,1.7960197824253927
370,4957.5,"[0.875, 1.0, 1.0, 0.890625, 0.984375, 0.375, 0.0, 0.0, 0.0, 0.0, 0.0, 0.0, 0.0, 0.0, 0.0, 0.0, 0.0, 0.0, 0.0, 0.0, 0.0]","[0.59375, 0.53125, 0.59375, 0.953125, 0.5390625, 0.1875, 0.0, 0.0, 0.0, 0.0, 0.0, 0.0, 0.0, 0.0, 0.0, 0.0, 0.0, 0.0, 0.0, 0.0, 0.0]","[71, 10]",1.6530407958350042,1.7433595205110846
371,5076.875,"[0.9375, 0.75, 1.0, 0.890625, 0.984375, 0.5, 0.0, 0.0, 0.0, 0.0, 0.0, 0.0, 0.0, 0.0, 0.0, 0.0, 0.0, 0.0, 0.0, 0.0, 0.0]","[0.625, 0.40625, 0.59375, 0.953125, 0.5390625, 0.25, 0.0, 0.0, 0.0, 0.0, 0.0, 0.0, 0.0, 0.0, 0.0, 0.0, 0.0, 0.0, 0.0, 0.0, 0.0]","[11, 21, 72]",1.627646801567792,1.7374581046996285
372,4958.75,"[0.9375, 0.28125, 1.0, 0.890625, 0.984375, 0.5, 0.0, 0.0, 0.0, 0.0, 0.0, 0.0, 0.0, 0.0, 0.0, 0.0, 0.0, 0.0, 0.0, 0.0, 0.0]","[0.625, 0.171875, 0.59375, 0.953125, 0.5390625, 0.25, 0.0, 0.0, 0.0, 0.0, 0.0, 0.0, 0.0, 0.0, 0.0, 0.0, 0.0, 0.0, 0.0, 0.0, 0.0]","[21, 72, 12]",1.7178251443128403,1.8310218026516805
373,4722.5,"[0.96875, 0.125, 0.3125, 0.578125, 0.984375, 0.5, 0.0, 0.0, 0.0, 0.0, 0.0, 0.0, 0.0, 0.0, 0.0, 0.0, 0.0, 0.0, 0.0, 0.0, 0.0]","[0.640625, 0.0625, 0.1875, 0.640625, 0.5390625, 0.25, 0.0, 0.0, 0.0, 0.0, 0.0, 0.0, 0.0, 0.0, 0.0, 0.0, 0.0, 0.0, 0.0, 0.0, 0.0]","[72, 13]",1.8832169193762263,1.9316272654940587
374,3912.1875,"[0.96875, 0.4375, 0.25, 0.578125, 0.984375, 0.5, 0.0, 0.0, 0.0, 0.0, 0.0, 0.0, 0.0, 0.0, 0.0, 0.0, 0.0, 0.0, 0.0, 0.0, 0.0]","[0.640625, 0.21875, 0.125, 0.640625, 0.5390625, 0.25, 0.0, 0.0, 0.0, 0.0, 0.0, 0.0, 0.0, 0.0, 0.0, 0.0, 0.0, 0.0, 0.0, 0.0, 0.0]","[14, 22, 23, 24, 37, 38]",1.7802536379189837,1.8597914583906103
375,4246.875,"[1.0, 1.0, 0.21875, 0.578125, 0.984375, 0.5, 0.0, 0.0, 0.0, 0.0, 0.0, 0.0, 0.0, 0.0, 0.0, 0.0, 0.0, 0.0, 0.0, 0.0, 0.0]","[0.65625, 0.5625, 0.109375, 0.640625, 0.5390625, 0.25, 0.0, 0.0, 0.0, 0.0, 0.0, 0.0, 0.0, 0.0, 0.0, 0.0, 0.0, 0.0, 0.0, 0.0, 0.0]",[15],1.767998634023179,1.7899468790855437
376,4246.875,"[1.0, 1.0, 0.1875, 0.578125, 0.984375, 0.5, 0.0, 0.0, 0.0, 0.0, 0.0, 0.0, 0.0, 0.0, 0.0, 0.0, 0.0, 0.0, 0.0, 0.0, 0.0]","[0.65625, 0.5625, 0.09375, 0.640625, 0.5390625, 0.25, 0.0, 0.0, 0.0, 0.0, 0.0, 0.0, 0.0, 0.0, 0.0, 0.0, 0.0, 0.0, 0.0, 0.0, 0.0]",[16],1.780998623979232,1.8008582840773106
377,4246.875,"[1.0, 1.0, 0.125, 0.578125, 0.984375, 0.5, 0.0, 0.0, 0.0, 0.0, 0.0, 0.0, 0.0, 0.0, 0.0, 0.0, 0.0, 0.0, 0.0, 0.0, 0.0]","[0.65625, 0.5625, 0.0625, 0.640625, 0.5390625, 0.25, 0.0, 0.0, 0.0, 0.0, 0.0, 0.0, 0.0, 0.0, 0.0, 0.0, 0.0, 0.0, 0.0, 0.0, 0.0]","[17, 39, 40]",1.8094283529833626,1.8241505834483667
378,4443.75,"[1.0, 1.0, 0.5625, 0.453125, 0.984375, 0.5, 0.0, 0.0, 0.0, 0.0, 0.0, 0.0, 0.0, 0.0, 0.0, 0.0, 0.0, 0.0, 0.0, 0.0, 0.0]","[0.65625, 0.5625, 0.3125, 0.515625, 0.5390625, 0.25, 0.0, 0.0, 0.0, 0.0, 0.0, 0.0, 0.0, 0.0, 0.0, 0.0, 0.0, 0.0, 0.0, 0.0, 0.0]",[18],1.6968405758393494,1.6798355049604146
379,4304.6875,"[1.0, 1.0, 0.5625, 0.109375, 0.671875, 0.5, 0.0, 0.0, 0.0, 0.0, 0.0, 0.0, 0.0, 0.0, 0.0, 0.0, 0.0, 0.0, 0.0, 0.0, 0.0]","[0.65625, 0.5625, 0.3125, 0.109375, 0.3671875, 0.25, 0.0, 0.0, 0.0, 0.0, 0.0, 0.0, 0.0, 0.0, 0.0, 0.0, 0.0, 0.0, 0.0, 0.0, 0.0]",[19],1.8183686111752688,1.8281164607168872
380,3490.9375,"[1.0, 1.0, 0.625, 0.109375, 0.546875, 0.5, 0.0, 0.0, 0.0, 0.0, 0.0, 0.0, 0.0, 0.0, 0.0, 0.0, 0.0, 0.0, 0.0, 0.0, 0.0]","[0.65625, 0.5625, 0.34375, 0.109375, 0.3046875, 0.25, 0.0, 0.0, 0.0, 0.0, 0.0, 0.0, 0.0, 0.0, 0.0, 0.0, 0.0, 0.0, 0.0, 0.0, 0.0]",[0],1.8262686424964827,1.836774240942083
381,3410.9375,"[1.0, 1.0, 0.75, 0.109375, 0.515625, 0.5, 0.0, 0.0, 0.0, 0.0, 0.0, 0.0, 0.0, 0.0, 0.0, 0.0, 0.0, 0.0, 0.0, 0.0, 0.0]","[0.65625, 0.5625, 0.40625, 0.109375, 0.2734375, 0.25, 0.0, 0.0, 0.0, 0.0, 0.0, 0.0, 0.0, 0.0, 0.0, 0.0, 0.0, 0.0, 0.0, 0.0, 0.0]",[1],1.822625249240099,1.8363501426693447
382,3528.75,"[1.0, 1.0, 1.0, 0.0, 0.25, 0.5, 0.0, 0.0, 0.0, 0.0, 0.0, 0.0, 0.0, 0.0, 0.0, 0.0, 0.0, 0.0, 0.0, 0.0, 0.0]","[0.65625, 0.5625, 0.53125, 0.0, 0.125, 0.25, 0.0, 0.0, 0.0, 0.0, 0.0, 0.0, 0.0, 0.0, 0.0, 0.0, 0.0, 0.0, 0.0, 0.0, 0.0]","[2, 25, 26, 27, 28, 29, 30, 31, 32, 33, 34, 35, 41, 45, 46]",1.9866219234335118,2.0371761104996082
383,4064.53125,"[1.0, 1.0, 1.0, 0.796875, 0.125, 0.5, 0.0, 0.0, 0.0, 0.0, 0.0, 0.0, 0.0, 0.0, 0.0, 0.0, 0.0, 0.0, 0.0, 0.0, 0.0]","[0.65625, 0.5625, 0.53125, 0.890625, 0.0625, 0.25, 0.0, 0.0, 0.0, 0.0, 0.0, 0.0, 0.0, 0.0, 0.0, 0.0, 0.0, 0.0, 0.0, 0.0, 0.0]","[3, 47, 48, 49, 50, 51, 52, 53, 54, 55, 56, 57]",1.7858616692326514,1.883746501478958
384,4322.5,"[0.84375, 1.0, 1.0, 0.875, 0.25, 0.4375, 0.0, 0.0, 0.0, 0.0, 0.0, 0.0, 0.0, 0.0, 0.0, 0.0, 0.0, 0.0, 0.0, 0.0, 0.0]","[0.546875, 0.5625, 0.53125, 1.0, 0.125, 0.21875, 0.0, 0.0, 0.0, 0.0, 0.0, 0.0, 0.0, 0.0, 0.0, 0.0, 0.0, 0.0, 0.0, 0.0, 0.0]","[49, 51, 52, 53, 54, 56, 57, 4, 36, 42, 43, 44, 58, 59, 60, 61, 62, 63, 73, 74, 75, 76, 77, 78]",1.7424306540796521,1.9037156064880671
385,4560.625,"[0.9375, 1.0, 1.0, 0.875, 0.625, 0.4375, 0.0, 0.0, 0.0, 0.0, 0.0, 0.0, 0.0, 0.0, 0.0, 0.0, 0.0, 0.0, 0.0, 0.0, 0.0]","[0.5625, 0.5625, 0.53125, 1.0, 0.3125, 0.21875, 0.0, 0.0, 0.0, 0.0, 0.0, 0.0, 0.0, 0.0, 0.0, 0.0, 0.0, 0.0, 0.0, 0.0, 0.0]","[51, 53, 54, 56, 57, 4, 36, 43, 44, 58, 59, 61, 62, 63, 73, 75, 76, 77, 78, 5]",1.6536970713963222,1.8052531317423364
386,4957.5,"[0.96875, 1.0, 1.0, 0.875, 0.9375, 0.4375, 0.0, 0.0, 0.0, 0.0, 0.0, 0.0, 0.0, 0.0, 0.0, 0.0, 0.0, 0.0, 0.0, 0.0, 0.0]","[0.609375, 0.5625, 0.53125, 1.0, 0.46875, 0.21875, 0.0, 0.0, 0.0, 0.0, 0.0, 0.0, 0.0, 0.0, 0.0, 0.0, 0.0, 0.0, 0.0, 0.0, 0.0]","[53, 56, 57, 4, 43, 44, 58, 61, 62, 63, 75, 76, 77, 5, 6, 79, 80, 81]",1.6374809614246788,1.7570601282643281
387,5195.625,"[0.71875, 1.0, 1.0, 0.875, 1.0, 0.4375, 0.0, 0.0, 0.0, 0.0, 0.0, 0.0, 0.0, 0.0, 0.0, 0.0, 0.0, 0.0, 0.0, 0.0, 0.0]","[0.453125, 0.5625, 0.53125, 1.0, 0.515625, 0.21875, 0.0, 0.0, 0.0, 0.0, 0.0, 0.0, 0.0, 0.0, 0.0, 0.0, 0.0, 0.0, 0.0, 0.0, 0.0]","[4, 43, 44, 58, 61, 62, 63, 75, 76, 77, 6, 79, 80, 81, 7]",1.6466071631929933,1.7693151755626217
388,5036.875,"[0.65625, 1.0, 1.0, 0.875, 1.0, 0.3125, 0.0, 0.0, 0.0, 0.0, 0.0, 0.0, 0.0, 0.0, 0.0, 0.0, 0.0, 0.0, 0.0, 0.0, 0.0]","[0.453125, 0.5625, 0.53125, 1.0, 0.515625, 0.15625, 0.0, 0.0, 0.0, 0.0, 0.0, 0.0, 0.0, 0.0, 0.0, 0.0, 0.0, 0.0, 0.0, 0.0, 0.0]","[62, 63, 75, 76, 77, 6, 79, 80, 81, 7, 8, 20, 64, 65, 66, 67, 68, 69, 70, 71, 82, 83, 84, 85, 86]",1.6862299629745932,1.8013699084275847
389,4878.125,"[1.0, 1.0, 1.0, 0.875, 1.0, 0.25, 0.0, 0.0, 0.0, 0.0, 0.0, 0.0, 0.0, 0.0, 0.0, 0.0, 0.0, 0.0, 0.0, 0.0, 0.0]","[0.6875, 0.5625, 0.53125, 1.0, 0.515625, 0.125, 0.0, 0.0, 0.0, 0.0, 0.0, 0.0, 0.0, 0.0, 0.0, 0.0, 0.0, 0.0, 0.0, 0.0, 0.0]","[80, 81, 7, 8, 20, 64, 65, 66, 67, 68, 69, 70, 71, 82, 83, 84, 85, 86, 9]",1.6912132510594844,1.7943288265949426
390,5751.25,"[1.0, 1.0, 1.0, 0.875, 1.0, 0.875, 0.0, 0.0, 0.0, 0.0, 0.0, 0.0, 0.0, 0.0, 0.0, 0.0, 0.0, 0.0, 0.0, 0.0, 0.0]","[0.6875, 0.5625, 0.53125, 1.0, 0.515625, 0.46875, 0.0, 0.0, 0.0, 0.0, 0.0, 0.0, 0.0, 0.0, 0.0, 0.0, 0.0, 0.0, 0.0, 0.0, 0.0]","[82, 83, 84, 85, 86, 9, 10, 87, 88, 89, 90, 91, 92]",1.585317795956916,1.6693292093824275
391,5751.25,"[0.90625, 0.9375, 1.0, 0.875, 1.0, 1.0, 0.0, 0.0, 0.0, 0.0, 0.0, 0.0, 0.0, 0.0, 0.0, 0.0, 0.0, 0.0, 0.0, 0.0, 0.0]","[0.609375, 0.53125, 0.53125, 1.0, 0.515625, 0.5625, 0.0, 0.0, 0.0, 0.0, 0.0, 0.0, 0.0, 0.0, 0.0, 0.0, 0.0, 0.0, 0.0, 0.0, 0.0]","[85, 86, 87, 88, 89, 90, 91, 92, 11, 21, 72, 93, 94, 95, 96, 97, 98, 99, 100, 101, 102, 103, 104, 105, 106, 107, 108, 109, 110, 111]",1.5842094588229143,1.6614188213692536
392,7385.3125,"[1.0, 0.8125, 1.0, 0.875, 1.0, 1.0, 0.65625, 0.0, 0.0, 0.0, 0.0, 0.0, 0.0, 0.0, 0.0, 0.0, 0.0, 0.0, 0.0, 0.0, 0.0]","[0.65625, 0.46875, 0.53125, 1.0, 0.515625, 0.5625, 0.65625, 0.0, 0.0, 0.0, 0.0, 0.0, 0.0, 0.0, 0.0, 0.0, 0.0, 0.0, 0.0, 0.0, 0.0]","[90, 92, 72, 93, 94, 97, 98, 99, 102, 103, 104, 107, 108, 109, 12]",1.4338952946377823,1.4861816706775368
393,7424.6875,"[1.0, 0.75, 1.0, 0.875, 1.0, 1.0, 0.65625, 0.0, 0.0, 0.0, 0.0, 0.0, 0.0, 0.0, 0.0, 0.0, 0.0, 0.0, 0.0, 0.0, 0.0]","[0.65625, 0.5, 0.53125, 1.0, 0.515625, 0.5625, 0.65625, 0.0, 0.0, 0.0, 0.0, 0.0, 0.0, 0.0, 0.0, 0.0, 0.0, 0.0, 0.0, 0.0, 0.0]","[93, 94, 97, 98, 99, 102, 103, 104, 107, 108, 109, 12, 13, 112]",1.437079123092933,1.4819098780673308
394,7424.6875,"[0.96875, 0.4375, 1.0, 0.875, 1.0, 1.0, 0.65625, 0.0, 0.0, 0.0, 0.0, 0.0, 0.0, 0.0, 0.0, 0.0, 0.0, 0.0, 0.0, 0.0, 0.0]","[0.640625, 0.3125, 0.53125, 1.0, 0.515625, 0.5625, 0.65625, 0.0, 0.0, 0.0, 0.0, 0.0, 0.0, 0.0, 0.0, 0.0, 0.0, 0.0, 0.0, 0.0, 0.0]","[102, 103, 104, 107, 108, 109, 12, 13, 112, 14]",1.4740037247610396,1.5190694574182264
395,7385.3125,"[1.0, 0.9375, 0.96875, 0.875, 1.0, 1.0, 0.65625, 0.0, 0.0, 0.0, 0.0, 0.0, 0.0, 0.0, 0.0, 0.0, 0.0, 0.0, 0.0, 0.0, 0.0]","[0.65625, 0.65625, 0.515625, 1.0, 0.515625, 0.5625, 0.65625, 0.0, 0.0, 0.0, 0.0, 0.0, 0.0, 0.0, 0.0, 0.0, 0.0, 0.0, 0.0, 0.0, 0.0]","[108, 13, 15, 22, 23]",1.4308617838330755,1.472355825110403
396,7564.375,"[1.0, 1.0, 0.90625, 0.875, 1.0, 1.0, 0.71875, 0.0, 0.0, 0.0, 0.0, 0.0, 0.0, 0.0, 0.0, 0.0, 0.0, 0.0, 0.0, 0.0, 0.0]","[0.65625, 0.6875, 0.484375, 1.0, 0.515625, 0.5625, 0.71875, 0.0, 0.0, 0.0, 0.0, 0.0, 0.0, 0.0, 0.0, 0.0, 0.0, 0.0, 0.0, 0.0, 0.0]","[22, 23, 16]",1.4260785651444654,1.475705684775555
397,7584.0625,"[1.0, 1.0, 0.5625, 0.875, 1.0, 1.0, 0.71875, 0.0, 0.0, 0.0, 0.0, 0.0, 0.0, 0.0, 0.0, 0.0, 0.0, 0.0, 0.0, 0.0, 0.0]","[0.65625, 0.6875, 0.3125, 1.0, 0.515625, 0.5625, 0.71875, 0.0, 0.0, 0.0, 0.0, 0.0, 0.0, 0.0, 0.0, 0.0, 0.0, 0.0, 0.0, 0.0, 0.0]","[16, 17]",1.449894061761803,1.5108594290071329
398,7426.5625,"[1.0, 1.0, 0.71875, 0.875, 1.0, 1.0, 0.71875, 0.0, 0.0, 0.0, 0.0, 0.0, 0.0, 0.0, 0.0, 0.0, 0.0, 0.0, 0.0, 0.0, 0.0]","[0.65625, 0.6875, 0.390625, 1.0, 0.515625, 0.5625, 0.71875, 0.0, 0.0, 0.0, 0.0, 0.0, 0.0, 0.0, 0.0, 0.0, 0.0, 0.0, 0.0, 0.0, 0.0]",[18],1.4338842070486746,1.4921992962053425
399,7564.375,"[1.0, 1.0, 0.90625, 0.875, 1.0, 1.0, 0.71875, 0.0, 0.0, 0.0, 0.0, 0.0, 0.0, 0.0, 0.0, 0.0, 0.0, 0.0, 0.0, 0.0, 0.0]","[0.65625, 0.6875, 0.484375, 1.0, 0.515625, 0.5625, 0.71875, 0.0, 0.0, 0.0, 0.0, 0.0, 0.0, 0.0, 0.0, 0.0, 0.0, 0.0, 0.0, 0.0, 0.0]","[19, 24, 37, 38, 39, 40, 113, 114, 115, 116, 117, 118, 119, 120, 121, 122]",1.4260785651444654,1.475705684775555
400,8301.25,"[1.0, 1.0, 0.875, 0.875, 1.0, 1.0, 1.0, 0.0, 0.0, 0.0, 0.0, 0.0, 0.0, 0.0, 0.0, 0.0, 0.0, 0.0, 0.0, 0.0, 0.0]","[0.65625, 0.6875, 0.5, 1.0, 0.515625, 0.5625, 1.0, 0.0, 0.0, 0.0, 0.0, 0.0, 0.0, 0.0, 0.0, 0.0, 0.0, 0.0, 0.0, 0.0, 0.0]","[37, 40, 113, 114, 117, 118, 119, 122, 0, 123, 124, 125, 126, 127, 128, 129, 130]",1.4178462772259977,1.4960972155267447
401,8616.25,"[1.0, 1.0, 0.75, 0.875, 1.0, 1.0, 1.0, 0.5, 0.0, 0.0, 0.0, 0.0, 0.0, 0.0, 0.0, 0.0, 0.0, 0.0, 0.0, 0.0, 0.0]","[0.65625, 0.6875, 0.46875, 1.0, 0.515625, 0.5625, 1.0, 0.25, 0.0, 0.0, 0.0, 0.0, 0.0, 0.0, 0.0, 0.0, 0.0, 0.0, 0.0, 0.0, 0.0]","[113, 114, 117, 118, 119, 122, 0, 123, 124, 126, 127, 128, 129, 1, 131, 132, 133, 134, 135, 136, 137, 138, 139, 140, 141, 142]",1.3119241470764853,1.4121542602207133
402,8616.25,"[1.0, 1.0, 1.0, 0.078125, 1.0, 1.0, 1.0, 0.5, 0.0, 0.0, 0.0, 0.0, 0.0, 0.0, 0.0, 0.0, 0.0, 0.0, 0.0, 0.0, 0.0]","[0.65625, 0.6875, 0.625, 0.109375, 0.515625, 0.5625, 1.0, 0.25, 0.0, 0.0, 0.0, 0.0, 0.0, 0.0, 0.0, 0.0, 0.0, 0.0, 0.0, 0.0, 0.0]","[122, 0, 123, 124, 126, 127, 128, 129, 1, 131, 132, 133, 134, 135, 136, 137, 138, 139, 140, 141, 142, 2]",1.4269268764597964,1.4803934648002226
403,8536.875,"[0.75, 1.0, 1.0, 0.734375, 0.625, 1.0, 1.0, 0.5, 0.0, 0.0, 0.0, 0.0, 0.0, 0.0, 0.0, 0.0, 0.0, 0.0, 0.0, 0.0, 0.0]","[0.5, 0.6875, 0.625, 0.890625, 0.3125, 0.5625, 1.0, 0.25, 0.0, 0.0, 0.0, 0.0, 0.0, 0.0, 0.0, 0.0, 0.0, 0.0, 0.0, 0.0, 0.0]","[139, 142, 2, 3, 25, 26, 27, 28]",1.3268541332481225,1.4309770623605984
404,7961.40625,"[0.46875, 1.0, 1.0, 0.734375, 0.0, 1.0, 1.0, 0.5, 0.0, 0.0, 0.0, 0.0, 0.0, 0.0, 0.0, 0.0, 0.0, 0.0, 0.0, 0.0, 0.0]","[0.265625, 0.6875, 0.625, 0.890625, 0.0, 0.5625, 1.0, 0.25, 0.0, 0.0, 0.0, 0.0, 0.0, 0.0, 0.0, 0.0, 0.0, 0.0, 0.0, 0.0, 0.0]","[142, 2, 3, 25, 26, 27, 28, 4, 29, 30]",1.4946756068878235,1.5995480607392631
405,7167.65625,"[1.0, 1.0, 1.0, 0.734375, 0.0, 0.875, 1.0, 0.5, 0.0, 0.0, 0.0, 0.0, 0.0, 0.0, 0.0, 0.0, 0.0, 0.0, 0.0, 0.0, 0.0]","[0.5625, 0.6875, 0.625, 0.890625, 0.0, 0.5, 1.0, 0.25, 0.0, 0.0, 0.0, 0.0, 0.0, 0.0, 0.0, 0.0, 0.0, 0.0, 0.0, 0.0, 0.0]","[27, 28, 4, 29, 30, 5, 31, 32, 33, 34]",1.4578723004713598,1.5438731354389972
406,7465.3125,"[0.90625, 1.0, 1.0, 0.84375, 0.25, 0.78125, 1.0, 0.5, 0.0, 0.0, 0.0, 0.0, 0.0, 0.0, 0.0, 0.0, 0.0, 0.0, 0.0, 0.0, 0.0]","[0.484375, 0.6875, 0.625, 1.0, 0.125, 0.453125, 1.0, 0.25, 0.0, 0.0, 0.0, 0.0, 0.0, 0.0, 0.0, 0.0, 0.0, 0.0, 0.0, 0.0, 0.0]","[29, 5, 31, 33, 34, 6]",1.379877451315512,1.5230230333027737
407,7425.625,"[1.0, 1.0, 1.0, 0.84375, 0.3125, 0.65625, 1.0, 0.5, 0.0, 0.0, 0.0, 0.0, 0.0, 0.0, 0.0, 0.0, 0.0, 0.0, 0.0, 0.0, 0.0]","[0.5625, 0.6875, 0.625, 1.0, 0.15625, 0.390625, 1.0, 0.25, 0.0, 0.0, 0.0, 0.0, 0.0, 0.0, 0.0, 0.0, 0.0, 0.0, 0.0, 0.0, 0.0]","[5, 33, 6, 7]",1.3760061063189355,1.5131848211026322
408,7465.3125,"[1.0, 1.0, 1.0, 0.84375, 0.46875, 0.046875, 0.90625, 0.5, 0.0, 0.0, 0.0, 0.0, 0.0, 0.0, 0.0, 0.0, 0.0, 0.0, 0.0, 0.0, 0.0]","[0.5625, 0.6875, 0.625, 1.0, 0.25, 0.0390625, 0.90625, 0.25, 0.0, 0.0, 0.0, 0.0, 0.0, 0.0, 0.0, 0.0, 0.0, 0.0, 0.0, 0.0, 0.0]",[8],1.470323948262447,1.5870524725482351
409,6611.09375,"[1.0, 1.0, 1.0, 0.84375, 0.59375, 0.015625, 0.90625, 0.5, 0.0, 0.0, 0.0, 0.0, 0.0, 0.0, 0.0, 0.0, 0.0, 0.0, 0.0, 0.0, 0.0]","[0.5625, 0.6875, 0.625, 1.0, 0.3125, 0.0078125, 0.90625, 0.25, 0.0, 0.0, 0.0, 0.0, 0.0, 0.0, 0.0, 0.0, 0.0, 0.0, 0.0, 0.0, 0.0]","[9, 20, 35, 36, 41, 42, 43]",1.463395139165541,1.5829536196430054
410,6968.28125,"[0.90625, 0.875, 1.0, 0.84375, 0.90625, 0.0, 0.8125, 0.5, 0.0, 0.0, 0.0, 0.0, 0.0, 0.0, 0.0, 0.0, 0.0, 0.0, 0.0, 0.0, 0.0]","[0.515625, 0.59375, 0.625, 1.0, 0.5, 0.0, 0.8125, 0.25, 0.0, 0.0, 0.0, 0.0, 0.0, 0.0, 0.0, 0.0, 0.0, 0.0, 0.0, 0.0, 0.0]",[10],1.446837867649637,1.5464082618754644
411,6610.9375,"[0.9375, 0.28125, 1.0, 0.84375, 0.90625, 0.0, 0.34375, 0.5, 0.0, 0.0, 0.0, 0.0, 0.0, 0.0, 0.0, 0.0, 0.0, 0.0, 0.0, 0.0, 0.0]","[0.53125, 0.171875, 0.625, 1.0, 0.5, 0.0, 0.34375, 0.25, 0.0, 0.0, 0.0, 0.0, 0.0, 0.0, 0.0, 0.0, 0.0, 0.0, 0.0, 0.0, 0.0]","[11, 21, 44, 45, 46, 47, 48, 49, 50, 51, 52, 53, 54, 55, 56, 57, 58, 59]",1.5809521438765513,1.6809359761533722
412,5455.0,"[1.0, 0.84375, 1.0, 0.84375, 0.90625, 0.0, 0.34375, 0.5, 0.0, 0.0, 0.0, 0.0, 0.0, 0.0, 0.0, 0.0, 0.0, 0.0, 0.0, 0.0, 0.0]","[0.59375, 0.421875, 0.625, 1.0, 0.5, 0.0, 0.34375, 0.25, 0.0, 0.0, 0.0, 0.0, 0.0, 0.0, 0.0, 0.0, 0.0, 0.0, 0.0, 0.0, 0.0]","[45, 46, 48, 49, 50, 51, 53, 54, 55, 56, 57, 58, 59, 12]",1.5088587661077646,1.5942026586697557
413,5990.3125,"[1.0, 0.90625, 1.0, 0.84375, 0.90625, 0.375, 0.34375, 0.5, 0.0, 0.0, 0.0, 0.0, 0.0, 0.0, 0.0, 0.0, 0.0, 0.0, 0.0, 0.0, 0.0]","[0.59375, 0.484375, 0.625, 1.0, 0.5, 0.1875, 0.34375, 0.25, 0.0, 0.0, 0.0, 0.0, 0.0, 0.0, 0.0, 0.0, 0.0, 0.0, 0.0, 0.0, 0.0]","[50, 51, 54, 55, 56, 57, 59, 12, 13]",1.3996135404002445,1.4941330862256197
414,6069.6875,"[1.0, 0.875, 1.0, 0.84375, 0.96875, 0.375, 0.34375, 0.5, 0.0, 0.0, 0.0, 0.0, 0.0, 0.0, 0.0, 0.0, 0.0, 0.0, 0.0, 0.0, 0.0]","[0.59375, 0.46875, 0.625, 1.0, 0.53125, 0.1875, 0.34375, 0.25, 0.0, 0.0, 0.0, 0.0, 0.0, 0.0, 0.0, 0.0, 0.0, 0.0, 0.0, 0.0, 0.0]","[54, 55, 56, 59, 12, 13, 14]",1.4016870661432592,1.4933119127462957
415,6069.6875,"[1.0, 1.0, 0.90625, 0.84375, 0.96875, 0.375, 0.28125, 0.5, 0.0, 0.0, 0.0, 0.0, 0.0, 0.0, 0.0, 0.0, 0.0, 0.0, 0.0, 0.0, 0.0]","[0.59375, 0.5625, 0.546875, 1.0, 0.53125, 0.1875, 0.28125, 0.25, 0.0, 0.0, 0.0, 0.0, 0.0, 0.0, 0.0, 0.0, 0.0, 0.0, 0.0, 0.0, 0.0]","[56, 59, 13, 14, 15, 22, 23, 60, 61, 62, 63, 64, 65, 66, 67, 68, 69]",1.4164924577110802,1.5038058339183789
416,6624.6875,"[1.0, 1.0, 0.9375, 0.84375, 0.96875, 0.9375, 0.28125, 0.5, 0.0, 0.0, 0.0, 0.0, 0.0, 0.0, 0.0, 0.0, 0.0, 0.0, 0.0, 0.0, 0.0]","[0.59375, 0.5625, 0.5625, 1.0, 0.53125, 0.46875, 0.28125, 0.25, 0.0, 0.0, 0.0, 0.0, 0.0, 0.0, 0.0, 0.0, 0.0, 0.0, 0.0, 0.0, 0.0]","[59, 13, 22, 60, 63, 64, 65, 68, 69, 16]",1.3708745626214762,1.4340309050638347
417,6624.6875,"[1.0, 1.0, 0.875, 0.84375, 0.96875, 0.9375, 0.28125, 0.5, 0.0, 0.0, 0.0, 0.0, 0.0, 0.0, 0.0, 0.0, 0.0, 0.0, 0.0, 0.0, 0.0]","[0.59375, 0.5625, 0.5625, 1.0, 0.53125, 0.46875, 0.28125, 0.25, 0.0, 0.0, 0.0, 0.0, 0.0, 0.0, 0.0, 0.0, 0.0, 0.0, 0.0, 0.0, 0.0]","[13, 22, 60, 63, 64, 65, 68, 69, 16, 17, 70, 71, 72, 73, 74, 75, 76, 77, 78, 79, 80, 81]",1.3703236958940948,1.4340309050638347
418,7102.8125,"[1.0, 1.0, 0.75, 0.84375, 0.96875, 0.9375, 0.46875, 0.5, 0.0, 0.0, 0.0, 0.0, 0.0, 0.0, 0.0, 0.0, 0.0, 0.0, 0.0, 0.0, 0.0]","[0.59375, 0.5625, 0.53125, 1.0, 0.53125, 0.46875, 0.46875, 0.25, 0.0, 0.0, 0.0, 0.0, 0.0, 0.0, 0.0, 0.0, 0.0, 0.0, 0.0, 0.0, 0.0]","[60, 63, 64, 65, 68, 69, 16, 17, 71, 72, 73, 74, 76, 77, 78, 79, 81, 18]",1.3383124841598089,1.3995192000283256
419,7102.8125,"[1.0, 1.0, 0.53125, 0.8125, 0.96875, 0.9375, 0.1875, 0.5, 0.0, 0.0, 0.0, 0.0, 0.0, 0.0, 0.0, 0.0, 0.0, 0.0, 0.0, 0.0, 0.0]","[0.59375, 0.5625, 0.359375, 0.9375, 0.53125, 0.46875, 0.1875, 0.25, 0.0, 0.0, 0.0, 0.0, 0.0, 0.0, 0.0, 0.0, 0.0, 0.0, 0.0, 0.0, 0.0]","[68, 16, 17, 71, 72, 73, 74, 76, 77, 78, 79, 81, 18, 19]",1.4160340230978339,1.4691551312672995
420,6345.9375,"[1.0, 1.0, 1.0, 0.5625, 0.96875, 0.9375, 0.1875, 0.0, 0.0, 0.0, 0.0, 0.0, 0.0, 0.0, 0.0, 0.0, 0.0, 0.0, 0.0, 0.0, 0.0]","[0.59375, 0.5625, 0.6875, 0.65625, 0.53125, 0.46875, 0.1875, 0.0, 0.0, 0.0, 0.0, 0.0, 0.0, 0.0, 0.0, 0.0, 0.0, 0.0, 0.0, 0.0, 0.0]","[74, 77, 78, 79, 81, 18, 19, 0, 24, 37, 38, 39, 40, 82, 83, 84, 85]",1.546882397355051,1.5025593410572673
421,6110.3125,"[0.6875, 1.0, 1.0, 0.421875, 0.96875, 0.9375, 0.1875, 0.0, 0.0, 0.0, 0.0, 0.0, 0.0, 0.0, 0.0, 0.0, 0.0, 0.0, 0.0, 0.0, 0.0]","[0.4375, 0.5625, 0.6875, 0.453125, 0.53125, 0.46875, 0.1875, 0.0, 0.0, 0.0, 0.0, 0.0, 0.0, 0.0, 0.0, 0.0, 0.0, 0.0, 0.0, 0.0, 0.0]","[24, 37, 38, 39, 40, 82, 83, 84, 85, 1]",1.578951450259593,1.5054838153289078
422,5534.84375,"[0.875, 1.0, 1.0, 0.421875, 0.96875, 0.9375, 0.1875, 0.0, 0.0, 0.0, 0.0, 0.0, 0.0, 0.0, 0.0, 0.0, 0.0, 0.0, 0.0, 0.0, 0.0]","[0.5625, 0.5625, 0.6875, 0.453125, 0.53125, 0.46875, 0.1875, 0.0, 0.0, 0.0, 0.0, 0.0, 0.0, 0.0, 0.0, 0.0, 0.0, 0.0, 0.0, 0.0, 0.0]","[38, 39, 40, 82, 83, 84, 85, 1, 2]",1.5703619159110804,1.5014717430645268
423,5852.34375,"[0.65625, 1.0, 1.0, 0.578125, 0.96875, 0.9375, 0.1875, 0.0, 0.0, 0.0, 0.0, 0.0, 0.0, 0.0, 0.0, 0.0, 0.0, 0.0, 0.0, 0.0, 0.0]","[0.421875, 0.5625, 0.6875, 0.609375, 0.53125, 0.46875, 0.1875, 0.0, 0.0, 0.0, 0.0, 0.0, 0.0, 0.0, 0.0, 0.0, 0.0, 0.0, 0.0, 0.0, 0.0]","[40, 83, 85, 1, 3]",1.5542300667931153,1.5077512574675358
424,5713.59375,"[0.90625, 1.0, 1.0, 0.5625, 0.84375, 0.9375, 0.1875, 0.0, 0.0, 0.0, 0.0, 0.0, 0.0, 0.0, 0.0, 0.0, 0.0, 0.0, 0.0, 0.0, 0.0]","[0.578125, 0.5625, 0.6875, 0.59375, 0.46875, 0.46875, 0.1875, 0.0, 0.0, 0.0, 0.0, 0.0, 0.0, 0.0, 0.0, 0.0, 0.0, 0.0, 0.0, 0.0, 0.0]","[1, 4, 25, 26, 27, 28, 29, 30, 86]",1.5438497521050778,1.5019377858932181
425,5951.5625,"[0.96875, 1.0, 1.0, 0.875, 0.59375, 0.9375, 0.1875, 0.0, 0.0, 0.0, 0.0, 0.0, 0.0, 0.0, 0.0, 0.0, 0.0, 0.0, 0.0, 0.0, 0.0]","[0.609375, 0.5625, 0.6875, 0.90625, 0.328125, 0.46875, 0.1875, 0.0, 0.0, 0.0, 0.0, 0.0, 0.0, 0.0, 0.0, 0.0, 0.0, 0.0, 0.0, 0.0, 0.0]","[28, 29, 30, 5]",1.5406579981584114,1.58136939601937
426,5872.1875,"[1.0, 1.0, 1.0, 0.9375, 0.6875, 0.9375, 0.1875, 0.0, 0.0, 0.0, 0.0, 0.0, 0.0, 0.0, 0.0, 0.0, 0.0, 0.0, 0.0, 0.0, 0.0]","[0.625, 0.5625, 0.6875, 1.0, 0.375, 0.46875, 0.1875, 0.0, 0.0, 0.0, 0.0, 0.0, 0.0, 0.0, 0.0, 0.0, 0.0, 0.0, 0.0, 0.0, 0.0]",[6],1.5311818828643768,1.5950322880744452
427,5872.1875,"[1.0, 1.0, 1.0, 0.9375, 0.65625, 0.9375, 0.1875, 0.0, 0.0, 0.0, 0.0, 0.0, 0.0, 0.0, 0.0, 0.0, 0.0, 0.0, 0.0, 0.0, 0.0]","[0.625, 0.5625, 0.6875, 1.0, 0.375, 0.46875, 0.1875, 0.0, 0.0, 0.0, 0.0, 0.0, 0.0, 0.0, 0.0, 0.0, 0.0, 0.0, 0.0, 0.0, 0.0]",[7],1.5343421582685366,1.5950322880744452
428,5812.65625,"[1.0, 1.0, 1.0, 0.9375, 0.546875, 0.9375, 0.1875, 0.0, 0.0, 0.0, 0.0, 0.0, 0.0, 0.0, 0.0, 0.0, 0.0, 0.0, 0.0, 0.0, 0.0]","[0.625, 0.5625, 0.6875, 1.0, 0.3203125, 0.46875, 0.1875, 0.0, 0.0, 0.0, 0.0, 0.0, 0.0, 0.0, 0.0, 0.0, 0.0, 0.0, 0.0, 0.0, 0.0]","[8, 31, 32, 33, 34, 87, 88, 89, 90]",1.5486964180991045,1.6098628737131417
429,6150.0,"[1.0, 1.0, 1.0, 0.9375, 0.625, 0.9375, 0.1875, 0.0, 0.0, 0.0, 0.0, 0.0, 0.0, 0.0, 0.0, 0.0, 0.0, 0.0, 0.0, 0.0, 0.0]","[0.625, 0.5625, 0.6875, 1.0, 0.359375, 0.46875, 0.1875, 0.0, 0.0, 0.0, 0.0, 0.0, 0.0, 0.0, 0.0, 0.0, 0.0, 0.0, 0.0, 0.0, 0.0]","[89, 9]",1.5379119897608613,1.5989787227852863
430,5931.71875,"[0.9375, 1.0, 1.0, 0.9375, 0.765625, 0.9375, 0.1875, 0.0, 0.0, 0.0, 0.0, 0.0, 0.0, 0.0, 0.0, 0.0, 0.0, 0.0, 0.0, 0.0, 0.0]","[0.59375, 0.5625, 0.6875, 1.0, 0.4296875, 0.46875, 0.1875, 0.0, 0.0, 0.0, 0.0, 0.0, 0.0, 0.0, 0.0, 0.0, 0.0, 0.0, 0.0, 0.0, 0.0]",[10],1.5236908964900977,1.584307194800207
431,5931.71875,"[0.9375, 0.03125, 0.875, 0.9375, 0.703125, 0.5625, 0.1875, 0.0, 0.0, 0.0, 0.0, 0.0, 0.0, 0.0, 0.0, 0.0, 0.0, 0.0, 0.0, 0.0, 0.0]","[0.5625, 0.015625, 0.59375, 1.0, 0.3984375, 0.28125, 0.1875, 0.0, 0.0, 0.0, 0.0, 0.0, 0.0, 0.0, 0.0, 0.0, 0.0, 0.0, 0.0, 0.0, 0.0]","[11, 20, 21, 35, 36, 41, 42]",1.7168151965758105,1.8482557522177037
432,5159.53125,"[1.0, 0.75, 0.875, 0.9375, 0.703125, 0.5625, 0.1875, 0.0, 0.0, 0.0, 0.0, 0.0, 0.0, 0.0, 0.0, 0.0, 0.0, 0.0, 0.0, 0.0, 0.0]","[0.625, 0.375, 0.59375, 1.0, 0.3984375, 0.28125, 0.1875, 0.0, 0.0, 0.0, 0.0, 0.0, 0.0, 0.0, 0.0, 0.0, 0.0, 0.0, 0.0, 0.0, 0.0]","[35, 36, 12]",1.5438015232583613,1.6677240012126895
433,5238.28125,"[1.0, 0.90625, 0.8125, 0.9375, 0.703125, 0.5625, 0.1875, 0.0, 0.0, 0.0, 0.0, 0.0, 0.0, 0.0, 0.0, 0.0, 0.0, 0.0, 0.0, 0.0, 0.0]","[0.625, 0.484375, 0.5625, 1.0, 0.3984375, 0.28125, 0.1875, 0.0, 0.0, 0.0, 0.0, 0.0, 0.0, 0.0, 0.0, 0.0, 0.0, 0.0, 0.0, 0.0, 0.0]",[13],1.54390341049267,1.647183758026015
434,5218.59375,"[1.0, 0.9375, 0.8125, 0.9375, 0.703125, 0.5, 0.1875, 0.0, 0.0, 0.0, 0.0, 0.0, 0.0, 0.0, 0.0, 0.0, 0.0, 0.0, 0.0, 0.0, 0.0]","[0.625, 0.5, 0.5625, 1.0, 0.3984375, 0.25, 0.1875, 0.0, 0.0, 0.0, 0.0, 0.0, 0.0, 0.0, 0.0, 0.0, 0.0, 0.0, 0.0, 0.0, 0.0]","[14, 43, 44, 45, 46, 47, 48, 49, 50, 51, 52, 53]",1.5550733919779702,1.656549315128629
435,5574.84375,"[1.0, 1.0, 0.53125, 0.9375, 0.953125, 0.0, 0.1875, 0.0, 0.0, 0.0, 0.0, 0.0, 0.0, 0.0, 0.0, 0.0, 0.0, 0.0, 0.0, 0.0, 0.0]","[0.625, 0.53125, 0.328125, 1.0, 0.5234375, 0.0, 0.1875, 0.0, 0.0, 0.0, 0.0, 0.0, 0.0, 0.0, 0.0, 0.0, 0.0, 0.0, 0.0, 0.0, 0.0]","[45, 46, 47, 48, 50, 51, 52, 53, 15, 22, 23, 54, 55, 56]",1.7484691872341556,1.8160450159956247
436,4979.21875,"[1.0, 1.0, 0.9375, 0.9375, 0.953125, 0.0, 0.1875, 0.0, 0.0, 0.0, 0.0, 0.0, 0.0, 0.0, 0.0, 0.0, 0.0, 0.0, 0.0, 0.0, 0.0]","[0.625, 0.53125, 0.59375, 1.0, 0.5234375, 0.0, 0.1875, 0.0, 0.0, 0.0, 0.0, 0.0, 0.0, 0.0, 0.0, 0.0, 0.0, 0.0, 0.0, 0.0, 0.0]","[53, 15, 22, 54, 55, 56, 16, 57, 58, 59, 60, 61, 62, 63, 64, 65, 66, 67, 68]",1.7101526942790872,1.7586663924074222
437,5931.71875,"[1.0, 1.0, 0.65625, 0.734375, 0.953125, 0.75, 0.0, 0.0, 0.0, 0.0, 0.0, 0.0, 0.0, 0.0, 0.0, 0.0, 0.0, 0.0, 0.0, 0.0, 0.0]","[0.625, 0.53125, 0.421875, 0.765625, 0.5234375, 0.375, 0.0, 0.0, 0.0, 0.0, 0.0, 0.0, 0.0, 0.0, 0.0, 0.0, 0.0, 0.0, 0.0, 0.0, 0.0]","[54, 16, 57, 58, 61, 62, 63, 66, 67, 68, 17]",1.6106894327098429,1.6428929092722124
438,5195.625,"[1.0, 1.0, 1.0, 0.71875, 0.953125, 0.75, 0.0, 0.0, 0.0, 0.0, 0.0, 0.0, 0.0, 0.0, 0.0, 0.0, 0.0, 0.0, 0.0, 0.0, 0.0]","[0.625, 0.53125, 0.65625, 0.75, 0.5234375, 0.375, 0.0, 0.0, 0.0, 0.0, 0.0, 0.0, 0.0, 0.0, 0.0, 0.0, 0.0, 0.0, 0.0, 0.0, 0.0]","[63, 66, 68, 17, 18, 69]",1.6009157824012852,1.6271935086811549
439,5413.90625,"[1.0, 1.0, 1.0, 0.875, 0.953125, 0.75, 0.0, 0.0, 0.0, 0.0, 0.0, 0.0, 0.0, 0.0, 0.0, 0.0, 0.0, 0.0, 0.0, 0.0, 0.0]","[0.625, 0.53125, 0.65625, 0.96875, 0.5234375, 0.375, 0.0, 0.0, 0.0, 0.0, 0.0, 0.0, 0.0, 0.0, 0.0, 0.0, 0.0, 0.0, 0.0, 0.0, 0.0]","[18, 19]",1.5919139884575717,1.67632534711234
440,5552.8125,"[0.3125, 1.0, 1.0, 0.703125, 0.953125, 0.875, 0.0, 0.0, 0.0, 0.0, 0.0, 0.0, 0.0, 0.0, 0.0, 0.0, 0.0, 0.0, 0.0, 0.0, 0.0]","[0.21875, 0.53125, 0.65625, 0.796875, 0.5234375, 0.4375, 0.0, 0.0, 0.0, 0.0, 0.0, 0.0, 0.0, 0.0, 0.0, 0.0, 0.0, 0.0, 0.0, 0.0, 0.0]","[0, 24, 37, 38, 39, 40, 70, 71, 72]",1.6788269528349358,1.7041115990512574
441,5295.0,"[0.96875, 1.0, 1.0, 0.640625, 0.953125, 0.875, 0.0, 0.0, 0.0, 0.0, 0.0, 0.0, 0.0, 0.0, 0.0, 0.0, 0.0, 0.0, 0.0, 0.0, 0.0]","[0.609375, 0.53125, 0.65625, 0.734375, 0.5234375, 0.4375, 0.0, 0.0, 0.0, 0.0, 0.0, 0.0, 0.0, 0.0, 0.0, 0.0, 0.0, 0.0, 0.0, 0.0, 0.0]","[70, 71, 1, 73, 74, 75, 76, 77, 78, 79, 80, 81, 82, 83, 84]",1.6023819220207849,1.611539696217199
442,5552.8125,"[1.0, 1.0, 1.0, 0.765625, 0.953125, 0.875, 0.0, 0.0, 0.0, 0.0, 0.0, 0.0, 0.0, 0.0, 0.0, 0.0, 0.0, 0.0, 0.0, 0.0, 0.0]","[0.625, 0.53125, 0.65625, 0.859375, 0.5234375, 0.4375, 0.0, 0.0, 0.0, 0.0, 0.0, 0.0, 0.0, 0.0, 0.0, 0.0, 0.0, 0.0, 0.0, 0.0, 0.0]","[74, 75, 76, 77, 79, 80, 81, 82, 83, 84, 2, 85, 91, 92, 93, 94, 95, 96, 97, 98, 99, 100, 101]",1.5907128407865647,1.6345217844229043
443,5532.96875,"[0.9375, 1.0, 1.0, 0.875, 0.953125, 0.875, 0.0, 0.0, 0.0, 0.0, 0.0, 0.0, 0.0, 0.0, 0.0, 0.0, 0.0, 0.0, 0.0, 0.0, 0.0]","[0.5625, 0.53125, 0.65625, 1.0, 0.5234375, 0.4375, 0.0, 0.0, 0.0, 0.0, 0.0, 0.0, 0.0, 0.0, 0.0, 0.0, 0.0, 0.0, 0.0, 0.0, 0.0]","[75, 79, 80, 81, 82, 83, 84, 2, 85, 91, 92, 93, 94, 95, 96, 97, 98, 99, 100, 101, 3]",1.5844391058596756,1.6745883026521777
444,5691.71875,"[0.875, 1.0, 1.0, 0.5625, 0.953125, 1.0, 0.0, 0.0, 0.0, 0.0, 0.0, 0.0, 0.0, 0.0, 0.0, 0.0, 0.0, 0.0, 0.0, 0.0, 0.0]","[0.5625, 0.53125, 0.65625, 0.65625, 0.5234375, 0.5, 0.0, 0.0, 0.0, 0.0, 0.0, 0.0, 0.0, 0.0, 0.0, 0.0, 0.0, 0.0, 0.0, 0.0, 0.0]","[79, 80, 82, 83, 84, 2, 85, 91, 92, 93, 94, 95, 96, 97, 98, 99, 100, 101, 3, 4, 25, 26, 27, 28]",1.614458928170625,1.5943442777967476
445,5612.34375,"[1.0, 1.0, 1.0, 0.8125, 0.828125, 1.0, 0.0, 0.0, 0.0, 0.0, 0.0, 0.0, 0.0, 0.0, 0.0, 0.0, 0.0, 0.0, 0.0, 0.0, 0.0]","[0.625, 0.53125, 0.65625, 0.90625, 0.4609375, 0.5, 0.0, 0.0, 0.0, 0.0, 0.0, 0.0, 0.0, 0.0, 0.0, 0.0, 0.0, 0.0, 0.0, 0.0, 0.0]","[82, 83, 84, 85, 91, 92, 93, 94, 95, 96, 97, 98, 99, 100, 101, 3, 4, 25, 26, 27, 28, 5]",1.5901242164767455,1.643937404690907
446,5731.40625,"[1.0, 1.0, 1.0, 0.90625, 0.921875, 1.0, 0.0, 0.0, 0.0, 0.0, 0.0, 0.0, 0.0, 0.0, 0.0, 0.0, 0.0, 0.0, 0.0, 0.0, 0.0]","[0.625, 0.53125, 0.65625, 1.0, 0.4921875, 0.5, 0.0, 0.0, 0.0, 0.0, 0.0, 0.0, 0.0, 0.0, 0.0, 0.0, 0.0, 0.0, 0.0, 0.0, 0.0]","[84, 85, 93, 95, 96, 97, 98, 99, 100, 101, 3, 4, 25, 26, 27, 28, 5, 6, 29, 30, 86, 102]",1.5830866510742527,1.6630415370550355
447,6269.0625,"[1.0, 1.0, 1.0, 0.90625, 0.984375, 1.0, 0.1875, 0.0, 0.0, 0.0, 0.0, 0.0, 0.0, 0.0, 0.0, 0.0, 0.0, 0.0, 0.0, 0.0, 0.0]","[0.625, 0.53125, 0.65625, 1.0, 0.5234375, 0.5, 0.1875, 0.0, 0.0, 0.0, 0.0, 0.0, 0.0, 0.0, 0.0, 0.0, 0.0, 0.0, 0.0, 0.0, 0.0]","[85, 93, 95, 97, 98, 100, 101, 3, 4, 26, 27, 28, 5, 29, 30, 86, 102, 7]",1.5203216105522852,1.5665703651673748
448,7185.46875,"[1.0, 1.0, 1.0, 0.90625, 0.484375, 1.0, 0.546875, 0.0, 0.0, 0.0, 0.0, 0.0, 0.0, 0.0, 0.0, 0.0, 0.0, 0.0, 0.0, 0.0, 0.0]","[0.625, 0.53125, 0.65625, 1.0, 0.2421875, 0.5, 0.625, 0.0, 0.0, 0.0, 0.0, 0.0, 0.0, 0.0, 0.0, 0.0, 0.0, 0.0, 0.0, 0.0, 0.0]","[27, 30, 8, 31, 32, 33, 34, 87, 88, 89, 90, 103, 104, 105, 106, 107]",1.4798133819604968,1.5392111962452941
449,7185.46875,"[1.0, 1.0, 1.0, 0.90625, 0.984375, 1.0, 0.546875, 0.0, 0.0, 0.0, 0.0, 0.0, 0.0, 0.0, 0.0, 0.0, 0.0, 0.0, 0.0, 0.0, 0.0]","[0.625, 0.53125, 0.65625, 1.0, 0.5390625, 0.5, 0.625, 0.0, 0.0, 0.0, 0.0, 0.0, 0.0, 0.0, 0.0, 0.0, 0.0, 0.0, 0.0, 0.0, 0.0]","[103, 107, 9, 108, 109, 110, 111, 112, 113]",1.4442012724986952,1.4765388057350906
450,7942.5,"[0.9375, 1.0, 1.0, 0.90625, 1.0, 1.0, 0.84375, 0.0, 0.0, 0.0, 0.0, 0.0, 0.0, 0.0, 0.0, 0.0, 0.0, 0.0, 0.0, 0.0, 0.0]","[0.59375, 0.53125, 0.65625, 1.0, 0.546875, 0.5, 0.953125, 0.0, 0.0, 0.0, 0.0, 0.0, 0.0, 0.0, 0.0, 0.0, 0.0, 0.0, 0.0, 0.0, 0.0]",[10],1.418053000478826,1.4954114104246687
451,7922.8125,"[0.90625, 0.15625, 1.0, 0.90625, 1.0, 1.0, 0.84375, 0.0, 0.0, 0.0, 0.0, 0.0, 0.0, 0.0, 0.0, 0.0, 0.0, 0.0, 0.0, 0.0, 0.0]","[0.546875, 0.109375, 0.65625, 1.0, 0.546875, 0.5, 0.953125, 0.0, 0.0, 0.0, 0.0, 0.0, 0.0, 0.0, 0.0, 0.0, 0.0, 0.0, 0.0, 0.0, 0.0]","[11, 20, 21, 35, 36, 41, 42]",1.5308142603489898,1.616315677864444
452,7725.9375,"[1.0, 0.59375, 1.0, 0.90625, 1.0, 1.0, 0.84375, 0.0, 0.0, 0.0, 0.0, 0.0, 0.0, 0.0, 0.0, 0.0, 0.0, 0.0, 0.0, 0.0, 0.0]","[0.59375, 0.296875, 0.65625, 1.0, 0.546875, 0.5, 0.953125, 0.0, 0.0, 0.0, 0.0, 0.0, 0.0, 0.0, 0.0, 0.0, 0.0, 0.0, 0.0, 0.0, 0.0]","[35, 41, 12, 114, 115, 116]",1.43921632791098,1.5431581311547315
453,7942.5,"[1.0, 0.96875, 1.0, 0.90625, 1.0, 1.0, 0.84375, 0.0, 0.0, 0.0, 0.0, 0.0, 0.0, 0.0, 0.0, 0.0, 0.0, 0.0, 0.0, 0.0, 0.0]","[0.59375, 0.515625, 0.65625, 1.0, 0.546875, 0.5, 0.953125, 0.0, 0.0, 0.0, 0.0, 0.0, 0.0, 0.0, 0.0, 0.0, 0.0, 0.0, 0.0, 0.0, 0.0]","[114, 116, 13]",1.4179716468005772,1.497460001220054
454,8002.5,"[1.0, 0.90625, 0.4375, 0.90625, 0.75, 0.9375, 0.875, 0.0, 0.0, 0.0, 0.0, 0.0, 0.0, 0.0, 0.0, 0.0, 0.0, 0.0, 0.0, 0.0, 0.0]","[0.59375, 0.484375, 0.3125, 1.0, 0.421875, 0.46875, 1.0, 0.0, 0.0, 0.0, 0.0, 0.0, 0.0, 0.0, 0.0, 0.0, 0.0, 0.0, 0.0, 0.0, 0.0]","[13, 14, 43, 44, 45, 46, 47, 48, 49]",1.4606053606036815,1.5911320527979758
455,7585.9375,"[1.0, 1.0, 0.78125, 0.90625, 0.75, 0.625, 0.875, 0.0, 0.0, 0.0, 0.0, 0.0, 0.0, 0.0, 0.0, 0.0, 0.0, 0.0, 0.0, 0.0, 0.0]","[0.59375, 0.5625, 0.453125, 1.0, 0.421875, 0.3125, 1.0, 0.0, 0.0, 0.0, 0.0, 0.0, 0.0, 0.0, 0.0, 0.0, 0.0, 0.0, 0.0, 0.0, 0.0]","[45, 47, 48, 49, 15, 22, 23, 50]",1.4380465358725982,1.5829708782563863
456,7545.9375,"[1.0, 1.0, 0.71875, 0.8125, 1.0, 0.25, 0.875, 0.0, 0.0, 0.0, 0.0, 0.0, 0.0, 0.0, 0.0, 0.0, 0.0, 0.0, 0.0, 0.0, 0.0]","[0.59375, 0.5625, 0.390625, 0.875, 0.546875, 0.125, 1.0, 0.0, 0.0, 0.0, 0.0, 0.0, 0.0, 0.0, 0.0, 0.0, 0.0, 0.0, 0.0, 0.0, 0.0]","[22, 50, 16]",1.5116732883679727,1.6236499459251865
457,6911.25,"[1.0, 1.0, 0.9375, 0.75, 1.0, 0.25, 0.875, 0.0, 0.0, 0.0, 0.0, 0.0, 0.0, 0.0, 0.0, 0.0, 0.0, 0.0, 0.0, 0.0, 0.0]","[0.59375, 0.5625, 0.53125, 0.8125, 0.546875, 0.125, 1.0, 0.0, 0.0, 0.0, 0.0, 0.0, 0.0, 0.0, 0.0, 0.0, 0.0, 0.0, 0.0, 0.0, 0.0]","[17, 51, 52, 53, 54, 55, 56, 57, 58]",1.508445412193564,1.5907509467779408
458,7109.375,"[1.0, 1.0, 1.0, 0.90625, 1.0, 0.125, 0.875, 0.0, 0.0, 0.0, 0.0, 0.0, 0.0, 0.0, 0.0, 0.0, 0.0, 0.0, 0.0, 0.0, 0.0]","[0.59375, 0.5625, 0.5625, 0.9375, 0.546875, 0.0625, 1.0, 0.0, 0.0, 0.0, 0.0, 0.0, 0.0, 0.0, 0.0, 0.0, 0.0, 0.0, 0.0, 0.0, 0.0]","[53, 54, 55, 56, 57, 58, 18, 59, 60, 61, 62, 63]",1.5403642193577087,1.6295385500702697
459,7268.125,"[1.0, 1.0, 1.0, 0.921875, 1.0, 0.375, 0.875, 0.0, 0.0, 0.0, 0.0, 0.0, 0.0, 0.0, 0.0, 0.0, 0.0, 0.0, 0.0, 0.0, 0.0]","[0.59375, 0.5625, 0.5625, 0.984375, 0.546875, 0.1875, 1.0, 0.0, 0.0, 0.0, 0.0, 0.0, 0.0, 0.0, 0.0, 0.0, 0.0, 0.0, 0.0, 0.0, 0.0]","[54, 55, 56, 58, 18, 59, 60, 62, 63, 19]",1.4742178870387477,1.5833877110559846
460,7625.3125,"[0.34375, 1.0, 1.0, 0.75, 1.0, 0.65625, 0.875, 0.0, 0.0, 0.0, 0.0, 0.0, 0.0, 0.0, 0.0, 0.0, 0.0, 0.0, 0.0, 0.0, 0.0]","[0.203125, 0.5625, 0.5625, 0.8125, 0.546875, 0.359375, 1.0, 0.0, 0.0, 0.0, 0.0, 0.0, 0.0, 0.0, 0.0, 0.0, 0.0, 0.0, 0.0, 0.0, 0.0]","[18, 63, 0]",1.4956108624411137,1.5944309843426228
461,7091.875,"[0.3125, 1.0, 1.0, 0.40625, 0.9375, 0.53125, 0.875, 0.0, 0.0, 0.0, 0.0, 0.0, 0.0, 0.0, 0.0, 0.0, 0.0, 0.0, 0.0, 0.0, 0.0]","[0.15625, 0.5625, 0.5625, 0.4375, 0.515625, 0.296875, 1.0, 0.0, 0.0, 0.0, 0.0, 0.0, 0.0, 0.0, 0.0, 0.0, 0.0, 0.0, 0.0, 0.0, 0.0]",[1],1.5597386436478196,1.6460295936386298
462,6436.875,"[0.5625, 1.0, 1.0, 0.234375, 0.78125, 0.53125, 0.6875, 0.0, 0.0, 0.0, 0.0, 0.0, 0.0, 0.0, 0.0, 0.0, 0.0, 0.0, 0.0, 0.0, 0.0]","[0.28125, 0.5625, 0.5625, 0.265625, 0.4375, 0.296875, 0.765625, 0.0, 0.0, 0.0, 0.0, 0.0, 0.0, 0.0, 0.0, 0.0, 0.0, 0.0, 0.0, 0.0, 0.0]","[2, 24, 37, 38, 39, 40]",1.5524718381204587,1.5621434534594905
463,5758.59375,"[0.90625, 1.0, 1.0, 0.234375, 0.78125, 0.53125, 0.671875, 0.0, 0.0, 0.0, 0.0, 0.0, 0.0, 0.0, 0.0, 0.0, 0.0, 0.0, 0.0, 0.0, 0.0]","[0.515625, 0.5625, 0.5625, 0.265625, 0.4375, 0.296875, 0.75, 0.0, 0.0, 0.0, 0.0, 0.0, 0.0, 0.0, 0.0, 0.0, 0.0, 0.0, 0.0, 0.0, 0.0]","[39, 3]",1.540832062354086,1.5194101176751043
464,5897.1875,"[0.9375, 1.0, 1.0, 0.359375, 0.765625, 0.53125, 0.546875, 0.0, 0.0, 0.0, 0.0, 0.0, 0.0, 0.0, 0.0, 0.0, 0.0, 0.0, 0.0, 0.0, 0.0]","[0.53125, 0.5625, 0.5625, 0.390625, 0.4296875, 0.296875, 0.609375, 0.0, 0.0, 0.0, 0.0, 0.0, 0.0, 0.0, 0.0, 0.0, 0.0, 0.0, 0.0, 0.0, 0.0]",[4],1.5225566914284228,1.4632922760535785
465,5597.96875,"[1.0, 1.0, 1.0, 0.359375, 0.765625, 0.53125, 0.515625, 0.0, 0.0, 0.0, 0.0, 0.0, 0.0, 0.0, 0.0, 0.0, 0.0, 0.0, 0.0, 0.0, 0.0]","[0.5625, 0.5625, 0.5625, 0.390625, 0.4296875, 0.296875, 0.578125, 0.0, 0.0, 0.0, 0.0, 0.0, 0.0, 0.0, 0.0, 0.0, 0.0, 0.0, 0.0, 0.0, 0.0]","[5, 25, 26, 27, 28, 64, 65, 66, 67, 68, 69]",1.5320586936481122,1.4614540600879515
466,6192.96875,"[1.0, 1.0, 1.0, 0.890625, 0.75, 0.53125, 0.390625, 0.0, 0.0, 0.0, 0.0, 0.0, 0.0, 0.0, 0.0, 0.0, 0.0, 0.0, 0.0, 0.0, 0.0]","[0.5625, 0.5625, 0.5625, 0.984375, 0.421875, 0.296875, 0.4375, 0.0, 0.0, 0.0, 0.0, 0.0, 0.0, 0.0, 0.0, 0.0, 0.0, 0.0, 0.0, 0.0, 0.0]","[69, 6]",1.500447057059665,1.5506229351071996
467,6092.5,"[1.0, 1.0, 1.0, 0.890625, 0.9375, 0.53125, 0.328125, 0.0, 0.0, 0.0, 0.0, 0.0, 0.0, 0.0, 0.0, 0.0, 0.0, 0.0, 0.0, 0.0, 0.0]","[0.5625, 0.5625, 0.5625, 0.984375, 0.515625, 0.296875, 0.375, 0.0, 0.0, 0.0, 0.0, 0.0, 0.0, 0.0, 0.0, 0.0, 0.0, 0.0, 0.0, 0.0, 0.0]","[7, 29, 30, 70, 71, 72, 73, 74, 75]",1.5120326066425605,1.5497878406828858
468,6191.09375,"[1.0, 1.0, 1.0, 0.90625, 0.515625, 0.65625, 0.234375, 0.0, 0.0, 0.0, 0.0, 0.0, 0.0, 0.0, 0.0, 0.0, 0.0, 0.0, 0.0, 0.0, 0.0]","[0.5625, 0.5625, 0.5625, 1.0, 0.2734375, 0.359375, 0.28125, 0.0, 0.0, 0.0, 0.0, 0.0, 0.0, 0.0, 0.0, 0.0, 0.0, 0.0, 0.0, 0.0, 0.0]","[70, 72, 73, 74, 75, 8]",1.5500027904874982,1.6167608979876995
469,5753.59375,"[1.0, 1.0, 1.0, 0.90625, 0.828125, 0.65625, 0.03125, 0.0, 0.0, 0.0, 0.0, 0.0, 0.0, 0.0, 0.0, 0.0, 0.0, 0.0, 0.0, 0.0, 0.0]","[0.5625, 0.5625, 0.5625, 1.0, 0.4453125, 0.359375, 0.046875, 0.0, 0.0, 0.0, 0.0, 0.0, 0.0, 0.0, 0.0, 0.0, 0.0, 0.0, 0.0, 0.0, 0.0]",[9],1.5899843486033105,1.6795447090385887
470,5255.46875,"[0.96875, 1.0, 1.0, 0.90625, 0.859375, 0.65625, 0.03125, 0.0, 0.0, 0.0, 0.0, 0.0, 0.0, 0.0, 0.0, 0.0, 0.0, 0.0, 0.0, 0.0, 0.0]","[0.546875, 0.5625, 0.5625, 1.0, 0.4765625, 0.359375, 0.046875, 0.0, 0.0, 0.0, 0.0, 0.0, 0.0, 0.0, 0.0, 0.0, 0.0, 0.0, 0.0, 0.0, 0.0]","[10, 31, 32, 33, 34, 76, 77, 78]",1.5880086990840603,1.6752385934206155
471,5414.21875,"[0.90625, 0.375, 1.0, 0.90625, 0.984375, 0.65625, 0.03125, 0.0, 0.0, 0.0, 0.0, 0.0, 0.0, 0.0, 0.0, 0.0, 0.0, 0.0, 0.0, 0.0, 0.0]","[0.515625, 0.21875, 0.5625, 1.0, 0.5546875, 0.359375, 0.046875, 0.0, 0.0, 0.0, 0.0, 0.0, 0.0, 0.0, 0.0, 0.0, 0.0, 0.0, 0.0, 0.0, 0.0]","[33, 76, 77, 78, 11]",1.6494769430167815,1.7590087438528983
472,5414.21875,"[1.0, 0.71875, 1.0, 0.90625, 0.984375, 0.65625, 0.0, 0.0, 0.0, 0.0, 0.0, 0.0, 0.0, 0.0, 0.0, 0.0, 0.0, 0.0, 0.0, 0.0, 0.0]","[0.5625, 0.390625, 0.5625, 1.0, 0.5546875, 0.359375, 0.0, 0.0, 0.0, 0.0, 0.0, 0.0, 0.0, 0.0, 0.0, 0.0, 0.0, 0.0, 0.0, 0.0, 0.0]",[12],1.6087793720112764,1.7225957741259939
473,5196.71875,"[1.0, 0.78125, 0.875, 0.90625, 0.984375, 0.65625, 0.0, 0.0, 0.0, 0.0, 0.0, 0.0, 0.0, 0.0, 0.0, 0.0, 0.0, 0.0, 0.0, 0.0, 0.0]","[0.5625, 0.453125, 0.5, 1.0, 0.5546875, 0.359375, 0.0, 0.0, 0.0, 0.0, 0.0, 0.0, 0.0, 0.0, 0.0, 0.0, 0.0, 0.0, 0.0, 0.0, 0.0]",[13],1.6018143001907363,1.715496388642215
474,5137.65625,"[1.0, 0.71875, 0.34375, 0.90625, 0.859375, 0.65625, 0.0, 0.0, 0.0, 0.0, 0.0, 0.0, 0.0, 0.0, 0.0, 0.0, 0.0, 0.0, 0.0, 0.0, 0.0]","[0.5625, 0.390625, 0.203125, 1.0, 0.4921875, 0.359375, 0.0, 0.0, 0.0, 0.0, 0.0, 0.0, 0.0, 0.0, 0.0, 0.0, 0.0, 0.0, 0.0, 0.0, 0.0]",[14],1.6690586500864495,1.8351416790783315
475,4624.53125,"[1.0, 0.78125, 0.09375, 0.90625, 0.734375, 0.65625, 0.0, 0.0, 0.0, 0.0, 0.0, 0.0, 0.0, 0.0, 0.0, 0.0, 0.0, 0.0, 0.0, 0.0, 0.0]","[0.5625, 0.421875, 0.046875, 1.0, 0.4296875, 0.359375, 0.0, 0.0, 0.0, 0.0, 0.0, 0.0, 0.0, 0.0, 0.0, 0.0, 0.0, 0.0, 0.0, 0.0, 0.0]","[15, 20, 21, 22, 23, 35, 36, 41, 42, 43]",1.764915455910272,1.944116867891982
476,4761.09375,"[1.0, 1.0, 0.5625, 0.90625, 0.734375, 0.65625, 0.0, 0.0, 0.0, 0.0, 0.0, 0.0, 0.0, 0.0, 0.0, 0.0, 0.0, 0.0, 0.0, 0.0, 0.0]","[0.5625, 0.5625, 0.28125, 1.0, 0.4296875, 0.359375, 0.0, 0.0, 0.0, 0.0, 0.0, 0.0, 0.0, 0.0, 0.0, 0.0, 0.0, 0.0, 0.0, 0.0, 0.0]","[23, 35, 41, 42, 43, 16, 44, 45, 46, 47, 48, 49, 50, 79]",1.6288133565406118,1.7794539728682008
477,5017.03125,"[1.0, 1.0, 0.9375, 0.671875, 0.734375, 0.40625, 0.0, 0.0, 0.0, 0.0, 0.0, 0.0, 0.0, 0.0, 0.0, 0.0, 0.0, 0.0, 0.0, 0.0, 0.0]","[0.5625, 0.5625, 0.53125, 0.734375, 0.4296875, 0.21875, 0.0, 0.0, 0.0, 0.0, 0.0, 0.0, 0.0, 0.0, 0.0, 0.0, 0.0, 0.0, 0.0, 0.0, 0.0]","[16, 44, 47, 48, 49, 50, 79, 17, 51, 52, 53, 54, 55, 56, 57, 58, 80, 81, 82, 83, 84, 85, 86, 87, 88, 89]",1.659897234662402,1.6838654593693547
478,4719.375,"[0.9375, 1.0, 1.0, 0.921875, 0.734375, 0.15625, 0.0, 0.0, 0.0, 0.0, 0.0, 0.0, 0.0, 0.0, 0.0, 0.0, 0.0, 0.0, 0.0, 0.0, 0.0]","[0.53125, 0.5625, 0.5625, 0.984375, 0.4296875, 0.078125, 0.0, 0.0, 0.0, 0.0, 0.0, 0.0, 0.0, 0.0, 0.0, 0.0, 0.0, 0.0, 0.0, 0.0, 0.0]","[49, 50, 79, 17, 51, 52, 53, 54, 55, 56, 57, 58, 80, 81, 82, 83, 84, 85, 86, 87, 88, 89, 18]",1.7306696040531109,1.8426619234470134
479,4719.375,"[1.0, 1.0, 1.0, 0.921875, 0.984375, 0.125, 0.0, 0.0, 0.0, 0.0, 0.0, 0.0, 0.0, 0.0, 0.0, 0.0, 0.0, 0.0, 0.0, 0.0, 0.0]","[0.59375, 0.5625, 0.5625, 0.984375, 0.5546875, 0.0625, 0.0, 0.0, 0.0, 0.0, 0.0, 0.0, 0.0, 0.0, 0.0, 0.0, 0.0, 0.0, 0.0, 0.0, 0.0]","[79, 17, 52, 53, 54, 55, 57, 58, 80, 81, 82, 83, 84, 85, 86, 87, 88, 89, 18, 19]",1.7351273805502232,1.8210609478484094
480,5810.78125,"[0.875, 1.0, 1.0, 0.9375, 0.984375, 1.0, 0.0, 0.0, 0.0, 0.0, 0.0, 0.0, 0.0, 0.0, 0.0, 0.0, 0.0, 0.0, 0.0, 0.0, 0.0]","[0.53125, 0.5625, 0.5625, 1.0, 0.5546875, 0.5625, 0.0, 0.0, 0.0, 0.0, 0.0, 0.0, 0.0, 0.0, 0.0, 0.0, 0.0, 0.0, 0.0, 0.0, 0.0]","[54, 80, 85, 18, 19, 0, 59, 60, 61, 62, 63, 90, 91, 92, 93, 94, 95, 96, 97, 98, 99, 100, 101]",1.5836858352904333,1.6567442507180565
481,6448.28125,"[0.75, 1.0, 1.0, 0.9375, 0.984375, 1.0, 0.25, 0.0, 0.0, 0.0, 0.0, 0.0, 0.0, 0.0, 0.0, 0.0, 0.0, 0.0, 0.0, 0.0, 0.0]","[0.46875, 0.5625, 0.5625, 1.0, 0.5546875, 0.5625, 0.25, 0.0, 0.0, 0.0, 0.0, 0.0, 0.0, 0.0, 0.0, 0.0, 0.0, 0.0, 0.0, 0.0, 0.0]","[19, 0, 60, 61, 62, 63, 91, 92, 93, 94, 96, 97, 98, 99, 101, 1]",1.5090779850970826,1.5487593451730584
482,6448.28125,"[0.65625, 1.0, 1.0, 0.8125, 0.984375, 1.0, 0.25, 0.0, 0.0, 0.0, 0.0, 0.0, 0.0, 0.0, 0.0, 0.0, 0.0, 0.0, 0.0, 0.0, 0.0]","[0.390625, 0.5625, 0.5625, 0.875, 0.5546875, 0.5625, 0.25, 0.0, 0.0, 0.0, 0.0, 0.0, 0.0, 0.0, 0.0, 0.0, 0.0, 0.0, 0.0, 0.0, 0.0]","[61, 62, 63, 91, 92, 93, 94, 96, 97, 98, 99, 101, 1, 2]",1.5189452246901245,1.5256532628855843
483,6289.53125,"[0.96875, 1.0, 1.0, 0.8125, 0.984375, 1.0, 0.25, 0.0, 0.0, 0.0, 0.0, 0.0, 0.0, 0.0, 0.0, 0.0, 0.0, 0.0, 0.0, 0.0, 0.0]","[0.578125, 0.5625, 0.5625, 0.875, 0.5546875, 0.5625, 0.25, 0.0, 0.0, 0.0, 0.0, 0.0, 0.0, 0.0, 0.0, 0.0, 0.0, 0.0, 0.0, 0.0, 0.0]","[93, 94, 96, 98, 99, 101, 1, 2, 3, 24, 37, 38, 39, 40, 102, 103, 104]",1.5057230452576833,1.5046273754218145
484,6448.28125,"[0.9375, 1.0, 1.0, 0.9375, 0.984375, 1.0, 0.25, 0.0, 0.0, 0.0, 0.0, 0.0, 0.0, 0.0, 0.0, 0.0, 0.0, 0.0, 0.0, 0.0, 0.0]","[0.5625, 0.5625, 0.5625, 1.0, 0.5546875, 0.5625, 0.25, 0.0, 0.0, 0.0, 0.0, 0.0, 0.0, 0.0, 0.0, 0.0, 0.0, 0.0, 0.0, 0.0, 0.0]","[96, 99, 101, 2, 3, 24, 37, 38, 39, 40, 102, 103, 104, 4, 105]",1.5024176895243537,1.5384412338633937
485,7085.78125,"[1.0, 1.0, 1.0, 0.40625, 0.921875, 1.0, 0.5, 0.0, 0.0, 0.0, 0.0, 0.0, 0.0, 0.0, 0.0, 0.0, 0.0, 0.0, 0.0, 0.0, 0.0]","[0.625, 0.5625, 0.5625, 0.40625, 0.5234375, 0.5625, 0.5, 0.0, 0.0, 0.0, 0.0, 0.0, 0.0, 0.0, 0.0, 0.0, 0.0, 0.0, 0.0, 0.0, 0.0]","[101, 2, 37, 38, 39, 103, 104, 4, 5]",1.5016659930541418,1.4291404002536587
486,6768.28125,"[1.0, 1.0, 1.0, 0.75, 0.796875, 1.0, 0.5, 0.0, 0.0, 0.0, 0.0, 0.0, 0.0, 0.0, 0.0, 0.0, 0.0, 0.0, 0.0, 0.0, 0.0]","[0.625, 0.5625, 0.5625, 0.84375, 0.4609375, 0.5625, 0.5, 0.0, 0.0, 0.0, 0.0, 0.0, 0.0, 0.0, 0.0, 0.0, 0.0, 0.0, 0.0, 0.0, 0.0]","[6, 25, 26, 27]",1.4589852989931478,1.454213790317139
487,6708.75,"[1.0, 1.0, 1.0, 0.8125, 0.53125, 0.875, 0.5, 0.0, 0.0, 0.0, 0.0, 0.0, 0.0, 0.0, 0.0, 0.0, 0.0, 0.0, 0.0, 0.0, 0.0]","[0.625, 0.5625, 0.5625, 0.9375, 0.296875, 0.5, 0.5, 0.0, 0.0, 0.0, 0.0, 0.0, 0.0, 0.0, 0.0, 0.0, 0.0, 0.0, 0.0, 0.0, 0.0]","[27, 7]",1.4777152601359034,1.514741099914213
488,6430.9375,"[1.0, 1.0, 1.0, 0.875, 0.53125, 0.875, 0.5, 0.0, 0.0, 0.0, 0.0, 0.0, 0.0, 0.0, 0.0, 0.0, 0.0, 0.0, 0.0, 0.0, 0.0]","[0.625, 0.5625, 0.5625, 1.0, 0.296875, 0.5, 0.5, 0.0, 0.0, 0.0, 0.0, 0.0, 0.0, 0.0, 0.0, 0.0, 0.0, 0.0, 0.0, 0.0, 0.0]",[8],1.4769720075803876,1.5325607867092192
489,6311.875,"[1.0, 1.0, 1.0, 0.875, 0.53125, 0.875, 0.5, 0.0, 0.0, 0.0, 0.0, 0.0, 0.0, 0.0, 0.0, 0.0, 0.0, 0.0, 0.0, 0.0, 0.0]","[0.625, 0.5625, 0.5625, 1.0, 0.296875, 0.5, 0.5, 0.0, 0.0, 0.0, 0.0, 0.0, 0.0, 0.0, 0.0, 0.0, 0.0, 0.0, 0.0, 0.0, 0.0]",[9],1.4769720075803876,1.5325607867092192
490,6292.03125,"[0.875, 0.625, 1.0, 0.875, 0.421875, 0.875, 0.5, 0.0, 0.0, 0.0, 0.0, 0.0, 0.0, 0.0, 0.0, 0.0, 0.0, 0.0, 0.0, 0.0, 0.0]","[0.5625, 0.375, 0.5625, 1.0, 0.2265625, 0.5, 0.5, 0.0, 0.0, 0.0, 0.0, 0.0, 0.0, 0.0, 0.0, 0.0, 0.0, 0.0, 0.0, 0.0, 0.0]","[10, 28, 29]",1.4936697659648488,1.5860200401607032
491,6015.15625,"[0.9375, 0.625, 1.0, 0.875, 0.421875, 0.875, 0.5, 0.0, 0.0, 0.0, 0.0, 0.0, 0.0, 0.0, 0.0, 0.0, 0.0, 0.0, 0.0, 0.0, 0.0]","[0.59375, 0.375, 0.5625, 1.0, 0.2265625, 0.5, 0.5, 0.0, 0.0, 0.0, 0.0, 0.0, 0.0, 0.0, 0.0, 0.0, 0.0, 0.0, 0.0, 0.0, 0.0]","[28, 11, 30, 31, 32, 33, 34, 64, 65, 66, 67, 68, 69, 70, 71, 72, 73, 74, 75, 76, 77]",1.497055846823922,1.5846033284304644
492,6133.28125,"[1.0, 0.9375, 1.0, 0.875, 0.421875, 0.875, 0.5, 0.0, 0.0, 0.0, 0.0, 0.0, 0.0, 0.0, 0.0, 0.0, 0.0, 0.0, 0.0, 0.0, 0.0]","[0.65625, 0.5, 0.5625, 1.0, 0.2265625, 0.5, 0.5, 0.0, 0.0, 0.0, 0.0, 0.0, 0.0, 0.0, 0.0, 0.0, 0.0, 0.0, 0.0, 0.0, 0.0]","[30, 31, 33, 34, 64, 65, 67, 68, 69, 70, 71, 72, 73, 74, 75, 76, 77, 12, 78, 106, 107, 108, 109, 110, 111, 112, 113]",1.4929842422252806,1.5614561408744474
493,6847.65625,"[1.0, 0.96875, 1.0, 0.875, 0.984375, 0.875, 0.5, 0.0, 0.0, 0.0, 0.0, 0.0, 0.0, 0.0, 0.0, 0.0, 0.0, 0.0, 0.0, 0.0, 0.0]","[0.65625, 0.515625, 0.5625, 1.0, 0.5078125, 0.5, 0.5, 0.0, 0.0, 0.0, 0.0, 0.0, 0.0, 0.0, 0.0, 0.0, 0.0, 0.0, 0.0, 0.0, 0.0]","[31, 34, 65, 68, 69, 70, 73, 74, 75, 77, 12, 78, 106, 108, 109, 110, 111, 112, 113, 13, 114, 115, 116]",1.4507416669143631,1.4944249267341718
494,7006.40625,"[1.0, 0.9375, 1.0, 0.875, 0.984375, 1.0, 0.5, 0.0, 0.0, 0.0, 0.0, 0.0, 0.0, 0.0, 0.0, 0.0, 0.0, 0.0, 0.0, 0.0, 0.0]","[0.65625, 0.5, 0.5625, 1.0, 0.5078125, 0.59375, 0.5, 0.0, 0.0, 0.0, 0.0, 0.0, 0.0, 0.0, 0.0, 0.0, 0.0, 0.0, 0.0, 0.0, 0.0]","[70, 73, 74, 75, 77, 12, 78, 106, 108, 109, 110, 111, 112, 113, 13, 114, 115, 116, 14, 117, 118, 119, 120, 121, 122, 123, 124, 125, 126, 127, 128, 129, 130, 131, 132, 133, 134]",1.4510253100161818,1.4882668047991383
495,8281.40625,"[1.0, 0.78125, 0.15625, 0.875, 0.984375, 1.0, 1.0, 0.0, 0.0, 0.0, 0.0, 0.0, 0.0, 0.0, 0.0, 0.0, 0.0, 0.0, 0.0, 0.0, 0.0]","[0.65625, 0.390625, 0.109375, 1.0, 0.5078125, 0.59375, 1.0, 0.0, 0.0, 0.0, 0.0, 0.0, 0.0, 0.0, 0.0, 0.0, 0.0, 0.0, 0.0, 0.0, 0.0]","[73, 74, 75, 12, 78, 106, 109, 110, 111, 13, 114, 115, 117, 118, 119, 122, 123, 124, 127, 128, 129, 130, 131, 132, 133, 134, 15]",1.5347605697995377,1.6472077870789867
496,7907.34375,"[0.9375, 1.0, 0.25, 0.609375, 0.859375, 1.0, 1.0, 0.0, 0.0, 0.0, 0.0, 0.0, 0.0, 0.0, 0.0, 0.0, 0.0, 0.0, 0.0, 0.0, 0.0]","[0.59375, 0.5625, 0.125, 0.734375, 0.4453125, 0.59375, 1.0, 0.0, 0.0, 0.0, 0.0, 0.0, 0.0, 0.0, 0.0, 0.0, 0.0, 0.0, 0.0, 0.0, 0.0]","[78, 106, 109, 110, 111, 13, 114, 115, 117, 118, 119, 122, 123, 124, 127, 128, 129, 130, 132, 133, 134, 15, 16, 20, 21, 22, 23, 35]",1.5217108527227776,1.5950685247785559
497,7706.5625,"[0.90625, 1.0, 0.875, 0.609375, 0.734375, 0.125, 1.0, 0.0, 0.0, 0.0, 0.0, 0.0, 0.0, 0.0, 0.0, 0.0, 0.0, 0.0, 0.0, 0.0, 0.0]","[0.578125, 0.5625, 0.4375, 0.734375, 0.3828125, 0.09375, 1.0, 0.0, 0.0, 0.0, 0.0, 0.0, 0.0, 0.0, 0.0, 0.0, 0.0, 0.0, 0.0, 0.0, 0.0]","[106, 109, 111, 13, 114, 115, 117, 118, 119, 122, 123, 124, 127, 128, 129, 132, 133, 134, 20, 21, 22, 35, 17]",1.5616068876092253,1.6463320390180765
498,6595.3125,"[0.96875, 1.0, 0.875, 0.734375, 0.734375, 0.125, 1.0, 0.0, 0.0, 0.0, 0.0, 0.0, 0.0, 0.0, 0.0, 0.0, 0.0, 0.0, 0.0, 0.0, 0.0]","[0.609375, 0.5625, 0.4375, 0.859375, 0.3828125, 0.09375, 1.0, 0.0, 0.0, 0.0, 0.0, 0.0, 0.0, 0.0, 0.0, 0.0, 0.0, 0.0, 0.0, 0.0, 0.0]","[109, 111, 13, 115, 117, 118, 119, 122, 123, 124, 127, 128, 129, 132, 133, 134, 20, 21, 22, 17, 18]",1.5518039570786364,1.6556492366039341
499,6674.0625,"[0.9375, 1.0, 1.0, 0.734375, 0.734375, 0.125, 1.0, 0.0, 0.0, 0.0, 0.0, 0.0, 0.0, 0.0, 0.0, 0.0, 0.0, 0.0, 0.0, 0.0, 0.0]","[0.59375, 0.5625, 0.53125, 0.859375, 0.3828125, 0.09375, 1.0, 0.0, 0.0, 0.0, 0.0, 0.0, 0.0, 0.0, 0.0, 0.0, 0.0, 0.0, 0.0, 0.0, 0.0]","[13, 115, 117, 119, 122, 123, 124, 127, 128, 129, 132, 133, 134, 20, 21, 22, 17, 18, 19, 36, 41, 42, 43]",1.553554181435816,1.6403434827638819
500,6753.4375,"[0.40625, 1.0, 1.0, 0.640625, 0.734375, 0.125, 0.71875, 0.0, 0.0, 0.0, 0.0, 0.0, 0.0, 0.0, 0.0, 0.0, 0.0, 0.0, 0.0, 0.0, 0.0]","[0.265625, 0.5625, 0.53125, 0.734375, 0.3828125, 0.09375, 0.71875, 0.0, 0.0, 0.0, 0.0, 0.0, 0.0, 0.0, 0.0, 0.0, 0.0, 0.0, 0.0, 0.0, 0.0]","[115, 117, 119, 122, 123, 124, 127, 128, 129, 132, 133, 134, 20, 21, 22, 17, 18, 19, 41, 42, 43, 0]",1.606354085428271,1.6279849061960674
501,5837.8125,"[0.96875, 1.0, 1.0, 0.640625, 0.734375, 0.125, 0.71875, 0.0, 0.0, 0.0, 0.0, 0.0, 0.0, 0.0, 0.0, 0.0, 0.0, 0.0, 0.0, 0.0, 0.0]","[0.671875, 0.5625, 0.53125, 0.734375, 0.3828125, 0.09375, 0.71875, 0.0, 0.0, 0.0, 0.0, 0.0, 0.0, 0.0, 0.0, 0.0, 0.0, 0.0, 0.0, 0.0, 0.0]","[134, 20, 21, 22, 17, 18, 19, 41, 42, 43, 0, 1]",1.565111948096375,1.5740238135673885
502,6075.9375,"[1.0, 1.0, 1.0, 0.796875, 0.734375, 0.125, 0.71875, 0.0, 0.0, 0.0, 0.0, 0.0, 0.0, 0.0, 0.0, 0.0, 0.0, 0.0, 0.0, 0.0, 0.0]","[0.6875, 0.5625, 0.53125, 0.953125, 0.3828125, 0.09375, 0.71875, 0.0, 0.0, 0.0, 0.0, 0.0, 0.0, 0.0, 0.0, 0.0, 0.0, 0.0, 0.0, 0.0, 0.0]","[18, 41, 42, 43, 1, 2, 44, 45, 46, 47, 48, 49, 50, 51, 52, 53, 54, 55, 56, 57, 58]",1.555984929945472,1.6143043218224316
503,6413.28125,"[1.0, 1.0, 1.0, 0.71875, 0.984375, 0.125, 0.53125, 0.0, 0.0, 0.0, 0.0, 0.0, 0.0, 0.0, 0.0, 0.0, 0.0, 0.0, 0.0, 0.0, 0.0]","[0.6875, 0.5625, 0.53125, 0.8125, 0.5390625, 0.09375, 0.53125, 0.0, 0.0, 0.0, 0.0, 0.0, 0.0, 0.0, 0.0, 0.0, 0.0, 0.0, 0.0, 0.0, 0.0]","[2, 46, 47, 48, 49, 50, 51, 52, 53, 54, 55, 56, 57, 58, 3, 24, 37, 38, 39, 40, 59, 60, 61, 62, 63]",1.5802825047025257,1.5619878969844614
504,6014.53125,"[1.0, 1.0, 1.0, 0.875, 0.984375, 0.125, 0.5, 0.0, 0.0, 0.0, 0.0, 0.0, 0.0, 0.0, 0.0, 0.0, 0.0, 0.0, 0.0, 0.0, 0.0]","[0.6875, 0.5625, 0.53125, 0.96875, 0.5390625, 0.09375, 0.5, 0.0, 0.0, 0.0, 0.0, 0.0, 0.0, 0.0, 0.0, 0.0, 0.0, 0.0, 0.0, 0.0, 0.0]","[47, 48, 49, 51, 52, 53, 54, 56, 57, 58, 3, 24, 37, 38, 39, 40, 59, 60, 61, 62, 63, 4]",1.5783064369760158,1.6014630429439762
505,7046.09375,"[1.0, 1.0, 1.0, 0.78125, 0.984375, 1.0, 0.5, 0.0, 0.0, 0.0, 0.0, 0.0, 0.0, 0.0, 0.0, 0.0, 0.0, 0.0, 0.0, 0.0, 0.0]","[0.6875, 0.5625, 0.53125, 0.875, 0.5390625, 0.59375, 0.5, 0.0, 0.0, 0.0, 0.0, 0.0, 0.0, 0.0, 0.0, 0.0, 0.0, 0.0, 0.0, 0.0, 0.0]","[56, 24, 37, 59, 60, 61, 62, 63, 4, 5, 79, 80, 81, 82, 83, 84, 85]",1.4554193668145696,1.454811347499969
506,7046.09375,"[1.0, 1.0, 1.0, 0.765625, 0.984375, 1.0, 0.5, 0.0, 0.0, 0.0, 0.0, 0.0, 0.0, 0.0, 0.0, 0.0, 0.0, 0.0, 0.0, 0.0, 0.0]","[0.6875, 0.5625, 0.53125, 0.828125, 0.5390625, 0.59375, 0.5, 0.0, 0.0, 0.0, 0.0, 0.0, 0.0, 0.0, 0.0, 0.0, 0.0, 0.0, 0.0, 0.0, 0.0]","[61, 62, 63, 4, 5, 79, 80, 81, 82, 83, 84, 85, 6]",1.4563181314534266,1.4465716079364914
507,7046.09375,"[1.0, 1.0, 1.0, 0.90625, 0.859375, 1.0, 0.5, 0.0, 0.0, 0.0, 0.0, 0.0, 0.0, 0.0, 0.0, 0.0, 0.0, 0.0, 0.0, 0.0, 0.0]","[0.6875, 0.5625, 0.53125, 1.0, 0.4765625, 0.59375, 0.5, 0.0, 0.0, 0.0, 0.0, 0.0, 0.0, 0.0, 0.0, 0.0, 0.0, 0.0, 0.0, 0.0, 0.0]","[62, 79, 80, 81, 82, 83, 84, 85, 6, 7, 25, 26, 27, 86]",1.451825691010504,1.4890004620207709
508,7065.9375,"[1.0, 1.0, 1.0, 0.90625, 0.96875, 1.0, 0.5, 0.0, 0.0, 0.0, 0.0, 0.0, 0.0, 0.0, 0.0, 0.0, 0.0, 0.0, 0.0, 0.0, 0.0]","[0.6875, 0.5625, 0.53125, 1.0, 0.515625, 0.59375, 0.5, 0.0, 0.0, 0.0, 0.0, 0.0, 0.0, 0.0, 0.0, 0.0, 0.0, 0.0, 0.0, 0.0, 0.0]","[79, 80, 81, 83, 84, 85, 6, 7, 25, 26, 27, 86, 8, 87, 88, 89]",1.450996952740682,1.484032701921213
509,8022.1875,"[1.0, 1.0, 1.0, 0.90625, 0.984375, 1.0, 0.875, 0.0, 0.0, 0.0, 0.0, 0.0, 0.0, 0.0, 0.0, 0.0, 0.0, 0.0, 0.0, 0.0, 0.0]","[0.6875, 0.5625, 0.53125, 1.0, 0.5390625, 0.59375, 0.875, 0.0, 0.0, 0.0, 0.0, 0.0, 0.0, 0.0, 0.0, 0.0, 0.0, 0.0, 0.0, 0.0, 0.0]","[83, 6, 7, 25, 86, 8, 87, 9, 90, 91, 92]",1.4169377023933967,1.4786540228859342
510,8261.25,"[0.9375, 0.625, 1.0, 0.90625, 1.0, 1.0, 0.96875, 0.0, 0.0, 0.0, 0.0, 0.0, 0.0, 0.0, 0.0, 0.0, 0.0, 0.0, 0.0, 0.0, 0.0]","[0.65625, 0.375, 0.53125, 1.0, 0.546875, 0.59375, 1.0, 0.0, 0.0, 0.0, 0.0, 0.0, 0.0, 0.0, 0.0, 0.0, 0.0, 0.0, 0.0, 0.0, 0.0]","[8, 9, 90, 92, 10, 28, 29, 93, 94, 95]",1.433625910086273,1.5256948341262069
511,8261.25,"[0.9375, 0.4375, 1.0, 0.90625, 0.5, 0.875, 0.90625, 0.0, 0.0, 0.0, 0.0, 0.0, 0.0, 0.0, 0.0, 0.0, 0.0, 0.0, 0.0, 0.0, 0.0]","[0.625, 0.25, 0.53125, 1.0, 0.296875, 0.5, 0.9375, 0.0, 0.0, 0.0, 0.0, 0.0, 0.0, 0.0, 0.0, 0.0, 0.0, 0.0, 0.0, 0.0, 0.0]","[9, 28, 29, 93, 94, 95, 11, 30, 31, 32, 33, 34, 64, 65]",1.4863559069366916,1.6174907279162314
512,7268.75,"[0.875, 0.875, 0.875, 0.90625, 0.4375, 0.875, 0.75, 0.0, 0.0, 0.0, 0.0, 0.0, 0.0, 0.0, 0.0, 0.0, 0.0, 0.0, 0.0, 0.0, 0.0]","[0.625, 0.4375, 0.4375, 1.0, 0.265625, 0.5, 0.78125, 0.0, 0.0, 0.0, 0.0, 0.0, 0.0, 0.0, 0.0, 0.0, 0.0, 0.0, 0.0, 0.0, 0.0]","[28, 29, 93, 11, 30, 31, 33, 34, 64, 65, 12, 66, 67]",1.453459082290206,1.5708924929669696
513,6990.3125,"[0.84375, 0.875, 0.875, 0.90625, 0.6875, 0.875, 0.71875, 0.0, 0.0, 0.0, 0.0, 0.0, 0.0, 0.0, 0.0, 0.0, 0.0, 0.0, 0.0, 0.0, 0.0]","[0.609375, 0.4375, 0.4375, 1.0, 0.390625, 0.5, 0.75, 0.0, 0.0, 0.0, 0.0, 0.0, 0.0, 0.0, 0.0, 0.0, 0.0, 0.0, 0.0, 0.0, 0.0]","[93, 11, 31, 34, 64, 65, 12, 67, 13, 68, 69]",1.424096089206383,1.534918407572968
514,6910.625,"[0.4375, 0.875, 0.5, 0.875, 0.6875, 0.875, 0.46875, 0.0, 0.0, 0.0, 0.0, 0.0, 0.0, 0.0, 0.0, 0.0, 0.0, 0.0, 0.0, 0.0, 0.0]","[0.3125, 0.4375, 0.25, 0.96875, 0.390625, 0.5, 0.5, 0.0, 0.0, 0.0, 0.0, 0.0, 0.0, 0.0, 0.0, 0.0, 0.0, 0.0, 0.0, 0.0, 0.0]","[31, 34, 65, 12, 67, 13, 68, 69, 14]",1.4951642003943777,1.6170535203310148
515,5938.125,"[0.90625, 0.875, 0.375, 0.875, 0.6875, 0.875, 0.46875, 0.0, 0.0, 0.0, 0.0, 0.0, 0.0, 0.0, 0.0, 0.0, 0.0, 0.0, 0.0, 0.0, 0.0]","[0.609375, 0.4375, 0.1875, 0.96875, 0.390625, 0.5, 0.5, 0.0, 0.0, 0.0, 0.0, 0.0, 0.0, 0.0, 0.0, 0.0, 0.0, 0.0, 0.0, 0.0, 0.0]","[69, 14, 15, 70, 71, 72, 73, 74, 75, 76]",1.495840903687604,1.5997755040992683
516,6312.1875,"[0.96875, 1.0, 0.5, 0.6875, 0.6875, 0.875, 0.46875, 0.0, 0.0, 0.0, 0.0, 0.0, 0.0, 0.0, 0.0, 0.0, 0.0, 0.0, 0.0, 0.0, 0.0]","[0.671875, 0.5, 0.25, 0.75, 0.390625, 0.5, 0.5, 0.0, 0.0, 0.0, 0.0, 0.0, 0.0, 0.0, 0.0, 0.0, 0.0, 0.0, 0.0, 0.0, 0.0]","[71, 72, 74, 75, 76, 16]",1.488110327637103,1.5081725655688827
517,6113.4375,"[1.0, 1.0, 0.9375, 0.65625, 0.6875, 0.875, 0.46875, 0.0, 0.0, 0.0, 0.0, 0.0, 0.0, 0.0, 0.0, 0.0, 0.0, 0.0, 0.0, 0.0, 0.0]","[0.6875, 0.5, 0.5, 0.6875, 0.390625, 0.5, 0.5, 0.0, 0.0, 0.0, 0.0, 0.0, 0.0, 0.0, 0.0, 0.0, 0.0, 0.0, 0.0, 0.0, 0.0]",[17],1.4711421614715754,1.4515232160390332
518,6232.5,"[1.0, 1.0, 0.9375, 0.765625, 0.6875, 0.875, 0.46875, 0.0, 0.0, 0.0, 0.0, 0.0, 0.0, 0.0, 0.0, 0.0, 0.0, 0.0, 0.0, 0.0, 0.0]","[0.6875, 0.5, 0.5, 0.796875, 0.390625, 0.5, 0.5, 0.0, 0.0, 0.0, 0.0, 0.0, 0.0, 0.0, 0.0, 0.0, 0.0, 0.0, 0.0, 0.0, 0.0]",[18],1.4642474756131247,1.4700553374309624
519,6252.03125,"[1.0, 1.0, 1.0, 0.65625, 0.53125, 0.875, 0.46875, 0.0, 0.0, 0.0, 0.0, 0.0, 0.0, 0.0, 0.0, 0.0, 0.0, 0.0, 0.0, 0.0, 0.0]","[0.6875, 0.5, 0.5625, 0.6875, 0.296875, 0.5, 0.5, 0.0, 0.0, 0.0, 0.0, 0.0, 0.0, 0.0, 0.0, 0.0, 0.0, 0.0, 0.0, 0.0, 0.0]",[19],1.4915896236825172,1.4704002837494208
520,5934.53125,"[1.0, 1.0, 1.0, 0.640625, 0.53125, 0.875, 0.46875, 0.0, 0.0, 0.0, 0.0, 0.0, 0.0, 0.0, 0.0, 0.0, 0.0, 0.0, 0.0, 0.0, 0.0]","[0.6875, 0.5, 0.5625, 0.671875, 0.296875, 0.5, 0.5, 0.0, 0.0, 0.0, 0.0, 0.0, 0.0, 0.0, 0.0, 0.0, 0.0, 0.0, 0.0, 0.0, 0.0]","[0, 20, 21, 22, 23, 35, 36, 41, 42, 43, 77, 78]",1.4930334146882416,1.4684858922101927
521,6271.875,"[1.0, 1.0, 1.0, 0.9375, 0.46875, 0.875, 0.46875, 0.0, 0.0, 0.0, 0.0, 0.0, 0.0, 0.0, 0.0, 0.0, 0.0, 0.0, 0.0, 0.0, 0.0]","[0.6875, 0.5, 0.5625, 1.0, 0.265625, 0.5, 0.5, 0.0, 0.0, 0.0, 0.0, 0.0, 0.0, 0.0, 0.0, 0.0, 0.0, 0.0, 0.0, 0.0, 0.0]","[36, 41, 42, 43, 77, 78, 1]",1.4930328112353493,1.5487163423928505
522,6767.96875,"[1.0, 1.0, 1.0, 0.671875, 0.890625, 0.25, 0.46875, 0.0, 0.0, 0.0, 0.0, 0.0, 0.0, 0.0, 0.0, 0.0, 0.0, 0.0, 0.0, 0.0, 0.0]","[0.6875, 0.5, 0.5625, 0.734375, 0.4765625, 0.15625, 0.5, 0.0, 0.0, 0.0, 0.0, 0.0, 0.0, 0.0, 0.0, 0.0, 0.0, 0.0, 0.0, 0.0, 0.0]",[2],1.551881613667143,1.5291332623645848
523,5636.875,"[1.0, 1.0, 1.0, 0.515625, 0.765625, 0.0, 0.46875, 0.0, 0.0, 0.0, 0.0, 0.0, 0.0, 0.0, 0.0, 0.0, 0.0, 0.0, 0.0, 0.0, 0.0]","[0.6875, 0.5, 0.5625, 0.578125, 0.4140625, 0.0, 0.5, 0.0, 0.0, 0.0, 0.0, 0.0, 0.0, 0.0, 0.0, 0.0, 0.0, 0.0, 0.0, 0.0, 0.0]",[3],1.6702689314371202,1.6079350339193648
524,4942.34375,"[1.0, 1.0, 1.0, 0.515625, 0.765625, 0.0, 0.46875, 0.0, 0.0, 0.0, 0.0, 0.0, 0.0, 0.0, 0.0, 0.0, 0.0, 0.0, 0.0, 0.0, 0.0]","[0.6875, 0.5, 0.5625, 0.578125, 0.4140625, 0.0, 0.5, 0.0, 0.0, 0.0, 0.0, 0.0, 0.0, 0.0, 0.0, 0.0, 0.0, 0.0, 0.0, 0.0, 0.0]",[4],1.6702689314371202,1.6079350339193648
525,4962.1875,"[1.0, 1.0, 1.0, 0.515625, 0.71875, 0.0, 0.265625, 0.0, 0.0, 0.0, 0.0, 0.0, 0.0, 0.0, 0.0, 0.0, 0.0, 0.0, 0.0, 0.0, 0.0]","[0.6875, 0.5, 0.5625, 0.578125, 0.375, 0.0, 0.296875, 0.0, 0.0, 0.0, 0.0, 0.0, 0.0, 0.0, 0.0, 0.0, 0.0, 0.0, 0.0, 0.0, 0.0]",[5],1.7308183209641577,1.6547261071196446
526,4424.375,"[1.0, 1.0, 1.0, 0.578125, 0.71875, 0.0, 0.25, 0.0, 0.0, 0.0, 0.0, 0.0, 0.0, 0.0, 0.0, 0.0, 0.0, 0.0, 0.0, 0.0, 0.0]","[0.6875, 0.5, 0.5625, 0.640625, 0.375, 0.0, 0.265625, 0.0, 0.0, 0.0, 0.0, 0.0, 0.0, 0.0, 0.0, 0.0, 0.0, 0.0, 0.0, 0.0, 0.0]","[6, 24, 37, 38, 39, 40, 44, 45, 46, 47, 48]",1.7248257631640722,1.6719316704582348
527,4761.5625,"[1.0, 1.0, 1.0, 0.875, 0.703125, 0.0, 0.125, 0.0, 0.0, 0.0, 0.0, 0.0, 0.0, 0.0, 0.0, 0.0, 0.0, 0.0, 0.0, 0.0, 0.0]","[0.6875, 0.5, 0.5625, 1.0, 0.3671875, 0.0, 0.125, 0.0, 0.0, 0.0, 0.0, 0.0, 0.0, 0.0, 0.0, 0.0, 0.0, 0.0, 0.0, 0.0, 0.0]","[40, 45, 46, 47, 48, 7]",1.7490739925941348,1.8368780750402316
528,4760.3125,"[0.96875, 1.0, 1.0, 0.875, 0.96875, 0.0, 0.015625, 0.0, 0.0, 0.0, 0.0, 0.0, 0.0, 0.0, 0.0, 0.0, 0.0, 0.0, 0.0, 0.0, 0.0]","[0.671875, 0.5, 0.5625, 1.0, 0.515625, 0.0, 0.015625, 0.0, 0.0, 0.0, 0.0, 0.0, 0.0, 0.0, 0.0, 0.0, 0.0, 0.0, 0.0, 0.0, 0.0]","[48, 8, 25]",1.7839789313776124,1.870158600027946
529,4679.84375,"[0.90625, 0.875, 1.0, 0.875, 1.0, 0.125, 0.0, 0.0, 0.0, 0.0, 0.0, 0.0, 0.0, 0.0, 0.0, 0.0, 0.0, 0.0, 0.0, 0.0, 0.0]","[0.609375, 0.4375, 0.5625, 1.0, 0.53125, 0.0625, 0.0, 0.0, 0.0, 0.0, 0.0, 0.0, 0.0, 0.0, 0.0, 0.0, 0.0, 0.0, 0.0, 0.0, 0.0]",[9],1.735709488339665,1.8525285387579193
530,4580.9375,"[0.75, 0.375, 1.0, 0.875, 1.0, 0.125, 0.0, 0.0, 0.0, 0.0, 0.0, 0.0, 0.0, 0.0, 0.0, 0.0, 0.0, 0.0, 0.0, 0.0, 0.0]","[0.5, 0.1875, 0.5625, 1.0, 0.53125, 0.0625, 0.0, 0.0, 0.0, 0.0, 0.0, 0.0, 0.0, 0.0, 0.0, 0.0, 0.0, 0.0, 0.0, 0.0, 0.0]",[10],1.8166660348268926,1.9753339488897863
531,4246.25,"[0.6875, 0.25, 1.0, 0.875, 0.875, 0.125, 0.0, 0.0, 0.0, 0.0, 0.0, 0.0, 0.0, 0.0, 0.0, 0.0, 0.0, 0.0, 0.0, 0.0, 0.0]","[0.40625, 0.125, 0.5625, 1.0, 0.46875, 0.0625, 0.0, 0.0, 0.0, 0.0, 0.0, 0.0, 0.0, 0.0, 0.0, 0.0, 0.0, 0.0, 0.0, 0.0, 0.0]",[11],1.8581806315153777,2.0601086425350528
532,3851.25,"[0.5625, 0.25, 1.0, 0.875, 0.75, 0.125, 0.0, 0.0, 0.0, 0.0, 0.0, 0.0, 0.0, 0.0, 0.0, 0.0, 0.0, 0.0, 0.0, 0.0, 0.0]","[0.34375, 0.125, 0.5625, 1.0, 0.40625, 0.0625, 0.0, 0.0, 0.0, 0.0, 0.0, 0.0, 0.0, 0.0, 0.0, 0.0, 0.0, 0.0, 0.0, 0.0, 0.0]","[12, 26, 27, 28, 29, 30, 31, 32, 33, 34, 49, 50, 51, 52, 53, 54, 55, 56]",1.8721854837830314,2.107204902234237
533,3850.0,"[0.90625, 0.125, 1.0, 0.875, 0.75, 0.125, 0.0, 0.0, 0.0, 0.0, 0.0, 0.0, 0.0, 0.0, 0.0, 0.0, 0.0, 0.0, 0.0, 0.0, 0.0]","[0.578125, 0.0625, 0.5625, 1.0, 0.40625, 0.0625, 0.0, 0.0, 0.0, 0.0, 0.0, 0.0, 0.0, 0.0, 0.0, 0.0, 0.0, 0.0, 0.0, 0.0, 0.0]","[28, 32, 33, 49, 50, 51, 52, 53, 54, 55, 56, 13]",1.916143817843659,2.0890211676289168
534,4322.5,"[1.0, 1.0, 0.75, 0.875, 0.75, 0.125, 0.0, 0.0, 0.0, 0.0, 0.0, 0.0, 0.0, 0.0, 0.0, 0.0, 0.0, 0.0, 0.0, 0.0, 0.0]","[0.625, 0.5, 0.4375, 1.0, 0.40625, 0.0625, 0.0, 0.0, 0.0, 0.0, 0.0, 0.0, 0.0, 0.0, 0.0, 0.0, 0.0, 0.0, 0.0, 0.0, 0.0]","[52, 53, 54, 55, 13, 14, 57, 58]",1.746689991362499,1.8902842696389976
535,4322.5,"[0.875, 1.0, 0.4375, 0.875, 0.75, 0.125, 0.0, 0.0, 0.0, 0.0, 0.0, 0.0, 0.0, 0.0, 0.0, 0.0, 0.0, 0.0, 0.0, 0.0, 0.0]","[0.53125, 0.5, 0.25, 1.0, 0.40625, 0.0625, 0.0, 0.0, 0.0, 0.0, 0.0, 0.0, 0.0, 0.0, 0.0, 0.0, 0.0, 0.0, 0.0, 0.0, 0.0]","[53, 54, 55, 13, 14, 57, 58, 15, 59, 60, 61, 62, 63, 64, 65, 66, 67, 68, 69, 70]",1.7888543819998315,1.9742008530705435
536,4283.125,"[1.0, 1.0, 0.8125, 0.875, 0.75, 0.125, 0.0, 0.0, 0.0, 0.0, 0.0, 0.0, 0.0, 0.0, 0.0, 0.0, 0.0, 0.0, 0.0, 0.0, 0.0]","[0.625, 0.5, 0.4375, 1.0, 0.40625, 0.0625, 0.0, 0.0, 0.0, 0.0, 0.0, 0.0, 0.0, 0.0, 0.0, 0.0, 0.0, 0.0, 0.0, 0.0, 0.0]","[55, 14, 58, 15, 60, 61, 62, 63, 64, 65, 66, 67, 68, 69, 70, 16, 71, 72, 73, 74, 75, 76, 79, 80, 81, 82, 83, 84, 85, 86, 87, 88, 89]",1.7433357008145791,1.8902842696389976
537,4640.0,"[1.0, 1.0, 1.0, 0.75, 1.0, 0.125, 0.0, 0.0, 0.0, 0.0, 0.0, 0.0, 0.0, 0.0, 0.0, 0.0, 0.0, 0.0, 0.0, 0.0, 0.0]","[0.625, 0.5, 0.5625, 0.875, 0.53125, 0.0625, 0.0, 0.0, 0.0, 0.0, 0.0, 0.0, 0.0, 0.0, 0.0, 0.0, 0.0, 0.0, 0.0, 0.0, 0.0]","[15, 60, 61, 62, 63, 65, 66, 67, 68, 70, 16, 71, 72, 73, 74, 75, 76, 79, 80, 81, 82, 83, 84, 85, 86, 87, 88, 89, 17, 90, 91, 92, 93, 94, 95, 96, 97, 98, 99, 100]",1.7450973874024158,1.7984951611341844
538,4600.3125,"[1.0, 1.0, 0.9375, 0.84375, 1.0, 0.125, 0.0, 0.0, 0.0, 0.0, 0.0, 0.0, 0.0, 0.0, 0.0, 0.0, 0.0, 0.0, 0.0, 0.0, 0.0]","[0.625, 0.5, 0.5, 1.0, 0.53125, 0.0625, 0.0, 0.0, 0.0, 0.0, 0.0, 0.0, 0.0, 0.0, 0.0, 0.0, 0.0, 0.0, 0.0, 0.0, 0.0]","[61, 62, 63, 65, 66, 67, 68, 70, 16, 71, 72, 73, 74, 75, 76, 79, 80, 81, 82, 83, 84, 85, 86, 87, 88, 89, 17, 90, 91, 92, 93, 94, 95, 96, 97, 98, 99, 100, 18]",1.7374413901721513,1.847213358295189
539,5711.5625,"[1.0, 1.0, 1.0, 0.828125, 1.0, 1.0, 0.0, 0.0, 0.0, 0.0, 0.0, 0.0, 0.0, 0.0, 0.0, 0.0, 0.0, 0.0, 0.0, 0.0, 0.0]","[0.625, 0.5, 0.53125, 0.984375, 0.53125, 0.5, 0.0, 0.0, 0.0, 0.0, 0.0, 0.0, 0.0, 0.0, 0.0, 0.0, 0.0, 0.0, 0.0, 0.0, 0.0]","[62, 65, 67, 70, 16, 71, 74, 75, 76, 81, 82, 83, 86, 87, 88, 90, 91, 92, 93, 94, 95, 96, 97, 98, 99, 100, 18, 19, 101, 102, 103, 104, 105, 106, 107, 108]",1.5859444152312003,1.666021302545132
540,7464.6875,"[1.0, 1.0, 1.0, 0.546875, 0.671875, 1.0, 0.6875, 0.0, 0.0, 0.0, 0.0, 0.0, 0.0, 0.0, 0.0, 0.0, 0.0, 0.0, 0.0, 0.0, 0.0]","[0.625, 0.5, 0.53125, 0.671875, 0.3515625, 0.5, 0.84375, 0.0, 0.0, 0.0, 0.0, 0.0, 0.0, 0.0, 0.0, 0.0, 0.0, 0.0, 0.0, 0.0, 0.0]","[75, 82, 87, 91, 96, 18, 104, 0]",1.4643520295847883,1.4801874373389177
541,6829.6875,"[1.0, 1.0, 1.0, 0.671875, 0.546875, 1.0, 0.6875, 0.0, 0.0, 0.0, 0.0, 0.0, 0.0, 0.0, 0.0, 0.0, 0.0, 0.0, 0.0, 0.0, 0.0]","[0.625, 0.5, 0.53125, 0.796875, 0.2890625, 0.5, 0.84375, 0.0, 0.0, 0.0, 0.0, 0.0, 0.0, 0.0, 0.0, 0.0, 0.0, 0.0, 0.0, 0.0, 0.0]",[1],1.4643520295847883,1.5081958118914582
542,6710.625,"[1.0, 1.0, 1.0, 0.671875, 0.546875, 1.0, 0.6875, 0.0, 0.0, 0.0, 0.0, 0.0, 0.0, 0.0, 0.0, 0.0, 0.0, 0.0, 0.0, 0.0, 0.0]","[0.625, 0.5, 0.53125, 0.765625, 0.2890625, 0.5, 0.84375, 0.0, 0.0, 0.0, 0.0, 0.0, 0.0, 0.0, 0.0, 0.0, 0.0, 0.0, 0.0, 0.0, 0.0]","[2, 20, 21]",1.4643520295847883,1.5043123551087278
543,6909.0625,"[1.0, 1.0, 1.0, 0.84375, 0.546875, 1.0, 0.6875, 0.0, 0.0, 0.0, 0.0, 0.0, 0.0, 0.0, 0.0, 0.0, 0.0, 0.0, 0.0, 0.0, 0.0]","[0.625, 0.5, 0.53125, 0.9375, 0.2890625, 0.5, 0.84375, 0.0, 0.0, 0.0, 0.0, 0.0, 0.0, 0.0, 0.0, 0.0, 0.0, 0.0, 0.0, 0.0, 0.0]","[21, 3, 22]",1.4550219371667725,1.5320208174155416
544,6928.90625,"[1.0, 1.0, 1.0, 0.84375, 0.546875, 1.0, 0.6875, 0.0, 0.0, 0.0, 0.0, 0.0, 0.0, 0.0, 0.0, 0.0, 0.0, 0.0, 0.0, 0.0, 0.0]","[0.625, 0.5, 0.53125, 0.96875, 0.2890625, 0.5, 0.84375, 0.0, 0.0, 0.0, 0.0, 0.0, 0.0, 0.0, 0.0, 0.0, 0.0, 0.0, 0.0, 0.0, 0.0]","[3, 22, 4, 23, 35, 36, 41, 42, 43, 77, 78, 109, 110, 111, 112, 113, 114, 115, 116, 117, 118, 119, 120, 121, 122, 123, 124, 125, 126, 127, 128]",1.4550219371667725,1.5385515308441486
545,7484.53125,"[1.0, 1.0, 1.0, 0.8125, 0.984375, 1.0, 0.6875, 0.0, 0.0, 0.0, 0.0, 0.0, 0.0, 0.0, 0.0, 0.0, 0.0, 0.0, 0.0, 0.0, 0.0]","[0.625, 0.5, 0.53125, 0.9375, 0.5390625, 0.5, 0.84375, 0.0, 0.0, 0.0, 0.0, 0.0, 0.0, 0.0, 0.0, 0.0, 0.0, 0.0, 0.0, 0.0, 0.0]","[22, 41, 78, 109, 110, 111, 112, 113, 114, 115, 116, 117, 118, 119, 120, 121, 122, 123, 124, 125, 126, 127, 128, 5, 129, 130, 131, 132, 133, 134, 135, 136, 137]",1.430903349431043,1.4834534438411688
546,7803.28125,"[1.0, 1.0, 1.0, 0.578125, 0.75, 0.875, 0.8125, 0.0, 0.0, 0.0, 0.0, 0.0, 0.0, 0.0, 0.0, 0.0, 0.0, 0.0, 0.0, 0.0, 0.0]","[0.625, 0.5, 0.53125, 0.640625, 0.421875, 0.4375, 0.96875, 0.0, 0.0, 0.0, 0.0, 0.0, 0.0, 0.0, 0.0, 0.0, 0.0, 0.0, 0.0, 0.0, 0.0]","[78, 109, 110, 112, 113, 114, 115, 117, 118, 119, 120, 121, 122, 123, 124, 125, 126, 127, 128, 5, 129, 130, 131, 132, 133, 134, 135, 136, 137, 6, 24, 37, 38, 39, 40, 44, 45, 46, 47, 48, 138, 139, 140, 141]",1.4452299098502825,1.5031818869065603
547,7346.875,"[1.0, 1.0, 1.0, 0.875, 0.71875, 0.875, 0.8125, 0.0, 0.0, 0.0, 0.0, 0.0, 0.0, 0.0, 0.0, 0.0, 0.0, 0.0, 0.0, 0.0, 0.0]","[0.625, 0.5, 0.53125, 1.0, 0.390625, 0.4375, 0.96875, 0.0, 0.0, 0.0, 0.0, 0.0, 0.0, 0.0, 0.0, 0.0, 0.0, 0.0, 0.0, 0.0, 0.0]","[119, 120, 121, 122, 123, 124, 125, 126, 127, 128, 5, 129, 130, 131, 132, 133, 134, 135, 136, 137, 6, 24, 37, 38, 39, 40, 44, 45, 46, 47, 48, 138, 139, 140, 141, 7]",1.427643993471324,1.547380355605008
548,7664.375,"[0.96875, 1.0, 1.0, 0.875, 0.96875, 0.875, 0.8125, 0.0, 0.0, 0.0, 0.0, 0.0, 0.0, 0.0, 0.0, 0.0, 0.0, 0.0, 0.0, 0.0, 0.0]","[0.609375, 0.5, 0.53125, 1.0, 0.53125, 0.4375, 0.96875, 0.0, 0.0, 0.0, 0.0, 0.0, 0.0, 0.0, 0.0, 0.0, 0.0, 0.0, 0.0, 0.0, 0.0]","[124, 125, 126, 127, 5, 129, 130, 131, 132, 133, 134, 135, 136, 137, 6, 24, 37, 38, 39, 40, 44, 45, 46, 47, 48, 138, 139, 140, 141, 7, 8, 25, 142, 143, 144, 145, 146, 147]",1.419938717529197,1.5238516098599588
549,7823.125,"[1.0, 0.875, 1.0, 0.875, 1.0, 1.0, 0.8125, 0.0, 0.0, 0.0, 0.0, 0.0, 0.0, 0.0, 0.0, 0.0, 0.0, 0.0, 0.0, 0.0, 0.0]","[0.625, 0.4375, 0.53125, 1.0, 0.546875, 0.5, 0.96875, 0.0, 0.0, 0.0, 0.0, 0.0, 0.0, 0.0, 0.0, 0.0, 0.0, 0.0, 0.0, 0.0, 0.0]","[126, 127, 5, 130, 131, 133, 134, 135, 136, 137, 6, 24, 37, 38, 39, 40, 44, 45, 46, 47, 48, 138, 139, 140, 141, 7, 8, 25, 142, 143, 144, 145, 146, 147, 9]",1.4209319544044392,1.520836794715995
550,8453.125,"[0.75, 1.0, 1.0, 0.875, 1.0, 1.0, 0.8125, 1.0, 0.0, 0.0, 0.0, 0.0, 0.0, 0.0, 0.0, 0.0, 0.0, 0.0, 0.0, 0.0, 0.0]","[0.5, 0.53125, 0.53125, 1.0, 0.546875, 0.5, 0.96875, 0.5, 0.0, 0.0, 0.0, 0.0, 0.0, 0.0, 0.0, 0.0, 0.0, 0.0, 0.0, 0.0, 0.0]","[131, 133, 134, 136, 137, 6, 24, 38, 39, 40, 44, 45, 46, 47, 48, 138, 139, 140, 141, 7, 8, 25, 142, 143, 144, 145, 146, 147, 9, 10]",1.285686823455817,1.3757115426282902
551,8453.125,"[0.9375, 1.0, 1.0, 0.875, 1.0, 1.0, 0.8125, 1.0, 0.0, 0.0, 0.0, 0.0, 0.0, 0.0, 0.0, 0.0, 0.0, 0.0, 0.0, 0.0, 0.0]","[0.59375, 0.53125, 0.53125, 1.0, 0.546875, 0.5, 0.96875, 0.5, 0.0, 0.0, 0.0, 0.0, 0.0, 0.0, 0.0, 0.0, 0.0, 0.0, 0.0, 0.0, 0.0]","[136, 137, 6, 24, 38, 39, 40, 44, 45, 46, 47, 48, 138, 139, 140, 141, 7, 8, 25, 142, 143, 144, 145, 146, 147, 9, 10, 11, 148, 149, 150, 151, 152, 153, 154, 155]",1.2800014277068092,1.3671754728490175
552,9162.8125,"[0.375, 0.125, 0.6875, 0.875, 1.0, 1.0, 0.84375, 1.0, 1.0, 0.0, 0.0, 0.0, 0.0, 0.0, 0.0, 0.0, 0.0, 0.0, 0.0, 0.0, 0.0]","[0.25, 0.09375, 0.375, 1.0, 0.546875, 0.5, 1.0, 0.5, 0.5, 0.0, 0.0, 0.0, 0.0, 0.0, 0.0, 0.0, 0.0, 0.0, 0.0, 0.0, 0.0]","[137, 6, 38, 39, 40, 44, 46, 47, 48, 138, 140, 141, 7, 8, 142, 143, 144, 145, 147, 9, 10, 11, 148, 149, 150, 151, 152, 153, 154, 155, 12, 26, 27, 28, 29, 30]",1.2994542373161482,1.419607767442648
553,8414.6875,"[1.0, 0.125, 0.4375, 0.875, 1.0, 1.0, 0.84375, 1.0, 1.0, 0.0, 0.0, 0.0, 0.0, 0.0, 0.0, 0.0, 0.0, 0.0, 0.0, 0.0, 0.0]","[0.65625, 0.09375, 0.25, 1.0, 0.546875, 0.5, 1.0, 0.5, 0.5, 0.0, 0.0, 0.0, 0.0, 0.0, 0.0, 0.0, 0.0, 0.0, 0.0, 0.0, 0.0]","[138, 7, 8, 142, 143, 144, 145, 147, 9, 10, 11, 148, 149, 150, 151, 152, 153, 154, 155, 12, 26, 27, 28, 29, 30, 13]",1.2836564768364032,1.388419769947585
554,8808.4375,"[0.96875, 1.0, 0.3125, 0.875, 1.0, 1.0, 0.84375, 1.0, 1.0, 0.0, 0.0, 0.0, 0.0, 0.0, 0.0, 0.0, 0.0, 0.0, 0.0, 0.0, 0.0]","[0.640625, 0.59375, 0.15625, 1.0, 0.546875, 0.5, 1.0, 0.5, 0.5, 0.0, 0.0, 0.0, 0.0, 0.0, 0.0, 0.0, 0.0, 0.0, 0.0, 0.0, 0.0]","[148, 149, 150, 151, 152, 153, 154, 155, 12, 26, 27, 28, 29, 30, 13, 14]",1.2105468119756357,1.3133472861112518
555,9162.8125,"[1.0, 1.0, 0.6875, 0.78125, 0.75, 0.875, 0.78125, 1.0, 1.0, 0.0, 0.0, 0.0, 0.0, 0.0, 0.0, 0.0, 0.0, 0.0, 0.0, 0.0, 0.0]","[0.65625, 0.59375, 0.4375, 0.875, 0.421875, 0.4375, 0.90625, 0.5, 0.5, 0.0, 0.0, 0.0, 0.0, 0.0, 0.0, 0.0, 0.0, 0.0, 0.0, 0.0, 0.0]","[153, 155, 26, 27, 29, 30, 13, 14, 15, 31, 32, 33, 34, 49, 50, 51, 52]",1.1737314440047615,1.2401329244752242
556,8408.125,"[1.0, 1.0, 1.0, 0.71875, 0.75, 0.25, 0.671875, 1.0, 1.0, 0.0, 0.0, 0.0, 0.0, 0.0, 0.0, 0.0, 0.0, 0.0, 0.0, 0.0, 0.0]","[0.65625, 0.59375, 0.59375, 0.8125, 0.421875, 0.125, 0.75, 0.5, 0.5, 0.0, 0.0, 0.0, 0.0, 0.0, 0.0, 0.0, 0.0, 0.0, 0.0, 0.0, 0.0]","[26, 27, 30, 13, 14, 15, 31, 32, 33, 34, 49, 50, 51, 52, 16]",1.238864555824745,1.2698169915037179
557,7494.21875,"[1.0, 1.0, 1.0, 0.875, 0.75, 0.125, 0.40625, 1.0, 1.0, 0.0, 0.0, 0.0, 0.0, 0.0, 0.0, 0.0, 0.0, 0.0, 0.0, 0.0, 0.0]","[0.65625, 0.59375, 0.59375, 0.96875, 0.421875, 0.0625, 0.4375, 0.5, 0.5, 0.0, 0.0, 0.0, 0.0, 0.0, 0.0, 0.0, 0.0, 0.0, 0.0, 0.0, 0.0]","[30, 13, 14, 15, 31, 32, 33, 34, 49, 50, 51, 52, 16, 17, 53, 54, 55, 56, 57, 58, 59, 60, 61]",1.2918976147503245,1.3272251684300884
558,6975.625,"[1.0, 1.0, 1.0, 0.890625, 1.0, 0.125, 0.40625, 1.0, 1.0, 0.0, 0.0, 0.0, 0.0, 0.0, 0.0, 0.0, 0.0, 0.0, 0.0, 0.0, 0.0]","[0.65625, 0.59375, 0.59375, 0.984375, 0.578125, 0.0625, 0.4375, 0.5, 0.5, 0.0, 0.0, 0.0, 0.0, 0.0, 0.0, 0.0, 0.0, 0.0, 0.0, 0.0, 0.0]","[31, 32, 33, 34, 50, 51, 52, 16, 17, 53, 54, 55, 56, 57, 58, 59, 60, 61, 18]",1.2878980706729912,1.3169550344261234
559,8047.1875,"[1.0, 1.0, 1.0, 0.890625, 1.0, 0.96875, 0.15625, 1.0, 1.0, 0.0, 0.0, 0.0, 0.0, 0.0, 0.0, 0.0, 0.0, 0.0, 0.0, 0.0, 0.0]","[0.65625, 0.59375, 0.59375, 0.984375, 0.578125, 0.53125, 0.15625, 0.5, 0.5, 0.0, 0.0, 0.0, 0.0, 0.0, 0.0, 0.0, 0.0, 0.0, 0.0, 0.0, 0.0]","[50, 53, 58, 61, 19, 62, 63, 64, 65, 66, 67, 68, 69, 70, 71, 72, 73, 74, 75]",1.2389750685550114,1.275490959474018
560,8325.9375,"[1.0, 1.0, 1.0, 0.890625, 1.0, 1.0, 0.5, 1.0, 1.0, 0.0, 0.0, 0.0, 0.0, 0.0, 0.0, 0.0, 0.0, 0.0, 0.0, 0.0, 0.0]","[0.65625, 0.59375, 0.59375, 0.984375, 0.578125, 0.546875, 0.5, 0.5, 0.5, 0.0, 0.0, 0.0, 0.0, 0.0, 0.0, 0.0, 0.0, 0.0, 0.0, 0.0, 0.0]","[53, 58, 19, 65, 66, 67, 70, 71, 72, 75, 0, 76]",1.1828633278368517,1.2096510398851614
561,8565.0,"[1.0, 1.0, 1.0, 0.875, 1.0, 1.0, 0.59375, 1.0, 1.0, 0.0, 0.0, 0.0, 0.0, 0.0, 0.0, 0.0, 0.0, 0.0, 0.0, 0.0, 0.0]","[0.65625, 0.59375, 0.59375, 0.96875, 0.578125, 0.546875, 0.640625, 0.5, 0.5, 0.0, 0.0, 0.0, 0.0, 0.0, 0.0, 0.0, 0.0, 0.0, 0.0, 0.0, 0.0]","[58, 19, 66, 71, 0, 1, 79, 80, 81, 82, 83, 84, 85, 86, 87, 88, 89, 90, 91, 92, 93, 94]",1.1734781489578816,1.2007302660701853
562,9361.875,"[1.0, 1.0, 1.0, 0.6875, 1.0, 1.0, 0.90625, 1.0, 1.0, 0.0, 0.0, 0.0, 0.0, 0.0, 0.0, 0.0, 0.0, 0.0, 0.0, 0.0, 0.0]","[0.65625, 0.59375, 0.59375, 0.75, 0.578125, 0.546875, 0.984375, 0.5, 0.5, 0.0, 0.0, 0.0, 0.0, 0.0, 0.0, 0.0, 0.0, 0.0, 0.0, 0.0, 0.0]","[66, 71, 0, 81, 82, 86, 87, 90, 91, 92, 93, 94, 2, 20, 21, 95, 96, 97, 98, 99, 100, 101, 102, 103, 104, 105, 106]",1.165498510020285,1.2057347176805329
563,9361.875,"[1.0, 1.0, 1.0, 0.859375, 1.0, 1.0, 0.90625, 1.0, 1.0, 0.0, 0.0, 0.0, 0.0, 0.0, 0.0, 0.0, 0.0, 0.0, 0.0, 0.0, 0.0]","[0.65625, 0.59375, 0.59375, 0.953125, 0.578125, 0.546875, 0.984375, 0.5, 0.5, 0.0, 0.0, 0.0, 0.0, 0.0, 0.0, 0.0, 0.0, 0.0, 0.0, 0.0, 0.0]","[93, 94, 2, 20, 21, 95, 96, 97, 98, 99, 100, 101, 102, 103, 104, 105, 106, 3]",1.157355651415511,1.223183844890432
564,9991.875,"[1.0, 0.9375, 1.0, 0.5625, 0.25, 0.9375, 0.78125, 0.75, 1.0, 1.0, 0.0, 0.0, 0.0, 0.0, 0.0, 0.0, 0.0, 0.0, 0.0, 0.0, 0.0]","[0.65625, 0.53125, 0.59375, 0.59375, 0.15625, 0.515625, 0.859375, 0.375, 0.5, 0.5625, 0.0, 0.0, 0.0, 0.0, 0.0, 0.0, 0.0, 0.0, 0.0, 0.0, 0.0]","[98, 99, 101, 102, 103, 104, 105, 106, 3, 4]",1.128041468641135,1.148620487504543
565,8444.0625,"[0.625, 0.9375, 1.0, 0.875, 0.25, 0.875, 0.78125, 0.25, 1.0, 1.0, 0.0, 0.0, 0.0, 0.0, 0.0, 0.0, 0.0, 0.0, 0.0, 0.0, 0.0]","[0.40625, 0.53125, 0.59375, 0.90625, 0.15625, 0.484375, 0.859375, 0.125, 0.5, 0.5625, 0.0, 0.0, 0.0, 0.0, 0.0, 0.0, 0.0, 0.0, 0.0, 0.0, 0.0]","[99, 102, 104, 3, 4, 5, 22]",1.174852074406945,1.2486086843518691
566,7990.625,"[0.375, 0.8125, 1.0, 0.875, 0.25, 0.875, 0.75, 0.0, 0.5, 1.0, 0.0, 0.0, 0.0, 0.0, 0.0, 0.0, 0.0, 0.0, 0.0, 0.0, 0.0]","[0.25, 0.46875, 0.59375, 0.90625, 0.15625, 0.484375, 0.828125, 0.0, 0.25, 0.5625, 0.0, 0.0, 0.0, 0.0, 0.0, 0.0, 0.0, 0.0, 0.0, 0.0, 0.0]","[22, 6]",1.2800815319494763,1.3721297905216683
567,7221.875,"[0.75, 0.75, 1.0, 0.875, 0.25, 0.875, 0.75, 0.0, 0.5, 1.0, 0.0, 0.0, 0.0, 0.0, 0.0, 0.0, 0.0, 0.0, 0.0, 0.0, 0.0]","[0.4375, 0.4375, 0.59375, 0.90625, 0.15625, 0.484375, 0.828125, 0.0, 0.25, 0.5625, 0.0, 0.0, 0.0, 0.0, 0.0, 0.0, 0.0, 0.0, 0.0, 0.0, 0.0]","[7, 23, 24, 35]",1.24474202791156,1.3378871008083069
568,7280.9375,"[0.90625, 0.28125, 1.0, 0.875, 0.25, 0.875, 0.75, 0.0, 0.0, 1.0, 0.0, 0.0, 0.0, 0.0, 0.0, 0.0, 0.0, 0.0, 0.0, 0.0, 0.0]","[0.546875, 0.140625, 0.59375, 0.90625, 0.15625, 0.484375, 0.828125, 0.0, 0.0, 0.5625, 0.0, 0.0, 0.0, 0.0, 0.0, 0.0, 0.0, 0.0, 0.0, 0.0, 0.0]","[35, 8]",1.418496726816428,1.4997942245686182
569,6906.875,"[0.90625, 0.625, 1.0, 0.875, 0.25, 0.875, 0.75, 0.0, 0.0, 1.0, 0.0, 0.0, 0.0, 0.0, 0.0, 0.0, 0.0, 0.0, 0.0, 0.0, 0.0]","[0.546875, 0.3125, 0.59375, 0.90625, 0.15625, 0.484375, 0.828125, 0.0, 0.0, 0.5625, 0.0, 0.0, 0.0, 0.0, 0.0, 0.0, 0.0, 0.0, 0.0, 0.0, 0.0]","[9, 25, 36, 37, 38, 39, 40, 41]",1.3628208834535882,1.4438841219544762
570,7182.5,"[1.0, 0.9375, 1.0, 0.875, 0.25, 0.875, 0.75, 0.0, 0.0, 1.0, 0.0, 0.0, 0.0, 0.0, 0.0, 0.0, 0.0, 0.0, 0.0, 0.0, 0.0]","[0.625, 0.46875, 0.59375, 0.90625, 0.15625, 0.484375, 0.828125, 0.0, 0.0, 0.5625, 0.0, 0.0, 0.0, 0.0, 0.0, 0.0, 0.0, 0.0, 0.0, 0.0, 0.0]","[36, 39, 40, 41, 10]",1.3542052849854174,1.41060142642139
571,7261.875,"[0.96875, 0.875, 0.15625, 0.9375, 0.25, 0.875, 0.75, 0.0, 0.0, 1.0, 0.0, 0.0, 0.0, 0.0, 0.0, 0.0, 0.0, 0.0, 0.0, 0.0, 0.0]","[0.609375, 0.4375, 0.109375, 0.96875, 0.15625, 0.484375, 0.828125, 0.0, 0.0, 0.5625, 0.0, 0.0, 0.0, 0.0, 0.0, 0.0, 0.0, 0.0, 0.0, 0.0, 0.0]","[39, 40, 41, 11, 42, 43, 44, 45, 46, 47, 48, 77, 78, 107, 108, 109, 110, 111]",1.45143368069247,1.5403811347728418
572,7202.8125,"[1.0, 1.0, 0.75, 0.71875, 0.25, 0.875, 0.75, 0.0, 0.0, 1.0, 0.0, 0.0, 0.0, 0.0, 0.0, 0.0, 0.0, 0.0, 0.0, 0.0, 0.0]","[0.625, 0.53125, 0.375, 0.75, 0.15625, 0.484375, 0.828125, 0.0, 0.0, 0.5625, 0.0, 0.0, 0.0, 0.0, 0.0, 0.0, 0.0, 0.0, 0.0, 0.0, 0.0]","[42, 43, 44, 45, 47, 48, 77, 78, 108, 109, 110, 111, 12]",1.361710372450997,1.4063666110721273
573,6984.0625,"[1.0, 1.0, 1.0, 0.71875, 0.1875, 0.875, 0.75, 0.0, 0.0, 1.0, 0.0, 0.0, 0.0, 0.0, 0.0, 0.0, 0.0, 0.0, 0.0, 0.0, 0.0]","[0.625, 0.53125, 0.5625, 0.75, 0.125, 0.484375, 0.828125, 0.0, 0.0, 0.5625, 0.0, 0.0, 0.0, 0.0, 0.0, 0.0, 0.0, 0.0, 0.0, 0.0, 0.0]","[45, 77, 78, 108, 109, 110, 111, 12, 13]",1.3764611397021491,1.3960203456669829
574,7162.65625,"[1.0, 1.0, 1.0, 0.921875, 0.0625, 0.875, 0.75, 0.0, 0.0, 1.0, 0.0, 0.0, 0.0, 0.0, 0.0, 0.0, 0.0, 0.0, 0.0, 0.0, 0.0]","[0.625, 0.53125, 0.5625, 0.984375, 0.0625, 0.484375, 0.828125, 0.0, 0.0, 0.5625, 0.0, 0.0, 0.0, 0.0, 0.0, 0.0, 0.0, 0.0, 0.0, 0.0, 0.0]","[110, 111, 12, 13, 14, 26, 27, 28, 29, 30]",1.404207559423758,1.4558308947783287
575,7658.75,"[1.0, 1.0, 1.0, 0.90625, 0.5, 0.5625, 0.75, 0.0, 0.0, 1.0, 0.0, 0.0, 0.0, 0.0, 0.0, 0.0, 0.0, 0.0, 0.0, 0.0, 0.0]","[0.625, 0.53125, 0.5625, 0.96875, 0.28125, 0.328125, 0.828125, 0.0, 0.0, 0.5625, 0.0, 0.0, 0.0, 0.0, 0.0, 0.0, 0.0, 0.0, 0.0, 0.0, 0.0]","[30, 15]",1.3296795077362336,1.4066745655386441
576,7162.65625,"[1.0, 1.0, 1.0, 0.921875, 0.5, 0.4375, 0.75, 0.0, 0.0, 1.0, 0.0, 0.0, 0.0, 0.0, 0.0, 0.0, 0.0, 0.0, 0.0, 0.0, 0.0]","[0.625, 0.53125, 0.5625, 0.984375, 0.28125, 0.265625, 0.828125, 0.0, 0.0, 0.5625, 0.0, 0.0, 0.0, 0.0, 0.0, 0.0, 0.0, 0.0, 0.0, 0.0, 0.0]","[15, 16, 31, 32, 33, 34, 49, 50, 51]",1.3468705675023158,1.4257579633863202
577,7658.75,"[1.0, 1.0, 1.0, 0.90625, 1.0, 0.0625, 0.6875, 0.0, 0.0, 1.0, 0.0, 0.0, 0.0, 0.0, 0.0, 0.0, 0.0, 0.0, 0.0, 0.0, 0.0]","[0.625, 0.53125, 0.5625, 0.96875, 0.5625, 0.046875, 0.765625, 0.0, 0.0, 0.5625, 0.0, 0.0, 0.0, 0.0, 0.0, 0.0, 0.0, 0.0, 0.0, 0.0, 0.0]","[17, 52]",1.4089201095722377,1.446174836644806
578,7003.28125,"[1.0, 1.0, 1.0, 0.921875, 1.0, 0.03125, 0.6875, 0.0, 0.0, 1.0, 0.0, 0.0, 0.0, 0.0, 0.0, 0.0, 0.0, 0.0, 0.0, 0.0, 0.0]","[0.625, 0.53125, 0.5625, 0.984375, 0.5625, 0.015625, 0.765625, 0.0, 0.0, 0.5625, 0.0, 0.0, 0.0, 0.0, 0.0, 0.0, 0.0, 0.0, 0.0, 0.0, 0.0]","[52, 18, 53, 54, 55, 56, 57]",1.418212725806724,1.463095772232462
579,7420.0,"[1.0, 1.0, 1.0, 0.890625, 1.0, 0.34375, 0.328125, 0.0, 0.0, 1.0, 0.0, 0.0, 0.0, 0.0, 0.0, 0.0, 0.0, 0.0, 0.0, 0.0, 0.0]","[0.625, 0.53125, 0.5625, 0.953125, 0.5625, 0.1875, 0.359375, 0.0, 0.0, 0.5625, 0.0, 0.0, 0.0, 0.0, 0.0, 0.0, 0.0, 0.0, 0.0, 0.0, 0.0]",[19],1.3910427743243556,1.413966505403059
580,6563.125,"[1.0, 1.0, 1.0, 0.875, 1.0, 0.46875, 0.3125, 0.0, 0.0, 1.0, 0.0, 0.0, 0.0, 0.0, 0.0, 0.0, 0.0, 0.0, 0.0, 0.0, 0.0]","[0.625, 0.53125, 0.5625, 0.9375, 0.5625, 0.25, 0.34375, 0.0, 0.0, 0.5625, 0.0, 0.0, 0.0, 0.0, 0.0, 0.0, 0.0, 0.0, 0.0, 0.0, 0.0]","[0, 58, 59, 60, 61, 62, 63, 64, 65, 66, 67]",1.3723061713761586,1.393607856300637
581,6860.625,"[1.0, 1.0, 1.0, 0.734375, 1.0, 0.71875, 0.0, 0.0, 0.0, 0.625, 0.0, 0.0, 0.0, 0.0, 0.0, 0.0, 0.0, 0.0, 0.0, 0.0, 0.0]","[0.625, 0.53125, 0.5625, 0.796875, 0.5625, 0.375, 0.0, 0.0, 0.0, 0.375, 0.0, 0.0, 0.0, 0.0, 0.0, 0.0, 0.0, 0.0, 0.0, 0.0, 0.0]","[58, 59, 60, 62, 63, 64, 65, 67, 1]",1.4477550232998804,1.4778441472682975
582,5827.5,"[0.8125, 0.9375, 1.0, 0.546875, 1.0, 0.71875, 0.0, 0.0, 0.0, 0.0, 0.0, 0.0, 0.0, 0.0, 0.0, 0.0, 0.0, 0.0, 0.0, 0.0, 0.0]","[0.5, 0.5, 0.5625, 0.640625, 0.5625, 0.375, 0.0, 0.0, 0.0, 0.0, 0.0, 0.0, 0.0, 0.0, 0.0, 0.0, 0.0, 0.0, 0.0, 0.0, 0.0]","[64, 65, 67, 2, 20, 21, 68, 69]",1.6233369559179114,1.6077890160591322
583,5096.71875,"[0.9375, 0.9375, 1.0, 0.671875, 1.0, 0.71875, 0.0, 0.0, 0.0, 0.0, 0.0, 0.0, 0.0, 0.0, 0.0, 0.0, 0.0, 0.0, 0.0, 0.0, 0.0]","[0.53125, 0.5, 0.5625, 0.765625, 0.5625, 0.375, 0.0, 0.0, 0.0, 0.0, 0.0, 0.0, 0.0, 0.0, 0.0, 0.0, 0.0, 0.0, 0.0, 0.0, 0.0]","[67, 2, 20, 68, 69, 3]",1.606018495010834,1.6294497779673403
584,5176.09375,"[0.96875, 0.9375, 1.0, 0.734375, 1.0, 0.71875, 0.0, 0.0, 0.0, 0.0, 0.0, 0.0, 0.0, 0.0, 0.0, 0.0, 0.0, 0.0, 0.0, 0.0, 0.0]","[0.578125, 0.5, 0.5625, 0.828125, 0.5625, 0.375, 0.0, 0.0, 0.0, 0.0, 0.0, 0.0, 0.0, 0.0, 0.0, 0.0, 0.0, 0.0, 0.0, 0.0, 0.0]","[2, 68, 69, 3, 4, 70, 71, 72]",1.6009308888377323,1.6427270955370465
585,5294.84375,"[0.8125, 1.0, 1.0, 0.796875, 1.0, 0.71875, 0.0, 0.0, 0.0, 0.0, 0.0, 0.0, 0.0, 0.0, 0.0, 0.0, 0.0, 0.0, 0.0, 0.0, 0.0]","[0.5, 0.53125, 0.5625, 0.890625, 0.5625, 0.375, 0.0, 0.0, 0.0, 0.0, 0.0, 0.0, 0.0, 0.0, 0.0, 0.0, 0.0, 0.0, 0.0, 0.0, 0.0]","[68, 3, 70, 71, 72, 5]",1.5998082116888839,1.6626021622246978
586,5453.59375,"[0.75, 1.0, 1.0, 0.796875, 1.0, 0.84375, 0.0, 0.0, 0.0, 0.0, 0.0, 0.0, 0.0, 0.0, 0.0, 0.0, 0.0, 0.0, 0.0, 0.0, 0.0]","[0.53125, 0.53125, 0.5625, 0.890625, 0.5625, 0.4375, 0.0, 0.0, 0.0, 0.0, 0.0, 0.0, 0.0, 0.0, 0.0, 0.0, 0.0, 0.0, 0.0, 0.0, 0.0]","[72, 5, 6, 22, 73, 74, 75, 76, 79, 80]",1.5962148042551327,1.6453571040962505
587,5453.59375,"[0.84375, 0.875, 1.0, 0.796875, 1.0, 0.84375, 0.0, 0.0, 0.0, 0.0, 0.0, 0.0, 0.0, 0.0, 0.0, 0.0, 0.0, 0.0, 0.0, 0.0, 0.0]","[0.546875, 0.46875, 0.5625, 0.890625, 0.5625, 0.4375, 0.0, 0.0, 0.0, 0.0, 0.0, 0.0, 0.0, 0.0, 0.0, 0.0, 0.0, 0.0, 0.0, 0.0, 0.0]","[22, 73, 75, 76, 79, 80, 7, 23, 24, 35, 81, 82, 83, 84, 85]",1.5897422117673836,1.6517840514773345
588,5533.59375,"[1.0, 0.625, 1.0, 0.796875, 1.0, 0.96875, 0.0, 0.0, 0.0, 0.0, 0.0, 0.0, 0.0, 0.0, 0.0, 0.0, 0.0, 0.0, 0.0, 0.0, 0.0]","[0.65625, 0.34375, 0.5625, 0.890625, 0.5625, 0.5, 0.0, 0.0, 0.0, 0.0, 0.0, 0.0, 0.0, 0.0, 0.0, 0.0, 0.0, 0.0, 0.0, 0.0, 0.0]","[76, 79, 80, 23, 24, 35, 81, 82, 83, 84, 85, 8]",1.60854680079069,1.6673953962415176
589,5612.34375,"[0.875, 0.4375, 1.0, 0.796875, 1.0, 0.96875, 0.0, 0.0, 0.0, 0.0, 0.0, 0.0, 0.0, 0.0, 0.0, 0.0, 0.0, 0.0, 0.0, 0.0, 0.0]","[0.5625, 0.21875, 0.5625, 0.890625, 0.5625, 0.5, 0.0, 0.0, 0.0, 0.0, 0.0, 0.0, 0.0, 0.0, 0.0, 0.0, 0.0, 0.0, 0.0, 0.0, 0.0]","[80, 23, 24, 35, 81, 82, 83, 84, 85, 8, 9]",1.6399509301361543,1.7151946216140317
590,5572.96875,"[1.0, 0.9375, 1.0, 0.734375, 1.0, 0.96875, 0.0, 0.0, 0.0, 0.0, 0.0, 0.0, 0.0, 0.0, 0.0, 0.0, 0.0, 0.0, 0.0, 0.0, 0.0]","[0.65625, 0.46875, 0.5625, 0.828125, 0.5625, 0.5, 0.0, 0.0, 0.0, 0.0, 0.0, 0.0, 0.0, 0.0, 0.0, 0.0, 0.0, 0.0, 0.0, 0.0, 0.0]","[24, 81, 82, 83, 84, 8, 9, 10, 25, 36]",1.5923520995152118,1.624712380282679
591,5691.71875,"[1.0, 1.0, 0.0, 0.65625, 0.90625, 0.96875, 0.0, 0.0, 0.0, 0.0, 0.0, 0.0, 0.0, 0.0, 0.0, 0.0, 0.0, 0.0, 0.0, 0.0, 0.0]","[0.65625, 0.53125, 0.0, 0.71875, 0.515625, 0.5, 0.0, 0.0, 0.0, 0.0, 0.0, 0.0, 0.0, 0.0, 0.0, 0.0, 0.0, 0.0, 0.0, 0.0, 0.0]","[82, 83, 8, 9, 10, 25, 36, 11, 37, 38, 39, 40, 41]",1.8127045376411401,1.8147183117031513
592,5295.0,"[1.0, 1.0, 0.96875, 0.65625, 0.78125, 0.96875, 0.0, 0.0, 0.0, 0.0, 0.0, 0.0, 0.0, 0.0, 0.0, 0.0, 0.0, 0.0, 0.0, 0.0, 0.0]","[0.65625, 0.53125, 0.578125, 0.71875, 0.453125, 0.5, 0.0, 0.0, 0.0, 0.0, 0.0, 0.0, 0.0, 0.0, 0.0, 0.0, 0.0, 0.0, 0.0, 0.0, 0.0]","[40, 12]",1.6046090321398787,1.6087955558416576
593,5314.6875,"[1.0, 1.0, 1.0, 0.78125, 0.75, 0.96875, 0.0, 0.0, 0.0, 0.0, 0.0, 0.0, 0.0, 0.0, 0.0, 0.0, 0.0, 0.0, 0.0, 0.0, 0.0]","[0.65625, 0.53125, 0.59375, 0.84375, 0.421875, 0.5, 0.0, 0.0, 0.0, 0.0, 0.0, 0.0, 0.0, 0.0, 0.0, 0.0, 0.0, 0.0, 0.0, 0.0, 0.0]",[13],1.596358362229846,1.6374633632500433
594,5314.6875,"[1.0, 1.0, 1.0, 0.78125, 0.5, 0.96875, 0.0, 0.0, 0.0, 0.0, 0.0, 0.0, 0.0, 0.0, 0.0, 0.0, 0.0, 0.0, 0.0, 0.0, 0.0]","[0.65625, 0.53125, 0.59375, 0.84375, 0.28125, 0.5, 0.0, 0.0, 0.0, 0.0, 0.0, 0.0, 0.0, 0.0, 0.0, 0.0, 0.0, 0.0, 0.0, 0.0, 0.0]","[14, 26, 27]",1.6298006013006623,1.6770682351948405
595,5076.5625,"[1.0, 1.0, 1.0, 0.875, 0.46875, 0.96875, 0.0, 0.0, 0.0, 0.0, 0.0, 0.0, 0.0, 0.0, 0.0, 0.0, 0.0, 0.0, 0.0, 0.0, 0.0]","[0.65625, 0.53125, 0.59375, 0.96875, 0.265625, 0.5, 0.0, 0.0, 0.0, 0.0, 0.0, 0.0, 0.0, 0.0, 0.0, 0.0, 0.0, 0.0, 0.0, 0.0, 0.0]","[26, 15, 28, 29, 30, 42]",1.632095899211028,1.7173968242231765
596,5493.28125,"[1.0, 1.0, 1.0, 0.875, 0.34375, 0.96875, 0.0, 0.0, 0.0, 0.0, 0.0, 0.0, 0.0, 0.0, 0.0, 0.0, 0.0, 0.0, 0.0, 0.0, 0.0]","[0.65625, 0.53125, 0.59375, 0.96875, 0.1875, 0.5, 0.0, 0.0, 0.0, 0.0, 0.0, 0.0, 0.0, 0.0, 0.0, 0.0, 0.0, 0.0, 0.0, 0.0, 0.0]","[28, 16, 31, 32, 33, 34, 43, 44, 45, 46, 47, 48, 49, 50]",1.6622795115822775,1.7515990333274676
597,5552.8125,"[1.0, 1.0, 1.0, 0.890625, 0.84375, 0.9375, 0.0, 0.0, 0.0, 0.0, 0.0, 0.0, 0.0, 0.0, 0.0, 0.0, 0.0, 0.0, 0.0, 0.0, 0.0]","[0.65625, 0.53125, 0.59375, 0.984375, 0.46875, 0.484375, 0.0, 0.0, 0.0, 0.0, 0.0, 0.0, 0.0, 0.0, 0.0, 0.0, 0.0, 0.0, 0.0, 0.0, 0.0]","[16, 31, 43, 44, 48, 49, 17]",1.5857434651519282,1.6671197275128682
598,5632.1875,"[1.0, 1.0, 1.0, 0.890625, 0.9375, 0.625, 0.0, 0.0, 0.0, 0.0, 0.0, 0.0, 0.0, 0.0, 0.0, 0.0, 0.0, 0.0, 0.0, 0.0, 0.0]","[0.65625, 0.53125, 0.59375, 0.984375, 0.515625, 0.3125, 0.0, 0.0, 0.0, 0.0, 0.0, 0.0, 0.0, 0.0, 0.0, 0.0, 0.0, 0.0, 0.0, 0.0, 0.0]","[43, 48, 17, 18]",1.6047789485160815,1.7026722020398537
599,5433.75,"[1.0, 1.0, 1.0, 0.90625, 0.96875, 0.625, 0.0, 0.0, 0.0, 0.0, 0.0, 0.0, 0.0, 0.0, 0.0, 0.0, 0.0, 0.0, 0.0, 0.0, 0.0]","[0.65625, 0.53125, 0.59375, 1.0, 0.546875, 0.3125, 0.0, 0.0, 0.0, 0.0, 0.0, 0.0, 0.0, 0.0, 0.0, 0.0, 0.0, 0.0, 0.0, 0.0, 0.0]","[48, 19, 51, 52]",1.6048295203093064,1.703251747216242
600,5394.0625,"[0.75, 1.0, 1.0, 0.71875, 1.0, 0.4375, 0.0, 0.0, 0.0, 0.0, 0.0, 0.0, 0.0, 0.0, 0.0, 0.0, 0.0, 0.0, 0.0, 0.0, 0.0]","[0.5, 0.53125, 0.59375, 0.75, 0.5625, 0.21875, 0.0, 0.0, 0.0, 0.0, 0.0, 0.0, 0.0, 0.0, 0.0, 0.0, 0.0, 0.0, 0.0, 0.0, 0.0]","[51, 0]",1.650947550504195,1.6789113319245481
601,4720.3125,"[0.8125, 1.0, 1.0, 0.703125, 1.0, 0.4375, 0.0, 0.0, 0.0, 0.0, 0.0, 0.0, 0.0, 0.0, 0.0, 0.0, 0.0, 0.0, 0.0, 0.0, 0.0]","[0.53125, 0.53125, 0.59375, 0.734375, 0.5625, 0.21875, 0.0, 0.0, 0.0, 0.0, 0.0, 0.0, 0.0, 0.0, 0.0, 0.0, 0.0, 0.0, 0.0, 0.0, 0.0]","[0, 1]",1.6492480427664233,1.6733403557920923
602,4898.59375,"[0.78125, 0.9375, 1.0, 0.640625, 1.0, 0.4375, 0.0, 0.0, 0.0, 0.0, 0.0, 0.0, 0.0, 0.0, 0.0, 0.0, 0.0, 0.0, 0.0, 0.0, 0.0]","[0.515625, 0.5, 0.59375, 0.671875, 0.5625, 0.21875, 0.0, 0.0, 0.0, 0.0, 0.0, 0.0, 0.0, 0.0, 0.0, 0.0, 0.0, 0.0, 0.0, 0.0, 0.0]",[2],1.6533888796083624,1.6645637851257566
603,4581.71875,"[0.75, 0.9375, 1.0, 0.640625, 1.0, 0.4375, 0.0, 0.0, 0.0, 0.0, 0.0, 0.0, 0.0, 0.0, 0.0, 0.0, 0.0, 0.0, 0.0, 0.0, 0.0]","[0.5, 0.5, 0.59375, 0.671875, 0.5625, 0.21875, 0.0, 0.0, 0.0, 0.0, 0.0, 0.0, 0.0, 0.0, 0.0, 0.0, 0.0, 0.0, 0.0, 0.0, 0.0]","[3, 20, 21, 53, 54, 55, 56, 57, 58, 59, 60, 61, 62]",1.6548642396603206,1.6654275472644784
604,4699.84375,"[0.90625, 0.9375, 1.0, 0.578125, 1.0, 0.3125, 0.0, 0.0, 0.0, 0.0, 0.0, 0.0, 0.0, 0.0, 0.0, 0.0, 0.0, 0.0, 0.0, 0.0, 0.0]","[0.578125, 0.5, 0.59375, 0.609375, 0.5625, 0.15625, 0.0, 0.0, 0.0, 0.0, 0.0, 0.0, 0.0, 0.0, 0.0, 0.0, 0.0, 0.0, 0.0, 0.0, 0.0]","[21, 54, 55, 56, 57, 58, 59, 60, 61, 62, 4, 63, 64, 65, 66, 67, 68, 69, 70, 71, 72, 77, 78, 86, 87, 88, 89, 90, 91, 92, 93, 94, 95, 96, 97]",1.6945065599704332,1.6874517740022479
605,4937.96875,"[0.9375, 0.9375, 1.0, 0.953125, 1.0, 0.3125, 0.0, 0.0, 0.0, 0.0, 0.0, 0.0, 0.0, 0.0, 0.0, 0.0, 0.0, 0.0, 0.0, 0.0, 0.0]","[0.59375, 0.5, 0.59375, 0.984375, 0.5625, 0.15625, 0.0, 0.0, 0.0, 0.0, 0.0, 0.0, 0.0, 0.0, 0.0, 0.0, 0.0, 0.0, 0.0, 0.0, 0.0]","[58, 59, 60, 62, 4, 63, 64, 65, 66, 67, 68, 69, 70, 71, 72, 77, 78, 86, 87, 88, 89, 90, 91, 92, 93, 94, 95, 96, 97, 5]",1.6690556075116783,1.7712166059519485
606,5811.09375,"[0.65625, 0.5625, 1.0, 0.953125, 1.0, 0.875, 0.0, 0.0, 0.0, 0.0, 0.0, 0.0, 0.0, 0.0, 0.0, 0.0, 0.0, 0.0, 0.0, 0.0, 0.0]","[0.421875, 0.3125, 0.59375, 0.984375, 0.5625, 0.4375, 0.0, 0.0, 0.0, 0.0, 0.0, 0.0, 0.0, 0.0, 0.0, 0.0, 0.0, 0.0, 0.0, 0.0, 0.0]","[59, 60, 4, 63, 64, 67, 68, 69, 72, 77, 78, 88, 89, 90, 91, 92, 93, 94, 95, 96, 97, 5, 6]",1.6263744604759824,1.7402911783797728
607,5416.09375,"[0.90625, 0.0, 0.90625, 0.828125, 1.0, 0.875, 0.0, 0.0, 0.0, 0.0, 0.0, 0.0, 0.0, 0.0, 0.0, 0.0, 0.0, 0.0, 0.0, 0.0, 0.0]","[0.609375, 0.0, 0.546875, 0.859375, 0.5625, 0.4375, 0.0, 0.0, 0.0, 0.0, 0.0, 0.0, 0.0, 0.0, 0.0, 0.0, 0.0, 0.0, 0.0, 0.0, 0.0]","[69, 72, 77, 78, 88, 89, 90, 91, 92, 93, 94, 95, 96, 97, 5, 6, 7]",1.7934026063241768,1.8509959313508844
608,5316.40625,"[1.0, 0.75, 0.84375, 0.828125, 1.0, 0.875, 0.0, 0.0, 0.0, 0.0, 0.0, 0.0, 0.0, 0.0, 0.0, 0.0, 0.0, 0.0, 0.0, 0.0, 0.0]","[0.65625, 0.375, 0.484375, 0.859375, 0.5625, 0.4375, 0.0, 0.0, 0.0, 0.0, 0.0, 0.0, 0.0, 0.0, 0.0, 0.0, 0.0, 0.0, 0.0, 0.0, 0.0]","[72, 78, 88, 89, 90, 93, 94, 95, 5, 6, 7, 8, 22, 23, 24, 35, 73, 74, 75]",1.5928548003554914,1.6684018744939166
609,5434.53125,"[1.0, 1.0, 0.8125, 0.828125, 1.0, 0.875, 0.0, 0.0, 0.0, 0.0, 0.0, 0.0, 0.0, 0.0, 0.0, 0.0, 0.0, 0.0, 0.0, 0.0, 0.0]","[0.65625, 0.5625, 0.46875, 0.859375, 0.5625, 0.4375, 0.0, 0.0, 0.0, 0.0, 0.0, 0.0, 0.0, 0.0, 0.0, 0.0, 0.0, 0.0, 0.0, 0.0, 0.0]","[90, 93, 95, 5, 6, 7, 8, 22, 23, 24, 35, 73, 74, 75, 9, 76]",1.5901110027249945,1.6414406678546312
610,5691.71875,"[1.0, 1.0, 0.5625, 0.953125, 1.0, 0.875, 0.0, 0.0, 0.0, 0.0, 0.0, 0.0, 0.0, 0.0, 0.0, 0.0, 0.0, 0.0, 0.0, 0.0, 0.0]","[0.65625, 0.5625, 0.375, 0.984375, 0.5625, 0.4375, 0.0, 0.0, 0.0, 0.0, 0.0, 0.0, 0.0, 0.0, 0.0, 0.0, 0.0, 0.0, 0.0, 0.0, 0.0]","[5, 6, 7, 8, 23, 24, 35, 73, 74, 75, 9, 76, 10, 25, 36, 79]",1.6144589281706248,1.6965725850254083
611,5691.71875,"[1.0, 1.0, 0.65625, 0.828125, 1.0, 0.875, 0.0, 0.0, 0.0, 0.0, 0.0, 0.0, 0.0, 0.0, 0.0, 0.0, 0.0, 0.0, 0.0, 0.0, 0.0]","[0.65625, 0.5625, 0.421875, 0.859375, 0.5625, 0.4375, 0.0, 0.0, 0.0, 0.0, 0.0, 0.0, 0.0, 0.0, 0.0, 0.0, 0.0, 0.0, 0.0, 0.0, 0.0]","[73, 74, 75, 9, 76, 10, 25, 36, 79, 11]",1.6029365567007077,1.6499627971996391
612,5532.96875,"[1.0, 1.0, 0.96875, 0.828125, 1.0, 0.875, 0.0, 0.0, 0.0, 0.0, 0.0, 0.0, 0.0, 0.0, 0.0, 0.0, 0.0, 0.0, 0.0, 0.0, 0.0]","[0.65625, 0.5625, 0.640625, 0.859375, 0.5625, 0.4375, 0.0, 0.0, 0.0, 0.0, 0.0, 0.0, 0.0, 0.0, 0.0, 0.0, 0.0, 0.0, 0.0, 0.0, 0.0]","[74, 10, 25, 79, 11, 12]",1.5869490264725232,1.6279655627362835
613,5691.71875,"[1.0, 1.0, 1.0, 0.921875, 1.0, 0.875, 0.0, 0.0, 0.0, 0.0, 0.0, 0.0, 0.0, 0.0, 0.0, 0.0, 0.0, 0.0, 0.0, 0.0, 0.0]","[0.65625, 0.5625, 0.65625, 0.953125, 0.5625, 0.4375, 0.0, 0.0, 0.0, 0.0, 0.0, 0.0, 0.0, 0.0, 0.0, 0.0, 0.0, 0.0, 0.0, 0.0, 0.0]","[10, 25, 11, 12, 13]",1.5840711446920122,1.6483935107190753
614,5850.46875,"[1.0, 1.0, 1.0, 0.859375, 0.875, 1.0, 0.0, 0.0, 0.0, 0.0, 0.0, 0.0, 0.0, 0.0, 0.0, 0.0, 0.0, 0.0, 0.0, 0.0, 0.0]","[0.65625, 0.5625, 0.65625, 0.859375, 0.5, 0.5, 0.0, 0.0, 0.0, 0.0, 0.0, 0.0, 0.0, 0.0, 0.0, 0.0, 0.0, 0.0, 0.0, 0.0, 0.0]","[25, 13, 14]",1.5859059693724031,1.6243581013002588
615,5731.40625,"[1.0, 1.0, 1.0, 0.9375, 0.65625, 1.0, 0.0, 0.0, 0.0, 0.0, 0.0, 0.0, 0.0, 0.0, 0.0, 0.0, 0.0, 0.0, 0.0, 0.0, 0.0]","[0.65625, 0.5625, 0.65625, 0.9375, 0.375, 0.5, 0.0, 0.0, 0.0, 0.0, 0.0, 0.0, 0.0, 0.0, 0.0, 0.0, 0.0, 0.0, 0.0, 0.0, 0.0]","[13, 14, 15, 26, 27, 28, 29, 30]",1.6010826211509412,1.6671884656700335
616,5751.25,"[1.0, 1.0, 1.0, 0.9375, 0.296875, 1.0, 0.0, 0.0, 0.0, 0.0, 0.0, 0.0, 0.0, 0.0, 0.0, 0.0, 0.0, 0.0, 0.0, 0.0, 0.0]","[0.65625, 0.5625, 0.65625, 0.96875, 0.1640625, 0.5, 0.0, 0.0, 0.0, 0.0, 0.0, 0.0, 0.0, 0.0, 0.0, 0.0, 0.0, 0.0, 0.0, 0.0, 0.0]","[15, 26, 27, 29, 30, 16]",1.675422164625109,1.7562034546583427
617,5096.40625,"[1.0, 1.0, 1.0, 0.96875, 0.390625, 0.875, 0.0, 0.0, 0.0, 0.0, 0.0, 0.0, 0.0, 0.0, 0.0, 0.0, 0.0, 0.0, 0.0, 0.0, 0.0]","[0.65625, 0.5625, 0.65625, 1.0, 0.2265625, 0.4375, 0.0, 0.0, 0.0, 0.0, 0.0, 0.0, 0.0, 0.0, 0.0, 0.0, 0.0, 0.0, 0.0, 0.0, 0.0]","[26, 16, 17, 31, 32, 33, 34, 37, 38, 39, 40, 41, 42]",1.6499876802769515,1.7487958477879777
618,5691.71875,"[1.0, 1.0, 1.0, 0.96875, 0.953125, 0.875, 0.0, 0.0, 0.0, 0.0, 0.0, 0.0, 0.0, 0.0, 0.0, 0.0, 0.0, 0.0, 0.0, 0.0, 0.0]","[0.65625, 0.5625, 0.65625, 1.0, 0.5234375, 0.4375, 0.0, 0.0, 0.0, 0.0, 0.0, 0.0, 0.0, 0.0, 0.0, 0.0, 0.0, 0.0, 0.0, 0.0, 0.0]","[42, 18]",1.5834931454308239,1.6649915604827483
619,5731.40625,"[0.9375, 1.0, 1.0, 0.96875, 0.9375, 0.875, 0.0, 0.0, 0.0, 0.0, 0.0, 0.0, 0.0, 0.0, 0.0, 0.0, 0.0, 0.0, 0.0, 0.0, 0.0]","[0.625, 0.5625, 0.65625, 1.0, 0.515625, 0.4375, 0.0, 0.0, 0.0, 0.0, 0.0, 0.0, 0.0, 0.0, 0.0, 0.0, 0.0, 0.0, 0.0, 0.0, 0.0]","[18, 19, 43, 44, 45, 46, 47, 48, 49]",1.583417608567312,1.667352396655223
620,5870.3125,"[1.0, 1.0, 1.0, 0.84375, 1.0, 1.0, 0.0, 0.0, 0.0, 0.0, 0.0, 0.0, 0.0, 0.0, 0.0, 0.0, 0.0, 0.0, 0.0, 0.0, 0.0]","[0.6875, 0.5625, 0.65625, 0.875, 0.546875, 0.5, 0.0, 0.0, 0.0, 0.0, 0.0, 0.0, 0.0, 0.0, 0.0, 0.0, 0.0, 0.0, 0.0, 0.0, 0.0]","[43, 44, 46, 47, 48, 49, 0]",1.585090243879946,1.6222936647518162
621,5830.625,"[0.9375, 1.0, 1.0, 0.9375, 1.0, 1.0, 0.0, 0.0, 0.0, 0.0, 0.0, 0.0, 0.0, 0.0, 0.0, 0.0, 0.0, 0.0, 0.0, 0.0, 0.0]","[0.625, 0.5625, 0.65625, 1.0, 0.546875, 0.5, 0.0, 0.0, 0.0, 0.0, 0.0, 0.0, 0.0, 0.0, 0.0, 0.0, 0.0, 0.0, 0.0, 0.0, 0.0]","[46, 49, 0, 1, 50, 51, 52, 80, 81, 82, 83, 84, 85, 98, 99, 100]",1.582140592578731,1.6514962549161094
622,6707.1875,"[0.96875, 1.0, 1.0, 0.9375, 1.0, 1.0, 0.34375, 0.0, 0.0, 0.0, 0.0, 0.0, 0.0, 0.0, 0.0, 0.0, 0.0, 0.0, 0.0, 0.0, 0.0]","[0.640625, 0.5625, 0.65625, 1.0, 0.546875, 0.5, 0.34375, 0.0, 0.0, 0.0, 0.0, 0.0, 0.0, 0.0, 0.0, 0.0, 0.0, 0.0, 0.0, 0.0, 0.0]","[50, 51, 52, 82, 83, 84, 99, 100, 2]",1.4801857991482015,1.5113201022804843
623,6946.25,"[0.5, 1.0, 1.0, 0.5625, 1.0, 0.875, 0.4375, 0.0, 0.0, 0.0, 0.0, 0.0, 0.0, 0.0, 0.0, 0.0, 0.0, 0.0, 0.0, 0.0, 0.0]","[0.34375, 0.5625, 0.65625, 0.625, 0.546875, 0.4375, 0.484375, 0.0, 0.0, 0.0, 0.0, 0.0, 0.0, 0.0, 0.0, 0.0, 0.0, 0.0, 0.0, 0.0, 0.0]","[83, 100, 3]",1.5126114868020168,1.4532302468431109
624,6114.375,"[0.34375, 0.0, 0.8125, 0.5625, 1.0, 0.3125, 0.4375, 0.0, 0.0, 0.0, 0.0, 0.0, 0.0, 0.0, 0.0, 0.0, 0.0, 0.0, 0.0, 0.0, 0.0]","[0.203125, 0.0, 0.53125, 0.625, 0.546875, 0.15625, 0.484375, 0.0, 0.0, 0.0, 0.0, 0.0, 0.0, 0.0, 0.0, 0.0, 0.0, 0.0, 0.0, 0.0, 0.0]",[4],1.777767632468414,1.7659975686274054
625,4592.8125,"[0.59375, 0.0, 0.75, 0.5625, 1.0, 0.3125, 0.4375, 0.0, 0.0, 0.0, 0.0, 0.0, 0.0, 0.0, 0.0, 0.0, 0.0, 0.0, 0.0, 0.0, 0.0]","[0.328125, 0.0, 0.46875, 0.625, 0.546875, 0.15625, 0.484375, 0.0, 0.0, 0.0, 0.0, 0.0, 0.0, 0.0, 0.0, 0.0, 0.0, 0.0, 0.0, 0.0, 0.0]","[5, 20, 21, 53, 54, 55]",1.7203070940730427,1.713433058280302
626,4770.0,"[0.9375, 0.0, 0.71875, 0.5625, 1.0, 0.3125, 0.4375, 0.0, 0.0, 0.0, 0.0, 0.0, 0.0, 0.0, 0.0, 0.0, 0.0, 0.0, 0.0, 0.0, 0.0]","[0.5625, 0.0, 0.453125, 0.625, 0.546875, 0.15625, 0.484375, 0.0, 0.0, 0.0, 0.0, 0.0, 0.0, 0.0, 0.0, 0.0, 0.0, 0.0, 0.0, 0.0, 0.0]","[54, 6]",1.7323550450493699,1.6913839261039285
627,4927.5,"[0.96875, 0.25, 0.65625, 0.5625, 1.0, 0.3125, 0.4375, 0.0, 0.0, 0.0, 0.0, 0.0, 0.0, 0.0, 0.0, 0.0, 0.0, 0.0, 0.0, 0.0, 0.0]","[0.578125, 0.125, 0.421875, 0.625, 0.546875, 0.15625, 0.484375, 0.0, 0.0, 0.0, 0.0, 0.0, 0.0, 0.0, 0.0, 0.0, 0.0, 0.0, 0.0, 0.0, 0.0]","[7, 56, 57, 58, 59, 60]",1.6239533017086853,1.6104288910779794
628,5262.1875,"[1.0, 0.8125, 0.1875, 0.3125, 1.0, 0.3125, 0.4375, 0.0, 0.0, 0.0, 0.0, 0.0, 0.0, 0.0, 0.0, 0.0, 0.0, 0.0, 0.0, 0.0, 0.0]","[0.59375, 0.4375, 0.125, 0.375, 0.546875, 0.15625, 0.484375, 0.0, 0.0, 0.0, 0.0, 0.0, 0.0, 0.0, 0.0, 0.0, 0.0, 0.0, 0.0, 0.0, 0.0]",[8],1.7092854661330643,1.60465286602799
629,4728.125,"[1.0, 0.9375, 0.09375, 0.3125, 1.0, 0.3125, 0.4375, 0.0, 0.0, 0.0, 0.0, 0.0, 0.0, 0.0, 0.0, 0.0, 0.0, 0.0, 0.0, 0.0, 0.0]","[0.59375, 0.5, 0.078125, 0.375, 0.546875, 0.15625, 0.484375, 0.0, 0.0, 0.0, 0.0, 0.0, 0.0, 0.0, 0.0, 0.0, 0.0, 0.0, 0.0, 0.0, 0.0]",[9],1.7615568599808944,1.6346253393362038
630,4826.5625,"[1.0, 0.9375, 0.25, 0.1875, 1.0, 0.25, 0.4375, 0.0, 0.0, 0.0, 0.0, 0.0, 0.0, 0.0, 0.0, 0.0, 0.0, 0.0, 0.0, 0.0, 0.0]","[0.59375, 0.5, 0.125, 0.25, 0.546875, 0.125, 0.484375, 0.0, 0.0, 0.0, 0.0, 0.0, 0.0, 0.0, 0.0, 0.0, 0.0, 0.0, 0.0, 0.0, 0.0]","[10, 22]",1.76367019149803,1.6578636568674472
631,4568.75,"[1.0, 1.0, 0.25, 0.15625, 1.0, 0.25, 0.4375, 0.0, 0.0, 0.0, 0.0, 0.0, 0.0, 0.0, 0.0, 0.0, 0.0, 0.0, 0.0, 0.0, 0.0]","[0.59375, 0.5625, 0.125, 0.21875, 0.546875, 0.125, 0.484375, 0.0, 0.0, 0.0, 0.0, 0.0, 0.0, 0.0, 0.0, 0.0, 0.0, 0.0, 0.0, 0.0, 0.0]","[22, 11]",1.7850194690765215,1.677760081994313
632,4588.125,"[1.0, 1.0, 0.34375, 0.15625, 1.0, 0.1875, 0.4375, 0.0, 0.0, 0.0, 0.0, 0.0, 0.0, 0.0, 0.0, 0.0, 0.0, 0.0, 0.0, 0.0, 0.0]","[0.59375, 0.5625, 0.171875, 0.21875, 0.546875, 0.09375, 0.484375, 0.0, 0.0, 0.0, 0.0, 0.0, 0.0, 0.0, 0.0, 0.0, 0.0, 0.0, 0.0, 0.0, 0.0]","[12, 23, 24, 25]",1.7770925274840557,1.670693811148049
633,4804.0625,"[1.0, 1.0, 0.8125, 0.15625, 0.875, 0.1875, 0.4375, 0.0, 0.0, 0.0, 0.0, 0.0, 0.0, 0.0, 0.0, 0.0, 0.0, 0.0, 0.0, 0.0, 0.0]","[0.59375, 0.5625, 0.4375, 0.21875, 0.484375, 0.09375, 0.484375, 0.0, 0.0, 0.0, 0.0, 0.0, 0.0, 0.0, 0.0, 0.0, 0.0, 0.0, 0.0, 0.0, 0.0]","[13, 35, 36, 61, 62, 63, 64, 65, 66]",1.6930588404062061,1.5880542659515149
634,5080.9375,"[1.0, 1.0, 1.0, 0.375, 0.875, 0.1875, 0.4375, 0.0, 0.0, 0.0, 0.0, 0.0, 0.0, 0.0, 0.0, 0.0, 0.0, 0.0, 0.0, 0.0, 0.0]","[0.59375, 0.5625, 0.53125, 0.40625, 0.484375, 0.09375, 0.484375, 0.0, 0.0, 0.0, 0.0, 0.0, 0.0, 0.0, 0.0, 0.0, 0.0, 0.0, 0.0, 0.0, 0.0]","[61, 62, 63, 64, 66, 14]",1.6284574809488834,1.5364569409453936
635,5279.375,"[1.0, 1.0, 1.0, 0.53125, 0.625, 0.1875, 0.4375, 0.0, 0.0, 0.0, 0.0, 0.0, 0.0, 0.0, 0.0, 0.0, 0.0, 0.0, 0.0, 0.0, 0.0]","[0.59375, 0.5625, 0.53125, 0.625, 0.34375, 0.09375, 0.484375, 0.0, 0.0, 0.0, 0.0, 0.0, 0.0, 0.0, 0.0, 0.0, 0.0, 0.0, 0.0, 0.0, 0.0]","[15, 26, 27, 28, 29, 30, 67]",1.6068863724351279,1.5554355281205345
636,5299.21875,"[1.0, 1.0, 1.0, 0.828125, 0.59375, 0.1875, 0.4375, 0.0, 0.0, 0.0, 0.0, 0.0, 0.0, 0.0, 0.0, 0.0, 0.0, 0.0, 0.0, 0.0, 0.0]","[0.59375, 0.5625, 0.53125, 0.953125, 0.328125, 0.09375, 0.484375, 0.0, 0.0, 0.0, 0.0, 0.0, 0.0, 0.0, 0.0, 0.0, 0.0, 0.0, 0.0, 0.0, 0.0]","[67, 16, 68, 69, 70, 71, 72, 73, 74, 75, 76, 77, 78, 79, 86]",1.5862757149463826,1.6401987961998756
637,5835.0,"[1.0, 1.0, 1.0, 0.875, 0.46875, 0.125, 0.4375, 0.0, 0.0, 0.0, 0.0, 0.0, 0.0, 0.0, 0.0, 0.0, 0.0, 0.0, 0.0, 0.0, 0.0]","[0.59375, 0.5625, 0.53125, 1.0, 0.25, 0.0625, 0.484375, 0.0, 0.0, 0.0, 0.0, 0.0, 0.0, 0.0, 0.0, 0.0, 0.0, 0.0, 0.0, 0.0, 0.0]","[73, 74, 75, 76, 77, 78, 79, 86, 17]",1.6301751106289315,1.7016504426943393
638,5596.875,"[1.0, 1.0, 1.0, 0.875, 0.875, 0.0, 0.4375, 0.0, 0.0, 0.0, 0.0, 0.0, 0.0, 0.0, 0.0, 0.0, 0.0, 0.0, 0.0, 0.0, 0.0]","[0.59375, 0.5625, 0.53125, 1.0, 0.484375, 0.0, 0.484375, 0.0, 0.0, 0.0, 0.0, 0.0, 0.0, 0.0, 0.0, 0.0, 0.0, 0.0, 0.0, 0.0, 0.0]","[18, 31, 32, 33, 34, 37, 38, 39, 40, 41, 42, 87, 88, 89]",1.6387313865946314,1.6739813189099841
639,5596.875,"[0.875, 1.0, 1.0, 0.78125, 0.9375, 0.0, 0.375, 0.0, 0.0, 0.0, 0.0, 0.0, 0.0, 0.0, 0.0, 0.0, 0.0, 0.0, 0.0, 0.0, 0.0]","[0.5, 0.5625, 0.53125, 0.875, 0.515625, 0.0, 0.421875, 0.0, 0.0, 0.0, 0.0, 0.0, 0.0, 0.0, 0.0, 0.0, 0.0, 0.0, 0.0, 0.0, 0.0]","[31, 32, 33, 34, 37, 38, 39, 40, 41, 42, 87, 88, 89, 19]",1.6549367696089845,1.650777159461409
640,5397.8125,"[1.0, 1.0, 1.0, 0.90625, 0.9375, 0.0, 0.34375, 0.0, 0.0, 0.0, 0.0, 0.0, 0.0, 0.0, 0.0, 0.0, 0.0, 0.0, 0.0, 0.0, 0.0]","[0.59375, 0.5625, 0.53125, 1.0, 0.515625, 0.0, 0.390625, 0.0, 0.0, 0.0, 0.0, 0.0, 0.0, 0.0, 0.0, 0.0, 0.0, 0.0, 0.0, 0.0, 0.0]","[33, 34, 38, 40, 41, 42, 87, 88, 89, 19, 0, 43, 44, 45, 46, 47, 48, 49, 90, 91, 92, 93, 94]",1.6613623435891949,1.6890954615594909
641,6032.5,"[0.90625, 1.0, 1.0, 0.90625, 1.0, 0.5, 0.015625, 0.0, 0.0, 0.0, 0.0, 0.0, 0.0, 0.0, 0.0, 0.0, 0.0, 0.0, 0.0, 0.0, 0.0]","[0.546875, 0.5625, 0.53125, 1.0, 0.5625, 0.25, 0.015625, 0.0, 0.0, 0.0, 0.0, 0.0, 0.0, 0.0, 0.0, 0.0, 0.0, 0.0, 0.0, 0.0, 0.0]","[34, 40, 41, 87, 88, 89, 19, 43, 44, 45, 46, 48, 49, 90, 91, 93, 94, 1]",1.6184389141641975,1.7244782331267274
642,5592.65625,"[1.0, 1.0, 1.0, 0.90625, 1.0, 0.8125, 0.0, 0.0, 0.0, 0.0, 0.0, 0.0, 0.0, 0.0, 0.0, 0.0, 0.0, 0.0, 0.0, 0.0, 0.0]","[0.59375, 0.5625, 0.53125, 1.0, 0.5625, 0.40625, 0.0, 0.0, 0.0, 0.0, 0.0, 0.0, 0.0, 0.0, 0.0, 0.0, 0.0, 0.0, 0.0, 0.0, 0.0]","[87, 89, 43, 44, 45, 48, 49, 90, 93, 94, 1, 2]",1.5873729097587155,1.6796992102082002
643,5790.9375,"[0.875, 1.0, 1.0, 0.90625, 1.0, 1.0, 0.0, 0.0, 0.0, 0.0, 0.0, 0.0, 0.0, 0.0, 0.0, 0.0, 0.0, 0.0, 0.0, 0.0, 0.0]","[0.53125, 0.5625, 0.53125, 1.0, 0.5625, 0.546875, 0.0, 0.0, 0.0, 0.0, 0.0, 0.0, 0.0, 0.0, 0.0, 0.0, 0.0, 0.0, 0.0, 0.0, 0.0]","[90, 93, 94, 1, 2, 3]",1.5844016874156197,1.6610615176604042
644,5950.3125,"[0.75, 1.0, 1.0, 0.90625, 1.0, 1.0, 0.0625, 0.0, 0.0, 0.0, 0.0, 0.0, 0.0, 0.0, 0.0, 0.0, 0.0, 0.0, 0.0, 0.0, 0.0]","[0.5, 0.5625, 0.53125, 1.0, 0.5625, 0.546875, 0.0625, 0.0, 0.0, 0.0, 0.0, 0.0, 0.0, 0.0, 0.0, 0.0, 0.0, 0.0, 0.0, 0.0, 0.0]","[94, 1, 2, 4]",1.5682964908985442,1.6294326328663742
645,5930.625,"[0.625, 0.75, 1.0, 0.90625, 1.0, 1.0, 0.0625, 0.0, 0.0, 0.0, 0.0, 0.0, 0.0, 0.0, 0.0, 0.0, 0.0, 0.0, 0.0, 0.0, 0.0]","[0.375, 0.4375, 0.53125, 1.0, 0.5625, 0.546875, 0.0625, 0.0, 0.0, 0.0, 0.0, 0.0, 0.0, 0.0, 0.0, 0.0, 0.0, 0.0, 0.0, 0.0, 0.0]","[4, 5]",1.5855611968694743,1.6718674411390217
646,5615.625,"[0.6875, 0.75, 1.0, 0.90625, 1.0, 1.0, 0.0625, 0.0, 0.0, 0.0, 0.0, 0.0, 0.0, 0.0, 0.0, 0.0, 0.0, 0.0, 0.0, 0.0, 0.0]","[0.4375, 0.4375, 0.53125, 1.0, 0.5625, 0.546875, 0.0625, 0.0, 0.0, 0.0, 0.0, 0.0, 0.0, 0.0, 0.0, 0.0, 0.0, 0.0, 0.0, 0.0, 0.0]","[6, 20, 21, 50, 51, 52, 53, 54, 55, 80]",1.5786591747438734,1.657410910596733
647,5792.8125,"[0.96875, 0.1875, 1.0, 0.90625, 1.0, 1.0, 0.0625, 0.0, 0.0, 0.0, 0.0, 0.0, 0.0, 0.0, 0.0, 0.0, 0.0, 0.0, 0.0, 0.0, 0.0]","[0.609375, 0.125, 0.53125, 1.0, 0.5625, 0.546875, 0.0625, 0.0, 0.0, 0.0, 0.0, 0.0, 0.0, 0.0, 0.0, 0.0, 0.0, 0.0, 0.0, 0.0, 0.0]","[21, 52, 53, 54, 55, 7]",1.6842739394626056,1.7513513082641867
648,5930.625,"[0.96875, 0.875, 1.0, 0.90625, 1.0, 1.0, 0.0625, 0.0, 0.0, 0.0, 0.0, 0.0, 0.0, 0.0, 0.0, 0.0, 0.0, 0.0, 0.0, 0.0, 0.0]","[0.609375, 0.5, 0.53125, 1.0, 0.5625, 0.546875, 0.0625, 0.0, 0.0, 0.0, 0.0, 0.0, 0.0, 0.0, 0.0, 0.0, 0.0, 0.0, 0.0, 0.0, 0.0]",[8],1.561048146151439,1.6263728618730517
649,5930.625,"[0.96875, 1.0, 0.75, 0.90625, 1.0, 1.0, 0.0625, 0.0, 0.0, 0.0, 0.0, 0.0, 0.0, 0.0, 0.0, 0.0, 0.0, 0.0, 0.0, 0.0, 0.0]","[0.609375, 0.5625, 0.40625, 1.0, 0.5625, 0.546875, 0.0625, 0.0, 0.0, 0.0, 0.0, 0.0, 0.0, 0.0, 0.0, 0.0, 0.0, 0.0, 0.0, 0.0, 0.0]","[9, 56, 57, 58, 59]",1.567716356079501,1.6406617059385926
650,5950.3125,"[1.0, 0.9375, 0.96875, 0.90625, 1.0, 1.0, 0.0625, 0.0, 0.0, 0.0, 0.0, 0.0, 0.0, 0.0, 0.0, 0.0, 0.0, 0.0, 0.0, 0.0, 0.0]","[0.625, 0.5, 0.515625, 1.0, 0.5625, 0.546875, 0.0625, 0.0, 0.0, 0.0, 0.0, 0.0, 0.0, 0.0, 0.0, 0.0, 0.0, 0.0, 0.0, 0.0, 0.0]","[56, 58, 59, 10, 22, 60, 81, 82]",1.5598262546743435,1.6276736217600243
651,6249.375,"[1.0, 1.0, 0.90625, 0.90625, 1.0, 1.0, 0.1875, 0.0, 0.0, 0.0, 0.0, 0.0, 0.0, 0.0, 0.0, 0.0, 0.0, 0.0, 0.0, 0.0, 0.0]","[0.625, 0.5625, 0.484375, 1.0, 0.5625, 0.546875, 0.1875, 0.0, 0.0, 0.0, 0.0, 0.0, 0.0, 0.0, 0.0, 0.0, 0.0, 0.0, 0.0, 0.0, 0.0]","[58, 22, 60, 81, 11]",1.520530078212858,1.5672159750116845
652,6428.4375,"[1.0, 1.0, 0.53125, 0.90625, 1.0, 1.0, 0.25, 0.0, 0.0, 0.0, 0.0, 0.0, 0.0, 0.0, 0.0, 0.0, 0.0, 0.0, 0.0, 0.0, 0.0]","[0.625, 0.5625, 0.265625, 1.0, 0.5625, 0.546875, 0.25, 0.0, 0.0, 0.0, 0.0, 0.0, 0.0, 0.0, 0.0, 0.0, 0.0, 0.0, 0.0, 0.0, 0.0]","[22, 81, 12, 23, 24, 25, 83, 84, 85, 95, 96, 97]",1.5341973872329442,1.596162843729707
653,6428.4375,"[1.0, 1.0, 0.8125, 0.484375, 1.0, 1.0, 0.25, 0.0, 0.0, 0.0, 0.0, 0.0, 0.0, 0.0, 0.0, 0.0, 0.0, 0.0, 0.0, 0.0, 0.0]","[0.625, 0.5625, 0.5, 0.515625, 0.5625, 0.546875, 0.25, 0.0, 0.0, 0.0, 0.0, 0.0, 0.0, 0.0, 0.0, 0.0, 0.0, 0.0, 0.0, 0.0, 0.0]","[83, 85, 95, 96, 97, 13, 35, 36, 61, 62, 63]",1.5438572920534275,1.464689025954525
654,6368.90625,"[1.0, 1.0, 1.0, 0.84375, 1.0, 1.0, 0.25, 0.0, 0.0, 0.0, 0.0, 0.0, 0.0, 0.0, 0.0, 0.0, 0.0, 0.0, 0.0, 0.0, 0.0]","[0.625, 0.5625, 0.625, 0.875, 0.5625, 0.546875, 0.25, 0.0, 0.0, 0.0, 0.0, 0.0, 0.0, 0.0, 0.0, 0.0, 0.0, 0.0, 0.0, 0.0, 0.0]","[96, 36, 61, 63, 14]",1.5051784379858473,1.5028582458873345
655,6487.96875,"[1.0, 1.0, 1.0, 0.65625, 0.9375, 1.0, 0.25, 0.0, 0.0, 0.0, 0.0, 0.0, 0.0, 0.0, 0.0, 0.0, 0.0, 0.0, 0.0, 0.0, 0.0]","[0.625, 0.5625, 0.625, 0.65625, 0.53125, 0.546875, 0.25, 0.0, 0.0, 0.0, 0.0, 0.0, 0.0, 0.0, 0.0, 0.0, 0.0, 0.0, 0.0, 0.0, 0.0]","[61, 63, 15]",1.5177371248519456,1.471088372893923
656,6190.3125,"[1.0, 1.0, 1.0, 0.734375, 0.25, 1.0, 0.25, 0.0, 0.0, 0.0, 0.0, 0.0, 0.0, 0.0, 0.0, 0.0, 0.0, 0.0, 0.0, 0.0, 0.0]","[0.625, 0.5625, 0.625, 0.765625, 0.140625, 0.546875, 0.25, 0.0, 0.0, 0.0, 0.0, 0.0, 0.0, 0.0, 0.0, 0.0, 0.0, 0.0, 0.0, 0.0, 0.0]",[16],1.6046823888760915,1.583956602473224
657,5337.03125,"[1.0, 1.0, 1.0, 0.796875, 0.1875, 1.0, 0.25, 0.0, 0.0, 0.0, 0.0, 0.0, 0.0, 0.0, 0.0, 0.0, 0.0, 0.0, 0.0, 0.0, 0.0]","[0.625, 0.5625, 0.625, 0.828125, 0.109375, 0.546875, 0.25, 0.0, 0.0, 0.0, 0.0, 0.0, 0.0, 0.0, 0.0, 0.0, 0.0, 0.0, 0.0, 0.0, 0.0]",[17],1.6209257576685825,1.6126356812255327
658,5416.40625,"[0.78125, 1.0, 1.0, 0.796875, 0.0, 0.6875, 0.25, 0.0, 0.0, 0.0, 0.0, 0.0, 0.0, 0.0, 0.0, 0.0, 0.0, 0.0, 0.0, 0.0, 0.0]","[0.484375, 0.5625, 0.625, 0.828125, 0.0, 0.375, 0.25, 0.0, 0.0, 0.0, 0.0, 0.0, 0.0, 0.0, 0.0, 0.0, 0.0, 0.0, 0.0, 0.0, 0.0]","[18, 26, 27, 28]",1.7010149753065429,1.71360730624026
659,4583.28125,"[0.9375, 1.0, 1.0, 0.796875, 0.0, 0.625, 0.25, 0.0, 0.0, 0.0, 0.0, 0.0, 0.0, 0.0, 0.0, 0.0, 0.0, 0.0, 0.0, 0.0, 0.0]","[0.59375, 0.5625, 0.625, 0.828125, 0.0, 0.34375, 0.25, 0.0, 0.0, 0.0, 0.0, 0.0, 0.0, 0.0, 0.0, 0.0, 0.0, 0.0, 0.0, 0.0, 0.0]","[28, 19, 29, 30, 31, 32, 33, 34, 37, 38, 39, 40, 41]",1.7091066896275764,1.7152706725387061
660,4702.03125,"[0.84375, 1.0, 1.0, 0.921875, 0.0, 0.0, 0.25, 0.0, 0.0, 0.0, 0.0, 0.0, 0.0, 0.0, 0.0, 0.0, 0.0, 0.0, 0.0, 0.0, 0.0]","[0.546875, 0.5625, 0.625, 0.953125, 0.0, 0.0, 0.25, 0.0, 0.0, 0.0, 0.0, 0.0, 0.0, 0.0, 0.0, 0.0, 0.0, 0.0, 0.0, 0.0, 0.0]","[19, 30, 31, 33, 34, 37, 38, 39, 40, 41, 0, 42, 43, 44, 45, 46, 47, 48, 49, 64, 65, 66]",1.9287055034595697,1.9523088210912787
661,4702.03125,"[0.9375, 1.0, 1.0, 0.921875, 0.625, 0.0, 0.25, 0.0, 0.0, 0.0, 0.0, 0.0, 0.0, 0.0, 0.0, 0.0, 0.0, 0.0, 0.0, 0.0, 0.0]","[0.625, 0.5625, 0.625, 0.953125, 0.3125, 0.0, 0.25, 0.0, 0.0, 0.0, 0.0, 0.0, 0.0, 0.0, 0.0, 0.0, 0.0, 0.0, 0.0, 0.0, 0.0]","[37, 38, 39, 41, 0, 42, 43, 45, 46, 47, 48, 64, 65, 66, 1]",1.7082197088590803,1.7626841686502912
662,5019.53125,"[0.875, 1.0, 1.0, 0.921875, 0.875, 0.0, 0.25, 0.0, 0.0, 0.0, 0.0, 0.0, 0.0, 0.0, 0.0, 0.0, 0.0, 0.0, 0.0, 0.0, 0.0]","[0.59375, 0.5625, 0.625, 0.953125, 0.4375, 0.0, 0.25, 0.0, 0.0, 0.0, 0.0, 0.0, 0.0, 0.0, 0.0, 0.0, 0.0, 0.0, 0.0, 0.0, 0.0]","[38, 41, 42, 45, 46, 47, 64, 65, 66, 2]",1.6888053446337419,1.727693622077439
663,5178.28125,"[1.0, 1.0, 1.0, 0.921875, 1.0, 0.0, 0.1875, 0.0, 0.0, 0.0, 0.0, 0.0, 0.0, 0.0, 0.0, 0.0, 0.0, 0.0, 0.0, 0.0, 0.0]","[0.6875, 0.5625, 0.625, 0.953125, 0.5, 0.0, 0.1875, 0.0, 0.0, 0.0, 0.0, 0.0, 0.0, 0.0, 0.0, 0.0, 0.0, 0.0, 0.0, 0.0, 0.0]","[42, 45, 46, 47, 64, 65, 66, 3]",1.7116096215443346,1.7413830178380676
664,5197.5,"[0.9375, 1.0, 1.0, 0.96875, 1.0, 0.09375, 0.1875, 0.0, 0.0, 0.0, 0.0, 0.0, 0.0, 0.0, 0.0, 0.0, 0.0, 0.0, 0.0, 0.0, 0.0]","[0.625, 0.5625, 0.625, 1.0, 0.5, 0.09375, 0.1875, 0.0, 0.0, 0.0, 0.0, 0.0, 0.0, 0.0, 0.0, 0.0, 0.0, 0.0, 0.0, 0.0, 0.0]","[47, 65, 66, 4]",1.6714235112402092,1.6996385693848686
665,5197.5,"[0.96875, 1.0, 1.0, 0.96875, 1.0, 0.09375, 0.1875, 0.0, 0.0, 0.0, 0.0, 0.0, 0.0, 0.0, 0.0, 0.0, 0.0, 0.0, 0.0, 0.0, 0.0]","[0.640625, 0.5625, 0.625, 1.0, 0.5, 0.09375, 0.1875, 0.0, 0.0, 0.0, 0.0, 0.0, 0.0, 0.0, 0.0, 0.0, 0.0, 0.0, 0.0, 0.0, 0.0]","[65, 66, 4, 5]",1.6716134888808898,1.6991328204698408
666,5276.875,"[0.6875, 0.25, 1.0, 0.96875, 1.0, 0.15625, 0.1875, 0.0, 0.0, 0.0, 0.0, 0.0, 0.0, 0.0, 0.0, 0.0, 0.0, 0.0, 0.0, 0.0, 0.0]","[0.46875, 0.15625, 0.625, 1.0, 0.5, 0.125, 0.1875, 0.0, 0.0, 0.0, 0.0, 0.0, 0.0, 0.0, 0.0, 0.0, 0.0, 0.0, 0.0, 0.0, 0.0]","[4, 6]",1.7628973575978852,1.82587492506538
667,4705.9375,"[0.84375, 0.1875, 1.0, 0.96875, 1.0, 0.15625, 0.1875, 0.0, 0.0, 0.0, 0.0, 0.0, 0.0, 0.0, 0.0, 0.0, 0.0, 0.0, 0.0, 0.0, 0.0]","[0.546875, 0.125, 0.625, 1.0, 0.5, 0.125, 0.1875, 0.0, 0.0, 0.0, 0.0, 0.0, 0.0, 0.0, 0.0, 0.0, 0.0, 0.0, 0.0, 0.0, 0.0]",[7],1.7799613794384206,1.8323181942282505
668,4824.0625,"[0.84375, 0.3125, 1.0, 0.96875, 1.0, 0.15625, 0.1875, 0.0, 0.0, 0.0, 0.0, 0.0, 0.0, 0.0, 0.0, 0.0, 0.0, 0.0, 0.0, 0.0, 0.0]","[0.546875, 0.1875, 0.625, 1.0, 0.5, 0.125, 0.1875, 0.0, 0.0, 0.0, 0.0, 0.0, 0.0, 0.0, 0.0, 0.0, 0.0, 0.0, 0.0, 0.0, 0.0]","[8, 20, 21, 50, 51, 52]",1.733222108728351,1.796699690397868
669,5001.25,"[0.96875, 0.5, 0.6875, 0.96875, 1.0, 0.15625, 0.15625, 0.0, 0.0, 0.0, 0.0, 0.0, 0.0, 0.0, 0.0, 0.0, 0.0, 0.0, 0.0, 0.0, 0.0]","[0.640625, 0.25, 0.46875, 1.0, 0.5, 0.125, 0.15625, 0.0, 0.0, 0.0, 0.0, 0.0, 0.0, 0.0, 0.0, 0.0, 0.0, 0.0, 0.0, 0.0, 0.0]","[50, 52, 9, 53, 54, 55, 56, 57, 58, 59, 67]",1.7002631160373947,1.7947722406635715
670,5000.3125,"[1.0, 1.0, 0.53125, 0.96875, 1.0, 0.15625, 0.0625, 0.0, 0.0, 0.0, 0.0, 0.0, 0.0, 0.0, 0.0, 0.0, 0.0, 0.0, 0.0, 0.0, 0.0]","[0.65625, 0.5625, 0.359375, 1.0, 0.5, 0.125, 0.0625, 0.0, 0.0, 0.0, 0.0, 0.0, 0.0, 0.0, 0.0, 0.0, 0.0, 0.0, 0.0, 0.0, 0.0]","[55, 57, 59, 67, 10]",1.7341638446712306,1.7959354204002715
671,4958.125,"[1.0, 1.0, 1.0, 0.96875, 1.0, 0.15625, 0.0, 0.0, 0.0, 0.0, 0.0, 0.0, 0.0, 0.0, 0.0, 0.0, 0.0, 0.0, 0.0, 0.0, 0.0]","[0.65625, 0.5625, 0.625, 1.0, 0.5, 0.125, 0.0, 0.0, 0.0, 0.0, 0.0, 0.0, 0.0, 0.0, 0.0, 0.0, 0.0, 0.0, 0.0, 0.0, 0.0]","[67, 11]",1.7227741072549814,1.7873292638035667
672,4977.34375,"[1.0, 1.0, 0.5625, 0.65625, 1.0, 0.296875, 0.0, 0.0, 0.0, 0.0, 0.0, 0.0, 0.0, 0.0, 0.0, 0.0, 0.0, 0.0, 0.0, 0.0, 0.0]","[0.65625, 0.5625, 0.34375, 0.6875, 0.5, 0.1953125, 0.0, 0.0, 0.0, 0.0, 0.0, 0.0, 0.0, 0.0, 0.0, 0.0, 0.0, 0.0, 0.0, 0.0, 0.0]",[12],1.7174903525068579,1.7135606996876143
673,4344.21875,"[1.0, 1.0, 0.53125, 0.40625, 1.0, 0.296875, 0.0, 0.0, 0.0, 0.0, 0.0, 0.0, 0.0, 0.0, 0.0, 0.0, 0.0, 0.0, 0.0, 0.0, 0.0]","[0.65625, 0.5625, 0.296875, 0.40625, 0.5, 0.1953125, 0.0, 0.0, 0.0, 0.0, 0.0, 0.0, 0.0, 0.0, 0.0, 0.0, 0.0, 0.0, 0.0, 0.0, 0.0]",[13],1.7722168153853914,1.717557052230764
674,4046.40625,"[1.0, 1.0, 0.65625, 0.390625, 1.0, 0.296875, 0.0, 0.0, 0.0, 0.0, 0.0, 0.0, 0.0, 0.0, 0.0, 0.0, 0.0, 0.0, 0.0, 0.0, 0.0]","[0.65625, 0.5625, 0.359375, 0.390625, 0.5, 0.1953125, 0.0, 0.0, 0.0, 0.0, 0.0, 0.0, 0.0, 0.0, 0.0, 0.0, 0.0, 0.0, 0.0, 0.0, 0.0]",[14],1.7567588173574744,1.701981643288454
675,4184.0625,"[1.0, 1.0, 0.90625, 0.359375, 1.0, 0.296875, 0.0, 0.0, 0.0, 0.0, 0.0, 0.0, 0.0, 0.0, 0.0, 0.0, 0.0, 0.0, 0.0, 0.0, 0.0]","[0.65625, 0.5625, 0.484375, 0.359375, 0.5, 0.1953125, 0.0, 0.0, 0.0, 0.0, 0.0, 0.0, 0.0, 0.0, 0.0, 0.0, 0.0, 0.0, 0.0, 0.0, 0.0]","[15, 22, 23, 24, 25, 35, 36, 60, 61, 62, 63, 68]",1.7533377011828586,1.6919843002844013
676,4679.6875,"[1.0, 1.0, 1.0, 0.671875, 1.0, 0.296875, 0.0, 0.0, 0.0, 0.0, 0.0, 0.0, 0.0, 0.0, 0.0, 0.0, 0.0, 0.0, 0.0, 0.0, 0.0]","[0.65625, 0.5625, 0.5625, 0.671875, 0.5, 0.1953125, 0.0, 0.0, 0.0, 0.0, 0.0, 0.0, 0.0, 0.0, 0.0, 0.0, 0.0, 0.0, 0.0, 0.0, 0.0]","[23, 35, 36, 60, 63, 68, 16]",1.6915491582114253,1.6792096983892173
677,4838.4375,"[1.0, 1.0, 1.0, 0.734375, 1.0, 0.296875, 0.0, 0.0, 0.0, 0.0, 0.0, 0.0, 0.0, 0.0, 0.0, 0.0, 0.0, 0.0, 0.0, 0.0, 0.0]","[0.65625, 0.5625, 0.5625, 0.796875, 0.5, 0.1953125, 0.0, 0.0, 0.0, 0.0, 0.0, 0.0, 0.0, 0.0, 0.0, 0.0, 0.0, 0.0, 0.0, 0.0, 0.0]",[17],1.6849078294478927,1.7009993755450032
678,4759.0625,"[0.84375, 1.0, 1.0, 0.734375, 1.0, 0.296875, 0.0, 0.0, 0.0, 0.0, 0.0, 0.0, 0.0, 0.0, 0.0, 0.0, 0.0, 0.0, 0.0, 0.0, 0.0]","[0.546875, 0.5625, 0.5625, 0.796875, 0.5, 0.1953125, 0.0, 0.0, 0.0, 0.0, 0.0, 0.0, 0.0, 0.0, 0.0, 0.0, 0.0, 0.0, 0.0, 0.0, 0.0]",[18],1.6835620462899745,1.7003509683703126
679,4740.0,"[0.46875, 1.0, 1.0, 0.796875, 0.5625, 0.296875, 0.0, 0.0, 0.0, 0.0, 0.0, 0.0, 0.0, 0.0, 0.0, 0.0, 0.0, 0.0, 0.0, 0.0, 0.0]","[0.265625, 0.5625, 0.5625, 0.859375, 0.28125, 0.1953125, 0.0, 0.0, 0.0, 0.0, 0.0, 0.0, 0.0, 0.0, 0.0, 0.0, 0.0, 0.0, 0.0, 0.0, 0.0]","[19, 26, 27, 28, 29, 30, 31, 32, 33]",1.7385249518670887,1.8450675285585103
680,4203.4375,"[0.875, 1.0, 1.0, 0.75, 0.1875, 0.203125, 0.0, 0.0, 0.0, 0.0, 0.0, 0.0, 0.0, 0.0, 0.0, 0.0, 0.0, 0.0, 0.0, 0.0, 0.0]","[0.5, 0.5625, 0.5625, 0.8125, 0.09375, 0.1171875, 0.0, 0.0, 0.0, 0.0, 0.0, 0.0, 0.0, 0.0, 0.0, 0.0, 0.0, 0.0, 0.0, 0.0, 0.0]","[30, 31, 32, 33, 0, 34, 37, 38, 39, 40, 41, 42, 43, 44, 45, 46, 47]",1.853039052014995,1.9201432669897442
681,3707.34375,"[1.0, 1.0, 1.0, 0.875, 0.125, 0.203125, 0.0, 0.0, 0.0, 0.0, 0.0, 0.0, 0.0, 0.0, 0.0, 0.0, 0.0, 0.0, 0.0, 0.0, 0.0]","[0.59375, 0.5625, 0.5625, 0.9375, 0.0625, 0.1171875, 0.0, 0.0, 0.0, 0.0, 0.0, 0.0, 0.0, 0.0, 0.0, 0.0, 0.0, 0.0, 0.0, 0.0, 0.0]","[32, 33, 34, 38, 39, 40, 41, 42, 43, 44, 45, 46, 47, 1, 48]",1.882509675323209,1.9783450750976903
682,4024.84375,"[1.0, 1.0, 1.0, 0.9375, 0.25, 0.203125, 0.0, 0.0, 0.0, 0.0, 0.0, 0.0, 0.0, 0.0, 0.0, 0.0, 0.0, 0.0, 0.0, 0.0, 0.0]","[0.59375, 0.5625, 0.5625, 1.0, 0.125, 0.1171875, 0.0, 0.0, 0.0, 0.0, 0.0, 0.0, 0.0, 0.0, 0.0, 0.0, 0.0, 0.0, 0.0, 0.0, 0.0]","[33, 34, 39, 41, 42, 43, 44, 46, 47, 1, 48, 2, 49, 64]",1.8271586915571052,1.9559763792509657
683,4640.0,"[1.0, 1.0, 1.0, 0.9375, 0.859375, 0.171875, 0.0, 0.0, 0.0, 0.0, 0.0, 0.0, 0.0, 0.0, 0.0, 0.0, 0.0, 0.0, 0.0, 0.0, 0.0]","[0.59375, 0.5625, 0.5625, 1.0, 0.4921875, 0.0859375, 0.0, 0.0, 0.0, 0.0, 0.0, 0.0, 0.0, 0.0, 0.0, 0.0, 0.0, 0.0, 0.0, 0.0, 0.0]",[3],1.718345577143097,1.8215552107520454
684,4640.0,"[0.96875, 1.0, 1.0, 0.9375, 0.890625, 0.171875, 0.0, 0.0, 0.0, 0.0, 0.0, 0.0, 0.0, 0.0, 0.0, 0.0, 0.0, 0.0, 0.0, 0.0, 0.0]","[0.578125, 0.5625, 0.5625, 1.0, 0.5078125, 0.0859375, 0.0, 0.0, 0.0, 0.0, 0.0, 0.0, 0.0, 0.0, 0.0, 0.0, 0.0, 0.0, 0.0, 0.0, 0.0]",[4],1.7166528126208718,1.8201304412368857
685,4699.6875,"[0.96875, 1.0, 1.0, 0.9375, 0.953125, 0.140625, 0.0, 0.0, 0.0, 0.0, 0.0, 0.0, 0.0, 0.0, 0.0, 0.0, 0.0, 0.0, 0.0, 0.0, 0.0]","[0.578125, 0.5625, 0.5625, 1.0, 0.5390625, 0.0703125, 0.0, 0.0, 0.0, 0.0, 0.0, 0.0, 0.0, 0.0, 0.0, 0.0, 0.0, 0.0, 0.0, 0.0, 0.0]","[5, 65, 66, 69, 70, 71, 72, 73]",1.72809391925034,1.824889600527052
686,5116.25,"[0.875, 1.0, 1.0, 0.9375, 0.984375, 0.453125, 0.0, 0.0, 0.0, 0.0, 0.0, 0.0, 0.0, 0.0, 0.0, 0.0, 0.0, 0.0, 0.0, 0.0, 0.0]","[0.53125, 0.5625, 0.5625, 1.0, 0.5703125, 0.2265625, 0.0, 0.0, 0.0, 0.0, 0.0, 0.0, 0.0, 0.0, 0.0, 0.0, 0.0, 0.0, 0.0, 0.0, 0.0]","[69, 72, 73, 6]",1.6344733023792333,1.742378184752994
687,5116.25,"[1.0, 0.75, 1.0, 0.9375, 0.984375, 0.453125, 0.0, 0.0, 0.0, 0.0, 0.0, 0.0, 0.0, 0.0, 0.0, 0.0, 0.0, 0.0, 0.0, 0.0, 0.0]","[0.625, 0.4375, 0.5625, 1.0, 0.5703125, 0.2265625, 0.0, 0.0, 0.0, 0.0, 0.0, 0.0, 0.0, 0.0, 0.0, 0.0, 0.0, 0.0, 0.0, 0.0, 0.0]","[73, 6, 7]",1.640238235551005,1.7550381417762009
688,5096.5625,"[0.84375, 0.53125, 1.0, 0.9375, 0.984375, 0.453125, 0.0, 0.0, 0.0, 0.0, 0.0, 0.0, 0.0, 0.0, 0.0, 0.0, 0.0, 0.0, 0.0, 0.0, 0.0]","[0.515625, 0.296875, 0.5625, 1.0, 0.5703125, 0.2265625, 0.0, 0.0, 0.0, 0.0, 0.0, 0.0, 0.0, 0.0, 0.0, 0.0, 0.0, 0.0, 0.0, 0.0, 0.0]","[8, 20, 21, 50, 51, 52, 74, 75, 76]",1.663452724117509,1.8090659334458414
689,4978.4375,"[0.96875, 0.46875, 0.59375, 0.9375, 0.984375, 0.328125, 0.0, 0.0, 0.0, 0.0, 0.0, 0.0, 0.0, 0.0, 0.0, 0.0, 0.0, 0.0, 0.0, 0.0, 0.0]","[0.609375, 0.234375, 0.359375, 1.0, 0.5703125, 0.1640625, 0.0, 0.0, 0.0, 0.0, 0.0, 0.0, 0.0, 0.0, 0.0, 0.0, 0.0, 0.0, 0.0, 0.0, 0.0]","[51, 52, 74, 75, 76, 9]",1.723779461578369,1.9085259078114938
690,4681.875,"[1.0, 0.96875, 0.53125, 0.9375, 0.984375, 0.328125, 0.0, 0.0, 0.0, 0.0, 0.0, 0.0, 0.0, 0.0, 0.0, 0.0, 0.0, 0.0, 0.0, 0.0, 0.0]","[0.625, 0.515625, 0.296875, 1.0, 0.5703125, 0.1640625, 0.0, 0.0, 0.0, 0.0, 0.0, 0.0, 0.0, 0.0, 0.0, 0.0, 0.0, 0.0, 0.0, 0.0, 0.0]","[9, 10]",1.699133364321557,1.8375737875890539
691,4878.75,"[1.0, 0.96875, 0.90625, 0.9375, 0.984375, 0.3125, 0.0, 0.0, 0.0, 0.0, 0.0, 0.0, 0.0, 0.0, 0.0, 0.0, 0.0, 0.0, 0.0, 0.0, 0.0]","[0.625, 0.515625, 0.484375, 1.0, 0.5703125, 0.15625, 0.0, 0.0, 0.0, 0.0, 0.0, 0.0, 0.0, 0.0, 0.0, 0.0, 0.0, 0.0, 0.0, 0.0, 0.0]",[11],1.6688507979203824,1.7858155568600071
692,4898.28125,"[1.0, 0.96875, 0.90625, 0.9375, 0.984375, 0.3125, 0.0, 0.0, 0.0, 0.0, 0.0, 0.0, 0.0, 0.0, 0.0, 0.0, 0.0, 0.0, 0.0, 0.0, 0.0]","[0.625, 0.515625, 0.515625, 1.0, 0.5703125, 0.15625, 0.0, 0.0, 0.0, 0.0, 0.0, 0.0, 0.0, 0.0, 0.0, 0.0, 0.0, 0.0, 0.0, 0.0, 0.0]","[12, 53, 54, 55, 56, 57, 58, 59, 67, 77, 78, 79, 80, 81, 82, 83, 84, 85, 86, 87, 88, 89, 90, 91, 92]",1.6688507979203824,1.7802934048681325
693,5791.09375,"[1.0, 1.0, 0.84375, 0.9375, 0.984375, 1.0, 0.0, 0.0, 0.0, 0.0, 0.0, 0.0, 0.0, 0.0, 0.0, 0.0, 0.0, 0.0, 0.0, 0.0, 0.0]","[0.625, 0.53125, 0.484375, 1.0, 0.5703125, 0.5, 0.0, 0.0, 0.0, 0.0, 0.0, 0.0, 0.0, 0.0, 0.0, 0.0, 0.0, 0.0, 0.0, 0.0, 0.0]","[56, 57, 58, 77, 78, 79, 82, 83, 84, 86, 87, 88, 89, 91, 92, 13, 93, 94, 95, 96, 97, 98, 99, 100, 101, 102, 103, 104, 105, 106]",1.5850114258809547,1.6691325064534939
694,6607.65625,"[1.0, 1.0, 0.75, 0.9375, 0.984375, 1.0, 0.3125, 0.0, 0.0, 0.0, 0.0, 0.0, 0.0, 0.0, 0.0, 0.0, 0.0, 0.0, 0.0, 0.0, 0.0]","[0.625, 0.53125, 0.46875, 1.0, 0.5703125, 0.5, 0.3125, 0.0, 0.0, 0.0, 0.0, 0.0, 0.0, 0.0, 0.0, 0.0, 0.0, 0.0, 0.0, 0.0, 0.0]","[77, 78, 79, 82, 83, 84, 87, 88, 89, 92, 13, 93, 94, 96, 97, 98, 99, 101, 102, 103, 104, 106, 14]",1.493262597299069,1.5343050079184455
695,6607.65625,"[1.0, 1.0, 0.90625, 0.40625, 0.984375, 1.0, 0.3125, 0.0, 0.0, 0.0, 0.0, 0.0, 0.0, 0.0, 0.0, 0.0, 0.0, 0.0, 0.0, 0.0, 0.0]","[0.625, 0.53125, 0.578125, 0.40625, 0.5703125, 0.5, 0.3125, 0.0, 0.0, 0.0, 0.0, 0.0, 0.0, 0.0, 0.0, 0.0, 0.0, 0.0, 0.0, 0.0, 0.0]","[84, 87, 88, 89, 92, 13, 93, 94, 96, 97, 98, 99, 101, 102, 103, 104, 106, 14, 15]",1.540256483257776,1.4563560198570815
696,6171.09375,"[1.0, 1.0, 1.0, 0.5625, 0.984375, 1.0, 0.3125, 0.0, 0.0, 0.0, 0.0, 0.0, 0.0, 0.0, 0.0, 0.0, 0.0, 0.0, 0.0, 0.0, 0.0]","[0.625, 0.53125, 0.625, 0.5625, 0.5703125, 0.5, 0.3125, 0.0, 0.0, 0.0, 0.0, 0.0, 0.0, 0.0, 0.0, 0.0, 0.0, 0.0, 0.0, 0.0, 0.0]","[87, 89, 92, 13, 93, 96, 97, 98, 101, 102, 103, 106, 14, 15, 16]",1.5141501466719431,1.4505822681177605
697,6528.28125,"[1.0, 1.0, 1.0, 0.8125, 0.984375, 1.0, 0.3125, 0.0, 0.0, 0.0, 0.0, 0.0, 0.0, 0.0, 0.0, 0.0, 0.0, 0.0, 0.0, 0.0, 0.0]","[0.625, 0.53125, 0.625, 0.9375, 0.5703125, 0.5, 0.3125, 0.0, 0.0, 0.0, 0.0, 0.0, 0.0, 0.0, 0.0, 0.0, 0.0, 0.0, 0.0, 0.0, 0.0]","[106, 15, 16, 17]",1.4906690808644572,1.5048872762721182
698,6647.96875,"[1.0, 1.0, 1.0, 0.71875, 0.984375, 1.0, 0.375, 0.0, 0.0, 0.0, 0.0, 0.0, 0.0, 0.0, 0.0, 0.0, 0.0, 0.0, 0.0, 0.0, 0.0]","[0.625, 0.53125, 0.625, 0.875, 0.5703125, 0.5, 0.375, 0.0, 0.0, 0.0, 0.0, 0.0, 0.0, 0.0, 0.0, 0.0, 0.0, 0.0, 0.0, 0.0, 0.0]","[15, 16, 18]",1.4826109032057992,1.4754369812751358
699,6608.28125,"[0.375, 1.0, 1.0, 0.78125, 0.921875, 1.0, 0.375, 0.0, 0.0, 0.0, 0.0, 0.0, 0.0, 0.0, 0.0, 0.0, 0.0, 0.0, 0.0, 0.0, 0.0]","[0.25, 0.53125, 0.625, 0.9375, 0.5390625, 0.5, 0.375, 0.0, 0.0, 0.0, 0.0, 0.0, 0.0, 0.0, 0.0, 0.0, 0.0, 0.0, 0.0, 0.0, 0.0]","[18, 19, 22]",1.5324558018822667,1.5535975104498703
700,6193.90625,"[0.5, 1.0, 1.0, 0.625, 0.390625, 1.0, 0.375, 0.0, 0.0, 0.0, 0.0, 0.0, 0.0, 0.0, 0.0, 0.0, 0.0, 0.0, 0.0, 0.0, 0.0]","[0.34375, 0.53125, 0.625, 0.78125, 0.2265625, 0.5, 0.375, 0.0, 0.0, 0.0, 0.0, 0.0, 0.0, 0.0, 0.0, 0.0, 0.0, 0.0, 0.0, 0.0, 0.0]",[0],1.566485961512348,1.5436030747399208
701,5379.84375,"[0.625, 1.0, 1.0, 0.625, 0.296875, 1.0, 0.375, 0.0, 0.0, 0.0, 0.0, 0.0, 0.0, 0.0, 0.0, 0.0, 0.0, 0.0, 0.0, 0.0, 0.0]","[0.40625, 0.53125, 0.625, 0.78125, 0.1796875, 0.5, 0.375, 0.0, 0.0, 0.0, 0.0, 0.0, 0.0, 0.0, 0.0, 0.0, 0.0, 0.0, 0.0, 0.0, 0.0]","[1, 23, 24, 25, 26, 27, 28, 29, 30, 31, 32, 33, 34, 35, 36]",1.5735915849388864,1.5499299972685274
702,5497.03125,"[1.0, 1.0, 1.0, 0.625, 0.125, 1.0, 0.375, 0.0, 0.0, 0.0, 0.0, 0.0, 0.0, 0.0, 0.0, 0.0, 0.0, 0.0, 0.0, 0.0, 0.0]","[0.625, 0.53125, 0.625, 0.78125, 0.078125, 0.5, 0.375, 0.0, 0.0, 0.0, 0.0, 0.0, 0.0, 0.0, 0.0, 0.0, 0.0, 0.0, 0.0, 0.0, 0.0]","[25, 26, 27, 28, 30, 31, 32, 33, 34, 35, 36, 2, 37, 38, 39, 40, 41, 42]",1.6233718333945109,1.5868347249932628
703,5556.5625,"[1.0, 1.0, 1.0, 0.84375, 0.09375, 1.0, 0.375, 0.0, 0.0, 0.0, 0.0, 0.0, 0.0, 0.0, 0.0, 0.0, 0.0, 0.0, 0.0, 0.0, 0.0]","[0.625, 0.53125, 0.625, 1.0, 0.0625, 0.5, 0.375, 0.0, 0.0, 0.0, 0.0, 0.0, 0.0, 0.0, 0.0, 0.0, 0.0, 0.0, 0.0, 0.0, 0.0]","[28, 30, 31, 32, 33, 34, 35, 36, 2, 37, 38, 39, 40, 41, 42, 3, 43, 44, 45, 46, 47, 48, 49, 60, 61, 62]",1.6177860902820358,1.6530503268486456
704,6667.8125,"[1.0, 1.0, 1.0, 0.84375, 0.9375, 1.0, 0.375, 0.0, 0.0, 0.0, 0.0, 0.0, 0.0, 0.0, 0.0, 0.0, 0.0, 0.0, 0.0, 0.0, 0.0]","[0.625, 0.53125, 0.625, 1.0, 0.5625, 0.5, 0.375, 0.0, 0.0, 0.0, 0.0, 0.0, 0.0, 0.0, 0.0, 0.0, 0.0, 0.0, 0.0, 0.0, 0.0]","[44, 45, 48, 49, 60, 61, 62, 4]",1.4750538863500455,1.506310457181931
705,6986.5625,"[0.84375, 0.96875, 1.0, 0.84375, 0.96875, 0.6875, 0.5, 0.0, 0.0, 0.0, 0.0, 0.0, 0.0, 0.0, 0.0, 0.0, 0.0, 0.0, 0.0, 0.0, 0.0]","[0.515625, 0.515625, 0.625, 1.0, 0.5625, 0.34375, 0.5, 0.0, 0.0, 0.0, 0.0, 0.0, 0.0, 0.0, 0.0, 0.0, 0.0, 0.0, 0.0, 0.0, 0.0]","[48, 49, 61, 62, 4, 5]",1.4568602887023108,1.5222122642768297
706,6530.3125,"[1.0, 0.90625, 1.0, 0.84375, 0.96875, 0.6875, 0.5, 0.0, 0.0, 0.0, 0.0, 0.0, 0.0, 0.0, 0.0, 0.0, 0.0, 0.0, 0.0, 0.0, 0.0]","[0.625, 0.484375, 0.625, 1.0, 0.5625, 0.34375, 0.5, 0.0, 0.0, 0.0, 0.0, 0.0, 0.0, 0.0, 0.0, 0.0, 0.0, 0.0, 0.0, 0.0, 0.0]","[49, 4, 5, 6]",1.4584183648679576,1.5191011188617967
707,6847.8125,"[1.0, 0.84375, 1.0, 0.84375, 0.96875, 0.9375, 0.5, 0.0, 0.0, 0.0, 0.0, 0.0, 0.0, 0.0, 0.0, 0.0, 0.0, 0.0, 0.0, 0.0, 0.0]","[0.625, 0.453125, 0.625, 1.0, 0.5625, 0.46875, 0.5, 0.0, 0.0, 0.0, 0.0, 0.0, 0.0, 0.0, 0.0, 0.0, 0.0, 0.0, 0.0, 0.0, 0.0]","[7, 63, 64, 65, 66, 68]",1.451001150671664,1.4991544118783318
708,7026.875,"[0.8125, 0.25, 1.0, 0.84375, 0.96875, 0.9375, 0.5625, 0.0, 0.0, 0.0, 0.0, 0.0, 0.0, 0.0, 0.0, 0.0, 0.0, 0.0, 0.0, 0.0, 0.0]","[0.5, 0.15625, 0.625, 1.0, 0.5625, 0.46875, 0.5625, 0.0, 0.0, 0.0, 0.0, 0.0, 0.0, 0.0, 0.0, 0.0, 0.0, 0.0, 0.0, 0.0, 0.0]","[65, 68, 8]",1.5233667632237333,1.5877473751725508
709,6554.375,"[1.0, 0.25, 0.875, 0.84375, 0.96875, 0.9375, 0.5625, 0.0, 0.0, 0.0, 0.0, 0.0, 0.0, 0.0, 0.0, 0.0, 0.0, 0.0, 0.0, 0.0, 0.0]","[0.625, 0.15625, 0.5625, 1.0, 0.5625, 0.46875, 0.5625, 0.0, 0.0, 0.0, 0.0, 0.0, 0.0, 0.0, 0.0, 0.0, 0.0, 0.0, 0.0, 0.0, 0.0]","[8, 9, 20, 21, 50, 51]",1.523042722956013,1.5811388300841898
710,6830.0,"[1.0, 0.8125, 0.625, 0.84375, 0.96875, 0.9375, 0.5625, 0.0, 0.0, 0.0, 0.0, 0.0, 0.0, 0.0, 0.0, 0.0, 0.0, 0.0, 0.0, 0.0, 0.0]","[0.625, 0.46875, 0.4375, 1.0, 0.5625, 0.46875, 0.5625, 0.0, 0.0, 0.0, 0.0, 0.0, 0.0, 0.0, 0.0, 0.0, 0.0, 0.0, 0.0, 0.0, 0.0]","[10, 52, 69, 70, 71]",1.4526026118061632,1.5085842522978263
711,6948.125,"[1.0, 1.0, 0.8125, 0.84375, 0.96875, 0.9375, 0.5625, 0.0, 0.0, 0.0, 0.0, 0.0, 0.0, 0.0, 0.0, 0.0, 0.0, 0.0, 0.0, 0.0, 0.0]","[0.625, 0.5625, 0.5, 1.0, 0.5625, 0.46875, 0.5625, 0.0, 0.0, 0.0, 0.0, 0.0, 0.0, 0.0, 0.0, 0.0, 0.0, 0.0, 0.0, 0.0, 0.0]","[70, 71, 11]",1.4429127085683682,1.4896234766509895
712,7007.1875,"[1.0, 0.96875, 0.40625, 0.75, 0.96875, 0.25, 0.4375, 0.0, 0.0, 0.0, 0.0, 0.0, 0.0, 0.0, 0.0, 0.0, 0.0, 0.0, 0.0, 0.0, 0.0]","[0.625, 0.546875, 0.234375, 0.84375, 0.5625, 0.125, 0.4375, 0.0, 0.0, 0.0, 0.0, 0.0, 0.0, 0.0, 0.0, 0.0, 0.0, 0.0, 0.0, 0.0, 0.0]",[12],1.5951194305421756,1.627984754885597
713,5400.9375,"[1.0, 0.96875, 0.53125, 0.328125, 0.96875, 0.25, 0.25, 0.0, 0.0, 0.0, 0.0, 0.0, 0.0, 0.0, 0.0, 0.0, 0.0, 0.0, 0.0, 0.0, 0.0]","[0.625, 0.546875, 0.296875, 0.328125, 0.5625, 0.125, 0.25, 0.0, 0.0, 0.0, 0.0, 0.0, 0.0, 0.0, 0.0, 0.0, 0.0, 0.0, 0.0, 0.0, 0.0]",[13],1.6905297717256889,1.6109624452481814
714,4544.53125,"[1.0, 0.96875, 0.78125, 0.3125, 0.96875, 0.25, 0.25, 0.0, 0.0, 0.0, 0.0, 0.0, 0.0, 0.0, 0.0, 0.0, 0.0, 0.0, 0.0, 0.0, 0.0]","[0.625, 0.546875, 0.421875, 0.3125, 0.5625, 0.125, 0.25, 0.0, 0.0, 0.0, 0.0, 0.0, 0.0, 0.0, 0.0, 0.0, 0.0, 0.0, 0.0, 0.0, 0.0]",[14],1.6716706489678788,1.59099855936195
715,4564.0625,"[1.0, 0.96875, 0.84375, 0.28125, 0.96875, 0.25, 0.25, 0.0, 0.0, 0.0, 0.0, 0.0, 0.0, 0.0, 0.0, 0.0, 0.0, 0.0, 0.0, 0.0, 0.0]","[0.625, 0.546875, 0.484375, 0.28125, 0.5625, 0.125, 0.25, 0.0, 0.0, 0.0, 0.0, 0.0, 0.0, 0.0, 0.0, 0.0, 0.0, 0.0, 0.0, 0.0, 0.0]","[15, 53, 54, 55, 56, 57]",1.681196439278378,1.5974008603060836
716,4781.5625,"[1.0, 1.0, 0.96875, 0.34375, 0.96875, 0.25, 0.25, 0.0, 0.0, 0.0, 0.0, 0.0, 0.0, 0.0, 0.0, 0.0, 0.0, 0.0, 0.0, 0.0, 0.0]","[0.625, 0.5625, 0.578125, 0.34375, 0.5625, 0.125, 0.25, 0.0, 0.0, 0.0, 0.0, 0.0, 0.0, 0.0, 0.0, 0.0, 0.0, 0.0, 0.0, 0.0, 0.0]","[54, 57, 16, 58, 59, 67]",1.6687798982610589,1.5859342283732445
717,5118.75,"[1.0, 1.0, 1.0, 0.65625, 0.96875, 0.25, 0.1875, 0.0, 0.0, 0.0, 0.0, 0.0, 0.0, 0.0, 0.0, 0.0, 0.0, 0.0, 0.0, 0.0, 0.0]","[0.625, 0.5625, 0.59375, 0.6875, 0.5625, 0.125, 0.1875, 0.0, 0.0, 0.0, 0.0, 0.0, 0.0, 0.0, 0.0, 0.0, 0.0, 0.0, 0.0, 0.0, 0.0]","[17, 72, 73, 74, 75, 76, 77]",1.6309618572454925,1.6023609099175922
718,5316.5625,"[0.9375, 1.0, 1.0, 0.9375, 0.96875, 0.25, 0.1875, 0.0, 0.0, 0.0, 0.0, 0.0, 0.0, 0.0, 0.0, 0.0, 0.0, 0.0, 0.0, 0.0, 0.0]","[0.5625, 0.5625, 0.59375, 1.0, 0.5625, 0.125, 0.1875, 0.0, 0.0, 0.0, 0.0, 0.0, 0.0, 0.0, 0.0, 0.0, 0.0, 0.0, 0.0, 0.0, 0.0]","[77, 18]",1.6153737780593187,1.6808495466542248
719,5395.9375,"[0.90625, 1.0, 1.0, 0.9375, 0.96875, 0.3125, 0.1875, 0.0, 0.0, 0.0, 0.0, 0.0, 0.0, 0.0, 0.0, 0.0, 0.0, 0.0, 0.0, 0.0, 0.0]","[0.546875, 0.5625, 0.59375, 1.0, 0.5625, 0.15625, 0.1875, 0.0, 0.0, 0.0, 0.0, 0.0, 0.0, 0.0, 0.0, 0.0, 0.0, 0.0, 0.0, 0.0, 0.0]","[19, 22, 78, 79, 80, 81, 82, 83, 84, 85, 86, 87, 88, 89, 90]",1.5969911154534862,1.6668634279762085
720,6110.3125,"[0.875, 1.0, 1.0, 0.9375, 0.96875, 0.875, 0.1875, 0.0, 0.0, 0.0, 0.0, 0.0, 0.0, 0.0, 0.0, 0.0, 0.0, 0.0, 0.0, 0.0, 0.0]","[0.5625, 0.5625, 0.59375, 1.0, 0.5625, 0.4375, 0.1875, 0.0, 0.0, 0.0, 0.0, 0.0, 0.0, 0.0, 0.0, 0.0, 0.0, 0.0, 0.0, 0.0, 0.0]","[79, 82, 83, 84, 87, 88, 89, 0]",1.5201093259861413,1.574679649960588
721,6269.0625,"[0.625, 1.0, 1.0, 0.71875, 0.578125, 1.0, 0.1875, 0.0, 0.0, 0.0, 0.0, 0.0, 0.0, 0.0, 0.0, 0.0, 0.0, 0.0, 0.0, 0.0, 0.0]","[0.4375, 0.5625, 0.59375, 0.78125, 0.3359375, 0.5, 0.1875, 0.0, 0.0, 0.0, 0.0, 0.0, 0.0, 0.0, 0.0, 0.0, 0.0, 0.0, 0.0, 0.0, 0.0]","[83, 84, 87, 88, 89, 1]",1.5621135158746984,1.5484972834016657
722,5455.78125,"[0.9375, 1.0, 1.0, 0.71875, 0.15625, 1.0, 0.1875, 0.0, 0.0, 0.0, 0.0, 0.0, 0.0, 0.0, 0.0, 0.0, 0.0, 0.0, 0.0, 0.0, 0.0]","[0.65625, 0.5625, 0.59375, 0.78125, 0.09375, 0.5, 0.1875, 0.0, 0.0, 0.0, 0.0, 0.0, 0.0, 0.0, 0.0, 0.0, 0.0, 0.0, 0.0, 0.0, 0.0]","[2, 23, 24, 25, 26, 27, 28, 29, 30, 31, 32]",1.6559787513733382,1.6414763002993507
723,5197.5,"[0.84375, 1.0, 1.0, 0.90625, 0.0, 0.9375, 0.0625, 0.0, 0.0, 0.0, 0.0, 0.0, 0.0, 0.0, 0.0, 0.0, 0.0, 0.0, 0.0, 0.0, 0.0]","[0.578125, 0.5625, 0.59375, 0.96875, 0.0, 0.46875, 0.0625, 0.0, 0.0, 0.0, 0.0, 0.0, 0.0, 0.0, 0.0, 0.0, 0.0, 0.0, 0.0, 0.0, 0.0]","[23, 26, 28, 29, 30, 31, 32, 3, 33, 34, 35, 36, 37, 38, 39, 40, 41, 42, 43, 44, 45, 46]",1.7635751666490012,1.8293812781412064
724,5235.9375,"[1.0, 0.9375, 1.0, 0.90625, 0.5, 0.9375, 0.0625, 0.0, 0.0, 0.0, 0.0, 0.0, 0.0, 0.0, 0.0, 0.0, 0.0, 0.0, 0.0, 0.0, 0.0]","[0.6875, 0.53125, 0.59375, 0.96875, 0.25, 0.46875, 0.0625, 0.0, 0.0, 0.0, 0.0, 0.0, 0.0, 0.0, 0.0, 0.0, 0.0, 0.0, 0.0, 0.0, 0.0]","[28, 29, 31, 3, 33, 35, 36, 37, 38, 40, 41, 42, 43, 45, 46, 4, 47, 48, 49, 60, 61, 62, 91]",1.5981932961439742,1.690776674127264
725,5870.9375,"[1.0, 1.0, 1.0, 0.90625, 1.0, 0.875, 0.0625, 0.0, 0.0, 0.0, 0.0, 0.0, 0.0, 0.0, 0.0, 0.0, 0.0, 0.0, 0.0, 0.0, 0.0]","[0.6875, 0.5625, 0.59375, 0.96875, 0.5, 0.4375, 0.0625, 0.0, 0.0, 0.0, 0.0, 0.0, 0.0, 0.0, 0.0, 0.0, 0.0, 0.0, 0.0, 0.0, 0.0]","[31, 3, 35, 36, 37, 40, 41, 42, 45, 46, 4, 49, 60, 61, 91, 5]",1.5614240697782096,1.627456900643051
726,5990.0,"[1.0, 1.0, 1.0, 0.9375, 1.0, 0.875, 0.0625, 0.0, 0.0, 0.0, 0.0, 0.0, 0.0, 0.0, 0.0, 0.0, 0.0, 0.0, 0.0, 0.0, 0.0]","[0.6875, 0.5625, 0.59375, 1.0, 0.5, 0.5, 0.0625, 0.0, 0.0, 0.0, 0.0, 0.0, 0.0, 0.0, 0.0, 0.0, 0.0, 0.0, 0.0, 0.0, 0.0]","[36, 37, 41, 42, 46, 4, 49, 60, 61, 91, 5, 6]",1.5609685795340147,1.6250833824761117
727,5990.0,"[0.8125, 0.84375, 1.0, 0.9375, 1.0, 1.0, 0.0, 0.0, 0.0, 0.0, 0.0, 0.0, 0.0, 0.0, 0.0, 0.0, 0.0, 0.0, 0.0, 0.0, 0.0]","[0.5625, 0.453125, 0.59375, 1.0, 0.5, 0.5625, 0.0, 0.0, 0.0, 0.0, 0.0, 0.0, 0.0, 0.0, 0.0, 0.0, 0.0, 0.0, 0.0, 0.0, 0.0]","[4, 49, 61, 91, 5, 6, 7, 63, 64, 65, 66, 68, 92, 93, 94, 95, 96]",1.588754526166635,1.6737636735115455
728,6210.3125,"[1.0, 0.8125, 1.0, 0.9375, 1.0, 1.0, 0.1875, 0.0, 0.0, 0.0, 0.0, 0.0, 0.0, 0.0, 0.0, 0.0, 0.0, 0.0, 0.0, 0.0, 0.0]","[0.6875, 0.4375, 0.59375, 1.0, 0.5, 0.5625, 0.1875, 0.0, 0.0, 0.0, 0.0, 0.0, 0.0, 0.0, 0.0, 0.0, 0.0, 0.0, 0.0, 0.0, 0.0]","[5, 6, 7, 63, 65, 66, 68, 92, 94, 95, 96, 8]",1.52330010611711,1.5781853444186975
729,6308.75,"[1.0, 0.46875, 1.0, 0.9375, 1.0, 1.0, 0.1875, 0.0, 0.0, 0.0, 0.0, 0.0, 0.0, 0.0, 0.0, 0.0, 0.0, 0.0, 0.0, 0.0, 0.0]","[0.6875, 0.265625, 0.59375, 1.0, 0.5, 0.5625, 0.1875, 0.0, 0.0, 0.0, 0.0, 0.0, 0.0, 0.0, 0.0, 0.0, 0.0, 0.0, 0.0, 0.0, 0.0]","[63, 65, 68, 92, 94, 95, 96, 8, 9]",1.5638068019233604,1.6241333926254646
730,6308.75,"[1.0, 0.8125, 0.65625, 0.9375, 1.0, 1.0, 0.1875, 0.0, 0.0, 0.0, 0.0, 0.0, 0.0, 0.0, 0.0, 0.0, 0.0, 0.0, 0.0, 0.0, 0.0]","[0.6875, 0.5, 0.390625, 1.0, 0.5, 0.5625, 0.1875, 0.0, 0.0, 0.0, 0.0, 0.0, 0.0, 0.0, 0.0, 0.0, 0.0, 0.0, 0.0, 0.0, 0.0]","[8, 9, 10]",1.5358963376482309,1.5966437101076243
731,6249.6875,"[1.0, 1.0, 0.84375, 0.9375, 1.0, 1.0, 0.1875, 0.0, 0.0, 0.0, 0.0, 0.0, 0.0, 0.0, 0.0, 0.0, 0.0, 0.0, 0.0, 0.0, 0.0]","[0.6875, 0.625, 0.484375, 1.0, 0.5, 0.5625, 0.1875, 0.0, 0.0, 0.0, 0.0, 0.0, 0.0, 0.0, 0.0, 0.0, 0.0, 0.0, 0.0, 0.0, 0.0]",[11],1.5219310841621605,1.5688983832988712
732,6230.0,"[1.0, 1.0, 0.75, 0.9375, 1.0, 1.0, 0.1875, 0.0, 0.0, 0.0, 0.0, 0.0, 0.0, 0.0, 0.0, 0.0, 0.0, 0.0, 0.0, 0.0, 0.0]","[0.6875, 0.625, 0.4375, 1.0, 0.5, 0.5625, 0.1875, 0.0, 0.0, 0.0, 0.0, 0.0, 0.0, 0.0, 0.0, 0.0, 0.0, 0.0, 0.0, 0.0, 0.0]","[12, 20]",1.5271053341780212,1.576809476442858
733,6269.375,"[1.0, 1.0, 0.6875, 0.9375, 1.0, 1.0, 0.1875, 0.0, 0.0, 0.0, 0.0, 0.0, 0.0, 0.0, 0.0, 0.0, 0.0, 0.0, 0.0, 0.0, 0.0]","[0.6875, 0.625, 0.40625, 1.0, 0.5, 0.5625, 0.1875, 0.0, 0.0, 0.0, 0.0, 0.0, 0.0, 0.0, 0.0, 0.0, 0.0, 0.0, 0.0, 0.0, 0.0]",[13],1.5323995407238555,1.5831276046440557
734,6269.375,"[1.0, 1.0, 0.875, 0.9375, 1.0, 1.0, 0.1875, 0.0, 0.0, 0.0, 0.0, 0.0, 0.0, 0.0, 0.0, 0.0, 0.0, 0.0, 0.0, 0.0, 0.0]","[0.6875, 0.625, 0.46875, 1.0, 0.5, 0.5625, 0.1875, 0.0, 0.0, 0.0, 0.0, 0.0, 0.0, 0.0, 0.0, 0.0, 0.0, 0.0, 0.0, 0.0, 0.0]",[14],1.5209046786918194,1.5713314058071226
735,6269.375,"[1.0, 0.96875, 0.78125, 0.75, 1.0, 1.0, 0.1875, 0.0, 0.0, 0.0, 0.0, 0.0, 0.0, 0.0, 0.0, 0.0, 0.0, 0.0, 0.0, 0.0, 0.0]","[0.6875, 0.609375, 0.421875, 0.8125, 0.5, 0.5625, 0.1875, 0.0, 0.0, 0.0, 0.0, 0.0, 0.0, 0.0, 0.0, 0.0, 0.0, 0.0, 0.0, 0.0, 0.0]",[15],1.5300594743107698,1.534332632540792
736,5932.8125,"[1.0, 1.0, 0.78125, 0.5, 1.0, 1.0, 0.1875, 0.0, 0.0, 0.0, 0.0, 0.0, 0.0, 0.0, 0.0, 0.0, 0.0, 0.0, 0.0, 0.0, 0.0]","[0.6875, 0.625, 0.421875, 0.53125, 0.5, 0.5625, 0.1875, 0.0, 0.0, 0.0, 0.0, 0.0, 0.0, 0.0, 0.0, 0.0, 0.0, 0.0, 0.0, 0.0, 0.0]",[16],1.5612449245027875,1.5069222988644155
737,5654.6875,"[0.9375, 1.0, 0.84375, 0.21875, 1.0, 1.0, 0.1875, 0.0, 0.0, 0.0, 0.0, 0.0, 0.0, 0.0, 0.0, 0.0, 0.0, 0.0, 0.0, 0.0, 0.0]","[0.65625, 0.625, 0.453125, 0.21875, 0.5, 0.5625, 0.1875, 0.0, 0.0, 0.0, 0.0, 0.0, 0.0, 0.0, 0.0, 0.0, 0.0, 0.0, 0.0, 0.0, 0.0]","[17, 21, 50, 51, 52, 53, 54, 55, 56, 57, 58, 59, 67]",1.6270637151890968,1.5589926429198333
738,5852.5,"[1.0, 1.0, 0.96875, 0.59375, 1.0, 0.9375, 0.1875, 0.0, 0.0, 0.0, 0.0, 0.0, 0.0, 0.0, 0.0, 0.0, 0.0, 0.0, 0.0, 0.0, 0.0]","[0.71875, 0.625, 0.515625, 0.59375, 0.5, 0.53125, 0.1875, 0.0, 0.0, 0.0, 0.0, 0.0, 0.0, 0.0, 0.0, 0.0, 0.0, 0.0, 0.0, 0.0, 0.0]","[51, 52, 53, 55, 56, 57, 58, 67, 18, 69, 70, 71, 72, 73, 74, 75, 76, 77, 97, 98, 99, 100]",1.542439911024374,1.50332662656173
739,6229.375,"[0.53125, 1.0, 1.0, 0.9375, 1.0, 0.375, 0.1875, 0.0, 0.0, 0.0, 0.0, 0.0, 0.0, 0.0, 0.0, 0.0, 0.0, 0.0, 0.0, 0.0, 0.0]","[0.390625, 0.625, 0.53125, 1.0, 0.5, 0.25, 0.1875, 0.0, 0.0, 0.0, 0.0, 0.0, 0.0, 0.0, 0.0, 0.0, 0.0, 0.0, 0.0, 0.0, 0.0]","[56, 18, 71, 72, 73, 74, 75, 76, 77, 97, 98, 99, 100, 19, 22, 78]",1.6117982503353077,1.6609613650523558
740,5515.0,"[1.0, 1.0, 1.0, 0.9375, 1.0, 0.25, 0.1875, 0.0, 0.0, 0.0, 0.0, 0.0, 0.0, 0.0, 0.0, 0.0, 0.0, 0.0, 0.0, 0.0, 0.0]","[0.65625, 0.625, 0.53125, 1.0, 0.5, 0.1875, 0.1875, 0.0, 0.0, 0.0, 0.0, 0.0, 0.0, 0.0, 0.0, 0.0, 0.0, 0.0, 0.0, 0.0, 0.0]","[75, 76, 77, 97, 98, 99, 100, 19, 22, 78, 0]",1.6178259286872372,1.6562973419054978
741,6110.3125,"[0.9375, 1.0, 1.0, 0.9375, 1.0, 0.84375, 0.1875, 0.0, 0.0, 0.0, 0.0, 0.0, 0.0, 0.0, 0.0, 0.0, 0.0, 0.0, 0.0, 0.0, 0.0]","[0.59375, 0.625, 0.53125, 1.0, 0.5, 0.515625, 0.1875, 0.0, 0.0, 0.0, 0.0, 0.0, 0.0, 0.0, 0.0, 0.0, 0.0, 0.0, 0.0, 0.0, 0.0]","[1, 79, 80, 81, 82]",1.5211617207251988,1.5691450700428324
742,6269.0625,"[0.78125, 0.9375, 1.0, 0.75, 0.8125, 0.9375, 0.1875, 0.0, 0.0, 0.0, 0.0, 0.0, 0.0, 0.0, 0.0, 0.0, 0.0, 0.0, 0.0, 0.0, 0.0]","[0.515625, 0.59375, 0.53125, 0.8125, 0.40625, 0.546875, 0.1875, 0.0, 0.0, 0.0, 0.0, 0.0, 0.0, 0.0, 0.0, 0.0, 0.0, 0.0, 0.0, 0.0, 0.0]","[80, 81, 82, 2]",1.5243904508963757,1.5328661516718929
743,5872.5,"[1.0, 0.9375, 1.0, 0.84375, 0.25, 0.734375, 0.1875, 0.0, 0.0, 0.0, 0.0, 0.0, 0.0, 0.0, 0.0, 0.0, 0.0, 0.0, 0.0, 0.0, 0.0]","[0.625, 0.59375, 0.53125, 0.90625, 0.125, 0.3984375, 0.1875, 0.0, 0.0, 0.0, 0.0, 0.0, 0.0, 0.0, 0.0, 0.0, 0.0, 0.0, 0.0, 0.0, 0.0]","[3, 23, 24, 25, 26, 27, 28, 29]",1.6182934553318762,1.6758551487829767
744,5137.96875,"[0.8125, 1.0, 1.0, 0.90625, 0.125, 0.71875, 0.125, 0.0, 0.0, 0.0, 0.0, 0.0, 0.0, 0.0, 0.0, 0.0, 0.0, 0.0, 0.0, 0.0, 0.0]","[0.5, 0.65625, 0.53125, 0.96875, 0.0625, 0.390625, 0.125, 0.0, 0.0, 0.0, 0.0, 0.0, 0.0, 0.0, 0.0, 0.0, 0.0, 0.0, 0.0, 0.0, 0.0]","[23, 24, 27, 28, 29, 4]",1.6884707084617527,1.7783028000206336
745,4641.25,"[1.0, 0.9375, 1.0, 0.90625, 0.125, 0.71875, 0.125, 0.0, 0.0, 0.0, 0.0, 0.0, 0.0, 0.0, 0.0, 0.0, 0.0, 0.0, 0.0, 0.0, 0.0]","[0.625, 0.59375, 0.53125, 0.96875, 0.0625, 0.390625, 0.125, 0.0, 0.0, 0.0, 0.0, 0.0, 0.0, 0.0, 0.0, 0.0, 0.0, 0.0, 0.0, 0.0, 0.0]","[29, 4, 5]",1.688736210363722,1.768274327463821
746,4879.375,"[1.0, 0.96875, 1.0, 0.90625, 0.3125, 0.71875, 0.125, 0.0, 0.0, 0.0, 0.0, 0.0, 0.0, 0.0, 0.0, 0.0, 0.0, 0.0, 0.0, 0.0, 0.0]","[0.625, 0.609375, 0.53125, 0.96875, 0.15625, 0.390625, 0.125, 0.0, 0.0, 0.0, 0.0, 0.0, 0.0, 0.0, 0.0, 0.0, 0.0, 0.0, 0.0, 0.0, 0.0]",[6],1.6253128658702216,1.7138169647026638
747,4899.375,"[1.0, 0.34375, 1.0, 0.90625, 0.34375, 0.71875, 0.0, 0.0, 0.0, 0.0, 0.0, 0.0, 0.0, 0.0, 0.0, 0.0, 0.0, 0.0, 0.0, 0.0, 0.0]","[0.625, 0.234375, 0.53125, 0.96875, 0.1875, 0.390625, 0.0, 0.0, 0.0, 0.0, 0.0, 0.0, 0.0, 0.0, 0.0, 0.0, 0.0, 0.0, 0.0, 0.0, 0.0]",[7],1.742388253001207,1.8740472152917063
748,4206.5625,"[1.0, 0.25, 1.0, 0.90625, 0.34375, 0.71875, 0.0, 0.0, 0.0, 0.0, 0.0, 0.0, 0.0, 0.0, 0.0, 0.0, 0.0, 0.0, 0.0, 0.0, 0.0]","[0.625, 0.1875, 0.53125, 0.96875, 0.1875, 0.390625, 0.0, 0.0, 0.0, 0.0, 0.0, 0.0, 0.0, 0.0, 0.0, 0.0, 0.0, 0.0, 0.0, 0.0, 0.0]","[8, 30]",1.7752760174890003,1.8999673212367922
749,4245.9375,"[1.0, 0.4375, 0.75, 0.90625, 0.34375, 0.71875, 0.0, 0.0, 0.0, 0.0, 0.0, 0.0, 0.0, 0.0, 0.0, 0.0, 0.0, 0.0, 0.0, 0.0, 0.0]","[0.625, 0.28125, 0.40625, 0.96875, 0.1875, 0.390625, 0.0, 0.0, 0.0, 0.0, 0.0, 0.0, 0.0, 0.0, 0.0, 0.0, 0.0, 0.0, 0.0, 0.0, 0.0]","[9, 31, 32, 33]",1.7036007863046274,1.876983557685552
750,4344.375,"[1.0, 0.78125, 0.75, 0.90625, 0.34375, 0.71875, 0.0, 0.0, 0.0, 0.0, 0.0, 0.0, 0.0, 0.0, 0.0, 0.0, 0.0, 0.0, 0.0, 0.0, 0.0]","[0.625, 0.453125, 0.40625, 0.96875, 0.1875, 0.390625, 0.0, 0.0, 0.0, 0.0, 0.0, 0.0, 0.0, 0.0, 0.0, 0.0, 0.0, 0.0, 0.0, 0.0, 0.0]","[10, 34, 35]",1.6623207227202534,1.8202081241026868
751,4580.625,"[1.0, 0.96875, 0.96875, 0.90625, 0.34375, 0.71875, 0.0, 0.0, 0.0, 0.0, 0.0, 0.0, 0.0, 0.0, 0.0, 0.0, 0.0, 0.0, 0.0, 0.0, 0.0]","[0.625, 0.578125, 0.515625, 0.96875, 0.1875, 0.390625, 0.0, 0.0, 0.0, 0.0, 0.0, 0.0, 0.0, 0.0, 0.0, 0.0, 0.0, 0.0, 0.0, 0.0, 0.0]","[11, 36, 37]",1.6673791869509478,1.7800715052404903
752,4699.6875,"[1.0, 1.0, 0.78125, 0.9375, 0.40625, 0.71875, 0.0, 0.0, 0.0, 0.0, 0.0, 0.0, 0.0, 0.0, 0.0, 0.0, 0.0, 0.0, 0.0, 0.0, 0.0]","[0.625, 0.59375, 0.421875, 1.0, 0.21875, 0.390625, 0.0, 0.0, 0.0, 0.0, 0.0, 0.0, 0.0, 0.0, 0.0, 0.0, 0.0, 0.0, 0.0, 0.0, 0.0]",[12],1.6532501965156017,1.7938942507406161
753,4740.3125,"[1.0, 1.0, 0.53125, 0.9375, 0.53125, 0.71875, 0.0, 0.0, 0.0, 0.0, 0.0, 0.0, 0.0, 0.0, 0.0, 0.0, 0.0, 0.0, 0.0, 0.0, 0.0]","[0.625, 0.59375, 0.296875, 1.0, 0.28125, 0.390625, 0.0, 0.0, 0.0, 0.0, 0.0, 0.0, 0.0, 0.0, 0.0, 0.0, 0.0, 0.0, 0.0, 0.0, 0.0]",[13],1.6536942335929272,1.8066502167733003
754,4622.1875,"[1.0, 1.0, 0.53125, 0.9375, 0.53125, 0.71875, 0.0, 0.0, 0.0, 0.0, 0.0, 0.0, 0.0, 0.0, 0.0, 0.0, 0.0, 0.0, 0.0, 0.0, 0.0]","[0.625, 0.59375, 0.296875, 1.0, 0.28125, 0.390625, 0.0, 0.0, 0.0, 0.0, 0.0, 0.0, 0.0, 0.0, 0.0, 0.0, 0.0, 0.0, 0.0, 0.0, 0.0]",[14],1.6536942335929272,1.8066502167733003
755,4602.5,"[1.0, 0.96875, 0.5625, 0.9375, 0.53125, 0.71875, 0.0, 0.0, 0.0, 0.0, 0.0, 0.0, 0.0, 0.0, 0.0, 0.0, 0.0, 0.0, 0.0, 0.0, 0.0]","[0.625, 0.578125, 0.3125, 1.0, 0.28125, 0.390625, 0.0, 0.0, 0.0, 0.0, 0.0, 0.0, 0.0, 0.0, 0.0, 0.0, 0.0, 0.0, 0.0, 0.0, 0.0]","[15, 20, 38, 39, 40, 41, 42, 43, 44, 45, 46, 47, 48, 49, 60, 61, 62, 63, 64]",1.6458785725569025,1.8016156404187922
756,4878.125,"[1.0, 1.0, 0.9375, 0.9375, 0.53125, 0.71875, 0.0, 0.0, 0.0, 0.0, 0.0, 0.0, 0.0, 0.0, 0.0, 0.0, 0.0, 0.0, 0.0, 0.0, 0.0]","[0.625, 0.59375, 0.5, 1.0, 0.28125, 0.390625, 0.0, 0.0, 0.0, 0.0, 0.0, 0.0, 0.0, 0.0, 0.0, 0.0, 0.0, 0.0, 0.0, 0.0, 0.0]","[39, 41, 42, 43, 44, 45, 46, 47, 48, 49, 60, 61, 62, 63, 64, 16]",1.6257748804577539,1.750448561085612
757,5433.75,"[0.90625, 1.0, 0.84375, 0.3125, 0.96875, 0.71875, 0.0, 0.0, 0.0, 0.0, 0.0, 0.0, 0.0, 0.0, 0.0, 0.0, 0.0, 0.0, 0.0, 0.0, 0.0]","[0.546875, 0.59375, 0.484375, 0.3125, 0.5, 0.390625, 0.0, 0.0, 0.0, 0.0, 0.0, 0.0, 0.0, 0.0, 0.0, 0.0, 0.0, 0.0, 0.0, 0.0, 0.0]","[41, 44, 45, 46, 49, 60, 61, 63, 64, 16, 17, 21, 50, 51, 52, 53]",1.674209616307104,1.624891841300532
758,4937.8125,"[0.5625, 1.0, 0.96875, 0.46875, 0.96875, 0.265625, 0.0, 0.0, 0.0, 0.0, 0.0, 0.0, 0.0, 0.0, 0.0, 0.0, 0.0, 0.0, 0.0, 0.0, 0.0]","[0.34375, 0.59375, 0.546875, 0.46875, 0.5, 0.1484375, 0.0, 0.0, 0.0, 0.0, 0.0, 0.0, 0.0, 0.0, 0.0, 0.0, 0.0, 0.0, 0.0, 0.0, 0.0]","[44, 46, 49, 60, 61, 64, 16, 17, 51, 52, 53, 18]",1.755030584103596,1.7071220275564134
759,4243.28125,"[1.0, 1.0, 0.96875, 0.46875, 0.96875, 0.1875, 0.0, 0.0, 0.0, 0.0, 0.0, 0.0, 0.0, 0.0, 0.0, 0.0, 0.0, 0.0, 0.0, 0.0, 0.0]","[0.65625, 0.59375, 0.546875, 0.46875, 0.5, 0.09375, 0.0, 0.0, 0.0, 0.0, 0.0, 0.0, 0.0, 0.0, 0.0, 0.0, 0.0, 0.0, 0.0, 0.0, 0.0]","[51, 52, 53, 18, 19]",1.7640178540224614,1.7346090578900064
760,4481.25,"[1.0, 1.0, 1.0, 0.71875, 0.96875, 0.125, 0.0, 0.0, 0.0, 0.0, 0.0, 0.0, 0.0, 0.0, 0.0, 0.0, 0.0, 0.0, 0.0, 0.0, 0.0]","[0.65625, 0.59375, 0.5625, 0.75, 0.5, 0.0625, 0.0, 0.0, 0.0, 0.0, 0.0, 0.0, 0.0, 0.0, 0.0, 0.0, 0.0, 0.0, 0.0, 0.0, 0.0]",[0],1.74748934424919,1.7664087862100326
761,4441.5625,"[0.71875, 1.0, 1.0, 0.75, 0.96875, 0.0, 0.0, 0.0, 0.0, 0.0, 0.0, 0.0, 0.0, 0.0, 0.0, 0.0, 0.0, 0.0, 0.0, 0.0, 0.0]","[0.484375, 0.59375, 0.5625, 0.8125, 0.5, 0.0, 0.0, 0.0, 0.0, 0.0, 0.0, 0.0, 0.0, 0.0, 0.0, 0.0, 0.0, 0.0, 0.0, 0.0, 0.0]",[1],1.8123373180109459,1.835056108947756
762,4125.3125,"[0.75, 1.0, 1.0, 0.625, 0.96875, 0.0, 0.0, 0.0, 0.0, 0.0, 0.0, 0.0, 0.0, 0.0, 0.0, 0.0, 0.0, 0.0, 0.0, 0.0, 0.0]","[0.5, 0.59375, 0.5625, 0.6875, 0.5, 0.0, 0.0, 0.0, 0.0, 0.0, 0.0, 0.0, 0.0, 0.0, 0.0, 0.0, 0.0, 0.0, 0.0, 0.0, 0.0]",[2],1.8251842514898458,1.806347407117094
763,4005.9375,"[0.625, 0.875, 1.0, 0.5625, 0.84375, 0.0, 0.0, 0.0, 0.0, 0.0, 0.0, 0.0, 0.0, 0.0, 0.0, 0.0, 0.0, 0.0, 0.0, 0.0, 0.0]","[0.40625, 0.5, 0.5625, 0.625, 0.4375, 0.0, 0.0, 0.0, 0.0, 0.0, 0.0, 0.0, 0.0, 0.0, 0.0, 0.0, 0.0, 0.0, 0.0, 0.0, 0.0]","[3, 22, 23]",1.8392346234235586,1.8179614947357992
764,3807.1875,"[1.0, 0.875, 1.0, 0.5625, 0.78125, 0.0, 0.0, 0.0, 0.0, 0.0, 0.0, 0.0, 0.0, 0.0, 0.0, 0.0, 0.0, 0.0, 0.0, 0.0, 0.0]","[0.59375, 0.5, 0.5625, 0.625, 0.40625, 0.0, 0.0, 0.0, 0.0, 0.0, 0.0, 0.0, 0.0, 0.0, 0.0, 0.0, 0.0, 0.0, 0.0, 0.0, 0.0]","[23, 4]",1.8321320418927347,1.8131333864674075
765,3786.875,"[1.0, 0.96875, 1.0, 0.5625, 0.65625, 0.0, 0.0, 0.0, 0.0, 0.0, 0.0, 0.0, 0.0, 0.0, 0.0, 0.0, 0.0, 0.0, 0.0, 0.0, 0.0]","[0.59375, 0.578125, 0.5625, 0.625, 0.34375, 0.0, 0.0, 0.0, 0.0, 0.0, 0.0, 0.0, 0.0, 0.0, 0.0, 0.0, 0.0, 0.0, 0.0, 0.0, 0.0]","[5, 24, 25, 26, 27]",1.8476442467753398,1.8290391126615353
766,3965.3125,"[1.0, 1.0, 1.0, 0.8125, 0.625, 0.0, 0.0, 0.0, 0.0, 0.0, 0.0, 0.0, 0.0, 0.0, 0.0, 0.0, 0.0, 0.0, 0.0, 0.0, 0.0]","[0.59375, 0.59375, 0.5625, 0.90625, 0.3125, 0.0, 0.0, 0.0, 0.0, 0.0, 0.0, 0.0, 0.0, 0.0, 0.0, 0.0, 0.0, 0.0, 0.0, 0.0, 0.0]",[6],1.8220801835263358,1.903546769771928
767,3965.3125,"[1.0, 0.96875, 1.0, 0.84375, 0.625, 0.0, 0.0, 0.0, 0.0, 0.0, 0.0, 0.0, 0.0, 0.0, 0.0, 0.0, 0.0, 0.0, 0.0, 0.0, 0.0]","[0.59375, 0.578125, 0.5625, 0.9375, 0.3125, 0.0, 0.0, 0.0, 0.0, 0.0, 0.0, 0.0, 0.0, 0.0, 0.0, 0.0, 0.0, 0.0, 0.0, 0.0, 0.0]",[7],1.8192200512641792,1.9151715095864972
768,4025.0,"[1.0, 0.78125, 1.0, 0.90625, 0.625, 0.0, 0.0, 0.0, 0.0, 0.0, 0.0, 0.0, 0.0, 0.0, 0.0, 0.0, 0.0, 0.0, 0.0, 0.0, 0.0]","[0.59375, 0.484375, 0.5625, 1.0, 0.3125, 0.0, 0.0, 0.0, 0.0, 0.0, 0.0, 0.0, 0.0, 0.0, 0.0, 0.0, 0.0, 0.0, 0.0, 0.0, 0.0]",[8],1.820990126540444,1.9542082901145066
769,4065.625,"[1.0, 0.375, 1.0, 0.90625, 0.75, 0.0, 0.0, 0.0, 0.0, 0.0, 0.0, 0.0, 0.0, 0.0, 0.0, 0.0, 0.0, 0.0, 0.0, 0.0, 0.0]","[0.59375, 0.25, 0.5625, 1.0, 0.375, 0.0, 0.0, 0.0, 0.0, 0.0, 0.0, 0.0, 0.0, 0.0, 0.0, 0.0, 0.0, 0.0, 0.0, 0.0, 0.0]",[9],1.8852993673963945,2.020473419594519
770,3849.0625,"[1.0, 0.25, 0.75, 0.90625, 0.75, 0.0, 0.0, 0.0, 0.0, 0.0, 0.0, 0.0, 0.0, 0.0, 0.0, 0.0, 0.0, 0.0, 0.0, 0.0, 0.0]","[0.59375, 0.1875, 0.4375, 1.0, 0.375, 0.0, 0.0, 0.0, 0.0, 0.0, 0.0, 0.0, 0.0, 0.0, 0.0, 0.0, 0.0, 0.0, 0.0, 0.0, 0.0]",[10],1.9304133563814063,2.090005525061786
771,3593.125,"[1.0, 0.25, 0.75, 0.875, 0.6875, 0.0, 0.0, 0.0, 0.0, 0.0, 0.0, 0.0, 0.0, 0.0, 0.0, 0.0, 0.0, 0.0, 0.0, 0.0, 0.0]","[0.59375, 0.1875, 0.4375, 0.96875, 0.34375, 0.0, 0.0, 0.0, 0.0, 0.0, 0.0, 0.0, 0.0, 0.0, 0.0, 0.0, 0.0, 0.0, 0.0, 0.0, 0.0]","[11, 28, 29, 30, 31]",1.9333301493271453,2.0883547167456533
772,3789.0625,"[1.0, 0.78125, 0.75, 0.875, 0.5625, 0.0, 0.0, 0.0, 0.0, 0.0, 0.0, 0.0, 0.0, 0.0, 0.0, 0.0, 0.0, 0.0, 0.0, 0.0, 0.0]","[0.59375, 0.484375, 0.4375, 0.96875, 0.28125, 0.0, 0.0, 0.0, 0.0, 0.0, 0.0, 0.0, 0.0, 0.0, 0.0, 0.0, 0.0, 0.0, 0.0, 0.0, 0.0]",[12],1.8274503219374687,1.9827852446593308
773,3669.6875,"[1.0, 0.84375, 0.6875, 0.875, 0.5625, 0.0, 0.0, 0.0, 0.0, 0.0, 0.0, 0.0, 0.0, 0.0, 0.0, 0.0, 0.0, 0.0, 0.0, 0.0, 0.0]","[0.59375, 0.515625, 0.375, 0.96875, 0.28125, 0.0, 0.0, 0.0, 0.0, 0.0, 0.0, 0.0, 0.0, 0.0, 0.0, 0.0, 0.0, 0.0, 0.0, 0.0, 0.0]","[13, 32, 33, 34, 35, 36]",1.831720150677341,1.9974841318876244
774,3886.25,"[1.0, 1.0, 0.90625, 0.875, 0.5625, 0.0, 0.0, 0.0, 0.0, 0.0, 0.0, 0.0, 0.0, 0.0, 0.0, 0.0, 0.0, 0.0, 0.0, 0.0, 0.0]","[0.59375, 0.59375, 0.484375, 0.96875, 0.28125, 0.0, 0.0, 0.0, 0.0, 0.0, 0.0, 0.0, 0.0, 0.0, 0.0, 0.0, 0.0, 0.0, 0.0, 0.0, 0.0]","[33, 35, 36, 14]",1.8287537710293549,1.9530653444662858
775,4144.0625,"[0.5625, 0.96875, 0.46875, 0.75, 0.3125, 0.0, 0.0, 0.0, 0.0, 0.0, 0.0, 0.0, 0.0, 0.0, 0.0, 0.0, 0.0, 0.0, 0.0, 0.0, 0.0]","[0.28125, 0.578125, 0.265625, 0.84375, 0.15625, 0.0, 0.0, 0.0, 0.0, 0.0, 0.0, 0.0, 0.0, 0.0, 0.0, 0.0, 0.0, 0.0, 0.0, 0.0, 0.0]","[35, 15, 20, 37]",1.944192218358102,2.162089811488222
776,2957.1875,"[0.75, 0.96875, 0.46875, 0.75, 0.3125, 0.0, 0.0, 0.0, 0.0, 0.0, 0.0, 0.0, 0.0, 0.0, 0.0, 0.0, 0.0, 0.0, 0.0, 0.0, 0.0]","[0.40625, 0.578125, 0.265625, 0.84375, 0.15625, 0.0, 0.0, 0.0, 0.0, 0.0, 0.0, 0.0, 0.0, 0.0, 0.0, 0.0, 0.0, 0.0, 0.0, 0.0, 0.0]",[16],1.932237795771598,2.1019308803873464
777,3016.25,"[0.8125, 0.96875, 0.3125, 0.5625, 0.3125, 0.0, 0.0, 0.0, 0.0, 0.0, 0.0, 0.0, 0.0, 0.0, 0.0, 0.0, 0.0, 0.0, 0.0, 0.0, 0.0]","[0.4375, 0.578125, 0.1875, 0.625, 0.15625, 0.0, 0.0, 0.0, 0.0, 0.0, 0.0, 0.0, 0.0, 0.0, 0.0, 0.0, 0.0, 0.0, 0.0, 0.0, 0.0]",[17],2.007078885088857,2.0503912817335173
778,2797.8125,"[0.8125, 0.96875, 0.5625, 0.5, 0.3125, 0.0, 0.0, 0.0, 0.0, 0.0, 0.0, 0.0, 0.0, 0.0, 0.0, 0.0, 0.0, 0.0, 0.0, 0.0, 0.0]","[0.4375, 0.578125, 0.3125, 0.5625, 0.15625, 0.0, 0.0, 0.0, 0.0, 0.0, 0.0, 0.0, 0.0, 0.0, 0.0, 0.0, 0.0, 0.0, 0.0, 0.0, 0.0]","[18, 21, 38, 39, 40]",1.9416041016642027,1.957654386932799
779,2974.375,"[0.96875, 0.96875, 0.8125, 0.375, 0.3125, 0.0, 0.0, 0.0, 0.0, 0.0, 0.0, 0.0, 0.0, 0.0, 0.0, 0.0, 0.0, 0.0, 0.0, 0.0, 0.0]","[0.546875, 0.578125, 0.4375, 0.4375, 0.15625, 0.0, 0.0, 0.0, 0.0, 0.0, 0.0, 0.0, 0.0, 0.0, 0.0, 0.0, 0.0, 0.0, 0.0, 0.0, 0.0]","[39, 19, 41, 42, 43, 44, 45, 46, 47, 48, 49, 50]",1.9830271541799107,1.9234728883222922
780,3270.9375,"[1.0, 0.96875, 1.0, 0.59375, 0.3125, 0.0, 0.0, 0.0, 0.0, 0.0, 0.0, 0.0, 0.0, 0.0, 0.0, 0.0, 0.0, 0.0, 0.0, 0.0, 0.0]","[0.5625, 0.578125, 0.5625, 0.625, 0.15625, 0.0, 0.0, 0.0, 0.0, 0.0, 0.0, 0.0, 0.0, 0.0, 0.0, 0.0, 0.0, 0.0, 0.0, 0.0, 0.0]","[42, 43, 45, 46, 47, 48, 50, 0]",1.933702136890364,1.9241583070161452
781,3568.4375,"[0.96875, 1.0, 1.0, 0.84375, 0.3125, 0.0, 0.0, 0.0, 0.0, 0.0, 0.0, 0.0, 0.0, 0.0, 0.0, 0.0, 0.0, 0.0, 0.0, 0.0, 0.0]","[0.546875, 0.59375, 0.5625, 0.9375, 0.15625, 0.0, 0.0, 0.0, 0.0, 0.0, 0.0, 0.0, 0.0, 0.0, 0.0, 0.0, 0.0, 0.0, 0.0, 0.0, 0.0]","[0, 1]",1.9041241307315444,2.005921137345795
782,3608.125,"[0.9375, 1.0, 1.0, 0.875, 0.3125, 0.0, 0.0, 0.0, 0.0, 0.0, 0.0, 0.0, 0.0, 0.0, 0.0, 0.0, 0.0, 0.0, 0.0, 0.0, 0.0]","[0.53125, 0.59375, 0.5625, 0.96875, 0.15625, 0.0, 0.0, 0.0, 0.0, 0.0, 0.0, 0.0, 0.0, 0.0, 0.0, 0.0, 0.0, 0.0, 0.0, 0.0, 0.0]",[2],1.9022243033552804,2.0202676757007922
783,3648.125,"[0.5625, 0.9375, 1.0, 0.875, 0.375, 0.0, 0.0, 0.0, 0.0, 0.0, 0.0, 0.0, 0.0, 0.0, 0.0, 0.0, 0.0, 0.0, 0.0, 0.0, 0.0]","[0.34375, 0.53125, 0.5625, 0.96875, 0.1875, 0.0, 0.0, 0.0, 0.0, 0.0, 0.0, 0.0, 0.0, 0.0, 0.0, 0.0, 0.0, 0.0, 0.0, 0.0, 0.0]",[3],1.905693224699785,2.0680118367378344
784,3530.0,"[0.8125, 0.90625, 1.0, 0.875, 0.375, 0.0, 0.0, 0.0, 0.0, 0.0, 0.0, 0.0, 0.0, 0.0, 0.0, 0.0, 0.0, 0.0, 0.0, 0.0, 0.0]","[0.46875, 0.515625, 0.5625, 0.96875, 0.1875, 0.0, 0.0, 0.0, 0.0, 0.0, 0.0, 0.0, 0.0, 0.0, 0.0, 0.0, 0.0, 0.0, 0.0, 0.0, 0.0]","[4, 22, 23, 51, 52]",1.8752725224068278,2.025630153836326
785,3767.5,"[0.96875, 0.875, 1.0, 0.625, 0.5, 0.0, 0.0, 0.0, 0.0, 0.0, 0.0, 0.0, 0.0, 0.0, 0.0, 0.0, 0.0, 0.0, 0.0, 0.0, 0.0]","[0.578125, 0.5, 0.5625, 0.6875, 0.25, 0.0, 0.0, 0.0, 0.0, 0.0, 0.0, 0.0, 0.0, 0.0, 0.0, 0.0, 0.0, 0.0, 0.0, 0.0, 0.0]","[51, 5]",1.8599351920746694,1.8805075219059624
786,3509.0625,"[0.96875, 1.0, 1.0, 0.59375, 0.5, 0.0, 0.0, 0.0, 0.0, 0.0, 0.0, 0.0, 0.0, 0.0, 0.0, 0.0, 0.0, 0.0, 0.0, 0.0, 0.0]","[0.578125, 0.5625, 0.5625, 0.65625, 0.25, 0.0, 0.0, 0.0, 0.0, 0.0, 0.0, 0.0, 0.0, 0.0, 0.0, 0.0, 0.0, 0.0, 0.0, 0.0, 0.0]","[5, 6, 24, 25, 26, 27, 53, 54, 55, 56, 57, 58, 59, 60, 61, 62, 63, 64, 65, 66, 67, 68, 69, 70]",1.872346248259862,1.8717915405569372
787,3846.25,"[1.0, 1.0, 1.0, 0.8125, 0.5, 0.0, 0.0, 0.0, 0.0, 0.0, 0.0, 0.0, 0.0, 0.0, 0.0, 0.0, 0.0, 0.0, 0.0, 0.0, 0.0]","[0.59375, 0.5625, 0.5625, 0.9375, 0.25, 0.0, 0.0, 0.0, 0.0, 0.0, 0.0, 0.0, 0.0, 0.0, 0.0, 0.0, 0.0, 0.0, 0.0, 0.0, 0.0]","[53, 54, 55, 56, 57, 58, 59, 60, 61, 62, 63, 64, 65, 66, 67, 68, 69, 70, 7]",1.8480392033965312,1.9469196211193591
788,4481.25,"[1.0, 1.0, 1.0, 0.875, 0.875, 0.0, 0.0, 0.0, 0.0, 0.0, 0.0, 0.0, 0.0, 0.0, 0.0, 0.0, 0.0, 0.0, 0.0, 0.0, 0.0]","[0.59375, 0.5625, 0.5625, 1.0, 0.4375, 0.0, 0.0, 0.0, 0.0, 0.0, 0.0, 0.0, 0.0, 0.0, 0.0, 0.0, 0.0, 0.0, 0.0, 0.0, 0.0]","[55, 57, 59, 60, 62, 63, 64, 65, 67, 68, 69, 70, 8]",1.7937255987317866,1.8943779395012115
789,4481.25,"[1.0, 0.9375, 1.0, 0.875, 1.0, 0.0, 0.0, 0.0, 0.0, 0.0, 0.0, 0.0, 0.0, 0.0, 0.0, 0.0, 0.0, 0.0, 0.0, 0.0, 0.0]","[0.59375, 0.5, 0.5625, 1.0, 0.515625, 0.0, 0.0, 0.0, 0.0, 0.0, 0.0, 0.0, 0.0, 0.0, 0.0, 0.0, 0.0, 0.0, 0.0, 0.0, 0.0]","[60, 62, 63, 64, 65, 67, 68, 69, 70, 8, 9]",1.7920195647439316,1.8868988563348357
790,4719.375,"[1.0, 0.96875, 1.0, 0.875, 1.0, 0.1875, 0.0, 0.0, 0.0, 0.0, 0.0, 0.0, 0.0, 0.0, 0.0, 0.0, 0.0, 0.0, 0.0, 0.0, 0.0]","[0.59375, 0.546875, 0.5625, 1.0, 0.515625, 0.09375, 0.0, 0.0, 0.0, 0.0, 0.0, 0.0, 0.0, 0.0, 0.0, 0.0, 0.0, 0.0, 0.0, 0.0, 0.0]","[63, 64, 67, 68, 69, 8, 9, 10, 71, 72]",1.712214069161196,1.814425895823435
791,5155.9375,"[1.0, 0.46875, 1.0, 0.875, 1.0, 0.53125, 0.0, 0.0, 0.0, 0.0, 0.0, 0.0, 0.0, 0.0, 0.0, 0.0, 0.0, 0.0, 0.0, 0.0, 0.0]","[0.59375, 0.265625, 0.5625, 1.0, 0.515625, 0.296875, 0.0, 0.0, 0.0, 0.0, 0.0, 0.0, 0.0, 0.0, 0.0, 0.0, 0.0, 0.0, 0.0, 0.0, 0.0]","[68, 9, 11, 28, 29, 30, 31, 73, 74, 75, 76, 77]",1.6646190577711975,1.7895665632247377
792,5136.25,"[1.0, 0.90625, 1.0, 0.875, 1.0, 0.53125, 0.0, 0.0, 0.0, 0.0, 0.0, 0.0, 0.0, 0.0, 0.0, 0.0, 0.0, 0.0, 0.0, 0.0, 0.0]","[0.59375, 0.546875, 0.5625, 1.0, 0.515625, 0.296875, 0.0, 0.0, 0.0, 0.0, 0.0, 0.0, 0.0, 0.0, 0.0, 0.0, 0.0, 0.0, 0.0, 0.0, 0.0]","[31, 76, 77, 12]",1.6195817307869838,1.7161887144785983
793,5533.125,"[0.9375, 0.8125, 0.6875, 0.875, 0.9375, 0.84375, 0.0, 0.0, 0.0, 0.0, 0.0, 0.0, 0.0, 0.0, 0.0, 0.0, 0.0, 0.0, 0.0, 0.0, 0.0]","[0.5625, 0.53125, 0.375, 1.0, 0.484375, 0.453125, 0.0, 0.0, 0.0, 0.0, 0.0, 0.0, 0.0, 0.0, 0.0, 0.0, 0.0, 0.0, 0.0, 0.0, 0.0]",[13],1.5923052579440504,1.7158784049127986
794,5138.75,"[0.96875, 0.8125, 0.6875, 0.875, 0.8125, 0.84375, 0.0, 0.0, 0.0, 0.0, 0.0, 0.0, 0.0, 0.0, 0.0, 0.0, 0.0, 0.0, 0.0, 0.0, 0.0]","[0.578125, 0.53125, 0.375, 1.0, 0.421875, 0.453125, 0.0, 0.0, 0.0, 0.0, 0.0, 0.0, 0.0, 0.0, 0.0, 0.0, 0.0, 0.0, 0.0, 0.0, 0.0]",[14],1.592340062612255,1.727091422294339
795,5019.375,"[0.8125, 0.875, 0.6875, 0.875, 0.8125, 0.84375, 0.0, 0.0, 0.0, 0.0, 0.0, 0.0, 0.0, 0.0, 0.0, 0.0, 0.0, 0.0, 0.0, 0.0, 0.0]","[0.46875, 0.5625, 0.375, 1.0, 0.421875, 0.453125, 0.0, 0.0, 0.0, 0.0, 0.0, 0.0, 0.0, 0.0, 0.0, 0.0, 0.0, 0.0, 0.0, 0.0, 0.0]",[15],1.5878151797078097,1.7372665996027319
796,4999.6875,"[0.8125, 0.875, 0.6875, 0.875, 0.8125, 0.84375, 0.0, 0.0, 0.0, 0.0, 0.0, 0.0, 0.0, 0.0, 0.0, 0.0, 0.0, 0.0, 0.0, 0.0, 0.0]","[0.46875, 0.5625, 0.375, 1.0, 0.421875, 0.453125, 0.0, 0.0, 0.0, 0.0, 0.0, 0.0, 0.0, 0.0, 0.0, 0.0, 0.0, 0.0, 0.0, 0.0, 0.0]",[16],1.5878151797078097,1.7372665996027319
797,5078.4375,"[0.8125, 0.875, 0.6875, 0.875, 0.8125, 0.84375, 0.0, 0.0, 0.0, 0.0, 0.0, 0.0, 0.0, 0.0, 0.0, 0.0, 0.0, 0.0, 0.0, 0.0, 0.0]","[0.46875, 0.5625, 0.375, 1.0, 0.421875, 0.453125, 0.0, 0.0, 0.0, 0.0, 0.0, 0.0, 0.0, 0.0, 0.0, 0.0, 0.0, 0.0, 0.0, 0.0, 0.0]","[17, 20, 32, 33, 34, 35, 36, 37, 78, 79, 80, 81, 82, 83, 84, 85, 86, 87, 88, 89]",1.5878151797078097,1.7372665996027319
798,5196.5625,"[0.84375, 0.875, 0.5625, 0.875, 0.8125, 0.84375, 0.0, 0.0, 0.0, 0.0, 0.0, 0.0, 0.0, 0.0, 0.0, 0.0, 0.0, 0.0, 0.0, 0.0, 0.0]","[0.484375, 0.5625, 0.3125, 1.0, 0.421875, 0.453125, 0.0, 0.0, 0.0, 0.0, 0.0, 0.0, 0.0, 0.0, 0.0, 0.0, 0.0, 0.0, 0.0, 0.0, 0.0]","[33, 35, 37, 78, 79, 80, 81, 82, 83, 84, 85, 86, 87, 88, 89, 18]",1.6015414652562279,1.7547207807949177
799,5117.8125,"[0.96875, 0.84375, 0.75, 0.375, 0.8125, 0.84375, 0.0, 0.0, 0.0, 0.0, 0.0, 0.0, 0.0, 0.0, 0.0, 0.0, 0.0, 0.0, 0.0, 0.0, 0.0]","[0.546875, 0.546875, 0.375, 0.4375, 0.421875, 0.453125, 0.0, 0.0, 0.0, 0.0, 0.0, 0.0, 0.0, 0.0, 0.0, 0.0, 0.0, 0.0, 0.0, 0.0, 0.0]","[35, 37, 78, 80, 82, 83, 84, 85, 86, 87, 88, 89, 18, 19]",1.6454430993496187,1.601823225815437
800,4660.0,"[0.96875, 0.96875, 1.0, 0.375, 0.8125, 0.84375, 0.0, 0.0, 0.0, 0.0, 0.0, 0.0, 0.0, 0.0, 0.0, 0.0, 0.0, 0.0, 0.0, 0.0, 0.0]","[0.546875, 0.640625, 0.5, 0.4375, 0.421875, 0.453125, 0.0, 0.0, 0.0, 0.0, 0.0, 0.0, 0.0, 0.0, 0.0, 0.0, 0.0, 0.0, 0.0, 0.0, 0.0]","[78, 80, 82, 83, 85, 87, 88, 89, 18, 19, 0, 21, 38, 39, 40, 41, 42, 43, 44]",1.65343029225297,1.6061608276155495
801,5255.3125,"[1.0, 0.96875, 1.0, 0.8125, 0.8125, 0.84375, 0.0, 0.0, 0.0, 0.0, 0.0, 0.0, 0.0, 0.0, 0.0, 0.0, 0.0, 0.0, 0.0, 0.0, 0.0]","[0.5625, 0.640625, 0.5, 0.96875, 0.421875, 0.453125, 0.0, 0.0, 0.0, 0.0, 0.0, 0.0, 0.0, 0.0, 0.0, 0.0, 0.0, 0.0, 0.0, 0.0, 0.0]","[0, 21, 38, 39, 40, 41, 42, 43, 44, 1]",1.5907605800833282,1.684329419143062
802,5513.125,"[1.0, 1.0, 1.0, 0.84375, 0.9375, 0.84375, 0.0, 0.0, 0.0, 0.0, 0.0, 0.0, 0.0, 0.0, 0.0, 0.0, 0.0, 0.0, 0.0, 0.0, 0.0]","[0.5625, 0.65625, 0.5, 1.0, 0.484375, 0.453125, 0.0, 0.0, 0.0, 0.0, 0.0, 0.0, 0.0, 0.0, 0.0, 0.0, 0.0, 0.0, 0.0, 0.0, 0.0]","[39, 41, 42, 43, 44, 1, 2]",1.5872757934412167,1.6817528920240485
803,5671.875,"[0.75, 1.0, 1.0, 0.84375, 1.0, 0.96875, 0.0, 0.0, 0.0, 0.0, 0.0, 0.0, 0.0, 0.0, 0.0, 0.0, 0.0, 0.0, 0.0, 0.0, 0.0]","[0.4375, 0.65625, 0.5, 1.0, 0.53125, 0.515625, 0.0, 0.0, 0.0, 0.0, 0.0, 0.0, 0.0, 0.0, 0.0, 0.0, 0.0, 0.0, 0.0, 0.0, 0.0]","[42, 44, 1, 2, 3]",1.5931102449276298,1.6836073471198967
804,5652.1875,"[0.8125, 0.875, 1.0, 0.84375, 0.875, 0.96875, 0.0, 0.0, 0.0, 0.0, 0.0, 0.0, 0.0, 0.0, 0.0, 0.0, 0.0, 0.0, 0.0, 0.0, 0.0]","[0.46875, 0.59375, 0.5, 1.0, 0.46875, 0.515625, 0.0, 0.0, 0.0, 0.0, 0.0, 0.0, 0.0, 0.0, 0.0, 0.0, 0.0, 0.0, 0.0, 0.0, 0.0]","[2, 3, 4, 22, 23, 45, 46, 47]",1.5872625427649592,1.6889203703285245
805,5593.125,"[1.0, 0.875, 1.0, 0.8125, 1.0, 0.96875, 0.0, 0.0, 0.0, 0.0, 0.0, 0.0, 0.0, 0.0, 0.0, 0.0, 0.0, 0.0, 0.0, 0.0, 0.0]","[0.5625, 0.59375, 0.5, 0.9375, 0.53125, 0.515625, 0.0, 0.0, 0.0, 0.0, 0.0, 0.0, 0.0, 0.0, 0.0, 0.0, 0.0, 0.0, 0.0, 0.0, 0.0]","[22, 23, 45, 46, 47, 5, 48, 49, 50, 51, 52, 90, 91, 92, 93, 94]",1.5877803267788781,1.6483145381692292
806,6110.3125,"[0.96875, 0.875, 1.0, 0.5, 0.5, 0.6875, 0.1875, 0.0, 0.0, 0.0, 0.0, 0.0, 0.0, 0.0, 0.0, 0.0, 0.0, 0.0, 0.0, 0.0, 0.0]","[0.546875, 0.59375, 0.5, 0.59375, 0.265625, 0.359375, 0.1875, 0.0, 0.0, 0.0, 0.0, 0.0, 0.0, 0.0, 0.0, 0.0, 0.0, 0.0, 0.0, 0.0, 0.0]","[45, 46, 5, 49, 50, 52, 90, 91, 92, 94, 6, 24, 25, 26, 27, 53]",1.581381519493927,1.5389230077130691
807,4880.0,"[1.0, 1.0, 1.0, 0.625, 0.375, 0.6875, 0.1875, 0.0, 0.0, 0.0, 0.0, 0.0, 0.0, 0.0, 0.0, 0.0, 0.0, 0.0, 0.0, 0.0, 0.0]","[0.5625, 0.6875, 0.5, 0.71875, 0.203125, 0.359375, 0.1875, 0.0, 0.0, 0.0, 0.0, 0.0, 0.0, 0.0, 0.0, 0.0, 0.0, 0.0, 0.0, 0.0, 0.0]","[46, 49, 50, 52, 91, 92, 94, 6, 24, 25, 27, 53, 7, 54, 55, 56, 57, 58, 59, 60, 61, 62, 63, 64, 65, 66, 67, 68, 69, 70, 95, 96]",1.6028204923109737,1.6031034328631837
808,5038.75,"[1.0, 1.0, 1.0, 0.875, 0.375, 0.65625, 0.1875, 0.0, 0.0, 0.0, 0.0, 0.0, 0.0, 0.0, 0.0, 0.0, 0.0, 0.0, 0.0, 0.0, 0.0]","[0.5625, 0.6875, 0.5, 1.0, 0.203125, 0.328125, 0.1875, 0.0, 0.0, 0.0, 0.0, 0.0, 0.0, 0.0, 0.0, 0.0, 0.0, 0.0, 0.0, 0.0, 0.0]","[92, 94, 24, 25, 27, 7, 54, 55, 56, 57, 58, 59, 60, 61, 62, 63, 64, 65, 66, 67, 68, 69, 70, 95, 96, 8]",1.593297716611807,1.6970806655808057
809,5792.8125,"[1.0, 0.96875, 1.0, 0.875, 1.0, 0.65625, 0.1875, 0.0, 0.0, 0.0, 0.0, 0.0, 0.0, 0.0, 0.0, 0.0, 0.0, 0.0, 0.0, 0.0, 0.0]","[0.5625, 0.671875, 0.5, 1.0, 0.578125, 0.328125, 0.1875, 0.0, 0.0, 0.0, 0.0, 0.0, 0.0, 0.0, 0.0, 0.0, 0.0, 0.0, 0.0, 0.0, 0.0]","[60, 63, 64, 65, 66, 67, 68, 69, 70, 95, 96, 8, 9, 97, 98, 99, 100]",1.5350236312856036,1.604730615977095
810,6229.375,"[1.0, 1.0, 1.0, 0.875, 1.0, 0.78125, 0.1875, 0.0, 0.0, 0.0, 0.0, 0.0, 0.0, 0.0, 0.0, 0.0, 0.0, 0.0, 0.0, 0.0, 0.0]","[0.5625, 0.6875, 0.5, 1.0, 0.578125, 0.390625, 0.1875, 0.0, 0.0, 0.0, 0.0, 0.0, 0.0, 0.0, 0.0, 0.0, 0.0, 0.0, 0.0, 0.0, 0.0]","[66, 68, 69, 70, 95, 96, 8, 9, 97, 98, 99, 100, 10]",1.525630117735342,1.5889115771495907
811,6229.375,"[1.0, 0.5625, 1.0, 0.875, 1.0, 0.6875, 0.1875, 0.0, 0.0, 0.0, 0.0, 0.0, 0.0, 0.0, 0.0, 0.0, 0.0, 0.0, 0.0, 0.0, 0.0]","[0.5625, 0.40625, 0.5, 1.0, 0.578125, 0.375, 0.1875, 0.0, 0.0, 0.0, 0.0, 0.0, 0.0, 0.0, 0.0, 0.0, 0.0, 0.0, 0.0, 0.0, 0.0]","[70, 9, 97, 98, 100, 10, 11]",1.5540993898379891,1.6165223262690342
812,5832.5,"[1.0, 0.9375, 1.0, 0.875, 1.0, 0.6875, 0.1875, 0.0, 0.0, 0.0, 0.0, 0.0, 0.0, 0.0, 0.0, 0.0, 0.0, 0.0, 0.0, 0.0, 0.0]","[0.5625, 0.59375, 0.5, 1.0, 0.578125, 0.375, 0.1875, 0.0, 0.0, 0.0, 0.0, 0.0, 0.0, 0.0, 0.0, 0.0, 0.0, 0.0, 0.0, 0.0, 0.0]","[97, 100, 10, 11, 12, 28, 29, 30, 31, 71, 72, 73, 74, 75, 76, 77, 101]",1.5313020222501574,1.5931826514017566
813,6229.375,"[0.96875, 1.0, 1.0, 0.875, 1.0, 1.0, 0.1875, 0.0, 0.0, 0.0, 0.0, 0.0, 0.0, 0.0, 0.0, 0.0, 0.0, 0.0, 0.0, 0.0, 0.0]","[0.546875, 0.625, 0.5, 1.0, 0.578125, 0.53125, 0.1875, 0.0, 0.0, 0.0, 0.0, 0.0, 0.0, 0.0, 0.0, 0.0, 0.0, 0.0, 0.0, 0.0, 0.0]","[12, 28, 29, 30, 31, 71, 72, 73, 74, 75, 76, 77, 101, 13, 102, 103, 104, 105]",1.5209526624000431,1.5668005328464183
814,7265.3125,"[1.0, 0.9375, 1.0, 0.875, 1.0, 1.0, 0.59375, 0.0, 0.0, 0.0, 0.0, 0.0, 0.0, 0.0, 0.0, 0.0, 0.0, 0.0, 0.0, 0.0, 0.0]","[0.5625, 0.59375, 0.5, 1.0, 0.578125, 0.53125, 0.65625, 0.0, 0.0, 0.0, 0.0, 0.0, 0.0, 0.0, 0.0, 0.0, 0.0, 0.0, 0.0, 0.0, 0.0]","[72, 77, 104, 14, 106, 107, 108, 109, 110, 111, 112]",1.4382883607556955,1.478366853992128
815,7743.4375,"[0.875, 1.0, 1.0, 0.875, 1.0, 1.0, 0.78125, 0.0, 0.0, 0.0, 0.0, 0.0, 0.0, 0.0, 0.0, 0.0, 0.0, 0.0, 0.0, 0.0, 0.0]","[0.5, 0.625, 0.5, 1.0, 0.578125, 0.53125, 0.84375, 0.0, 0.0, 0.0, 0.0, 0.0, 0.0, 0.0, 0.0, 0.0, 0.0, 0.0, 0.0, 0.0, 0.0]","[104, 107, 108, 109, 112, 15]",1.4224937515677314,1.4917291887927397
816,7743.4375,"[1.0, 1.0, 0.75, 0.875, 1.0, 1.0, 0.78125, 0.0, 0.0, 0.0, 0.0, 0.0, 0.0, 0.0, 0.0, 0.0, 0.0, 0.0, 0.0, 0.0, 0.0]","[0.59375, 0.625, 0.375, 1.0, 0.578125, 0.53125, 0.84375, 0.0, 0.0, 0.0, 0.0, 0.0, 0.0, 0.0, 0.0, 0.0, 0.0, 0.0, 0.0, 0.0, 0.0]","[109, 112, 15, 16]",1.4278274598862548,1.5042599609956786
817,7723.75,"[0.625, 0.875, 0.21875, 0.4375, 1.0, 1.0, 0.78125, 0.0, 0.0, 0.0, 0.0, 0.0, 0.0, 0.0, 0.0, 0.0, 0.0, 0.0, 0.0, 0.0, 0.0]","[0.375, 0.53125, 0.140625, 0.5, 0.578125, 0.53125, 0.84375, 0.0, 0.0, 0.0, 0.0, 0.0, 0.0, 0.0, 0.0, 0.0, 0.0, 0.0, 0.0, 0.0, 0.0]",[17],1.5654548650362394,1.5698932231661036
818,6459.375,"[0.75, 0.875, 0.21875, 0.40625, 1.0, 1.0, 0.78125, 0.0, 0.0, 0.0, 0.0, 0.0, 0.0, 0.0, 0.0, 0.0, 0.0, 0.0, 0.0, 0.0, 0.0]","[0.4375, 0.53125, 0.140625, 0.4375, 0.578125, 0.53125, 0.84375, 0.0, 0.0, 0.0, 0.0, 0.0, 0.0, 0.0, 0.0, 0.0, 0.0, 0.0, 0.0, 0.0, 0.0]",[18],1.5633183787146854,1.5656218812344187
819,6577.1875,"[0.96875, 0.875, 0.21875, 0.40625, 1.0, 1.0, 0.78125, 0.0, 0.0, 0.0, 0.0, 0.0, 0.0, 0.0, 0.0, 0.0, 0.0, 0.0, 0.0, 0.0, 0.0]","[0.546875, 0.53125, 0.140625, 0.4375, 0.578125, 0.53125, 0.84375, 0.0, 0.0, 0.0, 0.0, 0.0, 0.0, 0.0, 0.0, 0.0, 0.0, 0.0, 0.0, 0.0, 0.0]","[19, 20, 32, 33, 34, 35, 36, 37, 78, 79, 80, 81, 82]",1.565057430864683,1.5552275661037989
820,6970.9375,"[0.8125, 0.96875, 0.71875, 0.375, 0.75, 0.875, 0.78125, 0.0, 0.0, 0.0, 0.0, 0.0, 0.0, 0.0, 0.0, 0.0, 0.0, 0.0, 0.0, 0.0, 0.0]","[0.4375, 0.609375, 0.390625, 0.40625, 0.4375, 0.46875, 0.84375, 0.0, 0.0, 0.0, 0.0, 0.0, 0.0, 0.0, 0.0, 0.0, 0.0, 0.0, 0.0, 0.0, 0.0]","[33, 35, 36, 37, 78, 80, 81, 82, 0, 21, 38]",1.4690056711417332,1.5025246554598197
821,6592.8125,"[0.96875, 0.96875, 0.96875, 0.375, 0.75, 0.875, 0.78125, 0.0, 0.0, 0.0, 0.0, 0.0, 0.0, 0.0, 0.0, 0.0, 0.0, 0.0, 0.0, 0.0, 0.0]","[0.546875, 0.609375, 0.515625, 0.40625, 0.4375, 0.46875, 0.84375, 0.0, 0.0, 0.0, 0.0, 0.0, 0.0, 0.0, 0.0, 0.0, 0.0, 0.0, 0.0, 0.0, 0.0]","[36, 37, 78, 80, 81, 82, 0, 38, 1]",1.475640468711606,1.4790273377761525
822,6910.3125,"[0.9375, 0.96875, 0.96875, 0.625, 0.75, 0.875, 0.78125, 0.0, 0.0, 0.0, 0.0, 0.0, 0.0, 0.0, 0.0, 0.0, 0.0, 0.0, 0.0, 0.0, 0.0]","[0.53125, 0.609375, 0.515625, 0.71875, 0.4375, 0.46875, 0.84375, 0.0, 0.0, 0.0, 0.0, 0.0, 0.0, 0.0, 0.0, 0.0, 0.0, 0.0, 0.0, 0.0, 0.0]","[81, 1, 2, 39, 40, 41, 42, 43, 44, 83, 84, 85]",1.4356672684103897,1.469120864906111
823,7227.8125,"[0.875, 0.96875, 0.96875, 0.875, 0.75, 0.875, 0.78125, 0.0, 0.0, 0.0, 0.0, 0.0, 0.0, 0.0, 0.0, 0.0, 0.0, 0.0, 0.0, 0.0, 0.0]","[0.5, 0.609375, 0.515625, 0.96875, 0.4375, 0.46875, 0.84375, 0.0, 0.0, 0.0, 0.0, 0.0, 0.0, 0.0, 0.0, 0.0, 0.0, 0.0, 0.0, 0.0, 0.0]","[2, 41, 42, 43, 83, 84, 85, 3]",1.4225570776082253,1.5105943687938623
824,7386.5625,"[1.0, 0.8125, 0.96875, 0.8125, 0.75, 0.875, 0.71875, 0.0, 0.0, 0.0, 0.0, 0.0, 0.0, 0.0, 0.0, 0.0, 0.0, 0.0, 0.0, 0.0, 0.0]","[0.59375, 0.5, 0.515625, 0.90625, 0.4375, 0.46875, 0.78125, 0.0, 0.0, 0.0, 0.0, 0.0, 0.0, 0.0, 0.0, 0.0, 0.0, 0.0, 0.0, 0.0, 0.0]","[42, 43, 84, 85, 3, 4, 22, 23]",1.4283050800378922,1.4909056222163601
825,7167.5,"[0.96875, 0.90625, 0.96875, 0.65625, 0.78125, 0.875, 0.59375, 0.0, 0.0, 0.0, 0.0, 0.0, 0.0, 0.0, 0.0, 0.0, 0.0, 0.0, 0.0, 0.0, 0.0]","[0.578125, 0.546875, 0.515625, 0.71875, 0.4375, 0.46875, 0.65625, 0.0, 0.0, 0.0, 0.0, 0.0, 0.0, 0.0, 0.0, 0.0, 0.0, 0.0, 0.0, 0.0, 0.0]","[3, 4, 23, 5]",1.444037182257753,1.4430122688958666
826,6590.9375,"[1.0, 0.96875, 0.96875, 0.5625, 0.65625, 0.875, 0.59375, 0.0, 0.0, 0.0, 0.0, 0.0, 0.0, 0.0, 0.0, 0.0, 0.0, 0.0, 0.0, 0.0, 0.0]","[0.59375, 0.578125, 0.515625, 0.625, 0.359375, 0.46875, 0.65625, 0.0, 0.0, 0.0, 0.0, 0.0, 0.0, 0.0, 0.0, 0.0, 0.0, 0.0, 0.0, 0.0, 0.0]","[23, 6]",1.465403496449837,1.4464654708565734
827,6313.125,"[1.0, 0.6875, 0.96875, 0.625, 0.25, 0.359375, 0.59375, 0.0, 0.0, 0.0, 0.0, 0.0, 0.0, 0.0, 0.0, 0.0, 0.0, 0.0, 0.0, 0.0, 0.0]","[0.59375, 0.4375, 0.515625, 0.71875, 0.125, 0.1796875, 0.65625, 0.0, 0.0, 0.0, 0.0, 0.0, 0.0, 0.0, 0.0, 0.0, 0.0, 0.0, 0.0, 0.0, 0.0]",[7],1.5792699743039222,1.6250996351699458
828,5043.90625,"[1.0, 0.8125, 0.96875, 0.625, 0.25, 0.328125, 0.59375, 0.0, 0.0, 0.0, 0.0, 0.0, 0.0, 0.0, 0.0, 0.0, 0.0, 0.0, 0.0, 0.0, 0.0]","[0.59375, 0.5, 0.515625, 0.71875, 0.125, 0.1640625, 0.65625, 0.0, 0.0, 0.0, 0.0, 0.0, 0.0, 0.0, 0.0, 0.0, 0.0, 0.0, 0.0, 0.0, 0.0]","[8, 24, 25, 26]",1.5870710846640352,1.6253386317938288
829,5261.40625,"[1.0, 0.71875, 0.96875, 0.75, 0.25, 0.1875, 0.59375, 0.0, 0.0, 0.0, 0.0, 0.0, 0.0, 0.0, 0.0, 0.0, 0.0, 0.0, 0.0, 0.0, 0.0]","[0.59375, 0.453125, 0.515625, 0.84375, 0.125, 0.09375, 0.65625, 0.0, 0.0, 0.0, 0.0, 0.0, 0.0, 0.0, 0.0, 0.0, 0.0, 0.0, 0.0, 0.0, 0.0]",[9],1.6268626215324182,1.6978978599601164
830,5004.0625,"[1.0, 0.84375, 0.96875, 0.75, 0.25, 0.125, 0.59375, 0.0, 0.0, 0.0, 0.0, 0.0, 0.0, 0.0, 0.0, 0.0, 0.0, 0.0, 0.0, 0.0, 0.0]","[0.59375, 0.515625, 0.515625, 0.84375, 0.125, 0.0625, 0.65625, 0.0, 0.0, 0.0, 0.0, 0.0, 0.0, 0.0, 0.0, 0.0, 0.0, 0.0, 0.0, 0.0, 0.0]","[10, 27, 45]",1.6512309392523963,1.707768671133378
831,5142.5,"[1.0, 0.9375, 0.96875, 0.875, 0.25, 0.0, 0.59375, 0.0, 0.0, 0.0, 0.0, 0.0, 0.0, 0.0, 0.0, 0.0, 0.0, 0.0, 0.0, 0.0, 0.0]","[0.59375, 0.59375, 0.515625, 0.96875, 0.125, 0.0, 0.65625, 0.0, 0.0, 0.0, 0.0, 0.0, 0.0, 0.0, 0.0, 0.0, 0.0, 0.0, 0.0, 0.0, 0.0]",[11],1.7102738152148318,1.7744711826719322
832,5023.125,"[0.96875, 0.9375, 0.96875, 0.875, 0.25, 0.0, 0.3125, 0.0, 0.0, 0.0, 0.0, 0.0, 0.0, 0.0, 0.0, 0.0, 0.0, 0.0, 0.0, 0.0, 0.0]","[0.578125, 0.59375, 0.515625, 0.96875, 0.125, 0.0, 0.328125, 0.0, 0.0, 0.0, 0.0, 0.0, 0.0, 0.0, 0.0, 0.0, 0.0, 0.0, 0.0, 0.0, 0.0]",[12],1.7768553319911717,1.8372315620604263
833,4326.25,"[0.9375, 0.9375, 0.96875, 0.875, 0.3125, 0.0, 0.1875, 0.0, 0.0, 0.0, 0.0, 0.0, 0.0, 0.0, 0.0, 0.0, 0.0, 0.0, 0.0, 0.0, 0.0]","[0.5625, 0.59375, 0.515625, 0.96875, 0.15625, 0.0, 0.1875, 0.0, 0.0, 0.0, 0.0, 0.0, 0.0, 0.0, 0.0, 0.0, 0.0, 0.0, 0.0, 0.0, 0.0]","[13, 28, 29, 30, 31, 46, 47, 48, 49, 50, 51, 52, 53, 54, 55, 56, 57, 58, 59, 60, 61]",1.800411475602586,1.8860961335620436
834,4900.3125,"[0.90625, 0.9375, 0.84375, 0.875, 1.0, 0.0, 0.0, 0.0, 0.0, 0.0, 0.0, 0.0, 0.0, 0.0, 0.0, 0.0, 0.0, 0.0, 0.0, 0.0, 0.0]","[0.546875, 0.59375, 0.421875, 0.96875, 0.5, 0.0, 0.0, 0.0, 0.0, 0.0, 0.0, 0.0, 0.0, 0.0, 0.0, 0.0, 0.0, 0.0, 0.0, 0.0, 0.0]","[29, 30, 47, 48, 49, 52, 53, 54, 57, 58, 59, 60, 61, 14]",1.7929251509014108,1.9005875324316106
835,4580.9375,"[1.0, 0.9375, 0.9375, 0.875, 1.0, 0.125, 0.0, 0.0, 0.0, 0.0, 0.0, 0.0, 0.0, 0.0, 0.0, 0.0, 0.0, 0.0, 0.0, 0.0, 0.0]","[0.59375, 0.59375, 0.46875, 0.96875, 0.5, 0.0625, 0.0, 0.0, 0.0, 0.0, 0.0, 0.0, 0.0, 0.0, 0.0, 0.0, 0.0, 0.0, 0.0, 0.0, 0.0]","[47, 48, 49, 52, 53, 54, 57, 58, 59, 14, 15, 62, 63, 64, 65, 66, 67, 68, 69, 70, 71, 72, 73]",1.7351795659910076,1.8373919634145297
836,5156.25,"[1.0, 1.0, 0.875, 0.875, 1.0, 0.5625, 0.0, 0.0, 0.0, 0.0, 0.0, 0.0, 0.0, 0.0, 0.0, 0.0, 0.0, 0.0, 0.0, 0.0, 0.0]","[0.59375, 0.65625, 0.4375, 0.96875, 0.5, 0.28125, 0.0, 0.0, 0.0, 0.0, 0.0, 0.0, 0.0, 0.0, 0.0, 0.0, 0.0, 0.0, 0.0, 0.0, 0.0]","[48, 49, 52, 53, 54, 57, 58, 59, 14, 15, 62, 65, 66, 67, 70, 71, 72, 16]",1.614638914286848,1.7276554599889853
837,5354.375,"[0.875, 1.0, 1.0, 0.875, 1.0, 0.6875, 0.0, 0.0, 0.0, 0.0, 0.0, 0.0, 0.0, 0.0, 0.0, 0.0, 0.0, 0.0, 0.0, 0.0, 0.0]","[0.53125, 0.65625, 0.5, 0.96875, 0.5, 0.34375, 0.0, 0.0, 0.0, 0.0, 0.0, 0.0, 0.0, 0.0, 0.0, 0.0, 0.0, 0.0, 0.0, 0.0, 0.0]","[52, 54, 57, 58, 59, 14, 15, 62, 65, 66, 67, 70, 71, 72, 17]",1.5981558932767541,1.7001838135919305
838,5354.375,"[0.75, 1.0, 1.0, 0.875, 1.0, 0.6875, 0.0, 0.0, 0.0, 0.0, 0.0, 0.0, 0.0, 0.0, 0.0, 0.0, 0.0, 0.0, 0.0, 0.0, 0.0]","[0.5, 0.65625, 0.5, 0.96875, 0.5, 0.34375, 0.0, 0.0, 0.0, 0.0, 0.0, 0.0, 0.0, 0.0, 0.0, 0.0, 0.0, 0.0, 0.0, 0.0, 0.0]","[57, 58, 59, 14, 15, 62, 65, 66, 67, 70, 71, 72, 17, 18, 74]",1.6038017118072447,1.7043464109682847
839,5354.375,"[0.71875, 0.875, 0.5, 0.71875, 1.0, 0.6875, 0.0, 0.0, 0.0, 0.0, 0.0, 0.0, 0.0, 0.0, 0.0, 0.0, 0.0, 0.0, 0.0, 0.0, 0.0]","[0.515625, 0.5625, 0.25, 0.78125, 0.5, 0.34375, 0.0, 0.0, 0.0, 0.0, 0.0, 0.0, 0.0, 0.0, 0.0, 0.0, 0.0, 0.0, 0.0, 0.0, 0.0]","[62, 65, 66, 67, 70, 71, 72, 17, 18, 74, 19]",1.6284685204885672,1.705543060464717
840,4762.1875,"[1.0, 0.875, 0.25, 0.625, 1.0, 0.6875, 0.0, 0.0, 0.0, 0.0, 0.0, 0.0, 0.0, 0.0, 0.0, 0.0, 0.0, 0.0, 0.0, 0.0, 0.0]","[0.71875, 0.5625, 0.125, 0.65625, 0.5, 0.34375, 0.0, 0.0, 0.0, 0.0, 0.0, 0.0, 0.0, 0.0, 0.0, 0.0, 0.0, 0.0, 0.0, 0.0, 0.0]","[71, 72, 17, 18, 74, 19, 0]",1.7136857661132543,1.759568262878947
841,4721.875,"[0.96875, 1.0, 0.5, 0.625, 1.0, 0.6875, 0.0, 0.0, 0.0, 0.0, 0.0, 0.0, 0.0, 0.0, 0.0, 0.0, 0.0, 0.0, 0.0, 0.0, 0.0]","[0.703125, 0.625, 0.25, 0.65625, 0.5, 0.34375, 0.0, 0.0, 0.0, 0.0, 0.0, 0.0, 0.0, 0.0, 0.0, 0.0, 0.0, 0.0, 0.0, 0.0, 0.0]","[17, 74, 19, 1, 20, 21, 32, 33, 34, 35, 36, 37, 38, 75]",1.649857566114716,1.6942760280556382
842,5036.875,"[0.875, 0.8125, 1.0, 0.375, 0.875, 0.6875, 0.0, 0.0, 0.0, 0.0, 0.0, 0.0, 0.0, 0.0, 0.0, 0.0, 0.0, 0.0, 0.0, 0.0, 0.0]","[0.625, 0.5, 0.5625, 0.40625, 0.4375, 0.34375, 0.0, 0.0, 0.0, 0.0, 0.0, 0.0, 0.0, 0.0, 0.0, 0.0, 0.0, 0.0, 0.0, 0.0, 0.0]","[33, 34, 35, 36, 37, 38, 75, 2, 39, 40, 41, 42, 43, 44, 76, 77]",1.6538464805277808,1.6239727013079905
843,5077.5,"[1.0, 0.75, 1.0, 0.875, 0.875, 0.6875, 0.0, 0.0, 0.0, 0.0, 0.0, 0.0, 0.0, 0.0, 0.0, 0.0, 0.0, 0.0, 0.0, 0.0, 0.0]","[0.71875, 0.46875, 0.5625, 0.90625, 0.4375, 0.34375, 0.0, 0.0, 0.0, 0.0, 0.0, 0.0, 0.0, 0.0, 0.0, 0.0, 0.0, 0.0, 0.0, 0.0, 0.0]","[36, 37, 75, 39, 40, 42, 43, 44, 76, 3, 78, 79, 80, 81, 82, 83, 84, 85]",1.6010955749764062,1.697251058925813
844,5195.625,"[1.0, 1.0, 1.0, 0.78125, 0.75, 0.6875, 0.0, 0.0, 0.0, 0.0, 0.0, 0.0, 0.0, 0.0, 0.0, 0.0, 0.0, 0.0, 0.0, 0.0, 0.0]","[0.71875, 0.625, 0.5625, 0.78125, 0.375, 0.34375, 0.0, 0.0, 0.0, 0.0, 0.0, 0.0, 0.0, 0.0, 0.0, 0.0, 0.0, 0.0, 0.0, 0.0, 0.0]","[39, 40, 42, 43, 44, 76, 3, 78, 79, 80, 81, 82, 83, 84, 85, 4]",1.606844694645276,1.6696743615739866
845,5155.9375,"[0.96875, 1.0, 1.0, 0.96875, 0.75, 0.6875, 0.0, 0.0, 0.0, 0.0, 0.0, 0.0, 0.0, 0.0, 0.0, 0.0, 0.0, 0.0, 0.0, 0.0, 0.0]","[0.703125, 0.625, 0.5625, 1.0, 0.375, 0.34375, 0.0, 0.0, 0.0, 0.0, 0.0, 0.0, 0.0, 0.0, 0.0, 0.0, 0.0, 0.0, 0.0, 0.0, 0.0]","[76, 3, 79, 80, 81, 82, 83, 84, 85, 4, 5, 22, 23, 86, 87, 88, 89, 90]",1.6032813499427025,1.7221386445974833
846,5473.4375,"[1.0, 1.0, 1.0, 0.9375, 1.0, 0.6875, 0.0, 0.0, 0.0, 0.0, 0.0, 0.0, 0.0, 0.0, 0.0, 0.0, 0.0, 0.0, 0.0, 0.0, 0.0]","[0.71875, 0.625, 0.5625, 0.96875, 0.53125, 0.34375, 0.0, 0.0, 0.0, 0.0, 0.0, 0.0, 0.0, 0.0, 0.0, 0.0, 0.0, 0.0, 0.0, 0.0, 0.0]","[81, 85, 4, 5, 22, 23, 86, 87, 88, 89, 90, 6, 91, 92, 93, 94, 95, 96, 97, 98, 99, 100, 101, 102, 103, 104, 105, 106, 107, 108, 109, 110, 111, 112]",1.5974516743400573,1.6812693617224654
847,5870.3125,"[1.0, 0.875, 1.0, 0.96875, 1.0, 1.0, 0.0, 0.0, 0.0, 0.0, 0.0, 0.0, 0.0, 0.0, 0.0, 0.0, 0.0, 0.0, 0.0, 0.0, 0.0]","[0.71875, 0.5625, 0.5625, 1.0, 0.53125, 0.5, 0.0, 0.0, 0.0, 0.0, 0.0, 0.0, 0.0, 0.0, 0.0, 0.0, 0.0, 0.0, 0.0, 0.0, 0.0]","[5, 23, 86, 87, 88, 90, 6, 91, 92, 93, 94, 95, 96, 97, 98, 99, 100, 101, 102, 103, 104, 105, 106, 107, 108, 109, 110, 111, 112, 7]",1.5835740671171419,1.6584300463156028
848,6826.5625,"[1.0, 0.84375, 1.0, 0.84375, 1.0, 1.0, 0.375, 0.0, 0.0, 0.0, 0.0, 0.0, 0.0, 0.0, 0.0, 0.0, 0.0, 0.0, 0.0, 0.0, 0.0]","[0.71875, 0.546875, 0.5625, 0.875, 0.53125, 0.5, 0.375, 0.0, 0.0, 0.0, 0.0, 0.0, 0.0, 0.0, 0.0, 0.0, 0.0, 0.0, 0.0, 0.0, 0.0]","[86, 88, 90, 6, 92, 93, 94, 95, 97, 98, 99, 100, 102, 103, 104, 105, 107, 108, 109, 110, 112, 7, 8, 24, 25, 26, 113, 114]",1.4762620224516165,1.4821095734633585
849,6826.5625,"[1.0, 0.875, 1.0, 0.96875, 1.0, 1.0, 0.375, 0.0, 0.0, 0.0, 0.0, 0.0, 0.0, 0.0, 0.0, 0.0, 0.0, 0.0, 0.0, 0.0, 0.0]","[0.71875, 0.5625, 0.5625, 1.0, 0.53125, 0.5, 0.375, 0.0, 0.0, 0.0, 0.0, 0.0, 0.0, 0.0, 0.0, 0.0, 0.0, 0.0, 0.0, 0.0, 0.0]","[88, 90, 6, 92, 94, 95, 97, 98, 99, 100, 102, 103, 104, 105, 107, 108, 109, 110, 112, 7, 8, 24, 26, 113, 114, 9, 115, 116, 117, 118, 119, 120, 121, 122, 123]",1.4743756272795279,1.5103807466993218
850,7145.3125,"[1.0, 0.90625, 1.0, 0.84375, 1.0, 1.0, 0.5, 0.0, 0.0, 0.0, 0.0, 0.0, 0.0, 0.0, 0.0, 0.0, 0.0, 0.0, 0.0, 0.0, 0.0]","[0.71875, 0.578125, 0.5625, 0.875, 0.53125, 0.5, 0.5, 0.0, 0.0, 0.0, 0.0, 0.0, 0.0, 0.0, 0.0, 0.0, 0.0, 0.0, 0.0, 0.0, 0.0]","[6, 92, 94, 95, 97, 98, 99, 100, 102, 103, 104, 105, 107, 108, 109, 110, 112, 7, 8, 24, 26, 113, 114, 9, 116, 117, 118, 119, 121, 122, 123, 10]",1.452256864332202,1.4606706504011655
851,7145.3125,"[1.0, 0.9375, 1.0, 0.96875, 1.0, 1.0, 0.5, 0.0, 0.0, 0.0, 0.0, 0.0, 0.0, 0.0, 0.0, 0.0, 0.0, 0.0, 0.0, 0.0, 0.0]","[0.71875, 0.625, 0.5625, 1.0, 0.53125, 0.5, 0.5, 0.0, 0.0, 0.0, 0.0, 0.0, 0.0, 0.0, 0.0, 0.0, 0.0, 0.0, 0.0, 0.0, 0.0]","[94, 97, 99, 100, 102, 103, 104, 105, 107, 108, 109, 110, 112, 7, 8, 24, 26, 113, 114, 9, 116, 117, 118, 119, 121, 122, 123, 10, 11, 27, 45, 124, 125, 126]",1.4507418767173543,1.485130959034603
852,8101.5625,"[1.0, 1.0, 1.0, 0.96875, 0.9375, 1.0, 0.875, 0.0, 0.0, 0.0, 0.0, 0.0, 0.0, 0.0, 0.0, 0.0, 0.0, 0.0, 0.0, 0.0, 0.0]","[0.71875, 0.65625, 0.5625, 1.0, 0.5, 0.5, 0.875, 0.0, 0.0, 0.0, 0.0, 0.0, 0.0, 0.0, 0.0, 0.0, 0.0, 0.0, 0.0, 0.0, 0.0]","[97, 99, 102, 103, 104, 107, 108, 109, 112, 7, 8, 26, 113, 114, 116, 117, 118, 121, 122, 123, 27, 45, 124, 12]",1.4164192516193643,1.4832794961686848
853,8101.5625,"[0.5625, 0.9375, 0.75, 0.96875, 0.3125, 0.875, 0.875, 0.0, 0.0, 0.0, 0.0, 0.0, 0.0, 0.0, 0.0, 0.0, 0.0, 0.0, 0.0, 0.0, 0.0]","[0.40625, 0.59375, 0.4375, 1.0, 0.203125, 0.4375, 0.875, 0.0, 0.0, 0.0, 0.0, 0.0, 0.0, 0.0, 0.0, 0.0, 0.0, 0.0, 0.0, 0.0, 0.0]","[102, 103, 104, 107, 108, 109, 112, 7, 8, 26, 113, 114, 116, 117, 118, 121, 122, 123, 27, 45, 124, 12, 13]",1.502166310307449,1.624212585191778
854,6872.8125,"[0.9375, 0.9375, 0.75, 0.96875, 0.3125, 0.875, 0.875, 0.0, 0.0, 0.0, 0.0, 0.0, 0.0, 0.0, 0.0, 0.0, 0.0, 0.0, 0.0, 0.0, 0.0]","[0.65625, 0.59375, 0.4375, 1.0, 0.203125, 0.4375, 0.875, 0.0, 0.0, 0.0, 0.0, 0.0, 0.0, 0.0, 0.0, 0.0, 0.0, 0.0, 0.0, 0.0, 0.0]","[8, 26, 114, 116, 117, 118, 121, 122, 123, 27, 45, 124, 12, 13, 14, 28, 29, 30, 31, 46, 47, 48, 49, 50, 51, 52, 53, 54]",1.4860132576292044,1.5918248603526324
855,7030.3125,"[0.6875, 0.84375, 1.0, 0.96875, 0.3125, 0.4375, 0.875, 0.0, 0.0, 0.0, 0.0, 0.0, 0.0, 0.0, 0.0, 0.0, 0.0, 0.0, 0.0, 0.0, 0.0]","[0.46875, 0.546875, 0.5625, 1.0, 0.203125, 0.21875, 0.875, 0.0, 0.0, 0.0, 0.0, 0.0, 0.0, 0.0, 0.0, 0.0, 0.0, 0.0, 0.0, 0.0, 0.0]","[26, 114, 116, 117, 118, 121, 122, 123, 27, 45, 124, 12, 13, 14, 29, 30, 31, 46, 48, 49, 50, 51, 52, 53, 54, 15]",1.5297709914033548,1.6619263580444696
856,6415.625,"[1.0, 0.84375, 1.0, 0.96875, 0.3125, 0.3125, 0.875, 0.0, 0.0, 0.0, 0.0, 0.0, 0.0, 0.0, 0.0, 0.0, 0.0, 0.0, 0.0, 0.0, 0.0]","[0.6875, 0.546875, 0.5625, 1.0, 0.203125, 0.15625, 0.875, 0.0, 0.0, 0.0, 0.0, 0.0, 0.0, 0.0, 0.0, 0.0, 0.0, 0.0, 0.0, 0.0, 0.0]","[121, 123, 27, 45, 124, 12, 13, 14, 29, 30, 31, 46, 48, 49, 50, 51, 52, 53, 54, 15, 16]",1.5592341301627413,1.6651065349851308
857,6831.5625,"[1.0, 1.0, 0.9375, 0.96875, 0.6875, 0.3125, 0.875, 0.0, 0.0, 0.0, 0.0, 0.0, 0.0, 0.0, 0.0, 0.0, 0.0, 0.0, 0.0, 0.0, 0.0]","[0.6875, 0.65625, 0.5, 1.0, 0.390625, 0.15625, 0.875, 0.0, 0.0, 0.0, 0.0, 0.0, 0.0, 0.0, 0.0, 0.0, 0.0, 0.0, 0.0, 0.0, 0.0]","[27, 124, 12, 13, 14, 30, 31, 46, 49, 50, 51, 52, 54, 15, 16, 17]",1.4959599843087485,1.6040945073479318
858,6990.3125,"[1.0, 0.96875, 0.9375, 0.96875, 0.8125, 0.3125, 0.875, 0.0, 0.0, 0.0, 0.0, 0.0, 0.0, 0.0, 0.0, 0.0, 0.0, 0.0, 0.0, 0.0, 0.0]","[0.6875, 0.640625, 0.53125, 1.0, 0.453125, 0.15625, 0.875, 0.0, 0.0, 0.0, 0.0, 0.0, 0.0, 0.0, 0.0, 0.0, 0.0, 0.0, 0.0, 0.0, 0.0]","[124, 12, 13, 14, 30, 31, 46, 49, 50, 51, 54, 15, 16, 18, 55, 56, 57, 58]",1.4872895919982343,1.5867427971512496
859,7228.4375,"[1.0, 1.0, 0.875, 0.96875, 1.0, 0.3125, 0.875, 0.0, 0.0, 0.0, 0.0, 0.0, 0.0, 0.0, 0.0, 0.0, 0.0, 0.0, 0.0, 0.0, 0.0]","[0.6875, 0.65625, 0.5, 1.0, 0.546875, 0.15625, 0.875, 0.0, 0.0, 0.0, 0.0, 0.0, 0.0, 0.0, 0.0, 0.0, 0.0, 0.0, 0.0, 0.0, 0.0]","[12, 14, 30, 31, 46, 49, 50, 51, 54, 15, 16, 55, 56, 57, 19]",1.487976095579631,1.5755596919724901
860,7387.1875,"[1.0, 1.0, 0.75, 0.96875, 1.0, 0.4375, 0.875, 0.0, 0.0, 0.0, 0.0, 0.0, 0.0, 0.0, 0.0, 0.0, 0.0, 0.0, 0.0, 0.0, 0.0]","[0.6875, 0.65625, 0.46875, 1.0, 0.546875, 0.21875, 0.875, 0.0, 0.0, 0.0, 0.0, 0.0, 0.0, 0.0, 0.0, 0.0, 0.0, 0.0, 0.0, 0.0, 0.0]","[30, 31, 46, 49, 50, 51, 54, 15, 16, 55, 56, 57, 0]",1.4666050000988,1.5577050619480146
861,7387.1875,"[0.875, 0.75, 0.75, 0.71875, 1.0, 0.4375, 0.875, 0.0, 0.0, 0.0, 0.0, 0.0, 0.0, 0.0, 0.0, 0.0, 0.0, 0.0, 0.0, 0.0, 0.0]","[0.59375, 0.5, 0.5, 0.75, 0.546875, 0.21875, 0.875, 0.0, 0.0, 0.0, 0.0, 0.0, 0.0, 0.0, 0.0, 0.0, 0.0, 0.0, 0.0, 0.0, 0.0]","[51, 54, 15, 16, 55, 56, 57, 0, 1]",1.461410690687675,1.5308590437282938
862,6754.6875,"[0.96875, 0.75, 0.75, 0.296875, 0.9375, 0.4375, 0.875, 0.0, 0.0, 0.0, 0.0, 0.0, 0.0, 0.0, 0.0, 0.0, 0.0, 0.0, 0.0, 0.0, 0.0]","[0.671875, 0.5, 0.5, 0.296875, 0.515625, 0.21875, 0.875, 0.0, 0.0, 0.0, 0.0, 0.0, 0.0, 0.0, 0.0, 0.0, 0.0, 0.0, 0.0, 0.0, 0.0]","[15, 16, 55, 56, 57, 0, 1, 2, 20, 21, 32, 33, 34, 35, 36]",1.526009209694845,1.5733740199092612
863,6297.03125,"[0.96875, 1.0, 0.75, 0.28125, 0.75, 0.25, 0.875, 0.0, 0.0, 0.0, 0.0, 0.0, 0.0, 0.0, 0.0, 0.0, 0.0, 0.0, 0.0, 0.0, 0.0]","[0.671875, 0.6875, 0.5, 0.28125, 0.390625, 0.125, 0.875, 0.0, 0.0, 0.0, 0.0, 0.0, 0.0, 0.0, 0.0, 0.0, 0.0, 0.0, 0.0, 0.0, 0.0]","[56, 1, 2, 20, 21, 32, 33, 34, 35, 36, 3, 37, 38, 39, 40]",1.5838652693084405,1.6380170006971213
864,5958.4375,"[1.0, 1.0, 1.0, 0.28125, 0.75, 0.125, 0.875, 0.0, 0.0, 0.0, 0.0, 0.0, 0.0, 0.0, 0.0, 0.0, 0.0, 0.0, 0.0, 0.0, 0.0]","[0.6875, 0.6875, 0.65625, 0.28125, 0.390625, 0.0625, 0.875, 0.0, 0.0, 0.0, 0.0, 0.0, 0.0, 0.0, 0.0, 0.0, 0.0, 0.0, 0.0, 0.0, 0.0]","[1, 21, 33, 34, 35, 36, 3, 37, 38, 39, 40, 4, 41, 42, 43, 44, 59, 60, 61, 62, 63, 64, 65, 66, 67, 68, 69]",1.6337647154831247,1.663265946680446
865,6672.8125,"[1.0, 0.625, 1.0, 0.9375, 0.75, 0.125, 0.8125, 0.0, 0.0, 0.0, 0.0, 0.0, 0.0, 0.0, 0.0, 0.0, 0.0, 0.0, 0.0, 0.0, 0.0]","[0.6875, 0.4375, 0.65625, 0.96875, 0.390625, 0.0625, 0.8125, 0.0, 0.0, 0.0, 0.0, 0.0, 0.0, 0.0, 0.0, 0.0, 0.0, 0.0, 0.0, 0.0, 0.0]","[4, 43, 44, 59, 60, 61, 62, 63, 64, 65, 66, 67, 68, 69, 5, 22, 23, 70, 71, 72, 73, 74, 75, 76, 77, 78, 79, 80, 81, 82, 83, 84, 85, 86, 87, 88, 89, 90, 127, 128, 129, 130, 131, 132, 133, 134]",1.5602960647017634,1.6466271419026022
866,6473.75,"[0.625, 0.8125, 1.0, 0.8125, 0.6875, 0.125, 0.40625, 0.0, 0.0, 0.0, 0.0, 0.0, 0.0, 0.0, 0.0, 0.0, 0.0, 0.0, 0.0, 0.0, 0.0]","[0.40625, 0.5625, 0.65625, 0.84375, 0.34375, 0.0625, 0.40625, 0.0, 0.0, 0.0, 0.0, 0.0, 0.0, 0.0, 0.0, 0.0, 0.0, 0.0, 0.0, 0.0, 0.0]","[44, 62, 63, 64, 66, 67, 68, 69, 5, 22, 23, 70, 71, 72, 73, 74, 75, 76, 77, 78, 79, 80, 81, 82, 83, 84, 85, 86, 87, 88, 89, 90, 127, 128, 129, 130, 131, 132, 133, 134, 6]",1.5930554951266085,1.6515504980529805
867,5081.5625,"[0.96875, 0.8125, 1.0, 0.8125, 0.6875, 0.125, 0.40625, 0.0, 0.0, 0.0, 0.0, 0.0, 0.0, 0.0, 0.0, 0.0, 0.0, 0.0, 0.0, 0.0, 0.0]","[0.578125, 0.5625, 0.65625, 0.84375, 0.34375, 0.0625, 0.40625, 0.0, 0.0, 0.0, 0.0, 0.0, 0.0, 0.0, 0.0, 0.0, 0.0, 0.0, 0.0, 0.0, 0.0]","[63, 64, 66, 67, 68, 69, 5, 22, 23, 70, 71, 72, 73, 74, 75, 76, 77, 78, 79, 80, 81, 82, 83, 84, 85, 86, 87, 88, 89, 90, 127, 128, 129, 130, 131, 132, 133, 134, 6, 7]",1.5960029767425112,1.6320985336535236
868,5358.4375,"[0.78125, 1.0, 1.0, 0.8125, 0.6875, 0.125, 0.375, 0.0, 0.0, 0.0, 0.0, 0.0, 0.0, 0.0, 0.0, 0.0, 0.0, 0.0, 0.0, 0.0, 0.0]","[0.453125, 0.71875, 0.65625, 0.84375, 0.34375, 0.0625, 0.375, 0.0, 0.0, 0.0, 0.0, 0.0, 0.0, 0.0, 0.0, 0.0, 0.0, 0.0, 0.0, 0.0, 0.0]","[67, 68, 22, 23, 70, 71, 72, 73, 74, 75, 76, 77, 78, 79, 80, 81, 82, 83, 84, 85, 86, 87, 88, 89, 90, 127, 128, 129, 130, 131, 132, 133, 134, 6, 7, 8]",1.6068863724351279,1.6571961911079727
869,5278.75,"[0.8125, 0.875, 1.0, 0.9375, 0.6875, 0.125, 0.1875, 0.0, 0.0, 0.0, 0.0, 0.0, 0.0, 0.0, 0.0, 0.0, 0.0, 0.0, 0.0, 0.0, 0.0]","[0.4375, 0.625, 0.65625, 0.96875, 0.34375, 0.0625, 0.1875, 0.0, 0.0, 0.0, 0.0, 0.0, 0.0, 0.0, 0.0, 0.0, 0.0, 0.0, 0.0, 0.0, 0.0]","[23, 70, 71, 73, 74, 75, 76, 77, 78, 79, 80, 81, 82, 83, 84, 85, 86, 87, 88, 89, 90, 127, 128, 129, 130, 131, 132, 133, 134, 6, 7, 8, 9, 24, 25, 26, 91, 92, 93, 94]",1.660788269809429,1.7641941368174174
870,5039.375,"[1.0, 0.875, 1.0, 0.9375, 0.9375, 0.125, 0.15625, 0.0, 0.0, 0.0, 0.0, 0.0, 0.0, 0.0, 0.0, 0.0, 0.0, 0.0, 0.0, 0.0, 0.0]","[0.5625, 0.625, 0.65625, 0.96875, 0.46875, 0.0625, 0.15625, 0.0, 0.0, 0.0, 0.0, 0.0, 0.0, 0.0, 0.0, 0.0, 0.0, 0.0, 0.0, 0.0, 0.0]","[73, 74, 76, 77, 78, 79, 80, 81, 82, 83, 84, 85, 86, 87, 88, 89, 90, 127, 128, 129, 130, 131, 132, 133, 134, 6, 7, 8, 9, 24, 25, 26, 91, 92, 93, 94, 10]",1.6690863702544456,1.7275343701356567
871,6149.6875,"[1.0, 0.96875, 0.875, 0.9375, 0.9375, 1.0, 0.0, 0.0, 0.0, 0.0, 0.0, 0.0, 0.0, 0.0, 0.0, 0.0, 0.0, 0.0, 0.0, 0.0, 0.0]","[0.5625, 0.703125, 0.5625, 0.96875, 0.46875, 0.5, 0.0, 0.0, 0.0, 0.0, 0.0, 0.0, 0.0, 0.0, 0.0, 0.0, 0.0, 0.0, 0.0, 0.0, 0.0]","[74, 77, 78, 79, 81, 82, 83, 84, 86, 87, 88, 89, 127, 128, 129, 130, 132, 133, 134, 6, 8, 9, 24, 25, 91, 92, 93, 94, 11]",1.583417608567312,1.6597717841026989
872,5751.25,"[1.0, 1.0, 0.9375, 0.9375, 0.9375, 1.0, 0.0, 0.0, 0.0, 0.0, 0.0, 0.0, 0.0, 0.0, 0.0, 0.0, 0.0, 0.0, 0.0, 0.0, 0.0]","[0.5625, 0.71875, 0.5625, 0.96875, 0.46875, 0.5, 0.0, 0.0, 0.0, 0.0, 0.0, 0.0, 0.0, 0.0, 0.0, 0.0, 0.0, 0.0, 0.0, 0.0, 0.0]","[78, 79, 81, 82, 83, 84, 86, 87, 88, 89, 127, 128, 129, 130, 132, 133, 134, 6, 8, 9, 24, 25, 91, 92, 93, 94, 11, 12]",1.5822901249588028,1.660272779745049
873,5830.625,"[1.0, 0.96875, 1.0, 0.9375, 1.0, 1.0, 0.0, 0.0, 0.0, 0.0, 0.0, 0.0, 0.0, 0.0, 0.0, 0.0, 0.0, 0.0, 0.0, 0.0, 0.0]","[0.5625, 0.703125, 0.59375, 0.96875, 0.5, 0.5, 0.0, 0.0, 0.0, 0.0, 0.0, 0.0, 0.0, 0.0, 0.0, 0.0, 0.0, 0.0, 0.0, 0.0, 0.0]","[81, 82, 83, 84, 86, 87, 88, 89, 127, 128, 129, 130, 132, 133, 134, 6, 8, 9, 24, 25, 91, 92, 93, 94, 11, 12, 13]",1.5817893706713053,1.6517858521787037
874,6627.34375,"[0.875, 1.0, 0.4375, 0.96875, 0.5625, 1.0, 0.296875, 0.0, 0.0, 0.0, 0.0, 0.0, 0.0, 0.0, 0.0, 0.0, 0.0, 0.0, 0.0, 0.0, 0.0]","[0.46875, 0.71875, 0.25, 1.0, 0.28125, 0.5, 0.40625, 0.0, 0.0, 0.0, 0.0, 0.0, 0.0, 0.0, 0.0, 0.0, 0.0, 0.0, 0.0, 0.0, 0.0]","[87, 88, 128, 129, 133, 134, 9, 24, 92, 93, 12, 13, 14]",1.5547105034062767,1.6322952042352272
875,5717.34375,"[0.96875, 1.0, 0.4375, 0.96875, 0.5625, 1.0, 0.296875, 0.0, 0.0, 0.0, 0.0, 0.0, 0.0, 0.0, 0.0, 0.0, 0.0, 0.0, 0.0, 0.0, 0.0]","[0.515625, 0.71875, 0.25, 1.0, 0.28125, 0.5, 0.40625, 0.0, 0.0, 0.0, 0.0, 0.0, 0.0, 0.0, 0.0, 0.0, 0.0, 0.0, 0.0, 0.0, 0.0]","[129, 133, 134, 9, 24, 92, 93, 12, 13, 14, 15, 27, 28, 29, 30, 31, 45, 46, 47, 48, 49, 50, 51, 52]",1.5583004490780306,1.6258215181479159
876,6071.71875,"[1.0, 0.9375, 1.0, 0.96875, 0.5625, 1.0, 0.296875, 0.0, 0.0, 0.0, 0.0, 0.0, 0.0, 0.0, 0.0, 0.0, 0.0, 0.0, 0.0, 0.0, 0.0]","[0.53125, 0.6875, 0.5625, 1.0, 0.28125, 0.5, 0.40625, 0.0, 0.0, 0.0, 0.0, 0.0, 0.0, 0.0, 0.0, 0.0, 0.0, 0.0, 0.0, 0.0, 0.0]","[9, 92, 12, 15, 28, 30, 31, 45, 46, 47, 48, 49, 50, 51, 52, 16, 53, 54, 95, 96, 97, 98, 99, 100, 101, 102, 103, 104, 105, 106, 107, 108, 109]",1.5161820565917186,1.555750892887959
877,6627.34375,"[1.0, 1.0, 1.0, 0.96875, 0.9375, 1.0, 0.296875, 0.0, 0.0, 0.0, 0.0, 0.0, 0.0, 0.0, 0.0, 0.0, 0.0, 0.0, 0.0, 0.0, 0.0]","[0.53125, 0.71875, 0.5625, 1.0, 0.46875, 0.5, 0.40625, 0.0, 0.0, 0.0, 0.0, 0.0, 0.0, 0.0, 0.0, 0.0, 0.0, 0.0, 0.0, 0.0, 0.0]","[12, 28, 45, 46, 47, 49, 50, 51, 52, 53, 54, 95, 96, 97, 98, 99, 100, 101, 102, 103, 104, 105, 106, 107, 108, 109, 17, 110, 111, 112, 113, 114, 115, 116, 117, 118]",1.4909626086769208,1.5143922302801844
878,7742.96875,"[0.96875, 0.875, 1.0, 0.96875, 0.8125, 1.0, 0.734375, 0.0, 0.0, 0.0, 0.0, 0.0, 0.0, 0.0, 0.0, 0.0, 0.0, 0.0, 0.0, 0.0, 0.0]","[0.515625, 0.625, 0.5625, 1.0, 0.421875, 0.5, 0.84375, 0.0, 0.0, 0.0, 0.0, 0.0, 0.0, 0.0, 0.0, 0.0, 0.0, 0.0, 0.0, 0.0, 0.0]","[46, 47, 50, 51, 52, 54, 95, 96, 97, 99, 100, 101, 102, 104, 105, 106, 107, 109, 17, 110, 111, 113, 114, 115, 116, 118, 18, 55, 56, 57, 58, 119, 120, 121]",1.4260354207704693,1.5077756635882973
879,7663.59375,"[1.0, 1.0, 1.0, 0.96875, 0.9375, 0.875, 0.734375, 0.0, 0.0, 0.0, 0.0, 0.0, 0.0, 0.0, 0.0, 0.0, 0.0, 0.0, 0.0, 0.0, 0.0]","[0.53125, 0.71875, 0.5625, 1.0, 0.484375, 0.4375, 0.84375, 0.0, 0.0, 0.0, 0.0, 0.0, 0.0, 0.0, 0.0, 0.0, 0.0, 0.0, 0.0, 0.0, 0.0]","[51, 52, 54, 95, 96, 97, 99, 100, 101, 102, 104, 105, 106, 107, 109, 17, 110, 111, 113, 114, 115, 116, 118, 18, 55, 56, 58, 119, 120, 121, 19]",1.4242424075573321,1.5031640459784474
880,7742.96875,"[1.0, 0.9375, 1.0, 0.96875, 1.0, 1.0, 0.734375, 0.0, 0.0, 0.0, 0.0, 0.0, 0.0, 0.0, 0.0, 0.0, 0.0, 0.0, 0.0, 0.0, 0.0]","[0.53125, 0.65625, 0.5625, 1.0, 0.515625, 0.5, 0.84375, 0.0, 0.0, 0.0, 0.0, 0.0, 0.0, 0.0, 0.0, 0.0, 0.0, 0.0, 0.0, 0.0, 0.0]","[54, 96, 97, 99, 100, 101, 102, 104, 105, 106, 107, 109, 17, 110, 111, 113, 114, 115, 116, 118, 18, 55, 56, 58, 119, 120, 121, 0, 122, 123, 124, 125, 126, 135, 136, 137]",1.423776351940859,1.4897369863243872
881,8141.40625,"[1.0, 1.0, 1.0, 0.953125, 1.0, 1.0, 0.890625, 0.0, 0.0, 0.0, 0.0, 0.0, 0.0, 0.0, 0.0, 0.0, 0.0, 0.0, 0.0, 0.0, 0.0]","[0.53125, 0.71875, 0.5625, 0.984375, 0.515625, 0.5, 1.0, 0.0, 0.0, 0.0, 0.0, 0.0, 0.0, 0.0, 0.0, 0.0, 0.0, 0.0, 0.0, 0.0, 0.0]","[96, 99, 100, 101, 104, 105, 106, 109, 17, 110, 113, 114, 115, 118, 18, 55, 56, 58, 119, 120, 121, 0, 122, 123, 124, 125, 126, 135, 136, 137, 1]",1.4159043533814575,1.504764177612001
882,8771.40625,"[1.0, 1.0, 0.75, 0.609375, 1.0, 1.0, 0.890625, 1.0, 0.0, 0.0, 0.0, 0.0, 0.0, 0.0, 0.0, 0.0, 0.0, 0.0, 0.0, 0.0, 0.0]","[0.53125, 0.71875, 0.40625, 0.640625, 0.515625, 0.5, 1.0, 0.71875, 0.0, 0.0, 0.0, 0.0, 0.0, 0.0, 0.0, 0.0, 0.0, 0.0, 0.0, 0.0, 0.0]","[105, 17, 114, 18, 119, 121, 122, 123, 124, 125, 126, 135, 136, 137, 1, 2]",1.299084586919367,1.3513778088220234
883,8315.0,"[1.0, 1.0, 1.0, 0.34375, 1.0, 1.0, 0.890625, 1.0, 0.0, 0.0, 0.0, 0.0, 0.0, 0.0, 0.0, 0.0, 0.0, 0.0, 0.0, 0.0, 0.0]","[0.53125, 0.71875, 0.53125, 0.34375, 0.515625, 0.5, 1.0, 0.71875, 0.0, 0.0, 0.0, 0.0, 0.0, 0.0, 0.0, 0.0, 0.0, 0.0, 0.0, 0.0, 0.0]","[121, 124, 125, 126, 135, 136, 137, 1, 2, 3, 20, 21, 32, 33, 34, 35, 36, 37, 38, 39, 40, 138, 139, 140, 141, 142]",1.3316171176384808,1.368944391422759
884,8731.71875,"[0.5, 0.4375, 1.0, 0.640625, 1.0, 1.0, 0.890625, 1.0, 0.0, 0.0, 0.0, 0.0, 0.0, 0.0, 0.0, 0.0, 0.0, 0.0, 0.0, 0.0, 0.0]","[0.28125, 0.3125, 0.53125, 0.703125, 0.515625, 0.5, 1.0, 0.71875, 0.0, 0.0, 0.0, 0.0, 0.0, 0.0, 0.0, 0.0, 0.0, 0.0, 0.0, 0.0, 0.0]","[21, 32, 33, 34, 35, 36, 37, 38, 39, 40, 138, 139, 140, 141, 142, 4, 41, 42, 43, 44, 59, 60, 61, 62, 63, 64, 65, 66]",1.3538771239742164,1.418511175083754
885,8000.3125,"[0.53125, 0.25, 0.6875, 0.609375, 0.6875, 0.5, 0.734375, 1.0, 0.0, 0.0, 0.0, 0.0, 0.0, 0.0, 0.0, 0.0, 0.0, 0.0, 0.0, 0.0, 0.0]","[0.296875, 0.1875, 0.375, 0.671875, 0.359375, 0.25, 0.78125, 0.71875, 0.0, 0.0, 0.0, 0.0, 0.0, 0.0, 0.0, 0.0, 0.0, 0.0, 0.0, 0.0, 0.0]","[35, 36, 37, 38, 40, 138, 139, 140, 141, 142, 4, 41, 42, 43, 44, 59, 60, 61, 62, 63, 64, 65, 66, 5]",1.3778875929298442,1.4908341717500093
886,6215.3125,"[1.0, 0.25, 0.6875, 0.609375, 0.6875, 0.5, 0.703125, 1.0, 0.0, 0.0, 0.0, 0.0, 0.0, 0.0, 0.0, 0.0, 0.0, 0.0, 0.0, 0.0, 0.0]","[0.53125, 0.1875, 0.375, 0.671875, 0.359375, 0.25, 0.75, 0.71875, 0.0, 0.0, 0.0, 0.0, 0.0, 0.0, 0.0, 0.0, 0.0, 0.0, 0.0, 0.0, 0.0]","[38, 40, 138, 139, 140, 142, 4, 41, 42, 43, 44, 59, 60, 61, 62, 63, 64, 65, 66, 5, 6]",1.3888142402980668,1.448740794945022
887,6608.125,"[1.0, 1.0, 0.6875, 0.609375, 0.6875, 0.375, 0.703125, 1.0, 0.0, 0.0, 0.0, 0.0, 0.0, 0.0, 0.0, 0.0, 0.0, 0.0, 0.0, 0.0, 0.0]","[0.53125, 0.625, 0.375, 0.671875, 0.359375, 0.1875, 0.75, 0.71875, 0.0, 0.0, 0.0, 0.0, 0.0, 0.0, 0.0, 0.0, 0.0, 0.0, 0.0, 0.0, 0.0]","[41, 42, 43, 44, 59, 60, 61, 62, 63, 64, 65, 66, 5, 6, 7]",1.3524863638640887,1.3998530199153965
888,6646.25,"[1.0, 1.0, 1.0, 0.609375, 0.6875, 0.375, 0.6875, 1.0, 0.0, 0.0, 0.0, 0.0, 0.0, 0.0, 0.0, 0.0, 0.0, 0.0, 0.0, 0.0, 0.0]","[0.53125, 0.625, 0.5625, 0.671875, 0.359375, 0.1875, 0.71875, 0.71875, 0.0, 0.0, 0.0, 0.0, 0.0, 0.0, 0.0, 0.0, 0.0, 0.0, 0.0, 0.0, 0.0]","[43, 44, 59, 60, 61, 62, 63, 64, 65, 66, 5, 6, 7, 8]",1.3541717273655882,1.3763953958489856
889,6983.4375,"[1.0, 0.9375, 0.875, 0.90625, 0.6875, 0.25, 0.609375, 1.0, 0.0, 0.0, 0.0, 0.0, 0.0, 0.0, 0.0, 0.0, 0.0, 0.0, 0.0, 0.0, 0.0]","[0.53125, 0.59375, 0.5, 1.0, 0.359375, 0.125, 0.625, 0.71875, 0.0, 0.0, 0.0, 0.0, 0.0, 0.0, 0.0, 0.0, 0.0, 0.0, 0.0, 0.0, 0.0]","[63, 64, 65, 66, 6, 7, 8, 9, 22]",1.3688569836664193,1.4525807262901633
890,6942.96875,"[1.0, 1.0, 1.0, 0.90625, 0.9375, 0.125, 0.609375, 1.0, 0.0, 0.0, 0.0, 0.0, 0.0, 0.0, 0.0, 0.0, 0.0, 0.0, 0.0, 0.0, 0.0]","[0.53125, 0.625, 0.5625, 1.0, 0.484375, 0.0625, 0.625, 0.71875, 0.0, 0.0, 0.0, 0.0, 0.0, 0.0, 0.0, 0.0, 0.0, 0.0, 0.0, 0.0, 0.0]","[66, 6, 7, 9, 22, 10, 23, 24, 25, 26, 67, 68, 69, 70, 71, 72, 73, 74, 75]",1.3979020895719851,1.4486757070590106
891,7339.84375,"[1.0, 1.0, 1.0, 0.90625, 1.0, 0.5, 0.59375, 1.0, 0.0, 0.0, 0.0, 0.0, 0.0, 0.0, 0.0, 0.0, 0.0, 0.0, 0.0, 0.0, 0.0]","[0.53125, 0.625, 0.5625, 1.0, 0.53125, 0.25, 0.59375, 0.71875, 0.0, 0.0, 0.0, 0.0, 0.0, 0.0, 0.0, 0.0, 0.0, 0.0, 0.0, 0.0, 0.0]","[7, 9, 22, 10, 23, 25, 26, 67, 68, 70, 71, 72, 73, 75, 11]",1.3240351945581248,1.3799885357907193
892,7935.0,"[1.0, 1.0, 1.0, 0.90625, 0.984375, 1.0, 0.59375, 1.0, 0.0, 0.0, 0.0, 0.0, 0.0, 0.0, 0.0, 0.0, 0.0, 0.0, 0.0, 0.0, 0.0]","[0.53125, 0.625, 0.5625, 1.0, 0.5234375, 0.546875, 0.59375, 0.71875, 0.0, 0.0, 0.0, 0.0, 0.0, 0.0, 0.0, 0.0, 0.0, 0.0, 0.0, 0.0, 0.0]","[75, 12]",1.295299008509464,1.3299621945890907
893,7994.84375,"[1.0, 1.0, 0.9375, 0.90625, 0.984375, 1.0, 0.625, 1.0, 0.0, 0.0, 0.0, 0.0, 0.0, 0.0, 0.0, 0.0, 0.0, 0.0, 0.0, 0.0, 0.0]","[0.53125, 0.625, 0.53125, 1.0, 0.5234375, 0.546875, 0.640625, 0.71875, 0.0, 0.0, 0.0, 0.0, 0.0, 0.0, 0.0, 0.0, 0.0, 0.0, 0.0, 0.0, 0.0]",[13],1.291867378764052,1.3307548441460686
894,8035.15625,"[1.0, 1.0, 0.8125, 0.90625, 0.984375, 1.0, 0.65625, 1.0, 0.0, 0.0, 0.0, 0.0, 0.0, 0.0, 0.0, 0.0, 0.0, 0.0, 0.0, 0.0, 0.0]","[0.53125, 0.625, 0.46875, 1.0, 0.5234375, 0.546875, 0.671875, 0.71875, 0.0, 0.0, 0.0, 0.0, 0.0, 0.0, 0.0, 0.0, 0.0, 0.0, 0.0, 0.0, 0.0]",[14],1.2915337998552758,1.3370198280925198
895,8115.78125,"[0.96875, 0.875, 0.6875, 0.90625, 0.515625, 1.0, 0.65625, 1.0, 0.0, 0.0, 0.0, 0.0, 0.0, 0.0, 0.0, 0.0, 0.0, 0.0, 0.0, 0.0, 0.0]","[0.515625, 0.53125, 0.375, 1.0, 0.2734375, 0.546875, 0.671875, 0.71875, 0.0, 0.0, 0.0, 0.0, 0.0, 0.0, 0.0, 0.0, 0.0, 0.0, 0.0, 0.0, 0.0]","[15, 27, 28, 29]",1.3181571807647028,1.4018593462415376
896,7282.34375,"[1.0, 0.9375, 0.65625, 0.890625, 0.4375, 1.0, 0.3125, 0.625, 0.0, 0.0, 0.0, 0.0, 0.0, 0.0, 0.0, 0.0, 0.0, 0.0, 0.0, 0.0, 0.0]","[0.53125, 0.5625, 0.359375, 0.984375, 0.234375, 0.546875, 0.328125, 0.4375, 0.0, 0.0, 0.0, 0.0, 0.0, 0.0, 0.0, 0.0, 0.0, 0.0, 0.0, 0.0, 0.0]","[29, 16, 30, 31, 45]",1.3875484375929608,1.452039888750872
897,6109.53125,"[1.0, 1.0, 0.71875, 0.890625, 0.4375, 1.0, 0.125, 0.375, 0.0, 0.0, 0.0, 0.0, 0.0, 0.0, 0.0, 0.0, 0.0, 0.0, 0.0, 0.0, 0.0]","[0.53125, 0.625, 0.390625, 0.984375, 0.234375, 0.546875, 0.140625, 0.25, 0.0, 0.0, 0.0, 0.0, 0.0, 0.0, 0.0, 0.0, 0.0, 0.0, 0.0, 0.0, 0.0]","[16, 31, 45, 17, 46, 47, 48, 49, 50, 51]",1.4760993435300507,1.5543699049520714
898,5611.71875,"[1.0, 1.0, 0.9375, 0.828125, 0.3125, 1.0, 0.125, 0.0625, 0.0, 0.0, 0.0, 0.0, 0.0, 0.0, 0.0, 0.0, 0.0, 0.0, 0.0, 0.0, 0.0]","[0.53125, 0.625, 0.5, 0.921875, 0.171875, 0.546875, 0.140625, 0.0625, 0.0, 0.0, 0.0, 0.0, 0.0, 0.0, 0.0, 0.0, 0.0, 0.0, 0.0, 0.0, 0.0]","[45, 17, 46, 47, 48, 49, 50, 51, 18]",1.5956226608197088,1.625686668105863
899,5573.59375,"[1.0, 1.0, 1.0, 0.890625, 0.5625, 0.875, 0.125, 0.0625, 0.0, 0.0, 0.0, 0.0, 0.0, 0.0, 0.0, 0.0, 0.0, 0.0, 0.0, 0.0, 0.0]","[0.53125, 0.625, 0.53125, 0.984375, 0.296875, 0.484375, 0.140625, 0.0625, 0.0, 0.0, 0.0, 0.0, 0.0, 0.0, 0.0, 0.0, 0.0, 0.0, 0.0, 0.0, 0.0]","[47, 48, 49, 50, 18, 19, 52, 53, 54, 55, 56, 57, 58, 76, 77, 78, 79, 80, 81, 82, 83, 84, 85, 86, 87, 88, 89, 90, 91]",1.5423361790418324,1.6021024976218778
900,5990.3125,"[1.0, 1.0, 0.90625, 0.578125, 1.0, 0.875, 0.125, 0.0, 0.0, 0.0, 0.0, 0.0, 0.0, 0.0, 0.0, 0.0, 0.0, 0.0, 0.0, 0.0, 0.0]","[0.53125, 0.625, 0.484375, 0.640625, 0.5625, 0.484375, 0.140625, 0.0, 0.0, 0.0, 0.0, 0.0, 0.0, 0.0, 0.0, 0.0, 0.0, 0.0, 0.0, 0.0, 0.0]","[19, 56, 58, 76, 77, 78, 79, 80, 81, 82, 83, 84, 85, 86, 87, 88, 89, 90, 91, 0]",1.5642037549195202,1.5153624485176491
901,5931.09375,"[1.0, 1.0, 1.0, 0.765625, 1.0, 0.875, 0.125, 0.0, 0.0, 0.0, 0.0, 0.0, 0.0, 0.0, 0.0, 0.0, 0.0, 0.0, 0.0, 0.0, 0.0]","[0.53125, 0.625, 0.53125, 0.828125, 0.5625, 0.484375, 0.140625, 0.0, 0.0, 0.0, 0.0, 0.0, 0.0, 0.0, 0.0, 0.0, 0.0, 0.0, 0.0, 0.0, 0.0]","[77, 79, 81, 82, 83, 84, 86, 87, 88, 89, 90, 91, 0, 1]",1.5461981188493865,1.5449607788388682
902,5911.25,"[1.0, 1.0, 1.0, 0.84375, 1.0, 0.875, 0.125, 0.0, 0.0, 0.0, 0.0, 0.0, 0.0, 0.0, 0.0, 0.0, 0.0, 0.0, 0.0, 0.0, 0.0]","[0.53125, 0.625, 0.53125, 0.9375, 0.5625, 0.484375, 0.140625, 0.0, 0.0, 0.0, 0.0, 0.0, 0.0, 0.0, 0.0, 0.0, 0.0, 0.0, 0.0, 0.0, 0.0]","[81, 84, 86, 87, 88, 89, 90, 91, 0, 1, 2]",1.5420739073450693,1.5730125394737242
903,6109.6875,"[0.03125, 0.375, 1.0, 0.859375, 1.0, 1.0, 0.125, 0.0, 0.0, 0.0, 0.0, 0.0, 0.0, 0.0, 0.0, 0.0, 0.0, 0.0, 0.0, 0.0, 0.0]","[0.015625, 0.25, 0.53125, 0.953125, 0.5625, 0.546875, 0.140625, 0.0, 0.0, 0.0, 0.0, 0.0, 0.0, 0.0, 0.0, 0.0, 0.0, 0.0, 0.0, 0.0, 0.0]","[86, 87, 89, 90, 91, 0, 2, 3, 20, 21, 32, 33, 34, 35, 36, 37, 38, 39, 40, 92, 93]",1.801063361504137,1.845779250524468
904,5656.40625,"[1.0, 0.1875, 0.5625, 0.578125, 0.84375, 1.0, 0.125, 0.0, 0.0, 0.0, 0.0, 0.0, 0.0, 0.0, 0.0, 0.0, 0.0, 0.0, 0.0, 0.0, 0.0]","[0.59375, 0.15625, 0.28125, 0.640625, 0.46875, 0.546875, 0.140625, 0.0, 0.0, 0.0, 0.0, 0.0, 0.0, 0.0, 0.0, 0.0, 0.0, 0.0, 0.0, 0.0, 0.0]","[3, 20, 33, 34, 35, 36, 37, 38, 39, 40, 92, 93, 4]",1.6977418156855515,1.6398140009072684
905,5218.90625,"[1.0, 1.0, 0.5625, 0.5625, 0.84375, 1.0, 0.125, 0.0, 0.0, 0.0, 0.0, 0.0, 0.0, 0.0, 0.0, 0.0, 0.0, 0.0, 0.0, 0.0, 0.0]","[0.59375, 0.5625, 0.28125, 0.625, 0.46875, 0.546875, 0.140625, 0.0, 0.0, 0.0, 0.0, 0.0, 0.0, 0.0, 0.0, 0.0, 0.0, 0.0, 0.0, 0.0, 0.0]","[36, 37, 38, 39, 40, 92, 93, 4, 5]",1.590318482539901,1.5490990269405531
906,5474.6875,"[1.0, 1.0, 1.0, 0.5625, 0.8125, 1.0, 0.125, 0.0, 0.0, 0.0, 0.0, 0.0, 0.0, 0.0, 0.0, 0.0, 0.0, 0.0, 0.0, 0.0, 0.0]","[0.59375, 0.5625, 0.5625, 0.625, 0.453125, 0.546875, 0.140625, 0.0, 0.0, 0.0, 0.0, 0.0, 0.0, 0.0, 0.0, 0.0, 0.0, 0.0, 0.0, 0.0, 0.0]","[40, 5, 6, 41, 42, 43, 44, 59, 60, 61, 62, 63, 64]",1.5702390984962389,1.5121751789536129
907,5871.5625,"[1.0, 1.0, 1.0, 0.90625, 0.8125, 0.9375, 0.125, 0.0, 0.0, 0.0, 0.0, 0.0, 0.0, 0.0, 0.0, 0.0, 0.0, 0.0, 0.0, 0.0, 0.0]","[0.59375, 0.5625, 0.5625, 1.0, 0.453125, 0.515625, 0.140625, 0.0, 0.0, 0.0, 0.0, 0.0, 0.0, 0.0, 0.0, 0.0, 0.0, 0.0, 0.0, 0.0, 0.0]","[42, 43, 44, 59, 60, 61, 62, 63, 64, 7]",1.5420097309117224,1.596424576537028
908,6030.3125,"[1.0, 1.0, 1.0, 0.90625, 0.875, 0.9375, 0.125, 0.0, 0.0, 0.0, 0.0, 0.0, 0.0, 0.0, 0.0, 0.0, 0.0, 0.0, 0.0, 0.0, 0.0]","[0.59375, 0.5625, 0.5625, 1.0, 0.5, 0.515625, 0.140625, 0.0, 0.0, 0.0, 0.0, 0.0, 0.0, 0.0, 0.0, 0.0, 0.0, 0.0, 0.0, 0.0, 0.0]","[59, 63, 64, 7, 8, 65, 66, 94, 95]",1.5397355464229234,1.5892519952060433
909,6030.3125,"[1.0, 1.0, 1.0, 0.90625, 1.0, 0.890625, 0.125, 0.0, 0.0, 0.0, 0.0, 0.0, 0.0, 0.0, 0.0, 0.0, 0.0, 0.0, 0.0, 0.0, 0.0]","[0.59375, 0.5625, 0.5625, 1.0, 0.5625, 0.4765625, 0.140625, 0.0, 0.0, 0.0, 0.0, 0.0, 0.0, 0.0, 0.0, 0.0, 0.0, 0.0, 0.0, 0.0, 0.0]","[63, 64, 7, 8, 65, 66, 94, 95, 9]",1.5399570631743342,1.5879737263506906
910,6428.4375,"[1.0, 1.0, 1.0, 0.90625, 1.0, 0.25, 0.234375, 0.0, 0.0, 0.0, 0.0, 0.0, 0.0, 0.0, 0.0, 0.0, 0.0, 0.0, 0.0, 0.0, 0.0]","[0.59375, 0.5625, 0.5625, 1.0, 0.5625, 0.140625, 0.234375, 0.0, 0.0, 0.0, 0.0, 0.0, 0.0, 0.0, 0.0, 0.0, 0.0, 0.0, 0.0, 0.0, 0.0]","[65, 66, 95, 9, 10]",1.6028330306078553,1.6532331733568675
911,5654.375,"[1.0, 1.0, 1.0, 0.90625, 1.0, 0.40625, 0.234375, 0.0, 0.0, 0.0, 0.0, 0.0, 0.0, 0.0, 0.0, 0.0, 0.0, 0.0, 0.0, 0.0, 0.0]","[0.59375, 0.5625, 0.5625, 1.0, 0.5625, 0.234375, 0.234375, 0.0, 0.0, 0.0, 0.0, 0.0, 0.0, 0.0, 0.0, 0.0, 0.0, 0.0, 0.0, 0.0, 0.0]","[11, 22, 23, 24, 25, 26, 67, 68, 69, 70]",1.5623115240422212,1.6128714042559829
912,6309.21875,"[1.0, 1.0, 1.0, 0.90625, 1.0, 0.9375, 0.21875, 0.0, 0.0, 0.0, 0.0, 0.0, 0.0, 0.0, 0.0, 0.0, 0.0, 0.0, 0.0, 0.0, 0.0]","[0.59375, 0.5625, 0.5625, 1.0, 0.5625, 0.53125, 0.21875, 0.0, 0.0, 0.0, 0.0, 0.0, 0.0, 0.0, 0.0, 0.0, 0.0, 0.0, 0.0, 0.0, 0.0]","[12, 71, 72, 73, 74]",1.5113732573986924,1.5494958675850803
913,6508.125,"[1.0, 1.0, 1.0, 0.90625, 1.0, 1.0, 0.25, 0.0, 0.0, 0.0, 0.0, 0.0, 0.0, 0.0, 0.0, 0.0, 0.0, 0.0, 0.0, 0.0, 0.0]","[0.59375, 0.5625, 0.5625, 1.0, 0.5625, 0.5625, 0.25, 0.0, 0.0, 0.0, 0.0, 0.0, 0.0, 0.0, 0.0, 0.0, 0.0, 0.0, 0.0, 0.0, 0.0]","[72, 73, 74, 13]",1.5033952829835244,1.5359264254080178
914,6607.734375,"[1.0, 1.0, 1.0, 0.90625, 1.0, 1.0, 0.2578125, 0.0, 0.0, 0.0, 0.0, 0.0, 0.0, 0.0, 0.0, 0.0, 0.0, 0.0, 0.0, 0.0, 0.0]","[0.59375, 0.5625, 0.5625, 1.0, 0.5625, 0.5625, 0.2734375, 0.0, 0.0, 0.0, 0.0, 0.0, 0.0, 0.0, 0.0, 0.0, 0.0, 0.0, 0.0, 0.0, 0.0]","[14, 75, 96, 97, 98, 99, 100, 101, 102, 103]",1.5013764304583632,1.5284415019978472
915,7125.703125,"[0.96875, 0.875, 0.875, 0.90625, 1.0, 1.0, 0.5234375, 0.0, 0.0, 0.0, 0.0, 0.0, 0.0, 0.0, 0.0, 0.0, 0.0, 0.0, 0.0, 0.0, 0.0]","[0.578125, 0.46875, 0.5, 1.0, 0.5625, 0.5625, 0.5703125, 0.0, 0.0, 0.0, 0.0, 0.0, 0.0, 0.0, 0.0, 0.0, 0.0, 0.0, 0.0, 0.0, 0.0]","[15, 27]",1.4461671662325697,1.4909895252669296
916,7147.265625,"[0.96875, 0.875, 0.53125, 0.90625, 1.0, 1.0, 0.5859375, 0.0, 0.0, 0.0, 0.0, 0.0, 0.0, 0.0, 0.0, 0.0, 0.0, 0.0, 0.0, 0.0, 0.0]","[0.578125, 0.46875, 0.328125, 1.0, 0.5625, 0.5625, 0.6328125, 0.0, 0.0, 0.0, 0.0, 0.0, 0.0, 0.0, 0.0, 0.0, 0.0, 0.0, 0.0, 0.0, 0.0]",[16],1.4636553493772608,1.5209722262956784
917,6911.015625,"[1.0, 0.875, 0.53125, 0.828125, 0.625, 1.0, 0.5859375, 0.0, 0.0, 0.0, 0.0, 0.0, 0.0, 0.0, 0.0, 0.0, 0.0, 0.0, 0.0, 0.0, 0.0]","[0.59375, 0.46875, 0.328125, 0.921875, 0.359375, 0.5625, 0.6328125, 0.0, 0.0, 0.0, 0.0, 0.0, 0.0, 0.0, 0.0, 0.0, 0.0, 0.0, 0.0, 0.0, 0.0]",[17],1.471080157077732,1.5284266924749685
918,6374.921875,"[1.0, 0.9375, 0.53125, 0.828125, 0.59375, 1.0, 0.5859375, 0.0, 0.0, 0.0, 0.0, 0.0, 0.0, 0.0, 0.0, 0.0, 0.0, 0.0, 0.0, 0.0, 0.0]","[0.59375, 0.5, 0.328125, 0.921875, 0.328125, 0.5625, 0.6328125, 0.0, 0.0, 0.0, 0.0, 0.0, 0.0, 0.0, 0.0, 0.0, 0.0, 0.0, 0.0, 0.0, 0.0]","[18, 28, 29]",1.476726116432826,1.5324587276876709
919,6610.859375,"[0.25, 1.0, 0.8125, 0.359375, 0.3125, 0.875, 0.5859375, 0.0, 0.0, 0.0, 0.0, 0.0, 0.0, 0.0, 0.0, 0.0, 0.0, 0.0, 0.0, 0.0, 0.0]","[0.1875, 0.5625, 0.46875, 0.390625, 0.171875, 0.5, 0.6328125, 0.0, 0.0, 0.0, 0.0, 0.0, 0.0, 0.0, 0.0, 0.0, 0.0, 0.0, 0.0, 0.0, 0.0]","[19, 30, 31, 45, 46, 47, 48, 49, 50, 51, 52, 53]",1.6276073952742027,1.5721797734082565
920,5440.546875,"[0.9375, 1.0, 0.8125, 0.359375, 0.3125, 0.875, 0.5859375, 0.0, 0.0, 0.0, 0.0, 0.0, 0.0, 0.0, 0.0, 0.0, 0.0, 0.0, 0.0, 0.0, 0.0]","[0.53125, 0.5625, 0.46875, 0.390625, 0.171875, 0.5, 0.6328125, 0.0, 0.0, 0.0, 0.0, 0.0, 0.0, 0.0, 0.0, 0.0, 0.0, 0.0, 0.0, 0.0, 0.0]","[50, 51, 52, 53, 0, 54, 55, 56, 57, 58, 76]",1.5533684688444014,1.5055292624151375
921,5995.546875,"[1.0, 1.0, 0.9375, 0.71875, 0.3125, 0.875, 0.5859375, 0.0, 0.0, 0.0, 0.0, 0.0, 0.0, 0.0, 0.0, 0.0, 0.0, 0.0, 0.0, 0.0, 0.0]","[0.59375, 0.5625, 0.53125, 0.75, 0.171875, 0.5, 0.6328125, 0.0, 0.0, 0.0, 0.0, 0.0, 0.0, 0.0, 0.0, 0.0, 0.0, 0.0, 0.0, 0.0, 0.0]","[52, 53, 55, 56, 57, 58, 1]",1.509349088885146,1.513130740396245
922,6094.453125,"[0.9375, 1.0, 1.0, 0.78125, 0.3125, 0.875, 0.5859375, 0.0, 0.0, 0.0, 0.0, 0.0, 0.0, 0.0, 0.0, 0.0, 0.0, 0.0, 0.0, 0.0, 0.0]","[0.5625, 0.5625, 0.5625, 0.8125, 0.171875, 0.5, 0.6328125, 0.0, 0.0, 0.0, 0.0, 0.0, 0.0, 0.0, 0.0, 0.0, 0.0, 0.0, 0.0, 0.0, 0.0]","[53, 55, 57, 1, 2]",1.5063924069933166,1.5235530796959027
923,6094.453125,"[0.90625, 0.1875, 0.625, 0.65625, 0.3125, 0.875, 0.5859375, 0.0, 0.0, 0.0, 0.0, 0.0, 0.0, 0.0, 0.0, 0.0, 0.0, 0.0, 0.0, 0.0, 0.0]","[0.515625, 0.15625, 0.3125, 0.6875, 0.171875, 0.5, 0.6328125, 0.0, 0.0, 0.0, 0.0, 0.0, 0.0, 0.0, 0.0, 0.0, 0.0, 0.0, 0.0, 0.0, 0.0]","[55, 57, 1, 2, 3, 20, 21, 32, 33, 34, 35]",1.587332685522735,1.6283545794484093
924,5502.578125,"[1.0, 0.6875, 0.5625, 0.65625, 0.3125, 0.875, 0.5859375, 0.0, 0.0, 0.0, 0.0, 0.0, 0.0, 0.0, 0.0, 0.0, 0.0, 0.0, 0.0, 0.0, 0.0]","[0.59375, 0.40625, 0.28125, 0.6875, 0.171875, 0.5, 0.6328125, 0.0, 0.0, 0.0, 0.0, 0.0, 0.0, 0.0, 0.0, 0.0, 0.0, 0.0, 0.0, 0.0, 0.0]","[57, 1, 3, 32, 33, 34, 4, 36, 37, 38, 39, 40, 77, 78, 79, 80, 81, 82, 83, 84, 85, 86]",1.5118204955281451,1.5583099031740777
925,5660.078125,"[1.0, 1.0, 0.5625, 0.59375, 0.3125, 0.875, 0.5859375, 0.0, 0.0, 0.0, 0.0, 0.0, 0.0, 0.0, 0.0, 0.0, 0.0, 0.0, 0.0, 0.0, 0.0]","[0.59375, 0.625, 0.28125, 0.625, 0.171875, 0.5, 0.6328125, 0.0, 0.0, 0.0, 0.0, 0.0, 0.0, 0.0, 0.0, 0.0, 0.0, 0.0, 0.0, 0.0, 0.0]","[34, 4, 36, 38, 39, 40, 77, 78, 79, 80, 81, 82, 83, 84, 85, 86, 5]",1.5326413406698585,1.5425163488952522
926,5856.328125,"[1.0, 1.0, 1.0, 0.4375, 0.0, 0.8125, 0.5234375, 0.0, 0.0, 0.0, 0.0, 0.0, 0.0, 0.0, 0.0, 0.0, 0.0, 0.0, 0.0, 0.0, 0.0]","[0.59375, 0.625, 0.53125, 0.4375, 0.0, 0.46875, 0.5703125, 0.0, 0.0, 0.0, 0.0, 0.0, 0.0, 0.0, 0.0, 0.0, 0.0, 0.0, 0.0, 0.0, 0.0]","[39, 40, 77, 78, 79, 80, 81, 82, 83, 84, 85, 86, 5, 6]",1.673986815791975,1.5980556166828401
927,5657.265625,"[1.0, 1.0, 1.0, 0.9375, 0.0, 0.78125, 0.5234375, 0.0, 0.0, 0.0, 0.0, 0.0, 0.0, 0.0, 0.0, 0.0, 0.0, 0.0, 0.0, 0.0, 0.0]","[0.59375, 0.625, 0.53125, 1.0, 0.0, 0.4375, 0.5703125, 0.0, 0.0, 0.0, 0.0, 0.0, 0.0, 0.0, 0.0, 0.0, 0.0, 0.0, 0.0, 0.0, 0.0]","[84, 85, 86, 5, 6, 7]",1.624796581245902,1.6674426179976893
928,5994.609375,"[1.0, 1.0, 1.0, 0.9375, 0.296875, 0.640625, 0.4609375, 0.0, 0.0, 0.0, 0.0, 0.0, 0.0, 0.0, 0.0, 0.0, 0.0, 0.0, 0.0, 0.0, 0.0]","[0.59375, 0.625, 0.53125, 1.0, 0.1640625, 0.3515625, 0.5078125, 0.0, 0.0, 0.0, 0.0, 0.0, 0.0, 0.0, 0.0, 0.0, 0.0, 0.0, 0.0, 0.0, 0.0]","[8, 41, 42, 43, 44, 59, 60, 61, 62, 63, 64, 65, 66, 87, 88, 89, 90, 91, 92, 93, 94, 95, 104, 105, 106, 107]",1.5444526036614676,1.6091712127920057
929,6549.609375,"[1.0, 1.0, 1.0, 0.9375, 1.0, 0.625, 0.4609375, 0.0, 0.0, 0.0, 0.0, 0.0, 0.0, 0.0, 0.0, 0.0, 0.0, 0.0, 0.0, 0.0, 0.0]","[0.59375, 0.625, 0.53125, 1.0, 0.578125, 0.34375, 0.5078125, 0.0, 0.0, 0.0, 0.0, 0.0, 0.0, 0.0, 0.0, 0.0, 0.0, 0.0, 0.0, 0.0, 0.0]","[65, 89, 90, 92, 93, 94, 95, 104, 105, 106, 107, 9, 108, 109, 110, 111, 112, 113, 114, 115]",1.4741074513375862,1.5127674534291198
930,7006.015625,"[1.0, 1.0, 1.0, 0.9375, 1.0, 0.96875, 0.4609375, 0.0, 0.0, 0.0, 0.0, 0.0, 0.0, 0.0, 0.0, 0.0, 0.0, 0.0, 0.0, 0.0, 0.0]","[0.59375, 0.625, 0.53125, 1.0, 0.578125, 0.515625, 0.5078125, 0.0, 0.0, 0.0, 0.0, 0.0, 0.0, 0.0, 0.0, 0.0, 0.0, 0.0, 0.0, 0.0, 0.0]","[94, 95, 104, 106, 107, 9, 108, 109, 110, 111, 112, 113, 114, 115, 10, 116, 117, 118, 119, 120, 121, 122, 123, 124, 125, 126, 127, 128, 129, 130]",1.4571956018903889,1.4824400010044598
931,8201.328125,"[1.0, 1.0, 1.0, 0.9375, 1.0, 0.46875, 0.9296875, 0.0, 0.0, 0.0, 0.0, 0.0, 0.0, 0.0, 0.0, 0.0, 0.0, 0.0, 0.0, 0.0, 0.0]","[0.59375, 0.625, 0.53125, 1.0, 0.578125, 0.25, 0.9765625, 0.0, 0.0, 0.0, 0.0, 0.0, 0.0, 0.0, 0.0, 0.0, 0.0, 0.0, 0.0, 0.0, 0.0]","[106, 108, 109, 110, 113, 114, 115, 117, 118, 119, 122, 123, 124, 125, 126, 127, 128, 129, 130, 11]",1.455785694362246,1.554753920222938
932,8201.328125,"[1.0, 1.0, 1.0, 0.9375, 1.0, 0.9375, 0.828125, 0.0, 0.0, 0.0, 0.0, 0.0, 0.0, 0.0, 0.0, 0.0, 0.0, 0.0, 0.0, 0.0, 0.0]","[0.59375, 0.625, 0.53125, 1.0, 0.578125, 0.546875, 0.859375, 0.0, 0.0, 0.0, 0.0, 0.0, 0.0, 0.0, 0.0, 0.0, 0.0, 0.0, 0.0, 0.0, 0.0]","[127, 128, 129, 130, 11, 12, 22, 23, 24, 25, 26, 67, 68, 69, 70, 71, 72, 73, 74, 131, 132, 133, 134, 135]",1.4182995128240736,1.4774497926323489
933,8261.09375,"[1.0, 1.0, 1.0, 0.9375, 1.0, 1.0, 0.921875, 0.0, 0.0, 0.0, 0.0, 0.0, 0.0, 0.0, 0.0, 0.0, 0.0, 0.0, 0.0, 0.0, 0.0]","[0.59375, 0.625, 0.53125, 1.0, 0.578125, 0.59375, 0.953125, 0.0, 0.0, 0.0, 0.0, 0.0, 0.0, 0.0, 0.0, 0.0, 0.0, 0.0, 0.0, 0.0, 0.0]","[129, 130, 12, 23, 24, 26, 67, 68, 69, 70, 71, 72, 73, 74, 131, 132, 133, 134, 135, 13, 136, 137, 138, 139, 140, 141, 142, 143, 144, 145, 146]",1.4153468508259235,1.4829944984543129
934,8930.9375,"[1.0, 1.0, 1.0, 0.9375, 1.0, 1.0, 0.703125, 1.0, 0.0, 0.0, 0.0, 0.0, 0.0, 0.0, 0.0, 0.0, 0.0, 0.0, 0.0, 0.0, 0.0]","[0.59375, 0.625, 0.53125, 1.0, 0.578125, 0.59375, 0.703125, 0.5, 0.0, 0.0, 0.0, 0.0, 0.0, 0.0, 0.0, 0.0, 0.0, 0.0, 0.0, 0.0, 0.0]","[12, 23, 24, 26, 67, 68, 69, 71, 72, 73, 74, 132, 133, 134, 135, 136, 137, 138, 139, 141, 142, 143, 144, 145, 146, 14]",1.2854188245249671,1.328002026098094
935,8851.25,"[1.0, 0.9375, 1.0, 0.9375, 1.0, 1.0, 0.875, 1.0, 0.0, 0.0, 0.0, 0.0, 0.0, 0.0, 0.0, 0.0, 0.0, 0.0, 0.0, 0.0, 0.0]","[0.59375, 0.5625, 0.53125, 1.0, 0.578125, 0.59375, 0.9375, 0.5, 0.0, 0.0, 0.0, 0.0, 0.0, 0.0, 0.0, 0.0, 0.0, 0.0, 0.0, 0.0, 0.0]","[134, 135, 136, 138, 139, 141, 142, 143, 144, 145, 146, 14, 15]",1.276895868625635,1.3488537262483293
936,8851.25,"[0.96875, 1.0, 1.0, 0.9375, 1.0, 1.0, 0.9375, 1.0, 0.0, 0.0, 0.0, 0.0, 0.0, 0.0, 0.0, 0.0, 0.0, 0.0, 0.0, 0.0, 0.0]","[0.578125, 0.59375, 0.53125, 1.0, 0.578125, 0.59375, 1.0, 0.5, 0.0, 0.0, 0.0, 0.0, 0.0, 0.0, 0.0, 0.0, 0.0, 0.0, 0.0, 0.0, 0.0]","[136, 138, 141, 142, 143, 144, 145, 146, 14, 15, 16]",1.2755227564607268,1.3561038722298917
937,9402.5,"[1.0, 0.9375, 1.0, 0.9375, 1.0, 1.0, 0.9375, 1.0, 0.875, 0.0, 0.0, 0.0, 0.0, 0.0, 0.0, 0.0, 0.0, 0.0, 0.0, 0.0, 0.0]","[0.59375, 0.5625, 0.53125, 1.0, 0.578125, 0.59375, 1.0, 0.5, 0.53125, 0.0, 0.0, 0.0, 0.0, 0.0, 0.0, 0.0, 0.0, 0.0, 0.0, 0.0, 0.0]","[14, 17, 27, 75, 96, 97]",1.1566859849506135,1.2344110575692255
938,9638.75,"[1.0, 0.9375, 0.625, 0.9375, 1.0, 1.0, 0.9375, 1.0, 1.0, 0.25, 0.0, 0.0, 0.0, 0.0, 0.0, 0.0, 0.0, 0.0, 0.0, 0.0, 0.0]","[0.59375, 0.53125, 0.34375, 1.0, 0.578125, 0.59375, 1.0, 0.5, 0.59375, 0.125, 0.0, 0.0, 0.0, 0.0, 0.0, 0.0, 0.0, 0.0, 0.0, 0.0, 0.0]","[27, 96, 18, 28, 29, 98, 99, 100, 101, 102, 103, 147, 148, 149, 150, 151, 152, 153, 154, 155]",1.1184679014903607,1.2174026997396274
939,9638.75,"[0.125, 1.0, 0.96875, 0.8125, 1.0, 1.0, 0.9375, 1.0, 1.0, 0.25, 0.0, 0.0, 0.0, 0.0, 0.0, 0.0, 0.0, 0.0, 0.0, 0.0, 0.0]","[0.09375, 0.59375, 0.515625, 0.875, 0.578125, 0.59375, 1.0, 0.5, 0.59375, 0.125, 0.0, 0.0, 0.0, 0.0, 0.0, 0.0, 0.0, 0.0, 0.0, 0.0, 0.0]","[96, 28, 29, 98, 100, 101, 102, 103, 147, 148, 149, 150, 151, 152, 153, 154, 155, 19, 30, 31, 45]",1.1925190305893882,1.2635098507163063
940,9460.3125,"[0.9375, 0.9375, 0.8125, 0.5, 1.0, 1.0, 0.9375, 1.0, 1.0, 0.25, 0.0, 0.0, 0.0, 0.0, 0.0, 0.0, 0.0, 0.0, 0.0, 0.0, 0.0]","[0.5625, 0.5625, 0.4375, 0.5625, 0.578125, 0.59375, 1.0, 0.5, 0.59375, 0.125, 0.0, 0.0, 0.0, 0.0, 0.0, 0.0, 0.0, 0.0, 0.0, 0.0, 0.0]","[148, 151, 152, 153, 154, 19, 30, 31, 45, 0]",1.1305908575764552,1.1740629069018778
941,9480.625,"[1.0, 0.875, 0.9375, 0.875, 1.0, 1.0, 0.9375, 1.0, 1.0, 0.25, 0.0, 0.0, 0.0, 0.0, 0.0, 0.0, 0.0, 0.0, 0.0, 0.0, 0.0]","[0.59375, 0.5, 0.5, 0.9375, 0.578125, 0.59375, 1.0, 0.5, 0.59375, 0.125, 0.0, 0.0, 0.0, 0.0, 0.0, 0.0, 0.0, 0.0, 0.0, 0.0, 0.0]","[154, 19, 30, 45, 0, 1]",1.107538504692775,1.1904152366939122
942,9520.0,"[0.96875, 1.0, 0.9375, 0.875, 1.0, 1.0, 0.9375, 1.0, 1.0, 0.25, 0.0, 0.0, 0.0, 0.0, 0.0, 0.0, 0.0, 0.0, 0.0, 0.0, 0.0]","[0.578125, 0.59375, 0.5, 0.9375, 0.578125, 0.59375, 1.0, 0.5, 0.59375, 0.125, 0.0, 0.0, 0.0, 0.0, 0.0, 0.0, 0.0, 0.0, 0.0, 0.0, 0.0]","[30, 45, 0, 1, 2, 46, 47, 48, 49, 50, 51, 52, 53, 54, 55, 56, 57, 58, 76, 156, 157, 158, 159, 160, 161]",1.1070054358936798,1.1847727729136504
943,10111.25,"[1.0, 0.34375, 0.9375, 0.9375, 1.0, 1.0, 0.9375, 1.0, 1.0, 1.0, 0.0, 0.0, 0.0, 0.0, 0.0, 0.0, 0.0, 0.0, 0.0, 0.0, 0.0]","[0.59375, 0.234375, 0.53125, 1.0, 0.578125, 0.59375, 1.0, 0.5, 0.59375, 0.5, 0.0, 0.0, 0.0, 0.0, 0.0, 0.0, 0.0, 0.0, 0.0, 0.0, 0.0]","[1, 2, 47, 48, 49, 50, 52, 53, 54, 55, 57, 58, 76, 156, 157, 158, 159, 160, 161, 3, 20]",1.0922354915478285,1.1692971525253066
944,10071.875,"[1.0, 0.96875, 0.5625, 0.4375, 0.78125, 1.0, 0.9375, 1.0, 1.0, 1.0, 0.0, 0.0, 0.0, 0.0, 0.0, 0.0, 0.0, 0.0, 0.0, 0.0, 0.0]","[0.59375, 0.609375, 0.3125, 0.4375, 0.46875, 0.59375, 1.0, 0.5, 0.59375, 0.5, 0.0, 0.0, 0.0, 0.0, 0.0, 0.0, 0.0, 0.0, 0.0, 0.0, 0.0]","[55, 57, 76, 156, 157, 158, 159, 160, 161, 3, 20, 4]",1.099107768254675,1.1377048509879233
945,9198.4375,"[1.0, 1.0, 1.0, 0.4375, 0.75, 1.0, 0.9375, 1.0, 1.0, 1.0, 0.0, 0.0, 0.0, 0.0, 0.0, 0.0, 0.0, 0.0, 0.0, 0.0, 0.0]","[0.59375, 0.625, 0.59375, 0.4375, 0.4375, 0.59375, 1.0, 0.5, 0.59375, 0.5, 0.0, 0.0, 0.0, 0.0, 0.0, 0.0, 0.0, 0.0, 0.0, 0.0, 0.0]","[157, 160, 161, 3, 20, 4, 5]",1.0850058781760066,1.1140792055476083
946,9694.53125,"[1.0, 1.0, 1.0, 0.859375, 0.734375, 1.0, 0.9375, 1.0, 1.0, 1.0, 0.0, 0.0, 0.0, 0.0, 0.0, 0.0, 0.0, 0.0, 0.0, 0.0, 0.0]","[0.59375, 0.625, 0.59375, 0.890625, 0.4296875, 0.59375, 1.0, 0.5, 0.59375, 0.5, 0.0, 0.0, 0.0, 0.0, 0.0, 0.0, 0.0, 0.0, 0.0, 0.0, 0.0]",[6],1.056742724970344,1.1177187674460074
947,9754.0625,"[1.0, 1.0, 1.0, 0.921875, 0.703125, 1.0, 0.9375, 1.0, 1.0, 1.0, 0.0, 0.0, 0.0, 0.0, 0.0, 0.0, 0.0, 0.0, 0.0, 0.0, 0.0]","[0.59375, 0.625, 0.59375, 0.953125, 0.4140625, 0.59375, 1.0, 0.5, 0.59375, 0.5, 0.0, 0.0, 0.0, 0.0, 0.0, 0.0, 0.0, 0.0, 0.0, 0.0, 0.0]","[7, 21]",1.057423123774885,1.126570148547029
948,9912.8125,"[1.0, 1.0, 1.0, 0.921875, 0.15625, 0.5625, 0.8125, 1.0, 1.0, 1.0, 0.0, 0.0, 0.0, 0.0, 0.0, 0.0, 0.0, 0.0, 0.0, 0.0, 0.0]","[0.59375, 0.625, 0.59375, 0.953125, 0.09375, 0.359375, 0.875, 0.5, 0.59375, 0.5, 0.0, 0.0, 0.0, 0.0, 0.0, 0.0, 0.0, 0.0, 0.0, 0.0, 0.0]",[8],1.1433634328562967,1.2004771522475846
949,8165.3125,"[1.0, 1.0, 1.0, 0.9375, 0.15625, 0.40625, 0.65625, 1.0, 1.0, 1.0, 0.0, 0.0, 0.0, 0.0, 0.0, 0.0, 0.0, 0.0, 0.0, 0.0, 0.0]","[0.59375, 0.625, 0.59375, 0.96875, 0.09375, 0.25, 0.71875, 0.5, 0.59375, 0.5, 0.0, 0.0, 0.0, 0.0, 0.0, 0.0, 0.0, 0.0, 0.0, 0.0, 0.0]","[9, 32]",1.1692919144826481,1.2115673166041974
950,7687.5,"[1.0, 1.0, 1.0, 0.96875, 0.21875, 0.015625, 0.421875, 1.0, 1.0, 1.0, 0.0, 0.0, 0.0, 0.0, 0.0, 0.0, 0.0, 0.0, 0.0, 0.0, 0.0]","[0.59375, 0.625, 0.59375, 1.0, 0.125, 0.0078125, 0.484375, 0.5, 0.59375, 0.5, 0.0, 0.0, 0.0, 0.0, 0.0, 0.0, 0.0, 0.0, 0.0, 0.0, 0.0]","[10, 33, 34, 35, 36, 37, 38, 39]",1.2600742919277035,1.2890955089778002
951,7149.375,"[1.0, 1.0, 1.0, 0.96875, 0.65625, 0.015625, 0.359375, 1.0, 1.0, 1.0, 0.0, 0.0, 0.0, 0.0, 0.0, 0.0, 0.0, 0.0, 0.0, 0.0, 0.0]","[0.59375, 0.625, 0.59375, 1.0, 0.375, 0.0078125, 0.421875, 0.5, 0.59375, 0.5, 0.0, 0.0, 0.0, 0.0, 0.0, 0.0, 0.0, 0.0, 0.0, 0.0, 0.0]",[11],1.2084936276805647,1.2355278585602387
952,7029.6875,"[1.0, 0.9375, 1.0, 0.96875, 0.6875, 0.0, 0.0390625, 0.5, 1.0, 1.0, 0.0, 0.0, 0.0, 0.0, 0.0, 0.0, 0.0, 0.0, 0.0, 0.0, 0.0]","[0.59375, 0.59375, 0.59375, 1.0, 0.390625, 0.0, 0.0390625, 0.25, 0.59375, 0.5, 0.0, 0.0, 0.0, 0.0, 0.0, 0.0, 0.0, 0.0, 0.0, 0.0, 0.0]",[12],1.3038776064575197,1.3827894270305532
953,5918.046875,"[0.96875, 0.9375, 1.0, 0.96875, 0.75, 0.0, 0.0, 0.0, 0.3125, 1.0, 0.0, 0.0, 0.0, 0.0, 0.0, 0.0, 0.0, 0.0, 0.0, 0.0, 0.0]","[0.578125, 0.59375, 0.59375, 1.0, 0.421875, 0.0, 0.0, 0.0, 0.15625, 0.5, 0.0, 0.0, 0.0, 0.0, 0.0, 0.0, 0.0, 0.0, 0.0, 0.0, 0.0]","[13, 22, 23, 24, 25, 26, 40, 41]",1.492047246621093,1.5942527653522927
954,5347.8125,"[1.0, 0.96875, 1.0, 0.96875, 0.9375, 0.0, 0.0, 0.0, 0.3125, 1.0, 0.0, 0.0, 0.0, 0.0, 0.0, 0.0, 0.0, 0.0, 0.0, 0.0, 0.0]","[0.59375, 0.640625, 0.59375, 1.0, 0.515625, 0.0, 0.0, 0.0, 0.15625, 0.5, 0.0, 0.0, 0.0, 0.0, 0.0, 0.0, 0.0, 0.0, 0.0, 0.0, 0.0]","[24, 26, 40, 41, 14]",1.4868570212541932,1.5766062462959403
955,5585.9375,"[1.0, 1.0, 1.0, 0.96875, 1.0, 0.125, 0.0, 0.0, 0.25, 1.0, 0.0, 0.0, 0.0, 0.0, 0.0, 0.0, 0.0, 0.0, 0.0, 0.0, 0.0]","[0.59375, 0.65625, 0.59375, 1.0, 0.5625, 0.0625, 0.0, 0.0, 0.125, 0.5, 0.0, 0.0, 0.0, 0.0, 0.0, 0.0, 0.0, 0.0, 0.0, 0.0, 0.0]","[14, 15, 42, 43, 44, 59]",1.4627473098737498,1.5525674190138408
956,5923.59375,"[1.0, 1.0, 1.0, 0.96875, 1.0, 0.421875, 0.0, 0.0, 0.125, 1.0, 0.0, 0.0, 0.0, 0.0, 0.0, 0.0, 0.0, 0.0, 0.0, 0.0, 0.0]","[0.59375, 0.65625, 0.59375, 1.0, 0.5625, 0.2265625, 0.0, 0.0, 0.0625, 0.5, 0.0, 0.0, 0.0, 0.0, 0.0, 0.0, 0.0, 0.0, 0.0, 0.0, 0.0]",[16],1.4259372718757775,1.513255105088694
957,5924.21875,"[0.9375, 0.90625, 1.0, 0.96875, 1.0, 0.484375, 0.0, 0.0, 0.0, 0.75, 0.0, 0.0, 0.0, 0.0, 0.0, 0.0, 0.0, 0.0, 0.0, 0.0, 0.0]","[0.5625, 0.578125, 0.59375, 1.0, 0.5625, 0.2578125, 0.0, 0.0, 0.0, 0.375, 0.0, 0.0, 0.0, 0.0, 0.0, 0.0, 0.0, 0.0, 0.0, 0.0, 0.0]",[17],1.4566769504308055,1.5607666050782327
958,5748.28125,"[0.0625, 0.84375, 0.5, 0.71875, 1.0, 0.609375, 0.0, 0.0, 0.0, 0.75, 0.0, 0.0, 0.0, 0.0, 0.0, 0.0, 0.0, 0.0, 0.0, 0.0, 0.0]","[0.03125, 0.515625, 0.34375, 0.75, 0.5625, 0.3203125, 0.0, 0.0, 0.0, 0.375, 0.0, 0.0, 0.0, 0.0, 0.0, 0.0, 0.0, 0.0, 0.0, 0.0, 0.0]","[18, 27, 28, 29, 60, 61, 62, 63, 64, 65, 66, 67, 68]",1.6023480688445702,1.663559802348392
959,5096.09375,"[0.96875, 0.78125, 0.4375, 0.53125, 1.0, 0.609375, 0.0, 0.0, 0.0, 0.75, 0.0, 0.0, 0.0, 0.0, 0.0, 0.0, 0.0, 0.0, 0.0, 0.0, 0.0]","[0.578125, 0.484375, 0.28125, 0.5625, 0.5625, 0.3203125, 0.0, 0.0, 0.0, 0.375, 0.0, 0.0, 0.0, 0.0, 0.0, 0.0, 0.0, 0.0, 0.0, 0.0, 0.0]","[65, 68, 19, 30, 31, 45, 69, 70, 71, 72, 73, 74, 75, 77, 78]",1.4905779030990298,1.48214799821561
960,5232.03125,"[0.96875, 0.96875, 0.9375, 0.53125, 1.0, 0.609375, 0.0, 0.0, 0.0, 0.75, 0.0, 0.0, 0.0, 0.0, 0.0, 0.0, 0.0, 0.0, 0.0, 0.0, 0.0]","[0.578125, 0.578125, 0.53125, 0.5625, 0.5625, 0.3203125, 0.0, 0.0, 0.0, 0.375, 0.0, 0.0, 0.0, 0.0, 0.0, 0.0, 0.0, 0.0, 0.0, 0.0, 0.0]","[31, 69, 70, 71, 72, 73, 74, 75, 77, 78, 0]",1.463173723018831,1.4551936992843915
961,5747.65625,"[1.0, 0.90625, 1.0, 0.90625, 1.0, 0.609375, 0.0, 0.0, 0.0, 0.75, 0.0, 0.0, 0.0, 0.0, 0.0, 0.0, 0.0, 0.0, 0.0, 0.0, 0.0]","[0.59375, 0.546875, 0.59375, 0.9375, 0.5625, 0.3203125, 0.0, 0.0, 0.0, 0.375, 0.0, 0.0, 0.0, 0.0, 0.0, 0.0, 0.0, 0.0, 0.0, 0.0, 0.0]","[69, 72, 74, 78, 0, 1]",1.440228221691271,1.5237398136087337
962,5767.34375,"[1.0, 0.375, 0.5625, 0.6875, 1.0, 0.609375, 0.0, 0.0, 0.0, 0.0, 0.0, 0.0, 0.0, 0.0, 0.0, 0.0, 0.0, 0.0, 0.0, 0.0, 0.0]","[0.59375, 0.21875, 0.3125, 0.71875, 0.5625, 0.3203125, 0.0, 0.0, 0.0, 0.0, 0.0, 0.0, 0.0, 0.0, 0.0, 0.0, 0.0, 0.0, 0.0, 0.0, 0.0]","[72, 74, 78, 1, 2, 46]",1.6929992246427248,1.7463660374228256
963,4741.40625,"[1.0, 1.0, 0.5625, 0.53125, 1.0, 0.609375, 0.0, 0.0, 0.0, 0.0, 0.0, 0.0, 0.0, 0.0, 0.0, 0.0, 0.0, 0.0, 0.0, 0.0, 0.0]","[0.59375, 0.59375, 0.3125, 0.53125, 0.5625, 0.3203125, 0.0, 0.0, 0.0, 0.0, 0.0, 0.0, 0.0, 0.0, 0.0, 0.0, 0.0, 0.0, 0.0, 0.0, 0.0]",[3],1.6640505879068204,1.6490267713626818
964,4582.34375,"[1.0, 1.0, 0.625, 0.515625, 1.0, 0.609375, 0.0, 0.0, 0.0, 0.0, 0.0, 0.0, 0.0, 0.0, 0.0, 0.0, 0.0, 0.0, 0.0, 0.0, 0.0]","[0.59375, 0.59375, 0.375, 0.515625, 0.5625, 0.3203125, 0.0, 0.0, 0.0, 0.0, 0.0, 0.0, 0.0, 0.0, 0.0, 0.0, 0.0, 0.0, 0.0, 0.0, 0.0]",[4],1.6579795822065633,1.632851048511976
965,4582.1875,"[1.0, 1.0, 0.65625, 0.484375, 1.0, 0.609375, 0.0, 0.0, 0.0, 0.0, 0.0, 0.0, 0.0, 0.0, 0.0, 0.0, 0.0, 0.0, 0.0, 0.0, 0.0]","[0.59375, 0.59375, 0.390625, 0.484375, 0.5625, 0.3203125, 0.0, 0.0, 0.0, 0.0, 0.0, 0.0, 0.0, 0.0, 0.0, 0.0, 0.0, 0.0, 0.0, 0.0, 0.0]","[5, 20, 47, 48, 49]",1.6604447285820447,1.630495154283563
966,4719.6875,"[1.0, 1.0, 0.9375, 0.421875, 1.0, 0.609375, 0.0, 0.0, 0.0, 0.0, 0.0, 0.0, 0.0, 0.0, 0.0, 0.0, 0.0, 0.0, 0.0, 0.0, 0.0]","[0.59375, 0.59375, 0.5625, 0.421875, 0.5625, 0.3203125, 0.0, 0.0, 0.0, 0.0, 0.0, 0.0, 0.0, 0.0, 0.0, 0.0, 0.0, 0.0, 0.0, 0.0, 0.0]","[47, 6, 50]",1.663322859046994,1.6255525920694764
967,4917.8125,"[1.0, 1.0, 1.0, 0.609375, 0.84375, 0.609375, 0.0, 0.0, 0.0, 0.0, 0.0, 0.0, 0.0, 0.0, 0.0, 0.0, 0.0, 0.0, 0.0, 0.0, 0.0]","[0.59375, 0.59375, 0.59375, 0.609375, 0.46875, 0.3203125, 0.0, 0.0, 0.0, 0.0, 0.0, 0.0, 0.0, 0.0, 0.0, 0.0, 0.0, 0.0, 0.0, 0.0, 0.0]",[7],1.6278925927569092,1.6240470284295538
968,4878.125,"[1.0, 1.0, 1.0, 0.71875, 0.84375, 0.609375, 0.0, 0.0, 0.0, 0.0, 0.0, 0.0, 0.0, 0.0, 0.0, 0.0, 0.0, 0.0, 0.0, 0.0, 0.0]","[0.59375, 0.59375, 0.59375, 0.71875, 0.46875, 0.3203125, 0.0, 0.0, 0.0, 0.0, 0.0, 0.0, 0.0, 0.0, 0.0, 0.0, 0.0, 0.0, 0.0, 0.0, 0.0]",[8],1.6159612229989524,1.6375635252333176
969,4897.96875,"[1.0, 1.0, 1.0, 0.71875, 0.78125, 0.609375, 0.0, 0.0, 0.0, 0.0, 0.0, 0.0, 0.0, 0.0, 0.0, 0.0, 0.0, 0.0, 0.0, 0.0, 0.0]","[0.59375, 0.59375, 0.59375, 0.75, 0.4375, 0.3203125, 0.0, 0.0, 0.0, 0.0, 0.0, 0.0, 0.0, 0.0, 0.0, 0.0, 0.0, 0.0, 0.0, 0.0, 0.0]",[9],1.6181849619409454,1.6479494316874392
970,4798.75,"[1.0, 1.0, 1.0, 0.734375, 0.34375, 0.609375, 0.0, 0.0, 0.0, 0.0, 0.0, 0.0, 0.0, 0.0, 0.0, 0.0, 0.0, 0.0, 0.0, 0.0, 0.0]","[0.59375, 0.59375, 0.59375, 0.765625, 0.1875, 0.3203125, 0.0, 0.0, 0.0, 0.0, 0.0, 0.0, 0.0, 0.0, 0.0, 0.0, 0.0, 0.0, 0.0, 0.0, 0.0]",[10],1.6883325106941067,1.7347771602834783
971,4282.8125,"[1.0, 1.0, 1.0, 0.765625, 0.3125, 0.609375, 0.0, 0.0, 0.0, 0.0, 0.0, 0.0, 0.0, 0.0, 0.0, 0.0, 0.0, 0.0, 0.0, 0.0, 0.0]","[0.59375, 0.59375, 0.59375, 0.796875, 0.171875, 0.3203125, 0.0, 0.0, 0.0, 0.0, 0.0, 0.0, 0.0, 0.0, 0.0, 0.0, 0.0, 0.0, 0.0, 0.0, 0.0]","[11, 21, 32, 33, 34, 35, 36, 37, 38, 39, 51, 52, 53, 54, 55, 56, 57, 58]",1.6957790736610314,1.7507174961860454
972,4501.09375,"[1.0, 1.0, 1.0, 0.96875, 0.25, 0.609375, 0.0, 0.0, 0.0, 0.0, 0.0, 0.0, 0.0, 0.0, 0.0, 0.0, 0.0, 0.0, 0.0, 0.0, 0.0]","[0.59375, 0.59375, 0.59375, 1.0, 0.140625, 0.3203125, 0.0, 0.0, 0.0, 0.0, 0.0, 0.0, 0.0, 0.0, 0.0, 0.0, 0.0, 0.0, 0.0, 0.0, 0.0]","[32, 34, 35, 36, 37, 38, 39, 51, 52, 53, 54, 55, 56, 57, 58, 12]",1.7143186300173299,1.831693051217943
973,5314.6875,"[0.96875, 0.90625, 1.0, 0.96875, 0.703125, 0.484375, 0.0, 0.0, 0.0, 0.0, 0.0, 0.0, 0.0, 0.0, 0.0, 0.0, 0.0, 0.0, 0.0, 0.0, 0.0]","[0.578125, 0.515625, 0.59375, 1.0, 0.4140625, 0.2578125, 0.0, 0.0, 0.0, 0.0, 0.0, 0.0, 0.0, 0.0, 0.0, 0.0, 0.0, 0.0, 0.0, 0.0, 0.0]","[57, 13, 22, 23, 24]",1.6348800684573976,1.7539108737800426
974,5037.1875,"[0.96875, 0.96875, 1.0, 0.96875, 0.890625, 0.453125, 0.0, 0.0, 0.0, 0.0, 0.0, 0.0, 0.0, 0.0, 0.0, 0.0, 0.0, 0.0, 0.0, 0.0, 0.0]","[0.578125, 0.546875, 0.59375, 1.0, 0.5078125, 0.2421875, 0.0, 0.0, 0.0, 0.0, 0.0, 0.0, 0.0, 0.0, 0.0, 0.0, 0.0, 0.0, 0.0, 0.0, 0.0]","[23, 24, 14, 25, 26]",1.6333348517971562,1.7373407300445505
975,5255.3125,"[1.0, 0.96875, 1.0, 0.96875, 0.953125, 0.3125, 0.0, 0.0, 0.0, 0.0, 0.0, 0.0, 0.0, 0.0, 0.0, 0.0, 0.0, 0.0, 0.0, 0.0, 0.0]","[0.59375, 0.546875, 0.59375, 1.0, 0.5546875, 0.15625, 0.0, 0.0, 0.0, 0.0, 0.0, 0.0, 0.0, 0.0, 0.0, 0.0, 0.0, 0.0, 0.0, 0.0, 0.0]","[26, 15]",1.669658867465651,1.770067504326788
976,5156.09375,"[1.0, 0.96875, 1.0, 0.96875, 0.953125, 0.4375, 0.0, 0.0, 0.0, 0.0, 0.0, 0.0, 0.0, 0.0, 0.0, 0.0, 0.0, 0.0, 0.0, 0.0, 0.0]","[0.59375, 0.546875, 0.59375, 1.0, 0.5546875, 0.21875, 0.0, 0.0, 0.0, 0.0, 0.0, 0.0, 0.0, 0.0, 0.0, 0.0, 0.0, 0.0, 0.0, 0.0, 0.0]","[16, 40, 41, 42, 43, 44, 59, 76, 79, 80, 81, 82, 83, 84, 85, 86, 87]",1.6375194312129142,1.739875720840605
977,5850.46875,"[1.0, 1.0, 1.0, 0.96875, 0.984375, 0.875, 0.0, 0.0, 0.0, 0.0, 0.0, 0.0, 0.0, 0.0, 0.0, 0.0, 0.0, 0.0, 0.0, 0.0, 0.0]","[0.59375, 0.5625, 0.59375, 1.0, 0.5859375, 0.4375, 0.0, 0.0, 0.0, 0.0, 0.0, 0.0, 0.0, 0.0, 0.0, 0.0, 0.0, 0.0, 0.0, 0.0, 0.0]","[41, 44, 59, 76, 81, 82, 83, 86, 87, 17]",1.5834679842870096,1.664333590719489
978,5870.3125,"[0.09375, 0.9375, 0.75, 0.96875, 1.0, 1.0, 0.0, 0.0, 0.0, 0.0, 0.0, 0.0, 0.0, 0.0, 0.0, 0.0, 0.0, 0.0, 0.0, 0.0, 0.0]","[0.046875, 0.53125, 0.46875, 1.0, 0.59375, 0.53125, 0.0, 0.0, 0.0, 0.0, 0.0, 0.0, 0.0, 0.0, 0.0, 0.0, 0.0, 0.0, 0.0, 0.0, 0.0]","[82, 83, 86, 87, 17, 18, 27, 28, 29, 60, 61, 62, 63, 64, 65, 66, 67, 68, 88, 89, 90, 91, 92, 93]",1.7563448493723826,1.8613390286152167
979,5673.4375,"[0.9375, 0.5625, 0.4375, 0.59375, 1.0, 1.0, 0.0, 0.0, 0.0, 0.0, 0.0, 0.0, 0.0, 0.0, 0.0, 0.0, 0.0, 0.0, 0.0, 0.0, 0.0]","[0.53125, 0.28125, 0.28125, 0.625, 0.59375, 0.53125, 0.0, 0.0, 0.0, 0.0, 0.0, 0.0, 0.0, 0.0, 0.0, 0.0, 0.0, 0.0, 0.0, 0.0, 0.0]","[62, 63, 64, 65, 66, 67, 68, 88, 89, 90, 91, 92, 93, 19, 30, 31]",1.680609141591651,1.675238593420616
980,5000.3125,"[1.0, 0.90625, 0.4375, 0.59375, 1.0, 1.0, 0.0, 0.0, 0.0, 0.0, 0.0, 0.0, 0.0, 0.0, 0.0, 0.0, 0.0, 0.0, 0.0, 0.0, 0.0]","[0.59375, 0.453125, 0.28125, 0.625, 0.59375, 0.53125, 0.0, 0.0, 0.0, 0.0, 0.0, 0.0, 0.0, 0.0, 0.0, 0.0, 0.0, 0.0, 0.0, 0.0, 0.0]","[64, 65, 67, 68, 88, 89, 90, 91, 92, 93, 19, 30, 31, 0, 45, 69, 70, 71, 72]",1.6613893911967843,1.6384226773308848
981,5354.6875,"[1.0, 0.9375, 0.9375, 0.59375, 1.0, 1.0, 0.0, 0.0, 0.0, 0.0, 0.0, 0.0, 0.0, 0.0, 0.0, 0.0, 0.0, 0.0, 0.0, 0.0, 0.0]","[0.59375, 0.46875, 0.53125, 0.625, 0.59375, 0.53125, 0.0, 0.0, 0.0, 0.0, 0.0, 0.0, 0.0, 0.0, 0.0, 0.0, 0.0, 0.0, 0.0, 0.0, 0.0]","[68, 88, 89, 91, 92, 93, 19, 31, 0, 45, 69, 70, 71, 72, 1]",1.6088327623289056,1.5908727350245393
982,5751.5625,"[1.0, 0.625, 0.9375, 0.90625, 1.0, 1.0, 0.0, 0.0, 0.0, 0.0, 0.0, 0.0, 0.0, 0.0, 0.0, 0.0, 0.0, 0.0, 0.0, 0.0, 0.0]","[0.59375, 0.34375, 0.53125, 0.9375, 0.59375, 0.53125, 0.0, 0.0, 0.0, 0.0, 0.0, 0.0, 0.0, 0.0, 0.0, 0.0, 0.0, 0.0, 0.0, 0.0, 0.0]","[88, 89, 92, 93, 19, 0, 45, 69, 71, 72, 1, 2, 46, 73]",1.6045649165517022,1.678432378570021
983,5751.5625,"[1.0, 1.0, 0.875, 0.90625, 1.0, 1.0, 0.0, 0.0, 0.0, 0.0, 0.0, 0.0, 0.0, 0.0, 0.0, 0.0, 0.0, 0.0, 0.0, 0.0, 0.0]","[0.59375, 0.59375, 0.46875, 0.9375, 0.59375, 0.53125, 0.0, 0.0, 0.0, 0.0, 0.0, 0.0, 0.0, 0.0, 0.0, 0.0, 0.0, 0.0, 0.0, 0.0, 0.0]","[69, 71, 72, 2, 46, 73, 3]",1.5844016874156197,1.644054883725579
984,6109.6875,"[1.0, 1.0, 0.96875, 0.90625, 1.0, 1.0, 0.125, 0.0, 0.0, 0.0, 0.0, 0.0, 0.0, 0.0, 0.0, 0.0, 0.0, 0.0, 0.0, 0.0, 0.0]","[0.59375, 0.59375, 0.546875, 0.9375, 0.59375, 0.53125, 0.125, 0.0, 0.0, 0.0, 0.0, 0.0, 0.0, 0.0, 0.0, 0.0, 0.0, 0.0, 0.0, 0.0, 0.0]","[2, 46, 3, 4]",1.5391484218824816,1.5681023869982424
985,6149.375,"[1.0, 1.0, 0.71875, 0.8125, 1.0, 1.0, 0.125, 0.0, 0.0, 0.0, 0.0, 0.0, 0.0, 0.0, 0.0, 0.0, 0.0, 0.0, 0.0, 0.0, 0.0]","[0.59375, 0.59375, 0.390625, 0.84375, 0.59375, 0.53125, 0.125, 0.0, 0.0, 0.0, 0.0, 0.0, 0.0, 0.0, 0.0, 0.0, 0.0, 0.0, 0.0, 0.0, 0.0]","[46, 3, 5]",1.5518470598064764,1.567714093352821
986,5970.9375,"[1.0, 1.0, 0.90625, 0.75, 1.0, 1.0, 0.125, 0.0, 0.0, 0.0, 0.0, 0.0, 0.0, 0.0, 0.0, 0.0, 0.0, 0.0, 0.0, 0.0, 0.0]","[0.59375, 0.59375, 0.515625, 0.78125, 0.59375, 0.53125, 0.125, 0.0, 0.0, 0.0, 0.0, 0.0, 0.0, 0.0, 0.0, 0.0, 0.0, 0.0, 0.0, 0.0, 0.0]",[6],1.54677732322892,1.536425374244048
987,5931.5625,"[1.0, 1.0, 0.90625, 0.6875, 1.0, 1.0, 0.125, 0.0, 0.0, 0.0, 0.0, 0.0, 0.0, 0.0, 0.0, 0.0, 0.0, 0.0, 0.0, 0.0, 0.0]","[0.59375, 0.59375, 0.515625, 0.71875, 0.59375, 0.53125, 0.125, 0.0, 0.0, 0.0, 0.0, 0.0, 0.0, 0.0, 0.0, 0.0, 0.0, 0.0, 0.0, 0.0, 0.0]",[7],1.5522203958540761,1.5264204065664926
988,5931.5625,"[1.0, 1.0, 0.90625, 0.78125, 1.0, 1.0, 0.125, 0.0, 0.0, 0.0, 0.0, 0.0, 0.0, 0.0, 0.0, 0.0, 0.0, 0.0, 0.0, 0.0, 0.0]","[0.59375, 0.59375, 0.515625, 0.78125, 0.59375, 0.53125, 0.125, 0.0, 0.0, 0.0, 0.0, 0.0, 0.0, 0.0, 0.0, 0.0, 0.0, 0.0, 0.0, 0.0, 0.0]",[8],1.5446302991372511,1.536425374244048
989,5931.25,"[1.0, 1.0, 0.96875, 0.765625, 1.0, 1.0, 0.125, 0.0, 0.0, 0.0, 0.0, 0.0, 0.0, 0.0, 0.0, 0.0, 0.0, 0.0, 0.0, 0.0, 0.0]","[0.59375, 0.59375, 0.578125, 0.765625, 0.59375, 0.53125, 0.125, 0.0, 0.0, 0.0, 0.0, 0.0, 0.0, 0.0, 0.0, 0.0, 0.0, 0.0, 0.0, 0.0, 0.0]","[9, 20, 47, 48, 49, 50, 74, 75, 77, 78]",1.545581228319409,1.5305887760040005
990,6208.90625,"[1.0, 1.0, 1.0, 0.953125, 1.0, 1.0, 0.125, 0.0, 0.0, 0.0, 0.0, 0.0, 0.0, 0.0, 0.0, 0.0, 0.0, 0.0, 0.0, 0.0, 0.0]","[0.59375, 0.59375, 0.59375, 0.953125, 0.59375, 0.53125, 0.125, 0.0, 0.0, 0.0, 0.0, 0.0, 0.0, 0.0, 0.0, 0.0, 0.0, 0.0, 0.0, 0.0, 0.0]","[49, 50, 74, 75, 77, 78, 10]",1.5386500715875715,1.5687843058831372
991,6547.5,"[1.0, 1.0, 1.0, 0.796875, 0.1875, 1.0, 0.25, 0.0, 0.0, 0.0, 0.0, 0.0, 0.0, 0.0, 0.0, 0.0, 0.0, 0.0, 0.0, 0.0, 0.0]","[0.59375, 0.59375, 0.59375, 0.796875, 0.125, 0.53125, 0.28125, 0.0, 0.0, 0.0, 0.0, 0.0, 0.0, 0.0, 0.0, 0.0, 0.0, 0.0, 0.0, 0.0, 0.0]","[10, 11, 21, 32, 33, 34]",1.6209257576685825,1.5863118183967444
992,5456.09375,"[1.0, 1.0, 1.0, 0.953125, 0.171875, 1.0, 0.25, 0.0, 0.0, 0.0, 0.0, 0.0, 0.0, 0.0, 0.0, 0.0, 0.0, 0.0, 0.0, 0.0, 0.0]","[0.59375, 0.59375, 0.59375, 0.984375, 0.1171875, 0.53125, 0.28125, 0.0, 0.0, 0.0, 0.0, 0.0, 0.0, 0.0, 0.0, 0.0, 0.0, 0.0, 0.0, 0.0, 0.0]","[32, 12]",1.6231918841945612,1.641169445672334
993,5634.6875,"[1.0, 0.9375, 1.0, 0.953125, 0.234375, 0.875, 0.25, 0.0, 0.0, 0.0, 0.0, 0.0, 0.0, 0.0, 0.0, 0.0, 0.0, 0.0, 0.0, 0.0, 0.0]","[0.59375, 0.5625, 0.59375, 0.984375, 0.1328125, 0.46875, 0.28125, 0.0, 0.0, 0.0, 0.0, 0.0, 0.0, 0.0, 0.0, 0.0, 0.0, 0.0, 0.0, 0.0, 0.0]","[13, 22, 23, 24]",1.599502340759537,1.6439789830771692
994,5595.0,"[0.96875, 1.0, 1.0, 0.953125, 0.390625, 0.8125, 0.25, 0.0, 0.0, 0.0, 0.0, 0.0, 0.0, 0.0, 0.0, 0.0, 0.0, 0.0, 0.0, 0.0, 0.0]","[0.578125, 0.625, 0.59375, 0.984375, 0.2109375, 0.4375, 0.28125, 0.0, 0.0, 0.0, 0.0, 0.0, 0.0, 0.0, 0.0, 0.0, 0.0, 0.0, 0.0, 0.0, 0.0]","[24, 14, 25, 26, 35, 36, 37, 38]",1.55963027437686,1.6127525033678025
995,5912.5,"[1.0, 1.0, 1.0, 0.953125, 0.734375, 0.6875, 0.25, 0.0, 0.0, 0.0, 0.0, 0.0, 0.0, 0.0, 0.0, 0.0, 0.0, 0.0, 0.0, 0.0, 0.0]","[0.59375, 0.625, 0.59375, 0.984375, 0.3984375, 0.375, 0.28125, 0.0, 0.0, 0.0, 0.0, 0.0, 0.0, 0.0, 0.0, 0.0, 0.0, 0.0, 0.0, 0.0, 0.0]","[36, 15]",1.5189390790699693,1.567991990844577
996,5932.34375,"[0.8125, 0.96875, 1.0, 0.96875, 0.8125, 0.0, 0.25, 0.0, 0.0, 0.0, 0.0, 0.0, 0.0, 0.0, 0.0, 0.0, 0.0, 0.0, 0.0, 0.0, 0.0]","[0.46875, 0.609375, 0.59375, 1.0, 0.421875, 0.0, 0.28125, 0.0, 0.0, 0.0, 0.0, 0.0, 0.0, 0.0, 0.0, 0.0, 0.0, 0.0, 0.0, 0.0, 0.0]",[16],1.6918793473803297,1.7484928842449268
997,4901.25,"[0.8125, 0.96875, 1.0, 0.96875, 0.8125, 0.0, 0.25, 0.0, 0.0, 0.0, 0.0, 0.0, 0.0, 0.0, 0.0, 0.0, 0.0, 0.0, 0.0, 0.0, 0.0]","[0.5, 0.609375, 0.59375, 1.0, 0.421875, 0.0, 0.28125, 0.0, 0.0, 0.0, 0.0, 0.0, 0.0, 0.0, 0.0, 0.0, 0.0, 0.0, 0.0, 0.0, 0.0]",[17],1.6918793473803297,1.7429623299706332
998,4881.5625,"[0.125, 0.25, 0.625, 0.84375, 0.8125, 0.0, 0.25, 0.0, 0.0, 0.0, 0.0, 0.0, 0.0, 0.0, 0.0, 0.0, 0.0, 0.0, 0.0, 0.0, 0.0]","[0.09375, 0.1875, 0.40625, 0.875, 0.421875, 0.0, 0.28125, 0.0, 0.0, 0.0, 0.0, 0.0, 0.0, 0.0, 0.0, 0.0, 0.0, 0.0, 0.0, 0.0, 0.0]","[18, 27, 28, 29, 39, 40, 41, 42, 43, 44, 51, 52, 53, 54]",1.931896316686082,2.009726645357682
999,4132.1875,"[1.0, 0.1875, 0.5, 0.71875, 0.8125, 0.0, 0.25, 0.0, 0.0, 0.0, 0.0, 0.0, 0.0, 0.0, 0.0, 0.0, 0.0, 0.0, 0.0, 0.0, 0.0]","[0.59375, 0.15625, 0.34375, 0.75, 0.421875, 0.0, 0.28125, 0.0, 0.0, 0.0, 0.0, 0.0, 0.0, 0.0, 0.0, 0.0, 0.0, 0.0, 0.0, 0.0, 0.0]","[42, 52, 53, 54, 19]",1.8455059953479838,1.8045154782537833
1000,4308.125,"[1.0, 0.8125, 0.375, 0.65625, 0.8125, 0.0, 0.1875, 0.0, 0.0, 0.0, 0.0, 0.0, 0.0, 0.0, 0.0, 0.0, 0.0, 0.0, 0.0, 0.0, 0.0]","[0.59375, 0.46875, 0.25, 0.6875, 0.421875, 0.0, 0.21875, 0.0, 0.0, 0.0, 0.0, 0.0, 0.0, 0.0, 0.0, 0.0, 0.0, 0.0, 0.0, 0.0, 0.0]",[0],1.7776455764183998,1.736462088475709
